necesidad_id	fuente_canonica	objeto_evidencia_id	tipo_evidencia	evidencia_ref	evidencia_localizador	variable_reactivo_tabla	texto_evidencia	unidad_observacion	periodo	universo_muestra	codificacion	parte_necesidad_cubierta	parte_necesidad_no_cubierta	uso_potencial_modelo	transformacion_requerida	incertidumbre	traza_revision	siguiente_accion
N2	ISSP	OE-e98c88fd0bd8f8493cef061f	INDICE_SIN_PAYLOAD	MAIN:data/mapa-ext-academico-2026-08-06.tsv:L8	INDEXADO-NO-DESCARGADO	NO_DETERMINADO	Fuente indexada sin descarga.	NO_DETERMINADO	2017	México	NO_DETERMINADO	Identidad de fuente	Reactivo, desenlace y coobservación	NO_APLICA	NO_DETERMINADO	Alta	Mapa local revisado	Obtener codebook México 2017.
N2	ISSP	OE-f0df762d8d95ea4d04b39ef2	MAPA	MAIN:data/mapa-ext-general-2026-08-06.tsv:L5	ISSP	NO_DETERMINADO	ISSP Social Networks identificado sin apertura.	persona	2017	México	NO_DETERMINADO	Fuente plausible	Variable y outcome	NO_APLICA	NO_DETERMINADO	Alta	Mapa local revisado	Abrir codebook.
N3	ISSP	OE-9de1114d76ce882ed34bf8e8	MAPA	MAIN:data/mapa-ext-general-2026-08-06.tsv:L15	ISSP	NO_DETERMINADO	Referencia ISSP sin evidencia concreta N3.	NO_DETERMINADO	NO_DETERMINADO	México	NO_DETERMINADO	Identidad fuente	Constructo y outcome N3	NO_APLICA	NO_DETERMINADO	Alta	Mapa y contexto inmutable revisados	Buscar reactivo literal.
N4	ENSAFI2023_BD_CSV_ZIP	OE-831d392846e0f6e74f60c0b6	VARIABLE_SIN_DOCUMENTACION	MAIN:data/abrir4-variables-2026-08-08.tsv:L3	IMPULSIVID	IMPULSIVID	Columna derivada sin texto de reactivo; valores observados 1 y 2.	persona	2023	20448 filas TMODULO	binaria {1,2}, sentido no verificable	Nombre potencialmente relacionado	Aversión al riesgo y desenlace G2 verificables	No usar como parámetro	No se conoce el constructo	Alta	Fila ABRIR-4 leída completa	Obtener diccionario oficial y desenlace conjunto.
N5	FABLE	OE-ac614a08b177265f004c266d	REFERENCIA_NO_FUENTE	MAIN:canon/modelo-decision-v4_0.md	FABLE	NO_DETERMINADO	Documentos conceptuales; sin payload FABLE.	NO_DETERMINADO	NO_DETERMINADO	NO_DETERMINADO	NO_DETERMINADO	Demanda definida	Diseño longitudinal/experimental y conducta	NO_APLICA	NO_DETERMINADO	Alta	Referencias locales inspeccionadas	Identificar instrumento exacto.
N6	ENSAFI2023_BD_CSV_ZIP	OE-e14567b41b8dd6d210ed240d	VARIABLE_SIN_DOCUMENTACION	MAIN:data/abrir4-variables-2026-08-08.tsv:L3	IMPULSIVID	IMPULSIVID	Columna binaria existe sin texto; no hay desenlace de ahorro ante volatilidad verificado.	persona	2023	20448 filas TMODULO	{1,2}, dirección desconocida	Nombre potencialmente relacionado	Aversión y conducta específica coobservada	No usar	Diccionario, constructo y outcome faltantes	Alta	ABRIR-4 revisado	Obtener diccionario y verificar outcome antes de adjudicar.
N8	ENVIPE	OE-5e7583b82a9bd409ff3de7f4	SINTESIS_APERTURA	MAIN:forense/matriz-impacto-universal-2026-08-06.md:L82	ENVIPE	AP7_3_10..14	Exposición y desenlaces condicionados parciales; identificación no satisfecha.	persona	varias olas	México	NO_DETERMINADO	Exposición parcial	Ver/oír/callar sin selección	Asociación descriptiva potencial	Definir población elegible	Media-alta	Matriz local revisada	Mapear unión exacta.
N9	ENVIPE	OE-d4dae09f023ab8dbde44755a	SINTESIS_APERTURA	MAIN:forense/matriz-impacto-universal-2026-08-06.md:L82	ENVIPE	NO_DETERMINADO	Condicionales parciales sin llave causal nueva.	persona	varias olas	México	NO_DETERMINADO	Fuente de confianza/justicia plausible	Respuesta no seleccionada	Descriptivo si se define universo	Empatar por persona elegible	Alta	Matriz local revisada	Abrir reactivos conjuntos.
N10	ENSAFI2023_BD_CSV_ZIP	OE-89a3ea1f1f57946d79377e63	VARIABLE_ABIERTA	MAIN:data/abrir4-variables-2026-08-08.tsv:L4	ORIEN_FUT	ORIEN_FUT	Columna derivada binaria sin texto; no hay batería de victimización/justicia.	persona	2023	20448 filas TMODULO	{1,2}, sentido desconocido	Orientación futura nominal	Desenlace G4 coobservado	No usar para N10	Texto faltante	Alta	ABRIR-4 revisado	Conservar negativa.
N12	ISSP	OE-2d196672c346d9eb08441b65	INDICE_SIN_PAYLOAD	MAIN:data/mapa-ext-academico-2026-08-06.tsv:L8	INDEXADO-NO-DESCARGADO	NO_DETERMINADO	Social Networks 2017 sin descarga.	persona	2017	México	NO_DETERMINADO	Fuente plausible	Reactivo apoyo y desenlace	NO_APLICA	NO_DETERMINADO	Alta	Índice local revisado	Obtener codebook.
N12	ISSP	OE-9c9700631e773d55e687e55c	MAPA	MAIN:data/mapa-ext-general-2026-08-06.tsv:L5	ISSP	NO_DETERMINADO	Fuente mapeada sin variables.	persona	2017	México	NO_DETERMINADO	NO_DETERMINADO	Familismo-apoyo concreto	NO_APLICA	NO_DETERMINADO	Alta	Mapa revisado	Abrir cuestionario.
N12	ISSP	OE-af8ae9ef91dbb73b1e246458	MAPA	MAIN:data/mapa-ext-general-2026-08-06.tsv:L6	ISSP	NO_DETERMINADO	Puerta ISSP sin payload.	NO_DETERMINADO	NO_DETERMINADO	México	NO_DETERMINADO	NO_DETERMINADO	Edición, reactivo y outcome	NO_APLICA	NO_DETERMINADO	Alta	Mapa revisado	Resolver edición.
N13	EARLY_CHILDHOOD_EDUCATION_PROGRAM_IMPACT_EVALUATION_2012_2014	OE-8f78c2549f10817cc484275f	INDICE_SIN_PAYLOAD	MAIN:data/mapa-ext-academico-2026-08-06.tsv:L6	INDEXADO-NO-DESCARGADO	NO_DETERMINADO	Evaluación indexada sin descarga.	NO_DETERMINADO	2012-2014	NO_DETERMINADO	NO_DETERMINADO	Diseño de evaluación	Obligación familiar	NO_APLICA	NO_DETERMINADO	Alta	Índice revisado	Obtener instrumentos.
N13	ISSP	OE-366d9c5884d65abb8547ae56	INDICE_SIN_PAYLOAD	MAIN:data/mapa-ext-academico-2026-08-06.tsv:L9	INDEXADO-NO-DESCARGADO	NO_DETERMINADO	ISSP Family 2012 México sin descarga.	persona	2012	México	NO_DETERMINADO	Fuente plausible	Item literal y outcome	NO_APLICA	NO_DETERMINADO	Alta	Índice revisado	Obtener codebook.
N13	ISSP	OE-c784b73130190d561571fe98	MAPA	MAIN:data/mapa-ext-general-2026-08-06.tsv:L5	ISSP	NO_DETERMINADO	Referencia general sin apertura.	persona	NO_DETERMINADO	México	NO_DETERMINADO	NO_DETERMINADO	Obligación familiar	NO_APLICA	NO_DETERMINADO	Alta	Mapa revisado	Abrir módulo exacto.
N13	ISSP	OE-dfce1d6e6ebbe5bcb65fec02	MAPA	MAIN:data/mapa-ext-general-2026-08-06.tsv:L6	ISSP	NO_DETERMINADO	Puerta no abierta.	NO_DETERMINADO	NO_DETERMINADO	México	NO_DETERMINADO	NO_DETERMINADO	Reactivo, escala y outcome	NO_APLICA	NO_DETERMINADO	Alta	Mapa revisado	Consolidar codebook.
N14	02-	OE-2a65c4b42b26b46a976631ac	REFERENCIA_NO_ABIERTA	MAIN:canon/modelo-decision-v4_0.md	confianza	NO_DETERMINADO	PDF nominal no abierto para esta relación.	NO_DETERMINADO	NO_DETERMINADO	NO_DETERMINADO	NO_DETERMINADO	Demanda de confianza	Muestra y outcome financiero	NO_APLICA	NO_DETERMINADO	Alta	Referencias inspeccionadas	Resolver ruta PDF.
N14	ENCUCI	OE-7bcdf8692160761ace39557f	REACTIVOS_ABIERTOS	MAIN:forense/matriz-impacto-universal-2026-08-06.md:L94	ENCUCI	AP5_1_1/2/3	Reactivos de confianza medidos; desenlace financiero está en ENIF, no en la misma muestra.	persona	2020	México urbano 100 mil+	0-10; cortes dependen de análisis	Radio de confianza parcial	Puente financiero conjunto	Medición descriptiva de confianza	Mantener reactivos separados	Media	Matriz y glosario revisados	Buscar instrumento conjunto.
N14	ENSAFI2023_BD_CSV_ZIP	OE-f5415c4f1402e7c66987fbd5	VARIABLE_SIN_DOCUMENTACION	MAIN:data/abrir4-variables-2026-08-08.tsv:L7	CONF_FINAN	CONF_FINAN	Binaria {1,2}; texto y sentido no documentados; coexiste con módulos financieros.	persona	2023	20448 filas TMODULO	{1,2}, dirección desconocida	Contexto financiero y nombre potencialmente relacionado	Radio de confianza verificable	No usar aún	El nombre no identifica el constructo	Alta	ABRIR-4 revisado	Obtener diccionario oficial y comprobar texto/sentido.
N14	ISSP	OE-40750227480ea9c75b5c20c8	MAPA	MAIN:data/mapa-ext-general-2026-08-06.tsv:L5	ISSP	NO_DETERMINADO	Fuente sin variables abiertas.	persona	2017	México	NO_DETERMINADO	Redes plausibles	Confianza y dificultad financiera conjunta	NO_APLICA	NO_DETERMINADO	Alta	Mapa revisado	Abrir codebook.
N17	MASS_MOBILIZATION_PROTEST_DATA_MEXICO	OE-153099e060474c664f682d70	INDICE_SIN_PAYLOAD	MAIN:data/mapa-fuentes-externas-consolidado-2026-08-06.tsv:L13	INDEXADO-NO-DESCARGADO	NO_DETERMINADO	Base de protesta no descargada.	evento	NO_DETERMINADO	México	NO_DETERMINADO	Evento potencial	Mecanismo N17	NO_APLICA	NO_DETERMINADO	Alta	Índice revisado	Obtener codebook.
N17	UCDP	OE-36cef4421aa0ef049dcdaea3	MAPA	MAIN:data/mapa-ext-general-2026-08-06.tsv:L14	UCDP	NO_DETERMINADO	GED identificado sin apertura.	evento	NO_DETERMINADO	México	NO_DETERMINADO	Evento georreferenciado	Gobierno/trámite digital	NO_APLICA	NO_DETERMINADO	Alta	Mapa revisado	Abrir codebook.
N18	ENIGH	OE-908664732583bf99e4d0527e	MAPA_PAYLOAD	MAIN:data/mapa-fuentes-2026-08-06.tsv:L3	EN-DISCO-NO-CUBRE	NO_DETERMINADO	ENIGH en disco, sin mapeo de sanción×utilidad.	hogar/persona	varias olas	México	NO_DETERMINADO	Contexto económico	Evasión, sanción y utilidad	NO_APLICA	NO_DETERMINADO	Media-alta	Mapa revisado	Búsqueda dirigida en diccionarios.
N19	AHORRO FINANCIERO Y FINANCIAMI	OE-9b4d021444b78bf40c9878b9	INVENTARIO	MAIN:data/inventarios/inventario-fuentes-credito-ahorro-finanzas-hogar-mexico.md:L40	Ahorro Financiero y Financiamiento	NO_DETERMINADO	Reportes/bases CNBV agregados inventariados.	indicador agregado	NO_DETERMINADO	México	NO_DETERMINADO	Ahorro y financiamiento	Relación concreta N19	Contexto/prior agregado posible	Elegir serie y unidad	Alta	Inventario revisado	Abrir tabla específica.
N20	ENVIPE	OE-ec4ae2e4df0decfd79367f30	VARIABLE_Y_MICRODATO	MAIN:forense/hitoD-preregistro-v2_0.md:L693	BP2_1	BP2_1	Vehículo robado asegurado válido solo en robo total; 1028/40280 y 100% BPCOD=01.	víctima/delito	2025	Víctimas con módulo, México	binaria, válida solo BPCOD=01	Seguro en robo total	Seguro variable entre delitos y denuncia general	Estimar denuncia dentro de robo total con reserva	Restringir a BPCOD=01	Baja para ausencia estructural	Cuestionario y microdato resumidos en nota	No generalizar; buscar fuente alternativa.
N22	WORLD_BANK_ENTERPRISE_SURVEY_MEXICO_2023	OE-5f0201a5ea6cf5b6386b6888	MAPA	MAIN:data/mapa-ext-general-2026-08-06.tsv:L13	World Bank Enterprise Survey Mexico 2023	NO_DETERMINADO	Fuente identificada sin variable de N22.	empresa	2023	México	NO_DETERMINADO	Unidad empresarial	Constructo N22	NO_APLICA	NO_DETERMINADO	Alta	Mapa y contexto revisados	Abrir cuestionario.
N23	WORLD_BANK_ENTERPRISE_SURVEY_MEXICO_2023	OE-ef2b51cb3bafa5193a80ba9a	MAPA	MAIN:data/mapa-ext-general-2026-08-06.tsv:L13	World Bank Enterprise Survey Mexico 2023	NO_DETERMINADO	Sin evidencia concreta N23.	empresa	2023	México	NO_DETERMINADO	Unidad empresarial	Constructo N23	NO_APLICA	NO_DETERMINADO	Alta	Mapa revisado	Abrir codebook.
N25	INE	OE-629ec191998ec508c83fae05	CLASE_FUENTE	MAIN:data/mapa-fuentes-2026-08-06.tsv:L97	INE	NO_DETERMINADO	Institución identificada sin producto concreto.	NO_DETERMINADO	NO_DETERMINADO	México	NO_DETERMINADO	Autoridad de fuente	Datos N25	NO_APLICA	NO_DETERMINADO	Alta	Mapa revisado	Precisar producto.
N26	INE	OE-6487bac05f4bf89b84d72e68	CLASE_FUENTE	MAIN:data/mapa-fuentes-2026-08-06.tsv:L97	INE	NO_DETERMINADO	Institución sin dataset para N26.	NO_DETERMINADO	NO_DETERMINADO	México	NO_DETERMINADO	Autoridad de fuente	Datos N26	NO_APLICA	NO_DETERMINADO	Alta	Mapa revisado	Precisar producto.
N27	MASS_MOBILIZATION_PROTEST_DATA_MEXICO	OE-8ea8d18a90b95bcb481273e3	INDICE_SIN_PAYLOAD	MAIN:data/mapa-fuentes-externas-consolidado-2026-08-06.tsv:L13	INDEXADO-NO-DESCARGADO	NO_DETERMINADO	Base no descargada.	evento	NO_DETERMINADO	México	NO_DETERMINADO	Protesta potencial	Actor, agravio, respuesta y geografía	NO_APLICA	NO_DETERMINADO	Alta	Índice revisado	Obtener archivo/codebook.
N27	RELLABORALESPRUEBA	OE-8ca059261693f4c587a99e97	IDENTIDAD_NO_RESUELTA	MAIN:canon/gobernanza-v1_15.md	agravio	NO_DETERMINADO	Solo demanda conceptual; payload no identificado.	NO_DETERMINADO	NO_DETERMINADO	NO_DETERMINADO	NO_DETERMINADO	Demanda	Fuente real y datos	NO_APLICA	NO_DETERMINADO	Alta	Referencias revisadas	Resolver si es dataset o artefacto.
N27	UCDP	OE-12db61ac071539c534e80fed	MAPA	MAIN:data/mapa-ext-general-2026-08-06.tsv:L14	UCDP	NO_DETERMINADO	GED sin codebook abierto para esta clave.	evento	NO_DETERMINADO	México	NO_DETERMINADO	Actor/ubicación potencial	Agravio y respuesta colectiva	Contexto de conflicto potencial	Mapear campos	Alta	Mapa revisado	Abrir GED codebook.
N28	ISSP	OE-c8c9d84103b02bcbc47c2aff	MAPA	MAIN:data/mapa-ext-general-2026-08-06.tsv:L5	ISSP	NO_DETERMINADO	Sin reactivo N28 abierto.	persona	2017	México	NO_DETERMINADO	Fuente plausible	Constructo y outcome N28	NO_APLICA	NO_DETERMINADO	Alta	Mapa revisado	Abrir módulo exacto.
N30	BIARE	OE-e16378a2a79da5a6d4246280	IDENTIDAD_AMBIGUA	MAIN:canon/modelo-decision-v4_0.md	confianza	NO_DETERMINADO	No hay evidencia abierta del instrumento BIARE.	persona	NO_DETERMINADO	México	NO_DETERMINADO	Demanda definida	Transacción y enforcement	NO_APLICA	NO_DETERMINADO	Alta	Referencias revisadas	Resolver BIARE/ENBIARE.
N30	ISSP	OE-e3bde63fce778e1bc8333717	MAPA	MAIN:data/mapa-ext-general-2026-08-06.tsv:L5	ISSP	NO_DETERMINADO	Social Networks sin apertura.	persona	2017	México	NO_DETERMINADO	Confianza/redes potencial	Transacción y enforcement	NO_APLICA	NO_DETERMINADO	Alta	Mapa revisado	Abrir codebook.
N30	ISSP	OE-c8d1b5e40a5c3a561eac0183	INDICE_SIN_PAYLOAD	MAIN:data/mapa-fuentes-externas-consolidado-2026-08-06.tsv:L10	INDEXADO-NO-DESCARGADO	NO_DETERMINADO	Recurso sin descarga.	persona	2017	México	NO_DETERMINADO	NO_DETERMINADO	Reactivo y outcome	NO_APLICA	NO_DETERMINADO	Alta	Índice revisado	Obtener documentación.
N30	LAPOP	OE-dd987fd1f12b5504ad657782	ACCESO_ESTRUCTURAL	MAIN:forense/notas/2026-08-05-p-lapop-microdato.md:L186	LAPOP	NO_DETERMINADO	Base y buscador existen; contenido pertinente no local.	persona	NO_DETERMINADO	México	NO_DETERMINADO	Fuente de confianza plausible	Microdato y conducta conjunta	NO_APLICA	NO_DETERMINADO	Alta	Nota de acceso revisada	Identificar reactivos antes de solicitar datos.
N30	OECD	OE-df63ef5db172cb09effde66c	MAPA	MAIN:data/mapa-ext-general-2026-08-06.tsv:L11	OECD	NO_DETERMINADO	Drivers of Trust sin apertura para México.	persona	NO_DETERMINADO	México	NO_DETERMINADO	Confianza institucional potencial	Transacción con desconocidos/enforcement	NO_APLICA	NO_DETERMINADO	Alta	Mapa revisado	Abrir cuestionario/tabla.
N32	WORLD_BANK_ENTERPRISE_SURVEY_MEXICO_2023	OE-f29d6cfa226a9514442785e3	MAPA	MAIN:data/mapa-ext-general-2026-08-06.tsv:L13	World Bank Enterprise Survey Mexico 2023	NO_DETERMINADO	Sin variable N32 abierta.	empresa	2023	México	NO_DETERMINADO	Unidad empresarial	Constructo N32	NO_APLICA	NO_DETERMINADO	Alta	Mapa y contexto revisados	Abrir codebook.
N33	SIN_CANDIDATO_IDENTIFICADO	OE-ed59a4b92278706a6e55eff4	HUECO_UNIVERSO	MAIN:forense/REVERIFICACION-DEMANDA-vs-UNIVERSO-2026-08-07-v1_0.md	SIN_CANDIDATO_IDENTIFICADO	NO_DETERMINADO	No hay fuente identificada para antes/después de protección.	NO_DETERMINADO	NO_DETERMINADO	NO_DETERMINADO	NO_DETERMINADO	Demanda definida	Fuente, evidencia y diseño	NO_APLICA	NO_DETERMINADO	Alta	Universo existente revisado	Requiere futura búsqueda dirigida autorizada.
N3	ENFIH	OE-7419790292a051ce7ebbb5fe	INSTRUMENTO_LOCAL_PARCIAL	MAIN:data/abrir4-variables-2026-08-08.tsv	L9-L14	NO_DETERMINADO	La apertura local de ENFIH documenta variables financieras concretas y búsquedas de constructos, pero no demuestra para esta clave el par constructo–desenlace exigido.	NO_DETERMINADO	NO_DETERMINADO	NO_DETERMINADO	NO_DETERMINADO	Reactivo explícito de sensibilidad de estatus coobservado con consumo mediado por crédito.	Identificación verificable y coobservación del constructo con el desenlace específico.	CANDIDATO; no parametrizable hasta completar el mapeo.	Mapeo de variables, codificación y llave de unión; estimación solo después de validar unidad y periodo.	ALTA: evidencia local parcial o meramente indexada.	Se abrió la referencia local MAIN:data/abrir4-variables-2026-08-08.tsv, localizador L9-L14, y se contrastó únicamente con N3 / ENFIH / OE-7419790292a051ce7ebbb5fe.	Abrir el diccionario ENFIH y construir una tabla variable×constructo×desenlace para esta necesidad; verificar coobservación por llave de persona.
N3	INTERACTING_AS_EQUALS_REDUCES_PARTISAN_POLARIZATION_IN_MEXICO	OE-02ca9729c199ce7586579636	DOCUMENTO_INDEXADO_SIN_MAPEO	MAIN:data/mapa-ext-academico-2026-08-06.tsv	L15	NO_DETERMINADO	El mapa clasifica documentalmente el estudio, pero no contiene instrumento, variable ni resultado que conecte esta clave con la necesidad.	NO_DETERMINADO	NO_DETERMINADO	NO_DETERMINADO	NO_DETERMINADO	SATISFACE-UMBRAL-DOCUMENTAL	Identificación verificable y coobservación del constructo con el desenlace específico.	CANDIDATO; no parametrizable hasta completar el mapeo.	Mapeo de variables, codificación y llave de unión; estimación solo después de validar unidad y periodo.	ALTA: evidencia local parcial o meramente indexada.	Se abrió la referencia local MAIN:data/mapa-ext-academico-2026-08-06.tsv, localizador L15, y se contrastó únicamente con N3 / INTERACTING_AS_EQUALS_REDUCES_PARTISAN_POLARIZATION_IN_MEXICO / OE-02ca9729c199ce7586579636.	Abrir materiales suplementarios del estudio y localizar variable, tratamiento, resultado y muestra mexicanos pertinentes.
N3	INTERACTING_AS_EQUALS_REDUCES_PARTISAN_POLARIZATION_IN_MEXICO	OE-e8196751ae92cecdc38e72c1	DOCUMENTO_INDEXADO_SIN_MAPEO	MAIN:data/mapa-ext-academico-2026-08-06.tsv	L15	NO_DETERMINADO	El mapa clasifica documentalmente el estudio, pero no contiene instrumento, variable ni resultado que conecte esta clave con la necesidad.	NO_DETERMINADO	NO_DETERMINADO	NO_DETERMINADO	NO_DETERMINADO	SATISFACE-UMBRAL-DOCUMENTAL	Identificación verificable y coobservación del constructo con el desenlace específico.	CANDIDATO; no parametrizable hasta completar el mapeo.	Mapeo de variables, codificación y llave de unión; estimación solo después de validar unidad y periodo.	ALTA: evidencia local parcial o meramente indexada.	Se abrió la referencia local MAIN:data/mapa-ext-academico-2026-08-06.tsv, localizador L15, y se contrastó únicamente con N3 / INTERACTING_AS_EQUALS_REDUCES_PARTISAN_POLARIZATION_IN_MEXICO / OE-e8196751ae92cecdc38e72c1.	Abrir materiales suplementarios del estudio y localizar variable, tratamiento, resultado y muestra mexicanos pertinentes.
N4	ENFIH	OE-64909cd43474fe401f3cf196	INSTRUMENTO_LOCAL_PARCIAL	MAIN:data/abrir4-variables-2026-08-08.tsv	L9-L14	NO_DETERMINADO	La apertura local de ENFIH documenta variables financieras concretas y búsquedas de constructos, pero no demuestra para esta clave el par constructo–desenlace exigido.	NO_DETERMINADO	NO_DETERMINADO	NO_DETERMINADO	NO_DETERMINADO	Reactivo actitudinal de aversión al riesgo con desenlace propio de G2.	Identificación verificable y coobservación del constructo con el desenlace específico.	CANDIDATO; no parametrizable hasta completar el mapeo.	Mapeo de variables, codificación y llave de unión; estimación solo después de validar unidad y periodo.	ALTA: evidencia local parcial o meramente indexada.	Se abrió la referencia local MAIN:data/abrir4-variables-2026-08-08.tsv, localizador L9-L14, y se contrastó únicamente con N4 / ENFIH / OE-64909cd43474fe401f3cf196.	Abrir el diccionario ENFIH y construir una tabla variable×constructo×desenlace para esta necesidad; verificar coobservación por llave de persona.
N5	ENFIH	OE-ee2008967035d534126bbcb0	INSTRUMENTO_LOCAL_PARCIAL	MAIN:data/abrir4-variables-2026-08-08.tsv	L9-L14	NO_DETERMINADO	La apertura local de ENFIH documenta variables financieras concretas y búsquedas de constructos, pero no demuestra para esta clave el par constructo–desenlace exigido.	NO_DETERMINADO	NO_DETERMINADO	NO_DETERMINADO	NO_DETERMINADO	Diseño longitudinal o experimental que observe horizonte temporal y conducta financiera con potencia útil.	Identificación verificable y coobservación del constructo con el desenlace específico.	CANDIDATO; no parametrizable hasta completar el mapeo.	Mapeo de variables, codificación y llave de unión; estimación solo después de validar unidad y periodo.	ALTA: evidencia local parcial o meramente indexada.	Se abrió la referencia local MAIN:data/abrir4-variables-2026-08-08.tsv, localizador L9-L14, y se contrastó únicamente con N5 / ENFIH / OE-ee2008967035d534126bbcb0.	Abrir el diccionario ENFIH y construir una tabla variable×constructo×desenlace para esta necesidad; verificar coobservación por llave de persona.
N5	ENNVIH	OE-2914da93c77f7bde435ccf41	PANEL_SIN_MAPEO_DIRIGIDO	MAIN:forense/matriz-impacto-universal-2026-08-06.md	L81	NO_DETERMINADO	La matriz reconoce ENNViH/MxFLS como ruta longitudinal para horizonte temporal, pero la fase descriptiva y la llave panel siguen pendientes.	NO_DETERMINADO	NO_DETERMINADO	NO_DETERMINADO	NO_DETERMINADO	Diseño longitudinal o experimental que observe horizonte temporal y conducta financiera con potencia útil.	Identificación verificable y coobservación del constructo con el desenlace específico.	CANDIDATO; no parametrizable hasta completar el mapeo.	Mapeo de variables, codificación y llave de unión; estimación solo después de validar unidad y periodo.	ALTA: evidencia local parcial o meramente indexada.	Se abrió la referencia local MAIN:forense/matriz-impacto-universal-2026-08-06.md, localizador L81, y se contrastó únicamente con N5 / ENNVIH / OE-2914da93c77f7bde435ccf41.	Abrir codebooks por ola y localizar indicador temporal, conducta financiera y llave individual longitudinal.
N5	LARGE_SCALE_FINANCIAL_EDUCATION_PROGRAM_IMPACT_EVALUATION_2011_2	OE-0139b3dc528f6df3fe1811a0	INDEXADO_NO_DESCARGADO	MAIN:data/mapa-ext-academico-2026-08-06.tsv	L5	NO_DETERMINADO	El estudio está indexado pero no descargado; no hay instrumento o resultado local verificable para adjudicar.	NO_DETERMINADO	NO_DETERMINADO	NO_DETERMINADO	NO_DETERMINADO	INDEXADO-NO-DESCARGADO	Identificación verificable y coobservación del constructo con el desenlace específico.	CANDIDATO; no parametrizable hasta completar el mapeo.	Mapeo de variables, codificación y llave de unión; estimación solo después de validar unidad y periodo.	ALTA: evidencia local parcial o meramente indexada.	Se abrió la referencia local MAIN:data/mapa-ext-academico-2026-08-06.tsv, localizador L5, y se contrastó únicamente con N5 / LARGE_SCALE_FINANCIAL_EDUCATION_PROGRAM_IMPACT_EVALUATION_2011_2 / OE-0139b3dc528f6df3fe1811a0.	Recuperar el paquete canónico del estudio y revisar instrumento, diseño, outcomes y tablas de impacto.
N6	ENFIH	OE-bbf838f18125cdb07027ae39	INSTRUMENTO_LOCAL_PARCIAL	MAIN:data/abrir4-variables-2026-08-08.tsv	L9-L14	NO_DETERMINADO	La apertura local de ENFIH documenta variables financieras concretas y búsquedas de constructos, pero no demuestra para esta clave el par constructo–desenlace exigido.	NO_DETERMINADO	NO_DETERMINADO	NO_DETERMINADO	NO_DETERMINADO	Reactivo de aversión al riesgo coobservado con conducta de ahorro ante volatilidad.	Identificación verificable y coobservación del constructo con el desenlace específico.	CANDIDATO; no parametrizable hasta completar el mapeo.	Mapeo de variables, codificación y llave de unión; estimación solo después de validar unidad y periodo.	ALTA: evidencia local parcial o meramente indexada.	Se abrió la referencia local MAIN:data/abrir4-variables-2026-08-08.tsv, localizador L9-L14, y se contrastó únicamente con N6 / ENFIH / OE-bbf838f18125cdb07027ae39.	Abrir el diccionario ENFIH y construir una tabla variable×constructo×desenlace para esta necesidad; verificar coobservación por llave de persona.
N7	ENIF	OE-c168b43614acb9a4b5abf786	INSTRUMENTO_LOCAL_PARCIAL	MAIN:forense/hitoE-campana-medicion-v2_0.md	L999-L1116	NO_DETERMINADO	ENIF tiene reactivos financieros identificados (P9_9_1..6, P4_10 y sección 11), pero la evidencia local no verifica el cruce específico solicitado por esta clave.	NO_DETERMINADO	NO_DETERMINADO	NO_DETERMINADO	NO_DETERMINADO	Relación entre expectativa de apoyo familiar y horizonte corto/ahorro en la misma persona.	Identificación verificable y coobservación del constructo con el desenlace específico.	CANDIDATO; no parametrizable hasta completar el mapeo.	Mapeo de variables, codificación y llave de unión; estimación solo después de validar unidad y periodo.	ALTA: evidencia local parcial o meramente indexada.	Se abrió la referencia local MAIN:forense/hitoE-campana-medicion-v2_0.md, localizador L999-L1116, y se contrastó únicamente con N7 / ENIF / OE-c168b43614acb9a4b5abf786.	Mapear en el cuestionario y microdato ENIF los reactivos de la necesidad y el desenlace, y comprobar que comparten unidad de observación.
N8	VOTAR_ENTRE_BALAS	OE-b2462eff969c4d5cf7746ad9	BASE_INDEXADA_SIN_MAPEO	MAIN:data/mapa-fuentes-externas-consolidado-2026-08-06.tsv	L14	NO_DETERMINADO	La base de violencia político-criminal está identificada, pero no hay variables abiertas que prueben respuesta individual o el mecanismo requerido.	NO_DETERMINADO	NO_DETERMINADO	NO_DETERMINADO	NO_DETERMINADO	Exposición a violencia y respuesta de ver/oír/callar sin selección determinística por victimización.	Identificación verificable y coobservación del constructo con el desenlace específico.	CANDIDATO; no parametrizable hasta completar el mapeo.	Mapeo de variables, codificación y llave de unión; estimación solo después de validar unidad y periodo.	ALTA: evidencia local parcial o meramente indexada.	Se abrió la referencia local MAIN:data/mapa-fuentes-externas-consolidado-2026-08-06.tsv, localizador L14, y se contrastó únicamente con N8 / VOTAR_ENTRE_BALAS / OE-b2462eff969c4d5cf7746ad9.	Abrir diccionario/descarga y mapear tipo de evento, actor, municipio, fecha y outcome electoral; declarar límite ecológico.
N10	ENFIH	OE-9b56ce01d359ba88ae40d6b7	INSTRUMENTO_LOCAL_PARCIAL	MAIN:data/abrir4-variables-2026-08-08.tsv	L9-L14	NO_DETERMINADO	La apertura local de ENFIH documenta variables financieras concretas y búsquedas de constructos, pero no demuestra para esta clave el par constructo–desenlace exigido.	NO_DETERMINADO	NO_DETERMINADO	NO_DETERMINADO	NO_DETERMINADO	Horizonte temporal coobservado con violencia/justicia en el mismo instrumento.	Identificación verificable y coobservación del constructo con el desenlace específico.	CANDIDATO; no parametrizable hasta completar el mapeo.	Mapeo de variables, codificación y llave de unión; estimación solo después de validar unidad y periodo.	ALTA: evidencia local parcial o meramente indexada.	Se abrió la referencia local MAIN:data/abrir4-variables-2026-08-08.tsv, localizador L9-L14, y se contrastó únicamente con N10 / ENFIH / OE-9b56ce01d359ba88ae40d6b7.	Abrir el diccionario ENFIH y construir una tabla variable×constructo×desenlace para esta necesidad; verificar coobservación por llave de persona.
N11	ENFIH	OE-c90c4a61a41208f3f31b9b3c	INSTRUMENTO_LOCAL_PARCIAL	MAIN:data/abrir4-variables-2026-08-08.tsv	L9-L14	NO_DETERMINADO	La apertura local de ENFIH documenta variables financieras concretas y búsquedas de constructos, pero no demuestra para esta clave el par constructo–desenlace exigido.	NO_DETERMINADO	NO_DETERMINADO	NO_DETERMINADO	NO_DETERMINADO	Sensibilidad de estatus coobservada con desenlace de violencia/justicia.	Identificación verificable y coobservación del constructo con el desenlace específico.	CANDIDATO; no parametrizable hasta completar el mapeo.	Mapeo de variables, codificación y llave de unión; estimación solo después de validar unidad y periodo.	ALTA: evidencia local parcial o meramente indexada.	Se abrió la referencia local MAIN:data/abrir4-variables-2026-08-08.tsv, localizador L9-L14, y se contrastó únicamente con N11 / ENFIH / OE-c90c4a61a41208f3f31b9b3c.	Abrir el diccionario ENFIH y construir una tabla variable×constructo×desenlace para esta necesidad; verificar coobservación por llave de persona.
N12	ENBIARE2021	OE-7f44fa3fa8c7613438913dd6	APERTURA_SIN_PAR_COMPLETO	MAIN:forense/matriz-impacto-universal-2026-08-06.md	L81-L86	NO_DETERMINADO	La matriz local registra orientación futura y redes en ENBIARE, pero advierte que no sustituyen automáticamente el diseño ni prueban el desenlace coobservado de esta relación.	NO_DETERMINADO	NO_DETERMINADO	NO_DETERMINADO	NO_DETERMINADO	Apoyo familiar no circular, coobservado con conducta de seguro/afrontamiento ante ausencia estatal.	Identificación verificable y coobservación del constructo con el desenlace específico.	CANDIDATO; no parametrizable hasta completar el mapeo.	Mapeo de variables, codificación y llave de unión; estimación solo después de validar unidad y periodo.	ALTA: evidencia local parcial o meramente indexada.	Se abrió la referencia local MAIN:forense/matriz-impacto-universal-2026-08-06.md, localizador L81-L86, y se contrastó únicamente con N12 / ENBIARE2021 / OE-7f44fa3fa8c7613438913dd6.	Abrir cuestionario/diccionario ENBIARE y localizar texto, codificación y llave del reactivo junto con el desenlace requerido.
N12	ENFIH	OE-feb025d87b3cf3747adeb5d3	INSTRUMENTO_LOCAL_PARCIAL	MAIN:data/abrir4-variables-2026-08-08.tsv	L9-L14	NO_DETERMINADO	La apertura local de ENFIH documenta variables financieras concretas y búsquedas de constructos, pero no demuestra para esta clave el par constructo–desenlace exigido.	NO_DETERMINADO	NO_DETERMINADO	NO_DETERMINADO	NO_DETERMINADO	Apoyo familiar no circular, coobservado con conducta de seguro/afrontamiento ante ausencia estatal.	Identificación verificable y coobservación del constructo con el desenlace específico.	CANDIDATO; no parametrizable hasta completar el mapeo.	Mapeo de variables, codificación y llave de unión; estimación solo después de validar unidad y periodo.	ALTA: evidencia local parcial o meramente indexada.	Se abrió la referencia local MAIN:data/abrir4-variables-2026-08-08.tsv, localizador L9-L14, y se contrastó únicamente con N12 / ENFIH / OE-feb025d87b3cf3747adeb5d3.	Abrir el diccionario ENFIH y construir una tabla variable×constructo×desenlace para esta necesidad; verificar coobservación por llave de persona.
N13	ENFIH	OE-3ac182b073f5f5ffdaae010c	INSTRUMENTO_LOCAL_PARCIAL	MAIN:data/abrir4-variables-2026-08-08.tsv	L9-L14	NO_DETERMINADO	La apertura local de ENFIH documenta variables financieras concretas y búsquedas de constructos, pero no demuestra para esta clave el par constructo–desenlace exigido.	NO_DETERMINADO	NO_DETERMINADO	NO_DETERMINADO	NO_DETERMINADO	Obligación familiar explícita coobservada con conducta real de cuidado.	Identificación verificable y coobservación del constructo con el desenlace específico.	CANDIDATO; no parametrizable hasta completar el mapeo.	Mapeo de variables, codificación y llave de unión; estimación solo después de validar unidad y periodo.	ALTA: evidencia local parcial o meramente indexada.	Se abrió la referencia local MAIN:data/abrir4-variables-2026-08-08.tsv, localizador L9-L14, y se contrastó únicamente con N13 / ENFIH / OE-3ac182b073f5f5ffdaae010c.	Abrir el diccionario ENFIH y construir una tabla variable×constructo×desenlace para esta necesidad; verificar coobservación por llave de persona.
N14	ENBIARE2021	OE-13d0bcd20755243644c9b7bd	APERTURA_SIN_PAR_COMPLETO	MAIN:forense/matriz-impacto-universal-2026-08-06.md	L81-L86	NO_DETERMINADO	La matriz local registra orientación futura y redes en ENBIARE, pero advierte que no sustituyen automáticamente el diseño ni prueban el desenlace coobservado de esta relación.	NO_DETERMINADO	NO_DETERMINADO	NO_DETERMINADO	NO_DETERMINADO	Gradiente de confianza coobservado con dificultad financiera/seguro familiar en la misma muestra.	Identificación verificable y coobservación del constructo con el desenlace específico.	CANDIDATO; no parametrizable hasta completar el mapeo.	Mapeo de variables, codificación y llave de unión; estimación solo después de validar unidad y periodo.	ALTA: evidencia local parcial o meramente indexada.	Se abrió la referencia local MAIN:forense/matriz-impacto-universal-2026-08-06.md, localizador L81-L86, y se contrastó únicamente con N14 / ENBIARE2021 / OE-13d0bcd20755243644c9b7bd.	Abrir cuestionario/diccionario ENBIARE y localizar texto, codificación y llave del reactivo junto con el desenlace requerido.
N14	ENFIH	OE-e5b64d206242e1e5d68b33ad	INSTRUMENTO_LOCAL_PARCIAL	MAIN:data/abrir4-variables-2026-08-08.tsv	L9-L14	NO_DETERMINADO	La apertura local de ENFIH documenta variables financieras concretas y búsquedas de constructos, pero no demuestra para esta clave el par constructo–desenlace exigido.	NO_DETERMINADO	NO_DETERMINADO	NO_DETERMINADO	NO_DETERMINADO	Gradiente de confianza coobservado con dificultad financiera/seguro familiar en la misma muestra.	Identificación verificable y coobservación del constructo con el desenlace específico.	CANDIDATO; no parametrizable hasta completar el mapeo.	Mapeo de variables, codificación y llave de unión; estimación solo después de validar unidad y periodo.	ALTA: evidencia local parcial o meramente indexada.	Se abrió la referencia local MAIN:data/abrir4-variables-2026-08-08.tsv, localizador L9-L14, y se contrastó únicamente con N14 / ENFIH / OE-e5b64d206242e1e5d68b33ad.	Abrir el diccionario ENFIH y construir una tabla variable×constructo×desenlace para esta necesidad; verificar coobservación por llave de persona.
N15	GLOBAL_PREFERENCES_SURVEY	OE-bc25d290ec6b244df97af048	FUENTE_SIN_REACTIVO_LOCAL	MAIN:forense/hitoE-campana-medicion-v2_0.md	L274-L287	NO_DETERMINADO	El inventario local no presenta reactivo concreto ni desenlace coobservado para deferencia en esta fuente.	NO_DETERMINADO	NO_DETERMINADO	NO_DETERMINADO	NO_DETERMINADO	Proxy de deferencia con diseño publicado y desenlace laboral/comunicacional en la misma muestra.	Identificación verificable y coobservación del constructo con el desenlace específico.	CANDIDATO; no parametrizable hasta completar el mapeo.	Mapeo de variables, codificación y llave de unión; estimación solo después de validar unidad y periodo.	ALTA: evidencia local parcial o meramente indexada.	Se abrió la referencia local MAIN:forense/hitoE-campana-medicion-v2_0.md, localizador L274-L287, y se contrastó únicamente con N15 / GLOBAL_PREFERENCES_SURVEY / OE-bc25d290ec6b244df97af048.	Abrir cuestionario y datos México; buscar proxy de deferencia y outcome laboral/comunicacional en la misma muestra.
N15	LATINOBARÓMETRO	OE-6f933b74f8ae06c8c38d7f95	CUESTIONARIO_SIN_MICRODATO	MAIN:forense/hitoE-campana-medicion-v2_0.md	L1116	NO_DETERMINADO	El cuestionario local identifica P4NOIJ como proxy de obediencia, pero el microdato no está registrado; para otras necesidades no hay mapeo de reactivo y desenlace.	NO_DETERMINADO	NO_DETERMINADO	NO_DETERMINADO	NO_DETERMINADO	Proxy de deferencia con diseño publicado y desenlace laboral/comunicacional en la misma muestra.	Identificación verificable y coobservación del constructo con el desenlace específico.	CANDIDATO; no parametrizable hasta completar el mapeo.	Mapeo de variables, codificación y llave de unión; estimación solo después de validar unidad y periodo.	ALTA: evidencia local parcial o meramente indexada.	Se abrió la referencia local MAIN:forense/hitoE-campana-medicion-v2_0.md, localizador L1116, y se contrastó únicamente con N15 / LATINOBARÓMETRO / OE-6f933b74f8ae06c8c38d7f95.	Obtener el microdato bajo la licencia aplicable y mapear reactivo, codificación y desenlace para México.
N17	ENFIH	OE-fa212ce30e2252b97058dc83	INSTRUMENTO_LOCAL_PARCIAL	MAIN:data/abrir4-variables-2026-08-08.tsv	L9-L14	NO_DETERMINADO	La apertura local de ENFIH documenta variables financieras concretas y búsquedas de constructos, pero no demuestra para esta clave el par constructo–desenlace exigido.	NO_DETERMINADO	NO_DETERMINADO	NO_DETERMINADO	NO_DETERMINADO	Calibrar adopción/rechazo digital separando utilidad, coerción, riesgo fiscal y fricción.	Identificación verificable y coobservación del constructo con el desenlace específico.	CANDIDATO; no parametrizable hasta completar el mapeo.	Mapeo de variables, codificación y llave de unión; estimación solo después de validar unidad y periodo.	ALTA: evidencia local parcial o meramente indexada.	Se abrió la referencia local MAIN:data/abrir4-variables-2026-08-08.tsv, localizador L9-L14, y se contrastó únicamente con N17 / ENFIH / OE-fa212ce30e2252b97058dc83.	Abrir el diccionario ENFIH y construir una tabla variable×constructo×desenlace para esta necesidad; verificar coobservación por llave de persona.
N17	INTERACTING_AS_EQUALS_REDUCES_PARTISAN_POLARIZATION_IN_MEXICO	OE-cc29c4ba6e48f5510aee5877	DOCUMENTO_INDEXADO_SIN_MAPEO	MAIN:data/mapa-ext-academico-2026-08-06.tsv	L15	NO_DETERMINADO	El mapa clasifica documentalmente el estudio, pero no contiene instrumento, variable ni resultado que conecte esta clave con la necesidad.	NO_DETERMINADO	NO_DETERMINADO	NO_DETERMINADO	NO_DETERMINADO	SATISFACE-UMBRAL-DOCUMENTAL	Identificación verificable y coobservación del constructo con el desenlace específico.	CANDIDATO; no parametrizable hasta completar el mapeo.	Mapeo de variables, codificación y llave de unión; estimación solo después de validar unidad y periodo.	ALTA: evidencia local parcial o meramente indexada.	Se abrió la referencia local MAIN:data/mapa-ext-academico-2026-08-06.tsv, localizador L15, y se contrastó únicamente con N17 / INTERACTING_AS_EQUALS_REDUCES_PARTISAN_POLARIZATION_IN_MEXICO / OE-cc29c4ba6e48f5510aee5877.	Abrir materiales suplementarios del estudio y localizar variable, tratamiento, resultado y muestra mexicanos pertinentes.
N19	ENIF	OE-36d56b41c418e28901c021de	INSTRUMENTO_LOCAL_PARCIAL	MAIN:forense/hitoE-campana-medicion-v2_0.md	L999-L1116	NO_DETERMINADO	ENIF tiene reactivos financieros identificados (P9_9_1..6, P4_10 y sección 11), pero la evidencia local no verifica el cruce específico solicitado por esta clave.	NO_DETERMINADO	NO_DETERMINADO	NO_DETERMINADO	NO_DETERMINADO	La relación requiere un objeto de evidencia concreto todavía no mapeado.	Identificación verificable y coobservación del constructo con el desenlace específico.	CANDIDATO; no parametrizable hasta completar el mapeo.	Mapeo de variables, codificación y llave de unión; estimación solo después de validar unidad y periodo.	ALTA: evidencia local parcial o meramente indexada.	Se abrió la referencia local MAIN:forense/hitoE-campana-medicion-v2_0.md, localizador L999-L1116, y se contrastó únicamente con N19 / ENIF / OE-36d56b41c418e28901c021de.	Mapear en el cuestionario y microdato ENIF los reactivos de la necesidad y el desenlace, y comprobar que comparten unidad de observación.
N19	PI	OE-bbfe0ee94abe5623f3a73de8	FUENTE_INDEXADA_SIN_APERTURA	MAIN:data/mapa-fuentes-2026-08-06.tsv	L110	NO_DETERMINADO	Portafolio de Información aparece en el mapa, sin payload, tabla o diccionario abierto asociado a esta clave.	NO_DETERMINADO	NO_DETERMINADO	NO_DETERMINADO	NO_DETERMINADO	La relación requiere un objeto de evidencia concreto todavía no mapeado.	Identificación verificable y coobservación del constructo con el desenlace específico.	CANDIDATO; no parametrizable hasta completar el mapeo.	Mapeo de variables, codificación y llave de unión; estimación solo después de validar unidad y periodo.	ALTA: evidencia local parcial o meramente indexada.	Se abrió la referencia local MAIN:data/mapa-fuentes-2026-08-06.tsv, localizador L110, y se contrastó únicamente con N19 / PI / OE-bbfe0ee94abe5623f3a73de8.	Resolver el recurso canónico de PI y abrir la tabla/diccionario específico antes de adjudicar.
N20	ENFIH	OE-9ef5332d117f6e0df34c9570	INSTRUMENTO_LOCAL_PARCIAL	MAIN:data/abrir4-variables-2026-08-08.tsv	L9-L14	NO_DETERMINADO	La apertura local de ENFIH documenta variables financieras concretas y búsquedas de constructos, pero no demuestra para esta clave el par constructo–desenlace exigido.	NO_DETERMINADO	NO_DETERMINADO	NO_DETERMINADO	NO_DETERMINADO	Denuncia coobservada con tenencia/activación de seguro.	Identificación verificable y coobservación del constructo con el desenlace específico.	CANDIDATO; no parametrizable hasta completar el mapeo.	Mapeo de variables, codificación y llave de unión; estimación solo después de validar unidad y periodo.	ALTA: evidencia local parcial o meramente indexada.	Se abrió la referencia local MAIN:data/abrir4-variables-2026-08-08.tsv, localizador L9-L14, y se contrastó únicamente con N20 / ENFIH / OE-9ef5332d117f6e0df34c9570.	Abrir el diccionario ENFIH y construir una tabla variable×constructo×desenlace para esta necesidad; verificar coobservación por llave de persona.
N20	ENIF	OE-771b0085e69c873c2e587abe	INSTRUMENTO_LOCAL_PARCIAL	MAIN:forense/hitoE-campana-medicion-v2_0.md	L999-L1116	NO_DETERMINADO	ENIF tiene reactivos financieros identificados (P9_9_1..6, P4_10 y sección 11), pero la evidencia local no verifica el cruce específico solicitado por esta clave.	NO_DETERMINADO	NO_DETERMINADO	NO_DETERMINADO	NO_DETERMINADO	Denuncia coobservada con tenencia/activación de seguro.	Identificación verificable y coobservación del constructo con el desenlace específico.	CANDIDATO; no parametrizable hasta completar el mapeo.	Mapeo de variables, codificación y llave de unión; estimación solo después de validar unidad y periodo.	ALTA: evidencia local parcial o meramente indexada.	Se abrió la referencia local MAIN:forense/hitoE-campana-medicion-v2_0.md, localizador L999-L1116, y se contrastó únicamente con N20 / ENIF / OE-771b0085e69c873c2e587abe.	Mapear en el cuestionario y microdato ENIF los reactivos de la necesidad y el desenlace, y comprobar que comparten unidad de observación.
N24	ENIF	OE-6ef40dafb8aa2ce4de4aab6f	INSTRUMENTO_LOCAL_PARCIAL	MAIN:forense/hitoE-campana-medicion-v2_0.md	L999-L1116	NO_DETERMINADO	ENIF tiene reactivos financieros identificados (P9_9_1..6, P4_10 y sección 11), pero la evidencia local no verifica el cruce específico solicitado por esta clave.	NO_DETERMINADO	NO_DETERMINADO	NO_DETERMINADO	NO_DETERMINADO	La relación requiere un objeto de evidencia concreto todavía no mapeado.	Identificación verificable y coobservación del constructo con el desenlace específico.	CANDIDATO; no parametrizable hasta completar el mapeo.	Mapeo de variables, codificación y llave de unión; estimación solo después de validar unidad y periodo.	ALTA: evidencia local parcial o meramente indexada.	Se abrió la referencia local MAIN:forense/hitoE-campana-medicion-v2_0.md, localizador L999-L1116, y se contrastó únicamente con N24 / ENIF / OE-6ef40dafb8aa2ce4de4aab6f.	Mapear en el cuestionario y microdato ENIF los reactivos de la necesidad y el desenlace, y comprobar que comparten unidad de observación.
N24	REPORTE_SOBRE_USO_Y_CONFIANZA_DE_SERVICIOS_FINANCIEROS_DIGITALES	OE-eddca7ca14da62ef97c9048e	INDEXADO_NO_DESCARGADO	MAIN:data/mapa-fuentes-externas-consolidado-2026-08-06.tsv	L4	NO_DETERMINADO	El reporte está indexado pero no descargado; no existe tabla local verificable para la relación.	NO_DETERMINADO	NO_DETERMINADO	NO_DETERMINADO	NO_DETERMINADO	INDEXADO-NO-DESCARGADO	Identificación verificable y coobservación del constructo con el desenlace específico.	CANDIDATO; no parametrizable hasta completar el mapeo.	Mapeo de variables, codificación y llave de unión; estimación solo después de validar unidad y periodo.	ALTA: evidencia local parcial o meramente indexada.	Se abrió la referencia local MAIN:data/mapa-fuentes-externas-consolidado-2026-08-06.tsv, localizador L4, y se contrastó únicamente con N24 / REPORTE_SOBRE_USO_Y_CONFIANZA_DE_SERVICIOS_FINANCIEROS_DIGITALES / OE-eddca7ca14da62ef97c9048e.	Recuperar el reporte canónico y localizar tabla, pregunta, muestra, periodo y codificación de confianza/uso.
N25	DOES_CORRUPTION_INFORMATION_INSPIRE_THE_FIGHT_OR_QUASH_THE_HOPE	OE-c0e6f88263d23f3aa80725aa	DOCUMENTO_INDEXADO_SIN_MAPEO	MAIN:data/mapa-ext-academico-2026-08-06.tsv	L2	NO_DETERMINADO	El estudio está clasificado a umbral documental, pero la fila local no aporta variable o estimando adjudicable para esta clave.	NO_DETERMINADO	NO_DETERMINADO	NO_DETERMINADO	NO_DETERMINADO	SATISFACE-UMBRAL-DOCUMENTAL	Identificación verificable y coobservación del constructo con el desenlace específico.	CANDIDATO; no parametrizable hasta completar el mapeo.	Mapeo de variables, codificación y llave de unión; estimación solo después de validar unidad y periodo.	ALTA: evidencia local parcial o meramente indexada.	Se abrió la referencia local MAIN:data/mapa-ext-academico-2026-08-06.tsv, localizador L2, y se contrastó únicamente con N25 / DOES_CORRUPTION_INFORMATION_INSPIRE_THE_FIGHT_OR_QUASH_THE_HOPE / OE-c0e6f88263d23f3aa80725aa.	Abrir instrumento y tablas del estudio; localizar tratamiento informativo, outcome y estimando pertinente.
N25	DOES_CORRUPTION_INFORMATION_INSPIRE_THE_FIGHT_OR_QUASH_THE_HOPE	OE-c8e117825dd360967c8a01a5	DOCUMENTO_INDEXADO_SIN_MAPEO	MAIN:data/mapa-ext-academico-2026-08-06.tsv	L2	NO_DETERMINADO	El estudio está clasificado a umbral documental, pero la fila local no aporta variable o estimando adjudicable para esta clave.	NO_DETERMINADO	NO_DETERMINADO	NO_DETERMINADO	NO_DETERMINADO	SATISFACE-UMBRAL-DOCUMENTAL	Identificación verificable y coobservación del constructo con el desenlace específico.	CANDIDATO; no parametrizable hasta completar el mapeo.	Mapeo de variables, codificación y llave de unión; estimación solo después de validar unidad y periodo.	ALTA: evidencia local parcial o meramente indexada.	Se abrió la referencia local MAIN:data/mapa-ext-academico-2026-08-06.tsv, localizador L2, y se contrastó únicamente con N25 / DOES_CORRUPTION_INFORMATION_INSPIRE_THE_FIGHT_OR_QUASH_THE_HOPE / OE-c8e117825dd360967c8a01a5.	Abrir instrumento y tablas del estudio; localizar tratamiento informativo, outcome y estimando pertinente.
N25	ELECTORAL_PRECINCT_LEVEL_DATABASE_FOR_MEXICAN_MUNICIPAL_ELECTION	OE-4b45123490a5aa18fc9c597f	BASE_INDEXADA_SIN_MAPEO	MAIN:data/mapa-ext-academico-2026-08-06.tsv	L21	NO_DETERMINADO	La base electoral está identificada como potencialmente material, pero falta esquema y vínculo causal para esta necesidad.	NO_DETERMINADO	NO_DETERMINADO	NO_DETERMINADO	NO_DETERMINADO	CANDIDATA-NUEVA-POTENCIALMENTE-MATERIAL	Identificación verificable y coobservación del constructo con el desenlace específico.	CANDIDATO; no parametrizable hasta completar el mapeo.	Mapeo de variables, codificación y llave de unión; estimación solo después de validar unidad y periodo.	ALTA: evidencia local parcial o meramente indexada.	Se abrió la referencia local MAIN:data/mapa-ext-academico-2026-08-06.tsv, localizador L21, y se contrastó únicamente con N25 / ELECTORAL_PRECINCT_LEVEL_DATABASE_FOR_MEXICAN_MUNICIPAL_ELECTION / OE-4b45123490a5aa18fc9c597f.	Abrir codebook y verificar variables de sección, elección, tratamiento/exposición y resultado.
N26	ENIF	OE-bf0460662dfd327f8155a915	INSTRUMENTO_LOCAL_PARCIAL	MAIN:forense/hitoE-campana-medicion-v2_0.md	L999-L1116	NO_DETERMINADO	ENIF tiene reactivos financieros identificados (P9_9_1..6, P4_10 y sección 11), pero la evidencia local no verifica el cruce específico solicitado por esta clave.	NO_DETERMINADO	NO_DETERMINADO	NO_DETERMINADO	NO_DETERMINADO	Efecto electoral alrededor del umbral de elegibilidad, independiente de aprobación presidencial.	Identificación verificable y coobservación del constructo con el desenlace específico.	CANDIDATO; no parametrizable hasta completar el mapeo.	Mapeo de variables, codificación y llave de unión; estimación solo después de validar unidad y periodo.	ALTA: evidencia local parcial o meramente indexada.	Se abrió la referencia local MAIN:forense/hitoE-campana-medicion-v2_0.md, localizador L999-L1116, y se contrastó únicamente con N26 / ENIF / OE-bf0460662dfd327f8155a915.	Mapear en el cuestionario y microdato ENIF los reactivos de la necesidad y el desenlace, y comprobar que comparten unidad de observación.
N26	MEXICO_PANEL_STUDY_2012	OE-c4924c6957c6dfd37ddc93e0	FUENTE_INDEXADA_SIN_APERTURA	MAIN:data/mapa-ext-general-2026-08-06.tsv	L16	NO_DETERMINADO	El panel está inventariado localmente, pero no hay diccionario o reactivo abierto que pruebe esta relación.	NO_DETERMINADO	NO_DETERMINADO	NO_DETERMINADO	NO_DETERMINADO	La relación requiere un objeto de evidencia concreto todavía no mapeado.	Identificación verificable y coobservación del constructo con el desenlace específico.	CANDIDATO; no parametrizable hasta completar el mapeo.	Mapeo de variables, codificación y llave de unión; estimación solo después de validar unidad y periodo.	ALTA: evidencia local parcial o meramente indexada.	Se abrió la referencia local MAIN:data/mapa-ext-general-2026-08-06.tsv, localizador L16, y se contrastó únicamente con N26 / MEXICO_PANEL_STUDY_2012 / OE-c4924c6957c6dfd37ddc93e0.	Abrir cuestionario y codebook 2012 y localizar las variables exactas y su llave longitudinal.
N27	BASE_DEL_OBSERVATORIO_DE_CONFLICTOS_POR_EL_AGUA	OE-697db0914760551bdf2e9c70	BASE_INDEXADA_SIN_MAPEO	MAIN:data/mapa-fuentes-externas-consolidado-2026-08-06.tsv	L25	NO_DETERMINADO	La base está registrada como candidata, sin esquema local abierto ni variables adjudicables para esta relación.	NO_DETERMINADO	NO_DETERMINADO	NO_DETERMINADO	NO_DETERMINADO	CANDIDATA	Identificación verificable y coobservación del constructo con el desenlace específico.	CANDIDATO; no parametrizable hasta completar el mapeo.	Mapeo de variables, codificación y llave de unión; estimación solo después de validar unidad y periodo.	ALTA: evidencia local parcial o meramente indexada.	Se abrió la referencia local MAIN:data/mapa-fuentes-externas-consolidado-2026-08-06.tsv, localizador L25, y se contrastó únicamente con N27 / BASE_DEL_OBSERVATORIO_DE_CONFLICTOS_POR_EL_AGUA / OE-697db0914760551bdf2e9c70.	Abrir diccionario y mapear evento, actor, repertorio, resultado, geografía y periodo.
N27	MEXICO_PANEL_STUDY_2012	OE-3074d0aa35a610f7c8e280b5	FUENTE_INDEXADA_SIN_APERTURA	MAIN:data/mapa-ext-general-2026-08-06.tsv	L16	NO_DETERMINADO	El panel está inventariado localmente, pero no hay diccionario o reactivo abierto que pruebe esta relación.	NO_DETERMINADO	NO_DETERMINADO	NO_DETERMINADO	NO_DETERMINADO	La relación requiere un objeto de evidencia concreto todavía no mapeado.	Identificación verificable y coobservación del constructo con el desenlace específico.	CANDIDATO; no parametrizable hasta completar el mapeo.	Mapeo de variables, codificación y llave de unión; estimación solo después de validar unidad y periodo.	ALTA: evidencia local parcial o meramente indexada.	Se abrió la referencia local MAIN:data/mapa-ext-general-2026-08-06.tsv, localizador L16, y se contrastó únicamente con N27 / MEXICO_PANEL_STUDY_2012 / OE-3074d0aa35a610f7c8e280b5.	Abrir cuestionario y codebook 2012 y localizar las variables exactas y su llave longitudinal.
N27	VOTAR_ENTRE_BALAS	OE-6e01cd26b435952004ff4c95	BASE_INDEXADA_SIN_MAPEO	MAIN:data/mapa-fuentes-externas-consolidado-2026-08-06.tsv	L14	NO_DETERMINADO	La base de violencia político-criminal está identificada, pero no hay variables abiertas que prueben respuesta individual o el mecanismo requerido.	NO_DETERMINADO	NO_DETERMINADO	NO_DETERMINADO	NO_DETERMINADO	CANDIDATA	Identificación verificable y coobservación del constructo con el desenlace específico.	CANDIDATO; no parametrizable hasta completar el mapeo.	Mapeo de variables, codificación y llave de unión; estimación solo después de validar unidad y periodo.	ALTA: evidencia local parcial o meramente indexada.	Se abrió la referencia local MAIN:data/mapa-fuentes-externas-consolidado-2026-08-06.tsv, localizador L14, y se contrastó únicamente con N27 / VOTAR_ENTRE_BALAS / OE-6e01cd26b435952004ff4c95.	Abrir diccionario/descarga y mapear tipo de evento, actor, municipio, fecha y outcome electoral; declarar límite ecológico.
N29	ENCUESTA_ANUAL_DE_COMPETENCIAS_FINANCIERAS_2019_2024	OE-63d0732feceeafcbd327963f	ABIERTO_SIN_MAPEO	MAIN:data/mapa-fuentes-externas-consolidado-2026-08-06.tsv	L3	NO_DETERMINADO	La fuente figura abierta sin mapeo; no se dispone aquí de variable, tabla o texto que satisfaga la clave.	NO_DETERMINADO	NO_DETERMINADO	NO_DETERMINADO	NO_DETERMINADO	ABIERTO-SIN-MAPEO	Identificación verificable y coobservación del constructo con el desenlace específico.	CANDIDATO; no parametrizable hasta completar el mapeo.	Mapeo de variables, codificación y llave de unión; estimación solo después de validar unidad y periodo.	ALTA: evidencia local parcial o meramente indexada.	Se abrió la referencia local MAIN:data/mapa-fuentes-externas-consolidado-2026-08-06.tsv, localizador L3, y se contrastó únicamente con N29 / ENCUESTA_ANUAL_DE_COMPETENCIAS_FINANCIERAS_2019_2024 / OE-63d0732feceeafcbd327963f.	Mapear cuestionario y tabulados 2019–2024 a la necesidad, con periodo, unidad y codificación.
N30	ENBIARE2021	OE-3c9d2eefcfaae7c834250eff	APERTURA_SIN_PAR_COMPLETO	MAIN:forense/matriz-impacto-universal-2026-08-06.md	L81-L86	NO_DETERMINADO	La matriz local registra orientación futura y redes en ENBIARE, pero advierte que no sustituyen automáticamente el diseño ni prueban el desenlace coobservado de esta relación.	NO_DETERMINADO	NO_DETERMINADO	NO_DETERMINADO	NO_DETERMINADO	Disposición a transar con desconocidos por nivel de enforcement.	Identificación verificable y coobservación del constructo con el desenlace específico.	CANDIDATO; no parametrizable hasta completar el mapeo.	Mapeo de variables, codificación y llave de unión; estimación solo después de validar unidad y periodo.	ALTA: evidencia local parcial o meramente indexada.	Se abrió la referencia local MAIN:forense/matriz-impacto-universal-2026-08-06.md, localizador L81-L86, y se contrastó únicamente con N30 / ENBIARE2021 / OE-3c9d2eefcfaae7c834250eff.	Abrir cuestionario/diccionario ENBIARE y localizar texto, codificación y llave del reactivo junto con el desenlace requerido.
N30	LATINOBARÓMETRO	OE-18a91d6f51832ff30efa00b4	CUESTIONARIO_SIN_MICRODATO	MAIN:forense/hitoE-campana-medicion-v2_0.md	L1116	NO_DETERMINADO	El cuestionario local identifica P4NOIJ como proxy de obediencia, pero el microdato no está registrado; para otras necesidades no hay mapeo de reactivo y desenlace.	NO_DETERMINADO	NO_DETERMINADO	NO_DETERMINADO	NO_DETERMINADO	La relación requiere un objeto de evidencia concreto todavía no mapeado.	Identificación verificable y coobservación del constructo con el desenlace específico.	CANDIDATO; no parametrizable hasta completar el mapeo.	Mapeo de variables, codificación y llave de unión; estimación solo después de validar unidad y periodo.	ALTA: evidencia local parcial o meramente indexada.	Se abrió la referencia local MAIN:forense/hitoE-campana-medicion-v2_0.md, localizador L1116, y se contrastó únicamente con N30 / LATINOBARÓMETRO / OE-18a91d6f51832ff30efa00b4.	Obtener el microdato bajo la licencia aplicable y mapear reactivo, codificación y desenlace para México.
N31	CCPV	OE-e3e2c41b1f94b885919e010d	FUENTE_SIN_APERTURA_ESPECIFICA	MAIN:forense/hitoE-campana-medicion-v2_0.md	L274	NO_DETERMINADO	La evidencia local general no identifica diseño, reactivo o muestra de CCPV que permita probar replicación fuera de Tlaxcala.	NO_DETERMINADO	NO_DETERMINADO	NO_DETERMINADO	NO_DETERMINADO	Replicación fuera de muestra universitaria del hallazgo de Tlaxcala.	Identificación verificable y coobservación del constructo con el desenlace específico.	CANDIDATO; no parametrizable hasta completar el mapeo.	Mapeo de variables, codificación y llave de unión; estimación solo después de validar unidad y periodo.	ALTA: evidencia local parcial o meramente indexada.	Se abrió la referencia local MAIN:forense/hitoE-campana-medicion-v2_0.md, localizador L274, y se contrastó únicamente con N31 / CCPV / OE-e3e2c41b1f94b885919e010d.	Abrir instrumento, ficha muestral y resultados CCPV; verificar cobertura geográfica y réplica del estimando original.
N2	ENCOAP	OE-52c65e0d0129b5272522d037	FICHA_LOCAL_NO_CONCLUYENTE	MAIN:data/mapa-ext-general-2026-08-06.tsv:L4	N2|ENCOAP|OE-52c65e0d0129b5272522d037	NO_DETERMINADO	La ficha local solo indexa la fuente; no contiene evidencia concreta adjudicable para esta relación.	NO_DETERMINADO	NO_DETERMINADO	NO_DETERMINADO	NO_DETERMINADO	La fuente o dominio temático está identificado en el universo reunido.	La ficha local documenta diseño, dominios y acceso, pero deja pendiente el mapeo de variables del objeto.	NO_DETERMINADO hasta verificar la evidencia concreta.	NO_APLICA antes de verificar instrumento y variables.	No se extrapola de la fuente a otras necesidades ni de una ficha temática a evidencia explícita.	Revisión dirigida de MAIN:data/mapa-ext-general-2026-08-06.tsv:L4; contraste con input y contexto inmutable; sin discovery panorámico.	Abrir cuestionario y diccionario ENCOAP; localizar el reactivo y el desenlace exactos exigidos por la necesidad.
N3	ENSAFI	OE-fb259558b58d975d64b7a5ff	FICHA_LOCAL_NO_CONCLUYENTE	MAIN:canon/estado-programa-v1_10.md	N3|ENSAFI|OE-fb259558b58d975d64b7a5ff	NO_DETERMINADO	Reactivo explícito de sensibilidad de estatus coobservado con consumo mediado por crédito.	NO_DETERMINADO	NO_DETERMINADO	NO_DETERMINADO	NO_DETERMINADO	La fuente o dominio temático está identificado en el universo reunido.	El registro local describe una hipótesis de variable, pero no aporta diccionario ni texto literal del reactivo para este objeto.	NO_DETERMINADO hasta verificar la evidencia concreta.	NO_APLICA antes de verificar instrumento y variables.	No se extrapola de la fuente a otras necesidades ni de una ficha temática a evidencia explícita.	Revisión dirigida de MAIN:canon/estado-programa-v1_10.md; contraste con input y contexto inmutable; sin discovery panorámico.	Abrir el cuestionario/diccionario ENSAFI correspondiente y verificar texto, codificación y desenlace coobservado.
N3	MICROCREDIT_IMPACTS_COMPARTAMOS_RCT	OE-f651d8070c16835c9901c40f	FICHA_LOCAL_NO_CONCLUYENTE	MAIN:data/mapa-fuentes-externas-consolidado-2026-08-06.tsv:L8	N3|MICROCREDIT_IMPACTS_COMPARTAMOS_RCT|OE-f651d8070c16835c9901c40f	NO_DETERMINADO	INDEXADO-NO-DESCARGADO	NO_DETERMINADO	NO_DETERMINADO	NO_DETERMINADO	NO_DETERMINADO	La fuente o dominio temático está identificado en el universo reunido.	La ficha confirma RCT, tratamiento y outcomes, pero declara no documentado el reactivo explícito de sensibilidad de estatus.	NO_DETERMINADO hasta verificar la evidencia concreta.	NO_APLICA antes de verificar instrumento y variables.	No se extrapola de la fuente a otras necesidades ni de una ficha temática a evidencia explícita.	Revisión dirigida de MAIN:data/mapa-fuentes-externas-consolidado-2026-08-06.tsv:L8; contraste con input y contexto inmutable; sin discovery panorámico.	Abrir codebook y buscar el reactivo literal de estatus; no inferirlo de gasto, crédito o bienestar.
N4	ENFIH2019_FD_XLSX	OE-d82cbec8d1cd45676a9c95b6	FICHA_LOCAL_NO_CONCLUYENTE	MAIN:canon/estado-programa-v1_10.md	N4|ENFIH2019_FD_XLSX|OE-d82cbec8d1cd45676a9c95b6	NO_DETERMINADO	Reactivo actitudinal de aversión al riesgo con desenlace propio de G2.	NO_DETERMINADO	NO_DETERMINADO	NO_DETERMINADO	NO_DETERMINADO	La fuente o dominio temático está identificado en el universo reunido.	La apertura local no identifica evidencia suficiente para este objeto específico.	NO_DETERMINADO hasta verificar la evidencia concreta.	NO_APLICA antes de verificar instrumento y variables.	No se extrapola de la fuente a otras necesidades ni de una ficha temática a evidencia explícita.	Revisión dirigida de MAIN:canon/estado-programa-v1_10.md; contraste con input y contexto inmutable; sin discovery panorámico.	Abrir el diccionario ENFIH y localizar texto y codificación exactos para el constructo y su desenlace coobservado.
N4	ENSAFI	OE-3771d1da25d6fb0ba805f95c	FICHA_LOCAL_NO_CONCLUYENTE	MAIN:canon/estado-programa-v1_10.md	N4|ENSAFI|OE-3771d1da25d6fb0ba805f95c	NO_DETERMINADO	Reactivo actitudinal de aversión al riesgo con desenlace propio de G2.	NO_DETERMINADO	NO_DETERMINADO	NO_DETERMINADO	NO_DETERMINADO	La fuente o dominio temático está identificado en el universo reunido.	El registro local describe una hipótesis de variable, pero no aporta diccionario ni texto literal del reactivo para este objeto.	NO_DETERMINADO hasta verificar la evidencia concreta.	NO_APLICA antes de verificar instrumento y variables.	No se extrapola de la fuente a otras necesidades ni de una ficha temática a evidencia explícita.	Revisión dirigida de MAIN:canon/estado-programa-v1_10.md; contraste con input y contexto inmutable; sin discovery panorámico.	Abrir el cuestionario/diccionario ENSAFI correspondiente y verificar texto, codificación y desenlace coobservado.
N5	ENSAFI	OE-898b66368975b11d6bcfe283	FICHA_LOCAL_NO_CONCLUYENTE	MAIN:canon/gobernanza-v1_15.md	N5|ENSAFI|OE-898b66368975b11d6bcfe283	NO_DETERMINADO	Diseño longitudinal o experimental que observe horizonte temporal y conducta financiera con potencia útil.	NO_DETERMINADO	NO_DETERMINADO	NO_DETERMINADO	NO_DETERMINADO	La fuente o dominio temático está identificado en el universo reunido.	El registro local describe una hipótesis de variable, pero no aporta diccionario ni texto literal del reactivo para este objeto.	NO_DETERMINADO hasta verificar la evidencia concreta.	NO_APLICA antes de verificar instrumento y variables.	No se extrapola de la fuente a otras necesidades ni de una ficha temática a evidencia explícita.	Revisión dirigida de MAIN:canon/gobernanza-v1_15.md; contraste con input y contexto inmutable; sin discovery panorámico.	Abrir el cuestionario/diccionario ENSAFI correspondiente y verificar texto, codificación y desenlace coobservado.
N5	WVS	OE-3e9b3749b85eec5a7a570417	FICHA_LOCAL_NO_CONCLUYENTE	MAIN:data/mapa-ext-general-2026-08-06.tsv:L17	N5|WVS|OE-3e9b3749b85eec5a7a570417	NO_DETERMINADO	La ficha local solo indexa la fuente; no contiene evidencia concreta adjudicable para esta relación.	NO_DETERMINADO	NO_DETERMINADO	NO_DETERMINADO	NO_DETERMINADO	La fuente o dominio temático está identificado en el universo reunido.	La documentación local confirma la fuente y México, pero no reabre variables mexicanas ni codificación para este objeto.	NO_DETERMINADO hasta verificar la evidencia concreta.	NO_APLICA antes de verificar instrumento y variables.	No se extrapola de la fuente a otras necesidades ni de una ficha temática a evidencia explícita.	Revisión dirigida de MAIN:data/mapa-ext-general-2026-08-06.tsv:L17; contraste con input y contexto inmutable; sin discovery panorámico.	Abrir cuestionario y codebook Wave 7 México; localizar reactivo, codificación y desenlace coobservado.
N6	ENSAFI	OE-5d1bf835879d99d69783ca1a	FICHA_LOCAL_NO_CONCLUYENTE	MAIN:canon/modelo-decision-v4_0.md	N6|ENSAFI|OE-5d1bf835879d99d69783ca1a	NO_DETERMINADO	Reactivo de aversión al riesgo coobservado con conducta de ahorro ante volatilidad.	NO_DETERMINADO	NO_DETERMINADO	NO_DETERMINADO	NO_DETERMINADO	La fuente o dominio temático está identificado en el universo reunido.	El registro local describe una hipótesis de variable, pero no aporta diccionario ni texto literal del reactivo para este objeto.	NO_DETERMINADO hasta verificar la evidencia concreta.	NO_APLICA antes de verificar instrumento y variables.	No se extrapola de la fuente a otras necesidades ni de una ficha temática a evidencia explícita.	Revisión dirigida de MAIN:canon/modelo-decision-v4_0.md; contraste con input y contexto inmutable; sin discovery panorámico.	Abrir el cuestionario/diccionario ENSAFI correspondiente y verificar texto, codificación y desenlace coobservado.
N10	ENSAFI	OE-db7311a506e4693d7feeee76	FICHA_LOCAL_NO_CONCLUYENTE	MAIN:canon/modelo-decision-v4_0.md	N10|ENSAFI|OE-db7311a506e4693d7feeee76	NO_DETERMINADO	Horizonte temporal coobservado con violencia/justicia en el mismo instrumento.	NO_DETERMINADO	NO_DETERMINADO	NO_DETERMINADO	NO_DETERMINADO	La fuente o dominio temático está identificado en el universo reunido.	El registro local describe una hipótesis de variable, pero no aporta diccionario ni texto literal del reactivo para este objeto.	NO_DETERMINADO hasta verificar la evidencia concreta.	NO_APLICA antes de verificar instrumento y variables.	No se extrapola de la fuente a otras necesidades ni de una ficha temática a evidencia explícita.	Revisión dirigida de MAIN:canon/modelo-decision-v4_0.md; contraste con input y contexto inmutable; sin discovery panorámico.	Abrir el cuestionario/diccionario ENSAFI correspondiente y verificar texto, codificación y desenlace coobservado.
N11	ENSAFI	OE-7e0c0905485bec2d765c6f6d	FICHA_LOCAL_NO_CONCLUYENTE	MAIN:data/abrir4-variables-2026-08-08.tsv	N11|ENSAFI|OE-7e0c0905485bec2d765c6f6d	NO_DETERMINADO	Sensibilidad de estatus coobservada con desenlace de violencia/justicia.	NO_DETERMINADO	NO_DETERMINADO	NO_DETERMINADO	NO_DETERMINADO	La fuente o dominio temático está identificado en el universo reunido.	El registro local describe una hipótesis de variable, pero no aporta diccionario ni texto literal del reactivo para este objeto.	NO_DETERMINADO hasta verificar la evidencia concreta.	NO_APLICA antes de verificar instrumento y variables.	No se extrapola de la fuente a otras necesidades ni de una ficha temática a evidencia explícita.	Revisión dirigida de MAIN:data/abrir4-variables-2026-08-08.tsv; contraste con input y contexto inmutable; sin discovery panorámico.	Abrir el cuestionario/diccionario ENSAFI correspondiente y verificar texto, codificación y desenlace coobservado.
N12	ENFIH2019_FD_XLSX	OE-826b60a87b39ab2aec89c752	REACTIVO_EXPLICITO	MAIN:data/abrir4-variables-2026-08-08.tsv:L12	P11_1_5	P11_1_5	11.1 Si hoy tuviera una urgencia economica igual a lo que gana o recibe en un mes, ¿usted podria pagarla con un prestamo de amigos o familiares?	persona	ENFIH 2019	muestra ENFIH 2019; detalle no reabierto en esta ronda	binario Sí/No	Afrontamiento financiero hipotético mediante amigos o familiares.	Disposición general de apoyo familiar no circular y su conducta asociada.	Indicador de recurso de afrontamiento puntual; no parámetro de familismo_apoyo.	Codificación binaria si se usa únicamente como coping financiero.	No se extrapola de la fuente a otras necesidades ni de una ficha temática a evidencia explícita.	Revisión dirigida de MAIN:data/abrir4-variables-2026-08-08.tsv:L12; contraste con input y contexto inmutable; sin discovery panorámico.	Conservar como negativa fuente-específica; buscar un reactivo disposicional solo en una futura fuente ya identificada.
N12	ENSAFI	OE-546cf24d0efb616e6df36902	FICHA_LOCAL_NO_CONCLUYENTE	MAIN:canon/glosario-v5_6.md	N12|ENSAFI|OE-546cf24d0efb616e6df36902	NO_DETERMINADO	Apoyo familiar no circular, coobservado con conducta de seguro/afrontamiento ante ausencia estatal.	NO_DETERMINADO	NO_DETERMINADO	NO_DETERMINADO	NO_DETERMINADO	La fuente o dominio temático está identificado en el universo reunido.	El registro local describe una hipótesis de variable, pero no aporta diccionario ni texto literal del reactivo para este objeto.	NO_DETERMINADO hasta verificar la evidencia concreta.	NO_APLICA antes de verificar instrumento y variables.	No se extrapola de la fuente a otras necesidades ni de una ficha temática a evidencia explícita.	Revisión dirigida de MAIN:canon/glosario-v5_6.md; contraste con input y contexto inmutable; sin discovery panorámico.	Abrir el cuestionario/diccionario ENSAFI correspondiente y verificar texto, codificación y desenlace coobservado.
N13	ENSAFI	OE-b82cd53df63bf1a736b8b985	FICHA_LOCAL_NO_CONCLUYENTE	MAIN:canon/glosario-v5_6.md	N13|ENSAFI|OE-b82cd53df63bf1a736b8b985	NO_DETERMINADO	Obligación familiar explícita coobservada con conducta real de cuidado.	NO_DETERMINADO	NO_DETERMINADO	NO_DETERMINADO	NO_DETERMINADO	La fuente o dominio temático está identificado en el universo reunido.	El registro local describe una hipótesis de variable, pero no aporta diccionario ni texto literal del reactivo para este objeto.	NO_DETERMINADO hasta verificar la evidencia concreta.	NO_APLICA antes de verificar instrumento y variables.	No se extrapola de la fuente a otras necesidades ni de una ficha temática a evidencia explícita.	Revisión dirigida de MAIN:canon/glosario-v5_6.md; contraste con input y contexto inmutable; sin discovery panorámico.	Abrir el cuestionario/diccionario ENSAFI correspondiente y verificar texto, codificación y desenlace coobservado.
N14	ENSAFI	OE-c3483fc22a961f82b3e8dc07	FICHA_LOCAL_NO_CONCLUYENTE	MAIN:canon/glosario-v5_6.md	N14|ENSAFI|OE-c3483fc22a961f82b3e8dc07	NO_DETERMINADO	Gradiente de confianza coobservado con dificultad financiera/seguro familiar en la misma muestra.	NO_DETERMINADO	NO_DETERMINADO	NO_DETERMINADO	NO_DETERMINADO	La fuente o dominio temático está identificado en el universo reunido.	El registro local describe una hipótesis de variable, pero no aporta diccionario ni texto literal del reactivo para este objeto.	NO_DETERMINADO hasta verificar la evidencia concreta.	NO_APLICA antes de verificar instrumento y variables.	No se extrapola de la fuente a otras necesidades ni de una ficha temática a evidencia explícita.	Revisión dirigida de MAIN:canon/glosario-v5_6.md; contraste con input y contexto inmutable; sin discovery panorámico.	Abrir el cuestionario/diccionario ENSAFI correspondiente y verificar texto, codificación y desenlace coobservado.
N15	ENCOAP	OE-abc2c8ba2a4e437153d2ebfd	FICHA_LOCAL_NO_CONCLUYENTE	MAIN:canon/integrador-psicologia-mexicano.md	N15|ENCOAP|OE-abc2c8ba2a4e437153d2ebfd	NO_DETERMINADO	Proxy de deferencia con diseño publicado y desenlace laboral/comunicacional en la misma muestra.	NO_DETERMINADO	NO_DETERMINADO	NO_DETERMINADO	NO_DETERMINADO	La fuente o dominio temático está identificado en el universo reunido.	La ficha local documenta diseño, dominios y acceso, pero deja pendiente el mapeo de variables del objeto.	NO_DETERMINADO hasta verificar la evidencia concreta.	NO_APLICA antes de verificar instrumento y variables.	No se extrapola de la fuente a otras necesidades ni de una ficha temática a evidencia explícita.	Revisión dirigida de MAIN:canon/integrador-psicologia-mexicano.md; contraste con input y contexto inmutable; sin discovery panorámico.	Abrir cuestionario y diccionario ENCOAP; localizar el reactivo y el desenlace exactos exigidos por la necesidad.
N15	WVS	OE-ba2e48ea9eddf4b1176c5d08	FICHA_LOCAL_NO_CONCLUYENTE	MAIN:data/mapa-ext-general-2026-08-06.tsv:L17	N15|WVS|OE-ba2e48ea9eddf4b1176c5d08	NO_DETERMINADO	La ficha local solo indexa la fuente; no contiene evidencia concreta adjudicable para esta relación.	NO_DETERMINADO	NO_DETERMINADO	NO_DETERMINADO	NO_DETERMINADO	La fuente o dominio temático está identificado en el universo reunido.	La documentación local confirma la fuente y México, pero no reabre variables mexicanas ni codificación para este objeto.	NO_DETERMINADO hasta verificar la evidencia concreta.	NO_APLICA antes de verificar instrumento y variables.	No se extrapola de la fuente a otras necesidades ni de una ficha temática a evidencia explícita.	Revisión dirigida de MAIN:data/mapa-ext-general-2026-08-06.tsv:L17; contraste con input y contexto inmutable; sin discovery panorámico.	Abrir cuestionario y codebook Wave 7 México; localizar reactivo, codificación y desenlace coobservado.
N16	ENCOAP	OE-2c7ace9dcc93466566d2c0a2	FICHA_LOCAL_NO_CONCLUYENTE	MAIN:canon/modelo-decision-v4_0.md	N16|ENCOAP|OE-2c7ace9dcc93466566d2c0a2	NO_DETERMINADO	Probabilidad de mordida bajo sanción/testigo, idealmente municipal y triangulada fuera de ENCIG.	NO_DETERMINADO	NO_DETERMINADO	NO_DETERMINADO	NO_DETERMINADO	La fuente o dominio temático está identificado en el universo reunido.	La ficha local documenta diseño, dominios y acceso, pero deja pendiente el mapeo de variables del objeto.	NO_DETERMINADO hasta verificar la evidencia concreta.	NO_APLICA antes de verificar instrumento y variables.	No se extrapola de la fuente a otras necesidades ni de una ficha temática a evidencia explícita.	Revisión dirigida de MAIN:canon/modelo-decision-v4_0.md; contraste con input y contexto inmutable; sin discovery panorámico.	Abrir cuestionario y diccionario ENCOAP; localizar el reactivo y el desenlace exactos exigidos por la necesidad.
N17	ENSAFI	OE-a13725c982c703ffc6b3e2aa	FICHA_LOCAL_NO_CONCLUYENTE	MAIN:AGENTS.md	N17|ENSAFI|OE-a13725c982c703ffc6b3e2aa	NO_DETERMINADO	Calibrar adopción/rechazo digital separando utilidad, coerción, riesgo fiscal y fricción.	NO_DETERMINADO	NO_DETERMINADO	NO_DETERMINADO	NO_DETERMINADO	La fuente o dominio temático está identificado en el universo reunido.	El registro local describe una hipótesis de variable, pero no aporta diccionario ni texto literal del reactivo para este objeto.	NO_DETERMINADO hasta verificar la evidencia concreta.	NO_APLICA antes de verificar instrumento y variables.	No se extrapola de la fuente a otras necesidades ni de una ficha temática a evidencia explícita.	Revisión dirigida de MAIN:AGENTS.md; contraste con input y contexto inmutable; sin discovery panorámico.	Abrir el cuestionario/diccionario ENSAFI correspondiente y verificar texto, codificación y desenlace coobservado.
N17	GDELT	OE-4c346beb2b73477c2e0ad4f2	FICHA_LOCAL_NO_CONCLUYENTE	MAIN:data/mapa-ext-general-2026-08-06.tsv:L8	N17|GDELT|OE-4c346beb2b73477c2e0ad4f2	NO_DETERMINADO	La ficha local solo indexa la fuente; no contiene evidencia concreta adjudicable para esta relación.	NO_DETERMINADO	NO_DETERMINADO	NO_DETERMINADO	NO_DETERMINADO	La fuente o dominio temático está identificado en el universo reunido.	La ficha local confirma campos de evento y geografía, no una extracción México depurada ni la construcción específica de esta necesidad.	NO_DETERMINADO hasta verificar la evidencia concreta.	NO_APLICA antes de verificar instrumento y variables.	No se extrapola de la fuente a otras necesidades ni de una ficha temática a evidencia explícita.	Revisión dirigida de MAIN:data/mapa-ext-general-2026-08-06.tsv:L8; contraste con input y contexto inmutable; sin discovery panorámico.	Extraer un universo México acotado, aplicar deduplicación documentada y mapear CAMEO/actores/respuesta al objeto.
N17	GDELT	OE-7895b99728673e79c14c8870	FICHA_LOCAL_NO_CONCLUYENTE	MAIN:data/mapa-fuentes-externas-consolidado-2026-08-06.tsv:L35	N17|GDELT|OE-7895b99728673e79c14c8870	NO_DETERMINADO	CANDIDATA	NO_DETERMINADO	NO_DETERMINADO	NO_DETERMINADO	NO_DETERMINADO	La fuente o dominio temático está identificado en el universo reunido.	La ficha local confirma campos de evento y geografía, no una extracción México depurada ni la construcción específica de esta necesidad.	NO_DETERMINADO hasta verificar la evidencia concreta.	NO_APLICA antes de verificar instrumento y variables.	No se extrapola de la fuente a otras necesidades ni de una ficha temática a evidencia explícita.	Revisión dirigida de MAIN:data/mapa-fuentes-externas-consolidado-2026-08-06.tsv:L35; contraste con input y contexto inmutable; sin discovery panorámico.	Extraer un universo México acotado, aplicar deduplicación documentada y mapear CAMEO/actores/respuesta al objeto.
N17	MASS_MOBILIZATION_DATA_PROJECT_EVENTOS_MEXICO	OE-5b938f5f2dc363679c70c162	FICHA_LOCAL_NO_CONCLUYENTE	MAIN:data/mapa-ext-academico-2026-08-06.tsv:L11	N17|MASS_MOBILIZATION_DATA_PROJECT_EVENTOS_MEXICO|OE-5b938f5f2dc363679c70c162	NO_DETERMINADO	INDEXADO-NO-DESCARGADO	NO_DETERMINADO	NO_DETERMINADO	NO_DETERMINADO	NO_DETERMINADO	La fuente o dominio temático está identificado en el universo reunido.	El proyecto está indexado, pero el archivo México y su codebook no están descargados ni abiertos localmente.	NO_DETERMINADO hasta verificar la evidencia concreta.	NO_APLICA antes de verificar instrumento y variables.	No se extrapola de la fuente a otras necesidades ni de una ficha temática a evidencia explícita.	Revisión dirigida de MAIN:data/mapa-ext-academico-2026-08-06.tsv:L11; contraste con input y contexto inmutable; sin discovery panorámico.	Obtener archivo y codebook del proyecto; verificar evento, actor, demanda, respuesta, geografía y cobertura temporal para México.
N18	ENOE	OE-50dfcbc516e7e4a51facda49	FICHA_LOCAL_NO_CONCLUYENTE	MAIN:canon/modelo-decision-v4_0.md	N18|ENOE|OE-50dfcbc516e7e4a51facda49	NO_DETERMINADO	Evasión por sanción creíble × utilidad percibida, separando subsistencia y cinismo de clase alta.	NO_DETERMINADO	NO_DETERMINADO	NO_DETERMINADO	NO_DETERMINADO	La fuente o dominio temático está identificado en el universo reunido.	El catálogo confirma archivos ENOE en disco, pero la candidatura no identifica un reactivo que mida sanción creíble, utilidad o cinismo.	NO_DETERMINADO hasta verificar la evidencia concreta.	NO_APLICA antes de verificar instrumento y variables.	No se extrapola de la fuente a otras necesidades ni de una ficha temática a evidencia explícita.	Revisión dirigida de MAIN:canon/modelo-decision-v4_0.md; contraste con input y contexto inmutable; sin discovery panorámico.	Buscar de forma dirigida en diccionarios ENOE una variable explícita del constructo; si no existe, delimitar ausencia por módulos revisados.
N19	ENAFIN	OE-a5edd5e72023c3fd62443723	FICHA_LOCAL_NO_CONCLUYENTE	MAIN:data/mapa-fuentes-2026-08-06.tsv:L62	N19|ENAFIN|OE-a5edd5e72023c3fd62443723	NO_DETERMINADO	La ficha local solo indexa la fuente; no contiene evidencia concreta adjudicable para esta relación.	NO_DETERMINADO	NO_DETERMINADO	NO_DETERMINADO	NO_DETERMINADO	La fuente o dominio temático está identificado en el universo reunido.	La fuente está en portal sin descarga local y no hay variables abiertas para la relación.	NO_DETERMINADO hasta verificar la evidencia concreta.	NO_APLICA antes de verificar instrumento y variables.	No se extrapola de la fuente a otras necesidades ni de una ficha temática a evidencia explícita.	Revisión dirigida de MAIN:data/mapa-fuentes-2026-08-06.tsv:L62; contraste con input y contexto inmutable; sin discovery panorámico.	Descargar el levantamiento y diccionario ENAFIN pertinente; mapear variable y desenlace concretos de la necesidad.
N21	PRICE_AND_INFORMATION_TYPE_IN_LIFE_MICROINSURANCE_DEMAND	OE-3f3621b9740c3f71eda9405e	FICHA_LOCAL_NO_CONCLUYENTE	MAIN:data/mapa-ext-academico-2026-08-06.tsv:L19	N21|PRICE_AND_INFORMATION_TYPE_IN_LIFE_MICROINSURANCE_DEMAND|OE-3f3621b9740c3f71eda9405e	NO_DETERMINADO	INDEXADO-NO-DESCARGADO	NO_DETERMINADO	NO_DETERMINADO	NO_DETERMINADO	NO_DETERMINADO	La fuente o dominio temático está identificado en el universo reunido.	La ficha confirma experimento de precio/información y compra, pero los datos/codebook no están localizados y no identifica el comparador exacto.	NO_DETERMINADO hasta verificar la evidencia concreta.	NO_APLICA antes de verificar instrumento y variables.	No se extrapola de la fuente a otras necesidades ni de una ficha temática a evidencia explícita.	Revisión dirigida de MAIN:data/mapa-ext-academico-2026-08-06.tsv:L19; contraste con input y contexto inmutable; sin discovery panorámico.	Localizar anexos o codebook y verificar brazos, codificación de precio/información y compra efectiva.
N22	MEXICO_ENTERPRISE_SURVEYS_COMPONENTE_PANEL_CANDIDATO_2006_2010	OE-2e7c0cb62d2dd259f169ff2d	FICHA_LOCAL_NO_CONCLUYENTE	MAIN:data/mapa-fuentes-externas-consolidado-2026-08-06.tsv:L7	N22|MEXICO_ENTERPRISE_SURVEYS_COMPONENTE_PANEL_CANDIDATO_2006_2010|OE-2e7c0cb62d2dd259f169ff2d	NO_DETERMINADO	SATISFACE-UMBRAL-DOCUMENTAL	NO_DETERMINADO	NO_DETERMINADO	NO_DETERMINADO	NO_DETERMINADO	La fuente o dominio temático está identificado en el universo reunido.	La documentación registra 293 filas y una llave panel candidata, pero no verifica continuidad, comparabilidad ni las variables específicas de la necesidad.	NO_DETERMINADO hasta verificar la evidencia concreta.	NO_APLICA antes de verificar instrumento y variables.	No se extrapola de la fuente a otras necesidades ni de una ficha temática a evidencia explícita.	Revisión dirigida de MAIN:data/mapa-fuentes-externas-consolidado-2026-08-06.tsv:L7; contraste con input y contexto inmutable; sin discovery panorámico.	Abrir diccionario y archivo panel; comprobar dos observaciones por idPANEL2006 y mapear predictor y desenlace requeridos.
N23	MEXICO_ENTERPRISE_SURVEYS_COMPONENTE_PANEL_CANDIDATO_2006_2010	OE-a14e96d801084c74dc601f6f	FICHA_LOCAL_NO_CONCLUYENTE	MAIN:data/mapa-fuentes-externas-consolidado-2026-08-06.tsv:L7	N23|MEXICO_ENTERPRISE_SURVEYS_COMPONENTE_PANEL_CANDIDATO_2006_2010|OE-a14e96d801084c74dc601f6f	NO_DETERMINADO	SATISFACE-UMBRAL-DOCUMENTAL	NO_DETERMINADO	NO_DETERMINADO	NO_DETERMINADO	NO_DETERMINADO	La fuente o dominio temático está identificado en el universo reunido.	La documentación registra 293 filas y una llave panel candidata, pero no verifica continuidad, comparabilidad ni las variables específicas de la necesidad.	NO_DETERMINADO hasta verificar la evidencia concreta.	NO_APLICA antes de verificar instrumento y variables.	No se extrapola de la fuente a otras necesidades ni de una ficha temática a evidencia explícita.	Revisión dirigida de MAIN:data/mapa-fuentes-externas-consolidado-2026-08-06.tsv:L7; contraste con input y contexto inmutable; sin discovery panorámico.	Abrir diccionario y archivo panel; comprobar dos observaciones por idPANEL2006 y mapear predictor y desenlace requeridos.
N26	PUB	OE-c1b02a844fc80c9293323757	FICHA_LOCAL_NO_CONCLUYENTE	MAIN:data/mapa-fuentes-2026-08-06.tsv:L112	N26|PUB|OE-c1b02a844fc80c9293323757	NO_DETERMINADO	La ficha local solo indexa la fuente; no contiene evidencia concreta adjudicable para esta relación.	NO_DETERMINADO	NO_DETERMINADO	NO_DETERMINADO	NO_DETERMINADO	La fuente o dominio temático está identificado en el universo reunido.	El padrón está registrado como EN-DISCO-SIN-VERIFICAR y no hay microdato o diccionario abierto para este objeto.	NO_DETERMINADO hasta verificar la evidencia concreta.	NO_APLICA antes de verificar instrumento y variables.	No se extrapola de la fuente a otras necesidades ni de una ficha temática a evidencia explícita.	Revisión dirigida de MAIN:data/mapa-fuentes-2026-08-06.tsv:L112; contraste con input y contexto inmutable; sin discovery panorámico.	Localizar el payload oficial concreto del padrón y abrir diccionario/llaves antes de evaluar el vínculo causal o de participación.
N26	REPOSITORIOS_UNAM_COLMEX_ITAM_DATAVERSE_ICPSR	OE-2b73e90cfd63a421f32db102	FICHA_LOCAL_NO_CONCLUYENTE	MAIN:canon/glosario-v5_6.md	N26|REPOSITORIOS_UNAM_COLMEX_ITAM_DATAVERSE_ICPSR|OE-2b73e90cfd63a421f32db102	NO_DETERMINADO	Efecto electoral alrededor del umbral de elegibilidad, independiente de aprobación presidencial.	NO_DETERMINADO	NO_DETERMINADO	NO_DETERMINADO	NO_DETERMINADO	La fuente o dominio temático está identificado en el universo reunido.	La entrada refiere repositorios agregados, no un estudio/payload canónico abierto con diseño alrededor de umbral.	NO_DETERMINADO hasta verificar la evidencia concreta.	NO_APLICA antes de verificar instrumento y variables.	No se extrapola de la fuente a otras necesidades ni de una ficha temática a evidencia explícita.	Revisión dirigida de MAIN:canon/glosario-v5_6.md; contraste con input y contexto inmutable; sin discovery panorámico.	Identificar un estudio concreto ya indexado, abrir protocolo/datos y verificar umbral, asignación y outcome electoral.
N27	BASE_DE_EVENTOS_DE_PROTESTA_EN_MEXICO	OE-dd233626827fe6c90c301108	FICHA_LOCAL_NO_CONCLUYENTE	MAIN:data/mapa-fuentes-externas-consolidado-2026-08-06.tsv:L27	N27|BASE_DE_EVENTOS_DE_PROTESTA_EN_MEXICO|OE-dd233626827fe6c90c301108	NO_DETERMINADO	CANDIDATA	NO_DETERMINADO	NO_DETERMINADO	NO_DETERMINADO	NO_DETERMINADO	La fuente o dominio temático está identificado en el universo reunido.	La ficha local confirma una base de eventos potencial, pero señala acceso por contacto y codebook no disponible.	NO_DETERMINADO hasta verificar la evidencia concreta.	NO_APLICA antes de verificar instrumento y variables.	No se extrapola de la fuente a otras necesidades ni de una ficha temática a evidencia explícita.	Revisión dirigida de MAIN:data/mapa-fuentes-externas-consolidado-2026-08-06.tsv:L27; contraste con input y contexto inmutable; sin discovery panorámico.	Solicitar acceso puntual a la base y codebook; verificar fecha, actor, demanda, respuesta y geografía.
N27	GDELT	OE-f6d17977c51b480cd7befa6b	FICHA_LOCAL_NO_CONCLUYENTE	MAIN:data/mapa-ext-general-2026-08-06.tsv:L8	N27|GDELT|OE-f6d17977c51b480cd7befa6b	NO_DETERMINADO	La ficha local solo indexa la fuente; no contiene evidencia concreta adjudicable para esta relación.	NO_DETERMINADO	NO_DETERMINADO	NO_DETERMINADO	NO_DETERMINADO	La fuente o dominio temático está identificado en el universo reunido.	La ficha local confirma campos de evento y geografía, no una extracción México depurada ni la construcción específica de esta necesidad.	NO_DETERMINADO hasta verificar la evidencia concreta.	NO_APLICA antes de verificar instrumento y variables.	No se extrapola de la fuente a otras necesidades ni de una ficha temática a evidencia explícita.	Revisión dirigida de MAIN:data/mapa-ext-general-2026-08-06.tsv:L8; contraste con input y contexto inmutable; sin discovery panorámico.	Extraer un universo México acotado, aplicar deduplicación documentada y mapear CAMEO/actores/respuesta al objeto.
N27	GDELT	OE-85252fcf9e78c194cb0179e1	FICHA_LOCAL_NO_CONCLUYENTE	MAIN:data/mapa-fuentes-externas-consolidado-2026-08-06.tsv:L35	N27|GDELT|OE-85252fcf9e78c194cb0179e1	NO_DETERMINADO	CANDIDATA	NO_DETERMINADO	NO_DETERMINADO	NO_DETERMINADO	NO_DETERMINADO	La fuente o dominio temático está identificado en el universo reunido.	La ficha local confirma campos de evento y geografía, no una extracción México depurada ni la construcción específica de esta necesidad.	NO_DETERMINADO hasta verificar la evidencia concreta.	NO_APLICA antes de verificar instrumento y variables.	No se extrapola de la fuente a otras necesidades ni de una ficha temática a evidencia explícita.	Revisión dirigida de MAIN:data/mapa-fuentes-externas-consolidado-2026-08-06.tsv:L35; contraste con input y contexto inmutable; sin discovery panorámico.	Extraer un universo México acotado, aplicar deduplicación documentada y mapear CAMEO/actores/respuesta al objeto.
N27	MASS_MOBILIZATION_DATA_PROJECT_EVENTOS_MEXICO	OE-0bea3b72312f9c70ef4cd391	FICHA_LOCAL_NO_CONCLUYENTE	MAIN:data/mapa-ext-academico-2026-08-06.tsv:L11	N27|MASS_MOBILIZATION_DATA_PROJECT_EVENTOS_MEXICO|OE-0bea3b72312f9c70ef4cd391	NO_DETERMINADO	INDEXADO-NO-DESCARGADO	NO_DETERMINADO	NO_DETERMINADO	NO_DETERMINADO	NO_DETERMINADO	La fuente o dominio temático está identificado en el universo reunido.	El proyecto está indexado, pero el archivo México y su codebook no están descargados ni abiertos localmente.	NO_DETERMINADO hasta verificar la evidencia concreta.	NO_APLICA antes de verificar instrumento y variables.	No se extrapola de la fuente a otras necesidades ni de una ficha temática a evidencia explícita.	Revisión dirigida de MAIN:data/mapa-ext-academico-2026-08-06.tsv:L11; contraste con input y contexto inmutable; sin discovery panorámico.	Obtener archivo y codebook del proyecto; verificar evento, actor, demanda, respuesta, geografía y cobertura temporal para México.
N28	CNGMD	OE-13eecae0edb0a372fa8ecc97	FICHA_LOCAL_NO_CONCLUYENTE	MAIN:data/mapa-ext-general-2026-08-06.tsv:L12	N28|CNGMD|OE-13eecae0edb0a372fa8ecc97	NO_DETERMINADO	La ficha local solo indexa la fuente; no contiene evidencia concreta adjudicable para esta relación.	NO_DETERMINADO	NO_DETERMINADO	NO_DETERMINADO	NO_DETERMINADO	La fuente o dominio temático está identificado en el universo reunido.	La ficha abre el módulo de participación a nivel municipal, pero no mapea comité, contribución sostenida o sanción y no observa conducta individual.	NO_DETERMINADO hasta verificar la evidencia concreta.	NO_APLICA antes de verificar instrumento y variables.	No se extrapola de la fuente a otras necesidades ni de una ficha temática a evidencia explícita.	Revisión dirigida de MAIN:data/mapa-ext-general-2026-08-06.tsv:L12; contraste con input y contexto inmutable; sin discovery panorámico.	Abrir cuestionarios de los módulos 2/7 y mapear variables; usar solo como contexto municipal si no existe unidad individual.
N28	IMPACT_EVALUATION_OF_PARENTAL_EMPOWERMENT_PROGRAM	OE-cf8d6b60756007bb54baf260	FICHA_LOCAL_NO_CONCLUYENTE	MAIN:data/mapa-ext-academico-2026-08-06.tsv:L17	N28|IMPACT_EVALUATION_OF_PARENTAL_EMPOWERMENT_PROGRAM|OE-cf8d6b60756007bb54baf260	NO_DETERMINADO	INDEXADO-NO-DESCARGADO	NO_DETERMINADO	NO_DETERMINADO	NO_DETERMINADO	NO_DETERMINADO	La fuente o dominio temático está identificado en el universo reunido.	La ficha confirma estudio y un archivo endline, pero no abre asignación, llave ni medidas exactas de contribución/sanción.	NO_DETERMINADO hasta verificar la evidencia concreta.	NO_APLICA antes de verificar instrumento y variables.	No se extrapola de la fuente a otras necesidades ni de una ficha temática a evidencia explícita.	Revisión dirigida de MAIN:data/mapa-ext-academico-2026-08-06.tsv:L17; contraste con input y contexto inmutable; sin discovery panorámico.	Abrir DDI/codebook y datos; verificar asignación, llaves, participación parental y outcome escolar.
N28	PUB	OE-720ef5ce31fd46e835c9af4a	FICHA_LOCAL_NO_CONCLUYENTE	MAIN:canon/integrador-psicologia-mexicano.md	N28|PUB|OE-720ef5ce31fd46e835c9af4a	NO_DETERMINADO	Inventario de comités y contribución sostenida con mecanismo de sanción observable.	NO_DETERMINADO	NO_DETERMINADO	NO_DETERMINADO	NO_DETERMINADO	La fuente o dominio temático está identificado en el universo reunido.	El padrón está registrado como EN-DISCO-SIN-VERIFICAR y no hay microdato o diccionario abierto para este objeto.	NO_DETERMINADO hasta verificar la evidencia concreta.	NO_APLICA antes de verificar instrumento y variables.	No se extrapola de la fuente a otras necesidades ni de una ficha temática a evidencia explícita.	Revisión dirigida de MAIN:canon/integrador-psicologia-mexicano.md; contraste con input y contexto inmutable; sin discovery panorámico.	Localizar el payload oficial concreto del padrón y abrir diccionario/llaves antes de evaluar el vínculo causal o de participación.
N29	ENCUESTA_ANUAL_DE_COMPETENCIAS_FINANCIERAS_DE_LA_POBLACION	OE-730f7a0b550a1424e88ebf56	FICHA_LOCAL_NO_CONCLUYENTE	MAIN:data/mapa-ext-general-2026-08-06.tsv:L2	N29|ENCUESTA_ANUAL_DE_COMPETENCIAS_FINANCIERAS_DE_LA_POBLACION|OE-730f7a0b550a1424e88ebf56	NO_DETERMINADO	La ficha local solo indexa la fuente; no contiene evidencia concreta adjudicable para esta relación.	NO_DETERMINADO	NO_DETERMINADO	NO_DETERMINADO	NO_DETERMINADO	La fuente o dominio temático está identificado en el universo reunido.	La ficha documenta microdatos/manuales 2019–2024 y algunos reactivos, pero no el mapeo exacto de este objeto ni comparabilidad entre años.	NO_DETERMINADO hasta verificar la evidencia concreta.	NO_APLICA antes de verificar instrumento y variables.	No se extrapola de la fuente a otras necesidades ni de una ficha temática a evidencia explícita.	Revisión dirigida de MAIN:data/mapa-ext-general-2026-08-06.tsv:L2; contraste con input y contexto inmutable; sin discovery panorámico.	Abrir manual y microdato del año objetivo; verificar texto, codificación, comparabilidad y desenlace coobservado.
N30	ENCOAP	OE-afbccf1f7b1758eeb190c954	FICHA_LOCAL_NO_CONCLUYENTE	MAIN:data/mapa-ext-general-2026-08-06.tsv:L4	N30|ENCOAP|OE-afbccf1f7b1758eeb190c954	NO_DETERMINADO	La ficha local solo indexa la fuente; no contiene evidencia concreta adjudicable para esta relación.	NO_DETERMINADO	NO_DETERMINADO	NO_DETERMINADO	NO_DETERMINADO	La fuente o dominio temático está identificado en el universo reunido.	La ficha local documenta diseño, dominios y acceso, pero deja pendiente el mapeo de variables del objeto.	NO_DETERMINADO hasta verificar la evidencia concreta.	NO_APLICA antes de verificar instrumento y variables.	No se extrapola de la fuente a otras necesidades ni de una ficha temática a evidencia explícita.	Revisión dirigida de MAIN:data/mapa-ext-general-2026-08-06.tsv:L4; contraste con input y contexto inmutable; sin discovery panorámico.	Abrir cuestionario y diccionario ENCOAP; localizar el reactivo y el desenlace exactos exigidos por la necesidad.
N30	ENCOAP	OE-f6187f98195ede5827d421f1	FICHA_LOCAL_NO_CONCLUYENTE	MAIN:data/mapa-fuentes-externas-consolidado-2026-08-06.tsv:L15	N30|ENCOAP|OE-f6187f98195ede5827d421f1	NO_DETERMINADO	ABIERTO-SIN-MAPEO	NO_DETERMINADO	NO_DETERMINADO	NO_DETERMINADO	NO_DETERMINADO	La fuente o dominio temático está identificado en el universo reunido.	La ficha local documenta diseño, dominios y acceso, pero deja pendiente el mapeo de variables del objeto.	NO_DETERMINADO hasta verificar la evidencia concreta.	NO_APLICA antes de verificar instrumento y variables.	No se extrapola de la fuente a otras necesidades ni de una ficha temática a evidencia explícita.	Revisión dirigida de MAIN:data/mapa-fuentes-externas-consolidado-2026-08-06.tsv:L15; contraste con input y contexto inmutable; sin discovery panorámico.	Abrir cuestionario y diccionario ENCOAP; localizar el reactivo y el desenlace exactos exigidos por la necesidad.
N32	MEXICO_ENTERPRISE_SURVEYS_COMPONENTE_PANEL_CANDIDATO_2006_2010	OE-32b1a46c23141f7f5fe25916	FICHA_LOCAL_NO_CONCLUYENTE	MAIN:data/mapa-fuentes-externas-consolidado-2026-08-06.tsv:L7	N32|MEXICO_ENTERPRISE_SURVEYS_COMPONENTE_PANEL_CANDIDATO_2006_2010|OE-32b1a46c23141f7f5fe25916	NO_DETERMINADO	SATISFACE-UMBRAL-DOCUMENTAL	NO_DETERMINADO	NO_DETERMINADO	NO_DETERMINADO	NO_DETERMINADO	La fuente o dominio temático está identificado en el universo reunido.	La documentación registra 293 filas y una llave panel candidata, pero no verifica continuidad, comparabilidad ni las variables específicas de la necesidad.	NO_DETERMINADO hasta verificar la evidencia concreta.	NO_APLICA antes de verificar instrumento y variables.	No se extrapola de la fuente a otras necesidades ni de una ficha temática a evidencia explícita.	Revisión dirigida de MAIN:data/mapa-fuentes-externas-consolidado-2026-08-06.tsv:L7; contraste con input y contexto inmutable; sin discovery panorámico.	Abrir diccionario y archivo panel; comprobar dos observaciones por idPANEL2006 y mapear predictor y desenlace requeridos.
N1	ENCIG	OE-27a5b3ff4507764a40380904	INDICE_O_DOCUMENTACION_INSUFICIENTE	MAIN:README.md;MAIN:canon/estado-programa-v1_10.md;MAIN:canon/glosario-v5_6.md;MAIN:canon/gobernanza-v1_15.md	Relación entre confianza en servidores públicos y pago de mordida en la misma muestra.	NO_DETERMINADO	Relación entre confianza en servidores públicos y pago de mordida en la misma muestra.	NO_DETERMINADO	NO_DETERMINADO	NO_DETERMINADO	NO_DETERMINADO	Existencia o pertinencia temática preliminar de la fuente.	Hay corpus ENCIG local, pero esta relación no trae localizador de reactivo y emparejamiento explícito para la necesidad.	NO_DETERMINADO hasta abrir evidencia concreta.	Mapeo explícito de variables y llave de análisis.	Hay corpus ENCIG local, pero esta relación no trae localizador de reactivo y emparejamiento explícito para la necesidad.	Revisión dirigida de referencias locales ya reunidas; sin discovery panorámico ni propagación entre necesidades.	Abrir diccionario/cuestionario ENCIG local y registrar variables, tabla, llave de unión y universo aplicable a esta necesidad.
N2	GPS	OE-8a46899fd75017e0dac7eacf	INDICE_O_DOCUMENTACION_INSUFICIENTE	MAIN:data/mapa-ext-general-2026-08-06.tsv:L3	APERTURA_INDETERMINADA	NO_DETERMINADO	Solo existe ficha/indexación; no se abrió evidencia concreta suficiente en esta ronda.	NO_DETERMINADO	NO_DETERMINADO	NO_DETERMINADO	NO_DETERMINADO	Existencia o pertinencia temática preliminar de la fuente.	La ficha confirma constructos generales, pero faltan codebook, texto/codificación, n México y desenlace coobservado; la descarga exige aceptar licencia.	NO_DETERMINADO hasta abrir evidencia concreta.	Mapeo explícito de variables y llave de análisis.	La ficha confirma constructos generales, pero faltan codebook, texto/codificación, n México y desenlace coobservado; la descarga exige aceptar licencia.	Revisión dirigida de referencias locales ya reunidas; sin discovery panorámico ni propagación entre necesidades.	Obtener autorización de licencia y abrir codebook/archivo México; localizar el par reactivo–desenlace exacto.
N3	MICROCREDIT_IMPACTS_RANDOMIZED_MICROCREDIT_PROGRAM_PLACEMENT_EXP	OE-0b4087e3279cfa0fe5c27919	INDICE_O_DOCUMENTACION_INSUFICIENTE	MAIN:data/mapa-ext-academico-2026-08-06.tsv:L4	INDEXADO-NO-DESCARGADO	NO_DETERMINADO	INDEXADO-NO-DESCARGADO	NO_DETERMINADO	NO_DETERMINADO	NO_DETERMINADO	NO_DETERMINADO	Existencia o pertinencia temática preliminar de la fuente.	El RCT está indexado y documenta crédito/outcomes, pero no se abrió codebook ni se encontró reactivo explícito del constructo de N3.	NO_DETERMINADO hasta abrir evidencia concreta.	Mapeo explícito de variables y llave de análisis.	El RCT está indexado y documenta crédito/outcomes, pero no se abrió codebook ni se encontró reactivo explícito del constructo de N3.	Revisión dirigida de referencias locales ya reunidas; sin discovery panorámico ni propagación entre necesidades.	Abrir codebook OpenICPSR y buscar el reactivo exacto de sensibilidad de estatus; no inferirlo desde gasto o bienestar.
N4	GPS	OE-beccef6f2f8cbed3a574285d	INDICE_O_DOCUMENTACION_INSUFICIENTE	MAIN:data/mapa-ext-general-2026-08-06.tsv:L3	APERTURA_INDETERMINADA	NO_DETERMINADO	Solo existe ficha/indexación; no se abrió evidencia concreta suficiente en esta ronda.	NO_DETERMINADO	NO_DETERMINADO	NO_DETERMINADO	NO_DETERMINADO	Existencia o pertinencia temática preliminar de la fuente.	La ficha confirma constructos generales, pero faltan codebook, texto/codificación, n México y desenlace coobservado; la descarga exige aceptar licencia.	NO_DETERMINADO hasta abrir evidencia concreta.	Mapeo explícito de variables y llave de análisis.	La ficha confirma constructos generales, pero faltan codebook, texto/codificación, n México y desenlace coobservado; la descarga exige aceptar licencia.	Revisión dirigida de referencias locales ya reunidas; sin discovery panorámico ni propagación entre necesidades.	Obtener autorización de licencia y abrir codebook/archivo México; localizar el par reactivo–desenlace exacto.
N5	FINANZAS	OE-6307d64ad71090b293815f82	INDICE_O_DOCUMENTACION_INSUFICIENTE	MAIN:canon/gobernanza-v1_15.md;MAIN:canon/modelo-decision-v4_0.md;MAIN:corpus/reports/El_Mexicano_y_el_Tiempo__Estructura__no_Cultura__en_la_Planeación_y_el_Compromiso_Temporal.md;MAIN:corpus/reports/Health__Body__Food_and_Substance_Use_in_Mexico__The_Behavioral_Layer_of_Decisions__Environment_and_Structure.md	Diseño longitudinal o experimental que observe horizonte temporal y conducta financiera con potencia útil.	NO_DETERMINADO	Diseño longitudinal o experimental que observe horizonte temporal y conducta financiera con potencia útil.	NO_DETERMINADO	NO_DETERMINADO	NO_DETERMINADO	NO_DETERMINADO	Existencia o pertinencia temática preliminar de la fuente.	La referencia formula una necesidad o hipótesis financiera, pero no identifica un instrumento/payload único ni una variable verificable.	NO_DETERMINADO hasta abrir evidencia concreta.	Mapeo explícito de variables y llave de análisis.	La referencia formula una necesidad o hipótesis financiera, pero no identifica un instrumento/payload único ni una variable verificable.	Revisión dirigida de referencias locales ya reunidas; sin discovery panorámico ni propagación entre necesidades.	Resolver la etiqueta FINANZAS a una fuente canónica concreta ya reunida y abrir su instrumento contra el par requerido.
N5	GPS	OE-c06b564e1c2bf918fe1e6268	INDICE_O_DOCUMENTACION_INSUFICIENTE	MAIN:data/mapa-ext-general-2026-08-06.tsv:L3	APERTURA_INDETERMINADA	NO_DETERMINADO	Solo existe ficha/indexación; no se abrió evidencia concreta suficiente en esta ronda.	NO_DETERMINADO	NO_DETERMINADO	NO_DETERMINADO	NO_DETERMINADO	Existencia o pertinencia temática preliminar de la fuente.	La ficha confirma constructos generales, pero faltan codebook, texto/codificación, n México y desenlace coobservado; la descarga exige aceptar licencia.	NO_DETERMINADO hasta abrir evidencia concreta.	Mapeo explícito de variables y llave de análisis.	La ficha confirma constructos generales, pero faltan codebook, texto/codificación, n México y desenlace coobservado; la descarga exige aceptar licencia.	Revisión dirigida de referencias locales ya reunidas; sin discovery panorámico ni propagación entre necesidades.	Obtener autorización de licencia y abrir codebook/archivo México; localizar el par reactivo–desenlace exacto.
N6	FINANZAS	OE-970f5d310c82d233016d272d	INDICE_O_DOCUMENTACION_INSUFICIENTE	MAIN:canon/modelo-decision-v4_0.md;MAIN:data/abrir4-variables-2026-08-08.tsv;MAIN:data/mapa-ext-general-2026-08-06.tsv;MAIN:forense/REVERIFICACION-DEMANDA-vs-UNIVERSO-2026-08-07-v1_0.md	Reactivo de aversión al riesgo coobservado con conducta de ahorro ante volatilidad.	NO_DETERMINADO	Reactivo de aversión al riesgo coobservado con conducta de ahorro ante volatilidad.	NO_DETERMINADO	NO_DETERMINADO	NO_DETERMINADO	NO_DETERMINADO	Existencia o pertinencia temática preliminar de la fuente.	La referencia formula una necesidad o hipótesis financiera, pero no identifica un instrumento/payload único ni una variable verificable.	NO_DETERMINADO hasta abrir evidencia concreta.	Mapeo explícito de variables y llave de análisis.	La referencia formula una necesidad o hipótesis financiera, pero no identifica un instrumento/payload único ni una variable verificable.	Revisión dirigida de referencias locales ya reunidas; sin discovery panorámico ni propagación entre necesidades.	Resolver la etiqueta FINANZAS a una fuente canónica concreta ya reunida y abrir su instrumento contra el par requerido.
N6	GPS	OE-b8aa8e44f3c2ce01baa1541e	INDICE_O_DOCUMENTACION_INSUFICIENTE	MAIN:data/mapa-ext-general-2026-08-06.tsv:L3	APERTURA_INDETERMINADA	NO_DETERMINADO	Solo existe ficha/indexación; no se abrió evidencia concreta suficiente en esta ronda.	NO_DETERMINADO	NO_DETERMINADO	NO_DETERMINADO	NO_DETERMINADO	Existencia o pertinencia temática preliminar de la fuente.	La ficha confirma constructos generales, pero faltan codebook, texto/codificación, n México y desenlace coobservado; la descarga exige aceptar licencia.	NO_DETERMINADO hasta abrir evidencia concreta.	Mapeo explícito de variables y llave de análisis.	La ficha confirma constructos generales, pero faltan codebook, texto/codificación, n México y desenlace coobservado; la descarga exige aceptar licencia.	Revisión dirigida de referencias locales ya reunidas; sin discovery panorámico ni propagación entre necesidades.	Obtener autorización de licencia y abrir codebook/archivo México; localizar el par reactivo–desenlace exacto.
N8	ENCIG	OE-819aa50dad79d83364ba8f0f	INDICE_O_DOCUMENTACION_INSUFICIENTE	MAIN:canon/gobernanza-v1_15.md;MAIN:canon/integrador-psicologia-mexicano.md;MAIN:canon/modelo-decision-v4_0.md;MAIN:corpus/reports/El_Mexicano_y_el_Tiempo__Estructura__no_Cultura__en_la_Planeación_y_el_Compromiso_Temporal.md	Exposición a violencia y respuesta de ver/oír/callar sin selección determinística por victimización.	NO_DETERMINADO	Exposición a violencia y respuesta de ver/oír/callar sin selección determinística por victimización.	NO_DETERMINADO	NO_DETERMINADO	NO_DETERMINADO	NO_DETERMINADO	Existencia o pertinencia temática preliminar de la fuente.	Hay corpus ENCIG local, pero esta relación no trae localizador de reactivo y emparejamiento explícito para la necesidad.	NO_DETERMINADO hasta abrir evidencia concreta.	Mapeo explícito de variables y llave de análisis.	Hay corpus ENCIG local, pero esta relación no trae localizador de reactivo y emparejamiento explícito para la necesidad.	Revisión dirigida de referencias locales ya reunidas; sin discovery panorámico ni propagación entre necesidades.	Abrir diccionario/cuestionario ENCIG local y registrar variables, tabla, llave de unión y universo aplicable a esta necesidad.
N14	01-	OE-138ce4f6be7cb2ddb42c982a	INDICE_O_DOCUMENTACION_INSUFICIENTE	MAIN:canon/glosario-v5_6.md;MAIN:canon/integrador-psicologia-mexicano.md;MAIN:canon/modelo-decision-v4_0.md;MAIN:corpus/reports/Autoridad_y_jerarquía_en_el_México_contemporáneo__anatomía_psicológica_de_un_sistema_dual.md	Gradiente de confianza coobservado con dificultad financiera/seguro familiar en la misma muestra.	NO_DETERMINADO	Gradiente de confianza coobservado con dificultad financiera/seguro familiar en la misma muestra.	NO_DETERMINADO	NO_DETERMINADO	NO_DETERMINADO	NO_DETERMINADO	Existencia o pertinencia temática preliminar de la fuente.	La etiqueta/fuente no aporta en esta fila un payload e instrumento concreto con las variables requeridas.	NO_DETERMINADO hasta abrir evidencia concreta.	Mapeo explícito de variables y llave de análisis.	La etiqueta/fuente no aporta en esta fila un payload e instrumento concreto con las variables requeridas.	Revisión dirigida de referencias locales ya reunidas; sin discovery panorámico ni propagación entre necesidades.	Resolver a un payload canónico local y abrir tabla/diccionario con unidad, periodo y variables de exposición y desenlace.
N14	FINANZAS	OE-8b29fa956cf1685100bd55ee	INDICE_O_DOCUMENTACION_INSUFICIENTE	MAIN:canon/glosario-v5_6.md;MAIN:canon/integrador-psicologia-mexicano.md;MAIN:canon/modelo-decision-v4_0.md;MAIN:corpus/reports/Autoridad_y_jerarquía_en_el_México_contemporáneo__anatomía_psicológica_de_un_sistema_dual.md	Gradiente de confianza coobservado con dificultad financiera/seguro familiar en la misma muestra.	NO_DETERMINADO	Gradiente de confianza coobservado con dificultad financiera/seguro familiar en la misma muestra.	NO_DETERMINADO	NO_DETERMINADO	NO_DETERMINADO	NO_DETERMINADO	Existencia o pertinencia temática preliminar de la fuente.	La referencia formula una necesidad o hipótesis financiera, pero no identifica un instrumento/payload único ni una variable verificable.	NO_DETERMINADO hasta abrir evidencia concreta.	Mapeo explícito de variables y llave de análisis.	La referencia formula una necesidad o hipótesis financiera, pero no identifica un instrumento/payload único ni una variable verificable.	Revisión dirigida de referencias locales ya reunidas; sin discovery panorámico ni propagación entre necesidades.	Resolver la etiqueta FINANZAS a una fuente canónica concreta ya reunida y abrir su instrumento contra el par requerido.
N15	ESTUDIOS_DE_RECHAZOS_Y_CORPUS_PRAGMATICO_DE_FELIX_BRASDEFER	OE-cdf2629bb15a3bcdec46740a	APERTURA_LOCAL_DELIMITADA	MAIN:data/mapa-ext-general-2026-08-06.tsv:L18	no en un microdato público normalizado	no en un microdato público normalizado	El estudio documenta estrategias de rechazo en muestra puntual, pero no un instrumento con diseño muestral publicado y desenlace G6 coobservable.	NO_DETERMINADO	NO_DETERMINADO	Documento/archivo completo citado	NO_APLICA	Se verificó el contenido y alcance del universo local citado.	No cubre el componente específico de la necesidad.	Evita usar esta fuente como parámetro para esta relación; conserva el límite de medición.	NO_APLICA	Ausencia delimitada al documento/archivo descrito; no afirma inexistencia en otras fuentes o versiones.	Revisión dirigida de referencias locales ya reunidas; sin discovery panorámico ni propagación entre necesidades.	Conservar como negativa fuente-específica; reabrir solo ante un payload distinto que contenga la variable faltante.
N15	GPS	OE-347368c67834a72a5add527d	INDICE_O_DOCUMENTACION_INSUFICIENTE	MAIN:canon/integrador-psicologia-mexicano.md;MAIN:canon/modelo-decision-v4_0.md;MAIN:corpus/reports/Autoridad_y_jerarquía_en_el_México_contemporáneo__anatomía_psicológica_de_un_sistema_dual.md;MAIN:corpus/reports/La_arquitectura_invisible_de_la_interacción_social_en_México.md	Proxy de deferencia con diseño publicado y desenlace laboral/comunicacional en la misma muestra.	NO_DETERMINADO	Proxy de deferencia con diseño publicado y desenlace laboral/comunicacional en la misma muestra.	NO_DETERMINADO	NO_DETERMINADO	NO_DETERMINADO	NO_DETERMINADO	Existencia o pertinencia temática preliminar de la fuente.	La ficha confirma constructos generales, pero faltan codebook, texto/codificación, n México y desenlace coobservado; la descarga exige aceptar licencia.	NO_DETERMINADO hasta abrir evidencia concreta.	Mapeo explícito de variables y llave de análisis.	La ficha confirma constructos generales, pero faltan codebook, texto/codificación, n México y desenlace coobservado; la descarga exige aceptar licencia.	Revisión dirigida de referencias locales ya reunidas; sin discovery panorámico ni propagación entre necesidades.	Obtener autorización de licencia y abrir codebook/archivo México; localizar el par reactivo–desenlace exacto.
N16	ENCIG	OE-fdff082a292e54fde7d4b680	INDICE_O_DOCUMENTACION_INSUFICIENTE	MAIN:canon/modelo-decision-v4_0.md;MAIN:corpus/reports/Psicología_Política_y_Comportamiento_Cívico_del_Mexicano_Contemporáneo__Una_Lectura_Anti-Esencialista_desde_Abajo__2026_.md;MAIN:forense/censo-estimabilidad-coeficientes-v1_0.md;MAIN:forense/cobertura-motor.md	Probabilidad de mordida bajo sanción/testigo, idealmente municipal y triangulada fuera de ENCIG.	NO_DETERMINADO	Probabilidad de mordida bajo sanción/testigo, idealmente municipal y triangulada fuera de ENCIG.	NO_DETERMINADO	NO_DETERMINADO	NO_DETERMINADO	NO_DETERMINADO	Existencia o pertinencia temática preliminar de la fuente.	Hay corpus ENCIG local, pero esta relación no trae localizador de reactivo y emparejamiento explícito para la necesidad.	NO_DETERMINADO hasta abrir evidencia concreta.	Mapeo explícito de variables y llave de análisis.	Hay corpus ENCIG local, pero esta relación no trae localizador de reactivo y emparejamiento explícito para la necesidad.	Revisión dirigida de referencias locales ya reunidas; sin discovery panorámico ni propagación entre necesidades.	Abrir diccionario/cuestionario ENCIG local y registrar variables, tabla, llave de unión y universo aplicable a esta necesidad.
N17	CSES	OE-a85c21b316ca56fe487c9e96	INDICE_O_DOCUMENTACION_INSUFICIENTE	MAIN:data/mapa-ext-general-2026-08-06.tsv:L7	CSES Module 5, Mexico 2018	NO_DETERMINADO	La ficha local confirma pertinencia temática general, no una apertura exhaustiva del instrumento o payload.	NO_DETERMINADO	NO_DETERMINADO	NO_DETERMINADO	NO_DETERMINADO	Existencia y pertinencia temática preliminar de la fuente.	Solo hay descripción panorámica electoral; no se abrió exhaustivamente el codebook/payload para delimitar ausencia de variables de gobierno digital.	NO_DETERMINADO hasta abrir evidencia concreta.	Mapeo explícito de variables y llave de análisis.	Solo hay descripción panorámica electoral; no se abrió exhaustivamente el codebook/payload para delimitar ausencia de variables de gobierno digital.	Revisión supervisor: la ficha panorámica no equivale a apertura exhaustiva ni ausencia delimitada.	Abrir codebook y payload canónico CSES México 2018; buscar literalmente variables de trámite/gobierno digital y documentar el universo revisado.
N17	GPS	OE-93ebba143d4c6d070fb911ce	INDICE_O_DOCUMENTACION_INSUFICIENTE	MAIN:data/mapa-ext-general-2026-08-06.tsv:L3	Global Preferences Survey (GPS)	NO_DETERMINADO	La ficha local confirma pertinencia temática general, no una apertura exhaustiva del instrumento o payload.	NO_DETERMINADO	NO_DETERMINADO	NO_DETERMINADO	NO_DETERMINADO	Existencia y pertinencia temática preliminar de la fuente.	La ficha panorámica enumera constructos preferenciales, pero no constituye apertura exhaustiva del codebook/payload GPS México.	NO_DETERMINADO hasta abrir evidencia concreta.	Mapeo explícito de variables y llave de análisis.	La ficha panorámica enumera constructos preferenciales, pero no constituye apertura exhaustiva del codebook/payload GPS México.	Revisión supervisor: la ficha panorámica no equivale a apertura exhaustiva ni ausencia delimitada.	Con autorización de licencia, abrir codebook y payload GPS México; buscar variables de adopción CoDi/SPEI, coerción, riesgo fiscal y fricción.
N17	MASS_MOBILIZATION_PROTEST_DATA	OE-f6f64575493127412ebb0cf9	INDICE_O_DOCUMENTACION_INSUFICIENTE	MAIN:data/mapa-ext-general-2026-08-06.tsv:L9	Mass Mobilization Protest Data	NO_DETERMINADO	La ficha local confirma pertinencia temática general, no una apertura exhaustiva del instrumento o payload.	NO_DETERMINADO	NO_DETERMINADO	NO_DETERMINADO	NO_DETERMINADO	Existencia y pertinencia temática preliminar de la fuente.	La descripción panorámica del registro de protestas no prueba una apertura exhaustiva del codebook/payload ni permite ausencia delimitada.	NO_DETERMINADO hasta abrir evidencia concreta.	Mapeo explícito de variables y llave de análisis.	La descripción panorámica del registro de protestas no prueba una apertura exhaustiva del codebook/payload ni permite ausencia delimitada.	Revisión supervisor: la ficha panorámica no equivale a apertura exhaustiva ni ausencia delimitada.	Abrir codebook y payload México; verificar campos completos y documentar explícitamente si existe algún vínculo con trámite o gobierno digital.
N17	SERIES_SPEI_CODI_BANXICO	OE-d894d788fed5b863de54b79b	INDICE_O_DOCUMENTACION_INSUFICIENTE	MAIN:data/mapa-fuentes-2026-08-06.tsv:L135	APERTURA_INDETERMINADA	NO_DETERMINADO	Solo existe ficha/indexación; no se abrió evidencia concreta suficiente en esta ronda.	NO_DETERMINADO	NO_DETERMINADO	NO_DETERMINADO	NO_DETERMINADO	Existencia o pertinencia temática preliminar de la fuente.	La puerta Banxico está identificada, pero falta abrir una tabla/serie primaria con identificador, periodo y cifras reconciliadas.	NO_DETERMINADO hasta abrir evidencia concreta.	Mapeo explícito de variables y llave de análisis.	La puerta Banxico está identificada, pero falta abrir una tabla/serie primaria con identificador, periodo y cifras reconciliadas.	Revisión dirigida de referencias locales ya reunidas; sin discovery panorámico ni propagación entre necesidades.	Abrir Informe Anual o catálogo SIE, registrar idSerie/idCuadro y extraer series comparables CoDi/SPEI.
N18	IMSS	OE-a16637199914a6515d84d63e	INDICE_O_DOCUMENTACION_INSUFICIENTE	MAIN:canon/modelo-decision-v4_0.md;MAIN:corpus/reports/Autoridad_y_jerarquía_en_el_México_contemporáneo__anatomía_psicológica_de_un_sistema_dual.md;MAIN:corpus/reports/Psicología_Política_y_Comportamiento_Cívico_del_Mexicano_Contemporáneo__Una_Lectura_Anti-Esencialista_desde_Abajo__2026_.md;MAIN:forense/cobertura-motor.md	Evasión por sanción creíble × utilidad percibida, separando subsistencia y cinismo de clase alta.	NO_DETERMINADO	Evasión por sanción creíble × utilidad percibida, separando subsistencia y cinismo de clase alta.	NO_DETERMINADO	NO_DETERMINADO	NO_DETERMINADO	NO_DETERMINADO	Existencia o pertinencia temática preliminar de la fuente.	La etiqueta/fuente no aporta en esta fila un payload e instrumento concreto con las variables requeridas.	NO_DETERMINADO hasta abrir evidencia concreta.	Mapeo explícito de variables y llave de análisis.	La etiqueta/fuente no aporta en esta fila un payload e instrumento concreto con las variables requeridas.	Revisión dirigida de referencias locales ya reunidas; sin discovery panorámico ni propagación entre necesidades.	Resolver a un payload canónico local y abrir tabla/diccionario con unidad, periodo y variables de exposición y desenlace.
N19	BDIF	OE-3a26c30b380d433254ad2e91	INDICE_O_DOCUMENTACION_INSUFICIENTE	MAIN:data/mapa-fuentes-2026-08-06.tsv:L39	APERTURA_INDETERMINADA	NO_DETERMINADO	Solo existe ficha/indexación; no se abrió evidencia concreta suficiente en esta ronda.	NO_DETERMINADO	NO_DETERMINADO	NO_DETERMINADO	NO_DETERMINADO	Existencia o pertinencia temática preliminar de la fuente.	BDIF está catalogada como inclusión financiera, pero no se abrió una tabla con adopción/rechazo por institución y segmento sin historial.	NO_DETERMINADO hasta abrir evidencia concreta.	Mapeo explícito de variables y llave de análisis.	BDIF está catalogada como inclusión financiera, pero no se abrió una tabla con adopción/rechazo por institución y segmento sin historial.	Revisión dirigida de referencias locales ya reunidas; sin discovery panorámico ni propagación entre necesidades.	Abrir tabla CNBV concreta y verificar denominador, institución, segmento, periodo y motivo de rechazo.
N19	FINANZAS	OE-3def9164ef114d267e5fb6ac	INDICE_O_DOCUMENTACION_INSUFICIENTE	MAIN:canon/glosario-v5_6.md;MAIN:canon/modelo-decision-v4_0.md;MAIN:corpus/forense/Apuestas_Conductuales_sobre_el_Consumidor_Mexicano__Validación_Forense_de_Supuestos_contra_Desenlaces_Reales.md;MAIN:corpus/forense/Crédito_Fácil_y_Sobreendeudamiento_en_México__Escaneo_de_Indicadores_Adelantados_2025-2026.md	Tasas por institución/segmento de adopción y rechazo sin historial.	NO_DETERMINADO	Tasas por institución/segmento de adopción y rechazo sin historial.	NO_DETERMINADO	NO_DETERMINADO	NO_DETERMINADO	NO_DETERMINADO	Existencia o pertinencia temática preliminar de la fuente.	La referencia formula una necesidad o hipótesis financiera, pero no identifica un instrumento/payload único ni una variable verificable.	NO_DETERMINADO hasta abrir evidencia concreta.	Mapeo explícito de variables y llave de análisis.	La referencia formula una necesidad o hipótesis financiera, pero no identifica un instrumento/payload único ni una variable verificable.	Revisión dirigida de referencias locales ya reunidas; sin discovery panorámico ni propagación entre necesidades.	Resolver la etiqueta FINANZAS a una fuente canónica concreta ya reunida y abrir su instrumento contra el par requerido.
N21	SE	OE-42cf47afdecaf4acbd98ab36	INDICE_O_DOCUMENTACION_INSUFICIENTE	MAIN:canon/estado-programa-v1_10.md;MAIN:canon/glosario-v5_6.md;MAIN:canon/gobernanza-v1_15.md;MAIN:canon/modelo-decision-v4_0.md	Compra y prima de marca frente a sustituto en panel de hogares populares.	NO_DETERMINADO	Compra y prima de marca frente a sustituto en panel de hogares populares.	NO_DETERMINADO	NO_DETERMINADO	NO_DETERMINADO	NO_DETERMINADO	Existencia o pertinencia temática preliminar de la fuente.	La evidencia reunida es índice o requisito conceptual; no contiene variable, tabla o resultado concreto suficiente para adjudicar.	NO_DETERMINADO hasta abrir evidencia concreta.	Mapeo explícito de variables y llave de análisis.	La evidencia reunida es índice o requisito conceptual; no contiene variable, tabla o resultado concreto suficiente para adjudicar.	Revisión dirigida de referencias locales ya reunidas; sin discovery panorámico ni propagación entre necesidades.	Abrir el payload canónico ya identificado y localizar variable/tabla exacta, unidad, periodo, codificación y parte faltante.
N22	SE	OE-ba89df5b01f12044531c3a48	APERTURA_LOCAL_DELIMITADA	MAIN:forense/notas/2026-08-08-verif3.md:L250	Cero variables de frecuencia conductual	Cero variables de frecuencia conductual	Se abrió el reporte ECCO completo: no contiene tasa conductual de disenso/reporte de errores, canal pareado ni tipología organizacional requerida.	NO_DETERMINADO	NO_DETERMINADO	Documento/archivo completo citado	NO_APLICA	Se verificó el contenido y alcance del universo local citado.	No cubre el componente específico de la necesidad.	Evita usar esta fuente como parámetro para esta relación; conserva el límite de medición.	NO_APLICA	Ausencia delimitada al documento/archivo descrito; no afirma inexistencia en otras fuentes o versiones.	Revisión dirigida de referencias locales ya reunidas; sin discovery panorámico ni propagación entre necesidades.	Conservar como negativa fuente-específica; reabrir solo ante un payload distinto que contenga la variable faltante.
N24	SERIES_SPEI_CODI_BANXICO	OE-1d551a7bd75c9682788e3c09	INDICE_O_DOCUMENTACION_INSUFICIENTE	MAIN:data/mapa-fuentes-2026-08-06.tsv:L135	APERTURA_INDETERMINADA	NO_DETERMINADO	Solo existe ficha/indexación; no se abrió evidencia concreta suficiente en esta ronda.	NO_DETERMINADO	NO_DETERMINADO	NO_DETERMINADO	NO_DETERMINADO	Existencia o pertinencia temática preliminar de la fuente.	La puerta Banxico está identificada, pero falta abrir una tabla/serie primaria con identificador, periodo y cifras reconciliadas.	NO_DETERMINADO hasta abrir evidencia concreta.	Mapeo explícito de variables y llave de análisis.	La puerta Banxico está identificada, pero falta abrir una tabla/serie primaria con identificador, periodo y cifras reconciliadas.	Revisión dirigida de referencias locales ya reunidas; sin discovery panorámico ni propagación entre necesidades.	Abrir Informe Anual o catálogo SIE, registrar idSerie/idCuadro y extraer series comparables CoDi/SPEI.
N25	COMPARATIVE_STUDY_OF_ELECTORAL_SYSTEMS_MEXICO_2018	OE-6a75b1a2239a134c0f76a622	INDICE_O_DOCUMENTACION_INSUFICIENTE	MAIN:data/mapa-ext-academico-2026-08-06.tsv:L10	INDEXADO-NO-DESCARGADO	NO_DETERMINADO	INDEXADO-NO-DESCARGADO	NO_DETERMINADO	NO_DETERMINADO	NO_DETERMINADO	NO_DETERMINADO	Existencia o pertinencia temática preliminar de la fuente.	Solo hay documentación de diseño/contenido electoral; falta codebook México y la variable exacta exigida por la necesidad.	NO_DETERMINADO hasta abrir evidencia concreta.	Mapeo explícito de variables y llave de análisis.	Solo hay documentación de diseño/contenido electoral; falta codebook México y la variable exacta exigida por la necesidad.	Revisión dirigida de referencias locales ya reunidas; sin discovery panorámico ni propagación entre necesidades.	Abrir codebook y cuestionario México 2018 y documentar variable, codificación y granularidad; cerrar si no aparece el diseño requerido.
N25	CSES	OE-cedf8cc675c79d950d6148cf	INDICE_O_DOCUMENTACION_INSUFICIENTE	MAIN:data/mapa-fuentes-externas-consolidado-2026-08-06.tsv:L12	INDEXADO-NO-DESCARGADO	NO_DETERMINADO	INDEXADO-NO-DESCARGADO	NO_DETERMINADO	NO_DETERMINADO	NO_DETERMINADO	NO_DETERMINADO	Existencia o pertinencia temática preliminar de la fuente.	Solo hay documentación de diseño/contenido electoral; falta codebook México y la variable exacta exigida por la necesidad.	NO_DETERMINADO hasta abrir evidencia concreta.	Mapeo explícito de variables y llave de análisis.	Solo hay documentación de diseño/contenido electoral; falta codebook México y la variable exacta exigida por la necesidad.	Revisión dirigida de referencias locales ya reunidas; sin discovery panorámico ni propagación entre necesidades.	Abrir codebook y cuestionario México 2018 y documentar variable, codificación y granularidad; cerrar si no aparece el diseño requerido.
N25	ENCUP	OE-69905761f187f3a3ed192af6	INDICE_O_DOCUMENTACION_INSUFICIENTE	MAIN:data/mapa-fuentes-2026-08-06.tsv:L26	APERTURA_INDETERMINADA	NO_DETERMINADO	Solo existe ficha/indexación; no se abrió evidencia concreta suficiente en esta ronda.	NO_DETERMINADO	NO_DETERMINADO	NO_DETERMINADO	NO_DETERMINADO	Existencia o pertinencia temática preliminar de la fuente.	Existen cuestionarios y base local, pero la relación electoral N25 no tiene todavía serie municipal pareada por tipo de elección.	NO_DETERMINADO hasta abrir evidencia concreta.	Mapeo explícito de variables y llave de análisis.	Existen cuestionarios y base local, pero la relación electoral N25 no tiene todavía serie municipal pareada por tipo de elección.	Revisión dirigida de referencias locales ya reunidas; sin discovery panorámico ni propagación entre necesidades.	Abrir cuestionario/base ENCUP solo para confirmar unidad geográfica y turnout; si no hay municipio×tipo de elección, cerrar esta relación.
N25	EXPERIMENTO_DE_INFORMACION_ELECTORAL_2009	OE-8f2afe044e85aa01a5d1887e	INDICE_O_DOCUMENTACION_INSUFICIENTE	MAIN:canon/estado-programa-v1_10.md;MAIN:canon/modelo-decision-v4_0.md;MAIN:data/catalogo-fuentes-v2_0.md;MAIN:data/cola-aperturas-externas-2026-08-06.tsv	Serie municipal pareada por tipo de elección.	NO_DETERMINADO	Serie municipal pareada por tipo de elección.	NO_DETERMINADO	NO_DETERMINADO	NO_DETERMINADO	NO_DETERMINADO	Existencia o pertinencia temática preliminar de la fuente.	La documentación describe tratamiento y turnout en 2009, pero no acredita una serie municipal pareada concurrente/no concurrente.	NO_DETERMINADO hasta abrir evidencia concreta.	Mapeo explícito de variables y llave de análisis.	La documentación describe tratamiento y turnout en 2009, pero no acredita una serie municipal pareada concurrente/no concurrente.	Revisión dirigida de referencias locales ya reunidas; sin discovery panorámico ni propagación entre necesidades.	Abrir índice/codebook del paquete y verificar nivel municipal, años y tipo de elección; mantener separado efecto experimental de serie municipal.
N26	CSES	OE-b68e43b5cbf141f527a529c9	INDICE_O_DOCUMENTACION_INSUFICIENTE	MAIN:data/mapa-ext-general-2026-08-06.tsv:L7	APERTURA_INDETERMINADA	NO_DETERMINADO	Solo existe ficha/indexación; no se abrió evidencia concreta suficiente en esta ronda.	NO_DETERMINADO	NO_DETERMINADO	NO_DETERMINADO	NO_DETERMINADO	Existencia o pertinencia temática preliminar de la fuente.	Solo hay documentación de diseño/contenido electoral; falta codebook México y la variable exacta exigida por la necesidad.	NO_DETERMINADO hasta abrir evidencia concreta.	Mapeo explícito de variables y llave de análisis.	Solo hay documentación de diseño/contenido electoral; falta codebook México y la variable exacta exigida por la necesidad.	Revisión dirigida de referencias locales ya reunidas; sin discovery panorámico ni propagación entre necesidades.	Abrir codebook y cuestionario México 2018 y documentar variable, codificación y granularidad; cerrar si no aparece el diseño requerido.
N26	CSES	OE-8d69579f53b76eab7ab312af	INDICE_O_DOCUMENTACION_INSUFICIENTE	MAIN:data/mapa-fuentes-externas-consolidado-2026-08-06.tsv:L12	INDEXADO-NO-DESCARGADO	NO_DETERMINADO	INDEXADO-NO-DESCARGADO	NO_DETERMINADO	NO_DETERMINADO	NO_DETERMINADO	NO_DETERMINADO	Existencia o pertinencia temática preliminar de la fuente.	Solo hay documentación de diseño/contenido electoral; falta codebook México y la variable exacta exigida por la necesidad.	NO_DETERMINADO hasta abrir evidencia concreta.	Mapeo explícito de variables y llave de análisis.	Solo hay documentación de diseño/contenido electoral; falta codebook México y la variable exacta exigida por la necesidad.	Revisión dirigida de referencias locales ya reunidas; sin discovery panorámico ni propagación entre necesidades.	Abrir codebook y cuestionario México 2018 y documentar variable, codificación y granularidad; cerrar si no aparece el diseño requerido.
N27	ACLED	OE-e33de56e4b7fd1b0c81357a2	APERTURA_LOCAL_DELIMITADA	MAIN:forense/notas/2026-08-08-verif3.md:L105	Variables reales	Variables reales	El archivo completo solo tiene Country, Month, Year y Events; está agregado mes×año y carece de evento, actor, agravio, respuesta y entorno urbano/rural.	NO_DETERMINADO	NO_DETERMINADO	Documento/archivo completo citado	NO_APLICA	Se verificó el contenido y alcance del universo local citado.	No cubre el componente específico de la necesidad.	Evita usar esta fuente como parámetro para esta relación; conserva el límite de medición.	NO_APLICA	Ausencia delimitada al documento/archivo descrito; no afirma inexistencia en otras fuentes o versiones.	Revisión dirigida de referencias locales ya reunidas; sin discovery panorámico ni propagación entre necesidades.	Conservar como negativa fuente-específica; reabrir solo ante un payload distinto que contenga la variable faltante.
N27	CSES	OE-a56efe10a720cb6696d3271e	INDICE_O_DOCUMENTACION_INSUFICIENTE	MAIN:data/mapa-ext-general-2026-08-06.tsv:L7	APERTURA_INDETERMINADA	NO_DETERMINADO	Solo existe ficha/indexación; no se abrió evidencia concreta suficiente en esta ronda.	NO_DETERMINADO	NO_DETERMINADO	NO_DETERMINADO	NO_DETERMINADO	Existencia o pertinencia temática preliminar de la fuente.	Solo hay documentación de diseño/contenido electoral; falta codebook México y la variable exacta exigida por la necesidad.	NO_DETERMINADO hasta abrir evidencia concreta.	Mapeo explícito de variables y llave de análisis.	Solo hay documentación de diseño/contenido electoral; falta codebook México y la variable exacta exigida por la necesidad.	Revisión dirigida de referencias locales ya reunidas; sin discovery panorámico ni propagación entre necesidades.	Abrir codebook y cuestionario México 2018 y documentar variable, codificación y granularidad; cerrar si no aparece el diseño requerido.
N27	MASS_MOBILIZATION_PROTEST_DATA	OE-5aa6b367a88c5019bde50c20	INDICE_O_DOCUMENTACION_INSUFICIENTE	MAIN:data/mapa-ext-general-2026-08-06.tsv:L9	APERTURA_INDETERMINADA	NO_DETERMINADO	Solo existe ficha/indexación; no se abrió evidencia concreta suficiente en esta ronda.	NO_DETERMINADO	NO_DETERMINADO	NO_DETERMINADO	NO_DETERMINADO	Existencia o pertinencia temática preliminar de la fuente.	La documentación confirma evento, demanda, actores, respuesta y lugar, pero falta abrir el archivo México y verificar granularidad/entorno.	NO_DETERMINADO hasta abrir evidencia concreta.	Mapeo explícito de variables y llave de análisis.	La documentación confirma evento, demanda, actores, respuesta y lugar, pero falta abrir el archivo México y verificar granularidad/entorno.	Revisión dirigida de referencias locales ya reunidas; sin discovery panorámico ni propagación entre necesidades.	Abrir codebook y archivo México; comprobar localización, actor, respuesta y derivabilidad urbano/rural.
N27	RELLABORALES	OE-ede59336763d11312f8c178e	INDICE_O_DOCUMENTACION_INSUFICIENTE	MAIN:canon/estado-programa-v1_10.md;MAIN:canon/glosario-v5_6.md;MAIN:canon/gobernanza-v1_15.md;MAIN:canon/integrador-psicologia-mexicano.md	Eventos con agravio, actor, respuesta y entorno urbano/rural.	NO_DETERMINADO	Eventos con agravio, actor, respuesta y entorno urbano/rural.	NO_DETERMINADO	NO_DETERMINADO	NO_DETERMINADO	NO_DETERMINADO	Existencia o pertinencia temática preliminar de la fuente.	La etiqueta/fuente no aporta en esta fila un payload e instrumento concreto con las variables requeridas.	NO_DETERMINADO hasta abrir evidencia concreta.	Mapeo explícito de variables y llave de análisis.	La etiqueta/fuente no aporta en esta fila un payload e instrumento concreto con las variables requeridas.	Revisión dirigida de referencias locales ya reunidas; sin discovery panorámico ni propagación entre necesidades.	Resolver a un payload canónico local y abrir tabla/diccionario con unidad, periodo y variables de exposición y desenlace.
N28	SICS	OE-8956933de168361a2512c945	APERTURA_LOCAL_DELIMITADA	MAIN:forense/notas/2026-08-08-verif3.md:L195	variable de sanción o monitoreo a nivel comité	variable de sanción o monitoreo a nivel comité	El CSV completo está agregado nacional×año; no tiene identificador de comité ni variable de sanción/monitoreo, por lo que no permite comparar contribución sostenida.	NO_DETERMINADO	NO_DETERMINADO	Documento/archivo completo citado	NO_APLICA	Se verificó el contenido y alcance del universo local citado.	No cubre el componente específico de la necesidad.	Evita usar esta fuente como parámetro para esta relación; conserva el límite de medición.	NO_APLICA	Ausencia delimitada al documento/archivo descrito; no afirma inexistencia en otras fuentes o versiones.	Revisión dirigida de referencias locales ya reunidas; sin discovery panorámico ni propagación entre necesidades.	Conservar como negativa fuente-específica; reabrir solo ante un payload distinto que contenga la variable faltante.
N29	FINANZAS	OE-d644fa49bac078e3b0ce67b3	INDICE_O_DOCUMENTACION_INSUFICIENTE	MAIN:canon/estado-programa-v1_10.md;MAIN:canon/glosario-v5_6.md;MAIN:canon/integrador-psicologia-mexicano.md;MAIN:corpus/forense/Apuestas_Conductuales_sobre_el_Consumidor_Mexicano__Validación_Forense_de_Supuestos_contra_Desenlaces_Reales.md	Usuario/tanda con participación, cumplimiento, incumplimiento y reputación.	NO_DETERMINADO	Usuario/tanda con participación, cumplimiento, incumplimiento y reputación.	NO_DETERMINADO	NO_DETERMINADO	NO_DETERMINADO	NO_DETERMINADO	Existencia o pertinencia temática preliminar de la fuente.	La referencia formula una necesidad o hipótesis financiera, pero no identifica un instrumento/payload único ni una variable verificable.	NO_DETERMINADO hasta abrir evidencia concreta.	Mapeo explícito de variables y llave de análisis.	La referencia formula una necesidad o hipótesis financiera, pero no identifica un instrumento/payload único ni una variable verificable.	Revisión dirigida de referencias locales ya reunidas; sin discovery panorámico ni propagación entre necesidades.	Resolver la etiqueta FINANZAS a una fuente canónica concreta ya reunida y abrir su instrumento contra el par requerido.
N30	ENBIARE	OE-ee12358875d1e590d07df047	INDICE_O_DOCUMENTACION_INSUFICIENTE	MAIN:canon/estado-programa-v1_10.md;MAIN:canon/glosario-v5_6.md;MAIN:canon/gobernanza-v1_15.md;MAIN:corpus/reports/Mexican_Population_Genomics__2025-2026_Scientific_and_Market_Opportunity_Update.md	Disposición a transar con desconocidos por nivel de enforcement.	NO_DETERMINADO	Disposición a transar con desconocidos por nivel de enforcement.	NO_DETERMINADO	NO_DETERMINADO	NO_DETERMINADO	NO_DETERMINADO	Existencia o pertinencia temática preliminar de la fuente.	El instrumento abierto contiene bienestar y redes, pero no hay localizador de disposición a transar con desconocidos estratificada por enforcement.	NO_DETERMINADO hasta abrir evidencia concreta.	Mapeo explícito de variables y llave de análisis.	El instrumento abierto contiene bienestar y redes, pero no hay localizador de disposición a transar con desconocidos estratificada por enforcement.	Revisión dirigida de referencias locales ya reunidas; sin discovery panorámico ni propagación entre necesidades.	Buscar en el diccionario ENBIARE abierto términos de desconocido, transacción, sanción y confianza; documentar ausencia delimitada si no aparecen.
N31	ESTUDIOS_DE_RECHAZOS_Y_CORPUS_PRAGMATICO_DE_FELIX_BRASDEFER	OE-04360854956741a50504a5b4	APERTURA_LOCAL_DELIMITADA	MAIN:data/mapa-ext-general-2026-08-06.tsv:L18	20 hablantes mexicanos varones universitarios	20 hablantes mexicanos varones universitarios	La evidencia ancla es una muestra universitaria/local; N31 exige replicación fuera de esa muestra y el corpus abierto no aporta el pareo superior/inferior requerido.	NO_DETERMINADO	NO_DETERMINADO	Documento/archivo completo citado	NO_APLICA	Se verificó el contenido y alcance del universo local citado.	No cubre el componente específico de la necesidad.	Evita usar esta fuente como parámetro para esta relación; conserva el límite de medición.	NO_APLICA	Ausencia delimitada al documento/archivo descrito; no afirma inexistencia en otras fuentes o versiones.	Revisión dirigida de referencias locales ya reunidas; sin discovery panorámico ni propagación entre necesidades.	Conservar como negativa fuente-específica; reabrir solo ante un payload distinto que contenga la variable faltante.
N32	SE	OE-d8746552888bcd683139d5bd	APERTURA_LOCAL_DELIMITADA	MAIN:forense/notas/2026-08-08-verif3.md:L250	Cero variables de frecuencia conductual	Cero variables de frecuencia conductual	El reporte ECCO completo contiene promedios perceptuales, no panel organizacional con rotación y desempeño auditado.	NO_DETERMINADO	NO_DETERMINADO	Documento/archivo completo citado	NO_APLICA	Se verificó el contenido y alcance del universo local citado.	No cubre el componente específico de la necesidad.	Evita usar esta fuente como parámetro para esta relación; conserva el límite de medición.	NO_APLICA	Ausencia delimitada al documento/archivo descrito; no afirma inexistencia en otras fuentes o versiones.	Revisión dirigida de referencias locales ya reunidas; sin discovery panorámico ni propagación entre necesidades.	Conservar como negativa fuente-específica; reabrir solo ante un payload distinto que contenga la variable faltante.
