cola_id	capa	entidad_id	relacion_id	tipo_trabajo	semantic_run_id	estado_ejecucion	reporte_ejecucion_ref	intentos_reales	objetos_abiertos	siguiente_accion_original	siguiente_accion	siguiente_accion_tipificada	input_requerido	input_requerido_original	criterio_cierre	prioridad_operativa	reserva	reserva_original	evidencia_ref_accion_original	evidencia_ref_evidencia_original
CRES-0373a936f69c0f2e506cdc18	UNIVERSO_SEMANTICO	REL-0ccb1f487408f4999004b321	REL-0ccb1f487408f4999004b321	BUSQUEDA_DIRIGIDA	SEMRUN-354ccb9dc1023a0bd420d48f	FUENTE_ABIERTA_SIN_OBJETO_REQUERIDO	data/curacion-registro/ejecucion-semantica/runs/SEMRUN-354ccb9dc1023a0bd420d48f/reportes-neutrales/TOBS-SEM-47d76d95481b813570a72c66.json	0	2	Recuperar el reporte canónico y localizar tabla, pregunta, muestra, periodo y codificación de confianza/uso.	Se abrió la fuente/referencia, pero no un objeto que cierre literalmente la acción individual; usar la receta y frontera registradas.	Verificar el localizador exacto ya declarado de REL-0ccb1f487408f4999004b321 con máximo dos intentos y sin discovery panorámico.	Revisión de equivalencia y codificación antes de parametrizar.	Revisión de equivalencia y codificación antes de parametrizar.	EVIDENCIA_LOCALIZADA, NO_ACCESIBLE, NO_DETERMINADO o SIN_RUTA_VIABLE_ACTUAL tras máximo dos intentos.	P3_INDEXADO	Escala/diseño/universo:	Escala/diseño/universo:	MAIN:data/mapa-fuentes-externas-consolidado-2026-08-06.tsv:L4	MAIN:data/mapa-fuentes-externas-consolidado-2026-08-06.tsv
CRES-0530ebb45df13ff07a38a70a	UNIVERSO_SEMANTICO	REL-fb6a1baf579c6521a638b093	REL-fb6a1baf579c6521a638b093	CURADURIA_FUENTE	SEMRUN-354ccb9dc1023a0bd420d48f	EJECUTADA_CON_RESULTADO	data/curacion-registro/ejecucion-semantica/runs/SEMRUN-354ccb9dc1023a0bd420d48f/reportes-neutrales/TOBS-SEM-0a7e53f5637ea276eaa99dcb.json	0	6	Abrir el diccionario ENFIH y localizar texto y codificación exactos para el constructo y su desenlace coobservado.	Se abrió al menos un objeto de datos/documentación y se registró su estructura literal; el juicio semántico permanece separado.	Contrastar procedencia estructurada de REL-fb6a1baf579c6521a638b093 con sus objetos de modelo permitidos y emitir propuesta o reserva.	Revisión de equivalencia y codificación antes de parametrizar.	Revisión de equivalencia y codificación antes de parametrizar.	Propuesta semántica trazable o NO_DETERMINADO con supuesto faltante concreto.	P4_CURADURIA	No se propagó el estado general de la necesidad; requiere evidencia fuente-específica.	No se propagó el estado general de la necesidad; requiere evidencia fuente-específica.	MAIN:canon/estado-programa-v1_10.md;MAIN:canon/glosario-v5_6.md;MAIN:canon/gobernanza-v1_15.md;MAIN:canon/integrador-psicologia-mexicano.md	MAIN:canon/estado-programa-v1_10.md
CRES-061b4177f0001ae762793562	UNIVERSO_SEMANTICO	REL-63835b1a27c62356495d6104	REL-63835b1a27c62356495d6104	BUSQUEDA_DIRIGIDA	SEMRUN-354ccb9dc1023a0bd420d48f	FUENTE_ABIERTA_SIN_OBJETO_REQUERIDO	data/curacion-registro/ejecucion-semantica/runs/SEMRUN-354ccb9dc1023a0bd420d48f/reportes-neutrales/TOBS-SEM-da477e71608689e463ddf79b.json	2	1	Abrir manual y microdato del año objetivo; verificar texto, codificación, comparabilidad y desenlace coobservado.	Se abrió la fuente/referencia, pero no un objeto que cierre literalmente la acción individual; usar la receta y frontera registradas.	Verificar el localizador exacto ya declarado de REL-63835b1a27c62356495d6104 con máximo dos intentos y sin discovery panorámico.	Revisión de equivalencia y codificación antes de parametrizar.	Revisión de equivalencia y codificación antes de parametrizar.	EVIDENCIA_LOCALIZADA, NO_ACCESIBLE, NO_DETERMINADO o SIN_RUTA_VIABLE_ACTUAL tras máximo dos intentos.	P3_INDEXADO	Escala/diseño/universo:	Escala/diseño/universo:	MAIN:data/mapa-ext-general-2026-08-06.tsv:L2	MAIN:data/mapa-ext-general-2026-08-06.tsv:L2
CRES-06980d7f5b68d148e6d70062	UNIVERSO_SEMANTICO	REL-7c92eca186a227ee718864e6	REL-7c92eca186a227ee718864e6	CURADURIA_FUENTE	SEMRUN-354ccb9dc1023a0bd420d48f	EJECUTADA_CON_RESULTADO	data/curacion-registro/ejecucion-semantica/runs/SEMRUN-354ccb9dc1023a0bd420d48f/reportes-neutrales/TOBS-SEM-b845751646740957b69ed664.json	0	6	Obtener diccionario y verificar outcome antes de adjudicar.	Se abrió al menos un objeto de datos/documentación y se registró su estructura literal; el juicio semántico permanece separado.	Contrastar procedencia estructurada de REL-7c92eca186a227ee718864e6 con sus objetos de modelo permitidos y emitir propuesta o reserva.	Revisión de equivalencia y codificación antes de parametrizar.	Revisión de equivalencia y codificación antes de parametrizar.	Propuesta semántica trazable o NO_DETERMINADO con supuesto faltante concreto.	P4_CURADURIA	No se propagó el estado general de la necesidad; requiere evidencia fuente-específica.	No se propagó el estado general de la necesidad; requiere evidencia fuente-específica.	MAIN:canon/modelo-decision-v4_0.md;MAIN:data/abrir4-variables-2026-08-08.tsv;MAIN:data/mapa-ext-general-2026-08-06.tsv;MAIN:forense/REVERIFICACION-DEMANDA-vs-UNIVERSO-2026-08-07-v1_0.md	MAIN:data/abrir4-variables-2026-08-08.tsv:L3
CRES-09feb805a3728c2d57ae6d7f	UNIVERSO_SEMANTICO	REL-20c9e9445e7c52770b6c3b10	REL-20c9e9445e7c52770b6c3b10	BUSQUEDA_DIRIGIDA	SEMRUN-354ccb9dc1023a0bd420d48f	EJECUTADA_CON_RESULTADO	data/curacion-registro/ejecucion-semantica/runs/SEMRUN-354ccb9dc1023a0bd420d48f/reportes-neutrales/TOBS-SEM-04b8623c41b0949b9d8e3f67.json	2	2	Abrir instrumento y tablas del estudio; localizar tratamiento informativo, outcome y estimando pertinente.	Se abrió al menos un objeto de datos/documentación y se registró su estructura literal; el juicio semántico permanece separado.	Verificar el localizador exacto ya declarado de REL-20c9e9445e7c52770b6c3b10 con máximo dos intentos y sin discovery panorámico.	Revisión de equivalencia y codificación antes de parametrizar.	Revisión de equivalencia y codificación antes de parametrizar.	EVIDENCIA_LOCALIZADA, NO_ACCESIBLE, NO_DETERMINADO o SIN_RUTA_VIABLE_ACTUAL tras máximo dos intentos.	P3_INDEXADO	Escala/diseño/universo:	Escala/diseño/universo:	MAIN:data/mapa-fuentes-externas-consolidado-2026-08-06.tsv:L6	MAIN:data/mapa-ext-academico-2026-08-06.tsv
CRES-0b5b9febe7cfa7bb15ca7519	UNIVERSO_SEMANTICO	REL-01ff8326fdbe3c0a4e299a02	REL-01ff8326fdbe3c0a4e299a02	CURADURIA_FUENTE	SEMRUN-354ccb9dc1023a0bd420d48f	EJECUTADA_CON_RESULTADO	data/curacion-registro/ejecucion-semantica/runs/SEMRUN-354ccb9dc1023a0bd420d48f/reportes-neutrales/TOBS-SEM-8fc99b4dfe73c86eb952c3fa.json	0	6	Obtener diccionario oficial y comprobar texto/sentido.	Se abrió al menos un objeto de datos/documentación y se registró su estructura literal; el juicio semántico permanece separado.	Contrastar procedencia estructurada de REL-01ff8326fdbe3c0a4e299a02 con sus objetos de modelo permitidos y emitir propuesta o reserva.	Revisión de equivalencia y codificación antes de parametrizar.	Revisión de equivalencia y codificación antes de parametrizar.	Propuesta semántica trazable o NO_DETERMINADO con supuesto faltante concreto.	P4_CURADURIA	No se propagó el estado general de la necesidad; requiere evidencia fuente-específica.	No se propagó el estado general de la necesidad; requiere evidencia fuente-específica.	MAIN:canon/glosario-v5_6.md;MAIN:canon/integrador-psicologia-mexicano.md;MAIN:canon/modelo-decision-v4_0.md;MAIN:corpus/reports/Autoridad_y_jerarquía_en_el_México_contemporáneo__anatomía_psicológica_de_un_sistema_dual.md	MAIN:data/abrir4-variables-2026-08-08.tsv:L7
CRES-0c34d8f1588cc27b229dc0e2	UNIVERSO_SEMANTICO	REL-4360d0a91e5f8be30916c2b9	REL-4360d0a91e5f8be30916c2b9	BUSQUEDA_DIRIGIDA	SEMRUN-354ccb9dc1023a0bd420d48f	EJECUTADA_CON_RESULTADO	data/curacion-registro/ejecucion-semantica/runs/SEMRUN-354ccb9dc1023a0bd420d48f/reportes-neutrales/TOBS-SEM-91e2ca67738c1d5d4780903f.json	0	5	Obtener el microdato bajo la licencia aplicable y mapear reactivo, codificación y desenlace para México.	Se abrió al menos un objeto de datos/documentación y se registró su estructura literal; el juicio semántico permanece separado.	Verificar el localizador exacto ya declarado de REL-4360d0a91e5f8be30916c2b9 con máximo dos intentos y sin discovery panorámico.	Revisión de equivalencia y codificación antes de parametrizar.	Revisión de equivalencia y codificación antes de parametrizar.	EVIDENCIA_LOCALIZADA, NO_ACCESIBLE, NO_DETERMINADO o SIN_RUTA_VIABLE_ACTUAL tras máximo dos intentos.	P3_INDEXADO	Escala/diseño/universo:	Escala/diseño/universo:	MAIN:data/mapa-fuentes-2026-08-06.tsv:L11	MAIN:forense/hitoE-campana-medicion-v2_0.md
CRES-0c3c21660c0ffabe48ead89a	UNIVERSO_SEMANTICO	REL-7da283a75f336e409f2ff88d	REL-7da283a75f336e409f2ff88d	BUSQUEDA_DIRIGIDA	SEMRUN-354ccb9dc1023a0bd420d48f	EJECUTADA_CON_RESULTADO	data/curacion-registro/ejecucion-semantica/runs/SEMRUN-354ccb9dc1023a0bd420d48f/reportes-neutrales/TOBS-SEM-c93a0ca2e9bcfbbc93712da0.json	0	3	Identificar reactivos antes de solicitar datos.	Se abrió al menos un objeto de datos/documentación y se registró su estructura literal; el juicio semántico permanece separado.	Verificar el localizador exacto ya declarado de REL-7da283a75f336e409f2ff88d con máximo dos intentos y sin discovery panorámico.	Revisión de equivalencia y codificación antes de parametrizar.	Revisión de equivalencia y codificación antes de parametrizar.	EVIDENCIA_LOCALIZADA, NO_ACCESIBLE, NO_DETERMINADO o SIN_RUTA_VIABLE_ACTUAL tras máximo dos intentos.	P3_INDEXADO	Escala/diseño/universo:	Escala/diseño/universo:	MAIN:data/mapa-fuentes-2026-08-06.tsv:L6	MAIN:forense/notas/2026-08-05-p-lapop-microdato.md:L186
CRES-0cf8150dca1031352fb9870b	UNIVERSO_SEMANTICO	REL-107500c8d4873fe4d05bb8e3	REL-107500c8d4873fe4d05bb8e3	BUSQUEDA_DIRIGIDA	SEMRUN-354ccb9dc1023a0bd420d48f	FUENTE_ABIERTA_SIN_OBJETO_REQUERIDO	data/curacion-registro/ejecucion-semantica/runs/SEMRUN-354ccb9dc1023a0bd420d48f/reportes-neutrales/TOBS-SEM-76933346be1da282effa6a02.json	2	1	Obtener archivo/codebook.	Se abrió la fuente/referencia, pero no un objeto que cierre literalmente la acción individual; usar la receta y frontera registradas.	Verificar el localizador exacto ya declarado de REL-107500c8d4873fe4d05bb8e3 con máximo dos intentos y sin discovery panorámico.	Revisión de equivalencia y codificación antes de parametrizar.	Revisión de equivalencia y codificación antes de parametrizar.	EVIDENCIA_LOCALIZADA, NO_ACCESIBLE, NO_DETERMINADO o SIN_RUTA_VIABLE_ACTUAL tras máximo dos intentos.	P3_INDEXADO	Escala/diseño/universo:	Escala/diseño/universo:	MAIN:data/mapa-fuentes-externas-consolidado-2026-08-06.tsv:L13	MAIN:data/mapa-fuentes-externas-consolidado-2026-08-06.tsv:L13
CRES-1134cbb52e6528aef240e651	UNIVERSO_SEMANTICO	REL-e2371e6b0d421f30c496d3da	REL-e2371e6b0d421f30c496d3da	BUSQUEDA_DIRIGIDA	SEMRUN-354ccb9dc1023a0bd420d48f	FUENTE_ABIERTA_SIN_OBJETO_REQUERIDO	data/curacion-registro/ejecucion-semantica/runs/SEMRUN-354ccb9dc1023a0bd420d48f/reportes-neutrales/TOBS-SEM-a7e4abba49020d2232feb785.json	0	1	Abrir diccionario y archivo panel; comprobar dos observaciones por idPANEL2006 y mapear predictor y desenlace requeridos.	Se abrió la fuente/referencia, pero no un objeto que cierre literalmente la acción individual; usar la receta y frontera registradas.	Verificar el localizador exacto ya declarado de REL-e2371e6b0d421f30c496d3da con máximo dos intentos y sin discovery panorámico.	Revisión de equivalencia y codificación antes de parametrizar.	Revisión de equivalencia y codificación antes de parametrizar.	EVIDENCIA_LOCALIZADA, NO_ACCESIBLE, NO_DETERMINADO o SIN_RUTA_VIABLE_ACTUAL tras máximo dos intentos.	P3_INDEXADO	Escala/diseño/universo:	Escala/diseño/universo:	MAIN:data/mapa-fuentes-externas-consolidado-2026-08-06.tsv:L7	MAIN:data/mapa-fuentes-externas-consolidado-2026-08-06.tsv:L7
CRES-13625248d31c788d206411fd	UNIVERSO_SEMANTICO	REL-be38af5d3d025cfda97775c1	REL-be38af5d3d025cfda97775c1	BUSQUEDA_DIRIGIDA	SEMRUN-354ccb9dc1023a0bd420d48f	FUENTE_ABIERTA_SIN_OBJETO_REQUERIDO	data/curacion-registro/ejecucion-semantica/runs/SEMRUN-354ccb9dc1023a0bd420d48f/reportes-neutrales/TOBS-SEM-5211d9cddf15a8eafed6c87a.json	0	2	Abrir diccionario y mapear evento, actor, repertorio, resultado, geografía y periodo.	Se abrió la fuente/referencia, pero no un objeto que cierre literalmente la acción individual; usar la receta y frontera registradas.	Verificar el localizador exacto ya declarado de REL-be38af5d3d025cfda97775c1 con máximo dos intentos y sin discovery panorámico.	Revisión de equivalencia y codificación antes de parametrizar.	Revisión de equivalencia y codificación antes de parametrizar.	EVIDENCIA_LOCALIZADA, NO_ACCESIBLE, NO_DETERMINADO o SIN_RUTA_VIABLE_ACTUAL tras máximo dos intentos.	P3_INDEXADO	Escala/diseño/universo:	Escala/diseño/universo:	MAIN:data/mapa-fuentes-externas-consolidado-2026-08-06.tsv:L25	MAIN:data/mapa-fuentes-externas-consolidado-2026-08-06.tsv
CRES-151c566836d64f20dfc9b1ad	UNIVERSO_SEMANTICO	REL-0b0dac8dd04b5f25133518f8	REL-0b0dac8dd04b5f25133518f8	CURADURIA_FUENTE	SEMRUN-354ccb9dc1023a0bd420d48f	FUENTE_ABIERTA_SIN_OBJETO_REQUERIDO	data/curacion-registro/ejecucion-semantica/runs/SEMRUN-354ccb9dc1023a0bd420d48f/reportes-neutrales/TOBS-SEM-64fd5177eab03a121ff41d1c.json	0	4	Resolver la etiqueta FINANZAS a una fuente canónica concreta ya reunida y abrir su instrumento contra el par requerido.	Se abrió la fuente/referencia, pero no un objeto que cierre literalmente la acción individual; usar la receta y frontera registradas.	Contrastar procedencia estructurada de REL-0b0dac8dd04b5f25133518f8 con sus objetos de modelo permitidos y emitir propuesta o reserva.	Revisión de equivalencia y codificación antes de parametrizar.	Revisión de equivalencia y codificación antes de parametrizar.	Propuesta semántica trazable o NO_DETERMINADO con supuesto faltante concreto.	P4_CURADURIA	No se propagó el estado general de la necesidad; requiere evidencia fuente-específica.	No se propagó el estado general de la necesidad; requiere evidencia fuente-específica.	MAIN:canon/estado-programa-v1_10.md;MAIN:canon/glosario-v5_6.md;MAIN:canon/integrador-psicologia-mexicano.md;MAIN:corpus/forense/Apuestas_Conductuales_sobre_el_Consumidor_Mexicano__Validación_Forense_de_Supuestos_contra_Desenlaces_Reales.md	MAIN:canon/estado-programa-v1_10.md;MAIN:canon/glosario-v5_6.md;MAIN:canon/integrador-psicologia-mexicano.md;MAIN:corpus/forense/Apuestas_Conductuales_sobre_el_Consumidor_Mexicano__Validación_Forense_de_Supuestos_contra_Desenlaces_Reales.md
CRES-18b9ce7af6e32e34df7e741d	UNIVERSO_SEMANTICO	REL-6b71873b3adacde57117ad99	REL-6b71873b3adacde57117ad99	BUSQUEDA_DIRIGIDA	SEMRUN-354ccb9dc1023a0bd420d48f	FUENTE_ABIERTA_SIN_OBJETO_REQUERIDO	data/curacion-registro/ejecucion-semantica/runs/SEMRUN-354ccb9dc1023a0bd420d48f/reportes-neutrales/TOBS-SEM-18fb14c88e975967dd37fe89.json	2	1	Buscar reactivo literal.	Se abrió la fuente/referencia, pero no un objeto que cierre literalmente la acción individual; usar la receta y frontera registradas.	Verificar el localizador exacto ya declarado de REL-6b71873b3adacde57117ad99 con máximo dos intentos y sin discovery panorámico.	Revisión de equivalencia y codificación antes de parametrizar.	Revisión de equivalencia y codificación antes de parametrizar.	EVIDENCIA_LOCALIZADA, NO_ACCESIBLE, NO_DETERMINADO o SIN_RUTA_VIABLE_ACTUAL tras máximo dos intentos.	P3_INDEXADO	Escala/diseño/universo:	Escala/diseño/universo:	MAIN:data/mapa-ext-general-2026-08-06.tsv:L15	MAIN:data/mapa-ext-general-2026-08-06.tsv:L15
CRES-1b3354ba581b288d322c78ed	UNIVERSO_SEMANTICO	REL-50e6d069fd121a8a7cd64fc5	REL-50e6d069fd121a8a7cd64fc5	CURADURIA_FUENTE	SEMRUN-354ccb9dc1023a0bd420d48f	EJECUTADA_CON_RESULTADO	data/curacion-registro/ejecucion-semantica/runs/SEMRUN-354ccb9dc1023a0bd420d48f/reportes-neutrales/TOBS-SEM-64964bf750dc697de788f9df.json	0	7	Abrir el diccionario ENFIH y construir una tabla variable×constructo×desenlace para esta necesidad; verificar coobservación por llave de persona.	Se abrió al menos un objeto de datos/documentación y se registró su estructura literal; el juicio semántico permanece separado.	Contrastar procedencia estructurada de REL-50e6d069fd121a8a7cd64fc5 con sus objetos de modelo permitidos y emitir propuesta o reserva.	Revisión de equivalencia y codificación antes de parametrizar.	Revisión de equivalencia y codificación antes de parametrizar.	Propuesta semántica trazable o NO_DETERMINADO con supuesto faltante concreto.	P4_CURADURIA	No se propagó el estado general de la necesidad; requiere evidencia fuente-específica.	No se propagó el estado general de la necesidad; requiere evidencia fuente-específica.	MAIN:canon/glosario-v5_6.md;MAIN:canon/integrador-psicologia-mexicano.md;MAIN:canon/modelo-decision-v4_0.md;MAIN:corpus/reports/Autoridad_y_jerarquía_en_el_México_contemporáneo__anatomía_psicológica_de_un_sistema_dual.md	MAIN:data/abrir4-variables-2026-08-08.tsv
CRES-1b7410b090962662edaa3420	UNIVERSO_SEMANTICO	REL-3d47f2e740a4b56741e9c6e2	REL-3d47f2e740a4b56741e9c6e2	BUSQUEDA_DIRIGIDA	SEMRUN-354ccb9dc1023a0bd420d48f	FUENTE_ABIERTA_SIN_OBJETO_REQUERIDO	data/curacion-registro/ejecucion-semantica/runs/SEMRUN-354ccb9dc1023a0bd420d48f/reportes-neutrales/TOBS-SEM-b463329c0abf1a4add11f117.json	2	1	Extraer un universo México acotado, aplicar deduplicación documentada y mapear CAMEO/actores/respuesta al objeto.	Se abrió la fuente/referencia, pero no un objeto que cierre literalmente la acción individual; usar la receta y frontera registradas.	Verificar el localizador exacto ya declarado de REL-3d47f2e740a4b56741e9c6e2 con máximo dos intentos y sin discovery panorámico.	Revisión de equivalencia y codificación antes de parametrizar.	Revisión de equivalencia y codificación antes de parametrizar.	EVIDENCIA_LOCALIZADA, NO_ACCESIBLE, NO_DETERMINADO o SIN_RUTA_VIABLE_ACTUAL tras máximo dos intentos.	P3_INDEXADO	Escala/diseño/universo:	Escala/diseño/universo:	MAIN:data/mapa-ext-general-2026-08-06.tsv:L8	MAIN:data/mapa-ext-general-2026-08-06.tsv:L8
CRES-1dd6604e91e81394285bbd80	UNIVERSO_SEMANTICO	REL-0d9c76a2adedc9b9f59984cc	REL-0d9c76a2adedc9b9f59984cc	BUSQUEDA_DIRIGIDA	SEMRUN-354ccb9dc1023a0bd420d48f	FUENTE_ABIERTA_SIN_OBJETO_REQUERIDO	data/curacion-registro/ejecucion-semantica/runs/SEMRUN-354ccb9dc1023a0bd420d48f/reportes-neutrales/TOBS-SEM-dfb5fe672a0ac2f294bad22c.json	0	1	Extraer un universo México acotado, aplicar deduplicación documentada y mapear CAMEO/actores/respuesta al objeto.	Se abrió la fuente/referencia, pero no un objeto que cierre literalmente la acción individual; usar la receta y frontera registradas.	Verificar el localizador exacto ya declarado de REL-0d9c76a2adedc9b9f59984cc con máximo dos intentos y sin discovery panorámico.	Revisión de equivalencia y codificación antes de parametrizar.	Revisión de equivalencia y codificación antes de parametrizar.	EVIDENCIA_LOCALIZADA, NO_ACCESIBLE, NO_DETERMINADO o SIN_RUTA_VIABLE_ACTUAL tras máximo dos intentos.	P3_INDEXADO	Escala/diseño/universo:	Escala/diseño/universo:	MAIN:data/mapa-fuentes-externas-consolidado-2026-08-06.tsv:L35	MAIN:data/mapa-fuentes-externas-consolidado-2026-08-06.tsv:L35
CRES-1e094e400b370a2d9eb0915b	UNIVERSO_SEMANTICO	REL-4773e33ebd7e704a595bbf07	REL-4773e33ebd7e704a595bbf07	CURADURIA_FUENTE	SEMRUN-354ccb9dc1023a0bd420d48f	EJECUTADA_CON_RESULTADO	data/curacion-registro/ejecucion-semantica/runs/SEMRUN-354ccb9dc1023a0bd420d48f/reportes-neutrales/TOBS-SEM-b0c3e8d05d0ca672247a3496.json	0	8	Abrir codebooks por ola y localizar indicador temporal, conducta financiera y llave individual longitudinal.	Se abrió al menos un objeto de datos/documentación y se registró su estructura literal; el juicio semántico permanece separado.	Contrastar procedencia estructurada de REL-4773e33ebd7e704a595bbf07 con sus objetos de modelo permitidos y emitir propuesta o reserva.	Revisión de equivalencia y codificación antes de parametrizar.	Revisión de equivalencia y codificación antes de parametrizar.	Propuesta semántica trazable o NO_DETERMINADO con supuesto faltante concreto.	P4_CURADURIA	No se propagó el estado general de la necesidad; requiere evidencia fuente-específica.	No se propagó el estado general de la necesidad; requiere evidencia fuente-específica.	MAIN:canon/gobernanza-v1_15.md;MAIN:canon/modelo-decision-v4_0.md;MAIN:corpus/reports/El_Mexicano_y_el_Tiempo__Estructura__no_Cultura__en_la_Planeación_y_el_Compromiso_Temporal.md;MAIN:corpus/reports/Health__Body__Food_and_Substance_Use_in_Mexico__The_Behavioral_Layer_of_Decisions__Environment_and_Structure.md	MAIN:forense/matriz-impacto-universal-2026-08-06.md
CRES-1eab09f28978cfd99af79352	UNIVERSO_SEMANTICO	REL-89b5a730c80b52245609d460	REL-89b5a730c80b52245609d460	CURADURIA_FUENTE	SEMRUN-354ccb9dc1023a0bd420d48f	EJECUTADA_CON_RESULTADO	data/curacion-registro/ejecucion-semantica/runs/SEMRUN-354ccb9dc1023a0bd420d48f/reportes-neutrales/TOBS-SEM-5f9f488ccf92800375ddd137.json	0	5	Abrir el cuestionario/diccionario ENSAFI correspondiente y verificar texto, codificación y desenlace coobservado.	Se abrió al menos un objeto de datos/documentación y se registró su estructura literal; el juicio semántico permanece separado.	Contrastar procedencia estructurada de REL-89b5a730c80b52245609d460 con sus objetos de modelo permitidos y emitir propuesta o reserva.	Revisión de equivalencia y codificación antes de parametrizar.	Revisión de equivalencia y codificación antes de parametrizar.	Propuesta semántica trazable o NO_DETERMINADO con supuesto faltante concreto.	P4_CURADURIA	No se propagó el estado general de la necesidad; requiere evidencia fuente-específica.	No se propagó el estado general de la necesidad; requiere evidencia fuente-específica.	MAIN:canon/glosario-v5_6.md;MAIN:canon/gobernanza-v1_15.md;MAIN:canon/modelo-decision-v4_0.md;MAIN:corpus/reports/Health__Body__Food_and_Substance_Use_in_Mexico__The_Behavioral_Layer_of_Decisions__Environment_and_Structure.md	MAIN:canon/glosario-v5_6.md
CRES-20204d3e5212514b47193838	UNIVERSO_SEMANTICO	REL-e74ad11dd79c7485c9704116	REL-e74ad11dd79c7485c9704116	CURADURIA_FUENTE	SEMRUN-354ccb9dc1023a0bd420d48f	FUENTE_ABIERTA_SIN_OBJETO_REQUERIDO	data/curacion-registro/ejecucion-semantica/runs/SEMRUN-354ccb9dc1023a0bd420d48f/reportes-neutrales/TOBS-SEM-1c59a5117e675eec209a01c9.json	0	4	Abrir cuestionario y diccionario ENCOAP; localizar el reactivo y el desenlace exactos exigidos por la necesidad.	Se abrió la fuente/referencia, pero no un objeto que cierre literalmente la acción individual; usar la receta y frontera registradas.	Contrastar procedencia estructurada de REL-e74ad11dd79c7485c9704116 con sus objetos de modelo permitidos y emitir propuesta o reserva.	Revisión de equivalencia y codificación antes de parametrizar.	Revisión de equivalencia y codificación antes de parametrizar.	Propuesta semántica trazable o NO_DETERMINADO con supuesto faltante concreto.	P4_CURADURIA	No se propagó el estado general de la necesidad; requiere evidencia fuente-específica.	No se propagó el estado general de la necesidad; requiere evidencia fuente-específica.	MAIN:canon/modelo-decision-v4_0.md;MAIN:corpus/reports/Psicología_Política_y_Comportamiento_Cívico_del_Mexicano_Contemporáneo__Una_Lectura_Anti-Esencialista_desde_Abajo__2026_.md;MAIN:forense/censo-estimabilidad-coeficientes-v1_0.md;MAIN:forense/cobertura-motor.md	MAIN:canon/modelo-decision-v4_0.md
CRES-2097f3299c1f0df907dfa774	UNIVERSO_SEMANTICO	REL-6b52ae9ea4b72a9f27f01260	REL-6b52ae9ea4b72a9f27f01260	CURADURIA_FUENTE	SEMRUN-354ccb9dc1023a0bd420d48f	EJECUTADA_CON_RESULTADO	data/curacion-registro/ejecucion-semantica/runs/SEMRUN-354ccb9dc1023a0bd420d48f/reportes-neutrales/TOBS-SEM-3669535243e9ee318df0502f.json	0	7	Abrir el diccionario ENFIH y construir una tabla variable×constructo×desenlace para esta necesidad; verificar coobservación por llave de persona.	Se abrió al menos un objeto de datos/documentación y se registró su estructura literal; el juicio semántico permanece separado.	Contrastar procedencia estructurada de REL-6b52ae9ea4b72a9f27f01260 con sus objetos de modelo permitidos y emitir propuesta o reserva.	Revisión de equivalencia y codificación antes de parametrizar.	Revisión de equivalencia y codificación antes de parametrizar.	Propuesta semántica trazable o NO_DETERMINADO con supuesto faltante concreto.	P4_CURADURIA	No se propagó el estado general de la necesidad; requiere evidencia fuente-específica.	No se propagó el estado general de la necesidad; requiere evidencia fuente-específica.	MAIN:canon/glosario-v5_6.md;MAIN:canon/gobernanza-v1_15.md;MAIN:canon/modelo-decision-v4_0.md;MAIN:corpus/reports/La_familia_mexicana_como_sistema_psicológico__entre_el_afecto__la_obligación_y_la_adaptación_económica.md	MAIN:data/abrir4-variables-2026-08-08.tsv
CRES-2098d766405403c4e96685f3	UNIVERSO_SEMANTICO	REL-72ff714a3ba6d0bab952e05f	REL-72ff714a3ba6d0bab952e05f	BUSQUEDA_DIRIGIDA	SEMRUN-354ccb9dc1023a0bd420d48f	FUENTE_ABIERTA_SIN_OBJETO_REQUERIDO	data/curacion-registro/ejecucion-semantica/runs/SEMRUN-354ccb9dc1023a0bd420d48f/reportes-neutrales/TOBS-SEM-ce89bad5829d87356038337d.json	0	1	Obtener codebook México 2017.	Se abrió la fuente/referencia, pero no un objeto que cierre literalmente la acción individual; usar la receta y frontera registradas.	Verificar el localizador exacto ya declarado de REL-72ff714a3ba6d0bab952e05f con máximo dos intentos y sin discovery panorámico.	Revisión de equivalencia y codificación antes de parametrizar.	Revisión de equivalencia y codificación antes de parametrizar.	EVIDENCIA_LOCALIZADA, NO_ACCESIBLE, NO_DETERMINADO o SIN_RUTA_VIABLE_ACTUAL tras máximo dos intentos.	P3_INDEXADO	Escala/diseño/universo:	Escala/diseño/universo:	MAIN:data/mapa-ext-academico-2026-08-06.tsv:L8	MAIN:data/mapa-ext-academico-2026-08-06.tsv:L8
CRES-20e3253aebffff4478d51745	UNIVERSO_SEMANTICO	REL-928de62ad3c403adf193bfc4	REL-928de62ad3c403adf193bfc4	CURADURIA_FUENTE	SEMRUN-354ccb9dc1023a0bd420d48f	EJECUTADA_CON_RESULTADO	data/curacion-registro/ejecucion-semantica/runs/SEMRUN-354ccb9dc1023a0bd420d48f/reportes-neutrales/TOBS-SEM-939f3aa39a8855ab203dc599.json	0	7	Abrir el diccionario ENFIH y construir una tabla variable×constructo×desenlace para esta necesidad; verificar coobservación por llave de persona.	Se abrió al menos un objeto de datos/documentación y se registró su estructura literal; el juicio semántico permanece separado.	Contrastar procedencia estructurada de REL-928de62ad3c403adf193bfc4 con sus objetos de modelo permitidos y emitir propuesta o reserva.	Revisión de equivalencia y codificación antes de parametrizar.	Revisión de equivalencia y codificación antes de parametrizar.	Propuesta semántica trazable o NO_DETERMINADO con supuesto faltante concreto.	P4_CURADURIA	No se propagó el estado general de la necesidad; requiere evidencia fuente-específica.	No se propagó el estado general de la necesidad; requiere evidencia fuente-específica.	MAIN:corpus/reports/El_Efecto_Ambiental_de_la_Violencia_Crónica_en_México__Cómo_el_Miedo_Reorganiza_la_Conducta_Psicológica_de_la_Población.md;MAIN:data/mapa-ext-civil-2026-08-06.tsv;MAIN:data/mapa-ext-civil-2026-08-06.tsv:L20;MAIN:data/mapa-ext-civil-2026-08-06.tsv:L21	MAIN:data/abrir4-variables-2026-08-08.tsv
CRES-21c7affa4a8c44dd2448d3fe	UNIVERSO_SEMANTICO	REL-cf8f5979c73cdbe59cfaf5fd	REL-cf8f5979c73cdbe59cfaf5fd	CURADURIA_FUENTE	SEMRUN-354ccb9dc1023a0bd420d48f	EJECUTADA_CON_RESULTADO	data/curacion-registro/ejecucion-semantica/runs/SEMRUN-354ccb9dc1023a0bd420d48f/reportes-neutrales/TOBS-SEM-f0d04dcf58fab5e70f92fba7.json	0	7	Abrir diccionario/cuestionario ENCIG local y registrar variables, tabla, llave de unión y universo aplicable a esta necesidad.	Se abrió al menos un objeto de datos/documentación y se registró su estructura literal; el juicio semántico permanece separado.	Contrastar procedencia estructurada de REL-cf8f5979c73cdbe59cfaf5fd con sus objetos de modelo permitidos y emitir propuesta o reserva.	Revisión de equivalencia y codificación antes de parametrizar.	Revisión de equivalencia y codificación antes de parametrizar.	Propuesta semántica trazable o NO_DETERMINADO con supuesto faltante concreto.	P4_CURADURIA	No se propagó el estado general de la necesidad; requiere evidencia fuente-específica.	No se propagó el estado general de la necesidad; requiere evidencia fuente-específica.	MAIN:README.md;MAIN:canon/estado-programa-v1_10.md;MAIN:canon/glosario-v5_6.md;MAIN:canon/gobernanza-v1_15.md	MAIN:README.md;MAIN:canon/estado-programa-v1_10.md;MAIN:canon/glosario-v5_6.md;MAIN:canon/gobernanza-v1_15.md
CRES-231ab1bc034fad78c0261c5e	UNIVERSO_SEMANTICO	REL-350211bc943be8bae0c8eea2	REL-350211bc943be8bae0c8eea2	BUSQUEDA_DIRIGIDA	SEMRUN-354ccb9dc1023a0bd420d48f	FUENTE_ABIERTA_SIN_OBJETO_REQUERIDO	data/curacion-registro/ejecucion-semantica/runs/SEMRUN-354ccb9dc1023a0bd420d48f/reportes-neutrales/TOBS-SEM-069a339311b89d89771969d2.json	0	1	Abrir diccionario y archivo panel; comprobar dos observaciones por idPANEL2006 y mapear predictor y desenlace requeridos.	Se abrió la fuente/referencia, pero no un objeto que cierre literalmente la acción individual; usar la receta y frontera registradas.	Verificar el localizador exacto ya declarado de REL-350211bc943be8bae0c8eea2 con máximo dos intentos y sin discovery panorámico.	Revisión de equivalencia y codificación antes de parametrizar.	Revisión de equivalencia y codificación antes de parametrizar.	EVIDENCIA_LOCALIZADA, NO_ACCESIBLE, NO_DETERMINADO o SIN_RUTA_VIABLE_ACTUAL tras máximo dos intentos.	P3_INDEXADO	Escala/diseño/universo:	Escala/diseño/universo:	MAIN:data/mapa-fuentes-externas-consolidado-2026-08-06.tsv:L7	MAIN:data/mapa-fuentes-externas-consolidado-2026-08-06.tsv:L7
CRES-24c309d844fabe1d41b2b559	UNIVERSO_SEMANTICO	REL-3e153324c7506ed0e35a7a70	REL-3e153324c7506ed0e35a7a70	BUSQUEDA_DIRIGIDA	SEMRUN-354ccb9dc1023a0bd420d48f	FUENTE_ABIERTA_SIN_OBJETO_REQUERIDO	data/curacion-registro/ejecucion-semantica/runs/SEMRUN-354ccb9dc1023a0bd420d48f/reportes-neutrales/TOBS-SEM-6cd6a34ef3c6fd7f9148b5e4.json	2	1	Abrir cuestionario.	Se abrió la fuente/referencia, pero no un objeto que cierre literalmente la acción individual; usar la receta y frontera registradas.	Verificar el localizador exacto ya declarado de REL-3e153324c7506ed0e35a7a70 con máximo dos intentos y sin discovery panorámico.	Revisión de equivalencia y codificación antes de parametrizar.	Revisión de equivalencia y codificación antes de parametrizar.	EVIDENCIA_LOCALIZADA, NO_ACCESIBLE, NO_DETERMINADO o SIN_RUTA_VIABLE_ACTUAL tras máximo dos intentos.	P3_INDEXADO	Escala/diseño/universo:	Escala/diseño/universo:	MAIN:data/mapa-ext-general-2026-08-06.tsv:L13	MAIN:data/mapa-ext-general-2026-08-06.tsv:L13
CRES-24f99af255097cae0c4914c4	UNIVERSO_SEMANTICO	REL-18976f4767e5da3c5e572877	REL-18976f4767e5da3c5e572877	CURADURIA_FUENTE	SEMRUN-354ccb9dc1023a0bd420d48f	FUENTE_ABIERTA_SIN_OBJETO_REQUERIDO	data/curacion-registro/ejecucion-semantica/runs/SEMRUN-354ccb9dc1023a0bd420d48f/reportes-neutrales/TOBS-SEM-332233c676bdd722e8c82ef2.json	0	4	Resolver la etiqueta FINANZAS a una fuente canónica concreta ya reunida y abrir su instrumento contra el par requerido.	Se abrió la fuente/referencia, pero no un objeto que cierre literalmente la acción individual; usar la receta y frontera registradas.	Contrastar procedencia estructurada de REL-18976f4767e5da3c5e572877 con sus objetos de modelo permitidos y emitir propuesta o reserva.	Revisión de equivalencia y codificación antes de parametrizar.	Revisión de equivalencia y codificación antes de parametrizar.	Propuesta semántica trazable o NO_DETERMINADO con supuesto faltante concreto.	P4_CURADURIA	No se propagó el estado general de la necesidad; requiere evidencia fuente-específica.	No se propagó el estado general de la necesidad; requiere evidencia fuente-específica.	MAIN:canon/modelo-decision-v4_0.md;MAIN:data/abrir4-variables-2026-08-08.tsv;MAIN:data/mapa-ext-general-2026-08-06.tsv;MAIN:forense/REVERIFICACION-DEMANDA-vs-UNIVERSO-2026-08-07-v1_0.md	MAIN:canon/modelo-decision-v4_0.md;MAIN:data/abrir4-variables-2026-08-08.tsv;MAIN:data/mapa-ext-general-2026-08-06.tsv;MAIN:forense/REVERIFICACION-DEMANDA-vs-UNIVERSO-2026-08-07-v1_0.md
CRES-2d34b5bf51ddc4d85008c02b	UNIVERSO_SEMANTICO	REL-837d54e76ebe85170870493a	REL-837d54e76ebe85170870493a	BUSQUEDA_DIRIGIDA	SEMRUN-354ccb9dc1023a0bd420d48f	FUENTE_ABIERTA_SIN_OBJETO_REQUERIDO	data/curacion-registro/ejecucion-semantica/runs/SEMRUN-354ccb9dc1023a0bd420d48f/reportes-neutrales/TOBS-SEM-97f5b97aaf860cae8ef8d3b3.json	0	2	Abrir tabla específica.	Se abrió la fuente/referencia, pero no un objeto que cierre literalmente la acción individual; usar la receta y frontera registradas.	Verificar el localizador exacto ya declarado de REL-837d54e76ebe85170870493a con máximo dos intentos y sin discovery panorámico.	Revisión de equivalencia y codificación antes de parametrizar.	Revisión de equivalencia y codificación antes de parametrizar.	EVIDENCIA_LOCALIZADA, NO_ACCESIBLE, NO_DETERMINADO o SIN_RUTA_VIABLE_ACTUAL tras máximo dos intentos.	P3_INDEXADO	Escala/diseño/universo:	Escala/diseño/universo:	MAIN:data/mapa-fuentes-2026-08-06.tsv:L37	MAIN:data/inventarios/inventario-fuentes-credito-ahorro-finanzas-hogar-mexico.md:L40
CRES-2df7b3e52769e9e325f5ea07	UNIVERSO_SEMANTICO	REL-4945113fd8870341191221b6	REL-4945113fd8870341191221b6	BUSQUEDA_DIRIGIDA	SEMRUN-354ccb9dc1023a0bd420d48f	FUENTE_ABIERTA_SIN_OBJETO_REQUERIDO	data/curacion-registro/ejecucion-semantica/runs/SEMRUN-354ccb9dc1023a0bd420d48f/reportes-neutrales/TOBS-SEM-d76f868cb61054be3ce40de8.json	0	1	Precisar producto.	Se abrió la fuente/referencia, pero no un objeto que cierre literalmente la acción individual; usar la receta y frontera registradas.	Verificar el localizador exacto ya declarado de REL-4945113fd8870341191221b6 con máximo dos intentos y sin discovery panorámico.	Revisión de equivalencia y codificación antes de parametrizar.	Revisión de equivalencia y codificación antes de parametrizar.	EVIDENCIA_LOCALIZADA, NO_ACCESIBLE, NO_DETERMINADO o SIN_RUTA_VIABLE_ACTUAL tras máximo dos intentos.	P3_INDEXADO	Escala/diseño/universo:	Escala/diseño/universo:	MAIN:data/mapa-fuentes-2026-08-06.tsv:L97	MAIN:data/mapa-fuentes-2026-08-06.tsv:L97
CRES-31b359009acd73373ad84e9b	UNIVERSO_SEMANTICO	REL-ca5ecbdfd4be3728df0e509f	REL-ca5ecbdfd4be3728df0e509f	BUSQUEDA_DIRIGIDA	SEMRUN-354ccb9dc1023a0bd420d48f	REQUIERE_DECISION_HUMANA	data/curacion-registro/ejecucion-semantica/runs/SEMRUN-354ccb9dc1023a0bd420d48f/reportes-neutrales/TOBS-SEM-47b3d1ff0ef31288f235b2de.json	2	1	Obtener autorización de licencia y abrir codebook/archivo México; localizar el par reactivo–desenlace exacto.	La acción exige autorización/licencia y no apareció un objeto descargable abierto en los intentos permitidos.	Verificar el localizador exacto ya declarado de REL-ca5ecbdfd4be3728df0e509f con máximo dos intentos y sin discovery panorámico.	Revisión de equivalencia y codificación antes de parametrizar.	Revisión de equivalencia y codificación antes de parametrizar.	EVIDENCIA_LOCALIZADA, NO_ACCESIBLE, NO_DETERMINADO o SIN_RUTA_VIABLE_ACTUAL tras máximo dos intentos.	P3_INDEXADO	Escala/diseño/universo:	Escala/diseño/universo:	MAIN:data/mapa-ext-general-2026-08-06.tsv:L3	MAIN:data/mapa-ext-general-2026-08-06.tsv:L3
CRES-3292eb8a4022be7851b0841c	UNIVERSO_SEMANTICO	REL-08af2a451bfb04d90902eec4	REL-08af2a451bfb04d90902eec4	BUSQUEDA_DIRIGIDA	SEMRUN-354ccb9dc1023a0bd420d48f	FUENTE_ABIERTA_SIN_OBJETO_REQUERIDO	data/curacion-registro/ejecucion-semantica/runs/SEMRUN-354ccb9dc1023a0bd420d48f/reportes-neutrales/TOBS-SEM-7881289efec51ce9db7b0399.json	2	1	Abrir DDI/codebook y datos; verificar asignación, llaves, participación parental y outcome escolar.	Se abrió la fuente/referencia, pero no un objeto que cierre literalmente la acción individual; usar la receta y frontera registradas.	Verificar el localizador exacto ya declarado de REL-08af2a451bfb04d90902eec4 con máximo dos intentos y sin discovery panorámico.	Revisión de equivalencia y codificación antes de parametrizar.	Revisión de equivalencia y codificación antes de parametrizar.	EVIDENCIA_LOCALIZADA, NO_ACCESIBLE, NO_DETERMINADO o SIN_RUTA_VIABLE_ACTUAL tras máximo dos intentos.	P3_INDEXADO	Escala/diseño/universo:	Escala/diseño/universo:	MAIN:data/mapa-ext-academico-2026-08-06.tsv:L17	MAIN:data/mapa-ext-academico-2026-08-06.tsv:L17
CRES-332913730c7e19663115686c	UNIVERSO_SEMANTICO	REL-32d05d4dc466d048e2961f7b	REL-32d05d4dc466d048e2961f7b	BUSQUEDA_DIRIGIDA	SEMRUN-354ccb9dc1023a0bd420d48f	FUENTE_ABIERTA_SIN_OBJETO_REQUERIDO	data/curacion-registro/ejecucion-semantica/runs/SEMRUN-354ccb9dc1023a0bd420d48f/reportes-neutrales/TOBS-SEM-f3396d8cacc7f843fc26bef0.json	0	1	Obtener archivo y codebook del proyecto; verificar evento, actor, demanda, respuesta, geografía y cobertura temporal para México.	Se abrió la fuente/referencia, pero no un objeto que cierre literalmente la acción individual; usar la receta y frontera registradas.	Verificar el localizador exacto ya declarado de REL-32d05d4dc466d048e2961f7b con máximo dos intentos y sin discovery panorámico.	Revisión de equivalencia y codificación antes de parametrizar.	Revisión de equivalencia y codificación antes de parametrizar.	EVIDENCIA_LOCALIZADA, NO_ACCESIBLE, NO_DETERMINADO o SIN_RUTA_VIABLE_ACTUAL tras máximo dos intentos.	P3_INDEXADO	Escala/diseño/universo:	Escala/diseño/universo:	MAIN:data/mapa-ext-academico-2026-08-06.tsv:L11	MAIN:data/mapa-ext-academico-2026-08-06.tsv:L11
CRES-33ad8a2e8e705998784081d0	UNIVERSO_SEMANTICO	REL-781037a17e27bb2b93e13a63	REL-781037a17e27bb2b93e13a63	CURADURIA_FUENTE	SEMRUN-354ccb9dc1023a0bd420d48f	FUENTE_ABIERTA_SIN_OBJETO_REQUERIDO	data/curacion-registro/ejecucion-semantica/runs/SEMRUN-354ccb9dc1023a0bd420d48f/reportes-neutrales/TOBS-SEM-fd3581cd746da1a56f77ab34.json	0	4	Resolver a un payload canónico local y abrir tabla/diccionario con unidad, periodo y variables de exposición y desenlace.	Se abrió la fuente/referencia, pero no un objeto que cierre literalmente la acción individual; usar la receta y frontera registradas.	Contrastar procedencia estructurada de REL-781037a17e27bb2b93e13a63 con sus objetos de modelo permitidos y emitir propuesta o reserva.	Revisión de equivalencia y codificación antes de parametrizar.	Revisión de equivalencia y codificación antes de parametrizar.	Propuesta semántica trazable o NO_DETERMINADO con supuesto faltante concreto.	P4_CURADURIA	No se propagó el estado general de la necesidad; requiere evidencia fuente-específica.	No se propagó el estado general de la necesidad; requiere evidencia fuente-específica.	MAIN:canon/estado-programa-v1_10.md;MAIN:canon/glosario-v5_6.md;MAIN:canon/gobernanza-v1_15.md;MAIN:canon/integrador-psicologia-mexicano.md	MAIN:canon/estado-programa-v1_10.md;MAIN:canon/glosario-v5_6.md;MAIN:canon/gobernanza-v1_15.md;MAIN:canon/integrador-psicologia-mexicano.md
CRES-3665dee9b2fa82dfcd608986	UNIVERSO_SEMANTICO	REL-f6d34c22618564c885af98e9	REL-f6d34c22618564c885af98e9	BUSQUEDA_DIRIGIDA	SEMRUN-354ccb9dc1023a0bd420d48f	EJECUTADA_CON_RESULTADO	data/curacion-registro/ejecucion-semantica/runs/SEMRUN-354ccb9dc1023a0bd420d48f/reportes-neutrales/TOBS-SEM-d5eeaddbf8a73f2820bbf9e7.json	0	5	Mapear en el cuestionario y microdato ENIF los reactivos de la necesidad y el desenlace, y comprobar que comparten unidad de observación.	Se abrió al menos un objeto de datos/documentación y se registró su estructura literal; el juicio semántico permanece separado.	Verificar el localizador exacto ya declarado de REL-f6d34c22618564c885af98e9 con máximo dos intentos y sin discovery panorámico.	Revisión de equivalencia y codificación antes de parametrizar.	Revisión de equivalencia y codificación antes de parametrizar.	EVIDENCIA_LOCALIZADA, NO_ACCESIBLE, NO_DETERMINADO o SIN_RUTA_VIABLE_ACTUAL tras máximo dos intentos.	P3_INDEXADO	Escala/diseño/universo:	Escala/diseño/universo:	MAIN:data/mapa-fuentes-2026-08-06.tsv:L14	MAIN:forense/hitoE-campana-medicion-v2_0.md
CRES-36a97ce305ba81918cebd0e2	UNIVERSO_SEMANTICO	REL-6ebc288cb21990e446f70262	REL-6ebc288cb21990e446f70262	CURADURIA_FUENTE	SEMRUN-354ccb9dc1023a0bd420d48f	FUENTE_ABIERTA_SIN_OBJETO_REQUERIDO	data/curacion-registro/ejecucion-semantica/runs/SEMRUN-354ccb9dc1023a0bd420d48f/reportes-neutrales/TOBS-SEM-922b2e9c3384d6466cc42f93.json	0	4	Localizar el payload oficial concreto del padrón y abrir diccionario/llaves antes de evaluar el vínculo causal o de participación.	Se abrió la fuente/referencia, pero no un objeto que cierre literalmente la acción individual; usar la receta y frontera registradas.	Contrastar procedencia estructurada de REL-6ebc288cb21990e446f70262 con sus objetos de modelo permitidos y emitir propuesta o reserva.	Revisión de equivalencia y codificación antes de parametrizar.	Revisión de equivalencia y codificación antes de parametrizar.	Propuesta semántica trazable o NO_DETERMINADO con supuesto faltante concreto.	P4_CURADURIA	No se propagó el estado general de la necesidad; requiere evidencia fuente-específica.	No se propagó el estado general de la necesidad; requiere evidencia fuente-específica.	MAIN:canon/integrador-psicologia-mexicano.md;MAIN:corpus/reports/Non-Family_Social_Capital_in_Mexico__Cooperation__Trust__and_Collective_Action_Beyond_Kinship.md;MAIN:data/censo-raices-2026-08-06.tsv;MAIN:data/cola-ext-general-2026-08-06.tsv	MAIN:canon/integrador-psicologia-mexicano.md
CRES-38ddd3a922e01e672c413deb	UNIVERSO_SEMANTICO	REL-845a93bc24990147a394f897	REL-845a93bc24990147a394f897	BUSQUEDA_DIRIGIDA	SEMRUN-354ccb9dc1023a0bd420d48f	EJECUTADA_CON_RESULTADO	data/curacion-registro/ejecucion-semantica/runs/SEMRUN-354ccb9dc1023a0bd420d48f/reportes-neutrales/TOBS-SEM-52463210d7eeb32c9eee8bbf.json	2	1	Abrir codebook.	Se abrió al menos un objeto de datos/documentación y se registró su estructura literal; el juicio semántico permanece separado.	Verificar el localizador exacto ya declarado de REL-845a93bc24990147a394f897 con máximo dos intentos y sin discovery panorámico.	Revisión de equivalencia y codificación antes de parametrizar.	Revisión de equivalencia y codificación antes de parametrizar.	EVIDENCIA_LOCALIZADA, NO_ACCESIBLE, NO_DETERMINADO o SIN_RUTA_VIABLE_ACTUAL tras máximo dos intentos.	P3_INDEXADO	Escala/diseño/universo:	Escala/diseño/universo:	MAIN:data/mapa-ext-general-2026-08-06.tsv:L5	MAIN:data/mapa-ext-general-2026-08-06.tsv:L5
CRES-39f6fdbd0689e151324e7282	UNIVERSO_SEMANTICO	REL-0b6385436015c470992017f1	REL-0b6385436015c470992017f1	CURADURIA_FUENTE	SEMRUN-354ccb9dc1023a0bd420d48f	EJECUTADA_CON_RESULTADO	data/curacion-registro/ejecucion-semantica/runs/SEMRUN-354ccb9dc1023a0bd420d48f/reportes-neutrales/TOBS-SEM-e02239ccb05da1ffe4430c09.json	0	5	Abrir el cuestionario/diccionario ENSAFI correspondiente y verificar texto, codificación y desenlace coobservado.	Se abrió al menos un objeto de datos/documentación y se registró su estructura literal; el juicio semántico permanece separado.	Contrastar procedencia estructurada de REL-0b6385436015c470992017f1 con sus objetos de modelo permitidos y emitir propuesta o reserva.	Revisión de equivalencia y codificación antes de parametrizar.	Revisión de equivalencia y codificación antes de parametrizar.	Propuesta semántica trazable o NO_DETERMINADO con supuesto faltante concreto.	P4_CURADURIA	No se propagó el estado general de la necesidad; requiere evidencia fuente-específica.	No se propagó el estado general de la necesidad; requiere evidencia fuente-específica.	MAIN:canon/glosario-v5_6.md;MAIN:canon/gobernanza-v1_15.md;MAIN:canon/modelo-decision-v4_0.md;MAIN:corpus/reports/La_familia_mexicana_como_sistema_psicológico__entre_el_afecto__la_obligación_y_la_adaptación_económica.md	MAIN:canon/glosario-v5_6.md
CRES-3cc35df5b3a84d9d481cff0b	UNIVERSO_SEMANTICO	REL-8d2952203ec3678f3bd0c473	REL-8d2952203ec3678f3bd0c473	BUSQUEDA_DIRIGIDA	SEMRUN-354ccb9dc1023a0bd420d48f	EJECUTADA_CON_RESULTADO	data/curacion-registro/ejecucion-semantica/runs/SEMRUN-354ccb9dc1023a0bd420d48f/reportes-neutrales/TOBS-SEM-1a49ac4026e27ed901489468.json	2	1	Abrir codebook.	Se abrió al menos un objeto de datos/documentación y se registró su estructura literal; el juicio semántico permanece separado.	Verificar el localizador exacto ya declarado de REL-8d2952203ec3678f3bd0c473 con máximo dos intentos y sin discovery panorámico.	Revisión de equivalencia y codificación antes de parametrizar.	Revisión de equivalencia y codificación antes de parametrizar.	EVIDENCIA_LOCALIZADA, NO_ACCESIBLE, NO_DETERMINADO o SIN_RUTA_VIABLE_ACTUAL tras máximo dos intentos.	P3_INDEXADO	Escala/diseño/universo:	Escala/diseño/universo:	MAIN:data/mapa-ext-general-2026-08-06.tsv:L5	MAIN:data/mapa-ext-general-2026-08-06.tsv:L5
CRES-3df7bce553b3accd67f35811	UNIVERSO_SEMANTICO	REL-dd07107a27bb1a5682a22176	REL-dd07107a27bb1a5682a22176	CURADURIA_FUENTE	SEMRUN-354ccb9dc1023a0bd420d48f	EJECUTADA_CON_RESULTADO	data/curacion-registro/ejecucion-semantica/runs/SEMRUN-354ccb9dc1023a0bd420d48f/reportes-neutrales/TOBS-SEM-4ce5ae71f317b2de47ec1547.json	0	8	Mapear en el cuestionario y microdato ENIF los reactivos de la necesidad y el desenlace, y comprobar que comparten unidad de observación.	Se abrió al menos un objeto de datos/documentación y se registró su estructura literal; el juicio semántico permanece separado.	Contrastar procedencia estructurada de REL-dd07107a27bb1a5682a22176 con sus objetos de modelo permitidos y emitir propuesta o reserva.	Revisión de equivalencia y codificación antes de parametrizar.	Revisión de equivalencia y codificación antes de parametrizar.	Propuesta semántica trazable o NO_DETERMINADO con supuesto faltante concreto.	P4_CURADURIA	No se propagó el estado general de la necesidad; requiere evidencia fuente-específica.	No se propagó el estado general de la necesidad; requiere evidencia fuente-específica.	MAIN:canon/gobernanza-v1_15.md;MAIN:canon/modelo-decision-v4_0.md;MAIN:data/diseno-muestral.yaml;MAIN:forense/REVERIFICACION-DEMANDA-vs-UNIVERSO-2026-08-07-v1_0.md	MAIN:forense/hitoE-campana-medicion-v2_0.md
CRES-42e417da536dfc11afc92e31	UNIVERSO_SEMANTICO	REL-d7d327e72f466b970d040e81	REL-d7d327e72f466b970d040e81	CURADURIA_FUENTE	SEMRUN-354ccb9dc1023a0bd420d48f	EJECUTADA_CON_RESULTADO	data/curacion-registro/ejecucion-semantica/runs/SEMRUN-354ccb9dc1023a0bd420d48f/reportes-neutrales/TOBS-SEM-3b33a263f48eda81649d760e.json	0	5	Abrir el cuestionario/diccionario ENSAFI correspondiente y verificar texto, codificación y desenlace coobservado.	Se abrió al menos un objeto de datos/documentación y se registró su estructura literal; el juicio semántico permanece separado.	Contrastar procedencia estructurada de REL-d7d327e72f466b970d040e81 con sus objetos de modelo permitidos y emitir propuesta o reserva.	Revisión de equivalencia y codificación antes de parametrizar.	Revisión de equivalencia y codificación antes de parametrizar.	Propuesta semántica trazable o NO_DETERMINADO con supuesto faltante concreto.	P4_CURADURIA	No se propagó el estado general de la necesidad; requiere evidencia fuente-específica.	No se propagó el estado general de la necesidad; requiere evidencia fuente-específica.	MAIN:canon/gobernanza-v1_15.md;MAIN:canon/modelo-decision-v4_0.md;MAIN:corpus/reports/El_Mexicano_y_el_Tiempo__Estructura__no_Cultura__en_la_Planeación_y_el_Compromiso_Temporal.md;MAIN:corpus/reports/Health__Body__Food_and_Substance_Use_in_Mexico__The_Behavioral_Layer_of_Decisions__Environment_and_Structure.md	MAIN:canon/gobernanza-v1_15.md
CRES-4311f5cbdef36e4407de9fd7	UNIVERSO_SEMANTICO	REL-ddc381f55d9879a6629a14d4	REL-ddc381f55d9879a6629a14d4	BUSQUEDA_DIRIGIDA	SEMRUN-354ccb9dc1023a0bd420d48f	FUENTE_ABIERTA_SIN_OBJETO_REQUERIDO	data/curacion-registro/ejecucion-semantica/runs/SEMRUN-354ccb9dc1023a0bd420d48f/reportes-neutrales/TOBS-SEM-3831d4c2a43ceb1cb3ec2f12.json	2	2	Abrir cuestionario y codebook 2012 y localizar las variables exactas y su llave longitudinal.	Se abrió la fuente/referencia, pero no un objeto que cierre literalmente la acción individual; usar la receta y frontera registradas.	Verificar el localizador exacto ya declarado de REL-ddc381f55d9879a6629a14d4 con máximo dos intentos y sin discovery panorámico.	Revisión de equivalencia y codificación antes de parametrizar.	Revisión de equivalencia y codificación antes de parametrizar.	EVIDENCIA_LOCALIZADA, NO_ACCESIBLE, NO_DETERMINADO o SIN_RUTA_VIABLE_ACTUAL tras máximo dos intentos.	P3_INDEXADO	Escala/diseño/universo:	Escala/diseño/universo:	MAIN:data/mapa-ext-general-2026-08-06.tsv:L16	MAIN:data/mapa-ext-general-2026-08-06.tsv
CRES-46a5915ffe4af8f3811d435e	UNIVERSO_SEMANTICO	REL-ed3674d93fbcd45914630569	REL-ed3674d93fbcd45914630569	CURADURIA_FUENTE	SEMRUN-354ccb9dc1023a0bd420d48f	EJECUTADA_CON_RESULTADO	data/curacion-registro/ejecucion-semantica/runs/SEMRUN-354ccb9dc1023a0bd420d48f/reportes-neutrales/TOBS-SEM-7903598fa491f55ba986b18a.json	0	5	Abrir el cuestionario/diccionario ENSAFI correspondiente y verificar texto, codificación y desenlace coobservado.	Se abrió al menos un objeto de datos/documentación y se registró su estructura literal; el juicio semántico permanece separado.	Contrastar procedencia estructurada de REL-ed3674d93fbcd45914630569 con sus objetos de modelo permitidos y emitir propuesta o reserva.	Revisión de equivalencia y codificación antes de parametrizar.	Revisión de equivalencia y codificación antes de parametrizar.	Propuesta semántica trazable o NO_DETERMINADO con supuesto faltante concreto.	P4_CURADURIA	No se propagó el estado general de la necesidad; requiere evidencia fuente-específica.	No se propagó el estado general de la necesidad; requiere evidencia fuente-específica.	MAIN:canon/estado-programa-v1_10.md;MAIN:canon/gobernanza-v1_15.md;MAIN:canon/modelo-decision-v4_0.md;MAIN:corpus/forense/Consumo_Aspiracional_en_México__Validación_Forense_del_Modelo_Anti-Esencialista.md	MAIN:canon/estado-programa-v1_10.md
CRES-47a7c78ecd68474a8615ae4e	UNIVERSO_SEMANTICO	REL-60e9df4e4ea6f51ca6e4ddc0	REL-60e9df4e4ea6f51ca6e4ddc0	CURADURIA_FUENTE	SEMRUN-354ccb9dc1023a0bd420d48f	EJECUTADA_CON_RESULTADO	data/curacion-registro/ejecucion-semantica/runs/SEMRUN-354ccb9dc1023a0bd420d48f/reportes-neutrales/TOBS-SEM-5dd856c07993ba83027a0a02.json	0	7	Abrir diccionario/cuestionario ENCIG local y registrar variables, tabla, llave de unión y universo aplicable a esta necesidad.	Se abrió al menos un objeto de datos/documentación y se registró su estructura literal; el juicio semántico permanece separado.	Contrastar procedencia estructurada de REL-60e9df4e4ea6f51ca6e4ddc0 con sus objetos de modelo permitidos y emitir propuesta o reserva.	Revisión de equivalencia y codificación antes de parametrizar.	Revisión de equivalencia y codificación antes de parametrizar.	Propuesta semántica trazable o NO_DETERMINADO con supuesto faltante concreto.	P4_CURADURIA	No se propagó el estado general de la necesidad; requiere evidencia fuente-específica.	No se propagó el estado general de la necesidad; requiere evidencia fuente-específica.	MAIN:canon/gobernanza-v1_15.md;MAIN:canon/integrador-psicologia-mexicano.md;MAIN:canon/modelo-decision-v4_0.md;MAIN:corpus/reports/El_Mexicano_y_el_Tiempo__Estructura__no_Cultura__en_la_Planeación_y_el_Compromiso_Temporal.md	MAIN:canon/gobernanza-v1_15.md;MAIN:canon/integrador-psicologia-mexicano.md;MAIN:canon/modelo-decision-v4_0.md;MAIN:corpus/reports/El_Mexicano_y_el_Tiempo__Estructura__no_Cultura__en_la_Planeación_y_el_Compromiso_Temporal.md
CRES-498790a6717c69a0f56a7232	UNIVERSO_SEMANTICO	REL-6c15fdac77dea33175ef25c5	REL-6c15fdac77dea33175ef25c5	BUSQUEDA_DIRIGIDA	SEMRUN-354ccb9dc1023a0bd420d48f	REQUIERE_DECISION_HUMANA	data/curacion-registro/ejecucion-semantica/runs/SEMRUN-354ccb9dc1023a0bd420d48f/reportes-neutrales/TOBS-SEM-c0927d0bea2dd6d259ba948c.json	0	1	Solicitar acceso puntual a la base y codebook; verificar fecha, actor, demanda, respuesta y geografía.	La acción exige autorización/licencia y no apareció un objeto descargable abierto en los intentos permitidos.	Verificar el localizador exacto ya declarado de REL-6c15fdac77dea33175ef25c5 con máximo dos intentos y sin discovery panorámico.	Revisión de equivalencia y codificación antes de parametrizar.	Revisión de equivalencia y codificación antes de parametrizar.	EVIDENCIA_LOCALIZADA, NO_ACCESIBLE, NO_DETERMINADO o SIN_RUTA_VIABLE_ACTUAL tras máximo dos intentos.	P3_INDEXADO	Escala/diseño/universo:	Escala/diseño/universo:	MAIN:data/mapa-fuentes-externas-consolidado-2026-08-06.tsv:L27	MAIN:data/mapa-fuentes-externas-consolidado-2026-08-06.tsv:L27
CRES-4b38340fbdef5385ec921d71	UNIVERSO_SEMANTICO	REL-7a38c275915e890903752598	REL-7a38c275915e890903752598	BUSQUEDA_DIRIGIDA	SEMRUN-354ccb9dc1023a0bd420d48f	FUENTE_ABIERTA_SIN_OBJETO_REQUERIDO	data/curacion-registro/ejecucion-semantica/runs/SEMRUN-354ccb9dc1023a0bd420d48f/reportes-neutrales/TOBS-SEM-1fc6d358ccb7f33668a1e983.json	0	1	Abrir Informe Anual o catálogo SIE, registrar idSerie/idCuadro y extraer series comparables CoDi/SPEI.	Se abrió la fuente/referencia, pero no un objeto que cierre literalmente la acción individual; usar la receta y frontera registradas.	Verificar el localizador exacto ya declarado de REL-7a38c275915e890903752598 con máximo dos intentos y sin discovery panorámico.	Revisión de equivalencia y codificación antes de parametrizar.	Revisión de equivalencia y codificación antes de parametrizar.	EVIDENCIA_LOCALIZADA, NO_ACCESIBLE, NO_DETERMINADO o SIN_RUTA_VIABLE_ACTUAL tras máximo dos intentos.	P3_INDEXADO	Escala/diseño/universo:	Escala/diseño/universo:	MAIN:data/mapa-fuentes-2026-08-06.tsv:L135	MAIN:data/mapa-fuentes-2026-08-06.tsv:L135
CRES-4ca5f2ff2ec66b2352b7a7e7	UNIVERSO_SEMANTICO	REL-1d9d402e2e1aa77c9c01cb5f	REL-1d9d402e2e1aa77c9c01cb5f	BUSQUEDA_DIRIGIDA	SEMRUN-354ccb9dc1023a0bd420d48f	FUENTE_ABIERTA_SIN_OBJETO_REQUERIDO	data/curacion-registro/ejecucion-semantica/runs/SEMRUN-354ccb9dc1023a0bd420d48f/reportes-neutrales/TOBS-SEM-966292f4d0a0889ec766cfed.json	0	1	Obtener archivo y codebook del proyecto; verificar evento, actor, demanda, respuesta, geografía y cobertura temporal para México.	Se abrió la fuente/referencia, pero no un objeto que cierre literalmente la acción individual; usar la receta y frontera registradas.	Verificar el localizador exacto ya declarado de REL-1d9d402e2e1aa77c9c01cb5f con máximo dos intentos y sin discovery panorámico.	Revisión de equivalencia y codificación antes de parametrizar.	Revisión de equivalencia y codificación antes de parametrizar.	EVIDENCIA_LOCALIZADA, NO_ACCESIBLE, NO_DETERMINADO o SIN_RUTA_VIABLE_ACTUAL tras máximo dos intentos.	P3_INDEXADO	Escala/diseño/universo:	Escala/diseño/universo:	MAIN:data/mapa-ext-academico-2026-08-06.tsv:L11	MAIN:data/mapa-ext-academico-2026-08-06.tsv:L11
CRES-4dd1349468fe1511cc83727e	UNIVERSO_SEMANTICO	REL-382a1f202f13e8134f376a00	REL-382a1f202f13e8134f376a00	BUSQUEDA_DIRIGIDA	SEMRUN-354ccb9dc1023a0bd420d48f	FUENTE_ABIERTA_SIN_OBJETO_REQUERIDO	data/curacion-registro/ejecucion-semantica/runs/SEMRUN-354ccb9dc1023a0bd420d48f/reportes-neutrales/TOBS-SEM-fcc268997e86adb82f932976.json	2	2	Abrir cuestionario y codebook 2012 y localizar las variables exactas y su llave longitudinal.	Se abrió la fuente/referencia, pero no un objeto que cierre literalmente la acción individual; usar la receta y frontera registradas.	Verificar el localizador exacto ya declarado de REL-382a1f202f13e8134f376a00 con máximo dos intentos y sin discovery panorámico.	Revisión de equivalencia y codificación antes de parametrizar.	Revisión de equivalencia y codificación antes de parametrizar.	EVIDENCIA_LOCALIZADA, NO_ACCESIBLE, NO_DETERMINADO o SIN_RUTA_VIABLE_ACTUAL tras máximo dos intentos.	P3_INDEXADO	Escala/diseño/universo:	Escala/diseño/universo:	MAIN:data/mapa-ext-general-2026-08-06.tsv:L16	MAIN:data/mapa-ext-general-2026-08-06.tsv
CRES-4e613028841f5736bbab3def	UNIVERSO_SEMANTICO	REL-c0ffdbcc616f342880df820a	REL-c0ffdbcc616f342880df820a	BUSQUEDA_DIRIGIDA	SEMRUN-354ccb9dc1023a0bd420d48f	NO_ALCANZO_TRAS_INTENTOS	data/curacion-registro/ejecucion-semantica/runs/SEMRUN-354ccb9dc1023a0bd420d48f/reportes-neutrales/TOBS-SEM-3c87404291e3fd010df2fa91.json	2	1	Abrir codebook y cuestionario México 2018 y documentar variable, codificación y granularidad; cerrar si no aparece el diseño requerido.	Los intentos reales terminaron sin HTTP 2xx; continuar solo con acceso alternativo autorizado o localizador corregido.	Verificar el localizador exacto ya declarado de REL-c0ffdbcc616f342880df820a con máximo dos intentos y sin discovery panorámico.	Revisión de equivalencia y codificación antes de parametrizar.	Revisión de equivalencia y codificación antes de parametrizar.	EVIDENCIA_LOCALIZADA, NO_ACCESIBLE, NO_DETERMINADO o SIN_RUTA_VIABLE_ACTUAL tras máximo dos intentos.	P3_INDEXADO	Escala/diseño/universo:	Escala/diseño/universo:	MAIN:data/mapa-ext-general-2026-08-06.tsv:L7	MAIN:data/mapa-ext-general-2026-08-06.tsv:L7
CRES-4f8fc508829a2cb448471276	UNIVERSO_SEMANTICO	REL-45672e7d7c5ac7c69edaede4	REL-45672e7d7c5ac7c69edaede4	CURADURIA_FUENTE	SEMRUN-354ccb9dc1023a0bd420d48f	EJECUTADA_CON_RESULTADO	data/curacion-registro/ejecucion-semantica/runs/SEMRUN-354ccb9dc1023a0bd420d48f/reportes-neutrales/TOBS-SEM-5387b712908d44e17c1ed68d.json	0	6	Abrir el diccionario ENFIH y construir una tabla variable×constructo×desenlace para esta necesidad; verificar coobservación por llave de persona.	Se abrió al menos un objeto de datos/documentación y se registró su estructura literal; el juicio semántico permanece separado.	Contrastar procedencia estructurada de REL-45672e7d7c5ac7c69edaede4 con sus objetos de modelo permitidos y emitir propuesta o reserva.	Revisión de equivalencia y codificación antes de parametrizar.	Revisión de equivalencia y codificación antes de parametrizar.	Propuesta semántica trazable o NO_DETERMINADO con supuesto faltante concreto.	P4_CURADURIA	No se propagó el estado general de la necesidad; requiere evidencia fuente-específica.	No se propagó el estado general de la necesidad; requiere evidencia fuente-específica.	MAIN:canon/modelo-decision-v4_0.md;MAIN:data/abrir4-variables-2026-08-08.tsv;MAIN:data/abrir4-variables-2026-08-08.tsv:L10;MAIN:data/mapa-ext-general-2026-08-06.tsv	MAIN:data/abrir4-variables-2026-08-08.tsv
CRES-53f4656dae7d91d7157920e6	UNIVERSO_SEMANTICO	REL-c6870668d94d02dded8c4126	REL-c6870668d94d02dded8c4126	CURADURIA_FUENTE	SEMRUN-354ccb9dc1023a0bd420d48f	FUENTE_ABIERTA_SIN_OBJETO_REQUERIDO	data/curacion-registro/ejecucion-semantica/runs/SEMRUN-354ccb9dc1023a0bd420d48f/reportes-neutrales/TOBS-SEM-62eecdbd86a466771ad58b2e.json	0	5	Abrir instrumento, ficha muestral y resultados CCPV; verificar cobertura geográfica y réplica del estimando original.	Se abrió la fuente/referencia, pero no un objeto que cierre literalmente la acción individual; usar la receta y frontera registradas.	Contrastar procedencia estructurada de REL-c6870668d94d02dded8c4126 con sus objetos de modelo permitidos y emitir propuesta o reserva.	Revisión de equivalencia y codificación antes de parametrizar.	Revisión de equivalencia y codificación antes de parametrizar.	Propuesta semántica trazable o NO_DETERMINADO con supuesto faltante concreto.	P4_CURADURIA	No se propagó el estado general de la necesidad; requiere evidencia fuente-específica.	No se propagó el estado general de la necesidad; requiere evidencia fuente-específica.	MAIN:canon/glosario-v5_6.md;MAIN:corpus/reports/El_México_Rural_e_Indígena_en_sus_Propios_Términos__Comunalidad__Autoridad_y_Reciprocidad_como_Sistemas_con_Lógica_Propia.md;MAIN:corpus/reports/La_arquitectura_invisible_de_la_interacción_social_en_México.md;MAIN:corpus/reports/Psychology_of_Mexico-US_Migration__Identity__Family__Aspiration__and_Wellbeing_in_2025.md	MAIN:forense/hitoE-campana-medicion-v2_0.md
CRES-5a09c17af424dbfc366e6661	UNIVERSO_SEMANTICO	REL-12b348704acbcdd4b811185b	REL-12b348704acbcdd4b811185b	CURADURIA_FUENTE	SEMRUN-354ccb9dc1023a0bd420d48f	EJECUTADA_CON_RESULTADO	data/curacion-registro/ejecucion-semantica/runs/SEMRUN-354ccb9dc1023a0bd420d48f/reportes-neutrales/TOBS-SEM-da41c3d453efb5fd12e8571e.json	0	5	Abrir el cuestionario/diccionario ENSAFI correspondiente y verificar texto, codificación y desenlace coobservado.	Se abrió al menos un objeto de datos/documentación y se registró su estructura literal; el juicio semántico permanece separado.	Contrastar procedencia estructurada de REL-12b348704acbcdd4b811185b con sus objetos de modelo permitidos y emitir propuesta o reserva.	Revisión de equivalencia y codificación antes de parametrizar.	Revisión de equivalencia y codificación antes de parametrizar.	Propuesta semántica trazable o NO_DETERMINADO con supuesto faltante concreto.	P4_CURADURIA	No se propagó el estado general de la necesidad; requiere evidencia fuente-específica.	No se propagó el estado general de la necesidad; requiere evidencia fuente-específica.	MAIN:data/abrir4-variables-2026-08-08.tsv;MAIN:data/abrir4-variables-2026-08-08.tsv:L2;MAIN:forense/encargos/2026-08-07-abrir-4.md;MAIN:forense/hitoE-campana-medicion-v2_0.md	MAIN:data/abrir4-variables-2026-08-08.tsv
CRES-5a7bbb625bfd9a3453f8f3a6	UNIVERSO_SEMANTICO	REL-8b8dd24f3edbc5fd0b11d4a4	REL-8b8dd24f3edbc5fd0b11d4a4	BUSQUEDA_DIRIGIDA	SEMRUN-354ccb9dc1023a0bd420d48f	FUENTE_ABIERTA_SIN_OBJETO_REQUERIDO	data/curacion-registro/ejecucion-semantica/runs/SEMRUN-354ccb9dc1023a0bd420d48f/reportes-neutrales/TOBS-SEM-e6713155b4e615bd21e9e286.json	0	1	Abrir tabla CNBV concreta y verificar denominador, institución, segmento, periodo y motivo de rechazo.	Se abrió la fuente/referencia, pero no un objeto que cierre literalmente la acción individual; usar la receta y frontera registradas.	Verificar el localizador exacto ya declarado de REL-8b8dd24f3edbc5fd0b11d4a4 con máximo dos intentos y sin discovery panorámico.	Revisión de equivalencia y codificación antes de parametrizar.	Revisión de equivalencia y codificación antes de parametrizar.	EVIDENCIA_LOCALIZADA, NO_ACCESIBLE, NO_DETERMINADO o SIN_RUTA_VIABLE_ACTUAL tras máximo dos intentos.	P3_INDEXADO	Escala/diseño/universo:	Escala/diseño/universo:	MAIN:data/mapa-fuentes-2026-08-06.tsv:L39	MAIN:data/mapa-fuentes-2026-08-06.tsv:L39
CRES-5beaec30a89b85a3cdf7bb42	UNIVERSO_SEMANTICO	REL-87b4ab08a7e1b65f965ffb88	REL-87b4ab08a7e1b65f965ffb88	ANALISIS_MEDICION	SEMRUN-354ccb9dc1023a0bd420d48f	BLOQUEADA_INPUT_FALTANTE	data/curacion-registro/ejecucion-semantica/runs/SEMRUN-354ccb9dc1023a0bd420d48f/reportes-neutrales/TOBS-SEM-498db14e3698b86d3b8fd854.json	0	2	Mapear cuestionario y tabulados 2019–2024 a la necesidad, con periodo, unidad y codificación.	No existe especificación ejecutable: faltan estimando,poblacion,unidad,variables,codificacion,ponderacion,diseno,transformacion,incertidumbre	Definir especificación completa antes de calcular sobre la evidencia abierta de REL-87b4ab08a7e1b65f965ffb88.	Revisión de equivalencia y codificación antes de parametrizar.	Revisión de equivalencia y codificación antes de parametrizar.	Resultado reproducible o NO_DETERMINADO por campo material faltante.	P2_ADQUIRIDO_ABIERTO	Escala/diseño/universo:	Escala/diseño/universo:	MAIN:data/mapa-fuentes-externas-consolidado-2026-08-06.tsv:L3	MAIN:data/mapa-fuentes-externas-consolidado-2026-08-06.tsv
CRES-5c293cd8c4d482f29ec12fda	UNIVERSO_SEMANTICO	REL-a750d90d3d9e1e19938fa8c4	REL-a750d90d3d9e1e19938fa8c4	CURADURIA_FUENTE	SEMRUN-354ccb9dc1023a0bd420d48f	EJECUTADA_CON_RESULTADO	data/curacion-registro/ejecucion-semantica/runs/SEMRUN-354ccb9dc1023a0bd420d48f/reportes-neutrales/TOBS-SEM-1aef57dff356cf0c7dabff27.json	0	7	Abrir cuestionario/diccionario ENBIARE y localizar texto, codificación y llave del reactivo junto con el desenlace requerido.	Se abrió al menos un objeto de datos/documentación y se registró su estructura literal; el juicio semántico permanece separado.	Contrastar procedencia estructurada de REL-a750d90d3d9e1e19938fa8c4 con sus objetos de modelo permitidos y emitir propuesta o reserva.	Revisión de equivalencia y codificación antes de parametrizar.	Revisión de equivalencia y codificación antes de parametrizar.	Propuesta semántica trazable o NO_DETERMINADO con supuesto faltante concreto.	P4_CURADURIA	No se propagó el estado general de la necesidad; requiere evidencia fuente-específica.	No se propagó el estado general de la necesidad; requiere evidencia fuente-específica.	MAIN:canon/glosario-v5_6.md;MAIN:canon/gobernanza-v1_15.md;MAIN:canon/modelo-decision-v4_0.md;MAIN:corpus/reports/Health__Body__Food_and_Substance_Use_in_Mexico__The_Behavioral_Layer_of_Decisions__Environment_and_Structure.md	MAIN:forense/matriz-impacto-universal-2026-08-06.md
CRES-5c5e63e6c3b3a93120a40ecf	UNIVERSO_SEMANTICO	REL-dc5971db0730ed2876fdb5b3	REL-dc5971db0730ed2876fdb5b3	BUSQUEDA_DIRIGIDA	SEMRUN-354ccb9dc1023a0bd420d48f	FUENTE_ABIERTA_SIN_OBJETO_REQUERIDO	data/curacion-registro/ejecucion-semantica/runs/SEMRUN-354ccb9dc1023a0bd420d48f/reportes-neutrales/TOBS-SEM-ea41fbae11a4da76ce899f9e.json	2	1	Abrir codebook.	Se abrió la fuente/referencia, pero no un objeto que cierre literalmente la acción individual; usar la receta y frontera registradas.	Verificar el localizador exacto ya declarado de REL-dc5971db0730ed2876fdb5b3 con máximo dos intentos y sin discovery panorámico.	Revisión de equivalencia y codificación antes de parametrizar.	Revisión de equivalencia y codificación antes de parametrizar.	EVIDENCIA_LOCALIZADA, NO_ACCESIBLE, NO_DETERMINADO o SIN_RUTA_VIABLE_ACTUAL tras máximo dos intentos.	P3_INDEXADO	Escala/diseño/universo:	Escala/diseño/universo:	MAIN:data/mapa-ext-general-2026-08-06.tsv:L13	MAIN:data/mapa-ext-general-2026-08-06.tsv:L13
CRES-5caa9cf7af8421a13ac1cc8f	UNIVERSO_SEMANTICO	REL-0a4bbf31b54c5ce3565ba753	REL-0a4bbf31b54c5ce3565ba753	BUSQUEDA_DIRIGIDA	SEMRUN-354ccb9dc1023a0bd420d48f	FUENTE_ABIERTA_SIN_OBJETO_REQUERIDO	data/curacion-registro/ejecucion-semantica/runs/SEMRUN-354ccb9dc1023a0bd420d48f/reportes-neutrales/TOBS-SEM-9e0b4d107a72775a16bde39e.json	0	1	Localizar el payload oficial concreto del padrón y abrir diccionario/llaves antes de evaluar el vínculo causal o de participación.	Se abrió la fuente/referencia, pero no un objeto que cierre literalmente la acción individual; usar la receta y frontera registradas.	Verificar el localizador exacto ya declarado de REL-0a4bbf31b54c5ce3565ba753 con máximo dos intentos y sin discovery panorámico.	Revisión de equivalencia y codificación antes de parametrizar.	Revisión de equivalencia y codificación antes de parametrizar.	EVIDENCIA_LOCALIZADA, NO_ACCESIBLE, NO_DETERMINADO o SIN_RUTA_VIABLE_ACTUAL tras máximo dos intentos.	P3_INDEXADO	Escala/diseño/universo:	Escala/diseño/universo:	MAIN:data/mapa-fuentes-2026-08-06.tsv:L112	MAIN:data/mapa-fuentes-2026-08-06.tsv:L112
CRES-5cbcd9c2eb212c48fd75ee07	UNIVERSO_SEMANTICO	REL-de059d547843c8fefa01197a	REL-de059d547843c8fefa01197a	BUSQUEDA_DIRIGIDA	SEMRUN-354ccb9dc1023a0bd420d48f	EJECUTADA_CON_RESULTADO	data/curacion-registro/ejecucion-semantica/runs/SEMRUN-354ccb9dc1023a0bd420d48f/reportes-neutrales/TOBS-SEM-617cb6705a958cc442a7ba1a.json	0	4	Abrir cuestionario/base ENCUP solo para confirmar unidad geográfica y turnout; si no hay municipio×tipo de elección, cerrar esta relación.	Se abrió al menos un objeto de datos/documentación y se registró su estructura literal; el juicio semántico permanece separado.	Verificar el localizador exacto ya declarado de REL-de059d547843c8fefa01197a con máximo dos intentos y sin discovery panorámico.	Revisión de equivalencia y codificación antes de parametrizar.	Revisión de equivalencia y codificación antes de parametrizar.	EVIDENCIA_LOCALIZADA, NO_ACCESIBLE, NO_DETERMINADO o SIN_RUTA_VIABLE_ACTUAL tras máximo dos intentos.	P3_INDEXADO	Escala/diseño/universo:	Escala/diseño/universo:	MAIN:data/mapa-fuentes-2026-08-06.tsv:L26	MAIN:data/mapa-fuentes-2026-08-06.tsv:L26
CRES-5e354fe6106faead9bb84ae2	UNIVERSO_SEMANTICO	REL-d630dc1ea394364e53631401	REL-d630dc1ea394364e53631401	BUSQUEDA_DIRIGIDA	SEMRUN-354ccb9dc1023a0bd420d48f	FUENTE_ABIERTA_SIN_OBJETO_REQUERIDO	data/curacion-registro/ejecucion-semantica/runs/SEMRUN-354ccb9dc1023a0bd420d48f/reportes-neutrales/TOBS-SEM-9ed8411365fe2fb663697000.json	0	1	Obtener codebook.	Se abrió la fuente/referencia, pero no un objeto que cierre literalmente la acción individual; usar la receta y frontera registradas.	Verificar el localizador exacto ya declarado de REL-d630dc1ea394364e53631401 con máximo dos intentos y sin discovery panorámico.	Revisión de equivalencia y codificación antes de parametrizar.	Revisión de equivalencia y codificación antes de parametrizar.	EVIDENCIA_LOCALIZADA, NO_ACCESIBLE, NO_DETERMINADO o SIN_RUTA_VIABLE_ACTUAL tras máximo dos intentos.	P3_INDEXADO	Escala/diseño/universo:	Escala/diseño/universo:	MAIN:data/mapa-ext-academico-2026-08-06.tsv:L9	MAIN:data/mapa-ext-academico-2026-08-06.tsv:L9
CRES-5ebd71b9e17a52301e40b90e	UNIVERSO_SEMANTICO	REL-36cde7fa0d470608a94ddb1e	REL-36cde7fa0d470608a94ddb1e	CURADURIA_FUENTE	SEMRUN-354ccb9dc1023a0bd420d48f	EJECUTADA_CON_RESULTADO	data/curacion-registro/ejecucion-semantica/runs/SEMRUN-354ccb9dc1023a0bd420d48f/reportes-neutrales/TOBS-SEM-eaf45b63f4e1169d529f7a60.json	0	7	Abrir el diccionario ENFIH y construir una tabla variable×constructo×desenlace para esta necesidad; verificar coobservación por llave de persona.	Se abrió al menos un objeto de datos/documentación y se registró su estructura literal; el juicio semántico permanece separado.	Contrastar procedencia estructurada de REL-36cde7fa0d470608a94ddb1e con sus objetos de modelo permitidos y emitir propuesta o reserva.	Revisión de equivalencia y codificación antes de parametrizar.	Revisión de equivalencia y codificación antes de parametrizar.	Propuesta semántica trazable o NO_DETERMINADO con supuesto faltante concreto.	P4_CURADURIA	No se propagó el estado general de la necesidad; requiere evidencia fuente-específica.	No se propagó el estado general de la necesidad; requiere evidencia fuente-específica.	MAIN:canon/gobernanza-v1_15.md;MAIN:canon/modelo-decision-v4_0.md;MAIN:corpus/reports/El_Mexicano_y_el_Tiempo__Estructura__no_Cultura__en_la_Planeación_y_el_Compromiso_Temporal.md;MAIN:corpus/reports/Health__Body__Food_and_Substance_Use_in_Mexico__The_Behavioral_Layer_of_Decisions__Environment_and_Structure.md	MAIN:data/abrir4-variables-2026-08-08.tsv
CRES-608e498bbf329c2542e5e6c7	UNIVERSO_SEMANTICO	REL-235427b4ebd4727b5ccdeb98	REL-235427b4ebd4727b5ccdeb98	CURADURIA_FUENTE	SEMRUN-354ccb9dc1023a0bd420d48f	FUENTE_ABIERTA_SIN_OBJETO_REQUERIDO	data/curacion-registro/ejecucion-semantica/runs/SEMRUN-354ccb9dc1023a0bd420d48f/reportes-neutrales/TOBS-SEM-a88af75184a988d7f4957617.json	0	4	Identificar un estudio concreto ya indexado, abrir protocolo/datos y verificar umbral, asignación y outcome electoral.	Se abrió la fuente/referencia, pero no un objeto que cierre literalmente la acción individual; usar la receta y frontera registradas.	Contrastar procedencia estructurada de REL-235427b4ebd4727b5ccdeb98 con sus objetos de modelo permitidos y emitir propuesta o reserva.	Revisión de equivalencia y codificación antes de parametrizar.	Revisión de equivalencia y codificación antes de parametrizar.	Propuesta semántica trazable o NO_DETERMINADO con supuesto faltante concreto.	P4_CURADURIA	No se propagó el estado general de la necesidad; requiere evidencia fuente-específica.	No se propagó el estado general de la necesidad; requiere evidencia fuente-específica.	MAIN:canon/glosario-v5_6.md;MAIN:corpus/forense/Validación_Forense_del_Clientelismo_Electoral_en_México__Agencia_del_Votante__Programas_Sociales_y_Límites_de_la_Compra_de_Voto.md;MAIN:data/censo-raices-2026-08-06.tsv;MAIN:data/cola-aperturas-externas-2026-08-06.tsv	MAIN:canon/glosario-v5_6.md
CRES-6426802124bd95fcadef6127	UNIVERSO_SEMANTICO	REL-0692b43ca9c2f7bb608a2858	REL-0692b43ca9c2f7bb608a2858	CURADURIA_FUENTE	SEMRUN-354ccb9dc1023a0bd420d48f	FUENTE_ABIERTA_SIN_OBJETO_REQUERIDO	data/curacion-registro/ejecucion-semantica/runs/SEMRUN-354ccb9dc1023a0bd420d48f/reportes-neutrales/TOBS-SEM-afeca52f8a8a6ec250bd1a74.json	0	4	Abrir índice/codebook del paquete y verificar nivel municipal, años y tipo de elección; mantener separado efecto experimental de serie municipal.	Se abrió la fuente/referencia, pero no un objeto que cierre literalmente la acción individual; usar la receta y frontera registradas.	Contrastar procedencia estructurada de REL-0692b43ca9c2f7bb608a2858 con sus objetos de modelo permitidos y emitir propuesta o reserva.	Revisión de equivalencia y codificación antes de parametrizar.	Revisión de equivalencia y codificación antes de parametrizar.	Propuesta semántica trazable o NO_DETERMINADO con supuesto faltante concreto.	P4_CURADURIA	No se propagó el estado general de la necesidad; requiere evidencia fuente-específica.	No se propagó el estado general de la necesidad; requiere evidencia fuente-específica.	MAIN:canon/estado-programa-v1_10.md;MAIN:canon/modelo-decision-v4_0.md;MAIN:data/catalogo-fuentes-v2_0.md;MAIN:data/cola-aperturas-externas-2026-08-06.tsv	MAIN:canon/estado-programa-v1_10.md;MAIN:canon/modelo-decision-v4_0.md;MAIN:data/catalogo-fuentes-v2_0.md;MAIN:data/cola-aperturas-externas-2026-08-06.tsv
CRES-651f1e2782f0bbda08bd81a3	UNIVERSO_SEMANTICO	REL-c065ff3c4b02af2b359a6a40	REL-c065ff3c4b02af2b359a6a40	CURADURIA_FUENTE	SEMRUN-354ccb9dc1023a0bd420d48f	EJECUTADA_CON_RESULTADO	data/curacion-registro/ejecucion-semantica/runs/SEMRUN-354ccb9dc1023a0bd420d48f/reportes-neutrales/TOBS-SEM-405ac49148a2b472dc0765c2.json	0	5	Abrir el cuestionario/diccionario ENSAFI correspondiente y verificar texto, codificación y desenlace coobservado.	Se abrió al menos un objeto de datos/documentación y se registró su estructura literal; el juicio semántico permanece separado.	Contrastar procedencia estructurada de REL-c065ff3c4b02af2b359a6a40 con sus objetos de modelo permitidos y emitir propuesta o reserva.	Revisión de equivalencia y codificación antes de parametrizar.	Revisión de equivalencia y codificación antes de parametrizar.	Propuesta semántica trazable o NO_DETERMINADO con supuesto faltante concreto.	P4_CURADURIA	No se propagó el estado general de la necesidad; requiere evidencia fuente-específica.	No se propagó el estado general de la necesidad; requiere evidencia fuente-específica.	MAIN:canon/glosario-v5_6.md;MAIN:canon/integrador-psicologia-mexicano.md;MAIN:canon/modelo-decision-v4_0.md;MAIN:corpus/reports/Autoridad_y_jerarquía_en_el_México_contemporáneo__anatomía_psicológica_de_un_sistema_dual.md	MAIN:canon/glosario-v5_6.md
CRES-660794789ccda74fa1e30ead	UNIVERSO_SEMANTICO	REL-2fbf749b083e578d4462b842	REL-2fbf749b083e578d4462b842	CURADURIA_FUENTE	SEMRUN-354ccb9dc1023a0bd420d48f	FUENTE_ABIERTA_SIN_OBJETO_REQUERIDO	data/curacion-registro/ejecucion-semantica/runs/SEMRUN-354ccb9dc1023a0bd420d48f/reportes-neutrales/TOBS-SEM-c0280be4c75f4b57c0967cb6.json	0	4	Resolver la etiqueta FINANZAS a una fuente canónica concreta ya reunida y abrir su instrumento contra el par requerido.	Se abrió la fuente/referencia, pero no un objeto que cierre literalmente la acción individual; usar la receta y frontera registradas.	Contrastar procedencia estructurada de REL-2fbf749b083e578d4462b842 con sus objetos de modelo permitidos y emitir propuesta o reserva.	Revisión de equivalencia y codificación antes de parametrizar.	Revisión de equivalencia y codificación antes de parametrizar.	Propuesta semántica trazable o NO_DETERMINADO con supuesto faltante concreto.	P4_CURADURIA	No se propagó el estado general de la necesidad; requiere evidencia fuente-específica.	No se propagó el estado general de la necesidad; requiere evidencia fuente-específica.	MAIN:canon/glosario-v5_6.md;MAIN:canon/integrador-psicologia-mexicano.md;MAIN:canon/modelo-decision-v4_0.md;MAIN:corpus/reports/Autoridad_y_jerarquía_en_el_México_contemporáneo__anatomía_psicológica_de_un_sistema_dual.md	MAIN:canon/glosario-v5_6.md;MAIN:canon/integrador-psicologia-mexicano.md;MAIN:canon/modelo-decision-v4_0.md;MAIN:corpus/reports/Autoridad_y_jerarquía_en_el_México_contemporáneo__anatomía_psicológica_de_un_sistema_dual.md
CRES-68337cb06a958ef9c2e62ef3	UNIVERSO_SEMANTICO	REL-f586d39d7211922886da9f95	REL-f586d39d7211922886da9f95	CURADURIA_FUENTE	SEMRUN-354ccb9dc1023a0bd420d48f	EJECUTADA_CON_RESULTADO	data/curacion-registro/ejecucion-semantica/runs/SEMRUN-354ccb9dc1023a0bd420d48f/reportes-neutrales/TOBS-SEM-2f16cf86eebc3a16fe7e15cd.json	0	5	Abrir el cuestionario/diccionario ENSAFI correspondiente y verificar texto, codificación y desenlace coobservado.	Se abrió al menos un objeto de datos/documentación y se registró su estructura literal; el juicio semántico permanece separado.	Contrastar procedencia estructurada de REL-f586d39d7211922886da9f95 con sus objetos de modelo permitidos y emitir propuesta o reserva.	Revisión de equivalencia y codificación antes de parametrizar.	Revisión de equivalencia y codificación antes de parametrizar.	Propuesta semántica trazable o NO_DETERMINADO con supuesto faltante concreto.	P4_CURADURIA	No se propagó el estado general de la necesidad; requiere evidencia fuente-específica.	No se propagó el estado general de la necesidad; requiere evidencia fuente-específica.	MAIN:canon/modelo-decision-v4_0.md;MAIN:data/abrir4-variables-2026-08-08.tsv;MAIN:data/abrir4-variables-2026-08-08.tsv:L4;MAIN:forense/REVERIFICACION-DEMANDA-vs-UNIVERSO-2026-08-07-v1_0.md	MAIN:canon/modelo-decision-v4_0.md
CRES-6a47c25212d9d93789c682cf	UNIVERSO_SEMANTICO	REL-f09043ef09997adc0bb4a3f2	REL-f09043ef09997adc0bb4a3f2	CURADURIA_FUENTE	SEMRUN-354ccb9dc1023a0bd420d48f	EJECUTADA_CON_RESULTADO	data/curacion-registro/ejecucion-semantica/runs/SEMRUN-354ccb9dc1023a0bd420d48f/reportes-neutrales/TOBS-SEM-d7870d5638d2f65fb56c1187.json	0	8	Obtener el microdato bajo la licencia aplicable y mapear reactivo, codificación y desenlace para México.	Se abrió al menos un objeto de datos/documentación y se registró su estructura literal; el juicio semántico permanece separado.	Contrastar procedencia estructurada de REL-f09043ef09997adc0bb4a3f2 con sus objetos de modelo permitidos y emitir propuesta o reserva.	Revisión de equivalencia y codificación antes de parametrizar.	Revisión de equivalencia y codificación antes de parametrizar.	Propuesta semántica trazable o NO_DETERMINADO con supuesto faltante concreto.	P4_CURADURIA	No se propagó el estado general de la necesidad; requiere evidencia fuente-específica.	No se propagó el estado general de la necesidad; requiere evidencia fuente-específica.	MAIN:canon/integrador-psicologia-mexicano.md;MAIN:canon/modelo-decision-v4_0.md;MAIN:corpus/reports/Autoridad_y_jerarquía_en_el_México_contemporáneo__anatomía_psicológica_de_un_sistema_dual.md;MAIN:corpus/reports/La_arquitectura_invisible_de_la_interacción_social_en_México.md	MAIN:forense/hitoE-campana-medicion-v2_0.md
CRES-6b8dd68a9a14d62431f0dbab	UNIVERSO_SEMANTICO	REL-ea0dde2ebf4bd96af8e3e139	REL-ea0dde2ebf4bd96af8e3e139	CURADURIA_FUENTE	SEMRUN-354ccb9dc1023a0bd420d48f	EJECUTADA_CON_RESULTADO	data/curacion-registro/ejecucion-semantica/runs/SEMRUN-354ccb9dc1023a0bd420d48f/reportes-neutrales/TOBS-SEM-1f395bbc5ab6343427bd7707.json	0	7	Abrir diccionario/cuestionario ENCIG local y registrar variables, tabla, llave de unión y universo aplicable a esta necesidad.	Se abrió al menos un objeto de datos/documentación y se registró su estructura literal; el juicio semántico permanece separado.	Contrastar procedencia estructurada de REL-ea0dde2ebf4bd96af8e3e139 con sus objetos de modelo permitidos y emitir propuesta o reserva.	Revisión de equivalencia y codificación antes de parametrizar.	Revisión de equivalencia y codificación antes de parametrizar.	Propuesta semántica trazable o NO_DETERMINADO con supuesto faltante concreto.	P4_CURADURIA	No se propagó el estado general de la necesidad; requiere evidencia fuente-específica.	No se propagó el estado general de la necesidad; requiere evidencia fuente-específica.	MAIN:canon/modelo-decision-v4_0.md;MAIN:corpus/reports/Psicología_Política_y_Comportamiento_Cívico_del_Mexicano_Contemporáneo__Una_Lectura_Anti-Esencialista_desde_Abajo__2026_.md;MAIN:forense/censo-estimabilidad-coeficientes-v1_0.md;MAIN:forense/cobertura-motor.md	MAIN:canon/modelo-decision-v4_0.md;MAIN:corpus/reports/Psicología_Política_y_Comportamiento_Cívico_del_Mexicano_Contemporáneo__Una_Lectura_Anti-Esencialista_desde_Abajo__2026_.md;MAIN:forense/censo-estimabilidad-coeficientes-v1_0.md;MAIN:forense/cobertura-motor.md
CRES-6fed3326ed341579ef38a1ec	UNIVERSO_SEMANTICO	REL-48285fd8e0a22a38147245ed	REL-48285fd8e0a22a38147245ed	BUSQUEDA_DIRIGIDA	SEMRUN-354ccb9dc1023a0bd420d48f	NO_ALCANZO_TRAS_INTENTOS	data/curacion-registro/ejecucion-semantica/runs/SEMRUN-354ccb9dc1023a0bd420d48f/reportes-neutrales/TOBS-SEM-77de625bce04437aa9bdd3d4.json	2	2	Abrir codebook y payload canónico CSES México 2018; buscar literalmente variables de trámite/gobierno digital y documentar el universo revisado.	Los intentos reales terminaron sin HTTP 2xx; continuar solo con acceso alternativo autorizado o localizador corregido.	Verificar el localizador exacto ya declarado de REL-48285fd8e0a22a38147245ed con máximo dos intentos y sin discovery panorámico.	Revisión de equivalencia y codificación antes de parametrizar.	Revisión de equivalencia y codificación antes de parametrizar.	EVIDENCIA_LOCALIZADA, NO_ACCESIBLE, NO_DETERMINADO o SIN_RUTA_VIABLE_ACTUAL tras máximo dos intentos.	P3_INDEXADO	Escala/diseño/universo:	Escala/diseño/universo:	MAIN:data/mapa-fuentes-externas-consolidado-2026-08-06.tsv:L12	MAIN:data/mapa-ext-general-2026-08-06.tsv:L7
CRES-715689fb9f0d21744511cf59	UNIVERSO_SEMANTICO	REL-ff97af04e1d92981b386ac08	REL-ff97af04e1d92981b386ac08	BUSQUEDA_DIRIGIDA	SEMRUN-354ccb9dc1023a0bd420d48f	REQUIERE_DECISION_HUMANA	data/curacion-registro/ejecucion-semantica/runs/SEMRUN-354ccb9dc1023a0bd420d48f/reportes-neutrales/TOBS-SEM-ef5960e3b1501ddee318cfe9.json	2	1	Con autorización de licencia, abrir codebook y payload GPS México; buscar variables de adopción CoDi/SPEI, coerción, riesgo fiscal y fricción.	La acción exige autorización/licencia y no apareció un objeto descargable abierto en los intentos permitidos.	Verificar el localizador exacto ya declarado de REL-ff97af04e1d92981b386ac08 con máximo dos intentos y sin discovery panorámico.	Revisión de equivalencia y codificación antes de parametrizar.	Revisión de equivalencia y codificación antes de parametrizar.	EVIDENCIA_LOCALIZADA, NO_ACCESIBLE, NO_DETERMINADO o SIN_RUTA_VIABLE_ACTUAL tras máximo dos intentos.	P3_INDEXADO	Escala/diseño/universo:	Escala/diseño/universo:	MAIN:data/mapa-ext-general-2026-08-06.tsv:L3	MAIN:data/mapa-ext-general-2026-08-06.tsv:L3
CRES-7162c0fa2a3928f531f6e8d7	UNIVERSO_SEMANTICO	REL-75de72336ada4a506a3b5476	REL-75de72336ada4a506a3b5476	CURADURIA_FUENTE	SEMRUN-354ccb9dc1023a0bd420d48f	FUENTE_ABIERTA_SIN_OBJETO_REQUERIDO	data/curacion-registro/ejecucion-semantica/runs/SEMRUN-354ccb9dc1023a0bd420d48f/reportes-neutrales/TOBS-SEM-96ba340533699c6b8c558b4e.json	0	5	Resolver BIARE/ENBIARE.	Se abrió la fuente/referencia, pero no un objeto que cierre literalmente la acción individual; usar la receta y frontera registradas.	Contrastar procedencia estructurada de REL-75de72336ada4a506a3b5476 con sus objetos de modelo permitidos y emitir propuesta o reserva.	Revisión de equivalencia y codificación antes de parametrizar.	Revisión de equivalencia y codificación antes de parametrizar.	Propuesta semántica trazable o NO_DETERMINADO con supuesto faltante concreto.	P4_CURADURIA	No se propagó el estado general de la necesidad; requiere evidencia fuente-específica.	No se propagó el estado general de la necesidad; requiere evidencia fuente-específica.	MAIN:canon/estado-programa-v1_10.md;MAIN:canon/glosario-v5_6.md;MAIN:canon/gobernanza-v1_15.md;MAIN:corpus/reports/Mexican_Population_Genomics__2025-2026_Scientific_and_Market_Opportunity_Update.md	MAIN:canon/modelo-decision-v4_0.md
CRES-72482c2ccb342a8396643c58	UNIVERSO_SEMANTICO	REL-7751c832c7e30e4e4d7603cc	REL-7751c832c7e30e4e4d7603cc	BUSQUEDA_DIRIGIDA	SEMRUN-354ccb9dc1023a0bd420d48f	NO_ALCANZO_TRAS_INTENTOS	data/curacion-registro/ejecucion-semantica/runs/SEMRUN-354ccb9dc1023a0bd420d48f/reportes-neutrales/TOBS-SEM-6669ced48b6249621696bc81.json	2	1	Resolver edición.	Los intentos reales terminaron sin HTTP 2xx; continuar solo con acceso alternativo autorizado o localizador corregido.	Verificar el localizador exacto ya declarado de REL-7751c832c7e30e4e4d7603cc con máximo dos intentos y sin discovery panorámico.	Revisión de equivalencia y codificación antes de parametrizar.	Revisión de equivalencia y codificación antes de parametrizar.	EVIDENCIA_LOCALIZADA, NO_ACCESIBLE, NO_DETERMINADO o SIN_RUTA_VIABLE_ACTUAL tras máximo dos intentos.	P3_INDEXADO	Escala/diseño/universo:	Escala/diseño/universo:	MAIN:data/mapa-ext-general-2026-08-06.tsv:L6	MAIN:data/mapa-ext-general-2026-08-06.tsv:L6
CRES-72b00843524c9dc60763944d	UNIVERSO_SEMANTICO	REL-987f01cb468fa0b51b2dffc6	REL-987f01cb468fa0b51b2dffc6	CURADURIA_FUENTE	SEMRUN-354ccb9dc1023a0bd420d48f	EJECUTADA_CON_RESULTADO	data/curacion-registro/ejecucion-semantica/runs/SEMRUN-354ccb9dc1023a0bd420d48f/reportes-neutrales/TOBS-SEM-b522581a3dec61247ee96e17.json	0	7	Abrir el diccionario ENFIH y construir una tabla variable×constructo×desenlace para esta necesidad; verificar coobservación por llave de persona.	Se abrió al menos un objeto de datos/documentación y se registró su estructura literal; el juicio semántico permanece separado.	Contrastar procedencia estructurada de REL-987f01cb468fa0b51b2dffc6 con sus objetos de modelo permitidos y emitir propuesta o reserva.	Revisión de equivalencia y codificación antes de parametrizar.	Revisión de equivalencia y codificación antes de parametrizar.	Propuesta semántica trazable o NO_DETERMINADO con supuesto faltante concreto.	P4_CURADURIA	No se propagó el estado general de la necesidad; requiere evidencia fuente-específica.	No se propagó el estado general de la necesidad; requiere evidencia fuente-específica.	MAIN:canon/estado-programa-v1_10.md;MAIN:canon/glosario-v5_6.md;MAIN:canon/gobernanza-v1_15.md;MAIN:canon/integrador-psicologia-mexicano.md	MAIN:data/abrir4-variables-2026-08-08.tsv
CRES-7322f4948a849d17e2600744	UNIVERSO_SEMANTICO	REL-0e3c2a3a6afd1dae2297740e	REL-0e3c2a3a6afd1dae2297740e	BUSQUEDA_DIRIGIDA	SEMRUN-354ccb9dc1023a0bd420d48f	FUENTE_ABIERTA_SIN_OBJETO_REQUERIDO	data/curacion-registro/ejecucion-semantica/runs/SEMRUN-354ccb9dc1023a0bd420d48f/reportes-neutrales/TOBS-SEM-a573035ee772604d1c23dff2.json	2	1	Localizar anexos o codebook y verificar brazos, codificación de precio/información y compra efectiva.	Se abrió la fuente/referencia, pero no un objeto que cierre literalmente la acción individual; usar la receta y frontera registradas.	Verificar el localizador exacto ya declarado de REL-0e3c2a3a6afd1dae2297740e con máximo dos intentos y sin discovery panorámico.	Revisión de equivalencia y codificación antes de parametrizar.	Revisión de equivalencia y codificación antes de parametrizar.	EVIDENCIA_LOCALIZADA, NO_ACCESIBLE, NO_DETERMINADO o SIN_RUTA_VIABLE_ACTUAL tras máximo dos intentos.	P3_INDEXADO	Escala/diseño/universo:	Escala/diseño/universo:	MAIN:data/mapa-ext-academico-2026-08-06.tsv:L19	MAIN:data/mapa-ext-academico-2026-08-06.tsv:L19
CRES-73be5e9dc9ee990ad4509cb5	UNIVERSO_SEMANTICO	REL-0fc632a7b102c3b39b2f540c	REL-0fc632a7b102c3b39b2f540c	BUSQUEDA_DIRIGIDA	SEMRUN-354ccb9dc1023a0bd420d48f	FUENTE_ABIERTA_SIN_OBJETO_REQUERIDO	data/curacion-registro/ejecucion-semantica/runs/SEMRUN-354ccb9dc1023a0bd420d48f/reportes-neutrales/TOBS-SEM-0ae31e43512a336b6bc77571.json	0	1	Extraer un universo México acotado, aplicar deduplicación documentada y mapear CAMEO/actores/respuesta al objeto.	Se abrió la fuente/referencia, pero no un objeto que cierre literalmente la acción individual; usar la receta y frontera registradas.	Verificar el localizador exacto ya declarado de REL-0fc632a7b102c3b39b2f540c con máximo dos intentos y sin discovery panorámico.	Revisión de equivalencia y codificación antes de parametrizar.	Revisión de equivalencia y codificación antes de parametrizar.	EVIDENCIA_LOCALIZADA, NO_ACCESIBLE, NO_DETERMINADO o SIN_RUTA_VIABLE_ACTUAL tras máximo dos intentos.	P3_INDEXADO	Escala/diseño/universo:	Escala/diseño/universo:	MAIN:data/mapa-fuentes-externas-consolidado-2026-08-06.tsv:L35	MAIN:data/mapa-fuentes-externas-consolidado-2026-08-06.tsv:L35
CRES-75b86d3bff2b3aeadd989539	UNIVERSO_SEMANTICO	REL-00e7bd28c9c0db01fd89a3be	REL-00e7bd28c9c0db01fd89a3be	BUSQUEDA_DIRIGIDA	SEMRUN-354ccb9dc1023a0bd420d48f	EJECUTADA_CON_RESULTADO	data/curacion-registro/ejecucion-semantica/runs/SEMRUN-354ccb9dc1023a0bd420d48f/reportes-neutrales/TOBS-SEM-c24d3b676e575f4c2d1600c7.json	0	5	Mapear en el cuestionario y microdato ENIF los reactivos de la necesidad y el desenlace, y comprobar que comparten unidad de observación.	Se abrió al menos un objeto de datos/documentación y se registró su estructura literal; el juicio semántico permanece separado.	Verificar el localizador exacto ya declarado de REL-00e7bd28c9c0db01fd89a3be con máximo dos intentos y sin discovery panorámico.	Revisión de equivalencia y codificación antes de parametrizar.	Revisión de equivalencia y codificación antes de parametrizar.	EVIDENCIA_LOCALIZADA, NO_ACCESIBLE, NO_DETERMINADO o SIN_RUTA_VIABLE_ACTUAL tras máximo dos intentos.	P3_INDEXADO	Escala/diseño/universo:	Escala/diseño/universo:	MAIN:data/mapa-fuentes-2026-08-06.tsv:L14	MAIN:forense/hitoE-campana-medicion-v2_0.md
CRES-7bb460f3c8dd7ce000a999f4	UNIVERSO_SEMANTICO	REL-f0cb8d6fa174935fae071144	REL-f0cb8d6fa174935fae071144	BUSQUEDA_DIRIGIDA	SEMRUN-354ccb9dc1023a0bd420d48f	FUENTE_ABIERTA_SIN_OBJETO_REQUERIDO	data/curacion-registro/ejecucion-semantica/runs/SEMRUN-354ccb9dc1023a0bd420d48f/reportes-neutrales/TOBS-SEM-72c609edb4c19b295cb35b7b.json	2	2	Abrir materiales suplementarios del estudio y localizar variable, tratamiento, resultado y muestra mexicanos pertinentes.	Se abrió la fuente/referencia, pero no un objeto que cierre literalmente la acción individual; usar la receta y frontera registradas.	Verificar el localizador exacto ya declarado de REL-f0cb8d6fa174935fae071144 con máximo dos intentos y sin discovery panorámico.	Revisión de equivalencia y codificación antes de parametrizar.	Revisión de equivalencia y codificación antes de parametrizar.	EVIDENCIA_LOCALIZADA, NO_ACCESIBLE, NO_DETERMINADO o SIN_RUTA_VIABLE_ACTUAL tras máximo dos intentos.	P3_INDEXADO	Escala/diseño/universo:	Escala/diseño/universo:	MAIN:data/mapa-ext-academico-2026-08-06.tsv:L15	MAIN:data/mapa-ext-academico-2026-08-06.tsv
CRES-7c4ab4169eac48ed7ab03748	UNIVERSO_SEMANTICO	REL-0c03e53054567fc014b50bc0	REL-0c03e53054567fc014b50bc0	CURADURIA_FUENTE	SEMRUN-354ccb9dc1023a0bd420d48f	EJECUTADA_CON_RESULTADO	data/curacion-registro/ejecucion-semantica/runs/SEMRUN-354ccb9dc1023a0bd420d48f/reportes-neutrales/TOBS-SEM-446358bd49e949d216678c49.json	0	8	Mapear unión exacta.	Se abrió al menos un objeto de datos/documentación y se registró su estructura literal; el juicio semántico permanece separado.	Contrastar procedencia estructurada de REL-0c03e53054567fc014b50bc0 con sus objetos de modelo permitidos y emitir propuesta o reserva.	Revisión de equivalencia y codificación antes de parametrizar.	Revisión de equivalencia y codificación antes de parametrizar.	Propuesta semántica trazable o NO_DETERMINADO con supuesto faltante concreto.	P4_CURADURIA	No se propagó el estado general de la necesidad; requiere evidencia fuente-específica.	No se propagó el estado general de la necesidad; requiere evidencia fuente-específica.	MAIN:canon/gobernanza-v1_15.md;MAIN:canon/integrador-psicologia-mexicano.md;MAIN:canon/modelo-decision-v4_0.md;MAIN:corpus/reports/El_Mexicano_y_el_Tiempo__Estructura__no_Cultura__en_la_Planeación_y_el_Compromiso_Temporal.md	MAIN:forense/matriz-impacto-universal-2026-08-06.md:L82
CRES-7c818f1ce346fae9105a4e95	UNIVERSO_SEMANTICO	REL-2d58abfc1b418484af3f2f7d	REL-2d58abfc1b418484af3f2f7d	CURADURIA_FUENTE	SEMRUN-354ccb9dc1023a0bd420d48f	EJECUTADA_CON_RESULTADO	data/curacion-registro/ejecucion-semantica/runs/SEMRUN-354ccb9dc1023a0bd420d48f/reportes-neutrales/TOBS-SEM-43c56dbcb4646997818bdbf2.json	0	7	Abrir el diccionario ENFIH y construir una tabla variable×constructo×desenlace para esta necesidad; verificar coobservación por llave de persona.	Se abrió al menos un objeto de datos/documentación y se registró su estructura literal; el juicio semántico permanece separado.	Contrastar procedencia estructurada de REL-2d58abfc1b418484af3f2f7d con sus objetos de modelo permitidos y emitir propuesta o reserva.	Revisión de equivalencia y codificación antes de parametrizar.	Revisión de equivalencia y codificación antes de parametrizar.	Propuesta semántica trazable o NO_DETERMINADO con supuesto faltante concreto.	P4_CURADURIA	No se propagó el estado general de la necesidad; requiere evidencia fuente-específica.	No se propagó el estado general de la necesidad; requiere evidencia fuente-específica.	MAIN:AGENTS.md;MAIN:canon/estado-programa-v1_10.md;MAIN:canon/glosario-v5_6.md;MAIN:canon/gobernanza-v1_15.md	MAIN:data/abrir4-variables-2026-08-08.tsv
CRES-7cb78abf12926ec4788784ee	UNIVERSO_PRODUCTIVO	PROD-cca3ea0bccd54d70083728b2	REL-fe202a3fa76f0516a6e27f8b	ESCALAMIENTO_SEMANTICO	NO_APLICA	BLOQUEADA_INPUT_FALTANTE	NO_APLICA	0	0	Fijar población, tabla, unidad y ponderador de la especificación; después emitir una nueva especificación opaca.	Fijar población, tabla, unidad y ponderador de la especificación; después emitir una nueva especificación opaca.	Completar especificación productiva material.	campos_materiales_faltantes:dominio,input_member,periodo_levantamiento,periodo_referencia_por_variable.P7_12_7,poblacion,ponderador,unidad_observacion	campos_materiales_faltantes:dominio,input_member,periodo_levantamiento,periodo_referencia_por_variable.P7_12_7,poblacion,ponderador,unidad_observacion	Elección explícita de denominador y campos materiales, o decisión de no calcular.	P1_BLOQUEO_MATERIAL	El analista no puede elegir el universo ni redefinir el estimando.	campos_materiales_faltantes:dominio,input_member,periodo_levantamiento,periodo_referencia_por_variable.P7_12_7,poblacion,ponderador,unidad_observacion	data/curacion-registro/expedientes-produccion/evidencia-neutral-produccion.json#ENASIC_2022;RINS-53a431507d08139af2aab80f	data/curacion-registro/expedientes-produccion/evidencia-neutral-produccion.json#ENASIC_2022;RINS-53a431507d08139af2aab80f
CRES-7e0763bb1f27185984b5820a	UNIVERSO_SEMANTICO	REL-641a2435b0e68b2049b73d72	REL-641a2435b0e68b2049b73d72	CURADURIA_FUENTE	SEMRUN-354ccb9dc1023a0bd420d48f	EJECUTADA_CON_RESULTADO	data/curacion-registro/ejecucion-semantica/runs/SEMRUN-354ccb9dc1023a0bd420d48f/reportes-neutrales/TOBS-SEM-d3ea14e2ea500ec0e97250e2.json	0	6	Obtener diccionario oficial y desenlace conjunto.	Se abrió al menos un objeto de datos/documentación y se registró su estructura literal; el juicio semántico permanece separado.	Contrastar procedencia estructurada de REL-641a2435b0e68b2049b73d72 con sus objetos de modelo permitidos y emitir propuesta o reserva.	Revisión de equivalencia y codificación antes de parametrizar.	Revisión de equivalencia y codificación antes de parametrizar.	Propuesta semántica trazable o NO_DETERMINADO con supuesto faltante concreto.	P4_CURADURIA	No se propagó el estado general de la necesidad; requiere evidencia fuente-específica.	No se propagó el estado general de la necesidad; requiere evidencia fuente-específica.	MAIN:canon/estado-programa-v1_10.md;MAIN:canon/glosario-v5_6.md;MAIN:canon/gobernanza-v1_15.md;MAIN:canon/integrador-psicologia-mexicano.md	MAIN:data/abrir4-variables-2026-08-08.tsv:L3
CRES-7ed8269eb9ca9c0ff8ae3808	UNIVERSO_SEMANTICO	REL-6cd9055fa1486b7f8c8c5efa	REL-6cd9055fa1486b7f8c8c5efa	CURADURIA_FUENTE	SEMRUN-354ccb9dc1023a0bd420d48f	FUENTE_ABIERTA_SIN_OBJETO_REQUERIDO	data/curacion-registro/ejecucion-semantica/runs/SEMRUN-354ccb9dc1023a0bd420d48f/reportes-neutrales/TOBS-SEM-dcdbf02c7a18e231c556dca2.json	0	4	Identificar instrumento exacto.	Se abrió la fuente/referencia, pero no un objeto que cierre literalmente la acción individual; usar la receta y frontera registradas.	Contrastar procedencia estructurada de REL-6cd9055fa1486b7f8c8c5efa con sus objetos de modelo permitidos y emitir propuesta o reserva.	Revisión de equivalencia y codificación antes de parametrizar.	Revisión de equivalencia y codificación antes de parametrizar.	Propuesta semántica trazable o NO_DETERMINADO con supuesto faltante concreto.	P4_CURADURIA	No se propagó el estado general de la necesidad; requiere evidencia fuente-específica.	No se propagó el estado general de la necesidad; requiere evidencia fuente-específica.	MAIN:canon/gobernanza-v1_15.md;MAIN:canon/modelo-decision-v4_0.md;MAIN:corpus/reports/El_Mexicano_y_el_Tiempo__Estructura__no_Cultura__en_la_Planeación_y_el_Compromiso_Temporal.md;MAIN:corpus/reports/Health__Body__Food_and_Substance_Use_in_Mexico__The_Behavioral_Layer_of_Decisions__Environment_and_Structure.md	MAIN:canon/modelo-decision-v4_0.md
CRES-7f5960363585723cc62f714c	UNIVERSO_SEMANTICO	REL-1677b0003626a1bd5bf971cb	REL-1677b0003626a1bd5bf971cb	CURADURIA_FUENTE	SEMRUN-354ccb9dc1023a0bd420d48f	EJECUTADA_CON_RESULTADO	data/curacion-registro/ejecucion-semantica/runs/SEMRUN-354ccb9dc1023a0bd420d48f/reportes-neutrales/TOBS-SEM-d74349659cc2f1b21a6e6ea2.json	0	8	Búsqueda dirigida en diccionarios.	Se abrió al menos un objeto de datos/documentación y se registró su estructura literal; el juicio semántico permanece separado.	Contrastar procedencia estructurada de REL-1677b0003626a1bd5bf971cb con sus objetos de modelo permitidos y emitir propuesta o reserva.	Revisión de equivalencia y codificación antes de parametrizar.	Revisión de equivalencia y codificación antes de parametrizar.	Propuesta semántica trazable o NO_DETERMINADO con supuesto faltante concreto.	P4_CURADURIA	No se propagó el estado general de la necesidad; requiere evidencia fuente-específica.	No se propagó el estado general de la necesidad; requiere evidencia fuente-específica.	MAIN:canon/modelo-decision-v4_0.md;MAIN:corpus/reports/Autoridad_y_jerarquía_en_el_México_contemporáneo__anatomía_psicológica_de_un_sistema_dual.md;MAIN:corpus/reports/Psicología_Política_y_Comportamiento_Cívico_del_Mexicano_Contemporáneo__Una_Lectura_Anti-Esencialista_desde_Abajo__2026_.md;MAIN:forense/cobertura-motor.md	MAIN:data/mapa-fuentes-2026-08-06.tsv:L3
CRES-83970eeca3e27d90640c1603	UNIVERSO_SEMANTICO	REL-57df012cdba3e281563c1068	REL-57df012cdba3e281563c1068	BUSQUEDA_DIRIGIDA	SEMRUN-354ccb9dc1023a0bd420d48f	FUENTE_ABIERTA_SIN_OBJETO_REQUERIDO	data/curacion-registro/ejecucion-semantica/runs/SEMRUN-354ccb9dc1023a0bd420d48f/reportes-neutrales/TOBS-SEM-73762680650393d6318e0fc7.json	0	1	Abrir cuestionario y codebook Wave 7 México; localizar reactivo, codificación y desenlace coobservado.	Se abrió la fuente/referencia, pero no un objeto que cierre literalmente la acción individual; usar la receta y frontera registradas.	Verificar el localizador exacto ya declarado de REL-57df012cdba3e281563c1068 con máximo dos intentos y sin discovery panorámico.	Revisión de equivalencia y codificación antes de parametrizar.	Revisión de equivalencia y codificación antes de parametrizar.	EVIDENCIA_LOCALIZADA, NO_ACCESIBLE, NO_DETERMINADO o SIN_RUTA_VIABLE_ACTUAL tras máximo dos intentos.	P3_INDEXADO	Escala/diseño/universo:	Escala/diseño/universo:	MAIN:data/mapa-ext-general-2026-08-06.tsv:L17	MAIN:data/mapa-ext-general-2026-08-06.tsv:L17
CRES-83bbab31b5a1d63bb43bcc10	UNIVERSO_SEMANTICO	REL-da62a7c3cdb80080258aa148	REL-da62a7c3cdb80080258aa148	CURADURIA_FUENTE	SEMRUN-354ccb9dc1023a0bd420d48f	EJECUTADA_CON_RESULTADO	data/curacion-registro/ejecucion-semantica/runs/SEMRUN-354ccb9dc1023a0bd420d48f/reportes-neutrales/TOBS-SEM-fbe1329c7b1664d0e21e8788.json	0	6	Abrir el diccionario ENFIH y construir una tabla variable×constructo×desenlace para esta necesidad; verificar coobservación por llave de persona.	Se abrió al menos un objeto de datos/documentación y se registró su estructura literal; el juicio semántico permanece separado.	Contrastar procedencia estructurada de REL-da62a7c3cdb80080258aa148 con sus objetos de modelo permitidos y emitir propuesta o reserva.	Revisión de equivalencia y codificación antes de parametrizar.	Revisión de equivalencia y codificación antes de parametrizar.	Propuesta semántica trazable o NO_DETERMINADO con supuesto faltante concreto.	P4_CURADURIA	No se propagó el estado general de la necesidad; requiere evidencia fuente-específica.	No se propagó el estado general de la necesidad; requiere evidencia fuente-específica.	MAIN:data/abrir4-variables-2026-08-08.tsv;MAIN:data/abrir4-variables-2026-08-08.tsv:L9;MAIN:forense/encargos/2026-08-07-abrir-4.md;MAIN:forense/hitoE-campana-medicion-v2_0.md	MAIN:data/abrir4-variables-2026-08-08.tsv
CRES-83c39ef938a9cf2c476c4368	UNIVERSO_SEMANTICO	REL-894b3c5025557df7ef942f2a	REL-894b3c5025557df7ef942f2a	BUSQUEDA_DIRIGIDA	SEMRUN-354ccb9dc1023a0bd420d48f	FUENTE_ABIERTA_SIN_OBJETO_REQUERIDO	data/curacion-registro/ejecucion-semantica/runs/SEMRUN-354ccb9dc1023a0bd420d48f/reportes-neutrales/TOBS-SEM-ebbc81083e49e2be1b5f5f98.json	2	1	Obtener instrumentos.	Se abrió la fuente/referencia, pero no un objeto que cierre literalmente la acción individual; usar la receta y frontera registradas.	Verificar el localizador exacto ya declarado de REL-894b3c5025557df7ef942f2a con máximo dos intentos y sin discovery panorámico.	Revisión de equivalencia y codificación antes de parametrizar.	Revisión de equivalencia y codificación antes de parametrizar.	EVIDENCIA_LOCALIZADA, NO_ACCESIBLE, NO_DETERMINADO o SIN_RUTA_VIABLE_ACTUAL tras máximo dos intentos.	P3_INDEXADO	Escala/diseño/universo:	Escala/diseño/universo:	MAIN:data/mapa-ext-academico-2026-08-06.tsv:L6	MAIN:data/mapa-ext-academico-2026-08-06.tsv:L6
CRES-858100499912ce2c6c441bfa	UNIVERSO_SEMANTICO	REL-99525527adc1ae5960ac2055	REL-99525527adc1ae5960ac2055	BUSQUEDA_DIRIGIDA	SEMRUN-354ccb9dc1023a0bd420d48f	FUENTE_ABIERTA_SIN_OBJETO_REQUERIDO	data/curacion-registro/ejecucion-semantica/runs/SEMRUN-354ccb9dc1023a0bd420d48f/reportes-neutrales/TOBS-SEM-51a0096e8031fcc2ada42c06.json	2	1	Abrir codebook y archivo México; comprobar localización, actor, respuesta y derivabilidad urbano/rural.	Se abrió la fuente/referencia, pero no un objeto que cierre literalmente la acción individual; usar la receta y frontera registradas.	Verificar el localizador exacto ya declarado de REL-99525527adc1ae5960ac2055 con máximo dos intentos y sin discovery panorámico.	Revisión de equivalencia y codificación antes de parametrizar.	Revisión de equivalencia y codificación antes de parametrizar.	EVIDENCIA_LOCALIZADA, NO_ACCESIBLE, NO_DETERMINADO o SIN_RUTA_VIABLE_ACTUAL tras máximo dos intentos.	P3_INDEXADO	Escala/diseño/universo:	Escala/diseño/universo:	MAIN:data/mapa-ext-general-2026-08-06.tsv:L9	MAIN:data/mapa-ext-general-2026-08-06.tsv:L9
CRES-8b5fcd7d084c10af1eed875f	UNIVERSO_SEMANTICO	REL-d82eb6cef055001e7587db31	REL-d82eb6cef055001e7587db31	BUSQUEDA_DIRIGIDA	SEMRUN-354ccb9dc1023a0bd420d48f	FUENTE_ABIERTA_SIN_OBJETO_REQUERIDO	data/curacion-registro/ejecucion-semantica/runs/SEMRUN-354ccb9dc1023a0bd420d48f/reportes-neutrales/TOBS-SEM-ec1c75f94e5e0359a7510eea.json	1	1	Abrir cuestionario y diccionario ENCOAP; localizar el reactivo y el desenlace exactos exigidos por la necesidad.	Se abrió la fuente/referencia, pero no un objeto que cierre literalmente la acción individual; usar la receta y frontera registradas.	Verificar el localizador exacto ya declarado de REL-d82eb6cef055001e7587db31 con máximo dos intentos y sin discovery panorámico.	Revisión de equivalencia y codificación antes de parametrizar.	Revisión de equivalencia y codificación antes de parametrizar.	EVIDENCIA_LOCALIZADA, NO_ACCESIBLE, NO_DETERMINADO o SIN_RUTA_VIABLE_ACTUAL tras máximo dos intentos.	P3_INDEXADO	Escala/diseño/universo:	Escala/diseño/universo:	MAIN:data/mapa-ext-general-2026-08-06.tsv:L4	MAIN:data/mapa-ext-general-2026-08-06.tsv:L4
CRES-8cd3aa840a33b2184bd9a09e	UNIVERSO_SEMANTICO	REL-e10120bebb9ed07d210a3a86	REL-e10120bebb9ed07d210a3a86	BUSQUEDA_DIRIGIDA	SEMRUN-354ccb9dc1023a0bd420d48f	FUENTE_ABIERTA_SIN_OBJETO_REQUERIDO	data/curacion-registro/ejecucion-semantica/runs/SEMRUN-354ccb9dc1023a0bd420d48f/reportes-neutrales/TOBS-SEM-8e0fbca7714f4a96adbf8778.json	2	1	Abrir cuestionarios de los módulos 2/7 y mapear variables; usar solo como contexto municipal si no existe unidad individual.	Se abrió la fuente/referencia, pero no un objeto que cierre literalmente la acción individual; usar la receta y frontera registradas.	Verificar el localizador exacto ya declarado de REL-e10120bebb9ed07d210a3a86 con máximo dos intentos y sin discovery panorámico.	Revisión de equivalencia y codificación antes de parametrizar.	Revisión de equivalencia y codificación antes de parametrizar.	EVIDENCIA_LOCALIZADA, NO_ACCESIBLE, NO_DETERMINADO o SIN_RUTA_VIABLE_ACTUAL tras máximo dos intentos.	P3_INDEXADO	Escala/diseño/universo:	Escala/diseño/universo:	MAIN:data/mapa-ext-general-2026-08-06.tsv:L12	MAIN:data/mapa-ext-general-2026-08-06.tsv:L12
CRES-8e02c2e1abe1e4e889493ec9	UNIVERSO_SEMANTICO	REL-6c97fe0c5cb528557054a838	REL-6c97fe0c5cb528557054a838	BUSQUEDA_DIRIGIDA	SEMRUN-354ccb9dc1023a0bd420d48f	NO_ALCANZO_TRAS_INTENTOS	data/curacion-registro/ejecucion-semantica/runs/SEMRUN-354ccb9dc1023a0bd420d48f/reportes-neutrales/TOBS-SEM-7baf662ad8ba364c5ad5f3f8.json	2	1	Abrir codebook OpenICPSR y buscar el reactivo exacto de sensibilidad de estatus; no inferirlo desde gasto o bienestar.	Los intentos reales terminaron sin HTTP 2xx; continuar solo con acceso alternativo autorizado o localizador corregido.	Verificar el localizador exacto ya declarado de REL-6c97fe0c5cb528557054a838 con máximo dos intentos y sin discovery panorámico.	Revisión de equivalencia y codificación antes de parametrizar.	Revisión de equivalencia y codificación antes de parametrizar.	EVIDENCIA_LOCALIZADA, NO_ACCESIBLE, NO_DETERMINADO o SIN_RUTA_VIABLE_ACTUAL tras máximo dos intentos.	P3_INDEXADO	Escala/diseño/universo:	Escala/diseño/universo:	MAIN:data/mapa-ext-academico-2026-08-06.tsv:L4	MAIN:data/mapa-ext-academico-2026-08-06.tsv:L4
CRES-9113ded5734436e5894939ad	UNIVERSO_SEMANTICO	REL-aaf9d3c2e0d9b3d294df4840	REL-aaf9d3c2e0d9b3d294df4840	CURADURIA_FUENTE	SEMRUN-354ccb9dc1023a0bd420d48f	FUENTE_ABIERTA_SIN_OBJETO_REQUERIDO	data/curacion-registro/ejecucion-semantica/runs/SEMRUN-354ccb9dc1023a0bd420d48f/reportes-neutrales/TOBS-SEM-277b279fc394b3aba4b63673.json	0	4	Resolver la etiqueta FINANZAS a una fuente canónica concreta ya reunida y abrir su instrumento contra el par requerido.	Se abrió la fuente/referencia, pero no un objeto que cierre literalmente la acción individual; usar la receta y frontera registradas.	Contrastar procedencia estructurada de REL-aaf9d3c2e0d9b3d294df4840 con sus objetos de modelo permitidos y emitir propuesta o reserva.	Revisión de equivalencia y codificación antes de parametrizar.	Revisión de equivalencia y codificación antes de parametrizar.	Propuesta semántica trazable o NO_DETERMINADO con supuesto faltante concreto.	P4_CURADURIA	No se propagó el estado general de la necesidad; requiere evidencia fuente-específica.	No se propagó el estado general de la necesidad; requiere evidencia fuente-específica.	MAIN:canon/glosario-v5_6.md;MAIN:canon/modelo-decision-v4_0.md;MAIN:corpus/forense/Apuestas_Conductuales_sobre_el_Consumidor_Mexicano__Validación_Forense_de_Supuestos_contra_Desenlaces_Reales.md;MAIN:corpus/forense/Crédito_Fácil_y_Sobreendeudamiento_en_México__Escaneo_de_Indicadores_Adelantados_2025-2026.md	MAIN:canon/glosario-v5_6.md;MAIN:canon/modelo-decision-v4_0.md;MAIN:corpus/forense/Apuestas_Conductuales_sobre_el_Consumidor_Mexicano__Validación_Forense_de_Supuestos_contra_Desenlaces_Reales.md;MAIN:corpus/forense/Crédito_Fácil_y_Sobreendeudamiento_en_México__Escaneo_de_Indicadores_Adelantados_2025-2026.md
CRES-91b0003a59bbee916fcddf07	UNIVERSO_SEMANTICO	REL-8da82cf2f91efb7fe1958467	REL-8da82cf2f91efb7fe1958467	CURADURIA_FUENTE	SEMRUN-354ccb9dc1023a0bd420d48f	FUENTE_ABIERTA_SIN_OBJETO_REQUERIDO	data/curacion-registro/ejecucion-semantica/runs/SEMRUN-354ccb9dc1023a0bd420d48f/reportes-neutrales/TOBS-SEM-97a6f8b693c267e3e06aa995.json	0	4	Abrir cuestionario y diccionario ENCOAP; localizar el reactivo y el desenlace exactos exigidos por la necesidad.	Se abrió la fuente/referencia, pero no un objeto que cierre literalmente la acción individual; usar la receta y frontera registradas.	Contrastar procedencia estructurada de REL-8da82cf2f91efb7fe1958467 con sus objetos de modelo permitidos y emitir propuesta o reserva.	Revisión de equivalencia y codificación antes de parametrizar.	Revisión de equivalencia y codificación antes de parametrizar.	Propuesta semántica trazable o NO_DETERMINADO con supuesto faltante concreto.	P4_CURADURIA	No se propagó el estado general de la necesidad; requiere evidencia fuente-específica.	No se propagó el estado general de la necesidad; requiere evidencia fuente-específica.	MAIN:canon/integrador-psicologia-mexicano.md;MAIN:canon/modelo-decision-v4_0.md;MAIN:corpus/reports/Autoridad_y_jerarquía_en_el_México_contemporáneo__anatomía_psicológica_de_un_sistema_dual.md;MAIN:corpus/reports/La_arquitectura_invisible_de_la_interacción_social_en_México.md	MAIN:canon/integrador-psicologia-mexicano.md
CRES-96f31c0dde21148fbcc7059f	UNIVERSO_SEMANTICO	REL-374d073941162109bb37265b	REL-374d073941162109bb37265b	BUSQUEDA_DIRIGIDA	SEMRUN-354ccb9dc1023a0bd420d48f	NO_ALCANZO_TRAS_INTENTOS	data/curacion-registro/ejecucion-semantica/runs/SEMRUN-354ccb9dc1023a0bd420d48f/reportes-neutrales/TOBS-SEM-bbd25c063666c3bf534e1966.json	1	2	Abrir codebook y verificar variables de sección, elección, tratamiento/exposición y resultado.	Los intentos reales terminaron sin HTTP 2xx; continuar solo con acceso alternativo autorizado o localizador corregido.	Verificar el localizador exacto ya declarado de REL-374d073941162109bb37265b con máximo dos intentos y sin discovery panorámico.	Revisión de equivalencia y codificación antes de parametrizar.	Revisión de equivalencia y codificación antes de parametrizar.	EVIDENCIA_LOCALIZADA, NO_ACCESIBLE, NO_DETERMINADO o SIN_RUTA_VIABLE_ACTUAL tras máximo dos intentos.	P3_INDEXADO	Escala/diseño/universo:	Escala/diseño/universo:	MAIN:data/mapa-ext-academico-2026-08-06.tsv:L21	MAIN:data/mapa-ext-academico-2026-08-06.tsv
CRES-98016b4adc0babc65bc16a48	UNIVERSO_SEMANTICO	REL-e247f2d5250d822fb74a0638	REL-e247f2d5250d822fb74a0638	BUSQUEDA_DIRIGIDA	SEMRUN-354ccb9dc1023a0bd420d48f	FUENTE_ABIERTA_SIN_OBJETO_REQUERIDO	data/curacion-registro/ejecucion-semantica/runs/SEMRUN-354ccb9dc1023a0bd420d48f/reportes-neutrales/TOBS-SEM-df52f5f519c8ddcd4f209db4.json	2	1	Obtener codebook.	Se abrió la fuente/referencia, pero no un objeto que cierre literalmente la acción individual; usar la receta y frontera registradas.	Verificar el localizador exacto ya declarado de REL-e247f2d5250d822fb74a0638 con máximo dos intentos y sin discovery panorámico.	Revisión de equivalencia y codificación antes de parametrizar.	Revisión de equivalencia y codificación antes de parametrizar.	EVIDENCIA_LOCALIZADA, NO_ACCESIBLE, NO_DETERMINADO o SIN_RUTA_VIABLE_ACTUAL tras máximo dos intentos.	P3_INDEXADO	Escala/diseño/universo:	Escala/diseño/universo:	MAIN:data/mapa-fuentes-externas-consolidado-2026-08-06.tsv:L13	MAIN:data/mapa-fuentes-externas-consolidado-2026-08-06.tsv:L13
CRES-98df4571a70ad8f5dc42da4d	UNIVERSO_SEMANTICO	REL-d67770c443936b1d84304513	REL-d67770c443936b1d84304513	BUSQUEDA_DIRIGIDA	SEMRUN-354ccb9dc1023a0bd420d48f	FUENTE_ABIERTA_SIN_OBJETO_REQUERIDO	data/curacion-registro/ejecucion-semantica/runs/SEMRUN-354ccb9dc1023a0bd420d48f/reportes-neutrales/TOBS-SEM-927f614b030359d6a7f4248b.json	0	1	Descargar el levantamiento y diccionario ENAFIN pertinente; mapear variable y desenlace concretos de la necesidad.	Se abrió la fuente/referencia, pero no un objeto que cierre literalmente la acción individual; usar la receta y frontera registradas.	Verificar el localizador exacto ya declarado de REL-d67770c443936b1d84304513 con máximo dos intentos y sin discovery panorámico.	Revisión de equivalencia y codificación antes de parametrizar.	Revisión de equivalencia y codificación antes de parametrizar.	EVIDENCIA_LOCALIZADA, NO_ACCESIBLE, NO_DETERMINADO o SIN_RUTA_VIABLE_ACTUAL tras máximo dos intentos.	P3_INDEXADO	Escala/diseño/universo:	Escala/diseño/universo:	MAIN:data/mapa-fuentes-2026-08-06.tsv:L62	MAIN:data/mapa-fuentes-2026-08-06.tsv:L62
CRES-9b0b8d151fdb0caa63253e54	UNIVERSO_SEMANTICO	REL-62c97ccb92d0e95c8120d776	REL-62c97ccb92d0e95c8120d776	BUSQUEDA_DIRIGIDA	SEMRUN-354ccb9dc1023a0bd420d48f	EJECUTADA_CON_RESULTADO	data/curacion-registro/ejecucion-semantica/runs/SEMRUN-354ccb9dc1023a0bd420d48f/reportes-neutrales/TOBS-SEM-36e732ff898e0056c2afff36.json	2	1	Abrir módulo exacto.	Se abrió al menos un objeto de datos/documentación y se registró su estructura literal; el juicio semántico permanece separado.	Verificar el localizador exacto ya declarado de REL-62c97ccb92d0e95c8120d776 con máximo dos intentos y sin discovery panorámico.	Revisión de equivalencia y codificación antes de parametrizar.	Revisión de equivalencia y codificación antes de parametrizar.	EVIDENCIA_LOCALIZADA, NO_ACCESIBLE, NO_DETERMINADO o SIN_RUTA_VIABLE_ACTUAL tras máximo dos intentos.	P3_INDEXADO	Escala/diseño/universo:	Escala/diseño/universo:	MAIN:data/mapa-ext-general-2026-08-06.tsv:L5	MAIN:data/mapa-ext-general-2026-08-06.tsv:L5
CRES-9c02d18f1b55c35d75043357	UNIVERSO_SEMANTICO	REL-51392f82de7f4c77d1bb75c1	REL-51392f82de7f4c77d1bb75c1	CURADURIA_FUENTE	SEMRUN-354ccb9dc1023a0bd420d48f	EJECUTADA_CON_RESULTADO	data/curacion-registro/ejecucion-semantica/runs/SEMRUN-354ccb9dc1023a0bd420d48f/reportes-neutrales/TOBS-SEM-f213b050b725622998750324.json	0	7	Abrir cuestionario/diccionario ENBIARE y localizar texto, codificación y llave del reactivo junto con el desenlace requerido.	Se abrió al menos un objeto de datos/documentación y se registró su estructura literal; el juicio semántico permanece separado.	Contrastar procedencia estructurada de REL-51392f82de7f4c77d1bb75c1 con sus objetos de modelo permitidos y emitir propuesta o reserva.	Revisión de equivalencia y codificación antes de parametrizar.	Revisión de equivalencia y codificación antes de parametrizar.	Propuesta semántica trazable o NO_DETERMINADO con supuesto faltante concreto.	P4_CURADURIA	No se propagó el estado general de la necesidad; requiere evidencia fuente-específica.	No se propagó el estado general de la necesidad; requiere evidencia fuente-específica.	MAIN:canon/glosario-v5_6.md;MAIN:canon/integrador-psicologia-mexicano.md;MAIN:canon/modelo-decision-v4_0.md;MAIN:corpus/reports/Autoridad_y_jerarquía_en_el_México_contemporáneo__anatomía_psicológica_de_un_sistema_dual.md	MAIN:forense/matriz-impacto-universal-2026-08-06.md
CRES-9ddb21b1dde2479d590a65de	UNIVERSO_SEMANTICO	REL-b034b04e9ba040bd02e39b8b	REL-b034b04e9ba040bd02e39b8b	BUSQUEDA_DIRIGIDA	SEMRUN-354ccb9dc1023a0bd420d48f	EJECUTADA_CON_RESULTADO	data/curacion-registro/ejecucion-semantica/runs/SEMRUN-354ccb9dc1023a0bd420d48f/reportes-neutrales/TOBS-SEM-8bec8cdf4e68317ff2c0221a.json	2	1	Abrir codebook.	Se abrió al menos un objeto de datos/documentación y se registró su estructura literal; el juicio semántico permanece separado.	Verificar el localizador exacto ya declarado de REL-b034b04e9ba040bd02e39b8b con máximo dos intentos y sin discovery panorámico.	Revisión de equivalencia y codificación antes de parametrizar.	Revisión de equivalencia y codificación antes de parametrizar.	EVIDENCIA_LOCALIZADA, NO_ACCESIBLE, NO_DETERMINADO o SIN_RUTA_VIABLE_ACTUAL tras máximo dos intentos.	P3_INDEXADO	Escala/diseño/universo:	Escala/diseño/universo:	MAIN:data/mapa-ext-general-2026-08-06.tsv:L5	MAIN:data/mapa-ext-general-2026-08-06.tsv:L5
CRES-a0322f1987b7cec9a854e299	UNIVERSO_SEMANTICO	REL-1867600f55b362380e728c4a	REL-1867600f55b362380e728c4a	BUSQUEDA_DIRIGIDA	SEMRUN-354ccb9dc1023a0bd420d48f	FUENTE_ABIERTA_SIN_OBJETO_REQUERIDO	data/curacion-registro/ejecucion-semantica/runs/SEMRUN-354ccb9dc1023a0bd420d48f/reportes-neutrales/TOBS-SEM-6898d3c7c6fa1202e6836b28.json	0	1	Abrir Informe Anual o catálogo SIE, registrar idSerie/idCuadro y extraer series comparables CoDi/SPEI.	Se abrió la fuente/referencia, pero no un objeto que cierre literalmente la acción individual; usar la receta y frontera registradas.	Verificar el localizador exacto ya declarado de REL-1867600f55b362380e728c4a con máximo dos intentos y sin discovery panorámico.	Revisión de equivalencia y codificación antes de parametrizar.	Revisión de equivalencia y codificación antes de parametrizar.	EVIDENCIA_LOCALIZADA, NO_ACCESIBLE, NO_DETERMINADO o SIN_RUTA_VIABLE_ACTUAL tras máximo dos intentos.	P3_INDEXADO	Escala/diseño/universo:	Escala/diseño/universo:	MAIN:data/mapa-fuentes-2026-08-06.tsv:L135	MAIN:data/mapa-fuentes-2026-08-06.tsv:L135
CRES-a07f9c704c3ec3d437f361ea	UNIVERSO_SEMANTICO	REL-7feec534a72e40bdf9b6b393	REL-7feec534a72e40bdf9b6b393	BUSQUEDA_DIRIGIDA	SEMRUN-354ccb9dc1023a0bd420d48f	FUENTE_ABIERTA_SIN_OBJETO_REQUERIDO	data/curacion-registro/ejecucion-semantica/runs/SEMRUN-354ccb9dc1023a0bd420d48f/reportes-neutrales/TOBS-SEM-75f05bc1c3c751ce6898f1db.json	0	2	Resolver el recurso canónico de PI y abrir la tabla/diccionario específico antes de adjudicar.	Se abrió la fuente/referencia, pero no un objeto que cierre literalmente la acción individual; usar la receta y frontera registradas.	Verificar el localizador exacto ya declarado de REL-7feec534a72e40bdf9b6b393 con máximo dos intentos y sin discovery panorámico.	Revisión de equivalencia y codificación antes de parametrizar.	Revisión de equivalencia y codificación antes de parametrizar.	EVIDENCIA_LOCALIZADA, NO_ACCESIBLE, NO_DETERMINADO o SIN_RUTA_VIABLE_ACTUAL tras máximo dos intentos.	P3_INDEXADO	Escala/diseño/universo:	Escala/diseño/universo:	MAIN:data/mapa-fuentes-2026-08-06.tsv:L110	MAIN:data/mapa-fuentes-2026-08-06.tsv
CRES-a25728e4d5605d97eabc7f80	UNIVERSO_SEMANTICO	REL-162b116abdb2212886430f08	REL-162b116abdb2212886430f08	BUSQUEDA_DIRIGIDA	SEMRUN-354ccb9dc1023a0bd420d48f	NO_ALCANZO_TRAS_INTENTOS	data/curacion-registro/ejecucion-semantica/runs/SEMRUN-354ccb9dc1023a0bd420d48f/reportes-neutrales/TOBS-SEM-2ce274b1c589fb857fba39c0.json	2	1	Abrir codebook y cuestionario México 2018 y documentar variable, codificación y granularidad; cerrar si no aparece el diseño requerido.	Los intentos reales terminaron sin HTTP 2xx; continuar solo con acceso alternativo autorizado o localizador corregido.	Verificar el localizador exacto ya declarado de REL-162b116abdb2212886430f08 con máximo dos intentos y sin discovery panorámico.	Revisión de equivalencia y codificación antes de parametrizar.	Revisión de equivalencia y codificación antes de parametrizar.	EVIDENCIA_LOCALIZADA, NO_ACCESIBLE, NO_DETERMINADO o SIN_RUTA_VIABLE_ACTUAL tras máximo dos intentos.	P3_INDEXADO	Escala/diseño/universo:	Escala/diseño/universo:	MAIN:data/mapa-fuentes-externas-consolidado-2026-08-06.tsv:L12	MAIN:data/mapa-fuentes-externas-consolidado-2026-08-06.tsv:L12
CRES-a49495835df74d4796eb1dc7	UNIVERSO_SEMANTICO	REL-16d3c66af7fc856df2130139	REL-16d3c66af7fc856df2130139	CURADURIA_FUENTE	SEMRUN-354ccb9dc1023a0bd420d48f	EJECUTADA_CON_RESULTADO	data/curacion-registro/ejecucion-semantica/runs/SEMRUN-354ccb9dc1023a0bd420d48f/reportes-neutrales/TOBS-SEM-367e9b6c56c95d8f43ecd86e.json	0	6	Abrir el diccionario ENFIH y construir una tabla variable×constructo×desenlace para esta necesidad; verificar coobservación por llave de persona.	Se abrió al menos un objeto de datos/documentación y se registró su estructura literal; el juicio semántico permanece separado.	Contrastar procedencia estructurada de REL-16d3c66af7fc856df2130139 con sus objetos de modelo permitidos y emitir propuesta o reserva.	Revisión de equivalencia y codificación antes de parametrizar.	Revisión de equivalencia y codificación antes de parametrizar.	Propuesta semántica trazable o NO_DETERMINADO con supuesto faltante concreto.	P4_CURADURIA	No se propagó el estado general de la necesidad; requiere evidencia fuente-específica.	No se propagó el estado general de la necesidad; requiere evidencia fuente-específica.	MAIN:canon/modelo-decision-v4_0.md;MAIN:data/abrir4-variables-2026-08-08.tsv;MAIN:data/abrir4-variables-2026-08-08.tsv:L11;MAIN:forense/REVERIFICACION-DEMANDA-vs-UNIVERSO-2026-08-07-v1_0.md	MAIN:data/abrir4-variables-2026-08-08.tsv
CRES-a855068de44ec580a0edbf64	UNIVERSO_SEMANTICO	REL-f96e306aefb2bab19baafbcc	REL-f96e306aefb2bab19baafbcc	CURADURIA_FUENTE	SEMRUN-354ccb9dc1023a0bd420d48f	EJECUTADA_CON_RESULTADO	data/curacion-registro/ejecucion-semantica/runs/SEMRUN-354ccb9dc1023a0bd420d48f/reportes-neutrales/TOBS-SEM-f740b8a13b670f4a769675c8.json	0	8	Mapear en el cuestionario y microdato ENIF los reactivos de la necesidad y el desenlace, y comprobar que comparten unidad de observación.	Se abrió al menos un objeto de datos/documentación y se registró su estructura literal; el juicio semántico permanece separado.	Contrastar procedencia estructurada de REL-f96e306aefb2bab19baafbcc con sus objetos de modelo permitidos y emitir propuesta o reserva.	Revisión de equivalencia y codificación antes de parametrizar.	Revisión de equivalencia y codificación antes de parametrizar.	Propuesta semántica trazable o NO_DETERMINADO con supuesto faltante concreto.	P4_CURADURIA	No se propagó el estado general de la necesidad; requiere evidencia fuente-específica.	No se propagó el estado general de la necesidad; requiere evidencia fuente-específica.	MAIN:corpus/reports/El_Efecto_Ambiental_de_la_Violencia_Crónica_en_México__Cómo_el_Miedo_Reorganiza_la_Conducta_Psicológica_de_la_Población.md;MAIN:data/mapa-ext-civil-2026-08-06.tsv;MAIN:data/mapa-ext-civil-2026-08-06.tsv:L20;MAIN:data/mapa-ext-civil-2026-08-06.tsv:L21	MAIN:forense/hitoE-campana-medicion-v2_0.md
CRES-a8637b62a380a6a7e40231f1	UNIVERSO_SEMANTICO	REL-3b746c49c7c051083df6ee81	REL-3b746c49c7c051083df6ee81	CURADURIA_FUENTE	SEMRUN-354ccb9dc1023a0bd420d48f	EJECUTADA_CON_RESULTADO	data/curacion-registro/ejecucion-semantica/runs/SEMRUN-354ccb9dc1023a0bd420d48f/reportes-neutrales/TOBS-SEM-3425dde81a63cdf148a0bbac.json	0	7	Abrir el diccionario ENFIH y construir una tabla variable×constructo×desenlace para esta necesidad; verificar coobservación por llave de persona.	Se abrió al menos un objeto de datos/documentación y se registró su estructura literal; el juicio semántico permanece separado.	Contrastar procedencia estructurada de REL-3b746c49c7c051083df6ee81 con sus objetos de modelo permitidos y emitir propuesta o reserva.	Revisión de equivalencia y codificación antes de parametrizar.	Revisión de equivalencia y codificación antes de parametrizar.	Propuesta semántica trazable o NO_DETERMINADO con supuesto faltante concreto.	P4_CURADURIA	No se propagó el estado general de la necesidad; requiere evidencia fuente-específica.	No se propagó el estado general de la necesidad; requiere evidencia fuente-específica.	MAIN:canon/estado-programa-v1_10.md;MAIN:canon/gobernanza-v1_15.md;MAIN:canon/modelo-decision-v4_0.md;MAIN:corpus/forense/Consumo_Aspiracional_en_México__Validación_Forense_del_Modelo_Anti-Esencialista.md	MAIN:data/abrir4-variables-2026-08-08.tsv
CRES-aa1b621eb4cbb20c33124cf1	UNIVERSO_SEMANTICO	REL-2a1cc2aeaa3a0d0f5e1e49d2	REL-2a1cc2aeaa3a0d0f5e1e49d2	BUSQUEDA_DIRIGIDA	SEMRUN-354ccb9dc1023a0bd420d48f	FUENTE_ABIERTA_SIN_OBJETO_REQUERIDO	data/curacion-registro/ejecucion-semantica/runs/SEMRUN-354ccb9dc1023a0bd420d48f/reportes-neutrales/TOBS-SEM-be389b408c606b6c7fcb528f.json	2	1	Abrir GED codebook.	Se abrió la fuente/referencia, pero no un objeto que cierre literalmente la acción individual; usar la receta y frontera registradas.	Verificar el localizador exacto ya declarado de REL-2a1cc2aeaa3a0d0f5e1e49d2 con máximo dos intentos y sin discovery panorámico.	Revisión de equivalencia y codificación antes de parametrizar.	Revisión de equivalencia y codificación antes de parametrizar.	EVIDENCIA_LOCALIZADA, NO_ACCESIBLE, NO_DETERMINADO o SIN_RUTA_VIABLE_ACTUAL tras máximo dos intentos.	P3_INDEXADO	Escala/diseño/universo:	Escala/diseño/universo:	MAIN:data/mapa-ext-general-2026-08-06.tsv:L14	MAIN:data/mapa-ext-general-2026-08-06.tsv:L14
CRES-ad2f0736a973304f02b84a3b	UNIVERSO_SEMANTICO	REL-8b5abcdb9a618f64c2639477	REL-8b5abcdb9a618f64c2639477	BUSQUEDA_DIRIGIDA	SEMRUN-354ccb9dc1023a0bd420d48f	FUENTE_ABIERTA_SIN_OBJETO_REQUERIDO	data/curacion-registro/ejecucion-semantica/runs/SEMRUN-354ccb9dc1023a0bd420d48f/reportes-neutrales/TOBS-SEM-9f595eb21acbf73c87aae864.json	0	1	Precisar producto.	Se abrió la fuente/referencia, pero no un objeto que cierre literalmente la acción individual; usar la receta y frontera registradas.	Verificar el localizador exacto ya declarado de REL-8b5abcdb9a618f64c2639477 con máximo dos intentos y sin discovery panorámico.	Revisión de equivalencia y codificación antes de parametrizar.	Revisión de equivalencia y codificación antes de parametrizar.	EVIDENCIA_LOCALIZADA, NO_ACCESIBLE, NO_DETERMINADO o SIN_RUTA_VIABLE_ACTUAL tras máximo dos intentos.	P3_INDEXADO	Escala/diseño/universo:	Escala/diseño/universo:	MAIN:data/mapa-fuentes-2026-08-06.tsv:L97	MAIN:data/mapa-fuentes-2026-08-06.tsv:L97
CRES-ad65ba48f245d18a6c2801eb	UNIVERSO_SEMANTICO	REL-a63dce9852d52046595e28f0	REL-a63dce9852d52046595e28f0	CURADURIA_FUENTE	SEMRUN-354ccb9dc1023a0bd420d48f	EJECUTADA_CON_RESULTADO	data/curacion-registro/ejecucion-semantica/runs/SEMRUN-354ccb9dc1023a0bd420d48f/reportes-neutrales/TOBS-SEM-1d17b3a8add1d87ba8aed92b.json	0	7	Abrir el diccionario ENFIH y construir una tabla variable×constructo×desenlace para esta necesidad; verificar coobservación por llave de persona.	Se abrió al menos un objeto de datos/documentación y se registró su estructura literal; el juicio semántico permanece separado.	Contrastar procedencia estructurada de REL-a63dce9852d52046595e28f0 con sus objetos de modelo permitidos y emitir propuesta o reserva.	Revisión de equivalencia y codificación antes de parametrizar.	Revisión de equivalencia y codificación antes de parametrizar.	Propuesta semántica trazable o NO_DETERMINADO con supuesto faltante concreto.	P4_CURADURIA	No se propagó el estado general de la necesidad; requiere evidencia fuente-específica.	No se propagó el estado general de la necesidad; requiere evidencia fuente-específica.	MAIN:canon/glosario-v5_6.md;MAIN:canon/gobernanza-v1_15.md;MAIN:canon/modelo-decision-v4_0.md;MAIN:corpus/reports/Health__Body__Food_and_Substance_Use_in_Mexico__The_Behavioral_Layer_of_Decisions__Environment_and_Structure.md	MAIN:data/abrir4-variables-2026-08-08.tsv
CRES-ad8928dbd76c6f23391aacfd	UNIVERSO_SEMANTICO	REL-10b7203dd243231cb3602e47	REL-10b7203dd243231cb3602e47	BUSQUEDA_DIRIGIDA	SEMRUN-354ccb9dc1023a0bd420d48f	FUENTE_ABIERTA_SIN_OBJETO_REQUERIDO	data/curacion-registro/ejecucion-semantica/runs/SEMRUN-354ccb9dc1023a0bd420d48f/reportes-neutrales/TOBS-SEM-2249ce6901b1f203123d9197.json	2	2	Abrir materiales suplementarios del estudio y localizar variable, tratamiento, resultado y muestra mexicanos pertinentes.	Se abrió la fuente/referencia, pero no un objeto que cierre literalmente la acción individual; usar la receta y frontera registradas.	Verificar el localizador exacto ya declarado de REL-10b7203dd243231cb3602e47 con máximo dos intentos y sin discovery panorámico.	Revisión de equivalencia y codificación antes de parametrizar.	Revisión de equivalencia y codificación antes de parametrizar.	EVIDENCIA_LOCALIZADA, NO_ACCESIBLE, NO_DETERMINADO o SIN_RUTA_VIABLE_ACTUAL tras máximo dos intentos.	P3_INDEXADO	Escala/diseño/universo:	Escala/diseño/universo:	MAIN:data/mapa-ext-academico-2026-08-06.tsv:L15	MAIN:data/mapa-ext-academico-2026-08-06.tsv
CRES-af9bc2efbf3441cbc6413a0e	UNIVERSO_SEMANTICO	REL-e86c10c4e19ea32e57b6a28d	REL-e86c10c4e19ea32e57b6a28d	BUSQUEDA_DIRIGIDA	SEMRUN-354ccb9dc1023a0bd420d48f	FUENTE_ABIERTA_SIN_OBJETO_REQUERIDO	data/curacion-registro/ejecucion-semantica/runs/SEMRUN-354ccb9dc1023a0bd420d48f/reportes-neutrales/TOBS-SEM-caf2408edd14259fc5037549.json	2	1	Abrir codebook.	Se abrió la fuente/referencia, pero no un objeto que cierre literalmente la acción individual; usar la receta y frontera registradas.	Verificar el localizador exacto ya declarado de REL-e86c10c4e19ea32e57b6a28d con máximo dos intentos y sin discovery panorámico.	Revisión de equivalencia y codificación antes de parametrizar.	Revisión de equivalencia y codificación antes de parametrizar.	EVIDENCIA_LOCALIZADA, NO_ACCESIBLE, NO_DETERMINADO o SIN_RUTA_VIABLE_ACTUAL tras máximo dos intentos.	P3_INDEXADO	Escala/diseño/universo:	Escala/diseño/universo:	MAIN:data/mapa-ext-general-2026-08-06.tsv:L13	MAIN:data/mapa-ext-general-2026-08-06.tsv:L13
CRES-b1000279ae3ce142cec9090e	UNIVERSO_SEMANTICO	REL-abd2650bcf443274eb467a60	REL-abd2650bcf443274eb467a60	BUSQUEDA_DIRIGIDA	SEMRUN-354ccb9dc1023a0bd420d48f	FUENTE_ABIERTA_SIN_OBJETO_REQUERIDO	data/curacion-registro/ejecucion-semantica/runs/SEMRUN-354ccb9dc1023a0bd420d48f/reportes-neutrales/TOBS-SEM-191fa324b0e3df001f1aa3fe.json	0	1	Abrir diccionario y archivo panel; comprobar dos observaciones por idPANEL2006 y mapear predictor y desenlace requeridos.	Se abrió la fuente/referencia, pero no un objeto que cierre literalmente la acción individual; usar la receta y frontera registradas.	Verificar el localizador exacto ya declarado de REL-abd2650bcf443274eb467a60 con máximo dos intentos y sin discovery panorámico.	Revisión de equivalencia y codificación antes de parametrizar.	Revisión de equivalencia y codificación antes de parametrizar.	EVIDENCIA_LOCALIZADA, NO_ACCESIBLE, NO_DETERMINADO o SIN_RUTA_VIABLE_ACTUAL tras máximo dos intentos.	P3_INDEXADO	Escala/diseño/universo:	Escala/diseño/universo:	MAIN:data/mapa-fuentes-externas-consolidado-2026-08-06.tsv:L7	MAIN:data/mapa-fuentes-externas-consolidado-2026-08-06.tsv:L7
CRES-b46fab50fafdee6966847d83	UNIVERSO_SEMANTICO	REL-71d03c31e21a53076736dfd0	REL-71d03c31e21a53076736dfd0	BUSQUEDA_DIRIGIDA	SEMRUN-354ccb9dc1023a0bd420d48f	FUENTE_ABIERTA_SIN_OBJETO_REQUERIDO	data/curacion-registro/ejecucion-semantica/runs/SEMRUN-354ccb9dc1023a0bd420d48f/reportes-neutrales/TOBS-SEM-2afc594c6bbdaabe79c4052b.json	2	2	Abrir materiales suplementarios del estudio y localizar variable, tratamiento, resultado y muestra mexicanos pertinentes.	Se abrió la fuente/referencia, pero no un objeto que cierre literalmente la acción individual; usar la receta y frontera registradas.	Verificar el localizador exacto ya declarado de REL-71d03c31e21a53076736dfd0 con máximo dos intentos y sin discovery panorámico.	Revisión de equivalencia y codificación antes de parametrizar.	Revisión de equivalencia y codificación antes de parametrizar.	EVIDENCIA_LOCALIZADA, NO_ACCESIBLE, NO_DETERMINADO o SIN_RUTA_VIABLE_ACTUAL tras máximo dos intentos.	P3_INDEXADO	Escala/diseño/universo:	Escala/diseño/universo:	MAIN:data/mapa-fuentes-externas-consolidado-2026-08-06.tsv:L22	MAIN:data/mapa-ext-academico-2026-08-06.tsv
CRES-b51cfc7f9cc5ac6c0abf0d09	UNIVERSO_SEMANTICO	REL-1d4ea097a836307f28dd2f49	REL-1d4ea097a836307f28dd2f49	ANALISIS_MEDICION	SEMRUN-354ccb9dc1023a0bd420d48f	BLOQUEADA_INPUT_FALTANTE	data/curacion-registro/ejecucion-semantica/runs/SEMRUN-354ccb9dc1023a0bd420d48f/reportes-neutrales/TOBS-SEM-378d45ea90cfa8dbbf1daf86.json	0	1	Abrir cuestionario y diccionario ENCOAP; localizar el reactivo y el desenlace exactos exigidos por la necesidad.	No existe especificación ejecutable: faltan estimando,poblacion,unidad,variables,codificacion,ponderacion,diseno,transformacion,incertidumbre	Definir especificación completa antes de calcular sobre la evidencia abierta de REL-1d4ea097a836307f28dd2f49.	Revisión de equivalencia y codificación antes de parametrizar.	Revisión de equivalencia y codificación antes de parametrizar.	Resultado reproducible o NO_DETERMINADO por campo material faltante.	P2_ADQUIRIDO_ABIERTO	Escala/diseño/universo:	Escala/diseño/universo:	MAIN:data/mapa-fuentes-externas-consolidado-2026-08-06.tsv:L15	MAIN:data/mapa-fuentes-externas-consolidado-2026-08-06.tsv:L15
CRES-b6555332e676fb10f6c9cd77	UNIVERSO_SEMANTICO	REL-2fab7f66a0e6963788542b3a	REL-2fab7f66a0e6963788542b3a	BUSQUEDA_DIRIGIDA	SEMRUN-354ccb9dc1023a0bd420d48f	FUENTE_ABIERTA_SIN_OBJETO_REQUERIDO	data/curacion-registro/ejecucion-semantica/runs/SEMRUN-354ccb9dc1023a0bd420d48f/reportes-neutrales/TOBS-SEM-e08e77874f8fdee4962d27d3.json	1	1	Abrir cuestionario y diccionario ENCOAP; localizar el reactivo y el desenlace exactos exigidos por la necesidad.	Se abrió la fuente/referencia, pero no un objeto que cierre literalmente la acción individual; usar la receta y frontera registradas.	Verificar el localizador exacto ya declarado de REL-2fab7f66a0e6963788542b3a con máximo dos intentos y sin discovery panorámico.	Revisión de equivalencia y codificación antes de parametrizar.	Revisión de equivalencia y codificación antes de parametrizar.	EVIDENCIA_LOCALIZADA, NO_ACCESIBLE, NO_DETERMINADO o SIN_RUTA_VIABLE_ACTUAL tras máximo dos intentos.	P3_INDEXADO	Escala/diseño/universo:	Escala/diseño/universo:	MAIN:data/mapa-ext-general-2026-08-06.tsv:L4	MAIN:data/mapa-ext-general-2026-08-06.tsv:L4
CRES-b68fe3061e36d00765e5387d	UNIVERSO_SEMANTICO	REL-f25c37290ef71e21d1d73760	REL-f25c37290ef71e21d1d73760	CURADURIA_FUENTE	SEMRUN-354ccb9dc1023a0bd420d48f	FUENTE_ABIERTA_SIN_OBJETO_REQUERIDO	data/curacion-registro/ejecucion-semantica/runs/SEMRUN-354ccb9dc1023a0bd420d48f/reportes-neutrales/TOBS-SEM-bdd090bf8b06bdff4b5b5ffc.json	0	5	Abrir cuestionario y datos México; buscar proxy de deferencia y outcome laboral/comunicacional en la misma muestra.	Se abrió la fuente/referencia, pero no un objeto que cierre literalmente la acción individual; usar la receta y frontera registradas.	Contrastar procedencia estructurada de REL-f25c37290ef71e21d1d73760 con sus objetos de modelo permitidos y emitir propuesta o reserva.	Revisión de equivalencia y codificación antes de parametrizar.	Revisión de equivalencia y codificación antes de parametrizar.	Propuesta semántica trazable o NO_DETERMINADO con supuesto faltante concreto.	P4_CURADURIA	No se propagó el estado general de la necesidad; requiere evidencia fuente-específica.	No se propagó el estado general de la necesidad; requiere evidencia fuente-específica.	MAIN:canon/integrador-psicologia-mexicano.md;MAIN:canon/modelo-decision-v4_0.md;MAIN:corpus/reports/Autoridad_y_jerarquía_en_el_México_contemporáneo__anatomía_psicológica_de_un_sistema_dual.md;MAIN:corpus/reports/La_arquitectura_invisible_de_la_interacción_social_en_México.md	MAIN:forense/hitoE-campana-medicion-v2_0.md
CRES-b7ef18d115015e957177315e	UNIVERSO_SEMANTICO	REL-655887a6745e8a139387cc90	REL-655887a6745e8a139387cc90	BUSQUEDA_DIRIGIDA	SEMRUN-354ccb9dc1023a0bd420d48f	REQUIERE_DECISION_HUMANA	data/curacion-registro/ejecucion-semantica/runs/SEMRUN-354ccb9dc1023a0bd420d48f/reportes-neutrales/TOBS-SEM-56558d4355e63c4579b58939.json	2	1	Obtener autorización de licencia y abrir codebook/archivo México; localizar el par reactivo–desenlace exacto.	La acción exige autorización/licencia y no apareció un objeto descargable abierto en los intentos permitidos.	Verificar el localizador exacto ya declarado de REL-655887a6745e8a139387cc90 con máximo dos intentos y sin discovery panorámico.	Revisión de equivalencia y codificación antes de parametrizar.	Revisión de equivalencia y codificación antes de parametrizar.	EVIDENCIA_LOCALIZADA, NO_ACCESIBLE, NO_DETERMINADO o SIN_RUTA_VIABLE_ACTUAL tras máximo dos intentos.	P3_INDEXADO	Escala/diseño/universo:	Escala/diseño/universo:	MAIN:data/mapa-ext-general-2026-08-06.tsv:L3	MAIN:data/mapa-ext-general-2026-08-06.tsv:L3
CRES-b8cd49615b0f73fe0a84d137	UNIVERSO_SEMANTICO	REL-8f6cc360dac1c16f2ea6c7ea	REL-8f6cc360dac1c16f2ea6c7ea	CURADURIA_FUENTE	SEMRUN-354ccb9dc1023a0bd420d48f	EJECUTADA_CON_RESULTADO	data/curacion-registro/ejecucion-semantica/runs/SEMRUN-354ccb9dc1023a0bd420d48f/reportes-neutrales/TOBS-SEM-48df4f52c797311cffda3906.json	0	5	Abrir el cuestionario/diccionario ENSAFI correspondiente y verificar texto, codificación y desenlace coobservado.	Se abrió al menos un objeto de datos/documentación y se registró su estructura literal; el juicio semántico permanece separado.	Contrastar procedencia estructurada de REL-8f6cc360dac1c16f2ea6c7ea con sus objetos de modelo permitidos y emitir propuesta o reserva.	Revisión de equivalencia y codificación antes de parametrizar.	Revisión de equivalencia y codificación antes de parametrizar.	Propuesta semántica trazable o NO_DETERMINADO con supuesto faltante concreto.	P4_CURADURIA	No se propagó el estado general de la necesidad; requiere evidencia fuente-específica.	No se propagó el estado general de la necesidad; requiere evidencia fuente-específica.	MAIN:AGENTS.md;MAIN:canon/estado-programa-v1_10.md;MAIN:canon/glosario-v5_6.md;MAIN:canon/gobernanza-v1_15.md	MAIN:AGENTS.md
CRES-b9401e9bc3d0bf9b6178699d	UNIVERSO_SEMANTICO	REL-c3e1306bb304b019d0a94e4b	REL-c3e1306bb304b019d0a94e4b	CURADURIA_FUENTE	SEMRUN-354ccb9dc1023a0bd420d48f	FUENTE_ABIERTA_SIN_OBJETO_REQUERIDO	data/curacion-registro/ejecucion-semantica/runs/SEMRUN-354ccb9dc1023a0bd420d48f/reportes-neutrales/TOBS-SEM-d514d958d30ab3e514cffd9f.json	0	4	Resolver a un payload canónico local y abrir tabla/diccionario con unidad, periodo y variables de exposición y desenlace.	Se abrió la fuente/referencia, pero no un objeto que cierre literalmente la acción individual; usar la receta y frontera registradas.	Contrastar procedencia estructurada de REL-c3e1306bb304b019d0a94e4b con sus objetos de modelo permitidos y emitir propuesta o reserva.	Revisión de equivalencia y codificación antes de parametrizar.	Revisión de equivalencia y codificación antes de parametrizar.	Propuesta semántica trazable o NO_DETERMINADO con supuesto faltante concreto.	P4_CURADURIA	No se propagó el estado general de la necesidad; requiere evidencia fuente-específica.	No se propagó el estado general de la necesidad; requiere evidencia fuente-específica.	MAIN:canon/glosario-v5_6.md;MAIN:canon/integrador-psicologia-mexicano.md;MAIN:canon/modelo-decision-v4_0.md;MAIN:corpus/reports/Autoridad_y_jerarquía_en_el_México_contemporáneo__anatomía_psicológica_de_un_sistema_dual.md	MAIN:canon/glosario-v5_6.md;MAIN:canon/integrador-psicologia-mexicano.md;MAIN:canon/modelo-decision-v4_0.md;MAIN:corpus/reports/Autoridad_y_jerarquía_en_el_México_contemporáneo__anatomía_psicológica_de_un_sistema_dual.md
CRES-bcab4cf150913529222bb575	UNIVERSO_SEMANTICO	REL-ee1e829631a8bb7de93bcfd3	REL-ee1e829631a8bb7de93bcfd3	BUSQUEDA_DIRIGIDA	SEMRUN-354ccb9dc1023a0bd420d48f	NO_ALCANZO_TRAS_INTENTOS	data/curacion-registro/ejecucion-semantica/runs/SEMRUN-354ccb9dc1023a0bd420d48f/reportes-neutrales/TOBS-SEM-ae097b727fe5086898bd3367.json	2	1	Abrir codebook y cuestionario México 2018 y documentar variable, codificación y granularidad; cerrar si no aparece el diseño requerido.	Los intentos reales terminaron sin HTTP 2xx; continuar solo con acceso alternativo autorizado o localizador corregido.	Verificar el localizador exacto ya declarado de REL-ee1e829631a8bb7de93bcfd3 con máximo dos intentos y sin discovery panorámico.	Revisión de equivalencia y codificación antes de parametrizar.	Revisión de equivalencia y codificación antes de parametrizar.	EVIDENCIA_LOCALIZADA, NO_ACCESIBLE, NO_DETERMINADO o SIN_RUTA_VIABLE_ACTUAL tras máximo dos intentos.	P3_INDEXADO	Escala/diseño/universo:	Escala/diseño/universo:	MAIN:data/mapa-fuentes-externas-consolidado-2026-08-06.tsv:L12	MAIN:data/mapa-fuentes-externas-consolidado-2026-08-06.tsv:L12
CRES-c6b6edc410c6478dd2d34dc9	UNIVERSO_SEMANTICO	REL-8d5ee427f92ae19be789b8d6	REL-8d5ee427f92ae19be789b8d6	BUSQUEDA_DIRIGIDA	SEMRUN-354ccb9dc1023a0bd420d48f	FUENTE_ABIERTA_SIN_OBJETO_REQUERIDO	data/curacion-registro/ejecucion-semantica/runs/SEMRUN-354ccb9dc1023a0bd420d48f/reportes-neutrales/TOBS-SEM-0984cd636391d2e5c647dfb0.json	0	2	Abrir diccionario/descarga y mapear tipo de evento, actor, municipio, fecha y outcome electoral; declarar límite ecológico.	Se abrió la fuente/referencia, pero no un objeto que cierre literalmente la acción individual; usar la receta y frontera registradas.	Verificar el localizador exacto ya declarado de REL-8d5ee427f92ae19be789b8d6 con máximo dos intentos y sin discovery panorámico.	Revisión de equivalencia y codificación antes de parametrizar.	Revisión de equivalencia y codificación antes de parametrizar.	EVIDENCIA_LOCALIZADA, NO_ACCESIBLE, NO_DETERMINADO o SIN_RUTA_VIABLE_ACTUAL tras máximo dos intentos.	P3_INDEXADO	Escala/diseño/universo:	Escala/diseño/universo:	MAIN:data/mapa-fuentes-externas-consolidado-2026-08-06.tsv:L14	MAIN:data/mapa-fuentes-externas-consolidado-2026-08-06.tsv
CRES-c6b9e896e4b03909c089ca5d	UNIVERSO_SEMANTICO	REL-5fc50aa3d056d5b63f4e18df	REL-5fc50aa3d056d5b63f4e18df	BUSQUEDA_DIRIGIDA	SEMRUN-354ccb9dc1023a0bd420d48f	NO_ALCANZO_TRAS_INTENTOS	data/curacion-registro/ejecucion-semantica/runs/SEMRUN-354ccb9dc1023a0bd420d48f/reportes-neutrales/TOBS-SEM-918e2e1c7a883fc1511d7cb1.json	2	1	Abrir cuestionario/tabla.	Los intentos reales terminaron sin HTTP 2xx; continuar solo con acceso alternativo autorizado o localizador corregido.	Verificar el localizador exacto ya declarado de REL-5fc50aa3d056d5b63f4e18df con máximo dos intentos y sin discovery panorámico.	Revisión de equivalencia y codificación antes de parametrizar.	Revisión de equivalencia y codificación antes de parametrizar.	EVIDENCIA_LOCALIZADA, NO_ACCESIBLE, NO_DETERMINADO o SIN_RUTA_VIABLE_ACTUAL tras máximo dos intentos.	P3_INDEXADO	Escala/diseño/universo:	Escala/diseño/universo:	MAIN:data/mapa-ext-general-2026-08-06.tsv:L11	MAIN:data/mapa-ext-general-2026-08-06.tsv:L11
CRES-c74bee8e4fc19b25165273fb	UNIVERSO_SEMANTICO	REL-02e6e4861871631dd29048bd	REL-02e6e4861871631dd29048bd	CURADURIA_FUENTE	SEMRUN-354ccb9dc1023a0bd420d48f	FUENTE_ABIERTA_SIN_OBJETO_REQUERIDO	data/curacion-registro/ejecucion-semantica/runs/SEMRUN-354ccb9dc1023a0bd420d48f/reportes-neutrales/TOBS-SEM-e36c1b7dfa01a1ad8d24e81d.json	0	4	Resolver ruta PDF.	Se abrió la fuente/referencia, pero no un objeto que cierre literalmente la acción individual; usar la receta y frontera registradas.	Contrastar procedencia estructurada de REL-02e6e4861871631dd29048bd con sus objetos de modelo permitidos y emitir propuesta o reserva.	Revisión de equivalencia y codificación antes de parametrizar.	Revisión de equivalencia y codificación antes de parametrizar.	Propuesta semántica trazable o NO_DETERMINADO con supuesto faltante concreto.	P4_CURADURIA	No se propagó el estado general de la necesidad; requiere evidencia fuente-específica.	No se propagó el estado general de la necesidad; requiere evidencia fuente-específica.	MAIN:canon/glosario-v5_6.md;MAIN:canon/integrador-psicologia-mexicano.md;MAIN:canon/modelo-decision-v4_0.md;MAIN:corpus/reports/Autoridad_y_jerarquía_en_el_México_contemporáneo__anatomía_psicológica_de_un_sistema_dual.md	MAIN:canon/modelo-decision-v4_0.md
CRES-c7fa2b7db94cfdb2b7e7b7a2	UNIVERSO_SEMANTICO	REL-435541bba7684694085356c2	REL-435541bba7684694085356c2	BUSQUEDA_DIRIGIDA	SEMRUN-354ccb9dc1023a0bd420d48f	FUENTE_ABIERTA_SIN_OBJETO_REQUERIDO	data/curacion-registro/ejecucion-semantica/runs/SEMRUN-354ccb9dc1023a0bd420d48f/reportes-neutrales/TOBS-SEM-4393bc0202d3793dc368ca3f.json	2	1	Abrir codebook y payload México; verificar campos completos y documentar explícitamente si existe algún vínculo con trámite o gobierno digital.	Se abrió la fuente/referencia, pero no un objeto que cierre literalmente la acción individual; usar la receta y frontera registradas.	Verificar el localizador exacto ya declarado de REL-435541bba7684694085356c2 con máximo dos intentos y sin discovery panorámico.	Revisión de equivalencia y codificación antes de parametrizar.	Revisión de equivalencia y codificación antes de parametrizar.	EVIDENCIA_LOCALIZADA, NO_ACCESIBLE, NO_DETERMINADO o SIN_RUTA_VIABLE_ACTUAL tras máximo dos intentos.	P3_INDEXADO	Escala/diseño/universo:	Escala/diseño/universo:	MAIN:data/mapa-ext-general-2026-08-06.tsv:L9	MAIN:data/mapa-ext-general-2026-08-06.tsv:L9
CRES-cdb94ad15df6d087954ebe7b	UNIVERSO_SEMANTICO	REL-cc6596882b8f135c946ad0f4	REL-cc6596882b8f135c946ad0f4	CURADURIA_FUENTE	SEMRUN-354ccb9dc1023a0bd420d48f	EJECUTADA_CON_RESULTADO	data/curacion-registro/ejecucion-semantica/runs/SEMRUN-354ccb9dc1023a0bd420d48f/reportes-neutrales/TOBS-SEM-944c4ecb0ada0b70c1e85973.json	0	6	Buscar en el diccionario ENBIARE abierto términos de desconocido, transacción, sanción y confianza; documentar ausencia delimitada si no aparecen.	Se abrió al menos un objeto de datos/documentación y se registró su estructura literal; el juicio semántico permanece separado.	Contrastar procedencia estructurada de REL-cc6596882b8f135c946ad0f4 con sus objetos de modelo permitidos y emitir propuesta o reserva.	Revisión de equivalencia y codificación antes de parametrizar.	Revisión de equivalencia y codificación antes de parametrizar.	Propuesta semántica trazable o NO_DETERMINADO con supuesto faltante concreto.	P4_CURADURIA	No se propagó el estado general de la necesidad; requiere evidencia fuente-específica.	No se propagó el estado general de la necesidad; requiere evidencia fuente-específica.	MAIN:canon/estado-programa-v1_10.md;MAIN:canon/glosario-v5_6.md;MAIN:canon/gobernanza-v1_15.md;MAIN:corpus/reports/Mexican_Population_Genomics__2025-2026_Scientific_and_Market_Opportunity_Update.md	MAIN:canon/estado-programa-v1_10.md;MAIN:canon/glosario-v5_6.md;MAIN:canon/gobernanza-v1_15.md;MAIN:corpus/reports/Mexican_Population_Genomics__2025-2026_Scientific_and_Market_Opportunity_Update.md
CRES-ce7d2d7bbda5a81169730d56	UNIVERSO_SEMANTICO	REL-32afb54be292bc8e3070dfca	REL-32afb54be292bc8e3070dfca	CURADURIA_FUENTE	SEMRUN-354ccb9dc1023a0bd420d48f	EJECUTADA_CON_RESULTADO	data/curacion-registro/ejecucion-semantica/runs/SEMRUN-354ccb9dc1023a0bd420d48f/reportes-neutrales/TOBS-SEM-4271521b2dd8123304de22ad.json	0	8	Abrir reactivos conjuntos.	Se abrió al menos un objeto de datos/documentación y se registró su estructura literal; el juicio semántico permanece separado.	Contrastar procedencia estructurada de REL-32afb54be292bc8e3070dfca con sus objetos de modelo permitidos y emitir propuesta o reserva.	Revisión de equivalencia y codificación antes de parametrizar.	Revisión de equivalencia y codificación antes de parametrizar.	Propuesta semántica trazable o NO_DETERMINADO con supuesto faltante concreto.	P4_CURADURIA	No se propagó el estado general de la necesidad; requiere evidencia fuente-específica.	No se propagó el estado general de la necesidad; requiere evidencia fuente-específica.	MAIN:canon/estado-programa-v1_10.md;MAIN:canon/gobernanza-v1_15.md;MAIN:canon/modelo-decision-v4_0.md;MAIN:corpus/reports/Confianza_y_Desconfianza_en_México__Anatomía_Psicológica_de_una_Sociedad_Dual.md	MAIN:forense/matriz-impacto-universal-2026-08-06.md:L82
CRES-cfa525e63f77cb75e44e306f	UNIVERSO_SEMANTICO	REL-c9a73bd2a8258784f9f08ea8	REL-c9a73bd2a8258784f9f08ea8	BUSQUEDA_DIRIGIDA	SEMRUN-354ccb9dc1023a0bd420d48f	FUENTE_ABIERTA_SIN_OBJETO_REQUERIDO	data/curacion-registro/ejecucion-semantica/runs/SEMRUN-354ccb9dc1023a0bd420d48f/reportes-neutrales/TOBS-SEM-4989def735c2d8e7a015ff7b.json	0	1	Abrir codebook y buscar el reactivo literal de estatus; no inferirlo de gasto, crédito o bienestar.	Se abrió la fuente/referencia, pero no un objeto que cierre literalmente la acción individual; usar la receta y frontera registradas.	Verificar el localizador exacto ya declarado de REL-c9a73bd2a8258784f9f08ea8 con máximo dos intentos y sin discovery panorámico.	Revisión de equivalencia y codificación antes de parametrizar.	Revisión de equivalencia y codificación antes de parametrizar.	EVIDENCIA_LOCALIZADA, NO_ACCESIBLE, NO_DETERMINADO o SIN_RUTA_VIABLE_ACTUAL tras máximo dos intentos.	P3_INDEXADO	Escala/diseño/universo:	Escala/diseño/universo:	MAIN:data/mapa-fuentes-externas-consolidado-2026-08-06.tsv:L8	MAIN:data/mapa-fuentes-externas-consolidado-2026-08-06.tsv:L8
CRES-d1ac160f0a5f99c15bad24bb	UNIVERSO_SEMANTICO	REL-4fd0d54316a62b4b5c7a0048	REL-4fd0d54316a62b4b5c7a0048	BUSQUEDA_DIRIGIDA	SEMRUN-354ccb9dc1023a0bd420d48f	REQUIERE_DECISION_HUMANA	data/curacion-registro/ejecucion-semantica/runs/SEMRUN-354ccb9dc1023a0bd420d48f/reportes-neutrales/TOBS-SEM-8ae9eed4130cf052f6a2dc7a.json	2	1	Obtener autorización de licencia y abrir codebook/archivo México; localizar el par reactivo–desenlace exacto.	La acción exige autorización/licencia y no apareció un objeto descargable abierto en los intentos permitidos.	Verificar el localizador exacto ya declarado de REL-4fd0d54316a62b4b5c7a0048 con máximo dos intentos y sin discovery panorámico.	Revisión de equivalencia y codificación antes de parametrizar.	Revisión de equivalencia y codificación antes de parametrizar.	EVIDENCIA_LOCALIZADA, NO_ACCESIBLE, NO_DETERMINADO o SIN_RUTA_VIABLE_ACTUAL tras máximo dos intentos.	P3_INDEXADO	Escala/diseño/universo:	Escala/diseño/universo:	MAIN:data/mapa-ext-general-2026-08-06.tsv:L3	MAIN:data/mapa-ext-general-2026-08-06.tsv:L3
CRES-d3111c37795ccbdda14c6ad1	UNIVERSO_SEMANTICO	REL-9ccac3c7a04b0040d317efb7	REL-9ccac3c7a04b0040d317efb7	BUSQUEDA_DIRIGIDA	SEMRUN-354ccb9dc1023a0bd420d48f	FUENTE_ABIERTA_SIN_OBJETO_REQUERIDO	data/curacion-registro/ejecucion-semantica/runs/SEMRUN-354ccb9dc1023a0bd420d48f/reportes-neutrales/TOBS-SEM-06c6026245c8cd27120db435.json	2	1	Extraer un universo México acotado, aplicar deduplicación documentada y mapear CAMEO/actores/respuesta al objeto.	Se abrió la fuente/referencia, pero no un objeto que cierre literalmente la acción individual; usar la receta y frontera registradas.	Verificar el localizador exacto ya declarado de REL-9ccac3c7a04b0040d317efb7 con máximo dos intentos y sin discovery panorámico.	Revisión de equivalencia y codificación antes de parametrizar.	Revisión de equivalencia y codificación antes de parametrizar.	EVIDENCIA_LOCALIZADA, NO_ACCESIBLE, NO_DETERMINADO o SIN_RUTA_VIABLE_ACTUAL tras máximo dos intentos.	P3_INDEXADO	Escala/diseño/universo:	Escala/diseño/universo:	MAIN:data/mapa-ext-general-2026-08-06.tsv:L8	MAIN:data/mapa-ext-general-2026-08-06.tsv:L8
CRES-d38ff153367988b9825a676b	UNIVERSO_SEMANTICO	REL-75c66af2edc4b79afcb439c3	REL-75c66af2edc4b79afcb439c3	BUSQUEDA_DIRIGIDA	SEMRUN-354ccb9dc1023a0bd420d48f	REQUIERE_DECISION_HUMANA	data/curacion-registro/ejecucion-semantica/runs/SEMRUN-354ccb9dc1023a0bd420d48f/reportes-neutrales/TOBS-SEM-8efebc75fe46505e8dd50018.json	2	1	Obtener autorización de licencia y abrir codebook/archivo México; localizar el par reactivo–desenlace exacto.	La acción exige autorización/licencia y no apareció un objeto descargable abierto en los intentos permitidos.	Verificar el localizador exacto ya declarado de REL-75c66af2edc4b79afcb439c3 con máximo dos intentos y sin discovery panorámico.	Revisión de equivalencia y codificación antes de parametrizar.	Revisión de equivalencia y codificación antes de parametrizar.	EVIDENCIA_LOCALIZADA, NO_ACCESIBLE, NO_DETERMINADO o SIN_RUTA_VIABLE_ACTUAL tras máximo dos intentos.	P3_INDEXADO	Escala/diseño/universo:	Escala/diseño/universo:	MAIN:data/mapa-ext-general-2026-08-06.tsv:L3	MAIN:data/mapa-ext-general-2026-08-06.tsv:L3
CRES-d5e013a3c556b1bf66c97625	UNIVERSO_SEMANTICO	REL-c72dd30027c28df4603464d5	REL-c72dd30027c28df4603464d5	CURADURIA_FUENTE	SEMRUN-354ccb9dc1023a0bd420d48f	REQUIERE_DECISION_HUMANA	data/curacion-registro/ejecucion-semantica/runs/SEMRUN-354ccb9dc1023a0bd420d48f/reportes-neutrales/TOBS-SEM-4da3c96bdd885aa41809e8b9.json	0	4	Obtener autorización de licencia y abrir codebook/archivo México; localizar el par reactivo–desenlace exacto.	La acción exige autorización/licencia y no apareció un objeto descargable abierto en los intentos permitidos.	Contrastar procedencia estructurada de REL-c72dd30027c28df4603464d5 con sus objetos de modelo permitidos y emitir propuesta o reserva.	Revisión de equivalencia y codificación antes de parametrizar.	Revisión de equivalencia y codificación antes de parametrizar.	Propuesta semántica trazable o NO_DETERMINADO con supuesto faltante concreto.	P4_CURADURIA	No se propagó el estado general de la necesidad; requiere evidencia fuente-específica.	No se propagó el estado general de la necesidad; requiere evidencia fuente-específica.	MAIN:canon/integrador-psicologia-mexicano.md;MAIN:canon/modelo-decision-v4_0.md;MAIN:corpus/reports/Autoridad_y_jerarquía_en_el_México_contemporáneo__anatomía_psicológica_de_un_sistema_dual.md;MAIN:corpus/reports/La_arquitectura_invisible_de_la_interacción_social_en_México.md	MAIN:canon/integrador-psicologia-mexicano.md;MAIN:canon/modelo-decision-v4_0.md;MAIN:corpus/reports/Autoridad_y_jerarquía_en_el_México_contemporáneo__anatomía_psicológica_de_un_sistema_dual.md;MAIN:corpus/reports/La_arquitectura_invisible_de_la_interacción_social_en_México.md
CRES-d5faf5c72345c34327136e23	UNIVERSO_SEMANTICO	REL-3d6a985a8dafc13fdbd39e4a	REL-3d6a985a8dafc13fdbd39e4a	BUSQUEDA_DIRIGIDA	SEMRUN-354ccb9dc1023a0bd420d48f	FUENTE_ABIERTA_SIN_OBJETO_REQUERIDO	data/curacion-registro/ejecucion-semantica/runs/SEMRUN-354ccb9dc1023a0bd420d48f/reportes-neutrales/TOBS-SEM-95ecb20a0512809ca939da05.json	0	1	Abrir cuestionario y codebook Wave 7 México; localizar reactivo, codificación y desenlace coobservado.	Se abrió la fuente/referencia, pero no un objeto que cierre literalmente la acción individual; usar la receta y frontera registradas.	Verificar el localizador exacto ya declarado de REL-3d6a985a8dafc13fdbd39e4a con máximo dos intentos y sin discovery panorámico.	Revisión de equivalencia y codificación antes de parametrizar.	Revisión de equivalencia y codificación antes de parametrizar.	EVIDENCIA_LOCALIZADA, NO_ACCESIBLE, NO_DETERMINADO o SIN_RUTA_VIABLE_ACTUAL tras máximo dos intentos.	P3_INDEXADO	Escala/diseño/universo:	Escala/diseño/universo:	MAIN:data/mapa-ext-general-2026-08-06.tsv:L17	MAIN:data/mapa-ext-general-2026-08-06.tsv:L17
CRES-d6ca9ad09aeb5e53e320dfac	UNIVERSO_SEMANTICO	REL-f721d49d739e759d00a9643b	REL-f721d49d739e759d00a9643b	CURADURIA_FUENTE	SEMRUN-354ccb9dc1023a0bd420d48f	FUENTE_ABIERTA_SIN_OBJETO_REQUERIDO	data/curacion-registro/ejecucion-semantica/runs/SEMRUN-354ccb9dc1023a0bd420d48f/reportes-neutrales/TOBS-SEM-baf8e36c03cf045a94acb5ed.json	0	5	Abrir diccionario/descarga y mapear tipo de evento, actor, municipio, fecha y outcome electoral; declarar límite ecológico.	Se abrió la fuente/referencia, pero no un objeto que cierre literalmente la acción individual; usar la receta y frontera registradas.	Contrastar procedencia estructurada de REL-f721d49d739e759d00a9643b con sus objetos de modelo permitidos y emitir propuesta o reserva.	Revisión de equivalencia y codificación antes de parametrizar.	Revisión de equivalencia y codificación antes de parametrizar.	Propuesta semántica trazable o NO_DETERMINADO con supuesto faltante concreto.	P4_CURADURIA	No se propagó el estado general de la necesidad; requiere evidencia fuente-específica.	No se propagó el estado general de la necesidad; requiere evidencia fuente-específica.	MAIN:canon/gobernanza-v1_15.md;MAIN:canon/integrador-psicologia-mexicano.md;MAIN:canon/modelo-decision-v4_0.md;MAIN:corpus/reports/El_Mexicano_y_el_Tiempo__Estructura__no_Cultura__en_la_Planeación_y_el_Compromiso_Temporal.md	MAIN:data/mapa-fuentes-externas-consolidado-2026-08-06.tsv
CRES-d8e1153f0b144b07434b69fb	UNIVERSO_SEMANTICO	REL-75b2ff53a19d8058eba2dbb7	REL-75b2ff53a19d8058eba2dbb7	BUSQUEDA_DIRIGIDA	SEMRUN-354ccb9dc1023a0bd420d48f	EJECUTADA_CON_RESULTADO	data/curacion-registro/ejecucion-semantica/runs/SEMRUN-354ccb9dc1023a0bd420d48f/reportes-neutrales/TOBS-SEM-0cc2dcc09a88442d3ed6f491.json	2	1	Abrir módulo exacto.	Se abrió al menos un objeto de datos/documentación y se registró su estructura literal; el juicio semántico permanece separado.	Verificar el localizador exacto ya declarado de REL-75b2ff53a19d8058eba2dbb7 con máximo dos intentos y sin discovery panorámico.	Revisión de equivalencia y codificación antes de parametrizar.	Revisión de equivalencia y codificación antes de parametrizar.	EVIDENCIA_LOCALIZADA, NO_ACCESIBLE, NO_DETERMINADO o SIN_RUTA_VIABLE_ACTUAL tras máximo dos intentos.	P3_INDEXADO	Escala/diseño/universo:	Escala/diseño/universo:	MAIN:data/mapa-ext-general-2026-08-06.tsv:L5	MAIN:data/mapa-ext-general-2026-08-06.tsv:L5
CRES-df9d1a9f41aa10371937f1bf	UNIVERSO_SEMANTICO	REL-fd8abdfbae6d8de6a94eb38c	REL-fd8abdfbae6d8de6a94eb38c	CURADURIA_FUENTE	SEMRUN-354ccb9dc1023a0bd420d48f	FUENTE_ABIERTA_SIN_OBJETO_REQUERIDO	data/curacion-registro/ejecucion-semantica/runs/SEMRUN-354ccb9dc1023a0bd420d48f/reportes-neutrales/TOBS-SEM-7cba8cba7caa80d12a5b77ab.json	0	4	Abrir el payload canónico ya identificado y localizar variable/tabla exacta, unidad, periodo, codificación y parte faltante.	Se abrió la fuente/referencia, pero no un objeto que cierre literalmente la acción individual; usar la receta y frontera registradas.	Contrastar procedencia estructurada de REL-fd8abdfbae6d8de6a94eb38c con sus objetos de modelo permitidos y emitir propuesta o reserva.	Revisión de equivalencia y codificación antes de parametrizar.	Revisión de equivalencia y codificación antes de parametrizar.	Propuesta semántica trazable o NO_DETERMINADO con supuesto faltante concreto.	P4_CURADURIA	No se propagó el estado general de la necesidad; requiere evidencia fuente-específica.	No se propagó el estado general de la necesidad; requiere evidencia fuente-específica.	MAIN:canon/estado-programa-v1_10.md;MAIN:canon/glosario-v5_6.md;MAIN:canon/gobernanza-v1_15.md;MAIN:canon/modelo-decision-v4_0.md	MAIN:canon/estado-programa-v1_10.md;MAIN:canon/glosario-v5_6.md;MAIN:canon/gobernanza-v1_15.md;MAIN:canon/modelo-decision-v4_0.md
CRES-e05cb40110fa53f2a41ae6ee	UNIVERSO_SEMANTICO	REL-6e785044dd97d2658a495bb2	REL-6e785044dd97d2658a495bb2	BUSQUEDA_DIRIGIDA	SEMRUN-354ccb9dc1023a0bd420d48f	FUENTE_ABIERTA_SIN_OBJETO_REQUERIDO	data/curacion-registro/ejecucion-semantica/runs/SEMRUN-354ccb9dc1023a0bd420d48f/reportes-neutrales/TOBS-SEM-0e6bc94a16c16135d25ea664.json	2	1	Abrir codebook.	Se abrió la fuente/referencia, pero no un objeto que cierre literalmente la acción individual; usar la receta y frontera registradas.	Verificar el localizador exacto ya declarado de REL-6e785044dd97d2658a495bb2 con máximo dos intentos y sin discovery panorámico.	Revisión de equivalencia y codificación antes de parametrizar.	Revisión de equivalencia y codificación antes de parametrizar.	EVIDENCIA_LOCALIZADA, NO_ACCESIBLE, NO_DETERMINADO o SIN_RUTA_VIABLE_ACTUAL tras máximo dos intentos.	P3_INDEXADO	Escala/diseño/universo:	Escala/diseño/universo:	MAIN:data/mapa-ext-general-2026-08-06.tsv:L14	MAIN:data/mapa-ext-general-2026-08-06.tsv:L14
CRES-e1ab534d3833fd91232daa6c	UNIVERSO_SEMANTICO	REL-f219eb1a0e1b71beb5a36f6f	REL-f219eb1a0e1b71beb5a36f6f	BUSQUEDA_DIRIGIDA	SEMRUN-354ccb9dc1023a0bd420d48f	EJECUTADA_CON_RESULTADO	data/curacion-registro/ejecucion-semantica/runs/SEMRUN-354ccb9dc1023a0bd420d48f/reportes-neutrales/TOBS-SEM-6974fc1119cd0acae5686ce1.json	2	1	Obtener documentación.	Se abrió al menos un objeto de datos/documentación y se registró su estructura literal; el juicio semántico permanece separado.	Verificar el localizador exacto ya declarado de REL-f219eb1a0e1b71beb5a36f6f con máximo dos intentos y sin discovery panorámico.	Revisión de equivalencia y codificación antes de parametrizar.	Revisión de equivalencia y codificación antes de parametrizar.	EVIDENCIA_LOCALIZADA, NO_ACCESIBLE, NO_DETERMINADO o SIN_RUTA_VIABLE_ACTUAL tras máximo dos intentos.	P3_INDEXADO	Escala/diseño/universo:	Escala/diseño/universo:	MAIN:data/mapa-fuentes-externas-consolidado-2026-08-06.tsv:L10	MAIN:data/mapa-fuentes-externas-consolidado-2026-08-06.tsv:L10
CRES-e253155b599118027c8fdd36	UNIVERSO_SEMANTICO	REL-e95e26820797a0f55c9246d7	REL-e95e26820797a0f55c9246d7	BUSQUEDA_DIRIGIDA	SEMRUN-354ccb9dc1023a0bd420d48f	EJECUTADA_CON_RESULTADO	data/curacion-registro/ejecucion-semantica/runs/SEMRUN-354ccb9dc1023a0bd420d48f/reportes-neutrales/TOBS-SEM-1c5ec2bd1920714e4a1cb611.json	2	1	Abrir cuestionario.	Se abrió al menos un objeto de datos/documentación y se registró su estructura literal; el juicio semántico permanece separado.	Verificar el localizador exacto ya declarado de REL-e95e26820797a0f55c9246d7 con máximo dos intentos y sin discovery panorámico.	Revisión de equivalencia y codificación antes de parametrizar.	Revisión de equivalencia y codificación antes de parametrizar.	EVIDENCIA_LOCALIZADA, NO_ACCESIBLE, NO_DETERMINADO o SIN_RUTA_VIABLE_ACTUAL tras máximo dos intentos.	P3_INDEXADO	Escala/diseño/universo:	Escala/diseño/universo:	MAIN:data/mapa-ext-general-2026-08-06.tsv:L5	MAIN:data/mapa-ext-general-2026-08-06.tsv:L5
CRES-e55c69b51618b769e06e8cd4	UNIVERSO_SEMANTICO	REL-cf53a5e4bf5bf666390fa543	REL-cf53a5e4bf5bf666390fa543	CURADURIA_FUENTE	SEMRUN-354ccb9dc1023a0bd420d48f	EJECUTADA_CON_RESULTADO	data/curacion-registro/ejecucion-semantica/runs/SEMRUN-354ccb9dc1023a0bd420d48f/reportes-neutrales/TOBS-SEM-0a4b4f9fe3338b76fd4498d9.json	0	5	Abrir el cuestionario/diccionario ENSAFI correspondiente y verificar texto, codificación y desenlace coobservado.	Se abrió al menos un objeto de datos/documentación y se registró su estructura literal; el juicio semántico permanece separado.	Contrastar procedencia estructurada de REL-cf53a5e4bf5bf666390fa543 con sus objetos de modelo permitidos y emitir propuesta o reserva.	Revisión de equivalencia y codificación antes de parametrizar.	Revisión de equivalencia y codificación antes de parametrizar.	Propuesta semántica trazable o NO_DETERMINADO con supuesto faltante concreto.	P4_CURADURIA	No se propagó el estado general de la necesidad; requiere evidencia fuente-específica.	No se propagó el estado general de la necesidad; requiere evidencia fuente-específica.	MAIN:canon/modelo-decision-v4_0.md;MAIN:data/abrir4-variables-2026-08-08.tsv;MAIN:data/abrir4-variables-2026-08-08.tsv:L3;MAIN:data/mapa-ext-general-2026-08-06.tsv	MAIN:canon/modelo-decision-v4_0.md
CRES-e805a80a6ff4e1676f25963d	UNIVERSO_SEMANTICO	REL-b8a1bd303f0aac03e3b1bdd7	REL-b8a1bd303f0aac03e3b1bdd7	CURADURIA_FUENTE	SEMRUN-354ccb9dc1023a0bd420d48f	EJECUTADA_CON_RESULTADO	data/curacion-registro/ejecucion-semantica/runs/SEMRUN-354ccb9dc1023a0bd420d48f/reportes-neutrales/TOBS-SEM-cc5e3fdbd98ba9f00c9deb7f.json	0	5	Abrir el cuestionario/diccionario ENSAFI correspondiente y verificar texto, codificación y desenlace coobservado.	Se abrió al menos un objeto de datos/documentación y se registró su estructura literal; el juicio semántico permanece separado.	Contrastar procedencia estructurada de REL-b8a1bd303f0aac03e3b1bdd7 con sus objetos de modelo permitidos y emitir propuesta o reserva.	Revisión de equivalencia y codificación antes de parametrizar.	Revisión de equivalencia y codificación antes de parametrizar.	Propuesta semántica trazable o NO_DETERMINADO con supuesto faltante concreto.	P4_CURADURIA	No se propagó el estado general de la necesidad; requiere evidencia fuente-específica.	No se propagó el estado general de la necesidad; requiere evidencia fuente-específica.	MAIN:canon/estado-programa-v1_10.md;MAIN:canon/glosario-v5_6.md;MAIN:canon/gobernanza-v1_15.md;MAIN:canon/integrador-psicologia-mexicano.md	MAIN:canon/estado-programa-v1_10.md
CRES-e849f11f9b8dd924e652670d	UNIVERSO_SEMANTICO	REL-c59edf3fce0cc17066bed9ee	REL-c59edf3fce0cc17066bed9ee	BUSQUEDA_DIRIGIDA	SEMRUN-354ccb9dc1023a0bd420d48f	FUENTE_ABIERTA_SIN_OBJETO_REQUERIDO	data/curacion-registro/ejecucion-semantica/runs/SEMRUN-354ccb9dc1023a0bd420d48f/reportes-neutrales/TOBS-SEM-0bdd43331347c0e7a4a85107.json	0	1	Abrir codebook y cuestionario México 2018 y documentar variable, codificación y granularidad; cerrar si no aparece el diseño requerido.	Se abrió la fuente/referencia, pero no un objeto que cierre literalmente la acción individual; usar la receta y frontera registradas.	Verificar el localizador exacto ya declarado de REL-c59edf3fce0cc17066bed9ee con máximo dos intentos y sin discovery panorámico.	Revisión de equivalencia y codificación antes de parametrizar.	Revisión de equivalencia y codificación antes de parametrizar.	EVIDENCIA_LOCALIZADA, NO_ACCESIBLE, NO_DETERMINADO o SIN_RUTA_VIABLE_ACTUAL tras máximo dos intentos.	P3_INDEXADO	Escala/diseño/universo:	Escala/diseño/universo:	MAIN:data/mapa-ext-academico-2026-08-06.tsv:L10	MAIN:data/mapa-ext-academico-2026-08-06.tsv:L10
CRES-edfb8c7c936e733c27453c54	UNIVERSO_SEMANTICO	REL-a8d0e6223c2d79b63a90b4f5	REL-a8d0e6223c2d79b63a90b4f5	CURADURIA_FUENTE	SEMRUN-354ccb9dc1023a0bd420d48f	FUENTE_ABIERTA_SIN_OBJETO_REQUERIDO	data/curacion-registro/ejecucion-semantica/runs/SEMRUN-354ccb9dc1023a0bd420d48f/reportes-neutrales/TOBS-SEM-fa6f610cb3bbe49bfc45e05f.json	0	4	Resolver si es dataset o artefacto.	Se abrió la fuente/referencia, pero no un objeto que cierre literalmente la acción individual; usar la receta y frontera registradas.	Contrastar procedencia estructurada de REL-a8d0e6223c2d79b63a90b4f5 con sus objetos de modelo permitidos y emitir propuesta o reserva.	Revisión de equivalencia y codificación antes de parametrizar.	Revisión de equivalencia y codificación antes de parametrizar.	Propuesta semántica trazable o NO_DETERMINADO con supuesto faltante concreto.	P4_CURADURIA	No se propagó el estado general de la necesidad; requiere evidencia fuente-específica.	No se propagó el estado general de la necesidad; requiere evidencia fuente-específica.	MAIN:canon/estado-programa-v1_10.md;MAIN:canon/glosario-v5_6.md;MAIN:canon/gobernanza-v1_15.md;MAIN:canon/integrador-psicologia-mexicano.md	MAIN:canon/gobernanza-v1_15.md
CRES-ee040e994434fef7478bfaf7	UNIVERSO_SEMANTICO	REL-12f0d41801fa7f161510f61e	REL-12f0d41801fa7f161510f61e	CURADURIA_FUENTE	SEMRUN-354ccb9dc1023a0bd420d48f	EJECUTADA_CON_RESULTADO	data/curacion-registro/ejecucion-semantica/runs/SEMRUN-354ccb9dc1023a0bd420d48f/reportes-neutrales/TOBS-SEM-4a2d4edafb5f63b95d2d2e4c.json	0	8	Mapear en el cuestionario y microdato ENIF los reactivos de la necesidad y el desenlace, y comprobar que comparten unidad de observación.	Se abrió al menos un objeto de datos/documentación y se registró su estructura literal; el juicio semántico permanece separado.	Contrastar procedencia estructurada de REL-12f0d41801fa7f161510f61e con sus objetos de modelo permitidos y emitir propuesta o reserva.	Revisión de equivalencia y codificación antes de parametrizar.	Revisión de equivalencia y codificación antes de parametrizar.	Propuesta semántica trazable o NO_DETERMINADO con supuesto faltante concreto.	P4_CURADURIA	No se propagó el estado general de la necesidad; requiere evidencia fuente-específica.	No se propagó el estado general de la necesidad; requiere evidencia fuente-específica.	MAIN:canon/glosario-v5_6.md;MAIN:corpus/forense/Validación_Forense_del_Clientelismo_Electoral_en_México__Agencia_del_Votante__Programas_Sociales_y_Límites_de_la_Compra_de_Voto.md;MAIN:data/censo-raices-2026-08-06.tsv;MAIN:data/cola-aperturas-externas-2026-08-06.tsv	MAIN:forense/hitoE-campana-medicion-v2_0.md
CRES-ee4110d4cd2aa3381b27314e	UNIVERSO_SEMANTICO	REL-02b8ee6d0e13dfb6dc7d3331	REL-02b8ee6d0e13dfb6dc7d3331	BUSQUEDA_DIRIGIDA	SEMRUN-354ccb9dc1023a0bd420d48f	NO_ALCANZO_TRAS_INTENTOS	data/curacion-registro/ejecucion-semantica/runs/SEMRUN-354ccb9dc1023a0bd420d48f/reportes-neutrales/TOBS-SEM-ecb16833bd802925530281f5.json	2	1	Abrir codebook y cuestionario México 2018 y documentar variable, codificación y granularidad; cerrar si no aparece el diseño requerido.	Los intentos reales terminaron sin HTTP 2xx; continuar solo con acceso alternativo autorizado o localizador corregido.	Verificar el localizador exacto ya declarado de REL-02b8ee6d0e13dfb6dc7d3331 con máximo dos intentos y sin discovery panorámico.	Revisión de equivalencia y codificación antes de parametrizar.	Revisión de equivalencia y codificación antes de parametrizar.	EVIDENCIA_LOCALIZADA, NO_ACCESIBLE, NO_DETERMINADO o SIN_RUTA_VIABLE_ACTUAL tras máximo dos intentos.	P3_INDEXADO	Escala/diseño/universo:	Escala/diseño/universo:	MAIN:data/mapa-ext-general-2026-08-06.tsv:L7	MAIN:data/mapa-ext-general-2026-08-06.tsv:L7
CRES-ef1e6601fd99efe99bb48c9b	UNIVERSO_SEMANTICO	REL-4b4d25bbe2c702aed1884440	REL-4b4d25bbe2c702aed1884440	CURADURIA_FUENTE	SEMRUN-354ccb9dc1023a0bd420d48f	EJECUTADA_CON_RESULTADO	data/curacion-registro/ejecucion-semantica/runs/SEMRUN-354ccb9dc1023a0bd420d48f/reportes-neutrales/TOBS-SEM-c79825713f34236b086d0337.json	0	7	Buscar de forma dirigida en diccionarios ENOE una variable explícita del constructo; si no existe, delimitar ausencia por módulos revisados.	Se abrió al menos un objeto de datos/documentación y se registró su estructura literal; el juicio semántico permanece separado.	Contrastar procedencia estructurada de REL-4b4d25bbe2c702aed1884440 con sus objetos de modelo permitidos y emitir propuesta o reserva.	Revisión de equivalencia y codificación antes de parametrizar.	Revisión de equivalencia y codificación antes de parametrizar.	Propuesta semántica trazable o NO_DETERMINADO con supuesto faltante concreto.	P4_CURADURIA	No se propagó el estado general de la necesidad; requiere evidencia fuente-específica.	No se propagó el estado general de la necesidad; requiere evidencia fuente-específica.	MAIN:canon/modelo-decision-v4_0.md;MAIN:corpus/reports/Autoridad_y_jerarquía_en_el_México_contemporáneo__anatomía_psicológica_de_un_sistema_dual.md;MAIN:corpus/reports/Psicología_Política_y_Comportamiento_Cívico_del_Mexicano_Contemporáneo__Una_Lectura_Anti-Esencialista_desde_Abajo__2026_.md;MAIN:forense/cobertura-motor.md	MAIN:canon/modelo-decision-v4_0.md
CRES-ef87f57db2d64a097949c489	UNIVERSO_SEMANTICO	REL-523fe941f36eef5710d093ee	REL-523fe941f36eef5710d093ee	CURADURIA_FUENTE	SEMRUN-354ccb9dc1023a0bd420d48f	FUENTE_ABIERTA_SIN_OBJETO_REQUERIDO	data/curacion-registro/ejecucion-semantica/runs/SEMRUN-354ccb9dc1023a0bd420d48f/reportes-neutrales/TOBS-SEM-a9edca79cbbcf8cfad02064f.json	0	4	Requiere futura búsqueda dirigida autorizada.	Se abrió la fuente/referencia, pero no un objeto que cierre literalmente la acción individual; usar la receta y frontera registradas.	Contrastar procedencia estructurada de REL-523fe941f36eef5710d093ee con sus objetos de modelo permitidos y emitir propuesta o reserva.	Revisión de equivalencia y codificación antes de parametrizar.	Revisión de equivalencia y codificación antes de parametrizar.	Propuesta semántica trazable o NO_DETERMINADO con supuesto faltante concreto.	P4_CURADURIA	No se propagó el estado general de la necesidad; requiere evidencia fuente-específica.	No se propagó el estado general de la necesidad; requiere evidencia fuente-específica.	MAIN:canon/estado-programa-v1_10.md;MAIN:forense/REVERIFICACION-DEMANDA-vs-UNIVERSO-2026-08-07-v1_0.md;MAIN:forense/cruce-catalogo-fichas-v1_0.md;MAIN:forense/cruce-catalogo-fichas-v2_0.md	MAIN:forense/REVERIFICACION-DEMANDA-vs-UNIVERSO-2026-08-07-v1_0.md
CRES-f011fa5ac6bb03f23046fca9	UNIVERSO_SEMANTICO	REL-21e914d37dac786386bf91dc	REL-21e914d37dac786386bf91dc	CURADURIA_FUENTE	SEMRUN-354ccb9dc1023a0bd420d48f	FUENTE_ABIERTA_SIN_OBJETO_REQUERIDO	data/curacion-registro/ejecucion-semantica/runs/SEMRUN-354ccb9dc1023a0bd420d48f/reportes-neutrales/TOBS-SEM-5f145948626259596e2f82ff.json	0	4	Resolver la etiqueta FINANZAS a una fuente canónica concreta ya reunida y abrir su instrumento contra el par requerido.	Se abrió la fuente/referencia, pero no un objeto que cierre literalmente la acción individual; usar la receta y frontera registradas.	Contrastar procedencia estructurada de REL-21e914d37dac786386bf91dc con sus objetos de modelo permitidos y emitir propuesta o reserva.	Revisión de equivalencia y codificación antes de parametrizar.	Revisión de equivalencia y codificación antes de parametrizar.	Propuesta semántica trazable o NO_DETERMINADO con supuesto faltante concreto.	P4_CURADURIA	No se propagó el estado general de la necesidad; requiere evidencia fuente-específica.	No se propagó el estado general de la necesidad; requiere evidencia fuente-específica.	MAIN:canon/gobernanza-v1_15.md;MAIN:canon/modelo-decision-v4_0.md;MAIN:corpus/reports/El_Mexicano_y_el_Tiempo__Estructura__no_Cultura__en_la_Planeación_y_el_Compromiso_Temporal.md;MAIN:corpus/reports/Health__Body__Food_and_Substance_Use_in_Mexico__The_Behavioral_Layer_of_Decisions__Environment_and_Structure.md	MAIN:canon/gobernanza-v1_15.md;MAIN:canon/modelo-decision-v4_0.md;MAIN:corpus/reports/El_Mexicano_y_el_Tiempo__Estructura__no_Cultura__en_la_Planeación_y_el_Compromiso_Temporal.md;MAIN:corpus/reports/Health__Body__Food_and_Substance_Use_in_Mexico__The_Behavioral_Layer_of_Decisions__Environment_and_Structure.md
CRES-f162f293c29feefd08225956	UNIVERSO_SEMANTICO	REL-2230c5027c1ce5589c32d9b0	REL-2230c5027c1ce5589c32d9b0	BUSQUEDA_DIRIGIDA	SEMRUN-354ccb9dc1023a0bd420d48f	FUENTE_ABIERTA_SIN_OBJETO_REQUERIDO	data/curacion-registro/ejecucion-semantica/runs/SEMRUN-354ccb9dc1023a0bd420d48f/reportes-neutrales/TOBS-SEM-5f00cf4f4974b8e03128189b.json	2	2	Recuperar el paquete canónico del estudio y revisar instrumento, diseño, outcomes y tablas de impacto.	Se abrió la fuente/referencia, pero no un objeto que cierre literalmente la acción individual; usar la receta y frontera registradas.	Verificar el localizador exacto ya declarado de REL-2230c5027c1ce5589c32d9b0 con máximo dos intentos y sin discovery panorámico.	Revisión de equivalencia y codificación antes de parametrizar.	Revisión de equivalencia y codificación antes de parametrizar.	EVIDENCIA_LOCALIZADA, NO_ACCESIBLE, NO_DETERMINADO o SIN_RUTA_VIABLE_ACTUAL tras máximo dos intentos.	P3_INDEXADO	Escala/diseño/universo:	Escala/diseño/universo:	MAIN:data/mapa-ext-academico-2026-08-06.tsv:L5	MAIN:data/mapa-ext-academico-2026-08-06.tsv
CRES-f247ef01daec3e484ec562a6	UNIVERSO_SEMANTICO	REL-cd0d1c5fd7e85418603c73cd	REL-cd0d1c5fd7e85418603c73cd	BUSQUEDA_DIRIGIDA	SEMRUN-354ccb9dc1023a0bd420d48f	NO_ALCANZO_TRAS_INTENTOS	data/curacion-registro/ejecucion-semantica/runs/SEMRUN-354ccb9dc1023a0bd420d48f/reportes-neutrales/TOBS-SEM-5786d01b96f19625781608ff.json	2	1	Consolidar codebook.	Los intentos reales terminaron sin HTTP 2xx; continuar solo con acceso alternativo autorizado o localizador corregido.	Verificar el localizador exacto ya declarado de REL-cd0d1c5fd7e85418603c73cd con máximo dos intentos y sin discovery panorámico.	Revisión de equivalencia y codificación antes de parametrizar.	Revisión de equivalencia y codificación antes de parametrizar.	EVIDENCIA_LOCALIZADA, NO_ACCESIBLE, NO_DETERMINADO o SIN_RUTA_VIABLE_ACTUAL tras máximo dos intentos.	P3_INDEXADO	Escala/diseño/universo:	Escala/diseño/universo:	MAIN:data/mapa-ext-general-2026-08-06.tsv:L6	MAIN:data/mapa-ext-general-2026-08-06.tsv:L6
CRES-f29494cfb42f32ebadaacafc	UNIVERSO_SEMANTICO	REL-bb570a7a7c72c881de31f75d	REL-bb570a7a7c72c881de31f75d	BUSQUEDA_DIRIGIDA	SEMRUN-354ccb9dc1023a0bd420d48f	EJECUTADA_CON_RESULTADO	data/curacion-registro/ejecucion-semantica/runs/SEMRUN-354ccb9dc1023a0bd420d48f/reportes-neutrales/TOBS-SEM-75c2e32f4ee994e46217df03.json	2	2	Abrir instrumento y tablas del estudio; localizar tratamiento informativo, outcome y estimando pertinente.	Se abrió al menos un objeto de datos/documentación y se registró su estructura literal; el juicio semántico permanece separado.	Verificar el localizador exacto ya declarado de REL-bb570a7a7c72c881de31f75d con máximo dos intentos y sin discovery panorámico.	Revisión de equivalencia y codificación antes de parametrizar.	Revisión de equivalencia y codificación antes de parametrizar.	EVIDENCIA_LOCALIZADA, NO_ACCESIBLE, NO_DETERMINADO o SIN_RUTA_VIABLE_ACTUAL tras máximo dos intentos.	P3_INDEXADO	Escala/diseño/universo:	Escala/diseño/universo:	MAIN:data/mapa-ext-academico-2026-08-06.tsv:L2	MAIN:data/mapa-ext-academico-2026-08-06.tsv
CRES-f4b9db96918caf0eab220aa4	UNIVERSO_SEMANTICO	REL-6f1cef5066c5478632ac5045	REL-6f1cef5066c5478632ac5045	CURADURIA_FUENTE	SEMRUN-354ccb9dc1023a0bd420d48f	FUENTE_ABIERTA_SIN_OBJETO_REQUERIDO	data/curacion-registro/ejecucion-semantica/runs/SEMRUN-354ccb9dc1023a0bd420d48f/reportes-neutrales/TOBS-SEM-2e89e6e8039851500644f86c.json	0	4	Resolver a un payload canónico local y abrir tabla/diccionario con unidad, periodo y variables de exposición y desenlace.	Se abrió la fuente/referencia, pero no un objeto que cierre literalmente la acción individual; usar la receta y frontera registradas.	Contrastar procedencia estructurada de REL-6f1cef5066c5478632ac5045 con sus objetos de modelo permitidos y emitir propuesta o reserva.	Revisión de equivalencia y codificación antes de parametrizar.	Revisión de equivalencia y codificación antes de parametrizar.	Propuesta semántica trazable o NO_DETERMINADO con supuesto faltante concreto.	P4_CURADURIA	No se propagó el estado general de la necesidad; requiere evidencia fuente-específica.	No se propagó el estado general de la necesidad; requiere evidencia fuente-específica.	MAIN:canon/modelo-decision-v4_0.md;MAIN:corpus/reports/Autoridad_y_jerarquía_en_el_México_contemporáneo__anatomía_psicológica_de_un_sistema_dual.md;MAIN:corpus/reports/Psicología_Política_y_Comportamiento_Cívico_del_Mexicano_Contemporáneo__Una_Lectura_Anti-Esencialista_desde_Abajo__2026_.md;MAIN:forense/cobertura-motor.md	MAIN:canon/modelo-decision-v4_0.md;MAIN:corpus/reports/Autoridad_y_jerarquía_en_el_México_contemporáneo__anatomía_psicológica_de_un_sistema_dual.md;MAIN:corpus/reports/Psicología_Política_y_Comportamiento_Cívico_del_Mexicano_Contemporáneo__Una_Lectura_Anti-Esencialista_desde_Abajo__2026_.md;MAIN:forense/cobertura-motor.md
CRES-f60a5828b6f1b330f12baf35	UNIVERSO_SEMANTICO	REL-9dfab617c356df5594575a3c	REL-9dfab617c356df5594575a3c	BUSQUEDA_DIRIGIDA	SEMRUN-354ccb9dc1023a0bd420d48f	FUENTE_ABIERTA_SIN_OBJETO_REQUERIDO	data/curacion-registro/ejecucion-semantica/runs/SEMRUN-354ccb9dc1023a0bd420d48f/reportes-neutrales/TOBS-SEM-24ca81c50341d1dd036867b6.json	0	1	Obtener codebook.	Se abrió la fuente/referencia, pero no un objeto que cierre literalmente la acción individual; usar la receta y frontera registradas.	Verificar el localizador exacto ya declarado de REL-9dfab617c356df5594575a3c con máximo dos intentos y sin discovery panorámico.	Revisión de equivalencia y codificación antes de parametrizar.	Revisión de equivalencia y codificación antes de parametrizar.	EVIDENCIA_LOCALIZADA, NO_ACCESIBLE, NO_DETERMINADO o SIN_RUTA_VIABLE_ACTUAL tras máximo dos intentos.	P3_INDEXADO	Escala/diseño/universo:	Escala/diseño/universo:	MAIN:data/mapa-ext-academico-2026-08-06.tsv:L8	MAIN:data/mapa-ext-academico-2026-08-06.tsv:L8
CRES-feb814ddd08e74d119442714	UNIVERSO_SEMANTICO	REL-f07a221600f81a075ee85ac8	REL-f07a221600f81a075ee85ac8	CURADURIA_FUENTE	SEMRUN-354ccb9dc1023a0bd420d48f	EJECUTADA_CON_RESULTADO	data/curacion-registro/ejecucion-semantica/runs/SEMRUN-354ccb9dc1023a0bd420d48f/reportes-neutrales/TOBS-SEM-09fa7280afae0967e9298e59.json	0	7	Abrir cuestionario/diccionario ENBIARE y localizar texto, codificación y llave del reactivo junto con el desenlace requerido.	Se abrió al menos un objeto de datos/documentación y se registró su estructura literal; el juicio semántico permanece separado.	Contrastar procedencia estructurada de REL-f07a221600f81a075ee85ac8 con sus objetos de modelo permitidos y emitir propuesta o reserva.	Revisión de equivalencia y codificación antes de parametrizar.	Revisión de equivalencia y codificación antes de parametrizar.	Propuesta semántica trazable o NO_DETERMINADO con supuesto faltante concreto.	P4_CURADURIA	No se propagó el estado general de la necesidad; requiere evidencia fuente-específica.	No se propagó el estado general de la necesidad; requiere evidencia fuente-específica.	MAIN:canon/estado-programa-v1_10.md;MAIN:canon/glosario-v5_6.md;MAIN:canon/gobernanza-v1_15.md;MAIN:corpus/reports/Mexican_Population_Genomics__2025-2026_Scientific_and_Market_Opportunity_Update.md	MAIN:forense/matriz-impacto-universal-2026-08-06.md
