result_id	calc_id	resultados_sha256	resultado	ventana	eje	categoria	estado	n	upm	p	ic95_lo	ic95_hi	se	masa_ponderada	replicas_n	causa
RESULT-ENDIREH2016-REST-TABLA	CALC-ENDIREH-PISOS-2016-RESTANTES-0001	15bc446bc8dc1efc182b770d53726e842db71eeeab9a16ff1cad36eda0a06388	escolar_vida		nacional	MX	PUBLICABLE	102289	17912	0.2530506671988991	0.24874240983299895	0.2576164270390048	0.0023315815817301455	42978713.0	200	
RESULT-ENDIREH2016-REST-TABLA	CALC-ENDIREH-PISOS-2016-RESTANTES-0001	15bc446bc8dc1efc182b770d53726e842db71eeeab9a16ff1cad36eda0a06388	escolar_vida		edad	15-29	PUBLICABLE	30549	13123	0.2880033788598921	0.2806422011583686	0.2955421632994215	0.003950082897009035	14923377.0	200	
RESULT-ENDIREH2016-REST-TABLA	CALC-ENDIREH-PISOS-2016-RESTANTES-0001	15bc446bc8dc1efc182b770d53726e842db71eeeab9a16ff1cad36eda0a06388	escolar_vida		edad	30-44	PUBLICABLE	34992	13972	0.2561208821897744	0.2494890356675834	0.2629580843632206	0.003727731198409279	13256014.0	200	
RESULT-ENDIREH2016-REST-TABLA	CALC-ENDIREH-PISOS-2016-RESTANTES-0001	15bc446bc8dc1efc182b770d53726e842db71eeeab9a16ff1cad36eda0a06388	escolar_vida		edad	45-59	PUBLICABLE	22987	11981	0.2422570207351575	0.23415782139852528	0.25058750085094084	0.004375350531956207	9494020.0	200	
RESULT-ENDIREH2016-REST-TABLA	CALC-ENDIREH-PISOS-2016-RESTANTES-0001	15bc446bc8dc1efc182b770d53726e842db71eeeab9a16ff1cad36eda0a06388	escolar_vida		edad	60+	PUBLICABLE	13761	8376	0.16637582554207092	0.15659527784111446	0.17634307610906474	0.004987701192432381	5305302.0	200	
RESULT-ENDIREH2016-REST-TABLA	CALC-ENDIREH-PISOS-2016-RESTANTES-0001	15bc446bc8dc1efc182b770d53726e842db71eeeab9a16ff1cad36eda0a06388	escolar_vida		escolaridad	ninguno	PUBLICABLE	897	831	0.15213152215310397	0.11802737712255298	0.1861878232399012	0.016745695480934884	393850.0	200	
RESULT-ENDIREH2016-REST-TABLA	CALC-ENDIREH-PISOS-2016-RESTANTES-0001	15bc446bc8dc1efc182b770d53726e842db71eeeab9a16ff1cad36eda0a06388	escolar_vida		escolaridad	basica	PUBLICABLE	62980	15773	0.2374485424498585	0.2324227668555191	0.24263068172738975	0.002597866329122424	25234878.0	200	
RESULT-ENDIREH2016-REST-TABLA	CALC-ENDIREH-PISOS-2016-RESTANTES-0001	15bc446bc8dc1efc182b770d53726e842db71eeeab9a16ff1cad36eda0a06388	escolar_vida		escolaridad	media_superior	PUBLICABLE	21302	11707	0.2710520315822033	0.2624902244104306	0.27853876352807094	0.00416435310692133	9714965.0	200	
RESULT-ENDIREH2016-REST-TABLA	CALC-ENDIREH-PISOS-2016-RESTANTES-0001	15bc446bc8dc1efc182b770d53726e842db71eeeab9a16ff1cad36eda0a06388	escolar_vida		escolaridad	superior	PUBLICABLE	17104	9964	0.28694720957010755	0.27669211956142004	0.2990901935663457	0.005930088618637154	7633770.0	200	
RESULT-ENDIREH2016-REST-TABLA	CALC-ENDIREH-PISOS-2016-RESTANTES-0001	15bc446bc8dc1efc182b770d53726e842db71eeeab9a16ff1cad36eda0a06388	escolar_vida		localidad	U	PUBLICABLE	52853	14471	0.273183470457204	0.2674775758634315	0.2799088189996627	0.003185223680498799	24810414.0	200	
RESULT-ENDIREH2016-REST-TABLA	CALC-ENDIREH-PISOS-2016-RESTANTES-0001	15bc446bc8dc1efc182b770d53726e842db71eeeab9a16ff1cad36eda0a06388	escolar_vida		localidad	C	PUBLICABLE	26122	1793	0.23842122952070952	0.22993526067885667	0.24673647489640463	0.004387626012735869	9747408.0	200	
RESULT-ENDIREH2016-REST-TABLA	CALC-ENDIREH-PISOS-2016-RESTANTES-0001	15bc446bc8dc1efc182b770d53726e842db71eeeab9a16ff1cad36eda0a06388	escolar_vida		localidad	R	PUBLICABLE	23314	1648	0.21066749349920336	0.20202156178857852	0.2202611516472852	0.0048431713922031955	8420891.0	200	
RESULT-ENDIREH2016-REST-TABLA	CALC-ENDIREH-PISOS-2016-RESTANTES-0001	15bc446bc8dc1efc182b770d53726e842db71eeeab9a16ff1cad36eda0a06388	escolar_vida		pareja	A1	PUBLICABLE	65596	16989	0.23940110383401556	0.23444057252542394	0.24424223639967238	0.002566367456145752	23779481.0	200	
RESULT-ENDIREH2016-REST-TABLA	CALC-ENDIREH-PISOS-2016-RESTANTES-0001	15bc446bc8dc1efc182b770d53726e842db71eeeab9a16ff1cad36eda0a06388	escolar_vida		pareja	A2	PUBLICABLE	1994	1675	0.23918488593155893	0.2139187668094482	0.26483324493267074	0.01293201624304989	841600.0	200	
RESULT-ENDIREH2016-REST-TABLA	CALC-ENDIREH-PISOS-2016-RESTANTES-0001	15bc446bc8dc1efc182b770d53726e842db71eeeab9a16ff1cad36eda0a06388	escolar_vida		pareja	B1	PUBLICABLE	10391	7462	0.26285223755652737	0.2506418480390659	0.27481421235720255	0.006411297545446246	4694630.0	200	
RESULT-ENDIREH2016-REST-TABLA	CALC-ENDIREH-PISOS-2016-RESTANTES-0001	15bc446bc8dc1efc182b770d53726e842db71eeeab9a16ff1cad36eda0a06388	escolar_vida		pareja	B2	PUBLICABLE	6019	4719	0.18437980376976207	0.16883835987453275	0.19959334180128738	0.008121686852177982	2495436.0	200	
RESULT-ENDIREH2016-REST-TABLA	CALC-ENDIREH-PISOS-2016-RESTANTES-0001	15bc446bc8dc1efc182b770d53726e842db71eeeab9a16ff1cad36eda0a06388	escolar_vida		pareja	C1	PUBLICABLE	13504	9105	0.3229994399423166	0.31250071034884747	0.33476327002443795	0.0055463022374334725	8261649.0	200	
RESULT-ENDIREH2016-REST-TABLA	CALC-ENDIREH-PISOS-2016-RESTANTES-0001	15bc446bc8dc1efc182b770d53726e842db71eeeab9a16ff1cad36eda0a06388	escolar_vida		pareja	C2	PUBLICABLE	4785	3878	0.21303086082637598	0.1979436275134942	0.22831580102308593	0.008035747984997258	2905917.0	200	
RESULT-ENDIREH2016-REST-TABLA	CALC-ENDIREH-PISOS-2016-RESTANTES-0001	15bc446bc8dc1efc182b770d53726e842db71eeeab9a16ff1cad36eda0a06388	escolar_vida		entidad	01	PUBLICABLE	3404	665	0.29361524907896847	0.2763820345274312	0.3118706428404356	0.009498326842088761	468225.0	200	
RESULT-ENDIREH2016-REST-TABLA	CALC-ENDIREH-PISOS-2016-RESTANTES-0001	15bc446bc8dc1efc182b770d53726e842db71eeeab9a16ff1cad36eda0a06388	escolar_vida		entidad	02	PUBLICABLE	3024	715	0.23160934050638649	0.21407351904486221	0.24973518365116373	0.0092219743212745	1235736.0	200	
RESULT-ENDIREH2016-REST-TABLA	CALC-ENDIREH-PISOS-2016-RESTANTES-0001	15bc446bc8dc1efc182b770d53726e842db71eeeab9a16ff1cad36eda0a06388	escolar_vida		entidad	03	PUBLICABLE	2926	447	0.20966375440385507	0.18946712969920423	0.2279361641346821	0.00942994844629937	260851.0	200	
RESULT-ENDIREH2016-REST-TABLA	CALC-ENDIREH-PISOS-2016-RESTANTES-0001	15bc446bc8dc1efc182b770d53726e842db71eeeab9a16ff1cad36eda0a06388	escolar_vida		entidad	04	PUBLICABLE	3155	552	0.16159908340687754	0.14626379541714757	0.1759447312280339	0.007967708465174146	322935.0	200	
RESULT-ENDIREH2016-REST-TABLA	CALC-ENDIREH-PISOS-2016-RESTANTES-0001	15bc446bc8dc1efc182b770d53726e842db71eeeab9a16ff1cad36eda0a06388	escolar_vida		entidad	05	PUBLICABLE	3389	699	0.2480354231599693	0.23040639621776465	0.26474839864352717	0.009168962340017827	1077713.0	200	
RESULT-ENDIREH2016-REST-TABLA	CALC-ENDIREH-PISOS-2016-RESTANTES-0001	15bc446bc8dc1efc182b770d53726e842db71eeeab9a16ff1cad36eda0a06388	escolar_vida		entidad	06	PUBLICABLE	3076	617	0.2353604869821453	0.21841880559303303	0.2544260180389437	0.010303137476168584	257915.0	200	
RESULT-ENDIREH2016-REST-TABLA	CALC-ENDIREH-PISOS-2016-RESTANTES-0001	15bc446bc8dc1efc182b770d53726e842db71eeeab9a16ff1cad36eda0a06388	escolar_vida		entidad	07	PUBLICABLE	3040	370	0.19213105396694063	0.17482635328669466	0.20959039276624314	0.008998930168096846	1527676.0	200	
RESULT-ENDIREH2016-REST-TABLA	CALC-ENDIREH-PISOS-2016-RESTANTES-0001	15bc446bc8dc1efc182b770d53726e842db71eeeab9a16ff1cad36eda0a06388	escolar_vida		entidad	08	PUBLICABLE	2968	690	0.2585276766787221	0.23921111612584636	0.2750414687912804	0.009704784724997964	1308123.0	200	
RESULT-ENDIREH2016-REST-TABLA	CALC-ENDIREH-PISOS-2016-RESTANTES-0001	15bc446bc8dc1efc182b770d53726e842db71eeeab9a16ff1cad36eda0a06388	escolar_vida		entidad	09	PUBLICABLE	3476	878	0.30555000129316207	0.2851097674933866	0.32600977217440447	0.01008495474050881	3595837.0	200	
RESULT-ENDIREH2016-REST-TABLA	CALC-ENDIREH-PISOS-2016-RESTANTES-0001	15bc446bc8dc1efc182b770d53726e842db71eeeab9a16ff1cad36eda0a06388	escolar_vida		entidad	10	PUBLICABLE	3132	570	0.259233008842792	0.24376039612586467	0.27800378569066425	0.009100821365233379	627856.0	200	
RESULT-ENDIREH2016-REST-TABLA	CALC-ENDIREH-PISOS-2016-RESTANTES-0001	15bc446bc8dc1efc182b770d53726e842db71eeeab9a16ff1cad36eda0a06388	escolar_vida		entidad	11	PUBLICABLE	3241	513	0.2520032535451854	0.23024426277913146	0.270438407010917	0.010013217211486916	2027327.0	200	
RESULT-ENDIREH2016-REST-TABLA	CALC-ENDIREH-PISOS-2016-RESTANTES-0001	15bc446bc8dc1efc182b770d53726e842db71eeeab9a16ff1cad36eda0a06388	escolar_vida		entidad	12	PUBLICABLE	2721	424	0.22752820435064844	0.20882644241321077	0.24255529666538855	0.009004832382958504	1055245.0	200	
RESULT-ENDIREH2016-REST-TABLA	CALC-ENDIREH-PISOS-2016-RESTANTES-0001	15bc446bc8dc1efc182b770d53726e842db71eeeab9a16ff1cad36eda0a06388	escolar_vida		entidad	13	PUBLICABLE	3155	349	0.2508169374557254	0.23301601489697185	0.26756971687082065	0.009338460997167583	1006503.0	200	
RESULT-ENDIREH2016-REST-TABLA	CALC-ENDIREH-PISOS-2016-RESTANTES-0001	15bc446bc8dc1efc182b770d53726e842db71eeeab9a16ff1cad36eda0a06388	escolar_vida		entidad	14	PUBLICABLE	3266	578	0.3220902008111058	0.3031850188764905	0.3386962165431889	0.009836717783381249	2859553.0	200	
RESULT-ENDIREH2016-REST-TABLA	CALC-ENDIREH-PISOS-2016-RESTANTES-0001	15bc446bc8dc1efc182b770d53726e842db71eeeab9a16ff1cad36eda0a06388	escolar_vida		entidad	15	PUBLICABLE	3306	711	0.2809451831876437	0.26433457014818895	0.3002417978988107	0.009540971158362223	6305529.0	200	
RESULT-ENDIREH2016-REST-TABLA	CALC-ENDIREH-PISOS-2016-RESTANTES-0001	15bc446bc8dc1efc182b770d53726e842db71eeeab9a16ff1cad36eda0a06388	escolar_vida		entidad	16	PUBLICABLE	3137	390	0.2803407989732905	0.26047280317484556	0.303960033445227	0.011574576343276749	1539676.0	200	
RESULT-ENDIREH2016-REST-TABLA	CALC-ENDIREH-PISOS-2016-RESTANTES-0001	15bc446bc8dc1efc182b770d53726e842db71eeeab9a16ff1cad36eda0a06388	escolar_vida		entidad	17	PUBLICABLE	3026	570	0.24230313418355948	0.2240740674345248	0.26134709573062465	0.00937595680360849	707106.0	200	
RESULT-ENDIREH2016-REST-TABLA	CALC-ENDIREH-PISOS-2016-RESTANTES-0001	15bc446bc8dc1efc182b770d53726e842db71eeeab9a16ff1cad36eda0a06388	escolar_vida		entidad	18	PUBLICABLE	3282	445	0.219099275268299	0.203188901606472	0.23803928439233946	0.009094408982938595	431608.0	200	
RESULT-ENDIREH2016-REST-TABLA	CALC-ENDIREH-PISOS-2016-RESTANTES-0001	15bc446bc8dc1efc182b770d53726e842db71eeeab9a16ff1cad36eda0a06388	escolar_vida		entidad	19	PUBLICABLE	3217	740	0.18415925054060858	0.16838924932098115	0.20238024239735816	0.008502948623379605	1878901.0	200	
RESULT-ENDIREH2016-REST-TABLA	CALC-ENDIREH-PISOS-2016-RESTANTES-0001	15bc446bc8dc1efc182b770d53726e842db71eeeab9a16ff1cad36eda0a06388	escolar_vida		entidad	20	PUBLICABLE	3079	331	0.28087772297383395	0.26304447210469795	0.29999856188484997	0.009757171000649704	1287012.0	200	
RESULT-ENDIREH2016-REST-TABLA	CALC-ENDIREH-PISOS-2016-RESTANTES-0001	15bc446bc8dc1efc182b770d53726e842db71eeeab9a16ff1cad36eda0a06388	escolar_vida		entidad	21	PUBLICABLE	4331	686	0.2414679978521707	0.2210363208841623	0.2572609474610712	0.010007773264734756	2162183.0	200	
RESULT-ENDIREH2016-REST-TABLA	CALC-ENDIREH-PISOS-2016-RESTANTES-0001	15bc446bc8dc1efc182b770d53726e842db71eeeab9a16ff1cad36eda0a06388	escolar_vida		entidad	22	PUBLICABLE	3197	574	0.32458038884787116	0.3072859667970483	0.34352574111350115	0.009361454725960595	711075.0	200	
RESULT-ENDIREH2016-REST-TABLA	CALC-ENDIREH-PISOS-2016-RESTANTES-0001	15bc446bc8dc1efc182b770d53726e842db71eeeab9a16ff1cad36eda0a06388	escolar_vida		entidad	23	PUBLICABLE	2807	694	0.22643814531566508	0.2097654619487679	0.24443511404219714	0.008761988017653294	538593.0	200	
RESULT-ENDIREH2016-REST-TABLA	CALC-ENDIREH-PISOS-2016-RESTANTES-0001	15bc446bc8dc1efc182b770d53726e842db71eeeab9a16ff1cad36eda0a06388	escolar_vida		entidad	24	PUBLICABLE	3175	514	0.2115183091679068	0.19431762341090106	0.23160276799120605	0.009414666328680404	949497.0	200	
RESULT-ENDIREH2016-REST-TABLA	CALC-ENDIREH-PISOS-2016-RESTANTES-0001	15bc446bc8dc1efc182b770d53726e842db71eeeab9a16ff1cad36eda0a06388	escolar_vida		entidad	25	PUBLICABLE	3408	546	0.22128810343654803	0.20428090981669486	0.23750541495469235	0.008274658422837719	1087894.0	200	
RESULT-ENDIREH2016-REST-TABLA	CALC-ENDIREH-PISOS-2016-RESTANTES-0001	15bc446bc8dc1efc182b770d53726e842db71eeeab9a16ff1cad36eda0a06388	escolar_vida		entidad	26	PUBLICABLE	3254	628	0.23967675442705894	0.22271147732916768	0.25602508560323123	0.008904539213784209	1067300.0	200	
RESULT-ENDIREH2016-REST-TABLA	CALC-ENDIREH-PISOS-2016-RESTANTES-0001	15bc446bc8dc1efc182b770d53726e842db71eeeab9a16ff1cad36eda0a06388	escolar_vida		entidad	27	PUBLICABLE	3304	342	0.1802832761671938	0.16379068280316228	0.1965310576759341	0.00797379822980699	831203.0	200	
RESULT-ENDIREH2016-REST-TABLA	CALC-ENDIREH-PISOS-2016-RESTANTES-0001	15bc446bc8dc1efc182b770d53726e842db71eeeab9a16ff1cad36eda0a06388	escolar_vida		entidad	28	PUBLICABLE	2985	698	0.19064917602200931	0.17331516298036773	0.2098058827006173	0.009175087344576735	1276187.0	200	
RESULT-ENDIREH2016-REST-TABLA	CALC-ENDIREH-PISOS-2016-RESTANTES-0001	15bc446bc8dc1efc182b770d53726e842db71eeeab9a16ff1cad36eda0a06388	escolar_vida		entidad	29	PUBLICABLE	3365	595	0.2210583491848118	0.20375210978822142	0.23890219044262193	0.009354402673182957	465782.0	200	
RESULT-ENDIREH2016-REST-TABLA	CALC-ENDIREH-PISOS-2016-RESTANTES-0001	15bc446bc8dc1efc182b770d53726e842db71eeeab9a16ff1cad36eda0a06388	escolar_vida		entidad	30	PUBLICABLE	2951	436	0.22710947439285947	0.2111319058062198	0.2411892685498046	0.008209627269444996	2789593.0	200	
RESULT-ENDIREH2016-REST-TABLA	CALC-ENDIREH-PISOS-2016-RESTANTES-0001	15bc446bc8dc1efc182b770d53726e842db71eeeab9a16ff1cad36eda0a06388	escolar_vida		entidad	31	PUBLICABLE	3038	557	0.2387729256209193	0.22229234864900238	0.2538547564669821	0.008823286621886356	761975.0	200	
RESULT-ENDIREH2016-REST-TABLA	CALC-ENDIREH-PISOS-2016-RESTANTES-0001	15bc446bc8dc1efc182b770d53726e842db71eeeab9a16ff1cad36eda0a06388	escolar_vida		entidad	32	PUBLICABLE	3454	388	0.25027872484283514	0.232346173873372	0.26823446545850804	0.009085179739864334	556104.0	200	
RESULT-ENDIREH2016-REST-TABLA	CALC-ENDIREH-PISOS-2016-RESTANTES-0001	15bc446bc8dc1efc182b770d53726e842db71eeeab9a16ff1cad36eda0a06388	escolar_reciente		nacional	MX	PUBLICABLE	13626	8920	0.17403341114291074	0.165149421873236	0.18407478816916312	0.004823161019122006	7550056.0	200	
RESULT-ENDIREH2016-REST-TABLA	CALC-ENDIREH-PISOS-2016-RESTANTES-0001	15bc446bc8dc1efc182b770d53726e842db71eeeab9a16ff1cad36eda0a06388	escolar_reciente		edad	15-29	PUBLICABLE	10170	7395	0.19742588716447199	0.18599092351395022	0.20704636232045617	0.0054606242571478576	6076579.0	200	
RESULT-ENDIREH2016-REST-TABLA	CALC-ENDIREH-PISOS-2016-RESTANTES-0001	15bc446bc8dc1efc182b770d53726e842db71eeeab9a16ff1cad36eda0a06388	escolar_reciente		edad	30-44	PUBLICABLE	2119	1917	0.0926915346167938	0.07496458340605208	0.11510307181151158	0.009775754775851435	876121.0	200	
RESULT-ENDIREH2016-REST-TABLA	CALC-ENDIREH-PISOS-2016-RESTANTES-0001	15bc446bc8dc1efc182b770d53726e842db71eeeab9a16ff1cad36eda0a06388	escolar_reciente		edad	45-59	PUBLICABLE	983	919	0.05605885518202588	0.04027840830538388	0.07525154087565644	0.009403807361938223	453452.0	200	
RESULT-ENDIREH2016-REST-TABLA	CALC-ENDIREH-PISOS-2016-RESTANTES-0001	15bc446bc8dc1efc182b770d53726e842db71eeeab9a16ff1cad36eda0a06388	escolar_reciente		edad	60+	PUBLICABLE	354	339	0.053222981987991996	0.025497195626731976	0.08567646078844832	0.015414214965165634	143904.0	200	
RESULT-ENDIREH2016-REST-TABLA	CALC-ENDIREH-PISOS-2016-RESTANTES-0001	15bc446bc8dc1efc182b770d53726e842db71eeeab9a16ff1cad36eda0a06388	escolar_reciente		escolaridad	ninguno	SUPRIMIDA	101	97						0	precision
RESULT-ENDIREH2016-REST-TABLA	CALC-ENDIREH-PISOS-2016-RESTANTES-0001	15bc446bc8dc1efc182b770d53726e842db71eeeab9a16ff1cad36eda0a06388	escolar_reciente		escolaridad	basica	PUBLICABLE	4601	3590	0.16278780515214764	0.14761754545522382	0.17824946634621897	0.007982134815139775	2500433.0	200	
RESULT-ENDIREH2016-REST-TABLA	CALC-ENDIREH-PISOS-2016-RESTANTES-0001	15bc446bc8dc1efc182b770d53726e842db71eeeab9a16ff1cad36eda0a06388	escolar_reciente		escolaridad	media_superior	PUBLICABLE	4798	4046	0.1983120056136999	0.1817141976064692	0.21428431388176647	0.008459819051193102	2780341.0	200	
RESULT-ENDIREH2016-REST-TABLA	CALC-ENDIREH-PISOS-2016-RESTANTES-0001	15bc446bc8dc1efc182b770d53726e842db71eeeab9a16ff1cad36eda0a06388	escolar_reciente		escolaridad	superior	PUBLICABLE	4125	3571	0.15686598983995478	0.14244222457046107	0.17190851227580134	0.00799812689232068	2223809.0	200	
RESULT-ENDIREH2016-REST-TABLA	CALC-ENDIREH-PISOS-2016-RESTANTES-0001	15bc446bc8dc1efc182b770d53726e842db71eeeab9a16ff1cad36eda0a06388	escolar_reciente		localidad	U	PUBLICABLE	7722	6157	0.18881978825326887	0.17806391987427067	0.20036934127412054	0.00596538353058473	4598607.0	200	
RESULT-ENDIREH2016-REST-TABLA	CALC-ENDIREH-PISOS-2016-RESTANTES-0001	15bc446bc8dc1efc182b770d53726e842db71eeeab9a16ff1cad36eda0a06388	escolar_reciente		localidad	C	PUBLICABLE	3394	1515	0.1621407767307497	0.1479007868221306	0.1759250161524162	0.00775301531976601	1683389.0	200	
RESULT-ENDIREH2016-REST-TABLA	CALC-ENDIREH-PISOS-2016-RESTANTES-0001	15bc446bc8dc1efc182b770d53726e842db71eeeab9a16ff1cad36eda0a06388	escolar_reciente		localidad	R	PUBLICABLE	2510	1248	0.1361986025897828	0.1152781333132099	0.15627787829000775	0.00967199517484859	1268060.0	200	
RESULT-ENDIREH2016-REST-TABLA	CALC-ENDIREH-PISOS-2016-RESTANTES-0001	15bc446bc8dc1efc182b770d53726e842db71eeeab9a16ff1cad36eda0a06388	escolar_reciente		pareja	A1	PUBLICABLE	3767	3143	0.10152701412529395	0.08804629295556134	0.1138208662869226	0.007044813268497522	1451722.0	200	
RESULT-ENDIREH2016-REST-TABLA	CALC-ENDIREH-PISOS-2016-RESTANTES-0001	15bc446bc8dc1efc182b770d53726e842db71eeeab9a16ff1cad36eda0a06388	escolar_reciente		pareja	A2	SUPRIMIDA	156	151						0	precision
RESULT-ENDIREH2016-REST-TABLA	CALC-ENDIREH-PISOS-2016-RESTANTES-0001	15bc446bc8dc1efc182b770d53726e842db71eeeab9a16ff1cad36eda0a06388	escolar_reciente		pareja	B1	PUBLICABLE	740	711	0.1434705243063963	0.10406506918889213	0.18202594268814565	0.019417901373688748	355174.0	200	
RESULT-ENDIREH2016-REST-TABLA	CALC-ENDIREH-PISOS-2016-RESTANTES-0001	15bc446bc8dc1efc182b770d53726e842db71eeeab9a16ff1cad36eda0a06388	escolar_reciente		pareja	B2	SUPRIMIDA	177	172						0	precision
RESULT-ENDIREH2016-REST-TABLA	CALC-ENDIREH-PISOS-2016-RESTANTES-0001	15bc446bc8dc1efc182b770d53726e842db71eeeab9a16ff1cad36eda0a06388	escolar_reciente		pareja	C1	PUBLICABLE	6045	4975	0.21669754663525362	0.20066458663971154	0.23232579173306372	0.00760720868816124	3845535.0	200	
RESULT-ENDIREH2016-REST-TABLA	CALC-ENDIREH-PISOS-2016-RESTANTES-0001	15bc446bc8dc1efc182b770d53726e842db71eeeab9a16ff1cad36eda0a06388	escolar_reciente		pareja	C2	PUBLICABLE	2741	2434	0.1565737672432456	0.1370112016597235	0.1755453365066036	0.009958776553931297	1746046.0	200	
RESULT-ENDIREH2016-REST-TABLA	CALC-ENDIREH-PISOS-2016-RESTANTES-0001	15bc446bc8dc1efc182b770d53726e842db71eeeab9a16ff1cad36eda0a06388	escolar_reciente		entidad	01	PUBLICABLE	539	361	0.2001028859509234	0.1658065045898012	0.23643917045804427	0.01860246547147171	97195.0	200	
RESULT-ENDIREH2016-REST-TABLA	CALC-ENDIREH-PISOS-2016-RESTANTES-0001	15bc446bc8dc1efc182b770d53726e842db71eeeab9a16ff1cad36eda0a06388	escolar_reciente		entidad	02	PUBLICABLE	443	322	0.13308041265112647	0.09785905094986784	0.16737960449860412	0.018048788704435895	235647.0	200	
RESULT-ENDIREH2016-REST-TABLA	CALC-ENDIREH-PISOS-2016-RESTANTES-0001	15bc446bc8dc1efc182b770d53726e842db71eeeab9a16ff1cad36eda0a06388	escolar_reciente		entidad	03	PUBLICABLE	373	243	0.14039459545963742	0.10574639443361555	0.17751104571582188	0.01786327534613757	43741.0	200	
RESULT-ENDIREH2016-REST-TABLA	CALC-ENDIREH-PISOS-2016-RESTANTES-0001	15bc446bc8dc1efc182b770d53726e842db71eeeab9a16ff1cad36eda0a06388	escolar_reciente		entidad	04	PUBLICABLE	422	272	0.1489183411714408	0.10740127349272008	0.1906616071358672	0.01983806618666551	58475.0	200	
RESULT-ENDIREH2016-REST-TABLA	CALC-ENDIREH-PISOS-2016-RESTANTES-0001	15bc446bc8dc1efc182b770d53726e842db71eeeab9a16ff1cad36eda0a06388	escolar_reciente		entidad	05	PUBLICABLE	373	272	0.18870998599085395	0.14658710358256047	0.22920009372122907	0.022550354023327182	162037.0	200	
RESULT-ENDIREH2016-REST-TABLA	CALC-ENDIREH-PISOS-2016-RESTANTES-0001	15bc446bc8dc1efc182b770d53726e842db71eeeab9a16ff1cad36eda0a06388	escolar_reciente		entidad	06	PUBLICABLE	457	304	0.10437243918370578	0.08173831344604356	0.13464590202348148	0.014451534516538226	50521.0	200	
RESULT-ENDIREH2016-REST-TABLA	CALC-ENDIREH-PISOS-2016-RESTANTES-0001	15bc446bc8dc1efc182b770d53726e842db71eeeab9a16ff1cad36eda0a06388	escolar_reciente		entidad	07	PUBLICABLE	384	207	0.13571675512984768	0.10284509379595254	0.17477204078188024	0.01893888358578704	245865.0	200	
RESULT-ENDIREH2016-REST-TABLA	CALC-ENDIREH-PISOS-2016-RESTANTES-0001	15bc446bc8dc1efc182b770d53726e842db71eeeab9a16ff1cad36eda0a06388	escolar_reciente		entidad	08	PUBLICABLE	416	309	0.16612723466731372	0.12528608244406536	0.20356656917217722	0.018877343767171657	243157.0	200	
RESULT-ENDIREH2016-REST-TABLA	CALC-ENDIREH-PISOS-2016-RESTANTES-0001	15bc446bc8dc1efc182b770d53726e842db71eeeab9a16ff1cad36eda0a06388	escolar_reciente		entidad	09	PUBLICABLE	477	370	0.19652634377701605	0.15131511813822734	0.2367615888767779	0.02198254827224504	628099.0	200	
RESULT-ENDIREH2016-REST-TABLA	CALC-ENDIREH-PISOS-2016-RESTANTES-0001	15bc446bc8dc1efc182b770d53726e842db71eeeab9a16ff1cad36eda0a06388	escolar_reciente		entidad	10	PUBLICABLE	388	261	0.1706209930272825	0.13874812729841784	0.2060859127211535	0.01790631706589371	106845.0	200	
RESULT-ENDIREH2016-REST-TABLA	CALC-ENDIREH-PISOS-2016-RESTANTES-0001	15bc446bc8dc1efc182b770d53726e842db71eeeab9a16ff1cad36eda0a06388	escolar_reciente		entidad	11	PUBLICABLE	393	247	0.1800695876048245	0.14250902929511117	0.22036670380419732	0.020683466313010882	321609.0	200	
RESULT-ENDIREH2016-REST-TABLA	CALC-ENDIREH-PISOS-2016-RESTANTES-0001	15bc446bc8dc1efc182b770d53726e842db71eeeab9a16ff1cad36eda0a06388	escolar_reciente		entidad	12	PUBLICABLE	367	228	0.1486911332405402	0.11751363159115803	0.18115473246115774	0.016605129954386337	186077.0	200	
RESULT-ENDIREH2016-REST-TABLA	CALC-ENDIREH-PISOS-2016-RESTANTES-0001	15bc446bc8dc1efc182b770d53726e842db71eeeab9a16ff1cad36eda0a06388	escolar_reciente		entidad	13	PUBLICABLE	413	217	0.1631040350590923	0.1259760730577751	0.19627047242889686	0.018444461212178888	171596.0	200	
RESULT-ENDIREH2016-REST-TABLA	CALC-ENDIREH-PISOS-2016-RESTANTES-0001	15bc446bc8dc1efc182b770d53726e842db71eeeab9a16ff1cad36eda0a06388	escolar_reciente		entidad	14	PUBLICABLE	527	336	0.20529548831612254	0.16716423277090042	0.24491124606122816	0.019131687712504977	587519.0	200	
RESULT-ENDIREH2016-REST-TABLA	CALC-ENDIREH-PISOS-2016-RESTANTES-0001	15bc446bc8dc1efc182b770d53726e842db71eeeab9a16ff1cad36eda0a06388	escolar_reciente		entidad	15	PUBLICABLE	454	324	0.17384485386586143	0.13931491539996171	0.2103971494850677	0.018926817211467543	1110076.0	200	
RESULT-ENDIREH2016-REST-TABLA	CALC-ENDIREH-PISOS-2016-RESTANTES-0001	15bc446bc8dc1efc182b770d53726e842db71eeeab9a16ff1cad36eda0a06388	escolar_reciente		entidad	16	PUBLICABLE	380	210	0.20480840006018633	0.16246619743131055	0.24863855916391303	0.02167994231290738	245903.0	200	
RESULT-ENDIREH2016-REST-TABLA	CALC-ENDIREH-PISOS-2016-RESTANTES-0001	15bc446bc8dc1efc182b770d53726e842db71eeeab9a16ff1cad36eda0a06388	escolar_reciente		entidad	17	PUBLICABLE	417	280	0.1840753955941669	0.15086567762749134	0.2273174211009391	0.018973876945438457	128920.0	200	
RESULT-ENDIREH2016-REST-TABLA	CALC-ENDIREH-PISOS-2016-RESTANTES-0001	15bc446bc8dc1efc182b770d53726e842db71eeeab9a16ff1cad36eda0a06388	escolar_reciente		entidad	18	PUBLICABLE	473	289	0.14058147632311976	0.10535750157315424	0.17489860232866028	0.01739810124900983	80416.0	200	
RESULT-ENDIREH2016-REST-TABLA	CALC-ENDIREH-PISOS-2016-RESTANTES-0001	15bc446bc8dc1efc182b770d53726e842db71eeeab9a16ff1cad36eda0a06388	escolar_reciente		entidad	19	PUBLICABLE	408	305	0.17343095906304384	0.13735585351541116	0.21963302174044377	0.02073072734759907	318905.0	200	
RESULT-ENDIREH2016-REST-TABLA	CALC-ENDIREH-PISOS-2016-RESTANTES-0001	15bc446bc8dc1efc182b770d53726e842db71eeeab9a16ff1cad36eda0a06388	escolar_reciente		entidad	20	PUBLICABLE	381	212	0.17846037163443307	0.1312011353055227	0.2221700133392683	0.02378813204162994	210960.0	200	
RESULT-ENDIREH2016-REST-TABLA	CALC-ENDIREH-PISOS-2016-RESTANTES-0001	15bc446bc8dc1efc182b770d53726e842db71eeeab9a16ff1cad36eda0a06388	escolar_reciente		entidad	21	PUBLICABLE	601	363	0.17469243832561998	0.14297235455481927	0.2070184744010966	0.016635198693035404	385695.0	200	
RESULT-ENDIREH2016-REST-TABLA	CALC-ENDIREH-PISOS-2016-RESTANTES-0001	15bc446bc8dc1efc182b770d53726e842db71eeeab9a16ff1cad36eda0a06388	escolar_reciente		entidad	22	PUBLICABLE	459	297	0.18765743998002393	0.14991738846800706	0.2266708357883457	0.019587762746801293	136163.0	200	
RESULT-ENDIREH2016-REST-TABLA	CALC-ENDIREH-PISOS-2016-RESTANTES-0001	15bc446bc8dc1efc182b770d53726e842db71eeeab9a16ff1cad36eda0a06388	escolar_reciente		entidad	23	PUBLICABLE	356	273	0.18236012653602413	0.14536997219585962	0.22591138395293386	0.020693546461664384	95783.0	200	
RESULT-ENDIREH2016-REST-TABLA	CALC-ENDIREH-PISOS-2016-RESTANTES-0001	15bc446bc8dc1efc182b770d53726e842db71eeeab9a16ff1cad36eda0a06388	escolar_reciente		entidad	24	PUBLICABLE	446	284	0.1304967414916727	0.09274852003747072	0.16618825324650954	0.018840679829553286	172625.0	200	
RESULT-ENDIREH2016-REST-TABLA	CALC-ENDIREH-PISOS-2016-RESTANTES-0001	15bc446bc8dc1efc182b770d53726e842db71eeeab9a16ff1cad36eda0a06388	escolar_reciente		entidad	25	PUBLICABLE	484	304	0.16341350288436451	0.1231165482714177	0.19891898701822064	0.019456690966192857	206978.0	200	
RESULT-ENDIREH2016-REST-TABLA	CALC-ENDIREH-PISOS-2016-RESTANTES-0001	15bc446bc8dc1efc182b770d53726e842db71eeeab9a16ff1cad36eda0a06388	escolar_reciente		entidad	26	PUBLICABLE	397	296	0.14279976451298754	0.11027985750096686	0.18154371250626328	0.018108529502144727	181751.0	200	
RESULT-ENDIREH2016-REST-TABLA	CALC-ENDIREH-PISOS-2016-RESTANTES-0001	15bc446bc8dc1efc182b770d53726e842db71eeeab9a16ff1cad36eda0a06388	escolar_reciente		entidad	27	PUBLICABLE	408	215	0.1382289733678551	0.10782771946045842	0.1727807910287386	0.01640796780081668	136339.0	200	
RESULT-ENDIREH2016-REST-TABLA	CALC-ENDIREH-PISOS-2016-RESTANTES-0001	15bc446bc8dc1efc182b770d53726e842db71eeeab9a16ff1cad36eda0a06388	escolar_reciente		entidad	28	PUBLICABLE	343	266	0.17086562817576484	0.1303051960203036	0.21221954590548145	0.022269690704998877	197787.0	200	
RESULT-ENDIREH2016-REST-TABLA	CALC-ENDIREH-PISOS-2016-RESTANTES-0001	15bc446bc8dc1efc182b770d53726e842db71eeeab9a16ff1cad36eda0a06388	escolar_reciente		entidad	29	PUBLICABLE	441	295	0.15906333860236002	0.12309681796215755	0.18898172095031399	0.0177099573361518	81609.0	200	
RESULT-ENDIREH2016-REST-TABLA	CALC-ENDIREH-PISOS-2016-RESTANTES-0001	15bc446bc8dc1efc182b770d53726e842db71eeeab9a16ff1cad36eda0a06388	escolar_reciente		entidad	30	PUBLICABLE	399	246	0.18480926785993843	0.1523160753127121	0.22894613459126867	0.019374180159646072	498238.0	200	
RESULT-ENDIREH2016-REST-TABLA	CALC-ENDIREH-PISOS-2016-RESTANTES-0001	15bc446bc8dc1efc182b770d53726e842db71eeeab9a16ff1cad36eda0a06388	escolar_reciente		entidad	31	PUBLICABLE	385	254	0.1714279300849994	0.13154500521695797	0.20757172154429193	0.02139657935651505	133648.0	200	
RESULT-ENDIREH2016-REST-TABLA	CALC-ENDIREH-PISOS-2016-RESTANTES-0001	15bc446bc8dc1efc182b770d53726e842db71eeeab9a16ff1cad36eda0a06388	escolar_reciente		entidad	32	PUBLICABLE	422	258	0.20238770764489247	0.161362519541601	0.25147152482999807	0.02280513504686484	89877.0	200	
RESULT-ENDIREH2016-REST-TABLA	CALC-ENDIREH-PISOS-2016-RESTANTES-0001	15bc446bc8dc1efc182b770d53726e842db71eeeab9a16ff1cad36eda0a06388	escolar_ayuda		nacional	MX	PUBLICABLE	24310	12048	0.010731129223179512	0.008972431015875013	0.012567010703605257	0.0009658401599735655	10873413.0	200	
RESULT-ENDIREH2016-REST-TABLA	CALC-ENDIREH-PISOS-2016-RESTANTES-0001	15bc446bc8dc1efc182b770d53726e842db71eeeab9a16ff1cad36eda0a06388	escolar_ayuda		edad	15-29	PUBLICABLE	8317	6092	0.01433253691324512	0.010864337288646742	0.01822254957940421	0.0019304844461237002	4297983.0	200	
RESULT-ENDIREH2016-REST-TABLA	CALC-ENDIREH-PISOS-2016-RESTANTES-0001	15bc446bc8dc1efc182b770d53726e842db71eeeab9a16ff1cad36eda0a06388	escolar_ayuda		edad	30-44	PUBLICABLE	8662	6212	0.010491743749858154	0.007573037363813758	0.013309142262991675	0.0013798426387498979	3392763.0	200	
RESULT-ENDIREH2016-REST-TABLA	CALC-ENDIREH-PISOS-2016-RESTANTES-0001	15bc446bc8dc1efc182b770d53726e842db71eeeab9a16ff1cad36eda0a06388	escolar_ayuda		edad	45-59	PUBLICABLE	5199	4344	0.006770020604410535	0.0042172354143988474	0.009414452678111385	0.0013794166637863179	2299993.0	200	
RESULT-ENDIREH2016-REST-TABLA	CALC-ENDIREH-PISOS-2016-RESTANTES-0001	15bc446bc8dc1efc182b770d53726e842db71eeeab9a16ff1cad36eda0a06388	escolar_ayuda		edad	60+	SUPRIMIDA	2132	1932						0	precision
RESULT-ENDIREH2016-REST-TABLA	CALC-ENDIREH-PISOS-2016-RESTANTES-0001	15bc446bc8dc1efc182b770d53726e842db71eeeab9a16ff1cad36eda0a06388	escolar_ayuda		escolaridad	ninguno	PUBLICABLE	137	134	0.0	0.0	0.0	0.0	59917.0	200	
RESULT-ENDIREH2016-REST-TABLA	CALC-ENDIREH-PISOS-2016-RESTANTES-0001	15bc446bc8dc1efc182b770d53726e842db71eeeab9a16ff1cad36eda0a06388	escolar_ayuda		escolaridad	basica	PUBLICABLE	13992	8088	0.006695777776479748	0.005003709127648795	0.0088327592656917	0.0009259978063442464	5991985.0	200	
RESULT-ENDIREH2016-REST-TABLA	CALC-ENDIREH-PISOS-2016-RESTANTES-0001	15bc446bc8dc1efc182b770d53726e842db71eeeab9a16ff1cad36eda0a06388	escolar_ayuda		escolaridad	media_superior	PUBLICABLE	5463	4468	0.014895978788278108	0.010764991882342449	0.020078253856406995	0.0024053390085377545	2633261.0	200	
RESULT-ENDIREH2016-REST-TABLA	CALC-ENDIREH-PISOS-2016-RESTANTES-0001	15bc446bc8dc1efc182b770d53726e842db71eeeab9a16ff1cad36eda0a06388	escolar_ayuda		escolaridad	superior	PUBLICABLE	4717	3911	0.01706404157012216	0.01245921432661322	0.021216657060717386	0.0022862458104532485	2188110.0	200	
RESULT-ENDIREH2016-REST-TABLA	CALC-ENDIREH-PISOS-2016-RESTANTES-0001	15bc446bc8dc1efc182b770d53726e842db71eeeab9a16ff1cad36eda0a06388	escolar_ayuda		localidad	U	PUBLICABLE	13893	8952	0.01179248624733891	0.010013761931232159	0.013756279107114213	0.00103044259574239	6775416.0	200	
RESULT-ENDIREH2016-REST-TABLA	CALC-ENDIREH-PISOS-2016-RESTANTES-0001	15bc446bc8dc1efc182b770d53726e842db71eeeab9a16ff1cad36eda0a06388	escolar_ayuda		localidad	C	PUBLICABLE	5804	1628	0.009320612102725098	0.00586674541155971	0.013232702870284701	0.001984074269835432	2323989.0	200	
RESULT-ENDIREH2016-REST-TABLA	CALC-ENDIREH-PISOS-2016-RESTANTES-0001	15bc446bc8dc1efc182b770d53726e842db71eeeab9a16ff1cad36eda0a06388	escolar_ayuda		localidad	R	SUPRIMIDA	4613	1468						0	precision
RESULT-ENDIREH2016-REST-TABLA	CALC-ENDIREH-PISOS-2016-RESTANTES-0001	15bc446bc8dc1efc182b770d53726e842db71eeeab9a16ff1cad36eda0a06388	escolar_ayuda		pareja	A1	PUBLICABLE	14974	8960	0.00965758003834294	0.007311343582087455	0.01240701166212409	0.0012992571209043014	5692834.0	200	
RESULT-ENDIREH2016-REST-TABLA	CALC-ENDIREH-PISOS-2016-RESTANTES-0001	15bc446bc8dc1efc182b770d53726e842db71eeeab9a16ff1cad36eda0a06388	escolar_ayuda		pareja	A2	SUPRIMIDA	464	450						0	precision
RESULT-ENDIREH2016-REST-TABLA	CALC-ENDIREH-PISOS-2016-RESTANTES-0001	15bc446bc8dc1efc182b770d53726e842db71eeeab9a16ff1cad36eda0a06388	escolar_ayuda		pareja	B1	PUBLICABLE	2681	2419	0.011075418519052766	0.006537614439102332	0.016697351414517603	0.002722892245463023	1233994.0	200	
RESULT-ENDIREH2016-REST-TABLA	CALC-ENDIREH-PISOS-2016-RESTANTES-0001	15bc446bc8dc1efc182b770d53726e842db71eeeab9a16ff1cad36eda0a06388	escolar_ayuda		pareja	B2	SUPRIMIDA	1030	978						0	precision
RESULT-ENDIREH2016-REST-TABLA	CALC-ENDIREH-PISOS-2016-RESTANTES-0001	15bc446bc8dc1efc182b770d53726e842db71eeeab9a16ff1cad36eda0a06388	escolar_ayuda		pareja	C1	PUBLICABLE	4222	3662	0.0138245373723477	0.00924628935651056	0.018918585777574104	0.0023140276051380744	2666129.0	200	
RESULT-ENDIREH2016-REST-TABLA	CALC-ENDIREH-PISOS-2016-RESTANTES-0001	15bc446bc8dc1efc182b770d53726e842db71eeeab9a16ff1cad36eda0a06388	escolar_ayuda		pareja	C2	PUBLICABLE	939	896	0.014753250949034812	0.007732080531679383	0.02335015886012888	0.004095223511392517	619050.0	200	
RESULT-ENDIREH2016-REST-TABLA	CALC-ENDIREH-PISOS-2016-RESTANTES-0001	15bc446bc8dc1efc182b770d53726e842db71eeeab9a16ff1cad36eda0a06388	escolar_ayuda		entidad	01	PUBLICABLE	969	489	0.01350034187288148	0.006687084324123037	0.0202367175057397	0.003204689960803286	137478.0	200	
RESULT-ENDIREH2016-REST-TABLA	CALC-ENDIREH-PISOS-2016-RESTANTES-0001	15bc446bc8dc1efc182b770d53726e842db71eeeab9a16ff1cad36eda0a06388	escolar_ayuda		entidad	02	SUPRIMIDA	717	410						0	precision
RESULT-ENDIREH2016-REST-TABLA	CALC-ENDIREH-PISOS-2016-RESTANTES-0001	15bc446bc8dc1efc182b770d53726e842db71eeeab9a16ff1cad36eda0a06388	escolar_ayuda		entidad	03	SUPRIMIDA	610	277						0	precision
RESULT-ENDIREH2016-REST-TABLA	CALC-ENDIREH-PISOS-2016-RESTANTES-0001	15bc446bc8dc1efc182b770d53726e842db71eeeab9a16ff1cad36eda0a06388	escolar_ayuda		entidad	04	SUPRIMIDA	503	309						0	precision
RESULT-ENDIREH2016-REST-TABLA	CALC-ENDIREH-PISOS-2016-RESTANTES-0001	15bc446bc8dc1efc182b770d53726e842db71eeeab9a16ff1cad36eda0a06388	escolar_ayuda		entidad	05	PUBLICABLE	815	451	0.018065100201637794	0.010316389684036318	0.029437885097617536	0.004901249108749862	267311.0	200	
RESULT-ENDIREH2016-REST-TABLA	CALC-ENDIREH-PISOS-2016-RESTANTES-0001	15bc446bc8dc1efc182b770d53726e842db71eeeab9a16ff1cad36eda0a06388	escolar_ayuda		entidad	06	SUPRIMIDA	708	379						0	precision
RESULT-ENDIREH2016-REST-TABLA	CALC-ENDIREH-PISOS-2016-RESTANTES-0001	15bc446bc8dc1efc182b770d53726e842db71eeeab9a16ff1cad36eda0a06388	escolar_ayuda		entidad	07	SUPRIMIDA	561	262						0	precision
RESULT-ENDIREH2016-REST-TABLA	CALC-ENDIREH-PISOS-2016-RESTANTES-0001	15bc446bc8dc1efc182b770d53726e842db71eeeab9a16ff1cad36eda0a06388	escolar_ayuda		entidad	08	SUPRIMIDA	747	450						0	precision
RESULT-ENDIREH2016-REST-TABLA	CALC-ENDIREH-PISOS-2016-RESTANTES-0001	15bc446bc8dc1efc182b770d53726e842db71eeeab9a16ff1cad36eda0a06388	escolar_ayuda		entidad	09	SUPRIMIDA	1036	610						0	precision
RESULT-ENDIREH2016-REST-TABLA	CALC-ENDIREH-PISOS-2016-RESTANTES-0001	15bc446bc8dc1efc182b770d53726e842db71eeeab9a16ff1cad36eda0a06388	escolar_ayuda		entidad	10	SUPRIMIDA	792	386						0	precision
RESULT-ENDIREH2016-REST-TABLA	CALC-ENDIREH-PISOS-2016-RESTANTES-0001	15bc446bc8dc1efc182b770d53726e842db71eeeab9a16ff1cad36eda0a06388	escolar_ayuda		entidad	11	SUPRIMIDA	795	372						0	precision
RESULT-ENDIREH2016-REST-TABLA	CALC-ENDIREH-PISOS-2016-RESTANTES-0001	15bc446bc8dc1efc182b770d53726e842db71eeeab9a16ff1cad36eda0a06388	escolar_ayuda		entidad	12	SUPRIMIDA	622	306						0	precision
RESULT-ENDIREH2016-REST-TABLA	CALC-ENDIREH-PISOS-2016-RESTANTES-0001	15bc446bc8dc1efc182b770d53726e842db71eeeab9a16ff1cad36eda0a06388	escolar_ayuda		entidad	13	SUPRIMIDA	790	295						0	precision
RESULT-ENDIREH2016-REST-TABLA	CALC-ENDIREH-PISOS-2016-RESTANTES-0001	15bc446bc8dc1efc182b770d53726e842db71eeeab9a16ff1cad36eda0a06388	escolar_ayuda		entidad	14	SUPRIMIDA	1031	452						0	precision
RESULT-ENDIREH2016-REST-TABLA	CALC-ENDIREH-PISOS-2016-RESTANTES-0001	15bc446bc8dc1efc182b770d53726e842db71eeeab9a16ff1cad36eda0a06388	escolar_ayuda		entidad	15	SUPRIMIDA	917	492						0	precision
RESULT-ENDIREH2016-REST-TABLA	CALC-ENDIREH-PISOS-2016-RESTANTES-0001	15bc446bc8dc1efc182b770d53726e842db71eeeab9a16ff1cad36eda0a06388	escolar_ayuda		entidad	16	SUPRIMIDA	836	311						0	precision
RESULT-ENDIREH2016-REST-TABLA	CALC-ENDIREH-PISOS-2016-RESTANTES-0001	15bc446bc8dc1efc182b770d53726e842db71eeeab9a16ff1cad36eda0a06388	escolar_ayuda		entidad	17	SUPRIMIDA	706	347						0	precision
RESULT-ENDIREH2016-REST-TABLA	CALC-ENDIREH-PISOS-2016-RESTANTES-0001	15bc446bc8dc1efc182b770d53726e842db71eeeab9a16ff1cad36eda0a06388	escolar_ayuda		entidad	18	SUPRIMIDA	723	334						0	precision
RESULT-ENDIREH2016-REST-TABLA	CALC-ENDIREH-PISOS-2016-RESTANTES-0001	15bc446bc8dc1efc182b770d53726e842db71eeeab9a16ff1cad36eda0a06388	escolar_ayuda		entidad	19	SUPRIMIDA	577	369						0	precision
RESULT-ENDIREH2016-REST-TABLA	CALC-ENDIREH-PISOS-2016-RESTANTES-0001	15bc446bc8dc1efc182b770d53726e842db71eeeab9a16ff1cad36eda0a06388	escolar_ayuda		entidad	20	SUPRIMIDA	870	284						0	precision
RESULT-ENDIREH2016-REST-TABLA	CALC-ENDIREH-PISOS-2016-RESTANTES-0001	15bc446bc8dc1efc182b770d53726e842db71eeeab9a16ff1cad36eda0a06388	escolar_ayuda		entidad	21	SUPRIMIDA	1051	487						0	precision
RESULT-ENDIREH2016-REST-TABLA	CALC-ENDIREH-PISOS-2016-RESTANTES-0001	15bc446bc8dc1efc182b770d53726e842db71eeeab9a16ff1cad36eda0a06388	escolar_ayuda		entidad	22	SUPRIMIDA	1021	460						0	precision
RESULT-ENDIREH2016-REST-TABLA	CALC-ENDIREH-PISOS-2016-RESTANTES-0001	15bc446bc8dc1efc182b770d53726e842db71eeeab9a16ff1cad36eda0a06388	escolar_ayuda		entidad	23	SUPRIMIDA	646	395						0	precision
RESULT-ENDIREH2016-REST-TABLA	CALC-ENDIREH-PISOS-2016-RESTANTES-0001	15bc446bc8dc1efc182b770d53726e842db71eeeab9a16ff1cad36eda0a06388	escolar_ayuda		entidad	24	SUPRIMIDA	671	349						0	precision
RESULT-ENDIREH2016-REST-TABLA	CALC-ENDIREH-PISOS-2016-RESTANTES-0001	15bc446bc8dc1efc182b770d53726e842db71eeeab9a16ff1cad36eda0a06388	escolar_ayuda		entidad	25	SUPRIMIDA	728	376						0	precision
RESULT-ENDIREH2016-REST-TABLA	CALC-ENDIREH-PISOS-2016-RESTANTES-0001	15bc446bc8dc1efc182b770d53726e842db71eeeab9a16ff1cad36eda0a06388	escolar_ayuda		entidad	26	SUPRIMIDA	766	421						0	precision
RESULT-ENDIREH2016-REST-TABLA	CALC-ENDIREH-PISOS-2016-RESTANTES-0001	15bc446bc8dc1efc182b770d53726e842db71eeeab9a16ff1cad36eda0a06388	escolar_ayuda		entidad	27	SUPRIMIDA	594	240						0	precision
RESULT-ENDIREH2016-REST-TABLA	CALC-ENDIREH-PISOS-2016-RESTANTES-0001	15bc446bc8dc1efc182b770d53726e842db71eeeab9a16ff1cad36eda0a06388	escolar_ayuda		entidad	28	SUPRIMIDA	560	356						0	precision
RESULT-ENDIREH2016-REST-TABLA	CALC-ENDIREH-PISOS-2016-RESTANTES-0001	15bc446bc8dc1efc182b770d53726e842db71eeeab9a16ff1cad36eda0a06388	escolar_ayuda		entidad	29	SUPRIMIDA	742	371						0	precision
RESULT-ENDIREH2016-REST-TABLA	CALC-ENDIREH-PISOS-2016-RESTANTES-0001	15bc446bc8dc1efc182b770d53726e842db71eeeab9a16ff1cad36eda0a06388	escolar_ayuda		entidad	30	SUPRIMIDA	669	309						0	precision
RESULT-ENDIREH2016-REST-TABLA	CALC-ENDIREH-PISOS-2016-RESTANTES-0001	15bc446bc8dc1efc182b770d53726e842db71eeeab9a16ff1cad36eda0a06388	escolar_ayuda		entidad	31	SUPRIMIDA	697	366						0	precision
RESULT-ENDIREH2016-REST-TABLA	CALC-ENDIREH-PISOS-2016-RESTANTES-0001	15bc446bc8dc1efc182b770d53726e842db71eeeab9a16ff1cad36eda0a06388	escolar_ayuda		entidad	32	SUPRIMIDA	840	333						0	precision
RESULT-ENDIREH2016-REST-TABLA	CALC-ENDIREH-PISOS-2016-RESTANTES-0001	15bc446bc8dc1efc182b770d53726e842db71eeeab9a16ff1cad36eda0a06388	escolar_denuncia		nacional	MX	PUBLICABLE	24310	12048	0.07350019722418343	0.0690499001038331	0.0781313513811818	0.0025218226822533874	10873413.0	200	
RESULT-ENDIREH2016-REST-TABLA	CALC-ENDIREH-PISOS-2016-RESTANTES-0001	15bc446bc8dc1efc182b770d53726e842db71eeeab9a16ff1cad36eda0a06388	escolar_denuncia		edad	15-29	PUBLICABLE	8317	6092	0.09740429406072569	0.0880597747842231	0.10638059289737567	0.004997721159720026	4297983.0	200	
RESULT-ENDIREH2016-REST-TABLA	CALC-ENDIREH-PISOS-2016-RESTANTES-0001	15bc446bc8dc1efc182b770d53726e842db71eeeab9a16ff1cad36eda0a06388	escolar_denuncia		edad	30-44	PUBLICABLE	8662	6212	0.0731288922922114	0.06542794502849776	0.08333872065468204	0.004553843077477345	3392763.0	200	
RESULT-ENDIREH2016-REST-TABLA	CALC-ENDIREH-PISOS-2016-RESTANTES-0001	15bc446bc8dc1efc182b770d53726e842db71eeeab9a16ff1cad36eda0a06388	escolar_denuncia		edad	45-59	PUBLICABLE	5199	4344	0.04478317977489497	0.037594928611922145	0.053991344778097805	0.004243294389503015	2299993.0	200	
RESULT-ENDIREH2016-REST-TABLA	CALC-ENDIREH-PISOS-2016-RESTANTES-0001	15bc446bc8dc1efc182b770d53726e842db71eeeab9a16ff1cad36eda0a06388	escolar_denuncia		edad	60+	PUBLICABLE	2132	1932	0.033359994743246094	0.02282288133837345	0.04318660872685609	0.005086494264139785	882674.0	200	
RESULT-ENDIREH2016-REST-TABLA	CALC-ENDIREH-PISOS-2016-RESTANTES-0001	15bc446bc8dc1efc182b770d53726e842db71eeeab9a16ff1cad36eda0a06388	escolar_denuncia		escolaridad	ninguno	SUPRIMIDA	137	134						0	precision
RESULT-ENDIREH2016-REST-TABLA	CALC-ENDIREH-PISOS-2016-RESTANTES-0001	15bc446bc8dc1efc182b770d53726e842db71eeeab9a16ff1cad36eda0a06388	escolar_denuncia		escolaridad	basica	PUBLICABLE	13992	8088	0.0630844369603729	0.056575571660739794	0.06912807695172317	0.0032169873742097276	5991985.0	200	
RESULT-ENDIREH2016-REST-TABLA	CALC-ENDIREH-PISOS-2016-RESTANTES-0001	15bc446bc8dc1efc182b770d53726e842db71eeeab9a16ff1cad36eda0a06388	escolar_denuncia		escolaridad	media_superior	PUBLICABLE	5463	4468	0.08595008242631474	0.07561962260098301	0.09729429316847388	0.006201993948533767	2633261.0	200	
RESULT-ENDIREH2016-REST-TABLA	CALC-ENDIREH-PISOS-2016-RESTANTES-0001	15bc446bc8dc1efc182b770d53726e842db71eeeab9a16ff1cad36eda0a06388	escolar_denuncia		escolaridad	superior	PUBLICABLE	4717	3911	0.08790691510024633	0.0775838423309284	0.09837720040611589	0.005485919462642837	2188110.0	200	
RESULT-ENDIREH2016-REST-TABLA	CALC-ENDIREH-PISOS-2016-RESTANTES-0001	15bc446bc8dc1efc182b770d53726e842db71eeeab9a16ff1cad36eda0a06388	escolar_denuncia		localidad	U	PUBLICABLE	13893	8952	0.07819003290720451	0.07233678391663653	0.08458188416115865	0.0033611622165186806	6775416.0	200	
RESULT-ENDIREH2016-REST-TABLA	CALC-ENDIREH-PISOS-2016-RESTANTES-0001	15bc446bc8dc1efc182b770d53726e842db71eeeab9a16ff1cad36eda0a06388	escolar_denuncia		localidad	C	PUBLICABLE	5804	1628	0.06979378990175943	0.06125053773322478	0.07893210427145414	0.0050397032586107955	2323989.0	200	
RESULT-ENDIREH2016-REST-TABLA	CALC-ENDIREH-PISOS-2016-RESTANTES-0001	15bc446bc8dc1efc182b770d53726e842db71eeeab9a16ff1cad36eda0a06388	escolar_denuncia		localidad	R	PUBLICABLE	4613	1468	0.060443921335191275	0.051114696005603553	0.0715718185462536	0.00542554123442923	1774008.0	200	
RESULT-ENDIREH2016-REST-TABLA	CALC-ENDIREH-PISOS-2016-RESTANTES-0001	15bc446bc8dc1efc182b770d53726e842db71eeeab9a16ff1cad36eda0a06388	escolar_denuncia		pareja	A1	PUBLICABLE	14974	8960	0.07020211725829349	0.06454028311634095	0.0758311027462972	0.0029541644206553426	5692834.0	200	
RESULT-ENDIREH2016-REST-TABLA	CALC-ENDIREH-PISOS-2016-RESTANTES-0001	15bc446bc8dc1efc182b770d53726e842db71eeeab9a16ff1cad36eda0a06388	escolar_denuncia		pareja	A2	SUPRIMIDA	464	450						0	precision
RESULT-ENDIREH2016-REST-TABLA	CALC-ENDIREH-PISOS-2016-RESTANTES-0001	15bc446bc8dc1efc182b770d53726e842db71eeeab9a16ff1cad36eda0a06388	escolar_denuncia		pareja	B1	PUBLICABLE	2681	2419	0.060638058207738446	0.04775360802424769	0.07364732391208033	0.0065254596318432894	1233994.0	200	
RESULT-ENDIREH2016-REST-TABLA	CALC-ENDIREH-PISOS-2016-RESTANTES-0001	15bc446bc8dc1efc182b770d53726e842db71eeeab9a16ff1cad36eda0a06388	escolar_denuncia		pareja	B2	PUBLICABLE	1030	978	0.03369208968329175	0.022289228535503393	0.046723527126277024	0.006779429985902452	460108.0	200	
RESULT-ENDIREH2016-REST-TABLA	CALC-ENDIREH-PISOS-2016-RESTANTES-0001	15bc446bc8dc1efc182b770d53726e842db71eeeab9a16ff1cad36eda0a06388	escolar_denuncia		pareja	C1	PUBLICABLE	4222	3662	0.09333644396051353	0.08178790973487186	0.10276569252462298	0.005599520320256717	2666129.0	200	
RESULT-ENDIREH2016-REST-TABLA	CALC-ENDIREH-PISOS-2016-RESTANTES-0001	15bc446bc8dc1efc182b770d53726e842db71eeeab9a16ff1cad36eda0a06388	escolar_denuncia		pareja	C2	PUBLICABLE	939	896	0.0794055407479202	0.05607101019732229	0.09967129641866422	0.011020475314887885	619050.0	200	
RESULT-ENDIREH2016-REST-TABLA	CALC-ENDIREH-PISOS-2016-RESTANTES-0001	15bc446bc8dc1efc182b770d53726e842db71eeeab9a16ff1cad36eda0a06388	escolar_denuncia		entidad	01	PUBLICABLE	969	489	0.07640495206505768	0.05840796483934422	0.09404523412276476	0.00996732978775393	137478.0	200	
RESULT-ENDIREH2016-REST-TABLA	CALC-ENDIREH-PISOS-2016-RESTANTES-0001	15bc446bc8dc1efc182b770d53726e842db71eeeab9a16ff1cad36eda0a06388	escolar_denuncia		entidad	02	PUBLICABLE	717	410	0.06449854651162791	0.04761568877009761	0.08261964474658874	0.00955910208759478	286208.0	200	
RESULT-ENDIREH2016-REST-TABLA	CALC-ENDIREH-PISOS-2016-RESTANTES-0001	15bc446bc8dc1efc182b770d53726e842db71eeeab9a16ff1cad36eda0a06388	escolar_denuncia		entidad	03	PUBLICABLE	610	277	0.08008630304803349	0.05597092133934801	0.1010065977052108	0.011134035320033287	54691.0	200	
RESULT-ENDIREH2016-REST-TABLA	CALC-ENDIREH-PISOS-2016-RESTANTES-0001	15bc446bc8dc1efc182b770d53726e842db71eeeab9a16ff1cad36eda0a06388	escolar_denuncia		entidad	04	PUBLICABLE	503	309	0.06681868700417737	0.04408890773595316	0.0853024653730855	0.01229064932918234	52186.0	200	
RESULT-ENDIREH2016-REST-TABLA	CALC-ENDIREH-PISOS-2016-RESTANTES-0001	15bc446bc8dc1efc182b770d53726e842db71eeeab9a16ff1cad36eda0a06388	escolar_denuncia		entidad	05	PUBLICABLE	815	451	0.07581057270370467	0.05383508229710173	0.09568330575018011	0.010184297655224894	267311.0	200	
RESULT-ENDIREH2016-REST-TABLA	CALC-ENDIREH-PISOS-2016-RESTANTES-0001	15bc446bc8dc1efc182b770d53726e842db71eeeab9a16ff1cad36eda0a06388	escolar_denuncia		entidad	06	PUBLICABLE	708	379	0.08205525262342883	0.05894985245525074	0.10325597610033863	0.011826788303506216	60703.0	200	
RESULT-ENDIREH2016-REST-TABLA	CALC-ENDIREH-PISOS-2016-RESTANTES-0001	15bc446bc8dc1efc182b770d53726e842db71eeeab9a16ff1cad36eda0a06388	escolar_denuncia		entidad	07	PUBLICABLE	561	262	0.06804786143080058	0.04734134170533985	0.08951242596720842	0.01188808268295818	293514.0	200	
RESULT-ENDIREH2016-REST-TABLA	CALC-ENDIREH-PISOS-2016-RESTANTES-0001	15bc446bc8dc1efc182b770d53726e842db71eeeab9a16ff1cad36eda0a06388	escolar_denuncia		entidad	08	PUBLICABLE	747	450	0.049153424446902	0.03190994646109205	0.06731493543844598	0.008776947948535882	338186.0	200	
RESULT-ENDIREH2016-REST-TABLA	CALC-ENDIREH-PISOS-2016-RESTANTES-0001	15bc446bc8dc1efc182b770d53726e842db71eeeab9a16ff1cad36eda0a06388	escolar_denuncia		entidad	09	PUBLICABLE	1036	610	0.177113482381124	0.15031461386216993	0.2017982634129564	0.013264459240469269	1098708.0	200	
RESULT-ENDIREH2016-REST-TABLA	CALC-ENDIREH-PISOS-2016-RESTANTES-0001	15bc446bc8dc1efc182b770d53726e842db71eeeab9a16ff1cad36eda0a06388	escolar_denuncia		entidad	10	PUBLICABLE	792	386	0.06361474800474315	0.04236661957290679	0.08535954249765493	0.010353210519725856	162761.0	200	
RESULT-ENDIREH2016-REST-TABLA	CALC-ENDIREH-PISOS-2016-RESTANTES-0001	15bc446bc8dc1efc182b770d53726e842db71eeeab9a16ff1cad36eda0a06388	escolar_denuncia		entidad	11	PUBLICABLE	795	372	0.056598935589252546	0.03936097087066703	0.07214238753066841	0.008459833311735786	510893.0	200	
RESULT-ENDIREH2016-REST-TABLA	CALC-ENDIREH-PISOS-2016-RESTANTES-0001	15bc446bc8dc1efc182b770d53726e842db71eeeab9a16ff1cad36eda0a06388	escolar_denuncia		entidad	12	PUBLICABLE	622	306	0.03791785021116378	0.024961847018522727	0.054354169758115696	0.007415331777174125	240098.0	200	
RESULT-ENDIREH2016-REST-TABLA	CALC-ENDIREH-PISOS-2016-RESTANTES-0001	15bc446bc8dc1efc182b770d53726e842db71eeeab9a16ff1cad36eda0a06388	escolar_denuncia		entidad	13	PUBLICABLE	790	295	0.035361737862847	0.0234540785235661	0.050042916302801096	0.006738699191663744	252448.0	200	
RESULT-ENDIREH2016-REST-TABLA	CALC-ENDIREH-PISOS-2016-RESTANTES-0001	15bc446bc8dc1efc182b770d53726e842db71eeeab9a16ff1cad36eda0a06388	escolar_denuncia		entidad	14	PUBLICABLE	1031	452	0.06464365050584452	0.04883023092401892	0.07837335849743506	0.00782689615649894	921034.0	200	
RESULT-ENDIREH2016-REST-TABLA	CALC-ENDIREH-PISOS-2016-RESTANTES-0001	15bc446bc8dc1efc182b770d53726e842db71eeeab9a16ff1cad36eda0a06388	escolar_denuncia		entidad	15	PUBLICABLE	917	492	0.06018498368406148	0.04281392686374226	0.07817021342013167	0.008809590883721373	1769129.0	200	
RESULT-ENDIREH2016-REST-TABLA	CALC-ENDIREH-PISOS-2016-RESTANTES-0001	15bc446bc8dc1efc182b770d53726e842db71eeeab9a16ff1cad36eda0a06388	escolar_denuncia		entidad	16	PUBLICABLE	836	311	0.07035358660346497	0.04906348412762351	0.09202805418606948	0.011624135891470728	431634.0	200	
RESULT-ENDIREH2016-REST-TABLA	CALC-ENDIREH-PISOS-2016-RESTANTES-0001	15bc446bc8dc1efc182b770d53726e842db71eeeab9a16ff1cad36eda0a06388	escolar_denuncia		entidad	17	PUBLICABLE	706	347	0.05241224742316178	0.034175471043198	0.06905313666431147	0.009391555121081682	171334.0	200	
RESULT-ENDIREH2016-REST-TABLA	CALC-ENDIREH-PISOS-2016-RESTANTES-0001	15bc446bc8dc1efc182b770d53726e842db71eeeab9a16ff1cad36eda0a06388	escolar_denuncia		entidad	18	PUBLICABLE	723	334	0.05038862158303812	0.03551145919795291	0.06917208764650526	0.009222817963875462	94565.0	200	
RESULT-ENDIREH2016-REST-TABLA	CALC-ENDIREH-PISOS-2016-RESTANTES-0001	15bc446bc8dc1efc182b770d53726e842db71eeeab9a16ff1cad36eda0a06388	escolar_denuncia		entidad	19	PUBLICABLE	577	369	0.046043980498068016	0.026271824619909998	0.06472898052428797	0.010411715376750471	346017.0	200	
RESULT-ENDIREH2016-REST-TABLA	CALC-ENDIREH-PISOS-2016-RESTANTES-0001	15bc446bc8dc1efc182b770d53726e842db71eeeab9a16ff1cad36eda0a06388	escolar_denuncia		entidad	20	PUBLICABLE	870	284	0.06068997186667515	0.04369382463132003	0.07880321294163489	0.009417725492202187	361493.0	200	
RESULT-ENDIREH2016-REST-TABLA	CALC-ENDIREH-PISOS-2016-RESTANTES-0001	15bc446bc8dc1efc182b770d53726e842db71eeeab9a16ff1cad36eda0a06388	escolar_denuncia		entidad	21	PUBLICABLE	1051	487	0.08856000214519114	0.0684938929758409	0.11148514150159926	0.011175258758714002	522098.0	200	
RESULT-ENDIREH2016-REST-TABLA	CALC-ENDIREH-PISOS-2016-RESTANTES-0001	15bc446bc8dc1efc182b770d53726e842db71eeeab9a16ff1cad36eda0a06388	escolar_denuncia		entidad	22	PUBLICABLE	1021	460	0.09361744533169267	0.07272390810791136	0.11255738041750206	0.00973379562070127	230801.0	200	
RESULT-ENDIREH2016-REST-TABLA	CALC-ENDIREH-PISOS-2016-RESTANTES-0001	15bc446bc8dc1efc182b770d53726e842db71eeeab9a16ff1cad36eda0a06388	escolar_denuncia		entidad	23	PUBLICABLE	646	395	0.0915397103921022	0.06838015080977156	0.1154561638550336	0.013206239197821264	121958.0	200	
RESULT-ENDIREH2016-REST-TABLA	CALC-ENDIREH-PISOS-2016-RESTANTES-0001	15bc446bc8dc1efc182b770d53726e842db71eeeab9a16ff1cad36eda0a06388	escolar_denuncia		entidad	24	PUBLICABLE	671	349	0.06055687227389512	0.04082499093121649	0.08210588274381253	0.010466808023712186	200836.0	200	
RESULT-ENDIREH2016-REST-TABLA	CALC-ENDIREH-PISOS-2016-RESTANTES-0001	15bc446bc8dc1efc182b770d53726e842db71eeeab9a16ff1cad36eda0a06388	escolar_denuncia		entidad	25	PUBLICABLE	728	376	0.031199893660327827	0.019575879438099488	0.04420076174332491	0.006055986086367853	240738.0	200	
RESULT-ENDIREH2016-REST-TABLA	CALC-ENDIREH-PISOS-2016-RESTANTES-0001	15bc446bc8dc1efc182b770d53726e842db71eeeab9a16ff1cad36eda0a06388	escolar_denuncia		entidad	26	PUBLICABLE	766	421	0.070623556040296	0.05021474699659257	0.08864684190870355	0.010009614129726271	255807.0	200	
RESULT-ENDIREH2016-REST-TABLA	CALC-ENDIREH-PISOS-2016-RESTANTES-0001	15bc446bc8dc1efc182b770d53726e842db71eeeab9a16ff1cad36eda0a06388	escolar_denuncia		entidad	27	PUBLICABLE	594	240	0.04961562074580252	0.03187286569534355	0.07182279783739075	0.011015101537398703	149852.0	200	
RESULT-ENDIREH2016-REST-TABLA	CALC-ENDIREH-PISOS-2016-RESTANTES-0001	15bc446bc8dc1efc182b770d53726e842db71eeeab9a16ff1cad36eda0a06388	escolar_denuncia		entidad	28	PUBLICABLE	560	356	0.05151579916483083	0.03242711345396184	0.07238771658058585	0.010599897851576234	243304.0	200	
RESULT-ENDIREH2016-REST-TABLA	CALC-ENDIREH-PISOS-2016-RESTANTES-0001	15bc446bc8dc1efc182b770d53726e842db71eeeab9a16ff1cad36eda0a06388	escolar_denuncia		entidad	29	PUBLICABLE	742	371	0.06635264410236488	0.04730874479241753	0.0867526976179929	0.010583829604163342	102965.0	200	
RESULT-ENDIREH2016-REST-TABLA	CALC-ENDIREH-PISOS-2016-RESTANTES-0001	15bc446bc8dc1efc182b770d53726e842db71eeeab9a16ff1cad36eda0a06388	escolar_denuncia		entidad	30	PUBLICABLE	669	309	0.053387062914435165	0.03601879524787838	0.06983670848029945	0.008885920736591585	633543.0	200	
RESULT-ENDIREH2016-REST-TABLA	CALC-ENDIREH-PISOS-2016-RESTANTES-0001	15bc446bc8dc1efc182b770d53726e842db71eeeab9a16ff1cad36eda0a06388	escolar_denuncia		entidad	31	PUBLICABLE	697	366	0.09340493242240532	0.07152101857405117	0.11313968820407654	0.010995504905024229	181939.0	200	
RESULT-ENDIREH2016-REST-TABLA	CALC-ENDIREH-PISOS-2016-RESTANTES-0001	15bc446bc8dc1efc182b770d53726e842db71eeeab9a16ff1cad36eda0a06388	escolar_denuncia		entidad	32	PUBLICABLE	840	333	0.045020512857358405	0.030719115220433836	0.06239998651611682	0.008090000041082682	139181.0	200	
RESULT-ENDIREH2016-REST-TABLA	CALC-ENDIREH-PISOS-2016-RESTANTES-0001	15bc446bc8dc1efc182b770d53726e842db71eeeab9a16ff1cad36eda0a06388	escolar_institucion_01		nacional	MX	SUPRIMIDA	287	284						0	precision
RESULT-ENDIREH2016-REST-TABLA	CALC-ENDIREH-PISOS-2016-RESTANTES-0001	15bc446bc8dc1efc182b770d53726e842db71eeeab9a16ff1cad36eda0a06388	escolar_institucion_02		nacional	MX	PUBLICABLE	287	284	0.09488875938432004	0.05432504025782645	0.14055243970073264	0.023082650240736868	116684.0	200	
RESULT-ENDIREH2016-REST-TABLA	CALC-ENDIREH-PISOS-2016-RESTANTES-0001	15bc446bc8dc1efc182b770d53726e842db71eeeab9a16ff1cad36eda0a06388	escolar_institucion_03		nacional	MX	SUPRIMIDA	287	284						0	precision
RESULT-ENDIREH2016-REST-TABLA	CALC-ENDIREH-PISOS-2016-RESTANTES-0001	15bc446bc8dc1efc182b770d53726e842db71eeeab9a16ff1cad36eda0a06388	escolar_institucion_04		nacional	MX	PUBLICABLE	287	284	0.14319015460560144	0.09194537943223052	0.19845383540247458	0.028309988866530272	116684.0	200	
RESULT-ENDIREH2016-REST-TABLA	CALC-ENDIREH-PISOS-2016-RESTANTES-0001	15bc446bc8dc1efc182b770d53726e842db71eeeab9a16ff1cad36eda0a06388	escolar_institucion_05		nacional	MX	SUPRIMIDA	287	284						0	precision
RESULT-ENDIREH2016-REST-TABLA	CALC-ENDIREH-PISOS-2016-RESTANTES-0001	15bc446bc8dc1efc182b770d53726e842db71eeeab9a16ff1cad36eda0a06388	escolar_institucion_06		nacional	MX	PUBLICABLE	287	284	0.20191285866099895	0.15206425896814138	0.26264279555266246	0.02970771811008003	116684.0	200	
RESULT-ENDIREH2016-REST-TABLA	CALC-ENDIREH-PISOS-2016-RESTANTES-0001	15bc446bc8dc1efc182b770d53726e842db71eeeab9a16ff1cad36eda0a06388	escolar_institucion_07		nacional	MX	PUBLICABLE	287	284	0.16973192554249084	0.11620820202500409	0.24042929845371314	0.03149065961530598	116684.0	200	
RESULT-ENDIREH2016-REST-TABLA	CALC-ENDIREH-PISOS-2016-RESTANTES-0001	15bc446bc8dc1efc182b770d53726e842db71eeeab9a16ff1cad36eda0a06388	escolar_institucion_08		nacional	MX	SUPRIMIDA	287	284						0	precision
RESULT-ENDIREH2016-REST-TABLA	CALC-ENDIREH-PISOS-2016-RESTANTES-0001	15bc446bc8dc1efc182b770d53726e842db71eeeab9a16ff1cad36eda0a06388	escolar_institucion_09		nacional	MX	PUBLICABLE	287	284	0.13953069829625314	0.09543517307791166	0.19376582018952504	0.02398397690015885	116684.0	200	
RESULT-ENDIREH2016-REST-TABLA	CALC-ENDIREH-PISOS-2016-RESTANTES-0001	15bc446bc8dc1efc182b770d53726e842db71eeeab9a16ff1cad36eda0a06388	escolar_institucion_10		nacional	MX	PUBLICABLE	287	284	0.38670254705015256	0.2862296704474959	0.47158089653471413	0.04842018957595092	116684.0	200	
RESULT-ENDIREH2016-REST-TABLA	CALC-ENDIREH-PISOS-2016-RESTANTES-0001	15bc446bc8dc1efc182b770d53726e842db71eeeab9a16ff1cad36eda0a06388	escolar_razon_01		nacional	MX	PUBLICABLE	22367	11539	0.09607825967929595	0.08980975432007779	0.10278708876733712	0.0032964382853506303	9935640.0	200	
RESULT-ENDIREH2016-REST-TABLA	CALC-ENDIREH-PISOS-2016-RESTANTES-0001	15bc446bc8dc1efc182b770d53726e842db71eeeab9a16ff1cad36eda0a06388	escolar_razon_02		nacional	MX	PUBLICABLE	22367	11539	0.09255810395706769	0.08651662784413303	0.09937557969650772	0.0031610031589963763	9935640.0	200	
RESULT-ENDIREH2016-REST-TABLA	CALC-ENDIREH-PISOS-2016-RESTANTES-0001	15bc446bc8dc1efc182b770d53726e842db71eeeab9a16ff1cad36eda0a06388	escolar_razon_03		nacional	MX	PUBLICABLE	22367	11539	0.10411136071757833	0.09850774298693603	0.11017149050801545	0.0031042069436566107	9935640.0	200	
RESULT-ENDIREH2016-REST-TABLA	CALC-ENDIREH-PISOS-2016-RESTANTES-0001	15bc446bc8dc1efc182b770d53726e842db71eeeab9a16ff1cad36eda0a06388	escolar_razon_04		nacional	MX	PUBLICABLE	22367	11539	0.03154723802392196	0.028143505161288742	0.03574515666997339	0.001866043094644222	9935640.0	200	
RESULT-ENDIREH2016-REST-TABLA	CALC-ENDIREH-PISOS-2016-RESTANTES-0001	15bc446bc8dc1efc182b770d53726e842db71eeeab9a16ff1cad36eda0a06388	escolar_razon_05		nacional	MX	PUBLICABLE	22367	11539	0.013266483085135936	0.010976898871923177	0.015915340841387536	0.0012736648048745959	9935640.0	200	
RESULT-ENDIREH2016-REST-TABLA	CALC-ENDIREH-PISOS-2016-RESTANTES-0001	15bc446bc8dc1efc182b770d53726e842db71eeeab9a16ff1cad36eda0a06388	escolar_razon_06		nacional	MX	PUBLICABLE	22367	11539	0.5080245459779138	0.4978946546850507	0.5178674225154235	0.0052467201147947985	9935640.0	200	
RESULT-ENDIREH2016-REST-TABLA	CALC-ENDIREH-PISOS-2016-RESTANTES-0001	15bc446bc8dc1efc182b770d53726e842db71eeeab9a16ff1cad36eda0a06388	escolar_razon_07		nacional	MX	PUBLICABLE	22367	11539	0.10326752982193396	0.09724202850221703	0.11059671496245216	0.0037282450151829914	9935640.0	200	
RESULT-ENDIREH2016-REST-TABLA	CALC-ENDIREH-PISOS-2016-RESTANTES-0001	15bc446bc8dc1efc182b770d53726e842db71eeeab9a16ff1cad36eda0a06388	escolar_razon_08		nacional	MX	PUBLICABLE	22367	11539	0.09834595456357115	0.09280396531384205	0.10431140506803285	0.003255642805503045	9935640.0	200	
RESULT-ENDIREH2016-REST-TABLA	CALC-ENDIREH-PISOS-2016-RESTANTES-0001	15bc446bc8dc1efc182b770d53726e842db71eeeab9a16ff1cad36eda0a06388	escolar_razon_09		nacional	MX	PUBLICABLE	22367	11539	0.03243625976786599	0.02875547271568184	0.03679526936640478	0.001970782349070159	9935640.0	200	
RESULT-ENDIREH2016-REST-TABLA	CALC-ENDIREH-PISOS-2016-RESTANTES-0001	15bc446bc8dc1efc182b770d53726e842db71eeeab9a16ff1cad36eda0a06388	escolar_razon_10		nacional	MX	PUBLICABLE	22367	11539	0.023624446940509115	0.02095183216481633	0.026731272018881574	0.0015102533367066155	9935640.0	200	
RESULT-ENDIREH2016-REST-TABLA	CALC-ENDIREH-PISOS-2016-RESTANTES-0001	15bc446bc8dc1efc182b770d53726e842db71eeeab9a16ff1cad36eda0a06388	escolar_razon_11		nacional	MX	PUBLICABLE	22367	11539	0.06031015616507845	0.05582723578931534	0.06516185853005113	0.002395019609057998	9935640.0	200	
RESULT-ENDIREH2016-REST-TABLA	CALC-ENDIREH-PISOS-2016-RESTANTES-0001	15bc446bc8dc1efc182b770d53726e842db71eeeab9a16ff1cad36eda0a06388	laboral_vida		nacional	MX	PUBLICABLE	79324	17718	0.16522817247002874	0.16088471660436968	0.16982771441411434	0.00225860572055028	33066522.0	200	
RESULT-ENDIREH2016-REST-TABLA	CALC-ENDIREH-PISOS-2016-RESTANTES-0001	15bc446bc8dc1efc182b770d53726e842db71eeeab9a16ff1cad36eda0a06388	laboral_vida		edad	15-29	PUBLICABLE	19938	10926	0.16931112094338532	0.1613136862426114	0.17757189414833915	0.00421714615750848	9356940.0	200	
RESULT-ENDIREH2016-REST-TABLA	CALC-ENDIREH-PISOS-2016-RESTANTES-0001	15bc446bc8dc1efc182b770d53726e842db71eeeab9a16ff1cad36eda0a06388	laboral_vida		edad	30-44	PUBLICABLE	29484	13386	0.1752166298526516	0.16917115285754303	0.18173410870000026	0.0033330484938684747	11300497.0	200	
RESULT-ENDIREH2016-REST-TABLA	CALC-ENDIREH-PISOS-2016-RESTANTES-0001	15bc446bc8dc1efc182b770d53726e842db71eeeab9a16ff1cad36eda0a06388	laboral_vida		edad	45-59	PUBLICABLE	18932	11116	0.16802508040495986	0.16078702563091685	0.17816164906797935	0.0044077916019856275	8010078.0	200	
RESULT-ENDIREH2016-REST-TABLA	CALC-ENDIREH-PISOS-2016-RESTANTES-0001	15bc446bc8dc1efc182b770d53726e842db71eeeab9a16ff1cad36eda0a06388	laboral_vida		edad	60+	PUBLICABLE	10970	7360	0.12579157068856675	0.11503716947227882	0.13658443281204094	0.005527094832874937	4399007.0	200	
RESULT-ENDIREH2016-REST-TABLA	CALC-ENDIREH-PISOS-2016-RESTANTES-0001	15bc446bc8dc1efc182b770d53726e842db71eeeab9a16ff1cad36eda0a06388	laboral_vida		escolaridad	ninguno	PUBLICABLE	3483	2614	0.1494783636404861	0.13109873252989204	0.16672937699036458	0.008921659391767388	1411328.0	200	
RESULT-ENDIREH2016-REST-TABLA	CALC-ENDIREH-PISOS-2016-RESTANTES-0001	15bc446bc8dc1efc182b770d53726e842db71eeeab9a16ff1cad36eda0a06388	laboral_vida		escolaridad	basica	PUBLICABLE	43912	14592	0.15045598180364378	0.14520210985629586	0.15598318231245936	0.0027210414535263155	17709040.0	200	
RESULT-ENDIREH2016-REST-TABLA	CALC-ENDIREH-PISOS-2016-RESTANTES-0001	15bc446bc8dc1efc182b770d53726e842db71eeeab9a16ff1cad36eda0a06388	laboral_vida		escolaridad	media_superior	PUBLICABLE	16349	10179	0.16850970814072208	0.1582884960814273	0.17852640272539758	0.005127090311247064	7129429.0	200	
RESULT-ENDIREH2016-REST-TABLA	CALC-ENDIREH-PISOS-2016-RESTANTES-0001	15bc446bc8dc1efc182b770d53726e842db71eeeab9a16ff1cad36eda0a06388	laboral_vida		escolaridad	superior	PUBLICABLE	15575	9434	0.2034469255078914	0.19433456598222693	0.21268406340130047	0.004956852567875684	6815581.0	200	
RESULT-ENDIREH2016-REST-TABLA	CALC-ENDIREH-PISOS-2016-RESTANTES-0001	15bc446bc8dc1efc182b770d53726e842db71eeeab9a16ff1cad36eda0a06388	laboral_vida		localidad	U	PUBLICABLE	44776	14294	0.18673615563941726	0.18061038635035803	0.19243049021826694	0.0030616995826815967	20484785.0	200	
RESULT-ENDIREH2016-REST-TABLA	CALC-ENDIREH-PISOS-2016-RESTANTES-0001	15bc446bc8dc1efc182b770d53726e842db71eeeab9a16ff1cad36eda0a06388	laboral_vida		localidad	C	PUBLICABLE	20023	1792	0.13868814903330973	0.13266227829570687	0.14575417988467385	0.0035711191837766976	7390992.0	200	
RESULT-ENDIREH2016-REST-TABLA	CALC-ENDIREH-PISOS-2016-RESTANTES-0001	15bc446bc8dc1efc182b770d53726e842db71eeeab9a16ff1cad36eda0a06388	laboral_vida		localidad	R	PUBLICABLE	14525	1632	0.11813872575131315	0.11032364729669143	0.12515841137505632	0.003646431478581274	5190745.0	200	
RESULT-ENDIREH2016-REST-TABLA	CALC-ENDIREH-PISOS-2016-RESTANTES-0001	15bc446bc8dc1efc182b770d53726e842db71eeeab9a16ff1cad36eda0a06388	laboral_vida		pareja	A1	PUBLICABLE	50347	16332	0.15426398693415996	0.14895559124813548	0.1596775457454086	0.002771166227555412	18446269.0	200	
RESULT-ENDIREH2016-REST-TABLA	CALC-ENDIREH-PISOS-2016-RESTANTES-0001	15bc446bc8dc1efc182b770d53726e842db71eeeab9a16ff1cad36eda0a06388	laboral_vida		pareja	A2	PUBLICABLE	1539	1365	0.15972568784103564	0.13423830390967312	0.18469434735901027	0.013142462566101482	667269.0	200	
RESULT-ENDIREH2016-REST-TABLA	CALC-ENDIREH-PISOS-2016-RESTANTES-0001	15bc446bc8dc1efc182b770d53726e842db71eeeab9a16ff1cad36eda0a06388	laboral_vida		pareja	B1	PUBLICABLE	10045	7306	0.20659560988762143	0.19322470096634836	0.22058789475218363	0.006515348806095008	4539656.0	200	
RESULT-ENDIREH2016-REST-TABLA	CALC-ENDIREH-PISOS-2016-RESTANTES-0001	15bc446bc8dc1efc182b770d53726e842db71eeeab9a16ff1cad36eda0a06388	laboral_vida		pareja	B2	PUBLICABLE	5277	4272	0.13926890669220435	0.12480365187450612	0.15220376706015712	0.007096592765343645	2238784.0	200	
RESULT-ENDIREH2016-REST-TABLA	CALC-ENDIREH-PISOS-2016-RESTANTES-0001	15bc446bc8dc1efc182b770d53726e842db71eeeab9a16ff1cad36eda0a06388	laboral_vida		pareja	C1	PUBLICABLE	10055	7446	0.1908459598891123	0.18058782613675772	0.2029296783900816	0.0056497984160929675	6029884.0	200	
RESULT-ENDIREH2016-REST-TABLA	CALC-ENDIREH-PISOS-2016-RESTANTES-0001	15bc446bc8dc1efc182b770d53726e842db71eeeab9a16ff1cad36eda0a06388	laboral_vida		pareja	C2	PUBLICABLE	2061	1876	0.09688553806370451	0.07590171298749947	0.11408959122417647	0.009904644246518346	1144660.0	200	
RESULT-ENDIREH2016-REST-TABLA	CALC-ENDIREH-PISOS-2016-RESTANTES-0001	15bc446bc8dc1efc182b770d53726e842db71eeeab9a16ff1cad36eda0a06388	laboral_vida		entidad	01	PUBLICABLE	2813	661	0.18615269165448872	0.1730104242862692	0.20208636242109557	0.008049993986972488	379785.0	200	
RESULT-ENDIREH2016-REST-TABLA	CALC-ENDIREH-PISOS-2016-RESTANTES-0001	15bc446bc8dc1efc182b770d53726e842db71eeeab9a16ff1cad36eda0a06388	laboral_vida		entidad	02	PUBLICABLE	2653	708	0.1393875505315519	0.12300086765929004	0.15457821906458336	0.007929819844918595	1062455.0	200	
RESULT-ENDIREH2016-REST-TABLA	CALC-ENDIREH-PISOS-2016-RESTANTES-0001	15bc446bc8dc1efc182b770d53726e842db71eeeab9a16ff1cad36eda0a06388	laboral_vida		entidad	03	PUBLICABLE	2360	440	0.12457147277975755	0.10853751249088783	0.13631327245296507	0.007422505776236272	206813.0	200	
RESULT-ENDIREH2016-REST-TABLA	CALC-ENDIREH-PISOS-2016-RESTANTES-0001	15bc446bc8dc1efc182b770d53726e842db71eeeab9a16ff1cad36eda0a06388	laboral_vida		entidad	04	PUBLICABLE	2327	550	0.11409015813075289	0.10103880384535843	0.13003422706360399	0.008058645552437753	233035.0	200	
RESULT-ENDIREH2016-REST-TABLA	CALC-ENDIREH-PISOS-2016-RESTANTES-0001	15bc446bc8dc1efc182b770d53726e842db71eeeab9a16ff1cad36eda0a06388	laboral_vida		entidad	05	PUBLICABLE	2742	695	0.18475374038108014	0.17255790909294985	0.20065155175022514	0.008234911890895823	851317.0	200	
RESULT-ENDIREH2016-REST-TABLA	CALC-ENDIREH-PISOS-2016-RESTANTES-0001	15bc446bc8dc1efc182b770d53726e842db71eeeab9a16ff1cad36eda0a06388	laboral_vida		entidad	06	PUBLICABLE	2646	611	0.15677694041574644	0.1408201908992735	0.17103835996489367	0.008170063544016027	219605.0	200	
RESULT-ENDIREH2016-REST-TABLA	CALC-ENDIREH-PISOS-2016-RESTANTES-0001	15bc446bc8dc1efc182b770d53726e842db71eeeab9a16ff1cad36eda0a06388	laboral_vida		entidad	07	PUBLICABLE	1822	359	0.11458254057017181	0.09787190234725929	0.13384144414307092	0.008820879347541671	906639.0	200	
RESULT-ENDIREH2016-REST-TABLA	CALC-ENDIREH-PISOS-2016-RESTANTES-0001	15bc446bc8dc1efc182b770d53726e842db71eeeab9a16ff1cad36eda0a06388	laboral_vida		entidad	08	PUBLICABLE	2527	680	0.17636925468137074	0.15985838856799264	0.1939339789921019	0.008879700333802558	1080880.0	200	
RESULT-ENDIREH2016-REST-TABLA	CALC-ENDIREH-PISOS-2016-RESTANTES-0001	15bc446bc8dc1efc182b770d53726e842db71eeeab9a16ff1cad36eda0a06388	laboral_vida		entidad	09	PUBLICABLE	2973	875	0.21624574753894113	0.20144194449961728	0.2332606571187882	0.008888869827451636	3008258.0	200	
RESULT-ENDIREH2016-REST-TABLA	CALC-ENDIREH-PISOS-2016-RESTANTES-0001	15bc446bc8dc1efc182b770d53726e842db71eeeab9a16ff1cad36eda0a06388	laboral_vida		entidad	10	PUBLICABLE	2332	566	0.16595776870042578	0.15050071922079952	0.18496775555713266	0.008756936938133359	462690.0	200	
RESULT-ENDIREH2016-REST-TABLA	CALC-ENDIREH-PISOS-2016-RESTANTES-0001	15bc446bc8dc1efc182b770d53726e842db71eeeab9a16ff1cad36eda0a06388	laboral_vida		entidad	11	PUBLICABLE	2479	507	0.1610141062521614	0.146289924821279	0.1773446577295515	0.007939411184088736	1544138.0	200	
RESULT-ENDIREH2016-REST-TABLA	CALC-ENDIREH-PISOS-2016-RESTANTES-0001	15bc446bc8dc1efc182b770d53726e842db71eeeab9a16ff1cad36eda0a06388	laboral_vida		entidad	12	PUBLICABLE	1986	414	0.14052282905750546	0.1230863306996344	0.15909175759438515	0.008745205878881926	768779.0	200	
RESULT-ENDIREH2016-REST-TABLA	CALC-ENDIREH-PISOS-2016-RESTANTES-0001	15bc446bc8dc1efc182b770d53726e842db71eeeab9a16ff1cad36eda0a06388	laboral_vida		entidad	13	PUBLICABLE	2504	347	0.15256886035313003	0.13497267894390647	0.16720618263128634	0.008564105759945059	778750.0	200	
RESULT-ENDIREH2016-REST-TABLA	CALC-ENDIREH-PISOS-2016-RESTANTES-0001	15bc446bc8dc1efc182b770d53726e842db71eeeab9a16ff1cad36eda0a06388	laboral_vida		entidad	14	PUBLICABLE	2811	576	0.18296972625197702	0.16400816705754265	0.20156043947021493	0.00936318016090111	2421570.0	200	
RESULT-ENDIREH2016-REST-TABLA	CALC-ENDIREH-PISOS-2016-RESTANTES-0001	15bc446bc8dc1efc182b770d53726e842db71eeeab9a16ff1cad36eda0a06388	laboral_vida		entidad	15	PUBLICABLE	2680	705	0.19636875817803767	0.17865823079463308	0.21577280345268188	0.009714321003290373	5049347.0	200	
RESULT-ENDIREH2016-REST-TABLA	CALC-ENDIREH-PISOS-2016-RESTANTES-0001	15bc446bc8dc1efc182b770d53726e842db71eeeab9a16ff1cad36eda0a06388	laboral_vida		entidad	16	PUBLICABLE	2247	383	0.1392654853731041	0.12417577292275091	0.1553498130850742	0.008522413248510986	1105737.0	200	
RESULT-ENDIREH2016-REST-TABLA	CALC-ENDIREH-PISOS-2016-RESTANTES-0001	15bc446bc8dc1efc182b770d53726e842db71eeeab9a16ff1cad36eda0a06388	laboral_vida		entidad	17	PUBLICABLE	2556	565	0.1689113717768083	0.15241630655458507	0.18467906927586805	0.008727572595506107	589090.0	200	
RESULT-ENDIREH2016-REST-TABLA	CALC-ENDIREH-PISOS-2016-RESTANTES-0001	15bc446bc8dc1efc182b770d53726e842db71eeeab9a16ff1cad36eda0a06388	laboral_vida		entidad	18	PUBLICABLE	2464	443	0.11749052064043938	0.1050501896198219	0.13261171992767232	0.007273105803862438	317532.0	200	
RESULT-ENDIREH2016-REST-TABLA	CALC-ENDIREH-PISOS-2016-RESTANTES-0001	15bc446bc8dc1efc182b770d53726e842db71eeeab9a16ff1cad36eda0a06388	laboral_vida		entidad	19	PUBLICABLE	2614	729	0.12526835594440738	0.1129420551555584	0.13954938284150356	0.0072842869728217555	1508258.0	200	
RESULT-ENDIREH2016-REST-TABLA	CALC-ENDIREH-PISOS-2016-RESTANTES-0001	15bc446bc8dc1efc182b770d53726e842db71eeeab9a16ff1cad36eda0a06388	laboral_vida		entidad	20	PUBLICABLE	2236	330	0.16648520547854356	0.14605581530304662	0.18107383016572215	0.008828471718509538	904693.0	200	
RESULT-ENDIREH2016-REST-TABLA	CALC-ENDIREH-PISOS-2016-RESTANTES-0001	15bc446bc8dc1efc182b770d53726e842db71eeeab9a16ff1cad36eda0a06388	laboral_vida		entidad	21	PUBLICABLE	3429	683	0.1470845763008676	0.13257949927321336	0.16122761733312901	0.007338442849504344	1638887.0	200	
RESULT-ENDIREH2016-REST-TABLA	CALC-ENDIREH-PISOS-2016-RESTANTES-0001	15bc446bc8dc1efc182b770d53726e842db71eeeab9a16ff1cad36eda0a06388	laboral_vida		entidad	22	PUBLICABLE	2778	573	0.21619305516569523	0.19793624271479499	0.23213320844110946	0.00907253398322965	605630.0	200	
RESULT-ENDIREH2016-REST-TABLA	CALC-ENDIREH-PISOS-2016-RESTANTES-0001	15bc446bc8dc1efc182b770d53726e842db71eeeab9a16ff1cad36eda0a06388	laboral_vida		entidad	23	PUBLICABLE	2239	681	0.19705513112789763	0.18209221970820208	0.216622796679013	0.009574272801118026	419781.0	200	
RESULT-ENDIREH2016-REST-TABLA	CALC-ENDIREH-PISOS-2016-RESTANTES-0001	15bc446bc8dc1efc182b770d53726e842db71eeeab9a16ff1cad36eda0a06388	laboral_vida		entidad	24	PUBLICABLE	2362	511	0.12379426825407429	0.11047387951635579	0.13713243055734453	0.007678282810597449	688586.0	200	
RESULT-ENDIREH2016-REST-TABLA	CALC-ENDIREH-PISOS-2016-RESTANTES-0001	15bc446bc8dc1efc182b770d53726e842db71eeeab9a16ff1cad36eda0a06388	laboral_vida		entidad	25	PUBLICABLE	2735	542	0.12778096498109143	0.11444447642668278	0.1415883589711241	0.006914004384357519	854110.0	200	
RESULT-ENDIREH2016-REST-TABLA	CALC-ENDIREH-PISOS-2016-RESTANTES-0001	15bc446bc8dc1efc182b770d53726e842db71eeeab9a16ff1cad36eda0a06388	laboral_vida		entidad	26	PUBLICABLE	2584	620	0.13248871021238287	0.11830334284017417	0.1446558623829416	0.007291998393717297	823089.0	200	
RESULT-ENDIREH2016-REST-TABLA	CALC-ENDIREH-PISOS-2016-RESTANTES-0001	15bc446bc8dc1efc182b770d53726e842db71eeeab9a16ff1cad36eda0a06388	laboral_vida		entidad	27	PUBLICABLE	1901	336	0.13360780028293814	0.11871619260110257	0.14936180218906636	0.007555497101050785	472188.0	200	
RESULT-ENDIREH2016-REST-TABLA	CALC-ENDIREH-PISOS-2016-RESTANTES-0001	15bc446bc8dc1efc182b770d53726e842db71eeeab9a16ff1cad36eda0a06388	laboral_vida		entidad	28	PUBLICABLE	2395	683	0.136408346378298	0.12033681532632459	0.15169616419925186	0.008925939575811982	1000386.0	200	
RESULT-ENDIREH2016-REST-TABLA	CALC-ENDIREH-PISOS-2016-RESTANTES-0001	15bc446bc8dc1efc182b770d53726e842db71eeeab9a16ff1cad36eda0a06388	laboral_vida		entidad	29	PUBLICABLE	2511	580	0.13753063542351604	0.1231968423552426	0.15236077198563772	0.007626784233051756	334580.0	200	
RESULT-ENDIREH2016-REST-TABLA	CALC-ENDIREH-PISOS-2016-RESTANTES-0001	15bc446bc8dc1efc182b770d53726e842db71eeeab9a16ff1cad36eda0a06388	laboral_vida		entidad	30	PUBLICABLE	2028	427	0.15054280653916235	0.1340294978412437	0.16659837434017916	0.008094282711817585	1883544.0	200	
RESULT-ENDIREH2016-REST-TABLA	CALC-ENDIREH-PISOS-2016-RESTANTES-0001	15bc446bc8dc1efc182b770d53726e842db71eeeab9a16ff1cad36eda0a06388	laboral_vida		entidad	31	PUBLICABLE	2430	551	0.16646947192799955	0.15170203165508794	0.18294855636427876	0.008273799166119939	601774.0	200	
RESULT-ENDIREH2016-REST-TABLA	CALC-ENDIREH-PISOS-2016-RESTANTES-0001	15bc446bc8dc1efc182b770d53726e842db71eeeab9a16ff1cad36eda0a06388	laboral_vida		entidad	32	PUBLICABLE	2160	387	0.14790073013035554	0.13206056279714318	0.16332334700470535	0.008115152522850732	344596.0	200	
RESULT-ENDIREH2016-REST-TABLA	CALC-ENDIREH-PISOS-2016-RESTANTES-0001	15bc446bc8dc1efc182b770d53726e842db71eeeab9a16ff1cad36eda0a06388	laboral_reciente		nacional	MX	PUBLICABLE	46809	16337	0.10225526700651441	0.09820812830891826	0.10716958001499997	0.002229851778032443	20073499.0	200	
RESULT-ENDIREH2016-REST-TABLA	CALC-ENDIREH-PISOS-2016-RESTANTES-0001	15bc446bc8dc1efc182b770d53726e842db71eeeab9a16ff1cad36eda0a06388	laboral_reciente		edad	15-29	PUBLICABLE	13273	8836	0.1310403315432633	0.1229523668919536	0.1393269294834633	0.004333535034882514	6494718.0	200	
RESULT-ENDIREH2016-REST-TABLA	CALC-ENDIREH-PISOS-2016-RESTANTES-0001	15bc446bc8dc1efc182b770d53726e842db71eeeab9a16ff1cad36eda0a06388	laboral_reciente		edad	30-44	PUBLICABLE	19291	11059	0.10112970520130551	0.09468593401543371	0.10739984879701144	0.0032010632145912515	7551085.0	200	
RESULT-ENDIREH2016-REST-TABLA	CALC-ENDIREH-PISOS-2016-RESTANTES-0001	15bc446bc8dc1efc182b770d53726e842db71eeeab9a16ff1cad36eda0a06388	laboral_reciente		edad	45-59	PUBLICABLE	11202	8014	0.08043658950159738	0.07306044692570283	0.08865758645959093	0.004184468415882997	4802864.0	200	
RESULT-ENDIREH2016-REST-TABLA	CALC-ENDIREH-PISOS-2016-RESTANTES-0001	15bc446bc8dc1efc182b770d53726e842db71eeeab9a16ff1cad36eda0a06388	laboral_reciente		edad	60+	PUBLICABLE	3043	2647	0.04211679642595883	0.03338153806221459	0.05183812199530905	0.004831832282418942	1224832.0	200	
RESULT-ENDIREH2016-REST-TABLA	CALC-ENDIREH-PISOS-2016-RESTANTES-0001	15bc446bc8dc1efc182b770d53726e842db71eeeab9a16ff1cad36eda0a06388	laboral_reciente		escolaridad	ninguno	PUBLICABLE	1433	1242	0.08825565178463816	0.06581554063928147	0.11054665674961868	0.011577142077961365	580790.0	200	
RESULT-ENDIREH2016-REST-TABLA	CALC-ENDIREH-PISOS-2016-RESTANTES-0001	15bc446bc8dc1efc182b770d53726e842db71eeeab9a16ff1cad36eda0a06388	laboral_reciente		escolaridad	basica	PUBLICABLE	22977	11196	0.09164687869630417	0.08571014578528079	0.09683762830118804	0.0029118452947087163	9527253.0	200	
RESULT-ENDIREH2016-REST-TABLA	CALC-ENDIREH-PISOS-2016-RESTANTES-0001	15bc446bc8dc1efc182b770d53726e842db71eeeab9a16ff1cad36eda0a06388	laboral_reciente		escolaridad	media_superior	PUBLICABLE	10514	7634	0.10738277277723793	0.09776293325691394	0.11715381109303172	0.005006507421832949	4736933.0	200	
RESULT-ENDIREH2016-REST-TABLA	CALC-ENDIREH-PISOS-2016-RESTANTES-0001	15bc446bc8dc1efc182b770d53726e842db71eeeab9a16ff1cad36eda0a06388	laboral_reciente		escolaridad	superior	PUBLICABLE	11884	7985	0.11847161923676976	0.10760526828476102	0.12885088698825575	0.005328452269111897	5228383.0	200	
RESULT-ENDIREH2016-REST-TABLA	CALC-ENDIREH-PISOS-2016-RESTANTES-0001	15bc446bc8dc1efc182b770d53726e842db71eeeab9a16ff1cad36eda0a06388	laboral_reciente		localidad	U	PUBLICABLE	28273	13025	0.11326423036009149	0.1077370890923222	0.11886206667612136	0.0028879991003206897	13032049.0	200	
RESULT-ENDIREH2016-REST-TABLA	CALC-ENDIREH-PISOS-2016-RESTANTES-0001	15bc446bc8dc1efc182b770d53726e842db71eeeab9a16ff1cad36eda0a06388	laboral_reciente		localidad	C	PUBLICABLE	11695	1781	0.08460454041608864	0.07806555091224274	0.09175324017315128	0.003371153644353135	4447610.0	200	
RESULT-ENDIREH2016-REST-TABLA	CALC-ENDIREH-PISOS-2016-RESTANTES-0001	15bc446bc8dc1efc182b770d53726e842db71eeeab9a16ff1cad36eda0a06388	laboral_reciente		localidad	R	PUBLICABLE	6841	1531	0.07720907997409246	0.06836602214071022	0.08542691223316214	0.0047131579494518894	2593840.0	200	
RESULT-ENDIREH2016-REST-TABLA	CALC-ENDIREH-PISOS-2016-RESTANTES-0001	15bc446bc8dc1efc182b770d53726e842db71eeeab9a16ff1cad36eda0a06388	laboral_reciente		pareja	A1	PUBLICABLE	26641	13050	0.08565277158304856	0.08061754125061743	0.09049790152230554	0.002449074497680575	9622876.0	200	
RESULT-ENDIREH2016-REST-TABLA	CALC-ENDIREH-PISOS-2016-RESTANTES-0001	15bc446bc8dc1efc182b770d53726e842db71eeeab9a16ff1cad36eda0a06388	laboral_reciente		pareja	A2	PUBLICABLE	851	809	0.09491220077859687	0.06905016016814929	0.12362070714446578	0.014883395438374507	386336.0	200	
RESULT-ENDIREH2016-REST-TABLA	CALC-ENDIREH-PISOS-2016-RESTANTES-0001	15bc446bc8dc1efc182b770d53726e842db71eeeab9a16ff1cad36eda0a06388	laboral_reciente		pareja	B1	PUBLICABLE	7500	5856	0.12495679909823103	0.11235382795302683	0.13641733625752142	0.006298625174205125	3385346.0	200	
RESULT-ENDIREH2016-REST-TABLA	CALC-ENDIREH-PISOS-2016-RESTANTES-0001	15bc446bc8dc1efc182b770d53726e842db71eeeab9a16ff1cad36eda0a06388	laboral_reciente		pareja	B2	PUBLICABLE	2127	1915	0.08065912801062097	0.06248125848092852	0.09942528930322134	0.00972138162348977	905378.0	200	
RESULT-ENDIREH2016-REST-TABLA	CALC-ENDIREH-PISOS-2016-RESTANTES-0001	15bc446bc8dc1efc182b770d53726e842db71eeeab9a16ff1cad36eda0a06388	laboral_reciente		pareja	C1	PUBLICABLE	8198	6405	0.12971341466256311	0.12031244351014131	0.1390978834883716	0.00505917955628734	4935249.0	200	
RESULT-ENDIREH2016-REST-TABLA	CALC-ENDIREH-PISOS-2016-RESTANTES-0001	15bc446bc8dc1efc182b770d53726e842db71eeeab9a16ff1cad36eda0a06388	laboral_reciente		pareja	C2	PUBLICABLE	1492	1398	0.06621623878403557	0.04976461279699906	0.08673215230793391	0.009517865913062305	838314.0	200	
RESULT-ENDIREH2016-REST-TABLA	CALC-ENDIREH-PISOS-2016-RESTANTES-0001	15bc446bc8dc1efc182b770d53726e842db71eeeab9a16ff1cad36eda0a06388	laboral_reciente		entidad	01	PUBLICABLE	1710	617	0.11945288372734453	0.1061098797622972	0.13753456869795694	0.007927076183535033	239291.0	200	
RESULT-ENDIREH2016-REST-TABLA	CALC-ENDIREH-PISOS-2016-RESTANTES-0001	15bc446bc8dc1efc182b770d53726e842db71eeeab9a16ff1cad36eda0a06388	laboral_reciente		entidad	02	PUBLICABLE	1731	657	0.08196494293733529	0.06838296938328729	0.09633059156793027	0.007424161822701403	700458.0	200	
RESULT-ENDIREH2016-REST-TABLA	CALC-ENDIREH-PISOS-2016-RESTANTES-0001	15bc446bc8dc1efc182b770d53726e842db71eeeab9a16ff1cad36eda0a06388	laboral_reciente		entidad	03	PUBLICABLE	1530	420	0.08257540013791602	0.06862014638327919	0.09517505601640934	0.00704145768860866	137765.0	200	
RESULT-ENDIREH2016-REST-TABLA	CALC-ENDIREH-PISOS-2016-RESTANTES-0001	15bc446bc8dc1efc182b770d53726e842db71eeeab9a16ff1cad36eda0a06388	laboral_reciente		entidad	04	PUBLICABLE	1309	501	0.0742817917597745	0.05694779211765105	0.09290748934027332	0.009633192075717095	136938.0	200	
RESULT-ENDIREH2016-REST-TABLA	CALC-ENDIREH-PISOS-2016-RESTANTES-0001	15bc446bc8dc1efc182b770d53726e842db71eeeab9a16ff1cad36eda0a06388	laboral_reciente		entidad	05	PUBLICABLE	1588	627	0.12462240872119786	0.10822528030893767	0.1412824431704458	0.008750520985791722	506169.0	200	
RESULT-ENDIREH2016-REST-TABLA	CALC-ENDIREH-PISOS-2016-RESTANTES-0001	15bc446bc8dc1efc182b770d53726e842db71eeeab9a16ff1cad36eda0a06388	laboral_reciente		entidad	06	PUBLICABLE	1747	581	0.08755872676315682	0.07347491834185003	0.10263490023818736	0.007756484388159991	147718.0	200	
RESULT-ENDIREH2016-REST-TABLA	CALC-ENDIREH-PISOS-2016-RESTANTES-0001	15bc446bc8dc1efc182b770d53726e842db71eeeab9a16ff1cad36eda0a06388	laboral_reciente		entidad	07	PUBLICABLE	940	318	0.08779244145119941	0.06868487525104669	0.10757502880833755	0.009958728497502423	495783.0	200	
RESULT-ENDIREH2016-REST-TABLA	CALC-ENDIREH-PISOS-2016-RESTANTES-0001	15bc446bc8dc1efc182b770d53726e842db71eeeab9a16ff1cad36eda0a06388	laboral_reciente		entidad	08	PUBLICABLE	1592	628	0.12072705034027151	0.10443910065380502	0.13602732491484254	0.007966574451219899	703115.0	200	
RESULT-ENDIREH2016-REST-TABLA	CALC-ENDIREH-PISOS-2016-RESTANTES-0001	15bc446bc8dc1efc182b770d53726e842db71eeeab9a16ff1cad36eda0a06388	laboral_reciente		entidad	09	PUBLICABLE	1875	827	0.10881874366476935	0.09452833050601024	0.12472144013353331	0.00800624571891013	1949416.0	200	
RESULT-ENDIREH2016-REST-TABLA	CALC-ENDIREH-PISOS-2016-RESTANTES-0001	15bc446bc8dc1efc182b770d53726e842db71eeeab9a16ff1cad36eda0a06388	laboral_reciente		entidad	10	PUBLICABLE	1314	523	0.1266269149619301	0.10485095240311999	0.1437773491435528	0.0102568065598558	272525.0	200	
RESULT-ENDIREH2016-REST-TABLA	CALC-ENDIREH-PISOS-2016-RESTANTES-0001	15bc446bc8dc1efc182b770d53726e842db71eeeab9a16ff1cad36eda0a06388	laboral_reciente		entidad	11	PUBLICABLE	1463	477	0.09992412413542275	0.08156441841045567	0.12026623031215736	0.010077124789608677	956826.0	200	
RESULT-ENDIREH2016-REST-TABLA	CALC-ENDIREH-PISOS-2016-RESTANTES-0001	15bc446bc8dc1efc182b770d53726e842db71eeeab9a16ff1cad36eda0a06388	laboral_reciente		entidad	12	PUBLICABLE	1119	364	0.10065364985926677	0.08219804750210849	0.11965102922011607	0.00971513684431298	450853.0	200	
RESULT-ENDIREH2016-REST-TABLA	CALC-ENDIREH-PISOS-2016-RESTANTES-0001	15bc446bc8dc1efc182b770d53726e842db71eeeab9a16ff1cad36eda0a06388	laboral_reciente		entidad	13	PUBLICABLE	1355	320	0.0994545462595244	0.0828544955936451	0.12192747030800014	0.009672869285810777	451734.0	200	
RESULT-ENDIREH2016-REST-TABLA	CALC-ENDIREH-PISOS-2016-RESTANTES-0001	15bc446bc8dc1efc182b770d53726e842db71eeeab9a16ff1cad36eda0a06388	laboral_reciente		entidad	14	PUBLICABLE	1692	551	0.116877981987337	0.09798599758852762	0.1343480266717082	0.009152366846814572	1507384.0	200	
RESULT-ENDIREH2016-REST-TABLA	CALC-ENDIREH-PISOS-2016-RESTANTES-0001	15bc446bc8dc1efc182b770d53726e842db71eeeab9a16ff1cad36eda0a06388	laboral_reciente		entidad	15	PUBLICABLE	1534	643	0.12347578063488102	0.10372209680576058	0.14261827809515457	0.010439037407396934	2988497.0	200	
RESULT-ENDIREH2016-REST-TABLA	CALC-ENDIREH-PISOS-2016-RESTANTES-0001	15bc446bc8dc1efc182b770d53726e842db71eeeab9a16ff1cad36eda0a06388	laboral_reciente		entidad	16	PUBLICABLE	1254	358	0.10707061006626374	0.08694898695128442	0.12596724068431944	0.010341849629244249	645602.0	200	
RESULT-ENDIREH2016-REST-TABLA	CALC-ENDIREH-PISOS-2016-RESTANTES-0001	15bc446bc8dc1efc182b770d53726e842db71eeeab9a16ff1cad36eda0a06388	laboral_reciente		entidad	17	PUBLICABLE	1506	520	0.09794736915348112	0.08304515962072288	0.11684671348678449	0.00851670418073638	359295.0	200	
RESULT-ENDIREH2016-REST-TABLA	CALC-ENDIREH-PISOS-2016-RESTANTES-0001	15bc446bc8dc1efc182b770d53726e842db71eeeab9a16ff1cad36eda0a06388	laboral_reciente		entidad	18	PUBLICABLE	1470	427	0.07821596147725289	0.06337037337110768	0.0912010695305521	0.007541347385532907	194794.0	200	
RESULT-ENDIREH2016-REST-TABLA	CALC-ENDIREH-PISOS-2016-RESTANTES-0001	15bc446bc8dc1efc182b770d53726e842db71eeeab9a16ff1cad36eda0a06388	laboral_reciente		entidad	19	PUBLICABLE	1449	643	0.07968072522148613	0.06301836723984494	0.09543551794237391	0.0085101221419033	884254.0	200	
RESULT-ENDIREH2016-REST-TABLA	CALC-ENDIREH-PISOS-2016-RESTANTES-0001	15bc446bc8dc1efc182b770d53726e842db71eeeab9a16ff1cad36eda0a06388	laboral_reciente		entidad	20	PUBLICABLE	1204	314	0.07317236700952862	0.05817317738165279	0.09350193928917275	0.008335671468143763	507104.0	200	
RESULT-ENDIREH2016-REST-TABLA	CALC-ENDIREH-PISOS-2016-RESTANTES-0001	15bc446bc8dc1efc182b770d53726e842db71eeeab9a16ff1cad36eda0a06388	laboral_reciente		entidad	21	PUBLICABLE	1978	637	0.09720549756706398	0.08405362709897153	0.11318276199829364	0.007785829047740357	955841.0	200	
RESULT-ENDIREH2016-REST-TABLA	CALC-ENDIREH-PISOS-2016-RESTANTES-0001	15bc446bc8dc1efc182b770d53726e842db71eeeab9a16ff1cad36eda0a06388	laboral_reciente		entidad	22	PUBLICABLE	1637	543	0.1218058034238879	0.10404396592880122	0.13578986022599054	0.008443386411729967	378225.0	200	
RESULT-ENDIREH2016-REST-TABLA	CALC-ENDIREH-PISOS-2016-RESTANTES-0001	15bc446bc8dc1efc182b770d53726e842db71eeeab9a16ff1cad36eda0a06388	laboral_reciente		entidad	23	PUBLICABLE	1515	623	0.1224005405572267	0.10298306346826126	0.13956594837692565	0.009567480458098684	291551.0	200	
RESULT-ENDIREH2016-REST-TABLA	CALC-ENDIREH-PISOS-2016-RESTANTES-0001	15bc446bc8dc1efc182b770d53726e842db71eeeab9a16ff1cad36eda0a06388	laboral_reciente		entidad	24	PUBLICABLE	1373	469	0.06832855737257522	0.05592887704875362	0.08370593931322086	0.007008342292936571	417717.0	200	
RESULT-ENDIREH2016-REST-TABLA	CALC-ENDIREH-PISOS-2016-RESTANTES-0001	15bc446bc8dc1efc182b770d53726e842db71eeeab9a16ff1cad36eda0a06388	laboral_reciente		entidad	25	PUBLICABLE	1626	494	0.08159744529685196	0.06688758756805892	0.09522217109971075	0.0070944409412852525	529220.0	200	
RESULT-ENDIREH2016-REST-TABLA	CALC-ENDIREH-PISOS-2016-RESTANTES-0001	15bc446bc8dc1efc182b770d53726e842db71eeeab9a16ff1cad36eda0a06388	laboral_reciente		entidad	26	PUBLICABLE	1568	566	0.08803431892328836	0.07421749717323056	0.10419349082098671	0.008060259139266541	515867.0	200	
RESULT-ENDIREH2016-REST-TABLA	CALC-ENDIREH-PISOS-2016-RESTANTES-0001	15bc446bc8dc1efc182b770d53726e842db71eeeab9a16ff1cad36eda0a06388	laboral_reciente		entidad	27	PUBLICABLE	1119	317	0.07207978383284173	0.057278681778304245	0.08970538656476375	0.008843666364425445	290886.0	200	
RESULT-ENDIREH2016-REST-TABLA	CALC-ENDIREH-PISOS-2016-RESTANTES-0001	15bc446bc8dc1efc182b770d53726e842db71eeeab9a16ff1cad36eda0a06388	laboral_reciente		entidad	28	PUBLICABLE	1398	590	0.08081940396416146	0.06616124877149858	0.09719620649619673	0.008348599522839012	602145.0	200	
RESULT-ENDIREH2016-REST-TABLA	CALC-ENDIREH-PISOS-2016-RESTANTES-0001	15bc446bc8dc1efc182b770d53726e842db71eeeab9a16ff1cad36eda0a06388	laboral_reciente		entidad	29	PUBLICABLE	1490	531	0.08349369202493438	0.06869461426989097	0.10242810163250005	0.008764734750438666	208387.0	200	
RESULT-ENDIREH2016-REST-TABLA	CALC-ENDIREH-PISOS-2016-RESTANTES-0001	15bc446bc8dc1efc182b770d53726e842db71eeeab9a16ff1cad36eda0a06388	laboral_reciente		entidad	30	PUBLICABLE	1095	377	0.09478742249366312	0.07770958222328044	0.11380563665972268	0.009358546296110283	1074267.0	200	
RESULT-ENDIREH2016-REST-TABLA	CALC-ENDIREH-PISOS-2016-RESTANTES-0001	15bc446bc8dc1efc182b770d53726e842db71eeeab9a16ff1cad36eda0a06388	laboral_reciente		entidad	31	PUBLICABLE	1455	512	0.09575164268042882	0.08149233631603235	0.11185949312567044	0.007874149019743575	375910.0	200	
RESULT-ENDIREH2016-REST-TABLA	CALC-ENDIREH-PISOS-2016-RESTANTES-0001	15bc446bc8dc1efc182b770d53726e842db71eeeab9a16ff1cad36eda0a06388	laboral_reciente		entidad	32	PUBLICABLE	1173	362	0.09662460472211838	0.07971660261052806	0.11455298924728366	0.009691002163339422	197962.0	200	
RESULT-ENDIREH2016-REST-TABLA	CALC-ENDIREH-PISOS-2016-RESTANTES-0001	15bc446bc8dc1efc182b770d53726e842db71eeeab9a16ff1cad36eda0a06388	laboral_ayuda		nacional	MX	PUBLICABLE	12436	8491	0.03012599384170025	0.025016378336011398	0.03519748502776987	0.00270662590389618	5463521.0	200	
RESULT-ENDIREH2016-REST-TABLA	CALC-ENDIREH-PISOS-2016-RESTANTES-0001	15bc446bc8dc1efc182b770d53726e842db71eeeab9a16ff1cad36eda0a06388	laboral_ayuda		edad	15-29	PUBLICABLE	3103	2762	0.0283745961770799	0.0213356931952414	0.03739160389416156	0.004076980979896121	1584234.0	200	
RESULT-ENDIREH2016-REST-TABLA	CALC-ENDIREH-PISOS-2016-RESTANTES-0001	15bc446bc8dc1efc182b770d53726e842db71eeeab9a16ff1cad36eda0a06388	laboral_ayuda		edad	30-44	PUBLICABLE	5039	4186	0.031471160863318075	0.025506771766302953	0.03880969707403597	0.0035032999948285256	1980035.0	200	
RESULT-ENDIREH2016-REST-TABLA	CALC-ENDIREH-PISOS-2016-RESTANTES-0001	15bc446bc8dc1efc182b770d53726e842db71eeeab9a16ff1cad36eda0a06388	laboral_ayuda		edad	45-59	PUBLICABLE	3013	2689	0.03095934746718538	0.023473306838138388	0.04157890918397461	0.004339818278237853	1345894.0	200	
RESULT-ENDIREH2016-REST-TABLA	CALC-ENDIREH-PISOS-2016-RESTANTES-0001	15bc446bc8dc1efc182b770d53726e842db71eeeab9a16ff1cad36eda0a06388	laboral_ayuda		edad	60+	SUPRIMIDA	1281	1196						0	precision
RESULT-ENDIREH2016-REST-TABLA	CALC-ENDIREH-PISOS-2016-RESTANTES-0001	15bc446bc8dc1efc182b770d53726e842db71eeeab9a16ff1cad36eda0a06388	laboral_ayuda		escolaridad	ninguno	SUPRIMIDA	476	453						0	precision
RESULT-ENDIREH2016-REST-TABLA	CALC-ENDIREH-PISOS-2016-RESTANTES-0001	15bc446bc8dc1efc182b770d53726e842db71eeeab9a16ff1cad36eda0a06388	laboral_ayuda		escolaridad	basica	PUBLICABLE	6281	4845	0.023603163302033343	0.017496599620478667	0.030357450937206164	0.003507937836976729	2664431.0	200	
RESULT-ENDIREH2016-REST-TABLA	CALC-ENDIREH-PISOS-2016-RESTANTES-0001	15bc446bc8dc1efc182b770d53726e842db71eeeab9a16ff1cad36eda0a06388	laboral_ayuda		escolaridad	media_superior	PUBLICABLE	2662	2411	0.03440798816026263	0.025672232330216167	0.046247439082450895	0.005440149581230594	1201378.0	200	
RESULT-ENDIREH2016-REST-TABLA	CALC-ENDIREH-PISOS-2016-RESTANTES-0001	15bc446bc8dc1efc182b770d53726e842db71eeeab9a16ff1cad36eda0a06388	laboral_ayuda		escolaridad	superior	PUBLICABLE	3016	2685	0.041416145431047977	0.03254190853066376	0.05146870453062541	0.004887612133287411	1386609.0	200	
RESULT-ENDIREH2016-REST-TABLA	CALC-ENDIREH-PISOS-2016-RESTANTES-0001	15bc446bc8dc1efc182b770d53726e842db71eeeab9a16ff1cad36eda0a06388	laboral_ayuda		localidad	U	PUBLICABLE	8077	6239	0.032946343376249916	0.026769644402612532	0.039641210117162505	0.0033363932976022605	3825250.0	200	
RESULT-ENDIREH2016-REST-TABLA	CALC-ENDIREH-PISOS-2016-RESTANTES-0001	15bc446bc8dc1efc182b770d53726e842db71eeeab9a16ff1cad36eda0a06388	laboral_ayuda		localidad	C	PUBLICABLE	2674	1297	0.023917045431264834	0.017417503949383892	0.03153988140133047	0.0036904169590756715	1025043.0	200	
RESULT-ENDIREH2016-REST-TABLA	CALC-ENDIREH-PISOS-2016-RESTANTES-0001	15bc446bc8dc1efc182b770d53726e842db71eeeab9a16ff1cad36eda0a06388	laboral_ayuda		localidad	R	PUBLICABLE	1685	955	0.022911543504210506	0.012405427025143877	0.03264916118537258	0.005350980405543683	613228.0	200	
RESULT-ENDIREH2016-REST-TABLA	CALC-ENDIREH-PISOS-2016-RESTANTES-0001	15bc446bc8dc1efc182b770d53726e842db71eeeab9a16ff1cad36eda0a06388	laboral_ayuda		pareja	A1	PUBLICABLE	7469	5783	0.026212092725774398	0.021684428042495582	0.031175336838145412	0.002632237919009071	2845595.0	200	
RESULT-ENDIREH2016-REST-TABLA	CALC-ENDIREH-PISOS-2016-RESTANTES-0001	15bc446bc8dc1efc182b770d53726e842db71eeeab9a16ff1cad36eda0a06388	laboral_ayuda		pareja	A2	SUPRIMIDA	226	225						0	precision
RESULT-ENDIREH2016-REST-TABLA	CALC-ENDIREH-PISOS-2016-RESTANTES-0001	15bc446bc8dc1efc182b770d53726e842db71eeeab9a16ff1cad36eda0a06388	laboral_ayuda		pareja	B1	PUBLICABLE	1988	1838	0.04436634810896571	0.026007194202868567	0.06417524231172708	0.010077676030546734	937873.0	200	
RESULT-ENDIREH2016-REST-TABLA	CALC-ENDIREH-PISOS-2016-RESTANTES-0001	15bc446bc8dc1efc182b770d53726e842db71eeeab9a16ff1cad36eda0a06388	laboral_ayuda		pareja	B2	SUPRIMIDA	684	661						0	precision
RESULT-ENDIREH2016-REST-TABLA	CALC-ENDIREH-PISOS-2016-RESTANTES-0001	15bc446bc8dc1efc182b770d53726e842db71eeeab9a16ff1cad36eda0a06388	laboral_ayuda		pareja	C1	PUBLICABLE	1876	1764	0.022649874563230647	0.0148897324546176	0.031165849922296943	0.004299536284956283	1150779.0	200	
RESULT-ENDIREH2016-REST-TABLA	CALC-ENDIREH-PISOS-2016-RESTANTES-0001	15bc446bc8dc1efc182b770d53726e842db71eeeab9a16ff1cad36eda0a06388	laboral_ayuda		pareja	C2	SUPRIMIDA	193	190						0	precision
RESULT-ENDIREH2016-REST-TABLA	CALC-ENDIREH-PISOS-2016-RESTANTES-0001	15bc446bc8dc1efc182b770d53726e842db71eeeab9a16ff1cad36eda0a06388	laboral_ayuda		entidad	01	PUBLICABLE	532	344	0.031783077314775525	0.01713602259364664	0.04945256804182225	0.008404784947625024	70698.0	200	
RESULT-ENDIREH2016-REST-TABLA	CALC-ENDIREH-PISOS-2016-RESTANTES-0001	15bc446bc8dc1efc182b770d53726e842db71eeeab9a16ff1cad36eda0a06388	laboral_ayuda		entidad	02	SUPRIMIDA	380	279						0	precision
RESULT-ENDIREH2016-REST-TABLA	CALC-ENDIREH-PISOS-2016-RESTANTES-0001	15bc446bc8dc1efc182b770d53726e842db71eeeab9a16ff1cad36eda0a06388	laboral_ayuda		entidad	03	SUPRIMIDA	307	192						0	precision
RESULT-ENDIREH2016-REST-TABLA	CALC-ENDIREH-PISOS-2016-RESTANTES-0001	15bc446bc8dc1efc182b770d53726e842db71eeeab9a16ff1cad36eda0a06388	laboral_ayuda		entidad	04	SUPRIMIDA	270	206						0	precision
RESULT-ENDIREH2016-REST-TABLA	CALC-ENDIREH-PISOS-2016-RESTANTES-0001	15bc446bc8dc1efc182b770d53726e842db71eeeab9a16ff1cad36eda0a06388	laboral_ayuda		entidad	05	PUBLICABLE	501	355	0.030092062765443402	0.01703129495854044	0.048713136261825975	0.008354112608380586	157284.0	200	
RESULT-ENDIREH2016-REST-TABLA	CALC-ENDIREH-PISOS-2016-RESTANTES-0001	15bc446bc8dc1efc182b770d53726e842db71eeeab9a16ff1cad36eda0a06388	laboral_ayuda		entidad	06	PUBLICABLE	417	289	0.028551511806906966	0.013143801336543023	0.04525695904001087	0.008289358879578214	34429.0	200	
RESULT-ENDIREH2016-REST-TABLA	CALC-ENDIREH-PISOS-2016-RESTANTES-0001	15bc446bc8dc1efc182b770d53726e842db71eeeab9a16ff1cad36eda0a06388	laboral_ayuda		entidad	07	SUPRIMIDA	216	154						0	precision
RESULT-ENDIREH2016-REST-TABLA	CALC-ENDIREH-PISOS-2016-RESTANTES-0001	15bc446bc8dc1efc182b770d53726e842db71eeeab9a16ff1cad36eda0a06388	laboral_ayuda		entidad	08	PUBLICABLE	457	318	0.03070805837363744	0.016060070471768582	0.04677328453097976	0.007996374009218496	190634.0	200	
RESULT-ENDIREH2016-REST-TABLA	CALC-ENDIREH-PISOS-2016-RESTANTES-0001	15bc446bc8dc1efc182b770d53726e842db71eeeab9a16ff1cad36eda0a06388	laboral_ayuda		entidad	09	PUBLICABLE	632	460	0.031001209795810447	0.01718925931423974	0.04603410595255735	0.007633016396182595	650523.0	200	
RESULT-ENDIREH2016-REST-TABLA	CALC-ENDIREH-PISOS-2016-RESTANTES-0001	15bc446bc8dc1efc182b770d53726e842db71eeeab9a16ff1cad36eda0a06388	laboral_ayuda		entidad	10	PUBLICABLE	399	278	0.03826168492062459	0.020923197556040576	0.060289130212622895	0.010855864179316936	76787.0	200	
RESULT-ENDIREH2016-REST-TABLA	CALC-ENDIREH-PISOS-2016-RESTANTES-0001	15bc446bc8dc1efc182b770d53726e842db71eeeab9a16ff1cad36eda0a06388	laboral_ayuda		entidad	11	SUPRIMIDA	388	261						0	precision
RESULT-ENDIREH2016-REST-TABLA	CALC-ENDIREH-PISOS-2016-RESTANTES-0001	15bc446bc8dc1efc182b770d53726e842db71eeeab9a16ff1cad36eda0a06388	laboral_ayuda		entidad	12	SUPRIMIDA	280	182						0	precision
RESULT-ENDIREH2016-REST-TABLA	CALC-ENDIREH-PISOS-2016-RESTANTES-0001	15bc446bc8dc1efc182b770d53726e842db71eeeab9a16ff1cad36eda0a06388	laboral_ayuda		entidad	13	SUPRIMIDA	390	214						0	precision
RESULT-ENDIREH2016-REST-TABLA	CALC-ENDIREH-PISOS-2016-RESTANTES-0001	15bc446bc8dc1efc182b770d53726e842db71eeeab9a16ff1cad36eda0a06388	laboral_ayuda		entidad	14	SUPRIMIDA	520	336						0	precision
RESULT-ENDIREH2016-REST-TABLA	CALC-ENDIREH-PISOS-2016-RESTANTES-0001	15bc446bc8dc1efc182b770d53726e842db71eeeab9a16ff1cad36eda0a06388	laboral_ayuda		entidad	15	PUBLICABLE	528	339	0.04174945085090375	0.019766259930971176	0.06316310987087609	0.011314316033849213	991534.0	200	
RESULT-ENDIREH2016-REST-TABLA	CALC-ENDIREH-PISOS-2016-RESTANTES-0001	15bc446bc8dc1efc182b770d53726e842db71eeeab9a16ff1cad36eda0a06388	laboral_ayuda		entidad	16	SUPRIMIDA	305	204						0	precision
RESULT-ENDIREH2016-REST-TABLA	CALC-ENDIREH-PISOS-2016-RESTANTES-0001	15bc446bc8dc1efc182b770d53726e842db71eeeab9a16ff1cad36eda0a06388	laboral_ayuda		entidad	17	SUPRIMIDA	408	275						0	precision
RESULT-ENDIREH2016-REST-TABLA	CALC-ENDIREH-PISOS-2016-RESTANTES-0001	15bc446bc8dc1efc182b770d53726e842db71eeeab9a16ff1cad36eda0a06388	laboral_ayuda		entidad	18	SUPRIMIDA	295	220						0	precision
RESULT-ENDIREH2016-REST-TABLA	CALC-ENDIREH-PISOS-2016-RESTANTES-0001	15bc446bc8dc1efc182b770d53726e842db71eeeab9a16ff1cad36eda0a06388	laboral_ayuda		entidad	19	SUPRIMIDA	321	238						0	precision
RESULT-ENDIREH2016-REST-TABLA	CALC-ENDIREH-PISOS-2016-RESTANTES-0001	15bc446bc8dc1efc182b770d53726e842db71eeeab9a16ff1cad36eda0a06388	laboral_ayuda		entidad	20	PUBLICABLE	354	209	0.037452362931389344	0.01899360367463742	0.05947175769745498	0.010224425485126632	150618.0	200	
RESULT-ENDIREH2016-REST-TABLA	CALC-ENDIREH-PISOS-2016-RESTANTES-0001	15bc446bc8dc1efc182b770d53726e842db71eeeab9a16ff1cad36eda0a06388	laboral_ayuda		entidad	21	PUBLICABLE	544	362	0.03399224243429923	0.01698820653845084	0.05047207987685752	0.009197492463570945	241055.0	200	
RESULT-ENDIREH2016-REST-TABLA	CALC-ENDIREH-PISOS-2016-RESTANTES-0001	15bc446bc8dc1efc182b770d53726e842db71eeeab9a16ff1cad36eda0a06388	laboral_ayuda		entidad	22	PUBLICABLE	583	349	0.04092169277416694	0.023473408746178936	0.06156813698125024	0.010002198819091337	130933.0	200	
RESULT-ENDIREH2016-REST-TABLA	CALC-ENDIREH-PISOS-2016-RESTANTES-0001	15bc446bc8dc1efc182b770d53726e842db71eeeab9a16ff1cad36eda0a06388	laboral_ayuda		entidad	23	SUPRIMIDA	437	323						0	precision
RESULT-ENDIREH2016-REST-TABLA	CALC-ENDIREH-PISOS-2016-RESTANTES-0001	15bc446bc8dc1efc182b770d53726e842db71eeeab9a16ff1cad36eda0a06388	laboral_ayuda		entidad	24	SUPRIMIDA	297	222						0	precision
RESULT-ENDIREH2016-REST-TABLA	CALC-ENDIREH-PISOS-2016-RESTANTES-0001	15bc446bc8dc1efc182b770d53726e842db71eeeab9a16ff1cad36eda0a06388	laboral_ayuda		entidad	25	SUPRIMIDA	353	249						0	precision
RESULT-ENDIREH2016-REST-TABLA	CALC-ENDIREH-PISOS-2016-RESTANTES-0001	15bc446bc8dc1efc182b770d53726e842db71eeeab9a16ff1cad36eda0a06388	laboral_ayuda		entidad	26	SUPRIMIDA	339	269						0	precision
RESULT-ENDIREH2016-REST-TABLA	CALC-ENDIREH-PISOS-2016-RESTANTES-0001	15bc446bc8dc1efc182b770d53726e842db71eeeab9a16ff1cad36eda0a06388	laboral_ayuda		entidad	27	SUPRIMIDA	269	164						0	precision
RESULT-ENDIREH2016-REST-TABLA	CALC-ENDIREH-PISOS-2016-RESTANTES-0001	15bc446bc8dc1efc182b770d53726e842db71eeeab9a16ff1cad36eda0a06388	laboral_ayuda		entidad	28	SUPRIMIDA	319	237						0	precision
RESULT-ENDIREH2016-REST-TABLA	CALC-ENDIREH-PISOS-2016-RESTANTES-0001	15bc446bc8dc1efc182b770d53726e842db71eeeab9a16ff1cad36eda0a06388	laboral_ayuda		entidad	29	PUBLICABLE	361	248	0.033510811691839615	0.018202536730799534	0.05269290474812457	0.009056138464155272	46015.0	200	
RESULT-ENDIREH2016-REST-TABLA	CALC-ENDIREH-PISOS-2016-RESTANTES-0001	15bc446bc8dc1efc182b770d53726e842db71eeeab9a16ff1cad36eda0a06388	laboral_ayuda		entidad	30	SUPRIMIDA	307	214						0	precision
RESULT-ENDIREH2016-REST-TABLA	CALC-ENDIREH-PISOS-2016-RESTANTES-0001	15bc446bc8dc1efc182b770d53726e842db71eeeab9a16ff1cad36eda0a06388	laboral_ayuda		entidad	31	SUPRIMIDA	407	280						0	precision
RESULT-ENDIREH2016-REST-TABLA	CALC-ENDIREH-PISOS-2016-RESTANTES-0001	15bc446bc8dc1efc182b770d53726e842db71eeeab9a16ff1cad36eda0a06388	laboral_ayuda		entidad	32	SUPRIMIDA	320	221						0	precision
RESULT-ENDIREH2016-REST-TABLA	CALC-ENDIREH-PISOS-2016-RESTANTES-0001	15bc446bc8dc1efc182b770d53726e842db71eeeab9a16ff1cad36eda0a06388	laboral_denuncia		nacional	MX	PUBLICABLE	12436	8491	0.057718639683090815	0.05041146627314775	0.063079600192599	0.0033253220211683205	5463521.0	200	
RESULT-ENDIREH2016-REST-TABLA	CALC-ENDIREH-PISOS-2016-RESTANTES-0001	15bc446bc8dc1efc182b770d53726e842db71eeeab9a16ff1cad36eda0a06388	laboral_denuncia		edad	15-29	PUBLICABLE	3103	2762	0.04844549479432963	0.03751285043428357	0.05967437628510266	0.0055465240357926125	1584234.0	200	
RESULT-ENDIREH2016-REST-TABLA	CALC-ENDIREH-PISOS-2016-RESTANTES-0001	15bc446bc8dc1efc182b770d53726e842db71eeeab9a16ff1cad36eda0a06388	laboral_denuncia		edad	30-44	PUBLICABLE	5039	4186	0.0626190951170055	0.053859816103876704	0.07251662491581522	0.004942404135491993	1980035.0	200	
RESULT-ENDIREH2016-REST-TABLA	CALC-ENDIREH-PISOS-2016-RESTANTES-0001	15bc446bc8dc1efc182b770d53726e842db71eeeab9a16ff1cad36eda0a06388	laboral_denuncia		edad	45-59	PUBLICABLE	3013	2689	0.07227612278530107	0.054977014509152364	0.09979489334369017	0.01100926973149188	1345894.0	200	
RESULT-ENDIREH2016-REST-TABLA	CALC-ENDIREH-PISOS-2016-RESTANTES-0001	15bc446bc8dc1efc182b770d53726e842db71eeeab9a16ff1cad36eda0a06388	laboral_denuncia		edad	60+	PUBLICABLE	1281	1196	0.03132510960354779	0.02214163607425108	0.04294051343240186	0.005348338871841399	553358.0	200	
RESULT-ENDIREH2016-REST-TABLA	CALC-ENDIREH-PISOS-2016-RESTANTES-0001	15bc446bc8dc1efc182b770d53726e842db71eeeab9a16ff1cad36eda0a06388	laboral_denuncia		escolaridad	ninguno	SUPRIMIDA	476	453						0	precision
RESULT-ENDIREH2016-REST-TABLA	CALC-ENDIREH-PISOS-2016-RESTANTES-0001	15bc446bc8dc1efc182b770d53726e842db71eeeab9a16ff1cad36eda0a06388	laboral_denuncia		escolaridad	basica	PUBLICABLE	6281	4845	0.04347419768048037	0.0372941714555123	0.050311342918839166	0.0035565248398235654	2664431.0	200	
RESULT-ENDIREH2016-REST-TABLA	CALC-ENDIREH-PISOS-2016-RESTANTES-0001	15bc446bc8dc1efc182b770d53726e842db71eeeab9a16ff1cad36eda0a06388	laboral_denuncia		escolaridad	media_superior	PUBLICABLE	2662	2411	0.07025515699471774	0.055452918441097857	0.08447897586290273	0.007801922448326334	1201378.0	200	
RESULT-ENDIREH2016-REST-TABLA	CALC-ENDIREH-PISOS-2016-RESTANTES-0001	15bc446bc8dc1efc182b770d53726e842db71eeeab9a16ff1cad36eda0a06388	laboral_denuncia		escolaridad	superior	PUBLICABLE	3016	2685	0.07836888409061242	0.06012657042975331	0.10234479734330101	0.010591153087752235	1386609.0	200	
RESULT-ENDIREH2016-REST-TABLA	CALC-ENDIREH-PISOS-2016-RESTANTES-0001	15bc446bc8dc1efc182b770d53726e842db71eeeab9a16ff1cad36eda0a06388	laboral_denuncia		localidad	U	PUBLICABLE	8077	6239	0.06265472844912097	0.05475198965928162	0.0707745017571143	0.004567348321794419	3825250.0	200	
RESULT-ENDIREH2016-REST-TABLA	CALC-ENDIREH-PISOS-2016-RESTANTES-0001	15bc446bc8dc1efc182b770d53726e842db71eeeab9a16ff1cad36eda0a06388	laboral_denuncia		localidad	C	PUBLICABLE	2674	1297	0.052289513708205414	0.040122457501307385	0.06417069881960986	0.005878139703541419	1025043.0	200	
RESULT-ENDIREH2016-REST-TABLA	CALC-ENDIREH-PISOS-2016-RESTANTES-0001	15bc446bc8dc1efc182b770d53726e842db71eeeab9a16ff1cad36eda0a06388	laboral_denuncia		localidad	R	PUBLICABLE	1685	955	0.036002922240993565	0.024395073532882616	0.04885942781869214	0.0064655627081064496	613228.0	200	
RESULT-ENDIREH2016-REST-TABLA	CALC-ENDIREH-PISOS-2016-RESTANTES-0001	15bc446bc8dc1efc182b770d53726e842db71eeeab9a16ff1cad36eda0a06388	laboral_denuncia		pareja	A1	PUBLICABLE	7469	5783	0.05348020361295265	0.04628371623936682	0.06039298792063965	0.0035370080413533035	2845595.0	200	
RESULT-ENDIREH2016-REST-TABLA	CALC-ENDIREH-PISOS-2016-RESTANTES-0001	15bc446bc8dc1efc182b770d53726e842db71eeeab9a16ff1cad36eda0a06388	laboral_denuncia		pareja	A2	SUPRIMIDA	226	225						0	precision
RESULT-ENDIREH2016-REST-TABLA	CALC-ENDIREH-PISOS-2016-RESTANTES-0001	15bc446bc8dc1efc182b770d53726e842db71eeeab9a16ff1cad36eda0a06388	laboral_denuncia		pareja	B1	PUBLICABLE	1988	1838	0.08197378536326347	0.05801887871075624	0.11674577603758106	0.015543303878726003	937873.0	200	
RESULT-ENDIREH2016-REST-TABLA	CALC-ENDIREH-PISOS-2016-RESTANTES-0001	15bc446bc8dc1efc182b770d53726e842db71eeeab9a16ff1cad36eda0a06388	laboral_denuncia		pareja	B2	PUBLICABLE	684	661	0.03481476492416443	0.02164977156364572	0.05004701657940191	0.0074159421451091565	311793.0	200	
RESULT-ENDIREH2016-REST-TABLA	CALC-ENDIREH-PISOS-2016-RESTANTES-0001	15bc446bc8dc1efc182b770d53726e842db71eeeab9a16ff1cad36eda0a06388	laboral_denuncia		pareja	C1	PUBLICABLE	1876	1764	0.05723427347909547	0.043817431759072746	0.07203682019185743	0.007347296851180452	1150779.0	200	
RESULT-ENDIREH2016-REST-TABLA	CALC-ENDIREH-PISOS-2016-RESTANTES-0001	15bc446bc8dc1efc182b770d53726e842db71eeeab9a16ff1cad36eda0a06388	laboral_denuncia		pareja	C2	SUPRIMIDA	193	190						0	precision
RESULT-ENDIREH2016-REST-TABLA	CALC-ENDIREH-PISOS-2016-RESTANTES-0001	15bc446bc8dc1efc182b770d53726e842db71eeeab9a16ff1cad36eda0a06388	laboral_denuncia		entidad	01	PUBLICABLE	532	344	0.0674276500042434	0.04591542195988164	0.09481214648003303	0.012553384900302748	70698.0	200	
RESULT-ENDIREH2016-REST-TABLA	CALC-ENDIREH-PISOS-2016-RESTANTES-0001	15bc446bc8dc1efc182b770d53726e842db71eeeab9a16ff1cad36eda0a06388	laboral_denuncia		entidad	02	PUBLICABLE	380	279	0.05502623351542612	0.031704625388809624	0.08107758472699444	0.013305258163454629	148093.0	200	
RESULT-ENDIREH2016-REST-TABLA	CALC-ENDIREH-PISOS-2016-RESTANTES-0001	15bc446bc8dc1efc182b770d53726e842db71eeeab9a16ff1cad36eda0a06388	laboral_denuncia		entidad	03	PUBLICABLE	307	192	0.08834374878702014	0.054964226123646216	0.12100829200837158	0.017873892452277166	25763.0	200	
RESULT-ENDIREH2016-REST-TABLA	CALC-ENDIREH-PISOS-2016-RESTANTES-0001	15bc446bc8dc1efc182b770d53726e842db71eeeab9a16ff1cad36eda0a06388	laboral_denuncia		entidad	04	SUPRIMIDA	270	206						0	precision
RESULT-ENDIREH2016-REST-TABLA	CALC-ENDIREH-PISOS-2016-RESTANTES-0001	15bc446bc8dc1efc182b770d53726e842db71eeeab9a16ff1cad36eda0a06388	laboral_denuncia		entidad	05	PUBLICABLE	501	355	0.05425853869433636	0.03504806775518155	0.08121129852792161	0.011524207126192662	157284.0	200	
RESULT-ENDIREH2016-REST-TABLA	CALC-ENDIREH-PISOS-2016-RESTANTES-0001	15bc446bc8dc1efc182b770d53726e842db71eeeab9a16ff1cad36eda0a06388	laboral_denuncia		entidad	06	PUBLICABLE	417	289	0.055127944465421595	0.033530089769003284	0.078800471822288	0.012048272037496253	34429.0	200	
RESULT-ENDIREH2016-REST-TABLA	CALC-ENDIREH-PISOS-2016-RESTANTES-0001	15bc446bc8dc1efc182b770d53726e842db71eeeab9a16ff1cad36eda0a06388	laboral_denuncia		entidad	07	PUBLICABLE	216	154	0.05353034605573471	0.027570693025128296	0.08581872843337394	0.015565197793474442	103885.0	200	
RESULT-ENDIREH2016-REST-TABLA	CALC-ENDIREH-PISOS-2016-RESTANTES-0001	15bc446bc8dc1efc182b770d53726e842db71eeeab9a16ff1cad36eda0a06388	laboral_denuncia		entidad	08	PUBLICABLE	457	318	0.042138338386646663	0.022153072366410557	0.06123199695387845	0.010352786798497878	190634.0	200	
RESULT-ENDIREH2016-REST-TABLA	CALC-ENDIREH-PISOS-2016-RESTANTES-0001	15bc446bc8dc1efc182b770d53726e842db71eeeab9a16ff1cad36eda0a06388	laboral_denuncia		entidad	09	PUBLICABLE	632	460	0.09819944875123554	0.07766126219461042	0.1239459055939176	0.012656591063903102	650523.0	200	
RESULT-ENDIREH2016-REST-TABLA	CALC-ENDIREH-PISOS-2016-RESTANTES-0001	15bc446bc8dc1efc182b770d53726e842db71eeeab9a16ff1cad36eda0a06388	laboral_denuncia		entidad	10	PUBLICABLE	399	278	0.06046596429083048	0.030106502769493157	0.09357400247021011	0.015398326610627426	76787.0	200	
RESULT-ENDIREH2016-REST-TABLA	CALC-ENDIREH-PISOS-2016-RESTANTES-0001	15bc446bc8dc1efc182b770d53726e842db71eeeab9a16ff1cad36eda0a06388	laboral_denuncia		entidad	11	PUBLICABLE	388	261	0.04809595057676529	0.025889368688993334	0.0693368394006622	0.010983991856812121	248628.0	200	
RESULT-ENDIREH2016-REST-TABLA	CALC-ENDIREH-PISOS-2016-RESTANTES-0001	15bc446bc8dc1efc182b770d53726e842db71eeeab9a16ff1cad36eda0a06388	laboral_denuncia		entidad	12	SUPRIMIDA	280	182						0	precision
RESULT-ENDIREH2016-REST-TABLA	CALC-ENDIREH-PISOS-2016-RESTANTES-0001	15bc446bc8dc1efc182b770d53726e842db71eeeab9a16ff1cad36eda0a06388	laboral_denuncia		entidad	13	PUBLICABLE	390	214	0.03985254138856859	0.021694209174970096	0.06315804958288161	0.011335141933661044	118813.0	200	
RESULT-ENDIREH2016-REST-TABLA	CALC-ENDIREH-PISOS-2016-RESTANTES-0001	15bc446bc8dc1efc182b770d53726e842db71eeeab9a16ff1cad36eda0a06388	laboral_denuncia		entidad	14	PUBLICABLE	520	336	0.05693405616217607	0.035724758448838385	0.08211781219013034	0.01117050539983526	443074.0	200	
RESULT-ENDIREH2016-REST-TABLA	CALC-ENDIREH-PISOS-2016-RESTANTES-0001	15bc446bc8dc1efc182b770d53726e842db71eeeab9a16ff1cad36eda0a06388	laboral_denuncia		entidad	15	PUBLICABLE	528	339	0.05975488485518399	0.03826614536245114	0.09195366655064079	0.01386930955871811	991534.0	200	
RESULT-ENDIREH2016-REST-TABLA	CALC-ENDIREH-PISOS-2016-RESTANTES-0001	15bc446bc8dc1efc182b770d53726e842db71eeeab9a16ff1cad36eda0a06388	laboral_denuncia		entidad	16	SUPRIMIDA	305	204						0	precision
RESULT-ENDIREH2016-REST-TABLA	CALC-ENDIREH-PISOS-2016-RESTANTES-0001	15bc446bc8dc1efc182b770d53726e842db71eeeab9a16ff1cad36eda0a06388	laboral_denuncia		entidad	17	PUBLICABLE	408	275	0.033164495899662326	0.014535785400360013	0.05102696145488225	0.009725895062261954	99504.0	200	
RESULT-ENDIREH2016-REST-TABLA	CALC-ENDIREH-PISOS-2016-RESTANTES-0001	15bc446bc8dc1efc182b770d53726e842db71eeeab9a16ff1cad36eda0a06388	laboral_denuncia		entidad	18	SUPRIMIDA	295	220						0	precision
RESULT-ENDIREH2016-REST-TABLA	CALC-ENDIREH-PISOS-2016-RESTANTES-0001	15bc446bc8dc1efc182b770d53726e842db71eeeab9a16ff1cad36eda0a06388	laboral_denuncia		entidad	19	PUBLICABLE	321	238	0.04175995172994173	0.018102295201738165	0.0655335135386712	0.012432332839531853	188937.0	200	
RESULT-ENDIREH2016-REST-TABLA	CALC-ENDIREH-PISOS-2016-RESTANTES-0001	15bc446bc8dc1efc182b770d53726e842db71eeeab9a16ff1cad36eda0a06388	laboral_denuncia		entidad	20	PUBLICABLE	354	209	0.0715917088263023	0.04345789513234389	0.10832342715850796	0.01807395092263682	150618.0	200	
RESULT-ENDIREH2016-REST-TABLA	CALC-ENDIREH-PISOS-2016-RESTANTES-0001	15bc446bc8dc1efc182b770d53726e842db71eeeab9a16ff1cad36eda0a06388	laboral_denuncia		entidad	21	PUBLICABLE	544	362	0.03317500155566157	0.017889081089158126	0.05032502522093935	0.008332030646921455	241055.0	200	
RESULT-ENDIREH2016-REST-TABLA	CALC-ENDIREH-PISOS-2016-RESTANTES-0001	15bc446bc8dc1efc182b770d53726e842db71eeeab9a16ff1cad36eda0a06388	laboral_denuncia		entidad	22	PUBLICABLE	583	349	0.08443249600940939	0.05645937126451863	0.11079006806287159	0.014288598031831216	130933.0	200	
RESULT-ENDIREH2016-REST-TABLA	CALC-ENDIREH-PISOS-2016-RESTANTES-0001	15bc446bc8dc1efc182b770d53726e842db71eeeab9a16ff1cad36eda0a06388	laboral_denuncia		entidad	23	PUBLICABLE	437	323	0.04018375241779497	0.018992355988269313	0.06135016585751763	0.010770402160351564	82720.0	200	
RESULT-ENDIREH2016-REST-TABLA	CALC-ENDIREH-PISOS-2016-RESTANTES-0001	15bc446bc8dc1efc182b770d53726e842db71eeeab9a16ff1cad36eda0a06388	laboral_denuncia		entidad	24	PUBLICABLE	297	222	0.059629529697453165	0.037544742735214166	0.08746291396394232	0.013693566828186498	85243.0	200	
RESULT-ENDIREH2016-REST-TABLA	CALC-ENDIREH-PISOS-2016-RESTANTES-0001	15bc446bc8dc1efc182b770d53726e842db71eeeab9a16ff1cad36eda0a06388	laboral_denuncia		entidad	25	PUBLICABLE	353	249	0.03985742951648815	0.01838854462400292	0.05987777159311388	0.010381072235771397	109139.0	200	
RESULT-ENDIREH2016-REST-TABLA	CALC-ENDIREH-PISOS-2016-RESTANTES-0001	15bc446bc8dc1efc182b770d53726e842db71eeeab9a16ff1cad36eda0a06388	laboral_denuncia		entidad	26	PUBLICABLE	339	269	0.0930949105914718	0.06523117146498736	0.12156641002421653	0.015426621522500102	109050.0	200	
RESULT-ENDIREH2016-REST-TABLA	CALC-ENDIREH-PISOS-2016-RESTANTES-0001	15bc446bc8dc1efc182b770d53726e842db71eeeab9a16ff1cad36eda0a06388	laboral_denuncia		entidad	27	SUPRIMIDA	269	164						0	precision
RESULT-ENDIREH2016-REST-TABLA	CALC-ENDIREH-PISOS-2016-RESTANTES-0001	15bc446bc8dc1efc182b770d53726e842db71eeeab9a16ff1cad36eda0a06388	laboral_denuncia		entidad	28	SUPRIMIDA	319	237						0	precision
RESULT-ENDIREH2016-REST-TABLA	CALC-ENDIREH-PISOS-2016-RESTANTES-0001	15bc446bc8dc1efc182b770d53726e842db71eeeab9a16ff1cad36eda0a06388	laboral_denuncia		entidad	29	SUPRIMIDA	361	248						0	precision
RESULT-ENDIREH2016-REST-TABLA	CALC-ENDIREH-PISOS-2016-RESTANTES-0001	15bc446bc8dc1efc182b770d53726e842db71eeeab9a16ff1cad36eda0a06388	laboral_denuncia		entidad	30	PUBLICABLE	307	214	0.046421492907876456	0.023815804683384623	0.07146656116100539	0.01229866579299906	283554.0	200	
RESULT-ENDIREH2016-REST-TABLA	CALC-ENDIREH-PISOS-2016-RESTANTES-0001	15bc446bc8dc1efc182b770d53726e842db71eeeab9a16ff1cad36eda0a06388	laboral_denuncia		entidad	31	PUBLICABLE	407	280	0.07767251964023678	0.04869575426858946	0.10986731415994226	0.01633076410242356	100177.0	200	
RESULT-ENDIREH2016-REST-TABLA	CALC-ENDIREH-PISOS-2016-RESTANTES-0001	15bc446bc8dc1efc182b770d53726e842db71eeeab9a16ff1cad36eda0a06388	laboral_denuncia		entidad	32	PUBLICABLE	320	221	0.06669151983675392	0.03900421504468696	0.09807205421643496	0.016470092420554732	50966.0	200	
RESULT-ENDIREH2016-REST-TABLA	CALC-ENDIREH-PISOS-2016-RESTANTES-0001	15bc446bc8dc1efc182b770d53726e842db71eeeab9a16ff1cad36eda0a06388	laboral_institucion_01		nacional	MX	PUBLICABLE	372	366	0.05964372941905537	0.03464418679268667	0.08700431630772007	0.013950736074690637	164594.0	200	
RESULT-ENDIREH2016-REST-TABLA	CALC-ENDIREH-PISOS-2016-RESTANTES-0001	15bc446bc8dc1efc182b770d53726e842db71eeeab9a16ff1cad36eda0a06388	laboral_institucion_02		nacional	MX	SUPRIMIDA	372	366						0	precision
RESULT-ENDIREH2016-REST-TABLA	CALC-ENDIREH-PISOS-2016-RESTANTES-0001	15bc446bc8dc1efc182b770d53726e842db71eeeab9a16ff1cad36eda0a06388	laboral_institucion_03		nacional	MX	SUPRIMIDA	372	366						0	precision
RESULT-ENDIREH2016-REST-TABLA	CALC-ENDIREH-PISOS-2016-RESTANTES-0001	15bc446bc8dc1efc182b770d53726e842db71eeeab9a16ff1cad36eda0a06388	laboral_institucion_04		nacional	MX	PUBLICABLE	372	366	0.06768776504611347	0.03644651167918446	0.10438986144172382	0.018300367202292733	164594.0	200	
RESULT-ENDIREH2016-REST-TABLA	CALC-ENDIREH-PISOS-2016-RESTANTES-0001	15bc446bc8dc1efc182b770d53726e842db71eeeab9a16ff1cad36eda0a06388	laboral_institucion_05		nacional	MX	SUPRIMIDA	372	366						0	precision
RESULT-ENDIREH2016-REST-TABLA	CALC-ENDIREH-PISOS-2016-RESTANTES-0001	15bc446bc8dc1efc182b770d53726e842db71eeeab9a16ff1cad36eda0a06388	laboral_institucion_06		nacional	MX	PUBLICABLE	372	366	0.27461511355213436	0.1970687790902484	0.3773523507754513	0.045399546956727696	164594.0	200	
RESULT-ENDIREH2016-REST-TABLA	CALC-ENDIREH-PISOS-2016-RESTANTES-0001	15bc446bc8dc1efc182b770d53726e842db71eeeab9a16ff1cad36eda0a06388	laboral_institucion_07		nacional	MX	PUBLICABLE	372	366	0.07587761400780102	0.04195617863844755	0.11603513942762093	0.0202909759366055	164594.0	200	
RESULT-ENDIREH2016-REST-TABLA	CALC-ENDIREH-PISOS-2016-RESTANTES-0001	15bc446bc8dc1efc182b770d53726e842db71eeeab9a16ff1cad36eda0a06388	laboral_institucion_08		nacional	MX	SUPRIMIDA	372	366						0	precision
RESULT-ENDIREH2016-REST-TABLA	CALC-ENDIREH-PISOS-2016-RESTANTES-0001	15bc446bc8dc1efc182b770d53726e842db71eeeab9a16ff1cad36eda0a06388	laboral_institucion_09		nacional	MX	PUBLICABLE	372	366	0.06599876058665564	0.0337509180819089	0.10549214394925105	0.019040841919801633	164594.0	200	
RESULT-ENDIREH2016-REST-TABLA	CALC-ENDIREH-PISOS-2016-RESTANTES-0001	15bc446bc8dc1efc182b770d53726e842db71eeeab9a16ff1cad36eda0a06388	laboral_institucion_10		nacional	MX	PUBLICABLE	372	366	0.4722225597530894	0.393832847751858	0.5633946648482083	0.043225319040199814	164594.0	200	
RESULT-ENDIREH2016-REST-TABLA	CALC-ENDIREH-PISOS-2016-RESTANTES-0001	15bc446bc8dc1efc182b770d53726e842db71eeeab9a16ff1cad36eda0a06388	laboral_razon_01		nacional	MX	PUBLICABLE	11445	8020	0.11853797889096727	0.10951361965963895	0.12804524302147963	0.00480992503069714	5009230.0	200	
RESULT-ENDIREH2016-REST-TABLA	CALC-ENDIREH-PISOS-2016-RESTANTES-0001	15bc446bc8dc1efc182b770d53726e842db71eeeab9a16ff1cad36eda0a06388	laboral_razon_02		nacional	MX	PUBLICABLE	11445	8020	0.1550709390465201	0.14592968856361807	0.16605741618239156	0.005330445171011242	5009230.0	200	
RESULT-ENDIREH2016-REST-TABLA	CALC-ENDIREH-PISOS-2016-RESTANTES-0001	15bc446bc8dc1efc182b770d53726e842db71eeeab9a16ff1cad36eda0a06388	laboral_razon_03		nacional	MX	PUBLICABLE	11445	8020	0.22225052552987185	0.21124485614383376	0.2324454871637507	0.005487580542753807	5009230.0	200	
RESULT-ENDIREH2016-REST-TABLA	CALC-ENDIREH-PISOS-2016-RESTANTES-0001	15bc446bc8dc1efc182b770d53726e842db71eeeab9a16ff1cad36eda0a06388	laboral_razon_04		nacional	MX	PUBLICABLE	11445	8020	0.03983606262838799	0.03521984812165377	0.0456283989052739	0.0026726828715970073	5009230.0	200	
RESULT-ENDIREH2016-REST-TABLA	CALC-ENDIREH-PISOS-2016-RESTANTES-0001	15bc446bc8dc1efc182b770d53726e842db71eeeab9a16ff1cad36eda0a06388	laboral_razon_05		nacional	MX	PUBLICABLE	11445	8020	0.03135831255502343	0.026869960107809582	0.03675395634302495	0.0026022223731708683	5009230.0	200	
RESULT-ENDIREH2016-REST-TABLA	CALC-ENDIREH-PISOS-2016-RESTANTES-0001	15bc446bc8dc1efc182b770d53726e842db71eeeab9a16ff1cad36eda0a06388	laboral_razon_06		nacional	MX	PUBLICABLE	11445	8020	0.4550645508391509	0.44104934003153273	0.46667091555347945	0.007194809324924102	5009230.0	200	
RESULT-ENDIREH2016-REST-TABLA	CALC-ENDIREH-PISOS-2016-RESTANTES-0001	15bc446bc8dc1efc182b770d53726e842db71eeeab9a16ff1cad36eda0a06388	laboral_razon_07		nacional	MX	PUBLICABLE	11445	8020	0.03995384520175756	0.03374389041376811	0.045461940166064085	0.00311011894437299	5009230.0	200	
RESULT-ENDIREH2016-REST-TABLA	CALC-ENDIREH-PISOS-2016-RESTANTES-0001	15bc446bc8dc1efc182b770d53726e842db71eeeab9a16ff1cad36eda0a06388	laboral_razon_08		nacional	MX	PUBLICABLE	11445	8020	0.1963335682330418	0.18477961835375437	0.20654865394838534	0.005914811974502188	5009230.0	200	
RESULT-ENDIREH2016-REST-TABLA	CALC-ENDIREH-PISOS-2016-RESTANTES-0001	15bc446bc8dc1efc182b770d53726e842db71eeeab9a16ff1cad36eda0a06388	laboral_razon_09		nacional	MX	PUBLICABLE	11445	8020	0.17009061272890244	0.15907016388524292	0.179235362790463	0.005390024701925851	5009230.0	200	
RESULT-ENDIREH2016-REST-TABLA	CALC-ENDIREH-PISOS-2016-RESTANTES-0001	15bc446bc8dc1efc182b770d53726e842db71eeeab9a16ff1cad36eda0a06388	laboral_razon_10		nacional	MX	PUBLICABLE	11445	8020	0.11370010959768267	0.10472733014997539	0.12281555800622397	0.00449127328771079	5009230.0	200	
RESULT-ENDIREH2016-REST-TABLA	CALC-ENDIREH-PISOS-2016-RESTANTES-0001	15bc446bc8dc1efc182b770d53726e842db71eeeab9a16ff1cad36eda0a06388	laboral_razon_11		nacional	MX	PUBLICABLE	11445	8020	0.09113855822152307	0.08395339220230377	0.0990786786500492	0.003982685335991435	5009230.0	200	
RESULT-ENDIREH2016-REST-TABLA	CALC-ENDIREH-PISOS-2016-RESTANTES-0001	15bc446bc8dc1efc182b770d53726e842db71eeeab9a16ff1cad36eda0a06388	comunitaria_vida		nacional	MX	PUBLICABLE	111256	17926	0.3869164035582324	0.3826104402836292	0.3918988645576151	0.0025005085800523844	46501740.0	200	
RESULT-ENDIREH2016-REST-TABLA	CALC-ENDIREH-PISOS-2016-RESTANTES-0001	15bc446bc8dc1efc182b770d53726e842db71eeeab9a16ff1cad36eda0a06388	comunitaria_vida		edad	15-29	PUBLICABLE	31140	13202	0.4570404591178733	0.4484002584603548	0.46450194177294407	0.004301524634569496	15200628.0	200	
RESULT-ENDIREH2016-REST-TABLA	CALC-ENDIREH-PISOS-2016-RESTANTES-0001	15bc446bc8dc1efc182b770d53726e842db71eeeab9a16ff1cad36eda0a06388	comunitaria_vida		edad	30-44	PUBLICABLE	36348	14091	0.4054409723379821	0.3981592083007096	0.41418735155832703	0.004114765066645618	13767723.0	200	
RESULT-ENDIREH2016-REST-TABLA	CALC-ENDIREH-PISOS-2016-RESTANTES-0001	15bc446bc8dc1efc182b770d53726e842db71eeeab9a16ff1cad36eda0a06388	comunitaria_vida		edad	45-59	PUBLICABLE	25175	12383	0.3592969413451225	0.3496052556929863	0.36730791356398834	0.0045989016298472974	10396629.0	200	
RESULT-ENDIREH2016-REST-TABLA	CALC-ENDIREH-PISOS-2016-RESTANTES-0001	15bc446bc8dc1efc182b770d53726e842db71eeeab9a16ff1cad36eda0a06388	comunitaria_vida		edad	60+	PUBLICABLE	18593	9630	0.24205774048727993	0.2327728503617086	0.252523849752736	0.005202275455141777	7136760.0	200	
RESULT-ENDIREH2016-REST-TABLA	CALC-ENDIREH-PISOS-2016-RESTANTES-0001	15bc446bc8dc1efc182b770d53726e842db71eeeab9a16ff1cad36eda0a06388	comunitaria_vida		escolaridad	ninguno	PUBLICABLE	7789	4160	0.16864433963844075	0.15685167457236293	0.18191044184037594	0.006982867563773723	3104996.0	200	
RESULT-ENDIREH2016-REST-TABLA	CALC-ENDIREH-PISOS-2016-RESTANTES-0001	15bc446bc8dc1efc182b770d53726e842db71eeeab9a16ff1cad36eda0a06388	comunitaria_vida		escolaridad	basica	PUBLICABLE	64611	15852	0.3257322440575708	0.3206962988971386	0.3325950733726036	0.003002610115992285	25846164.0	200	
RESULT-ENDIREH2016-REST-TABLA	CALC-ENDIREH-PISOS-2016-RESTANTES-0001	15bc446bc8dc1efc182b770d53726e842db71eeeab9a16ff1cad36eda0a06388	comunitaria_vida		escolaridad	media_superior	PUBLICABLE	21552	11778	0.4831747667773074	0.47280043232990715	0.4923614504502334	0.005405234329933944	9822479.0	200	
RESULT-ENDIREH2016-REST-TABLA	CALC-ENDIREH-PISOS-2016-RESTANTES-0001	15bc446bc8dc1efc182b770d53726e842db71eeeab9a16ff1cad36eda0a06388	comunitaria_vida		escolaridad	superior	PUBLICABLE	17298	10020	0.5569672561306023	0.5443080093743698	0.5680746313441869	0.006136079901694678	7726851.0	200	
RESULT-ENDIREH2016-REST-TABLA	CALC-ENDIREH-PISOS-2016-RESTANTES-0001	15bc446bc8dc1efc182b770d53726e842db71eeeab9a16ff1cad36eda0a06388	comunitaria_vida		localidad	U	PUBLICABLE	55373	14485	0.48774677423812723	0.4812104850606164	0.4942469512358035	0.003483038856700894	25977894.0	200	
RESULT-ENDIREH2016-REST-TABLA	CALC-ENDIREH-PISOS-2016-RESTANTES-0001	15bc446bc8dc1efc182b770d53726e842db71eeeab9a16ff1cad36eda0a06388	comunitaria_vida		localidad	C	PUBLICABLE	28726	1793	0.3037821420029263	0.29422635410208836	0.312424546285246	0.004727388373446494	10686484.0	200	
RESULT-ENDIREH2016-REST-TABLA	CALC-ENDIREH-PISOS-2016-RESTANTES-0001	15bc446bc8dc1efc182b770d53726e842db71eeeab9a16ff1cad36eda0a06388	comunitaria_vida		localidad	R	PUBLICABLE	27157	1648	0.2109599097806912	0.2031351353152262	0.21832293841357076	0.004287188754957034	9837362.0	200	
RESULT-ENDIREH2016-REST-TABLA	CALC-ENDIREH-PISOS-2016-RESTANTES-0001	15bc446bc8dc1efc182b770d53726e842db71eeeab9a16ff1cad36eda0a06388	comunitaria_vida		pareja	A1	PUBLICABLE	70750	17108	0.35371848424887037	0.3487297851288501	0.35929397350992726	0.0028552650302556995	25682158.0	200	
RESULT-ENDIREH2016-REST-TABLA	CALC-ENDIREH-PISOS-2016-RESTANTES-0001	15bc446bc8dc1efc182b770d53726e842db71eeeab9a16ff1cad36eda0a06388	comunitaria_vida		pareja	A2	PUBLICABLE	2105	1748	0.35578055602922093	0.331626244340944	0.38075840549393264	0.014055566544645464	885529.0	200	
RESULT-ENDIREH2016-REST-TABLA	CALC-ENDIREH-PISOS-2016-RESTANTES-0001	15bc446bc8dc1efc182b770d53726e842db71eeeab9a16ff1cad36eda0a06388	comunitaria_vida		pareja	B1	PUBLICABLE	11241	7830	0.4337918700167972	0.4185143150746353	0.4476775818901285	0.007542394864923018	5038928.0	200	
RESULT-ENDIREH2016-REST-TABLA	CALC-ENDIREH-PISOS-2016-RESTANTES-0001	15bc446bc8dc1efc182b770d53726e842db71eeeab9a16ff1cad36eda0a06388	comunitaria_vida		pareja	B2	PUBLICABLE	8349	5837	0.23275395448102268	0.22008833466044972	0.24772695075033316	0.006911188599189817	3460315.0	200	
RESULT-ENDIREH2016-REST-TABLA	CALC-ENDIREH-PISOS-2016-RESTANTES-0001	15bc446bc8dc1efc182b770d53726e842db71eeeab9a16ff1cad36eda0a06388	comunitaria_vida		pareja	C1	PUBLICABLE	13778	9222	0.552188782734094	0.5409622955243345	0.5649104708898023	0.005796832711997824	8397590.0	200	
RESULT-ENDIREH2016-REST-TABLA	CALC-ENDIREH-PISOS-2016-RESTANTES-0001	15bc446bc8dc1efc182b770d53726e842db71eeeab9a16ff1cad36eda0a06388	comunitaria_vida		pareja	C2	PUBLICABLE	5033	4011	0.3176177557108145	0.299451963017649	0.3332889529166059	0.009048432985487574	3037220.0	200	
RESULT-ENDIREH2016-REST-TABLA	CALC-ENDIREH-PISOS-2016-RESTANTES-0001	15bc446bc8dc1efc182b770d53726e842db71eeeab9a16ff1cad36eda0a06388	comunitaria_vida		entidad	01	PUBLICABLE	3525	665	0.47145654248266117	0.44893237002317754	0.4931192998868483	0.010853709478152824	484174.0	200	
RESULT-ENDIREH2016-REST-TABLA	CALC-ENDIREH-PISOS-2016-RESTANTES-0001	15bc446bc8dc1efc182b770d53726e842db71eeeab9a16ff1cad36eda0a06388	comunitaria_vida		entidad	02	PUBLICABLE	3175	715	0.377468582377245	0.3568175605832388	0.398037990546524	0.010378278964914686	1301658.0	200	
RESULT-ENDIREH2016-REST-TABLA	CALC-ENDIREH-PISOS-2016-RESTANTES-0001	15bc446bc8dc1efc182b770d53726e842db71eeeab9a16ff1cad36eda0a06388	comunitaria_vida		entidad	03	PUBLICABLE	3187	447	0.2564716756154177	0.23754749569065228	0.27589722746177364	0.010365953529124436	283466.0	200	
RESULT-ENDIREH2016-REST-TABLA	CALC-ENDIREH-PISOS-2016-RESTANTES-0001	15bc446bc8dc1efc182b770d53726e842db71eeeab9a16ff1cad36eda0a06388	comunitaria_vida		entidad	04	PUBLICABLE	3462	554	0.27142808514500977	0.25495957586035295	0.28945712518871647	0.008681996165014201	352528.0	200	
RESULT-ENDIREH2016-REST-TABLA	CALC-ENDIREH-PISOS-2016-RESTANTES-0001	15bc446bc8dc1efc182b770d53726e842db71eeeab9a16ff1cad36eda0a06388	comunitaria_vida		entidad	05	PUBLICABLE	3491	699	0.36258305018720105	0.3449076647744477	0.38214990118957937	0.009564165638227179	1108968.0	200	
RESULT-ENDIREH2016-REST-TABLA	CALC-ENDIREH-PISOS-2016-RESTANTES-0001	15bc446bc8dc1efc182b770d53726e842db71eeeab9a16ff1cad36eda0a06388	comunitaria_vida		entidad	06	PUBLICABLE	3326	620	0.3296903264321189	0.30931698689564624	0.34622197285395323	0.009377929168366324	278067.0	200	
RESULT-ENDIREH2016-REST-TABLA	CALC-ENDIREH-PISOS-2016-RESTANTES-0001	15bc446bc8dc1efc182b770d53726e842db71eeeab9a16ff1cad36eda0a06388	comunitaria_vida		entidad	07	PUBLICABLE	3724	370	0.24756029230741905	0.22908507988559365	0.26827357475495633	0.009353670254293376	1857907.0	200	
RESULT-ENDIREH2016-REST-TABLA	CALC-ENDIREH-PISOS-2016-RESTANTES-0001	15bc446bc8dc1efc182b770d53726e842db71eeeab9a16ff1cad36eda0a06388	comunitaria_vida		entidad	08	PUBLICABLE	3093	690	0.37833466110908154	0.3558248631765871	0.3977833891446591	0.010942061603082243	1363182.0	200	
RESULT-ENDIREH2016-REST-TABLA	CALC-ENDIREH-PISOS-2016-RESTANTES-0001	15bc446bc8dc1efc182b770d53726e842db71eeeab9a16ff1cad36eda0a06388	comunitaria_vida		entidad	09	PUBLICABLE	3633	878	0.6112729505202703	0.5919133824514814	0.6273904333725578	0.009914298137446256	3756124.0	200	
RESULT-ENDIREH2016-REST-TABLA	CALC-ENDIREH-PISOS-2016-RESTANTES-0001	15bc446bc8dc1efc182b770d53726e842db71eeeab9a16ff1cad36eda0a06388	comunitaria_vida		entidad	10	PUBLICABLE	3261	570	0.34389372740810265	0.32591732758583264	0.36474010436598986	0.010491276119010616	652059.0	200	
RESULT-ENDIREH2016-REST-TABLA	CALC-ENDIREH-PISOS-2016-RESTANTES-0001	15bc446bc8dc1efc182b770d53726e842db71eeeab9a16ff1cad36eda0a06388	comunitaria_vida		entidad	11	PUBLICABLE	3541	513	0.37756328165445086	0.3532529143498613	0.40135606058688816	0.011605927451273488	2202060.0	200	
RESULT-ENDIREH2016-REST-TABLA	CALC-ENDIREH-PISOS-2016-RESTANTES-0001	15bc446bc8dc1efc182b770d53726e842db71eeeab9a16ff1cad36eda0a06388	comunitaria_vida		entidad	12	PUBLICABLE	3381	424	0.23768101000137723	0.2221679301141611	0.25733597758603466	0.009113496732826937	1299721.0	200	
RESULT-ENDIREH2016-REST-TABLA	CALC-ENDIREH-PISOS-2016-RESTANTES-0001	15bc446bc8dc1efc182b770d53726e842db71eeeab9a16ff1cad36eda0a06388	comunitaria_vida		entidad	13	PUBLICABLE	3555	349	0.32068254842887917	0.29956325292290575	0.3395996625019206	0.010658339665276505	1117928.0	200	
RESULT-ENDIREH2016-REST-TABLA	CALC-ENDIREH-PISOS-2016-RESTANTES-0001	15bc446bc8dc1efc182b770d53726e842db71eeeab9a16ff1cad36eda0a06388	comunitaria_vida		entidad	14	PUBLICABLE	3454	579	0.4818079288714059	0.46045587745952626	0.5040414713166401	0.011305813670214682	3026181.0	200	
RESULT-ENDIREH2016-REST-TABLA	CALC-ENDIREH-PISOS-2016-RESTANTES-0001	15bc446bc8dc1efc182b770d53726e842db71eeeab9a16ff1cad36eda0a06388	comunitaria_vida		entidad	15	PUBLICABLE	3531	711	0.5019951521624183	0.48145785123370494	0.5243867174046464	0.011244257126715729	6685455.0	200	
RESULT-ENDIREH2016-REST-TABLA	CALC-ENDIREH-PISOS-2016-RESTANTES-0001	15bc446bc8dc1efc182b770d53726e842db71eeeab9a16ff1cad36eda0a06388	comunitaria_vida		entidad	16	PUBLICABLE	3539	390	0.3226564102504505	0.3033555749971822	0.34664314541638824	0.01147100965730858	1720939.0	200	
RESULT-ENDIREH2016-REST-TABLA	CALC-ENDIREH-PISOS-2016-RESTANTES-0001	15bc446bc8dc1efc182b770d53726e842db71eeeab9a16ff1cad36eda0a06388	comunitaria_vida		entidad	17	PUBLICABLE	3311	572	0.3725862729465848	0.3512764633291397	0.3939020272517695	0.010450445883659808	772664.0	200	
RESULT-ENDIREH2016-REST-TABLA	CALC-ENDIREH-PISOS-2016-RESTANTES-0001	15bc446bc8dc1efc182b770d53726e842db71eeeab9a16ff1cad36eda0a06388	comunitaria_vida		entidad	18	PUBLICABLE	3579	445	0.25035647327679644	0.23169100573510334	0.26916863438266714	0.00984694934110375	467777.0	200	
RESULT-ENDIREH2016-REST-TABLA	CALC-ENDIREH-PISOS-2016-RESTANTES-0001	15bc446bc8dc1efc182b770d53726e842db71eeeab9a16ff1cad36eda0a06388	comunitaria_vida		entidad	19	PUBLICABLE	3353	740	0.3570544529032099	0.3386276878825352	0.38296978484918986	0.011580250267956513	1947224.0	200	
RESULT-ENDIREH2016-REST-TABLA	CALC-ENDIREH-PISOS-2016-RESTANTES-0001	15bc446bc8dc1efc182b770d53726e842db71eeeab9a16ff1cad36eda0a06388	comunitaria_vida		entidad	20	PUBLICABLE	3673	331	0.2689711940681079	0.2507122722910207	0.28752573407865345	0.009374198326003126	1513716.0	200	
RESULT-ENDIREH2016-REST-TABLA	CALC-ENDIREH-PISOS-2016-RESTANTES-0001	15bc446bc8dc1efc182b770d53726e842db71eeeab9a16ff1cad36eda0a06388	comunitaria_vida		entidad	21	PUBLICABLE	4701	687	0.35723902667465274	0.3390811370787327	0.37794679608224185	0.009757941006098834	2357444.0	200	
RESULT-ENDIREH2016-REST-TABLA	CALC-ENDIREH-PISOS-2016-RESTANTES-0001	15bc446bc8dc1efc182b770d53726e842db71eeeab9a16ff1cad36eda0a06388	comunitaria_vida		entidad	22	PUBLICABLE	3489	574	0.46798983152952905	0.4489439782165529	0.4871419129533988	0.010095883239803507	770224.0	200	
RESULT-ENDIREH2016-REST-TABLA	CALC-ENDIREH-PISOS-2016-RESTANTES-0001	15bc446bc8dc1efc182b770d53726e842db71eeeab9a16ff1cad36eda0a06388	comunitaria_vida		entidad	23	PUBLICABLE	3037	696	0.3950345921014702	0.376327515959881	0.4173140618697646	0.010969828419752048	582792.0	200	
RESULT-ENDIREH2016-REST-TABLA	CALC-ENDIREH-PISOS-2016-RESTANTES-0001	15bc446bc8dc1efc182b770d53726e842db71eeeab9a16ff1cad36eda0a06388	comunitaria_vida		entidad	24	PUBLICABLE	3498	514	0.3137309885426024	0.29480664512079807	0.3346851272466386	0.010497720842977143	1034179.0	200	
RESULT-ENDIREH2016-REST-TABLA	CALC-ENDIREH-PISOS-2016-RESTANTES-0001	15bc446bc8dc1efc182b770d53726e842db71eeeab9a16ff1cad36eda0a06388	comunitaria_vida		entidad	25	PUBLICABLE	3599	546	0.2899500375746134	0.2732569026147829	0.3110680017218506	0.009987782687460115	1143059.0	200	
RESULT-ENDIREH2016-REST-TABLA	CALC-ENDIREH-PISOS-2016-RESTANTES-0001	15bc446bc8dc1efc182b770d53726e842db71eeeab9a16ff1cad36eda0a06388	comunitaria_vida		entidad	26	PUBLICABLE	3367	628	0.321245982326775	0.30476532375299836	0.3383970620174995	0.008679958378516574	1102006.0	200	
RESULT-ENDIREH2016-REST-TABLA	CALC-ENDIREH-PISOS-2016-RESTANTES-0001	15bc446bc8dc1efc182b770d53726e842db71eeeab9a16ff1cad36eda0a06388	comunitaria_vida		entidad	27	PUBLICABLE	3586	342	0.271941785116356	0.2538206551147806	0.29247271806059194	0.01073173418651489	894754.0	200	
RESULT-ENDIREH2016-REST-TABLA	CALC-ENDIREH-PISOS-2016-RESTANTES-0001	15bc446bc8dc1efc182b770d53726e842db71eeeab9a16ff1cad36eda0a06388	comunitaria_vida		entidad	28	PUBLICABLE	3172	698	0.3258268367587999	0.3071040153159763	0.3414231772594479	0.009378468005838473	1354560.0	200	
RESULT-ENDIREH2016-REST-TABLA	CALC-ENDIREH-PISOS-2016-RESTANTES-0001	15bc446bc8dc1efc182b770d53726e842db71eeeab9a16ff1cad36eda0a06388	comunitaria_vida		entidad	29	PUBLICABLE	3571	596	0.30147653127576435	0.28232868432906955	0.31946089711513365	0.009449685203340769	493657.0	200	
RESULT-ENDIREH2016-REST-TABLA	CALC-ENDIREH-PISOS-2016-RESTANTES-0001	15bc446bc8dc1efc182b770d53726e842db71eeeab9a16ff1cad36eda0a06388	comunitaria_vida		entidad	30	PUBLICABLE	3421	438	0.31387257734856117	0.2964779869007392	0.32981696602303423	0.009261957660375016	3159658.0	200	
RESULT-ENDIREH2016-REST-TABLA	CALC-ENDIREH-PISOS-2016-RESTANTES-0001	15bc446bc8dc1efc182b770d53726e842db71eeeab9a16ff1cad36eda0a06388	comunitaria_vida		entidad	31	PUBLICABLE	3332	557	0.3722967414113665	0.3505207415824267	0.39041225237952853	0.009589423895801894	827751.0	200	
RESULT-ENDIREH2016-REST-TABLA	CALC-ENDIREH-PISOS-2016-RESTANTES-0001	15bc446bc8dc1efc182b770d53726e842db71eeeab9a16ff1cad36eda0a06388	comunitaria_vida		entidad	32	PUBLICABLE	3689	388	0.2760376226142563	0.2583680730539251	0.29713269493526223	0.009612946714899616	589858.0	200	
RESULT-ENDIREH2016-REST-TABLA	CALC-ENDIREH-PISOS-2016-RESTANTES-0001	15bc446bc8dc1efc182b770d53726e842db71eeeab9a16ff1cad36eda0a06388	comunitaria_reciente		nacional	MX	PUBLICABLE	111249	17926	0.23294821583199954	0.22828541071265063	0.23672207979255108	0.002093663526644884	46498536.0	200	
RESULT-ENDIREH2016-REST-TABLA	CALC-ENDIREH-PISOS-2016-RESTANTES-0001	15bc446bc8dc1efc182b770d53726e842db71eeeab9a16ff1cad36eda0a06388	comunitaria_reciente		edad	15-29	PUBLICABLE	31137	13202	0.359038411748973	0.3514004697312264	0.36754362239001204	0.004282448066138894	15198605.0	200	
RESULT-ENDIREH2016-REST-TABLA	CALC-ENDIREH-PISOS-2016-RESTANTES-0001	15bc446bc8dc1efc182b770d53726e842db71eeeab9a16ff1cad36eda0a06388	comunitaria_reciente		edad	30-44	PUBLICABLE	36345	14091	0.23721996677482646	0.23121497113544356	0.24434604443111263	0.0035483428656256856	13766670.0	200	
RESULT-ENDIREH2016-REST-TABLA	CALC-ENDIREH-PISOS-2016-RESTANTES-0001	15bc446bc8dc1efc182b770d53726e842db71eeeab9a16ff1cad36eda0a06388	comunitaria_reciente		edad	45-59	PUBLICABLE	25174	12383	0.15737160031052755	0.1512088448990692	0.1645539220145031	0.003549851145607666	10396501.0	200	
RESULT-ENDIREH2016-REST-TABLA	CALC-ENDIREH-PISOS-2016-RESTANTES-0001	15bc446bc8dc1efc182b770d53726e842db71eeeab9a16ff1cad36eda0a06388	comunitaria_reciente		edad	60+	PUBLICABLE	18593	9630	0.06628007667344846	0.06152497361803039	0.07192257118365639	0.0027803001308031225	7136760.0	200	
RESULT-ENDIREH2016-REST-TABLA	CALC-ENDIREH-PISOS-2016-RESTANTES-0001	15bc446bc8dc1efc182b770d53726e842db71eeeab9a16ff1cad36eda0a06388	comunitaria_reciente		escolaridad	ninguno	PUBLICABLE	7788	4160	0.06776874250370708	0.05932425959760336	0.07518751188561147	0.00426741046341992	3104868.0	200	
RESULT-ENDIREH2016-REST-TABLA	CALC-ENDIREH-PISOS-2016-RESTANTES-0001	15bc446bc8dc1efc182b770d53726e842db71eeeab9a16ff1cad36eda0a06388	comunitaria_reciente		escolaridad	basica	PUBLICABLE	64610	15852	0.18137693930808763	0.17650167741092326	0.18574595294927437	0.0023336935295888294	25845816.0	200	
RESULT-ENDIREH2016-REST-TABLA	CALC-ENDIREH-PISOS-2016-RESTANTES-0001	15bc446bc8dc1efc182b770d53726e842db71eeeab9a16ff1cad36eda0a06388	comunitaria_reciente		escolaridad	media_superior	PUBLICABLE	21549	11778	0.33236043214286587	0.3204764175085176	0.3416197691082524	0.005257184301836053	9820456.0	200	
RESULT-ENDIREH2016-REST-TABLA	CALC-ENDIREH-PISOS-2016-RESTANTES-0001	15bc446bc8dc1efc182b770d53726e842db71eeeab9a16ff1cad36eda0a06388	comunitaria_reciente		escolaridad	superior	PUBLICABLE	17296	10020	0.3455062847634513	0.3346366142268952	0.357526190438048	0.00620569558823868	7726146.0	200	
RESULT-ENDIREH2016-REST-TABLA	CALC-ENDIREH-PISOS-2016-RESTANTES-0001	15bc446bc8dc1efc182b770d53726e842db71eeeab9a16ff1cad36eda0a06388	comunitaria_reciente		localidad	U	PUBLICABLE	55369	14485	0.29945114772846654	0.2925643628803146	0.30595918386632615	0.0034492213413518475	25976571.0	200	
RESULT-ENDIREH2016-REST-TABLA	CALC-ENDIREH-PISOS-2016-RESTANTES-0001	15bc446bc8dc1efc182b770d53726e842db71eeeab9a16ff1cad36eda0a06388	comunitaria_reciente		localidad	C	PUBLICABLE	28724	1793	0.17832728940214213	0.17226131177251858	0.1856200056928315	0.0034339559749689335	10685650.0	200	
RESULT-ENDIREH2016-REST-TABLA	CALC-ENDIREH-PISOS-2016-RESTANTES-0001	15bc446bc8dc1efc182b770d53726e842db71eeeab9a16ff1cad36eda0a06388	comunitaria_reciente		localidad	R	PUBLICABLE	27156	1648	0.11665893172392304	0.11045585090888287	0.12356628430770927	0.0032614753241976156	9836315.0	200	
RESULT-ENDIREH2016-REST-TABLA	CALC-ENDIREH-PISOS-2016-RESTANTES-0001	15bc446bc8dc1efc182b770d53726e842db71eeeab9a16ff1cad36eda0a06388	comunitaria_reciente		pareja	A1	PUBLICABLE	70745	17108	0.1837249652044237	0.1793044569265517	0.1880703458041004	0.002330224705715456	25680707.0	200	
RESULT-ENDIREH2016-REST-TABLA	CALC-ENDIREH-PISOS-2016-RESTANTES-0001	15bc446bc8dc1efc182b770d53726e842db71eeeab9a16ff1cad36eda0a06388	comunitaria_reciente		pareja	A2	PUBLICABLE	2105	1748	0.21976129522579158	0.19221204726779756	0.2528413954129639	0.015399523375606763	885529.0	200	
RESULT-ENDIREH2016-REST-TABLA	CALC-ENDIREH-PISOS-2016-RESTANTES-0001	15bc446bc8dc1efc182b770d53726e842db71eeeab9a16ff1cad36eda0a06388	comunitaria_reciente		pareja	B1	PUBLICABLE	11241	7830	0.2609894406111776	0.24927984923652588	0.2753561909297531	0.00670233309213227	5038928.0	200	
RESULT-ENDIREH2016-REST-TABLA	CALC-ENDIREH-PISOS-2016-RESTANTES-0001	15bc446bc8dc1efc182b770d53726e842db71eeeab9a16ff1cad36eda0a06388	comunitaria_reciente		pareja	B2	PUBLICABLE	8349	5837	0.08135733307516801	0.07345364972517589	0.09068211240293511	0.0044127667700194495	3460315.0	200	
RESULT-ENDIREH2016-REST-TABLA	CALC-ENDIREH-PISOS-2016-RESTANTES-0001	15bc446bc8dc1efc182b770d53726e842db71eeeab9a16ff1cad36eda0a06388	comunitaria_reciente		pareja	C1	PUBLICABLE	13776	9221	0.431359613103494	0.4191364211630993	0.44381099202262414	0.006340552434998716	8395837.0	200	
RESULT-ENDIREH2016-REST-TABLA	CALC-ENDIREH-PISOS-2016-RESTANTES-0001	15bc446bc8dc1efc182b770d53726e842db71eeeab9a16ff1cad36eda0a06388	comunitaria_reciente		pareja	C2	PUBLICABLE	5033	4011	0.23070604039220077	0.21412482455243734	0.24825380349738344	0.008414192545613043	3037220.0	200	
RESULT-ENDIREH2016-REST-TABLA	CALC-ENDIREH-PISOS-2016-RESTANTES-0001	15bc446bc8dc1efc182b770d53726e842db71eeeab9a16ff1cad36eda0a06388	comunitaria_reciente		entidad	01	PUBLICABLE	3525	665	0.2874152680647866	0.2708558970002755	0.30399285350837807	0.009325629886286685	484174.0	200	
RESULT-ENDIREH2016-REST-TABLA	CALC-ENDIREH-PISOS-2016-RESTANTES-0001	15bc446bc8dc1efc182b770d53726e842db71eeeab9a16ff1cad36eda0a06388	comunitaria_reciente		entidad	02	PUBLICABLE	3175	715	0.2102019117156734	0.19461147452724892	0.22589456639371838	0.00885009344740621	1301658.0	200	
RESULT-ENDIREH2016-REST-TABLA	CALC-ENDIREH-PISOS-2016-RESTANTES-0001	15bc446bc8dc1efc182b770d53726e842db71eeeab9a16ff1cad36eda0a06388	comunitaria_reciente		entidad	03	PUBLICABLE	3187	447	0.1391242688717518	0.12422572583960952	0.1516462553934454	0.007391422080249747	283466.0	200	
RESULT-ENDIREH2016-REST-TABLA	CALC-ENDIREH-PISOS-2016-RESTANTES-0001	15bc446bc8dc1efc182b770d53726e842db71eeeab9a16ff1cad36eda0a06388	comunitaria_reciente		entidad	04	PUBLICABLE	3462	554	0.17146439431761448	0.15759039425716018	0.18590154893874103	0.007733635744340976	352528.0	200	
RESULT-ENDIREH2016-REST-TABLA	CALC-ENDIREH-PISOS-2016-RESTANTES-0001	15bc446bc8dc1efc182b770d53726e842db71eeeab9a16ff1cad36eda0a06388	comunitaria_reciente		entidad	05	PUBLICABLE	3491	699	0.2181235166388931	0.20016385956619648	0.23406913834073162	0.008742529330876932	1108968.0	200	
RESULT-ENDIREH2016-REST-TABLA	CALC-ENDIREH-PISOS-2016-RESTANTES-0001	15bc446bc8dc1efc182b770d53726e842db71eeeab9a16ff1cad36eda0a06388	comunitaria_reciente		entidad	06	PUBLICABLE	3326	620	0.19269097016186745	0.17593848586032357	0.20948029482600145	0.008952542816593289	278067.0	200	
RESULT-ENDIREH2016-REST-TABLA	CALC-ENDIREH-PISOS-2016-RESTANTES-0001	15bc446bc8dc1efc182b770d53726e842db71eeeab9a16ff1cad36eda0a06388	comunitaria_reciente		entidad	07	PUBLICABLE	3723	370	0.14760832803765497	0.1362419597284575	0.1590306460584874	0.006231797638810529	1856860.0	200	
RESULT-ENDIREH2016-REST-TABLA	CALC-ENDIREH-PISOS-2016-RESTANTES-0001	15bc446bc8dc1efc182b770d53726e842db71eeeab9a16ff1cad36eda0a06388	comunitaria_reciente		entidad	08	PUBLICABLE	3093	690	0.23012921238690065	0.2147089707097607	0.24933069793646956	0.008992396427765325	1363182.0	200	
RESULT-ENDIREH2016-REST-TABLA	CALC-ENDIREH-PISOS-2016-RESTANTES-0001	15bc446bc8dc1efc182b770d53726e842db71eeeab9a16ff1cad36eda0a06388	comunitaria_reciente		entidad	09	PUBLICABLE	3633	878	0.36983390324707066	0.34777752276059304	0.38866315678166613	0.010236761733197264	3756124.0	200	
RESULT-ENDIREH2016-REST-TABLA	CALC-ENDIREH-PISOS-2016-RESTANTES-0001	15bc446bc8dc1efc182b770d53726e842db71eeeab9a16ff1cad36eda0a06388	comunitaria_reciente		entidad	10	PUBLICABLE	3261	570	0.22495663735950275	0.2075179566731978	0.24280441437371528	0.009690870502455675	652059.0	200	
RESULT-ENDIREH2016-REST-TABLA	CALC-ENDIREH-PISOS-2016-RESTANTES-0001	15bc446bc8dc1efc182b770d53726e842db71eeeab9a16ff1cad36eda0a06388	comunitaria_reciente		entidad	11	PUBLICABLE	3540	513	0.22176019185741505	0.20682394317636266	0.2403025047016516	0.008660445941964403	2201635.0	200	
RESULT-ENDIREH2016-REST-TABLA	CALC-ENDIREH-PISOS-2016-RESTANTES-0001	15bc446bc8dc1efc182b770d53726e842db71eeeab9a16ff1cad36eda0a06388	comunitaria_reciente		entidad	12	PUBLICABLE	3381	424	0.14428096491477788	0.12961903956624304	0.1564448388895518	0.007360639817858216	1299721.0	200	
RESULT-ENDIREH2016-REST-TABLA	CALC-ENDIREH-PISOS-2016-RESTANTES-0001	15bc446bc8dc1efc182b770d53726e842db71eeeab9a16ff1cad36eda0a06388	comunitaria_reciente		entidad	13	PUBLICABLE	3554	349	0.19271094298025854	0.1769675461786307	0.2069682734833138	0.008066314453859382	1117648.0	200	
RESULT-ENDIREH2016-REST-TABLA	CALC-ENDIREH-PISOS-2016-RESTANTES-0001	15bc446bc8dc1efc182b770d53726e842db71eeeab9a16ff1cad36eda0a06388	comunitaria_reciente		entidad	14	PUBLICABLE	3454	579	0.2830164487847885	0.2648047207746478	0.30172723797108275	0.009959126995517936	3026181.0	200	
RESULT-ENDIREH2016-REST-TABLA	CALC-ENDIREH-PISOS-2016-RESTANTES-0001	15bc446bc8dc1efc182b770d53726e842db71eeeab9a16ff1cad36eda0a06388	comunitaria_reciente		entidad	15	PUBLICABLE	3531	711	0.3077425545456517	0.2872548588168144	0.32557580577776285	0.009649231180130323	6685455.0	200	
RESULT-ENDIREH2016-REST-TABLA	CALC-ENDIREH-PISOS-2016-RESTANTES-0001	15bc446bc8dc1efc182b770d53726e842db71eeeab9a16ff1cad36eda0a06388	comunitaria_reciente		entidad	16	PUBLICABLE	3538	390	0.18506039588823142	0.16832750217009956	0.2033360706034111	0.009010269634068707	1720233.0	200	
RESULT-ENDIREH2016-REST-TABLA	CALC-ENDIREH-PISOS-2016-RESTANTES-0001	15bc446bc8dc1efc182b770d53726e842db71eeeab9a16ff1cad36eda0a06388	comunitaria_reciente		entidad	17	PUBLICABLE	3311	572	0.2170218879098806	0.19773852176813794	0.23375045232903602	0.00898690855671618	772664.0	200	
RESULT-ENDIREH2016-REST-TABLA	CALC-ENDIREH-PISOS-2016-RESTANTES-0001	15bc446bc8dc1efc182b770d53726e842db71eeeab9a16ff1cad36eda0a06388	comunitaria_reciente		entidad	18	PUBLICABLE	3579	445	0.15539455766316002	0.13896535230454507	0.1702522474258347	0.007461987652973796	467777.0	200	
RESULT-ENDIREH2016-REST-TABLA	CALC-ENDIREH-PISOS-2016-RESTANTES-0001	15bc446bc8dc1efc182b770d53726e842db71eeeab9a16ff1cad36eda0a06388	comunitaria_reciente		entidad	19	PUBLICABLE	3353	740	0.22581377386474283	0.21061630434778933	0.24373115853467495	0.008659217910831588	1947224.0	200	
RESULT-ENDIREH2016-REST-TABLA	CALC-ENDIREH-PISOS-2016-RESTANTES-0001	15bc446bc8dc1efc182b770d53726e842db71eeeab9a16ff1cad36eda0a06388	comunitaria_reciente		entidad	20	PUBLICABLE	3672	331	0.14838124386334234	0.13488747746658342	0.1606717079588194	0.0071510390562147036	1513446.0	200	
RESULT-ENDIREH2016-REST-TABLA	CALC-ENDIREH-PISOS-2016-RESTANTES-0001	15bc446bc8dc1efc182b770d53726e842db71eeeab9a16ff1cad36eda0a06388	comunitaria_reciente		entidad	21	PUBLICABLE	4700	687	0.2162966633518533	0.20242341712563536	0.23111747268035598	0.007419736639688101	2357096.0	200	
RESULT-ENDIREH2016-REST-TABLA	CALC-ENDIREH-PISOS-2016-RESTANTES-0001	15bc446bc8dc1efc182b770d53726e842db71eeeab9a16ff1cad36eda0a06388	comunitaria_reciente		entidad	22	PUBLICABLE	3489	574	0.2854727975238372	0.2669181375828603	0.305436616487386	0.009749779687183128	770224.0	200	
RESULT-ENDIREH2016-REST-TABLA	CALC-ENDIREH-PISOS-2016-RESTANTES-0001	15bc446bc8dc1efc182b770d53726e842db71eeeab9a16ff1cad36eda0a06388	comunitaria_reciente		entidad	23	PUBLICABLE	3037	696	0.24845570975579623	0.22999952101368182	0.2680582039260648	0.009806804740524361	582792.0	200	
RESULT-ENDIREH2016-REST-TABLA	CALC-ENDIREH-PISOS-2016-RESTANTES-0001	15bc446bc8dc1efc182b770d53726e842db71eeeab9a16ff1cad36eda0a06388	comunitaria_reciente		entidad	24	PUBLICABLE	3498	514	0.18792298045115982	0.1712297950853605	0.20577954129406503	0.009056096355571667	1034179.0	200	
RESULT-ENDIREH2016-REST-TABLA	CALC-ENDIREH-PISOS-2016-RESTANTES-0001	15bc446bc8dc1efc182b770d53726e842db71eeeab9a16ff1cad36eda0a06388	comunitaria_reciente		entidad	25	PUBLICABLE	3599	546	0.1609182028224265	0.14429212820502318	0.1790712316105106	0.008075738490784313	1143059.0	200	
RESULT-ENDIREH2016-REST-TABLA	CALC-ENDIREH-PISOS-2016-RESTANTES-0001	15bc446bc8dc1efc182b770d53726e842db71eeeab9a16ff1cad36eda0a06388	comunitaria_reciente		entidad	26	PUBLICABLE	3367	628	0.18636014685945448	0.1719985278590085	0.20050128243624452	0.0075496961115463015	1102006.0	200	
RESULT-ENDIREH2016-REST-TABLA	CALC-ENDIREH-PISOS-2016-RESTANTES-0001	15bc446bc8dc1efc182b770d53726e842db71eeeab9a16ff1cad36eda0a06388	comunitaria_reciente		entidad	27	PUBLICABLE	3586	342	0.16687715282636345	0.15146172809646416	0.18272232367918084	0.008225871566527064	894754.0	200	
RESULT-ENDIREH2016-REST-TABLA	CALC-ENDIREH-PISOS-2016-RESTANTES-0001	15bc446bc8dc1efc182b770d53726e842db71eeeab9a16ff1cad36eda0a06388	comunitaria_reciente		entidad	28	PUBLICABLE	3172	698	0.1993843019135365	0.18398138286859686	0.2152810258991586	0.008352808797183172	1354560.0	200	
RESULT-ENDIREH2016-REST-TABLA	CALC-ENDIREH-PISOS-2016-RESTANTES-0001	15bc446bc8dc1efc182b770d53726e842db71eeeab9a16ff1cad36eda0a06388	comunitaria_reciente		entidad	29	PUBLICABLE	3571	596	0.18723324089398105	0.1729794038117796	0.20157606347227852	0.0076914733168380895	493657.0	200	
RESULT-ENDIREH2016-REST-TABLA	CALC-ENDIREH-PISOS-2016-RESTANTES-0001	15bc446bc8dc1efc182b770d53726e842db71eeeab9a16ff1cad36eda0a06388	comunitaria_reciente		entidad	30	PUBLICABLE	3421	438	0.19563224880667465	0.1824192908304802	0.21110812145463748	0.007387057902528832	3159658.0	200	
RESULT-ENDIREH2016-REST-TABLA	CALC-ENDIREH-PISOS-2016-RESTANTES-0001	15bc446bc8dc1efc182b770d53726e842db71eeeab9a16ff1cad36eda0a06388	comunitaria_reciente		entidad	31	PUBLICABLE	3331	557	0.2258335014855798	0.20883170465976789	0.24341653389118031	0.009174691370352412	827623.0	200	
RESULT-ENDIREH2016-REST-TABLA	CALC-ENDIREH-PISOS-2016-RESTANTES-0001	15bc446bc8dc1efc182b770d53726e842db71eeeab9a16ff1cad36eda0a06388	comunitaria_reciente		entidad	32	PUBLICABLE	3689	388	0.1644158424569981	0.15134545592154408	0.17765380685631835	0.007081709475467696	589858.0	200	
RESULT-ENDIREH2016-REST-TABLA	CALC-ENDIREH-PISOS-2016-RESTANTES-0001	15bc446bc8dc1efc182b770d53726e842db71eeeab9a16ff1cad36eda0a06388	comunitaria_ayuda		nacional	MX	PUBLICABLE	37631	15133	0.028614438493845623	0.025898904250699826	0.03137633410880191	0.001415306383844663	17990533.0	200	
RESULT-ENDIREH2016-REST-TABLA	CALC-ENDIREH-PISOS-2016-RESTANTES-0001	15bc446bc8dc1efc182b770d53726e842db71eeeab9a16ff1cad36eda0a06388	comunitaria_ayuda		edad	15-29	PUBLICABLE	12862	8681	0.02355278178873981	0.019892445721358835	0.02802250402000653	0.0021360961881514173	6945549.0	200	
RESULT-ENDIREH2016-REST-TABLA	CALC-ENDIREH-PISOS-2016-RESTANTES-0001	15bc446bc8dc1efc182b770d53726e842db71eeeab9a16ff1cad36eda0a06388	comunitaria_ayuda		edad	30-44	PUBLICABLE	13285	8798	0.032529027683451756	0.027776340769567438	0.03771296687540805	0.002537262550985083	5581999.0	200	
RESULT-ENDIREH2016-REST-TABLA	CALC-ENDIREH-PISOS-2016-RESTANTES-0001	15bc446bc8dc1efc182b770d53726e842db71eeeab9a16ff1cad36eda0a06388	comunitaria_ayuda		edad	45-59	PUBLICABLE	7834	6170	0.030199891473030083	0.025378370052446843	0.035342773530191246	0.0025922079867172886	3735477.0	200	
RESULT-ENDIREH2016-REST-TABLA	CALC-ENDIREH-PISOS-2016-RESTANTES-0001	15bc446bc8dc1efc182b770d53726e842db71eeeab9a16ff1cad36eda0a06388	comunitaria_ayuda		edad	60+	PUBLICABLE	3650	3161	0.03288783612000639	0.02514149075222582	0.04075655049070947	0.004012235018636254	1727508.0	200	
RESULT-ENDIREH2016-REST-TABLA	CALC-ENDIREH-PISOS-2016-RESTANTES-0001	15bc446bc8dc1efc182b770d53726e842db71eeeab9a16ff1cad36eda0a06388	comunitaria_ayuda		escolaridad	ninguno	PUBLICABLE	1119	1010	0.025836452524635244	0.01702689961469459	0.037408714330892455	0.005149692806905444	523640.0	200	
RESULT-ENDIREH2016-REST-TABLA	CALC-ENDIREH-PISOS-2016-RESTANTES-0001	15bc446bc8dc1efc182b770d53726e842db71eeeab9a16ff1cad36eda0a06388	comunitaria_ayuda		escolaridad	basica	PUBLICABLE	18399	10200	0.028347905060132947	0.025315105676505977	0.032334793014773475	0.001881946929086931	8418929.0	200	
RESULT-ENDIREH2016-REST-TABLA	CALC-ENDIREH-PISOS-2016-RESTANTES-0001	15bc446bc8dc1efc182b770d53726e842db71eeeab9a16ff1cad36eda0a06388	comunitaria_ayuda		escolaridad	media_superior	PUBLICABLE	9349	6958	0.029428645925221444	0.024482223512287554	0.03418794289147052	0.0025833449915024977	4744221.0	200	
RESULT-ENDIREH2016-REST-TABLA	CALC-ENDIREH-PISOS-2016-RESTANTES-0001	15bc446bc8dc1efc182b770d53726e842db71eeeab9a16ff1cad36eda0a06388	comunitaria_ayuda		escolaridad	superior	PUBLICABLE	8763	6430	0.028577217740576907	0.02340821410808728	0.034164420135530796	0.0027743248577336913	4303603.0	200	
RESULT-ENDIREH2016-REST-TABLA	CALC-ENDIREH-PISOS-2016-RESTANTES-0001	15bc446bc8dc1efc182b770d53726e842db71eeeab9a16ff1cad36eda0a06388	comunitaria_ayuda		localidad	U	PUBLICABLE	24586	11940	0.02782994126418615	0.024863758574525045	0.030579284370566708	0.0015098405780925935	12670634.0	200	
RESULT-ENDIREH2016-REST-TABLA	CALC-ENDIREH-PISOS-2016-RESTANTES-0001	15bc446bc8dc1efc182b770d53726e842db71eeeab9a16ff1cad36eda0a06388	comunitaria_ayuda		localidad	C	PUBLICABLE	7944	1711	0.029414691694162384	0.023961306263335938	0.035146984269686446	0.003064641668754881	3245657.0	200	
RESULT-ENDIREH2016-REST-TABLA	CALC-ENDIREH-PISOS-2016-RESTANTES-0001	15bc446bc8dc1efc182b770d53726e842db71eeeab9a16ff1cad36eda0a06388	comunitaria_ayuda		localidad	R	PUBLICABLE	5101	1482	0.03215439664224329	0.026015077156103326	0.039452822304938205	0.003711069177245331	2074242.0	200	
RESULT-ENDIREH2016-REST-TABLA	CALC-ENDIREH-PISOS-2016-RESTANTES-0001	15bc446bc8dc1efc182b770d53726e842db71eeeab9a16ff1cad36eda0a06388	comunitaria_ayuda		pareja	A1	PUBLICABLE	22405	12105	0.02998914385264877	0.026803601697003767	0.03393700954576433	0.0018908308467769997	9084254.0	200	
RESULT-ENDIREH2016-REST-TABLA	CALC-ENDIREH-PISOS-2016-RESTANTES-0001	15bc446bc8dc1efc182b770d53726e842db71eeeab9a16ff1cad36eda0a06388	comunitaria_ayuda		pareja	A2	SUPRIMIDA	667	633						0	precision
RESULT-ENDIREH2016-REST-TABLA	CALC-ENDIREH-PISOS-2016-RESTANTES-0001	15bc446bc8dc1efc182b770d53726e842db71eeeab9a16ff1cad36eda0a06388	comunitaria_ayuda		pareja	B1	PUBLICABLE	4428	3842	0.03682189870649625	0.030911322161613106	0.04336750256620982	0.0033653114581756456	2185846.0	200	
RESULT-ENDIREH2016-REST-TABLA	CALC-ENDIREH-PISOS-2016-RESTANTES-0001	15bc446bc8dc1efc182b770d53726e842db71eeeab9a16ff1cad36eda0a06388	comunitaria_ayuda		pareja	B2	PUBLICABLE	1660	1558	0.025362489787708498	0.01786287135351009	0.03422949873574647	0.004111972557470946	805402.0	200	
RESULT-ENDIREH2016-REST-TABLA	CALC-ENDIREH-PISOS-2016-RESTANTES-0001	15bc446bc8dc1efc182b770d53726e842db71eeeab9a16ff1cad36eda0a06388	comunitaria_ayuda		pareja	C1	PUBLICABLE	7060	5630	0.024841099889500187	0.01990649787854361	0.03129609996434743	0.002849147876172403	4635302.0	200	
RESULT-ENDIREH2016-REST-TABLA	CALC-ENDIREH-PISOS-2016-RESTANTES-0001	15bc446bc8dc1efc182b770d53726e842db71eeeab9a16ff1cad36eda0a06388	comunitaria_ayuda		pareja	C2	PUBLICABLE	1411	1328	0.016073807240780575	0.009317179160811716	0.027351444120959797	0.004669489981592226	964675.0	200	
RESULT-ENDIREH2016-REST-TABLA	CALC-ENDIREH-PISOS-2016-RESTANTES-0001	15bc446bc8dc1efc182b770d53726e842db71eeeab9a16ff1cad36eda0a06388	comunitaria_ayuda		entidad	01	PUBLICABLE	1603	620	0.03414422584079171	0.02335726107516081	0.04507709608166171	0.005890195193181579	228267.0	200	
RESULT-ENDIREH2016-REST-TABLA	CALC-ENDIREH-PISOS-2016-RESTANTES-0001	15bc446bc8dc1efc182b770d53726e842db71eeeab9a16ff1cad36eda0a06388	comunitaria_ayuda		entidad	02	PUBLICABLE	1179	570	0.02142937099941995	0.013439716384296554	0.03245199361148181	0.004770265134582487	491335.0	200	
RESULT-ENDIREH2016-REST-TABLA	CALC-ENDIREH-PISOS-2016-RESTANTES-0001	15bc446bc8dc1efc182b770d53726e842db71eeeab9a16ff1cad36eda0a06388	comunitaria_ayuda		entidad	03	PUBLICABLE	795	317	0.027785037344740787	0.019158387266662198	0.041386833640740396	0.005729131307657324	72701.0	200	
RESULT-ENDIREH2016-REST-TABLA	CALC-ENDIREH-PISOS-2016-RESTANTES-0001	15bc446bc8dc1efc182b770d53726e842db71eeeab9a16ff1cad36eda0a06388	comunitaria_ayuda		entidad	04	PUBLICABLE	910	437	0.024904374725665198	0.015724044146392162	0.03600397093917419	0.005738684653422573	95686.0	200	
RESULT-ENDIREH2016-REST-TABLA	CALC-ENDIREH-PISOS-2016-RESTANTES-0001	15bc446bc8dc1efc182b770d53726e842db71eeeab9a16ff1cad36eda0a06388	comunitaria_ayuda		entidad	05	PUBLICABLE	1227	568	0.03173643908250082	0.02154715343847778	0.04331195219051689	0.005800899723743761	402093.0	200	
RESULT-ENDIREH2016-REST-TABLA	CALC-ENDIREH-PISOS-2016-RESTANTES-0001	15bc446bc8dc1efc182b770d53726e842db71eeeab9a16ff1cad36eda0a06388	comunitaria_ayuda		entidad	06	PUBLICABLE	1051	473	0.026757275622845675	0.018029496076359047	0.04066495763760327	0.005621908191143697	91676.0	200	
RESULT-ENDIREH2016-REST-TABLA	CALC-ENDIREH-PISOS-2016-RESTANTES-0001	15bc446bc8dc1efc182b770d53726e842db71eeeab9a16ff1cad36eda0a06388	comunitaria_ayuda		entidad	07	PUBLICABLE	879	321	0.018221953946092478	0.00979774259649963	0.028633719997850565	0.0051275821614723775	458897.0	200	
RESULT-ENDIREH2016-REST-TABLA	CALC-ENDIREH-PISOS-2016-RESTANTES-0001	15bc446bc8dc1efc182b770d53726e842db71eeeab9a16ff1cad36eda0a06388	comunitaria_ayuda		entidad	08	PUBLICABLE	1157	560	0.03473268455556008	0.024769808386692474	0.04505538398337696	0.005718852066256099	515739.0	200	
RESULT-ENDIREH2016-REST-TABLA	CALC-ENDIREH-PISOS-2016-RESTANTES-0001	15bc446bc8dc1efc182b770d53726e842db71eeeab9a16ff1cad36eda0a06388	comunitaria_ayuda		entidad	09	PUBLICABLE	2201	820	0.023493728487201968	0.01512105401341132	0.03063394944131459	0.004185055845929527	2296017.0	200	
RESULT-ENDIREH2016-REST-TABLA	CALC-ENDIREH-PISOS-2016-RESTANTES-0001	15bc446bc8dc1efc182b770d53726e842db71eeeab9a16ff1cad36eda0a06388	comunitaria_ayuda		entidad	10	PUBLICABLE	1074	475	0.02639148408617591	0.017267557135304413	0.0377143342140806	0.0053467939196697074	224239.0	200	
RESULT-ENDIREH2016-REST-TABLA	CALC-ENDIREH-PISOS-2016-RESTANTES-0001	15bc446bc8dc1efc182b770d53726e842db71eeeab9a16ff1cad36eda0a06388	comunitaria_ayuda		entidad	11	PUBLICABLE	1313	472	0.021264900765801037	0.0134235391874578	0.030469078583777856	0.0041895593225206845	831417.0	200	
RESULT-ENDIREH2016-REST-TABLA	CALC-ENDIREH-PISOS-2016-RESTANTES-0001	15bc446bc8dc1efc182b770d53726e842db71eeeab9a16ff1cad36eda0a06388	comunitaria_ayuda		entidad	12	PUBLICABLE	774	356	0.029956072627452503	0.017611313929107825	0.042362991407965664	0.006421213191971409	308919.0	200	
RESULT-ENDIREH2016-REST-TABLA	CALC-ENDIREH-PISOS-2016-RESTANTES-0001	15bc446bc8dc1efc182b770d53726e842db71eeeab9a16ff1cad36eda0a06388	comunitaria_ayuda		entidad	13	PUBLICABLE	1101	318	0.03296513249651325	0.022764439885863744	0.04593879571554691	0.005739819037251273	358500.0	200	
RESULT-ENDIREH2016-REST-TABLA	CALC-ENDIREH-PISOS-2016-RESTANTES-0001	15bc446bc8dc1efc182b770d53726e842db71eeeab9a16ff1cad36eda0a06388	comunitaria_ayuda		entidad	14	PUBLICABLE	1640	548	0.02849857136782443	0.020816060907673718	0.0370268608117752	0.004437779306751173	1458038.0	200	
RESULT-ENDIREH2016-REST-TABLA	CALC-ENDIREH-PISOS-2016-RESTANTES-0001	15bc446bc8dc1efc182b770d53726e842db71eeeab9a16ff1cad36eda0a06388	comunitaria_ayuda		entidad	15	PUBLICABLE	1735	640	0.03451064430794865	0.024671216347240104	0.043477004374070115	0.005001515698860571	3356066.0	200	
RESULT-ENDIREH2016-REST-TABLA	CALC-ENDIREH-PISOS-2016-RESTANTES-0001	15bc446bc8dc1efc182b770d53726e842db71eeeab9a16ff1cad36eda0a06388	comunitaria_ayuda		entidad	16	PUBLICABLE	1064	350	0.02203705239773084	0.012290464397461762	0.03227876705638773	0.005075098088065224	554566.0	200	
RESULT-ENDIREH2016-REST-TABLA	CALC-ENDIREH-PISOS-2016-RESTANTES-0001	15bc446bc8dc1efc182b770d53726e842db71eeeab9a16ff1cad36eda0a06388	comunitaria_ayuda		entidad	17	PUBLICABLE	1187	474	0.04200302899779078	0.02952706800224308	0.053685327597089154	0.006397227850397525	287884.0	200	
RESULT-ENDIREH2016-REST-TABLA	CALC-ENDIREH-PISOS-2016-RESTANTES-0001	15bc446bc8dc1efc182b770d53726e842db71eeeab9a16ff1cad36eda0a06388	comunitaria_ayuda		entidad	18	PUBLICABLE	867	375	0.03736625936077738	0.024594900206503876	0.05118201121695247	0.0071823092402462695	117111.0	200	
RESULT-ENDIREH2016-REST-TABLA	CALC-ENDIREH-PISOS-2016-RESTANTES-0001	15bc446bc8dc1efc182b770d53726e842db71eeeab9a16ff1cad36eda0a06388	comunitaria_ayuda		entidad	19	PUBLICABLE	1133	549	0.028351779537298727	0.020646717180734745	0.038997355139736824	0.005010355907568387	695265.0	200	
RESULT-ENDIREH2016-REST-TABLA	CALC-ENDIREH-PISOS-2016-RESTANTES-0001	15bc446bc8dc1efc182b770d53726e842db71eeeab9a16ff1cad36eda0a06388	comunitaria_ayuda		entidad	20	PUBLICABLE	946	301	0.02765592686652945	0.017810688095349494	0.03805088554568628	0.0055409056417350345	407146.0	200	
RESULT-ENDIREH2016-REST-TABLA	CALC-ENDIREH-PISOS-2016-RESTANTES-0001	15bc446bc8dc1efc182b770d53726e842db71eeeab9a16ff1cad36eda0a06388	comunitaria_ayuda		entidad	21	PUBLICABLE	1793	612	0.021104977492694476	0.014146445445307574	0.0280597168652603	0.0037354981094322014	842171.0	200	
RESULT-ENDIREH2016-REST-TABLA	CALC-ENDIREH-PISOS-2016-RESTANTES-0001	15bc446bc8dc1efc182b770d53726e842db71eeeab9a16ff1cad36eda0a06388	comunitaria_ayuda		entidad	22	PUBLICABLE	1580	540	0.03304138912547128	0.0247494142113503	0.041499618381597304	0.00471109768136905	360457.0	200	
RESULT-ENDIREH2016-REST-TABLA	CALC-ENDIREH-PISOS-2016-RESTANTES-0001	15bc446bc8dc1efc182b770d53726e842db71eeeab9a16ff1cad36eda0a06388	comunitaria_ayuda		entidad	23	PUBLICABLE	1188	554	0.025305899063082317	0.01628324513209043	0.03570796327195429	0.005347849616099755	230223.0	200	
RESULT-ENDIREH2016-REST-TABLA	CALC-ENDIREH-PISOS-2016-RESTANTES-0001	15bc446bc8dc1efc182b770d53726e842db71eeeab9a16ff1cad36eda0a06388	comunitaria_ayuda		entidad	24	PUBLICABLE	1055	452	0.040501889327917054	0.026234447105726037	0.05428165420418518	0.006873877157928167	324454.0	200	
RESULT-ENDIREH2016-REST-TABLA	CALC-ENDIREH-PISOS-2016-RESTANTES-0001	15bc446bc8dc1efc182b770d53726e842db71eeeab9a16ff1cad36eda0a06388	comunitaria_ayuda		entidad	25	PUBLICABLE	976	434	0.04230154180369912	0.029123248563997645	0.0572623194709559	0.007276637750341274	331430.0	200	
RESULT-ENDIREH2016-REST-TABLA	CALC-ENDIREH-PISOS-2016-RESTANTES-0001	15bc446bc8dc1efc182b770d53726e842db71eeeab9a16ff1cad36eda0a06388	comunitaria_ayuda		entidad	26	PUBLICABLE	1081	508	0.041359829385760494	0.030551296800831712	0.0535446479919134	0.005934393932519532	354015.0	200	
RESULT-ENDIREH2016-REST-TABLA	CALC-ENDIREH-PISOS-2016-RESTANTES-0001	15bc446bc8dc1efc182b770d53726e842db71eeeab9a16ff1cad36eda0a06388	comunitaria_ayuda		entidad	27	PUBLICABLE	933	283	0.020725708015337765	0.012294787228515852	0.031462261706906774	0.004861112303984516	243321.0	200	
RESULT-ENDIREH2016-REST-TABLA	CALC-ENDIREH-PISOS-2016-RESTANTES-0001	15bc446bc8dc1efc182b770d53726e842db71eeeab9a16ff1cad36eda0a06388	comunitaria_ayuda		entidad	28	PUBLICABLE	1008	515	0.020052021968859322	0.010755944222335214	0.028920907799596572	0.0044739740761446075	441352.0	200	
RESULT-ENDIREH2016-REST-TABLA	CALC-ENDIREH-PISOS-2016-RESTANTES-0001	15bc446bc8dc1efc182b770d53726e842db71eeeab9a16ff1cad36eda0a06388	comunitaria_ayuda		entidad	29	PUBLICABLE	1029	477	0.03570612661766089	0.02242157798748584	0.04858987613318458	0.006531295357875233	148826.0	200	
RESULT-ENDIREH2016-REST-TABLA	CALC-ENDIREH-PISOS-2016-RESTANTES-0001	15bc446bc8dc1efc182b770d53726e842db71eeeab9a16ff1cad36eda0a06388	comunitaria_ayuda		entidad	30	PUBLICABLE	1008	367	0.023736299194337167	0.01615978037828861	0.032490486500904164	0.004079615942598877	991730.0	200	
RESULT-ENDIREH2016-REST-TABLA	CALC-ENDIREH-PISOS-2016-RESTANTES-0001	15bc446bc8dc1efc182b770d53726e842db71eeeab9a16ff1cad36eda0a06388	comunitaria_ayuda		entidad	31	PUBLICABLE	1191	493	0.028760193270575562	0.01811023478769732	0.0415844745835609	0.006557289476702542	308169.0	200	
RESULT-ENDIREH2016-REST-TABLA	CALC-ENDIREH-PISOS-2016-RESTANTES-0001	15bc446bc8dc1efc182b770d53726e842db71eeeab9a16ff1cad36eda0a06388	comunitaria_ayuda		entidad	32	PUBLICABLE	953	354	0.03688668062865812	0.022321249833577025	0.049769360423771336	0.006771508598004514	162823.0	200	
RESULT-ENDIREH2016-REST-TABLA	CALC-ENDIREH-PISOS-2016-RESTANTES-0001	15bc446bc8dc1efc182b770d53726e842db71eeeab9a16ff1cad36eda0a06388	comunitaria_denuncia		nacional	MX	PUBLICABLE	37631	15133	0.049722540182661625	0.047099921638118304	0.052903949167510934	0.001597419777225623	17990533.0	200	
RESULT-ENDIREH2016-REST-TABLA	CALC-ENDIREH-PISOS-2016-RESTANTES-0001	15bc446bc8dc1efc182b770d53726e842db71eeeab9a16ff1cad36eda0a06388	comunitaria_denuncia		edad	15-29	PUBLICABLE	12862	8681	0.04434869007475147	0.039223743547269145	0.04950640065223431	0.0027185770541943914	6945549.0	200	
RESULT-ENDIREH2016-REST-TABLA	CALC-ENDIREH-PISOS-2016-RESTANTES-0001	15bc446bc8dc1efc182b770d53726e842db71eeeab9a16ff1cad36eda0a06388	comunitaria_denuncia		edad	30-44	PUBLICABLE	13285	8798	0.05447779549942592	0.04847364961835459	0.06192290984158675	0.0034111018250771253	5581999.0	200	
RESULT-ENDIREH2016-REST-TABLA	CALC-ENDIREH-PISOS-2016-RESTANTES-0001	15bc446bc8dc1efc182b770d53726e842db71eeeab9a16ff1cad36eda0a06388	comunitaria_denuncia		edad	45-59	PUBLICABLE	7834	6170	0.050704367875909824	0.04410963540431232	0.05796188344785928	0.0037580208490362184	3735477.0	200	
RESULT-ENDIREH2016-REST-TABLA	CALC-ENDIREH-PISOS-2016-RESTANTES-0001	15bc446bc8dc1efc182b770d53726e842db71eeeab9a16ff1cad36eda0a06388	comunitaria_denuncia		edad	60+	PUBLICABLE	3650	3161	0.05383998221715905	0.04565299242978559	0.06334202190848334	0.004633711482507489	1727508.0	200	
RESULT-ENDIREH2016-REST-TABLA	CALC-ENDIREH-PISOS-2016-RESTANTES-0001	15bc446bc8dc1efc182b770d53726e842db71eeeab9a16ff1cad36eda0a06388	comunitaria_denuncia		escolaridad	ninguno	PUBLICABLE	1119	1010	0.05725116492246582	0.04102273848890529	0.07100128081443013	0.007702957501909009	523640.0	200	
RESULT-ENDIREH2016-REST-TABLA	CALC-ENDIREH-PISOS-2016-RESTANTES-0001	15bc446bc8dc1efc182b770d53726e842db71eeeab9a16ff1cad36eda0a06388	comunitaria_denuncia		escolaridad	basica	PUBLICABLE	18399	10200	0.05097869337061757	0.0467916317770515	0.05613698884529438	0.0024252804773379033	8418929.0	200	
RESULT-ENDIREH2016-REST-TABLA	CALC-ENDIREH-PISOS-2016-RESTANTES-0001	15bc446bc8dc1efc182b770d53726e842db71eeeab9a16ff1cad36eda0a06388	comunitaria_denuncia		escolaridad	media_superior	PUBLICABLE	9349	6958	0.0477374473069446	0.04115336305933082	0.053795236911482774	0.0030574425118221915	4744221.0	200	
RESULT-ENDIREH2016-REST-TABLA	CALC-ENDIREH-PISOS-2016-RESTANTES-0001	15bc446bc8dc1efc182b770d53726e842db71eeeab9a16ff1cad36eda0a06388	comunitaria_denuncia		escolaridad	superior	PUBLICABLE	8763	6430	0.04853909619451422	0.04168221128172396	0.05503046466555659	0.0036501843075951905	4303603.0	200	
RESULT-ENDIREH2016-REST-TABLA	CALC-ENDIREH-PISOS-2016-RESTANTES-0001	15bc446bc8dc1efc182b770d53726e842db71eeeab9a16ff1cad36eda0a06388	comunitaria_denuncia		localidad	U	PUBLICABLE	24586	11940	0.044962548835362146	0.04118567945314056	0.04867232421145122	0.002029162339472928	12670634.0	200	
RESULT-ENDIREH2016-REST-TABLA	CALC-ENDIREH-PISOS-2016-RESTANTES-0001	15bc446bc8dc1efc182b770d53726e842db71eeeab9a16ff1cad36eda0a06388	comunitaria_denuncia		localidad	C	PUBLICABLE	7944	1711	0.05712926535367108	0.050414452994846135	0.0683746660357354	0.004859120501410792	3245657.0	200	
RESULT-ENDIREH2016-REST-TABLA	CALC-ENDIREH-PISOS-2016-RESTANTES-0001	15bc446bc8dc1efc182b770d53726e842db71eeeab9a16ff1cad36eda0a06388	comunitaria_denuncia		localidad	R	PUBLICABLE	5101	1482	0.06720961199320041	0.05736455942528297	0.07692244910061691	0.004996377463505202	2074242.0	200	
RESULT-ENDIREH2016-REST-TABLA	CALC-ENDIREH-PISOS-2016-RESTANTES-0001	15bc446bc8dc1efc182b770d53726e842db71eeeab9a16ff1cad36eda0a06388	comunitaria_denuncia		pareja	A1	PUBLICABLE	22405	12105	0.05205171497846714	0.04774483020556927	0.05596536932592904	0.0022717981384110333	9084254.0	200	
RESULT-ENDIREH2016-REST-TABLA	CALC-ENDIREH-PISOS-2016-RESTANTES-0001	15bc446bc8dc1efc182b770d53726e842db71eeeab9a16ff1cad36eda0a06388	comunitaria_denuncia		pareja	A2	PUBLICABLE	667	633	0.05368286071594076	0.027503005514549785	0.08893773519582343	0.015020228490860143	315054.0	200	
RESULT-ENDIREH2016-REST-TABLA	CALC-ENDIREH-PISOS-2016-RESTANTES-0001	15bc446bc8dc1efc182b770d53726e842db71eeeab9a16ff1cad36eda0a06388	comunitaria_denuncia		pareja	B1	PUBLICABLE	4428	3842	0.05555697885395403	0.04833539360745768	0.0649113813910383	0.004860251826796074	2185846.0	200	
RESULT-ENDIREH2016-REST-TABLA	CALC-ENDIREH-PISOS-2016-RESTANTES-0001	15bc446bc8dc1efc182b770d53726e842db71eeeab9a16ff1cad36eda0a06388	comunitaria_denuncia		pareja	B2	PUBLICABLE	1660	1558	0.05628617758585154	0.043553894045712124	0.07156440085289488	0.007324153227691893	805402.0	200	
RESULT-ENDIREH2016-REST-TABLA	CALC-ENDIREH-PISOS-2016-RESTANTES-0001	15bc446bc8dc1efc182b770d53726e842db71eeeab9a16ff1cad36eda0a06388	comunitaria_denuncia		pareja	C1	PUBLICABLE	7060	5630	0.04626688832788026	0.03943831800084639	0.05161469120374101	0.003433202858907863	4635302.0	200	
RESULT-ENDIREH2016-REST-TABLA	CALC-ENDIREH-PISOS-2016-RESTANTES-0001	15bc446bc8dc1efc182b770d53726e842db71eeeab9a16ff1cad36eda0a06388	comunitaria_denuncia		pareja	C2	PUBLICABLE	1411	1328	0.02439992743670148	0.015664227715770952	0.032843742392502324	0.004414246743808699	964675.0	200	
RESULT-ENDIREH2016-REST-TABLA	CALC-ENDIREH-PISOS-2016-RESTANTES-0001	15bc446bc8dc1efc182b770d53726e842db71eeeab9a16ff1cad36eda0a06388	comunitaria_denuncia		entidad	01	PUBLICABLE	1603	620	0.05935154884411676	0.0474472364224619	0.07471014054507152	0.006638937728970366	228267.0	200	
RESULT-ENDIREH2016-REST-TABLA	CALC-ENDIREH-PISOS-2016-RESTANTES-0001	15bc446bc8dc1efc182b770d53726e842db71eeeab9a16ff1cad36eda0a06388	comunitaria_denuncia		entidad	02	PUBLICABLE	1179	570	0.07604383974274172	0.060631832350494186	0.08840283209627893	0.007708688741723469	491335.0	200	
RESULT-ENDIREH2016-REST-TABLA	CALC-ENDIREH-PISOS-2016-RESTANTES-0001	15bc446bc8dc1efc182b770d53726e842db71eeeab9a16ff1cad36eda0a06388	comunitaria_denuncia		entidad	03	PUBLICABLE	795	317	0.06123712191029009	0.04120672510230416	0.07731678866343385	0.00929951716077422	72701.0	200	
RESULT-ENDIREH2016-REST-TABLA	CALC-ENDIREH-PISOS-2016-RESTANTES-0001	15bc446bc8dc1efc182b770d53726e842db71eeeab9a16ff1cad36eda0a06388	comunitaria_denuncia		entidad	04	PUBLICABLE	910	437	0.06568359007587317	0.04703153518446034	0.08126410303468988	0.008750366135964945	95686.0	200	
RESULT-ENDIREH2016-REST-TABLA	CALC-ENDIREH-PISOS-2016-RESTANTES-0001	15bc446bc8dc1efc182b770d53726e842db71eeeab9a16ff1cad36eda0a06388	comunitaria_denuncia		entidad	05	PUBLICABLE	1227	568	0.041279007592770825	0.030839116634271826	0.05201724885640104	0.005738870884650069	402093.0	200	
RESULT-ENDIREH2016-REST-TABLA	CALC-ENDIREH-PISOS-2016-RESTANTES-0001	15bc446bc8dc1efc182b770d53726e842db71eeeab9a16ff1cad36eda0a06388	comunitaria_denuncia		entidad	06	PUBLICABLE	1051	473	0.061728260395305205	0.047315366038310554	0.07683114465804515	0.007579298325472191	91676.0	200	
RESULT-ENDIREH2016-REST-TABLA	CALC-ENDIREH-PISOS-2016-RESTANTES-0001	15bc446bc8dc1efc182b770d53726e842db71eeeab9a16ff1cad36eda0a06388	comunitaria_denuncia		entidad	07	PUBLICABLE	879	321	0.03438898053375812	0.023713107868907925	0.045212568483292075	0.0058068651491334404	458897.0	200	
RESULT-ENDIREH2016-REST-TABLA	CALC-ENDIREH-PISOS-2016-RESTANTES-0001	15bc446bc8dc1efc182b770d53726e842db71eeeab9a16ff1cad36eda0a06388	comunitaria_denuncia		entidad	08	PUBLICABLE	1157	560	0.060371622080160704	0.04390043982781829	0.07985010811570217	0.008731587398995625	515739.0	200	
RESULT-ENDIREH2016-REST-TABLA	CALC-ENDIREH-PISOS-2016-RESTANTES-0001	15bc446bc8dc1efc182b770d53726e842db71eeeab9a16ff1cad36eda0a06388	comunitaria_denuncia		entidad	09	PUBLICABLE	2201	820	0.05105101573725282	0.04053412309733231	0.06166706937879904	0.0055314806665381	2296017.0	200	
RESULT-ENDIREH2016-REST-TABLA	CALC-ENDIREH-PISOS-2016-RESTANTES-0001	15bc446bc8dc1efc182b770d53726e842db71eeeab9a16ff1cad36eda0a06388	comunitaria_denuncia		entidad	10	PUBLICABLE	1074	475	0.03444539085529279	0.02435171867541274	0.046911571831394	0.005921616296995767	224239.0	200	
RESULT-ENDIREH2016-REST-TABLA	CALC-ENDIREH-PISOS-2016-RESTANTES-0001	15bc446bc8dc1efc182b770d53726e842db71eeeab9a16ff1cad36eda0a06388	comunitaria_denuncia		entidad	11	PUBLICABLE	1313	472	0.035114749878821336	0.02592660279565368	0.04500581245156753	0.004985213996441447	831417.0	200	
RESULT-ENDIREH2016-REST-TABLA	CALC-ENDIREH-PISOS-2016-RESTANTES-0001	15bc446bc8dc1efc182b770d53726e842db71eeeab9a16ff1cad36eda0a06388	comunitaria_denuncia		entidad	12	PUBLICABLE	774	356	0.03851818761552381	0.025691246978519967	0.05244646383160694	0.006438574144754893	308919.0	200	
RESULT-ENDIREH2016-REST-TABLA	CALC-ENDIREH-PISOS-2016-RESTANTES-0001	15bc446bc8dc1efc182b770d53726e842db71eeeab9a16ff1cad36eda0a06388	comunitaria_denuncia		entidad	13	PUBLICABLE	1101	318	0.05371269177126918	0.03816275978865174	0.07275362493855844	0.00915702088496227	358500.0	200	
RESULT-ENDIREH2016-REST-TABLA	CALC-ENDIREH-PISOS-2016-RESTANTES-0001	15bc446bc8dc1efc182b770d53726e842db71eeeab9a16ff1cad36eda0a06388	comunitaria_denuncia		entidad	14	PUBLICABLE	1640	548	0.04635132966356158	0.036883155022887436	0.058911236343761525	0.005469338632299171	1458038.0	200	
RESULT-ENDIREH2016-REST-TABLA	CALC-ENDIREH-PISOS-2016-RESTANTES-0001	15bc446bc8dc1efc182b770d53726e842db71eeeab9a16ff1cad36eda0a06388	comunitaria_denuncia		entidad	15	PUBLICABLE	1735	640	0.04776217154251436	0.03791945255016113	0.060130811094933	0.0058097648244256	3356066.0	200	
RESULT-ENDIREH2016-REST-TABLA	CALC-ENDIREH-PISOS-2016-RESTANTES-0001	15bc446bc8dc1efc182b770d53726e842db71eeeab9a16ff1cad36eda0a06388	comunitaria_denuncia		entidad	16	PUBLICABLE	1064	350	0.03629144231705514	0.026571500797253574	0.0473112766880219	0.005324251722835203	554566.0	200	
RESULT-ENDIREH2016-REST-TABLA	CALC-ENDIREH-PISOS-2016-RESTANTES-0001	15bc446bc8dc1efc182b770d53726e842db71eeeab9a16ff1cad36eda0a06388	comunitaria_denuncia		entidad	17	PUBLICABLE	1187	474	0.05304914479443109	0.04212092822707738	0.06676305788020478	0.006778669067296431	287884.0	200	
RESULT-ENDIREH2016-REST-TABLA	CALC-ENDIREH-PISOS-2016-RESTANTES-0001	15bc446bc8dc1efc182b770d53726e842db71eeeab9a16ff1cad36eda0a06388	comunitaria_denuncia		entidad	18	PUBLICABLE	867	375	0.05224957518935027	0.03940541990924678	0.06765286624632887	0.008005894169833092	117111.0	200	
RESULT-ENDIREH2016-REST-TABLA	CALC-ENDIREH-PISOS-2016-RESTANTES-0001	15bc446bc8dc1efc182b770d53726e842db71eeeab9a16ff1cad36eda0a06388	comunitaria_denuncia		entidad	19	PUBLICABLE	1133	549	0.05898470367413864	0.04488572316301888	0.073921191014542	0.007910605470977555	695265.0	200	
RESULT-ENDIREH2016-REST-TABLA	CALC-ENDIREH-PISOS-2016-RESTANTES-0001	15bc446bc8dc1efc182b770d53726e842db71eeeab9a16ff1cad36eda0a06388	comunitaria_denuncia		entidad	20	PUBLICABLE	946	301	0.06701281604142004	0.05203703661350653	0.08443149235451751	0.00877988618405945	407146.0	200	
RESULT-ENDIREH2016-REST-TABLA	CALC-ENDIREH-PISOS-2016-RESTANTES-0001	15bc446bc8dc1efc182b770d53726e842db71eeeab9a16ff1cad36eda0a06388	comunitaria_denuncia		entidad	21	PUBLICABLE	1793	612	0.05132924311095965	0.03925316114548003	0.06417610977174878	0.006543777589984707	842171.0	200	
RESULT-ENDIREH2016-REST-TABLA	CALC-ENDIREH-PISOS-2016-RESTANTES-0001	15bc446bc8dc1efc182b770d53726e842db71eeeab9a16ff1cad36eda0a06388	comunitaria_denuncia		entidad	22	PUBLICABLE	1580	540	0.041647131280568836	0.03151325272305276	0.053798478824189755	0.005574161626590566	360457.0	200	
RESULT-ENDIREH2016-REST-TABLA	CALC-ENDIREH-PISOS-2016-RESTANTES-0001	15bc446bc8dc1efc182b770d53726e842db71eeeab9a16ff1cad36eda0a06388	comunitaria_denuncia		entidad	23	PUBLICABLE	1188	554	0.04757995508702432	0.03499609678245229	0.06287045056297447	0.007205002952413739	230223.0	200	
RESULT-ENDIREH2016-REST-TABLA	CALC-ENDIREH-PISOS-2016-RESTANTES-0001	15bc446bc8dc1efc182b770d53726e842db71eeeab9a16ff1cad36eda0a06388	comunitaria_denuncia		entidad	24	PUBLICABLE	1055	452	0.06454535928051434	0.04700448914469383	0.08475177392516811	0.009456964377601464	324454.0	200	
RESULT-ENDIREH2016-REST-TABLA	CALC-ENDIREH-PISOS-2016-RESTANTES-0001	15bc446bc8dc1efc182b770d53726e842db71eeeab9a16ff1cad36eda0a06388	comunitaria_denuncia		entidad	25	PUBLICABLE	976	434	0.06520230516247774	0.04908515805304705	0.08427133968020081	0.009186230001093136	331430.0	200	
RESULT-ENDIREH2016-REST-TABLA	CALC-ENDIREH-PISOS-2016-RESTANTES-0001	15bc446bc8dc1efc182b770d53726e842db71eeeab9a16ff1cad36eda0a06388	comunitaria_denuncia		entidad	26	PUBLICABLE	1081	508	0.05223507478496674	0.03971313170899947	0.06540966937611999	0.006815670624944102	354015.0	200	
RESULT-ENDIREH2016-REST-TABLA	CALC-ENDIREH-PISOS-2016-RESTANTES-0001	15bc446bc8dc1efc182b770d53726e842db71eeeab9a16ff1cad36eda0a06388	comunitaria_denuncia		entidad	27	PUBLICABLE	933	283	0.06083733011125221	0.04459870633745039	0.07944460046572654	0.008772121130762122	243321.0	200	
RESULT-ENDIREH2016-REST-TABLA	CALC-ENDIREH-PISOS-2016-RESTANTES-0001	15bc446bc8dc1efc182b770d53726e842db71eeeab9a16ff1cad36eda0a06388	comunitaria_denuncia		entidad	28	PUBLICABLE	1008	515	0.03340191049321177	0.022000318097920076	0.0452562005110152	0.006065552552471485	441352.0	200	
RESULT-ENDIREH2016-REST-TABLA	CALC-ENDIREH-PISOS-2016-RESTANTES-0001	15bc446bc8dc1efc182b770d53726e842db71eeeab9a16ff1cad36eda0a06388	comunitaria_denuncia		entidad	29	PUBLICABLE	1029	477	0.051865937403410695	0.03633780493350167	0.06878028058082138	0.008130814959475789	148826.0	200	
RESULT-ENDIREH2016-REST-TABLA	CALC-ENDIREH-PISOS-2016-RESTANTES-0001	15bc446bc8dc1efc182b770d53726e842db71eeeab9a16ff1cad36eda0a06388	comunitaria_denuncia		entidad	30	PUBLICABLE	1008	367	0.04533391144767225	0.032076417001433995	0.059352156754002544	0.0071317599629863926	991730.0	200	
RESULT-ENDIREH2016-REST-TABLA	CALC-ENDIREH-PISOS-2016-RESTANTES-0001	15bc446bc8dc1efc182b770d53726e842db71eeeab9a16ff1cad36eda0a06388	comunitaria_denuncia		entidad	31	PUBLICABLE	1191	493	0.06067125505810124	0.04681906442333288	0.07457963249482835	0.007187166091009077	308169.0	200	
RESULT-ENDIREH2016-REST-TABLA	CALC-ENDIREH-PISOS-2016-RESTANTES-0001	15bc446bc8dc1efc182b770d53726e842db71eeeab9a16ff1cad36eda0a06388	comunitaria_denuncia		entidad	32	PUBLICABLE	953	354	0.058843038145716516	0.042576519781822295	0.07520137820326038	0.00851373492299622	162823.0	200	
RESULT-ENDIREH2016-REST-TABLA	CALC-ENDIREH-PISOS-2016-RESTANTES-0001	15bc446bc8dc1efc182b770d53726e842db71eeeab9a16ff1cad36eda0a06388	comunitaria_institucion_01		nacional	MX	PUBLICABLE	1116	1060	0.03535623333054902	0.021567785182300098	0.048624810963124585	0.007415511695333804	514789.0	200	
RESULT-ENDIREH2016-REST-TABLA	CALC-ENDIREH-PISOS-2016-RESTANTES-0001	15bc446bc8dc1efc182b770d53726e842db71eeeab9a16ff1cad36eda0a06388	comunitaria_institucion_02		nacional	MX	PUBLICABLE	1116	1060	0.04920851067136244	0.03146088213827618	0.06727505249360134	0.009203200172373712	514789.0	200	
RESULT-ENDIREH2016-REST-TABLA	CALC-ENDIREH-PISOS-2016-RESTANTES-0001	15bc446bc8dc1efc182b770d53726e842db71eeeab9a16ff1cad36eda0a06388	comunitaria_institucion_03		nacional	MX	PUBLICABLE	1116	1060	0.1369629110179122	0.10837101562957356	0.167399048194825	0.015666041582509956	514789.0	200	
RESULT-ENDIREH2016-REST-TABLA	CALC-ENDIREH-PISOS-2016-RESTANTES-0001	15bc446bc8dc1efc182b770d53726e842db71eeeab9a16ff1cad36eda0a06388	comunitaria_institucion_04		nacional	MX	PUBLICABLE	1116	1060	0.0715807835831768	0.05235607063393704	0.09204354505493048	0.010407966283555649	514789.0	200	
RESULT-ENDIREH2016-REST-TABLA	CALC-ENDIREH-PISOS-2016-RESTANTES-0001	15bc446bc8dc1efc182b770d53726e842db71eeeab9a16ff1cad36eda0a06388	comunitaria_institucion_05		nacional	MX	PUBLICABLE	1116	1060	0.051539562811171176	0.03500315612560601	0.07518986720687655	0.010615780686444538	514789.0	200	
RESULT-ENDIREH2016-REST-TABLA	CALC-ENDIREH-PISOS-2016-RESTANTES-0001	15bc446bc8dc1efc182b770d53726e842db71eeeab9a16ff1cad36eda0a06388	comunitaria_institucion_06		nacional	MX	PUBLICABLE	1116	1060	0.39599719496725844	0.3575257958387507	0.43751580240942856	0.020724816828903127	514789.0	200	
RESULT-ENDIREH2016-REST-TABLA	CALC-ENDIREH-PISOS-2016-RESTANTES-0001	15bc446bc8dc1efc182b770d53726e842db71eeeab9a16ff1cad36eda0a06388	comunitaria_institucion_07		nacional	MX	PUBLICABLE	1116	1060	0.08546414161918767	0.05602370334989481	0.11785175913269483	0.016236153011911367	514789.0	200	
RESULT-ENDIREH2016-REST-TABLA	CALC-ENDIREH-PISOS-2016-RESTANTES-0001	15bc446bc8dc1efc182b770d53726e842db71eeeab9a16ff1cad36eda0a06388	comunitaria_institucion_08		nacional	MX	PUBLICABLE	1116	1060	0.04696487298679653	0.03085865420641678	0.06870357810055071	0.00950095395737958	514789.0	200	
RESULT-ENDIREH2016-REST-TABLA	CALC-ENDIREH-PISOS-2016-RESTANTES-0001	15bc446bc8dc1efc182b770d53726e842db71eeeab9a16ff1cad36eda0a06388	comunitaria_institucion_09		nacional	MX	PUBLICABLE	1116	1060	0.0865558510379981	0.05738552354521751	0.11460710880899744	0.0152842481420365	514789.0	200	
RESULT-ENDIREH2016-REST-TABLA	CALC-ENDIREH-PISOS-2016-RESTANTES-0001	15bc446bc8dc1efc182b770d53726e842db71eeeab9a16ff1cad36eda0a06388	comunitaria_institucion_10		nacional	MX	PUBLICABLE	1116	1060	0.4640056411461783	0.4171325006974617	0.5087663702082565	0.02364607808549498	514789.0	200	
RESULT-ENDIREH2016-REST-TABLA	CALC-ENDIREH-PISOS-2016-RESTANTES-0001	15bc446bc8dc1efc182b770d53726e842db71eeeab9a16ff1cad36eda0a06388	comunitaria_razon_01		nacional	MX	PUBLICABLE	34897	14761	0.08859538434855396	0.08387339491275142	0.0932379949129854	0.0024941699403424594	16749315.0	200	
RESULT-ENDIREH2016-REST-TABLA	CALC-ENDIREH-PISOS-2016-RESTANTES-0001	15bc446bc8dc1efc182b770d53726e842db71eeeab9a16ff1cad36eda0a06388	comunitaria_razon_02		nacional	MX	PUBLICABLE	34897	14761	0.04840365113438967	0.044777328175463045	0.05197305818996162	0.0019514643611131103	16749315.0	200	
RESULT-ENDIREH2016-REST-TABLA	CALC-ENDIREH-PISOS-2016-RESTANTES-0001	15bc446bc8dc1efc182b770d53726e842db71eeeab9a16ff1cad36eda0a06388	comunitaria_razon_03		nacional	MX	PUBLICABLE	34897	14761	0.0739574125867237	0.07020853759316154	0.07819775639436821	0.0020094310420104566	16749315.0	200	
RESULT-ENDIREH2016-REST-TABLA	CALC-ENDIREH-PISOS-2016-RESTANTES-0001	15bc446bc8dc1efc182b770d53726e842db71eeeab9a16ff1cad36eda0a06388	comunitaria_razon_04		nacional	MX	PUBLICABLE	34897	14761	0.019620444179358976	0.017403660289904484	0.02173977694309141	0.0011163994578132733	16749315.0	200	
RESULT-ENDIREH2016-REST-TABLA	CALC-ENDIREH-PISOS-2016-RESTANTES-0001	15bc446bc8dc1efc182b770d53726e842db71eeeab9a16ff1cad36eda0a06388	comunitaria_razon_05		nacional	MX	PUBLICABLE	34897	14761	0.006321930180428275	0.005326155936563931	0.007399304661539594	0.0005397770179433175	16749315.0	200	
RESULT-ENDIREH2016-REST-TABLA	CALC-ENDIREH-PISOS-2016-RESTANTES-0001	15bc446bc8dc1efc182b770d53726e842db71eeeab9a16ff1cad36eda0a06388	comunitaria_razon_06		nacional	MX	PUBLICABLE	34897	14761	0.4967340455415639	0.48774399310551475	0.5034473339584126	0.004229500255992346	16749315.0	200	
RESULT-ENDIREH2016-REST-TABLA	CALC-ENDIREH-PISOS-2016-RESTANTES-0001	15bc446bc8dc1efc182b770d53726e842db71eeeab9a16ff1cad36eda0a06388	comunitaria_razon_07		nacional	MX	PUBLICABLE	34897	14761	0.022698958136496927	0.020065357718802856	0.02527852551903394	0.001294733099812663	16749315.0	200	
RESULT-ENDIREH2016-REST-TABLA	CALC-ENDIREH-PISOS-2016-RESTANTES-0001	15bc446bc8dc1efc182b770d53726e842db71eeeab9a16ff1cad36eda0a06388	comunitaria_razon_08		nacional	MX	PUBLICABLE	34897	14761	0.15169700969860558	0.1460811671836413	0.15843668116922077	0.003301379381153086	16749315.0	200	
RESULT-ENDIREH2016-REST-TABLA	CALC-ENDIREH-PISOS-2016-RESTANTES-0001	15bc446bc8dc1efc182b770d53726e842db71eeeab9a16ff1cad36eda0a06388	comunitaria_razon_09		nacional	MX	PUBLICABLE	34897	14761	0.14487082009025443	0.13924536730317766	0.15173324352801612	0.003292054251903385	16749315.0	200	
RESULT-ENDIREH2016-REST-TABLA	CALC-ENDIREH-PISOS-2016-RESTANTES-0001	15bc446bc8dc1efc182b770d53726e842db71eeeab9a16ff1cad36eda0a06388	comunitaria_razon_10		nacional	MX	PUBLICABLE	34897	14761	0.10945110292570173	0.10372843592833962	0.11349542916297556	0.0026138517893804403	16749315.0	200	
RESULT-ENDIREH2016-REST-TABLA	CALC-ENDIREH-PISOS-2016-RESTANTES-0001	15bc446bc8dc1efc182b770d53726e842db71eeeab9a16ff1cad36eda0a06388	comunitaria_razon_11		nacional	MX	PUBLICABLE	34897	14761	0.032948392217830996	0.030345362202325556	0.035440554520784616	0.001374385712202729	16749315.0	200	
RESULT-ENDIREH2016-REST-TABLA	CALC-ENDIREH-PISOS-2016-RESTANTES-0001	15bc446bc8dc1efc182b770d53726e842db71eeeab9a16ff1cad36eda0a06388	familiar_anual		nacional	MX	PUBLICABLE	111256	17926	0.10312332398744649	0.10054304787701332	0.1057825475862912	0.0014748122175353724	46501740.0	200	
RESULT-ENDIREH2016-REST-TABLA	CALC-ENDIREH-PISOS-2016-RESTANTES-0001	15bc446bc8dc1efc182b770d53726e842db71eeeab9a16ff1cad36eda0a06388	familiar_anual		edad	15-29	PUBLICABLE	31140	13202	0.1421041946424845	0.13722327214994795	0.14751754544645773	0.0025329316915247415	15200628.0	200	
RESULT-ENDIREH2016-REST-TABLA	CALC-ENDIREH-PISOS-2016-RESTANTES-0001	15bc446bc8dc1efc182b770d53726e842db71eeeab9a16ff1cad36eda0a06388	familiar_anual		edad	30-44	PUBLICABLE	36348	14091	0.09235274416837119	0.08757368800152823	0.09753912735188965	0.002563184739009933	13767723.0	200	
RESULT-ENDIREH2016-REST-TABLA	CALC-ENDIREH-PISOS-2016-RESTANTES-0001	15bc446bc8dc1efc182b770d53726e842db71eeeab9a16ff1cad36eda0a06388	familiar_anual		edad	45-59	PUBLICABLE	25175	12383	0.0805786183194572	0.07625807842933628	0.08501660951115551	0.0023861265142133847	10396629.0	200	
RESULT-ENDIREH2016-REST-TABLA	CALC-ENDIREH-PISOS-2016-RESTANTES-0001	15bc446bc8dc1efc182b770d53726e842db71eeeab9a16ff1cad36eda0a06388	familiar_anual		edad	60+	PUBLICABLE	18593	9630	0.07371804572382987	0.06823787774313299	0.08000185616771015	0.002995997118176682	7136760.0	200	
RESULT-ENDIREH2016-REST-TABLA	CALC-ENDIREH-PISOS-2016-RESTANTES-0001	15bc446bc8dc1efc182b770d53726e842db71eeeab9a16ff1cad36eda0a06388	familiar_anual		escolaridad	ninguno	PUBLICABLE	7789	4160	0.0925601836524105	0.08328628648771852	0.10457601648839891	0.005283514857186504	3104996.0	200	
RESULT-ENDIREH2016-REST-TABLA	CALC-ENDIREH-PISOS-2016-RESTANTES-0001	15bc446bc8dc1efc182b770d53726e842db71eeeab9a16ff1cad36eda0a06388	familiar_anual		escolaridad	basica	PUBLICABLE	64611	15852	0.10665892238399478	0.10336064916963954	0.11107223718962042	0.002088108429488063	25846164.0	200	
RESULT-ENDIREH2016-REST-TABLA	CALC-ENDIREH-PISOS-2016-RESTANTES-0001	15bc446bc8dc1efc182b770d53726e842db71eeeab9a16ff1cad36eda0a06388	familiar_anual		escolaridad	media_superior	PUBLICABLE	21552	11778	0.11011996055171001	0.10492032446124218	0.11520528793793398	0.00285977171167453	9822479.0	200	
RESULT-ENDIREH2016-REST-TABLA	CALC-ENDIREH-PISOS-2016-RESTANTES-0001	15bc446bc8dc1efc182b770d53726e842db71eeeab9a16ff1cad36eda0a06388	familiar_anual		escolaridad	superior	PUBLICABLE	17298	10020	0.08664590529829033	0.08100489898528969	0.09314626920292071	0.0031679306040518036	7726851.0	200	
RESULT-ENDIREH2016-REST-TABLA	CALC-ENDIREH-PISOS-2016-RESTANTES-0001	15bc446bc8dc1efc182b770d53726e842db71eeeab9a16ff1cad36eda0a06388	familiar_anual		localidad	U	PUBLICABLE	55373	14485	0.10759340229812317	0.10376137865686219	0.11133029223550892	0.001970304282483118	25977894.0	200	
RESULT-ENDIREH2016-REST-TABLA	CALC-ENDIREH-PISOS-2016-RESTANTES-0001	15bc446bc8dc1efc182b770d53726e842db71eeeab9a16ff1cad36eda0a06388	familiar_anual		localidad	C	PUBLICABLE	28726	1793	0.1005150992599624	0.0948560323806193	0.10665517092948947	0.0031452573852103305	10686484.0	200	
RESULT-ENDIREH2016-REST-TABLA	CALC-ENDIREH-PISOS-2016-RESTANTES-0001	15bc446bc8dc1efc182b770d53726e842db71eeeab9a16ff1cad36eda0a06388	familiar_anual		localidad	R	PUBLICABLE	27157	1648	0.09415237540308062	0.08930641126705488	0.1001860523090559	0.002918457834538783	9837362.0	200	
RESULT-ENDIREH2016-REST-TABLA	CALC-ENDIREH-PISOS-2016-RESTANTES-0001	15bc446bc8dc1efc182b770d53726e842db71eeeab9a16ff1cad36eda0a06388	familiar_anual		pareja	A1	PUBLICABLE	70750	17108	0.08712819226484005	0.08384001912206718	0.09051107243444	0.001766348255543421	25682158.0	200	
RESULT-ENDIREH2016-REST-TABLA	CALC-ENDIREH-PISOS-2016-RESTANTES-0001	15bc446bc8dc1efc182b770d53726e842db71eeeab9a16ff1cad36eda0a06388	familiar_anual		pareja	A2	PUBLICABLE	2105	1748	0.11250789076360006	0.09344659540672147	0.13411580622960603	0.010422114146725139	885529.0	200	
RESULT-ENDIREH2016-REST-TABLA	CALC-ENDIREH-PISOS-2016-RESTANTES-0001	15bc446bc8dc1efc182b770d53726e842db71eeeab9a16ff1cad36eda0a06388	familiar_anual		pareja	B1	PUBLICABLE	11241	7830	0.11058701374578085	0.10239688446420474	0.11886581506346841	0.004176204698695534	5038928.0	200	
RESULT-ENDIREH2016-REST-TABLA	CALC-ENDIREH-PISOS-2016-RESTANTES-0001	15bc446bc8dc1efc182b770d53726e842db71eeeab9a16ff1cad36eda0a06388	familiar_anual		pareja	B2	PUBLICABLE	8349	5837	0.08807781950487166	0.0771461190197498	0.0983338646645578	0.00544686754476868	3460315.0	200	
RESULT-ENDIREH2016-REST-TABLA	CALC-ENDIREH-PISOS-2016-RESTANTES-0001	15bc446bc8dc1efc182b770d53726e842db71eeeab9a16ff1cad36eda0a06388	familiar_anual		pareja	C1	PUBLICABLE	13778	9222	0.15265034372957004	0.14405934112303992	0.16168656237946555	0.0046135088509870565	8397590.0	200	
RESULT-ENDIREH2016-REST-TABLA	CALC-ENDIREH-PISOS-2016-RESTANTES-0001	15bc446bc8dc1efc182b770d53726e842db71eeeab9a16ff1cad36eda0a06388	familiar_anual		pareja	C2	PUBLICABLE	5033	4011	0.10346073053647743	0.09317395008686119	0.1144067593665147	0.005886945288930701	3037220.0	200	
RESULT-ENDIREH2016-REST-TABLA	CALC-ENDIREH-PISOS-2016-RESTANTES-0001	15bc446bc8dc1efc182b770d53726e842db71eeeab9a16ff1cad36eda0a06388	familiar_anual		entidad	01	PUBLICABLE	3525	665	0.12480430589003128	0.11395950596150962	0.13853774459227372	0.006663576048005023	484174.0	200	
RESULT-ENDIREH2016-REST-TABLA	CALC-ENDIREH-PISOS-2016-RESTANTES-0001	15bc446bc8dc1efc182b770d53726e842db71eeeab9a16ff1cad36eda0a06388	familiar_anual		entidad	02	PUBLICABLE	3175	715	0.07786223416596372	0.06585702891336116	0.09066591540552807	0.0060620907358720924	1301658.0	200	
RESULT-ENDIREH2016-REST-TABLA	CALC-ENDIREH-PISOS-2016-RESTANTES-0001	15bc446bc8dc1efc182b770d53726e842db71eeeab9a16ff1cad36eda0a06388	familiar_anual		entidad	03	PUBLICABLE	3187	447	0.06795171202190034	0.057092575204119256	0.07686776520952994	0.005457883553680371	283466.0	200	
RESULT-ENDIREH2016-REST-TABLA	CALC-ENDIREH-PISOS-2016-RESTANTES-0001	15bc446bc8dc1efc182b770d53726e842db71eeeab9a16ff1cad36eda0a06388	familiar_anual		entidad	04	PUBLICABLE	3462	554	0.08944254073435301	0.07703334225156125	0.10060605059661806	0.005824512436551223	352528.0	200	
RESULT-ENDIREH2016-REST-TABLA	CALC-ENDIREH-PISOS-2016-RESTANTES-0001	15bc446bc8dc1efc182b770d53726e842db71eeeab9a16ff1cad36eda0a06388	familiar_anual		entidad	05	PUBLICABLE	3491	699	0.11575627069491636	0.10363480833220945	0.12897220420279912	0.006549870699902596	1108968.0	200	
RESULT-ENDIREH2016-REST-TABLA	CALC-ENDIREH-PISOS-2016-RESTANTES-0001	15bc446bc8dc1efc182b770d53726e842db71eeeab9a16ff1cad36eda0a06388	familiar_anual		entidad	06	PUBLICABLE	3326	620	0.09727511714802548	0.08635338116898171	0.10973290480835811	0.006153502093848441	278067.0	200	
RESULT-ENDIREH2016-REST-TABLA	CALC-ENDIREH-PISOS-2016-RESTANTES-0001	15bc446bc8dc1efc182b770d53726e842db71eeeab9a16ff1cad36eda0a06388	familiar_anual		entidad	07	PUBLICABLE	3724	370	0.07562542150925745	0.06660248606581413	0.0860818112686736	0.005460768652548886	1857907.0	200	
RESULT-ENDIREH2016-REST-TABLA	CALC-ENDIREH-PISOS-2016-RESTANTES-0001	15bc446bc8dc1efc182b770d53726e842db71eeeab9a16ff1cad36eda0a06388	familiar_anual		entidad	08	PUBLICABLE	3093	690	0.09799865315122999	0.08593214717344101	0.10848555125007951	0.005895766907819815	1363182.0	200	
RESULT-ENDIREH2016-REST-TABLA	CALC-ENDIREH-PISOS-2016-RESTANTES-0001	15bc446bc8dc1efc182b770d53726e842db71eeeab9a16ff1cad36eda0a06388	familiar_anual		entidad	09	PUBLICABLE	3633	878	0.09720818588523701	0.0860920363469446	0.10994693559414392	0.0060436377110751165	3756124.0	200	
RESULT-ENDIREH2016-REST-TABLA	CALC-ENDIREH-PISOS-2016-RESTANTES-0001	15bc446bc8dc1efc182b770d53726e842db71eeeab9a16ff1cad36eda0a06388	familiar_anual		entidad	10	PUBLICABLE	3261	570	0.1241452077189334	0.11219788314146334	0.1368711820709949	0.006511939197335643	652059.0	200	
RESULT-ENDIREH2016-REST-TABLA	CALC-ENDIREH-PISOS-2016-RESTANTES-0001	15bc446bc8dc1efc182b770d53726e842db71eeeab9a16ff1cad36eda0a06388	familiar_anual		entidad	11	PUBLICABLE	3541	513	0.08785864145391134	0.07643861318762304	0.09943495878608602	0.005651523477017524	2202060.0	200	
RESULT-ENDIREH2016-REST-TABLA	CALC-ENDIREH-PISOS-2016-RESTANTES-0001	15bc446bc8dc1efc182b770d53726e842db71eeeab9a16ff1cad36eda0a06388	familiar_anual		entidad	12	PUBLICABLE	3381	424	0.09204052254291498	0.08150872340140412	0.10652303159606574	0.006215704978621424	1299721.0	200	
RESULT-ENDIREH2016-REST-TABLA	CALC-ENDIREH-PISOS-2016-RESTANTES-0001	15bc446bc8dc1efc182b770d53726e842db71eeeab9a16ff1cad36eda0a06388	familiar_anual		entidad	13	PUBLICABLE	3555	349	0.10803558010891579	0.09452863630860953	0.11811014747980983	0.006553973650641337	1117928.0	200	
RESULT-ENDIREH2016-REST-TABLA	CALC-ENDIREH-PISOS-2016-RESTANTES-0001	15bc446bc8dc1efc182b770d53726e842db71eeeab9a16ff1cad36eda0a06388	familiar_anual		entidad	14	PUBLICABLE	3454	579	0.1281380723757105	0.11381272369038686	0.1422233873896937	0.007405637603191953	3026181.0	200	
RESULT-ENDIREH2016-REST-TABLA	CALC-ENDIREH-PISOS-2016-RESTANTES-0001	15bc446bc8dc1efc182b770d53726e842db71eeeab9a16ff1cad36eda0a06388	familiar_anual		entidad	15	PUBLICABLE	3531	711	0.1234014737964731	0.10889525197302405	0.13391959147342017	0.006496867430770418	6685455.0	200	
RESULT-ENDIREH2016-REST-TABLA	CALC-ENDIREH-PISOS-2016-RESTANTES-0001	15bc446bc8dc1efc182b770d53726e842db71eeeab9a16ff1cad36eda0a06388	familiar_anual		entidad	16	PUBLICABLE	3539	390	0.12283642825225066	0.11221487009780147	0.13765490598578228	0.00694102721925733	1720939.0	200	
RESULT-ENDIREH2016-REST-TABLA	CALC-ENDIREH-PISOS-2016-RESTANTES-0001	15bc446bc8dc1efc182b770d53726e842db71eeeab9a16ff1cad36eda0a06388	familiar_anual		entidad	17	PUBLICABLE	3311	572	0.09885150595860555	0.08521621284709703	0.11232533913133394	0.006540367499637255	772664.0	200	
RESULT-ENDIREH2016-REST-TABLA	CALC-ENDIREH-PISOS-2016-RESTANTES-0001	15bc446bc8dc1efc182b770d53726e842db71eeeab9a16ff1cad36eda0a06388	familiar_anual		entidad	18	PUBLICABLE	3579	445	0.09450870820925356	0.08265983680276082	0.10612423621454675	0.0060329128701944075	467777.0	200	
RESULT-ENDIREH2016-REST-TABLA	CALC-ENDIREH-PISOS-2016-RESTANTES-0001	15bc446bc8dc1efc182b770d53726e842db71eeeab9a16ff1cad36eda0a06388	familiar_anual		entidad	19	PUBLICABLE	3353	740	0.06879280452582753	0.05880399570437363	0.07846046536928451	0.00491903934467475	1947224.0	200	
RESULT-ENDIREH2016-REST-TABLA	CALC-ENDIREH-PISOS-2016-RESTANTES-0001	15bc446bc8dc1efc182b770d53726e842db71eeeab9a16ff1cad36eda0a06388	familiar_anual		entidad	20	PUBLICABLE	3673	331	0.1129980788998729	0.09818178394612506	0.12809631443089595	0.007395374079421084	1513716.0	200	
RESULT-ENDIREH2016-REST-TABLA	CALC-ENDIREH-PISOS-2016-RESTANTES-0001	15bc446bc8dc1efc182b770d53726e842db71eeeab9a16ff1cad36eda0a06388	familiar_anual		entidad	21	PUBLICABLE	4701	687	0.1107882096032822	0.10020878643246077	0.12284287955043495	0.006472161329161514	2357444.0	200	
RESULT-ENDIREH2016-REST-TABLA	CALC-ENDIREH-PISOS-2016-RESTANTES-0001	15bc446bc8dc1efc182b770d53726e842db71eeeab9a16ff1cad36eda0a06388	familiar_anual		entidad	22	PUBLICABLE	3489	574	0.11524439643532271	0.10438531018317768	0.12750672905826912	0.00620415688754678	770224.0	200	
RESULT-ENDIREH2016-REST-TABLA	CALC-ENDIREH-PISOS-2016-RESTANTES-0001	15bc446bc8dc1efc182b770d53726e842db71eeeab9a16ff1cad36eda0a06388	familiar_anual		entidad	23	PUBLICABLE	3037	696	0.10048010267814246	0.09034863141572913	0.11163355302732104	0.005682746952732232	582792.0	200	
RESULT-ENDIREH2016-REST-TABLA	CALC-ENDIREH-PISOS-2016-RESTANTES-0001	15bc446bc8dc1efc182b770d53726e842db71eeeab9a16ff1cad36eda0a06388	familiar_anual		entidad	24	PUBLICABLE	3498	514	0.09019231680395753	0.07911836121006972	0.10223144783904847	0.0063302903783902425	1034179.0	200	
RESULT-ENDIREH2016-REST-TABLA	CALC-ENDIREH-PISOS-2016-RESTANTES-0001	15bc446bc8dc1efc182b770d53726e842db71eeeab9a16ff1cad36eda0a06388	familiar_anual		entidad	25	PUBLICABLE	3599	546	0.09753564776621329	0.08670612470929402	0.109474467745675	0.006130462683778424	1143059.0	200	
RESULT-ENDIREH2016-REST-TABLA	CALC-ENDIREH-PISOS-2016-RESTANTES-0001	15bc446bc8dc1efc182b770d53726e842db71eeeab9a16ff1cad36eda0a06388	familiar_anual		entidad	26	PUBLICABLE	3367	628	0.08735161151572678	0.07770705714242658	0.09703432341455023	0.005204767473987472	1102006.0	200	
RESULT-ENDIREH2016-REST-TABLA	CALC-ENDIREH-PISOS-2016-RESTANTES-0001	15bc446bc8dc1efc182b770d53726e842db71eeeab9a16ff1cad36eda0a06388	familiar_anual		entidad	27	PUBLICABLE	3586	342	0.08068698212022522	0.07025747223780672	0.09025345903609922	0.0055119716723429435	894754.0	200	
RESULT-ENDIREH2016-REST-TABLA	CALC-ENDIREH-PISOS-2016-RESTANTES-0001	15bc446bc8dc1efc182b770d53726e842db71eeeab9a16ff1cad36eda0a06388	familiar_anual		entidad	28	PUBLICABLE	3172	698	0.0812551677297425	0.07137397500644	0.09177884935035016	0.005209568433678092	1354560.0	200	
RESULT-ENDIREH2016-REST-TABLA	CALC-ENDIREH-PISOS-2016-RESTANTES-0001	15bc446bc8dc1efc182b770d53726e842db71eeeab9a16ff1cad36eda0a06388	familiar_anual		entidad	29	PUBLICABLE	3571	596	0.10023558867796871	0.08953860928487194	0.11182350497672255	0.0058554660625116176	493657.0	200	
RESULT-ENDIREH2016-REST-TABLA	CALC-ENDIREH-PISOS-2016-RESTANTES-0001	15bc446bc8dc1efc182b770d53726e842db71eeeab9a16ff1cad36eda0a06388	familiar_anual		entidad	30	PUBLICABLE	3421	438	0.11106834980241533	0.0998775938367906	0.12355608225425854	0.006089114926930944	3159658.0	200	
RESULT-ENDIREH2016-REST-TABLA	CALC-ENDIREH-PISOS-2016-RESTANTES-0001	15bc446bc8dc1efc182b770d53726e842db71eeeab9a16ff1cad36eda0a06388	familiar_anual		entidad	31	PUBLICABLE	3332	557	0.09120737999712474	0.07977312305105687	0.10289217846692927	0.005986272356002761	827751.0	200	
RESULT-ENDIREH2016-REST-TABLA	CALC-ENDIREH-PISOS-2016-RESTANTES-0001	15bc446bc8dc1efc182b770d53726e842db71eeeab9a16ff1cad36eda0a06388	familiar_anual		entidad	32	PUBLICABLE	3689	388	0.09481943111731976	0.08660760801388069	0.1062437505534541	0.005374247265561189	589858.0	200	
RESULT-ENDIREH2016-REST-TABLA	CALC-ENDIREH-PISOS-2016-RESTANTES-0001	15bc446bc8dc1efc182b770d53726e842db71eeeab9a16ff1cad36eda0a06388	familiar_ayuda		nacional	MX	PUBLICABLE	10475	7048	0.03962105462479899	0.03526545908574883	0.04418948453416495	0.002472878299758631	4795203.0	200	
RESULT-ENDIREH2016-REST-TABLA	CALC-ENDIREH-PISOS-2016-RESTANTES-0001	15bc446bc8dc1efc182b770d53726e842db71eeeab9a16ff1cad36eda0a06388	familiar_ayuda		edad	15-29	PUBLICABLE	4148	3493	0.02248303645293469	0.017233211104579756	0.026961508378428596	0.0025744065988085848	2160073.0	200	
RESULT-ENDIREH2016-REST-TABLA	CALC-ENDIREH-PISOS-2016-RESTANTES-0001	15bc446bc8dc1efc182b770d53726e842db71eeeab9a16ff1cad36eda0a06388	familiar_ayuda		edad	30-44	PUBLICABLE	3088	2652	0.055605759240951735	0.043777590498653804	0.06857541374051804	0.006209059710631037	1271487.0	200	
RESULT-ENDIREH2016-REST-TABLA	CALC-ENDIREH-PISOS-2016-RESTANTES-0001	15bc446bc8dc1efc182b770d53726e842db71eeeab9a16ff1cad36eda0a06388	familiar_ayuda		edad	45-59	PUBLICABLE	1975	1801	0.0547087064575659	0.04427344293219343	0.0685662834701592	0.0063693972060240725	837746.0	200	
RESULT-ENDIREH2016-REST-TABLA	CALC-ENDIREH-PISOS-2016-RESTANTES-0001	15bc446bc8dc1efc182b770d53726e842db71eeeab9a16ff1cad36eda0a06388	familiar_ayuda		edad	60+	PUBLICABLE	1264	1162	0.0473324624403638	0.033397028307167585	0.06534777107721432	0.00811709322633142	525897.0	200	
RESULT-ENDIREH2016-REST-TABLA	CALC-ENDIREH-PISOS-2016-RESTANTES-0001	15bc446bc8dc1efc182b770d53726e842db71eeeab9a16ff1cad36eda0a06388	familiar_ayuda		escolaridad	ninguno	PUBLICABLE	704	637	0.021881137094864687	0.012466254271468984	0.030303219936353768	0.004922966520049102	287188.0	200	
RESULT-ENDIREH2016-REST-TABLA	CALC-ENDIREH-PISOS-2016-RESTANTES-0001	15bc446bc8dc1efc182b770d53726e842db71eeeab9a16ff1cad36eda0a06388	familiar_ayuda		escolaridad	basica	PUBLICABLE	6129	4549	0.042991608880685914	0.03621755634845281	0.04956560842935779	0.0034909089088703453	2756724.0	200	
RESULT-ENDIREH2016-REST-TABLA	CALC-ENDIREH-PISOS-2016-RESTANTES-0001	15bc446bc8dc1efc182b770d53726e842db71eeeab9a16ff1cad36eda0a06388	familiar_ayuda		escolaridad	media_superior	PUBLICABLE	2235	2066	0.036518248492351045	0.028584054215587348	0.05011101045908709	0.005725514131975471	1081651.0	200	
RESULT-ENDIREH2016-REST-TABLA	CALC-ENDIREH-PISOS-2016-RESTANTES-0001	15bc446bc8dc1efc182b770d53726e842db71eeeab9a16ff1cad36eda0a06388	familiar_ayuda		escolaridad	superior	PUBLICABLE	1406	1321	0.03837341299477222	0.02603621413913002	0.05008902459408042	0.006687580208386425	669500.0	200	
RESULT-ENDIREH2016-REST-TABLA	CALC-ENDIREH-PISOS-2016-RESTANTES-0001	15bc446bc8dc1efc182b770d53726e842db71eeeab9a16ff1cad36eda0a06388	familiar_ayuda		localidad	U	PUBLICABLE	5638	4625	0.041308742240747036	0.03417773512256236	0.04685724519683015	0.003500395008700849	2795050.0	200	
RESULT-ENDIREH2016-REST-TABLA	CALC-ENDIREH-PISOS-2016-RESTANTES-0001	15bc446bc8dc1efc182b770d53726e842db71eeeab9a16ff1cad36eda0a06388	familiar_ayuda		localidad	C	PUBLICABLE	2604	1289	0.0427564989543197	0.03188260348026542	0.05218791795936745	0.00547773252160071	1073942.0	200	
RESULT-ENDIREH2016-REST-TABLA	CALC-ENDIREH-PISOS-2016-RESTANTES-0001	15bc446bc8dc1efc182b770d53726e842db71eeeab9a16ff1cad36eda0a06388	familiar_ayuda		localidad	R	PUBLICABLE	2233	1134	0.030892528808230523	0.024002488515109926	0.03913092643374551	0.0038349603359290473	926211.0	200	
RESULT-ENDIREH2016-REST-TABLA	CALC-ENDIREH-PISOS-2016-RESTANTES-0001	15bc446bc8dc1efc182b770d53726e842db71eeeab9a16ff1cad36eda0a06388	familiar_ayuda		pareja	A1	PUBLICABLE	5801	4458	0.04249924027099981	0.03558273683458047	0.05001685307443263	0.0036758533260722393	2237640.0	200	
RESULT-ENDIREH2016-REST-TABLA	CALC-ENDIREH-PISOS-2016-RESTANTES-0001	15bc446bc8dc1efc182b770d53726e842db71eeeab9a16ff1cad36eda0a06388	familiar_ayuda		pareja	A2	SUPRIMIDA	204	198						0	precision
RESULT-ENDIREH2016-REST-TABLA	CALC-ENDIREH-PISOS-2016-RESTANTES-0001	15bc446bc8dc1efc182b770d53726e842db71eeeab9a16ff1cad36eda0a06388	familiar_ayuda		pareja	B1	PUBLICABLE	1228	1169	0.04632653793697509	0.030925312123561473	0.060811018357618346	0.007385055749243343	557240.0	200	
RESULT-ENDIREH2016-REST-TABLA	CALC-ENDIREH-PISOS-2016-RESTANTES-0001	15bc446bc8dc1efc182b770d53726e842db71eeeab9a16ff1cad36eda0a06388	familiar_ayuda		pareja	B2	PUBLICABLE	663	626	0.05288508894623825	0.037763713591422415	0.07180062613820808	0.009286605910334205	304566.0	200	
RESULT-ENDIREH2016-REST-TABLA	CALC-ENDIREH-PISOS-2016-RESTANTES-0001	15bc446bc8dc1efc182b770d53726e842db71eeeab9a16ff1cad36eda0a06388	familiar_ayuda		pareja	C1	PUBLICABLE	2097	1913	0.029638152890837394	0.01962167852267815	0.04045882505936591	0.005482578675914406	1281895.0	200	
RESULT-ENDIREH2016-REST-TABLA	CALC-ENDIREH-PISOS-2016-RESTANTES-0001	15bc446bc8dc1efc182b770d53726e842db71eeeab9a16ff1cad36eda0a06388	familiar_ayuda		pareja	C2	SUPRIMIDA	482	467						0	precision
RESULT-ENDIREH2016-REST-TABLA	CALC-ENDIREH-PISOS-2016-RESTANTES-0001	15bc446bc8dc1efc182b770d53726e842db71eeeab9a16ff1cad36eda0a06388	familiar_ayuda		entidad	01	PUBLICABLE	397	279	0.04296092806195906	0.025700974096991906	0.060178661366666844	0.009223215081150014	60427.0	200	
RESULT-ENDIREH2016-REST-TABLA	CALC-ENDIREH-PISOS-2016-RESTANTES-0001	15bc446bc8dc1efc182b770d53726e842db71eeeab9a16ff1cad36eda0a06388	familiar_ayuda		entidad	02	SUPRIMIDA	232	189						0	precision
RESULT-ENDIREH2016-REST-TABLA	CALC-ENDIREH-PISOS-2016-RESTANTES-0001	15bc446bc8dc1efc182b770d53726e842db71eeeab9a16ff1cad36eda0a06388	familiar_ayuda		entidad	03	SUPRIMIDA	202	143						0	precision
RESULT-ENDIREH2016-REST-TABLA	CALC-ENDIREH-PISOS-2016-RESTANTES-0001	15bc446bc8dc1efc182b770d53726e842db71eeeab9a16ff1cad36eda0a06388	familiar_ayuda		entidad	04	SUPRIMIDA	308	201						0	precision
RESULT-ENDIREH2016-REST-TABLA	CALC-ENDIREH-PISOS-2016-RESTANTES-0001	15bc446bc8dc1efc182b770d53726e842db71eeeab9a16ff1cad36eda0a06388	familiar_ayuda		entidad	05	PUBLICABLE	376	260	0.05187349069097141	0.029977381065863874	0.07859998672777682	0.012994809509807565	128370.0	200	
RESULT-ENDIREH2016-REST-TABLA	CALC-ENDIREH-PISOS-2016-RESTANTES-0001	15bc446bc8dc1efc182b770d53726e842db71eeeab9a16ff1cad36eda0a06388	familiar_ayuda		entidad	06	SUPRIMIDA	306	209						0	precision
RESULT-ENDIREH2016-REST-TABLA	CALC-ENDIREH-PISOS-2016-RESTANTES-0001	15bc446bc8dc1efc182b770d53726e842db71eeeab9a16ff1cad36eda0a06388	familiar_ayuda		entidad	07	SUPRIMIDA	275	179						0	precision
RESULT-ENDIREH2016-REST-TABLA	CALC-ENDIREH-PISOS-2016-RESTANTES-0001	15bc446bc8dc1efc182b770d53726e842db71eeeab9a16ff1cad36eda0a06388	familiar_ayuda		entidad	08	PUBLICABLE	282	231	0.04891084662025601	0.024355624776412857	0.07604870945541593	0.014063445445924886	133590.0	200	
RESULT-ENDIREH2016-REST-TABLA	CALC-ENDIREH-PISOS-2016-RESTANTES-0001	15bc446bc8dc1efc182b770d53726e842db71eeeab9a16ff1cad36eda0a06388	familiar_ayuda		entidad	09	PUBLICABLE	340	280	0.05307756774373778	0.0294579795024064	0.08117074866023401	0.013925126027645923	365126.0	200	
RESULT-ENDIREH2016-REST-TABLA	CALC-ENDIREH-PISOS-2016-RESTANTES-0001	15bc446bc8dc1efc182b770d53726e842db71eeeab9a16ff1cad36eda0a06388	familiar_ayuda		entidad	10	PUBLICABLE	375	245	0.053119209388511425	0.030949875230332193	0.07908737589502927	0.012649795719615822	80950.0	200	
RESULT-ENDIREH2016-REST-TABLA	CALC-ENDIREH-PISOS-2016-RESTANTES-0001	15bc446bc8dc1efc182b770d53726e842db71eeeab9a16ff1cad36eda0a06388	familiar_ayuda		entidad	11	SUPRIMIDA	287	208						0	precision
RESULT-ENDIREH2016-REST-TABLA	CALC-ENDIREH-PISOS-2016-RESTANTES-0001	15bc446bc8dc1efc182b770d53726e842db71eeeab9a16ff1cad36eda0a06388	familiar_ayuda		entidad	12	PUBLICABLE	311	194	0.04667006612219649	0.022810413614008235	0.07172276238193899	0.013865486678753449	119627.0	200	
RESULT-ENDIREH2016-REST-TABLA	CALC-ENDIREH-PISOS-2016-RESTANTES-0001	15bc446bc8dc1efc182b770d53726e842db71eeeab9a16ff1cad36eda0a06388	familiar_ayuda		entidad	13	PUBLICABLE	370	203	0.03305292442207061	0.01685195733936214	0.0496063734396007	0.008120920168832112	120776.0	200	
RESULT-ENDIREH2016-REST-TABLA	CALC-ENDIREH-PISOS-2016-RESTANTES-0001	15bc446bc8dc1efc182b770d53726e842db71eeeab9a16ff1cad36eda0a06388	familiar_ayuda		entidad	14	PUBLICABLE	411	260	0.037375344599490934	0.020842760699634443	0.05761925353213199	0.009501079736166203	387769.0	200	
RESULT-ENDIREH2016-REST-TABLA	CALC-ENDIREH-PISOS-2016-RESTANTES-0001	15bc446bc8dc1efc182b770d53726e842db71eeeab9a16ff1cad36eda0a06388	familiar_ayuda		entidad	15	PUBLICABLE	432	286	0.03864993121170431	0.024423756285319908	0.05979608385139535	0.009046114130464487	824995.0	200	
RESULT-ENDIREH2016-REST-TABLA	CALC-ENDIREH-PISOS-2016-RESTANTES-0001	15bc446bc8dc1efc182b770d53726e842db71eeeab9a16ff1cad36eda0a06388	familiar_ayuda		entidad	16	PUBLICABLE	390	226	0.019139616072357778	0.00988491627185594	0.030338203485143496	0.005361912353925095	211394.0	200	
RESULT-ENDIREH2016-REST-TABLA	CALC-ENDIREH-PISOS-2016-RESTANTES-0001	15bc446bc8dc1efc182b770d53726e842db71eeeab9a16ff1cad36eda0a06388	familiar_ayuda		entidad	17	PUBLICABLE	316	212	0.07128922871469906	0.046752078487939136	0.10496807244669405	0.015570389767636993	76379.0	200	
RESULT-ENDIREH2016-REST-TABLA	CALC-ENDIREH-PISOS-2016-RESTANTES-0001	15bc446bc8dc1efc182b770d53726e842db71eeeab9a16ff1cad36eda0a06388	familiar_ayuda		entidad	18	SUPRIMIDA	330	218						0	precision
RESULT-ENDIREH2016-REST-TABLA	CALC-ENDIREH-PISOS-2016-RESTANTES-0001	15bc446bc8dc1efc182b770d53726e842db71eeeab9a16ff1cad36eda0a06388	familiar_ayuda		entidad	19	SUPRIMIDA	208	176						0	precision
RESULT-ENDIREH2016-REST-TABLA	CALC-ENDIREH-PISOS-2016-RESTANTES-0001	15bc446bc8dc1efc182b770d53726e842db71eeeab9a16ff1cad36eda0a06388	familiar_ayuda		entidad	20	PUBLICABLE	376	200	0.05922933462732465	0.03321823152122407	0.09122889352461006	0.015436112628717422	171047.0	200	
RESULT-ENDIREH2016-REST-TABLA	CALC-ENDIREH-PISOS-2016-RESTANTES-0001	15bc446bc8dc1efc182b770d53726e842db71eeeab9a16ff1cad36eda0a06388	familiar_ayuda		entidad	21	PUBLICABLE	492	295	0.031036423574817076	0.016654305462094225	0.05144464858899298	0.009175384734968128	261177.0	200	
RESULT-ENDIREH2016-REST-TABLA	CALC-ENDIREH-PISOS-2016-RESTANTES-0001	15bc446bc8dc1efc182b770d53726e842db71eeeab9a16ff1cad36eda0a06388	familiar_ayuda		entidad	22	PUBLICABLE	376	252	0.054425217430489836	0.03336586551626985	0.07769118068913514	0.012012021331852077	88764.0	200	
RESULT-ENDIREH2016-REST-TABLA	CALC-ENDIREH-PISOS-2016-RESTANTES-0001	15bc446bc8dc1efc182b770d53726e842db71eeeab9a16ff1cad36eda0a06388	familiar_ayuda		entidad	23	SUPRIMIDA	317	237						0	precision
RESULT-ENDIREH2016-REST-TABLA	CALC-ENDIREH-PISOS-2016-RESTANTES-0001	15bc446bc8dc1efc182b770d53726e842db71eeeab9a16ff1cad36eda0a06388	familiar_ayuda		entidad	24	PUBLICABLE	289	193	0.028989547038327526	0.01345170258882863	0.04609299042247856	0.008284001833260331	93275.0	200	
RESULT-ENDIREH2016-REST-TABLA	CALC-ENDIREH-PISOS-2016-RESTANTES-0001	15bc446bc8dc1efc182b770d53726e842db71eeeab9a16ff1cad36eda0a06388	familiar_ayuda		entidad	25	PUBLICABLE	332	229	0.032594043746293065	0.015318058035543357	0.05121289837302754	0.009387929113991906	111278.0	200	
RESULT-ENDIREH2016-REST-TABLA	CALC-ENDIREH-PISOS-2016-RESTANTES-0001	15bc446bc8dc1efc182b770d53726e842db71eeeab9a16ff1cad36eda0a06388	familiar_ayuda		entidad	26	PUBLICABLE	281	226	0.06459454405684487	0.03660759475384216	0.09410520454322455	0.015992386432504974	96262.0	200	
RESULT-ENDIREH2016-REST-TABLA	CALC-ENDIREH-PISOS-2016-RESTANTES-0001	15bc446bc8dc1efc182b770d53726e842db71eeeab9a16ff1cad36eda0a06388	familiar_ayuda		entidad	27	PUBLICABLE	291	154	0.045958861416995636	0.023530765899538945	0.06832661925798	0.011905187164171766	72195.0	200	
RESULT-ENDIREH2016-REST-TABLA	CALC-ENDIREH-PISOS-2016-RESTANTES-0001	15bc446bc8dc1efc182b770d53726e842db71eeeab9a16ff1cad36eda0a06388	familiar_ayuda		entidad	28	SUPRIMIDA	239	188						0	precision
RESULT-ENDIREH2016-REST-TABLA	CALC-ENDIREH-PISOS-2016-RESTANTES-0001	15bc446bc8dc1efc182b770d53726e842db71eeeab9a16ff1cad36eda0a06388	familiar_ayuda		entidad	29	PUBLICABLE	361	241	0.06004203548765207	0.03767147823317402	0.08914988803449146	0.013154838235865886	49482.0	200	
RESULT-ENDIREH2016-REST-TABLA	CALC-ENDIREH-PISOS-2016-RESTANTES-0001	15bc446bc8dc1efc182b770d53726e842db71eeeab9a16ff1cad36eda0a06388	familiar_ayuda		entidad	30	PUBLICABLE	355	214	0.0392149040571269	0.02065721729876604	0.061809552739216726	0.010149420131827357	350938.0	200	
RESULT-ENDIREH2016-REST-TABLA	CALC-ENDIREH-PISOS-2016-RESTANTES-0001	15bc446bc8dc1efc182b770d53726e842db71eeeab9a16ff1cad36eda0a06388	familiar_ayuda		entidad	31	SUPRIMIDA	291	206						0	precision
RESULT-ENDIREH2016-REST-TABLA	CALC-ENDIREH-PISOS-2016-RESTANTES-0001	15bc446bc8dc1efc182b770d53726e842db71eeeab9a16ff1cad36eda0a06388	familiar_ayuda		entidad	32	PUBLICABLE	327	214	0.04410870731271232	0.024065216234122968	0.06661023683835461	0.011477728990918295	55930.0	200	
RESULT-ENDIREH2016-REST-TABLA	CALC-ENDIREH-PISOS-2016-RESTANTES-0001	15bc446bc8dc1efc182b770d53726e842db71eeeab9a16ff1cad36eda0a06388	familiar_denuncia		nacional	MX	PUBLICABLE	10475	7048	0.04265888222041903	0.03771096004790727	0.04828647209506857	0.002861092680069114	4795203.0	200	
RESULT-ENDIREH2016-REST-TABLA	CALC-ENDIREH-PISOS-2016-RESTANTES-0001	15bc446bc8dc1efc182b770d53726e842db71eeeab9a16ff1cad36eda0a06388	familiar_denuncia		edad	15-29	PUBLICABLE	4148	3493	0.027974980475196903	0.021967085453453977	0.03478421146637165	0.0032903923488919436	2160073.0	200	
RESULT-ENDIREH2016-REST-TABLA	CALC-ENDIREH-PISOS-2016-RESTANTES-0001	15bc446bc8dc1efc182b770d53726e842db71eeeab9a16ff1cad36eda0a06388	familiar_denuncia		edad	30-44	PUBLICABLE	3088	2652	0.059109530809202136	0.04460810107889929	0.07546305232204514	0.007664500225064662	1271487.0	200	
RESULT-ENDIREH2016-REST-TABLA	CALC-ENDIREH-PISOS-2016-RESTANTES-0001	15bc446bc8dc1efc182b770d53726e842db71eeeab9a16ff1cad36eda0a06388	familiar_denuncia		edad	45-59	PUBLICABLE	1975	1801	0.0521518455474571	0.039945633150318655	0.06567242746575974	0.0067293958551031055	837746.0	200	
RESULT-ENDIREH2016-REST-TABLA	CALC-ENDIREH-PISOS-2016-RESTANTES-0001	15bc446bc8dc1efc182b770d53726e842db71eeeab9a16ff1cad36eda0a06388	familiar_denuncia		edad	60+	PUBLICABLE	1264	1162	0.04807595403662694	0.03609130193522192	0.06123026739862846	0.006530187104164161	525897.0	200	
RESULT-ENDIREH2016-REST-TABLA	CALC-ENDIREH-PISOS-2016-RESTANTES-0001	15bc446bc8dc1efc182b770d53726e842db71eeeab9a16ff1cad36eda0a06388	familiar_denuncia		escolaridad	ninguno	PUBLICABLE	704	637	0.038107441815117625	0.02633431646452207	0.049633399222952214	0.006407266112986841	287188.0	200	
RESULT-ENDIREH2016-REST-TABLA	CALC-ENDIREH-PISOS-2016-RESTANTES-0001	15bc446bc8dc1efc182b770d53726e842db71eeeab9a16ff1cad36eda0a06388	familiar_denuncia		escolaridad	basica	PUBLICABLE	6129	4549	0.04654619033316357	0.04068668152094695	0.054282350347556844	0.0034744854631621595	2756724.0	200	
RESULT-ENDIREH2016-REST-TABLA	CALC-ENDIREH-PISOS-2016-RESTANTES-0001	15bc446bc8dc1efc182b770d53726e842db71eeeab9a16ff1cad36eda0a06388	familiar_denuncia		escolaridad	media_superior	PUBLICABLE	2235	2066	0.034963218265410934	0.023123998748375743	0.04682120922794873	0.005942236908851689	1081651.0	200	
RESULT-ENDIREH2016-REST-TABLA	CALC-ENDIREH-PISOS-2016-RESTANTES-0001	15bc446bc8dc1efc182b770d53726e842db71eeeab9a16ff1cad36eda0a06388	familiar_denuncia		escolaridad	superior	PUBLICABLE	1406	1321	0.0410470500373413	0.027507441397063424	0.05490032659713677	0.007132738515448636	669500.0	200	
RESULT-ENDIREH2016-REST-TABLA	CALC-ENDIREH-PISOS-2016-RESTANTES-0001	15bc446bc8dc1efc182b770d53726e842db71eeeab9a16ff1cad36eda0a06388	familiar_denuncia		localidad	U	PUBLICABLE	5638	4625	0.03675927085383088	0.031180177351917398	0.04382718791412128	0.0032579105704676	2795050.0	200	
RESULT-ENDIREH2016-REST-TABLA	CALC-ENDIREH-PISOS-2016-RESTANTES-0001	15bc446bc8dc1efc182b770d53726e842db71eeeab9a16ff1cad36eda0a06388	familiar_denuncia		localidad	C	PUBLICABLE	2604	1289	0.047140348361457134	0.03515582370217004	0.05869461462335924	0.005771348485300767	1073942.0	200	
RESULT-ENDIREH2016-REST-TABLA	CALC-ENDIREH-PISOS-2016-RESTANTES-0001	15bc446bc8dc1efc182b770d53726e842db71eeeab9a16ff1cad36eda0a06388	familiar_denuncia		localidad	R	PUBLICABLE	2233	1134	0.0552660246963165	0.04152589740468373	0.0743887707498004	0.008326877576456377	926211.0	200	
RESULT-ENDIREH2016-REST-TABLA	CALC-ENDIREH-PISOS-2016-RESTANTES-0001	15bc446bc8dc1efc182b770d53726e842db71eeeab9a16ff1cad36eda0a06388	familiar_denuncia		pareja	A1	PUBLICABLE	5801	4458	0.04959510913283638	0.04131042404127063	0.057971576180420877	0.004379944614258468	2237640.0	200	
RESULT-ENDIREH2016-REST-TABLA	CALC-ENDIREH-PISOS-2016-RESTANTES-0001	15bc446bc8dc1efc182b770d53726e842db71eeeab9a16ff1cad36eda0a06388	familiar_denuncia		pareja	A2	SUPRIMIDA	204	198						0	precision
RESULT-ENDIREH2016-REST-TABLA	CALC-ENDIREH-PISOS-2016-RESTANTES-0001	15bc446bc8dc1efc182b770d53726e842db71eeeab9a16ff1cad36eda0a06388	familiar_denuncia		pareja	B1	PUBLICABLE	1228	1169	0.05878257124398823	0.040012619071670204	0.07738315878074008	0.010158730399877408	557240.0	200	
RESULT-ENDIREH2016-REST-TABLA	CALC-ENDIREH-PISOS-2016-RESTANTES-0001	15bc446bc8dc1efc182b770d53726e842db71eeeab9a16ff1cad36eda0a06388	familiar_denuncia		pareja	B2	PUBLICABLE	663	626	0.04814063290058641	0.027806524594238227	0.067547155870645	0.010496490277137567	304566.0	200	
RESULT-ENDIREH2016-REST-TABLA	CALC-ENDIREH-PISOS-2016-RESTANTES-0001	15bc446bc8dc1efc182b770d53726e842db71eeeab9a16ff1cad36eda0a06388	familiar_denuncia		pareja	C1	PUBLICABLE	2097	1913	0.025772781702089485	0.017075795372305472	0.035108833399070935	0.004862227529996053	1281895.0	200	
RESULT-ENDIREH2016-REST-TABLA	CALC-ENDIREH-PISOS-2016-RESTANTES-0001	15bc446bc8dc1efc182b770d53726e842db71eeeab9a16ff1cad36eda0a06388	familiar_denuncia		pareja	C2	SUPRIMIDA	482	467						0	precision
RESULT-ENDIREH2016-REST-TABLA	CALC-ENDIREH-PISOS-2016-RESTANTES-0001	15bc446bc8dc1efc182b770d53726e842db71eeeab9a16ff1cad36eda0a06388	familiar_denuncia		entidad	01	PUBLICABLE	397	279	0.04739603157528919	0.029149361470704592	0.06825418421411925	0.010444109278315435	60427.0	200	
RESULT-ENDIREH2016-REST-TABLA	CALC-ENDIREH-PISOS-2016-RESTANTES-0001	15bc446bc8dc1efc182b770d53726e842db71eeeab9a16ff1cad36eda0a06388	familiar_denuncia		entidad	02	PUBLICABLE	232	189	0.057168228909718795	0.03201142321015811	0.09041036443231115	0.014863616156143135	101350.0	200	
RESULT-ENDIREH2016-REST-TABLA	CALC-ENDIREH-PISOS-2016-RESTANTES-0001	15bc446bc8dc1efc182b770d53726e842db71eeeab9a16ff1cad36eda0a06388	familiar_denuncia		entidad	03	PUBLICABLE	202	143	0.0537327380334337	0.02827121697959522	0.0872652105437666	0.01599064493366693	19262.0	200	
RESULT-ENDIREH2016-REST-TABLA	CALC-ENDIREH-PISOS-2016-RESTANTES-0001	15bc446bc8dc1efc182b770d53726e842db71eeeab9a16ff1cad36eda0a06388	familiar_denuncia		entidad	04	PUBLICABLE	308	201	0.04398845580539786	0.02316331358800083	0.06775133879835757	0.011887688512325282	31531.0	200	
RESULT-ENDIREH2016-REST-TABLA	CALC-ENDIREH-PISOS-2016-RESTANTES-0001	15bc446bc8dc1efc182b770d53726e842db71eeeab9a16ff1cad36eda0a06388	familiar_denuncia		entidad	05	PUBLICABLE	376	260	0.03278024460543741	0.019164535875896192	0.05385010297338677	0.009044250840844398	128370.0	200	
RESULT-ENDIREH2016-REST-TABLA	CALC-ENDIREH-PISOS-2016-RESTANTES-0001	15bc446bc8dc1efc182b770d53726e842db71eeeab9a16ff1cad36eda0a06388	familiar_denuncia		entidad	06	PUBLICABLE	306	209	0.028947465710377464	0.013355291703574612	0.047499210877588384	0.008573466952097928	27049.0	200	
RESULT-ENDIREH2016-REST-TABLA	CALC-ENDIREH-PISOS-2016-RESTANTES-0001	15bc446bc8dc1efc182b770d53726e842db71eeeab9a16ff1cad36eda0a06388	familiar_denuncia		entidad	07	SUPRIMIDA	275	179						0	precision
RESULT-ENDIREH2016-REST-TABLA	CALC-ENDIREH-PISOS-2016-RESTANTES-0001	15bc446bc8dc1efc182b770d53726e842db71eeeab9a16ff1cad36eda0a06388	familiar_denuncia		entidad	08	SUPRIMIDA	282	231						0	precision
RESULT-ENDIREH2016-REST-TABLA	CALC-ENDIREH-PISOS-2016-RESTANTES-0001	15bc446bc8dc1efc182b770d53726e842db71eeeab9a16ff1cad36eda0a06388	familiar_denuncia		entidad	09	PUBLICABLE	340	280	0.04973077786846185	0.024226462966356856	0.07583131691998406	0.013060656055947624	365126.0	200	
RESULT-ENDIREH2016-REST-TABLA	CALC-ENDIREH-PISOS-2016-RESTANTES-0001	15bc446bc8dc1efc182b770d53726e842db71eeeab9a16ff1cad36eda0a06388	familiar_denuncia		entidad	10	PUBLICABLE	375	245	0.039728227300802964	0.0246534499214688	0.056267393043300015	0.00914974208805266	80950.0	200	
RESULT-ENDIREH2016-REST-TABLA	CALC-ENDIREH-PISOS-2016-RESTANTES-0001	15bc446bc8dc1efc182b770d53726e842db71eeeab9a16ff1cad36eda0a06388	familiar_denuncia		entidad	11	PUBLICABLE	287	208	0.04054892231353698	0.020308206027669123	0.0651305946330569	0.011236452048539	193470.0	200	
RESULT-ENDIREH2016-REST-TABLA	CALC-ENDIREH-PISOS-2016-RESTANTES-0001	15bc446bc8dc1efc182b770d53726e842db71eeeab9a16ff1cad36eda0a06388	familiar_denuncia		entidad	12	PUBLICABLE	311	194	0.05507117958320446	0.024328734633296784	0.08033913791741056	0.013324606284663369	119627.0	200	
RESULT-ENDIREH2016-REST-TABLA	CALC-ENDIREH-PISOS-2016-RESTANTES-0001	15bc446bc8dc1efc182b770d53726e842db71eeeab9a16ff1cad36eda0a06388	familiar_denuncia		entidad	13	PUBLICABLE	370	203	0.03229946346956349	0.01926557535028111	0.049880140103879915	0.008574096356082157	120776.0	200	
RESULT-ENDIREH2016-REST-TABLA	CALC-ENDIREH-PISOS-2016-RESTANTES-0001	15bc446bc8dc1efc182b770d53726e842db71eeeab9a16ff1cad36eda0a06388	familiar_denuncia		entidad	14	PUBLICABLE	411	260	0.03181017564580975	0.015341186121904434	0.05112369717015008	0.009082338481934375	387769.0	200	
RESULT-ENDIREH2016-REST-TABLA	CALC-ENDIREH-PISOS-2016-RESTANTES-0001	15bc446bc8dc1efc182b770d53726e842db71eeeab9a16ff1cad36eda0a06388	familiar_denuncia		entidad	15	PUBLICABLE	432	286	0.04293359353693053	0.0261080329088511	0.06412646130610244	0.009888957929783827	824995.0	200	
RESULT-ENDIREH2016-REST-TABLA	CALC-ENDIREH-PISOS-2016-RESTANTES-0001	15bc446bc8dc1efc182b770d53726e842db71eeeab9a16ff1cad36eda0a06388	familiar_denuncia		entidad	16	PUBLICABLE	390	226	0.02975959582580395	0.017022773228440473	0.0446151859198291	0.007596501237035217	211394.0	200	
RESULT-ENDIREH2016-REST-TABLA	CALC-ENDIREH-PISOS-2016-RESTANTES-0001	15bc446bc8dc1efc182b770d53726e842db71eeeab9a16ff1cad36eda0a06388	familiar_denuncia		entidad	17	PUBLICABLE	316	212	0.07347569358069626	0.04752912773166062	0.10505344676880253	0.015821442179888456	76379.0	200	
RESULT-ENDIREH2016-REST-TABLA	CALC-ENDIREH-PISOS-2016-RESTANTES-0001	15bc446bc8dc1efc182b770d53726e842db71eeeab9a16ff1cad36eda0a06388	familiar_denuncia		entidad	18	SUPRIMIDA	330	218						0	precision
RESULT-ENDIREH2016-REST-TABLA	CALC-ENDIREH-PISOS-2016-RESTANTES-0001	15bc446bc8dc1efc182b770d53726e842db71eeeab9a16ff1cad36eda0a06388	familiar_denuncia		entidad	19	SUPRIMIDA	208	176						0	precision
RESULT-ENDIREH2016-REST-TABLA	CALC-ENDIREH-PISOS-2016-RESTANTES-0001	15bc446bc8dc1efc182b770d53726e842db71eeeab9a16ff1cad36eda0a06388	familiar_denuncia		entidad	20	PUBLICABLE	376	200	0.060462913702081886	0.04067047783066606	0.08567657796162985	0.012054544957047296	171047.0	200	
RESULT-ENDIREH2016-REST-TABLA	CALC-ENDIREH-PISOS-2016-RESTANTES-0001	15bc446bc8dc1efc182b770d53726e842db71eeeab9a16ff1cad36eda0a06388	familiar_denuncia		entidad	21	PUBLICABLE	492	295	0.05401700762318275	0.03089450832346036	0.0776592070244426	0.012672147328920155	261177.0	200	
RESULT-ENDIREH2016-REST-TABLA	CALC-ENDIREH-PISOS-2016-RESTANTES-0001	15bc446bc8dc1efc182b770d53726e842db71eeeab9a16ff1cad36eda0a06388	familiar_denuncia		entidad	22	PUBLICABLE	376	252	0.04237078094723086	0.023747403375172164	0.06655602461515689	0.010560458591876674	88764.0	200	
RESULT-ENDIREH2016-REST-TABLA	CALC-ENDIREH-PISOS-2016-RESTANTES-0001	15bc446bc8dc1efc182b770d53726e842db71eeeab9a16ff1cad36eda0a06388	familiar_denuncia		entidad	23	SUPRIMIDA	317	237						0	precision
RESULT-ENDIREH2016-REST-TABLA	CALC-ENDIREH-PISOS-2016-RESTANTES-0001	15bc446bc8dc1efc182b770d53726e842db71eeeab9a16ff1cad36eda0a06388	familiar_denuncia		entidad	24	SUPRIMIDA	289	193						0	precision
RESULT-ENDIREH2016-REST-TABLA	CALC-ENDIREH-PISOS-2016-RESTANTES-0001	15bc446bc8dc1efc182b770d53726e842db71eeeab9a16ff1cad36eda0a06388	familiar_denuncia		entidad	25	PUBLICABLE	332	229	0.05973328061251999	0.03481362873494209	0.08178853092652724	0.013022783301756685	111278.0	200	
RESULT-ENDIREH2016-REST-TABLA	CALC-ENDIREH-PISOS-2016-RESTANTES-0001	15bc446bc8dc1efc182b770d53726e842db71eeeab9a16ff1cad36eda0a06388	familiar_denuncia		entidad	26	PUBLICABLE	281	226	0.07214684922399285	0.046041477223513635	0.10571304581745447	0.015264270580236662	96262.0	200	
RESULT-ENDIREH2016-REST-TABLA	CALC-ENDIREH-PISOS-2016-RESTANTES-0001	15bc446bc8dc1efc182b770d53726e842db71eeeab9a16ff1cad36eda0a06388	familiar_denuncia		entidad	27	PUBLICABLE	291	154	0.08254034212895629	0.04835466038202442	0.12221342642011455	0.01927386815960515	72195.0	200	
RESULT-ENDIREH2016-REST-TABLA	CALC-ENDIREH-PISOS-2016-RESTANTES-0001	15bc446bc8dc1efc182b770d53726e842db71eeeab9a16ff1cad36eda0a06388	familiar_denuncia		entidad	28	SUPRIMIDA	239	188						0	precision
RESULT-ENDIREH2016-REST-TABLA	CALC-ENDIREH-PISOS-2016-RESTANTES-0001	15bc446bc8dc1efc182b770d53726e842db71eeeab9a16ff1cad36eda0a06388	familiar_denuncia		entidad	29	PUBLICABLE	361	241	0.04549128976193363	0.024662186832005335	0.07062452994548334	0.012521360175959048	49482.0	200	
RESULT-ENDIREH2016-REST-TABLA	CALC-ENDIREH-PISOS-2016-RESTANTES-0001	15bc446bc8dc1efc182b770d53726e842db71eeeab9a16ff1cad36eda0a06388	familiar_denuncia		entidad	30	SUPRIMIDA	355	214						0	precision
RESULT-ENDIREH2016-REST-TABLA	CALC-ENDIREH-PISOS-2016-RESTANTES-0001	15bc446bc8dc1efc182b770d53726e842db71eeeab9a16ff1cad36eda0a06388	familiar_denuncia		entidad	31	SUPRIMIDA	291	206						0	precision
RESULT-ENDIREH2016-REST-TABLA	CALC-ENDIREH-PISOS-2016-RESTANTES-0001	15bc446bc8dc1efc182b770d53726e842db71eeeab9a16ff1cad36eda0a06388	familiar_denuncia		entidad	32	PUBLICABLE	327	214	0.03600929733595566	0.018858884555561086	0.05774343116446226	0.010489399975083712	55930.0	200	
RESULT-ENDIREH2016-REST-TABLA	CALC-ENDIREH-PISOS-2016-RESTANTES-0001	15bc446bc8dc1efc182b770d53726e842db71eeeab9a16ff1cad36eda0a06388	familiar_institucion_01		nacional	MX	PUBLICABLE	467	452	0.045849540241379855	0.02660163904111949	0.06705701844500005	0.010804876687840559	189991.0	200	
RESULT-ENDIREH2016-REST-TABLA	CALC-ENDIREH-PISOS-2016-RESTANTES-0001	15bc446bc8dc1efc182b770d53726e842db71eeeab9a16ff1cad36eda0a06388	familiar_institucion_02		nacional	MX	PUBLICABLE	467	452	0.08289866362090836	0.05869652691686533	0.11081077317513022	0.014232418510899715	189991.0	200	
RESULT-ENDIREH2016-REST-TABLA	CALC-ENDIREH-PISOS-2016-RESTANTES-0001	15bc446bc8dc1efc182b770d53726e842db71eeeab9a16ff1cad36eda0a06388	familiar_institucion_03		nacional	MX	PUBLICABLE	467	452	0.04063350369228016	0.02204340851151696	0.06657741181473684	0.011823292693164946	189991.0	200	
RESULT-ENDIREH2016-REST-TABLA	CALC-ENDIREH-PISOS-2016-RESTANTES-0001	15bc446bc8dc1efc182b770d53726e842db71eeeab9a16ff1cad36eda0a06388	familiar_institucion_04		nacional	MX	PUBLICABLE	467	452	0.12934296887747315	0.0945490339336051	0.17874666672724077	0.023561430842964824	189991.0	200	
RESULT-ENDIREH2016-REST-TABLA	CALC-ENDIREH-PISOS-2016-RESTANTES-0001	15bc446bc8dc1efc182b770d53726e842db71eeeab9a16ff1cad36eda0a06388	familiar_institucion_05		nacional	MX	PUBLICABLE	467	452	0.08147754367312136	0.044033115580145846	0.11668538397563309	0.0202492911364788	189991.0	200	
RESULT-ENDIREH2016-REST-TABLA	CALC-ENDIREH-PISOS-2016-RESTANTES-0001	15bc446bc8dc1efc182b770d53726e842db71eeeab9a16ff1cad36eda0a06388	familiar_institucion_06		nacional	MX	PUBLICABLE	467	452	0.0435441678816365	0.03009869541980198	0.060838498765411475	0.00840689596120952	189991.0	200	
RESULT-ENDIREH2016-REST-TABLA	CALC-ENDIREH-PISOS-2016-RESTANTES-0001	15bc446bc8dc1efc182b770d53726e842db71eeeab9a16ff1cad36eda0a06388	familiar_institucion_07		nacional	MX	PUBLICABLE	467	452	0.3023932712602176	0.25489557460989365	0.36294010674372607	0.028196072544664944	189991.0	200	
RESULT-ENDIREH2016-REST-TABLA	CALC-ENDIREH-PISOS-2016-RESTANTES-0001	15bc446bc8dc1efc182b770d53726e842db71eeeab9a16ff1cad36eda0a06388	familiar_institucion_08		nacional	MX	PUBLICABLE	467	452	0.11942144627903427	0.08136245263118612	0.15779090965836506	0.019816242519878107	189991.0	200	
RESULT-ENDIREH2016-REST-TABLA	CALC-ENDIREH-PISOS-2016-RESTANTES-0001	15bc446bc8dc1efc182b770d53726e842db71eeeab9a16ff1cad36eda0a06388	familiar_institucion_09		nacional	MX	PUBLICABLE	467	452	0.07839845045291619	0.05155396615716483	0.11347965840755765	0.016366408851386117	189991.0	200	
RESULT-ENDIREH2016-REST-TABLA	CALC-ENDIREH-PISOS-2016-RESTANTES-0001	15bc446bc8dc1efc182b770d53726e842db71eeeab9a16ff1cad36eda0a06388	familiar_institucion_10		nacional	MX	PUBLICABLE	467	452	0.23512166365775222	0.17586054251007507	0.29592416569605506	0.03113421400671357	189991.0	200	
RESULT-ENDIREH2016-REST-TABLA	CALC-ENDIREH-PISOS-2016-RESTANTES-0001	15bc446bc8dc1efc182b770d53726e842db71eeeab9a16ff1cad36eda0a06388	familiar_institucion_11		nacional	MX	PUBLICABLE	467	452	0.27076019390392175	0.21766598942945783	0.3318598763489331	0.02893923521264144	189991.0	200	
RESULT-ENDIREH2016-REST-TABLA	CALC-ENDIREH-PISOS-2016-RESTANTES-0001	15bc446bc8dc1efc182b770d53726e842db71eeeab9a16ff1cad36eda0a06388	familiar_razon_01		nacional	MX	PUBLICABLE	9595	6628	0.11119002318403058	0.1032091264702485	0.1208115314908743	0.0049367492054207835	4425460.0	200	
RESULT-ENDIREH2016-REST-TABLA	CALC-ENDIREH-PISOS-2016-RESTANTES-0001	15bc446bc8dc1efc182b770d53726e842db71eeeab9a16ff1cad36eda0a06388	familiar_razon_02		nacional	MX	PUBLICABLE	9595	6628	0.07932418324874703	0.0710357538299779	0.08932408834801261	0.0046814231351984216	4425460.0	200	
RESULT-ENDIREH2016-REST-TABLA	CALC-ENDIREH-PISOS-2016-RESTANTES-0001	15bc446bc8dc1efc182b770d53726e842db71eeeab9a16ff1cad36eda0a06388	familiar_razon_03		nacional	MX	PUBLICABLE	9595	6628	0.14148540490706052	0.13032618329920714	0.15246589542251518	0.0054826963690907575	4425460.0	200	
RESULT-ENDIREH2016-REST-TABLA	CALC-ENDIREH-PISOS-2016-RESTANTES-0001	15bc446bc8dc1efc182b770d53726e842db71eeeab9a16ff1cad36eda0a06388	familiar_razon_04		nacional	MX	PUBLICABLE	9595	6628	0.06967705052130174	0.0621603808412214	0.07771070685063158	0.004130927290719632	4425460.0	200	
RESULT-ENDIREH2016-REST-TABLA	CALC-ENDIREH-PISOS-2016-RESTANTES-0001	15bc446bc8dc1efc182b770d53726e842db71eeeab9a16ff1cad36eda0a06388	familiar_razon_05		nacional	MX	PUBLICABLE	9595	6628	0.02583347267854641	0.021223128480582828	0.03149698491829621	0.0026219928895701654	4425460.0	200	
RESULT-ENDIREH2016-REST-TABLA	CALC-ENDIREH-PISOS-2016-RESTANTES-0001	15bc446bc8dc1efc182b770d53726e842db71eeeab9a16ff1cad36eda0a06388	familiar_razon_06		nacional	MX	PUBLICABLE	9595	6628	0.4150976395674122	0.4002331630824367	0.42808895660921636	0.007222601439010128	4425460.0	200	
RESULT-ENDIREH2016-REST-TABLA	CALC-ENDIREH-PISOS-2016-RESTANTES-0001	15bc446bc8dc1efc182b770d53726e842db71eeeab9a16ff1cad36eda0a06388	familiar_razon_07		nacional	MX	PUBLICABLE	9595	6628	0.07499943508697401	0.06728109314875479	0.08364706329574552	0.003961365094330895	4425460.0	200	
RESULT-ENDIREH2016-REST-TABLA	CALC-ENDIREH-PISOS-2016-RESTANTES-0001	15bc446bc8dc1efc182b770d53726e842db71eeeab9a16ff1cad36eda0a06388	familiar_razon_08		nacional	MX	PUBLICABLE	9595	6628	0.07665282253144307	0.06884406769218075	0.08470557404863573	0.004208279170849855	4425460.0	200	
RESULT-ENDIREH2016-REST-TABLA	CALC-ENDIREH-PISOS-2016-RESTANTES-0001	15bc446bc8dc1efc182b770d53726e842db71eeeab9a16ff1cad36eda0a06388	familiar_razon_09		nacional	MX	PUBLICABLE	9595	6628	0.04061295322972075	0.035928301461240084	0.04759656251508222	0.0029575971355166332	4425460.0	200	
RESULT-ENDIREH2016-REST-TABLA	CALC-ENDIREH-PISOS-2016-RESTANTES-0001	15bc446bc8dc1efc182b770d53726e842db71eeeab9a16ff1cad36eda0a06388	familiar_razon_10		nacional	MX	PUBLICABLE	9595	6628	0.03485490773840459	0.029792429751892117	0.041328829664778306	0.0030890550930166094	4425460.0	200	
RESULT-ENDIREH2016-REST-TABLA	CALC-ENDIREH-PISOS-2016-RESTANTES-0001	15bc446bc8dc1efc182b770d53726e842db71eeeab9a16ff1cad36eda0a06388	familiar_razon_11		nacional	MX	PUBLICABLE	9595	6628	0.10491225770880315	0.09763711666329311	0.1136409826261413	0.004232765728252637	4425460.0	200	
RESULT-ENDIREH2016-REST-TABLA	CALC-ENDIREH-PISOS-2016-RESTANTES-0001	15bc446bc8dc1efc182b770d53726e842db71eeeab9a16ff1cad36eda0a06388	fisica_bc_vida		nacional	MX	PUBLICABLE	33229	14398	0.18987572278047093	0.184570047058183	0.1954153543407381	0.0029130052632841776	16820460.0	200	
RESULT-ENDIREH2016-REST-TABLA	CALC-ENDIREH-PISOS-2016-RESTANTES-0001	15bc446bc8dc1efc182b770d53726e842db71eeeab9a16ff1cad36eda0a06388	fisica_bc_vida		edad	15-29	PUBLICABLE	10979	7749	0.08891547784292797	0.08194219852235088	0.0973505725825301	0.0037969539883334355	6890915.0	200	
RESULT-ENDIREH2016-REST-TABLA	CALC-ENDIREH-PISOS-2016-RESTANTES-0001	15bc446bc8dc1efc182b770d53726e842db71eeeab9a16ff1cad36eda0a06388	fisica_bc_vida		edad	30-44	PUBLICABLE	7066	5602	0.2361156834872283	0.2224637297082159	0.24767652390672043	0.007031948150443965	3420298.0	200	
RESULT-ENDIREH2016-REST-TABLA	CALC-ENDIREH-PISOS-2016-RESTANTES-0001	15bc446bc8dc1efc182b770d53726e842db71eeeab9a16ff1cad36eda0a06388	fisica_bc_vida		edad	45-59	PUBLICABLE	6545	5276	0.27880487851512487	0.26227495842569964	0.29446427708959444	0.008580136393905174	2981153.0	200	
RESULT-ENDIREH2016-REST-TABLA	CALC-ENDIREH-PISOS-2016-RESTANTES-0001	15bc446bc8dc1efc182b770d53726e842db71eeeab9a16ff1cad36eda0a06388	fisica_bc_vida		edad	60+	PUBLICABLE	8639	6135	0.2670966249765454	0.2526390331241915	0.2797843837272027	0.0071523680955112275	3528094.0	200	
RESULT-ENDIREH2016-REST-TABLA	CALC-ENDIREH-PISOS-2016-RESTANTES-0001	15bc446bc8dc1efc182b770d53726e842db71eeeab9a16ff1cad36eda0a06388	fisica_bc_vida		escolaridad	ninguno	PUBLICABLE	3070	2360	0.3194904586489972	0.29549663620091615	0.3387626810639576	0.010908206214606449	1294890.0	200	
RESULT-ENDIREH2016-REST-TABLA	CALC-ENDIREH-PISOS-2016-RESTANTES-0001	15bc446bc8dc1efc182b770d53726e842db71eeeab9a16ff1cad36eda0a06388	fisica_bc_vida		escolaridad	basica	PUBLICABLE	16889	9742	0.2435857287891813	0.2343844889554743	0.25259347979153224	0.004664321168029097	7970508.0	200	
RESULT-ENDIREH2016-REST-TABLA	CALC-ENDIREH-PISOS-2016-RESTANTES-0001	15bc446bc8dc1efc182b770d53726e842db71eeeab9a16ff1cad36eda0a06388	fisica_bc_vida		escolaridad	media_superior	PUBLICABLE	6869	5522	0.12325276761199463	0.11195137026421799	0.13352525240431645	0.0056098912200985744	3894874.0	200	
RESULT-ENDIREH2016-REST-TABLA	CALC-ENDIREH-PISOS-2016-RESTANTES-0001	15bc446bc8dc1efc182b770d53726e842db71eeeab9a16ff1cad36eda0a06388	fisica_bc_vida		escolaridad	superior	PUBLICABLE	6399	5120	0.09797171101547798	0.09033575796454811	0.10795826438784731	0.004738526436854127	3659587.0	200	
RESULT-ENDIREH2016-REST-TABLA	CALC-ENDIREH-PISOS-2016-RESTANTES-0001	15bc446bc8dc1efc182b770d53726e842db71eeeab9a16ff1cad36eda0a06388	fisica_bc_vida		localidad	U	PUBLICABLE	18756	11028	0.18871156326121222	0.18050578090378344	0.19760182356259132	0.0045522239891852305	10468500.0	200	
RESULT-ENDIREH2016-REST-TABLA	CALC-ENDIREH-PISOS-2016-RESTANTES-0001	15bc446bc8dc1efc182b770d53726e842db71eeeab9a16ff1cad36eda0a06388	fisica_bc_vida		localidad	C	PUBLICABLE	8318	1770	0.19391309292979625	0.18296354384472338	0.2047397234298438	0.0061751056390548075	3692680.0	200	
RESULT-ENDIREH2016-REST-TABLA	CALC-ENDIREH-PISOS-2016-RESTANTES-0001	15bc446bc8dc1efc182b770d53726e842db71eeeab9a16ff1cad36eda0a06388	fisica_bc_vida		localidad	R	PUBLICABLE	6155	1600	0.18885224572064618	0.17541359961618305	0.20307878813698593	0.007148258527212503	2659280.0	200	
RESULT-ENDIREH2016-REST-TABLA	CALC-ENDIREH-PISOS-2016-RESTANTES-0001	15bc446bc8dc1efc182b770d53726e842db71eeeab9a16ff1cad36eda0a06388	fisica_bc_vida		pareja	A1	SUPRIMIDA	0	0						0	soporte
RESULT-ENDIREH2016-REST-TABLA	CALC-ENDIREH-PISOS-2016-RESTANTES-0001	15bc446bc8dc1efc182b770d53726e842db71eeeab9a16ff1cad36eda0a06388	fisica_bc_vida		pareja	A2	SUPRIMIDA	0	0						0	soporte
RESULT-ENDIREH2016-REST-TABLA	CALC-ENDIREH-PISOS-2016-RESTANTES-0001	15bc446bc8dc1efc182b770d53726e842db71eeeab9a16ff1cad36eda0a06388	fisica_bc_vida		pareja	B1	PUBLICABLE	11241	7830	0.3790085907161206	0.3658825113875991	0.39450821840453254	0.007366530331154644	5038928.0	200	
RESULT-ENDIREH2016-REST-TABLA	CALC-ENDIREH-PISOS-2016-RESTANTES-0001	15bc446bc8dc1efc182b770d53726e842db71eeeab9a16ff1cad36eda0a06388	fisica_bc_vida		pareja	B2	PUBLICABLE	8348	5837	0.2511571356020634	0.23820381914924746	0.2644133445842267	0.006951508366830201	3457676.0	200	
RESULT-ENDIREH2016-REST-TABLA	CALC-ENDIREH-PISOS-2016-RESTANTES-0001	15bc446bc8dc1efc182b770d53726e842db71eeeab9a16ff1cad36eda0a06388	fisica_bc_vida		pareja	C1	PUBLICABLE	13640	9155	0.04992638027375774	0.04483692682613782	0.05459779084983367	0.002540864948798799	8323856.0	200	
RESULT-ENDIREH2016-REST-TABLA	CALC-ENDIREH-PISOS-2016-RESTANTES-0001	15bc446bc8dc1efc182b770d53726e842db71eeeab9a16ff1cad36eda0a06388	fisica_bc_vida		entidad	01	PUBLICABLE	1125	532	0.1763964743416428	0.15624020256827867	0.19882815849540714	0.011034021685010777	184930.0	200	
RESULT-ENDIREH2016-REST-TABLA	CALC-ENDIREH-PISOS-2016-RESTANTES-0001	15bc446bc8dc1efc182b770d53726e842db71eeeab9a16ff1cad36eda0a06388	fisica_bc_vida		entidad	02	PUBLICABLE	1038	542	0.1735257535850161	0.1520024864520408	0.1958940107339619	0.012076906120233568	492048.0	200	
RESULT-ENDIREH2016-REST-TABLA	CALC-ENDIREH-PISOS-2016-RESTANTES-0001	15bc446bc8dc1efc182b770d53726e842db71eeeab9a16ff1cad36eda0a06388	fisica_bc_vida		entidad	03	PUBLICABLE	899	362	0.17326544007113973	0.14945489839183457	0.1950332998950777	0.012386510074439059	94462.0	200	
RESULT-ENDIREH2016-REST-TABLA	CALC-ENDIREH-PISOS-2016-RESTANTES-0001	15bc446bc8dc1efc182b770d53726e842db71eeeab9a16ff1cad36eda0a06388	fisica_bc_vida		entidad	04	PUBLICABLE	956	437	0.16666960057739363	0.1424262673282388	0.1947685615459549	0.013757066050160482	113614.0	200	
RESULT-ENDIREH2016-REST-TABLA	CALC-ENDIREH-PISOS-2016-RESTANTES-0001	15bc446bc8dc1efc182b770d53726e842db71eeeab9a16ff1cad36eda0a06388	fisica_bc_vida		entidad	05	PUBLICABLE	971	508	0.17104137101753855	0.14656496673822297	0.19629849843317915	0.012880981547667187	369244.0	200	
RESULT-ENDIREH2016-REST-TABLA	CALC-ENDIREH-PISOS-2016-RESTANTES-0001	15bc446bc8dc1efc182b770d53726e842db71eeeab9a16ff1cad36eda0a06388	fisica_bc_vida		entidad	06	PUBLICABLE	1048	475	0.16758607387404764	0.1448006576492804	0.18770364238006154	0.010537904482472424	103690.0	200	
RESULT-ENDIREH2016-REST-TABLA	CALC-ENDIREH-PISOS-2016-RESTANTES-0001	15bc446bc8dc1efc182b770d53726e842db71eeeab9a16ff1cad36eda0a06388	fisica_bc_vida		entidad	07	PUBLICABLE	913	320	0.2174920898754132	0.19026430429596494	0.24403847234778095	0.013702847394724533	536654.0	200	
RESULT-ENDIREH2016-REST-TABLA	CALC-ENDIREH-PISOS-2016-RESTANTES-0001	15bc446bc8dc1efc182b770d53726e842db71eeeab9a16ff1cad36eda0a06388	fisica_bc_vida		entidad	08	PUBLICABLE	982	532	0.20369478938422175	0.17994763582217885	0.22972581487232574	0.013070613916451234	500651.0	200	
RESULT-ENDIREH2016-REST-TABLA	CALC-ENDIREH-PISOS-2016-RESTANTES-0001	15bc446bc8dc1efc182b770d53726e842db71eeeab9a16ff1cad36eda0a06388	fisica_bc_vida		entidad	09	PUBLICABLE	1483	766	0.2049817335280832	0.18409635865900428	0.228256847293647	0.012025890937918216	1729398.0	200	
RESULT-ENDIREH2016-REST-TABLA	CALC-ENDIREH-PISOS-2016-RESTANTES-0001	15bc446bc8dc1efc182b770d53726e842db71eeeab9a16ff1cad36eda0a06388	fisica_bc_vida		entidad	10	PUBLICABLE	971	460	0.18996248458270523	0.1635349446844343	0.2187571201101108	0.014235620502193791	233504.0	200	
RESULT-ENDIREH2016-REST-TABLA	CALC-ENDIREH-PISOS-2016-RESTANTES-0001	15bc446bc8dc1efc182b770d53726e842db71eeeab9a16ff1cad36eda0a06388	fisica_bc_vida		entidad	11	PUBLICABLE	920	392	0.20822046535746977	0.1801209940852946	0.23443361936426932	0.014831179885880718	698087.0	200	
RESULT-ENDIREH2016-REST-TABLA	CALC-ENDIREH-PISOS-2016-RESTANTES-0001	15bc446bc8dc1efc182b770d53726e842db71eeeab9a16ff1cad36eda0a06388	fisica_bc_vida		entidad	12	PUBLICABLE	1021	371	0.21958298293456288	0.19207215446849316	0.24907743617630634	0.01489869005259413	450677.0	200	
RESULT-ENDIREH2016-REST-TABLA	CALC-ENDIREH-PISOS-2016-RESTANTES-0001	15bc446bc8dc1efc182b770d53726e842db71eeeab9a16ff1cad36eda0a06388	fisica_bc_vida		entidad	13	PUBLICABLE	1054	314	0.19837926114741705	0.17572741540534642	0.22783753073393873	0.013485870257166686	387601.0	200	
RESULT-ENDIREH2016-REST-TABLA	CALC-ENDIREH-PISOS-2016-RESTANTES-0001	15bc446bc8dc1efc182b770d53726e842db71eeeab9a16ff1cad36eda0a06388	fisica_bc_vida		entidad	14	PUBLICABLE	1133	480	0.17059602185588413	0.14835977266931918	0.19304377095806663	0.011475791490793344	1200409.0	200	
RESULT-ENDIREH2016-REST-TABLA	CALC-ENDIREH-PISOS-2016-RESTANTES-0001	15bc446bc8dc1efc182b770d53726e842db71eeeab9a16ff1cad36eda0a06388	fisica_bc_vida		entidad	15	PUBLICABLE	1145	564	0.21038977816697663	0.17890415884550787	0.2345482622889912	0.013483457180644639	2585368.0	200	
RESULT-ENDIREH2016-REST-TABLA	CALC-ENDIREH-PISOS-2016-RESTANTES-0001	15bc446bc8dc1efc182b770d53726e842db71eeeab9a16ff1cad36eda0a06388	fisica_bc_vida		entidad	16	PUBLICABLE	994	346	0.18416570014021846	0.16395478437072755	0.20545687922500322	0.010902552308978243	577670.0	200	
RESULT-ENDIREH2016-REST-TABLA	CALC-ENDIREH-PISOS-2016-RESTANTES-0001	15bc446bc8dc1efc182b770d53726e842db71eeeab9a16ff1cad36eda0a06388	fisica_bc_vida		entidad	17	PUBLICABLE	1153	479	0.18936800828841588	0.16823272629552524	0.21735616070741412	0.012758106069782251	305004.0	200	
RESULT-ENDIREH2016-REST-TABLA	CALC-ENDIREH-PISOS-2016-RESTANTES-0001	15bc446bc8dc1efc182b770d53726e842db71eeeab9a16ff1cad36eda0a06388	fisica_bc_vida		entidad	18	PUBLICABLE	1059	386	0.17093898197913374	0.14935654315156022	0.19432251001580877	0.011557160650578829	158150.0	200	
RESULT-ENDIREH2016-REST-TABLA	CALC-ENDIREH-PISOS-2016-RESTANTES-0001	15bc446bc8dc1efc182b770d53726e842db71eeeab9a16ff1cad36eda0a06388	fisica_bc_vida		entidad	19	PUBLICABLE	920	534	0.1396719610817268	0.12038234351598871	0.16216904078824615	0.010997042927011098	636205.0	200	
RESULT-ENDIREH2016-REST-TABLA	CALC-ENDIREH-PISOS-2016-RESTANTES-0001	15bc446bc8dc1efc182b770d53726e842db71eeeab9a16ff1cad36eda0a06388	fisica_bc_vida		entidad	20	PUBLICABLE	1060	300	0.1985894069928311	0.17351609368201376	0.227851483784179	0.013920832155258288	508864.0	200	
RESULT-ENDIREH2016-REST-TABLA	CALC-ENDIREH-PISOS-2016-RESTANTES-0001	15bc446bc8dc1efc182b770d53726e842db71eeeab9a16ff1cad36eda0a06388	fisica_bc_vida		entidad	21	PUBLICABLE	1539	587	0.18152380775335022	0.15991132521087775	0.2079449344442157	0.011739547318471289	860686.0	200	
RESULT-ENDIREH2016-REST-TABLA	CALC-ENDIREH-PISOS-2016-RESTANTES-0001	15bc446bc8dc1efc182b770d53726e842db71eeeab9a16ff1cad36eda0a06388	fisica_bc_vida		entidad	22	PUBLICABLE	1070	467	0.17186566519899854	0.1444968262902975	0.19300972344843678	0.0115342712762301	289575.0	200	
RESULT-ENDIREH2016-REST-TABLA	CALC-ENDIREH-PISOS-2016-RESTANTES-0001	15bc446bc8dc1efc182b770d53726e842db71eeeab9a16ff1cad36eda0a06388	fisica_bc_vida		entidad	23	PUBLICABLE	775	461	0.1923354860735725	0.16445261905144556	0.2177354700186024	0.014649888812252446	175745.0	200	
RESULT-ENDIREH2016-REST-TABLA	CALC-ENDIREH-PISOS-2016-RESTANTES-0001	15bc446bc8dc1efc182b770d53726e842db71eeeab9a16ff1cad36eda0a06388	fisica_bc_vida		entidad	24	PUBLICABLE	991	418	0.19877796103797007	0.1711859507144076	0.2272451734303846	0.013599235362951899	340742.0	200	
RESULT-ENDIREH2016-REST-TABLA	CALC-ENDIREH-PISOS-2016-RESTANTES-0001	15bc446bc8dc1efc182b770d53726e842db71eeeab9a16ff1cad36eda0a06388	fisica_bc_vida		entidad	25	PUBLICABLE	1122	440	0.14853936132738957	0.12654041538702288	0.1730022257072002	0.011281785061062751	411635.0	200	
RESULT-ENDIREH2016-REST-TABLA	CALC-ENDIREH-PISOS-2016-RESTANTES-0001	15bc446bc8dc1efc182b770d53726e842db71eeeab9a16ff1cad36eda0a06388	fisica_bc_vida		entidad	26	PUBLICABLE	1067	494	0.1518573800204091	0.1317920744082836	0.17775659730902194	0.01198479769740034	393942.0	200	
RESULT-ENDIREH2016-REST-TABLA	CALC-ENDIREH-PISOS-2016-RESTANTES-0001	15bc446bc8dc1efc182b770d53726e842db71eeeab9a16ff1cad36eda0a06388	fisica_bc_vida		entidad	27	PUBLICABLE	909	296	0.220362741306999	0.19425166862682164	0.24900007283185047	0.015113438329790656	268952.0	200	
RESULT-ENDIREH2016-REST-TABLA	CALC-ENDIREH-PISOS-2016-RESTANTES-0001	15bc446bc8dc1efc182b770d53726e842db71eeeab9a16ff1cad36eda0a06388	fisica_bc_vida		entidad	28	PUBLICABLE	919	509	0.1644240614334471	0.1415345362243057	0.18651227373302298	0.012644304647329411	468800.0	200	
RESULT-ENDIREH2016-REST-TABLA	CALC-ENDIREH-PISOS-2016-RESTANTES-0001	15bc446bc8dc1efc182b770d53726e842db71eeeab9a16ff1cad36eda0a06388	fisica_bc_vida		entidad	29	PUBLICABLE	1127	475	0.2098479370713644	0.1859643296837439	0.237757815350782	0.01331394262415837	182556.0	200	
RESULT-ENDIREH2016-REST-TABLA	CALC-ENDIREH-PISOS-2016-RESTANTES-0001	15bc446bc8dc1efc182b770d53726e842db71eeeab9a16ff1cad36eda0a06388	fisica_bc_vida		entidad	30	PUBLICABLE	1032	382	0.18778080006452855	0.16014503644503453	0.2116906492054613	0.012892648040267638	1115785.0	200	
RESULT-ENDIREH2016-REST-TABLA	CALC-ENDIREH-PISOS-2016-RESTANTES-0001	15bc446bc8dc1efc182b770d53726e842db71eeeab9a16ff1cad36eda0a06388	fisica_bc_vida		entidad	31	PUBLICABLE	878	425	0.18214253995590274	0.15759695858905065	0.20564097247507115	0.012842088434121875	258973.0	200	
RESULT-ENDIREH2016-REST-TABLA	CALC-ENDIREH-PISOS-2016-RESTANTES-0001	15bc446bc8dc1efc182b770d53726e842db71eeeab9a16ff1cad36eda0a06388	fisica_bc_vida		entidad	32	PUBLICABLE	955	344	0.16874956513361772	0.14227957056633625	0.1954363559062739	0.012753777349051455	186839.0	200	
RESULT-ENDIREH2016-REST-TABLA	CALC-ENDIREH-PISOS-2016-RESTANTES-0001	15bc446bc8dc1efc182b770d53726e842db71eeeab9a16ff1cad36eda0a06388	fisica_bc_reciente		nacional	MX	PUBLICABLE	33227	14397	0.035740232747006835	0.032523351264655484	0.03879964692885317	0.001650924960789338	16819980.0	200	
RESULT-ENDIREH2016-REST-TABLA	CALC-ENDIREH-PISOS-2016-RESTANTES-0001	15bc446bc8dc1efc182b770d53726e842db71eeeab9a16ff1cad36eda0a06388	fisica_bc_reciente		edad	15-29	PUBLICABLE	10979	7749	0.04657015795435004	0.04186176700491095	0.05278870015507356	0.0027070315078724662	6890915.0	200	
RESULT-ENDIREH2016-REST-TABLA	CALC-ENDIREH-PISOS-2016-RESTANTES-0001	15bc446bc8dc1efc182b770d53726e842db71eeeab9a16ff1cad36eda0a06388	fisica_bc_reciente		edad	30-44	PUBLICABLE	7066	5602	0.05266617119327029	0.046191603056612636	0.05864364573362677	0.0033809140130517034	3420298.0	200	
RESULT-ENDIREH2016-REST-TABLA	CALC-ENDIREH-PISOS-2016-RESTANTES-0001	15bc446bc8dc1efc182b770d53726e842db71eeeab9a16ff1cad36eda0a06388	fisica_bc_reciente		edad	45-59	PUBLICABLE	6544	5275	0.021417014520106505	0.01737343880548612	0.026255180013114818	0.0022272917330844	2980901.0	200	
RESULT-ENDIREH2016-REST-TABLA	CALC-ENDIREH-PISOS-2016-RESTANTES-0001	15bc446bc8dc1efc182b770d53726e842db71eeeab9a16ff1cad36eda0a06388	fisica_bc_reciente		edad	60+	PUBLICABLE	8638	6135	0.010279018534150674	0.006724826032219354	0.014187713385488802	0.0018497680081073172	3527866.0	200	
RESULT-ENDIREH2016-REST-TABLA	CALC-ENDIREH-PISOS-2016-RESTANTES-0001	15bc446bc8dc1efc182b770d53726e842db71eeeab9a16ff1cad36eda0a06388	fisica_bc_reciente		escolaridad	ninguno	PUBLICABLE	3070	2360	0.015029848095204999	0.009799632383672633	0.02023020894380653	0.002661146349020493	1294890.0	200	
RESULT-ENDIREH2016-REST-TABLA	CALC-ENDIREH-PISOS-2016-RESTANTES-0001	15bc446bc8dc1efc182b770d53726e842db71eeeab9a16ff1cad36eda0a06388	fisica_bc_reciente		escolaridad	basica	PUBLICABLE	16889	9742	0.03871723107234821	0.034348069773665064	0.043584322631994896	0.0023039657491597076	7970508.0	200	
RESULT-ENDIREH2016-REST-TABLA	CALC-ENDIREH-PISOS-2016-RESTANTES-0001	15bc446bc8dc1efc182b770d53726e842db71eeeab9a16ff1cad36eda0a06388	fisica_bc_reciente		escolaridad	media_superior	PUBLICABLE	6868	5521	0.045495557720364135	0.03807066315979183	0.052691552815148396	0.003775334373054126	3894622.0	200	
RESULT-ENDIREH2016-REST-TABLA	CALC-ENDIREH-PISOS-2016-RESTANTES-0001	15bc446bc8dc1efc182b770d53726e842db71eeeab9a16ff1cad36eda0a06388	fisica_bc_reciente		escolaridad	superior	PUBLICABLE	6398	5120	0.026207868645847537	0.02158111620113031	0.03176075158235739	0.0026007955163647395	3659359.0	200	
RESULT-ENDIREH2016-REST-TABLA	CALC-ENDIREH-PISOS-2016-RESTANTES-0001	15bc446bc8dc1efc182b770d53726e842db71eeeab9a16ff1cad36eda0a06388	fisica_bc_reciente		localidad	U	PUBLICABLE	18755	11027	0.036457294477547725	0.03293873656826305	0.04018014537545782	0.001971063875412051	10468248.0	200	
RESULT-ENDIREH2016-REST-TABLA	CALC-ENDIREH-PISOS-2016-RESTANTES-0001	15bc446bc8dc1efc182b770d53726e842db71eeeab9a16ff1cad36eda0a06388	fisica_bc_reciente		localidad	C	PUBLICABLE	8317	1770	0.037610509222597885	0.03297656509272252	0.043034308398708275	0.0027754962543710656	3692452.0	200	
RESULT-ENDIREH2016-REST-TABLA	CALC-ENDIREH-PISOS-2016-RESTANTES-0001	15bc446bc8dc1efc182b770d53726e842db71eeeab9a16ff1cad36eda0a06388	fisica_bc_reciente		localidad	R	PUBLICABLE	6155	1600	0.030320613098282243	0.023854184994624394	0.038245343458716344	0.003464320178304515	2659280.0	200	
RESULT-ENDIREH2016-REST-TABLA	CALC-ENDIREH-PISOS-2016-RESTANTES-0001	15bc446bc8dc1efc182b770d53726e842db71eeeab9a16ff1cad36eda0a06388	fisica_bc_reciente		pareja	A1	SUPRIMIDA	0	0						0	soporte
RESULT-ENDIREH2016-REST-TABLA	CALC-ENDIREH-PISOS-2016-RESTANTES-0001	15bc446bc8dc1efc182b770d53726e842db71eeeab9a16ff1cad36eda0a06388	fisica_bc_reciente		pareja	A2	SUPRIMIDA	0	0						0	soporte
RESULT-ENDIREH2016-REST-TABLA	CALC-ENDIREH-PISOS-2016-RESTANTES-0001	15bc446bc8dc1efc182b770d53726e842db71eeeab9a16ff1cad36eda0a06388	fisica_bc_reciente		pareja	B1	PUBLICABLE	11240	7829	0.06471104710840705	0.05832323126711916	0.07024881175825268	0.003190978054218926	5038676.0	200	
RESULT-ENDIREH2016-REST-TABLA	CALC-ENDIREH-PISOS-2016-RESTANTES-0001	15bc446bc8dc1efc182b770d53726e842db71eeeab9a16ff1cad36eda0a06388	fisica_bc_reciente		pareja	B2	PUBLICABLE	8348	5837	0.0073294895183932795	0.004590114749927263	0.010301573378234213	0.0014992041212458865	3457676.0	200	
RESULT-ENDIREH2016-REST-TABLA	CALC-ENDIREH-PISOS-2016-RESTANTES-0001	15bc446bc8dc1efc182b770d53726e842db71eeeab9a16ff1cad36eda0a06388	fisica_bc_reciente		pareja	C1	PUBLICABLE	13639	9155	0.030004824819177406	0.02598129780879741	0.03396781488837497	0.002116209282908538	8323628.0	200	
RESULT-ENDIREH2016-REST-TABLA	CALC-ENDIREH-PISOS-2016-RESTANTES-0001	15bc446bc8dc1efc182b770d53726e842db71eeeab9a16ff1cad36eda0a06388	fisica_bc_reciente		entidad	01	PUBLICABLE	1125	532	0.04070188720056238	0.02858210331694424	0.05353418126327416	0.006599118280856748	184930.0	200	
RESULT-ENDIREH2016-REST-TABLA	CALC-ENDIREH-PISOS-2016-RESTANTES-0001	15bc446bc8dc1efc182b770d53726e842db71eeeab9a16ff1cad36eda0a06388	fisica_bc_reciente		entidad	02	PUBLICABLE	1038	542	0.031876971352388386	0.019849680568670727	0.04401542942239865	0.006521394173068372	492048.0	200	
RESULT-ENDIREH2016-REST-TABLA	CALC-ENDIREH-PISOS-2016-RESTANTES-0001	15bc446bc8dc1efc182b770d53726e842db71eeeab9a16ff1cad36eda0a06388	fisica_bc_reciente		entidad	03	PUBLICABLE	899	362	0.04957549067349834	0.034734470675007824	0.0666467143980139	0.008194810882521983	94462.0	200	
RESULT-ENDIREH2016-REST-TABLA	CALC-ENDIREH-PISOS-2016-RESTANTES-0001	15bc446bc8dc1efc182b770d53726e842db71eeeab9a16ff1cad36eda0a06388	fisica_bc_reciente		entidad	04	PUBLICABLE	956	437	0.0355942049395321	0.02656339687124375	0.04718758699274727	0.005768839622527441	113614.0	200	
RESULT-ENDIREH2016-REST-TABLA	CALC-ENDIREH-PISOS-2016-RESTANTES-0001	15bc446bc8dc1efc182b770d53726e842db71eeeab9a16ff1cad36eda0a06388	fisica_bc_reciente		entidad	05	PUBLICABLE	971	508	0.030226625212596548	0.01797671617983029	0.04393504846858889	0.0064968813753504785	369244.0	200	
RESULT-ENDIREH2016-REST-TABLA	CALC-ENDIREH-PISOS-2016-RESTANTES-0001	15bc446bc8dc1efc182b770d53726e842db71eeeab9a16ff1cad36eda0a06388	fisica_bc_reciente		entidad	06	PUBLICABLE	1048	475	0.034805670749349024	0.024720577979408378	0.046285691957557926	0.005746238600297741	103690.0	200	
RESULT-ENDIREH2016-REST-TABLA	CALC-ENDIREH-PISOS-2016-RESTANTES-0001	15bc446bc8dc1efc182b770d53726e842db71eeeab9a16ff1cad36eda0a06388	fisica_bc_reciente		entidad	07	PUBLICABLE	913	320	0.027030451650411624	0.01661572347663435	0.03770769913955733	0.004911429304205516	536654.0	200	
RESULT-ENDIREH2016-REST-TABLA	CALC-ENDIREH-PISOS-2016-RESTANTES-0001	15bc446bc8dc1efc182b770d53726e842db71eeeab9a16ff1cad36eda0a06388	fisica_bc_reciente		entidad	08	PUBLICABLE	982	532	0.05696383308931771	0.04145392184194243	0.07552871091425994	0.008844705423628673	500651.0	200	
RESULT-ENDIREH2016-REST-TABLA	CALC-ENDIREH-PISOS-2016-RESTANTES-0001	15bc446bc8dc1efc182b770d53726e842db71eeeab9a16ff1cad36eda0a06388	fisica_bc_reciente		entidad	09	PUBLICABLE	1483	766	0.036944069554839316	0.02783873359367459	0.04959606170146818	0.0058612375319506095	1729398.0	200	
RESULT-ENDIREH2016-REST-TABLA	CALC-ENDIREH-PISOS-2016-RESTANTES-0001	15bc446bc8dc1efc182b770d53726e842db71eeeab9a16ff1cad36eda0a06388	fisica_bc_reciente		entidad	10	PUBLICABLE	971	460	0.0431898382897081	0.02718951882474505	0.059337477707564666	0.00798875948858191	233504.0	200	
RESULT-ENDIREH2016-REST-TABLA	CALC-ENDIREH-PISOS-2016-RESTANTES-0001	15bc446bc8dc1efc182b770d53726e842db71eeeab9a16ff1cad36eda0a06388	fisica_bc_reciente		entidad	11	PUBLICABLE	920	392	0.04385556528054526	0.02795696519658301	0.05791000504019737	0.007733879768399124	698087.0	200	
RESULT-ENDIREH2016-REST-TABLA	CALC-ENDIREH-PISOS-2016-RESTANTES-0001	15bc446bc8dc1efc182b770d53726e842db71eeeab9a16ff1cad36eda0a06388	fisica_bc_reciente		entidad	12	PUBLICABLE	1021	371	0.042791178604632586	0.030016806790704766	0.05611957148835101	0.006643859861147717	450677.0	200	
RESULT-ENDIREH2016-REST-TABLA	CALC-ENDIREH-PISOS-2016-RESTANTES-0001	15bc446bc8dc1efc182b770d53726e842db71eeeab9a16ff1cad36eda0a06388	fisica_bc_reciente		entidad	13	PUBLICABLE	1054	314	0.03275017350316434	0.02073367136258918	0.05171432873160189	0.007265381912065496	387601.0	200	
RESULT-ENDIREH2016-REST-TABLA	CALC-ENDIREH-PISOS-2016-RESTANTES-0001	15bc446bc8dc1efc182b770d53726e842db71eeeab9a16ff1cad36eda0a06388	fisica_bc_reciente		entidad	14	PUBLICABLE	1133	480	0.03233897779840038	0.022750304418148796	0.04524688007458696	0.005812795441093688	1200409.0	200	
RESULT-ENDIREH2016-REST-TABLA	CALC-ENDIREH-PISOS-2016-RESTANTES-0001	15bc446bc8dc1efc182b770d53726e842db71eeeab9a16ff1cad36eda0a06388	fisica_bc_reciente		entidad	15	PUBLICABLE	1145	564	0.03952048605846441	0.0283654776831876	0.050876294840781114	0.005793674115626348	2585368.0	200	
RESULT-ENDIREH2016-REST-TABLA	CALC-ENDIREH-PISOS-2016-RESTANTES-0001	15bc446bc8dc1efc182b770d53726e842db71eeeab9a16ff1cad36eda0a06388	fisica_bc_reciente		entidad	16	PUBLICABLE	994	346	0.03095192757110461	0.021130150577258987	0.043101952604680874	0.005680461376996307	577670.0	200	
RESULT-ENDIREH2016-REST-TABLA	CALC-ENDIREH-PISOS-2016-RESTANTES-0001	15bc446bc8dc1efc182b770d53726e842db71eeeab9a16ff1cad36eda0a06388	fisica_bc_reciente		entidad	17	PUBLICABLE	1153	479	0.027645539074897377	0.017228912314394985	0.03922613277741034	0.005911386530087677	305004.0	200	
RESULT-ENDIREH2016-REST-TABLA	CALC-ENDIREH-PISOS-2016-RESTANTES-0001	15bc446bc8dc1efc182b770d53726e842db71eeeab9a16ff1cad36eda0a06388	fisica_bc_reciente		entidad	18	PUBLICABLE	1059	386	0.04254821372115081	0.030218996348148796	0.056623689178073394	0.006621459952175989	158150.0	200	
RESULT-ENDIREH2016-REST-TABLA	CALC-ENDIREH-PISOS-2016-RESTANTES-0001	15bc446bc8dc1efc182b770d53726e842db71eeeab9a16ff1cad36eda0a06388	fisica_bc_reciente		entidad	19	PUBLICABLE	920	534	0.03276931177843619	0.0233855644286615	0.04626951959611926	0.005389743485964808	636205.0	200	
RESULT-ENDIREH2016-REST-TABLA	CALC-ENDIREH-PISOS-2016-RESTANTES-0001	15bc446bc8dc1efc182b770d53726e842db71eeeab9a16ff1cad36eda0a06388	fisica_bc_reciente		entidad	20	PUBLICABLE	1060	300	0.025448842912841153	0.01617644348821392	0.036048167322233995	0.005183787089701738	508864.0	200	
RESULT-ENDIREH2016-REST-TABLA	CALC-ENDIREH-PISOS-2016-RESTANTES-0001	15bc446bc8dc1efc182b770d53726e842db71eeeab9a16ff1cad36eda0a06388	fisica_bc_reciente		entidad	21	PUBLICABLE	1539	587	0.029617072893017894	0.020778518815158402	0.03778132868162176	0.004483551523922659	860686.0	200	
RESULT-ENDIREH2016-REST-TABLA	CALC-ENDIREH-PISOS-2016-RESTANTES-0001	15bc446bc8dc1efc182b770d53726e842db71eeeab9a16ff1cad36eda0a06388	fisica_bc_reciente		entidad	22	PUBLICABLE	1070	467	0.03714754381421048	0.026500379378941903	0.04945812435021711	0.006381058970754915	289575.0	200	
RESULT-ENDIREH2016-REST-TABLA	CALC-ENDIREH-PISOS-2016-RESTANTES-0001	15bc446bc8dc1efc182b770d53726e842db71eeeab9a16ff1cad36eda0a06388	fisica_bc_reciente		entidad	23	PUBLICABLE	775	461	0.04589035249935987	0.028919002656706896	0.05955756300941044	0.008216980801798437	175745.0	200	
RESULT-ENDIREH2016-REST-TABLA	CALC-ENDIREH-PISOS-2016-RESTANTES-0001	15bc446bc8dc1efc182b770d53726e842db71eeeab9a16ff1cad36eda0a06388	fisica_bc_reciente		entidad	24	PUBLICABLE	991	418	0.032297163249614076	0.02159483901434621	0.04593201445273751	0.006021791835661844	340742.0	200	
RESULT-ENDIREH2016-REST-TABLA	CALC-ENDIREH-PISOS-2016-RESTANTES-0001	15bc446bc8dc1efc182b770d53726e842db71eeeab9a16ff1cad36eda0a06388	fisica_bc_reciente		entidad	25	PUBLICABLE	1121	439	0.02634771004149418	0.01421259344828072	0.04043108754200194	0.005935046213557831	411383.0	200	
RESULT-ENDIREH2016-REST-TABLA	CALC-ENDIREH-PISOS-2016-RESTANTES-0001	15bc446bc8dc1efc182b770d53726e842db71eeeab9a16ff1cad36eda0a06388	fisica_bc_reciente		entidad	26	PUBLICABLE	1066	494	0.037176732348862374	0.02740703504504489	0.049926471007585425	0.006148187133161992	393714.0	200	
RESULT-ENDIREH2016-REST-TABLA	CALC-ENDIREH-PISOS-2016-RESTANTES-0001	15bc446bc8dc1efc182b770d53726e842db71eeeab9a16ff1cad36eda0a06388	fisica_bc_reciente		entidad	27	PUBLICABLE	909	296	0.03469764121478926	0.023424704866781682	0.04732365008189002	0.006720832117647663	268952.0	200	
RESULT-ENDIREH2016-REST-TABLA	CALC-ENDIREH-PISOS-2016-RESTANTES-0001	15bc446bc8dc1efc182b770d53726e842db71eeeab9a16ff1cad36eda0a06388	fisica_bc_reciente		entidad	28	PUBLICABLE	919	509	0.032427474402730375	0.02067194630486248	0.046294610831554533	0.006836526606921557	468800.0	200	
RESULT-ENDIREH2016-REST-TABLA	CALC-ENDIREH-PISOS-2016-RESTANTES-0001	15bc446bc8dc1efc182b770d53726e842db71eeeab9a16ff1cad36eda0a06388	fisica_bc_reciente		entidad	29	PUBLICABLE	1127	475	0.04584894498126602	0.03472723299535029	0.056897241102553626	0.006297870284019977	182556.0	200	
RESULT-ENDIREH2016-REST-TABLA	CALC-ENDIREH-PISOS-2016-RESTANTES-0001	15bc446bc8dc1efc182b770d53726e842db71eeeab9a16ff1cad36eda0a06388	fisica_bc_reciente		entidad	30	PUBLICABLE	1032	382	0.03306819862249448	0.02212882749476906	0.046107687389440107	0.006586307954740314	1115785.0	200	
RESULT-ENDIREH2016-REST-TABLA	CALC-ENDIREH-PISOS-2016-RESTANTES-0001	15bc446bc8dc1efc182b770d53726e842db71eeeab9a16ff1cad36eda0a06388	fisica_bc_reciente		entidad	31	PUBLICABLE	878	425	0.03667177659447124	0.02383986492592474	0.05244306324729045	0.007316678110180134	258973.0	200	
RESULT-ENDIREH2016-REST-TABLA	CALC-ENDIREH-PISOS-2016-RESTANTES-0001	15bc446bc8dc1efc182b770d53726e842db71eeeab9a16ff1cad36eda0a06388	fisica_bc_reciente		entidad	32	PUBLICABLE	955	344	0.03703723526672697	0.021534363274736804	0.05318031726511891	0.007804871964953755	186839.0	200	
RESULT-ENDIREH2016-REST-TABLA	CALC-ENDIREH-PISOS-2016-RESTANTES-0001	15bc446bc8dc1efc182b770d53726e842db71eeeab9a16ff1cad36eda0a06388	emocional_control_vida		nacional	MX	PUBLICABLE	106084	17901	0.40155467258894795	0.3965787901535352	0.4065667079212333	0.0025538878947109433	43389586.0	200	
RESULT-ENDIREH2016-REST-TABLA	CALC-ENDIREH-PISOS-2016-RESTANTES-0001	15bc446bc8dc1efc182b770d53726e842db71eeeab9a16ff1cad36eda0a06388	emocional_control_vida		edad	15-29	PUBLICABLE	27481	12413	0.3874134469078234	0.37848502871884887	0.3951906408490612	0.004391758922886847	12871435.0	200	
RESULT-ENDIREH2016-REST-TABLA	CALC-ENDIREH-PISOS-2016-RESTANTES-0001	15bc446bc8dc1efc182b770d53726e842db71eeeab9a16ff1cad36eda0a06388	emocional_control_vida		edad	30-44	PUBLICABLE	35779	13993	0.4157778114809588	0.40812965770357407	0.4227260322504875	0.0038545516194105223	13424384.0	200	
RESULT-ENDIREH2016-REST-TABLA	CALC-ENDIREH-PISOS-2016-RESTANTES-0001	15bc446bc8dc1efc182b770d53726e842db71eeeab9a16ff1cad36eda0a06388	emocional_control_vida		edad	45-59	PUBLICABLE	24705	12267	0.41317792180516305	0.40269423193585446	0.42200882383832605	0.005071105155664809	10160722.0	200	
RESULT-ENDIREH2016-REST-TABLA	CALC-ENDIREH-PISOS-2016-RESTANTES-0001	15bc446bc8dc1efc182b770d53726e842db71eeeab9a16ff1cad36eda0a06388	emocional_control_vida		edad	60+	PUBLICABLE	18119	9495	0.3832337739045398	0.3715501358956109	0.3941283122231589	0.005911562334554252	6933045.0	200	
RESULT-ENDIREH2016-REST-TABLA	CALC-ENDIREH-PISOS-2016-RESTANTES-0001	15bc446bc8dc1efc182b770d53726e842db71eeeab9a16ff1cad36eda0a06388	emocional_control_vida		escolaridad	ninguno	PUBLICABLE	7560	4097	0.39100101027532097	0.374274634824689	0.40582410817491477	0.007767831259321678	2984335.0	200	
RESULT-ENDIREH2016-REST-TABLA	CALC-ENDIREH-PISOS-2016-RESTANTES-0001	15bc446bc8dc1efc182b770d53726e842db71eeeab9a16ff1cad36eda0a06388	emocional_control_vida		escolaridad	basica	PUBLICABLE	62108	15659	0.4134525062679997	0.40653483910192484	0.41965294228440986	0.0031893985954692594	24359446.0	200	
RESULT-ENDIREH2016-REST-TABLA	CALC-ENDIREH-PISOS-2016-RESTANTES-0001	15bc446bc8dc1efc182b770d53726e842db71eeeab9a16ff1cad36eda0a06388	emocional_control_vida		escolaridad	media_superior	PUBLICABLE	19907	11280	0.39945708598433094	0.38947363159884113	0.4109698711062088	0.005200627401266574	8803604.0	200	
RESULT-ENDIREH2016-REST-TABLA	CALC-ENDIREH-PISOS-2016-RESTANTES-0001	15bc446bc8dc1efc182b770d53726e842db71eeeab9a16ff1cad36eda0a06388	emocional_control_vida		escolaridad	superior	PUBLICABLE	16504	9741	0.36847341486194624	0.3581665838898476	0.38022494986765193	0.005997945945382611	7241057.0	200	
RESULT-ENDIREH2016-REST-TABLA	CALC-ENDIREH-PISOS-2016-RESTANTES-0001	15bc446bc8dc1efc182b770d53726e842db71eeeab9a16ff1cad36eda0a06388	emocional_control_vida		localidad	U	PUBLICABLE	52807	14461	0.4271410267446508	0.4196496059125685	0.432348404689622	0.003276598543201875	24290577.0	200	
RESULT-ENDIREH2016-REST-TABLA	CALC-ENDIREH-PISOS-2016-RESTANTES-0001	15bc446bc8dc1efc182b770d53726e842db71eeeab9a16ff1cad36eda0a06388	emocional_control_vida		localidad	C	PUBLICABLE	27415	1793	0.38799944464423547	0.37981271552780926	0.39820864352755264	0.004851892261372719	10018803.0	200	
RESULT-ENDIREH2016-REST-TABLA	CALC-ENDIREH-PISOS-2016-RESTANTES-0001	15bc446bc8dc1efc182b770d53726e842db71eeeab9a16ff1cad36eda0a06388	emocional_control_vida		localidad	R	PUBLICABLE	25862	1647	0.3480646804709056	0.33872294959169374	0.3587348753972129	0.004862244729983143	9080206.0	200	
RESULT-ENDIREH2016-REST-TABLA	CALC-ENDIREH-PISOS-2016-RESTANTES-0001	15bc446bc8dc1efc182b770d53726e842db71eeeab9a16ff1cad36eda0a06388	emocional_control_vida		pareja	A1	PUBLICABLE	70749	17108	0.3740741291660537	0.3689989311782035	0.38005303205426716	0.002928230060356394	25680958.0	200	
RESULT-ENDIREH2016-REST-TABLA	CALC-ENDIREH-PISOS-2016-RESTANTES-0001	15bc446bc8dc1efc182b770d53726e842db71eeeab9a16ff1cad36eda0a06388	emocional_control_vida		pareja	A2	PUBLICABLE	2105	1748	0.4063763016230976	0.37789952601666427	0.43428297848777847	0.015378302702930259	885529.0	200	
RESULT-ENDIREH2016-REST-TABLA	CALC-ENDIREH-PISOS-2016-RESTANTES-0001	15bc446bc8dc1efc182b770d53726e842db71eeeab9a16ff1cad36eda0a06388	emocional_control_vida		pareja	B1	PUBLICABLE	11241	7830	0.6418690642136582	0.6275228201088913	0.6548659297268985	0.006727264254670693	5038928.0	200	
RESULT-ENDIREH2016-REST-TABLA	CALC-ENDIREH-PISOS-2016-RESTANTES-0001	15bc446bc8dc1efc182b770d53726e842db71eeeab9a16ff1cad36eda0a06388	emocional_control_vida		pareja	B2	PUBLICABLE	8349	5837	0.388052821780676	0.37429115815012454	0.40309536100656157	0.007889577012038042	3460315.0	200	
RESULT-ENDIREH2016-REST-TABLA	CALC-ENDIREH-PISOS-2016-RESTANTES-0001	15bc446bc8dc1efc182b770d53726e842db71eeeab9a16ff1cad36eda0a06388	emocional_control_vida		pareja	C1	PUBLICABLE	13640	9155	0.345961535134678	0.3336473170907887	0.3584448090162749	0.006001592490394484	8323856.0	200	
RESULT-ENDIREH2016-REST-TABLA	CALC-ENDIREH-PISOS-2016-RESTANTES-0001	15bc446bc8dc1efc182b770d53726e842db71eeeab9a16ff1cad36eda0a06388	emocional_control_vida		entidad	01	PUBLICABLE	3378	665	0.4684549766785198	0.44898404284065263	0.4893349366226938	0.010557041702914763	454731.0	200	
RESULT-ENDIREH2016-REST-TABLA	CALC-ENDIREH-PISOS-2016-RESTANTES-0001	15bc446bc8dc1efc182b770d53726e842db71eeeab9a16ff1cad36eda0a06388	emocional_control_vida		entidad	02	PUBLICABLE	3013	715	0.31859754072223845	0.29908157540874836	0.33511616848054454	0.009927760850911172	1204256.0	200	
RESULT-ENDIREH2016-REST-TABLA	CALC-ENDIREH-PISOS-2016-RESTANTES-0001	15bc446bc8dc1efc182b770d53726e842db71eeeab9a16ff1cad36eda0a06388	emocional_control_vida		entidad	03	PUBLICABLE	3014	447	0.3361411449166038	0.31005523609244634	0.3607931688188097	0.013364015709767054	262482.0	200	
RESULT-ENDIREH2016-REST-TABLA	CALC-ENDIREH-PISOS-2016-RESTANTES-0001	15bc446bc8dc1efc182b770d53726e842db71eeeab9a16ff1cad36eda0a06388	emocional_control_vida		entidad	04	PUBLICABLE	3257	554	0.28741943703814193	0.26473602918424105	0.30754052006422455	0.010399220123285617	321798.0	200	
RESULT-ENDIREH2016-REST-TABLA	CALC-ENDIREH-PISOS-2016-RESTANTES-0001	15bc446bc8dc1efc182b770d53726e842db71eeeab9a16ff1cad36eda0a06388	emocional_control_vida		entidad	05	PUBLICABLE	3373	699	0.38305970659515143	0.3670552624534043	0.40257695914034647	0.009554595483906822	1053016.0	200	
RESULT-ENDIREH2016-REST-TABLA	CALC-ENDIREH-PISOS-2016-RESTANTES-0001	15bc446bc8dc1efc182b770d53726e842db71eeeab9a16ff1cad36eda0a06388	emocional_control_vida		entidad	06	PUBLICABLE	3208	620	0.37592746827307405	0.35420889162728725	0.3955472974953608	0.010389028595090392	262947.0	200	
RESULT-ENDIREH2016-REST-TABLA	CALC-ENDIREH-PISOS-2016-RESTANTES-0001	15bc446bc8dc1efc182b770d53726e842db71eeeab9a16ff1cad36eda0a06388	emocional_control_vida		entidad	07	PUBLICABLE	3510	369	0.3045036989199237	0.28476036070885297	0.324150171912959	0.009829849432273606	1690899.0	200	
RESULT-ENDIREH2016-REST-TABLA	CALC-ENDIREH-PISOS-2016-RESTANTES-0001	15bc446bc8dc1efc182b770d53726e842db71eeeab9a16ff1cad36eda0a06388	emocional_control_vida		entidad	08	PUBLICABLE	3002	690	0.40157296413159305	0.37793341396045566	0.4255509200077768	0.011559944131822524	1301619.0	200	
RESULT-ENDIREH2016-REST-TABLA	CALC-ENDIREH-PISOS-2016-RESTANTES-0001	15bc446bc8dc1efc182b770d53726e842db71eeeab9a16ff1cad36eda0a06388	emocional_control_vida		entidad	09	PUBLICABLE	3443	877	0.49502656490012076	0.4754020924175898	0.5137254988820759	0.01047186641751222	3507636.0	200	
RESULT-ENDIREH2016-REST-TABLA	CALC-ENDIREH-PISOS-2016-RESTANTES-0001	15bc446bc8dc1efc182b770d53726e842db71eeeab9a16ff1cad36eda0a06388	emocional_control_vida		entidad	10	PUBLICABLE	3154	568	0.3988926013703735	0.3769882796210285	0.41987920651048805	0.010902179789372019	619831.0	200	
RESULT-ENDIREH2016-REST-TABLA	CALC-ENDIREH-PISOS-2016-RESTANTES-0001	15bc446bc8dc1efc182b770d53726e842db71eeeab9a16ff1cad36eda0a06388	emocional_control_vida		entidad	11	PUBLICABLE	3336	513	0.3438698328151976	0.32108428821119245	0.366027413415178	0.011333207472365098	2019741.0	200	
RESULT-ENDIREH2016-REST-TABLA	CALC-ENDIREH-PISOS-2016-RESTANTES-0001	15bc446bc8dc1efc182b770d53726e842db71eeeab9a16ff1cad36eda0a06388	emocional_control_vida		entidad	12	PUBLICABLE	3226	424	0.3816330754382334	0.3593225494799961	0.4046324314805693	0.011597262874581625	1212767.0	200	
RESULT-ENDIREH2016-REST-TABLA	CALC-ENDIREH-PISOS-2016-RESTANTES-0001	15bc446bc8dc1efc182b770d53726e842db71eeeab9a16ff1cad36eda0a06388	emocional_control_vida		entidad	13	PUBLICABLE	3401	349	0.3958053414477618	0.3745847097401239	0.4136779929910347	0.009976002886608578	1048667.0	200	
RESULT-ENDIREH2016-REST-TABLA	CALC-ENDIREH-PISOS-2016-RESTANTES-0001	15bc446bc8dc1efc182b770d53726e842db71eeeab9a16ff1cad36eda0a06388	emocional_control_vida		entidad	14	PUBLICABLE	3330	579	0.4379673133932358	0.41599902413969087	0.45568693663372467	0.010063068103033649	2872002.0	200	
RESULT-ENDIREH2016-REST-TABLA	CALC-ENDIREH-PISOS-2016-RESTANTES-0001	15bc446bc8dc1efc182b770d53726e842db71eeeab9a16ff1cad36eda0a06388	emocional_control_vida		entidad	15	PUBLICABLE	3386	711	0.5011176005067154	0.48301489704179607	0.5188209545589114	0.009348364031161177	6304131.0	200	
RESULT-ENDIREH2016-REST-TABLA	CALC-ENDIREH-PISOS-2016-RESTANTES-0001	15bc446bc8dc1efc182b770d53726e842db71eeeab9a16ff1cad36eda0a06388	emocional_control_vida		entidad	16	PUBLICABLE	3392	390	0.4163153055852819	0.38882027385883977	0.4405938483412574	0.012562027773634767	1618468.0	200	
RESULT-ENDIREH2016-REST-TABLA	CALC-ENDIREH-PISOS-2016-RESTANTES-0001	15bc446bc8dc1efc182b770d53726e842db71eeeab9a16ff1cad36eda0a06388	emocional_control_vida		entidad	17	PUBLICABLE	3169	572	0.4019840235633824	0.3842929684142269	0.42470815068161594	0.011020967668023431	725193.0	200	
RESULT-ENDIREH2016-REST-TABLA	CALC-ENDIREH-PISOS-2016-RESTANTES-0001	15bc446bc8dc1efc182b770d53726e842db71eeeab9a16ff1cad36eda0a06388	emocional_control_vida		entidad	18	PUBLICABLE	3434	444	0.34548843976629456	0.3293577927100481	0.36828439395921503	0.01040385638629124	439870.0	200	
RESULT-ENDIREH2016-REST-TABLA	CALC-ENDIREH-PISOS-2016-RESTANTES-0001	15bc446bc8dc1efc182b770d53726e842db71eeeab9a16ff1cad36eda0a06388	emocional_control_vida		entidad	19	PUBLICABLE	3177	738	0.2825434647087345	0.2661635941051081	0.2980288160649794	0.00879186531665718	1804625.0	200	
RESULT-ENDIREH2016-REST-TABLA	CALC-ENDIREH-PISOS-2016-RESTANTES-0001	15bc446bc8dc1efc182b770d53726e842db71eeeab9a16ff1cad36eda0a06388	emocional_control_vida		entidad	20	PUBLICABLE	3508	331	0.40608546789981387	0.38493913987613504	0.42761210899437624	0.011669018740685563	1407780.0	200	
RESULT-ENDIREH2016-REST-TABLA	CALC-ENDIREH-PISOS-2016-RESTANTES-0001	15bc446bc8dc1efc182b770d53726e842db71eeeab9a16ff1cad36eda0a06388	emocional_control_vida		entidad	21	PUBLICABLE	4492	686	0.4041414494393175	0.3820879685055685	0.4230302999806566	0.011188892609947628	2206329.0	200	
RESULT-ENDIREH2016-REST-TABLA	CALC-ENDIREH-PISOS-2016-RESTANTES-0001	15bc446bc8dc1efc182b770d53726e842db71eeeab9a16ff1cad36eda0a06388	emocional_control_vida		entidad	22	PUBLICABLE	3338	573	0.4039835312764918	0.3855920143493979	0.4262978998060438	0.010326400104900577	724282.0	200	
RESULT-ENDIREH2016-REST-TABLA	CALC-ENDIREH-PISOS-2016-RESTANTES-0001	15bc446bc8dc1efc182b770d53726e842db71eeeab9a16ff1cad36eda0a06388	emocional_control_vida		entidad	23	PUBLICABLE	2868	691	0.3813120386032545	0.3562396052726741	0.40483763663101313	0.01198105002019289	533841.0	200	
RESULT-ENDIREH2016-REST-TABLA	CALC-ENDIREH-PISOS-2016-RESTANTES-0001	15bc446bc8dc1efc182b770d53726e842db71eeeab9a16ff1cad36eda0a06388	emocional_control_vida		entidad	24	PUBLICABLE	3314	513	0.3602211174749594	0.33800406892173185	0.3831710772956872	0.011179865915088565	952254.0	200	
RESULT-ENDIREH2016-REST-TABLA	CALC-ENDIREH-PISOS-2016-RESTANTES-0001	15bc446bc8dc1efc182b770d53726e842db71eeeab9a16ff1cad36eda0a06388	emocional_control_vida		entidad	25	PUBLICABLE	3449	546	0.3569429793786211	0.3301550117303241	0.3805637819458355	0.011785852786325384	1070297.0	200	
RESULT-ENDIREH2016-REST-TABLA	CALC-ENDIREH-PISOS-2016-RESTANTES-0001	15bc446bc8dc1efc182b770d53726e842db71eeeab9a16ff1cad36eda0a06388	emocional_control_vida		entidad	26	PUBLICABLE	3205	628	0.33704029248035056	0.3194234620235384	0.3598355528191501	0.009652644722640774	1020513.0	200	
RESULT-ENDIREH2016-REST-TABLA	CALC-ENDIREH-PISOS-2016-RESTANTES-0001	15bc446bc8dc1efc182b770d53726e842db71eeeab9a16ff1cad36eda0a06388	emocional_control_vida		entidad	27	PUBLICABLE	3361	341	0.35513796443319273	0.335571071464249	0.37554026712969485	0.010588169634124563	807382.0	200	
RESULT-ENDIREH2016-REST-TABLA	CALC-ENDIREH-PISOS-2016-RESTANTES-0001	15bc446bc8dc1efc182b770d53726e842db71eeeab9a16ff1cad36eda0a06388	emocional_control_vida		entidad	28	PUBLICABLE	3044	698	0.3071710583119442	0.2863453632811849	0.3249149906070599	0.010206045819817986	1274010.0	200	
RESULT-ENDIREH2016-REST-TABLA	CALC-ENDIREH-PISOS-2016-RESTANTES-0001	15bc446bc8dc1efc182b770d53726e842db71eeeab9a16ff1cad36eda0a06388	emocional_control_vida		entidad	29	PUBLICABLE	3408	595	0.3787608274471985	0.35943821480884225	0.40005263747080627	0.011289149873722542	460404.0	200	
RESULT-ENDIREH2016-REST-TABLA	CALC-ENDIREH-PISOS-2016-RESTANTES-0001	15bc446bc8dc1efc182b770d53726e842db71eeeab9a16ff1cad36eda0a06388	emocional_control_vida		entidad	30	PUBLICABLE	3234	434	0.3826397082317808	0.36430439864696457	0.3984265745921502	0.009185546598697044	2901207.0	200	
RESULT-ENDIREH2016-REST-TABLA	CALC-ENDIREH-PISOS-2016-RESTANTES-0001	15bc446bc8dc1efc182b770d53726e842db71eeeab9a16ff1cad36eda0a06388	emocional_control_vida		entidad	31	PUBLICABLE	3117	554	0.4065718404510729	0.38463131558567887	0.42586254229605375	0.010597100876081114	750566.0	200	
RESULT-ENDIREH2016-REST-TABLA	CALC-ENDIREH-PISOS-2016-RESTANTES-0001	15bc446bc8dc1efc182b770d53726e842db71eeeab9a16ff1cad36eda0a06388	emocional_control_vida		entidad	32	PUBLICABLE	3543	387	0.37706863869995433	0.35827956293422647	0.39504824334020283	0.00961802256880843	556042.0	200	
RESULT-ENDIREH2016-REST-TABLA	CALC-ENDIREH-PISOS-2016-RESTANTES-0001	15bc446bc8dc1efc182b770d53726e842db71eeeab9a16ff1cad36eda0a06388	emocional_control_reciente		nacional	MX	PUBLICABLE	106081	17901	0.23210544512464965	0.2280195393837362	0.2360394465527368	0.0020317233434151557	43385600.0	200	
RESULT-ENDIREH2016-REST-TABLA	CALC-ENDIREH-PISOS-2016-RESTANTES-0001	15bc446bc8dc1efc182b770d53726e842db71eeeab9a16ff1cad36eda0a06388	emocional_control_reciente		edad	15-29	PUBLICABLE	27481	12413	0.2899160039265241	0.28223462761730195	0.29892686986099265	0.004464402501769594	12871435.0	200	
RESULT-ENDIREH2016-REST-TABLA	CALC-ENDIREH-PISOS-2016-RESTANTES-0001	15bc446bc8dc1efc182b770d53726e842db71eeeab9a16ff1cad36eda0a06388	emocional_control_reciente		edad	30-44	PUBLICABLE	35777	13993	0.2612145075663577	0.25451354024093525	0.26806653799096186	0.0035767180303783643	13423037.0	200	
RESULT-ENDIREH2016-REST-TABLA	CALC-ENDIREH-PISOS-2016-RESTANTES-0001	15bc446bc8dc1efc182b770d53726e842db71eeeab9a16ff1cad36eda0a06388	emocional_control_reciente		edad	45-59	PUBLICABLE	24704	12267	0.2010662838647804	0.1932365581492242	0.20743340771662552	0.0038845005783749525	10158083.0	200	
RESULT-ENDIREH2016-REST-TABLA	CALC-ENDIREH-PISOS-2016-RESTANTES-0001	15bc446bc8dc1efc182b770d53726e842db71eeeab9a16ff1cad36eda0a06388	emocional_control_reciente		edad	60+	PUBLICABLE	18119	9495	0.11389786161780285	0.10707686838993163	0.1217101980272137	0.003541495933316324	6933045.0	200	
RESULT-ENDIREH2016-REST-TABLA	CALC-ENDIREH-PISOS-2016-RESTANTES-0001	15bc446bc8dc1efc182b770d53726e842db71eeeab9a16ff1cad36eda0a06388	emocional_control_reciente		escolaridad	ninguno	PUBLICABLE	7560	4097	0.1427363214920577	0.1322014535917482	0.15458759934478558	0.0059695315799337565	2984335.0	200	
RESULT-ENDIREH2016-REST-TABLA	CALC-ENDIREH-PISOS-2016-RESTANTES-0001	15bc446bc8dc1efc182b770d53726e842db71eeeab9a16ff1cad36eda0a06388	emocional_control_reciente		escolaridad	basica	PUBLICABLE	62105	15659	0.23663654884777377	0.23193569502231678	0.24207253134526674	0.002513738451071444	24355460.0	200	
RESULT-ENDIREH2016-REST-TABLA	CALC-ENDIREH-PISOS-2016-RESTANTES-0001	15bc446bc8dc1efc182b770d53726e842db71eeeab9a16ff1cad36eda0a06388	emocional_control_reciente		escolaridad	media_superior	PUBLICABLE	19907	11280	0.26355717499333225	0.2554578930866365	0.27303582182142555	0.004512440941484493	8803604.0	200	
RESULT-ENDIREH2016-REST-TABLA	CALC-ENDIREH-PISOS-2016-RESTANTES-0001	15bc446bc8dc1efc182b770d53726e842db71eeeab9a16ff1cad36eda0a06388	emocional_control_reciente		escolaridad	superior	PUBLICABLE	16504	9741	0.21547627646074324	0.20504214346909383	0.2245949807994553	0.00487925516966604	7241057.0	200	
RESULT-ENDIREH2016-REST-TABLA	CALC-ENDIREH-PISOS-2016-RESTANTES-0001	15bc446bc8dc1efc182b770d53726e842db71eeeab9a16ff1cad36eda0a06388	emocional_control_reciente		localidad	U	PUBLICABLE	52807	14461	0.24426731402881044	0.23761582352541416	0.2507448154314655	0.0033235952770731413	24290577.0	200	
RESULT-ENDIREH2016-REST-TABLA	CALC-ENDIREH-PISOS-2016-RESTANTES-0001	15bc446bc8dc1efc182b770d53726e842db71eeeab9a16ff1cad36eda0a06388	emocional_control_reciente		localidad	C	PUBLICABLE	27413	1793	0.22951021329195698	0.22103449377030396	0.23666604536511063	0.004132550641416781	10015380.0	200	
RESULT-ENDIREH2016-REST-TABLA	CALC-ENDIREH-PISOS-2016-RESTANTES-0001	15bc446bc8dc1efc182b770d53726e842db71eeeab9a16ff1cad36eda0a06388	emocional_control_reciente		localidad	R	PUBLICABLE	25861	1647	0.20243174759183813	0.19608349382803827	0.20851315446037516	0.0034170384370050015	9079643.0	200	
RESULT-ENDIREH2016-REST-TABLA	CALC-ENDIREH-PISOS-2016-RESTANTES-0001	15bc446bc8dc1efc182b770d53726e842db71eeeab9a16ff1cad36eda0a06388	emocional_control_reciente		pareja	A1	PUBLICABLE	70748	17108	0.27462326806110265	0.26935451604631183	0.28040011480962057	0.002747520222867158	25680395.0	200	
RESULT-ENDIREH2016-REST-TABLA	CALC-ENDIREH-PISOS-2016-RESTANTES-0001	15bc446bc8dc1efc182b770d53726e842db71eeeab9a16ff1cad36eda0a06388	emocional_control_reciente		pareja	A2	PUBLICABLE	2105	1748	0.30496573234755725	0.27519448867768576	0.3344445123392898	0.01540200402013771	885529.0	200	
RESULT-ENDIREH2016-REST-TABLA	CALC-ENDIREH-PISOS-2016-RESTANTES-0001	15bc446bc8dc1efc182b770d53726e842db71eeeab9a16ff1cad36eda0a06388	emocional_control_reciente		pareja	B1	PUBLICABLE	11240	7829	0.15543779614080105	0.14610383880765979	0.16608347347104266	0.005171400557204298	5038144.0	200	
RESULT-ENDIREH2016-REST-TABLA	CALC-ENDIREH-PISOS-2016-RESTANTES-0001	15bc446bc8dc1efc182b770d53726e842db71eeeab9a16ff1cad36eda0a06388	emocional_control_reciente		pareja	B2	PUBLICABLE	8348	5837	0.01596100964925574	0.01260037848433366	0.01930586754653994	0.0018292571433020358	3457676.0	200	
RESULT-ENDIREH2016-REST-TABLA	CALC-ENDIREH-PISOS-2016-RESTANTES-0001	15bc446bc8dc1efc182b770d53726e842db71eeeab9a16ff1cad36eda0a06388	emocional_control_reciente		pareja	C1	PUBLICABLE	13640	9155	0.22936941725085105	0.21822113278400065	0.23902299409078223	0.005338456657546415	8323856.0	200	
RESULT-ENDIREH2016-REST-TABLA	CALC-ENDIREH-PISOS-2016-RESTANTES-0001	15bc446bc8dc1efc182b770d53726e842db71eeeab9a16ff1cad36eda0a06388	emocional_control_reciente		entidad	01	PUBLICABLE	3378	665	0.31046266913845766	0.28938712312963283	0.32732244394386417	0.009117795313753547	454731.0	200	
RESULT-ENDIREH2016-REST-TABLA	CALC-ENDIREH-PISOS-2016-RESTANTES-0001	15bc446bc8dc1efc182b770d53726e842db71eeeab9a16ff1cad36eda0a06388	emocional_control_reciente		entidad	02	PUBLICABLE	3013	715	0.182960267584301	0.16698858081451803	0.1963531048915955	0.007889591257544296	1204256.0	200	
RESULT-ENDIREH2016-REST-TABLA	CALC-ENDIREH-PISOS-2016-RESTANTES-0001	15bc446bc8dc1efc182b770d53726e842db71eeeab9a16ff1cad36eda0a06388	emocional_control_reciente		entidad	03	PUBLICABLE	3014	447	0.1742176606395867	0.16081813111601556	0.19004939308992405	0.007702305207980405	262482.0	200	
RESULT-ENDIREH2016-REST-TABLA	CALC-ENDIREH-PISOS-2016-RESTANTES-0001	15bc446bc8dc1efc182b770d53726e842db71eeeab9a16ff1cad36eda0a06388	emocional_control_reciente		entidad	04	PUBLICABLE	3257	554	0.17543303563104806	0.15566262897761346	0.1921936405923299	0.009270404585363472	321798.0	200	
RESULT-ENDIREH2016-REST-TABLA	CALC-ENDIREH-PISOS-2016-RESTANTES-0001	15bc446bc8dc1efc182b770d53726e842db71eeeab9a16ff1cad36eda0a06388	emocional_control_reciente		entidad	05	PUBLICABLE	3373	699	0.24811968669042067	0.23155683316408424	0.26696833401930603	0.008667953409347976	1053016.0	200	
RESULT-ENDIREH2016-REST-TABLA	CALC-ENDIREH-PISOS-2016-RESTANTES-0001	15bc446bc8dc1efc182b770d53726e842db71eeeab9a16ff1cad36eda0a06388	emocional_control_reciente		entidad	06	PUBLICABLE	3208	620	0.2290461575906932	0.21305979758806246	0.24555860381076888	0.008491736583118713	262947.0	200	
RESULT-ENDIREH2016-REST-TABLA	CALC-ENDIREH-PISOS-2016-RESTANTES-0001	15bc446bc8dc1efc182b770d53726e842db71eeeab9a16ff1cad36eda0a06388	emocional_control_reciente		entidad	07	PUBLICABLE	3510	369	0.15604539360423064	0.1412194249618406	0.17019640770076008	0.007644060839540152	1690899.0	200	
RESULT-ENDIREH2016-REST-TABLA	CALC-ENDIREH-PISOS-2016-RESTANTES-0001	15bc446bc8dc1efc182b770d53726e842db71eeeab9a16ff1cad36eda0a06388	emocional_control_reciente		entidad	08	PUBLICABLE	3002	690	0.2516681148631051	0.23611249861958256	0.2705480156321637	0.009026267220432937	1301619.0	200	
RESULT-ENDIREH2016-REST-TABLA	CALC-ENDIREH-PISOS-2016-RESTANTES-0001	15bc446bc8dc1efc182b770d53726e842db71eeeab9a16ff1cad36eda0a06388	emocional_control_reciente		entidad	09	PUBLICABLE	3443	877	0.2612933611127266	0.24388184899241025	0.27841960708237073	0.008734140400899579	3507636.0	200	
RESULT-ENDIREH2016-REST-TABLA	CALC-ENDIREH-PISOS-2016-RESTANTES-0001	15bc446bc8dc1efc182b770d53726e842db71eeeab9a16ff1cad36eda0a06388	emocional_control_reciente		entidad	10	PUBLICABLE	3154	568	0.2511071566281777	0.23274246493618572	0.2661022543508975	0.008526890351996603	619831.0	200	
RESULT-ENDIREH2016-REST-TABLA	CALC-ENDIREH-PISOS-2016-RESTANTES-0001	15bc446bc8dc1efc182b770d53726e842db71eeeab9a16ff1cad36eda0a06388	emocional_control_reciente		entidad	11	PUBLICABLE	3336	513	0.21480130373151804	0.20107724467012628	0.23199772450755587	0.008540650491361337	2019741.0	200	
RESULT-ENDIREH2016-REST-TABLA	CALC-ENDIREH-PISOS-2016-RESTANTES-0001	15bc446bc8dc1efc182b770d53726e842db71eeeab9a16ff1cad36eda0a06388	emocional_control_reciente		entidad	12	PUBLICABLE	3226	424	0.1966412344663072	0.17908559523489423	0.21257909046054316	0.008924600332744637	1212767.0	200	
RESULT-ENDIREH2016-REST-TABLA	CALC-ENDIREH-PISOS-2016-RESTANTES-0001	15bc446bc8dc1efc182b770d53726e842db71eeeab9a16ff1cad36eda0a06388	emocional_control_reciente		entidad	13	PUBLICABLE	3401	349	0.22349420740807138	0.20916461949157278	0.2402954130492276	0.008707790073962048	1048667.0	200	
RESULT-ENDIREH2016-REST-TABLA	CALC-ENDIREH-PISOS-2016-RESTANTES-0001	15bc446bc8dc1efc182b770d53726e842db71eeeab9a16ff1cad36eda0a06388	emocional_control_reciente		entidad	14	PUBLICABLE	3329	579	0.2747522708001741	0.25765798205357715	0.29435743381678525	0.009123474740249084	2869363.0	200	
RESULT-ENDIREH2016-REST-TABLA	CALC-ENDIREH-PISOS-2016-RESTANTES-0001	15bc446bc8dc1efc182b770d53726e842db71eeeab9a16ff1cad36eda0a06388	emocional_control_reciente		entidad	15	PUBLICABLE	3386	711	0.28352266156905687	0.26842772036159607	0.29879313717117256	0.008459681207166668	6304131.0	200	
RESULT-ENDIREH2016-REST-TABLA	CALC-ENDIREH-PISOS-2016-RESTANTES-0001	15bc446bc8dc1efc182b770d53726e842db71eeeab9a16ff1cad36eda0a06388	emocional_control_reciente		entidad	16	PUBLICABLE	3391	390	0.2391487757315788	0.22368134985789864	0.2578555377665912	0.009118304354066782	1617905.0	200	
RESULT-ENDIREH2016-REST-TABLA	CALC-ENDIREH-PISOS-2016-RESTANTES-0001	15bc446bc8dc1efc182b770d53726e842db71eeeab9a16ff1cad36eda0a06388	emocional_control_reciente		entidad	17	PUBLICABLE	3169	572	0.23157145752923705	0.21054956698643854	0.24863750864648373	0.00995837650093887	725193.0	200	
RESULT-ENDIREH2016-REST-TABLA	CALC-ENDIREH-PISOS-2016-RESTANTES-0001	15bc446bc8dc1efc182b770d53726e842db71eeeab9a16ff1cad36eda0a06388	emocional_control_reciente		entidad	18	PUBLICABLE	3434	444	0.21834405619842226	0.20114079848147245	0.2360883373326611	0.009041290059349375	439870.0	200	
RESULT-ENDIREH2016-REST-TABLA	CALC-ENDIREH-PISOS-2016-RESTANTES-0001	15bc446bc8dc1efc182b770d53726e842db71eeeab9a16ff1cad36eda0a06388	emocional_control_reciente		entidad	19	PUBLICABLE	3177	738	0.1721764909607259	0.15437145231204916	0.18693841467222172	0.008274203930389589	1804625.0	200	
RESULT-ENDIREH2016-REST-TABLA	CALC-ENDIREH-PISOS-2016-RESTANTES-0001	15bc446bc8dc1efc182b770d53726e842db71eeeab9a16ff1cad36eda0a06388	emocional_control_reciente		entidad	20	PUBLICABLE	3507	331	0.21626429641591022	0.19788134075261984	0.2349332773335621	0.009365189903223149	1406996.0	200	
RESULT-ENDIREH2016-REST-TABLA	CALC-ENDIREH-PISOS-2016-RESTANTES-0001	15bc446bc8dc1efc182b770d53726e842db71eeeab9a16ff1cad36eda0a06388	emocional_control_reciente		entidad	21	PUBLICABLE	4492	686	0.2294626050783904	0.2142871080966915	0.24538922168189853	0.008188591338873029	2206329.0	200	
RESULT-ENDIREH2016-REST-TABLA	CALC-ENDIREH-PISOS-2016-RESTANTES-0001	15bc446bc8dc1efc182b770d53726e842db71eeeab9a16ff1cad36eda0a06388	emocional_control_reciente		entidad	22	PUBLICABLE	3338	573	0.23801226594061428	0.22219979042310897	0.2564048962424157	0.009143730317390181	724282.0	200	
RESULT-ENDIREH2016-REST-TABLA	CALC-ENDIREH-PISOS-2016-RESTANTES-0001	15bc446bc8dc1efc182b770d53726e842db71eeeab9a16ff1cad36eda0a06388	emocional_control_reciente		entidad	23	PUBLICABLE	2868	691	0.22090847274750347	0.20343256242586932	0.23807935818571258	0.009180306399086461	533841.0	200	
RESULT-ENDIREH2016-REST-TABLA	CALC-ENDIREH-PISOS-2016-RESTANTES-0001	15bc446bc8dc1efc182b770d53726e842db71eeeab9a16ff1cad36eda0a06388	emocional_control_reciente		entidad	24	PUBLICABLE	3314	513	0.21320151976258436	0.19733173463856146	0.23096881278822629	0.008683863054772775	952254.0	200	
RESULT-ENDIREH2016-REST-TABLA	CALC-ENDIREH-PISOS-2016-RESTANTES-0001	15bc446bc8dc1efc182b770d53726e842db71eeeab9a16ff1cad36eda0a06388	emocional_control_reciente		entidad	25	PUBLICABLE	3449	546	0.20985857196647287	0.1935512375064358	0.229745666013423	0.008365329456589729	1070297.0	200	
RESULT-ENDIREH2016-REST-TABLA	CALC-ENDIREH-PISOS-2016-RESTANTES-0001	15bc446bc8dc1efc182b770d53726e842db71eeeab9a16ff1cad36eda0a06388	emocional_control_reciente		entidad	26	PUBLICABLE	3205	628	0.21322903284916508	0.19710221614577852	0.23063310488667213	0.008412965518527235	1020513.0	200	
RESULT-ENDIREH2016-REST-TABLA	CALC-ENDIREH-PISOS-2016-RESTANTES-0001	15bc446bc8dc1efc182b770d53726e842db71eeeab9a16ff1cad36eda0a06388	emocional_control_reciente		entidad	27	PUBLICABLE	3361	341	0.19001909876613549	0.17285244915191653	0.20733716604116384	0.008493008756789253	807382.0	200	
RESULT-ENDIREH2016-REST-TABLA	CALC-ENDIREH-PISOS-2016-RESTANTES-0001	15bc446bc8dc1efc182b770d53726e842db71eeeab9a16ff1cad36eda0a06388	emocional_control_reciente		entidad	28	PUBLICABLE	3044	698	0.17294055776642256	0.15800103760904974	0.18775987471611252	0.0076064966234527754	1274010.0	200	
RESULT-ENDIREH2016-REST-TABLA	CALC-ENDIREH-PISOS-2016-RESTANTES-0001	15bc446bc8dc1efc182b770d53726e842db71eeeab9a16ff1cad36eda0a06388	emocional_control_reciente		entidad	29	PUBLICABLE	3408	595	0.22247200284967117	0.20510350960989207	0.2414039204512942	0.009870754952325677	460404.0	200	
RESULT-ENDIREH2016-REST-TABLA	CALC-ENDIREH-PISOS-2016-RESTANTES-0001	15bc446bc8dc1efc182b770d53726e842db71eeeab9a16ff1cad36eda0a06388	emocional_control_reciente		entidad	30	PUBLICABLE	3234	434	0.21986814453432657	0.20695447204197398	0.2363973862680113	0.008029152313324803	2901207.0	200	
RESULT-ENDIREH2016-REST-TABLA	CALC-ENDIREH-PISOS-2016-RESTANTES-0001	15bc446bc8dc1efc182b770d53726e842db71eeeab9a16ff1cad36eda0a06388	emocional_control_reciente		entidad	31	PUBLICABLE	3117	554	0.24655659862024126	0.22867018502026865	0.26477579237392485	0.009313701408863836	750566.0	200	
RESULT-ENDIREH2016-REST-TABLA	CALC-ENDIREH-PISOS-2016-RESTANTES-0001	15bc446bc8dc1efc182b770d53726e842db71eeeab9a16ff1cad36eda0a06388	emocional_control_reciente		entidad	32	PUBLICABLE	3543	387	0.23737415518971589	0.22054779734144184	0.25577749333627836	0.009008603830860187	556042.0	200	
RESULT-ENDIREH2016-REST-TABLA	CALC-ENDIREH-PISOS-2016-RESTANTES-0001	15bc446bc8dc1efc182b770d53726e842db71eeeab9a16ff1cad36eda0a06388	sexual_vida		nacional	MX	PUBLICABLE	106082	17901	0.06534148184656127	0.06325168719429723	0.06749790703550138	0.0011124803417923881	43385747.0	200	
RESULT-ENDIREH2016-REST-TABLA	CALC-ENDIREH-PISOS-2016-RESTANTES-0001	15bc446bc8dc1efc182b770d53726e842db71eeeab9a16ff1cad36eda0a06388	sexual_vida		edad	15-29	PUBLICABLE	27481	12413	0.03668176858291247	0.03327726686516007	0.04040495954196486	0.0018975634883464712	12871435.0	200	
RESULT-ENDIREH2016-REST-TABLA	CALC-ENDIREH-PISOS-2016-RESTANTES-0001	15bc446bc8dc1efc182b770d53726e842db71eeeab9a16ff1cad36eda0a06388	sexual_vida		edad	30-44	PUBLICABLE	35779	13993	0.06137175456244398	0.05741030277835063	0.06426540135478517	0.0018166926321945896	13424384.0	200	
RESULT-ENDIREH2016-REST-TABLA	CALC-ENDIREH-PISOS-2016-RESTANTES-0001	15bc446bc8dc1efc182b770d53726e842db71eeeab9a16ff1cad36eda0a06388	sexual_vida		edad	45-59	PUBLICABLE	24703	12267	0.08643606508020227	0.08197960508481968	0.09187915633942566	0.002620186137276432	10156883.0	200	
RESULT-ENDIREH2016-REST-TABLA	CALC-ENDIREH-PISOS-2016-RESTANTES-0001	15bc446bc8dc1efc182b770d53726e842db71eeeab9a16ff1cad36eda0a06388	sexual_vida		edad	60+	PUBLICABLE	18119	9495	0.09533228184729797	0.08830390851558671	0.10197460626161883	0.0033484949447551583	6933045.0	200	
RESULT-ENDIREH2016-REST-TABLA	CALC-ENDIREH-PISOS-2016-RESTANTES-0001	15bc446bc8dc1efc182b770d53726e842db71eeeab9a16ff1cad36eda0a06388	sexual_vida		escolaridad	ninguno	PUBLICABLE	7559	4097	0.10173257328280483	0.09225243701196419	0.11320307225143939	0.005443759640221872	2983135.0	200	
RESULT-ENDIREH2016-REST-TABLA	CALC-ENDIREH-PISOS-2016-RESTANTES-0001	15bc446bc8dc1efc182b770d53726e842db71eeeab9a16ff1cad36eda0a06388	sexual_vida		escolaridad	basica	PUBLICABLE	62107	15659	0.07490600061001428	0.07166055522500865	0.07799377326404092	0.0016751925736563902	24356807.0	200	
RESULT-ENDIREH2016-REST-TABLA	CALC-ENDIREH-PISOS-2016-RESTANTES-0001	15bc446bc8dc1efc182b770d53726e842db71eeeab9a16ff1cad36eda0a06388	sexual_vida		escolaridad	media_superior	PUBLICABLE	19907	11280	0.04887964065625851	0.04435121230833628	0.05409988328951976	0.002444211125677442	8803604.0	200	
RESULT-ENDIREH2016-REST-TABLA	CALC-ENDIREH-PISOS-2016-RESTANTES-0001	15bc446bc8dc1efc182b770d53726e842db71eeeab9a16ff1cad36eda0a06388	sexual_vida		escolaridad	superior	PUBLICABLE	16504	9741	0.038201466995771476	0.034429695169068644	0.04235289411366461	0.0021274639580682415	7241057.0	200	
RESULT-ENDIREH2016-REST-TABLA	CALC-ENDIREH-PISOS-2016-RESTANTES-0001	15bc446bc8dc1efc182b770d53726e842db71eeeab9a16ff1cad36eda0a06388	sexual_vida		localidad	U	PUBLICABLE	52807	14461	0.0665712881171987	0.063580812261883	0.07033477024392977	0.001775236459341734	24290577.0	200	
RESULT-ENDIREH2016-REST-TABLA	CALC-ENDIREH-PISOS-2016-RESTANTES-0001	15bc446bc8dc1efc182b770d53726e842db71eeeab9a16ff1cad36eda0a06388	sexual_vida		localidad	C	PUBLICABLE	27414	1793	0.06807646120810322	0.06281541429873883	0.073228289040227	0.002736258701924289	10016164.0	200	
RESULT-ENDIREH2016-REST-TABLA	CALC-ENDIREH-PISOS-2016-RESTANTES-0001	15bc446bc8dc1efc182b770d53726e842db71eeeab9a16ff1cad36eda0a06388	sexual_vida		localidad	R	PUBLICABLE	25861	1647	0.0590338854275457	0.055134980481937615	0.06328496443062992	0.0021191298285752284	9079006.0	200	
RESULT-ENDIREH2016-REST-TABLA	CALC-ENDIREH-PISOS-2016-RESTANTES-0001	15bc446bc8dc1efc182b770d53726e842db71eeeab9a16ff1cad36eda0a06388	sexual_vida		pareja	A1	PUBLICABLE	70748	17108	0.04707731280022187	0.04432346771011874	0.04943923476714003	0.0013009653707149477	25679758.0	200	
RESULT-ENDIREH2016-REST-TABLA	CALC-ENDIREH-PISOS-2016-RESTANTES-0001	15bc446bc8dc1efc182b770d53726e842db71eeeab9a16ff1cad36eda0a06388	sexual_vida		pareja	A2	PUBLICABLE	2105	1748	0.07325677645791386	0.057219579227902266	0.09172907198123177	0.008636859748607822	885529.0	200	
RESULT-ENDIREH2016-REST-TABLA	CALC-ENDIREH-PISOS-2016-RESTANTES-0001	15bc446bc8dc1efc182b770d53726e842db71eeeab9a16ff1cad36eda0a06388	sexual_vida		pareja	B1	PUBLICABLE	11241	7830	0.18537057882152713	0.17574475133926395	0.19545957780524192	0.005136991805787337	5038928.0	200	
RESULT-ENDIREH2016-REST-TABLA	CALC-ENDIREH-PISOS-2016-RESTANTES-0001	15bc446bc8dc1efc182b770d53726e842db71eeeab9a16ff1cad36eda0a06388	sexual_vida		pareja	B2	PUBLICABLE	8348	5837	0.11506543701607669	0.1047444415095609	0.12566923219411666	0.005522636921265714	3457676.0	200	
RESULT-ENDIREH2016-REST-TABLA	CALC-ENDIREH-PISOS-2016-RESTANTES-0001	15bc446bc8dc1efc182b770d53726e842db71eeeab9a16ff1cad36eda0a06388	sexual_vida		pareja	C1	PUBLICABLE	13640	9155	0.027530029351781192	0.023473078755945807	0.032337589427834344	0.002143281557589463	8323856.0	200	
RESULT-ENDIREH2016-REST-TABLA	CALC-ENDIREH-PISOS-2016-RESTANTES-0001	15bc446bc8dc1efc182b770d53726e842db71eeeab9a16ff1cad36eda0a06388	sexual_vida		entidad	01	PUBLICABLE	3378	665	0.07172592147885233	0.0626303951493564	0.08067518917049919	0.004577246287548342	454731.0	200	
RESULT-ENDIREH2016-REST-TABLA	CALC-ENDIREH-PISOS-2016-RESTANTES-0001	15bc446bc8dc1efc182b770d53726e842db71eeeab9a16ff1cad36eda0a06388	sexual_vida		entidad	02	PUBLICABLE	3013	715	0.04671348949060665	0.037287695245168825	0.057128148345035365	0.004670142346749264	1204256.0	200	
RESULT-ENDIREH2016-REST-TABLA	CALC-ENDIREH-PISOS-2016-RESTANTES-0001	15bc446bc8dc1efc182b770d53726e842db71eeeab9a16ff1cad36eda0a06388	sexual_vida		entidad	03	PUBLICABLE	3014	447	0.052106430155210645	0.04390725258770382	0.06154745657104777	0.00466328241096475	262482.0	200	
RESULT-ENDIREH2016-REST-TABLA	CALC-ENDIREH-PISOS-2016-RESTANTES-0001	15bc446bc8dc1efc182b770d53726e842db71eeeab9a16ff1cad36eda0a06388	sexual_vida		entidad	04	PUBLICABLE	3257	554	0.040342077949521125	0.03346577400224391	0.047950667654762906	0.0035381498776483333	321798.0	200	
RESULT-ENDIREH2016-REST-TABLA	CALC-ENDIREH-PISOS-2016-RESTANTES-0001	15bc446bc8dc1efc182b770d53726e842db71eeeab9a16ff1cad36eda0a06388	sexual_vida		entidad	05	PUBLICABLE	3373	699	0.06373312466287312	0.05656865036529799	0.0735962469143036	0.004511451115046298	1053016.0	200	
RESULT-ENDIREH2016-REST-TABLA	CALC-ENDIREH-PISOS-2016-RESTANTES-0001	15bc446bc8dc1efc182b770d53726e842db71eeeab9a16ff1cad36eda0a06388	sexual_vida		entidad	06	PUBLICABLE	3208	620	0.06872107306795666	0.059806617901352215	0.07721665755362751	0.004628781764602944	262947.0	200	
RESULT-ENDIREH2016-REST-TABLA	CALC-ENDIREH-PISOS-2016-RESTANTES-0001	15bc446bc8dc1efc182b770d53726e842db71eeeab9a16ff1cad36eda0a06388	sexual_vida		entidad	07	PUBLICABLE	3510	369	0.057989862197564725	0.05022557117266177	0.06610631166958979	0.004236442302812341	1690899.0	200	
RESULT-ENDIREH2016-REST-TABLA	CALC-ENDIREH-PISOS-2016-RESTANTES-0001	15bc446bc8dc1efc182b770d53726e842db71eeeab9a16ff1cad36eda0a06388	sexual_vida		entidad	08	PUBLICABLE	3002	690	0.055470917372902516	0.046449273720094414	0.06443040462823142	0.004829762143410086	1301619.0	200	
RESULT-ENDIREH2016-REST-TABLA	CALC-ENDIREH-PISOS-2016-RESTANTES-0001	15bc446bc8dc1efc182b770d53726e842db71eeeab9a16ff1cad36eda0a06388	sexual_vida		entidad	09	PUBLICABLE	3443	877	0.07792285174402361	0.0675052268721382	0.08760966527540957	0.005377562321565516	3507636.0	200	
RESULT-ENDIREH2016-REST-TABLA	CALC-ENDIREH-PISOS-2016-RESTANTES-0001	15bc446bc8dc1efc182b770d53726e842db71eeeab9a16ff1cad36eda0a06388	sexual_vida		entidad	10	PUBLICABLE	3154	568	0.0633366191752268	0.05450122861567173	0.07347814187076274	0.00494449543280728	619831.0	200	
RESULT-ENDIREH2016-REST-TABLA	CALC-ENDIREH-PISOS-2016-RESTANTES-0001	15bc446bc8dc1efc182b770d53726e842db71eeeab9a16ff1cad36eda0a06388	sexual_vida		entidad	11	PUBLICABLE	3336	513	0.059269480591818455	0.05007009341394658	0.07174295876983129	0.005281405293343453	2019741.0	200	
RESULT-ENDIREH2016-REST-TABLA	CALC-ENDIREH-PISOS-2016-RESTANTES-0001	15bc446bc8dc1efc182b770d53726e842db71eeeab9a16ff1cad36eda0a06388	sexual_vida		entidad	12	PUBLICABLE	3226	424	0.06295273535642049	0.052529862292882895	0.07453525721949203	0.005518140461758212	1212767.0	200	
RESULT-ENDIREH2016-REST-TABLA	CALC-ENDIREH-PISOS-2016-RESTANTES-0001	15bc446bc8dc1efc182b770d53726e842db71eeeab9a16ff1cad36eda0a06388	sexual_vida		entidad	13	PUBLICABLE	3401	349	0.073306397550414	0.0644536240945136	0.084406160432709	0.005204688600547753	1048667.0	200	
RESULT-ENDIREH2016-REST-TABLA	CALC-ENDIREH-PISOS-2016-RESTANTES-0001	15bc446bc8dc1efc182b770d53726e842db71eeeab9a16ff1cad36eda0a06388	sexual_vida		entidad	14	PUBLICABLE	3328	579	0.07294738827604987	0.062460545697537714	0.08184669815724721	0.004897481756435137	2868163.0	200	
RESULT-ENDIREH2016-REST-TABLA	CALC-ENDIREH-PISOS-2016-RESTANTES-0001	15bc446bc8dc1efc182b770d53726e842db71eeeab9a16ff1cad36eda0a06388	sexual_vida		entidad	15	PUBLICABLE	3386	711	0.07779533769206255	0.06763623421575232	0.08789633370797484	0.005349964442644615	6304131.0	200	
RESULT-ENDIREH2016-REST-TABLA	CALC-ENDIREH-PISOS-2016-RESTANTES-0001	15bc446bc8dc1efc182b770d53726e842db71eeeab9a16ff1cad36eda0a06388	sexual_vida		entidad	16	PUBLICABLE	3392	390	0.0655267821174098	0.057404232337097294	0.07410462937838232	0.004043648663655151	1618468.0	200	
RESULT-ENDIREH2016-REST-TABLA	CALC-ENDIREH-PISOS-2016-RESTANTES-0001	15bc446bc8dc1efc182b770d53726e842db71eeeab9a16ff1cad36eda0a06388	sexual_vida		entidad	17	PUBLICABLE	3169	572	0.07438295736445333	0.06531115105247727	0.08401906596487961	0.004719743482053673	725193.0	200	
RESULT-ENDIREH2016-REST-TABLA	CALC-ENDIREH-PISOS-2016-RESTANTES-0001	15bc446bc8dc1efc182b770d53726e842db71eeeab9a16ff1cad36eda0a06388	sexual_vida		entidad	18	PUBLICABLE	3434	444	0.06137040489235456	0.052019335839784776	0.06895550658748142	0.004445762568310841	439870.0	200	
RESULT-ENDIREH2016-REST-TABLA	CALC-ENDIREH-PISOS-2016-RESTANTES-0001	15bc446bc8dc1efc182b770d53726e842db71eeeab9a16ff1cad36eda0a06388	sexual_vida		entidad	19	PUBLICABLE	3177	738	0.03615765048140195	0.029462272271079726	0.04242754012942447	0.003635827044609034	1804625.0	200	
RESULT-ENDIREH2016-REST-TABLA	CALC-ENDIREH-PISOS-2016-RESTANTES-0001	15bc446bc8dc1efc182b770d53726e842db71eeeab9a16ff1cad36eda0a06388	sexual_vida		entidad	20	PUBLICABLE	3508	331	0.06521828694824476	0.056780473522943985	0.0742261275895582	0.004797469981595984	1407780.0	200	
RESULT-ENDIREH2016-REST-TABLA	CALC-ENDIREH-PISOS-2016-RESTANTES-0001	15bc446bc8dc1efc182b770d53726e842db71eeeab9a16ff1cad36eda0a06388	sexual_vida		entidad	21	PUBLICABLE	4492	686	0.07424867279539905	0.06405736389405009	0.0839069633275831	0.005202546585168866	2206329.0	200	
RESULT-ENDIREH2016-REST-TABLA	CALC-ENDIREH-PISOS-2016-RESTANTES-0001	15bc446bc8dc1efc182b770d53726e842db71eeeab9a16ff1cad36eda0a06388	sexual_vida		entidad	22	PUBLICABLE	3338	573	0.06658180101120834	0.05474226679804737	0.0779079736505541	0.005472240919772937	724282.0	200	
RESULT-ENDIREH2016-REST-TABLA	CALC-ENDIREH-PISOS-2016-RESTANTES-0001	15bc446bc8dc1efc182b770d53726e842db71eeeab9a16ff1cad36eda0a06388	sexual_vida		entidad	23	PUBLICABLE	2868	691	0.06454356259635359	0.05418409828249096	0.07415419701861428	0.005442689300627016	533841.0	200	
RESULT-ENDIREH2016-REST-TABLA	CALC-ENDIREH-PISOS-2016-RESTANTES-0001	15bc446bc8dc1efc182b770d53726e842db71eeeab9a16ff1cad36eda0a06388	sexual_vida		entidad	24	PUBLICABLE	3314	513	0.07023441224715254	0.061322097535232115	0.07976451318169535	0.004966228824289921	952254.0	200	
RESULT-ENDIREH2016-REST-TABLA	CALC-ENDIREH-PISOS-2016-RESTANTES-0001	15bc446bc8dc1efc182b770d53726e842db71eeeab9a16ff1cad36eda0a06388	sexual_vida		entidad	25	PUBLICABLE	3449	546	0.05078310039176042	0.04263995510423649	0.06024842398777013	0.004597435298537319	1070297.0	200	
RESULT-ENDIREH2016-REST-TABLA	CALC-ENDIREH-PISOS-2016-RESTANTES-0001	15bc446bc8dc1efc182b770d53726e842db71eeeab9a16ff1cad36eda0a06388	sexual_vida		entidad	26	PUBLICABLE	3205	628	0.05176906124664752	0.04378416744825538	0.0582684008973982	0.004061246516386894	1020513.0	200	
RESULT-ENDIREH2016-REST-TABLA	CALC-ENDIREH-PISOS-2016-RESTANTES-0001	15bc446bc8dc1efc182b770d53726e842db71eeeab9a16ff1cad36eda0a06388	sexual_vida		entidad	27	PUBLICABLE	3361	341	0.0572430398497861	0.04831180247118546	0.06573995330859456	0.004707588449647293	807382.0	200	
RESULT-ENDIREH2016-REST-TABLA	CALC-ENDIREH-PISOS-2016-RESTANTES-0001	15bc446bc8dc1efc182b770d53726e842db71eeeab9a16ff1cad36eda0a06388	sexual_vida		entidad	28	PUBLICABLE	3044	698	0.052310421425263535	0.04354711941731866	0.06139201464201054	0.004671351284958183	1274010.0	200	
RESULT-ENDIREH2016-REST-TABLA	CALC-ENDIREH-PISOS-2016-RESTANTES-0001	15bc446bc8dc1efc182b770d53726e842db71eeeab9a16ff1cad36eda0a06388	sexual_vida		entidad	29	PUBLICABLE	3408	595	0.06495816717491594	0.054973625359898456	0.07467335641079943	0.005182027699803722	460404.0	200	
RESULT-ENDIREH2016-REST-TABLA	CALC-ENDIREH-PISOS-2016-RESTANTES-0001	15bc446bc8dc1efc182b770d53726e842db71eeeab9a16ff1cad36eda0a06388	sexual_vida		entidad	30	PUBLICABLE	3234	434	0.0652138920111526	0.05665795409270991	0.07495292569286723	0.004798692313396951	2901207.0	200	
RESULT-ENDIREH2016-REST-TABLA	CALC-ENDIREH-PISOS-2016-RESTANTES-0001	15bc446bc8dc1efc182b770d53726e842db71eeeab9a16ff1cad36eda0a06388	sexual_vida		entidad	31	PUBLICABLE	3117	554	0.06913982248063462	0.0603714062235819	0.0788455071348334	0.004724812470582772	750566.0	200	
RESULT-ENDIREH2016-REST-TABLA	CALC-ENDIREH-PISOS-2016-RESTANTES-0001	15bc446bc8dc1efc182b770d53726e842db71eeeab9a16ff1cad36eda0a06388	sexual_vida		entidad	32	PUBLICABLE	3543	387	0.054443729070825585	0.04686939277493677	0.06222091888312236	0.0039778211819603655	556042.0	200	
RESULT-ENDIREH2016-REST-TABLA	CALC-ENDIREH-PISOS-2016-RESTANTES-0001	15bc446bc8dc1efc182b770d53726e842db71eeeab9a16ff1cad36eda0a06388	sexual_reciente		nacional	MX	PUBLICABLE	106081	17901	0.02079695408165523	0.019423082750803306	0.022194972979320358	0.0006559553899367121	43385536.0	200	
RESULT-ENDIREH2016-REST-TABLA	CALC-ENDIREH-PISOS-2016-RESTANTES-0001	15bc446bc8dc1efc182b770d53726e842db71eeeab9a16ff1cad36eda0a06388	sexual_reciente		edad	15-29	PUBLICABLE	27481	12413	0.022331931132775793	0.019860522661496207	0.025246986645857984	0.0014374913234387011	12871435.0	200	
RESULT-ENDIREH2016-REST-TABLA	CALC-ENDIREH-PISOS-2016-RESTANTES-0001	15bc446bc8dc1efc182b770d53726e842db71eeeab9a16ff1cad36eda0a06388	sexual_reciente		edad	30-44	PUBLICABLE	35779	13993	0.026060488138599135	0.023533588829294468	0.028386293482945798	0.0012647370834174341	13424384.0	200	
RESULT-ENDIREH2016-REST-TABLA	CALC-ENDIREH-PISOS-2016-RESTANTES-0001	15bc446bc8dc1efc182b770d53726e842db71eeeab9a16ff1cad36eda0a06388	sexual_reciente		edad	45-59	PUBLICABLE	24702	12266	0.0211969038677236	0.018342913408435982	0.023890911911346614	0.001382356410900537	10156672.0	200	
RESULT-ENDIREH2016-REST-TABLA	CALC-ENDIREH-PISOS-2016-RESTANTES-0001	15bc446bc8dc1efc182b770d53726e842db71eeeab9a16ff1cad36eda0a06388	sexual_reciente		edad	60+	PUBLICABLE	18119	9495	0.007169577004043678	0.005445178737635954	0.008873070195775658	0.0008361582985420994	6933045.0	200	
RESULT-ENDIREH2016-REST-TABLA	CALC-ENDIREH-PISOS-2016-RESTANTES-0001	15bc446bc8dc1efc182b770d53726e842db71eeeab9a16ff1cad36eda0a06388	sexual_reciente		escolaridad	ninguno	PUBLICABLE	7559	4097	0.017006605467067365	0.012464229548721605	0.022725166833816632	0.0027291126396565635	2983135.0	200	
RESULT-ENDIREH2016-REST-TABLA	CALC-ENDIREH-PISOS-2016-RESTANTES-0001	15bc446bc8dc1efc182b770d53726e842db71eeeab9a16ff1cad36eda0a06388	sexual_reciente		escolaridad	basica	PUBLICABLE	62107	15659	0.022765217132114237	0.020963991971386466	0.024289205179723782	0.0008272068343588217	24356807.0	200	
RESULT-ENDIREH2016-REST-TABLA	CALC-ENDIREH-PISOS-2016-RESTANTES-0001	15bc446bc8dc1efc182b770d53726e842db71eeeab9a16ff1cad36eda0a06388	sexual_reciente		escolaridad	media_superior	PUBLICABLE	19906	11280	0.02204127431321083	0.019058065955839698	0.025326286510507296	0.001715513466289739	8803393.0	200	
RESULT-ENDIREH2016-REST-TABLA	CALC-ENDIREH-PISOS-2016-RESTANTES-0001	15bc446bc8dc1efc182b770d53726e842db71eeeab9a16ff1cad36eda0a06388	sexual_reciente		escolaridad	superior	PUBLICABLE	16504	9741	0.014228309485756017	0.011457220018775237	0.017008245565285834	0.0014216041325375048	7241057.0	200	
RESULT-ENDIREH2016-REST-TABLA	CALC-ENDIREH-PISOS-2016-RESTANTES-0001	15bc446bc8dc1efc182b770d53726e842db71eeeab9a16ff1cad36eda0a06388	sexual_reciente		localidad	U	PUBLICABLE	52807	14461	0.020689751420890495	0.01896927978496623	0.022625348576886733	0.0009617671449852029	24290577.0	200	
RESULT-ENDIREH2016-REST-TABLA	CALC-ENDIREH-PISOS-2016-RESTANTES-0001	15bc446bc8dc1efc182b770d53726e842db71eeeab9a16ff1cad36eda0a06388	sexual_reciente		localidad	C	PUBLICABLE	27413	1793	0.021789339466748697	0.018918411445824256	0.02444865073101944	0.0015508711402496763	10015953.0	200	
RESULT-ENDIREH2016-REST-TABLA	CALC-ENDIREH-PISOS-2016-RESTANTES-0001	15bc446bc8dc1efc182b770d53726e842db71eeeab9a16ff1cad36eda0a06388	sexual_reciente		localidad	R	PUBLICABLE	25861	1647	0.019988972361071247	0.017642496795016158	0.022939839991739226	0.001269788217023143	9079006.0	200	
RESULT-ENDIREH2016-REST-TABLA	CALC-ENDIREH-PISOS-2016-RESTANTES-0001	15bc446bc8dc1efc182b770d53726e842db71eeeab9a16ff1cad36eda0a06388	sexual_reciente		pareja	A1	PUBLICABLE	70747	17108	0.022573373276405538	0.02093654043349321	0.024487800121164888	0.0009061047384230362	25679547.0	200	
RESULT-ENDIREH2016-REST-TABLA	CALC-ENDIREH-PISOS-2016-RESTANTES-0001	15bc446bc8dc1efc182b770d53726e842db71eeeab9a16ff1cad36eda0a06388	sexual_reciente		pareja	A2	PUBLICABLE	2105	1748	0.03559228438594332	0.026239973111430528	0.04902698014553834	0.005758983501918316	885529.0	200	
RESULT-ENDIREH2016-REST-TABLA	CALC-ENDIREH-PISOS-2016-RESTANTES-0001	15bc446bc8dc1efc182b770d53726e842db71eeeab9a16ff1cad36eda0a06388	sexual_reciente		pareja	B1	PUBLICABLE	11241	7830	0.03012823362429469	0.025667085123690363	0.034880614349090816	0.0023332611244545292	5038928.0	200	
RESULT-ENDIREH2016-REST-TABLA	CALC-ENDIREH-PISOS-2016-RESTANTES-0001	15bc446bc8dc1efc182b770d53726e842db71eeeab9a16ff1cad36eda0a06388	sexual_reciente		pareja	B2	PUBLICABLE	8348	5837	0.003610806796241175	0.0019495891097976285	0.005932365733616486	0.0010275177605545101	3457676.0	200	
RESULT-ENDIREH2016-REST-TABLA	CALC-ENDIREH-PISOS-2016-RESTANTES-0001	15bc446bc8dc1efc182b770d53726e842db71eeeab9a16ff1cad36eda0a06388	sexual_reciente		pareja	C1	PUBLICABLE	13640	9155	0.015232844008834368	0.012883011192692025	0.01827044836284656	0.0013888645809914577	8323856.0	200	
RESULT-ENDIREH2016-REST-TABLA	CALC-ENDIREH-PISOS-2016-RESTANTES-0001	15bc446bc8dc1efc182b770d53726e842db71eeeab9a16ff1cad36eda0a06388	sexual_reciente		entidad	01	PUBLICABLE	3378	665	0.029353617853192328	0.023676410058865546	0.0342992214344494	0.003010656726156564	454731.0	200	
RESULT-ENDIREH2016-REST-TABLA	CALC-ENDIREH-PISOS-2016-RESTANTES-0001	15bc446bc8dc1efc182b770d53726e842db71eeeab9a16ff1cad36eda0a06388	sexual_reciente		entidad	02	PUBLICABLE	3013	715	0.014507712645816172	0.009567622878732083	0.019228104621074844	0.002470563587528495	1204256.0	200	
RESULT-ENDIREH2016-REST-TABLA	CALC-ENDIREH-PISOS-2016-RESTANTES-0001	15bc446bc8dc1efc182b770d53726e842db71eeeab9a16ff1cad36eda0a06388	sexual_reciente		entidad	03	PUBLICABLE	3014	447	0.01841269115596498	0.013392790115928256	0.023846007296223676	0.002704372736186563	262482.0	200	
RESULT-ENDIREH2016-REST-TABLA	CALC-ENDIREH-PISOS-2016-RESTANTES-0001	15bc446bc8dc1efc182b770d53726e842db71eeeab9a16ff1cad36eda0a06388	sexual_reciente		entidad	04	PUBLICABLE	3257	554	0.012675653670936426	0.009046906226393679	0.01676119240632665	0.002090901751672838	321798.0	200	
RESULT-ENDIREH2016-REST-TABLA	CALC-ENDIREH-PISOS-2016-RESTANTES-0001	15bc446bc8dc1efc182b770d53726e842db71eeeab9a16ff1cad36eda0a06388	sexual_reciente		entidad	05	PUBLICABLE	3373	699	0.021676783638615176	0.016408891285232832	0.025688130462039695	0.002526254964624202	1053016.0	200	
RESULT-ENDIREH2016-REST-TABLA	CALC-ENDIREH-PISOS-2016-RESTANTES-0001	15bc446bc8dc1efc182b770d53726e842db71eeeab9a16ff1cad36eda0a06388	sexual_reciente		entidad	06	PUBLICABLE	3207	620	0.020461604043602703	0.015514100362948367	0.02573398729624479	0.002574725731979606	262736.0	200	
RESULT-ENDIREH2016-REST-TABLA	CALC-ENDIREH-PISOS-2016-RESTANTES-0001	15bc446bc8dc1efc182b770d53726e842db71eeeab9a16ff1cad36eda0a06388	sexual_reciente		entidad	07	PUBLICABLE	3510	369	0.014297128332324993	0.00996525411067528	0.018641013061674833	0.002277805539483501	1690899.0	200	
RESULT-ENDIREH2016-REST-TABLA	CALC-ENDIREH-PISOS-2016-RESTANTES-0001	15bc446bc8dc1efc182b770d53726e842db71eeeab9a16ff1cad36eda0a06388	sexual_reciente		entidad	08	PUBLICABLE	3002	690	0.01721778800094344	0.01264616446542286	0.022966982204044487	0.0026374735828068024	1301619.0	200	
RESULT-ENDIREH2016-REST-TABLA	CALC-ENDIREH-PISOS-2016-RESTANTES-0001	15bc446bc8dc1efc182b770d53726e842db71eeeab9a16ff1cad36eda0a06388	sexual_reciente		entidad	09	PUBLICABLE	3443	877	0.021883684624060193	0.01661813412744834	0.026507031739022944	0.0025651210339168143	3507636.0	200	
RESULT-ENDIREH2016-REST-TABLA	CALC-ENDIREH-PISOS-2016-RESTANTES-0001	15bc446bc8dc1efc182b770d53726e842db71eeeab9a16ff1cad36eda0a06388	sexual_reciente		entidad	10	PUBLICABLE	3154	568	0.02164460957906268	0.01508787319608926	0.026582478499609995	0.003027875882452232	619831.0	200	
RESULT-ENDIREH2016-REST-TABLA	CALC-ENDIREH-PISOS-2016-RESTANTES-0001	15bc446bc8dc1efc182b770d53726e842db71eeeab9a16ff1cad36eda0a06388	sexual_reciente		entidad	11	PUBLICABLE	3336	513	0.020132779400923187	0.015460620418050103	0.026770451382659693	0.0029462977284704472	2019741.0	200	
RESULT-ENDIREH2016-REST-TABLA	CALC-ENDIREH-PISOS-2016-RESTANTES-0001	15bc446bc8dc1efc182b770d53726e842db71eeeab9a16ff1cad36eda0a06388	sexual_reciente		entidad	12	PUBLICABLE	3226	424	0.019390369295998324	0.0151080276457958	0.025019282687358365	0.002589111062004518	1212767.0	200	
RESULT-ENDIREH2016-REST-TABLA	CALC-ENDIREH-PISOS-2016-RESTANTES-0001	15bc446bc8dc1efc182b770d53726e842db71eeeab9a16ff1cad36eda0a06388	sexual_reciente		entidad	13	PUBLICABLE	3401	349	0.021204061918607145	0.015564995251960265	0.02648680314948538	0.0028970516531032415	1048667.0	200	
RESULT-ENDIREH2016-REST-TABLA	CALC-ENDIREH-PISOS-2016-RESTANTES-0001	15bc446bc8dc1efc182b770d53726e842db71eeeab9a16ff1cad36eda0a06388	sexual_reciente		entidad	14	PUBLICABLE	3328	579	0.028420978863474635	0.021971624168787344	0.03497231955047742	0.00363276052253483	2868163.0	200	
RESULT-ENDIREH2016-REST-TABLA	CALC-ENDIREH-PISOS-2016-RESTANTES-0001	15bc446bc8dc1efc182b770d53726e842db71eeeab9a16ff1cad36eda0a06388	sexual_reciente		entidad	15	PUBLICABLE	3386	711	0.02622312258422295	0.02055736296359022	0.03215845497358256	0.0030282694797310636	6304131.0	200	
RESULT-ENDIREH2016-REST-TABLA	CALC-ENDIREH-PISOS-2016-RESTANTES-0001	15bc446bc8dc1efc182b770d53726e842db71eeeab9a16ff1cad36eda0a06388	sexual_reciente		entidad	16	PUBLICABLE	3392	390	0.01938005570700193	0.015517718029943013	0.024491171003013294	0.002412461827504364	1618468.0	200	
RESULT-ENDIREH2016-REST-TABLA	CALC-ENDIREH-PISOS-2016-RESTANTES-0001	15bc446bc8dc1efc182b770d53726e842db71eeeab9a16ff1cad36eda0a06388	sexual_reciente		entidad	17	PUBLICABLE	3169	572	0.021548746333734606	0.016736946375097702	0.02726002990456428	0.002550272340717672	725193.0	200	
RESULT-ENDIREH2016-REST-TABLA	CALC-ENDIREH-PISOS-2016-RESTANTES-0001	15bc446bc8dc1efc182b770d53726e842db71eeeab9a16ff1cad36eda0a06388	sexual_reciente		entidad	18	PUBLICABLE	3434	444	0.021845090594948508	0.017207733634325525	0.02721769004099585	0.0026636619534892796	439870.0	200	
RESULT-ENDIREH2016-REST-TABLA	CALC-ENDIREH-PISOS-2016-RESTANTES-0001	15bc446bc8dc1efc182b770d53726e842db71eeeab9a16ff1cad36eda0a06388	sexual_reciente		entidad	19	PUBLICABLE	3177	738	0.01617843042183279	0.011805385507419075	0.020763002846829803	0.002228657875512332	1804625.0	200	
RESULT-ENDIREH2016-REST-TABLA	CALC-ENDIREH-PISOS-2016-RESTANTES-0001	15bc446bc8dc1efc182b770d53726e842db71eeeab9a16ff1cad36eda0a06388	sexual_reciente		entidad	20	PUBLICABLE	3508	331	0.017828069726803904	0.013644503262747451	0.022442025280313978	0.0023112769187270854	1407780.0	200	
RESULT-ENDIREH2016-REST-TABLA	CALC-ENDIREH-PISOS-2016-RESTANTES-0001	15bc446bc8dc1efc182b770d53726e842db71eeeab9a16ff1cad36eda0a06388	sexual_reciente		entidad	21	PUBLICABLE	4492	686	0.02220702352187729	0.017552029106629053	0.02801303388545874	0.002864283140908204	2206329.0	200	
RESULT-ENDIREH2016-REST-TABLA	CALC-ENDIREH-PISOS-2016-RESTANTES-0001	15bc446bc8dc1efc182b770d53726e842db71eeeab9a16ff1cad36eda0a06388	sexual_reciente		entidad	22	PUBLICABLE	3338	573	0.020142706846228403	0.015482567321413563	0.024895665258513434	0.00259728402790917	724282.0	200	
RESULT-ENDIREH2016-REST-TABLA	CALC-ENDIREH-PISOS-2016-RESTANTES-0001	15bc446bc8dc1efc182b770d53726e842db71eeeab9a16ff1cad36eda0a06388	sexual_reciente		entidad	23	PUBLICABLE	2868	691	0.022199493856785074	0.016375034528835965	0.0287024510264411	0.003336125196692628	533841.0	200	
RESULT-ENDIREH2016-REST-TABLA	CALC-ENDIREH-PISOS-2016-RESTANTES-0001	15bc446bc8dc1efc182b770d53726e842db71eeeab9a16ff1cad36eda0a06388	sexual_reciente		entidad	24	PUBLICABLE	3314	513	0.019765734772445167	0.014626477332628736	0.025659830096680138	0.0028768807619050777	952254.0	200	
RESULT-ENDIREH2016-REST-TABLA	CALC-ENDIREH-PISOS-2016-RESTANTES-0001	15bc446bc8dc1efc182b770d53726e842db71eeeab9a16ff1cad36eda0a06388	sexual_reciente		entidad	25	PUBLICABLE	3449	546	0.01682710499982715	0.012805326239232181	0.022311965210680015	0.0025234956709219453	1070297.0	200	
RESULT-ENDIREH2016-REST-TABLA	CALC-ENDIREH-PISOS-2016-RESTANTES-0001	15bc446bc8dc1efc182b770d53726e842db71eeeab9a16ff1cad36eda0a06388	sexual_reciente		entidad	26	PUBLICABLE	3205	628	0.020041880897156625	0.014959407369183459	0.024436254833061367	0.0024740623566639804	1020513.0	200	
RESULT-ENDIREH2016-REST-TABLA	CALC-ENDIREH-PISOS-2016-RESTANTES-0001	15bc446bc8dc1efc182b770d53726e842db71eeeab9a16ff1cad36eda0a06388	sexual_reciente		entidad	27	PUBLICABLE	3361	341	0.018820087641289996	0.01435680159932685	0.023592359361587007	0.002502549661500379	807382.0	200	
RESULT-ENDIREH2016-REST-TABLA	CALC-ENDIREH-PISOS-2016-RESTANTES-0001	15bc446bc8dc1efc182b770d53726e842db71eeeab9a16ff1cad36eda0a06388	sexual_reciente		entidad	28	PUBLICABLE	3044	698	0.011543080509572139	0.00826754685180361	0.015784484811605347	0.0019203991897308397	1274010.0	200	
RESULT-ENDIREH2016-REST-TABLA	CALC-ENDIREH-PISOS-2016-RESTANTES-0001	15bc446bc8dc1efc182b770d53726e842db71eeeab9a16ff1cad36eda0a06388	sexual_reciente		entidad	29	PUBLICABLE	3408	595	0.017669264385192136	0.013119248420508262	0.021956210243958163	0.002294617835925214	460404.0	200	
RESULT-ENDIREH2016-REST-TABLA	CALC-ENDIREH-PISOS-2016-RESTANTES-0001	15bc446bc8dc1efc182b770d53726e842db71eeeab9a16ff1cad36eda0a06388	sexual_reciente		entidad	30	PUBLICABLE	3234	434	0.020436321848113562	0.015005396337887144	0.02608655609159251	0.00265404406964843	2901207.0	200	
RESULT-ENDIREH2016-REST-TABLA	CALC-ENDIREH-PISOS-2016-RESTANTES-0001	15bc446bc8dc1efc182b770d53726e842db71eeeab9a16ff1cad36eda0a06388	sexual_reciente		entidad	31	PUBLICABLE	3117	554	0.015967949520761665	0.012213319402959957	0.021683439509825847	0.0023365655066681307	750566.0	200	
RESULT-ENDIREH2016-REST-TABLA	CALC-ENDIREH-PISOS-2016-RESTANTES-0001	15bc446bc8dc1efc182b770d53726e842db71eeeab9a16ff1cad36eda0a06388	sexual_reciente		entidad	32	PUBLICABLE	3543	387	0.0205362184870927	0.016139538510760824	0.025508030488258223	0.0026147707408835704	556042.0	200	
RESULT-ENDIREH2016-REST-TABLA	CALC-ENDIREH-PISOS-2016-RESTANTES-0001	15bc446bc8dc1efc182b770d53726e842db71eeeab9a16ff1cad36eda0a06388	digital_vida		nacional	MX	PUBLICABLE	106082	17901	0.0923521266096905	0.08955755788701189	0.09504642123145376	0.00137504146429144	43385747.0	200	
RESULT-ENDIREH2016-REST-TABLA	CALC-ENDIREH-PISOS-2016-RESTANTES-0001	15bc446bc8dc1efc182b770d53726e842db71eeeab9a16ff1cad36eda0a06388	digital_vida		edad	15-29	PUBLICABLE	27481	12413	0.06878067596969568	0.06415558657339532	0.07321493312910579	0.002207023750281997	12871435.0	200	
RESULT-ENDIREH2016-REST-TABLA	CALC-ENDIREH-PISOS-2016-RESTANTES-0001	15bc446bc8dc1efc182b770d53726e842db71eeeab9a16ff1cad36eda0a06388	digital_vida		edad	30-44	PUBLICABLE	35779	13993	0.09368496908312515	0.08881362863640474	0.09873391111933875	0.0024729245768152887	13424384.0	200	
RESULT-ENDIREH2016-REST-TABLA	CALC-ENDIREH-PISOS-2016-RESTANTES-0001	15bc446bc8dc1efc182b770d53726e842db71eeeab9a16ff1cad36eda0a06388	digital_vida		edad	45-59	PUBLICABLE	24703	12267	0.11054168882323445	0.10489166568459972	0.11596593923006852	0.0029464269074449944	10156883.0	200	
RESULT-ENDIREH2016-REST-TABLA	CALC-ENDIREH-PISOS-2016-RESTANTES-0001	15bc446bc8dc1efc182b770d53726e842db71eeeab9a16ff1cad36eda0a06388	digital_vida		edad	60+	PUBLICABLE	18119	9495	0.10688492574330616	0.10011571636614329	0.11586283119645735	0.003897588430395766	6933045.0	200	
RESULT-ENDIREH2016-REST-TABLA	CALC-ENDIREH-PISOS-2016-RESTANTES-0001	15bc446bc8dc1efc182b770d53726e842db71eeeab9a16ff1cad36eda0a06388	digital_vida		escolaridad	ninguno	PUBLICABLE	7559	4097	0.10281800857151956	0.09252269743074779	0.11301608818260621	0.005308843556666052	2983135.0	200	
RESULT-ENDIREH2016-REST-TABLA	CALC-ENDIREH-PISOS-2016-RESTANTES-0001	15bc446bc8dc1efc182b770d53726e842db71eeeab9a16ff1cad36eda0a06388	digital_vida		escolaridad	basica	PUBLICABLE	62107	15659	0.1078794112873662	0.103918979514669	0.1110811702039637	0.0018122901569472885	24356807.0	200	
RESULT-ENDIREH2016-REST-TABLA	CALC-ENDIREH-PISOS-2016-RESTANTES-0001	15bc446bc8dc1efc182b770d53726e842db71eeeab9a16ff1cad36eda0a06388	digital_vida		escolaridad	media_superior	PUBLICABLE	19907	11280	0.07868618352211208	0.07416590120512691	0.08440722879237397	0.002755626150648703	8803604.0	200	
RESULT-ENDIREH2016-REST-TABLA	CALC-ENDIREH-PISOS-2016-RESTANTES-0001	15bc446bc8dc1efc182b770d53726e842db71eeeab9a16ff1cad36eda0a06388	digital_vida		escolaridad	superior	PUBLICABLE	16504	9741	0.05242135229704724	0.04769539277861966	0.05891082045784984	0.0028646912508347266	7241057.0	200	
RESULT-ENDIREH2016-REST-TABLA	CALC-ENDIREH-PISOS-2016-RESTANTES-0001	15bc446bc8dc1efc182b770d53726e842db71eeeab9a16ff1cad36eda0a06388	digital_vida		localidad	U	PUBLICABLE	52807	14461	0.09379995378454781	0.09012744325654909	0.09677480026475797	0.001906094093884229	24290577.0	200	
RESULT-ENDIREH2016-REST-TABLA	CALC-ENDIREH-PISOS-2016-RESTANTES-0001	15bc446bc8dc1efc182b770d53726e842db71eeeab9a16ff1cad36eda0a06388	digital_vida		localidad	C	PUBLICABLE	27414	1793	0.09615657251618484	0.09047826352238077	0.10181769926970995	0.002930739031882195	10016164.0	200	
RESULT-ENDIREH2016-REST-TABLA	CALC-ENDIREH-PISOS-2016-RESTANTES-0001	15bc446bc8dc1efc182b770d53726e842db71eeeab9a16ff1cad36eda0a06388	digital_vida		localidad	R	PUBLICABLE	25861	1647	0.08428136295977776	0.07932093597989305	0.0899375395932293	0.002757590529912845	9079006.0	200	
RESULT-ENDIREH2016-REST-TABLA	CALC-ENDIREH-PISOS-2016-RESTANTES-0001	15bc446bc8dc1efc182b770d53726e842db71eeeab9a16ff1cad36eda0a06388	digital_vida		pareja	A1	PUBLICABLE	70748	17108	0.07338593299827825	0.07096412714260301	0.07653733686660676	0.0015292902554608911	25679758.0	200	
RESULT-ENDIREH2016-REST-TABLA	CALC-ENDIREH-PISOS-2016-RESTANTES-0001	15bc446bc8dc1efc182b770d53726e842db71eeeab9a16ff1cad36eda0a06388	digital_vida		pareja	A2	PUBLICABLE	2105	1748	0.12410773673137751	0.10600895538106778	0.14728689289660452	0.011078366621939997	885529.0	200	
RESULT-ENDIREH2016-REST-TABLA	CALC-ENDIREH-PISOS-2016-RESTANTES-0001	15bc446bc8dc1efc182b770d53726e842db71eeeab9a16ff1cad36eda0a06388	digital_vida		pareja	B1	PUBLICABLE	11241	7830	0.2493756608548485	0.23652666480766038	0.2617318932390984	0.006379621764592719	5038928.0	200	
RESULT-ENDIREH2016-REST-TABLA	CALC-ENDIREH-PISOS-2016-RESTANTES-0001	15bc446bc8dc1efc182b770d53726e842db71eeeab9a16ff1cad36eda0a06388	digital_vida		pareja	B2	PUBLICABLE	8348	5837	0.148659966983604	0.13648442962197518	0.1626271094522796	0.006558819972246363	3457676.0	200	
RESULT-ENDIREH2016-REST-TABLA	CALC-ENDIREH-PISOS-2016-RESTANTES-0001	15bc446bc8dc1efc182b770d53726e842db71eeeab9a16ff1cad36eda0a06388	digital_vida		pareja	C1	PUBLICABLE	13640	9155	0.0290403870513858	0.024695386552648243	0.0327119353038774	0.0021172356275626896	8323856.0	200	
RESULT-ENDIREH2016-REST-TABLA	CALC-ENDIREH-PISOS-2016-RESTANTES-0001	15bc446bc8dc1efc182b770d53726e842db71eeeab9a16ff1cad36eda0a06388	digital_vida		entidad	01	PUBLICABLE	3378	665	0.10467287253343185	0.09565101215862933	0.11554954090130304	0.005131993441321511	454731.0	200	
RESULT-ENDIREH2016-REST-TABLA	CALC-ENDIREH-PISOS-2016-RESTANTES-0001	15bc446bc8dc1efc182b770d53726e842db71eeeab9a16ff1cad36eda0a06388	digital_vida		entidad	02	PUBLICABLE	3013	715	0.06960895357797678	0.059364112922864205	0.07902863393229861	0.004806178673220745	1204256.0	200	
RESULT-ENDIREH2016-REST-TABLA	CALC-ENDIREH-PISOS-2016-RESTANTES-0001	15bc446bc8dc1efc182b770d53726e842db71eeeab9a16ff1cad36eda0a06388	digital_vida		entidad	03	PUBLICABLE	3014	447	0.07257640523921641	0.06141049280785595	0.08222406694807916	0.005324172941384679	262482.0	200	
RESULT-ENDIREH2016-REST-TABLA	CALC-ENDIREH-PISOS-2016-RESTANTES-0001	15bc446bc8dc1efc182b770d53726e842db71eeeab9a16ff1cad36eda0a06388	digital_vida		entidad	04	PUBLICABLE	3257	554	0.06161318591165887	0.053414576124945955	0.06894862070632002	0.004172032424697108	321798.0	200	
RESULT-ENDIREH2016-REST-TABLA	CALC-ENDIREH-PISOS-2016-RESTANTES-0001	15bc446bc8dc1efc182b770d53726e842db71eeeab9a16ff1cad36eda0a06388	digital_vida		entidad	05	PUBLICABLE	3373	699	0.10240395207670158	0.09315861072914804	0.1154742865371976	0.005938552303711437	1053016.0	200	
RESULT-ENDIREH2016-REST-TABLA	CALC-ENDIREH-PISOS-2016-RESTANTES-0001	15bc446bc8dc1efc182b770d53726e842db71eeeab9a16ff1cad36eda0a06388	digital_vida		entidad	06	PUBLICABLE	3208	620	0.09979577633515499	0.08894936814638471	0.10808283574823092	0.005071321981001929	262947.0	200	
RESULT-ENDIREH2016-REST-TABLA	CALC-ENDIREH-PISOS-2016-RESTANTES-0001	15bc446bc8dc1efc182b770d53726e842db71eeeab9a16ff1cad36eda0a06388	digital_vida		entidad	07	PUBLICABLE	3510	369	0.06474839715441312	0.05718432292171146	0.07233576901576055	0.004203574426568765	1690899.0	200	
RESULT-ENDIREH2016-REST-TABLA	CALC-ENDIREH-PISOS-2016-RESTANTES-0001	15bc446bc8dc1efc182b770d53726e842db71eeeab9a16ff1cad36eda0a06388	digital_vida		entidad	08	PUBLICABLE	3002	690	0.09572002252579288	0.08297211747195633	0.10821567287642818	0.006985039105726706	1301619.0	200	
RESULT-ENDIREH2016-REST-TABLA	CALC-ENDIREH-PISOS-2016-RESTANTES-0001	15bc446bc8dc1efc182b770d53726e842db71eeeab9a16ff1cad36eda0a06388	digital_vida		entidad	09	PUBLICABLE	3443	877	0.10543853467121446	0.09682000606445491	0.11718007346085282	0.005383273190179013	3507636.0	200	
RESULT-ENDIREH2016-REST-TABLA	CALC-ENDIREH-PISOS-2016-RESTANTES-0001	15bc446bc8dc1efc182b770d53726e842db71eeeab9a16ff1cad36eda0a06388	digital_vida		entidad	10	PUBLICABLE	3154	568	0.0961681490599857	0.0854100548706765	0.10638242072150202	0.005740724732839394	619831.0	200	
RESULT-ENDIREH2016-REST-TABLA	CALC-ENDIREH-PISOS-2016-RESTANTES-0001	15bc446bc8dc1efc182b770d53726e842db71eeeab9a16ff1cad36eda0a06388	digital_vida		entidad	11	PUBLICABLE	3336	513	0.08212191563175675	0.07010092690187514	0.0932568397961418	0.00577789748821745	2019741.0	200	
RESULT-ENDIREH2016-REST-TABLA	CALC-ENDIREH-PISOS-2016-RESTANTES-0001	15bc446bc8dc1efc182b770d53726e842db71eeeab9a16ff1cad36eda0a06388	digital_vida		entidad	12	PUBLICABLE	3226	424	0.09710191652642264	0.08462015119505448	0.10896717586538342	0.0066313996860680405	1212767.0	200	
RESULT-ENDIREH2016-REST-TABLA	CALC-ENDIREH-PISOS-2016-RESTANTES-0001	15bc446bc8dc1efc182b770d53726e842db71eeeab9a16ff1cad36eda0a06388	digital_vida		entidad	13	PUBLICABLE	3401	349	0.10105591193391229	0.09044879249797187	0.11181475723396411	0.0056381150453991054	1048667.0	200	
RESULT-ENDIREH2016-REST-TABLA	CALC-ENDIREH-PISOS-2016-RESTANTES-0001	15bc446bc8dc1efc182b770d53726e842db71eeeab9a16ff1cad36eda0a06388	digital_vida		entidad	14	PUBLICABLE	3328	579	0.09401732049398866	0.08506932341305855	0.10324518064952751	0.005185410237676064	2868163.0	200	
RESULT-ENDIREH2016-REST-TABLA	CALC-ENDIREH-PISOS-2016-RESTANTES-0001	15bc446bc8dc1efc182b770d53726e842db71eeeab9a16ff1cad36eda0a06388	digital_vida		entidad	15	PUBLICABLE	3386	711	0.11916995379696266	0.10670407999973512	0.13209013929685148	0.006217709409615476	6304131.0	200	
RESULT-ENDIREH2016-REST-TABLA	CALC-ENDIREH-PISOS-2016-RESTANTES-0001	15bc446bc8dc1efc182b770d53726e842db71eeeab9a16ff1cad36eda0a06388	digital_vida		entidad	16	PUBLICABLE	3392	390	0.0886708912378867	0.07854624032180191	0.09967097199854497	0.005381168886601393	1618468.0	200	
RESULT-ENDIREH2016-REST-TABLA	CALC-ENDIREH-PISOS-2016-RESTANTES-0001	15bc446bc8dc1efc182b770d53726e842db71eeeab9a16ff1cad36eda0a06388	digital_vida		entidad	17	PUBLICABLE	3169	572	0.10345108129835781	0.09083383272281242	0.11462105594221719	0.005891293817420546	725193.0	200	
RESULT-ENDIREH2016-REST-TABLA	CALC-ENDIREH-PISOS-2016-RESTANTES-0001	15bc446bc8dc1efc182b770d53726e842db71eeeab9a16ff1cad36eda0a06388	digital_vida		entidad	18	PUBLICABLE	3434	444	0.07634983063177757	0.06549751413624633	0.08797994669010135	0.00566881731920933	439870.0	200	
RESULT-ENDIREH2016-REST-TABLA	CALC-ENDIREH-PISOS-2016-RESTANTES-0001	15bc446bc8dc1efc182b770d53726e842db71eeeab9a16ff1cad36eda0a06388	digital_vida		entidad	19	PUBLICABLE	3177	738	0.05854900602618272	0.049655884347980885	0.06708449616787839	0.004714843410865136	1804625.0	200	
RESULT-ENDIREH2016-REST-TABLA	CALC-ENDIREH-PISOS-2016-RESTANTES-0001	15bc446bc8dc1efc182b770d53726e842db71eeeab9a16ff1cad36eda0a06388	digital_vida		entidad	20	PUBLICABLE	3508	331	0.08920143772464448	0.07837347793489138	0.10102095489541967	0.005943297717795886	1407780.0	200	
RESULT-ENDIREH2016-REST-TABLA	CALC-ENDIREH-PISOS-2016-RESTANTES-0001	15bc446bc8dc1efc182b770d53726e842db71eeeab9a16ff1cad36eda0a06388	digital_vida		entidad	21	PUBLICABLE	4492	686	0.10090562196299827	0.09065846533647776	0.11265909191504807	0.005932689958485777	2206329.0	200	
RESULT-ENDIREH2016-REST-TABLA	CALC-ENDIREH-PISOS-2016-RESTANTES-0001	15bc446bc8dc1efc182b770d53726e842db71eeeab9a16ff1cad36eda0a06388	digital_vida		entidad	22	PUBLICABLE	3338	573	0.09800878663283086	0.08766058664050605	0.10879291506019911	0.005710940266557255	724282.0	200	
RESULT-ENDIREH2016-REST-TABLA	CALC-ENDIREH-PISOS-2016-RESTANTES-0001	15bc446bc8dc1efc182b770d53726e842db71eeeab9a16ff1cad36eda0a06388	digital_vida		entidad	23	PUBLICABLE	2868	691	0.08355858766936222	0.07216260227409634	0.09378600118360723	0.006063009067246709	533841.0	200	
RESULT-ENDIREH2016-REST-TABLA	CALC-ENDIREH-PISOS-2016-RESTANTES-0001	15bc446bc8dc1efc182b770d53726e842db71eeeab9a16ff1cad36eda0a06388	digital_vida		entidad	24	PUBLICABLE	3314	513	0.09004320275892777	0.07899151517646576	0.10033046636812519	0.005657640086772327	952254.0	200	
RESULT-ENDIREH2016-REST-TABLA	CALC-ENDIREH-PISOS-2016-RESTANTES-0001	15bc446bc8dc1efc182b770d53726e842db71eeeab9a16ff1cad36eda0a06388	digital_vida		entidad	25	PUBLICABLE	3449	546	0.07858286064522277	0.0683939507905084	0.0902985868611465	0.00568597815040355	1070297.0	200	
RESULT-ENDIREH2016-REST-TABLA	CALC-ENDIREH-PISOS-2016-RESTANTES-0001	15bc446bc8dc1efc182b770d53726e842db71eeeab9a16ff1cad36eda0a06388	digital_vida		entidad	26	PUBLICABLE	3205	628	0.0690760431273291	0.061430145639957356	0.07854068655087758	0.004542344787712594	1020513.0	200	
RESULT-ENDIREH2016-REST-TABLA	CALC-ENDIREH-PISOS-2016-RESTANTES-0001	15bc446bc8dc1efc182b770d53726e842db71eeeab9a16ff1cad36eda0a06388	digital_vida		entidad	27	PUBLICABLE	3361	341	0.08359487826084802	0.07275056191886078	0.09356037956881821	0.005302404258292322	807382.0	200	
RESULT-ENDIREH2016-REST-TABLA	CALC-ENDIREH-PISOS-2016-RESTANTES-0001	15bc446bc8dc1efc182b770d53726e842db71eeeab9a16ff1cad36eda0a06388	digital_vida		entidad	28	PUBLICABLE	3044	698	0.06960620403293538	0.0591424842803191	0.07955255167202807	0.005376057974766564	1274010.0	200	
RESULT-ENDIREH2016-REST-TABLA	CALC-ENDIREH-PISOS-2016-RESTANTES-0001	15bc446bc8dc1efc182b770d53726e842db71eeeab9a16ff1cad36eda0a06388	digital_vida		entidad	29	PUBLICABLE	3408	595	0.10090920148391412	0.08915627391305837	0.11190509840973975	0.006208001542967973	460404.0	200	
RESULT-ENDIREH2016-REST-TABLA	CALC-ENDIREH-PISOS-2016-RESTANTES-0001	15bc446bc8dc1efc182b770d53726e842db71eeeab9a16ff1cad36eda0a06388	digital_vida		entidad	30	PUBLICABLE	3234	434	0.08569226532267432	0.07387652681239563	0.09672432372680644	0.0055495960256060585	2901207.0	200	
RESULT-ENDIREH2016-REST-TABLA	CALC-ENDIREH-PISOS-2016-RESTANTES-0001	15bc446bc8dc1efc182b770d53726e842db71eeeab9a16ff1cad36eda0a06388	digital_vida		entidad	31	PUBLICABLE	3117	554	0.09209050236754662	0.08140018108352273	0.10381952418701963	0.006070940187797754	750566.0	200	
RESULT-ENDIREH2016-REST-TABLA	CALC-ENDIREH-PISOS-2016-RESTANTES-0001	15bc446bc8dc1efc182b770d53726e842db71eeeab9a16ff1cad36eda0a06388	digital_vida		entidad	32	PUBLICABLE	3543	387	0.08284446138960726	0.07283457718657302	0.09271987806180743	0.00504218602705508	556042.0	200	
RESULT-ENDIREH2016-REST-TABLA	CALC-ENDIREH-PISOS-2016-RESTANTES-0001	15bc446bc8dc1efc182b770d53726e842db71eeeab9a16ff1cad36eda0a06388	digital_reciente		nacional	MX	PUBLICABLE	106082	17901	0.031798346125053466	0.0302565763638296	0.033253621969862444	0.0008126865631256347	43385747.0	200	
RESULT-ENDIREH2016-REST-TABLA	CALC-ENDIREH-PISOS-2016-RESTANTES-0001	15bc446bc8dc1efc182b770d53726e842db71eeeab9a16ff1cad36eda0a06388	digital_reciente		edad	15-29	PUBLICABLE	27481	12413	0.042695161805968024	0.039714637882838265	0.04647275943982149	0.0017881469204595226	12871435.0	200	
RESULT-ENDIREH2016-REST-TABLA	CALC-ENDIREH-PISOS-2016-RESTANTES-0001	15bc446bc8dc1efc182b770d53726e842db71eeeab9a16ff1cad36eda0a06388	digital_reciente		edad	30-44	PUBLICABLE	35779	13993	0.038999629331222946	0.03615587594841281	0.04187717896468547	0.0015428752499080886	13424384.0	200	
RESULT-ENDIREH2016-REST-TABLA	CALC-ENDIREH-PISOS-2016-RESTANTES-0001	15bc446bc8dc1efc182b770d53726e842db71eeeab9a16ff1cad36eda0a06388	digital_reciente		edad	45-59	PUBLICABLE	24703	12267	0.02507166814858456	0.022550916717889	0.02814960001844493	0.0014996373902077269	10156883.0	200	
RESULT-ENDIREH2016-REST-TABLA	CALC-ENDIREH-PISOS-2016-RESTANTES-0001	15bc446bc8dc1efc182b770d53726e842db71eeeab9a16ff1cad36eda0a06388	digital_reciente		edad	60+	PUBLICABLE	18119	9495	0.007478820633646544	0.005753535108765147	0.009457653738413244	0.000944071438325282	6933045.0	200	
RESULT-ENDIREH2016-REST-TABLA	CALC-ENDIREH-PISOS-2016-RESTANTES-0001	15bc446bc8dc1efc182b770d53726e842db71eeeab9a16ff1cad36eda0a06388	digital_reciente		escolaridad	ninguno	PUBLICABLE	7559	4097	0.0167297155509221	0.01279312416004395	0.021169588763969453	0.0021274735299207036	2983135.0	200	
RESULT-ENDIREH2016-REST-TABLA	CALC-ENDIREH-PISOS-2016-RESTANTES-0001	15bc446bc8dc1efc182b770d53726e842db71eeeab9a16ff1cad36eda0a06388	digital_reciente		escolaridad	basica	PUBLICABLE	62107	15659	0.038090994439459985	0.03576140279774427	0.04026954155402732	0.0011338005643796944	24356807.0	200	
RESULT-ENDIREH2016-REST-TABLA	CALC-ENDIREH-PISOS-2016-RESTANTES-0001	15bc446bc8dc1efc182b770d53726e842db71eeeab9a16ff1cad36eda0a06388	digital_reciente		escolaridad	media_superior	PUBLICABLE	19907	11280	0.03422325674803183	0.030516331302366896	0.03720852412487219	0.00181278496603105	8803604.0	200	
RESULT-ENDIREH2016-REST-TABLA	CALC-ENDIREH-PISOS-2016-RESTANTES-0001	15bc446bc8dc1efc182b770d53726e842db71eeeab9a16ff1cad36eda0a06388	digital_reciente		escolaridad	superior	PUBLICABLE	16504	9741	0.013877117663899069	0.011758297144838423	0.01637359601374596	0.0012759713158263695	7241057.0	200	
RESULT-ENDIREH2016-REST-TABLA	CALC-ENDIREH-PISOS-2016-RESTANTES-0001	15bc446bc8dc1efc182b770d53726e842db71eeeab9a16ff1cad36eda0a06388	digital_reciente		localidad	U	PUBLICABLE	52807	14461	0.030475562601909374	0.02821652218040126	0.032711955289311055	0.0011607710480515843	24290577.0	200	
RESULT-ENDIREH2016-REST-TABLA	CALC-ENDIREH-PISOS-2016-RESTANTES-0001	15bc446bc8dc1efc182b770d53726e842db71eeeab9a16ff1cad36eda0a06388	digital_reciente		localidad	C	PUBLICABLE	27414	1793	0.03412873431385508	0.031244529422285828	0.036786133182285914	0.0014502302080409437	10016164.0	200	
RESULT-ENDIREH2016-REST-TABLA	CALC-ENDIREH-PISOS-2016-RESTANTES-0001	15bc446bc8dc1efc182b770d53726e842db71eeeab9a16ff1cad36eda0a06388	digital_reciente		localidad	R	PUBLICABLE	25861	1647	0.032766472453041665	0.02947864189800627	0.03604422269103936	0.0017617592151239246	9079006.0	200	
RESULT-ENDIREH2016-REST-TABLA	CALC-ENDIREH-PISOS-2016-RESTANTES-0001	15bc446bc8dc1efc182b770d53726e842db71eeeab9a16ff1cad36eda0a06388	digital_reciente		pareja	A1	PUBLICABLE	70748	17108	0.038441678461300144	0.0364618052123664	0.040320637791204955	0.0010308261613711448	25679758.0	200	
RESULT-ENDIREH2016-REST-TABLA	CALC-ENDIREH-PISOS-2016-RESTANTES-0001	15bc446bc8dc1efc182b770d53726e842db71eeeab9a16ff1cad36eda0a06388	digital_reciente		pareja	A2	PUBLICABLE	2105	1748	0.05713759797815769	0.04367644870407789	0.07204584948109306	0.0077059970080514874	885529.0	200	
RESULT-ENDIREH2016-REST-TABLA	CALC-ENDIREH-PISOS-2016-RESTANTES-0001	15bc446bc8dc1efc182b770d53726e842db71eeeab9a16ff1cad36eda0a06388	digital_reciente		pareja	B1	PUBLICABLE	11241	7830	0.039829900328006276	0.035783152570759855	0.04416962549368598	0.002271292684430228	5038928.0	200	
RESULT-ENDIREH2016-REST-TABLA	CALC-ENDIREH-PISOS-2016-RESTANTES-0001	15bc446bc8dc1efc182b770d53726e842db71eeeab9a16ff1cad36eda0a06388	digital_reciente		pareja	B2	SUPRIMIDA	8348	5837						0	precision
RESULT-ENDIREH2016-REST-TABLA	CALC-ENDIREH-PISOS-2016-RESTANTES-0001	15bc446bc8dc1efc182b770d53726e842db71eeeab9a16ff1cad36eda0a06388	digital_reciente		pareja	C1	PUBLICABLE	13640	9155	0.015196322473622802	0.012696098760772566	0.018018851871319873	0.0012947904024540274	8323856.0	200	
RESULT-ENDIREH2016-REST-TABLA	CALC-ENDIREH-PISOS-2016-RESTANTES-0001	15bc446bc8dc1efc182b770d53726e842db71eeeab9a16ff1cad36eda0a06388	digital_reciente		entidad	01	PUBLICABLE	3378	665	0.045261924082589486	0.03827142089430753	0.05284471384896034	0.0038665528974527468	454731.0	200	
RESULT-ENDIREH2016-REST-TABLA	CALC-ENDIREH-PISOS-2016-RESTANTES-0001	15bc446bc8dc1efc182b770d53726e842db71eeeab9a16ff1cad36eda0a06388	digital_reciente		entidad	02	PUBLICABLE	3013	715	0.025533607472165386	0.019978890710728992	0.03221910696365882	0.003194152487581354	1204256.0	200	
RESULT-ENDIREH2016-REST-TABLA	CALC-ENDIREH-PISOS-2016-RESTANTES-0001	15bc446bc8dc1efc182b770d53726e842db71eeeab9a16ff1cad36eda0a06388	digital_reciente		entidad	03	PUBLICABLE	3014	447	0.030184926966420556	0.02310032995579915	0.03687768649167651	0.0036084997377940167	262482.0	200	
RESULT-ENDIREH2016-REST-TABLA	CALC-ENDIREH-PISOS-2016-RESTANTES-0001	15bc446bc8dc1efc182b770d53726e842db71eeeab9a16ff1cad36eda0a06388	digital_reciente		entidad	04	PUBLICABLE	3257	554	0.02387833361301189	0.018726590536603062	0.02932339305722143	0.002869150480281897	321798.0	200	
RESULT-ENDIREH2016-REST-TABLA	CALC-ENDIREH-PISOS-2016-RESTANTES-0001	15bc446bc8dc1efc182b770d53726e842db71eeeab9a16ff1cad36eda0a06388	digital_reciente		entidad	05	PUBLICABLE	3373	699	0.04154352830346358	0.03400410079832814	0.048708878017044654	0.0038076374968057597	1053016.0	200	
RESULT-ENDIREH2016-REST-TABLA	CALC-ENDIREH-PISOS-2016-RESTANTES-0001	15bc446bc8dc1efc182b770d53726e842db71eeeab9a16ff1cad36eda0a06388	digital_reciente		entidad	06	PUBLICABLE	3208	620	0.0391295584281243	0.03238519565611683	0.04785956294568144	0.004104894786203954	262947.0	200	
RESULT-ENDIREH2016-REST-TABLA	CALC-ENDIREH-PISOS-2016-RESTANTES-0001	15bc446bc8dc1efc182b770d53726e842db71eeeab9a16ff1cad36eda0a06388	digital_reciente		entidad	07	PUBLICABLE	3510	369	0.01881011225389571	0.013824596569122214	0.02416466236139862	0.002684942540624594	1690899.0	200	
RESULT-ENDIREH2016-REST-TABLA	CALC-ENDIREH-PISOS-2016-RESTANTES-0001	15bc446bc8dc1efc182b770d53726e842db71eeeab9a16ff1cad36eda0a06388	digital_reciente		entidad	08	PUBLICABLE	3002	690	0.03862958361855504	0.02971292369178024	0.046343658537440914	0.004109799642479673	1301619.0	200	
RESULT-ENDIREH2016-REST-TABLA	CALC-ENDIREH-PISOS-2016-RESTANTES-0001	15bc446bc8dc1efc182b770d53726e842db71eeeab9a16ff1cad36eda0a06388	digital_reciente		entidad	09	PUBLICABLE	3443	877	0.031233856648751467	0.025126443765990623	0.0366176129082681	0.003142723905341311	3507636.0	200	
RESULT-ENDIREH2016-REST-TABLA	CALC-ENDIREH-PISOS-2016-RESTANTES-0001	15bc446bc8dc1efc182b770d53726e842db71eeeab9a16ff1cad36eda0a06388	digital_reciente		entidad	10	PUBLICABLE	3154	568	0.041703302997107276	0.0335705640416904	0.04996353260621238	0.00407530247514004	619831.0	200	
RESULT-ENDIREH2016-REST-TABLA	CALC-ENDIREH-PISOS-2016-RESTANTES-0001	15bc446bc8dc1efc182b770d53726e842db71eeeab9a16ff1cad36eda0a06388	digital_reciente		entidad	11	PUBLICABLE	3336	513	0.03158672324817885	0.024253136304732015	0.03935341117516612	0.0036524716882465696	2019741.0	200	
RESULT-ENDIREH2016-REST-TABLA	CALC-ENDIREH-PISOS-2016-RESTANTES-0001	15bc446bc8dc1efc182b770d53726e842db71eeeab9a16ff1cad36eda0a06388	digital_reciente		entidad	12	PUBLICABLE	3226	424	0.03281834020879526	0.02546929544322287	0.038290322534582824	0.0035434711180904943	1212767.0	200	
RESULT-ENDIREH2016-REST-TABLA	CALC-ENDIREH-PISOS-2016-RESTANTES-0001	15bc446bc8dc1efc182b770d53726e842db71eeeab9a16ff1cad36eda0a06388	digital_reciente		entidad	13	PUBLICABLE	3401	349	0.032563244576209606	0.02616632332808402	0.039025281111973356	0.003478903111286259	1048667.0	200	
RESULT-ENDIREH2016-REST-TABLA	CALC-ENDIREH-PISOS-2016-RESTANTES-0001	15bc446bc8dc1efc182b770d53726e842db71eeeab9a16ff1cad36eda0a06388	digital_reciente		entidad	14	PUBLICABLE	3328	579	0.03631592765125274	0.029075668510036307	0.04265885909286308	0.0035518660574607596	2868163.0	200	
RESULT-ENDIREH2016-REST-TABLA	CALC-ENDIREH-PISOS-2016-RESTANTES-0001	15bc446bc8dc1efc182b770d53726e842db71eeeab9a16ff1cad36eda0a06388	digital_reciente		entidad	15	PUBLICABLE	3386	711	0.03757425091578839	0.030523616892656476	0.044453744166860855	0.0035772808157073415	6304131.0	200	
RESULT-ENDIREH2016-REST-TABLA	CALC-ENDIREH-PISOS-2016-RESTANTES-0001	15bc446bc8dc1efc182b770d53726e842db71eeeab9a16ff1cad36eda0a06388	digital_reciente		entidad	16	PUBLICABLE	3392	390	0.03140686130340544	0.025731801872077083	0.038163091854646995	0.0030403473041703383	1618468.0	200	
RESULT-ENDIREH2016-REST-TABLA	CALC-ENDIREH-PISOS-2016-RESTANTES-0001	15bc446bc8dc1efc182b770d53726e842db71eeeab9a16ff1cad36eda0a06388	digital_reciente		entidad	17	PUBLICABLE	3169	572	0.03152815871085352	0.025715403994862496	0.038047262587251496	0.0030882461285296234	725193.0	200	
RESULT-ENDIREH2016-REST-TABLA	CALC-ENDIREH-PISOS-2016-RESTANTES-0001	15bc446bc8dc1efc182b770d53726e842db71eeeab9a16ff1cad36eda0a06388	digital_reciente		entidad	18	PUBLICABLE	3434	444	0.029363220951644804	0.023256067719328095	0.036177485792424184	0.0036535775432254367	439870.0	200	
RESULT-ENDIREH2016-REST-TABLA	CALC-ENDIREH-PISOS-2016-RESTANTES-0001	15bc446bc8dc1efc182b770d53726e842db71eeeab9a16ff1cad36eda0a06388	digital_reciente		entidad	19	PUBLICABLE	3177	738	0.026085751887511256	0.020721234877065852	0.03208355730289881	0.0031037347549767932	1804625.0	200	
RESULT-ENDIREH2016-REST-TABLA	CALC-ENDIREH-PISOS-2016-RESTANTES-0001	15bc446bc8dc1efc182b770d53726e842db71eeeab9a16ff1cad36eda0a06388	digital_reciente		entidad	20	PUBLICABLE	3508	331	0.027977382829703506	0.02171586679288308	0.034473773028194654	0.003362757844653314	1407780.0	200	
RESULT-ENDIREH2016-REST-TABLA	CALC-ENDIREH-PISOS-2016-RESTANTES-0001	15bc446bc8dc1efc182b770d53726e842db71eeeab9a16ff1cad36eda0a06388	digital_reciente		entidad	21	PUBLICABLE	4492	686	0.03384672004945772	0.027507104676698736	0.04055441448991919	0.0033413048027402864	2206329.0	200	
RESULT-ENDIREH2016-REST-TABLA	CALC-ENDIREH-PISOS-2016-RESTANTES-0001	15bc446bc8dc1efc182b770d53726e842db71eeeab9a16ff1cad36eda0a06388	digital_reciente		entidad	22	PUBLICABLE	3338	573	0.03462187380053625	0.028620485861628908	0.04161749357053629	0.003277607435834148	724282.0	200	
RESULT-ENDIREH2016-REST-TABLA	CALC-ENDIREH-PISOS-2016-RESTANTES-0001	15bc446bc8dc1efc182b770d53726e842db71eeeab9a16ff1cad36eda0a06388	digital_reciente		entidad	23	PUBLICABLE	2868	691	0.02684319863030378	0.02061828667497342	0.03317279182183619	0.0031018162263715078	533841.0	200	
RESULT-ENDIREH2016-REST-TABLA	CALC-ENDIREH-PISOS-2016-RESTANTES-0001	15bc446bc8dc1efc182b770d53726e842db71eeeab9a16ff1cad36eda0a06388	digital_reciente		entidad	24	PUBLICABLE	3314	513	0.02563391700113625	0.01992609125773577	0.03215268323705484	0.003035519172917386	952254.0	200	
RESULT-ENDIREH2016-REST-TABLA	CALC-ENDIREH-PISOS-2016-RESTANTES-0001	15bc446bc8dc1efc182b770d53726e842db71eeeab9a16ff1cad36eda0a06388	digital_reciente		entidad	25	PUBLICABLE	3449	546	0.027869834260957474	0.021720380171880375	0.0335886448015686	0.0031306407724824045	1070297.0	200	
RESULT-ENDIREH2016-REST-TABLA	CALC-ENDIREH-PISOS-2016-RESTANTES-0001	15bc446bc8dc1efc182b770d53726e842db71eeeab9a16ff1cad36eda0a06388	digital_reciente		entidad	26	PUBLICABLE	3205	628	0.029433236029330345	0.023574628234552746	0.035418974914911645	0.003065202882351886	1020513.0	200	
RESULT-ENDIREH2016-REST-TABLA	CALC-ENDIREH-PISOS-2016-RESTANTES-0001	15bc446bc8dc1efc182b770d53726e842db71eeeab9a16ff1cad36eda0a06388	digital_reciente		entidad	27	PUBLICABLE	3361	341	0.029461890406276087	0.023149081623500812	0.03653850232529887	0.0033210351521379858	807382.0	200	
RESULT-ENDIREH2016-REST-TABLA	CALC-ENDIREH-PISOS-2016-RESTANTES-0001	15bc446bc8dc1efc182b770d53726e842db71eeeab9a16ff1cad36eda0a06388	digital_reciente		entidad	28	PUBLICABLE	3044	698	0.025274526887544054	0.018885029326702125	0.03156029884208338	0.00343062397916926	1274010.0	200	
RESULT-ENDIREH2016-REST-TABLA	CALC-ENDIREH-PISOS-2016-RESTANTES-0001	15bc446bc8dc1efc182b770d53726e842db71eeeab9a16ff1cad36eda0a06388	digital_reciente		entidad	29	PUBLICABLE	3408	595	0.036604807951277574	0.029805004882596162	0.04386324575501312	0.0038380142894269076	460404.0	200	
RESULT-ENDIREH2016-REST-TABLA	CALC-ENDIREH-PISOS-2016-RESTANTES-0001	15bc446bc8dc1efc182b770d53726e842db71eeeab9a16ff1cad36eda0a06388	digital_reciente		entidad	30	PUBLICABLE	3234	434	0.02484276371868674	0.019456271886482565	0.02932954031150523	0.002667903532016888	2901207.0	200	
RESULT-ENDIREH2016-REST-TABLA	CALC-ENDIREH-PISOS-2016-RESTANTES-0001	15bc446bc8dc1efc182b770d53726e842db71eeeab9a16ff1cad36eda0a06388	digital_reciente		entidad	31	PUBLICABLE	3117	554	0.03646181681557651	0.029108724941352627	0.044994009270041505	0.003818309293460869	750566.0	200	
RESULT-ENDIREH2016-REST-TABLA	CALC-ENDIREH-PISOS-2016-RESTANTES-0001	15bc446bc8dc1efc182b770d53726e842db71eeeab9a16ff1cad36eda0a06388	digital_reciente		entidad	32	PUBLICABLE	3543	387	0.03351905071919028	0.02755024119586323	0.038766739613918307	0.0032164699502255393	556042.0	200	
RESULT-ENDIREH2016-REST-TABLA	CALC-ENDIREH-PISOS-2016-RESTANTES-0001	15bc446bc8dc1efc182b770d53726e842db71eeeab9a16ff1cad36eda0a06388	economica_patrimonial_vida		nacional	MX	PUBLICABLE	106083	17901	0.17950912748020736	0.17531355839551058	0.18316721176008013	0.0020796563730824326	43386947.0	200	
RESULT-ENDIREH2016-REST-TABLA	CALC-ENDIREH-PISOS-2016-RESTANTES-0001	15bc446bc8dc1efc182b770d53726e842db71eeeab9a16ff1cad36eda0a06388	economica_patrimonial_vida		edad	15-29	PUBLICABLE	27481	12413	0.1127407317055169	0.1074065856091005	0.11942629458051404	0.0030265429758214234	12871435.0	200	
RESULT-ENDIREH2016-REST-TABLA	CALC-ENDIREH-PISOS-2016-RESTANTES-0001	15bc446bc8dc1efc182b770d53726e842db71eeeab9a16ff1cad36eda0a06388	economica_patrimonial_vida		edad	30-44	PUBLICABLE	35779	13993	0.19415773565476077	0.1884416112398364	0.20162776778249591	0.0031884972111849725	13424384.0	200	
RESULT-ENDIREH2016-REST-TABLA	CALC-ENDIREH-PISOS-2016-RESTANTES-0001	15bc446bc8dc1efc182b770d53726e842db71eeeab9a16ff1cad36eda0a06388	economica_patrimonial_vida		edad	45-59	PUBLICABLE	24704	12267	0.21994829142467137	0.21138836586174967	0.22750797874464412	0.004353983314607594	10158083.0	200	
RESULT-ENDIREH2016-REST-TABLA	CALC-ENDIREH-PISOS-2016-RESTANTES-0001	15bc446bc8dc1efc182b770d53726e842db71eeeab9a16ff1cad36eda0a06388	economica_patrimonial_vida		edad	60+	PUBLICABLE	18119	9495	0.21585277464663796	0.20673121230299482	0.22775996175777255	0.00520667759538783	6933045.0	200	
RESULT-ENDIREH2016-REST-TABLA	CALC-ENDIREH-PISOS-2016-RESTANTES-0001	15bc446bc8dc1efc182b770d53726e842db71eeeab9a16ff1cad36eda0a06388	economica_patrimonial_vida		escolaridad	ninguno	PUBLICABLE	7560	4097	0.2144484449634508	0.20167872810144447	0.22717045852260329	0.007208079871394017	2984335.0	200	
RESULT-ENDIREH2016-REST-TABLA	CALC-ENDIREH-PISOS-2016-RESTANTES-0001	15bc446bc8dc1efc182b770d53726e842db71eeeab9a16ff1cad36eda0a06388	economica_patrimonial_vida		escolaridad	basica	PUBLICABLE	62107	15659	0.20430452973577365	0.19943671815737196	0.2087947742509951	0.0025461076907115346	24356807.0	200	
RESULT-ENDIREH2016-REST-TABLA	CALC-ENDIREH-PISOS-2016-RESTANTES-0001	15bc446bc8dc1efc182b770d53726e842db71eeeab9a16ff1cad36eda0a06388	economica_patrimonial_vida		escolaridad	media_superior	PUBLICABLE	19907	11280	0.14709759775655515	0.140256328366408	0.15479668453371387	0.003706155870835103	8803604.0	200	
RESULT-ENDIREH2016-REST-TABLA	CALC-ENDIREH-PISOS-2016-RESTANTES-0001	15bc446bc8dc1efc182b770d53726e842db71eeeab9a16ff1cad36eda0a06388	economica_patrimonial_vida		escolaridad	superior	PUBLICABLE	16504	9741	0.12111933382101536	0.11400136116282636	0.12849782447416358	0.003820086425726712	7241057.0	200	
RESULT-ENDIREH2016-REST-TABLA	CALC-ENDIREH-PISOS-2016-RESTANTES-0001	15bc446bc8dc1efc182b770d53726e842db71eeeab9a16ff1cad36eda0a06388	economica_patrimonial_vida		localidad	U	PUBLICABLE	52807	14461	0.18672574142639756	0.18178523276045466	0.19103447136944687	0.0025609346153995256	24290577.0	200	
RESULT-ENDIREH2016-REST-TABLA	CALC-ENDIREH-PISOS-2016-RESTANTES-0001	15bc446bc8dc1efc182b770d53726e842db71eeeab9a16ff1cad36eda0a06388	economica_patrimonial_vida		localidad	C	PUBLICABLE	27414	1793	0.1823666225912435	0.17543458995060818	0.18955009325549824	0.0038609962832116406	10016164.0	200	
RESULT-ENDIREH2016-REST-TABLA	CALC-ENDIREH-PISOS-2016-RESTANTES-0001	15bc446bc8dc1efc182b770d53726e842db71eeeab9a16ff1cad36eda0a06388	economica_patrimonial_vida		localidad	R	PUBLICABLE	25862	1647	0.15705183340554169	0.15034975368372866	0.1635059168288792	0.00350994257391887	9080206.0	200	
RESULT-ENDIREH2016-REST-TABLA	CALC-ENDIREH-PISOS-2016-RESTANTES-0001	15bc446bc8dc1efc182b770d53726e842db71eeeab9a16ff1cad36eda0a06388	economica_patrimonial_vida		pareja	A1	PUBLICABLE	70749	17108	0.17157105276212828	0.16752757021022133	0.17667551103042348	0.0021213414941390458	25680958.0	200	
RESULT-ENDIREH2016-REST-TABLA	CALC-ENDIREH-PISOS-2016-RESTANTES-0001	15bc446bc8dc1efc182b770d53726e842db71eeeab9a16ff1cad36eda0a06388	economica_patrimonial_vida		pareja	A2	PUBLICABLE	2105	1748	0.23986227441450253	0.21535695718671732	0.26641201994113267	0.013566606100729371	885529.0	200	
RESULT-ENDIREH2016-REST-TABLA	CALC-ENDIREH-PISOS-2016-RESTANTES-0001	15bc446bc8dc1efc182b770d53726e842db71eeeab9a16ff1cad36eda0a06388	economica_patrimonial_vida		pareja	B1	PUBLICABLE	11241	7830	0.4631981246804876	0.447997071097936	0.4766106390641646	0.007507597840878212	5038928.0	200	
RESULT-ENDIREH2016-REST-TABLA	CALC-ENDIREH-PISOS-2016-RESTANTES-0001	15bc446bc8dc1efc182b770d53726e842db71eeeab9a16ff1cad36eda0a06388	economica_patrimonial_vida		pareja	B2	PUBLICABLE	8348	5837	0.2344670235152166	0.21902661159328937	0.25004834264283227	0.0075018527606580355	3457676.0	200	
RESULT-ENDIREH2016-REST-TABLA	CALC-ENDIREH-PISOS-2016-RESTANTES-0001	15bc446bc8dc1efc182b770d53726e842db71eeeab9a16ff1cad36eda0a06388	economica_patrimonial_vida		pareja	C1	PUBLICABLE	13640	9155	0.003016150207307767	0.0021651198885805647	0.004123338449445138	0.0005319645497777632	8323856.0	200	
RESULT-ENDIREH2016-REST-TABLA	CALC-ENDIREH-PISOS-2016-RESTANTES-0001	15bc446bc8dc1efc182b770d53726e842db71eeeab9a16ff1cad36eda0a06388	economica_patrimonial_vida		entidad	01	PUBLICABLE	3378	665	0.22313631575590845	0.20659882178572542	0.2393591546443095	0.007963967654563977	454731.0	200	
RESULT-ENDIREH2016-REST-TABLA	CALC-ENDIREH-PISOS-2016-RESTANTES-0001	15bc446bc8dc1efc182b770d53726e842db71eeeab9a16ff1cad36eda0a06388	economica_patrimonial_vida		entidad	02	PUBLICABLE	3013	715	0.12237763399144368	0.10793901467930846	0.13587827045311612	0.007029225213628517	1204256.0	200	
RESULT-ENDIREH2016-REST-TABLA	CALC-ENDIREH-PISOS-2016-RESTANTES-0001	15bc446bc8dc1efc182b770d53726e842db71eeeab9a16ff1cad36eda0a06388	economica_patrimonial_vida		entidad	03	PUBLICABLE	3014	447	0.13842473007672906	0.1243775812970044	0.15600835650545308	0.0081454614751722	262482.0	200	
RESULT-ENDIREH2016-REST-TABLA	CALC-ENDIREH-PISOS-2016-RESTANTES-0001	15bc446bc8dc1efc182b770d53726e842db71eeeab9a16ff1cad36eda0a06388	economica_patrimonial_vida		entidad	04	PUBLICABLE	3257	554	0.12532396099416404	0.1118488830043664	0.13965789925386754	0.007270062630888539	321798.0	200	
RESULT-ENDIREH2016-REST-TABLA	CALC-ENDIREH-PISOS-2016-RESTANTES-0001	15bc446bc8dc1efc182b770d53726e842db71eeeab9a16ff1cad36eda0a06388	economica_patrimonial_vida		entidad	05	PUBLICABLE	3373	699	0.18612062874638183	0.17103679840765665	0.200643855757285	0.007784640768469279	1053016.0	200	
RESULT-ENDIREH2016-REST-TABLA	CALC-ENDIREH-PISOS-2016-RESTANTES-0001	15bc446bc8dc1efc182b770d53726e842db71eeeab9a16ff1cad36eda0a06388	economica_patrimonial_vida		entidad	06	PUBLICABLE	3208	620	0.16965015763632976	0.15102109338580338	0.18709551084294304	0.00864228392048873	262947.0	200	
RESULT-ENDIREH2016-REST-TABLA	CALC-ENDIREH-PISOS-2016-RESTANTES-0001	15bc446bc8dc1efc182b770d53726e842db71eeeab9a16ff1cad36eda0a06388	economica_patrimonial_vida		entidad	07	PUBLICABLE	3510	369	0.13006690523798287	0.12076427149560788	0.14239629757027747	0.005887954615596929	1690899.0	200	
RESULT-ENDIREH2016-REST-TABLA	CALC-ENDIREH-PISOS-2016-RESTANTES-0001	15bc446bc8dc1efc182b770d53726e842db71eeeab9a16ff1cad36eda0a06388	economica_patrimonial_vida		entidad	08	PUBLICABLE	3002	690	0.15780270570727686	0.14248144330483234	0.1731326670225459	0.008225542443261673	1301619.0	200	
RESULT-ENDIREH2016-REST-TABLA	CALC-ENDIREH-PISOS-2016-RESTANTES-0001	15bc446bc8dc1efc182b770d53726e842db71eeeab9a16ff1cad36eda0a06388	economica_patrimonial_vida		entidad	09	PUBLICABLE	3443	877	0.20198333008328115	0.18566038759481815	0.2138564573981703	0.007434902168781997	3507636.0	200	
RESULT-ENDIREH2016-REST-TABLA	CALC-ENDIREH-PISOS-2016-RESTANTES-0001	15bc446bc8dc1efc182b770d53726e842db71eeeab9a16ff1cad36eda0a06388	economica_patrimonial_vida		entidad	10	PUBLICABLE	3154	568	0.18988401677231376	0.174448926588373	0.20369817821734024	0.007623013343626348	619831.0	200	
RESULT-ENDIREH2016-REST-TABLA	CALC-ENDIREH-PISOS-2016-RESTANTES-0001	15bc446bc8dc1efc182b770d53726e842db71eeeab9a16ff1cad36eda0a06388	economica_patrimonial_vida		entidad	11	PUBLICABLE	3336	513	0.1600487389224658	0.1458749960306138	0.17378601496463442	0.007651426932665702	2019741.0	200	
RESULT-ENDIREH2016-REST-TABLA	CALC-ENDIREH-PISOS-2016-RESTANTES-0001	15bc446bc8dc1efc182b770d53726e842db71eeeab9a16ff1cad36eda0a06388	economica_patrimonial_vida		entidad	12	PUBLICABLE	3226	424	0.19889640796624578	0.1808823959403758	0.21467173307211332	0.008684686506004735	1212767.0	200	
RESULT-ENDIREH2016-REST-TABLA	CALC-ENDIREH-PISOS-2016-RESTANTES-0001	15bc446bc8dc1efc182b770d53726e842db71eeeab9a16ff1cad36eda0a06388	economica_patrimonial_vida		entidad	13	PUBLICABLE	3401	349	0.18419193128037786	0.1686413964528659	0.19952088530943154	0.008185644686730865	1048667.0	200	
RESULT-ENDIREH2016-REST-TABLA	CALC-ENDIREH-PISOS-2016-RESTANTES-0001	15bc446bc8dc1efc182b770d53726e842db71eeeab9a16ff1cad36eda0a06388	economica_patrimonial_vida		entidad	14	PUBLICABLE	3329	579	0.2069232787904493	0.19183906819370222	0.22133480311816042	0.00830881382979525	2869363.0	200	
RESULT-ENDIREH2016-REST-TABLA	CALC-ENDIREH-PISOS-2016-RESTANTES-0001	15bc446bc8dc1efc182b770d53726e842db71eeeab9a16ff1cad36eda0a06388	economica_patrimonial_vida		entidad	15	PUBLICABLE	3386	711	0.20926325928188994	0.1963639708026678	0.2246878993162115	0.008042414021036285	6304131.0	200	
RESULT-ENDIREH2016-REST-TABLA	CALC-ENDIREH-PISOS-2016-RESTANTES-0001	15bc446bc8dc1efc182b770d53726e842db71eeeab9a16ff1cad36eda0a06388	economica_patrimonial_vida		entidad	16	PUBLICABLE	3392	390	0.18490263632027323	0.16838268716840032	0.1985612746794699	0.007648019648414086	1618468.0	200	
RESULT-ENDIREH2016-REST-TABLA	CALC-ENDIREH-PISOS-2016-RESTANTES-0001	15bc446bc8dc1efc182b770d53726e842db71eeeab9a16ff1cad36eda0a06388	economica_patrimonial_vida		entidad	17	PUBLICABLE	3169	572	0.19432068428680366	0.17977433935098633	0.20884046327556227	0.007580135540173963	725193.0	200	
RESULT-ENDIREH2016-REST-TABLA	CALC-ENDIREH-PISOS-2016-RESTANTES-0001	15bc446bc8dc1efc182b770d53726e842db71eeeab9a16ff1cad36eda0a06388	economica_patrimonial_vida		entidad	18	PUBLICABLE	3434	444	0.15890604042103348	0.14489357841211808	0.17459849405296177	0.007775363129885196	439870.0	200	
RESULT-ENDIREH2016-REST-TABLA	CALC-ENDIREH-PISOS-2016-RESTANTES-0001	15bc446bc8dc1efc182b770d53726e842db71eeeab9a16ff1cad36eda0a06388	economica_patrimonial_vida		entidad	19	PUBLICABLE	3177	738	0.11506434854886749	0.10236579893877393	0.12991058610721734	0.0068491270600916	1804625.0	200	
RESULT-ENDIREH2016-REST-TABLA	CALC-ENDIREH-PISOS-2016-RESTANTES-0001	15bc446bc8dc1efc182b770d53726e842db71eeeab9a16ff1cad36eda0a06388	economica_patrimonial_vida		entidad	20	PUBLICABLE	3508	331	0.19652147352569294	0.17913431528923054	0.2162690203370472	0.009299860026927955	1407780.0	200	
RESULT-ENDIREH2016-REST-TABLA	CALC-ENDIREH-PISOS-2016-RESTANTES-0001	15bc446bc8dc1efc182b770d53726e842db71eeeab9a16ff1cad36eda0a06388	economica_patrimonial_vida		entidad	21	PUBLICABLE	4492	686	0.1981930165446767	0.18401746079502293	0.21208082544581405	0.00774303576579491	2206329.0	200	
RESULT-ENDIREH2016-REST-TABLA	CALC-ENDIREH-PISOS-2016-RESTANTES-0001	15bc446bc8dc1efc182b770d53726e842db71eeeab9a16ff1cad36eda0a06388	economica_patrimonial_vida		entidad	22	PUBLICABLE	3338	573	0.18609878472749564	0.17065568893576918	0.1997356849218759	0.0076924233016979066	724282.0	200	
RESULT-ENDIREH2016-REST-TABLA	CALC-ENDIREH-PISOS-2016-RESTANTES-0001	15bc446bc8dc1efc182b770d53726e842db71eeeab9a16ff1cad36eda0a06388	economica_patrimonial_vida		entidad	23	PUBLICABLE	2868	691	0.18147163668582966	0.16695657723395152	0.19606336723006954	0.00803403561885576	533841.0	200	
RESULT-ENDIREH2016-REST-TABLA	CALC-ENDIREH-PISOS-2016-RESTANTES-0001	15bc446bc8dc1efc182b770d53726e842db71eeeab9a16ff1cad36eda0a06388	economica_patrimonial_vida		entidad	24	PUBLICABLE	3314	513	0.17188061168553767	0.15711986620478688	0.1884590131791685	0.00830330212474209	952254.0	200	
RESULT-ENDIREH2016-REST-TABLA	CALC-ENDIREH-PISOS-2016-RESTANTES-0001	15bc446bc8dc1efc182b770d53726e842db71eeeab9a16ff1cad36eda0a06388	economica_patrimonial_vida		entidad	25	PUBLICABLE	3449	546	0.13570065131454168	0.12331788713780768	0.1470840762521856	0.006164668110325203	1070297.0	200	
RESULT-ENDIREH2016-REST-TABLA	CALC-ENDIREH-PISOS-2016-RESTANTES-0001	15bc446bc8dc1efc182b770d53726e842db71eeeab9a16ff1cad36eda0a06388	economica_patrimonial_vida		entidad	26	PUBLICABLE	3205	628	0.14735922031370496	0.13384781753408925	0.1585379380465854	0.006702202068583706	1020513.0	200	
RESULT-ENDIREH2016-REST-TABLA	CALC-ENDIREH-PISOS-2016-RESTANTES-0001	15bc446bc8dc1efc182b770d53726e842db71eeeab9a16ff1cad36eda0a06388	economica_patrimonial_vida		entidad	27	PUBLICABLE	3361	341	0.15992429853526582	0.1452729017425337	0.17349403869082078	0.007706329129710908	807382.0	200	
RESULT-ENDIREH2016-REST-TABLA	CALC-ENDIREH-PISOS-2016-RESTANTES-0001	15bc446bc8dc1efc182b770d53726e842db71eeeab9a16ff1cad36eda0a06388	economica_patrimonial_vida		entidad	28	PUBLICABLE	3044	698	0.1297077730944027	0.11659528950958996	0.14280982989252405	0.006719138686240999	1274010.0	200	
RESULT-ENDIREH2016-REST-TABLA	CALC-ENDIREH-PISOS-2016-RESTANTES-0001	15bc446bc8dc1efc182b770d53726e842db71eeeab9a16ff1cad36eda0a06388	economica_patrimonial_vida		entidad	29	PUBLICABLE	3408	595	0.18470082796847986	0.16994466799128888	0.20012645869558415	0.008316381700712305	460404.0	200	
RESULT-ENDIREH2016-REST-TABLA	CALC-ENDIREH-PISOS-2016-RESTANTES-0001	15bc446bc8dc1efc182b770d53726e842db71eeeab9a16ff1cad36eda0a06388	economica_patrimonial_vida		entidad	30	PUBLICABLE	3234	434	0.1875802036876376	0.17491196575033321	0.20099154172981226	0.007309738151952722	2901207.0	200	
RESULT-ENDIREH2016-REST-TABLA	CALC-ENDIREH-PISOS-2016-RESTANTES-0001	15bc446bc8dc1efc182b770d53726e842db71eeeab9a16ff1cad36eda0a06388	economica_patrimonial_vida		entidad	31	PUBLICABLE	3117	554	0.20526775793201396	0.18903404858161893	0.2195175997363696	0.008574626874700463	750566.0	200	
RESULT-ENDIREH2016-REST-TABLA	CALC-ENDIREH-PISOS-2016-RESTANTES-0001	15bc446bc8dc1efc182b770d53726e842db71eeeab9a16ff1cad36eda0a06388	economica_patrimonial_vida		entidad	32	PUBLICABLE	3543	387	0.17956916923541746	0.16656344758804587	0.1900687555660131	0.0062660983140964775	556042.0	200	
RESULT-ENDIREH2016-REST-TABLA	CALC-ENDIREH-PISOS-2016-RESTANTES-0001	15bc446bc8dc1efc182b770d53726e842db71eeeab9a16ff1cad36eda0a06388	economica_patrimonial_reciente		nacional	MX	PUBLICABLE	106082	17901	0.08832788514064921	0.08623813882395705	0.09057037824774247	0.0012831179919487372	43386559.0	200	
RESULT-ENDIREH2016-REST-TABLA	CALC-ENDIREH-PISOS-2016-RESTANTES-0001	15bc446bc8dc1efc182b770d53726e842db71eeeab9a16ff1cad36eda0a06388	economica_patrimonial_reciente		edad	15-29	PUBLICABLE	27481	12413	0.0804743216276973	0.0763648890918019	0.08496632560316443	0.002118039203715441	12871435.0	200	
RESULT-ENDIREH2016-REST-TABLA	CALC-ENDIREH-PISOS-2016-RESTANTES-0001	15bc446bc8dc1efc182b770d53726e842db71eeeab9a16ff1cad36eda0a06388	economica_patrimonial_reciente		edad	30-44	PUBLICABLE	35778	13993	0.11136840326829657	0.10611559153392915	0.11742451905948009	0.002824723041660922	13423996.0	200	
RESULT-ENDIREH2016-REST-TABLA	CALC-ENDIREH-PISOS-2016-RESTANTES-0001	15bc446bc8dc1efc182b770d53726e842db71eeeab9a16ff1cad36eda0a06388	economica_patrimonial_reciente		edad	45-59	PUBLICABLE	24704	12267	0.09291418469410026	0.08758271417065122	0.09840483336019407	0.002786538288159208	10158083.0	200	
RESULT-ENDIREH2016-REST-TABLA	CALC-ENDIREH-PISOS-2016-RESTANTES-0001	15bc446bc8dc1efc182b770d53726e842db71eeeab9a16ff1cad36eda0a06388	economica_patrimonial_reciente		edad	60+	PUBLICABLE	18119	9495	0.051576760283540635	0.046524489500822545	0.05698231386921613	0.0025564572884446283	6933045.0	200	
RESULT-ENDIREH2016-REST-TABLA	CALC-ENDIREH-PISOS-2016-RESTANTES-0001	15bc446bc8dc1efc182b770d53726e842db71eeeab9a16ff1cad36eda0a06388	economica_patrimonial_reciente		escolaridad	ninguno	PUBLICABLE	7560	4097	0.06494947785687599	0.056922159729007785	0.07319317128985374	0.004051417827107653	2984335.0	200	
RESULT-ENDIREH2016-REST-TABLA	CALC-ENDIREH-PISOS-2016-RESTANTES-0001	15bc446bc8dc1efc182b770d53726e842db71eeeab9a16ff1cad36eda0a06388	economica_patrimonial_reciente		escolaridad	basica	PUBLICABLE	62106	15659	0.09925289099354055	0.09572773600582386	0.102916559174352	0.0018315783823107195	24356419.0	200	
RESULT-ENDIREH2016-REST-TABLA	CALC-ENDIREH-PISOS-2016-RESTANTES-0001	15bc446bc8dc1efc182b770d53726e842db71eeeab9a16ff1cad36eda0a06388	economica_patrimonial_reciente		escolaridad	media_superior	PUBLICABLE	19907	11280	0.08767522937197084	0.08192158660710064	0.09332793269126499	0.0031342905585114793	8803604.0	200	
RESULT-ENDIREH2016-REST-TABLA	CALC-ENDIREH-PISOS-2016-RESTANTES-0001	15bc446bc8dc1efc182b770d53726e842db71eeeab9a16ff1cad36eda0a06388	economica_patrimonial_reciente		escolaridad	superior	PUBLICABLE	16504	9741	0.06200324068709858	0.05658047021958918	0.06707047519056436	0.002699836586357853	7241057.0	200	
RESULT-ENDIREH2016-REST-TABLA	CALC-ENDIREH-PISOS-2016-RESTANTES-0001	15bc446bc8dc1efc182b770d53726e842db71eeeab9a16ff1cad36eda0a06388	economica_patrimonial_reciente		localidad	U	PUBLICABLE	52807	14461	0.08976065080710104	0.08647522896759408	0.0935265964442988	0.0019222480174079172	24290577.0	200	
RESULT-ENDIREH2016-REST-TABLA	CALC-ENDIREH-PISOS-2016-RESTANTES-0001	15bc446bc8dc1efc182b770d53726e842db71eeeab9a16ff1cad36eda0a06388	economica_patrimonial_reciente		localidad	C	PUBLICABLE	27413	1793	0.09090528781793843	0.08538613962538527	0.09563693015875586	0.002691596352212353	10015776.0	200	
RESULT-ENDIREH2016-REST-TABLA	CALC-ENDIREH-PISOS-2016-RESTANTES-0001	15bc446bc8dc1efc182b770d53726e842db71eeeab9a16ff1cad36eda0a06388	economica_patrimonial_reciente		localidad	R	PUBLICABLE	25862	1647	0.0816521122978928	0.07668242525298972	0.087599853020281	0.002861322072889612	9080206.0	200	
RESULT-ENDIREH2016-REST-TABLA	CALC-ENDIREH-PISOS-2016-RESTANTES-0001	15bc446bc8dc1efc182b770d53726e842db71eeeab9a16ff1cad36eda0a06388	economica_patrimonial_reciente		pareja	A1	PUBLICABLE	70748	17108	0.1230365603255691	0.11970946643288742	0.12679239972459896	0.0018743003539303002	25680570.0	200	
RESULT-ENDIREH2016-REST-TABLA	CALC-ENDIREH-PISOS-2016-RESTANTES-0001	15bc446bc8dc1efc182b770d53726e842db71eeeab9a16ff1cad36eda0a06388	economica_patrimonial_reciente		pareja	A2	PUBLICABLE	2105	1748	0.17714383154024319	0.1555351380421473	0.19945768917592083	0.011727963905094486	885529.0	200	
RESULT-ENDIREH2016-REST-TABLA	CALC-ENDIREH-PISOS-2016-RESTANTES-0001	15bc446bc8dc1efc182b770d53726e842db71eeeab9a16ff1cad36eda0a06388	economica_patrimonial_reciente		pareja	B1	PUBLICABLE	11241	7830	0.09448557312190212	0.08665438634401304	0.10256865470465926	0.0042729071840817805	5038928.0	200	
RESULT-ENDIREH2016-REST-TABLA	CALC-ENDIREH-PISOS-2016-RESTANTES-0001	15bc446bc8dc1efc182b770d53726e842db71eeeab9a16ff1cad36eda0a06388	economica_patrimonial_reciente		pareja	B2	PUBLICABLE	8348	5837	0.008884291067179226	0.006269978511460188	0.011360902552197969	0.0012829084639365265	3457676.0	200	
RESULT-ENDIREH2016-REST-TABLA	CALC-ENDIREH-PISOS-2016-RESTANTES-0001	15bc446bc8dc1efc182b770d53726e842db71eeeab9a16ff1cad36eda0a06388	economica_patrimonial_reciente		pareja	C1	PUBLICABLE	13640	9155	0.0010695764078571277	0.0005642797060848368	0.0016644874356161895	0.00030395306045930643	8323856.0	200	
RESULT-ENDIREH2016-REST-TABLA	CALC-ENDIREH-PISOS-2016-RESTANTES-0001	15bc446bc8dc1efc182b770d53726e842db71eeeab9a16ff1cad36eda0a06388	economica_patrimonial_reciente		entidad	01	PUBLICABLE	3378	665	0.13054531140388492	0.11893289413752962	0.1405169147913045	0.005957931071164224	454731.0	200	
RESULT-ENDIREH2016-REST-TABLA	CALC-ENDIREH-PISOS-2016-RESTANTES-0001	15bc446bc8dc1efc182b770d53726e842db71eeeab9a16ff1cad36eda0a06388	economica_patrimonial_reciente		entidad	02	PUBLICABLE	3013	715	0.058879507347275	0.05100065456395809	0.06699693706461848	0.004601158539634493	1204256.0	200	
RESULT-ENDIREH2016-REST-TABLA	CALC-ENDIREH-PISOS-2016-RESTANTES-0001	15bc446bc8dc1efc182b770d53726e842db71eeeab9a16ff1cad36eda0a06388	economica_patrimonial_reciente		entidad	03	PUBLICABLE	3014	447	0.06529209621993128	0.057574917388989365	0.07449797324028716	0.004779534968746999	262482.0	200	
RESULT-ENDIREH2016-REST-TABLA	CALC-ENDIREH-PISOS-2016-RESTANTES-0001	15bc446bc8dc1efc182b770d53726e842db71eeeab9a16ff1cad36eda0a06388	economica_patrimonial_reciente		entidad	04	PUBLICABLE	3257	554	0.06848706331301002	0.05565155028408571	0.07830735638610851	0.005745864212651949	321798.0	200	
RESULT-ENDIREH2016-REST-TABLA	CALC-ENDIREH-PISOS-2016-RESTANTES-0001	15bc446bc8dc1efc182b770d53726e842db71eeeab9a16ff1cad36eda0a06388	economica_patrimonial_reciente		entidad	05	PUBLICABLE	3373	699	0.10422443723552159	0.09326015645328146	0.11685985017052358	0.006185820961847706	1053016.0	200	
RESULT-ENDIREH2016-REST-TABLA	CALC-ENDIREH-PISOS-2016-RESTANTES-0001	15bc446bc8dc1efc182b770d53726e842db71eeeab9a16ff1cad36eda0a06388	economica_patrimonial_reciente		entidad	06	PUBLICABLE	3208	620	0.08789603988636494	0.07622709412751112	0.09970808472421495	0.00576236909356197	262947.0	200	
RESULT-ENDIREH2016-REST-TABLA	CALC-ENDIREH-PISOS-2016-RESTANTES-0001	15bc446bc8dc1efc182b770d53726e842db71eeeab9a16ff1cad36eda0a06388	economica_patrimonial_reciente		entidad	07	PUBLICABLE	3510	369	0.054968392553310395	0.04668412840520444	0.06402763927014386	0.004636762883489296	1690899.0	200	
RESULT-ENDIREH2016-REST-TABLA	CALC-ENDIREH-PISOS-2016-RESTANTES-0001	15bc446bc8dc1efc182b770d53726e842db71eeeab9a16ff1cad36eda0a06388	economica_patrimonial_reciente		entidad	08	PUBLICABLE	3002	690	0.08860119589526581	0.07694363125658805	0.10087420073264515	0.006388494566761945	1301619.0	200	
RESULT-ENDIREH2016-REST-TABLA	CALC-ENDIREH-PISOS-2016-RESTANTES-0001	15bc446bc8dc1efc182b770d53726e842db71eeeab9a16ff1cad36eda0a06388	economica_patrimonial_reciente		entidad	09	PUBLICABLE	3443	877	0.08656057812156108	0.07657243281836194	0.09974121348035919	0.006086998374632935	3507636.0	200	
RESULT-ENDIREH2016-REST-TABLA	CALC-ENDIREH-PISOS-2016-RESTANTES-0001	15bc446bc8dc1efc182b770d53726e842db71eeeab9a16ff1cad36eda0a06388	economica_patrimonial_reciente		entidad	10	PUBLICABLE	3154	568	0.10016439965087258	0.08960808431598774	0.11227500193197838	0.00559348367125555	619831.0	200	
RESULT-ENDIREH2016-REST-TABLA	CALC-ENDIREH-PISOS-2016-RESTANTES-0001	15bc446bc8dc1efc182b770d53726e842db71eeeab9a16ff1cad36eda0a06388	economica_patrimonial_reciente		entidad	11	PUBLICABLE	3336	513	0.08422020447176148	0.073150634844034	0.09480895538790539	0.005963463720706493	2019741.0	200	
RESULT-ENDIREH2016-REST-TABLA	CALC-ENDIREH-PISOS-2016-RESTANTES-0001	15bc446bc8dc1efc182b770d53726e842db71eeeab9a16ff1cad36eda0a06388	economica_patrimonial_reciente		entidad	12	PUBLICABLE	3226	424	0.08633232929326078	0.07577633217952714	0.09714218489892774	0.005580310019415629	1212767.0	200	
RESULT-ENDIREH2016-REST-TABLA	CALC-ENDIREH-PISOS-2016-RESTANTES-0001	15bc446bc8dc1efc182b770d53726e842db71eeeab9a16ff1cad36eda0a06388	economica_patrimonial_reciente		entidad	13	PUBLICABLE	3400	349	0.08760072461625197	0.07743863010723583	0.0980273521268592	0.005441894325458925	1048279.0	200	
RESULT-ENDIREH2016-REST-TABLA	CALC-ENDIREH-PISOS-2016-RESTANTES-0001	15bc446bc8dc1efc182b770d53726e842db71eeeab9a16ff1cad36eda0a06388	economica_patrimonial_reciente		entidad	14	PUBLICABLE	3329	579	0.11368585989294488	0.102940725352539	0.12489790614081457	0.00587243438001696	2869363.0	200	
RESULT-ENDIREH2016-REST-TABLA	CALC-ENDIREH-PISOS-2016-RESTANTES-0001	15bc446bc8dc1efc182b770d53726e842db71eeeab9a16ff1cad36eda0a06388	economica_patrimonial_reciente		entidad	15	PUBLICABLE	3386	711	0.10199597692370288	0.0892469748624531	0.11356905676456755	0.006016998883119184	6304131.0	200	
RESULT-ENDIREH2016-REST-TABLA	CALC-ENDIREH-PISOS-2016-RESTANTES-0001	15bc446bc8dc1efc182b770d53726e842db71eeeab9a16ff1cad36eda0a06388	economica_patrimonial_reciente		entidad	16	PUBLICABLE	3392	390	0.08880991159540998	0.07791082367466605	0.10111403211793546	0.006292238569991764	1618468.0	200	
RESULT-ENDIREH2016-REST-TABLA	CALC-ENDIREH-PISOS-2016-RESTANTES-0001	15bc446bc8dc1efc182b770d53726e842db71eeeab9a16ff1cad36eda0a06388	economica_patrimonial_reciente		entidad	17	PUBLICABLE	3169	572	0.08723470855344716	0.07704731999774814	0.09985585983372679	0.006161553480412122	725193.0	200	
RESULT-ENDIREH2016-REST-TABLA	CALC-ENDIREH-PISOS-2016-RESTANTES-0001	15bc446bc8dc1efc182b770d53726e842db71eeeab9a16ff1cad36eda0a06388	economica_patrimonial_reciente		entidad	18	PUBLICABLE	3434	444	0.09063359628981289	0.07918447190401504	0.10318179237988187	0.006046445867381342	439870.0	200	
RESULT-ENDIREH2016-REST-TABLA	CALC-ENDIREH-PISOS-2016-RESTANTES-0001	15bc446bc8dc1efc182b770d53726e842db71eeeab9a16ff1cad36eda0a06388	economica_patrimonial_reciente		entidad	19	PUBLICABLE	3177	738	0.06216582392463808	0.053519158212302624	0.07185764405881645	0.004678570687685351	1804625.0	200	
RESULT-ENDIREH2016-REST-TABLA	CALC-ENDIREH-PISOS-2016-RESTANTES-0001	15bc446bc8dc1efc182b770d53726e842db71eeeab9a16ff1cad36eda0a06388	economica_patrimonial_reciente		entidad	20	PUBLICABLE	3508	331	0.09055179076276122	0.08075876565000766	0.10057493245888721	0.005178341488399188	1407780.0	200	
RESULT-ENDIREH2016-REST-TABLA	CALC-ENDIREH-PISOS-2016-RESTANTES-0001	15bc446bc8dc1efc182b770d53726e842db71eeeab9a16ff1cad36eda0a06388	economica_patrimonial_reciente		entidad	21	PUBLICABLE	4492	686	0.08925550087951525	0.0766324222953816	0.0986668401858009	0.005439816645637031	2206329.0	200	
RESULT-ENDIREH2016-REST-TABLA	CALC-ENDIREH-PISOS-2016-RESTANTES-0001	15bc446bc8dc1efc182b770d53726e842db71eeeab9a16ff1cad36eda0a06388	economica_patrimonial_reciente		entidad	22	PUBLICABLE	3338	573	0.09216851999635502	0.08163094239771564	0.10337170681725691	0.005498268918865338	724282.0	200	
RESULT-ENDIREH2016-REST-TABLA	CALC-ENDIREH-PISOS-2016-RESTANTES-0001	15bc446bc8dc1efc182b770d53726e842db71eeeab9a16ff1cad36eda0a06388	economica_patrimonial_reciente		entidad	23	PUBLICABLE	2868	691	0.09307452968205888	0.08200767167972477	0.10355848836964174	0.005513150292445419	533841.0	200	
RESULT-ENDIREH2016-REST-TABLA	CALC-ENDIREH-PISOS-2016-RESTANTES-0001	15bc446bc8dc1efc182b770d53726e842db71eeeab9a16ff1cad36eda0a06388	economica_patrimonial_reciente		entidad	24	PUBLICABLE	3314	513	0.08943832212833971	0.07747657223283787	0.10093802848905856	0.006338868508090509	952254.0	200	
RESULT-ENDIREH2016-REST-TABLA	CALC-ENDIREH-PISOS-2016-RESTANTES-0001	15bc446bc8dc1efc182b770d53726e842db71eeeab9a16ff1cad36eda0a06388	economica_patrimonial_reciente		entidad	25	PUBLICABLE	3449	546	0.06947604263115752	0.06066230396100502	0.07982275603493581	0.0053741711047550645	1070297.0	200	
RESULT-ENDIREH2016-REST-TABLA	CALC-ENDIREH-PISOS-2016-RESTANTES-0001	15bc446bc8dc1efc182b770d53726e842db71eeeab9a16ff1cad36eda0a06388	economica_patrimonial_reciente		entidad	26	PUBLICABLE	3205	628	0.08652119081285589	0.07567293467123416	0.09792787867273828	0.005625988500805814	1020513.0	200	
RESULT-ENDIREH2016-REST-TABLA	CALC-ENDIREH-PISOS-2016-RESTANTES-0001	15bc446bc8dc1efc182b770d53726e842db71eeeab9a16ff1cad36eda0a06388	economica_patrimonial_reciente		entidad	27	PUBLICABLE	3361	341	0.07384980096162659	0.06485525478025655	0.08554971884769683	0.005210097091151291	807382.0	200	
RESULT-ENDIREH2016-REST-TABLA	CALC-ENDIREH-PISOS-2016-RESTANTES-0001	15bc446bc8dc1efc182b770d53726e842db71eeeab9a16ff1cad36eda0a06388	economica_patrimonial_reciente		entidad	28	PUBLICABLE	3044	698	0.06309840582099041	0.055243957388040055	0.07395240548549627	0.004783900274019415	1274010.0	200	
RESULT-ENDIREH2016-REST-TABLA	CALC-ENDIREH-PISOS-2016-RESTANTES-0001	15bc446bc8dc1efc182b770d53726e842db71eeeab9a16ff1cad36eda0a06388	economica_patrimonial_reciente		entidad	29	PUBLICABLE	3408	595	0.08760566806543818	0.07885582422974069	0.09887586090930421	0.005271667390705192	460404.0	200	
RESULT-ENDIREH2016-REST-TABLA	CALC-ENDIREH-PISOS-2016-RESTANTES-0001	15bc446bc8dc1efc182b770d53726e842db71eeeab9a16ff1cad36eda0a06388	economica_patrimonial_reciente		entidad	30	PUBLICABLE	3234	434	0.08649158781155568	0.07826380305882845	0.09638791752330898	0.004919172657187374	2901207.0	200	
RESULT-ENDIREH2016-REST-TABLA	CALC-ENDIREH-PISOS-2016-RESTANTES-0001	15bc446bc8dc1efc182b770d53726e842db71eeeab9a16ff1cad36eda0a06388	economica_patrimonial_reciente		entidad	31	PUBLICABLE	3117	554	0.11008092559481777	0.09955054100569465	0.1209042860685136	0.006097333545052986	750566.0	200	
RESULT-ENDIREH2016-REST-TABLA	CALC-ENDIREH-PISOS-2016-RESTANTES-0001	15bc446bc8dc1efc182b770d53726e842db71eeeab9a16ff1cad36eda0a06388	economica_patrimonial_reciente		entidad	32	PUBLICABLE	3543	387	0.10520428312969164	0.09545081266123231	0.11482849583016139	0.0052892272111895395	556042.0	200	
RESULT-ENDIREH2016-REST-TABLA	CALC-ENDIREH-PISOS-2016-RESTANTES-0001	15bc446bc8dc1efc182b770d53726e842db71eeeab9a16ff1cad36eda0a06388	no_fisica_alguna_vida		nacional	MX	PUBLICABLE	106084	17901	0.4266113071463738	0.4223357070665895	0.43182268751296565	0.0025159115290852847	43389586.0	200	
RESULT-ENDIREH2016-REST-TABLA	CALC-ENDIREH-PISOS-2016-RESTANTES-0001	15bc446bc8dc1efc182b770d53726e842db71eeeab9a16ff1cad36eda0a06388	no_fisica_alguna_vida		edad	15-29	PUBLICABLE	27481	12413	0.4077623046692152	0.39894060391032715	0.41661266536217934	0.004361820666922047	12871435.0	200	
RESULT-ENDIREH2016-REST-TABLA	CALC-ENDIREH-PISOS-2016-RESTANTES-0001	15bc446bc8dc1efc182b770d53726e842db71eeeab9a16ff1cad36eda0a06388	no_fisica_alguna_vida		edad	30-44	PUBLICABLE	35779	13993	0.4398613001535117	0.43249717983163344	0.44754296010143196	0.00420725282513121	13424384.0	200	
RESULT-ENDIREH2016-REST-TABLA	CALC-ENDIREH-PISOS-2016-RESTANTES-0001	15bc446bc8dc1efc182b770d53726e842db71eeeab9a16ff1cad36eda0a06388	no_fisica_alguna_vida		edad	45-59	PUBLICABLE	24705	12267	0.43909960335495846	0.43017507882346845	0.44681503515765686	0.004692674652984521	10160722.0	200	
RESULT-ENDIREH2016-REST-TABLA	CALC-ENDIREH-PISOS-2016-RESTANTES-0001	15bc446bc8dc1efc182b770d53726e842db71eeeab9a16ff1cad36eda0a06388	no_fisica_alguna_vida		edad	60+	PUBLICABLE	18119	9495	0.41764708003481876	0.40552831945511186	0.4288709001680701	0.005930564986548904	6933045.0	200	
RESULT-ENDIREH2016-REST-TABLA	CALC-ENDIREH-PISOS-2016-RESTANTES-0001	15bc446bc8dc1efc182b770d53726e842db71eeeab9a16ff1cad36eda0a06388	no_fisica_alguna_vida		escolaridad	ninguno	PUBLICABLE	7560	4097	0.42272265010462967	0.4078705004572048	0.43684552962976586	0.007790688309742351	2984335.0	200	
RESULT-ENDIREH2016-REST-TABLA	CALC-ENDIREH-PISOS-2016-RESTANTES-0001	15bc446bc8dc1efc182b770d53726e842db71eeeab9a16ff1cad36eda0a06388	no_fisica_alguna_vida		escolaridad	basica	PUBLICABLE	62108	15659	0.4413188625061506	0.4343192006150444	0.4468204720414253	0.003405681695460457	24359446.0	200	
RESULT-ENDIREH2016-REST-TABLA	CALC-ENDIREH-PISOS-2016-RESTANTES-0001	15bc446bc8dc1efc182b770d53726e842db71eeeab9a16ff1cad36eda0a06388	no_fisica_alguna_vida		escolaridad	media_superior	PUBLICABLE	19907	11280	0.42037476924223305	0.41046225875190323	0.4307772698075897	0.005526225592501989	8803604.0	200	
RESULT-ENDIREH2016-REST-TABLA	CALC-ENDIREH-PISOS-2016-RESTANTES-0001	15bc446bc8dc1efc182b770d53726e842db71eeeab9a16ff1cad36eda0a06388	no_fisica_alguna_vida		escolaridad	superior	PUBLICABLE	16504	9741	0.3863670732049202	0.3754071033546882	0.39933352351323675	0.006264061399228673	7241057.0	200	
RESULT-ENDIREH2016-REST-TABLA	CALC-ENDIREH-PISOS-2016-RESTANTES-0001	15bc446bc8dc1efc182b770d53726e842db71eeeab9a16ff1cad36eda0a06388	no_fisica_alguna_vida		localidad	U	PUBLICABLE	52807	14461	0.4513964818538481	0.44527677800028204	0.4584277365367174	0.003601068308913798	24290577.0	200	
RESULT-ENDIREH2016-REST-TABLA	CALC-ENDIREH-PISOS-2016-RESTANTES-0001	15bc446bc8dc1efc182b770d53726e842db71eeeab9a16ff1cad36eda0a06388	no_fisica_alguna_vida		localidad	C	PUBLICABLE	27415	1793	0.41287976218316697	0.40279598354295076	0.4236867064676581	0.005272318477444341	10018803.0	200	
RESULT-ENDIREH2016-REST-TABLA	CALC-ENDIREH-PISOS-2016-RESTANTES-0001	15bc446bc8dc1efc182b770d53726e842db71eeeab9a16ff1cad36eda0a06388	no_fisica_alguna_vida		localidad	R	PUBLICABLE	25862	1647	0.37545910302034996	0.36593092637041663	0.38564309262256985	0.005141803387747118	9080206.0	200	
RESULT-ENDIREH2016-REST-TABLA	CALC-ENDIREH-PISOS-2016-RESTANTES-0001	15bc446bc8dc1efc182b770d53726e842db71eeeab9a16ff1cad36eda0a06388	no_fisica_alguna_vida		pareja	A1	PUBLICABLE	70749	17108	0.39997277360135863	0.3948549960346569	0.4055096587041655	0.002898879847162657	25680958.0	200	
RESULT-ENDIREH2016-REST-TABLA	CALC-ENDIREH-PISOS-2016-RESTANTES-0001	15bc446bc8dc1efc182b770d53726e842db71eeeab9a16ff1cad36eda0a06388	no_fisica_alguna_vida		pareja	A2	PUBLICABLE	2105	1748	0.45648533249616896	0.4254880062985885	0.48396349458756066	0.016602088879480763	885529.0	200	
RESULT-ENDIREH2016-REST-TABLA	CALC-ENDIREH-PISOS-2016-RESTANTES-0001	15bc446bc8dc1efc182b770d53726e842db71eeeab9a16ff1cad36eda0a06388	no_fisica_alguna_vida		pareja	B1	PUBLICABLE	11241	7830	0.682458451480156	0.6705078191428775	0.694410967608666	0.006643972277501453	5038928.0	200	
RESULT-ENDIREH2016-REST-TABLA	CALC-ENDIREH-PISOS-2016-RESTANTES-0001	15bc446bc8dc1efc182b770d53726e842db71eeeab9a16ff1cad36eda0a06388	no_fisica_alguna_vida		pareja	B2	PUBLICABLE	8349	5837	0.4279673960318642	0.41467754253761574	0.44348049773400444	0.007828742152142411	3460315.0	200	
RESULT-ENDIREH2016-REST-TABLA	CALC-ENDIREH-PISOS-2016-RESTANTES-0001	15bc446bc8dc1efc182b770d53726e842db71eeeab9a16ff1cad36eda0a06388	no_fisica_alguna_vida		pareja	C1	PUBLICABLE	13640	9155	0.35017568780622826	0.3392730396784238	0.3621537146102329	0.006113926153877696	8323856.0	200	
RESULT-ENDIREH2016-REST-TABLA	CALC-ENDIREH-PISOS-2016-RESTANTES-0001	15bc446bc8dc1efc182b770d53726e842db71eeeab9a16ff1cad36eda0a06388	no_fisica_alguna_vida		entidad	01	PUBLICABLE	3378	665	0.49329603655787707	0.47230322454164686	0.5124196885624681	0.010591279644493358	454731.0	200	
RESULT-ENDIREH2016-REST-TABLA	CALC-ENDIREH-PISOS-2016-RESTANTES-0001	15bc446bc8dc1efc182b770d53726e842db71eeeab9a16ff1cad36eda0a06388	no_fisica_alguna_vida		entidad	02	PUBLICABLE	3013	715	0.33612620572369994	0.3174122061781626	0.35355662450294556	0.009727032271427589	1204256.0	200	
RESULT-ENDIREH2016-REST-TABLA	CALC-ENDIREH-PISOS-2016-RESTANTES-0001	15bc446bc8dc1efc182b770d53726e842db71eeeab9a16ff1cad36eda0a06388	no_fisica_alguna_vida		entidad	03	PUBLICABLE	3014	447	0.3520127094429332	0.32637940752192246	0.3763670917271003	0.012691172292148719	262482.0	200	
RESULT-ENDIREH2016-REST-TABLA	CALC-ENDIREH-PISOS-2016-RESTANTES-0001	15bc446bc8dc1efc182b770d53726e842db71eeeab9a16ff1cad36eda0a06388	no_fisica_alguna_vida		entidad	04	PUBLICABLE	3257	554	0.3051479499561837	0.2854435622612218	0.3277847345207373	0.010883821453449431	321798.0	200	
RESULT-ENDIREH2016-REST-TABLA	CALC-ENDIREH-PISOS-2016-RESTANTES-0001	15bc446bc8dc1efc182b770d53726e842db71eeeab9a16ff1cad36eda0a06388	no_fisica_alguna_vida		entidad	05	PUBLICABLE	3373	699	0.4134087231343114	0.39462612932271657	0.4291650155146363	0.009668158088853546	1053016.0	200	
RESULT-ENDIREH2016-REST-TABLA	CALC-ENDIREH-PISOS-2016-RESTANTES-0001	15bc446bc8dc1efc182b770d53726e842db71eeeab9a16ff1cad36eda0a06388	no_fisica_alguna_vida		entidad	06	PUBLICABLE	3208	620	0.400905885977022	0.3787596784030359	0.42055134609986944	0.011276586995485475	262947.0	200	
RESULT-ENDIREH2016-REST-TABLA	CALC-ENDIREH-PISOS-2016-RESTANTES-0001	15bc446bc8dc1efc182b770d53726e842db71eeeab9a16ff1cad36eda0a06388	no_fisica_alguna_vida		entidad	07	PUBLICABLE	3510	369	0.32709404878706533	0.3072683829078724	0.3493779658709951	0.01074486857093323	1690899.0	200	
RESULT-ENDIREH2016-REST-TABLA	CALC-ENDIREH-PISOS-2016-RESTANTES-0001	15bc446bc8dc1efc182b770d53726e842db71eeeab9a16ff1cad36eda0a06388	no_fisica_alguna_vida		entidad	08	PUBLICABLE	3002	690	0.4214466752559697	0.399658960512819	0.4385454663176374	0.010385468352399592	1301619.0	200	
RESULT-ENDIREH2016-REST-TABLA	CALC-ENDIREH-PISOS-2016-RESTANTES-0001	15bc446bc8dc1efc182b770d53726e842db71eeeab9a16ff1cad36eda0a06388	no_fisica_alguna_vida		entidad	09	PUBLICABLE	3443	877	0.5169401842152378	0.4978178864675171	0.5389384634120735	0.010999164287398656	3507636.0	200	
RESULT-ENDIREH2016-REST-TABLA	CALC-ENDIREH-PISOS-2016-RESTANTES-0001	15bc446bc8dc1efc182b770d53726e842db71eeeab9a16ff1cad36eda0a06388	no_fisica_alguna_vida		entidad	10	PUBLICABLE	3154	568	0.4296687322834773	0.40823675238441776	0.44920229368940995	0.010644191490295286	619831.0	200	
RESULT-ENDIREH2016-REST-TABLA	CALC-ENDIREH-PISOS-2016-RESTANTES-0001	15bc446bc8dc1efc182b770d53726e842db71eeeab9a16ff1cad36eda0a06388	no_fisica_alguna_vida		entidad	11	PUBLICABLE	3336	513	0.3655300357818156	0.3417685455058471	0.386237116329503	0.011275207199760422	2019741.0	200	
RESULT-ENDIREH2016-REST-TABLA	CALC-ENDIREH-PISOS-2016-RESTANTES-0001	15bc446bc8dc1efc182b770d53726e842db71eeeab9a16ff1cad36eda0a06388	no_fisica_alguna_vida		entidad	12	PUBLICABLE	3226	424	0.41528422194865133	0.3960267620253667	0.4391707014737672	0.011456491161363717	1212767.0	200	
RESULT-ENDIREH2016-REST-TABLA	CALC-ENDIREH-PISOS-2016-RESTANTES-0001	15bc446bc8dc1efc182b770d53726e842db71eeeab9a16ff1cad36eda0a06388	no_fisica_alguna_vida		entidad	13	PUBLICABLE	3401	349	0.42497952162125824	0.40579768079092193	0.44418844487520237	0.010619269426827223	1048667.0	200	
RESULT-ENDIREH2016-REST-TABLA	CALC-ENDIREH-PISOS-2016-RESTANTES-0001	15bc446bc8dc1efc182b770d53726e842db71eeeab9a16ff1cad36eda0a06388	no_fisica_alguna_vida		entidad	14	PUBLICABLE	3330	579	0.46603588716163846	0.44437903549788216	0.48798950444680855	0.011559934132964146	2872002.0	200	
RESULT-ENDIREH2016-REST-TABLA	CALC-ENDIREH-PISOS-2016-RESTANTES-0001	15bc446bc8dc1efc182b770d53726e842db71eeeab9a16ff1cad36eda0a06388	no_fisica_alguna_vida		entidad	15	PUBLICABLE	3386	711	0.5225836836195187	0.5019638225625184	0.5472655111540646	0.011312798525113724	6304131.0	200	
RESULT-ENDIREH2016-REST-TABLA	CALC-ENDIREH-PISOS-2016-RESTANTES-0001	15bc446bc8dc1efc182b770d53726e842db71eeeab9a16ff1cad36eda0a06388	no_fisica_alguna_vida		entidad	16	PUBLICABLE	3392	390	0.4460063467427221	0.42085494260462447	0.47086270548455156	0.012810819842706959	1618468.0	200	
RESULT-ENDIREH2016-REST-TABLA	CALC-ENDIREH-PISOS-2016-RESTANTES-0001	15bc446bc8dc1efc182b770d53726e842db71eeeab9a16ff1cad36eda0a06388	no_fisica_alguna_vida		entidad	17	PUBLICABLE	3169	572	0.4300303505411663	0.40954111821597566	0.45050772085572455	0.010940682446416905	725193.0	200	
RESULT-ENDIREH2016-REST-TABLA	CALC-ENDIREH-PISOS-2016-RESTANTES-0001	15bc446bc8dc1efc182b770d53726e842db71eeeab9a16ff1cad36eda0a06388	no_fisica_alguna_vida		entidad	18	PUBLICABLE	3434	444	0.3718621410871394	0.34929129813937326	0.39326771956464684	0.011295776426936185	439870.0	200	
RESULT-ENDIREH2016-REST-TABLA	CALC-ENDIREH-PISOS-2016-RESTANTES-0001	15bc446bc8dc1efc182b770d53726e842db71eeeab9a16ff1cad36eda0a06388	no_fisica_alguna_vida		entidad	19	PUBLICABLE	3177	738	0.30771102029507513	0.2879626391381966	0.3279385965329439	0.0098495711659383	1804625.0	200	
RESULT-ENDIREH2016-REST-TABLA	CALC-ENDIREH-PISOS-2016-RESTANTES-0001	15bc446bc8dc1efc182b770d53726e842db71eeeab9a16ff1cad36eda0a06388	no_fisica_alguna_vida		entidad	20	PUBLICABLE	3508	331	0.44211879697111767	0.41748019663020314	0.4602939097225829	0.011309912375439135	1407780.0	200	
RESULT-ENDIREH2016-REST-TABLA	CALC-ENDIREH-PISOS-2016-RESTANTES-0001	15bc446bc8dc1efc182b770d53726e842db71eeeab9a16ff1cad36eda0a06388	no_fisica_alguna_vida		entidad	21	PUBLICABLE	4492	686	0.4291037284104048	0.4116720744357001	0.45388710419111716	0.011015205508492184	2206329.0	200	
RESULT-ENDIREH2016-REST-TABLA	CALC-ENDIREH-PISOS-2016-RESTANTES-0001	15bc446bc8dc1efc182b770d53726e842db71eeeab9a16ff1cad36eda0a06388	no_fisica_alguna_vida		entidad	22	PUBLICABLE	3338	573	0.43625687232321114	0.4144141834708308	0.45458818604207607	0.010345258915349301	724282.0	200	
RESULT-ENDIREH2016-REST-TABLA	CALC-ENDIREH-PISOS-2016-RESTANTES-0001	15bc446bc8dc1efc182b770d53726e842db71eeeab9a16ff1cad36eda0a06388	no_fisica_alguna_vida		entidad	23	PUBLICABLE	2868	691	0.4077543688101888	0.3869759028753873	0.43505868249355767	0.012303666526866574	533841.0	200	
RESULT-ENDIREH2016-REST-TABLA	CALC-ENDIREH-PISOS-2016-RESTANTES-0001	15bc446bc8dc1efc182b770d53726e842db71eeeab9a16ff1cad36eda0a06388	no_fisica_alguna_vida		entidad	24	PUBLICABLE	3314	513	0.3780598453773888	0.35269350216623013	0.399552514627849	0.0116059019534724	952254.0	200	
RESULT-ENDIREH2016-REST-TABLA	CALC-ENDIREH-PISOS-2016-RESTANTES-0001	15bc446bc8dc1efc182b770d53726e842db71eeeab9a16ff1cad36eda0a06388	no_fisica_alguna_vida		entidad	25	PUBLICABLE	3449	546	0.3810054592323439	0.3606731913132347	0.39987082078644887	0.010451215576153229	1070297.0	200	
RESULT-ENDIREH2016-REST-TABLA	CALC-ENDIREH-PISOS-2016-RESTANTES-0001	15bc446bc8dc1efc182b770d53726e842db71eeeab9a16ff1cad36eda0a06388	no_fisica_alguna_vida		entidad	26	PUBLICABLE	3205	628	0.35602192230770213	0.3399363911286736	0.375600998071378	0.009656510704786164	1020513.0	200	
RESULT-ENDIREH2016-REST-TABLA	CALC-ENDIREH-PISOS-2016-RESTANTES-0001	15bc446bc8dc1efc182b770d53726e842db71eeeab9a16ff1cad36eda0a06388	no_fisica_alguna_vida		entidad	27	PUBLICABLE	3361	341	0.37924551203767237	0.35848777125489323	0.39850378367553385	0.0103628934091069	807382.0	200	
RESULT-ENDIREH2016-REST-TABLA	CALC-ENDIREH-PISOS-2016-RESTANTES-0001	15bc446bc8dc1efc182b770d53726e842db71eeeab9a16ff1cad36eda0a06388	no_fisica_alguna_vida		entidad	28	PUBLICABLE	3044	698	0.33630034301143635	0.3202051717978859	0.35677110447865684	0.009867034790742421	1274010.0	200	
RESULT-ENDIREH2016-REST-TABLA	CALC-ENDIREH-PISOS-2016-RESTANTES-0001	15bc446bc8dc1efc182b770d53726e842db71eeeab9a16ff1cad36eda0a06388	no_fisica_alguna_vida		entidad	29	PUBLICABLE	3408	595	0.4041906673269563	0.38622351632560536	0.42137301247569164	0.008931576751610817	460404.0	200	
RESULT-ENDIREH2016-REST-TABLA	CALC-ENDIREH-PISOS-2016-RESTANTES-0001	15bc446bc8dc1efc182b770d53726e842db71eeeab9a16ff1cad36eda0a06388	no_fisica_alguna_vida		entidad	30	PUBLICABLE	3234	434	0.4094978400369226	0.39119808391633815	0.43058787717982333	0.010121931190214187	2901207.0	200	
RESULT-ENDIREH2016-REST-TABLA	CALC-ENDIREH-PISOS-2016-RESTANTES-0001	15bc446bc8dc1efc182b770d53726e842db71eeeab9a16ff1cad36eda0a06388	no_fisica_alguna_vida		entidad	31	PUBLICABLE	3117	554	0.43643064034342083	0.41642317129191525	0.456399986459463	0.010459268042717398	750566.0	200	
RESULT-ENDIREH2016-REST-TABLA	CALC-ENDIREH-PISOS-2016-RESTANTES-0001	15bc446bc8dc1efc182b770d53726e842db71eeeab9a16ff1cad36eda0a06388	no_fisica_alguna_vida		entidad	32	PUBLICABLE	3543	387	0.405600656065549	0.3873706170133611	0.4255588193449828	0.010104420331316734	556042.0	200	
RESULT-ENDIREH2016-REST-TABLA	CALC-ENDIREH-PISOS-2016-RESTANTES-0001	15bc446bc8dc1efc182b770d53726e842db71eeeab9a16ff1cad36eda0a06388	no_fisica_alguna_reciente		nacional	MX	PUBLICABLE	106080	17901	0.2511963984410172	0.24735845278833182	0.25524799394114567	0.0020195661968586995	43385212.0	200	
RESULT-ENDIREH2016-REST-TABLA	CALC-ENDIREH-PISOS-2016-RESTANTES-0001	15bc446bc8dc1efc182b770d53726e842db71eeeab9a16ff1cad36eda0a06388	no_fisica_alguna_reciente		edad	15-29	PUBLICABLE	27481	12413	0.3084283920168963	0.29922911246455597	0.3175932337095218	0.00474451300581716	12871435.0	200	
RESULT-ENDIREH2016-REST-TABLA	CALC-ENDIREH-PISOS-2016-RESTANTES-0001	15bc446bc8dc1efc182b770d53726e842db71eeeab9a16ff1cad36eda0a06388	no_fisica_alguna_reciente		edad	30-44	PUBLICABLE	35776	13993	0.2832506459790463	0.27688070314450597	0.2901311186751207	0.0034505093577847216	13422649.0	200	
RESULT-ENDIREH2016-REST-TABLA	CALC-ENDIREH-PISOS-2016-RESTANTES-0001	15bc446bc8dc1efc182b770d53726e842db71eeeab9a16ff1cad36eda0a06388	no_fisica_alguna_reciente		edad	45-59	PUBLICABLE	24704	12267	0.22027325431383066	0.21269440268077205	0.22841757937421917	0.004101712901671104	10158083.0	200	
RESULT-ENDIREH2016-REST-TABLA	CALC-ENDIREH-PISOS-2016-RESTANTES-0001	15bc446bc8dc1efc182b770d53726e842db71eeeab9a16ff1cad36eda0a06388	no_fisica_alguna_reciente		edad	60+	PUBLICABLE	18119	9495	0.1281925907014883	0.12175441997774895	0.13665334519660047	0.003882388730025917	6933045.0	200	
RESULT-ENDIREH2016-REST-TABLA	CALC-ENDIREH-PISOS-2016-RESTANTES-0001	15bc446bc8dc1efc182b770d53726e842db71eeeab9a16ff1cad36eda0a06388	no_fisica_alguna_reciente		escolaridad	ninguno	PUBLICABLE	7560	4097	0.1596952084802812	0.14837761412248116	0.1738095281847502	0.006960153991062125	2984335.0	200	
RESULT-ENDIREH2016-REST-TABLA	CALC-ENDIREH-PISOS-2016-RESTANTES-0001	15bc446bc8dc1efc182b770d53726e842db71eeeab9a16ff1cad36eda0a06388	no_fisica_alguna_reciente		escolaridad	basica	PUBLICABLE	62104	15659	0.25732705696784636	0.252297718894586	0.2626180310414115	0.0027480423398426003	24355072.0	200	
RESULT-ENDIREH2016-REST-TABLA	CALC-ENDIREH-PISOS-2016-RESTANTES-0001	15bc446bc8dc1efc182b770d53726e842db71eeeab9a16ff1cad36eda0a06388	no_fisica_alguna_reciente		escolaridad	media_superior	PUBLICABLE	19907	11280	0.2826017617330357	0.2745578722586732	0.2930651137832298	0.004747218425562386	8803604.0	200	
RESULT-ENDIREH2016-REST-TABLA	CALC-ENDIREH-PISOS-2016-RESTANTES-0001	15bc446bc8dc1efc182b770d53726e842db71eeeab9a16ff1cad36eda0a06388	no_fisica_alguna_reciente		escolaridad	superior	PUBLICABLE	16504	9741	0.23012551896774186	0.22079089367739607	0.2391052443127828	0.0048294231604648396	7241057.0	200	
RESULT-ENDIREH2016-REST-TABLA	CALC-ENDIREH-PISOS-2016-RESTANTES-0001	15bc446bc8dc1efc182b770d53726e842db71eeeab9a16ff1cad36eda0a06388	no_fisica_alguna_reciente		localidad	U	PUBLICABLE	52807	14461	0.2624197440843007	0.25686937527699616	0.26779177528974024	0.0031838612300772256	24290577.0	200	
RESULT-ENDIREH2016-REST-TABLA	CALC-ENDIREH-PISOS-2016-RESTANTES-0001	15bc446bc8dc1efc182b770d53726e842db71eeeab9a16ff1cad36eda0a06388	no_fisica_alguna_reciente		localidad	C	PUBLICABLE	27412	1793	0.2486215665474321	0.24064849897389662	0.2555161910823836	0.0040849378628980935	10014992.0	200	
RESULT-ENDIREH2016-REST-TABLA	CALC-ENDIREH-PISOS-2016-RESTANTES-0001	15bc446bc8dc1efc182b770d53726e842db71eeeab9a16ff1cad36eda0a06388	no_fisica_alguna_reciente		localidad	R	PUBLICABLE	25861	1647	0.22401089998802817	0.21592103036415258	0.2318880067200776	0.004206777548206223	9079643.0	200	
RESULT-ENDIREH2016-REST-TABLA	CALC-ENDIREH-PISOS-2016-RESTANTES-0001	15bc446bc8dc1efc182b770d53726e842db71eeeab9a16ff1cad36eda0a06388	no_fisica_alguna_reciente		pareja	A1	PUBLICABLE	70747	17108	0.29899068952746	0.2937264178112358	0.30433454967441775	0.0027749937013465315	25680007.0	200	
RESULT-ENDIREH2016-REST-TABLA	CALC-ENDIREH-PISOS-2016-RESTANTES-0001	15bc446bc8dc1efc182b770d53726e842db71eeeab9a16ff1cad36eda0a06388	no_fisica_alguna_reciente		pareja	A2	PUBLICABLE	2105	1748	0.3390583481738035	0.31031212472195524	0.3679271879577048	0.014310695922553927	885529.0	200	
RESULT-ENDIREH2016-REST-TABLA	CALC-ENDIREH-PISOS-2016-RESTANTES-0001	15bc446bc8dc1efc182b770d53726e842db71eeeab9a16ff1cad36eda0a06388	no_fisica_alguna_reciente		pareja	B1	PUBLICABLE	11240	7829	0.1795526289046125	0.16889997969589507	0.19062334409439768	0.005470056463115585	5038144.0	200	
RESULT-ENDIREH2016-REST-TABLA	CALC-ENDIREH-PISOS-2016-RESTANTES-0001	15bc446bc8dc1efc182b770d53726e842db71eeeab9a16ff1cad36eda0a06388	no_fisica_alguna_reciente		pareja	B2	PUBLICABLE	8348	5837	0.02273434526543262	0.018442941535979095	0.028300508883379278	0.002445283119651939	3457676.0	200	
RESULT-ENDIREH2016-REST-TABLA	CALC-ENDIREH-PISOS-2016-RESTANTES-0001	15bc446bc8dc1efc182b770d53726e842db71eeeab9a16ff1cad36eda0a06388	no_fisica_alguna_reciente		pareja	C1	PUBLICABLE	13640	9155	0.23266380389088903	0.2224911857767818	0.24335498258443675	0.005267118388699683	8323856.0	200	
RESULT-ENDIREH2016-REST-TABLA	CALC-ENDIREH-PISOS-2016-RESTANTES-0001	15bc446bc8dc1efc182b770d53726e842db71eeeab9a16ff1cad36eda0a06388	no_fisica_alguna_reciente		entidad	01	PUBLICABLE	3378	665	0.32879878433623394	0.31466851191945683	0.34606548690636324	0.008303213971333535	454731.0	200	
RESULT-ENDIREH2016-REST-TABLA	CALC-ENDIREH-PISOS-2016-RESTANTES-0001	15bc446bc8dc1efc182b770d53726e842db71eeeab9a16ff1cad36eda0a06388	no_fisica_alguna_reciente		entidad	02	PUBLICABLE	3013	715	0.1931292017644089	0.1785069097318833	0.2084801470062437	0.007491388749291981	1204256.0	200	
RESULT-ENDIREH2016-REST-TABLA	CALC-ENDIREH-PISOS-2016-RESTANTES-0001	15bc446bc8dc1efc182b770d53726e842db71eeeab9a16ff1cad36eda0a06388	no_fisica_alguna_reciente		entidad	03	PUBLICABLE	3014	447	0.18989873591331977	0.1723154548683534	0.2068234269851687	0.008983433657475422	262482.0	200	
RESULT-ENDIREH2016-REST-TABLA	CALC-ENDIREH-PISOS-2016-RESTANTES-0001	15bc446bc8dc1efc182b770d53726e842db71eeeab9a16ff1cad36eda0a06388	no_fisica_alguna_reciente		entidad	04	PUBLICABLE	3257	554	0.188257851198578	0.17019797262155884	0.2072816017308441	0.009789174838994288	321798.0	200	
RESULT-ENDIREH2016-REST-TABLA	CALC-ENDIREH-PISOS-2016-RESTANTES-0001	15bc446bc8dc1efc182b770d53726e842db71eeeab9a16ff1cad36eda0a06388	no_fisica_alguna_reciente		entidad	05	PUBLICABLE	3373	699	0.2689883154671914	0.2544884469083184	0.2887785841097022	0.008972394201424273	1053016.0	200	
RESULT-ENDIREH2016-REST-TABLA	CALC-ENDIREH-PISOS-2016-RESTANTES-0001	15bc446bc8dc1efc182b770d53726e842db71eeeab9a16ff1cad36eda0a06388	no_fisica_alguna_reciente		entidad	06	PUBLICABLE	3208	620	0.2444332888376745	0.2267073442094359	0.2632228351701927	0.009276010869649836	262947.0	200	
RESULT-ENDIREH2016-REST-TABLA	CALC-ENDIREH-PISOS-2016-RESTANTES-0001	15bc446bc8dc1efc182b770d53726e842db71eeeab9a16ff1cad36eda0a06388	no_fisica_alguna_reciente		entidad	07	PUBLICABLE	3510	369	0.17102677333181934	0.15349169255808143	0.18768497865625633	0.008312151660352604	1690899.0	200	
RESULT-ENDIREH2016-REST-TABLA	CALC-ENDIREH-PISOS-2016-RESTANTES-0001	15bc446bc8dc1efc182b770d53726e842db71eeeab9a16ff1cad36eda0a06388	no_fisica_alguna_reciente		entidad	08	PUBLICABLE	3002	690	0.2668323065351689	0.24640962731577443	0.28434138995149455	0.01017310504589417	1301619.0	200	
RESULT-ENDIREH2016-REST-TABLA	CALC-ENDIREH-PISOS-2016-RESTANTES-0001	15bc446bc8dc1efc182b770d53726e842db71eeeab9a16ff1cad36eda0a06388	no_fisica_alguna_reciente		entidad	09	PUBLICABLE	3443	877	0.2771473436810433	0.25764836649881456	0.297253418896191	0.009619162984380154	3507636.0	200	
RESULT-ENDIREH2016-REST-TABLA	CALC-ENDIREH-PISOS-2016-RESTANTES-0001	15bc446bc8dc1efc182b770d53726e842db71eeeab9a16ff1cad36eda0a06388	no_fisica_alguna_reciente		entidad	10	PUBLICABLE	3154	568	0.27348906395452954	0.25743963778697115	0.2908931803681414	0.009107091870353894	619831.0	200	
RESULT-ENDIREH2016-REST-TABLA	CALC-ENDIREH-PISOS-2016-RESTANTES-0001	15bc446bc8dc1efc182b770d53726e842db71eeeab9a16ff1cad36eda0a06388	no_fisica_alguna_reciente		entidad	11	PUBLICABLE	3336	513	0.2318916138257331	0.21282056044357212	0.24983395999113348	0.00912789214964095	2019741.0	200	
RESULT-ENDIREH2016-REST-TABLA	CALC-ENDIREH-PISOS-2016-RESTANTES-0001	15bc446bc8dc1efc182b770d53726e842db71eeeab9a16ff1cad36eda0a06388	no_fisica_alguna_reciente		entidad	12	PUBLICABLE	3226	424	0.21872709267320103	0.20037445869032408	0.23653947632316047	0.009538195237270862	1212767.0	200	
RESULT-ENDIREH2016-REST-TABLA	CALC-ENDIREH-PISOS-2016-RESTANTES-0001	15bc446bc8dc1efc182b770d53726e842db71eeeab9a16ff1cad36eda0a06388	no_fisica_alguna_reciente		entidad	13	PUBLICABLE	3400	349	0.24429374241017898	0.23106113370583242	0.26059717415749845	0.007945057876133924	1048279.0	200	
RESULT-ENDIREH2016-REST-TABLA	CALC-ENDIREH-PISOS-2016-RESTANTES-0001	15bc446bc8dc1efc182b770d53726e842db71eeeab9a16ff1cad36eda0a06388	no_fisica_alguna_reciente		entidad	14	PUBLICABLE	3329	579	0.29841048344179527	0.2797458150235847	0.3165072973816938	0.009869566457219179	2869363.0	200	
RESULT-ENDIREH2016-REST-TABLA	CALC-ENDIREH-PISOS-2016-RESTANTES-0001	15bc446bc8dc1efc182b770d53726e842db71eeeab9a16ff1cad36eda0a06388	no_fisica_alguna_reciente		entidad	15	PUBLICABLE	3386	711	0.3051989243243835	0.287527997139925	0.3252800366389352	0.010308777979501414	6304131.0	200	
RESULT-ENDIREH2016-REST-TABLA	CALC-ENDIREH-PISOS-2016-RESTANTES-0001	15bc446bc8dc1efc182b770d53726e842db71eeeab9a16ff1cad36eda0a06388	no_fisica_alguna_reciente		entidad	16	PUBLICABLE	3391	390	0.26137937641579695	0.24413603415796986	0.28072168742891124	0.009894835874073976	1617905.0	200	
RESULT-ENDIREH2016-REST-TABLA	CALC-ENDIREH-PISOS-2016-RESTANTES-0001	15bc446bc8dc1efc182b770d53726e842db71eeeab9a16ff1cad36eda0a06388	no_fisica_alguna_reciente		entidad	17	PUBLICABLE	3169	572	0.2469604643177747	0.23039571253481272	0.26606347031984157	0.009425529346262592	725193.0	200	
RESULT-ENDIREH2016-REST-TABLA	CALC-ENDIREH-PISOS-2016-RESTANTES-0001	15bc446bc8dc1efc182b770d53726e842db71eeeab9a16ff1cad36eda0a06388	no_fisica_alguna_reciente		entidad	18	PUBLICABLE	3434	444	0.23551276513515357	0.21533496715288986	0.24921576308032048	0.008880417994684814	439870.0	200	
RESULT-ENDIREH2016-REST-TABLA	CALC-ENDIREH-PISOS-2016-RESTANTES-0001	15bc446bc8dc1efc182b770d53726e842db71eeeab9a16ff1cad36eda0a06388	no_fisica_alguna_reciente		entidad	19	PUBLICABLE	3177	738	0.18652739488813466	0.17148092945744883	0.2020995944384285	0.008687780208505773	1804625.0	200	
RESULT-ENDIREH2016-REST-TABLA	CALC-ENDIREH-PISOS-2016-RESTANTES-0001	15bc446bc8dc1efc182b770d53726e842db71eeeab9a16ff1cad36eda0a06388	no_fisica_alguna_reciente		entidad	20	PUBLICABLE	3507	331	0.24111084892920803	0.22532507096938179	0.2598784607702265	0.008733093589740372	1406996.0	200	
RESULT-ENDIREH2016-REST-TABLA	CALC-ENDIREH-PISOS-2016-RESTANTES-0001	15bc446bc8dc1efc182b770d53726e842db71eeeab9a16ff1cad36eda0a06388	no_fisica_alguna_reciente		entidad	21	PUBLICABLE	4492	686	0.24954165947145687	0.23298798901761067	0.26483214352649476	0.008145668753778753	2206329.0	200	
RESULT-ENDIREH2016-REST-TABLA	CALC-ENDIREH-PISOS-2016-RESTANTES-0001	15bc446bc8dc1efc182b770d53726e842db71eeeab9a16ff1cad36eda0a06388	no_fisica_alguna_reciente		entidad	22	PUBLICABLE	3338	573	0.2595715480986687	0.24526613764848648	0.27662753919294153	0.008215076804609242	724282.0	200	
RESULT-ENDIREH2016-REST-TABLA	CALC-ENDIREH-PISOS-2016-RESTANTES-0001	15bc446bc8dc1efc182b770d53726e842db71eeeab9a16ff1cad36eda0a06388	no_fisica_alguna_reciente		entidad	23	PUBLICABLE	2868	691	0.24537081265770144	0.2281753123707227	0.26322821773263966	0.00991235321464381	533841.0	200	
RESULT-ENDIREH2016-REST-TABLA	CALC-ENDIREH-PISOS-2016-RESTANTES-0001	15bc446bc8dc1efc182b770d53726e842db71eeeab9a16ff1cad36eda0a06388	no_fisica_alguna_reciente		entidad	24	PUBLICABLE	3314	513	0.2297527760450468	0.21420891807079392	0.24801898405635708	0.009289856254906735	952254.0	200	
RESULT-ENDIREH2016-REST-TABLA	CALC-ENDIREH-PISOS-2016-RESTANTES-0001	15bc446bc8dc1efc182b770d53726e842db71eeeab9a16ff1cad36eda0a06388	no_fisica_alguna_reciente		entidad	25	PUBLICABLE	3449	546	0.22641565845741882	0.20983709055602875	0.24135618287020247	0.008369617398177851	1070297.0	200	
RESULT-ENDIREH2016-REST-TABLA	CALC-ENDIREH-PISOS-2016-RESTANTES-0001	15bc446bc8dc1efc182b770d53726e842db71eeeab9a16ff1cad36eda0a06388	no_fisica_alguna_reciente		entidad	26	PUBLICABLE	3205	628	0.2296619445318188	0.2121196778134007	0.24586165439786847	0.009049323182800523	1020513.0	200	
RESULT-ENDIREH2016-REST-TABLA	CALC-ENDIREH-PISOS-2016-RESTANTES-0001	15bc446bc8dc1efc182b770d53726e842db71eeeab9a16ff1cad36eda0a06388	no_fisica_alguna_reciente		entidad	27	PUBLICABLE	3361	341	0.2069392183625595	0.1883444765382408	0.22373742853173276	0.008997566919547634	807382.0	200	
RESULT-ENDIREH2016-REST-TABLA	CALC-ENDIREH-PISOS-2016-RESTANTES-0001	15bc446bc8dc1efc182b770d53726e842db71eeeab9a16ff1cad36eda0a06388	no_fisica_alguna_reciente		entidad	28	PUBLICABLE	3044	698	0.19140823070462556	0.17662418416955727	0.20889166246362906	0.00844463332902076	1274010.0	200	
RESULT-ENDIREH2016-REST-TABLA	CALC-ENDIREH-PISOS-2016-RESTANTES-0001	15bc446bc8dc1efc182b770d53726e842db71eeeab9a16ff1cad36eda0a06388	no_fisica_alguna_reciente		entidad	29	PUBLICABLE	3408	595	0.24087757708447363	0.22429579207430048	0.25808651435938745	0.009709956888956083	460404.0	200	
RESULT-ENDIREH2016-REST-TABLA	CALC-ENDIREH-PISOS-2016-RESTANTES-0001	15bc446bc8dc1efc182b770d53726e842db71eeeab9a16ff1cad36eda0a06388	no_fisica_alguna_reciente		entidad	30	PUBLICABLE	3234	434	0.23897191755017824	0.22519378717159838	0.25279742056319116	0.0076889017452262814	2901207.0	200	
RESULT-ENDIREH2016-REST-TABLA	CALC-ENDIREH-PISOS-2016-RESTANTES-0001	15bc446bc8dc1efc182b770d53726e842db71eeeab9a16ff1cad36eda0a06388	no_fisica_alguna_reciente		entidad	31	PUBLICABLE	3117	554	0.27207334198458233	0.25481258221832864	0.2878070164676103	0.008665672857233997	750566.0	200	
RESULT-ENDIREH2016-REST-TABLA	CALC-ENDIREH-PISOS-2016-RESTANTES-0001	15bc446bc8dc1efc182b770d53726e842db71eeeab9a16ff1cad36eda0a06388	no_fisica_alguna_reciente		entidad	32	PUBLICABLE	3543	387	0.25934731549055645	0.2419938771671577	0.2758897733441641	0.008804823801623365	556042.0	200	
RESULT-ENDIREH2016-REST-TABLA	CALC-ENDIREH-PISOS-2016-RESTANTES-0001	15bc446bc8dc1efc182b770d53726e842db71eeeab9a16ff1cad36eda0a06388	pareja_ayuda		nacional	MX	PUBLICABLE	42934	14925	0.08719332392537202	0.08270258161343984	0.0910926609589226	0.0020897247590013495	18595598.0	200	
RESULT-ENDIREH2016-REST-TABLA	CALC-ENDIREH-PISOS-2016-RESTANTES-0001	15bc446bc8dc1efc182b770d53726e842db71eeeab9a16ff1cad36eda0a06388	pareja_ayuda		edad	15-29	PUBLICABLE	10656	7121	0.05142880140901351	0.04554248555524005	0.05772689852595887	0.003171648981068677	5217835.0	200	
RESULT-ENDIREH2016-REST-TABLA	CALC-ENDIREH-PISOS-2016-RESTANTES-0001	15bc446bc8dc1efc182b770d53726e842db71eeeab9a16ff1cad36eda0a06388	pareja_ayuda		edad	30-44	PUBLICABLE	14784	8859	0.11770101248328192	0.11049865709073906	0.12579390894115236	0.0038481669999599227	5915752.0	200	
RESULT-ENDIREH2016-REST-TABLA	CALC-ENDIREH-PISOS-2016-RESTANTES-0001	15bc446bc8dc1efc182b770d53726e842db71eeeab9a16ff1cad36eda0a06388	pareja_ayuda		edad	45-59	PUBLICABLE	10362	7249	0.11143819313058335	0.10288110207753474	0.12164877944027645	0.004869682519149965	4513309.0	200	
RESULT-ENDIREH2016-REST-TABLA	CALC-ENDIREH-PISOS-2016-RESTANTES-0001	15bc446bc8dc1efc182b770d53726e842db71eeeab9a16ff1cad36eda0a06388	pareja_ayuda		edad	60+	PUBLICABLE	7132	5217	0.05216532562463077	0.04631992553536138	0.059135336959475183	0.003707812896127359	2948702.0	200	
RESULT-ENDIREH2016-REST-TABLA	CALC-ENDIREH-PISOS-2016-RESTANTES-0001	15bc446bc8dc1efc182b770d53726e842db71eeeab9a16ff1cad36eda0a06388	pareja_ayuda		escolaridad	ninguno	PUBLICABLE	2993	2227	0.03889432986845446	0.030910172741035052	0.04746998467749711	0.004004570260180043	1268154.0	200	
RESULT-ENDIREH2016-REST-TABLA	CALC-ENDIREH-PISOS-2016-RESTANTES-0001	15bc446bc8dc1efc182b770d53726e842db71eeeab9a16ff1cad36eda0a06388	pareja_ayuda		escolaridad	basica	PUBLICABLE	26083	11358	0.08901109686827294	0.08412098289720087	0.09373305813721976	0.0025256204132768907	10840536.0	200	
RESULT-ENDIREH2016-REST-TABLA	CALC-ENDIREH-PISOS-2016-RESTANTES-0001	15bc446bc8dc1efc182b770d53726e842db71eeeab9a16ff1cad36eda0a06388	pareja_ayuda		escolaridad	media_superior	PUBLICABLE	7858	5971	0.09593977402041212	0.08764058308920383	0.10545878678836472	0.004564031408129239	3707503.0	200	
RESULT-ENDIREH2016-REST-TABLA	CALC-ENDIREH-PISOS-2016-RESTANTES-0001	15bc446bc8dc1efc182b770d53726e842db71eeeab9a16ff1cad36eda0a06388	pareja_ayuda		escolaridad	superior	PUBLICABLE	5999	4731	0.09042786492112123	0.0809888529695809	0.09953292710121828	0.0052784380056241555	2779265.0	200	
RESULT-ENDIREH2016-REST-TABLA	CALC-ENDIREH-PISOS-2016-RESTANTES-0001	15bc446bc8dc1efc182b770d53726e842db71eeeab9a16ff1cad36eda0a06388	pareja_ayuda		localidad	U	PUBLICABLE	22802	11538	0.09716545557441993	0.09196665661430264	0.10274059456288234	0.0028293489586043415	11043750.0	200	
RESULT-ENDIREH2016-REST-TABLA	CALC-ENDIREH-PISOS-2016-RESTANTES-0001	15bc446bc8dc1efc182b770d53726e842db71eeeab9a16ff1cad36eda0a06388	pareja_ayuda		localidad	C	PUBLICABLE	10718	1763	0.08400796380794484	0.0770435490884387	0.09026506360848177	0.0036360730880395406	4113610.0	200	
RESULT-ENDIREH2016-REST-TABLA	CALC-ENDIREH-PISOS-2016-RESTANTES-0001	15bc446bc8dc1efc182b770d53726e842db71eeeab9a16ff1cad36eda0a06388	pareja_ayuda		localidad	R	PUBLICABLE	9414	1624	0.058973520739401986	0.05276116341967356	0.06451946925805749	0.003113294625832057	3438238.0	200	
RESULT-ENDIREH2016-REST-TABLA	CALC-ENDIREH-PISOS-2016-RESTANTES-0001	15bc446bc8dc1efc182b770d53726e842db71eeeab9a16ff1cad36eda0a06388	pareja_ayuda		pareja	A1	PUBLICABLE	26460	11898	0.06825354611141714	0.06437106054695665	0.07262663655846366	0.0021483871426547264	10235014.0	200	
RESULT-ENDIREH2016-REST-TABLA	CALC-ENDIREH-PISOS-2016-RESTANTES-0001	15bc446bc8dc1efc182b770d53726e842db71eeeab9a16ff1cad36eda0a06388	pareja_ayuda		pareja	A2	PUBLICABLE	893	826	0.08586068377131344	0.06360507966564943	0.12172538515658665	0.015357949147122936	402035.0	200	
RESULT-ENDIREH2016-REST-TABLA	CALC-ENDIREH-PISOS-2016-RESTANTES-0001	15bc446bc8dc1efc182b770d53726e842db71eeeab9a16ff1cad36eda0a06388	pareja_ayuda		pareja	B1	PUBLICABLE	7648	5883	0.19678533031993029	0.18431635145032438	0.2082676832863729	0.006324869388567233	3514078.0	200	
RESULT-ENDIREH2016-REST-TABLA	CALC-ENDIREH-PISOS-2016-RESTANTES-0001	15bc446bc8dc1efc182b770d53726e842db71eeeab9a16ff1cad36eda0a06388	pareja_ayuda		pareja	B2	PUBLICABLE	3467	2925	0.06064811593222676	0.048996805458396964	0.07354670282894463	0.006309174026360054	1537657.0	200	
RESULT-ENDIREH2016-REST-TABLA	CALC-ENDIREH-PISOS-2016-RESTANTES-0001	15bc446bc8dc1efc182b770d53726e842db71eeeab9a16ff1cad36eda0a06388	pareja_ayuda		pareja	C1	PUBLICABLE	4466	3815	0.03562044217483472	0.028113524471793473	0.04415585843601824	0.004094576978491338	2906814.0	200	
RESULT-ENDIREH2016-REST-TABLA	CALC-ENDIREH-PISOS-2016-RESTANTES-0001	15bc446bc8dc1efc182b770d53726e842db71eeeab9a16ff1cad36eda0a06388	pareja_ayuda		entidad	01	PUBLICABLE	1655	597	0.11013028426064018	0.09428344604719678	0.12868376537490103	0.008634954131334699	223281.0	200	
RESULT-ENDIREH2016-REST-TABLA	CALC-ENDIREH-PISOS-2016-RESTANTES-0001	15bc446bc8dc1efc182b770d53726e842db71eeeab9a16ff1cad36eda0a06388	pareja_ayuda		entidad	02	PUBLICABLE	1021	527	0.07676013470393607	0.0610054084093678	0.09247218847650325	0.009101725456616708	407412.0	200	
RESULT-ENDIREH2016-REST-TABLA	CALC-ENDIREH-PISOS-2016-RESTANTES-0001	15bc446bc8dc1efc182b770d53726e842db71eeeab9a16ff1cad36eda0a06388	pareja_ayuda		entidad	03	PUBLICABLE	1042	345	0.11830639152547863	0.09866777327130105	0.13904382179348232	0.010315935398600365	92607.0	200	
RESULT-ENDIREH2016-REST-TABLA	CALC-ENDIREH-PISOS-2016-RESTANTES-0001	15bc446bc8dc1efc182b770d53726e842db71eeeab9a16ff1cad36eda0a06388	pareja_ayuda		entidad	04	PUBLICABLE	989	414	0.10151407270899648	0.08076357469069065	0.12188178699757035	0.010520281703014882	95504.0	200	
RESULT-ENDIREH2016-REST-TABLA	CALC-ENDIREH-PISOS-2016-RESTANTES-0001	15bc446bc8dc1efc182b770d53726e842db71eeeab9a16ff1cad36eda0a06388	pareja_ayuda		entidad	05	PUBLICABLE	1409	575	0.10770020722158039	0.08926079423987117	0.12242656396510558	0.008924234048305554	436248.0	200	
RESULT-ENDIREH2016-REST-TABLA	CALC-ENDIREH-PISOS-2016-RESTANTES-0001	15bc446bc8dc1efc182b770d53726e842db71eeeab9a16ff1cad36eda0a06388	pareja_ayuda		entidad	06	PUBLICABLE	1266	492	0.10412596363916345	0.08541527167657867	0.125862485442169	0.009747438910345534	103903.0	200	
RESULT-ENDIREH2016-REST-TABLA	CALC-ENDIREH-PISOS-2016-RESTANTES-0001	15bc446bc8dc1efc182b770d53726e842db71eeeab9a16ff1cad36eda0a06388	pareja_ayuda		entidad	07	PUBLICABLE	1208	334	0.07216846937590259	0.06039168677456358	0.08691580649399275	0.007196406573889964	576817.0	200	
RESULT-ENDIREH2016-REST-TABLA	CALC-ENDIREH-PISOS-2016-RESTANTES-0001	15bc446bc8dc1efc182b770d53726e842db71eeeab9a16ff1cad36eda0a06388	pareja_ayuda		entidad	08	PUBLICABLE	1246	560	0.08651722200566228	0.0701353357239162	0.10634476568021195	0.008820407257786227	546423.0	200	
RESULT-ENDIREH2016-REST-TABLA	CALC-ENDIREH-PISOS-2016-RESTANTES-0001	15bc446bc8dc1efc182b770d53726e842db71eeeab9a16ff1cad36eda0a06388	pareja_ayuda		entidad	09	PUBLICABLE	1768	765	0.10508120804561091	0.09228056789985478	0.12219674030976034	0.008054369494640204	1827282.0	200	
RESULT-ENDIREH2016-REST-TABLA	CALC-ENDIREH-PISOS-2016-RESTANTES-0001	15bc446bc8dc1efc182b770d53726e842db71eeeab9a16ff1cad36eda0a06388	pareja_ayuda		entidad	10	PUBLICABLE	1345	464	0.08386104949746959	0.06860293329483379	0.10335568636107896	0.00910025778227253	267347.0	200	
RESULT-ENDIREH2016-REST-TABLA	CALC-ENDIREH-PISOS-2016-RESTANTES-0001	15bc446bc8dc1efc182b770d53726e842db71eeeab9a16ff1cad36eda0a06388	pareja_ayuda		entidad	11	PUBLICABLE	1204	421	0.11227745007846746	0.0920504109242477	0.13132651869257025	0.009722586978033227	739160.0	200	
RESULT-ENDIREH2016-REST-TABLA	CALC-ENDIREH-PISOS-2016-RESTANTES-0001	15bc446bc8dc1efc182b770d53726e842db71eeeab9a16ff1cad36eda0a06388	pareja_ayuda		entidad	12	PUBLICABLE	1373	386	0.07099297207108048	0.05665118431676741	0.08379333125952394	0.006623241178937574	514234.0	200	
RESULT-ENDIREH2016-REST-TABLA	CALC-ENDIREH-PISOS-2016-RESTANTES-0001	15bc446bc8dc1efc182b770d53726e842db71eeeab9a16ff1cad36eda0a06388	pareja_ayuda		entidad	13	PUBLICABLE	1424	329	0.10758033177568016	0.09166591685133685	0.1242757385268299	0.008535942430218834	449822.0	200	
RESULT-ENDIREH2016-REST-TABLA	CALC-ENDIREH-PISOS-2016-RESTANTES-0001	15bc446bc8dc1efc182b770d53726e842db71eeeab9a16ff1cad36eda0a06388	pareja_ayuda		entidad	14	PUBLICABLE	1549	515	0.09245376069630952	0.07595717526222205	0.10998849589873186	0.00875731789047656	1328145.0	200	
RESULT-ENDIREH2016-REST-TABLA	CALC-ENDIREH-PISOS-2016-RESTANTES-0001	15bc446bc8dc1efc182b770d53726e842db71eeeab9a16ff1cad36eda0a06388	pareja_ayuda		entidad	15	PUBLICABLE	1770	622	0.08139386470332323	0.06461226794417396	0.09514969120103747	0.007970630637142252	3298455.0	200	
RESULT-ENDIREH2016-REST-TABLA	CALC-ENDIREH-PISOS-2016-RESTANTES-0001	15bc446bc8dc1efc182b770d53726e842db71eeeab9a16ff1cad36eda0a06388	pareja_ayuda		entidad	16	PUBLICABLE	1478	350	0.07052544776673149	0.057113531517439586	0.08567889139991611	0.007344123990333917	714267.0	200	
RESULT-ENDIREH2016-REST-TABLA	CALC-ENDIREH-PISOS-2016-RESTANTES-0001	15bc446bc8dc1efc182b770d53726e842db71eeeab9a16ff1cad36eda0a06388	pareja_ayuda		entidad	17	PUBLICABLE	1354	472	0.08422646040647394	0.06709454366886393	0.09988465143758544	0.008568704181446294	313132.0	200	
RESULT-ENDIREH2016-REST-TABLA	CALC-ENDIREH-PISOS-2016-RESTANTES-0001	15bc446bc8dc1efc182b770d53726e842db71eeeab9a16ff1cad36eda0a06388	pareja_ayuda		entidad	18	PUBLICABLE	1246	394	0.07096350090778188	0.057417532896742035	0.08534017142584432	0.00769363994199637	159730.0	200	
RESULT-ENDIREH2016-REST-TABLA	CALC-ENDIREH-PISOS-2016-RESTANTES-0001	15bc446bc8dc1efc182b770d53726e842db71eeeab9a16ff1cad36eda0a06388	pareja_ayuda		entidad	19	PUBLICABLE	974	515	0.10165400295693629	0.08386507016875752	0.12315880305441522	0.010504402197872393	563421.0	200	
RESULT-ENDIREH2016-REST-TABLA	CALC-ENDIREH-PISOS-2016-RESTANTES-0001	15bc446bc8dc1efc182b770d53726e842db71eeeab9a16ff1cad36eda0a06388	pareja_ayuda		entidad	20	PUBLICABLE	1564	312	0.06053158897602567	0.0477067459148994	0.0756736664262583	0.0074840985956518774	630299.0	200	
RESULT-ENDIREH2016-REST-TABLA	CALC-ENDIREH-PISOS-2016-RESTANTES-0001	15bc446bc8dc1efc182b770d53726e842db71eeeab9a16ff1cad36eda0a06388	pareja_ayuda		entidad	21	PUBLICABLE	1893	581	0.06924706858675024	0.057710795033609895	0.08089984982228213	0.005889641348038272	949542.0	200	
RESULT-ENDIREH2016-REST-TABLA	CALC-ENDIREH-PISOS-2016-RESTANTES-0001	15bc446bc8dc1efc182b770d53726e842db71eeeab9a16ff1cad36eda0a06388	pareja_ayuda		entidad	22	PUBLICABLE	1442	505	0.09729418720715108	0.08232535163243937	0.11254379003989652	0.007821744484124867	314582.0	200	
RESULT-ENDIREH2016-REST-TABLA	CALC-ENDIREH-PISOS-2016-RESTANTES-0001	15bc446bc8dc1efc182b770d53726e842db71eeeab9a16ff1cad36eda0a06388	pareja_ayuda		entidad	23	PUBLICABLE	1200	548	0.09051901783179316	0.0748754525032566	0.11114777344580119	0.009535222834353008	218374.0	200	
RESULT-ENDIREH2016-REST-TABLA	CALC-ENDIREH-PISOS-2016-RESTANTES-0001	15bc446bc8dc1efc182b770d53726e842db71eeeab9a16ff1cad36eda0a06388	pareja_ayuda		entidad	24	PUBLICABLE	1236	442	0.11776896787423104	0.09593873335367918	0.13277332564583696	0.009352948243624107	365750.0	200	
RESULT-ENDIREH2016-REST-TABLA	CALC-ENDIREH-PISOS-2016-RESTANTES-0001	15bc446bc8dc1efc182b770d53726e842db71eeeab9a16ff1cad36eda0a06388	pareja_ayuda		entidad	25	PUBLICABLE	1267	469	0.0914682230676624	0.07371300274985149	0.11069455574442487	0.00839037406192479	404523.0	200	
RESULT-ENDIREH2016-REST-TABLA	CALC-ENDIREH-PISOS-2016-RESTANTES-0001	15bc446bc8dc1efc182b770d53726e842db71eeeab9a16ff1cad36eda0a06388	pareja_ayuda		entidad	26	PUBLICABLE	1128	503	0.08475786047364196	0.06803956693116632	0.10292959506340536	0.009358244244643417	360061.0	200	
RESULT-ENDIREH2016-REST-TABLA	CALC-ENDIREH-PISOS-2016-RESTANTES-0001	15bc446bc8dc1efc182b770d53726e842db71eeeab9a16ff1cad36eda0a06388	pareja_ayuda		entidad	27	PUBLICABLE	1308	292	0.086867918548451	0.07116311083504628	0.10406557796856863	0.009285261211222121	315525.0	200	
RESULT-ENDIREH2016-REST-TABLA	CALC-ENDIREH-PISOS-2016-RESTANTES-0001	15bc446bc8dc1efc182b770d53726e842db71eeeab9a16ff1cad36eda0a06388	pareja_ayuda		entidad	28	PUBLICABLE	995	492	0.10047278270080347	0.08276798080774687	0.12162807339279318	0.009730150476338123	425777.0	200	
RESULT-ENDIREH2016-REST-TABLA	CALC-ENDIREH-PISOS-2016-RESTANTES-0001	15bc446bc8dc1efc182b770d53726e842db71eeeab9a16ff1cad36eda0a06388	pareja_ayuda		entidad	29	PUBLICABLE	1460	492	0.10011992886977379	0.08345633167013433	0.11593675197124201	0.008468318739014446	193448.0	200	
RESULT-ENDIREH2016-REST-TABLA	CALC-ENDIREH-PISOS-2016-RESTANTES-0001	15bc446bc8dc1efc182b770d53726e842db71eeeab9a16ff1cad36eda0a06388	pareja_ayuda		entidad	30	PUBLICABLE	1346	382	0.06353592310119442	0.05355435622953333	0.07656338512518253	0.005955730025854249	1201163.0	200	
RESULT-ENDIREH2016-REST-TABLA	CALC-ENDIREH-PISOS-2016-RESTANTES-0001	15bc446bc8dc1efc182b770d53726e842db71eeeab9a16ff1cad36eda0a06388	pareja_ayuda		entidad	31	PUBLICABLE	1357	462	0.09682035646714308	0.07674175666194566	0.11494778940565724	0.009581381240532908	331924.0	200	
RESULT-ENDIREH2016-REST-TABLA	CALC-ENDIREH-PISOS-2016-RESTANTES-0001	15bc446bc8dc1efc182b770d53726e842db71eeeab9a16ff1cad36eda0a06388	pareja_ayuda		entidad	32	PUBLICABLE	1417	368	0.07194424903271192	0.05796137257965264	0.08770232416219993	0.007578187488227338	227440.0	200	
RESULT-ENDIREH2016-REST-TABLA	CALC-ENDIREH-PISOS-2016-RESTANTES-0001	15bc446bc8dc1efc182b770d53726e842db71eeeab9a16ff1cad36eda0a06388	pareja_denuncia		nacional	MX	PUBLICABLE	42934	14925	0.057792010775883626	0.05484557392468071	0.06044518829976846	0.0015836128110626462	18595598.0	200	
RESULT-ENDIREH2016-REST-TABLA	CALC-ENDIREH-PISOS-2016-RESTANTES-0001	15bc446bc8dc1efc182b770d53726e842db71eeeab9a16ff1cad36eda0a06388	pareja_denuncia		edad	15-29	PUBLICABLE	10656	7121	0.02881214143413887	0.025296471845598287	0.03290467364005638	0.001992032108413538	5217835.0	200	
RESULT-ENDIREH2016-REST-TABLA	CALC-ENDIREH-PISOS-2016-RESTANTES-0001	15bc446bc8dc1efc182b770d53726e842db71eeeab9a16ff1cad36eda0a06388	pareja_denuncia		edad	30-44	PUBLICABLE	14784	8859	0.0671059233044252	0.06143282850227323	0.07235566509834412	0.002973692713619668	5915752.0	200	
RESULT-ENDIREH2016-REST-TABLA	CALC-ENDIREH-PISOS-2016-RESTANTES-0001	15bc446bc8dc1efc182b770d53726e842db71eeeab9a16ff1cad36eda0a06388	pareja_denuncia		edad	45-59	PUBLICABLE	10362	7249	0.07549737897405208	0.06790756761714578	0.08259307911835687	0.003929270772160964	4513309.0	200	
RESULT-ENDIREH2016-REST-TABLA	CALC-ENDIREH-PISOS-2016-RESTANTES-0001	15bc446bc8dc1efc182b770d53726e842db71eeeab9a16ff1cad36eda0a06388	pareja_denuncia		edad	60+	PUBLICABLE	7132	5217	0.06328716838798902	0.05492406247692993	0.07257250209946613	0.004760644082225135	2948702.0	200	
RESULT-ENDIREH2016-REST-TABLA	CALC-ENDIREH-PISOS-2016-RESTANTES-0001	15bc446bc8dc1efc182b770d53726e842db71eeeab9a16ff1cad36eda0a06388	pareja_denuncia		escolaridad	ninguno	PUBLICABLE	2993	2227	0.06031838404483998	0.049984460166631245	0.07120636424275878	0.005538004262277004	1268154.0	200	
RESULT-ENDIREH2016-REST-TABLA	CALC-ENDIREH-PISOS-2016-RESTANTES-0001	15bc446bc8dc1efc182b770d53726e842db71eeeab9a16ff1cad36eda0a06388	pareja_denuncia		escolaridad	basica	PUBLICABLE	26083	11358	0.06300186632838081	0.05821826381616954	0.06742928039508543	0.0024817485067635658	10840536.0	200	
RESULT-ENDIREH2016-REST-TABLA	CALC-ENDIREH-PISOS-2016-RESTANTES-0001	15bc446bc8dc1efc182b770d53726e842db71eeeab9a16ff1cad36eda0a06388	pareja_denuncia		escolaridad	media_superior	PUBLICABLE	7858	5971	0.05140117216358288	0.04416690902595809	0.058546667430792634	0.003591192045559198	3707503.0	200	
RESULT-ENDIREH2016-REST-TABLA	CALC-ENDIREH-PISOS-2016-RESTANTES-0001	15bc446bc8dc1efc182b770d53726e842db71eeeab9a16ff1cad36eda0a06388	pareja_denuncia		escolaridad	superior	PUBLICABLE	5999	4731	0.04484638924319919	0.03793673996929835	0.050942507166179145	0.003625755713769443	2779265.0	200	
RESULT-ENDIREH2016-REST-TABLA	CALC-ENDIREH-PISOS-2016-RESTANTES-0001	15bc446bc8dc1efc182b770d53726e842db71eeeab9a16ff1cad36eda0a06388	pareja_denuncia		localidad	U	PUBLICABLE	22802	11538	0.05934587436332767	0.05500933420016591	0.06485709048148561	0.0025240755365514207	11043750.0	200	
RESULT-ENDIREH2016-REST-TABLA	CALC-ENDIREH-PISOS-2016-RESTANTES-0001	15bc446bc8dc1efc182b770d53726e842db71eeeab9a16ff1cad36eda0a06388	pareja_denuncia		localidad	C	PUBLICABLE	10718	1763	0.06162689219444721	0.05626171510754996	0.0685573249436601	0.003225122474119548	4113610.0	200	
RESULT-ENDIREH2016-REST-TABLA	CALC-ENDIREH-PISOS-2016-RESTANTES-0001	15bc446bc8dc1efc182b770d53726e842db71eeeab9a16ff1cad36eda0a06388	pareja_denuncia		localidad	R	PUBLICABLE	9414	1624	0.048212776427926166	0.04238228543780874	0.053138150543551886	0.0026928755707308835	3438238.0	200	
RESULT-ENDIREH2016-REST-TABLA	CALC-ENDIREH-PISOS-2016-RESTANTES-0001	15bc446bc8dc1efc182b770d53726e842db71eeeab9a16ff1cad36eda0a06388	pareja_denuncia		pareja	A1	PUBLICABLE	26460	11898	0.042363791588365195	0.03888853456521071	0.04565746636944322	0.0017474333076435676	10235014.0	200	
RESULT-ENDIREH2016-REST-TABLA	CALC-ENDIREH-PISOS-2016-RESTANTES-0001	15bc446bc8dc1efc182b770d53726e842db71eeeab9a16ff1cad36eda0a06388	pareja_denuncia		pareja	A2	PUBLICABLE	893	826	0.05070951534070417	0.03490991702827956	0.07232668079297803	0.00943410416444773	402035.0	200	
RESULT-ENDIREH2016-REST-TABLA	CALC-ENDIREH-PISOS-2016-RESTANTES-0001	15bc446bc8dc1efc182b770d53726e842db71eeeab9a16ff1cad36eda0a06388	pareja_denuncia		pareja	B1	PUBLICABLE	7648	5883	0.13417829655460123	0.12554839411831553	0.14392500512821316	0.005073920042907878	3514078.0	200	
RESULT-ENDIREH2016-REST-TABLA	CALC-ENDIREH-PISOS-2016-RESTANTES-0001	15bc446bc8dc1efc182b770d53726e842db71eeeab9a16ff1cad36eda0a06388	pareja_denuncia		pareja	B2	PUBLICABLE	3467	2925	0.06816604743450587	0.05554008821306368	0.07916165281527116	0.00653001286177533	1537657.0	200	
RESULT-ENDIREH2016-REST-TABLA	CALC-ENDIREH-PISOS-2016-RESTANTES-0001	15bc446bc8dc1efc182b770d53726e842db71eeeab9a16ff1cad36eda0a06388	pareja_denuncia		pareja	C1	PUBLICABLE	4466	3815	0.015263102489529773	0.011518263025186678	0.019739160053440036	0.0024341369955060642	2906814.0	200	
RESULT-ENDIREH2016-REST-TABLA	CALC-ENDIREH-PISOS-2016-RESTANTES-0001	15bc446bc8dc1efc182b770d53726e842db71eeeab9a16ff1cad36eda0a06388	pareja_denuncia		entidad	01	PUBLICABLE	1655	597	0.045032940554727	0.036809856248039785	0.05283943593413475	0.0046885519763954575	223281.0	200	
RESULT-ENDIREH2016-REST-TABLA	CALC-ENDIREH-PISOS-2016-RESTANTES-0001	15bc446bc8dc1efc182b770d53726e842db71eeeab9a16ff1cad36eda0a06388	pareja_denuncia		entidad	02	PUBLICABLE	1021	527	0.06939903586541388	0.05065923990323839	0.0875773645821467	0.009529300376518004	407412.0	200	
RESULT-ENDIREH2016-REST-TABLA	CALC-ENDIREH-PISOS-2016-RESTANTES-0001	15bc446bc8dc1efc182b770d53726e842db71eeeab9a16ff1cad36eda0a06388	pareja_denuncia		entidad	03	PUBLICABLE	1042	345	0.05707991836470245	0.04031268746884688	0.07234287210716057	0.008644860619007707	92607.0	200	
RESULT-ENDIREH2016-REST-TABLA	CALC-ENDIREH-PISOS-2016-RESTANTES-0001	15bc446bc8dc1efc182b770d53726e842db71eeeab9a16ff1cad36eda0a06388	pareja_denuncia		entidad	04	PUBLICABLE	989	414	0.08974493214943877	0.07254734202842276	0.1098391064925116	0.0097305185088842	95504.0	200	
RESULT-ENDIREH2016-REST-TABLA	CALC-ENDIREH-PISOS-2016-RESTANTES-0001	15bc446bc8dc1efc182b770d53726e842db71eeeab9a16ff1cad36eda0a06388	pareja_denuncia		entidad	05	PUBLICABLE	1409	575	0.05185124057875337	0.04020197215089007	0.06691191043300239	0.006348586273370816	436248.0	200	
RESULT-ENDIREH2016-REST-TABLA	CALC-ENDIREH-PISOS-2016-RESTANTES-0001	15bc446bc8dc1efc182b770d53726e842db71eeeab9a16ff1cad36eda0a06388	pareja_denuncia		entidad	06	PUBLICABLE	1266	492	0.05874710066119361	0.04522897547030351	0.07151460145250356	0.007413873391827866	103903.0	200	
RESULT-ENDIREH2016-REST-TABLA	CALC-ENDIREH-PISOS-2016-RESTANTES-0001	15bc446bc8dc1efc182b770d53726e842db71eeeab9a16ff1cad36eda0a06388	pareja_denuncia		entidad	07	PUBLICABLE	1208	334	0.07230716154343579	0.05653739577310342	0.0862907157173224	0.007918442565159256	576817.0	200	
RESULT-ENDIREH2016-REST-TABLA	CALC-ENDIREH-PISOS-2016-RESTANTES-0001	15bc446bc8dc1efc182b770d53726e842db71eeeab9a16ff1cad36eda0a06388	pareja_denuncia		entidad	08	PUBLICABLE	1246	560	0.05156627740779579	0.03778222710810474	0.06572886760139796	0.007229704882076008	546423.0	200	
RESULT-ENDIREH2016-REST-TABLA	CALC-ENDIREH-PISOS-2016-RESTANTES-0001	15bc446bc8dc1efc182b770d53726e842db71eeeab9a16ff1cad36eda0a06388	pareja_denuncia		entidad	09	PUBLICABLE	1768	765	0.061474364657452985	0.04927634693723676	0.07418150148517234	0.0061772250384359685	1827282.0	200	
RESULT-ENDIREH2016-REST-TABLA	CALC-ENDIREH-PISOS-2016-RESTANTES-0001	15bc446bc8dc1efc182b770d53726e842db71eeeab9a16ff1cad36eda0a06388	pareja_denuncia		entidad	10	PUBLICABLE	1345	464	0.038298540847662405	0.028147915913282525	0.046641285327886715	0.0052412041418690635	267347.0	200	
RESULT-ENDIREH2016-REST-TABLA	CALC-ENDIREH-PISOS-2016-RESTANTES-0001	15bc446bc8dc1efc182b770d53726e842db71eeeab9a16ff1cad36eda0a06388	pareja_denuncia		entidad	11	PUBLICABLE	1204	421	0.061322311813409816	0.04756708905733426	0.07656047532867585	0.007116677423180477	739160.0	200	
RESULT-ENDIREH2016-REST-TABLA	CALC-ENDIREH-PISOS-2016-RESTANTES-0001	15bc446bc8dc1efc182b770d53726e842db71eeeab9a16ff1cad36eda0a06388	pareja_denuncia		entidad	12	PUBLICABLE	1373	386	0.06702396185394198	0.05605037941950062	0.07859132392230958	0.006016147634212822	514234.0	200	
RESULT-ENDIREH2016-REST-TABLA	CALC-ENDIREH-PISOS-2016-RESTANTES-0001	15bc446bc8dc1efc182b770d53726e842db71eeeab9a16ff1cad36eda0a06388	pareja_denuncia		entidad	13	PUBLICABLE	1424	329	0.06917402883807372	0.05654992844606049	0.08286162234371776	0.00686920569076213	449822.0	200	
RESULT-ENDIREH2016-REST-TABLA	CALC-ENDIREH-PISOS-2016-RESTANTES-0001	15bc446bc8dc1efc182b770d53726e842db71eeeab9a16ff1cad36eda0a06388	pareja_denuncia		entidad	14	PUBLICABLE	1549	515	0.04385364549804426	0.034522198082527746	0.05269167778563747	0.004880312201929644	1328145.0	200	
RESULT-ENDIREH2016-REST-TABLA	CALC-ENDIREH-PISOS-2016-RESTANTES-0001	15bc446bc8dc1efc182b770d53726e842db71eeeab9a16ff1cad36eda0a06388	pareja_denuncia		entidad	15	PUBLICABLE	1770	622	0.05447702030192924	0.043507280583777355	0.06646375447337174	0.005978641247849721	3298455.0	200	
RESULT-ENDIREH2016-REST-TABLA	CALC-ENDIREH-PISOS-2016-RESTANTES-0001	15bc446bc8dc1efc182b770d53726e842db71eeeab9a16ff1cad36eda0a06388	pareja_denuncia		entidad	16	PUBLICABLE	1478	350	0.0526035782137492	0.03924381163662454	0.0640590041261889	0.006611522572625113	714267.0	200	
RESULT-ENDIREH2016-REST-TABLA	CALC-ENDIREH-PISOS-2016-RESTANTES-0001	15bc446bc8dc1efc182b770d53726e842db71eeeab9a16ff1cad36eda0a06388	pareja_denuncia		entidad	17	PUBLICABLE	1354	472	0.06152357472248125	0.049278080737407345	0.07672108170895876	0.007144578165113619	313132.0	200	
RESULT-ENDIREH2016-REST-TABLA	CALC-ENDIREH-PISOS-2016-RESTANTES-0001	15bc446bc8dc1efc182b770d53726e842db71eeeab9a16ff1cad36eda0a06388	pareja_denuncia		entidad	18	PUBLICABLE	1246	394	0.04148876228635823	0.03140607985390845	0.05336980714427988	0.0058364078132876395	159730.0	200	
RESULT-ENDIREH2016-REST-TABLA	CALC-ENDIREH-PISOS-2016-RESTANTES-0001	15bc446bc8dc1efc182b770d53726e842db71eeeab9a16ff1cad36eda0a06388	pareja_denuncia		entidad	19	PUBLICABLE	974	515	0.07425708306932116	0.05830777243333076	0.09026886569863446	0.00830758134853456	563421.0	200	
RESULT-ENDIREH2016-REST-TABLA	CALC-ENDIREH-PISOS-2016-RESTANTES-0001	15bc446bc8dc1efc182b770d53726e842db71eeeab9a16ff1cad36eda0a06388	pareja_denuncia		entidad	20	PUBLICABLE	1564	312	0.05945432247235043	0.047999363718357835	0.0709991423173407	0.0062877362236412986	630299.0	200	
RESULT-ENDIREH2016-REST-TABLA	CALC-ENDIREH-PISOS-2016-RESTANTES-0001	15bc446bc8dc1efc182b770d53726e842db71eeeab9a16ff1cad36eda0a06388	pareja_denuncia		entidad	21	PUBLICABLE	1893	581	0.05764989858268513	0.045747577192152195	0.06834702966951244	0.0059008778152595575	949542.0	200	
RESULT-ENDIREH2016-REST-TABLA	CALC-ENDIREH-PISOS-2016-RESTANTES-0001	15bc446bc8dc1efc182b770d53726e842db71eeeab9a16ff1cad36eda0a06388	pareja_denuncia		entidad	22	PUBLICABLE	1442	505	0.060372176411873535	0.04758459213361901	0.07539664944170409	0.006961502698320732	314582.0	200	
RESULT-ENDIREH2016-REST-TABLA	CALC-ENDIREH-PISOS-2016-RESTANTES-0001	15bc446bc8dc1efc182b770d53726e842db71eeeab9a16ff1cad36eda0a06388	pareja_denuncia		entidad	23	PUBLICABLE	1200	548	0.06836436572119392	0.05389393941767274	0.08677667148833718	0.007965362518572426	218374.0	200	
RESULT-ENDIREH2016-REST-TABLA	CALC-ENDIREH-PISOS-2016-RESTANTES-0001	15bc446bc8dc1efc182b770d53726e842db71eeeab9a16ff1cad36eda0a06388	pareja_denuncia		entidad	24	PUBLICABLE	1236	442	0.06006015037593985	0.046635989212090244	0.0713091827092548	0.006794202085624196	365750.0	200	
RESULT-ENDIREH2016-REST-TABLA	CALC-ENDIREH-PISOS-2016-RESTANTES-0001	15bc446bc8dc1efc182b770d53726e842db71eeeab9a16ff1cad36eda0a06388	pareja_denuncia		entidad	25	PUBLICABLE	1267	469	0.046852712948336685	0.032791204345028725	0.05949900372433247	0.007153879194979621	404523.0	200	
RESULT-ENDIREH2016-REST-TABLA	CALC-ENDIREH-PISOS-2016-RESTANTES-0001	15bc446bc8dc1efc182b770d53726e842db71eeeab9a16ff1cad36eda0a06388	pareja_denuncia		entidad	26	PUBLICABLE	1128	503	0.055640572014186485	0.03993368618785088	0.07127954360322382	0.007866736140402363	360061.0	200	
RESULT-ENDIREH2016-REST-TABLA	CALC-ENDIREH-PISOS-2016-RESTANTES-0001	15bc446bc8dc1efc182b770d53726e842db71eeeab9a16ff1cad36eda0a06388	pareja_denuncia		entidad	27	PUBLICABLE	1308	292	0.10105062990254338	0.0853644910440958	0.11792804030918645	0.008736312962313716	315525.0	200	
RESULT-ENDIREH2016-REST-TABLA	CALC-ENDIREH-PISOS-2016-RESTANTES-0001	15bc446bc8dc1efc182b770d53726e842db71eeeab9a16ff1cad36eda0a06388	pareja_denuncia		entidad	28	PUBLICABLE	995	492	0.063523863430857	0.048308870523205955	0.07906291461346641	0.007707699557726587	425777.0	200	
RESULT-ENDIREH2016-REST-TABLA	CALC-ENDIREH-PISOS-2016-RESTANTES-0001	15bc446bc8dc1efc182b770d53726e842db71eeeab9a16ff1cad36eda0a06388	pareja_denuncia		entidad	29	PUBLICABLE	1460	492	0.06589884620156321	0.05255114456781101	0.08057574217483161	0.007362069595041455	193448.0	200	
RESULT-ENDIREH2016-REST-TABLA	CALC-ENDIREH-PISOS-2016-RESTANTES-0001	15bc446bc8dc1efc182b770d53726e842db71eeeab9a16ff1cad36eda0a06388	pareja_denuncia		entidad	30	PUBLICABLE	1346	382	0.04221825014590026	0.030241100497289584	0.05231156385063918	0.005898407166744474	1201163.0	200	
RESULT-ENDIREH2016-REST-TABLA	CALC-ENDIREH-PISOS-2016-RESTANTES-0001	15bc446bc8dc1efc182b770d53726e842db71eeeab9a16ff1cad36eda0a06388	pareja_denuncia		entidad	31	PUBLICABLE	1357	462	0.08197960979019293	0.0642307045642849	0.09676839616480401	0.008204176209139201	331924.0	200	
RESULT-ENDIREH2016-REST-TABLA	CALC-ENDIREH-PISOS-2016-RESTANTES-0001	15bc446bc8dc1efc182b770d53726e842db71eeeab9a16ff1cad36eda0a06388	pareja_denuncia		entidad	32	PUBLICABLE	1417	368	0.04605610270840661	0.03381002124918192	0.05745105316568017	0.006151057745074534	227440.0	200	
RESULT-ENDIREH2016-REST-TABLA	CALC-ENDIREH-PISOS-2016-RESTANTES-0001	15bc446bc8dc1efc182b770d53726e842db71eeeab9a16ff1cad36eda0a06388	pareja_institucion_01		nacional	MX	PUBLICABLE	3833	3330	0.10415999523144305	0.09225557994074922	0.12218625357680778	0.007810568077110165	1576997.0	200	
RESULT-ENDIREH2016-REST-TABLA	CALC-ENDIREH-PISOS-2016-RESTANTES-0001	15bc446bc8dc1efc182b770d53726e842db71eeeab9a16ff1cad36eda0a06388	pareja_institucion_02		nacional	MX	PUBLICABLE	3825	3323	0.09676303283776495	0.08545366631635676	0.10895725954865985	0.0059980810484903556	1572336.0	200	
RESULT-ENDIREH2016-REST-TABLA	CALC-ENDIREH-PISOS-2016-RESTANTES-0001	15bc446bc8dc1efc182b770d53726e842db71eeeab9a16ff1cad36eda0a06388	pareja_institucion_03		nacional	MX	PUBLICABLE	3824	3322	0.031017746962661408	0.022225837097447486	0.038897737792884926	0.004418906307229429	1572100.0	200	
RESULT-ENDIREH2016-REST-TABLA	CALC-ENDIREH-PISOS-2016-RESTANTES-0001	15bc446bc8dc1efc182b770d53726e842db71eeeab9a16ff1cad36eda0a06388	pareja_institucion_04		nacional	MX	PUBLICABLE	3847	3338	0.05854001113529382	0.04716350573396601	0.06937335877962257	0.005406208405687875	1580560.0	200	
RESULT-ENDIREH2016-REST-TABLA	CALC-ENDIREH-PISOS-2016-RESTANTES-0001	15bc446bc8dc1efc182b770d53726e842db71eeeab9a16ff1cad36eda0a06388	pareja_institucion_05		nacional	MX	PUBLICABLE	3824	3322	0.08074995229311112	0.06764661934704863	0.09268652681841663	0.006224508886522144	1572100.0	200	
RESULT-ENDIREH2016-REST-TABLA	CALC-ENDIREH-PISOS-2016-RESTANTES-0001	15bc446bc8dc1efc182b770d53726e842db71eeeab9a16ff1cad36eda0a06388	pareja_institucion_06		nacional	MX	PUBLICABLE	3825	3323	0.05291652013210051	0.04280511317208109	0.06580821138407511	0.005989759688561926	1572439.0	200	
RESULT-ENDIREH2016-REST-TABLA	CALC-ENDIREH-PISOS-2016-RESTANTES-0001	15bc446bc8dc1efc182b770d53726e842db71eeeab9a16ff1cad36eda0a06388	pareja_institucion_07		nacional	MX	PUBLICABLE	3824	3322	0.14948667387570766	0.12879124274823667	0.1689137033303585	0.009547976670252367	1572100.0	200	
RESULT-ENDIREH2016-REST-TABLA	CALC-ENDIREH-PISOS-2016-RESTANTES-0001	15bc446bc8dc1efc182b770d53726e842db71eeeab9a16ff1cad36eda0a06388	pareja_institucion_08		nacional	MX	PUBLICABLE	3824	3322	0.0680821830672349	0.05878534649019012	0.0789538250567584	0.005353808162374217	1572100.0	200	
RESULT-ENDIREH2016-REST-TABLA	CALC-ENDIREH-PISOS-2016-RESTANTES-0001	15bc446bc8dc1efc182b770d53726e842db71eeeab9a16ff1cad36eda0a06388	pareja_institucion_09		nacional	MX	PUBLICABLE	3824	3322	0.0666077221550792	0.054142091287260975	0.0807396439335139	0.0076170925237589275	1572100.0	200	
RESULT-ENDIREH2016-REST-TABLA	CALC-ENDIREH-PISOS-2016-RESTANTES-0001	15bc446bc8dc1efc182b770d53726e842db71eeeab9a16ff1cad36eda0a06388	pareja_institucion_10		nacional	MX	PUBLICABLE	3907	3387	0.40537051782914874	0.3830700640995812	0.4289295604958949	0.011762153084905467	1607480.0	200	
RESULT-ENDIREH2016-REST-TABLA	CALC-ENDIREH-PISOS-2016-RESTANTES-0001	15bc446bc8dc1efc182b770d53726e842db71eeeab9a16ff1cad36eda0a06388	pareja_institucion_11		nacional	MX	PUBLICABLE	3824	3322	0.17185802429870872	0.15215443888686978	0.187412695039659	0.009067414344676039	1572100.0	200	
RESULT-ENDIREH2016-REST-TABLA	CALC-ENDIREH-PISOS-2016-RESTANTES-0001	15bc446bc8dc1efc182b770d53726e842db71eeeab9a16ff1cad36eda0a06388	pareja_razon_01		nacional	MX	PUBLICABLE	37480	14139	0.09711407613896314	0.09274931103646557	0.10197632676294337	0.0023326961297022533	16340937.0	200	
RESULT-ENDIREH2016-REST-TABLA	CALC-ENDIREH-PISOS-2016-RESTANTES-0001	15bc446bc8dc1efc182b770d53726e842db71eeeab9a16ff1cad36eda0a06388	pareja_razon_02		nacional	MX	PUBLICABLE	37480	14139	0.10179930318561292	0.09711281297047442	0.10731703332699827	0.0024647146107400907	16340937.0	200	
RESULT-ENDIREH2016-REST-TABLA	CALC-ENDIREH-PISOS-2016-RESTANTES-0001	15bc446bc8dc1efc182b770d53726e842db71eeeab9a16ff1cad36eda0a06388	pareja_razon_03		nacional	MX	PUBLICABLE	37480	14139	0.015058561207353043	0.013455935361143452	0.016746136093935347	0.0008789405579129823	16340937.0	200	
RESULT-ENDIREH2016-REST-TABLA	CALC-ENDIREH-PISOS-2016-RESTANTES-0001	15bc446bc8dc1efc182b770d53726e842db71eeeab9a16ff1cad36eda0a06388	pareja_razon_04		nacional	MX	PUBLICABLE	37480	14139	0.017223798121246046	0.015303123837203081	0.019219846720466803	0.0010960487239873033	16340937.0	200	
RESULT-ENDIREH2016-REST-TABLA	CALC-ENDIREH-PISOS-2016-RESTANTES-0001	15bc446bc8dc1efc182b770d53726e842db71eeeab9a16ff1cad36eda0a06388	pareja_razon_05		nacional	MX	PUBLICABLE	37480	14139	0.06277112505849573	0.059465142209338864	0.0670967959047549	0.001860435169582955	16340937.0	200	
RESULT-ENDIREH2016-REST-TABLA	CALC-ENDIREH-PISOS-2016-RESTANTES-0001	15bc446bc8dc1efc182b770d53726e842db71eeeab9a16ff1cad36eda0a06388	pareja_razon_06		nacional	MX	PUBLICABLE	37480	14139	0.06610392047897866	0.06289375881840774	0.07008950237342876	0.0018698903814824185	16340937.0	200	
RESULT-ENDIREH2016-REST-TABLA	CALC-ENDIREH-PISOS-2016-RESTANTES-0001	15bc446bc8dc1efc182b770d53726e842db71eeeab9a16ff1cad36eda0a06388	pareja_razon_07		nacional	MX	PUBLICABLE	37480	14139	0.009209141434178468	0.007931874154176202	0.01055102830059031	0.0006960729478893516	16340937.0	200	
RESULT-ENDIREH2016-REST-TABLA	CALC-ENDIREH-PISOS-2016-RESTANTES-0001	15bc446bc8dc1efc182b770d53726e842db71eeeab9a16ff1cad36eda0a06388	pareja_razon_08		nacional	MX	PUBLICABLE	37480	14139	0.5561663936407074	0.5465615036414313	0.564227061393208	0.004205522309348318	16340937.0	200	
RESULT-ENDIREH2016-REST-TABLA	CALC-ENDIREH-PISOS-2016-RESTANTES-0001	15bc446bc8dc1efc182b770d53726e842db71eeeab9a16ff1cad36eda0a06388	pareja_razon_09		nacional	MX	PUBLICABLE	37480	14139	0.05175792550941234	0.048321193165158025	0.05481052083341077	0.0018652074315461608	16340937.0	200	
RESULT-ENDIREH2016-REST-TABLA	CALC-ENDIREH-PISOS-2016-RESTANTES-0001	15bc446bc8dc1efc182b770d53726e842db71eeeab9a16ff1cad36eda0a06388	pareja_razon_10		nacional	MX	PUBLICABLE	37480	14139	0.011393777480446806	0.009848733931378943	0.012683776658967073	0.0007346541243484009	16340937.0	200	
RESULT-ENDIREH2016-REST-TABLA	CALC-ENDIREH-PISOS-2016-RESTANTES-0001	15bc446bc8dc1efc182b770d53726e842db71eeeab9a16ff1cad36eda0a06388	pareja_razon_11		nacional	MX	PUBLICABLE	37480	14139	0.037060053533037915	0.03374621677609308	0.03988003799102403	0.001609898987721126	16340937.0	200	
RESULT-ENDIREH2016-REST-TABLA	CALC-ENDIREH-PISOS-2016-RESTANTES-0001	15bc446bc8dc1efc182b770d53726e842db71eeeab9a16ff1cad36eda0a06388	pareja_razon_12		nacional	MX	PUBLICABLE	37480	14139	0.09086033438596575	0.08634830492919328	0.09449036143580439	0.0020055952480560217	16340937.0	200	
RESULT-ENDIREH2016-REST-TABLA	CALC-ENDIREH-PISOS-2016-RESTANTES-0001	15bc446bc8dc1efc182b770d53726e842db71eeeab9a16ff1cad36eda0a06388	pareja_razon_13		nacional	MX	PUBLICABLE	37480	14139	0.04279179339593562	0.03947122304786494	0.045736494361087426	0.0017330103537713155	16340937.0	200	
RESULT-ENDIREH2016-REST-TABLA	CALC-ENDIREH-PISOS-2016-RESTANTES-0001	15bc446bc8dc1efc182b770d53726e842db71eeeab9a16ff1cad36eda0a06388	pareja_razon_14		nacional	MX	PUBLICABLE	37480	14139	0.034273799599129476	0.03170283258183736	0.03686299872874193	0.001381337626797913	16340937.0	200	
RESULT-ENDIREH2016-REST-TABLA	CALC-ENDIREH-PISOS-2016-RESTANTES-0001	15bc446bc8dc1efc182b770d53726e842db71eeeab9a16ff1cad36eda0a06388	pareja_razon_15		nacional	MX	PUBLICABLE	37480	14139	0.03147928420506119	0.02881039906058913	0.0343882062328504	0.0015050459837502644	16340937.0	200	
RESULT-ENDIREH2016-REST-TABLA	CALC-ENDIREH-PISOS-2016-RESTANTES-0001	15bc446bc8dc1efc182b770d53726e842db71eeeab9a16ff1cad36eda0a06388	dinero_libre		nacional	MX	PUBLICABLE	72855	17174	0.42527755615308177	0.419109804868113	0.43213582470491435	0.003181965271417219	26567687.0	200	
RESULT-ENDIREH2016-REST-TABLA	CALC-ENDIREH-PISOS-2016-RESTANTES-0001	15bc446bc8dc1efc182b770d53726e842db71eeeab9a16ff1cad36eda0a06388	dinero_libre		edad	15-29	PUBLICABLE	16502	8767	0.46368777296957453	0.450685777195567	0.47576537608371516	0.0062428106199793505	5980520.0	200	
RESULT-ENDIREH2016-REST-TABLA	CALC-ENDIREH-PISOS-2016-RESTANTES-0001	15bc446bc8dc1efc182b770d53726e842db71eeeab9a16ff1cad36eda0a06388	dinero_libre		edad	30-44	PUBLICABLE	28713	12344	0.4295174991498474	0.4200214771134494	0.4384276542262997	0.0046978304202630735	10004086.0	200	
RESULT-ENDIREH2016-REST-TABLA	CALC-ENDIREH-PISOS-2016-RESTANTES-0001	15bc446bc8dc1efc182b770d53726e842db71eeeab9a16ff1cad36eda0a06388	dinero_libre		edad	45-59	PUBLICABLE	18160	10158	0.41108380594946037	0.4017622113650594	0.4197488667599453	0.005042496943764764	7178130.0	200	
RESULT-ENDIREH2016-REST-TABLA	CALC-ENDIREH-PISOS-2016-RESTANTES-0001	15bc446bc8dc1efc182b770d53726e842db71eeeab9a16ff1cad36eda0a06388	dinero_libre		edad	60+	PUBLICABLE	9480	6145	0.3752782345472813	0.35867810914882026	0.38955697465333605	0.007827068136272255	3404951.0	200	
RESULT-ENDIREH2016-REST-TABLA	CALC-ENDIREH-PISOS-2016-RESTANTES-0001	15bc446bc8dc1efc182b770d53726e842db71eeeab9a16ff1cad36eda0a06388	dinero_libre		escolaridad	ninguno	PUBLICABLE	4490	2720	0.25785391060377816	0.2411376153587732	0.274386634283186	0.00918207877380775	1689445.0	200	
RESULT-ENDIREH2016-REST-TABLA	CALC-ENDIREH-PISOS-2016-RESTANTES-0001	15bc446bc8dc1efc182b770d53726e842db71eeeab9a16ff1cad36eda0a06388	dinero_libre		escolaridad	basica	PUBLICABLE	45219	13726	0.3573603879396118	0.35023327506373214	0.36555312303159554	0.003852650736188505	16387499.0	200	
RESULT-ENDIREH2016-REST-TABLA	CALC-ENDIREH-PISOS-2016-RESTANTES-0001	15bc446bc8dc1efc182b770d53726e842db71eeeab9a16ff1cad36eda0a06388	dinero_libre		escolaridad	media_superior	PUBLICABLE	13038	8584	0.49843951490507726	0.48694187258268773	0.5111413658263847	0.006742302447485717	4908730.0	200	
RESULT-ENDIREH2016-REST-TABLA	CALC-ENDIREH-PISOS-2016-RESTANTES-0001	15bc446bc8dc1efc182b770d53726e842db71eeeab9a16ff1cad36eda0a06388	dinero_libre		escolaridad	superior	PUBLICABLE	10105	7005	0.7147704713427726	0.7014613444595721	0.7288335521184182	0.006741469008522321	3581470.0	200	
RESULT-ENDIREH2016-REST-TABLA	CALC-ENDIREH-PISOS-2016-RESTANTES-0001	15bc446bc8dc1efc182b770d53726e842db71eeeab9a16ff1cad36eda0a06388	dinero_libre		localidad	U	PUBLICABLE	34051	13735	0.5033229087061228	0.4948175389016604	0.5118454999020932	0.004384096840780129	13822077.0	200	
RESULT-ENDIREH2016-REST-TABLA	CALC-ENDIREH-PISOS-2016-RESTANTES-0001	15bc446bc8dc1efc182b770d53726e842db71eeeab9a16ff1cad36eda0a06388	dinero_libre		localidad	C	PUBLICABLE	19096	1793	0.38070358049455016	0.3676500014769535	0.3932674112227098	0.007027734029624644	6323484.0	200	
RESULT-ENDIREH2016-REST-TABLA	CALC-ENDIREH-PISOS-2016-RESTANTES-0001	15bc446bc8dc1efc182b770d53726e842db71eeeab9a16ff1cad36eda0a06388	dinero_libre		localidad	R	PUBLICABLE	19708	1646	0.3011930940003357	0.29043465321265344	0.31282929947383875	0.005480097471112107	6422126.0	200	
RESULT-ENDIREH2016-REST-TABLA	CALC-ENDIREH-PISOS-2016-RESTANTES-0001	15bc446bc8dc1efc182b770d53726e842db71eeeab9a16ff1cad36eda0a06388	dinero_libre		pareja	A1	PUBLICABLE	70750	17108	0.423093962742539	0.4164106215976148	0.42865122850214304	0.003195866010656235	25682158.0	200	
RESULT-ENDIREH2016-REST-TABLA	CALC-ENDIREH-PISOS-2016-RESTANTES-0001	15bc446bc8dc1efc182b770d53726e842db71eeeab9a16ff1cad36eda0a06388	dinero_libre		pareja	A2	PUBLICABLE	2105	1748	0.4886062455323315	0.45986023725180225	0.5213550633756353	0.016440885088797354	885529.0	200	
RESULT-ENDIREH2016-REST-TABLA	CALC-ENDIREH-PISOS-2016-RESTANTES-0001	15bc446bc8dc1efc182b770d53726e842db71eeeab9a16ff1cad36eda0a06388	dinero_libre		entidad	01	PUBLICABLE	2253	641	0.4502651954588752	0.4249629516956935	0.4727007365858704	0.01300530401327444	269801.0	200	
RESULT-ENDIREH2016-REST-TABLA	CALC-ENDIREH-PISOS-2016-RESTANTES-0001	15bc446bc8dc1efc182b770d53726e842db71eeeab9a16ff1cad36eda0a06388	dinero_libre		entidad	02	PUBLICABLE	1975	677	0.5854609889245839	0.5606578497490065	0.6176581186984808	0.014571081374469724	712208.0	200	
RESULT-ENDIREH2016-REST-TABLA	CALC-ENDIREH-PISOS-2016-RESTANTES-0001	15bc446bc8dc1efc182b770d53726e842db71eeeab9a16ff1cad36eda0a06388	dinero_libre		entidad	03	PUBLICABLE	2115	430	0.4400249970241638	0.4151069435529553	0.4698338213896699	0.015215369907894717	168020.0	200	
RESULT-ENDIREH2016-REST-TABLA	CALC-ENDIREH-PISOS-2016-RESTANTES-0001	15bc446bc8dc1efc182b770d53726e842db71eeeab9a16ff1cad36eda0a06388	dinero_libre		entidad	04	PUBLICABLE	2301	529	0.3731506744034124	0.34673754699194	0.3971324281910008	0.01456455809851349	208184.0	200	
RESULT-ENDIREH2016-REST-TABLA	CALC-ENDIREH-PISOS-2016-RESTANTES-0001	15bc446bc8dc1efc182b770d53726e842db71eeeab9a16ff1cad36eda0a06388	dinero_libre		entidad	05	PUBLICABLE	2402	684	0.5402853582773205	0.515027466518763	0.5639733061217592	0.012294668025377263	683772.0	200	
RESULT-ENDIREH2016-REST-TABLA	CALC-ENDIREH-PISOS-2016-RESTANTES-0001	15bc446bc8dc1efc182b770d53726e842db71eeeab9a16ff1cad36eda0a06388	dinero_libre		entidad	06	PUBLICABLE	2160	598	0.46087770082319773	0.4340637072964762	0.4901171852639288	0.014392265737937152	159257.0	200	
RESULT-ENDIREH2016-REST-TABLA	CALC-ENDIREH-PISOS-2016-RESTANTES-0001	15bc446bc8dc1efc182b770d53726e842db71eeeab9a16ff1cad36eda0a06388	dinero_libre		entidad	07	PUBLICABLE	2597	358	0.32849611650906	0.2974167608137485	0.3577528551626273	0.015282092234667392	1154245.0	200	
RESULT-ENDIREH2016-REST-TABLA	CALC-ENDIREH-PISOS-2016-RESTANTES-0001	15bc446bc8dc1efc182b770d53726e842db71eeeab9a16ff1cad36eda0a06388	dinero_libre		entidad	08	PUBLICABLE	2020	661	0.5083037025199508	0.4842495956276617	0.530265330468611	0.012443001250320695	800968.0	200	
RESULT-ENDIREH2016-REST-TABLA	CALC-ENDIREH-PISOS-2016-RESTANTES-0001	15bc446bc8dc1efc182b770d53726e842db71eeeab9a16ff1cad36eda0a06388	dinero_libre		entidad	09	PUBLICABLE	1960	828	0.5956570492813673	0.5725784274278352	0.6187892321714359	0.012458789405169927	1778238.0	200	
RESULT-ENDIREH2016-REST-TABLA	CALC-ENDIREH-PISOS-2016-RESTANTES-0001	15bc446bc8dc1efc182b770d53726e842db71eeeab9a16ff1cad36eda0a06388	dinero_libre		entidad	10	PUBLICABLE	2183	541	0.4500695007079495	0.4256096784728225	0.476067845439844	0.013602444045747399	386327.0	200	
RESULT-ENDIREH2016-REST-TABLA	CALC-ENDIREH-PISOS-2016-RESTANTES-0001	15bc446bc8dc1efc182b770d53726e842db71eeeab9a16ff1cad36eda0a06388	dinero_libre		entidad	11	PUBLICABLE	2416	499	0.399843680721278	0.37713852114531676	0.42475173288694423	0.013093239181367823	1321654.0	200	
RESULT-ENDIREH2016-REST-TABLA	CALC-ENDIREH-PISOS-2016-RESTANTES-0001	15bc446bc8dc1efc182b770d53726e842db71eeeab9a16ff1cad36eda0a06388	dinero_libre		entidad	12	PUBLICABLE	2205	403	0.23905444238869425	0.2140553371888999	0.26024563756807056	0.012094843972074592	762090.0	200	
RESULT-ENDIREH2016-REST-TABLA	CALC-ENDIREH-PISOS-2016-RESTANTES-0001	15bc446bc8dc1efc182b770d53726e842db71eeeab9a16ff1cad36eda0a06388	dinero_libre		entidad	13	PUBLICABLE	2347	339	0.35563317429727137	0.3301508121531843	0.38037744444248334	0.013072985707674985	661066.0	200	
RESULT-ENDIREH2016-REST-TABLA	CALC-ENDIREH-PISOS-2016-RESTANTES-0001	15bc446bc8dc1efc182b770d53726e842db71eeeab9a16ff1cad36eda0a06388	dinero_libre		entidad	14	PUBLICABLE	2197	557	0.5143789135612644	0.4875059573312611	0.5384588165356071	0.01335637026869973	1670154.0	200	
RESULT-ENDIREH2016-REST-TABLA	CALC-ENDIREH-PISOS-2016-RESTANTES-0001	15bc446bc8dc1efc182b770d53726e842db71eeeab9a16ff1cad36eda0a06388	dinero_libre		entidad	15	PUBLICABLE	2241	686	0.3936292794136115	0.36565687968525123	0.42188901877979446	0.013533551301947491	3718763.0	200	
RESULT-ENDIREH2016-REST-TABLA	CALC-ENDIREH-PISOS-2016-RESTANTES-0001	15bc446bc8dc1efc182b770d53726e842db71eeeab9a16ff1cad36eda0a06388	dinero_libre		entidad	16	PUBLICABLE	2398	375	0.3981502654693802	0.37077513597121403	0.42843705452584696	0.015343571213847424	1040798.0	200	
RESULT-ENDIREH2016-REST-TABLA	CALC-ENDIREH-PISOS-2016-RESTANTES-0001	15bc446bc8dc1efc182b770d53726e842db71eeeab9a16ff1cad36eda0a06388	dinero_libre		entidad	17	PUBLICABLE	2016	540	0.3945724424009196	0.3719202947232931	0.4144961042713025	0.012141060524225115	420189.0	200	
RESULT-ENDIREH2016-REST-TABLA	CALC-ENDIREH-PISOS-2016-RESTANTES-0001	15bc446bc8dc1efc182b770d53726e842db71eeeab9a16ff1cad36eda0a06388	dinero_libre		entidad	18	PUBLICABLE	2375	436	0.42738179752946187	0.4054173092537038	0.45201192659869543	0.012879824068733205	281720.0	200	
RESULT-ENDIREH2016-REST-TABLA	CALC-ENDIREH-PISOS-2016-RESTANTES-0001	15bc446bc8dc1efc182b770d53726e842db71eeeab9a16ff1cad36eda0a06388	dinero_libre		entidad	19	PUBLICABLE	2257	697	0.5536040122558669	0.5308638926908364	0.5795571969838528	0.01368137458449492	1168420.0	200	
RESULT-ENDIREH2016-REST-TABLA	CALC-ENDIREH-PISOS-2016-RESTANTES-0001	15bc446bc8dc1efc182b770d53726e842db71eeeab9a16ff1cad36eda0a06388	dinero_libre		entidad	20	PUBLICABLE	2448	324	0.2870179193606522	0.2645732461848888	0.3103633349581746	0.012063186896255747	898916.0	200	
RESULT-ENDIREH2016-REST-TABLA	CALC-ENDIREH-PISOS-2016-RESTANTES-0001	15bc446bc8dc1efc182b770d53726e842db71eeeab9a16ff1cad36eda0a06388	dinero_libre		entidad	21	PUBLICABLE	2953	659	0.33586842869914235	0.31136005065970423	0.3580234098552856	0.012561272367408055	1345643.0	200	
RESULT-ENDIREH2016-REST-TABLA	CALC-ENDIREH-PISOS-2016-RESTANTES-0001	15bc446bc8dc1efc182b770d53726e842db71eeeab9a16ff1cad36eda0a06388	dinero_libre		entidad	22	PUBLICABLE	2268	552	0.4116496858803746	0.3867828362026753	0.4364803424789097	0.012879039614241463	434707.0	200	
RESULT-ENDIREH2016-REST-TABLA	CALC-ENDIREH-PISOS-2016-RESTANTES-0001	15bc446bc8dc1efc182b770d53726e842db71eeeab9a16ff1cad36eda0a06388	dinero_libre		entidad	23	PUBLICABLE	2093	646	0.42876491220231444	0.4005598396532381	0.4577971278428113	0.01536835347697332	358096.0	200	
RESULT-ENDIREH2016-REST-TABLA	CALC-ENDIREH-PISOS-2016-RESTANTES-0001	15bc446bc8dc1efc182b770d53726e842db71eeeab9a16ff1cad36eda0a06388	dinero_libre		entidad	24	PUBLICABLE	2323	501	0.42372022135297427	0.39515558477462237	0.44622242731154915	0.012925351759788224	611512.0	200	
RESULT-ENDIREH2016-REST-TABLA	CALC-ENDIREH-PISOS-2016-RESTANTES-0001	15bc446bc8dc1efc182b770d53726e842db71eeeab9a16ff1cad36eda0a06388	dinero_libre		entidad	25	PUBLICABLE	2327	531	0.4017447492036887	0.3788799292494082	0.4262403281893879	0.012642504054074504	658662.0	200	
RESULT-ENDIREH2016-REST-TABLA	CALC-ENDIREH-PISOS-2016-RESTANTES-0001	15bc446bc8dc1efc182b770d53726e842db71eeeab9a16ff1cad36eda0a06388	dinero_libre		entidad	26	PUBLICABLE	2138	595	0.49902086116337974	0.477388853530269	0.5229722661277573	0.012716472210318405	626571.0	200	
RESULT-ENDIREH2016-REST-TABLA	CALC-ENDIREH-PISOS-2016-RESTANTES-0001	15bc446bc8dc1efc182b770d53726e842db71eeeab9a16ff1cad36eda0a06388	dinero_libre		entidad	27	PUBLICABLE	2452	332	0.3056293297178835	0.28074099452041895	0.3282901337670247	0.012336791719614349	538430.0	200	
RESULT-ENDIREH2016-REST-TABLA	CALC-ENDIREH-PISOS-2016-RESTANTES-0001	15bc446bc8dc1efc182b770d53726e842db71eeeab9a16ff1cad36eda0a06388	dinero_libre		entidad	28	PUBLICABLE	2125	666	0.4620024589858546	0.4357409958717791	0.4884927992848101	0.014747848020590537	805210.0	200	
RESULT-ENDIREH2016-REST-TABLA	CALC-ENDIREH-PISOS-2016-RESTANTES-0001	15bc446bc8dc1efc182b770d53726e842db71eeeab9a16ff1cad36eda0a06388	dinero_libre		entidad	29	PUBLICABLE	2281	583	0.3410317871642049	0.31669902776246034	0.364854212674957	0.012505704005052605	277848.0	200	
RESULT-ENDIREH2016-REST-TABLA	CALC-ENDIREH-PISOS-2016-RESTANTES-0001	15bc446bc8dc1efc182b770d53726e842db71eeeab9a16ff1cad36eda0a06388	dinero_libre		entidad	30	PUBLICABLE	2202	408	0.37896194849172915	0.35355080269641653	0.40511442667626885	0.013567683346902261	1785422.0	200	
RESULT-ENDIREH2016-REST-TABLA	CALC-ENDIREH-PISOS-2016-RESTANTES-0001	15bc446bc8dc1efc182b770d53726e842db71eeeab9a16ff1cad36eda0a06388	dinero_libre		entidad	31	PUBLICABLE	2239	521	0.4546423565835966	0.4306238945779728	0.47927807871071204	0.012676463008411592	491593.0	200	
RESULT-ENDIREH2016-REST-TABLA	CALC-ENDIREH-PISOS-2016-RESTANTES-0001	15bc446bc8dc1efc182b770d53726e842db71eeeab9a16ff1cad36eda0a06388	dinero_libre		entidad	32	PUBLICABLE	2588	377	0.32502444454676693	0.30335551573580194	0.34889190688805893	0.01224476586946083	369203.0	200	
RESULT-ENDIREH2016-REST-TABLA	CALC-ENDIREH-PISOS-2016-RESTANTES-0001	15bc446bc8dc1efc182b770d53726e842db71eeeab9a16ff1cad36eda0a06388	decision_su_dinero		nacional	MX	PUBLICABLE	69134	17031	0.939829150403736	0.9368544392477918	0.9422990096896335	0.001409940698339392	25119755.0	200	
RESULT-ENDIREH2016-REST-TABLA	CALC-ENDIREH-PISOS-2016-RESTANTES-0001	15bc446bc8dc1efc182b770d53726e842db71eeeab9a16ff1cad36eda0a06388	decision_su_dinero		edad	15-29	PUBLICABLE	15519	8519	0.9383708464426086	0.9332129362580773	0.9441912513873443	0.0028331527045484892	5575251.0	200	
RESULT-ENDIREH2016-REST-TABLA	CALC-ENDIREH-PISOS-2016-RESTANTES-0001	15bc446bc8dc1efc182b770d53726e842db71eeeab9a16ff1cad36eda0a06388	decision_su_dinero		edad	30-44	PUBLICABLE	27477	12155	0.9485435444310439	0.9446499532993123	0.952870854140914	0.00205134775498698	9541932.0	200	
RESULT-ENDIREH2016-REST-TABLA	CALC-ENDIREH-PISOS-2016-RESTANTES-0001	15bc446bc8dc1efc182b770d53726e842db71eeeab9a16ff1cad36eda0a06388	decision_su_dinero		edad	45-59	PUBLICABLE	17334	9946	0.9427984370277571	0.9383000250749838	0.9469726049350833	0.0022520538829220744	6842348.0	200	
RESULT-ENDIREH2016-REST-TABLA	CALC-ENDIREH-PISOS-2016-RESTANTES-0001	15bc446bc8dc1efc182b770d53726e842db71eeeab9a16ff1cad36eda0a06388	decision_su_dinero		edad	60+	PUBLICABLE	8804	5858	0.9096608341687171	0.9005930375733622	0.9172375699720406	0.004277990163649021	3160224.0	200	
RESULT-ENDIREH2016-REST-TABLA	CALC-ENDIREH-PISOS-2016-RESTANTES-0001	15bc446bc8dc1efc182b770d53726e842db71eeeab9a16ff1cad36eda0a06388	decision_su_dinero		escolaridad	ninguno	PUBLICABLE	4101	2588	0.8615362062579742	0.8460981623798128	0.8769238163537847	0.007924331799938747	1541681.0	200	
RESULT-ENDIREH2016-REST-TABLA	CALC-ENDIREH-PISOS-2016-RESTANTES-0001	15bc446bc8dc1efc182b770d53726e842db71eeeab9a16ff1cad36eda0a06388	decision_su_dinero		escolaridad	basica	PUBLICABLE	42594	13440	0.9336472780461116	0.929485611348646	0.9375133313059858	0.002016348294765663	15367674.0	200	
RESULT-ENDIREH2016-REST-TABLA	CALC-ENDIREH-PISOS-2016-RESTANTES-0001	15bc446bc8dc1efc182b770d53726e842db71eeeab9a16ff1cad36eda0a06388	decision_su_dinero		escolaridad	media_superior	PUBLICABLE	12507	8372	0.9589822081341548	0.9544358526306408	0.9634355963832433	0.00253324541557788	4694280.0	200	
RESULT-ENDIREH2016-REST-TABLA	CALC-ENDIREH-PISOS-2016-RESTANTES-0001	15bc446bc8dc1efc182b770d53726e842db71eeeab9a16ff1cad36eda0a06388	decision_su_dinero		escolaridad	superior	PUBLICABLE	9929	6919	0.9756017291044969	0.9716139975657985	0.9792641479611046	0.002096114914537049	3515577.0	200	
RESULT-ENDIREH2016-REST-TABLA	CALC-ENDIREH-PISOS-2016-RESTANTES-0001	15bc446bc8dc1efc182b770d53726e842db71eeeab9a16ff1cad36eda0a06388	decision_su_dinero		localidad	U	PUBLICABLE	32730	13592	0.9535270407301061	0.9501852596822236	0.9572554207015184	0.001785213045725252	13213641.0	200	
RESULT-ENDIREH2016-REST-TABLA	CALC-ENDIREH-PISOS-2016-RESTANTES-0001	15bc446bc8dc1efc182b770d53726e842db71eeeab9a16ff1cad36eda0a06388	decision_su_dinero		localidad	C	PUBLICABLE	18128	1793	0.9438905075603539	0.939243476444121	0.949526139804256	0.0025865732908710174	5981929.0	200	
RESULT-ENDIREH2016-REST-TABLA	CALC-ENDIREH-PISOS-2016-RESTANTES-0001	15bc446bc8dc1efc182b770d53726e842db71eeeab9a16ff1cad36eda0a06388	decision_su_dinero		localidad	R	PUBLICABLE	18276	1646	0.9051756486335251	0.8982534251327386	0.912204638753082	0.0035114757260192616	5924185.0	200	
RESULT-ENDIREH2016-REST-TABLA	CALC-ENDIREH-PISOS-2016-RESTANTES-0001	15bc446bc8dc1efc182b770d53726e842db71eeeab9a16ff1cad36eda0a06388	decision_su_dinero		pareja	A1	PUBLICABLE	67117	16957	0.9393265309040203	0.9364839771365928	0.9420068918720932	0.0014022487302800459	24270839.0	200	
RESULT-ENDIREH2016-REST-TABLA	CALC-ENDIREH-PISOS-2016-RESTANTES-0001	15bc446bc8dc1efc182b770d53726e842db71eeeab9a16ff1cad36eda0a06388	decision_su_dinero		pareja	A2	PUBLICABLE	2017	1689	0.9541992376159715	0.9343254509162269	0.9676938862764014	0.008418610411874694	848916.0	200	
RESULT-ENDIREH2016-REST-TABLA	CALC-ENDIREH-PISOS-2016-RESTANTES-0001	15bc446bc8dc1efc182b770d53726e842db71eeeab9a16ff1cad36eda0a06388	decision_su_dinero		entidad	01	PUBLICABLE	2198	638	0.954100346218449	0.9450676291503703	0.9623554980832316	0.005056322183800014	262551.0	200	
RESULT-ENDIREH2016-REST-TABLA	CALC-ENDIREH-PISOS-2016-RESTANTES-0001	15bc446bc8dc1efc182b770d53726e842db71eeeab9a16ff1cad36eda0a06388	decision_su_dinero		entidad	02	PUBLICABLE	1907	671	0.9723434126681079	0.965849165030222	0.9794681685993906	0.003659578156193492	688769.0	200	
RESULT-ENDIREH2016-REST-TABLA	CALC-ENDIREH-PISOS-2016-RESTANTES-0001	15bc446bc8dc1efc182b770d53726e842db71eeeab9a16ff1cad36eda0a06388	decision_su_dinero		entidad	03	PUBLICABLE	2018	428	0.9517486137706064	0.9401365761621581	0.9624230949972846	0.005527235625010298	160327.0	200	
RESULT-ENDIREH2016-REST-TABLA	CALC-ENDIREH-PISOS-2016-RESTANTES-0001	15bc446bc8dc1efc182b770d53726e842db71eeeab9a16ff1cad36eda0a06388	decision_su_dinero		entidad	04	PUBLICABLE	2161	527	0.925883624332256	0.9132281005832527	0.9384360631202874	0.006840563666980318	195247.0	200	
RESULT-ENDIREH2016-REST-TABLA	CALC-ENDIREH-PISOS-2016-RESTANTES-0001	15bc446bc8dc1efc182b770d53726e842db71eeeab9a16ff1cad36eda0a06388	decision_su_dinero		entidad	05	PUBLICABLE	2324	678	0.970031739112667	0.9634101195062187	0.9774690053408481	0.003700421540052774	660699.0	200	
RESULT-ENDIREH2016-REST-TABLA	CALC-ENDIREH-PISOS-2016-RESTANTES-0001	15bc446bc8dc1efc182b770d53726e842db71eeeab9a16ff1cad36eda0a06388	decision_su_dinero		entidad	06	PUBLICABLE	2063	592	0.9506516529332589	0.9397304986691479	0.9618818639144863	0.005728810383429186	152305.0	200	
RESULT-ENDIREH2016-REST-TABLA	CALC-ENDIREH-PISOS-2016-RESTANTES-0001	15bc446bc8dc1efc182b770d53726e842db71eeeab9a16ff1cad36eda0a06388	decision_su_dinero		entidad	07	PUBLICABLE	2469	357	0.8884721439123001	0.8682627086584568	0.9024176794394366	0.009207814385868145	1101393.0	200	
RESULT-ENDIREH2016-REST-TABLA	CALC-ENDIREH-PISOS-2016-RESTANTES-0001	15bc446bc8dc1efc182b770d53726e842db71eeeab9a16ff1cad36eda0a06388	decision_su_dinero		entidad	08	PUBLICABLE	1955	653	0.9537281112842027	0.9419915480536727	0.9639927252779787	0.005507106978850121	773515.0	200	
RESULT-ENDIREH2016-REST-TABLA	CALC-ENDIREH-PISOS-2016-RESTANTES-0001	15bc446bc8dc1efc182b770d53726e842db71eeeab9a16ff1cad36eda0a06388	decision_su_dinero		entidad	09	PUBLICABLE	1862	815	0.9496416651543955	0.9387325445604607	0.9600329073590202	0.005611389205815063	1702737.0	200	
RESULT-ENDIREH2016-REST-TABLA	CALC-ENDIREH-PISOS-2016-RESTANTES-0001	15bc446bc8dc1efc182b770d53726e842db71eeeab9a16ff1cad36eda0a06388	decision_su_dinero		entidad	10	PUBLICABLE	2101	537	0.9548035228527566	0.9441139545079646	0.9635918908711806	0.004956837985969891	371290.0	200	
RESULT-ENDIREH2016-REST-TABLA	CALC-ENDIREH-PISOS-2016-RESTANTES-0001	15bc446bc8dc1efc182b770d53726e842db71eeeab9a16ff1cad36eda0a06388	decision_su_dinero		entidad	11	PUBLICABLE	2255	498	0.9541815651948808	0.9441143725586396	0.963945050039757	0.004984409863763955	1236140.0	200	
RESULT-ENDIREH2016-REST-TABLA	CALC-ENDIREH-PISOS-2016-RESTANTES-0001	15bc446bc8dc1efc182b770d53726e842db71eeeab9a16ff1cad36eda0a06388	decision_su_dinero		entidad	12	PUBLICABLE	2097	399	0.9310413619747202	0.914093734949128	0.9424986034683671	0.0070163875336347985	726827.0	200	
RESULT-ENDIREH2016-REST-TABLA	CALC-ENDIREH-PISOS-2016-RESTANTES-0001	15bc446bc8dc1efc182b770d53726e842db71eeeab9a16ff1cad36eda0a06388	decision_su_dinero		entidad	13	PUBLICABLE	2213	338	0.9417508201968472	0.9271112941800027	0.9554852612389381	0.007324384621950663	624850.0	200	
RESULT-ENDIREH2016-REST-TABLA	CALC-ENDIREH-PISOS-2016-RESTANTES-0001	15bc446bc8dc1efc182b770d53726e842db71eeeab9a16ff1cad36eda0a06388	decision_su_dinero		entidad	14	PUBLICABLE	2109	556	0.9600087356680446	0.951348754568569	0.9685834227762301	0.004312770082150089	1602625.0	200	
RESULT-ENDIREH2016-REST-TABLA	CALC-ENDIREH-PISOS-2016-RESTANTES-0001	15bc446bc8dc1efc182b770d53726e842db71eeeab9a16ff1cad36eda0a06388	decision_su_dinero		entidad	15	PUBLICABLE	2122	680	0.932015317709043	0.9208608850435164	0.9446971655781666	0.006299394175448419	3522720.0	200	
RESULT-ENDIREH2016-REST-TABLA	CALC-ENDIREH-PISOS-2016-RESTANTES-0001	15bc446bc8dc1efc182b770d53726e842db71eeeab9a16ff1cad36eda0a06388	decision_su_dinero		entidad	16	PUBLICABLE	2251	374	0.9365447481297979	0.9235401407211479	0.947962130207956	0.0061891227057818505	980108.0	200	
RESULT-ENDIREH2016-REST-TABLA	CALC-ENDIREH-PISOS-2016-RESTANTES-0001	15bc446bc8dc1efc182b770d53726e842db71eeeab9a16ff1cad36eda0a06388	decision_su_dinero		entidad	17	PUBLICABLE	1927	538	0.9544908388383397	0.9441866381600866	0.9665053832145468	0.005885871663772518	401150.0	200	
RESULT-ENDIREH2016-REST-TABLA	CALC-ENDIREH-PISOS-2016-RESTANTES-0001	15bc446bc8dc1efc182b770d53726e842db71eeeab9a16ff1cad36eda0a06388	decision_su_dinero		entidad	18	PUBLICABLE	2257	433	0.9309786264878211	0.9152528154916924	0.9425122395624386	0.00719749357911422	266077.0	200	
RESULT-ENDIREH2016-REST-TABLA	CALC-ENDIREH-PISOS-2016-RESTANTES-0001	15bc446bc8dc1efc182b770d53726e842db71eeeab9a16ff1cad36eda0a06388	decision_su_dinero		entidad	19	PUBLICABLE	2122	687	0.9670215754324601	0.9573042342200738	0.9750944898372913	0.004586660332859679	1103570.0	200	
RESULT-ENDIREH2016-REST-TABLA	CALC-ENDIREH-PISOS-2016-RESTANTES-0001	15bc446bc8dc1efc182b770d53726e842db71eeeab9a16ff1cad36eda0a06388	decision_su_dinero		entidad	20	PUBLICABLE	2273	324	0.9147069601017395	0.9012124216948004	0.9276900138133307	0.007302273073387055	835074.0	200	
RESULT-ENDIREH2016-REST-TABLA	CALC-ENDIREH-PISOS-2016-RESTANTES-0001	15bc446bc8dc1efc182b770d53726e842db71eeeab9a16ff1cad36eda0a06388	decision_su_dinero		entidad	21	PUBLICABLE	2700	650	0.9308299155290497	0.9182348022148166	0.944460633162946	0.006680507731526108	1211304.0	200	
RESULT-ENDIREH2016-REST-TABLA	CALC-ENDIREH-PISOS-2016-RESTANTES-0001	15bc446bc8dc1efc182b770d53726e842db71eeeab9a16ff1cad36eda0a06388	decision_su_dinero		entidad	22	PUBLICABLE	2193	546	0.948732699801607	0.9390920543451703	0.9598139339163315	0.005442188646234875	422394.0	200	
RESULT-ENDIREH2016-REST-TABLA	CALC-ENDIREH-PISOS-2016-RESTANTES-0001	15bc446bc8dc1efc182b770d53726e842db71eeeab9a16ff1cad36eda0a06388	decision_su_dinero		entidad	23	PUBLICABLE	2010	640	0.9348864386233681	0.9165581646995843	0.9503975400752663	0.007902688617321992	343999.0	200	
RESULT-ENDIREH2016-REST-TABLA	CALC-ENDIREH-PISOS-2016-RESTANTES-0001	15bc446bc8dc1efc182b770d53726e842db71eeeab9a16ff1cad36eda0a06388	decision_su_dinero		entidad	24	PUBLICABLE	2179	498	0.9251578013906384	0.9084211601221668	0.9364527019373636	0.006713449917134783	573981.0	200	
RESULT-ENDIREH2016-REST-TABLA	CALC-ENDIREH-PISOS-2016-RESTANTES-0001	15bc446bc8dc1efc182b770d53726e842db71eeeab9a16ff1cad36eda0a06388	decision_su_dinero		entidad	25	PUBLICABLE	2227	526	0.9572141695133249	0.946388133727331	0.9674775293476772	0.005611548461574897	628222.0	200	
RESULT-ENDIREH2016-REST-TABLA	CALC-ENDIREH-PISOS-2016-RESTANTES-0001	15bc446bc8dc1efc182b770d53726e842db71eeeab9a16ff1cad36eda0a06388	decision_su_dinero		entidad	26	PUBLICABLE	2048	592	0.962802173985529	0.953817834600839	0.9710941463485442	0.00435427160170748	599820.0	200	
RESULT-ENDIREH2016-REST-TABLA	CALC-ENDIREH-PISOS-2016-RESTANTES-0001	15bc446bc8dc1efc182b770d53726e842db71eeeab9a16ff1cad36eda0a06388	decision_su_dinero		entidad	27	PUBLICABLE	2272	328	0.9244333653692135	0.9129900720049272	0.9363795712758274	0.006077268446631878	499440.0	200	
RESULT-ENDIREH2016-REST-TABLA	CALC-ENDIREH-PISOS-2016-RESTANTES-0001	15bc446bc8dc1efc182b770d53726e842db71eeeab9a16ff1cad36eda0a06388	decision_su_dinero		entidad	28	PUBLICABLE	2041	658	0.9352458646082753	0.9245599368720783	0.947429548386527	0.005904435257381695	774715.0	200	
RESULT-ENDIREH2016-REST-TABLA	CALC-ENDIREH-PISOS-2016-RESTANTES-0001	15bc446bc8dc1efc182b770d53726e842db71eeeab9a16ff1cad36eda0a06388	decision_su_dinero		entidad	29	PUBLICABLE	2175	577	0.9584791678465575	0.9486587113214346	0.9681581348417936	0.0050418612481926105	264855.0	200	
RESULT-ENDIREH2016-REST-TABLA	CALC-ENDIREH-PISOS-2016-RESTANTES-0001	15bc446bc8dc1efc182b770d53726e842db71eeeab9a16ff1cad36eda0a06388	decision_su_dinero		entidad	30	PUBLICABLE	1984	400	0.9061547779842346	0.8907595119606947	0.9218604102919592	0.008243269986605958	1608084.0	200	
RESULT-ENDIREH2016-REST-TABLA	CALC-ENDIREH-PISOS-2016-RESTANTES-0001	15bc446bc8dc1efc182b770d53726e842db71eeeab9a16ff1cad36eda0a06388	decision_su_dinero		entidad	31	PUBLICABLE	2160	517	0.9456992613525793	0.9352200254197186	0.9554077292996733	0.005412953470799869	472756.0	200	
RESULT-ENDIREH2016-REST-TABLA	CALC-ENDIREH-PISOS-2016-RESTANTES-0001	15bc446bc8dc1efc182b770d53726e842db71eeeab9a16ff1cad36eda0a06388	decision_su_dinero		entidad	32	PUBLICABLE	2461	376	0.9402318496583014	0.9255554246357351	0.9525053961863026	0.006412915216350134	352211.0	200	
RESULT-ENDIREH2016-REST-TABLA	CALC-ENDIREH-PISOS-2016-RESTANTES-0001	15bc446bc8dc1efc182b770d53726e842db71eeeab9a16ff1cad36eda0a06388	decision_gasto		nacional	MX	PUBLICABLE	72558	17165	0.917227287135574	0.914143543003057	0.9202488312133678	0.0016122021005759454	26436780.0	200	
RESULT-ENDIREH2016-REST-TABLA	CALC-ENDIREH-PISOS-2016-RESTANTES-0001	15bc446bc8dc1efc182b770d53726e842db71eeeab9a16ff1cad36eda0a06388	decision_gasto		edad	15-29	PUBLICABLE	16435	8748	0.9162000429383566	0.9105524536441291	0.9217982165956908	0.002918770900234334	5943404.0	200	
RESULT-ENDIREH2016-REST-TABLA	CALC-ENDIREH-PISOS-2016-RESTANTES-0001	15bc446bc8dc1efc182b770d53726e842db71eeeab9a16ff1cad36eda0a06388	decision_gasto		edad	30-44	PUBLICABLE	28643	12331	0.9255987810008838	0.9207811212960169	0.9294443913341338	0.002219218941592255	9978022.0	200	
RESULT-ENDIREH2016-REST-TABLA	CALC-ENDIREH-PISOS-2016-RESTANTES-0001	15bc446bc8dc1efc182b770d53726e842db71eeeab9a16ff1cad36eda0a06388	decision_gasto		edad	45-59	PUBLICABLE	18098	10145	0.917897885358664	0.911594433708176	0.9232738624711934	0.003112719571651634	7155918.0	200	
RESULT-ENDIREH2016-REST-TABLA	CALC-ENDIREH-PISOS-2016-RESTANTES-0001	15bc446bc8dc1efc182b770d53726e842db71eeeab9a16ff1cad36eda0a06388	decision_gasto		edad	60+	PUBLICABLE	9382	6104	0.8927516404539333	0.8847873122715175	0.9016449843497047	0.004531455208309668	3359436.0	200	
RESULT-ENDIREH2016-REST-TABLA	CALC-ENDIREH-PISOS-2016-RESTANTES-0001	15bc446bc8dc1efc182b770d53726e842db71eeeab9a16ff1cad36eda0a06388	decision_gasto		escolaridad	ninguno	PUBLICABLE	4434	2694	0.8483654044051245	0.8323085417346855	0.8626609104732332	0.008351787814081432	1666559.0	200	
RESULT-ENDIREH2016-REST-TABLA	CALC-ENDIREH-PISOS-2016-RESTANTES-0001	15bc446bc8dc1efc182b770d53726e842db71eeeab9a16ff1cad36eda0a06388	decision_gasto		escolaridad	basica	PUBLICABLE	45038	13708	0.9101205022599539	0.905811280490917	0.9140978504405193	0.0023360272091391223	16307412.0	200	
RESULT-ENDIREH2016-REST-TABLA	CALC-ENDIREH-PISOS-2016-RESTANTES-0001	15bc446bc8dc1efc182b770d53726e842db71eeeab9a16ff1cad36eda0a06388	decision_gasto		escolaridad	media_superior	PUBLICABLE	13000	8564	0.9366566436707288	0.9309042248329357	0.9423593311154354	0.0031493181036088185	4887095.0	200	
RESULT-ENDIREH2016-REST-TABLA	CALC-ENDIREH-PISOS-2016-RESTANTES-0001	15bc446bc8dc1efc182b770d53726e842db71eeeab9a16ff1cad36eda0a06388	decision_gasto		escolaridad	superior	PUBLICABLE	10083	6996	0.9551716547264453	0.949566941205992	0.9598163400927331	0.002629243385196842	3575171.0	200	
RESULT-ENDIREH2016-REST-TABLA	CALC-ENDIREH-PISOS-2016-RESTANTES-0001	15bc446bc8dc1efc182b770d53726e842db71eeeab9a16ff1cad36eda0a06388	decision_gasto		localidad	U	PUBLICABLE	33935	13726	0.9300003714749949	0.9252641680833613	0.9337160613537221	0.0020576034798079766	13755973.0	200	
RESULT-ENDIREH2016-REST-TABLA	CALC-ENDIREH-PISOS-2016-RESTANTES-0001	15bc446bc8dc1efc182b770d53726e842db71eeeab9a16ff1cad36eda0a06388	decision_gasto		localidad	C	PUBLICABLE	19002	1793	0.9217468530425293	0.9153732621141258	0.9275784175933462	0.0030891946639423446	6287581.0	200	
RESULT-ENDIREH2016-REST-TABLA	CALC-ENDIREH-PISOS-2016-RESTANTES-0001	15bc446bc8dc1efc182b770d53726e842db71eeeab9a16ff1cad36eda0a06388	decision_gasto		localidad	R	PUBLICABLE	19621	1646	0.8852992213946449	0.877128732186115	0.8925491183959346	0.004083385773672682	6393226.0	200	
RESULT-ENDIREH2016-REST-TABLA	CALC-ENDIREH-PISOS-2016-RESTANTES-0001	15bc446bc8dc1efc182b770d53726e842db71eeeab9a16ff1cad36eda0a06388	decision_gasto		pareja	A1	PUBLICABLE	70475	17099	0.9160485143982496	0.9127310049034201	0.919185359545022	0.001672789306496297	25560989.0	200	
RESULT-ENDIREH2016-REST-TABLA	CALC-ENDIREH-PISOS-2016-RESTANTES-0001	15bc446bc8dc1efc182b770d53726e842db71eeeab9a16ff1cad36eda0a06388	decision_gasto		pareja	A2	PUBLICABLE	2083	1731	0.9516311540082052	0.939568720631281	0.9625889216947862	0.005785165590257089	875791.0	200	
RESULT-ENDIREH2016-REST-TABLA	CALC-ENDIREH-PISOS-2016-RESTANTES-0001	15bc446bc8dc1efc182b770d53726e842db71eeeab9a16ff1cad36eda0a06388	decision_gasto		entidad	01	PUBLICABLE	2250	641	0.9044381905667103	0.8908006177870403	0.916845014335174	0.007169719381132635	269344.0	200	
RESULT-ENDIREH2016-REST-TABLA	CALC-ENDIREH-PISOS-2016-RESTANTES-0001	15bc446bc8dc1efc182b770d53726e842db71eeeab9a16ff1cad36eda0a06388	decision_gasto		entidad	02	PUBLICABLE	1971	677	0.9489148684345705	0.935637452609911	0.9586713333116407	0.0055500421607240094	710559.0	200	
RESULT-ENDIREH2016-REST-TABLA	CALC-ENDIREH-PISOS-2016-RESTANTES-0001	15bc446bc8dc1efc182b770d53726e842db71eeeab9a16ff1cad36eda0a06388	decision_gasto		entidad	03	PUBLICABLE	2098	430	0.920758721156786	0.9084337648918511	0.9335305634821017	0.006651179649962257	166807.0	200	
RESULT-ENDIREH2016-REST-TABLA	CALC-ENDIREH-PISOS-2016-RESTANTES-0001	15bc446bc8dc1efc182b770d53726e842db71eeeab9a16ff1cad36eda0a06388	decision_gasto		entidad	04	PUBLICABLE	2291	529	0.9210999619073336	0.9058530971981633	0.9346368964136462	0.007737299763526981	207389.0	200	
RESULT-ENDIREH2016-REST-TABLA	CALC-ENDIREH-PISOS-2016-RESTANTES-0001	15bc446bc8dc1efc182b770d53726e842db71eeeab9a16ff1cad36eda0a06388	decision_gasto		entidad	05	PUBLICABLE	2395	684	0.9472326092792565	0.9382842345716131	0.9562647720055314	0.004646786074413956	681671.0	200	
RESULT-ENDIREH2016-REST-TABLA	CALC-ENDIREH-PISOS-2016-RESTANTES-0001	15bc446bc8dc1efc182b770d53726e842db71eeeab9a16ff1cad36eda0a06388	decision_gasto		entidad	06	PUBLICABLE	2152	598	0.9345662437204143	0.9228597814556412	0.9470230545180212	0.0059656509342574295	158649.0	200	
RESULT-ENDIREH2016-REST-TABLA	CALC-ENDIREH-PISOS-2016-RESTANTES-0001	15bc446bc8dc1efc182b770d53726e842db71eeeab9a16ff1cad36eda0a06388	decision_gasto		entidad	07	PUBLICABLE	2591	357	0.8777380270650504	0.8574349482556396	0.8996598288045945	0.01115622579112222	1150783.0	200	
RESULT-ENDIREH2016-REST-TABLA	CALC-ENDIREH-PISOS-2016-RESTANTES-0001	15bc446bc8dc1efc182b770d53726e842db71eeeab9a16ff1cad36eda0a06388	decision_gasto		entidad	08	PUBLICABLE	2015	660	0.930869087570165	0.920029366868265	0.9400888051164085	0.005674891758513	798297.0	200	
RESULT-ENDIREH2016-REST-TABLA	CALC-ENDIREH-PISOS-2016-RESTANTES-0001	15bc446bc8dc1efc182b770d53726e842db71eeeab9a16ff1cad36eda0a06388	decision_gasto		entidad	09	PUBLICABLE	1948	826	0.9325269383016139	0.9193980434122573	0.9435983772686015	0.00666006532513273	1767372.0	200	
RESULT-ENDIREH2016-REST-TABLA	CALC-ENDIREH-PISOS-2016-RESTANTES-0001	15bc446bc8dc1efc182b770d53726e842db71eeeab9a16ff1cad36eda0a06388	decision_gasto		entidad	10	PUBLICABLE	2175	541	0.9404956960907781	0.9306275479829402	0.950637127089302	0.005470705327564456	385115.0	200	
RESULT-ENDIREH2016-REST-TABLA	CALC-ENDIREH-PISOS-2016-RESTANTES-0001	15bc446bc8dc1efc182b770d53726e842db71eeeab9a16ff1cad36eda0a06388	decision_gasto		entidad	11	PUBLICABLE	2397	499	0.9398413990109576	0.9289474346356579	0.9489156214533568	0.005603985601314938	1309954.0	200	
RESULT-ENDIREH2016-REST-TABLA	CALC-ENDIREH-PISOS-2016-RESTANTES-0001	15bc446bc8dc1efc182b770d53726e842db71eeeab9a16ff1cad36eda0a06388	decision_gasto		entidad	12	PUBLICABLE	2200	403	0.9188035536759717	0.9055094619001269	0.9338374868957647	0.007406957533015429	760452.0	200	
RESULT-ENDIREH2016-REST-TABLA	CALC-ENDIREH-PISOS-2016-RESTANTES-0001	15bc446bc8dc1efc182b770d53726e842db71eeeab9a16ff1cad36eda0a06388	decision_gasto		entidad	13	PUBLICABLE	2333	339	0.9098877132467342	0.8915287659051616	0.9294378157795139	0.009481076872474965	657513.0	200	
RESULT-ENDIREH2016-REST-TABLA	CALC-ENDIREH-PISOS-2016-RESTANTES-0001	15bc446bc8dc1efc182b770d53726e842db71eeeab9a16ff1cad36eda0a06388	decision_gasto		entidad	14	PUBLICABLE	2190	557	0.9189957181315396	0.9068045576715387	0.9318159392496552	0.0064774964722413295	1665628.0	200	
RESULT-ENDIREH2016-REST-TABLA	CALC-ENDIREH-PISOS-2016-RESTANTES-0001	15bc446bc8dc1efc182b770d53726e842db71eeeab9a16ff1cad36eda0a06388	decision_gasto		entidad	15	PUBLICABLE	2226	686	0.9048467638219481	0.8910367142511151	0.9184443525710757	0.007410499451897178	3681735.0	200	
RESULT-ENDIREH2016-REST-TABLA	CALC-ENDIREH-PISOS-2016-RESTANTES-0001	15bc446bc8dc1efc182b770d53726e842db71eeeab9a16ff1cad36eda0a06388	decision_gasto		entidad	16	PUBLICABLE	2391	375	0.9303414526923455	0.9188114924207821	0.9421135689537044	0.006136213406577225	1037274.0	200	
RESULT-ENDIREH2016-REST-TABLA	CALC-ENDIREH-PISOS-2016-RESTANTES-0001	15bc446bc8dc1efc182b770d53726e842db71eeeab9a16ff1cad36eda0a06388	decision_gasto		entidad	17	PUBLICABLE	2002	539	0.9264405924537821	0.9131106098391757	0.9395504480068855	0.0073593848329829275	416235.0	200	
RESULT-ENDIREH2016-REST-TABLA	CALC-ENDIREH-PISOS-2016-RESTANTES-0001	15bc446bc8dc1efc182b770d53726e842db71eeeab9a16ff1cad36eda0a06388	decision_gasto		entidad	18	PUBLICABLE	2356	436	0.9113065380569727	0.8922429580968203	0.9247282351110117	0.008609750609770442	279502.0	200	
RESULT-ENDIREH2016-REST-TABLA	CALC-ENDIREH-PISOS-2016-RESTANTES-0001	15bc446bc8dc1efc182b770d53726e842db71eeeab9a16ff1cad36eda0a06388	decision_gasto		entidad	19	PUBLICABLE	2254	697	0.9538019626129771	0.9442295221200687	0.9623638627910179	0.004960163735363448	1166608.0	200	
RESULT-ENDIREH2016-REST-TABLA	CALC-ENDIREH-PISOS-2016-RESTANTES-0001	15bc446bc8dc1efc182b770d53726e842db71eeeab9a16ff1cad36eda0a06388	decision_gasto		entidad	20	PUBLICABLE	2436	324	0.8869512867883611	0.872091558354693	0.9014297481216063	0.008068583765184354	893659.0	200	
RESULT-ENDIREH2016-REST-TABLA	CALC-ENDIREH-PISOS-2016-RESTANTES-0001	15bc446bc8dc1efc182b770d53726e842db71eeeab9a16ff1cad36eda0a06388	decision_gasto		entidad	21	PUBLICABLE	2942	659	0.9135671459253072	0.8988226546751523	0.9258540671963061	0.007093695821249976	1340960.0	200	
RESULT-ENDIREH2016-REST-TABLA	CALC-ENDIREH-PISOS-2016-RESTANTES-0001	15bc446bc8dc1efc182b770d53726e842db71eeeab9a16ff1cad36eda0a06388	decision_gasto		entidad	22	PUBLICABLE	2263	552	0.9306543836624357	0.9201214568989896	0.9428481970627888	0.005889042031988659	433553.0	200	
RESULT-ENDIREH2016-REST-TABLA	CALC-ENDIREH-PISOS-2016-RESTANTES-0001	15bc446bc8dc1efc182b770d53726e842db71eeeab9a16ff1cad36eda0a06388	decision_gasto		entidad	23	PUBLICABLE	2084	646	0.9224486354310126	0.9076209227906864	0.9373712440096713	0.007323104921396717	355790.0	200	
RESULT-ENDIREH2016-REST-TABLA	CALC-ENDIREH-PISOS-2016-RESTANTES-0001	15bc446bc8dc1efc182b770d53726e842db71eeeab9a16ff1cad36eda0a06388	decision_gasto		entidad	24	PUBLICABLE	2306	501	0.8934202556979025	0.8785858722572104	0.9080546283520806	0.007405226489852574	607592.0	200	
RESULT-ENDIREH2016-REST-TABLA	CALC-ENDIREH-PISOS-2016-RESTANTES-0001	15bc446bc8dc1efc182b770d53726e842db71eeeab9a16ff1cad36eda0a06388	decision_gasto		entidad	25	PUBLICABLE	2315	530	0.9292442032590549	0.9198568213446457	0.9388504532748384	0.005025476549769143	655282.0	200	
RESULT-ENDIREH2016-REST-TABLA	CALC-ENDIREH-PISOS-2016-RESTANTES-0001	15bc446bc8dc1efc182b770d53726e842db71eeeab9a16ff1cad36eda0a06388	decision_gasto		entidad	26	PUBLICABLE	2133	595	0.9410112898583171	0.9278261553372847	0.9497564909341896	0.005343225346162264	625340.0	200	
RESULT-ENDIREH2016-REST-TABLA	CALC-ENDIREH-PISOS-2016-RESTANTES-0001	15bc446bc8dc1efc182b770d53726e842db71eeeab9a16ff1cad36eda0a06388	decision_gasto		entidad	27	PUBLICABLE	2441	332	0.917446107957674	0.9046050971361724	0.9286074908502016	0.006346579941576174	535747.0	200	
RESULT-ENDIREH2016-REST-TABLA	CALC-ENDIREH-PISOS-2016-RESTANTES-0001	15bc446bc8dc1efc182b770d53726e842db71eeeab9a16ff1cad36eda0a06388	decision_gasto		entidad	28	PUBLICABLE	2122	666	0.8942069847653081	0.8810056166426501	0.9087431691944632	0.0074779757150638445	803692.0	200	
RESULT-ENDIREH2016-REST-TABLA	CALC-ENDIREH-PISOS-2016-RESTANTES-0001	15bc446bc8dc1efc182b770d53726e842db71eeeab9a16ff1cad36eda0a06388	decision_gasto		entidad	29	PUBLICABLE	2268	582	0.9389695843789948	0.9268782308327705	0.9499987231565497	0.005993680065622934	276141.0	200	
RESULT-ENDIREH2016-REST-TABLA	CALC-ENDIREH-PISOS-2016-RESTANTES-0001	15bc446bc8dc1efc182b770d53726e842db71eeeab9a16ff1cad36eda0a06388	decision_gasto		entidad	30	PUBLICABLE	2196	408	0.8853632416201808	0.870075114548982	0.9026307236679637	0.00812294976607102	1779752.0	200	
RESULT-ENDIREH2016-REST-TABLA	CALC-ENDIREH-PISOS-2016-RESTANTES-0001	15bc446bc8dc1efc182b770d53726e842db71eeeab9a16ff1cad36eda0a06388	decision_gasto		entidad	31	PUBLICABLE	2233	520	0.9106174895506792	0.8996110005267159	0.924959401329526	0.0067860399671727505	489984.0	200	
RESULT-ENDIREH2016-REST-TABLA	CALC-ENDIREH-PISOS-2016-RESTANTES-0001	15bc446bc8dc1efc182b770d53726e842db71eeeab9a16ff1cad36eda0a06388	decision_gasto		entidad	32	PUBLICABLE	2584	376	0.9210398451687156	0.9088910141561655	0.9318580167219797	0.005755236892692022	368401.0	200	
RESULT-ENDIREH2016-REST-TABLA	CALC-ENDIREH-PISOS-2016-RESTANTES-0001	15bc446bc8dc1efc182b770d53726e842db71eeeab9a16ff1cad36eda0a06388	decision_ahorro		nacional	MX	PUBLICABLE	71610	17135	0.7324518610457039	0.7267903451793525	0.7383392379842754	0.002914150471356601	26080230.0	200	
RESULT-ENDIREH2016-REST-TABLA	CALC-ENDIREH-PISOS-2016-RESTANTES-0001	15bc446bc8dc1efc182b770d53726e842db71eeeab9a16ff1cad36eda0a06388	decision_ahorro		edad	15-29	PUBLICABLE	16389	8735	0.769881337837512	0.761512434316625	0.7781143364727415	0.0047304936463821055	5930197.0	200	
RESULT-ENDIREH2016-REST-TABLA	CALC-ENDIREH-PISOS-2016-RESTANTES-0001	15bc446bc8dc1efc182b770d53726e842db71eeeab9a16ff1cad36eda0a06388	decision_ahorro		edad	30-44	PUBLICABLE	28485	12310	0.7426898069051979	0.7325716714962772	0.7501207278416574	0.004323252282843103	9925798.0	200	
RESULT-ENDIREH2016-REST-TABLA	CALC-ENDIREH-PISOS-2016-RESTANTES-0001	15bc446bc8dc1efc182b770d53726e842db71eeeab9a16ff1cad36eda0a06388	decision_ahorro		edad	45-59	PUBLICABLE	17804	10066	0.7084168306667661	0.697437048722178	0.7181220325782595	0.005045792891745435	7012699.0	200	
RESULT-ENDIREH2016-REST-TABLA	CALC-ENDIREH-PISOS-2016-RESTANTES-0001	15bc446bc8dc1efc182b770d53726e842db71eeeab9a16ff1cad36eda0a06388	decision_ahorro		edad	60+	PUBLICABLE	8932	5925	0.6841779136213949	0.6703508262373814	0.6983547391765549	0.0074039205543902755	3211536.0	200	
RESULT-ENDIREH2016-REST-TABLA	CALC-ENDIREH-PISOS-2016-RESTANTES-0001	15bc446bc8dc1efc182b770d53726e842db71eeeab9a16ff1cad36eda0a06388	decision_ahorro		escolaridad	ninguno	PUBLICABLE	4219	2603	0.6774459661156346	0.6522538810109244	0.6989296946298531	0.011470622950338596	1595249.0	200	
RESULT-ENDIREH2016-REST-TABLA	CALC-ENDIREH-PISOS-2016-RESTANTES-0001	15bc446bc8dc1efc182b770d53726e842db71eeeab9a16ff1cad36eda0a06388	decision_ahorro		escolaridad	basica	PUBLICABLE	44414	13643	0.7376312148354514	0.7304458953908343	0.7449168974212854	0.003820592679516323	16062875.0	200	
RESULT-ENDIREH2016-REST-TABLA	CALC-ENDIREH-PISOS-2016-RESTANTES-0001	15bc446bc8dc1efc182b770d53726e842db71eeeab9a16ff1cad36eda0a06388	decision_ahorro		escolaridad	media_superior	PUBLICABLE	12941	8541	0.7594501485043164	0.748646154794801	0.770520673504881	0.0058435083774024885	4863495.0	200	
RESULT-ENDIREH2016-REST-TABLA	CALC-ENDIREH-PISOS-2016-RESTANTES-0001	15bc446bc8dc1efc182b770d53726e842db71eeeab9a16ff1cad36eda0a06388	decision_ahorro		escolaridad	superior	PUBLICABLE	10033	6971	0.6967868517408886	0.6845747467325359	0.7087687525557723	0.00679421216559684	3558068.0	200	
RESULT-ENDIREH2016-REST-TABLA	CALC-ENDIREH-PISOS-2016-RESTANTES-0001	15bc446bc8dc1efc182b770d53726e842db71eeeab9a16ff1cad36eda0a06388	decision_ahorro		localidad	U	PUBLICABLE	33611	13696	0.7216320803993073	0.7133135495825615	0.7291925245738548	0.003968363211160922	13594943.0	200	
RESULT-ENDIREH2016-REST-TABLA	CALC-ENDIREH-PISOS-2016-RESTANTES-0001	15bc446bc8dc1efc182b770d53726e842db71eeeab9a16ff1cad36eda0a06388	decision_ahorro		localidad	C	PUBLICABLE	18723	1793	0.7428519745359301	0.7330771706913428	0.7557164321861741	0.005983634332234874	6202622.0	200	
RESULT-ENDIREH2016-REST-TABLA	CALC-ENDIREH-PISOS-2016-RESTANTES-0001	15bc446bc8dc1efc182b770d53726e842db71eeeab9a16ff1cad36eda0a06388	decision_ahorro		localidad	R	PUBLICABLE	19276	1646	0.7455969719856144	0.7358319699138437	0.7577704235901912	0.0055201309928109964	6282665.0	200	
RESULT-ENDIREH2016-REST-TABLA	CALC-ENDIREH-PISOS-2016-RESTANTES-0001	15bc446bc8dc1efc182b770d53726e842db71eeeab9a16ff1cad36eda0a06388	decision_ahorro		pareja	A1	PUBLICABLE	69559	17066	0.7341558086311811	0.7281543947532552	0.7398636643750659	0.003145036918460097	25221183.0	200	
RESULT-ENDIREH2016-REST-TABLA	CALC-ENDIREH-PISOS-2016-RESTANTES-0001	15bc446bc8dc1efc182b770d53726e842db71eeeab9a16ff1cad36eda0a06388	decision_ahorro		pareja	A2	PUBLICABLE	2051	1708	0.6824248265810835	0.6562005682562555	0.706341928134529	0.013814006369739402	859047.0	200	
RESULT-ENDIREH2016-REST-TABLA	CALC-ENDIREH-PISOS-2016-RESTANTES-0001	15bc446bc8dc1efc182b770d53726e842db71eeeab9a16ff1cad36eda0a06388	decision_ahorro		entidad	01	PUBLICABLE	2238	641	0.6352434179516531	0.6121032205619155	0.6568445407977221	0.012303212388323208	267318.0	200	
RESULT-ENDIREH2016-REST-TABLA	CALC-ENDIREH-PISOS-2016-RESTANTES-0001	15bc446bc8dc1efc182b770d53726e842db71eeeab9a16ff1cad36eda0a06388	decision_ahorro		entidad	02	PUBLICABLE	1952	677	0.7570218913402	0.7297815582594475	0.7788814382131533	0.013226725072073715	703977.0	200	
RESULT-ENDIREH2016-REST-TABLA	CALC-ENDIREH-PISOS-2016-RESTANTES-0001	15bc446bc8dc1efc182b770d53726e842db71eeeab9a16ff1cad36eda0a06388	decision_ahorro		entidad	03	PUBLICABLE	2082	429	0.7646380625845084	0.7436963605213677	0.7860237240710994	0.012437097633610861	165664.0	200	
RESULT-ENDIREH2016-REST-TABLA	CALC-ENDIREH-PISOS-2016-RESTANTES-0001	15bc446bc8dc1efc182b770d53726e842db71eeeab9a16ff1cad36eda0a06388	decision_ahorro		entidad	04	PUBLICABLE	2269	528	0.8001655790396416	0.7770352912559079	0.8220471972581559	0.011487057385184551	205340.0	200	
RESULT-ENDIREH2016-REST-TABLA	CALC-ENDIREH-PISOS-2016-RESTANTES-0001	15bc446bc8dc1efc182b770d53726e842db71eeeab9a16ff1cad36eda0a06388	decision_ahorro		entidad	05	PUBLICABLE	2389	684	0.8544356261022927	0.8372856640533536	0.8685886818286059	0.007706118621661698	680400.0	200	
RESULT-ENDIREH2016-REST-TABLA	CALC-ENDIREH-PISOS-2016-RESTANTES-0001	15bc446bc8dc1efc182b770d53726e842db71eeeab9a16ff1cad36eda0a06388	decision_ahorro		entidad	06	PUBLICABLE	2119	597	0.6881580965037825	0.6674114184776216	0.7126946013968521	0.011816422642053235	156512.0	200	
RESULT-ENDIREH2016-REST-TABLA	CALC-ENDIREH-PISOS-2016-RESTANTES-0001	15bc446bc8dc1efc182b770d53726e842db71eeeab9a16ff1cad36eda0a06388	decision_ahorro		entidad	07	PUBLICABLE	2556	357	0.7649437529707938	0.7393482646899554	0.7867720301302114	0.012706319165361175	1136060.0	200	
RESULT-ENDIREH2016-REST-TABLA	CALC-ENDIREH-PISOS-2016-RESTANTES-0001	15bc446bc8dc1efc182b770d53726e842db71eeeab9a16ff1cad36eda0a06388	decision_ahorro		entidad	08	PUBLICABLE	1991	661	0.8311543923819774	0.8123757226839741	0.8508921162201848	0.00953918060207497	787921.0	200	
RESULT-ENDIREH2016-REST-TABLA	CALC-ENDIREH-PISOS-2016-RESTANTES-0001	15bc446bc8dc1efc182b770d53726e842db71eeeab9a16ff1cad36eda0a06388	decision_ahorro		entidad	09	PUBLICABLE	1928	825	0.6246998975008083	0.5893957600422465	0.6500763930066888	0.014097955312663621	1744404.0	200	
RESULT-ENDIREH2016-REST-TABLA	CALC-ENDIREH-PISOS-2016-RESTANTES-0001	15bc446bc8dc1efc182b770d53726e842db71eeeab9a16ff1cad36eda0a06388	decision_ahorro		entidad	10	PUBLICABLE	2151	539	0.8308758501610831	0.8131230392376398	0.8529140583870048	0.010064762784746776	379928.0	200	
RESULT-ENDIREH2016-REST-TABLA	CALC-ENDIREH-PISOS-2016-RESTANTES-0001	15bc446bc8dc1efc182b770d53726e842db71eeeab9a16ff1cad36eda0a06388	decision_ahorro		entidad	11	PUBLICABLE	2370	498	0.748959386014641	0.726628026758566	0.77115922212699	0.01142455862083831	1298272.0	200	
RESULT-ENDIREH2016-REST-TABLA	CALC-ENDIREH-PISOS-2016-RESTANTES-0001	15bc446bc8dc1efc182b770d53726e842db71eeeab9a16ff1cad36eda0a06388	decision_ahorro		entidad	12	PUBLICABLE	2153	403	0.7967002402463734	0.7721982460869414	0.8175436375041999	0.012102420794763084	744236.0	200	
RESULT-ENDIREH2016-REST-TABLA	CALC-ENDIREH-PISOS-2016-RESTANTES-0001	15bc446bc8dc1efc182b770d53726e842db71eeeab9a16ff1cad36eda0a06388	decision_ahorro		entidad	13	PUBLICABLE	2257	339	0.7234826348960984	0.7039609072440627	0.7467180132408922	0.011991647299965779	636564.0	200	
RESULT-ENDIREH2016-REST-TABLA	CALC-ENDIREH-PISOS-2016-RESTANTES-0001	15bc446bc8dc1efc182b770d53726e842db71eeeab9a16ff1cad36eda0a06388	decision_ahorro		entidad	14	PUBLICABLE	2163	556	0.6601617203612701	0.6337177757778051	0.6828826296931438	0.01250240189785284	1649514.0	200	
RESULT-ENDIREH2016-REST-TABLA	CALC-ENDIREH-PISOS-2016-RESTANTES-0001	15bc446bc8dc1efc182b770d53726e842db71eeeab9a16ff1cad36eda0a06388	decision_ahorro		entidad	15	PUBLICABLE	2189	686	0.6724557900765226	0.646906992734522	0.699525240379851	0.013854507358205351	3619719.0	200	
RESULT-ENDIREH2016-REST-TABLA	CALC-ENDIREH-PISOS-2016-RESTANTES-0001	15bc446bc8dc1efc182b770d53726e842db71eeeab9a16ff1cad36eda0a06388	decision_ahorro		entidad	16	PUBLICABLE	2355	375	0.6925761672623791	0.6673469924463857	0.723923796074582	0.013122215062198706	1022585.0	200	
RESULT-ENDIREH2016-REST-TABLA	CALC-ENDIREH-PISOS-2016-RESTANTES-0001	15bc446bc8dc1efc182b770d53726e842db71eeeab9a16ff1cad36eda0a06388	decision_ahorro		entidad	17	PUBLICABLE	1975	538	0.714920849097585	0.6942545122287351	0.7393182294377528	0.011581629989096901	412061.0	200	
RESULT-ENDIREH2016-REST-TABLA	CALC-ENDIREH-PISOS-2016-RESTANTES-0001	15bc446bc8dc1efc182b770d53726e842db71eeeab9a16ff1cad36eda0a06388	decision_ahorro		entidad	18	PUBLICABLE	2319	434	0.7520341009437356	0.7284486229798234	0.7741636308828451	0.012193105418690429	275183.0	200	
RESULT-ENDIREH2016-REST-TABLA	CALC-ENDIREH-PISOS-2016-RESTANTES-0001	15bc446bc8dc1efc182b770d53726e842db71eeeab9a16ff1cad36eda0a06388	decision_ahorro		entidad	19	PUBLICABLE	2240	696	0.872171368702569	0.8583168655717748	0.8874193749436956	0.007354843702377256	1160632.0	200	
RESULT-ENDIREH2016-REST-TABLA	CALC-ENDIREH-PISOS-2016-RESTANTES-0001	15bc446bc8dc1efc182b770d53726e842db71eeeab9a16ff1cad36eda0a06388	decision_ahorro		entidad	20	PUBLICABLE	2391	324	0.758940900971873	0.7347369313175113	0.7846385548576719	0.012539214768437168	878407.0	200	
RESULT-ENDIREH2016-REST-TABLA	CALC-ENDIREH-PISOS-2016-RESTANTES-0001	15bc446bc8dc1efc182b770d53726e842db71eeeab9a16ff1cad36eda0a06388	decision_ahorro		entidad	21	PUBLICABLE	2891	657	0.7206990068696708	0.696188676272698	0.7462682191174982	0.012798622437795155	1315638.0	200	
RESULT-ENDIREH2016-REST-TABLA	CALC-ENDIREH-PISOS-2016-RESTANTES-0001	15bc446bc8dc1efc182b770d53726e842db71eeeab9a16ff1cad36eda0a06388	decision_ahorro		entidad	22	PUBLICABLE	2222	551	0.6682996477348532	0.6409743628770441	0.6912802498505525	0.012391237368872833	427235.0	200	
RESULT-ENDIREH2016-REST-TABLA	CALC-ENDIREH-PISOS-2016-RESTANTES-0001	15bc446bc8dc1efc182b770d53726e842db71eeeab9a16ff1cad36eda0a06388	decision_ahorro		entidad	23	PUBLICABLE	2062	640	0.7694538493001273	0.7455545383742139	0.7925235527556836	0.011782050796720085	352064.0	200	
RESULT-ENDIREH2016-REST-TABLA	CALC-ENDIREH-PISOS-2016-RESTANTES-0001	15bc446bc8dc1efc182b770d53726e842db71eeeab9a16ff1cad36eda0a06388	decision_ahorro		entidad	24	PUBLICABLE	2287	500	0.6817810028802698	0.6630138625381203	0.7029848162206004	0.01073607570677015	600291.0	200	
RESULT-ENDIREH2016-REST-TABLA	CALC-ENDIREH-PISOS-2016-RESTANTES-0001	15bc446bc8dc1efc182b770d53726e842db71eeeab9a16ff1cad36eda0a06388	decision_ahorro		entidad	25	PUBLICABLE	2293	529	0.7836234232095538	0.7634558610631684	0.8037972809141506	0.010440860426750267	648707.0	200	
RESULT-ENDIREH2016-REST-TABLA	CALC-ENDIREH-PISOS-2016-RESTANTES-0001	15bc446bc8dc1efc182b770d53726e842db71eeeab9a16ff1cad36eda0a06388	decision_ahorro		entidad	26	PUBLICABLE	2119	594	0.7960677588126578	0.7771001264364746	0.8137202033738002	0.009416313179060895	620613.0	200	
RESULT-ENDIREH2016-REST-TABLA	CALC-ENDIREH-PISOS-2016-RESTANTES-0001	15bc446bc8dc1efc182b770d53726e842db71eeeab9a16ff1cad36eda0a06388	decision_ahorro		entidad	27	PUBLICABLE	2414	332	0.8254034520344032	0.8068754998535721	0.8444119932617198	0.009699385590901432	529369.0	200	
RESULT-ENDIREH2016-REST-TABLA	CALC-ENDIREH-PISOS-2016-RESTANTES-0001	15bc446bc8dc1efc182b770d53726e842db71eeeab9a16ff1cad36eda0a06388	decision_ahorro		entidad	28	PUBLICABLE	2095	664	0.7489103652606809	0.7274475822855883	0.7701352203284115	0.010711366549544828	793844.0	200	
RESULT-ENDIREH2016-REST-TABLA	CALC-ENDIREH-PISOS-2016-RESTANTES-0001	15bc446bc8dc1efc182b770d53726e842db71eeeab9a16ff1cad36eda0a06388	decision_ahorro		entidad	29	PUBLICABLE	2245	581	0.742121098983155	0.7191895420923867	0.7637796589688162	0.012291687665555018	273198.0	200	
RESULT-ENDIREH2016-REST-TABLA	CALC-ENDIREH-PISOS-2016-RESTANTES-0001	15bc446bc8dc1efc182b770d53726e842db71eeeab9a16ff1cad36eda0a06388	decision_ahorro		entidad	30	PUBLICABLE	2159	405	0.7358272736573124	0.7115825433684876	0.7580126580401884	0.011114323477173442	1749681.0	200	
RESULT-ENDIREH2016-REST-TABLA	CALC-ENDIREH-PISOS-2016-RESTANTES-0001	15bc446bc8dc1efc182b770d53726e842db71eeeab9a16ff1cad36eda0a06388	decision_ahorro		entidad	31	PUBLICABLE	2194	518	0.698974031732088	0.6795132349038998	0.7197335422368982	0.010922945646957642	482666.0	200	
RESULT-ENDIREH2016-REST-TABLA	CALC-ENDIREH-PISOS-2016-RESTANTES-0001	15bc446bc8dc1efc182b770d53726e842db71eeeab9a16ff1cad36eda0a06388	decision_ahorro		entidad	32	PUBLICABLE	2542	377	0.7662791564405745	0.7495290687306594	0.7844762030499881	0.009305964697960217	362227.0	200	
