result_id	calc_id	resultados_sha256	resultado	ventana	eje	categoria	estado	n	upm	p	ic95_lo	ic95_hi	se	masa_ponderada	replicas_n	causa
RESULT-ENDIREH2021-DIS-TABLA	CALC-ENDIREH-PISOS-2021-DISCRIMINACION-0001	f0c9361c49c241f66d15f1b5e68a1d36539b67f808a4ef77a0c442bce50e5c3d	prueba_ingreso	octubre_2016_a_entrevista	nacional	MX	PUBLICABLE	66363	17198	0.08133870646471766	0.07875611693150517	0.0841428107450546	0.0014888185268272047	30283024.0	200	
RESULT-ENDIREH2021-DIS-TABLA	CALC-ENDIREH-PISOS-2021-DISCRIMINACION-0001	f0c9361c49c241f66d15f1b5e68a1d36539b67f808a4ef77a0c442bce50e5c3d	prueba_ingreso	octubre_2016_a_entrevista	edad	15-29	PUBLICABLE	18386	10157	0.0959290728840811	0.0910165455966409	0.10078651983794441	0.002552465156934682	9555612.0	200	
RESULT-ENDIREH2021-DIS-TABLA	CALC-ENDIREH-PISOS-2021-DISCRIMINACION-0001	f0c9361c49c241f66d15f1b5e68a1d36539b67f808a4ef77a0c442bce50e5c3d	prueba_ingreso	octubre_2016_a_entrevista	edad	30-44	PUBLICABLE	24348	12131	0.10660851387129484	0.1011539896063064	0.1123598493390651	0.002875552487887197	10382304.0	200	
RESULT-ENDIREH2021-DIS-TABLA	CALC-ENDIREH-PISOS-2021-DISCRIMINACION-0001	f0c9361c49c241f66d15f1b5e68a1d36539b67f808a4ef77a0c442bce50e5c3d	prueba_ingreso	octubre_2016_a_entrevista	edad	45-59	PUBLICABLE	17298	10403	0.05245561418105389	0.048201058759112125	0.05627534570186015	0.002372888566088743	7711472.0	200	
RESULT-ENDIREH2021-DIS-TABLA	CALC-ENDIREH-PISOS-2021-DISCRIMINACION-0001	f0c9361c49c241f66d15f1b5e68a1d36539b67f808a4ef77a0c442bce50e5c3d	prueba_ingreso	octubre_2016_a_entrevista	edad	60+	PUBLICABLE	6331	4974	0.013353781615986415	0.008950301631805711	0.018569212872914447	0.0023882449658225863	2633636.0	200	
RESULT-ENDIREH2021-DIS-TABLA	CALC-ENDIREH-PISOS-2021-DISCRIMINACION-0001	f0c9361c49c241f66d15f1b5e68a1d36539b67f808a4ef77a0c442bce50e5c3d	prueba_ingreso	octubre_2016_a_entrevista	escolaridad	ninguno	PUBLICABLE	1756	1436	0.01768625496576081	0.009032409577911264	0.024981466942313395	0.0044038468204752705	834716.0	200	
RESULT-ENDIREH2021-DIS-TABLA	CALC-ENDIREH-PISOS-2021-DISCRIMINACION-0001	f0c9361c49c241f66d15f1b5e68a1d36539b67f808a4ef77a0c442bce50e5c3d	prueba_ingreso	octubre_2016_a_entrevista	escolaridad	basica	PUBLICABLE	31114	12280	0.0762382504601413	0.07229933141986433	0.08029498253301111	0.0020328249397606525	13749581.0	200	
RESULT-ENDIREH2021-DIS-TABLA	CALC-ENDIREH-PISOS-2021-DISCRIMINACION-0001	f0c9361c49c241f66d15f1b5e68a1d36539b67f808a4ef77a0c442bce50e5c3d	prueba_ingreso	octubre_2016_a_entrevista	escolaridad	media_superior	PUBLICABLE	16116	9774	0.1005015452504037	0.0951518387071963	0.10663004317008096	0.002912588812407384	7657335.0	200	
RESULT-ENDIREH2021-DIS-TABLA	CALC-ENDIREH-PISOS-2021-DISCRIMINACION-0001	f0c9361c49c241f66d15f1b5e68a1d36539b67f808a4ef77a0c442bce50e5c3d	prueba_ingreso	octubre_2016_a_entrevista	escolaridad	superior	PUBLICABLE	17377	10233	0.07841938311177965	0.07293898067534692	0.08452909545693776	0.0030489403977093953	8041392.0	200	
RESULT-ENDIREH2021-DIS-TABLA	CALC-ENDIREH-PISOS-2021-DISCRIMINACION-0001	f0c9361c49c241f66d15f1b5e68a1d36539b67f808a4ef77a0c442bce50e5c3d	prueba_ingreso	octubre_2016_a_entrevista	localidad	U	PUBLICABLE	36187	13763	0.09307897750075725	0.0889121800847452	0.09759486438363663	0.002129206727786062	17636238.0	200	
RESULT-ENDIREH2021-DIS-TABLA	CALC-ENDIREH-PISOS-2021-DISCRIMINACION-0001	f0c9361c49c241f66d15f1b5e68a1d36539b67f808a4ef77a0c442bce50e5c3d	prueba_ingreso	octubre_2016_a_entrevista	localidad	C	PUBLICABLE	17621	1797	0.07280643676181964	0.06775781039557971	0.07883348863937698	0.002767613619290924	7109289.0	200	
RESULT-ENDIREH2021-DIS-TABLA	CALC-ENDIREH-PISOS-2021-DISCRIMINACION-0001	f0c9361c49c241f66d15f1b5e68a1d36539b67f808a4ef77a0c442bce50e5c3d	prueba_ingreso	octubre_2016_a_entrevista	localidad	R	PUBLICABLE	12555	1638	0.05490151958547337	0.048585477962865636	0.061222079332462535	0.003322887141283276	5537497.0	200	
RESULT-ENDIREH2021-DIS-TABLA	CALC-ENDIREH-PISOS-2021-DISCRIMINACION-0001	f0c9361c49c241f66d15f1b5e68a1d36539b67f808a4ef77a0c442bce50e5c3d	prueba_ingreso	octubre_2016_a_entrevista	pareja	A1	PUBLICABLE	38561	14810	0.08698692499073633	0.0833230398654742	0.09115358820047821	0.0019716626577224033	15112800.0	200	
RESULT-ENDIREH2021-DIS-TABLA	CALC-ENDIREH-PISOS-2021-DISCRIMINACION-0001	f0c9361c49c241f66d15f1b5e68a1d36539b67f808a4ef77a0c442bce50e5c3d	prueba_ingreso	octubre_2016_a_entrevista	pareja	A2	PUBLICABLE	1466	1296	0.1018737530899671	0.08101751722057263	0.12656571027215652	0.011949186669467477	675169.0	200	
RESULT-ENDIREH2021-DIS-TABLA	CALC-ENDIREH-PISOS-2021-DISCRIMINACION-0001	f0c9361c49c241f66d15f1b5e68a1d36539b67f808a4ef77a0c442bce50e5c3d	prueba_ingreso	octubre_2016_a_entrevista	pareja	B1	PUBLICABLE	10047	7262	0.09514086986273254	0.0882473632806272	0.10303454181289784	0.004068799800108899	4945309.0	200	
RESULT-ENDIREH2021-DIS-TABLA	CALC-ENDIREH-PISOS-2021-DISCRIMINACION-0001	f0c9361c49c241f66d15f1b5e68a1d36539b67f808a4ef77a0c442bce50e5c3d	prueba_ingreso	octubre_2016_a_entrevista	pareja	B2	PUBLICABLE	3672	3184	0.04020552100480745	0.030680852201697983	0.05040520557991088	0.005179958036911649	1633507.0	200	
RESULT-ENDIREH2021-DIS-TABLA	CALC-ENDIREH-PISOS-2021-DISCRIMINACION-0001	f0c9361c49c241f66d15f1b5e68a1d36539b67f808a4ef77a0c442bce50e5c3d	prueba_ingreso	octubre_2016_a_entrevista	pareja	C1	PUBLICABLE	10829	7729	0.07423260003366698	0.06704960115642399	0.0810584956930235	0.0033805995783191835	6807858.0	200	
RESULT-ENDIREH2021-DIS-TABLA	CALC-ENDIREH-PISOS-2021-DISCRIMINACION-0001	f0c9361c49c241f66d15f1b5e68a1d36539b67f808a4ef77a0c442bce50e5c3d	prueba_ingreso	octubre_2016_a_entrevista	pareja	C2	PUBLICABLE	1788	1635	0.03450257628017803	0.025192735110739408	0.04664366857026424	0.005317292986796581	1108381.0	200	
RESULT-ENDIREH2021-DIS-TABLA	CALC-ENDIREH-PISOS-2021-DISCRIMINACION-0001	f0c9361c49c241f66d15f1b5e68a1d36539b67f808a4ef77a0c442bce50e5c3d	prueba_ingreso	octubre_2016_a_entrevista	entidad	01	PUBLICABLE	2285	649	0.08762545826071279	0.07463590386796147	0.10143438758082662	0.00736602102801938	366058.0	200	
RESULT-ENDIREH2021-DIS-TABLA	CALC-ENDIREH-PISOS-2021-DISCRIMINACION-0001	f0c9361c49c241f66d15f1b5e68a1d36539b67f808a4ef77a0c442bce50e5c3d	prueba_ingreso	octubre_2016_a_entrevista	entidad	02	PUBLICABLE	2194	698	0.2173812454401273	0.19198532385177863	0.238139032171316	0.012392349857351614	985499.0	200	
RESULT-ENDIREH2021-DIS-TABLA	CALC-ENDIREH-PISOS-2021-DISCRIMINACION-0001	f0c9361c49c241f66d15f1b5e68a1d36539b67f808a4ef77a0c442bce50e5c3d	prueba_ingreso	octubre_2016_a_entrevista	entidad	03	PUBLICABLE	2068	425	0.09056581567100501	0.07850006636698528	0.10550752334600379	0.007096098847157456	203918.0	200	
RESULT-ENDIREH2021-DIS-TABLA	CALC-ENDIREH-PISOS-2021-DISCRIMINACION-0001	f0c9361c49c241f66d15f1b5e68a1d36539b67f808a4ef77a0c442bce50e5c3d	prueba_ingreso	octubre_2016_a_entrevista	entidad	04	PUBLICABLE	2065	538	0.04410359373340927	0.03519944927352855	0.053757663809468455	0.004728806830110134	207194.0	200	
RESULT-ENDIREH2021-DIS-TABLA	CALC-ENDIREH-PISOS-2021-DISCRIMINACION-0001	f0c9361c49c241f66d15f1b5e68a1d36539b67f808a4ef77a0c442bce50e5c3d	prueba_ingreso	octubre_2016_a_entrevista	entidad	05	PUBLICABLE	2184	682	0.1671645096332614	0.14873339288318338	0.18164846498648338	0.008711605162337321	776684.0	200	
RESULT-ENDIREH2021-DIS-TABLA	CALC-ENDIREH-PISOS-2021-DISCRIMINACION-0001	f0c9361c49c241f66d15f1b5e68a1d36539b67f808a4ef77a0c442bce50e5c3d	prueba_ingreso	octubre_2016_a_entrevista	entidad	06	PUBLICABLE	2291	610	0.04279051391016931	0.033530257912443955	0.05283449339992164	0.005224379591616394	207546.0	200	
RESULT-ENDIREH2021-DIS-TABLA	CALC-ENDIREH-PISOS-2021-DISCRIMINACION-0001	f0c9361c49c241f66d15f1b5e68a1d36539b67f808a4ef77a0c442bce50e5c3d	prueba_ingreso	octubre_2016_a_entrevista	entidad	07	PUBLICABLE	1689	356	0.055257734558994305	0.044074757519662736	0.07124688742080464	0.006531740929708703	951541.0	200	
RESULT-ENDIREH2021-DIS-TABLA	CALC-ENDIREH-PISOS-2021-DISCRIMINACION-0001	f0c9361c49c241f66d15f1b5e68a1d36539b67f808a4ef77a0c442bce50e5c3d	prueba_ingreso	octubre_2016_a_entrevista	entidad	08	PUBLICABLE	2137	673	0.23220750046890126	0.20914527724878113	0.2527173664133849	0.010508779385114119	922369.0	200	
RESULT-ENDIREH2021-DIS-TABLA	CALC-ENDIREH-PISOS-2021-DISCRIMINACION-0001	f0c9361c49c241f66d15f1b5e68a1d36539b67f808a4ef77a0c442bce50e5c3d	prueba_ingreso	octubre_2016_a_entrevista	entidad	09	PUBLICABLE	2057	828	0.0450714102685134	0.03655912229965398	0.05420396712967852	0.005046928205319026	2521066.0	200	
RESULT-ENDIREH2021-DIS-TABLA	CALC-ENDIREH-PISOS-2021-DISCRIMINACION-0001	f0c9361c49c241f66d15f1b5e68a1d36539b67f808a4ef77a0c442bce50e5c3d	prueba_ingreso	octubre_2016_a_entrevista	entidad	10	PUBLICABLE	1883	551	0.12452308709105657	0.1063692205616189	0.14128292945643203	0.009419918877347668	399444.0	200	
RESULT-ENDIREH2021-DIS-TABLA	CALC-ENDIREH-PISOS-2021-DISCRIMINACION-0001	f0c9361c49c241f66d15f1b5e68a1d36539b67f808a4ef77a0c442bce50e5c3d	prueba_ingreso	octubre_2016_a_entrevista	entidad	11	PUBLICABLE	2139	505	0.06071396314410911	0.04842679318340292	0.07413119858769926	0.006807296582066247	1461476.0	200	
RESULT-ENDIREH2021-DIS-TABLA	CALC-ENDIREH-PISOS-2021-DISCRIMINACION-0001	f0c9361c49c241f66d15f1b5e68a1d36539b67f808a4ef77a0c442bce50e5c3d	prueba_ingreso	octubre_2016_a_entrevista	entidad	12	PUBLICABLE	1948	418	0.03917413303405165	0.029954221249787513	0.048936683279397694	0.004719571732461422	797465.0	200	
RESULT-ENDIREH2021-DIS-TABLA	CALC-ENDIREH-PISOS-2021-DISCRIMINACION-0001	f0c9361c49c241f66d15f1b5e68a1d36539b67f808a4ef77a0c442bce50e5c3d	prueba_ingreso	octubre_2016_a_entrevista	entidad	13	PUBLICABLE	2135	346	0.044015746984266316	0.034352392291815005	0.05435009182719332	0.005191217562956358	751890.0	200	
RESULT-ENDIREH2021-DIS-TABLA	CALC-ENDIREH-PISOS-2021-DISCRIMINACION-0001	f0c9361c49c241f66d15f1b5e68a1d36539b67f808a4ef77a0c442bce50e5c3d	prueba_ingreso	octubre_2016_a_entrevista	entidad	14	PUBLICABLE	2104	563	0.09382002299599336	0.07986429935159084	0.10746248885481213	0.006864576411987055	2038616.0	200	
RESULT-ENDIREH2021-DIS-TABLA	CALC-ENDIREH-PISOS-2021-DISCRIMINACION-0001	f0c9361c49c241f66d15f1b5e68a1d36539b67f808a4ef77a0c442bce50e5c3d	prueba_ingreso	octubre_2016_a_entrevista	entidad	15	PUBLICABLE	2148	680	0.05820970034152384	0.047695869525553575	0.06790146678051914	0.005240102360809751	4208491.0	200	
RESULT-ENDIREH2021-DIS-TABLA	CALC-ENDIREH-PISOS-2021-DISCRIMINACION-0001	f0c9361c49c241f66d15f1b5e68a1d36539b67f808a4ef77a0c442bce50e5c3d	prueba_ingreso	octubre_2016_a_entrevista	entidad	16	PUBLICABLE	1997	381	0.04089509217555352	0.03192919953081369	0.050491522972040494	0.004886211365887256	1064382.0	200	
RESULT-ENDIREH2021-DIS-TABLA	CALC-ENDIREH-PISOS-2021-DISCRIMINACION-0001	f0c9361c49c241f66d15f1b5e68a1d36539b67f808a4ef77a0c442bce50e5c3d	prueba_ingreso	octubre_2016_a_entrevista	entidad	17	PUBLICABLE	2106	559	0.054701591131024185	0.044527206160138104	0.06554678881390957	0.005481674482206623	522270.0	200	
RESULT-ENDIREH2021-DIS-TABLA	CALC-ENDIREH-PISOS-2021-DISCRIMINACION-0001	f0c9361c49c241f66d15f1b5e68a1d36539b67f808a4ef77a0c442bce50e5c3d	prueba_ingreso	octubre_2016_a_entrevista	entidad	18	PUBLICABLE	2236	438	0.06287567884730144	0.05183485105463353	0.07602544065021874	0.006332229309575431	299957.0	200	
RESULT-ENDIREH2021-DIS-TABLA	CALC-ENDIREH-PISOS-2021-DISCRIMINACION-0001	f0c9361c49c241f66d15f1b5e68a1d36539b67f808a4ef77a0c442bce50e5c3d	prueba_ingreso	octubre_2016_a_entrevista	entidad	19	PUBLICABLE	2097	709	0.09867770852807024	0.08489643532264193	0.1110888128845269	0.006501773683609966	1493468.0	200	
RESULT-ENDIREH2021-DIS-TABLA	CALC-ENDIREH-PISOS-2021-DISCRIMINACION-0001	f0c9361c49c241f66d15f1b5e68a1d36539b67f808a4ef77a0c442bce50e5c3d	prueba_ingreso	octubre_2016_a_entrevista	entidad	20	PUBLICABLE	2008	326	0.033898620375720015	0.027788273343857403	0.04219333536471139	0.003777991872881219	913872.0	200	
RESULT-ENDIREH2021-DIS-TABLA	CALC-ENDIREH-PISOS-2021-DISCRIMINACION-0001	f0c9361c49c241f66d15f1b5e68a1d36539b67f808a4ef77a0c442bce50e5c3d	prueba_ingreso	octubre_2016_a_entrevista	entidad	21	PUBLICABLE	2027	464	0.05561522878320585	0.04594428249528544	0.06732194899247583	0.005745063896169179	1519386.0	200	
RESULT-ENDIREH2021-DIS-TABLA	CALC-ENDIREH-PISOS-2021-DISCRIMINACION-0001	f0c9361c49c241f66d15f1b5e68a1d36539b67f808a4ef77a0c442bce50e5c3d	prueba_ingreso	octubre_2016_a_entrevista	entidad	22	PUBLICABLE	2235	555	0.0859437737946999	0.07320524933757548	0.0989364178205967	0.006703634729406811	615158.0	200	
RESULT-ENDIREH2021-DIS-TABLA	CALC-ENDIREH-PISOS-2021-DISCRIMINACION-0001	f0c9361c49c241f66d15f1b5e68a1d36539b67f808a4ef77a0c442bce50e5c3d	prueba_ingreso	octubre_2016_a_entrevista	entidad	23	PUBLICABLE	2039	672	0.10780152507786489	0.09386860469523503	0.1250932270472143	0.00833192558002232	465550.0	200	
RESULT-ENDIREH2021-DIS-TABLA	CALC-ENDIREH-PISOS-2021-DISCRIMINACION-0001	f0c9361c49c241f66d15f1b5e68a1d36539b67f808a4ef77a0c442bce50e5c3d	prueba_ingreso	octubre_2016_a_entrevista	entidad	24	PUBLICABLE	2046	503	0.09297369443894425	0.07586028389288571	0.11713007367383607	0.009823209189372822	681795.0	200	
RESULT-ENDIREH2021-DIS-TABLA	CALC-ENDIREH-PISOS-2021-DISCRIMINACION-0001	f0c9361c49c241f66d15f1b5e68a1d36539b67f808a4ef77a0c442bce50e5c3d	prueba_ingreso	octubre_2016_a_entrevista	entidad	25	PUBLICABLE	2195	537	0.09758770918662418	0.08323609701836904	0.11364656993623785	0.006985276370123726	759071.0	200	
RESULT-ENDIREH2021-DIS-TABLA	CALC-ENDIREH-PISOS-2021-DISCRIMINACION-0001	f0c9361c49c241f66d15f1b5e68a1d36539b67f808a4ef77a0c442bce50e5c3d	prueba_ingreso	octubre_2016_a_entrevista	entidad	26	PUBLICABLE	2347	610	0.14119563094173138	0.12781676678617918	0.1547357525154612	0.0072585127302441784	803743.0	200	
RESULT-ENDIREH2021-DIS-TABLA	CALC-ENDIREH-PISOS-2021-DISCRIMINACION-0001	f0c9361c49c241f66d15f1b5e68a1d36539b67f808a4ef77a0c442bce50e5c3d	prueba_ingreso	octubre_2016_a_entrevista	entidad	27	PUBLICABLE	1747	339	0.07706788935557823	0.06524294219891881	0.08891292147698776	0.0065615529667820876	478072.0	200	
RESULT-ENDIREH2021-DIS-TABLA	CALC-ENDIREH-PISOS-2021-DISCRIMINACION-0001	f0c9361c49c241f66d15f1b5e68a1d36539b67f808a4ef77a0c442bce50e5c3d	prueba_ingreso	octubre_2016_a_entrevista	entidad	28	PUBLICABLE	1981	658	0.1186944949348497	0.10356881269479462	0.13632150033516574	0.008191961723446436	848346.0	200	
RESULT-ENDIREH2021-DIS-TABLA	CALC-ENDIREH-PISOS-2021-DISCRIMINACION-0001	f0c9361c49c241f66d15f1b5e68a1d36539b67f808a4ef77a0c442bce50e5c3d	prueba_ingreso	octubre_2016_a_entrevista	entidad	29	PUBLICABLE	2288	579	0.07790747451117529	0.06404594898754416	0.09447225578841413	0.007724301754294984	331714.0	200	
RESULT-ENDIREH2021-DIS-TABLA	CALC-ENDIREH-PISOS-2021-DISCRIMINACION-0001	f0c9361c49c241f66d15f1b5e68a1d36539b67f808a4ef77a0c442bce50e5c3d	prueba_ingreso	octubre_2016_a_entrevista	entidad	30	PUBLICABLE	1804	424	0.06415486586619161	0.05221599370429078	0.07766332594397227	0.006520763730582704	1788438.0	200	
RESULT-ENDIREH2021-DIS-TABLA	CALC-ENDIREH-PISOS-2021-DISCRIMINACION-0001	f0c9361c49c241f66d15f1b5e68a1d36539b67f808a4ef77a0c442bce50e5c3d	prueba_ingreso	octubre_2016_a_entrevista	entidad	31	PUBLICABLE	2070	540	0.05405806022959722	0.04441753906822182	0.06569582983690904	0.005477371494971297	573439.0	200	
RESULT-ENDIREH2021-DIS-TABLA	CALC-ENDIREH-PISOS-2021-DISCRIMINACION-0001	f0c9361c49c241f66d15f1b5e68a1d36539b67f808a4ef77a0c442bce50e5c3d	prueba_ingreso	octubre_2016_a_entrevista	entidad	32	PUBLICABLE	1813	382	0.043647302725880174	0.03536481732645429	0.05477430691537074	0.005017400979231208	325106.0	200	
RESULT-ENDIREH2021-DIS-TABLA	CALC-ENDIREH-PISOS-2021-DISCRIMINACION-0001	f0c9361c49c241f66d15f1b5e68a1d36539b67f808a4ef77a0c442bce50e5c3d	prueba_continuidad	octubre_2016_a_entrevista	nacional	MX	PUBLICABLE	66363	17198	0.0244632768510833	0.022700371182556286	0.026097436292853524	0.0008227120761401934	30283024.0	200	
RESULT-ENDIREH2021-DIS-TABLA	CALC-ENDIREH-PISOS-2021-DISCRIMINACION-0001	f0c9361c49c241f66d15f1b5e68a1d36539b67f808a4ef77a0c442bce50e5c3d	prueba_continuidad	octubre_2016_a_entrevista	edad	15-29	PUBLICABLE	18386	10157	0.026993352178803408	0.023814856528802004	0.03041941196658147	0.0016747482650985852	9555612.0	200	
RESULT-ENDIREH2021-DIS-TABLA	CALC-ENDIREH-PISOS-2021-DISCRIMINACION-0001	f0c9361c49c241f66d15f1b5e68a1d36539b67f808a4ef77a0c442bce50e5c3d	prueba_continuidad	octubre_2016_a_entrevista	edad	30-44	PUBLICABLE	24348	12131	0.033299737707545456	0.030619475380576206	0.03648827584926118	0.0016339530364901274	10382304.0	200	
RESULT-ENDIREH2021-DIS-TABLA	CALC-ENDIREH-PISOS-2021-DISCRIMINACION-0001	f0c9361c49c241f66d15f1b5e68a1d36539b67f808a4ef77a0c442bce50e5c3d	prueba_continuidad	octubre_2016_a_entrevista	edad	45-59	PUBLICABLE	17298	10403	0.016460800220762004	0.01383215101532736	0.019409383027388084	0.0013353319492461213	7711472.0	200	
RESULT-ENDIREH2021-DIS-TABLA	CALC-ENDIREH-PISOS-2021-DISCRIMINACION-0001	f0c9361c49c241f66d15f1b5e68a1d36539b67f808a4ef77a0c442bce50e5c3d	prueba_continuidad	octubre_2016_a_entrevista	edad	60+	PUBLICABLE	6331	4974	0.003880186935476277	0.002187878084701514	0.0061912635335860475	0.0010153744547049231	2633636.0	200	
RESULT-ENDIREH2021-DIS-TABLA	CALC-ENDIREH-PISOS-2021-DISCRIMINACION-0001	f0c9361c49c241f66d15f1b5e68a1d36539b67f808a4ef77a0c442bce50e5c3d	prueba_continuidad	octubre_2016_a_entrevista	escolaridad	ninguno	SUPRIMIDA	1756	1436						0	precision
RESULT-ENDIREH2021-DIS-TABLA	CALC-ENDIREH-PISOS-2021-DISCRIMINACION-0001	f0c9361c49c241f66d15f1b5e68a1d36539b67f808a4ef77a0c442bce50e5c3d	prueba_continuidad	octubre_2016_a_entrevista	escolaridad	basica	PUBLICABLE	31114	12280	0.022976918351184664	0.020735562219397954	0.025192867011149568	0.0011337711406437777	13749581.0	200	
RESULT-ENDIREH2021-DIS-TABLA	CALC-ENDIREH-PISOS-2021-DISCRIMINACION-0001	f0c9361c49c241f66d15f1b5e68a1d36539b67f808a4ef77a0c442bce50e5c3d	prueba_continuidad	octubre_2016_a_entrevista	escolaridad	media_superior	PUBLICABLE	16116	9774	0.028987369626639035	0.025573782720849474	0.0325562405786199	0.00172352183349447	7657335.0	200	
RESULT-ENDIREH2021-DIS-TABLA	CALC-ENDIREH-PISOS-2021-DISCRIMINACION-0001	f0c9361c49c241f66d15f1b5e68a1d36539b67f808a4ef77a0c442bce50e5c3d	prueba_continuidad	octubre_2016_a_entrevista	escolaridad	superior	PUBLICABLE	17377	10233	0.024377247123383614	0.020286060747844854	0.028078521688542697	0.001910882845178908	8041392.0	200	
RESULT-ENDIREH2021-DIS-TABLA	CALC-ENDIREH-PISOS-2021-DISCRIMINACION-0001	f0c9361c49c241f66d15f1b5e68a1d36539b67f808a4ef77a0c442bce50e5c3d	prueba_continuidad	octubre_2016_a_entrevista	localidad	U	PUBLICABLE	36187	13763	0.026766139127857087	0.02452799374947119	0.029206087541000885	0.0011393477948064923	17636238.0	200	
RESULT-ENDIREH2021-DIS-TABLA	CALC-ENDIREH-PISOS-2021-DISCRIMINACION-0001	f0c9361c49c241f66d15f1b5e68a1d36539b67f808a4ef77a0c442bce50e5c3d	prueba_continuidad	octubre_2016_a_entrevista	localidad	C	PUBLICABLE	17621	1797	0.023240861357584422	0.020606822239696378	0.02590800211791952	0.001371725129795794	7109289.0	200	
RESULT-ENDIREH2021-DIS-TABLA	CALC-ENDIREH-PISOS-2021-DISCRIMINACION-0001	f0c9361c49c241f66d15f1b5e68a1d36539b67f808a4ef77a0c442bce50e5c3d	prueba_continuidad	octubre_2016_a_entrevista	localidad	R	PUBLICABLE	12555	1638	0.01869833970113212	0.014855327888366363	0.02237318170714106	0.0018215102556693513	5537497.0	200	
RESULT-ENDIREH2021-DIS-TABLA	CALC-ENDIREH-PISOS-2021-DISCRIMINACION-0001	f0c9361c49c241f66d15f1b5e68a1d36539b67f808a4ef77a0c442bce50e5c3d	prueba_continuidad	octubre_2016_a_entrevista	pareja	A1	PUBLICABLE	38561	14810	0.026432163464083426	0.0244525046825682	0.02849020338249221	0.001073808030239818	15112800.0	200	
RESULT-ENDIREH2021-DIS-TABLA	CALC-ENDIREH-PISOS-2021-DISCRIMINACION-0001	f0c9361c49c241f66d15f1b5e68a1d36539b67f808a4ef77a0c442bce50e5c3d	prueba_continuidad	octubre_2016_a_entrevista	pareja	A2	PUBLICABLE	1466	1296	0.03555850461143802	0.02131321099730232	0.050301777035040414	0.008033514056657169	675169.0	200	
RESULT-ENDIREH2021-DIS-TABLA	CALC-ENDIREH-PISOS-2021-DISCRIMINACION-0001	f0c9361c49c241f66d15f1b5e68a1d36539b67f808a4ef77a0c442bce50e5c3d	prueba_continuidad	octubre_2016_a_entrevista	pareja	B1	PUBLICABLE	10047	7262	0.029231136011925646	0.025634341766882136	0.03340821408183405	0.002120452326887089	4945309.0	200	
RESULT-ENDIREH2021-DIS-TABLA	CALC-ENDIREH-PISOS-2021-DISCRIMINACION-0001	f0c9361c49c241f66d15f1b5e68a1d36539b67f808a4ef77a0c442bce50e5c3d	prueba_continuidad	octubre_2016_a_entrevista	pareja	B2	PUBLICABLE	3672	3184	0.013278792193727972	0.007436808470919271	0.02092287617759273	0.003606411961632825	1633507.0	200	
RESULT-ENDIREH2021-DIS-TABLA	CALC-ENDIREH-PISOS-2021-DISCRIMINACION-0001	f0c9361c49c241f66d15f1b5e68a1d36539b67f808a4ef77a0c442bce50e5c3d	prueba_continuidad	octubre_2016_a_entrevista	pareja	C1	PUBLICABLE	10829	7729	0.019587952627684067	0.016518701661902703	0.02294549844455825	0.0017290578633811138	6807858.0	200	
RESULT-ENDIREH2021-DIS-TABLA	CALC-ENDIREH-PISOS-2021-DISCRIMINACION-0001	f0c9361c49c241f66d15f1b5e68a1d36539b67f808a4ef77a0c442bce50e5c3d	prueba_continuidad	octubre_2016_a_entrevista	pareja	C2	PUBLICABLE	1788	1635	0.016014348856575492	0.007789412601363363	0.026313319856014716	0.004528732475938847	1108381.0	200	
RESULT-ENDIREH2021-DIS-TABLA	CALC-ENDIREH-PISOS-2021-DISCRIMINACION-0001	f0c9361c49c241f66d15f1b5e68a1d36539b67f808a4ef77a0c442bce50e5c3d	prueba_continuidad	octubre_2016_a_entrevista	entidad	01	PUBLICABLE	2285	649	0.026476678559135436	0.01824489668502367	0.03471727668296985	0.004213632732320367	366058.0	200	
RESULT-ENDIREH2021-DIS-TABLA	CALC-ENDIREH-PISOS-2021-DISCRIMINACION-0001	f0c9361c49c241f66d15f1b5e68a1d36539b67f808a4ef77a0c442bce50e5c3d	prueba_continuidad	octubre_2016_a_entrevista	entidad	02	PUBLICABLE	2194	698	0.03867177947415472	0.02978375364763761	0.04900538481777988	0.004844033750259286	985499.0	200	
RESULT-ENDIREH2021-DIS-TABLA	CALC-ENDIREH-PISOS-2021-DISCRIMINACION-0001	f0c9361c49c241f66d15f1b5e68a1d36539b67f808a4ef77a0c442bce50e5c3d	prueba_continuidad	octubre_2016_a_entrevista	entidad	03	PUBLICABLE	2068	425	0.021106523210310025	0.013938725038064722	0.0285089336925808	0.0038758747480250036	203918.0	200	
RESULT-ENDIREH2021-DIS-TABLA	CALC-ENDIREH-PISOS-2021-DISCRIMINACION-0001	f0c9361c49c241f66d15f1b5e68a1d36539b67f808a4ef77a0c442bce50e5c3d	prueba_continuidad	octubre_2016_a_entrevista	entidad	04	PUBLICABLE	2065	538	0.0157002615905866	0.011084679520231093	0.02155851827434825	0.002630928890529502	207194.0	200	
RESULT-ENDIREH2021-DIS-TABLA	CALC-ENDIREH-PISOS-2021-DISCRIMINACION-0001	f0c9361c49c241f66d15f1b5e68a1d36539b67f808a4ef77a0c442bce50e5c3d	prueba_continuidad	octubre_2016_a_entrevista	entidad	05	PUBLICABLE	2184	682	0.041184059411549616	0.032091682308531704	0.05113637177577816	0.005002373069394086	776684.0	200	
RESULT-ENDIREH2021-DIS-TABLA	CALC-ENDIREH-PISOS-2021-DISCRIMINACION-0001	f0c9361c49c241f66d15f1b5e68a1d36539b67f808a4ef77a0c442bce50e5c3d	prueba_continuidad	octubre_2016_a_entrevista	entidad	06	PUBLICABLE	2291	610	0.012363524230772936	0.007569532504964539	0.01864788101582801	0.003019950466862329	207546.0	200	
RESULT-ENDIREH2021-DIS-TABLA	CALC-ENDIREH-PISOS-2021-DISCRIMINACION-0001	f0c9361c49c241f66d15f1b5e68a1d36539b67f808a4ef77a0c442bce50e5c3d	prueba_continuidad	octubre_2016_a_entrevista	entidad	07	PUBLICABLE	1689	356	0.014722434451064116	0.009563981054612002	0.02071087098235218	0.0028256098652761196	951541.0	200	
RESULT-ENDIREH2021-DIS-TABLA	CALC-ENDIREH-PISOS-2021-DISCRIMINACION-0001	f0c9361c49c241f66d15f1b5e68a1d36539b67f808a4ef77a0c442bce50e5c3d	prueba_continuidad	octubre_2016_a_entrevista	entidad	08	PUBLICABLE	2137	673	0.05085600231577601	0.037722530813105774	0.05932189797250403	0.005700615980281624	922369.0	200	
RESULT-ENDIREH2021-DIS-TABLA	CALC-ENDIREH-PISOS-2021-DISCRIMINACION-0001	f0c9361c49c241f66d15f1b5e68a1d36539b67f808a4ef77a0c442bce50e5c3d	prueba_continuidad	octubre_2016_a_entrevista	entidad	09	PUBLICABLE	2057	828	0.017756377659291743	0.01131316541825329	0.024683580174103856	0.003731709746740992	2521066.0	200	
RESULT-ENDIREH2021-DIS-TABLA	CALC-ENDIREH-PISOS-2021-DISCRIMINACION-0001	f0c9361c49c241f66d15f1b5e68a1d36539b67f808a4ef77a0c442bce50e5c3d	prueba_continuidad	octubre_2016_a_entrevista	entidad	10	PUBLICABLE	1883	551	0.0340423188231642	0.024784064910933965	0.04345209386197619	0.0048920888021580025	399444.0	200	
RESULT-ENDIREH2021-DIS-TABLA	CALC-ENDIREH-PISOS-2021-DISCRIMINACION-0001	f0c9361c49c241f66d15f1b5e68a1d36539b67f808a4ef77a0c442bce50e5c3d	prueba_continuidad	octubre_2016_a_entrevista	entidad	11	PUBLICABLE	2139	505	0.02200515095697774	0.015717051728683554	0.027553082209808673	0.003166535160084649	1461476.0	200	
RESULT-ENDIREH2021-DIS-TABLA	CALC-ENDIREH-PISOS-2021-DISCRIMINACION-0001	f0c9361c49c241f66d15f1b5e68a1d36539b67f808a4ef77a0c442bce50e5c3d	prueba_continuidad	octubre_2016_a_entrevista	entidad	12	PUBLICABLE	1948	418	0.017249659859680362	0.010969296070688181	0.024039790646246926	0.003375766588446891	797465.0	200	
RESULT-ENDIREH2021-DIS-TABLA	CALC-ENDIREH-PISOS-2021-DISCRIMINACION-0001	f0c9361c49c241f66d15f1b5e68a1d36539b67f808a4ef77a0c442bce50e5c3d	prueba_continuidad	octubre_2016_a_entrevista	entidad	13	PUBLICABLE	2135	346	0.016273657050898404	0.01153375970221495	0.02121523545058054	0.0025969584937645825	751890.0	200	
RESULT-ENDIREH2021-DIS-TABLA	CALC-ENDIREH-PISOS-2021-DISCRIMINACION-0001	f0c9361c49c241f66d15f1b5e68a1d36539b67f808a4ef77a0c442bce50e5c3d	prueba_continuidad	octubre_2016_a_entrevista	entidad	14	PUBLICABLE	2104	563	0.030262688019715336	0.022250516425413338	0.038339854806920724	0.004013226536827743	2038616.0	200	
RESULT-ENDIREH2021-DIS-TABLA	CALC-ENDIREH-PISOS-2021-DISCRIMINACION-0001	f0c9361c49c241f66d15f1b5e68a1d36539b67f808a4ef77a0c442bce50e5c3d	prueba_continuidad	octubre_2016_a_entrevista	entidad	15	PUBLICABLE	2148	680	0.021926624055985864	0.016022106576924496	0.029125127097749535	0.0034707195431659572	4208491.0	200	
RESULT-ENDIREH2021-DIS-TABLA	CALC-ENDIREH-PISOS-2021-DISCRIMINACION-0001	f0c9361c49c241f66d15f1b5e68a1d36539b67f808a4ef77a0c442bce50e5c3d	prueba_continuidad	octubre_2016_a_entrevista	entidad	16	PUBLICABLE	1997	381	0.013372078821325427	0.008696770189163665	0.018292573204517704	0.0023753936970320358	1064382.0	200	
RESULT-ENDIREH2021-DIS-TABLA	CALC-ENDIREH-PISOS-2021-DISCRIMINACION-0001	f0c9361c49c241f66d15f1b5e68a1d36539b67f808a4ef77a0c442bce50e5c3d	prueba_continuidad	octubre_2016_a_entrevista	entidad	17	PUBLICABLE	2106	559	0.016702088957818752	0.011086231806943537	0.023727360146163206	0.0033360981657190084	522270.0	200	
RESULT-ENDIREH2021-DIS-TABLA	CALC-ENDIREH-PISOS-2021-DISCRIMINACION-0001	f0c9361c49c241f66d15f1b5e68a1d36539b67f808a4ef77a0c442bce50e5c3d	prueba_continuidad	octubre_2016_a_entrevista	entidad	18	PUBLICABLE	2236	438	0.020129551902439348	0.014358892942104538	0.02574793936151737	0.0029527155542885515	299957.0	200	
RESULT-ENDIREH2021-DIS-TABLA	CALC-ENDIREH-PISOS-2021-DISCRIMINACION-0001	f0c9361c49c241f66d15f1b5e68a1d36539b67f808a4ef77a0c442bce50e5c3d	prueba_continuidad	octubre_2016_a_entrevista	entidad	19	PUBLICABLE	2097	709	0.02821486633794631	0.020464640379221476	0.034756450404482185	0.003885889470185966	1493468.0	200	
RESULT-ENDIREH2021-DIS-TABLA	CALC-ENDIREH-PISOS-2021-DISCRIMINACION-0001	f0c9361c49c241f66d15f1b5e68a1d36539b67f808a4ef77a0c442bce50e5c3d	prueba_continuidad	octubre_2016_a_entrevista	entidad	20	PUBLICABLE	2008	326	0.00973878179876394	0.005951146381677581	0.01461798688911222	0.0023589493573278266	913872.0	200	
RESULT-ENDIREH2021-DIS-TABLA	CALC-ENDIREH-PISOS-2021-DISCRIMINACION-0001	f0c9361c49c241f66d15f1b5e68a1d36539b67f808a4ef77a0c442bce50e5c3d	prueba_continuidad	octubre_2016_a_entrevista	entidad	21	PUBLICABLE	2027	464	0.01929200348035325	0.013787908400613502	0.025015399190991824	0.003011008089056252	1519386.0	200	
RESULT-ENDIREH2021-DIS-TABLA	CALC-ENDIREH-PISOS-2021-DISCRIMINACION-0001	f0c9361c49c241f66d15f1b5e68a1d36539b67f808a4ef77a0c442bce50e5c3d	prueba_continuidad	octubre_2016_a_entrevista	entidad	22	PUBLICABLE	2235	555	0.030112588960884847	0.021741362733039955	0.03868354661030213	0.004439345651596345	615158.0	200	
RESULT-ENDIREH2021-DIS-TABLA	CALC-ENDIREH-PISOS-2021-DISCRIMINACION-0001	f0c9361c49c241f66d15f1b5e68a1d36539b67f808a4ef77a0c442bce50e5c3d	prueba_continuidad	octubre_2016_a_entrevista	entidad	23	PUBLICABLE	2039	672	0.03495865105788852	0.026859619589880233	0.04264354712165066	0.004413411841905594	465550.0	200	
RESULT-ENDIREH2021-DIS-TABLA	CALC-ENDIREH-PISOS-2021-DISCRIMINACION-0001	f0c9361c49c241f66d15f1b5e68a1d36539b67f808a4ef77a0c442bce50e5c3d	prueba_continuidad	octubre_2016_a_entrevista	entidad	24	PUBLICABLE	2046	503	0.027688674748274775	0.018008277751200848	0.03832207235623092	0.005573828677029979	681795.0	200	
RESULT-ENDIREH2021-DIS-TABLA	CALC-ENDIREH-PISOS-2021-DISCRIMINACION-0001	f0c9361c49c241f66d15f1b5e68a1d36539b67f808a4ef77a0c442bce50e5c3d	prueba_continuidad	octubre_2016_a_entrevista	entidad	25	PUBLICABLE	2195	537	0.03242384440981147	0.024184291635051213	0.039657168086893686	0.004091216728493341	759071.0	200	
RESULT-ENDIREH2021-DIS-TABLA	CALC-ENDIREH-PISOS-2021-DISCRIMINACION-0001	f0c9361c49c241f66d15f1b5e68a1d36539b67f808a4ef77a0c442bce50e5c3d	prueba_continuidad	octubre_2016_a_entrevista	entidad	26	PUBLICABLE	2347	610	0.03717730667638785	0.028829074265884186	0.04545347935315639	0.0043044695688502655	803743.0	200	
RESULT-ENDIREH2021-DIS-TABLA	CALC-ENDIREH-PISOS-2021-DISCRIMINACION-0001	f0c9361c49c241f66d15f1b5e68a1d36539b67f808a4ef77a0c442bce50e5c3d	prueba_continuidad	octubre_2016_a_entrevista	entidad	27	PUBLICABLE	1747	339	0.022542629562074333	0.0158434794310877	0.029933524555706047	0.00362887320881326	478072.0	200	
RESULT-ENDIREH2021-DIS-TABLA	CALC-ENDIREH-PISOS-2021-DISCRIMINACION-0001	f0c9361c49c241f66d15f1b5e68a1d36539b67f808a4ef77a0c442bce50e5c3d	prueba_continuidad	octubre_2016_a_entrevista	entidad	28	PUBLICABLE	1981	658	0.029983049369007458	0.02214272805807536	0.03654229971188527	0.0038572022049870214	848346.0	200	
RESULT-ENDIREH2021-DIS-TABLA	CALC-ENDIREH-PISOS-2021-DISCRIMINACION-0001	f0c9361c49c241f66d15f1b5e68a1d36539b67f808a4ef77a0c442bce50e5c3d	prueba_continuidad	octubre_2016_a_entrevista	entidad	29	PUBLICABLE	2288	579	0.026688653478599035	0.018561425357951945	0.03351785025726672	0.004137688690870528	331714.0	200	
RESULT-ENDIREH2021-DIS-TABLA	CALC-ENDIREH-PISOS-2021-DISCRIMINACION-0001	f0c9361c49c241f66d15f1b5e68a1d36539b67f808a4ef77a0c442bce50e5c3d	prueba_continuidad	octubre_2016_a_entrevista	entidad	30	PUBLICABLE	1804	424	0.02290490360862384	0.01646052439836393	0.02919662698131493	0.003247821402467548	1788438.0	200	
RESULT-ENDIREH2021-DIS-TABLA	CALC-ENDIREH-PISOS-2021-DISCRIMINACION-0001	f0c9361c49c241f66d15f1b5e68a1d36539b67f808a4ef77a0c442bce50e5c3d	prueba_continuidad	octubre_2016_a_entrevista	entidad	31	PUBLICABLE	2070	540	0.02174424829842407	0.0162148501707746	0.02885672165155731	0.0033286673995079805	573439.0	200	
RESULT-ENDIREH2021-DIS-TABLA	CALC-ENDIREH-PISOS-2021-DISCRIMINACION-0001	f0c9361c49c241f66d15f1b5e68a1d36539b67f808a4ef77a0c442bce50e5c3d	prueba_continuidad	octubre_2016_a_entrevista	entidad	32	PUBLICABLE	1813	382	0.010741112129582352	0.0065394274072234455	0.016011888105475443	0.0022878587184143235	325106.0	200	
RESULT-ENDIREH2021-DIS-TABLA	CALC-ENDIREH-PISOS-2021-DISCRIMINACION-0001	f0c9361c49c241f66d15f1b5e68a1d36539b67f808a4ef77a0c442bce50e5c3d	prueba_alguna	octubre_2016_a_entrevista	nacional	MX	PUBLICABLE	66363	17198	0.08341373041212793	0.08069841091119956	0.08667047802117132	0.0015148690981321017	30283024.0	200	
RESULT-ENDIREH2021-DIS-TABLA	CALC-ENDIREH-PISOS-2021-DISCRIMINACION-0001	f0c9361c49c241f66d15f1b5e68a1d36539b67f808a4ef77a0c442bce50e5c3d	prueba_alguna	octubre_2016_a_entrevista	edad	15-29	PUBLICABLE	18386	10157	0.09880811401718696	0.09343284427710942	0.10424433636272462	0.002762095414208127	9555612.0	200	
RESULT-ENDIREH2021-DIS-TABLA	CALC-ENDIREH-PISOS-2021-DISCRIMINACION-0001	f0c9361c49c241f66d15f1b5e68a1d36539b67f808a4ef77a0c442bce50e5c3d	prueba_alguna	octubre_2016_a_entrevista	edad	30-44	PUBLICABLE	24348	12131	0.10931696856497364	0.1040130039964965	0.1144857769497372	0.002703169332766906	10382304.0	200	
RESULT-ENDIREH2021-DIS-TABLA	CALC-ENDIREH-PISOS-2021-DISCRIMINACION-0001	f0c9361c49c241f66d15f1b5e68a1d36539b67f808a4ef77a0c442bce50e5c3d	prueba_alguna	octubre_2016_a_entrevista	edad	45-59	PUBLICABLE	17298	10403	0.05328178588990533	0.04822768202146174	0.05813814221615445	0.0025369436971292175	7711472.0	200	
RESULT-ENDIREH2021-DIS-TABLA	CALC-ENDIREH-PISOS-2021-DISCRIMINACION-0001	f0c9361c49c241f66d15f1b5e68a1d36539b67f808a4ef77a0c442bce50e5c3d	prueba_alguna	octubre_2016_a_entrevista	edad	60+	PUBLICABLE	6331	4974	0.013671213485842387	0.009551394140104736	0.018331395896609443	0.0021708759416976977	2633636.0	200	
RESULT-ENDIREH2021-DIS-TABLA	CALC-ENDIREH-PISOS-2021-DISCRIMINACION-0001	f0c9361c49c241f66d15f1b5e68a1d36539b67f808a4ef77a0c442bce50e5c3d	prueba_alguna	octubre_2016_a_entrevista	escolaridad	ninguno	PUBLICABLE	1756	1436	0.01945931310769172	0.011743130040554044	0.029879060588247228	0.005036303177433498	834716.0	200	
RESULT-ENDIREH2021-DIS-TABLA	CALC-ENDIREH-PISOS-2021-DISCRIMINACION-0001	f0c9361c49c241f66d15f1b5e68a1d36539b67f808a4ef77a0c442bce50e5c3d	prueba_alguna	octubre_2016_a_entrevista	escolaridad	basica	PUBLICABLE	31114	12280	0.07831722290301064	0.07427445839155841	0.08192711426091619	0.00200616032502852	13749581.0	200	
RESULT-ENDIREH2021-DIS-TABLA	CALC-ENDIREH-PISOS-2021-DISCRIMINACION-0001	f0c9361c49c241f66d15f1b5e68a1d36539b67f808a4ef77a0c442bce50e5c3d	prueba_alguna	octubre_2016_a_entrevista	escolaridad	media_superior	PUBLICABLE	16116	9774	0.10247220475530978	0.09659305792355267	0.10849963790846709	0.003084688146610639	7657335.0	200	
RESULT-ENDIREH2021-DIS-TABLA	CALC-ENDIREH-PISOS-2021-DISCRIMINACION-0001	f0c9361c49c241f66d15f1b5e68a1d36539b67f808a4ef77a0c442bce50e5c3d	prueba_alguna	octubre_2016_a_entrevista	escolaridad	superior	PUBLICABLE	17377	10233	0.08061838049929664	0.07483581526180715	0.0851364631452799	0.0027891167200873217	8041392.0	200	
RESULT-ENDIREH2021-DIS-TABLA	CALC-ENDIREH-PISOS-2021-DISCRIMINACION-0001	f0c9361c49c241f66d15f1b5e68a1d36539b67f808a4ef77a0c442bce50e5c3d	prueba_alguna	octubre_2016_a_entrevista	localidad	U	PUBLICABLE	36187	13763	0.09536739070996887	0.09163163943600669	0.09961511227355976	0.0020599244797854005	17636238.0	200	
RESULT-ENDIREH2021-DIS-TABLA	CALC-ENDIREH-PISOS-2021-DISCRIMINACION-0001	f0c9361c49c241f66d15f1b5e68a1d36539b67f808a4ef77a0c442bce50e5c3d	prueba_alguna	octubre_2016_a_entrevista	localidad	C	PUBLICABLE	17621	1797	0.07501847231136616	0.0687736713956297	0.08122444354903446	0.003070765492930749	7109289.0	200	
RESULT-ENDIREH2021-DIS-TABLA	CALC-ENDIREH-PISOS-2021-DISCRIMINACION-0001	f0c9361c49c241f66d15f1b5e68a1d36539b67f808a4ef77a0c442bce50e5c3d	prueba_alguna	octubre_2016_a_entrevista	localidad	R	PUBLICABLE	12555	1638	0.05612102363215727	0.05111991618105498	0.062245494022802515	0.003011845521849439	5537497.0	200	
RESULT-ENDIREH2021-DIS-TABLA	CALC-ENDIREH-PISOS-2021-DISCRIMINACION-0001	f0c9361c49c241f66d15f1b5e68a1d36539b67f808a4ef77a0c442bce50e5c3d	prueba_alguna	octubre_2016_a_entrevista	pareja	A1	PUBLICABLE	38561	14810	0.0890555687893706	0.08544130363628198	0.0925625120723736	0.0019172974138433334	15112800.0	200	
RESULT-ENDIREH2021-DIS-TABLA	CALC-ENDIREH-PISOS-2021-DISCRIMINACION-0001	f0c9361c49c241f66d15f1b5e68a1d36539b67f808a4ef77a0c442bce50e5c3d	prueba_alguna	octubre_2016_a_entrevista	pareja	A2	PUBLICABLE	1466	1296	0.10628746284263643	0.08506142975367356	0.1310030459594299	0.012166634397760159	675169.0	200	
RESULT-ENDIREH2021-DIS-TABLA	CALC-ENDIREH-PISOS-2021-DISCRIMINACION-0001	f0c9361c49c241f66d15f1b5e68a1d36539b67f808a4ef77a0c442bce50e5c3d	prueba_alguna	octubre_2016_a_entrevista	pareja	B1	PUBLICABLE	10047	7262	0.09866097345989906	0.08979130292235296	0.10813090216443981	0.004373491904174751	4945309.0	200	
RESULT-ENDIREH2021-DIS-TABLA	CALC-ENDIREH-PISOS-2021-DISCRIMINACION-0001	f0c9361c49c241f66d15f1b5e68a1d36539b67f808a4ef77a0c442bce50e5c3d	prueba_alguna	octubre_2016_a_entrevista	pareja	B2	PUBLICABLE	3672	3184	0.040724649481147006	0.03176519996381051	0.05261270025699217	0.00517419488647406	1633507.0	200	
RESULT-ENDIREH2021-DIS-TABLA	CALC-ENDIREH-PISOS-2021-DISCRIMINACION-0001	f0c9361c49c241f66d15f1b5e68a1d36539b67f808a4ef77a0c442bce50e5c3d	prueba_alguna	octubre_2016_a_entrevista	pareja	C1	PUBLICABLE	10829	7729	0.07566609056769398	0.06902404711711867	0.08160046492386133	0.003270687845042895	6807858.0	200	
RESULT-ENDIREH2021-DIS-TABLA	CALC-ENDIREH-PISOS-2021-DISCRIMINACION-0001	f0c9361c49c241f66d15f1b5e68a1d36539b67f808a4ef77a0c442bce50e5c3d	prueba_alguna	octubre_2016_a_entrevista	pareja	C2	PUBLICABLE	1788	1635	0.03502586204563232	0.02339167493818554	0.04316960782628115	0.005264218182088065	1108381.0	200	
RESULT-ENDIREH2021-DIS-TABLA	CALC-ENDIREH-PISOS-2021-DISCRIMINACION-0001	f0c9361c49c241f66d15f1b5e68a1d36539b67f808a4ef77a0c442bce50e5c3d	prueba_alguna	octubre_2016_a_entrevista	entidad	01	PUBLICABLE	2285	649	0.08967158209901163	0.07600183399567793	0.10556685265468889	0.007923159784675934	366058.0	200	
RESULT-ENDIREH2021-DIS-TABLA	CALC-ENDIREH-PISOS-2021-DISCRIMINACION-0001	f0c9361c49c241f66d15f1b5e68a1d36539b67f808a4ef77a0c442bce50e5c3d	prueba_alguna	octubre_2016_a_entrevista	entidad	02	PUBLICABLE	2194	698	0.2173812454401273	0.19459867060698163	0.2402901966491579	0.012018285517217255	985499.0	200	
RESULT-ENDIREH2021-DIS-TABLA	CALC-ENDIREH-PISOS-2021-DISCRIMINACION-0001	f0c9361c49c241f66d15f1b5e68a1d36539b67f808a4ef77a0c442bce50e5c3d	prueba_alguna	octubre_2016_a_entrevista	entidad	03	PUBLICABLE	2068	425	0.09170843182063379	0.07883071643925416	0.10656552464518569	0.007756563127342308	203918.0	200	
RESULT-ENDIREH2021-DIS-TABLA	CALC-ENDIREH-PISOS-2021-DISCRIMINACION-0001	f0c9361c49c241f66d15f1b5e68a1d36539b67f808a4ef77a0c442bce50e5c3d	prueba_alguna	octubre_2016_a_entrevista	entidad	04	PUBLICABLE	2065	538	0.04651196463218047	0.036672504270995485	0.0562704177919695	0.005081616898882795	207194.0	200	
RESULT-ENDIREH2021-DIS-TABLA	CALC-ENDIREH-PISOS-2021-DISCRIMINACION-0001	f0c9361c49c241f66d15f1b5e68a1d36539b67f808a4ef77a0c442bce50e5c3d	prueba_alguna	octubre_2016_a_entrevista	entidad	05	PUBLICABLE	2184	682	0.17028804507367218	0.15366795028425906	0.18889510994582775	0.009211519479752859	776684.0	200	
RESULT-ENDIREH2021-DIS-TABLA	CALC-ENDIREH-PISOS-2021-DISCRIMINACION-0001	f0c9361c49c241f66d15f1b5e68a1d36539b67f808a4ef77a0c442bce50e5c3d	prueba_alguna	octubre_2016_a_entrevista	entidad	06	PUBLICABLE	2291	610	0.0454212560107157	0.037241412176660244	0.05431687313933368	0.004577974162893832	207546.0	200	
RESULT-ENDIREH2021-DIS-TABLA	CALC-ENDIREH-PISOS-2021-DISCRIMINACION-0001	f0c9361c49c241f66d15f1b5e68a1d36539b67f808a4ef77a0c442bce50e5c3d	prueba_alguna	octubre_2016_a_entrevista	entidad	07	PUBLICABLE	1689	356	0.056365411474650066	0.04525534970408654	0.07119872316575072	0.006771508877955831	951541.0	200	
RESULT-ENDIREH2021-DIS-TABLA	CALC-ENDIREH-PISOS-2021-DISCRIMINACION-0001	f0c9361c49c241f66d15f1b5e68a1d36539b67f808a4ef77a0c442bce50e5c3d	prueba_alguna	octubre_2016_a_entrevista	entidad	08	PUBLICABLE	2137	673	0.23672087852041862	0.2151755120532906	0.26059289907754296	0.010489161301331398	922369.0	200	
RESULT-ENDIREH2021-DIS-TABLA	CALC-ENDIREH-PISOS-2021-DISCRIMINACION-0001	f0c9361c49c241f66d15f1b5e68a1d36539b67f808a4ef77a0c442bce50e5c3d	prueba_alguna	octubre_2016_a_entrevista	entidad	09	PUBLICABLE	2057	828	0.047468412171676584	0.038190777037249844	0.057288324458100275	0.0050771574485526496	2521066.0	200	
RESULT-ENDIREH2021-DIS-TABLA	CALC-ENDIREH-PISOS-2021-DISCRIMINACION-0001	f0c9361c49c241f66d15f1b5e68a1d36539b67f808a4ef77a0c442bce50e5c3d	prueba_alguna	octubre_2016_a_entrevista	entidad	10	PUBLICABLE	1883	551	0.12662100319444028	0.10787098650199366	0.14338689209563993	0.00900044612800198	399444.0	200	
RESULT-ENDIREH2021-DIS-TABLA	CALC-ENDIREH-PISOS-2021-DISCRIMINACION-0001	f0c9361c49c241f66d15f1b5e68a1d36539b67f808a4ef77a0c442bce50e5c3d	prueba_alguna	octubre_2016_a_entrevista	entidad	11	PUBLICABLE	2139	505	0.06239377177593063	0.05083196866866279	0.07717914892319043	0.006504240957143963	1461476.0	200	
RESULT-ENDIREH2021-DIS-TABLA	CALC-ENDIREH-PISOS-2021-DISCRIMINACION-0001	f0c9361c49c241f66d15f1b5e68a1d36539b67f808a4ef77a0c442bce50e5c3d	prueba_alguna	octubre_2016_a_entrevista	entidad	12	PUBLICABLE	1948	418	0.04045444000677146	0.03214308051810074	0.04840148036964133	0.004266808295257358	797465.0	200	
RESULT-ENDIREH2021-DIS-TABLA	CALC-ENDIREH-PISOS-2021-DISCRIMINACION-0001	f0c9361c49c241f66d15f1b5e68a1d36539b67f808a4ef77a0c442bce50e5c3d	prueba_alguna	octubre_2016_a_entrevista	entidad	13	PUBLICABLE	2135	346	0.04713854420194443	0.03595039597201852	0.05636352587979258	0.005348643531135781	751890.0	200	
RESULT-ENDIREH2021-DIS-TABLA	CALC-ENDIREH-PISOS-2021-DISCRIMINACION-0001	f0c9361c49c241f66d15f1b5e68a1d36539b67f808a4ef77a0c442bce50e5c3d	prueba_alguna	octubre_2016_a_entrevista	entidad	14	PUBLICABLE	2104	563	0.09594106982384128	0.0835076075169581	0.10845572268170275	0.006752628519813753	2038616.0	200	
RESULT-ENDIREH2021-DIS-TABLA	CALC-ENDIREH-PISOS-2021-DISCRIMINACION-0001	f0c9361c49c241f66d15f1b5e68a1d36539b67f808a4ef77a0c442bce50e5c3d	prueba_alguna	octubre_2016_a_entrevista	entidad	15	PUBLICABLE	2148	680	0.059824055700725035	0.04872902487497252	0.0711882996910994	0.0059597255933200146	4208491.0	200	
RESULT-ENDIREH2021-DIS-TABLA	CALC-ENDIREH-PISOS-2021-DISCRIMINACION-0001	f0c9361c49c241f66d15f1b5e68a1d36539b67f808a4ef77a0c442bce50e5c3d	prueba_alguna	octubre_2016_a_entrevista	entidad	16	PUBLICABLE	1997	381	0.04234006212055446	0.03291105969835094	0.05095598047415442	0.004716603555616531	1064382.0	200	
RESULT-ENDIREH2021-DIS-TABLA	CALC-ENDIREH-PISOS-2021-DISCRIMINACION-0001	f0c9361c49c241f66d15f1b5e68a1d36539b67f808a4ef77a0c442bce50e5c3d	prueba_alguna	octubre_2016_a_entrevista	entidad	17	PUBLICABLE	2106	559	0.0563942022325617	0.04436312069171177	0.06837673139952348	0.006352042351688005	522270.0	200	
RESULT-ENDIREH2021-DIS-TABLA	CALC-ENDIREH-PISOS-2021-DISCRIMINACION-0001	f0c9361c49c241f66d15f1b5e68a1d36539b67f808a4ef77a0c442bce50e5c3d	prueba_alguna	octubre_2016_a_entrevista	entidad	18	PUBLICABLE	2236	438	0.0659927923002297	0.05221709611226187	0.07935269314232044	0.0060135422051038065	299957.0	200	
RESULT-ENDIREH2021-DIS-TABLA	CALC-ENDIREH-PISOS-2021-DISCRIMINACION-0001	f0c9361c49c241f66d15f1b5e68a1d36539b67f808a4ef77a0c442bce50e5c3d	prueba_alguna	octubre_2016_a_entrevista	entidad	19	PUBLICABLE	2097	709	0.10211467537302439	0.08870339278248819	0.11689920945949546	0.006860652790995535	1493468.0	200	
RESULT-ENDIREH2021-DIS-TABLA	CALC-ENDIREH-PISOS-2021-DISCRIMINACION-0001	f0c9361c49c241f66d15f1b5e68a1d36539b67f808a4ef77a0c442bce50e5c3d	prueba_alguna	octubre_2016_a_entrevista	entidad	20	PUBLICABLE	2008	326	0.03499286552164855	0.02765305680533533	0.044299072475886464	0.0043762937429768015	913872.0	200	
RESULT-ENDIREH2021-DIS-TABLA	CALC-ENDIREH-PISOS-2021-DISCRIMINACION-0001	f0c9361c49c241f66d15f1b5e68a1d36539b67f808a4ef77a0c442bce50e5c3d	prueba_alguna	octubre_2016_a_entrevista	entidad	21	PUBLICABLE	2027	464	0.05653533730072542	0.045588604033587714	0.06670733227984067	0.005303641994731781	1519386.0	200	
RESULT-ENDIREH2021-DIS-TABLA	CALC-ENDIREH-PISOS-2021-DISCRIMINACION-0001	f0c9361c49c241f66d15f1b5e68a1d36539b67f808a4ef77a0c442bce50e5c3d	prueba_alguna	octubre_2016_a_entrevista	entidad	22	PUBLICABLE	2235	555	0.0896647690512031	0.07680029882822118	0.10063090307240831	0.006419261072074089	615158.0	200	
RESULT-ENDIREH2021-DIS-TABLA	CALC-ENDIREH-PISOS-2021-DISCRIMINACION-0001	f0c9361c49c241f66d15f1b5e68a1d36539b67f808a4ef77a0c442bce50e5c3d	prueba_alguna	octubre_2016_a_entrevista	entidad	23	PUBLICABLE	2039	672	0.11085168080764687	0.09659480923278471	0.12654097198423522	0.008231533660570306	465550.0	200	
RESULT-ENDIREH2021-DIS-TABLA	CALC-ENDIREH-PISOS-2021-DISCRIMINACION-0001	f0c9361c49c241f66d15f1b5e68a1d36539b67f808a4ef77a0c442bce50e5c3d	prueba_alguna	octubre_2016_a_entrevista	entidad	24	PUBLICABLE	2046	503	0.0941089330370566	0.07332259236006185	0.11512033118474599	0.010773176003871779	681795.0	200	
RESULT-ENDIREH2021-DIS-TABLA	CALC-ENDIREH-PISOS-2021-DISCRIMINACION-0001	f0c9361c49c241f66d15f1b5e68a1d36539b67f808a4ef77a0c442bce50e5c3d	prueba_alguna	octubre_2016_a_entrevista	entidad	25	PUBLICABLE	2195	537	0.10048598879419712	0.08685929973506114	0.11374848612260333	0.006986152802179282	759071.0	200	
RESULT-ENDIREH2021-DIS-TABLA	CALC-ENDIREH-PISOS-2021-DISCRIMINACION-0001	f0c9361c49c241f66d15f1b5e68a1d36539b67f808a4ef77a0c442bce50e5c3d	prueba_alguna	octubre_2016_a_entrevista	entidad	26	PUBLICABLE	2347	610	0.14501774821055985	0.13094805073851876	0.16208750022558682	0.008044185994897358	803743.0	200	
RESULT-ENDIREH2021-DIS-TABLA	CALC-ENDIREH-PISOS-2021-DISCRIMINACION-0001	f0c9361c49c241f66d15f1b5e68a1d36539b67f808a4ef77a0c442bce50e5c3d	prueba_alguna	octubre_2016_a_entrevista	entidad	27	PUBLICABLE	1747	339	0.07706788935557823	0.06559605623350688	0.08991885617977054	0.006482714010042081	478072.0	200	
RESULT-ENDIREH2021-DIS-TABLA	CALC-ENDIREH-PISOS-2021-DISCRIMINACION-0001	f0c9361c49c241f66d15f1b5e68a1d36539b67f808a4ef77a0c442bce50e5c3d	prueba_alguna	octubre_2016_a_entrevista	entidad	28	PUBLICABLE	1981	658	0.12041549084925254	0.10365435600996796	0.1382293440163587	0.008951101403324786	848346.0	200	
RESULT-ENDIREH2021-DIS-TABLA	CALC-ENDIREH-PISOS-2021-DISCRIMINACION-0001	f0c9361c49c241f66d15f1b5e68a1d36539b67f808a4ef77a0c442bce50e5c3d	prueba_alguna	octubre_2016_a_entrevista	entidad	29	PUBLICABLE	2288	579	0.07991221353334499	0.06655439888096232	0.09373565072579568	0.0070352566612034055	331714.0	200	
RESULT-ENDIREH2021-DIS-TABLA	CALC-ENDIREH-PISOS-2021-DISCRIMINACION-0001	f0c9361c49c241f66d15f1b5e68a1d36539b67f808a4ef77a0c442bce50e5c3d	prueba_alguna	octubre_2016_a_entrevista	entidad	30	PUBLICABLE	1804	424	0.0666911573115758	0.053864161585517774	0.07903293082846134	0.006464583443792137	1788438.0	200	
RESULT-ENDIREH2021-DIS-TABLA	CALC-ENDIREH-PISOS-2021-DISCRIMINACION-0001	f0c9361c49c241f66d15f1b5e68a1d36539b67f808a4ef77a0c442bce50e5c3d	prueba_alguna	octubre_2016_a_entrevista	entidad	31	PUBLICABLE	2070	540	0.05693369303448144	0.046939598334658814	0.0697536270234577	0.006108801142223381	573439.0	200	
RESULT-ENDIREH2021-DIS-TABLA	CALC-ENDIREH-PISOS-2021-DISCRIMINACION-0001	f0c9361c49c241f66d15f1b5e68a1d36539b67f808a4ef77a0c442bce50e5c3d	prueba_alguna	octubre_2016_a_entrevista	entidad	32	PUBLICABLE	1813	382	0.04485306330858243	0.03484663598511503	0.05548737340889062	0.0052862154767520245	325106.0	200	
RESULT-ENDIREH2021-DIS-TABLA	CALC-ENDIREH-PISOS-2021-DISCRIMINACION-0001	f0c9361c49c241f66d15f1b5e68a1d36539b67f808a4ef77a0c442bce50e5c3d	despido_embarazo	octubre_2016_a_entrevista	nacional	MX	PUBLICABLE	22649	10786	0.028075739058980486	0.024839818952856748	0.03136061338103651	0.001660542581411757	9685729.0	200	
RESULT-ENDIREH2021-DIS-TABLA	CALC-ENDIREH-PISOS-2021-DISCRIMINACION-0001	f0c9361c49c241f66d15f1b5e68a1d36539b67f808a4ef77a0c442bce50e5c3d	despido_embarazo	octubre_2016_a_entrevista	edad	15-29	PUBLICABLE	9116	6145	0.03216721553598633	0.02771515713302281	0.03708091788373727	0.002434558752424642	4193773.0	200	
RESULT-ENDIREH2021-DIS-TABLA	CALC-ENDIREH-PISOS-2021-DISCRIMINACION-0001	f0c9361c49c241f66d15f1b5e68a1d36539b67f808a4ef77a0c442bce50e5c3d	despido_embarazo	octubre_2016_a_entrevista	edad	30-44	PUBLICABLE	9776	6699	0.02986557327070593	0.02471625917686313	0.03547217729602481	0.0026387687882894755	3870510.0	200	
RESULT-ENDIREH2021-DIS-TABLA	CALC-ENDIREH-PISOS-2021-DISCRIMINACION-0001	f0c9361c49c241f66d15f1b5e68a1d36539b67f808a4ef77a0c442bce50e5c3d	despido_embarazo	octubre_2016_a_entrevista	edad	45-59	SUPRIMIDA	2781	2192						0	precision
RESULT-ENDIREH2021-DIS-TABLA	CALC-ENDIREH-PISOS-2021-DISCRIMINACION-0001	f0c9361c49c241f66d15f1b5e68a1d36539b67f808a4ef77a0c442bce50e5c3d	despido_embarazo	octubre_2016_a_entrevista	edad	60+	SUPRIMIDA	976	869						0	precision
RESULT-ENDIREH2021-DIS-TABLA	CALC-ENDIREH-PISOS-2021-DISCRIMINACION-0001	f0c9361c49c241f66d15f1b5e68a1d36539b67f808a4ef77a0c442bce50e5c3d	despido_embarazo	octubre_2016_a_entrevista	escolaridad	ninguno	SUPRIMIDA	349	310						0	precision
RESULT-ENDIREH2021-DIS-TABLA	CALC-ENDIREH-PISOS-2021-DISCRIMINACION-0001	f0c9361c49c241f66d15f1b5e68a1d36539b67f808a4ef77a0c442bce50e5c3d	despido_embarazo	octubre_2016_a_entrevista	escolaridad	basica	PUBLICABLE	9986	5931	0.024890719265922474	0.020525914291240416	0.030693832589003104	0.0025151196147950314	4290555.0	200	
RESULT-ENDIREH2021-DIS-TABLA	CALC-ENDIREH-PISOS-2021-DISCRIMINACION-0001	f0c9361c49c241f66d15f1b5e68a1d36539b67f808a4ef77a0c442bce50e5c3d	despido_embarazo	octubre_2016_a_entrevista	escolaridad	media_superior	PUBLICABLE	6321	4849	0.03207681999598492	0.024872193336843963	0.03834246966339299	0.003562900067237711	2759594.0	200	
RESULT-ENDIREH2021-DIS-TABLA	CALC-ENDIREH-PISOS-2021-DISCRIMINACION-0001	f0c9361c49c241f66d15f1b5e68a1d36539b67f808a4ef77a0c442bce50e5c3d	despido_embarazo	octubre_2016_a_entrevista	escolaridad	superior	PUBLICABLE	5993	4592	0.02899547702978725	0.023175273755224574	0.03512466364525047	0.0032759766401544476	2455245.0	200	
RESULT-ENDIREH2021-DIS-TABLA	CALC-ENDIREH-PISOS-2021-DISCRIMINACION-0001	f0c9361c49c241f66d15f1b5e68a1d36539b67f808a4ef77a0c442bce50e5c3d	despido_embarazo	octubre_2016_a_entrevista	localidad	U	PUBLICABLE	11649	7631	0.032117913200111044	0.027406779229031508	0.03711305347656762	0.002547428575853498	5280698.0	200	
RESULT-ENDIREH2021-DIS-TABLA	CALC-ENDIREH-PISOS-2021-DISCRIMINACION-0001	f0c9361c49c241f66d15f1b5e68a1d36539b67f808a4ef77a0c442bce50e5c3d	despido_embarazo	octubre_2016_a_entrevista	localidad	C	PUBLICABLE	6192	1670	0.028812058055731973	0.02335612809794294	0.035628448560703574	0.0032365591921090908	2353945.0	200	
RESULT-ENDIREH2021-DIS-TABLA	CALC-ENDIREH-PISOS-2021-DISCRIMINACION-0001	f0c9361c49c241f66d15f1b5e68a1d36539b67f808a4ef77a0c442bce50e5c3d	despido_embarazo	octubre_2016_a_entrevista	localidad	R	PUBLICABLE	4808	1485	0.016823770431859026	0.012242242800470841	0.02157193164004099	0.002526954635663095	2051086.0	200	
RESULT-ENDIREH2021-DIS-TABLA	CALC-ENDIREH-PISOS-2021-DISCRIMINACION-0001	f0c9361c49c241f66d15f1b5e68a1d36539b67f808a4ef77a0c442bce50e5c3d	despido_embarazo	octubre_2016_a_entrevista	pareja	A1	PUBLICABLE	15652	8939	0.02759223349083902	0.02372814641130547	0.03155601099378773	0.002113917287111257	5892274.0	200	
RESULT-ENDIREH2021-DIS-TABLA	CALC-ENDIREH-PISOS-2021-DISCRIMINACION-0001	f0c9361c49c241f66d15f1b5e68a1d36539b67f808a4ef77a0c442bce50e5c3d	despido_embarazo	octubre_2016_a_entrevista	pareja	A2	SUPRIMIDA	656	604						0	precision
RESULT-ENDIREH2021-DIS-TABLA	CALC-ENDIREH-PISOS-2021-DISCRIMINACION-0001	f0c9361c49c241f66d15f1b5e68a1d36539b67f808a4ef77a0c442bce50e5c3d	despido_embarazo	octubre_2016_a_entrevista	pareja	B1	PUBLICABLE	3029	2636	0.03966655356527617	0.03147467636668647	0.04869780308946494	0.004464085880953437	1529601.0	200	
RESULT-ENDIREH2021-DIS-TABLA	CALC-ENDIREH-PISOS-2021-DISCRIMINACION-0001	f0c9361c49c241f66d15f1b5e68a1d36539b67f808a4ef77a0c442bce50e5c3d	despido_embarazo	octubre_2016_a_entrevista	pareja	B2	SUPRIMIDA	701	652						0	precision
RESULT-ENDIREH2021-DIS-TABLA	CALC-ENDIREH-PISOS-2021-DISCRIMINACION-0001	f0c9361c49c241f66d15f1b5e68a1d36539b67f808a4ef77a0c442bce50e5c3d	despido_embarazo	octubre_2016_a_entrevista	pareja	C1	PUBLICABLE	2332	2045	0.0214768248752077	0.01513469906194777	0.029911270449952555	0.0036447698789805355	1458223.0	200	
RESULT-ENDIREH2021-DIS-TABLA	CALC-ENDIREH-PISOS-2021-DISCRIMINACION-0001	f0c9361c49c241f66d15f1b5e68a1d36539b67f808a4ef77a0c442bce50e5c3d	despido_embarazo	octubre_2016_a_entrevista	pareja	C2	SUPRIMIDA	279	272						0	precision
RESULT-ENDIREH2021-DIS-TABLA	CALC-ENDIREH-PISOS-2021-DISCRIMINACION-0001	f0c9361c49c241f66d15f1b5e68a1d36539b67f808a4ef77a0c442bce50e5c3d	despido_embarazo	octubre_2016_a_entrevista	entidad	01	PUBLICABLE	829	413	0.0402268884991547	0.026217453307265777	0.05890251793102114	0.007718011094464783	126582.0	200	
RESULT-ENDIREH2021-DIS-TABLA	CALC-ENDIREH-PISOS-2021-DISCRIMINACION-0001	f0c9361c49c241f66d15f1b5e68a1d36539b67f808a4ef77a0c442bce50e5c3d	despido_embarazo	octubre_2016_a_entrevista	entidad	02	SUPRIMIDA	714	418						0	precision
RESULT-ENDIREH2021-DIS-TABLA	CALC-ENDIREH-PISOS-2021-DISCRIMINACION-0001	f0c9361c49c241f66d15f1b5e68a1d36539b67f808a4ef77a0c442bce50e5c3d	despido_embarazo	octubre_2016_a_entrevista	entidad	03	SUPRIMIDA	769	275						0	precision
RESULT-ENDIREH2021-DIS-TABLA	CALC-ENDIREH-PISOS-2021-DISCRIMINACION-0001	f0c9361c49c241f66d15f1b5e68a1d36539b67f808a4ef77a0c442bce50e5c3d	despido_embarazo	octubre_2016_a_entrevista	entidad	04	PUBLICABLE	784	342	0.01723703124605957	0.008619444555530407	0.027335197108842794	0.004859012704403387	79306.0	200	
RESULT-ENDIREH2021-DIS-TABLA	CALC-ENDIREH-PISOS-2021-DISCRIMINACION-0001	f0c9361c49c241f66d15f1b5e68a1d36539b67f808a4ef77a0c442bce50e5c3d	despido_embarazo	octubre_2016_a_entrevista	entidad	05	PUBLICABLE	814	452	0.0327080942390772	0.0178838189812477	0.044763000490300686	0.006905758971044704	273602.0	200	
RESULT-ENDIREH2021-DIS-TABLA	CALC-ENDIREH-PISOS-2021-DISCRIMINACION-0001	f0c9361c49c241f66d15f1b5e68a1d36539b67f808a4ef77a0c442bce50e5c3d	despido_embarazo	octubre_2016_a_entrevista	entidad	06	PUBLICABLE	741	378	0.025422253177781646	0.014103728354456961	0.038367611999359647	0.006167633050410062	63173.0	200	
RESULT-ENDIREH2021-DIS-TABLA	CALC-ENDIREH-PISOS-2021-DISCRIMINACION-0001	f0c9361c49c241f66d15f1b5e68a1d36539b67f808a4ef77a0c442bce50e5c3d	despido_embarazo	octubre_2016_a_entrevista	entidad	07	SUPRIMIDA	764	272						0	precision
RESULT-ENDIREH2021-DIS-TABLA	CALC-ENDIREH-PISOS-2021-DISCRIMINACION-0001	f0c9361c49c241f66d15f1b5e68a1d36539b67f808a4ef77a0c442bce50e5c3d	despido_embarazo	octubre_2016_a_entrevista	entidad	08	PUBLICABLE	635	382	0.025384247296392	0.013652357448620877	0.03783746103370827	0.006633980284761686	261225.0	200	
RESULT-ENDIREH2021-DIS-TABLA	CALC-ENDIREH-PISOS-2021-DISCRIMINACION-0001	f0c9361c49c241f66d15f1b5e68a1d36539b67f808a4ef77a0c442bce50e5c3d	despido_embarazo	octubre_2016_a_entrevista	entidad	09	PUBLICABLE	522	362	0.03171517951616401	0.018297841249751767	0.04718699978542108	0.007517397910412024	608636.0	200	
RESULT-ENDIREH2021-DIS-TABLA	CALC-ENDIREH-PISOS-2021-DISCRIMINACION-0001	f0c9361c49c241f66d15f1b5e68a1d36539b67f808a4ef77a0c442bce50e5c3d	despido_embarazo	octubre_2016_a_entrevista	entidad	10	SUPRIMIDA	684	357						0	precision
RESULT-ENDIREH2021-DIS-TABLA	CALC-ENDIREH-PISOS-2021-DISCRIMINACION-0001	f0c9361c49c241f66d15f1b5e68a1d36539b67f808a4ef77a0c442bce50e5c3d	despido_embarazo	octubre_2016_a_entrevista	entidad	11	PUBLICABLE	856	349	0.026578525853753508	0.01509158072682284	0.04139621689988678	0.006823859229768909	565005.0	200	
RESULT-ENDIREH2021-DIS-TABLA	CALC-ENDIREH-PISOS-2021-DISCRIMINACION-0001	f0c9361c49c241f66d15f1b5e68a1d36539b67f808a4ef77a0c442bce50e5c3d	despido_embarazo	octubre_2016_a_entrevista	entidad	12	SUPRIMIDA	743	292						0	precision
RESULT-ENDIREH2021-DIS-TABLA	CALC-ENDIREH-PISOS-2021-DISCRIMINACION-0001	f0c9361c49c241f66d15f1b5e68a1d36539b67f808a4ef77a0c442bce50e5c3d	despido_embarazo	octubre_2016_a_entrevista	entidad	13	PUBLICABLE	576	235	0.0458316752884998	0.025792846020998784	0.07171706535782664	0.011131248430756443	201040.0	200	
RESULT-ENDIREH2021-DIS-TABLA	CALC-ENDIREH-PISOS-2021-DISCRIMINACION-0001	f0c9361c49c241f66d15f1b5e68a1d36539b67f808a4ef77a0c442bce50e5c3d	despido_embarazo	octubre_2016_a_entrevista	entidad	14	PUBLICABLE	733	355	0.037597006941767444	0.025154151433227356	0.05090011271857652	0.007000195383784326	669282.0	200	
RESULT-ENDIREH2021-DIS-TABLA	CALC-ENDIREH-PISOS-2021-DISCRIMINACION-0001	f0c9361c49c241f66d15f1b5e68a1d36539b67f808a4ef77a0c442bce50e5c3d	despido_embarazo	octubre_2016_a_entrevista	entidad	15	PUBLICABLE	647	365	0.03734017122189288	0.021492717341372078	0.054880253374297215	0.00872469770756292	1237809.0	200	
RESULT-ENDIREH2021-DIS-TABLA	CALC-ENDIREH-PISOS-2021-DISCRIMINACION-0001	f0c9361c49c241f66d15f1b5e68a1d36539b67f808a4ef77a0c442bce50e5c3d	despido_embarazo	octubre_2016_a_entrevista	entidad	16	PUBLICABLE	797	280	0.02028819113917612	0.01258732413094299	0.02981072390673304	0.0047460006351530745	412851.0	200	
RESULT-ENDIREH2021-DIS-TABLA	CALC-ENDIREH-PISOS-2021-DISCRIMINACION-0001	f0c9361c49c241f66d15f1b5e68a1d36539b67f808a4ef77a0c442bce50e5c3d	despido_embarazo	octubre_2016_a_entrevista	entidad	17	PUBLICABLE	453	275	0.04186899951810802	0.02254304209264846	0.06160368624212585	0.011307194851805093	107908.0	200	
RESULT-ENDIREH2021-DIS-TABLA	CALC-ENDIREH-PISOS-2021-DISCRIMINACION-0001	f0c9361c49c241f66d15f1b5e68a1d36539b67f808a4ef77a0c442bce50e5c3d	despido_embarazo	octubre_2016_a_entrevista	entidad	18	PUBLICABLE	932	333	0.028351414730726474	0.016664281883219296	0.03881304981556231	0.005996991913082518	123239.0	200	
RESULT-ENDIREH2021-DIS-TABLA	CALC-ENDIREH-PISOS-2021-DISCRIMINACION-0001	f0c9361c49c241f66d15f1b5e68a1d36539b67f808a4ef77a0c442bce50e5c3d	despido_embarazo	octubre_2016_a_entrevista	entidad	19	PUBLICABLE	772	427	0.021058290629575403	0.013378384975169202	0.03219610903803592	0.004967806077661453	524544.0	200	
RESULT-ENDIREH2021-DIS-TABLA	CALC-ENDIREH-PISOS-2021-DISCRIMINACION-0001	f0c9361c49c241f66d15f1b5e68a1d36539b67f808a4ef77a0c442bce50e5c3d	despido_embarazo	octubre_2016_a_entrevista	entidad	20	SUPRIMIDA	657	240						0	precision
RESULT-ENDIREH2021-DIS-TABLA	CALC-ENDIREH-PISOS-2021-DISCRIMINACION-0001	f0c9361c49c241f66d15f1b5e68a1d36539b67f808a4ef77a0c442bce50e5c3d	despido_embarazo	octubre_2016_a_entrevista	entidad	21	PUBLICABLE	568	274	0.03665926681466371	0.022548556764316954	0.05437814679757876	0.007939356233978097	400008.0	200	
RESULT-ENDIREH2021-DIS-TABLA	CALC-ENDIREH-PISOS-2021-DISCRIMINACION-0001	f0c9361c49c241f66d15f1b5e68a1d36539b67f808a4ef77a0c442bce50e5c3d	despido_embarazo	octubre_2016_a_entrevista	entidad	22	PUBLICABLE	612	309	0.051219112116134925	0.02821826369226717	0.08263989344467029	0.014006032016657918	170698.0	200	
RESULT-ENDIREH2021-DIS-TABLA	CALC-ENDIREH-PISOS-2021-DISCRIMINACION-0001	f0c9361c49c241f66d15f1b5e68a1d36539b67f808a4ef77a0c442bce50e5c3d	despido_embarazo	octubre_2016_a_entrevista	entidad	23	SUPRIMIDA	588	371						0	precision
RESULT-ENDIREH2021-DIS-TABLA	CALC-ENDIREH-PISOS-2021-DISCRIMINACION-0001	f0c9361c49c241f66d15f1b5e68a1d36539b67f808a4ef77a0c442bce50e5c3d	despido_embarazo	octubre_2016_a_entrevista	entidad	24	PUBLICABLE	700	343	0.033860045146726865	0.016785386232848094	0.052117527532193446	0.009136841766543537	223272.0	200	
RESULT-ENDIREH2021-DIS-TABLA	CALC-ENDIREH-PISOS-2021-DISCRIMINACION-0001	f0c9361c49c241f66d15f1b5e68a1d36539b67f808a4ef77a0c442bce50e5c3d	despido_embarazo	octubre_2016_a_entrevista	entidad	25	PUBLICABLE	796	351	0.019786734418909036	0.00967230655338251	0.03096883483838878	0.005710919229451237	259770.0	200	
RESULT-ENDIREH2021-DIS-TABLA	CALC-ENDIREH-PISOS-2021-DISCRIMINACION-0001	f0c9361c49c241f66d15f1b5e68a1d36539b67f808a4ef77a0c442bce50e5c3d	despido_embarazo	octubre_2016_a_entrevista	entidad	26	PUBLICABLE	896	409	0.02556593591673713	0.015902877106740345	0.03504053751433721	0.005215804949345519	290934.0	200	
RESULT-ENDIREH2021-DIS-TABLA	CALC-ENDIREH-PISOS-2021-DISCRIMINACION-0001	f0c9361c49c241f66d15f1b5e68a1d36539b67f808a4ef77a0c442bce50e5c3d	despido_embarazo	octubre_2016_a_entrevista	entidad	27	PUBLICABLE	694	261	0.028049030414144156	0.015751372069512454	0.041254915762181536	0.006333746656156826	180541.0	200	
RESULT-ENDIREH2021-DIS-TABLA	CALC-ENDIREH-PISOS-2021-DISCRIMINACION-0001	f0c9361c49c241f66d15f1b5e68a1d36539b67f808a4ef77a0c442bce50e5c3d	despido_embarazo	octubre_2016_a_entrevista	entidad	28	SUPRIMIDA	751	414						0	precision
RESULT-ENDIREH2021-DIS-TABLA	CALC-ENDIREH-PISOS-2021-DISCRIMINACION-0001	f0c9361c49c241f66d15f1b5e68a1d36539b67f808a4ef77a0c442bce50e5c3d	despido_embarazo	octubre_2016_a_entrevista	entidad	29	PUBLICABLE	737	392	0.033849734952956595	0.018287391885445127	0.04754543379818948	0.007325480320469858	102246.0	200	
RESULT-ENDIREH2021-DIS-TABLA	CALC-ENDIREH-PISOS-2021-DISCRIMINACION-0001	f0c9361c49c241f66d15f1b5e68a1d36539b67f808a4ef77a0c442bce50e5c3d	despido_embarazo	octubre_2016_a_entrevista	entidad	30	SUPRIMIDA	573	275						0	precision
RESULT-ENDIREH2021-DIS-TABLA	CALC-ENDIREH-PISOS-2021-DISCRIMINACION-0001	f0c9361c49c241f66d15f1b5e68a1d36539b67f808a4ef77a0c442bce50e5c3d	despido_embarazo	octubre_2016_a_entrevista	entidad	31	PUBLICABLE	670	314	0.019329889435815376	0.011976556419620605	0.03117476644418476	0.005157060551798237	172479.0	200	
RESULT-ENDIREH2021-DIS-TABLA	CALC-ENDIREH-PISOS-2021-DISCRIMINACION-0001	f0c9361c49c241f66d15f1b5e68a1d36539b67f808a4ef77a0c442bce50e5c3d	despido_embarazo	octubre_2016_a_entrevista	entidad	32	SUPRIMIDA	642	271						0	precision
RESULT-ENDIREH2021-DIS-TABLA	CALC-ENDIREH-PISOS-2021-DISCRIMINACION-0001	f0c9361c49c241f66d15f1b5e68a1d36539b67f808a4ef77a0c442bce50e5c3d	no_renovacion_embarazo	octubre_2016_a_entrevista	nacional	MX	PUBLICABLE	22857	10828	0.02231280873815336	0.019696049865242895	0.025182269358054343	0.0014856190548641454	9813332.0	200	
RESULT-ENDIREH2021-DIS-TABLA	CALC-ENDIREH-PISOS-2021-DISCRIMINACION-0001	f0c9361c49c241f66d15f1b5e68a1d36539b67f808a4ef77a0c442bce50e5c3d	no_renovacion_embarazo	octubre_2016_a_entrevista	edad	15-29	PUBLICABLE	9154	6167	0.02327570339548042	0.0200618767769594	0.02651339661134329	0.00173901969070765	4226854.0	200	
RESULT-ENDIREH2021-DIS-TABLA	CALC-ENDIREH-PISOS-2021-DISCRIMINACION-0001	f0c9361c49c241f66d15f1b5e68a1d36539b67f808a4ef77a0c442bce50e5c3d	no_renovacion_embarazo	octubre_2016_a_entrevista	edad	30-44	PUBLICABLE	9847	6730	0.026870054966471858	0.022354853408782866	0.03206872835908116	0.002617925644518894	3912385.0	200	
RESULT-ENDIREH2021-DIS-TABLA	CALC-ENDIREH-PISOS-2021-DISCRIMINACION-0001	f0c9361c49c241f66d15f1b5e68a1d36539b67f808a4ef77a0c442bce50e5c3d	no_renovacion_embarazo	octubre_2016_a_entrevista	edad	45-59	PUBLICABLE	2848	2244	0.012119173613162592	0.00726042542945015	0.01889322602734179	0.0030184532880481846	1245712.0	200	
RESULT-ENDIREH2021-DIS-TABLA	CALC-ENDIREH-PISOS-2021-DISCRIMINACION-0001	f0c9361c49c241f66d15f1b5e68a1d36539b67f808a4ef77a0c442bce50e5c3d	no_renovacion_embarazo	octubre_2016_a_entrevista	edad	60+	SUPRIMIDA	1008	899						0	precision
RESULT-ENDIREH2021-DIS-TABLA	CALC-ENDIREH-PISOS-2021-DISCRIMINACION-0001	f0c9361c49c241f66d15f1b5e68a1d36539b67f808a4ef77a0c442bce50e5c3d	no_renovacion_embarazo	octubre_2016_a_entrevista	escolaridad	ninguno	SUPRIMIDA	356	317						0	precision
RESULT-ENDIREH2021-DIS-TABLA	CALC-ENDIREH-PISOS-2021-DISCRIMINACION-0001	f0c9361c49c241f66d15f1b5e68a1d36539b67f808a4ef77a0c442bce50e5c3d	no_renovacion_embarazo	octubre_2016_a_entrevista	escolaridad	basica	PUBLICABLE	10066	5970	0.015806534214866254	0.012748883158866216	0.019137467422593344	0.0016387315731267648	4327008.0	200	
RESULT-ENDIREH2021-DIS-TABLA	CALC-ENDIREH-PISOS-2021-DISCRIMINACION-0001	f0c9361c49c241f66d15f1b5e68a1d36539b67f808a4ef77a0c442bce50e5c3d	no_renovacion_embarazo	octubre_2016_a_entrevista	escolaridad	media_superior	PUBLICABLE	6365	4876	0.024716137295413537	0.020392716879245446	0.03027148387825897	0.002534993706564508	2781098.0	200	
RESULT-ENDIREH2021-DIS-TABLA	CALC-ENDIREH-PISOS-2021-DISCRIMINACION-0001	f0c9361c49c241f66d15f1b5e68a1d36539b67f808a4ef77a0c442bce50e5c3d	no_renovacion_embarazo	octubre_2016_a_entrevista	escolaridad	superior	PUBLICABLE	6070	4631	0.03199543200162213	0.02489118787888612	0.039267536562695486	0.0037530580323236443	2520141.0	200	
RESULT-ENDIREH2021-DIS-TABLA	CALC-ENDIREH-PISOS-2021-DISCRIMINACION-0001	f0c9361c49c241f66d15f1b5e68a1d36539b67f808a4ef77a0c442bce50e5c3d	no_renovacion_embarazo	octubre_2016_a_entrevista	localidad	U	PUBLICABLE	11807	7673	0.025548370442748297	0.021947012738992296	0.029162139663415715	0.0019385833327925299	5392477.0	200	
RESULT-ENDIREH2021-DIS-TABLA	CALC-ENDIREH-PISOS-2021-DISCRIMINACION-0001	f0c9361c49c241f66d15f1b5e68a1d36539b67f808a4ef77a0c442bce50e5c3d	no_renovacion_embarazo	octubre_2016_a_entrevista	localidad	C	PUBLICABLE	6227	1670	0.021443434129837177	0.01591333572669766	0.02627673243811579	0.002675501523244701	2364500.0	200	
RESULT-ENDIREH2021-DIS-TABLA	CALC-ENDIREH-PISOS-2021-DISCRIMINACION-0001	f0c9361c49c241f66d15f1b5e68a1d36539b67f808a4ef77a0c442bce50e5c3d	no_renovacion_embarazo	octubre_2016_a_entrevista	localidad	R	PUBLICABLE	4823	1485	0.014827692689248695	0.009617746969533329	0.021182789725512637	0.0031939738259508443	2056355.0	200	
RESULT-ENDIREH2021-DIS-TABLA	CALC-ENDIREH-PISOS-2021-DISCRIMINACION-0001	f0c9361c49c241f66d15f1b5e68a1d36539b67f808a4ef77a0c442bce50e5c3d	no_renovacion_embarazo	octubre_2016_a_entrevista	pareja	A1	PUBLICABLE	15747	8967	0.022607552332343878	0.01923065745218344	0.025957840067316464	0.0017735696700359016	5933902.0	200	
RESULT-ENDIREH2021-DIS-TABLA	CALC-ENDIREH-PISOS-2021-DISCRIMINACION-0001	f0c9361c49c241f66d15f1b5e68a1d36539b67f808a4ef77a0c442bce50e5c3d	no_renovacion_embarazo	octubre_2016_a_entrevista	pareja	A2	SUPRIMIDA	662	610						0	precision
RESULT-ENDIREH2021-DIS-TABLA	CALC-ENDIREH-PISOS-2021-DISCRIMINACION-0001	f0c9361c49c241f66d15f1b5e68a1d36539b67f808a4ef77a0c442bce50e5c3d	no_renovacion_embarazo	octubre_2016_a_entrevista	pareja	B1	PUBLICABLE	3065	2665	0.028439718590381958	0.02077493634507706	0.037113173425432404	0.004368761014925261	1556450.0	200	
RESULT-ENDIREH2021-DIS-TABLA	CALC-ENDIREH-PISOS-2021-DISCRIMINACION-0001	f0c9361c49c241f66d15f1b5e68a1d36539b67f808a4ef77a0c442bce50e5c3d	no_renovacion_embarazo	octubre_2016_a_entrevista	pareja	B2	SUPRIMIDA	719	668						0	precision
RESULT-ENDIREH2021-DIS-TABLA	CALC-ENDIREH-PISOS-2021-DISCRIMINACION-0001	f0c9361c49c241f66d15f1b5e68a1d36539b67f808a4ef77a0c442bce50e5c3d	no_renovacion_embarazo	octubre_2016_a_entrevista	pareja	C1	PUBLICABLE	2380	2083	0.02159941003778192	0.013522863335806266	0.03157285600705287	0.004817336808440148	1495689.0	200	
RESULT-ENDIREH2021-DIS-TABLA	CALC-ENDIREH-PISOS-2021-DISCRIMINACION-0001	f0c9361c49c241f66d15f1b5e68a1d36539b67f808a4ef77a0c442bce50e5c3d	no_renovacion_embarazo	octubre_2016_a_entrevista	pareja	C2	SUPRIMIDA	284	277						0	precision
RESULT-ENDIREH2021-DIS-TABLA	CALC-ENDIREH-PISOS-2021-DISCRIMINACION-0001	f0c9361c49c241f66d15f1b5e68a1d36539b67f808a4ef77a0c442bce50e5c3d	no_renovacion_embarazo	octubre_2016_a_entrevista	entidad	01	PUBLICABLE	829	413	0.02471915438213964	0.01308417807412584	0.03543004852267923	0.005481680020371838	126582.0	200	
RESULT-ENDIREH2021-DIS-TABLA	CALC-ENDIREH-PISOS-2021-DISCRIMINACION-0001	f0c9361c49c241f66d15f1b5e68a1d36539b67f808a4ef77a0c442bce50e5c3d	no_renovacion_embarazo	octubre_2016_a_entrevista	entidad	02	SUPRIMIDA	720	418						0	precision
RESULT-ENDIREH2021-DIS-TABLA	CALC-ENDIREH-PISOS-2021-DISCRIMINACION-0001	f0c9361c49c241f66d15f1b5e68a1d36539b67f808a4ef77a0c442bce50e5c3d	no_renovacion_embarazo	octubre_2016_a_entrevista	entidad	03	PUBLICABLE	777	276	0.016735418516004387	0.008452414188789939	0.028246335871453667	0.004957119763061454	76604.0	200	
RESULT-ENDIREH2021-DIS-TABLA	CALC-ENDIREH-PISOS-2021-DISCRIMINACION-0001	f0c9361c49c241f66d15f1b5e68a1d36539b67f808a4ef77a0c442bce50e5c3d	no_renovacion_embarazo	octubre_2016_a_entrevista	entidad	04	PUBLICABLE	787	345	0.016396946948834985	0.008422249287218396	0.027127344355680417	0.004889568969944644	79527.0	200	
RESULT-ENDIREH2021-DIS-TABLA	CALC-ENDIREH-PISOS-2021-DISCRIMINACION-0001	f0c9361c49c241f66d15f1b5e68a1d36539b67f808a4ef77a0c442bce50e5c3d	no_renovacion_embarazo	octubre_2016_a_entrevista	entidad	05	PUBLICABLE	818	452	0.027052147004472244	0.01339146093304242	0.04267605981222157	0.007508458935934825	274359.0	200	
RESULT-ENDIREH2021-DIS-TABLA	CALC-ENDIREH-PISOS-2021-DISCRIMINACION-0001	f0c9361c49c241f66d15f1b5e68a1d36539b67f808a4ef77a0c442bce50e5c3d	no_renovacion_embarazo	octubre_2016_a_entrevista	entidad	06	PUBLICABLE	751	378	0.021006632852126415	0.012111912304036854	0.03212790211149235	0.005584815076235383	64075.0	200	
RESULT-ENDIREH2021-DIS-TABLA	CALC-ENDIREH-PISOS-2021-DISCRIMINACION-0001	f0c9361c49c241f66d15f1b5e68a1d36539b67f808a4ef77a0c442bce50e5c3d	no_renovacion_embarazo	octubre_2016_a_entrevista	entidad	07	SUPRIMIDA	774	272						0	precision
RESULT-ENDIREH2021-DIS-TABLA	CALC-ENDIREH-PISOS-2021-DISCRIMINACION-0001	f0c9361c49c241f66d15f1b5e68a1d36539b67f808a4ef77a0c442bce50e5c3d	no_renovacion_embarazo	octubre_2016_a_entrevista	entidad	08	PUBLICABLE	637	383	0.021468559527676404	0.012816301999931941	0.03460713023047105	0.00556610776256306	261685.0	200	
RESULT-ENDIREH2021-DIS-TABLA	CALC-ENDIREH-PISOS-2021-DISCRIMINACION-0001	f0c9361c49c241f66d15f1b5e68a1d36539b67f808a4ef77a0c442bce50e5c3d	no_renovacion_embarazo	octubre_2016_a_entrevista	entidad	09	SUPRIMIDA	527	363						0	precision
RESULT-ENDIREH2021-DIS-TABLA	CALC-ENDIREH-PISOS-2021-DISCRIMINACION-0001	f0c9361c49c241f66d15f1b5e68a1d36539b67f808a4ef77a0c442bce50e5c3d	no_renovacion_embarazo	octubre_2016_a_entrevista	entidad	10	PUBLICABLE	685	357	0.028155637911212984	0.018542908132891063	0.03954605708357277	0.005518885894827912	140043.0	200	
RESULT-ENDIREH2021-DIS-TABLA	CALC-ENDIREH-PISOS-2021-DISCRIMINACION-0001	f0c9361c49c241f66d15f1b5e68a1d36539b67f808a4ef77a0c442bce50e5c3d	no_renovacion_embarazo	octubre_2016_a_entrevista	entidad	11	PUBLICABLE	872	349	0.015784364292499607	0.008270869228668858	0.02545195499616327	0.0046075340536349445	575823.0	200	
RESULT-ENDIREH2021-DIS-TABLA	CALC-ENDIREH-PISOS-2021-DISCRIMINACION-0001	f0c9361c49c241f66d15f1b5e68a1d36539b67f808a4ef77a0c442bce50e5c3d	no_renovacion_embarazo	octubre_2016_a_entrevista	entidad	12	SUPRIMIDA	752	292						0	precision
RESULT-ENDIREH2021-DIS-TABLA	CALC-ENDIREH-PISOS-2021-DISCRIMINACION-0001	f0c9361c49c241f66d15f1b5e68a1d36539b67f808a4ef77a0c442bce50e5c3d	no_renovacion_embarazo	octubre_2016_a_entrevista	entidad	13	PUBLICABLE	579	236	0.02586381987962252	0.012986504319560702	0.039226954762564756	0.007164314724410114	201865.0	200	
RESULT-ENDIREH2021-DIS-TABLA	CALC-ENDIREH-PISOS-2021-DISCRIMINACION-0001	f0c9361c49c241f66d15f1b5e68a1d36539b67f808a4ef77a0c442bce50e5c3d	no_renovacion_embarazo	octubre_2016_a_entrevista	entidad	14	PUBLICABLE	771	368	0.028251923751176394	0.016430211679771236	0.041175806791774884	0.0069525256643065145	704483.0	200	
RESULT-ENDIREH2021-DIS-TABLA	CALC-ENDIREH-PISOS-2021-DISCRIMINACION-0001	f0c9361c49c241f66d15f1b5e68a1d36539b67f808a4ef77a0c442bce50e5c3d	no_renovacion_embarazo	octubre_2016_a_entrevista	entidad	15	PUBLICABLE	664	369	0.028294097081734224	0.015969258185469706	0.042015379886536225	0.006789467176718471	1272845.0	200	
RESULT-ENDIREH2021-DIS-TABLA	CALC-ENDIREH-PISOS-2021-DISCRIMINACION-0001	f0c9361c49c241f66d15f1b5e68a1d36539b67f808a4ef77a0c442bce50e5c3d	no_renovacion_embarazo	octubre_2016_a_entrevista	entidad	16	PUBLICABLE	801	281	0.017550378319950585	0.009869194740166402	0.027600758726945993	0.0047713831401090335	414464.0	200	
RESULT-ENDIREH2021-DIS-TABLA	CALC-ENDIREH-PISOS-2021-DISCRIMINACION-0001	f0c9361c49c241f66d15f1b5e68a1d36539b67f808a4ef77a0c442bce50e5c3d	no_renovacion_embarazo	octubre_2016_a_entrevista	entidad	17	PUBLICABLE	462	278	0.03958424268878219	0.018819770934852407	0.06320115506253313	0.011668163073583454	109968.0	200	
RESULT-ENDIREH2021-DIS-TABLA	CALC-ENDIREH-PISOS-2021-DISCRIMINACION-0001	f0c9361c49c241f66d15f1b5e68a1d36539b67f808a4ef77a0c442bce50e5c3d	no_renovacion_embarazo	octubre_2016_a_entrevista	entidad	18	PUBLICABLE	937	333	0.02194407929224094	0.012318080662941756	0.03500020914129398	0.005831300302577546	123997.0	200	
RESULT-ENDIREH2021-DIS-TABLA	CALC-ENDIREH-PISOS-2021-DISCRIMINACION-0001	f0c9361c49c241f66d15f1b5e68a1d36539b67f808a4ef77a0c442bce50e5c3d	no_renovacion_embarazo	octubre_2016_a_entrevista	entidad	19	PUBLICABLE	777	427	0.014956984896750455	0.007151644396985185	0.02335949904489875	0.004434787881641627	526443.0	200	
RESULT-ENDIREH2021-DIS-TABLA	CALC-ENDIREH-PISOS-2021-DISCRIMINACION-0001	f0c9361c49c241f66d15f1b5e68a1d36539b67f808a4ef77a0c442bce50e5c3d	no_renovacion_embarazo	octubre_2016_a_entrevista	entidad	20	SUPRIMIDA	655	241						0	precision
RESULT-ENDIREH2021-DIS-TABLA	CALC-ENDIREH-PISOS-2021-DISCRIMINACION-0001	f0c9361c49c241f66d15f1b5e68a1d36539b67f808a4ef77a0c442bce50e5c3d	no_renovacion_embarazo	octubre_2016_a_entrevista	entidad	21	PUBLICABLE	568	276	0.01873160756147439	0.009642259141433386	0.029644634232010057	0.0052794308412546335	400980.0	200	
RESULT-ENDIREH2021-DIS-TABLA	CALC-ENDIREH-PISOS-2021-DISCRIMINACION-0001	f0c9361c49c241f66d15f1b5e68a1d36539b67f808a4ef77a0c442bce50e5c3d	no_renovacion_embarazo	octubre_2016_a_entrevista	entidad	22	PUBLICABLE	610	306	0.029509651652984248	0.018003731055619795	0.0430439029703196	0.006895776439487667	171266.0	200	
RESULT-ENDIREH2021-DIS-TABLA	CALC-ENDIREH-PISOS-2021-DISCRIMINACION-0001	f0c9361c49c241f66d15f1b5e68a1d36539b67f808a4ef77a0c442bce50e5c3d	no_renovacion_embarazo	octubre_2016_a_entrevista	entidad	23	PUBLICABLE	590	372	0.025380790410130322	0.014160632440584697	0.03805740966669844	0.006721183805770401	127301.0	200	
RESULT-ENDIREH2021-DIS-TABLA	CALC-ENDIREH-PISOS-2021-DISCRIMINACION-0001	f0c9361c49c241f66d15f1b5e68a1d36539b67f808a4ef77a0c442bce50e5c3d	no_renovacion_embarazo	octubre_2016_a_entrevista	entidad	24	PUBLICABLE	706	347	0.03256760427288393	0.015120149837653453	0.050105146809263354	0.009496648913658421	224579.0	200	
RESULT-ENDIREH2021-DIS-TABLA	CALC-ENDIREH-PISOS-2021-DISCRIMINACION-0001	f0c9361c49c241f66d15f1b5e68a1d36539b67f808a4ef77a0c442bce50e5c3d	no_renovacion_embarazo	octubre_2016_a_entrevista	entidad	25	PUBLICABLE	810	354	0.024071355989612735	0.01262040687068827	0.035933473660362834	0.006366974167012412	265710.0	200	
RESULT-ENDIREH2021-DIS-TABLA	CALC-ENDIREH-PISOS-2021-DISCRIMINACION-0001	f0c9361c49c241f66d15f1b5e68a1d36539b67f808a4ef77a0c442bce50e5c3d	no_renovacion_embarazo	octubre_2016_a_entrevista	entidad	26	PUBLICABLE	895	408	0.02803793002564235	0.01826195525894033	0.039442248201229546	0.005672905988432931	290535.0	200	
RESULT-ENDIREH2021-DIS-TABLA	CALC-ENDIREH-PISOS-2021-DISCRIMINACION-0001	f0c9361c49c241f66d15f1b5e68a1d36539b67f808a4ef77a0c442bce50e5c3d	no_renovacion_embarazo	octubre_2016_a_entrevista	entidad	27	PUBLICABLE	711	262	0.02536758154829722	0.014744129578272354	0.03995492456442427	0.006550988497308403	185197.0	200	
RESULT-ENDIREH2021-DIS-TABLA	CALC-ENDIREH-PISOS-2021-DISCRIMINACION-0001	f0c9361c49c241f66d15f1b5e68a1d36539b67f808a4ef77a0c442bce50e5c3d	no_renovacion_embarazo	octubre_2016_a_entrevista	entidad	28	SUPRIMIDA	755	414						0	precision
RESULT-ENDIREH2021-DIS-TABLA	CALC-ENDIREH-PISOS-2021-DISCRIMINACION-0001	f0c9361c49c241f66d15f1b5e68a1d36539b67f808a4ef77a0c442bce50e5c3d	no_renovacion_embarazo	octubre_2016_a_entrevista	entidad	29	PUBLICABLE	736	393	0.03741593162928663	0.02077646190290547	0.05554128127778522	0.008655342311855291	102149.0	200	
RESULT-ENDIREH2021-DIS-TABLA	CALC-ENDIREH-PISOS-2021-DISCRIMINACION-0001	f0c9361c49c241f66d15f1b5e68a1d36539b67f808a4ef77a0c442bce50e5c3d	no_renovacion_embarazo	octubre_2016_a_entrevista	entidad	30	PUBLICABLE	572	275	0.024629673799666074	0.01088824071135837	0.039081616717116775	0.007061275954983964	561802.0	200	
RESULT-ENDIREH2021-DIS-TABLA	CALC-ENDIREH-PISOS-2021-DISCRIMINACION-0001	f0c9361c49c241f66d15f1b5e68a1d36539b67f808a4ef77a0c442bce50e5c3d	no_renovacion_embarazo	octubre_2016_a_entrevista	entidad	31	PUBLICABLE	668	314	0.021071692664209565	0.011261140981251493	0.031499085138052364	0.0054061317826007566	171747.0	200	
RESULT-ENDIREH2021-DIS-TABLA	CALC-ENDIREH-PISOS-2021-DISCRIMINACION-0001	f0c9361c49c241f66d15f1b5e68a1d36539b67f808a4ef77a0c442bce50e5c3d	no_renovacion_embarazo	octubre_2016_a_entrevista	entidad	32	PUBLICABLE	661	276	0.020003825868335472	0.009685912978717636	0.03234180414342635	0.0057289605823720845	109779.0	200	
RESULT-ENDIREH2021-DIS-TABLA	CALC-ENDIREH-PISOS-2021-DISCRIMINACION-0001	f0c9361c49c241f66d15f1b5e68a1d36539b67f808a4ef77a0c442bce50e5c3d	reduccion_embarazo	octubre_2016_a_entrevista	nacional	MX	PUBLICABLE	22883	10834	0.014754264396393553	0.012803990099256573	0.017256718417457264	0.0012019698987593916	9824075.0	200	
RESULT-ENDIREH2021-DIS-TABLA	CALC-ENDIREH-PISOS-2021-DISCRIMINACION-0001	f0c9361c49c241f66d15f1b5e68a1d36539b67f808a4ef77a0c442bce50e5c3d	reduccion_embarazo	octubre_2016_a_entrevista	edad	15-29	PUBLICABLE	9162	6176	0.015497653654102241	0.011955699039710908	0.018884889925538155	0.0016922729541194298	4230834.0	200	
RESULT-ENDIREH2021-DIS-TABLA	CALC-ENDIREH-PISOS-2021-DISCRIMINACION-0001	f0c9361c49c241f66d15f1b5e68a1d36539b67f808a4ef77a0c442bce50e5c3d	reduccion_embarazo	octubre_2016_a_entrevista	edad	30-44	PUBLICABLE	9850	6732	0.017462805627213585	0.01323916811934219	0.021429142121183072	0.0022097233770340115	3912487.0	200	
RESULT-ENDIREH2021-DIS-TABLA	CALC-ENDIREH-PISOS-2021-DISCRIMINACION-0001	f0c9361c49c241f66d15f1b5e68a1d36539b67f808a4ef77a0c442bce50e5c3d	reduccion_embarazo	octubre_2016_a_entrevista	edad	45-59	PUBLICABLE	2860	2253	0.008486059758169281	0.0050883998757565085	0.013214408212912927	0.0021824272899191818	1250875.0	200	
RESULT-ENDIREH2021-DIS-TABLA	CALC-ENDIREH-PISOS-2021-DISCRIMINACION-0001	f0c9361c49c241f66d15f1b5e68a1d36539b67f808a4ef77a0c442bce50e5c3d	reduccion_embarazo	octubre_2016_a_entrevista	edad	60+	SUPRIMIDA	1011	903						0	precision
RESULT-ENDIREH2021-DIS-TABLA	CALC-ENDIREH-PISOS-2021-DISCRIMINACION-0001	f0c9361c49c241f66d15f1b5e68a1d36539b67f808a4ef77a0c442bce50e5c3d	reduccion_embarazo	octubre_2016_a_entrevista	escolaridad	ninguno	SUPRIMIDA	356	318						0	precision
RESULT-ENDIREH2021-DIS-TABLA	CALC-ENDIREH-PISOS-2021-DISCRIMINACION-0001	f0c9361c49c241f66d15f1b5e68a1d36539b67f808a4ef77a0c442bce50e5c3d	reduccion_embarazo	octubre_2016_a_entrevista	escolaridad	basica	PUBLICABLE	10078	5978	0.010904426358406064	0.008529117474452196	0.013872124381762111	0.0013401373597417459	4330535.0	200	
RESULT-ENDIREH2021-DIS-TABLA	CALC-ENDIREH-PISOS-2021-DISCRIMINACION-0001	f0c9361c49c241f66d15f1b5e68a1d36539b67f808a4ef77a0c442bce50e5c3d	reduccion_embarazo	octubre_2016_a_entrevista	escolaridad	media_superior	PUBLICABLE	6374	4875	0.015829822412341793	0.011484149102621372	0.020266491616501476	0.002257319421987571	2787018.0	200	
RESULT-ENDIREH2021-DIS-TABLA	CALC-ENDIREH-PISOS-2021-DISCRIMINACION-0001	f0c9361c49c241f66d15f1b5e68a1d36539b67f808a4ef77a0c442bce50e5c3d	reduccion_embarazo	octubre_2016_a_entrevista	escolaridad	superior	PUBLICABLE	6075	4635	0.02054880345777901	0.015679510076891102	0.026270809107232125	0.0026783556973617355	2521850.0	200	
RESULT-ENDIREH2021-DIS-TABLA	CALC-ENDIREH-PISOS-2021-DISCRIMINACION-0001	f0c9361c49c241f66d15f1b5e68a1d36539b67f808a4ef77a0c442bce50e5c3d	reduccion_embarazo	octubre_2016_a_entrevista	localidad	U	PUBLICABLE	11830	7680	0.01574869462691595	0.01257075071695041	0.018476880850934737	0.0015995868674848481	5402670.0	200	
RESULT-ENDIREH2021-DIS-TABLA	CALC-ENDIREH-PISOS-2021-DISCRIMINACION-0001	f0c9361c49c241f66d15f1b5e68a1d36539b67f808a4ef77a0c442bce50e5c3d	reduccion_embarazo	octubre_2016_a_entrevista	localidad	C	PUBLICABLE	6231	1670	0.01867665076328216	0.013079067426659829	0.02419254191231731	0.0031922131059483115	2366163.0	200	
RESULT-ENDIREH2021-DIS-TABLA	CALC-ENDIREH-PISOS-2021-DISCRIMINACION-0001	f0c9361c49c241f66d15f1b5e68a1d36539b67f808a4ef77a0c442bce50e5c3d	reduccion_embarazo	octubre_2016_a_entrevista	localidad	R	PUBLICABLE	4822	1484	0.007624406274297626	0.004685717818294422	0.010609216120789066	0.0015338921970804375	2055242.0	200	
RESULT-ENDIREH2021-DIS-TABLA	CALC-ENDIREH-PISOS-2021-DISCRIMINACION-0001	f0c9361c49c241f66d15f1b5e68a1d36539b67f808a4ef77a0c442bce50e5c3d	reduccion_embarazo	octubre_2016_a_entrevista	pareja	A1	PUBLICABLE	15762	8971	0.013412976529479875	0.010988778569192876	0.015365775780645933	0.0011494404127823158	5939323.0	200	
RESULT-ENDIREH2021-DIS-TABLA	CALC-ENDIREH-PISOS-2021-DISCRIMINACION-0001	f0c9361c49c241f66d15f1b5e68a1d36539b67f808a4ef77a0c442bce50e5c3d	reduccion_embarazo	octubre_2016_a_entrevista	pareja	A2	SUPRIMIDA	660	608						0	precision
RESULT-ENDIREH2021-DIS-TABLA	CALC-ENDIREH-PISOS-2021-DISCRIMINACION-0001	f0c9361c49c241f66d15f1b5e68a1d36539b67f808a4ef77a0c442bce50e5c3d	reduccion_embarazo	octubre_2016_a_entrevista	pareja	B1	PUBLICABLE	3069	2670	0.023271423364596328	0.014201253501583504	0.0318942618766166	0.004404940337724359	1558392.0	200	
RESULT-ENDIREH2021-DIS-TABLA	CALC-ENDIREH-PISOS-2021-DISCRIMINACION-0001	f0c9361c49c241f66d15f1b5e68a1d36539b67f808a4ef77a0c442bce50e5c3d	reduccion_embarazo	octubre_2016_a_entrevista	pareja	B2	SUPRIMIDA	723	672						0	precision
RESULT-ENDIREH2021-DIS-TABLA	CALC-ENDIREH-PISOS-2021-DISCRIMINACION-0001	f0c9361c49c241f66d15f1b5e68a1d36539b67f808a4ef77a0c442bce50e5c3d	reduccion_embarazo	octubre_2016_a_entrevista	pareja	C1	PUBLICABLE	2383	2085	0.01537478159113861	0.00947109131280338	0.020589191660877974	0.0030809813631232684	1497192.0	200	
RESULT-ENDIREH2021-DIS-TABLA	CALC-ENDIREH-PISOS-2021-DISCRIMINACION-0001	f0c9361c49c241f66d15f1b5e68a1d36539b67f808a4ef77a0c442bce50e5c3d	reduccion_embarazo	octubre_2016_a_entrevista	pareja	C2	SUPRIMIDA	286	279						0	precision
RESULT-ENDIREH2021-DIS-TABLA	CALC-ENDIREH-PISOS-2021-DISCRIMINACION-0001	f0c9361c49c241f66d15f1b5e68a1d36539b67f808a4ef77a0c442bce50e5c3d	reduccion_embarazo	octubre_2016_a_entrevista	entidad	01	SUPRIMIDA	830	413						0	precision
RESULT-ENDIREH2021-DIS-TABLA	CALC-ENDIREH-PISOS-2021-DISCRIMINACION-0001	f0c9361c49c241f66d15f1b5e68a1d36539b67f808a4ef77a0c442bce50e5c3d	reduccion_embarazo	octubre_2016_a_entrevista	entidad	02	SUPRIMIDA	717	418						0	precision
RESULT-ENDIREH2021-DIS-TABLA	CALC-ENDIREH-PISOS-2021-DISCRIMINACION-0001	f0c9361c49c241f66d15f1b5e68a1d36539b67f808a4ef77a0c442bce50e5c3d	reduccion_embarazo	octubre_2016_a_entrevista	entidad	03	SUPRIMIDA	780	276						0	precision
RESULT-ENDIREH2021-DIS-TABLA	CALC-ENDIREH-PISOS-2021-DISCRIMINACION-0001	f0c9361c49c241f66d15f1b5e68a1d36539b67f808a4ef77a0c442bce50e5c3d	reduccion_embarazo	octubre_2016_a_entrevista	entidad	04	SUPRIMIDA	787	345						0	precision
RESULT-ENDIREH2021-DIS-TABLA	CALC-ENDIREH-PISOS-2021-DISCRIMINACION-0001	f0c9361c49c241f66d15f1b5e68a1d36539b67f808a4ef77a0c442bce50e5c3d	reduccion_embarazo	octubre_2016_a_entrevista	entidad	05	SUPRIMIDA	817	452						0	precision
RESULT-ENDIREH2021-DIS-TABLA	CALC-ENDIREH-PISOS-2021-DISCRIMINACION-0001	f0c9361c49c241f66d15f1b5e68a1d36539b67f808a4ef77a0c442bce50e5c3d	reduccion_embarazo	octubre_2016_a_entrevista	entidad	06	SUPRIMIDA	751	378						0	precision
RESULT-ENDIREH2021-DIS-TABLA	CALC-ENDIREH-PISOS-2021-DISCRIMINACION-0001	f0c9361c49c241f66d15f1b5e68a1d36539b67f808a4ef77a0c442bce50e5c3d	reduccion_embarazo	octubre_2016_a_entrevista	entidad	07	SUPRIMIDA	776	273						0	precision
RESULT-ENDIREH2021-DIS-TABLA	CALC-ENDIREH-PISOS-2021-DISCRIMINACION-0001	f0c9361c49c241f66d15f1b5e68a1d36539b67f808a4ef77a0c442bce50e5c3d	reduccion_embarazo	octubre_2016_a_entrevista	entidad	08	SUPRIMIDA	638	383						0	precision
RESULT-ENDIREH2021-DIS-TABLA	CALC-ENDIREH-PISOS-2021-DISCRIMINACION-0001	f0c9361c49c241f66d15f1b5e68a1d36539b67f808a4ef77a0c442bce50e5c3d	reduccion_embarazo	octubre_2016_a_entrevista	entidad	09	SUPRIMIDA	528	364						0	precision
RESULT-ENDIREH2021-DIS-TABLA	CALC-ENDIREH-PISOS-2021-DISCRIMINACION-0001	f0c9361c49c241f66d15f1b5e68a1d36539b67f808a4ef77a0c442bce50e5c3d	reduccion_embarazo	octubre_2016_a_entrevista	entidad	10	SUPRIMIDA	685	357						0	precision
RESULT-ENDIREH2021-DIS-TABLA	CALC-ENDIREH-PISOS-2021-DISCRIMINACION-0001	f0c9361c49c241f66d15f1b5e68a1d36539b67f808a4ef77a0c442bce50e5c3d	reduccion_embarazo	octubre_2016_a_entrevista	entidad	11	PUBLICABLE	876	350	0.0229761251253314	0.01192145379629114	0.03575880101839907	0.006483496951448617	577469.0	200	
RESULT-ENDIREH2021-DIS-TABLA	CALC-ENDIREH-PISOS-2021-DISCRIMINACION-0001	f0c9361c49c241f66d15f1b5e68a1d36539b67f808a4ef77a0c442bce50e5c3d	reduccion_embarazo	octubre_2016_a_entrevista	entidad	12	SUPRIMIDA	752	292						0	precision
RESULT-ENDIREH2021-DIS-TABLA	CALC-ENDIREH-PISOS-2021-DISCRIMINACION-0001	f0c9361c49c241f66d15f1b5e68a1d36539b67f808a4ef77a0c442bce50e5c3d	reduccion_embarazo	octubre_2016_a_entrevista	entidad	13	PUBLICABLE	579	236	0.029640430001235635	0.013827920977686899	0.0460019773574441	0.008013872690731415	202325.0	200	
RESULT-ENDIREH2021-DIS-TABLA	CALC-ENDIREH-PISOS-2021-DISCRIMINACION-0001	f0c9361c49c241f66d15f1b5e68a1d36539b67f808a4ef77a0c442bce50e5c3d	reduccion_embarazo	octubre_2016_a_entrevista	entidad	14	PUBLICABLE	772	367	0.017167071557119336	0.008519037065067443	0.02591394940483354	0.004618779154299958	705129.0	200	
RESULT-ENDIREH2021-DIS-TABLA	CALC-ENDIREH-PISOS-2021-DISCRIMINACION-0001	f0c9361c49c241f66d15f1b5e68a1d36539b67f808a4ef77a0c442bce50e5c3d	reduccion_embarazo	octubre_2016_a_entrevista	entidad	15	SUPRIMIDA	666	370						0	precision
RESULT-ENDIREH2021-DIS-TABLA	CALC-ENDIREH-PISOS-2021-DISCRIMINACION-0001	f0c9361c49c241f66d15f1b5e68a1d36539b67f808a4ef77a0c442bce50e5c3d	reduccion_embarazo	octubre_2016_a_entrevista	entidad	16	SUPRIMIDA	802	281						0	precision
RESULT-ENDIREH2021-DIS-TABLA	CALC-ENDIREH-PISOS-2021-DISCRIMINACION-0001	f0c9361c49c241f66d15f1b5e68a1d36539b67f808a4ef77a0c442bce50e5c3d	reduccion_embarazo	octubre_2016_a_entrevista	entidad	17	SUPRIMIDA	460	278						0	precision
RESULT-ENDIREH2021-DIS-TABLA	CALC-ENDIREH-PISOS-2021-DISCRIMINACION-0001	f0c9361c49c241f66d15f1b5e68a1d36539b67f808a4ef77a0c442bce50e5c3d	reduccion_embarazo	octubre_2016_a_entrevista	entidad	18	SUPRIMIDA	939	334						0	precision
RESULT-ENDIREH2021-DIS-TABLA	CALC-ENDIREH-PISOS-2021-DISCRIMINACION-0001	f0c9361c49c241f66d15f1b5e68a1d36539b67f808a4ef77a0c442bce50e5c3d	reduccion_embarazo	octubre_2016_a_entrevista	entidad	19	PUBLICABLE	776	427	0.015077268148035507	0.008448670714349339	0.02315371696431177	0.0039413504617172666	526090.0	200	
RESULT-ENDIREH2021-DIS-TABLA	CALC-ENDIREH-PISOS-2021-DISCRIMINACION-0001	f0c9361c49c241f66d15f1b5e68a1d36539b67f808a4ef77a0c442bce50e5c3d	reduccion_embarazo	octubre_2016_a_entrevista	entidad	20	SUPRIMIDA	657	241						0	precision
RESULT-ENDIREH2021-DIS-TABLA	CALC-ENDIREH-PISOS-2021-DISCRIMINACION-0001	f0c9361c49c241f66d15f1b5e68a1d36539b67f808a4ef77a0c442bce50e5c3d	reduccion_embarazo	octubre_2016_a_entrevista	entidad	21	SUPRIMIDA	568	275						0	precision
RESULT-ENDIREH2021-DIS-TABLA	CALC-ENDIREH-PISOS-2021-DISCRIMINACION-0001	f0c9361c49c241f66d15f1b5e68a1d36539b67f808a4ef77a0c442bce50e5c3d	reduccion_embarazo	octubre_2016_a_entrevista	entidad	22	SUPRIMIDA	611	306						0	precision
RESULT-ENDIREH2021-DIS-TABLA	CALC-ENDIREH-PISOS-2021-DISCRIMINACION-0001	f0c9361c49c241f66d15f1b5e68a1d36539b67f808a4ef77a0c442bce50e5c3d	reduccion_embarazo	octubre_2016_a_entrevista	entidad	23	SUPRIMIDA	592	373						0	precision
RESULT-ENDIREH2021-DIS-TABLA	CALC-ENDIREH-PISOS-2021-DISCRIMINACION-0001	f0c9361c49c241f66d15f1b5e68a1d36539b67f808a4ef77a0c442bce50e5c3d	reduccion_embarazo	octubre_2016_a_entrevista	entidad	24	SUPRIMIDA	707	347						0	precision
RESULT-ENDIREH2021-DIS-TABLA	CALC-ENDIREH-PISOS-2021-DISCRIMINACION-0001	f0c9361c49c241f66d15f1b5e68a1d36539b67f808a4ef77a0c442bce50e5c3d	reduccion_embarazo	octubre_2016_a_entrevista	entidad	25	SUPRIMIDA	812	354						0	precision
RESULT-ENDIREH2021-DIS-TABLA	CALC-ENDIREH-PISOS-2021-DISCRIMINACION-0001	f0c9361c49c241f66d15f1b5e68a1d36539b67f808a4ef77a0c442bce50e5c3d	reduccion_embarazo	octubre_2016_a_entrevista	entidad	26	SUPRIMIDA	897	409						0	precision
RESULT-ENDIREH2021-DIS-TABLA	CALC-ENDIREH-PISOS-2021-DISCRIMINACION-0001	f0c9361c49c241f66d15f1b5e68a1d36539b67f808a4ef77a0c442bce50e5c3d	reduccion_embarazo	octubre_2016_a_entrevista	entidad	27	SUPRIMIDA	711	263						0	precision
RESULT-ENDIREH2021-DIS-TABLA	CALC-ENDIREH-PISOS-2021-DISCRIMINACION-0001	f0c9361c49c241f66d15f1b5e68a1d36539b67f808a4ef77a0c442bce50e5c3d	reduccion_embarazo	octubre_2016_a_entrevista	entidad	28	SUPRIMIDA	759	416						0	precision
RESULT-ENDIREH2021-DIS-TABLA	CALC-ENDIREH-PISOS-2021-DISCRIMINACION-0001	f0c9361c49c241f66d15f1b5e68a1d36539b67f808a4ef77a0c442bce50e5c3d	reduccion_embarazo	octubre_2016_a_entrevista	entidad	29	PUBLICABLE	736	392	0.019861128793740024	0.009601606970376219	0.030931455834900472	0.005787544606205376	102109.0	200	
RESULT-ENDIREH2021-DIS-TABLA	CALC-ENDIREH-PISOS-2021-DISCRIMINACION-0001	f0c9361c49c241f66d15f1b5e68a1d36539b67f808a4ef77a0c442bce50e5c3d	reduccion_embarazo	octubre_2016_a_entrevista	entidad	30	SUPRIMIDA	572	275						0	precision
RESULT-ENDIREH2021-DIS-TABLA	CALC-ENDIREH-PISOS-2021-DISCRIMINACION-0001	f0c9361c49c241f66d15f1b5e68a1d36539b67f808a4ef77a0c442bce50e5c3d	reduccion_embarazo	octubre_2016_a_entrevista	entidad	31	SUPRIMIDA	669	313						0	precision
RESULT-ENDIREH2021-DIS-TABLA	CALC-ENDIREH-PISOS-2021-DISCRIMINACION-0001	f0c9361c49c241f66d15f1b5e68a1d36539b67f808a4ef77a0c442bce50e5c3d	reduccion_embarazo	octubre_2016_a_entrevista	entidad	32	SUPRIMIDA	661	276						0	precision
RESULT-ENDIREH2021-DIS-TABLA	CALC-ENDIREH-PISOS-2021-DISCRIMINACION-0001	f0c9361c49c241f66d15f1b5e68a1d36539b67f808a4ef77a0c442bce50e5c3d	perjuicio_embarazo_alguno	octubre_2016_a_entrevista	nacional	MX	PUBLICABLE	22594	10765	0.043431261589817485	0.039859439947783994	0.0467551592924117	0.0019138197336055949	9665273.0	200	
RESULT-ENDIREH2021-DIS-TABLA	CALC-ENDIREH-PISOS-2021-DISCRIMINACION-0001	f0c9361c49c241f66d15f1b5e68a1d36539b67f808a4ef77a0c442bce50e5c3d	perjuicio_embarazo_alguno	octubre_2016_a_entrevista	edad	15-29	PUBLICABLE	9104	6139	0.04685346050954669	0.04088917874840054	0.05228011717055231	0.0028601983896438445	4189253.0	200	
RESULT-ENDIREH2021-DIS-TABLA	CALC-ENDIREH-PISOS-2021-DISCRIMINACION-0001	f0c9361c49c241f66d15f1b5e68a1d36539b67f808a4ef77a0c442bce50e5c3d	perjuicio_embarazo_alguno	octubre_2016_a_entrevista	edad	30-44	PUBLICABLE	9755	6689	0.05099173975183273	0.043088792757515794	0.05867131476680616	0.003639006427398338	3862959.0	200	
RESULT-ENDIREH2021-DIS-TABLA	CALC-ENDIREH-PISOS-2021-DISCRIMINACION-0001	f0c9361c49c241f66d15f1b5e68a1d36539b67f808a4ef77a0c442bce50e5c3d	perjuicio_embarazo_alguno	octubre_2016_a_entrevista	edad	45-59	PUBLICABLE	2764	2178	0.02091806073237767	0.01167899637622849	0.032161009147799915	0.0055794485028547065	1201402.0	200	
RESULT-ENDIREH2021-DIS-TABLA	CALC-ENDIREH-PISOS-2021-DISCRIMINACION-0001	f0c9361c49c241f66d15f1b5e68a1d36539b67f808a4ef77a0c442bce50e5c3d	perjuicio_embarazo_alguno	octubre_2016_a_entrevista	edad	60+	SUPRIMIDA	971	865						0	precision
RESULT-ENDIREH2021-DIS-TABLA	CALC-ENDIREH-PISOS-2021-DISCRIMINACION-0001	f0c9361c49c241f66d15f1b5e68a1d36539b67f808a4ef77a0c442bce50e5c3d	perjuicio_embarazo_alguno	octubre_2016_a_entrevista	escolaridad	ninguno	SUPRIMIDA	347	309						0	precision
RESULT-ENDIREH2021-DIS-TABLA	CALC-ENDIREH-PISOS-2021-DISCRIMINACION-0001	f0c9361c49c241f66d15f1b5e68a1d36539b67f808a4ef77a0c442bce50e5c3d	perjuicio_embarazo_alguno	octubre_2016_a_entrevista	escolaridad	basica	PUBLICABLE	9958	5921	0.034853340988770756	0.029588711612655787	0.04039010387611301	0.002836245483298958	4281053.0	200	
RESULT-ENDIREH2021-DIS-TABLA	CALC-ENDIREH-PISOS-2021-DISCRIMINACION-0001	f0c9361c49c241f66d15f1b5e68a1d36539b67f808a4ef77a0c442bce50e5c3d	perjuicio_embarazo_alguno	octubre_2016_a_entrevista	escolaridad	media_superior	PUBLICABLE	6306	4837	0.04734238338324811	0.040731219070852906	0.05498773540654116	0.0037422257039368178	2752692.0	200	
RESULT-ENDIREH2021-DIS-TABLA	CALC-ENDIREH-PISOS-2021-DISCRIMINACION-0001	f0c9361c49c241f66d15f1b5e68a1d36539b67f808a4ef77a0c442bce50e5c3d	perjuicio_embarazo_alguno	octubre_2016_a_entrevista	escolaridad	superior	PUBLICABLE	5983	4585	0.05487844167835065	0.04575643893794632	0.06561680954854258	0.004971827062475311	2452074.0	200	
RESULT-ENDIREH2021-DIS-TABLA	CALC-ENDIREH-PISOS-2021-DISCRIMINACION-0001	f0c9361c49c241f66d15f1b5e68a1d36539b67f808a4ef77a0c442bce50e5c3d	perjuicio_embarazo_alguno	octubre_2016_a_entrevista	localidad	U	PUBLICABLE	11619	7611	0.04930260508565684	0.04291804250645851	0.054529824455435444	0.0028970111830532697	5268464.0	200	
RESULT-ENDIREH2021-DIS-TABLA	CALC-ENDIREH-PISOS-2021-DISCRIMINACION-0001	f0c9361c49c241f66d15f1b5e68a1d36539b67f808a4ef77a0c442bce50e5c3d	perjuicio_embarazo_alguno	octubre_2016_a_entrevista	localidad	C	PUBLICABLE	6175	1669	0.04268354469182646	0.03428088857658639	0.049560678423680136	0.004012590850797488	2348774.0	200	
RESULT-ENDIREH2021-DIS-TABLA	CALC-ENDIREH-PISOS-2021-DISCRIMINACION-0001	f0c9361c49c241f66d15f1b5e68a1d36539b67f808a4ef77a0c442bce50e5c3d	perjuicio_embarazo_alguno	octubre_2016_a_entrevista	localidad	R	PUBLICABLE	4800	1485	0.029185048107088014	0.021607258429114807	0.03746741391050209	0.0037922743299313	2048035.0	200	
RESULT-ENDIREH2021-DIS-TABLA	CALC-ENDIREH-PISOS-2021-DISCRIMINACION-0001	f0c9361c49c241f66d15f1b5e68a1d36539b67f808a4ef77a0c442bce50e5c3d	perjuicio_embarazo_alguno	octubre_2016_a_entrevista	pareja	A1	PUBLICABLE	15617	8927	0.043807189236728356	0.0390173874684651	0.047580019582218136	0.0023855097001326633	5878510.0	200	
RESULT-ENDIREH2021-DIS-TABLA	CALC-ENDIREH-PISOS-2021-DISCRIMINACION-0001	f0c9361c49c241f66d15f1b5e68a1d36539b67f808a4ef77a0c442bce50e5c3d	perjuicio_embarazo_alguno	octubre_2016_a_entrevista	pareja	A2	SUPRIMIDA	657	605						0	precision
RESULT-ENDIREH2021-DIS-TABLA	CALC-ENDIREH-PISOS-2021-DISCRIMINACION-0001	f0c9361c49c241f66d15f1b5e68a1d36539b67f808a4ef77a0c442bce50e5c3d	perjuicio_embarazo_alguno	octubre_2016_a_entrevista	pareja	B1	PUBLICABLE	3018	2627	0.057931654593748994	0.04783156458127888	0.06922752725188033	0.00594796832815138	1525867.0	200	
RESULT-ENDIREH2021-DIS-TABLA	CALC-ENDIREH-PISOS-2021-DISCRIMINACION-0001	f0c9361c49c241f66d15f1b5e68a1d36539b67f808a4ef77a0c442bce50e5c3d	perjuicio_embarazo_alguno	octubre_2016_a_entrevista	pareja	B2	PUBLICABLE	700	651	0.013287907785722745	0.006429303073587063	0.021848118577418193	0.0038858797992384502	320818.0	200	
RESULT-ENDIREH2021-DIS-TABLA	CALC-ENDIREH-PISOS-2021-DISCRIMINACION-0001	f0c9361c49c241f66d15f1b5e68a1d36539b67f808a4ef77a0c442bce50e5c3d	perjuicio_embarazo_alguno	octubre_2016_a_entrevista	pareja	C1	PUBLICABLE	2325	2040	0.03656558007340466	0.025050450643876367	0.04580882766150895	0.005416685456580682	1455221.0	200	
RESULT-ENDIREH2021-DIS-TABLA	CALC-ENDIREH-PISOS-2021-DISCRIMINACION-0001	f0c9361c49c241f66d15f1b5e68a1d36539b67f808a4ef77a0c442bce50e5c3d	perjuicio_embarazo_alguno	octubre_2016_a_entrevista	pareja	C2	SUPRIMIDA	277	270						0	precision
RESULT-ENDIREH2021-DIS-TABLA	CALC-ENDIREH-PISOS-2021-DISCRIMINACION-0001	f0c9361c49c241f66d15f1b5e68a1d36539b67f808a4ef77a0c442bce50e5c3d	perjuicio_embarazo_alguno	octubre_2016_a_entrevista	entidad	01	PUBLICABLE	829	413	0.04991230980708158	0.03559249950668237	0.06501675438696923	0.007750091029170991	126582.0	200	
RESULT-ENDIREH2021-DIS-TABLA	CALC-ENDIREH-PISOS-2021-DISCRIMINACION-0001	f0c9361c49c241f66d15f1b5e68a1d36539b67f808a4ef77a0c442bce50e5c3d	perjuicio_embarazo_alguno	octubre_2016_a_entrevista	entidad	02	PUBLICABLE	710	416	0.036907129271550536	0.02255411423094676	0.05394409865636879	0.008131023576022375	300213.0	200	
RESULT-ENDIREH2021-DIS-TABLA	CALC-ENDIREH-PISOS-2021-DISCRIMINACION-0001	f0c9361c49c241f66d15f1b5e68a1d36539b67f808a4ef77a0c442bce50e5c3d	perjuicio_embarazo_alguno	octubre_2016_a_entrevista	entidad	03	PUBLICABLE	768	274	0.03884795713328868	0.025604734179842447	0.05597865000033313	0.008175636425592924	76143.0	200	
RESULT-ENDIREH2021-DIS-TABLA	CALC-ENDIREH-PISOS-2021-DISCRIMINACION-0001	f0c9361c49c241f66d15f1b5e68a1d36539b67f808a4ef77a0c442bce50e5c3d	perjuicio_embarazo_alguno	octubre_2016_a_entrevista	entidad	04	PUBLICABLE	783	342	0.030611601115443338	0.02209068788041634	0.04228053706284906	0.005744274908955295	79251.0	200	
RESULT-ENDIREH2021-DIS-TABLA	CALC-ENDIREH-PISOS-2021-DISCRIMINACION-0001	f0c9361c49c241f66d15f1b5e68a1d36539b67f808a4ef77a0c442bce50e5c3d	perjuicio_embarazo_alguno	octubre_2016_a_entrevista	entidad	05	PUBLICABLE	813	451	0.05391269951727624	0.0337462067867294	0.07219863477531674	0.009776413574264228	273034.0	200	
RESULT-ENDIREH2021-DIS-TABLA	CALC-ENDIREH-PISOS-2021-DISCRIMINACION-0001	f0c9361c49c241f66d15f1b5e68a1d36539b67f808a4ef77a0c442bce50e5c3d	perjuicio_embarazo_alguno	octubre_2016_a_entrevista	entidad	06	PUBLICABLE	739	377	0.03644842025123715	0.02361713790441023	0.050942212036166626	0.007251453029945791	63048.0	200	
RESULT-ENDIREH2021-DIS-TABLA	CALC-ENDIREH-PISOS-2021-DISCRIMINACION-0001	f0c9361c49c241f66d15f1b5e68a1d36539b67f808a4ef77a0c442bce50e5c3d	perjuicio_embarazo_alguno	octubre_2016_a_entrevista	entidad	07	PUBLICABLE	762	270	0.024196912807676264	0.012479241081168773	0.03681316686100933	0.0063194421668729545	436254.0	200	
RESULT-ENDIREH2021-DIS-TABLA	CALC-ENDIREH-PISOS-2021-DISCRIMINACION-0001	f0c9361c49c241f66d15f1b5e68a1d36539b67f808a4ef77a0c442bce50e5c3d	perjuicio_embarazo_alguno	octubre_2016_a_entrevista	entidad	08	PUBLICABLE	635	382	0.037002583979328166	0.021721027146229994	0.053795470607675415	0.008538590345987437	261225.0	200	
RESULT-ENDIREH2021-DIS-TABLA	CALC-ENDIREH-PISOS-2021-DISCRIMINACION-0001	f0c9361c49c241f66d15f1b5e68a1d36539b67f808a4ef77a0c442bce50e5c3d	perjuicio_embarazo_alguno	octubre_2016_a_entrevista	entidad	09	PUBLICABLE	521	361	0.04249783316969036	0.023620427634358006	0.06331800574714318	0.009986625144451719	608031.0	200	
RESULT-ENDIREH2021-DIS-TABLA	CALC-ENDIREH-PISOS-2021-DISCRIMINACION-0001	f0c9361c49c241f66d15f1b5e68a1d36539b67f808a4ef77a0c442bce50e5c3d	perjuicio_embarazo_alguno	octubre_2016_a_entrevista	entidad	10	PUBLICABLE	684	357	0.05494529086368158	0.03974954699630696	0.07536103152362411	0.009467091841880782	139739.0	200	
RESULT-ENDIREH2021-DIS-TABLA	CALC-ENDIREH-PISOS-2021-DISCRIMINACION-0001	f0c9361c49c241f66d15f1b5e68a1d36539b67f808a4ef77a0c442bce50e5c3d	perjuicio_embarazo_alguno	octubre_2016_a_entrevista	entidad	11	PUBLICABLE	855	349	0.040732551670865536	0.026495809380210587	0.05796500035818814	0.00772706447801371	564438.0	200	
RESULT-ENDIREH2021-DIS-TABLA	CALC-ENDIREH-PISOS-2021-DISCRIMINACION-0001	f0c9361c49c241f66d15f1b5e68a1d36539b67f808a4ef77a0c442bce50e5c3d	perjuicio_embarazo_alguno	octubre_2016_a_entrevista	entidad	12	PUBLICABLE	742	292	0.01454467712402975	0.007974490623860445	0.023294801325919566	0.0042180526130913745	290003.0	200	
RESULT-ENDIREH2021-DIS-TABLA	CALC-ENDIREH-PISOS-2021-DISCRIMINACION-0001	f0c9361c49c241f66d15f1b5e68a1d36539b67f808a4ef77a0c442bce50e5c3d	perjuicio_embarazo_alguno	octubre_2016_a_entrevista	entidad	13	PUBLICABLE	578	235	0.060270195481588365	0.04002599737616995	0.08711663274286009	0.01153279740137652	202372.0	200	
RESULT-ENDIREH2021-DIS-TABLA	CALC-ENDIREH-PISOS-2021-DISCRIMINACION-0001	f0c9361c49c241f66d15f1b5e68a1d36539b67f808a4ef77a0c442bce50e5c3d	perjuicio_embarazo_alguno	octubre_2016_a_entrevista	entidad	14	PUBLICABLE	730	353	0.05500046479688376	0.03741617533754729	0.07453496895981598	0.009530375318641218	666958.0	200	
RESULT-ENDIREH2021-DIS-TABLA	CALC-ENDIREH-PISOS-2021-DISCRIMINACION-0001	f0c9361c49c241f66d15f1b5e68a1d36539b67f808a4ef77a0c442bce50e5c3d	perjuicio_embarazo_alguno	octubre_2016_a_entrevista	entidad	15	PUBLICABLE	647	365	0.0606490985281251	0.041199728663165576	0.08027583300027623	0.010430840055679244	1237809.0	200	
RESULT-ENDIREH2021-DIS-TABLA	CALC-ENDIREH-PISOS-2021-DISCRIMINACION-0001	f0c9361c49c241f66d15f1b5e68a1d36539b67f808a4ef77a0c442bce50e5c3d	perjuicio_embarazo_alguno	octubre_2016_a_entrevista	entidad	16	PUBLICABLE	797	280	0.026555061596792363	0.017355208014366193	0.03969264197406224	0.005696778350283464	412765.0	200	
RESULT-ENDIREH2021-DIS-TABLA	CALC-ENDIREH-PISOS-2021-DISCRIMINACION-0001	f0c9361c49c241f66d15f1b5e68a1d36539b67f808a4ef77a0c442bce50e5c3d	perjuicio_embarazo_alguno	octubre_2016_a_entrevista	entidad	17	PUBLICABLE	454	276	0.0704943737317838	0.04580631482580233	0.102011752832958	0.014573942699501637	108420.0	200	
RESULT-ENDIREH2021-DIS-TABLA	CALC-ENDIREH-PISOS-2021-DISCRIMINACION-0001	f0c9361c49c241f66d15f1b5e68a1d36539b67f808a4ef77a0c442bce50e5c3d	perjuicio_embarazo_alguno	octubre_2016_a_entrevista	entidad	18	PUBLICABLE	930	332	0.0352835942264688	0.021926351875334895	0.04961431187580631	0.007235225816625602	122975.0	200	
RESULT-ENDIREH2021-DIS-TABLA	CALC-ENDIREH-PISOS-2021-DISCRIMINACION-0001	f0c9361c49c241f66d15f1b5e68a1d36539b67f808a4ef77a0c442bce50e5c3d	perjuicio_embarazo_alguno	octubre_2016_a_entrevista	entidad	19	PUBLICABLE	771	425	0.03833353098472474	0.027062912762195756	0.051891537690445654	0.006551506321815778	522806.0	200	
RESULT-ENDIREH2021-DIS-TABLA	CALC-ENDIREH-PISOS-2021-DISCRIMINACION-0001	f0c9361c49c241f66d15f1b5e68a1d36539b67f808a4ef77a0c442bce50e5c3d	perjuicio_embarazo_alguno	octubre_2016_a_entrevista	entidad	20	PUBLICABLE	653	240	0.02900988017658188	0.01409688831456635	0.046104309597102364	0.008283845571130138	285420.0	200	
RESULT-ENDIREH2021-DIS-TABLA	CALC-ENDIREH-PISOS-2021-DISCRIMINACION-0001	f0c9361c49c241f66d15f1b5e68a1d36539b67f808a4ef77a0c442bce50e5c3d	perjuicio_embarazo_alguno	octubre_2016_a_entrevista	entidad	21	PUBLICABLE	566	274	0.043635643008012204	0.028957458388672953	0.060655607803351164	0.007758248626965684	398642.0	200	
RESULT-ENDIREH2021-DIS-TABLA	CALC-ENDIREH-PISOS-2021-DISCRIMINACION-0001	f0c9361c49c241f66d15f1b5e68a1d36539b67f808a4ef77a0c442bce50e5c3d	perjuicio_embarazo_alguno	octubre_2016_a_entrevista	entidad	22	PUBLICABLE	603	303	0.07157071783937456	0.0434646375350222	0.10417227357891698	0.015665187288483096	168840.0	200	
RESULT-ENDIREH2021-DIS-TABLA	CALC-ENDIREH-PISOS-2021-DISCRIMINACION-0001	f0c9361c49c241f66d15f1b5e68a1d36539b67f808a4ef77a0c442bce50e5c3d	perjuicio_embarazo_alguno	octubre_2016_a_entrevista	entidad	23	PUBLICABLE	587	370	0.037831755698762286	0.023671963786780853	0.05466462842859992	0.00870247855778488	127089.0	200	
RESULT-ENDIREH2021-DIS-TABLA	CALC-ENDIREH-PISOS-2021-DISCRIMINACION-0001	f0c9361c49c241f66d15f1b5e68a1d36539b67f808a4ef77a0c442bce50e5c3d	perjuicio_embarazo_alguno	octubre_2016_a_entrevista	entidad	24	PUBLICABLE	700	344	0.04586694905367447	0.02739372573278786	0.06541341614320513	0.010325524800085634	222862.0	200	
RESULT-ENDIREH2021-DIS-TABLA	CALC-ENDIREH-PISOS-2021-DISCRIMINACION-0001	f0c9361c49c241f66d15f1b5e68a1d36539b67f808a4ef77a0c442bce50e5c3d	perjuicio_embarazo_alguno	octubre_2016_a_entrevista	entidad	25	PUBLICABLE	795	351	0.03503009133423549	0.020392226538442297	0.05072853713234061	0.007560152403478276	259377.0	200	
RESULT-ENDIREH2021-DIS-TABLA	CALC-ENDIREH-PISOS-2021-DISCRIMINACION-0001	f0c9361c49c241f66d15f1b5e68a1d36539b67f808a4ef77a0c442bce50e5c3d	perjuicio_embarazo_alguno	octubre_2016_a_entrevista	entidad	26	PUBLICABLE	893	408	0.03760137710731571	0.02611366172460896	0.05118809847779725	0.006691353028616035	289883.0	200	
RESULT-ENDIREH2021-DIS-TABLA	CALC-ENDIREH-PISOS-2021-DISCRIMINACION-0001	f0c9361c49c241f66d15f1b5e68a1d36539b67f808a4ef77a0c442bce50e5c3d	perjuicio_embarazo_alguno	octubre_2016_a_entrevista	entidad	27	PUBLICABLE	691	261	0.04825114007604223	0.02941981349747516	0.07214525362844582	0.010416667419752418	179374.0	200	
RESULT-ENDIREH2021-DIS-TABLA	CALC-ENDIREH-PISOS-2021-DISCRIMINACION-0001	f0c9361c49c241f66d15f1b5e68a1d36539b67f808a4ef77a0c442bce50e5c3d	perjuicio_embarazo_alguno	octubre_2016_a_entrevista	entidad	28	PUBLICABLE	749	414	0.027948960459289494	0.01517155309006952	0.039739449150885744	0.00602574867162775	301335.0	200	
RESULT-ENDIREH2021-DIS-TABLA	CALC-ENDIREH-PISOS-2021-DISCRIMINACION-0001	f0c9361c49c241f66d15f1b5e68a1d36539b67f808a4ef77a0c442bce50e5c3d	perjuicio_embarazo_alguno	octubre_2016_a_entrevista	entidad	29	PUBLICABLE	733	391	0.06234372231300821	0.03992525758535217	0.08235101972994839	0.011238201218460519	101582.0	200	
RESULT-ENDIREH2021-DIS-TABLA	CALC-ENDIREH-PISOS-2021-DISCRIMINACION-0001	f0c9361c49c241f66d15f1b5e68a1d36539b67f808a4ef77a0c442bce50e5c3d	perjuicio_embarazo_alguno	octubre_2016_a_entrevista	entidad	30	PUBLICABLE	572	275	0.04525259789035995	0.02769924578248262	0.06782364251773619	0.010278204245663362	561802.0	200	
RESULT-ENDIREH2021-DIS-TABLA	CALC-ENDIREH-PISOS-2021-DISCRIMINACION-0001	f0c9361c49c241f66d15f1b5e68a1d36539b67f808a4ef77a0c442bce50e5c3d	perjuicio_embarazo_alguno	octubre_2016_a_entrevista	entidad	31	PUBLICABLE	666	314	0.040618989436022754	0.025890855115443735	0.05585236031214385	0.008439004401970316	171053.0	200	
RESULT-ENDIREH2021-DIS-TABLA	CALC-ENDIREH-PISOS-2021-DISCRIMINACION-0001	f0c9361c49c241f66d15f1b5e68a1d36539b67f808a4ef77a0c442bce50e5c3d	perjuicio_embarazo_alguno	octubre_2016_a_entrevista	entidad	32	PUBLICABLE	638	270	0.03335598595537433	0.019594375160902948	0.04983659891434276	0.00790662892826511	105948.0	200	
