result_id	calc_id	resultados_sha256	resultado	ventana	eje	categoria	estado	n	upm	p	ic95_lo	ic95_hi	se	masa_ponderada	replicas_n	causa
RESULT-ENDIREH2016-DIS-TABLA	CALC-ENDIREH-PISOS-2016-DISCRIMINACION-0001	9478e84886d372142ff7635143516d9eca7faffd285934e6cca2e6f95c93ebd6	prueba_ingreso	octubre_2011_a_entrevista	nacional	MX	PUBLICABLE	55895	17001	0.11536087483286993	0.11172118123992292	0.11915609021520655	0.0020761023349126556	23748719.0	200	
RESULT-ENDIREH2016-DIS-TABLA	CALC-ENDIREH-PISOS-2016-DISCRIMINACION-0001	9478e84886d372142ff7635143516d9eca7faffd285934e6cca2e6f95c93ebd6	prueba_ingreso	octubre_2011_a_entrevista	edad	15-29	PUBLICABLE	16956	10149	0.1309974842101588	0.12332340383356377	0.1388522910735121	0.003655427568480704	8106003.0	200	
RESULT-ENDIREH2016-DIS-TABLA	CALC-ENDIREH-PISOS-2016-DISCRIMINACION-0001	9478e84886d372142ff7635143516d9eca7faffd285934e6cca2e6f95c93ebd6	prueba_ingreso	octubre_2011_a_entrevista	edad	30-44	PUBLICABLE	22301	11955	0.14423115771169445	0.13748619118157243	0.15137398528630094	0.0035610178337195453	8662934.0	200	
RESULT-ENDIREH2016-DIS-TABLA	CALC-ENDIREH-PISOS-2016-DISCRIMINACION-0001	9478e84886d372142ff7635143516d9eca7faffd285934e6cca2e6f95c93ebd6	prueba_ingreso	octubre_2011_a_entrevista	edad	45-59	PUBLICABLE	12821	8819	0.07228709010990136	0.06515229707595345	0.08060709008508378	0.0038652747695842797	5468722.0	200	
RESULT-ENDIREH2016-DIS-TABLA	CALC-ENDIREH-PISOS-2016-DISCRIMINACION-0001	9478e84886d372142ff7635143516d9eca7faffd285934e6cca2e6f95c93ebd6	prueba_ingreso	octubre_2011_a_entrevista	edad	60+	PUBLICABLE	3817	3237	0.021854856855452465	0.015330419186700524	0.03079832283152636	0.004035633646357649	1511060.0	200	
RESULT-ENDIREH2016-DIS-TABLA	CALC-ENDIREH-PISOS-2016-DISCRIMINACION-0001	9478e84886d372142ff7635143516d9eca7faffd285934e6cca2e6f95c93ebd6	prueba_ingreso	octubre_2011_a_entrevista	escolaridad	ninguno	PUBLICABLE	1683	1437	0.016591531865994873	0.01023607113849619	0.02474337862595241	0.003555454148180274	678780.0	200	
RESULT-ENDIREH2016-DIS-TABLA	CALC-ENDIREH-PISOS-2016-DISCRIMINACION-0001	9478e84886d372142ff7635143516d9eca7faffd285934e6cca2e6f95c93ebd6	prueba_ingreso	octubre_2011_a_entrevista	escolaridad	basica	PUBLICABLE	28112	12234	0.10188896629147996	0.09648579804591503	0.10736593141565014	0.002670597736840918	11529904.0	200	
RESULT-ENDIREH2016-DIS-TABLA	CALC-ENDIREH-PISOS-2016-DISCRIMINACION-0001	9478e84886d372142ff7635143516d9eca7faffd285934e6cca2e6f95c93ebd6	prueba_ingreso	octubre_2011_a_entrevista	escolaridad	media_superior	PUBLICABLE	12746	8713	0.13705707628826572	0.12896849180930792	0.14622902188840817	0.004592629394084916	5671462.0	200	
RESULT-ENDIREH2016-DIS-TABLA	CALC-ENDIREH-PISOS-2016-DISCRIMINACION-0001	9478e84886d372142ff7635143516d9eca7faffd285934e6cca2e6f95c93ebd6	prueba_ingreso	octubre_2011_a_entrevista	escolaridad	superior	PUBLICABLE	13352	8635	0.1322488601204738	0.1237363766184853	0.14184895358022875	0.004695727436775456	5868164.0	200	
RESULT-ENDIREH2016-DIS-TABLA	CALC-ENDIREH-PISOS-2016-DISCRIMINACION-0001	9478e84886d372142ff7635143516d9eca7faffd285934e6cca2e6f95c93ebd6	prueba_ingreso	octubre_2011_a_entrevista	localidad	U	PUBLICABLE	33153	13627	0.13426710795406735	0.1288736421427411	0.14118531272413712	0.0028925155197818886	15164116.0	200	
RESULT-ENDIREH2016-DIS-TABLA	CALC-ENDIREH-PISOS-2016-DISCRIMINACION-0001	9478e84886d372142ff7635143516d9eca7faffd285934e6cca2e6f95c93ebd6	prueba_ingreso	octubre_2011_a_entrevista	localidad	C	PUBLICABLE	14033	1789	0.08812378388865554	0.08165492982293497	0.09498299451291228	0.003506861815356169	5308930.0	200	
RESULT-ENDIREH2016-DIS-TABLA	CALC-ENDIREH-PISOS-2016-DISCRIMINACION-0001	9478e84886d372142ff7635143516d9eca7faffd285934e6cca2e6f95c93ebd6	prueba_ingreso	octubre_2011_a_entrevista	localidad	R	PUBLICABLE	8709	1585	0.07198154394532055	0.06366587460028479	0.08091467881853671	0.004412910249109106	3275673.0	200	
RESULT-ENDIREH2016-DIS-TABLA	CALC-ENDIREH-PISOS-2016-DISCRIMINACION-0001	9478e84886d372142ff7635143516d9eca7faffd285934e6cca2e6f95c93ebd6	prueba_ingreso	octubre_2011_a_entrevista	pareja	A1	PUBLICABLE	33307	14368	0.1184805294783096	0.11442213507749319	0.12286323804925293	0.002371032732519713	12052014.0	200	
RESULT-ENDIREH2016-DIS-TABLA	CALC-ENDIREH-PISOS-2016-DISCRIMINACION-0001	9478e84886d372142ff7635143516d9eca7faffd285934e6cca2e6f95c93ebd6	prueba_ingreso	octubre_2011_a_entrevista	pareja	A2	PUBLICABLE	1076	1003	0.08821012563741451	0.06938652070473181	0.10455199668966005	0.009626244589318787	484967.0	200	
RESULT-ENDIREH2016-DIS-TABLA	CALC-ENDIREH-PISOS-2016-DISCRIMINACION-0001	9478e84886d372142ff7635143516d9eca7faffd285934e6cca2e6f95c93ebd6	prueba_ingreso	octubre_2011_a_entrevista	pareja	B1	PUBLICABLE	8237	6296	0.1400128357847155	0.12952649505221178	0.15171664346212718	0.005943308048380755	3745778.0	200	
RESULT-ENDIREH2016-DIS-TABLA	CALC-ENDIREH-PISOS-2016-DISCRIMINACION-0001	9478e84886d372142ff7635143516d9eca7faffd285934e6cca2e6f95c93ebd6	prueba_ingreso	octubre_2011_a_entrevista	pareja	B2	PUBLICABLE	2498	2221	0.04843940511636618	0.0378739287982919	0.06411550382407206	0.006909761310193556	1046524.0	200	
RESULT-ENDIREH2016-DIS-TABLA	CALC-ENDIREH-PISOS-2016-DISCRIMINACION-0001	9478e84886d372142ff7635143516d9eca7faffd285934e6cca2e6f95c93ebd6	prueba_ingreso	octubre_2011_a_entrevista	pareja	C1	PUBLICABLE	9108	6935	0.11464853828722713	0.10613191607978298	0.12316154441235455	0.004419515122093297	5482233.0	200	
RESULT-ENDIREH2016-DIS-TABLA	CALC-ENDIREH-PISOS-2016-DISCRIMINACION-0001	9478e84886d372142ff7635143516d9eca7faffd285934e6cca2e6f95c93ebd6	prueba_ingreso	octubre_2011_a_entrevista	pareja	C2	PUBLICABLE	1669	1546	0.0696594014317069	0.05346561290369485	0.08949681653784652	0.009388957585245465	937203.0	200	
RESULT-ENDIREH2016-DIS-TABLA	CALC-ENDIREH-PISOS-2016-DISCRIMINACION-0001	9478e84886d372142ff7635143516d9eca7faffd285934e6cca2e6f95c93ebd6	prueba_ingreso	octubre_2011_a_entrevista	entidad	01	PUBLICABLE	2029	643	0.09035680670830838	0.07485119128832907	0.10493870420241427	0.007558422686152903	280488.0	200	
RESULT-ENDIREH2016-DIS-TABLA	CALC-ENDIREH-PISOS-2016-DISCRIMINACION-0001	9478e84886d372142ff7635143516d9eca7faffd285934e6cca2e6f95c93ebd6	prueba_ingreso	octubre_2011_a_entrevista	entidad	02	PUBLICABLE	2010	683	0.2526592166220018	0.22882235598679201	0.27518538277795124	0.01244263015919106	810107.0	200	
RESULT-ENDIREH2016-DIS-TABLA	CALC-ENDIREH-PISOS-2016-DISCRIMINACION-0001	9478e84886d372142ff7635143516d9eca7faffd285934e6cca2e6f95c93ebd6	prueba_ingreso	octubre_2011_a_entrevista	entidad	03	PUBLICABLE	1803	431	0.10224948875255624	0.08403567440696419	0.12141106242413864	0.009235256617019324	160392.0	200	
RESULT-ENDIREH2016-DIS-TABLA	CALC-ENDIREH-PISOS-2016-DISCRIMINACION-0001	9478e84886d372142ff7635143516d9eca7faffd285934e6cca2e6f95c93ebd6	prueba_ingreso	octubre_2011_a_entrevista	entidad	04	PUBLICABLE	1641	526	0.08373943311785181	0.06939607766043858	0.0961254137308896	0.0070139073573898805	170935.0	200	
RESULT-ENDIREH2016-DIS-TABLA	CALC-ENDIREH-PISOS-2016-DISCRIMINACION-0001	9478e84886d372142ff7635143516d9eca7faffd285934e6cca2e6f95c93ebd6	prueba_ingreso	octubre_2011_a_entrevista	entidad	05	PUBLICABLE	1950	665	0.20164184446328903	0.1824559801229196	0.22483721427867978	0.010738302827334565	620278.0	200	
RESULT-ENDIREH2016-DIS-TABLA	CALC-ENDIREH-PISOS-2016-DISCRIMINACION-0001	9478e84886d372142ff7635143516d9eca7faffd285934e6cca2e6f95c93ebd6	prueba_ingreso	octubre_2011_a_entrevista	entidad	06	PUBLICABLE	2022	593	0.062301708537989706	0.053019720559589034	0.07289394664663613	0.0053369816754799855	170204.0	200	
RESULT-ENDIREH2016-DIS-TABLA	CALC-ENDIREH-PISOS-2016-DISCRIMINACION-0001	9478e84886d372142ff7635143516d9eca7faffd285934e6cca2e6f95c93ebd6	prueba_ingreso	octubre_2011_a_entrevista	entidad	07	PUBLICABLE	1169	337	0.10104059758799244	0.08237310183076237	0.11706164545586414	0.009368994815305107	602154.0	200	
RESULT-ENDIREH2016-DIS-TABLA	CALC-ENDIREH-PISOS-2016-DISCRIMINACION-0001	9478e84886d372142ff7635143516d9eca7faffd285934e6cca2e6f95c93ebd6	prueba_ingreso	octubre_2011_a_entrevista	entidad	08	PUBLICABLE	1869	652	0.27948937270984614	0.25724273589481805	0.3093778830836205	0.013420681542747453	819541.0	200	
RESULT-ENDIREH2016-DIS-TABLA	CALC-ENDIREH-PISOS-2016-DISCRIMINACION-0001	9478e84886d372142ff7635143516d9eca7faffd285934e6cca2e6f95c93ebd6	prueba_ingreso	octubre_2011_a_entrevista	entidad	09	PUBLICABLE	2152	848	0.09394555897212396	0.07981233217048961	0.1082203444517073	0.007461370679380292	2239414.0	200	
RESULT-ENDIREH2016-DIS-TABLA	CALC-ENDIREH-PISOS-2016-DISCRIMINACION-0001	9478e84886d372142ff7635143516d9eca7faffd285934e6cca2e6f95c93ebd6	prueba_ingreso	octubre_2011_a_entrevista	entidad	10	PUBLICABLE	1607	546	0.15676075464377515	0.13775756873871584	0.17774838518286712	0.01085163458809037	329904.0	200	
RESULT-ENDIREH2016-DIS-TABLA	CALC-ENDIREH-PISOS-2016-DISCRIMINACION-0001	9478e84886d372142ff7635143516d9eca7faffd285934e6cca2e6f95c93ebd6	prueba_ingreso	octubre_2011_a_entrevista	entidad	11	PUBLICABLE	1755	493	0.08233823643643502	0.06751295555500574	0.09664283707905065	0.007429214101846641	1132888.0	200	
RESULT-ENDIREH2016-DIS-TABLA	CALC-ENDIREH-PISOS-2016-DISCRIMINACION-0001	9478e84886d372142ff7635143516d9eca7faffd285934e6cca2e6f95c93ebd6	prueba_ingreso	octubre_2011_a_entrevista	entidad	12	PUBLICABLE	1381	393	0.06249310125814956	0.04960687186684958	0.07638121966189922	0.0071957107440142705	552637.0	200	
RESULT-ENDIREH2016-DIS-TABLA	CALC-ENDIREH-PISOS-2016-DISCRIMINACION-0001	9478e84886d372142ff7635143516d9eca7faffd285934e6cca2e6f95c93ebd6	prueba_ingreso	octubre_2011_a_entrevista	entidad	13	PUBLICABLE	1632	334	0.06528501820052594	0.05014728959830937	0.08139398981480886	0.007516590337412205	540369.0	200	
RESULT-ENDIREH2016-DIS-TABLA	CALC-ENDIREH-PISOS-2016-DISCRIMINACION-0001	9478e84886d372142ff7635143516d9eca7faffd285934e6cca2e6f95c93ebd6	prueba_ingreso	octubre_2011_a_entrevista	entidad	14	PUBLICABLE	1998	563	0.1276804322917788	0.10987826435911693	0.1468177643064867	0.009784285150236549	1764734.0	200	
RESULT-ENDIREH2016-DIS-TABLA	CALC-ENDIREH-PISOS-2016-DISCRIMINACION-0001	9478e84886d372142ff7635143516d9eca7faffd285934e6cca2e6f95c93ebd6	prueba_ingreso	octubre_2011_a_entrevista	entidad	15	PUBLICABLE	1810	669	0.09938448217873083	0.08535013730140278	0.11594987109540007	0.008081816413741484	3520288.0	200	
RESULT-ENDIREH2016-DIS-TABLA	CALC-ENDIREH-PISOS-2016-DISCRIMINACION-0001	9478e84886d372142ff7635143516d9eca7faffd285934e6cca2e6f95c93ebd6	prueba_ingreso	octubre_2011_a_entrevista	entidad	16	PUBLICABLE	1520	370	0.06059976622431628	0.04547867241251421	0.07429946243721984	0.007326816895779023	775102.0	200	
RESULT-ENDIREH2016-DIS-TABLA	CALC-ENDIREH-PISOS-2016-DISCRIMINACION-0001	9478e84886d372142ff7635143516d9eca7faffd285934e6cca2e6f95c93ebd6	prueba_ingreso	octubre_2011_a_entrevista	entidad	17	PUBLICABLE	1805	538	0.09458538698385567	0.08060189196126437	0.10899546952185503	0.007353216978508326	427085.0	200	
RESULT-ENDIREH2016-DIS-TABLA	CALC-ENDIREH-PISOS-2016-DISCRIMINACION-0001	9478e84886d372142ff7635143516d9eca7faffd285934e6cca2e6f95c93ebd6	prueba_ingreso	octubre_2011_a_entrevista	entidad	18	PUBLICABLE	1727	436	0.09525835786259809	0.08045975619977667	0.10981897619827605	0.007654389371868293	227959.0	200	
RESULT-ENDIREH2016-DIS-TABLA	CALC-ENDIREH-PISOS-2016-DISCRIMINACION-0001	9478e84886d372142ff7635143516d9eca7faffd285934e6cca2e6f95c93ebd6	prueba_ingreso	octubre_2011_a_entrevista	entidad	19	PUBLICABLE	1775	683	0.11172135134123985	0.09458109325783323	0.12719441164288944	0.009171008720294504	1069160.0	200	
RESULT-ENDIREH2016-DIS-TABLA	CALC-ENDIREH-PISOS-2016-DISCRIMINACION-0001	9478e84886d372142ff7635143516d9eca7faffd285934e6cca2e6f95c93ebd6	prueba_ingreso	octubre_2011_a_entrevista	entidad	20	PUBLICABLE	1456	326	0.0705172783580198	0.05625441293641176	0.08232466934112799	0.006998207765594655	615452.0	200	
RESULT-ENDIREH2016-DIS-TABLA	CALC-ENDIREH-PISOS-2016-DISCRIMINACION-0001	9478e84886d372142ff7635143516d9eca7faffd285934e6cca2e6f95c93ebd6	prueba_ingreso	octubre_2011_a_entrevista	entidad	21	PUBLICABLE	2367	655	0.07609554000626509	0.06408413881421074	0.08547042810870019	0.005807820426992721	1146033.0	200	
RESULT-ENDIREH2016-DIS-TABLA	CALC-ENDIREH-PISOS-2016-DISCRIMINACION-0001	9478e84886d372142ff7635143516d9eca7faffd285934e6cca2e6f95c93ebd6	prueba_ingreso	octubre_2011_a_entrevista	entidad	22	PUBLICABLE	1957	554	0.1298668153212753	0.11225388369809157	0.1521507490862141	0.010281814773880115	446673.0	200	
RESULT-ENDIREH2016-DIS-TABLA	CALC-ENDIREH-PISOS-2016-DISCRIMINACION-0001	9478e84886d372142ff7635143516d9eca7faffd285934e6cca2e6f95c93ebd6	prueba_ingreso	octubre_2011_a_entrevista	entidad	23	PUBLICABLE	1748	648	0.1182271770484135	0.10258489078157941	0.13435260392541845	0.008758367249979339	333502.0	200	
RESULT-ENDIREH2016-DIS-TABLA	CALC-ENDIREH-PISOS-2016-DISCRIMINACION-0001	9478e84886d372142ff7635143516d9eca7faffd285934e6cca2e6f95c93ebd6	prueba_ingreso	octubre_2011_a_entrevista	entidad	24	PUBLICABLE	1643	492	0.10990846340351543	0.09252937137865905	0.12843544760918613	0.009298303183795492	495758.0	200	
RESULT-ENDIREH2016-DIS-TABLA	CALC-ENDIREH-PISOS-2016-DISCRIMINACION-0001	9478e84886d372142ff7635143516d9eca7faffd285934e6cca2e6f95c93ebd6	prueba_ingreso	octubre_2011_a_entrevista	entidad	25	PUBLICABLE	1934	516	0.12189671696132304	0.10316323942328054	0.13778272011249554	0.008437535006413586	622929.0	200	
RESULT-ENDIREH2016-DIS-TABLA	CALC-ENDIREH-PISOS-2016-DISCRIMINACION-0001	9478e84886d372142ff7635143516d9eca7faffd285934e6cca2e6f95c93ebd6	prueba_ingreso	octubre_2011_a_entrevista	entidad	26	PUBLICABLE	1835	589	0.18607969020686843	0.16869349249578494	0.20692389586282567	0.009944482795758793	598593.0	200	
RESULT-ENDIREH2016-DIS-TABLA	CALC-ENDIREH-PISOS-2016-DISCRIMINACION-0001	9478e84886d372142ff7635143516d9eca7faffd285934e6cca2e6f95c93ebd6	prueba_ingreso	octubre_2011_a_entrevista	entidad	27	PUBLICABLE	1338	324	0.10273913093845209	0.0848864600527794	0.12099758991715745	0.009168963813420028	345292.0	200	
RESULT-ENDIREH2016-DIS-TABLA	CALC-ENDIREH-PISOS-2016-DISCRIMINACION-0001	9478e84886d372142ff7635143516d9eca7faffd285934e6cca2e6f95c93ebd6	prueba_ingreso	octubre_2011_a_entrevista	entidad	28	PUBLICABLE	1664	636	0.162949656972503	0.14407669049595725	0.18644067606214132	0.010684790513750427	711459.0	200	
RESULT-ENDIREH2016-DIS-TABLA	CALC-ENDIREH-PISOS-2016-DISCRIMINACION-0001	9478e84886d372142ff7635143516d9eca7faffd285934e6cca2e6f95c93ebd6	prueba_ingreso	octubre_2011_a_entrevista	entidad	29	PUBLICABLE	1781	559	0.07338211698351728	0.06219417150162681	0.08692514044327769	0.006462554374733437	246804.0	200	
RESULT-ENDIREH2016-DIS-TABLA	CALC-ENDIREH-PISOS-2016-DISCRIMINACION-0001	9478e84886d372142ff7635143516d9eca7faffd285934e6cca2e6f95c93ebd6	prueba_ingreso	octubre_2011_a_entrevista	entidad	30	PUBLICABLE	1338	393	0.09806421411836373	0.07835482475415037	0.11496597285056738	0.00878254901395799	1290277.0	200	
RESULT-ENDIREH2016-DIS-TABLA	CALC-ENDIREH-PISOS-2016-DISCRIMINACION-0001	9478e84886d372142ff7635143516d9eca7faffd285934e6cca2e6f95c93ebd6	prueba_ingreso	octubre_2011_a_entrevista	entidad	31	PUBLICABLE	1717	529	0.09667697875587766	0.07730500175635706	0.11651369581042367	0.009949184192815402	437674.0	200	
RESULT-ENDIREH2016-DIS-TABLA	CALC-ENDIREH-PISOS-2016-DISCRIMINACION-0001	9478e84886d372142ff7635143516d9eca7faffd285934e6cca2e6f95c93ebd6	prueba_ingreso	octubre_2011_a_entrevista	entidad	32	PUBLICABLE	1462	377	0.06638897291463983	0.0545953657769746	0.08163243328196441	0.007162332999957139	244634.0	200	
RESULT-ENDIREH2016-DIS-TABLA	CALC-ENDIREH-PISOS-2016-DISCRIMINACION-0001	9478e84886d372142ff7635143516d9eca7faffd285934e6cca2e6f95c93ebd6	prueba_continuidad	octubre_2011_a_entrevista	nacional	MX	PUBLICABLE	55895	17001	0.03623551232384366	0.0340638648554106	0.03892393631355903	0.0011985097355658395	23748719.0	200	
RESULT-ENDIREH2016-DIS-TABLA	CALC-ENDIREH-PISOS-2016-DISCRIMINACION-0001	9478e84886d372142ff7635143516d9eca7faffd285934e6cca2e6f95c93ebd6	prueba_continuidad	octubre_2011_a_entrevista	edad	15-29	PUBLICABLE	16956	10149	0.03907326459168594	0.03485689501244399	0.04378832643110661	0.0021190251452451432	8106003.0	200	
RESULT-ENDIREH2016-DIS-TABLA	CALC-ENDIREH-PISOS-2016-DISCRIMINACION-0001	9478e84886d372142ff7635143516d9eca7faffd285934e6cca2e6f95c93ebd6	prueba_continuidad	octubre_2011_a_entrevista	edad	30-44	PUBLICABLE	22301	11955	0.046335456324612424	0.04208060573711329	0.050301675560685086	0.0020679053836840187	8662934.0	200	
RESULT-ENDIREH2016-DIS-TABLA	CALC-ENDIREH-PISOS-2016-DISCRIMINACION-0001	9478e84886d372142ff7635143516d9eca7faffd285934e6cca2e6f95c93ebd6	prueba_continuidad	octubre_2011_a_entrevista	edad	45-59	PUBLICABLE	12821	8819	0.024635554705468663	0.020710394935925955	0.02814584392812241	0.0019462383621428633	5468722.0	200	
RESULT-ENDIREH2016-DIS-TABLA	CALC-ENDIREH-PISOS-2016-DISCRIMINACION-0001	9478e84886d372142ff7635143516d9eca7faffd285934e6cca2e6f95c93ebd6	prueba_continuidad	octubre_2011_a_entrevista	edad	60+	PUBLICABLE	3817	3237	0.005091128082273371	0.0025056316179958432	0.007897884467449524	0.0014288513688272039	1511060.0	200	
RESULT-ENDIREH2016-DIS-TABLA	CALC-ENDIREH-PISOS-2016-DISCRIMINACION-0001	9478e84886d372142ff7635143516d9eca7faffd285934e6cca2e6f95c93ebd6	prueba_continuidad	octubre_2011_a_entrevista	escolaridad	ninguno	PUBLICABLE	1683	1437	0.010193287957806654	0.005436287996514613	0.015737360201705634	0.0026314551470034884	678780.0	200	
RESULT-ENDIREH2016-DIS-TABLA	CALC-ENDIREH-PISOS-2016-DISCRIMINACION-0001	9478e84886d372142ff7635143516d9eca7faffd285934e6cca2e6f95c93ebd6	prueba_continuidad	octubre_2011_a_entrevista	escolaridad	basica	PUBLICABLE	28112	12234	0.03358631606993432	0.030818095341836105	0.036445889932642084	0.0014747287390110722	11529904.0	200	
RESULT-ENDIREH2016-DIS-TABLA	CALC-ENDIREH-PISOS-2016-DISCRIMINACION-0001	9478e84886d372142ff7635143516d9eca7faffd285934e6cca2e6f95c93ebd6	prueba_continuidad	octubre_2011_a_entrevista	escolaridad	media_superior	PUBLICABLE	12746	8713	0.04418172950819383	0.03844129181567436	0.05024771474482723	0.0030545210439858347	5671462.0	200	
RESULT-ENDIREH2016-DIS-TABLA	CALC-ENDIREH-PISOS-2016-DISCRIMINACION-0001	9478e84886d372142ff7635143516d9eca7faffd285934e6cca2e6f95c93ebd6	prueba_continuidad	octubre_2011_a_entrevista	escolaridad	superior	PUBLICABLE	13352	8635	0.03677572746773949	0.03261921636549157	0.041094256718167826	0.002221097210774023	5868164.0	200	
RESULT-ENDIREH2016-DIS-TABLA	CALC-ENDIREH-PISOS-2016-DISCRIMINACION-0001	9478e84886d372142ff7635143516d9eca7faffd285934e6cca2e6f95c93ebd6	prueba_continuidad	octubre_2011_a_entrevista	localidad	U	PUBLICABLE	33153	13627	0.040817413952781684	0.03755356550528184	0.044295919337054235	0.001657516754354943	15164116.0	200	
RESULT-ENDIREH2016-DIS-TABLA	CALC-ENDIREH-PISOS-2016-DISCRIMINACION-0001	9478e84886d372142ff7635143516d9eca7faffd285934e6cca2e6f95c93ebd6	prueba_continuidad	octubre_2011_a_entrevista	localidad	C	PUBLICABLE	14033	1789	0.029526477086719922	0.02522310378551339	0.034305169768093294	0.002431811944546706	5308930.0	200	
RESULT-ENDIREH2016-DIS-TABLA	CALC-ENDIREH-PISOS-2016-DISCRIMINACION-0001	9478e84886d372142ff7635143516d9eca7faffd285934e6cca2e6f95c93ebd6	prueba_continuidad	octubre_2011_a_entrevista	localidad	R	PUBLICABLE	8709	1585	0.025897884190515964	0.02192194759324187	0.030605801132590125	0.002230582424775114	3275673.0	200	
RESULT-ENDIREH2016-DIS-TABLA	CALC-ENDIREH-PISOS-2016-DISCRIMINACION-0001	9478e84886d372142ff7635143516d9eca7faffd285934e6cca2e6f95c93ebd6	prueba_continuidad	octubre_2011_a_entrevista	pareja	A1	PUBLICABLE	33307	14368	0.03774937533262075	0.03500768370416884	0.040671597163182444	0.001564297105818854	12052014.0	200	
RESULT-ENDIREH2016-DIS-TABLA	CALC-ENDIREH-PISOS-2016-DISCRIMINACION-0001	9478e84886d372142ff7635143516d9eca7faffd285934e6cca2e6f95c93ebd6	prueba_continuidad	octubre_2011_a_entrevista	pareja	A2	PUBLICABLE	1076	1003	0.02627189066472564	0.01631738271948499	0.03823654181673421	0.005679800259427283	484967.0	200	
RESULT-ENDIREH2016-DIS-TABLA	CALC-ENDIREH-PISOS-2016-DISCRIMINACION-0001	9478e84886d372142ff7635143516d9eca7faffd285934e6cca2e6f95c93ebd6	prueba_continuidad	octubre_2011_a_entrevista	pareja	B1	PUBLICABLE	8237	6296	0.05126091295319691	0.044706109912565586	0.05989947165528813	0.0038333465984947517	3745778.0	200	
RESULT-ENDIREH2016-DIS-TABLA	CALC-ENDIREH-PISOS-2016-DISCRIMINACION-0001	9478e84886d372142ff7635143516d9eca7faffd285934e6cca2e6f95c93ebd6	prueba_continuidad	octubre_2011_a_entrevista	pareja	B2	PUBLICABLE	2498	2221	0.013797103554242426	0.008537728182133643	0.02012899099472046	0.0029328049767925538	1046524.0	200	
RESULT-ENDIREH2016-DIS-TABLA	CALC-ENDIREH-PISOS-2016-DISCRIMINACION-0001	9478e84886d372142ff7635143516d9eca7faffd285934e6cca2e6f95c93ebd6	prueba_continuidad	octubre_2011_a_entrevista	pareja	C1	PUBLICABLE	9108	6935	0.030745683373909864	0.026652484712023836	0.035336330261729026	0.0021347364675157717	5482233.0	200	
RESULT-ENDIREH2016-DIS-TABLA	CALC-ENDIREH-PISOS-2016-DISCRIMINACION-0001	9478e84886d372142ff7635143516d9eca7faffd285934e6cca2e6f95c93ebd6	prueba_continuidad	octubre_2011_a_entrevista	pareja	C2	PUBLICABLE	1669	1546	0.01903963175534009	0.010832933611666845	0.030473917628626453	0.00501911306603021	937203.0	200	
RESULT-ENDIREH2016-DIS-TABLA	CALC-ENDIREH-PISOS-2016-DISCRIMINACION-0001	9478e84886d372142ff7635143516d9eca7faffd285934e6cca2e6f95c93ebd6	prueba_continuidad	octubre_2011_a_entrevista	entidad	01	PUBLICABLE	2029	643	0.033127976954450813	0.024246890401211064	0.04372515605702802	0.004864753069040041	280488.0	200	
RESULT-ENDIREH2016-DIS-TABLA	CALC-ENDIREH-PISOS-2016-DISCRIMINACION-0001	9478e84886d372142ff7635143516d9eca7faffd285934e6cca2e6f95c93ebd6	prueba_continuidad	octubre_2011_a_entrevista	entidad	02	PUBLICABLE	2010	683	0.06539506509633912	0.05373944154823119	0.07786478458182244	0.006606776492992596	810107.0	200	
RESULT-ENDIREH2016-DIS-TABLA	CALC-ENDIREH-PISOS-2016-DISCRIMINACION-0001	9478e84886d372142ff7635143516d9eca7faffd285934e6cca2e6f95c93ebd6	prueba_continuidad	octubre_2011_a_entrevista	entidad	03	PUBLICABLE	1803	431	0.020811511796099556	0.013422883108771788	0.027553044404976537	0.0037562609094230434	160392.0	200	
RESULT-ENDIREH2016-DIS-TABLA	CALC-ENDIREH-PISOS-2016-DISCRIMINACION-0001	9478e84886d372142ff7635143516d9eca7faffd285934e6cca2e6f95c93ebd6	prueba_continuidad	octubre_2011_a_entrevista	entidad	04	PUBLICABLE	1641	526	0.017269722409102874	0.011333934917996929	0.02272939143604267	0.003082630217066582	170935.0	200	
RESULT-ENDIREH2016-DIS-TABLA	CALC-ENDIREH-PISOS-2016-DISCRIMINACION-0001	9478e84886d372142ff7635143516d9eca7faffd285934e6cca2e6f95c93ebd6	prueba_continuidad	octubre_2011_a_entrevista	entidad	05	PUBLICABLE	1950	665	0.04347405518170885	0.03374943002708279	0.05247269734136271	0.005058343514240531	620278.0	200	
RESULT-ENDIREH2016-DIS-TABLA	CALC-ENDIREH-PISOS-2016-DISCRIMINACION-0001	9478e84886d372142ff7635143516d9eca7faffd285934e6cca2e6f95c93ebd6	prueba_continuidad	octubre_2011_a_entrevista	entidad	06	PUBLICABLE	2022	593	0.01975864257009236	0.012880341397424756	0.026480283551118162	0.0033865115959428624	170204.0	200	
RESULT-ENDIREH2016-DIS-TABLA	CALC-ENDIREH-PISOS-2016-DISCRIMINACION-0001	9478e84886d372142ff7635143516d9eca7faffd285934e6cca2e6f95c93ebd6	prueba_continuidad	octubre_2011_a_entrevista	entidad	07	PUBLICABLE	1169	337	0.034207196165764904	0.02323962213968282	0.0477363711509897	0.006536972916945959	602154.0	200	
RESULT-ENDIREH2016-DIS-TABLA	CALC-ENDIREH-PISOS-2016-DISCRIMINACION-0001	9478e84886d372142ff7635143516d9eca7faffd285934e6cca2e6f95c93ebd6	prueba_continuidad	octubre_2011_a_entrevista	entidad	08	PUBLICABLE	1869	652	0.05777380265294842	0.04683865730484562	0.06795651155598861	0.005381267408968605	819541.0	200	
RESULT-ENDIREH2016-DIS-TABLA	CALC-ENDIREH-PISOS-2016-DISCRIMINACION-0001	9478e84886d372142ff7635143516d9eca7faffd285934e6cca2e6f95c93ebd6	prueba_continuidad	octubre_2011_a_entrevista	entidad	09	PUBLICABLE	2152	848	0.04026231862442586	0.02839953358296942	0.04762208038467321	0.005045247402218325	2239414.0	200	
RESULT-ENDIREH2016-DIS-TABLA	CALC-ENDIREH-PISOS-2016-DISCRIMINACION-0001	9478e84886d372142ff7635143516d9eca7faffd285934e6cca2e6f95c93ebd6	prueba_continuidad	octubre_2011_a_entrevista	entidad	10	PUBLICABLE	1607	546	0.04301554391580581	0.03404083527100872	0.0541152497826178	0.005344262163335603	329904.0	200	
RESULT-ENDIREH2016-DIS-TABLA	CALC-ENDIREH-PISOS-2016-DISCRIMINACION-0001	9478e84886d372142ff7635143516d9eca7faffd285934e6cca2e6f95c93ebd6	prueba_continuidad	octubre_2011_a_entrevista	entidad	11	PUBLICABLE	1755	493	0.03949640211565486	0.02945763723009948	0.051229264855328055	0.005271275402558038	1132888.0	200	
RESULT-ENDIREH2016-DIS-TABLA	CALC-ENDIREH-PISOS-2016-DISCRIMINACION-0001	9478e84886d372142ff7635143516d9eca7faffd285934e6cca2e6f95c93ebd6	prueba_continuidad	octubre_2011_a_entrevista	entidad	12	PUBLICABLE	1381	393	0.021200172988779253	0.01374678343518832	0.02904384273534073	0.0039588848643961685	552637.0	200	
RESULT-ENDIREH2016-DIS-TABLA	CALC-ENDIREH-PISOS-2016-DISCRIMINACION-0001	9478e84886d372142ff7635143516d9eca7faffd285934e6cca2e6f95c93ebd6	prueba_continuidad	octubre_2011_a_entrevista	entidad	13	PUBLICABLE	1632	334	0.02954832716162474	0.020568350103101454	0.039000775696669224	0.00530803894815798	540369.0	200	
RESULT-ENDIREH2016-DIS-TABLA	CALC-ENDIREH-PISOS-2016-DISCRIMINACION-0001	9478e84886d372142ff7635143516d9eca7faffd285934e6cca2e6f95c93ebd6	prueba_continuidad	octubre_2011_a_entrevista	entidad	14	PUBLICABLE	1998	563	0.04033469066726204	0.03137029692579037	0.05113417469785	0.005344550040373121	1764734.0	200	
RESULT-ENDIREH2016-DIS-TABLA	CALC-ENDIREH-PISOS-2016-DISCRIMINACION-0001	9478e84886d372142ff7635143516d9eca7faffd285934e6cca2e6f95c93ebd6	prueba_continuidad	octubre_2011_a_entrevista	entidad	15	PUBLICABLE	1810	669	0.036678533120017454	0.02824044946444274	0.046327730215151346	0.004794773050960914	3520288.0	200	
RESULT-ENDIREH2016-DIS-TABLA	CALC-ENDIREH-PISOS-2016-DISCRIMINACION-0001	9478e84886d372142ff7635143516d9eca7faffd285934e6cca2e6f95c93ebd6	prueba_continuidad	octubre_2011_a_entrevista	entidad	16	PUBLICABLE	1520	370	0.018302107335550676	0.011166134471363233	0.025270156369213145	0.0036590135152982225	775102.0	200	
RESULT-ENDIREH2016-DIS-TABLA	CALC-ENDIREH-PISOS-2016-DISCRIMINACION-0001	9478e84886d372142ff7635143516d9eca7faffd285934e6cca2e6f95c93ebd6	prueba_continuidad	octubre_2011_a_entrevista	entidad	17	PUBLICABLE	1805	538	0.0315136331175293	0.022533923555374053	0.038057467897327536	0.004090469639950697	427085.0	200	
RESULT-ENDIREH2016-DIS-TABLA	CALC-ENDIREH-PISOS-2016-DISCRIMINACION-0001	9478e84886d372142ff7635143516d9eca7faffd285934e6cca2e6f95c93ebd6	prueba_continuidad	octubre_2011_a_entrevista	entidad	18	PUBLICABLE	1727	436	0.022723384468259642	0.01497210686876014	0.028794559282235798	0.0037123434507188072	227959.0	200	
RESULT-ENDIREH2016-DIS-TABLA	CALC-ENDIREH-PISOS-2016-DISCRIMINACION-0001	9478e84886d372142ff7635143516d9eca7faffd285934e6cca2e6f95c93ebd6	prueba_continuidad	octubre_2011_a_entrevista	entidad	19	PUBLICABLE	1775	683	0.03503498073253769	0.025159343919289187	0.044245950116002034	0.005017921117809557	1069160.0	200	
RESULT-ENDIREH2016-DIS-TABLA	CALC-ENDIREH-PISOS-2016-DISCRIMINACION-0001	9478e84886d372142ff7635143516d9eca7faffd285934e6cca2e6f95c93ebd6	prueba_continuidad	octubre_2011_a_entrevista	entidad	20	PUBLICABLE	1456	326	0.018860934727647324	0.011656647930733904	0.025811076234464974	0.0037983809137712137	615452.0	200	
RESULT-ENDIREH2016-DIS-TABLA	CALC-ENDIREH-PISOS-2016-DISCRIMINACION-0001	9478e84886d372142ff7635143516d9eca7faffd285934e6cca2e6f95c93ebd6	prueba_continuidad	octubre_2011_a_entrevista	entidad	21	PUBLICABLE	2367	655	0.024336995531542286	0.01766002948360208	0.03220443640722271	0.003939510720707812	1146033.0	200	
RESULT-ENDIREH2016-DIS-TABLA	CALC-ENDIREH-PISOS-2016-DISCRIMINACION-0001	9478e84886d372142ff7635143516d9eca7faffd285934e6cca2e6f95c93ebd6	prueba_continuidad	octubre_2011_a_entrevista	entidad	22	PUBLICABLE	1957	554	0.038032296556989115	0.02979054251491976	0.04786935927723875	0.004523570851946255	446673.0	200	
RESULT-ENDIREH2016-DIS-TABLA	CALC-ENDIREH-PISOS-2016-DISCRIMINACION-0001	9478e84886d372142ff7635143516d9eca7faffd285934e6cca2e6f95c93ebd6	prueba_continuidad	octubre_2011_a_entrevista	entidad	23	PUBLICABLE	1748	648	0.05468932720043658	0.04355566755377419	0.06949424356987854	0.006311876553932661	333502.0	200	
RESULT-ENDIREH2016-DIS-TABLA	CALC-ENDIREH-PISOS-2016-DISCRIMINACION-0001	9478e84886d372142ff7635143516d9eca7faffd285934e6cca2e6f95c93ebd6	prueba_continuidad	octubre_2011_a_entrevista	entidad	24	PUBLICABLE	1643	492	0.03694746226989781	0.02829704682940948	0.050448176243305554	0.005606529453359366	495758.0	200	
RESULT-ENDIREH2016-DIS-TABLA	CALC-ENDIREH-PISOS-2016-DISCRIMINACION-0001	9478e84886d372142ff7635143516d9eca7faffd285934e6cca2e6f95c93ebd6	prueba_continuidad	octubre_2011_a_entrevista	entidad	25	PUBLICABLE	1934	516	0.04438065975416139	0.033190524538592225	0.05434023237748862	0.005189190523951234	622929.0	200	
RESULT-ENDIREH2016-DIS-TABLA	CALC-ENDIREH-PISOS-2016-DISCRIMINACION-0001	9478e84886d372142ff7635143516d9eca7faffd285934e6cca2e6f95c93ebd6	prueba_continuidad	octubre_2011_a_entrevista	entidad	26	PUBLICABLE	1835	589	0.04467142114926168	0.03524765578378881	0.05502005772794349	0.0053993431331044945	598593.0	200	
RESULT-ENDIREH2016-DIS-TABLA	CALC-ENDIREH-PISOS-2016-DISCRIMINACION-0001	9478e84886d372142ff7635143516d9eca7faffd285934e6cca2e6f95c93ebd6	prueba_continuidad	octubre_2011_a_entrevista	entidad	27	PUBLICABLE	1338	324	0.035352687001146854	0.02371033829479844	0.04721481174682411	0.005747664640144367	345292.0	200	
RESULT-ENDIREH2016-DIS-TABLA	CALC-ENDIREH-PISOS-2016-DISCRIMINACION-0001	9478e84886d372142ff7635143516d9eca7faffd285934e6cca2e6f95c93ebd6	prueba_continuidad	octubre_2011_a_entrevista	entidad	28	PUBLICABLE	1664	636	0.03157174201183765	0.024491930107974756	0.03949513848039613	0.004298376248652848	711459.0	200	
RESULT-ENDIREH2016-DIS-TABLA	CALC-ENDIREH-PISOS-2016-DISCRIMINACION-0001	9478e84886d372142ff7635143516d9eca7faffd285934e6cca2e6f95c93ebd6	prueba_continuidad	octubre_2011_a_entrevista	entidad	29	PUBLICABLE	1781	559	0.03332198829840683	0.02403075715785521	0.04296800836685258	0.005067085696375513	246804.0	200	
RESULT-ENDIREH2016-DIS-TABLA	CALC-ENDIREH-PISOS-2016-DISCRIMINACION-0001	9478e84886d372142ff7635143516d9eca7faffd285934e6cca2e6f95c93ebd6	prueba_continuidad	octubre_2011_a_entrevista	entidad	30	PUBLICABLE	1338	393	0.02886124452346279	0.019060309478343383	0.0384860249758352	0.005089339466759259	1290277.0	200	
RESULT-ENDIREH2016-DIS-TABLA	CALC-ENDIREH-PISOS-2016-DISCRIMINACION-0001	9478e84886d372142ff7635143516d9eca7faffd285934e6cca2e6f95c93ebd6	prueba_continuidad	octubre_2011_a_entrevista	entidad	31	PUBLICABLE	1717	529	0.029659061310473092	0.02213865534082365	0.03866873105603925	0.004514885512525279	437674.0	200	
RESULT-ENDIREH2016-DIS-TABLA	CALC-ENDIREH-PISOS-2016-DISCRIMINACION-0001	9478e84886d372142ff7635143516d9eca7faffd285934e6cca2e6f95c93ebd6	prueba_continuidad	octubre_2011_a_entrevista	entidad	32	PUBLICABLE	1462	377	0.023733413998054235	0.01691113084991967	0.03221350285497678	0.0038295672935941896	244634.0	200	
RESULT-ENDIREH2016-DIS-TABLA	CALC-ENDIREH-PISOS-2016-DISCRIMINACION-0001	9478e84886d372142ff7635143516d9eca7faffd285934e6cca2e6f95c93ebd6	prueba_alguna	octubre_2011_a_entrevista	nacional	MX	PUBLICABLE	55895	17001	0.11820519666766026	0.11444332786269439	0.12201414225402495	0.0020740245843672025	23748719.0	200	
RESULT-ENDIREH2016-DIS-TABLA	CALC-ENDIREH-PISOS-2016-DISCRIMINACION-0001	9478e84886d372142ff7635143516d9eca7faffd285934e6cca2e6f95c93ebd6	prueba_alguna	octubre_2011_a_entrevista	edad	15-29	PUBLICABLE	16956	10149	0.1338728840835613	0.12698112278611934	0.1402128359643155	0.003614816355717307	8106003.0	200	
RESULT-ENDIREH2016-DIS-TABLA	CALC-ENDIREH-PISOS-2016-DISCRIMINACION-0001	9478e84886d372142ff7635143516d9eca7faffd285934e6cca2e6f95c93ebd6	prueba_alguna	octubre_2011_a_entrevista	edad	30-44	PUBLICABLE	22301	11955	0.14779103707820007	0.14160882089126137	0.15430592330161347	0.003692795741621498	8662934.0	200	
RESULT-ENDIREH2016-DIS-TABLA	CALC-ENDIREH-PISOS-2016-DISCRIMINACION-0001	9478e84886d372142ff7635143516d9eca7faffd285934e6cca2e6f95c93ebd6	prueba_alguna	octubre_2011_a_entrevista	edad	45-59	PUBLICABLE	12821	8819	0.07462182206372897	0.06791093886979482	0.0821172860964172	0.004103806147747017	5468722.0	200	
RESULT-ENDIREH2016-DIS-TABLA	CALC-ENDIREH-PISOS-2016-DISCRIMINACION-0001	9478e84886d372142ff7635143516d9eca7faffd285934e6cca2e6f95c93ebd6	prueba_alguna	octubre_2011_a_entrevista	edad	60+	PUBLICABLE	3817	3237	0.022274429870422087	0.014470823975144272	0.029981057897138775	0.003750708757326702	1511060.0	200	
RESULT-ENDIREH2016-DIS-TABLA	CALC-ENDIREH-PISOS-2016-DISCRIMINACION-0001	9478e84886d372142ff7635143516d9eca7faffd285934e6cca2e6f95c93ebd6	prueba_alguna	octubre_2011_a_entrevista	escolaridad	ninguno	PUBLICABLE	1683	1437	0.016591531865994873	0.010808110529118231	0.02328775480641977	0.0032957065568014767	678780.0	200	
RESULT-ENDIREH2016-DIS-TABLA	CALC-ENDIREH-PISOS-2016-DISCRIMINACION-0001	9478e84886d372142ff7635143516d9eca7faffd285934e6cca2e6f95c93ebd6	prueba_alguna	octubre_2011_a_entrevista	escolaridad	basica	PUBLICABLE	28112	12234	0.10418621004997093	0.09922579507651423	0.10983534734441984	0.002679806073828068	11529904.0	200	
RESULT-ENDIREH2016-DIS-TABLA	CALC-ENDIREH-PISOS-2016-DISCRIMINACION-0001	9478e84886d372142ff7635143516d9eca7faffd285934e6cca2e6f95c93ebd6	prueba_alguna	octubre_2011_a_entrevista	escolaridad	media_superior	PUBLICABLE	12746	8713	0.14081642440696948	0.1328875567785217	0.14931339655794013	0.004515079713861768	5671462.0	200	
RESULT-ENDIREH2016-DIS-TABLA	CALC-ENDIREH-PISOS-2016-DISCRIMINACION-0001	9478e84886d372142ff7635143516d9eca7faffd285934e6cca2e6f95c93ebd6	prueba_alguna	octubre_2011_a_entrevista	escolaridad	superior	PUBLICABLE	13352	8635	0.1356129446961605	0.12797795338894724	0.1443046871965306	0.004426926001178725	5868164.0	200	
RESULT-ENDIREH2016-DIS-TABLA	CALC-ENDIREH-PISOS-2016-DISCRIMINACION-0001	9478e84886d372142ff7635143516d9eca7faffd285934e6cca2e6f95c93ebd6	prueba_alguna	octubre_2011_a_entrevista	localidad	U	PUBLICABLE	33153	13627	0.13726200722811668	0.13299024081452712	0.1428677988768233	0.0025515101555942474	15164116.0	200	
RESULT-ENDIREH2016-DIS-TABLA	CALC-ENDIREH-PISOS-2016-DISCRIMINACION-0001	9478e84886d372142ff7635143516d9eca7faffd285934e6cca2e6f95c93ebd6	prueba_alguna	octubre_2011_a_entrevista	localidad	C	PUBLICABLE	14033	1789	0.09047114955367654	0.08384948162227338	0.09743222289901501	0.0035044772546818067	5308930.0	200	
RESULT-ENDIREH2016-DIS-TABLA	CALC-ENDIREH-PISOS-2016-DISCRIMINACION-0001	9478e84886d372142ff7635143516d9eca7faffd285934e6cca2e6f95c93ebd6	prueba_alguna	octubre_2011_a_entrevista	localidad	R	PUBLICABLE	8709	1585	0.07493421962448632	0.06610899458137065	0.0830910061044642	0.004237660679441403	3275673.0	200	
RESULT-ENDIREH2016-DIS-TABLA	CALC-ENDIREH-PISOS-2016-DISCRIMINACION-0001	9478e84886d372142ff7635143516d9eca7faffd285934e6cca2e6f95c93ebd6	prueba_alguna	octubre_2011_a_entrevista	pareja	A1	PUBLICABLE	33307	14368	0.12169302159788398	0.1160680221509595	0.12561584136500914	0.002699911676851566	12052014.0	200	
RESULT-ENDIREH2016-DIS-TABLA	CALC-ENDIREH-PISOS-2016-DISCRIMINACION-0001	9478e84886d372142ff7635143516d9eca7faffd285934e6cca2e6f95c93ebd6	prueba_alguna	octubre_2011_a_entrevista	pareja	A2	PUBLICABLE	1076	1003	0.09110722997647262	0.07278496171124815	0.1145680092669864	0.010299998888031991	484967.0	200	
RESULT-ENDIREH2016-DIS-TABLA	CALC-ENDIREH-PISOS-2016-DISCRIMINACION-0001	9478e84886d372142ff7635143516d9eca7faffd285934e6cca2e6f95c93ebd6	prueba_alguna	octubre_2011_a_entrevista	pareja	B1	PUBLICABLE	8237	6296	0.14393138087735044	0.13246758325723984	0.15779481487901792	0.006265324156069315	3745778.0	200	
RESULT-ENDIREH2016-DIS-TABLA	CALC-ENDIREH-PISOS-2016-DISCRIMINACION-0001	9478e84886d372142ff7635143516d9eca7faffd285934e6cca2e6f95c93ebd6	prueba_alguna	octubre_2011_a_entrevista	pareja	B2	PUBLICABLE	2498	2221	0.050237739411614066	0.03879498143212903	0.0662005905720647	0.007168348753904098	1046524.0	200	
RESULT-ENDIREH2016-DIS-TABLA	CALC-ENDIREH-PISOS-2016-DISCRIMINACION-0001	9478e84886d372142ff7635143516d9eca7faffd285934e6cca2e6f95c93ebd6	prueba_alguna	octubre_2011_a_entrevista	pareja	C1	PUBLICABLE	9108	6935	0.11663075976522705	0.10877415070787097	0.12577338127613988	0.004250005441374256	5482233.0	200	
RESULT-ENDIREH2016-DIS-TABLA	CALC-ENDIREH-PISOS-2016-DISCRIMINACION-0001	9478e84886d372142ff7635143516d9eca7faffd285934e6cca2e6f95c93ebd6	prueba_alguna	octubre_2011_a_entrevista	pareja	C2	PUBLICABLE	1669	1546	0.0696594014317069	0.05262142818031513	0.09133725466932006	0.00960187190300589	937203.0	200	
RESULT-ENDIREH2016-DIS-TABLA	CALC-ENDIREH-PISOS-2016-DISCRIMINACION-0001	9478e84886d372142ff7635143516d9eca7faffd285934e6cca2e6f95c93ebd6	prueba_alguna	octubre_2011_a_entrevista	entidad	01	PUBLICABLE	2029	643	0.09326602207581074	0.07926348397770043	0.10661134193970889	0.0073343727952259455	280488.0	200	
RESULT-ENDIREH2016-DIS-TABLA	CALC-ENDIREH-PISOS-2016-DISCRIMINACION-0001	9478e84886d372142ff7635143516d9eca7faffd285934e6cca2e6f95c93ebd6	prueba_alguna	octubre_2011_a_entrevista	entidad	02	PUBLICABLE	2010	683	0.2547095630577195	0.2288092942071202	0.27757985451068895	0.012424292090025468	810107.0	200	
RESULT-ENDIREH2016-DIS-TABLA	CALC-ENDIREH-PISOS-2016-DISCRIMINACION-0001	9478e84886d372142ff7635143516d9eca7faffd285934e6cca2e6f95c93ebd6	prueba_alguna	octubre_2011_a_entrevista	entidad	03	PUBLICABLE	1803	431	0.10400144645618235	0.09039113127769893	0.11880712352215216	0.007778561334038846	160392.0	200	
RESULT-ENDIREH2016-DIS-TABLA	CALC-ENDIREH-PISOS-2016-DISCRIMINACION-0001	9478e84886d372142ff7635143516d9eca7faffd285934e6cca2e6f95c93ebd6	prueba_alguna	octubre_2011_a_entrevista	entidad	04	PUBLICABLE	1641	526	0.08494456957322959	0.070805108635712	0.10023883672425599	0.00783041122356522	170935.0	200	
RESULT-ENDIREH2016-DIS-TABLA	CALC-ENDIREH-PISOS-2016-DISCRIMINACION-0001	9478e84886d372142ff7635143516d9eca7faffd285934e6cca2e6f95c93ebd6	prueba_alguna	octubre_2011_a_entrevista	entidad	05	PUBLICABLE	1950	665	0.20445993570624785	0.1854985829036782	0.22383679033230172	0.01053575044435458	620278.0	200	
RESULT-ENDIREH2016-DIS-TABLA	CALC-ENDIREH-PISOS-2016-DISCRIMINACION-0001	9478e84886d372142ff7635143516d9eca7faffd285934e6cca2e6f95c93ebd6	prueba_alguna	octubre_2011_a_entrevista	entidad	06	PUBLICABLE	2022	593	0.06502784893422012	0.05256927165923241	0.07764120722886439	0.00643048282351353	170204.0	200	
RESULT-ENDIREH2016-DIS-TABLA	CALC-ENDIREH-PISOS-2016-DISCRIMINACION-0001	9478e84886d372142ff7635143516d9eca7faffd285934e6cca2e6f95c93ebd6	prueba_alguna	octubre_2011_a_entrevista	entidad	07	PUBLICABLE	1169	337	0.10438525692762982	0.08651459187641289	0.12021013639927156	0.009079868340126099	602154.0	200	
RESULT-ENDIREH2016-DIS-TABLA	CALC-ENDIREH-PISOS-2016-DISCRIMINACION-0001	9478e84886d372142ff7635143516d9eca7faffd285934e6cca2e6f95c93ebd6	prueba_alguna	octubre_2011_a_entrevista	entidad	08	PUBLICABLE	1869	652	0.28139775801332695	0.25509434943639325	0.3086424886939471	0.013016668033851384	819541.0	200	
RESULT-ENDIREH2016-DIS-TABLA	CALC-ENDIREH-PISOS-2016-DISCRIMINACION-0001	9478e84886d372142ff7635143516d9eca7faffd285934e6cca2e6f95c93ebd6	prueba_alguna	octubre_2011_a_entrevista	entidad	09	PUBLICABLE	2152	848	0.09712183633754187	0.08237517852158344	0.1134829072983954	0.008278847854651791	2239414.0	200	
RESULT-ENDIREH2016-DIS-TABLA	CALC-ENDIREH-PISOS-2016-DISCRIMINACION-0001	9478e84886d372142ff7635143516d9eca7faffd285934e6cca2e6f95c93ebd6	prueba_alguna	octubre_2011_a_entrevista	entidad	10	PUBLICABLE	1607	546	0.16237147776322808	0.1394890411824077	0.1853921334533458	0.011279208591387138	329904.0	200	
RESULT-ENDIREH2016-DIS-TABLA	CALC-ENDIREH-PISOS-2016-DISCRIMINACION-0001	9478e84886d372142ff7635143516d9eca7faffd285934e6cca2e6f95c93ebd6	prueba_alguna	octubre_2011_a_entrevista	entidad	11	PUBLICABLE	1755	493	0.08498457040766608	0.07302663461725628	0.09979608932399983	0.007032447635138669	1132888.0	200	
RESULT-ENDIREH2016-DIS-TABLA	CALC-ENDIREH-PISOS-2016-DISCRIMINACION-0001	9478e84886d372142ff7635143516d9eca7faffd285934e6cca2e6f95c93ebd6	prueba_alguna	octubre_2011_a_entrevista	entidad	12	PUBLICABLE	1381	393	0.06362766155722473	0.05168291715414825	0.07938685072412657	0.00773413072914394	552637.0	200	
RESULT-ENDIREH2016-DIS-TABLA	CALC-ENDIREH-PISOS-2016-DISCRIMINACION-0001	9478e84886d372142ff7635143516d9eca7faffd285934e6cca2e6f95c93ebd6	prueba_alguna	octubre_2011_a_entrevista	entidad	13	PUBLICABLE	1632	334	0.06626212828641169	0.05259712618889213	0.07952353322063045	0.007140733166876047	540369.0	200	
RESULT-ENDIREH2016-DIS-TABLA	CALC-ENDIREH-PISOS-2016-DISCRIMINACION-0001	9478e84886d372142ff7635143516d9eca7faffd285934e6cca2e6f95c93ebd6	prueba_alguna	octubre_2011_a_entrevista	entidad	14	PUBLICABLE	1998	563	0.13025419128321888	0.11206137321363402	0.15048674731752432	0.009912308100203902	1764734.0	200	
RESULT-ENDIREH2016-DIS-TABLA	CALC-ENDIREH-PISOS-2016-DISCRIMINACION-0001	9478e84886d372142ff7635143516d9eca7faffd285934e6cca2e6f95c93ebd6	prueba_alguna	octubre_2011_a_entrevista	entidad	15	PUBLICABLE	1810	669	0.10386110454599169	0.08660664650918325	0.11971580727120958	0.008562260918415863	3520288.0	200	
RESULT-ENDIREH2016-DIS-TABLA	CALC-ENDIREH-PISOS-2016-DISCRIMINACION-0001	9478e84886d372142ff7635143516d9eca7faffd285934e6cca2e6f95c93ebd6	prueba_alguna	octubre_2011_a_entrevista	entidad	16	PUBLICABLE	1520	370	0.062315669421572906	0.050554661385017054	0.07558081206830908	0.006843636354993964	775102.0	200	
RESULT-ENDIREH2016-DIS-TABLA	CALC-ENDIREH-PISOS-2016-DISCRIMINACION-0001	9478e84886d372142ff7635143516d9eca7faffd285934e6cca2e6f95c93ebd6	prueba_alguna	octubre_2011_a_entrevista	entidad	17	PUBLICABLE	1805	538	0.09636489223456689	0.08288577120533998	0.1095913537321543	0.007045373846697252	427085.0	200	
RESULT-ENDIREH2016-DIS-TABLA	CALC-ENDIREH-PISOS-2016-DISCRIMINACION-0001	9478e84886d372142ff7635143516d9eca7faffd285934e6cca2e6f95c93ebd6	prueba_alguna	octubre_2011_a_entrevista	entidad	18	PUBLICABLE	1727	436	0.09676740115547094	0.08016435459858476	0.11121528480731079	0.00848194635304628	227959.0	200	
RESULT-ENDIREH2016-DIS-TABLA	CALC-ENDIREH-PISOS-2016-DISCRIMINACION-0001	9478e84886d372142ff7635143516d9eca7faffd285934e6cca2e6f95c93ebd6	prueba_alguna	octubre_2011_a_entrevista	entidad	19	PUBLICABLE	1775	683	0.114068988738823	0.09776619063803604	0.13101489596810528	0.009178323500765737	1069160.0	200	
RESULT-ENDIREH2016-DIS-TABLA	CALC-ENDIREH-PISOS-2016-DISCRIMINACION-0001	9478e84886d372142ff7635143516d9eca7faffd285934e6cca2e6f95c93ebd6	prueba_alguna	octubre_2011_a_entrevista	entidad	20	PUBLICABLE	1456	326	0.07106321857756576	0.05549150030234402	0.08532684124519002	0.007868923348737556	615452.0	200	
RESULT-ENDIREH2016-DIS-TABLA	CALC-ENDIREH-PISOS-2016-DISCRIMINACION-0001	9478e84886d372142ff7635143516d9eca7faffd285934e6cca2e6f95c93ebd6	prueba_alguna	octubre_2011_a_entrevista	entidad	21	PUBLICABLE	2367	655	0.0784872686912157	0.06514691612786987	0.09052841659729366	0.006384937299953331	1146033.0	200	
RESULT-ENDIREH2016-DIS-TABLA	CALC-ENDIREH-PISOS-2016-DISCRIMINACION-0001	9478e84886d372142ff7635143516d9eca7faffd285934e6cca2e6f95c93ebd6	prueba_alguna	octubre_2011_a_entrevista	entidad	22	PUBLICABLE	1957	554	0.1351391286242956	0.11544612662559293	0.1532934999883772	0.009590041265306104	446673.0	200	
RESULT-ENDIREH2016-DIS-TABLA	CALC-ENDIREH-PISOS-2016-DISCRIMINACION-0001	9478e84886d372142ff7635143516d9eca7faffd285934e6cca2e6f95c93ebd6	prueba_alguna	octubre_2011_a_entrevista	entidad	23	PUBLICABLE	1748	648	0.1210217629879281	0.10621413954794667	0.14500889061542524	0.00939174414364941	333502.0	200	
RESULT-ENDIREH2016-DIS-TABLA	CALC-ENDIREH-PISOS-2016-DISCRIMINACION-0001	9478e84886d372142ff7635143516d9eca7faffd285934e6cca2e6f95c93ebd6	prueba_alguna	octubre_2011_a_entrevista	entidad	24	PUBLICABLE	1643	492	0.11354935270837788	0.10001347969873023	0.1308115069444928	0.008083266467890511	495758.0	200	
RESULT-ENDIREH2016-DIS-TABLA	CALC-ENDIREH-PISOS-2016-DISCRIMINACION-0001	9478e84886d372142ff7635143516d9eca7faffd285934e6cca2e6f95c93ebd6	prueba_alguna	octubre_2011_a_entrevista	entidad	25	PUBLICABLE	1934	516	0.12475739610774261	0.1094155136421375	0.14041562435142263	0.008216004361670866	622929.0	200	
RESULT-ENDIREH2016-DIS-TABLA	CALC-ENDIREH-PISOS-2016-DISCRIMINACION-0001	9478e84886d372142ff7635143516d9eca7faffd285934e6cca2e6f95c93ebd6	prueba_alguna	octubre_2011_a_entrevista	entidad	26	PUBLICABLE	1835	589	0.18870250737980565	0.16826661131597892	0.2068778664826962	0.01079430963397096	598593.0	200	
RESULT-ENDIREH2016-DIS-TABLA	CALC-ENDIREH-PISOS-2016-DISCRIMINACION-0001	9478e84886d372142ff7635143516d9eca7faffd285934e6cca2e6f95c93ebd6	prueba_alguna	octubre_2011_a_entrevista	entidad	27	PUBLICABLE	1338	324	0.10720202031903432	0.09135288328200221	0.12468861395615868	0.008673517466882564	345292.0	200	
RESULT-ENDIREH2016-DIS-TABLA	CALC-ENDIREH-PISOS-2016-DISCRIMINACION-0001	9478e84886d372142ff7635143516d9eca7faffd285934e6cca2e6f95c93ebd6	prueba_alguna	octubre_2011_a_entrevista	entidad	28	PUBLICABLE	1664	636	0.1659308547646456	0.14843324671774508	0.1847181224799718	0.009661885010187776	711459.0	200	
RESULT-ENDIREH2016-DIS-TABLA	CALC-ENDIREH-PISOS-2016-DISCRIMINACION-0001	9478e84886d372142ff7635143516d9eca7faffd285934e6cca2e6f95c93ebd6	prueba_alguna	octubre_2011_a_entrevista	entidad	29	PUBLICABLE	1781	559	0.07784314678854476	0.06445264295662959	0.09162948880869554	0.006887586450207611	246804.0	200	
RESULT-ENDIREH2016-DIS-TABLA	CALC-ENDIREH-PISOS-2016-DISCRIMINACION-0001	9478e84886d372142ff7635143516d9eca7faffd285934e6cca2e6f95c93ebd6	prueba_alguna	octubre_2011_a_entrevista	entidad	30	PUBLICABLE	1338	393	0.10002270830217078	0.08302650116052523	0.11945631146335874	0.009261948945205281	1290277.0	200	
RESULT-ENDIREH2016-DIS-TABLA	CALC-ENDIREH-PISOS-2016-DISCRIMINACION-0001	9478e84886d372142ff7635143516d9eca7faffd285934e6cca2e6f95c93ebd6	prueba_alguna	octubre_2011_a_entrevista	entidad	31	PUBLICABLE	1717	529	0.09961980835050746	0.08328289346935468	0.11646782264535817	0.00848155456273523	437674.0	200	
RESULT-ENDIREH2016-DIS-TABLA	CALC-ENDIREH-PISOS-2016-DISCRIMINACION-0001	9478e84886d372142ff7635143516d9eca7faffd285934e6cca2e6f95c93ebd6	prueba_alguna	octubre_2011_a_entrevista	entidad	32	PUBLICABLE	1462	377	0.06775427781910937	0.05523558993183197	0.08109397113249861	0.007028943270121193	244634.0	200	
RESULT-ENDIREH2016-DIS-TABLA	CALC-ENDIREH-PISOS-2016-DISCRIMINACION-0001	9478e84886d372142ff7635143516d9eca7faffd285934e6cca2e6f95c93ebd6	despido_embarazo	octubre_2011_a_entrevista	nacional	MX	PUBLICABLE	22844	11223	0.03142526267943488	0.02811619114809693	0.035114307347139974	0.0018950528588013375	8839767.0	200	
RESULT-ENDIREH2016-DIS-TABLA	CALC-ENDIREH-PISOS-2016-DISCRIMINACION-0001	9478e84886d372142ff7635143516d9eca7faffd285934e6cca2e6f95c93ebd6	despido_embarazo	octubre_2011_a_entrevista	edad	15-29	PUBLICABLE	8925	6326	0.037234338340188085	0.03001175378745133	0.042980056434363416	0.0034018900691405105	3740472.0	200	
RESULT-ENDIREH2016-DIS-TABLA	CALC-ENDIREH-PISOS-2016-DISCRIMINACION-0001	9478e84886d372142ff7635143516d9eca7faffd285934e6cca2e6f95c93ebd6	despido_embarazo	octubre_2011_a_entrevista	edad	30-44	PUBLICABLE	10032	6862	0.032708023768915635	0.02734592244363765	0.03769983763599271	0.0027789957161138035	3551361.0	200	
RESULT-ENDIREH2016-DIS-TABLA	CALC-ENDIREH-PISOS-2016-DISCRIMINACION-0001	9478e84886d372142ff7635143516d9eca7faffd285934e6cca2e6f95c93ebd6	despido_embarazo	octubre_2011_a_entrevista	edad	45-59	PUBLICABLE	3037	2521	0.016708226332700634	0.011321756614489704	0.024426439865254734	0.0033850969635297237	1209105.0	200	
RESULT-ENDIREH2016-DIS-TABLA	CALC-ENDIREH-PISOS-2016-DISCRIMINACION-0001	9478e84886d372142ff7635143516d9eca7faffd285934e6cca2e6f95c93ebd6	despido_embarazo	octubre_2011_a_entrevista	edad	60+	SUPRIMIDA	850	762						0	precision
RESULT-ENDIREH2016-DIS-TABLA	CALC-ENDIREH-PISOS-2016-DISCRIMINACION-0001	9478e84886d372142ff7635143516d9eca7faffd285934e6cca2e6f95c93ebd6	despido_embarazo	octubre_2011_a_entrevista	escolaridad	ninguno	SUPRIMIDA	528	457						0	precision
RESULT-ENDIREH2016-DIS-TABLA	CALC-ENDIREH-PISOS-2016-DISCRIMINACION-0001	9478e84886d372142ff7635143516d9eca7faffd285934e6cca2e6f95c93ebd6	despido_embarazo	octubre_2011_a_entrevista	escolaridad	basica	PUBLICABLE	11106	6676	0.029009006184073233	0.023723366274544525	0.033854832684262134	0.002675989595683884	4273397.0	200	
RESULT-ENDIREH2016-DIS-TABLA	CALC-ENDIREH-PISOS-2016-DISCRIMINACION-0001	9478e84886d372142ff7635143516d9eca7faffd285934e6cca2e6f95c93ebd6	despido_embarazo	octubre_2011_a_entrevista	escolaridad	media_superior	PUBLICABLE	5650	4482	0.03991794641836026	0.0320080382885859	0.048544766978455486	0.004261848670226998	2212213.0	200	
RESULT-ENDIREH2016-DIS-TABLA	CALC-ENDIREH-PISOS-2016-DISCRIMINACION-0001	9478e84886d372142ff7635143516d9eca7faffd285934e6cca2e6f95c93ebd6	despido_embarazo	octubre_2011_a_entrevista	escolaridad	superior	PUBLICABLE	5559	4377	0.029091608998112074	0.023361699243552345	0.03610114822035011	0.0033847754982222608	2145739.0	200	
RESULT-ENDIREH2016-DIS-TABLA	CALC-ENDIREH-PISOS-2016-DISCRIMINACION-0001	9478e84886d372142ff7635143516d9eca7faffd285934e6cca2e6f95c93ebd6	despido_embarazo	octubre_2011_a_entrevista	localidad	U	PUBLICABLE	12821	8226	0.03678823574299328	0.03195525068860722	0.04206377233262719	0.002726598060963873	5294274.0	200	
RESULT-ENDIREH2016-DIS-TABLA	CALC-ENDIREH-PISOS-2016-DISCRIMINACION-0001	9478e84886d372142ff7635143516d9eca7faffd285934e6cca2e6f95c93ebd6	despido_embarazo	octubre_2011_a_entrevista	localidad	C	PUBLICABLE	6149	1659	0.024158595779299886	0.019255964318139238	0.030126902415872254	0.0028782575497934807	2154761.0	200	
RESULT-ENDIREH2016-DIS-TABLA	CALC-ENDIREH-PISOS-2016-DISCRIMINACION-0001	9478e84886d372142ff7635143516d9eca7faffd285934e6cca2e6f95c93ebd6	despido_embarazo	octubre_2011_a_entrevista	localidad	R	PUBLICABLE	3874	1338	0.022268129301691482	0.017316239514329923	0.02805401099250091	0.002970785536176985	1390732.0	200	
RESULT-ENDIREH2016-DIS-TABLA	CALC-ENDIREH-PISOS-2016-DISCRIMINACION-0001	9478e84886d372142ff7635143516d9eca7faffd285934e6cca2e6f95c93ebd6	despido_embarazo	octubre_2011_a_entrevista	pareja	A1	PUBLICABLE	15657	9177	0.032791248453573146	0.029207538099353135	0.037150376884590344	0.002047608102087644	5286380.0	200	
RESULT-ENDIREH2016-DIS-TABLA	CALC-ENDIREH-PISOS-2016-DISCRIMINACION-0001	9478e84886d372142ff7635143516d9eca7faffd285934e6cca2e6f95c93ebd6	despido_embarazo	octubre_2011_a_entrevista	pareja	A2	SUPRIMIDA	505	479						0	precision
RESULT-ENDIREH2016-DIS-TABLA	CALC-ENDIREH-PISOS-2016-DISCRIMINACION-0001	9478e84886d372142ff7635143516d9eca7faffd285934e6cca2e6f95c93ebd6	despido_embarazo	octubre_2011_a_entrevista	pareja	B1	PUBLICABLE	3035	2616	0.040575980747484704	0.030490169658888986	0.053590695190593125	0.0060635608467136054	1379560.0	200	
RESULT-ENDIREH2016-DIS-TABLA	CALC-ENDIREH-PISOS-2016-DISCRIMINACION-0001	9478e84886d372142ff7635143516d9eca7faffd285934e6cca2e6f95c93ebd6	despido_embarazo	octubre_2011_a_entrevista	pareja	B2	SUPRIMIDA	612	575						0	precision
RESULT-ENDIREH2016-DIS-TABLA	CALC-ENDIREH-PISOS-2016-DISCRIMINACION-0001	9478e84886d372142ff7635143516d9eca7faffd285934e6cca2e6f95c93ebd6	despido_embarazo	octubre_2011_a_entrevista	pareja	C1	PUBLICABLE	2619	2299	0.027394132153373777	0.01895845040404007	0.036117245792550566	0.004662646400924818	1462649.0	200	
RESULT-ENDIREH2016-DIS-TABLA	CALC-ENDIREH-PISOS-2016-DISCRIMINACION-0001	9478e84886d372142ff7635143516d9eca7faffd285934e6cca2e6f95c93ebd6	despido_embarazo	octubre_2011_a_entrevista	pareja	C2	SUPRIMIDA	416	398						0	precision
RESULT-ENDIREH2016-DIS-TABLA	CALC-ENDIREH-PISOS-2016-DISCRIMINACION-0001	9478e84886d372142ff7635143516d9eca7faffd285934e6cca2e6f95c93ebd6	despido_embarazo	octubre_2011_a_entrevista	entidad	01	PUBLICABLE	871	436	0.03149025428624757	0.01903567442183074	0.043739159069444755	0.006195698634937922	112511.0	200	
RESULT-ENDIREH2016-DIS-TABLA	CALC-ENDIREH-PISOS-2016-DISCRIMINACION-0001	9478e84886d372142ff7635143516d9eca7faffd285934e6cca2e6f95c93ebd6	despido_embarazo	octubre_2011_a_entrevista	entidad	02	PUBLICABLE	867	463	0.01789465908251459	0.010605022972091286	0.028322281674151118	0.004535377050018624	338425.0	200	
RESULT-ENDIREH2016-DIS-TABLA	CALC-ENDIREH-PISOS-2016-DISCRIMINACION-0001	9478e84886d372142ff7635143516d9eca7faffd285934e6cca2e6f95c93ebd6	despido_embarazo	octubre_2011_a_entrevista	entidad	03	PUBLICABLE	940	333	0.02426258970965039	0.013760978409350366	0.03485044889581591	0.005773127785565121	82349.0	200	
RESULT-ENDIREH2016-DIS-TABLA	CALC-ENDIREH-PISOS-2016-DISCRIMINACION-0001	9478e84886d372142ff7635143516d9eca7faffd285934e6cca2e6f95c93ebd6	despido_embarazo	octubre_2011_a_entrevista	entidad	04	PUBLICABLE	701	351	0.025433262606268603	0.012082491150761541	0.04197023682000071	0.007540172392523943	70223.0	200	
RESULT-ENDIREH2016-DIS-TABLA	CALC-ENDIREH-PISOS-2016-DISCRIMINACION-0001	9478e84886d372142ff7635143516d9eca7faffd285934e6cca2e6f95c93ebd6	despido_embarazo	octubre_2011_a_entrevista	entidad	05	PUBLICABLE	783	434	0.04022421998942358	0.02639012931431476	0.056790779206650537	0.007940696761600023	236375.0	200	
RESULT-ENDIREH2016-DIS-TABLA	CALC-ENDIREH-PISOS-2016-DISCRIMINACION-0001	9478e84886d372142ff7635143516d9eca7faffd285934e6cca2e6f95c93ebd6	despido_embarazo	octubre_2011_a_entrevista	entidad	06	PUBLICABLE	884	429	0.018397198768813714	0.010879930336263144	0.026934238194497008	0.004071977194895548	70826.0	200	
RESULT-ENDIREH2016-DIS-TABLA	CALC-ENDIREH-PISOS-2016-DISCRIMINACION-0001	9478e84886d372142ff7635143516d9eca7faffd285934e6cca2e6f95c93ebd6	despido_embarazo	octubre_2011_a_entrevista	entidad	07	PUBLICABLE	632	252	0.019024618800096853	0.009798756821707097	0.028888970046166654	0.005169219278261757	318009.0	200	
RESULT-ENDIREH2016-DIS-TABLA	CALC-ENDIREH-PISOS-2016-DISCRIMINACION-0001	9478e84886d372142ff7635143516d9eca7faffd285934e6cca2e6f95c93ebd6	despido_embarazo	octubre_2011_a_entrevista	entidad	08	PUBLICABLE	679	407	0.04106395264905442	0.025245708571218543	0.06048090760798364	0.009142252601973063	277080.0	200	
RESULT-ENDIREH2016-DIS-TABLA	CALC-ENDIREH-PISOS-2016-DISCRIMINACION-0001	9478e84886d372142ff7635143516d9eca7faffd285934e6cca2e6f95c93ebd6	despido_embarazo	octubre_2011_a_entrevista	entidad	09	PUBLICABLE	639	433	0.0348738948062604	0.023294579421813615	0.049886489495660845	0.006708974070917063	652035.0	200	
RESULT-ENDIREH2016-DIS-TABLA	CALC-ENDIREH-PISOS-2016-DISCRIMINACION-0001	9478e84886d372142ff7635143516d9eca7faffd285934e6cca2e6f95c93ebd6	despido_embarazo	octubre_2011_a_entrevista	entidad	10	PUBLICABLE	657	354	0.02771450265755505	0.017056014620485095	0.0400583030299712	0.006101408743629212	129066.0	200	
RESULT-ENDIREH2016-DIS-TABLA	CALC-ENDIREH-PISOS-2016-DISCRIMINACION-0001	9478e84886d372142ff7635143516d9eca7faffd285934e6cca2e6f95c93ebd6	despido_embarazo	octubre_2011_a_entrevista	entidad	11	PUBLICABLE	650	328	0.061163347262031625	0.04283585965515442	0.08450863329677359	0.010409899126165228	393193.0	200	
RESULT-ENDIREH2016-DIS-TABLA	CALC-ENDIREH-PISOS-2016-DISCRIMINACION-0001	9478e84886d372142ff7635143516d9eca7faffd285934e6cca2e6f95c93ebd6	despido_embarazo	octubre_2011_a_entrevista	entidad	12	PUBLICABLE	698	280	0.020434827867175414	0.01058713290526901	0.031937610045596046	0.005794074543155426	278593.0	200	
RESULT-ENDIREH2016-DIS-TABLA	CALC-ENDIREH-PISOS-2016-DISCRIMINACION-0001	9478e84886d372142ff7635143516d9eca7faffd285934e6cca2e6f95c93ebd6	despido_embarazo	octubre_2011_a_entrevista	entidad	13	PUBLICABLE	661	239	0.043468713601038746	0.02595244711173491	0.06160254662403435	0.009728485132186345	209484.0	200	
RESULT-ENDIREH2016-DIS-TABLA	CALC-ENDIREH-PISOS-2016-DISCRIMINACION-0001	9478e84886d372142ff7635143516d9eca7faffd285934e6cca2e6f95c93ebd6	despido_embarazo	octubre_2011_a_entrevista	entidad	14	PUBLICABLE	752	377	0.049321348212827014	0.02948742329226081	0.06501090799343014	0.009331708705528262	618211.0	200	
RESULT-ENDIREH2016-DIS-TABLA	CALC-ENDIREH-PISOS-2016-DISCRIMINACION-0001	9478e84886d372142ff7635143516d9eca7faffd285934e6cca2e6f95c93ebd6	despido_embarazo	octubre_2011_a_entrevista	entidad	15	PUBLICABLE	604	360	0.04276450589819061	0.02666663692671213	0.060088523761885844	0.008891835594461607	1095675.0	200	
RESULT-ENDIREH2016-DIS-TABLA	CALC-ENDIREH-PISOS-2016-DISCRIMINACION-0001	9478e84886d372142ff7635143516d9eca7faffd285934e6cca2e6f95c93ebd6	despido_embarazo	octubre_2011_a_entrevista	entidad	16	SUPRIMIDA	589	249						0	precision
RESULT-ENDIREH2016-DIS-TABLA	CALC-ENDIREH-PISOS-2016-DISCRIMINACION-0001	9478e84886d372142ff7635143516d9eca7faffd285934e6cca2e6f95c93ebd6	despido_embarazo	octubre_2011_a_entrevista	entidad	17	SUPRIMIDA	658	321						0	precision
RESULT-ENDIREH2016-DIS-TABLA	CALC-ENDIREH-PISOS-2016-DISCRIMINACION-0001	9478e84886d372142ff7635143516d9eca7faffd285934e6cca2e6f95c93ebd6	despido_embarazo	octubre_2011_a_entrevista	entidad	18	PUBLICABLE	812	322	0.019952862781474505	0.011894477777163749	0.029818088403711872	0.005007110524370609	105649.0	200	
RESULT-ENDIREH2016-DIS-TABLA	CALC-ENDIREH-PISOS-2016-DISCRIMINACION-0001	9478e84886d372142ff7635143516d9eca7faffd285934e6cca2e6f95c93ebd6	despido_embarazo	octubre_2011_a_entrevista	entidad	19	PUBLICABLE	734	427	0.021673544730932477	0.01196992335891254	0.031612084635848886	0.005543101887991998	425265.0	200	
RESULT-ENDIREH2016-DIS-TABLA	CALC-ENDIREH-PISOS-2016-DISCRIMINACION-0001	9478e84886d372142ff7635143516d9eca7faffd285934e6cca2e6f95c93ebd6	despido_embarazo	octubre_2011_a_entrevista	entidad	20	SUPRIMIDA	607	249						0	precision
RESULT-ENDIREH2016-DIS-TABLA	CALC-ENDIREH-PISOS-2016-DISCRIMINACION-0001	9478e84886d372142ff7635143516d9eca7faffd285934e6cca2e6f95c93ebd6	despido_embarazo	octubre_2011_a_entrevista	entidad	21	PUBLICABLE	972	437	0.02094809691507037	0.012588403278074806	0.03565106268008222	0.005864246500286128	473074.0	200	
RESULT-ENDIREH2016-DIS-TABLA	CALC-ENDIREH-PISOS-2016-DISCRIMINACION-0001	9478e84886d372142ff7635143516d9eca7faffd285934e6cca2e6f95c93ebd6	despido_embarazo	octubre_2011_a_entrevista	entidad	22	PUBLICABLE	795	374	0.040661678012596056	0.027321399729992698	0.05617217965599634	0.007512506137923647	168783.0	200	
RESULT-ENDIREH2016-DIS-TABLA	CALC-ENDIREH-PISOS-2016-DISCRIMINACION-0001	9478e84886d372142ff7635143516d9eca7faffd285934e6cca2e6f95c93ebd6	despido_embarazo	octubre_2011_a_entrevista	entidad	23	PUBLICABLE	629	383	0.03305329719963866	0.019405677785489534	0.04712972893604909	0.006893101550603821	110700.0	200	
RESULT-ENDIREH2016-DIS-TABLA	CALC-ENDIREH-PISOS-2016-DISCRIMINACION-0001	9478e84886d372142ff7635143516d9eca7faffd285934e6cca2e6f95c93ebd6	despido_embarazo	octubre_2011_a_entrevista	entidad	24	PUBLICABLE	569	316	0.022096131812973974	0.01151692439577986	0.03293334672849369	0.005983492095295297	164961.0	200	
RESULT-ENDIREH2016-DIS-TABLA	CALC-ENDIREH-PISOS-2016-DISCRIMINACION-0001	9478e84886d372142ff7635143516d9eca7faffd285934e6cca2e6f95c93ebd6	despido_embarazo	octubre_2011_a_entrevista	entidad	25	PUBLICABLE	838	357	0.03217245153220763	0.02120885611051886	0.044189412381493653	0.006435838811380342	255840.0	200	
RESULT-ENDIREH2016-DIS-TABLA	CALC-ENDIREH-PISOS-2016-DISCRIMINACION-0001	9478e84886d372142ff7635143516d9eca7faffd285934e6cca2e6f95c93ebd6	despido_embarazo	octubre_2011_a_entrevista	entidad	26	PUBLICABLE	691	380	0.028733378156282685	0.015674911146232828	0.04513882979666215	0.008100733428068194	214176.0	200	
RESULT-ENDIREH2016-DIS-TABLA	CALC-ENDIREH-PISOS-2016-DISCRIMINACION-0001	9478e84886d372142ff7635143516d9eca7faffd285934e6cca2e6f95c93ebd6	despido_embarazo	octubre_2011_a_entrevista	entidad	27	SUPRIMIDA	643	256						0	precision
RESULT-ENDIREH2016-DIS-TABLA	CALC-ENDIREH-PISOS-2016-DISCRIMINACION-0001	9478e84886d372142ff7635143516d9eca7faffd285934e6cca2e6f95c93ebd6	despido_embarazo	octubre_2011_a_entrevista	entidad	28	PUBLICABLE	649	396	0.03478821185480347	0.019614890601357203	0.05623828938514009	0.009922018537016675	270034.0	200	
RESULT-ENDIREH2016-DIS-TABLA	CALC-ENDIREH-PISOS-2016-DISCRIMINACION-0001	9478e84886d372142ff7635143516d9eca7faffd285934e6cca2e6f95c93ebd6	despido_embarazo	octubre_2011_a_entrevista	entidad	29	PUBLICABLE	782	366	0.026943832546148887	0.015147171514735845	0.04359478129724779	0.006969758781380278	103957.0	200	
RESULT-ENDIREH2016-DIS-TABLA	CALC-ENDIREH-PISOS-2016-DISCRIMINACION-0001	9478e84886d372142ff7635143516d9eca7faffd285934e6cca2e6f95c93ebd6	despido_embarazo	octubre_2011_a_entrevista	entidad	30	SUPRIMIDA	583	273						0	precision
RESULT-ENDIREH2016-DIS-TABLA	CALC-ENDIREH-PISOS-2016-DISCRIMINACION-0001	9478e84886d372142ff7635143516d9eca7faffd285934e6cca2e6f95c93ebd6	despido_embarazo	octubre_2011_a_entrevista	entidad	31	PUBLICABLE	710	365	0.022624304144335	0.011868049745914766	0.03454261892518753	0.005948345132159146	173707.0	200	
RESULT-ENDIREH2016-DIS-TABLA	CALC-ENDIREH-PISOS-2016-DISCRIMINACION-0001	9478e84886d372142ff7635143516d9eca7faffd285934e6cca2e6f95c93ebd6	despido_embarazo	octubre_2011_a_entrevista	entidad	32	PUBLICABLE	565	276	0.02336148286787007	0.011032900274431387	0.03647091653009425	0.0066359912929290395	88693.0	200	
RESULT-ENDIREH2016-DIS-TABLA	CALC-ENDIREH-PISOS-2016-DISCRIMINACION-0001	9478e84886d372142ff7635143516d9eca7faffd285934e6cca2e6f95c93ebd6	no_renovacion_embarazo	octubre_2011_a_entrevista	nacional	MX	PUBLICABLE	23109	11275	0.02752609374752356	0.02425068937323458	0.031047022213222652	0.0017197880907209079	8959426.0	200	
RESULT-ENDIREH2016-DIS-TABLA	CALC-ENDIREH-PISOS-2016-DISCRIMINACION-0001	9478e84886d372142ff7635143516d9eca7faffd285934e6cca2e6f95c93ebd6	no_renovacion_embarazo	octubre_2011_a_entrevista	edad	15-29	PUBLICABLE	8976	6355	0.026442802631540693	0.02164790433859926	0.03128761204941325	0.002459739985014199	3783487.0	200	
RESULT-ENDIREH2016-DIS-TABLA	CALC-ENDIREH-PISOS-2016-DISCRIMINACION-0001	9478e84886d372142ff7635143516d9eca7faffd285934e6cca2e6f95c93ebd6	no_renovacion_embarazo	octubre_2011_a_entrevista	edad	30-44	PUBLICABLE	10131	6908	0.035673801408339444	0.02984910019780146	0.04081719942383347	0.0030220828994287595	3582517.0	200	
RESULT-ENDIREH2016-DIS-TABLA	CALC-ENDIREH-PISOS-2016-DISCRIMINACION-0001	9478e84886d372142ff7635143516d9eca7faffd285934e6cca2e6f95c93ebd6	no_renovacion_embarazo	octubre_2011_a_entrevista	edad	45-59	PUBLICABLE	3130	2592	0.013313937878441791	0.008044006455059519	0.018931651069154447	0.0030625992594706802	1247715.0	200	
RESULT-ENDIREH2016-DIS-TABLA	CALC-ENDIREH-PISOS-2016-DISCRIMINACION-0001	9478e84886d372142ff7635143516d9eca7faffd285934e6cca2e6f95c93ebd6	no_renovacion_embarazo	octubre_2011_a_entrevista	edad	60+	SUPRIMIDA	872	782						0	precision
RESULT-ENDIREH2016-DIS-TABLA	CALC-ENDIREH-PISOS-2016-DISCRIMINACION-0001	9478e84886d372142ff7635143516d9eca7faffd285934e6cca2e6f95c93ebd6	no_renovacion_embarazo	octubre_2011_a_entrevista	escolaridad	ninguno	SUPRIMIDA	539	464						0	precision
RESULT-ENDIREH2016-DIS-TABLA	CALC-ENDIREH-PISOS-2016-DISCRIMINACION-0001	9478e84886d372142ff7635143516d9eca7faffd285934e6cca2e6f95c93ebd6	no_renovacion_embarazo	octubre_2011_a_entrevista	escolaridad	basica	PUBLICABLE	11238	6736	0.02040647511686408	0.016576810952570176	0.023611127805635217	0.001926789600006034	4327891.0	200	
RESULT-ENDIREH2016-DIS-TABLA	CALC-ENDIREH-PISOS-2016-DISCRIMINACION-0001	9478e84886d372142ff7635143516d9eca7faffd285934e6cca2e6f95c93ebd6	no_renovacion_embarazo	octubre_2011_a_entrevista	escolaridad	media_superior	PUBLICABLE	5722	4521	0.03425258184452707	0.025837421791379957	0.04195313329174271	0.004073047589326148	2249845.0	200	
RESULT-ENDIREH2016-DIS-TABLA	CALC-ENDIREH-PISOS-2016-DISCRIMINACION-0001	9478e84886d372142ff7635143516d9eca7faffd285934e6cca2e6f95c93ebd6	no_renovacion_embarazo	octubre_2011_a_entrevista	escolaridad	superior	PUBLICABLE	5609	4401	0.03633327776800524	0.02993119176423929	0.045326011702367254	0.003745417012976369	2171618.0	200	
RESULT-ENDIREH2016-DIS-TABLA	CALC-ENDIREH-PISOS-2016-DISCRIMINACION-0001	9478e84886d372142ff7635143516d9eca7faffd285934e6cca2e6f95c93ebd6	no_renovacion_embarazo	octubre_2011_a_entrevista	localidad	U	PUBLICABLE	13004	8274	0.03234694029240592	0.02780678383046824	0.03702223887287993	0.0024089268169763477	5381560.0	200	
RESULT-ENDIREH2016-DIS-TABLA	CALC-ENDIREH-PISOS-2016-DISCRIMINACION-0001	9478e84886d372142ff7635143516d9eca7faffd285934e6cca2e6f95c93ebd6	no_renovacion_embarazo	octubre_2011_a_entrevista	localidad	C	PUBLICABLE	6212	1661	0.021605546860815988	0.017109914356414027	0.026326010317411733	0.002354826736257428	2175645.0	200	
RESULT-ENDIREH2016-DIS-TABLA	CALC-ENDIREH-PISOS-2016-DISCRIMINACION-0001	9478e84886d372142ff7635143516d9eca7faffd285934e6cca2e6f95c93ebd6	no_renovacion_embarazo	octubre_2011_a_entrevista	localidad	R	PUBLICABLE	3893	1340	0.018210396221423016	0.012932634621945691	0.02401027960381462	0.0030444132585278672	1402221.0	200	
RESULT-ENDIREH2016-DIS-TABLA	CALC-ENDIREH-PISOS-2016-DISCRIMINACION-0001	9478e84886d372142ff7635143516d9eca7faffd285934e6cca2e6f95c93ebd6	no_renovacion_embarazo	octubre_2011_a_entrevista	pareja	A1	PUBLICABLE	15788	9223	0.029078705272274307	0.025664518225600244	0.03310883874979098	0.0019858213931085674	5333353.0	200	
RESULT-ENDIREH2016-DIS-TABLA	CALC-ENDIREH-PISOS-2016-DISCRIMINACION-0001	9478e84886d372142ff7635143516d9eca7faffd285934e6cca2e6f95c93ebd6	no_renovacion_embarazo	octubre_2011_a_entrevista	pareja	A2	SUPRIMIDA	508	483						0	precision
RESULT-ENDIREH2016-DIS-TABLA	CALC-ENDIREH-PISOS-2016-DISCRIMINACION-0001	9478e84886d372142ff7635143516d9eca7faffd285934e6cca2e6f95c93ebd6	no_renovacion_embarazo	octubre_2011_a_entrevista	pareja	B1	PUBLICABLE	3094	2659	0.027458098593301034	0.020284666113120787	0.03630094281265822	0.004059631335851563	1407053.0	200	
RESULT-ENDIREH2016-DIS-TABLA	CALC-ENDIREH-PISOS-2016-DISCRIMINACION-0001	9478e84886d372142ff7635143516d9eca7faffd285934e6cca2e6f95c93ebd6	no_renovacion_embarazo	octubre_2011_a_entrevista	pareja	B2	SUPRIMIDA	624	586						0	precision
RESULT-ENDIREH2016-DIS-TABLA	CALC-ENDIREH-PISOS-2016-DISCRIMINACION-0001	9478e84886d372142ff7635143516d9eca7faffd285934e6cca2e6f95c93ebd6	no_renovacion_embarazo	octubre_2011_a_entrevista	pareja	C1	PUBLICABLE	2671	2332	0.029856680197052222	0.019766536304342112	0.039632348530913214	0.0053447873544679465	1499095.0	200	
RESULT-ENDIREH2016-DIS-TABLA	CALC-ENDIREH-PISOS-2016-DISCRIMINACION-0001	9478e84886d372142ff7635143516d9eca7faffd285934e6cca2e6f95c93ebd6	no_renovacion_embarazo	octubre_2011_a_entrevista	pareja	C2	SUPRIMIDA	424	407						0	precision
RESULT-ENDIREH2016-DIS-TABLA	CALC-ENDIREH-PISOS-2016-DISCRIMINACION-0001	9478e84886d372142ff7635143516d9eca7faffd285934e6cca2e6f95c93ebd6	no_renovacion_embarazo	octubre_2011_a_entrevista	entidad	01	PUBLICABLE	869	436	0.02010968921389397	0.011456147804171027	0.029294481516785997	0.004853857196967466	112135.0	200	
RESULT-ENDIREH2016-DIS-TABLA	CALC-ENDIREH-PISOS-2016-DISCRIMINACION-0001	9478e84886d372142ff7635143516d9eca7faffd285934e6cca2e6f95c93ebd6	no_renovacion_embarazo	octubre_2011_a_entrevista	entidad	02	PUBLICABLE	868	463	0.019845986415423775	0.010627023322575674	0.031992654207288695	0.005445952056800986	339061.0	200	
RESULT-ENDIREH2016-DIS-TABLA	CALC-ENDIREH-PISOS-2016-DISCRIMINACION-0001	9478e84886d372142ff7635143516d9eca7faffd285934e6cca2e6f95c93ebd6	no_renovacion_embarazo	octubre_2011_a_entrevista	entidad	03	SUPRIMIDA	956	339						0	precision
RESULT-ENDIREH2016-DIS-TABLA	CALC-ENDIREH-PISOS-2016-DISCRIMINACION-0001	9478e84886d372142ff7635143516d9eca7faffd285934e6cca2e6f95c93ebd6	no_renovacion_embarazo	octubre_2011_a_entrevista	entidad	04	SUPRIMIDA	702	351						0	precision
RESULT-ENDIREH2016-DIS-TABLA	CALC-ENDIREH-PISOS-2016-DISCRIMINACION-0001	9478e84886d372142ff7635143516d9eca7faffd285934e6cca2e6f95c93ebd6	no_renovacion_embarazo	octubre_2011_a_entrevista	entidad	05	PUBLICABLE	789	436	0.038260037277719004	0.026096251412519228	0.05065308277053194	0.006372787259670987	238212.0	200	
RESULT-ENDIREH2016-DIS-TABLA	CALC-ENDIREH-PISOS-2016-DISCRIMINACION-0001	9478e84886d372142ff7635143516d9eca7faffd285934e6cca2e6f95c93ebd6	no_renovacion_embarazo	octubre_2011_a_entrevista	entidad	06	PUBLICABLE	886	430	0.01134154244977317	0.005956591950403139	0.017702550808116845	0.0031938762698512707	70978.0	200	
RESULT-ENDIREH2016-DIS-TABLA	CALC-ENDIREH-PISOS-2016-DISCRIMINACION-0001	9478e84886d372142ff7635143516d9eca7faffd285934e6cca2e6f95c93ebd6	no_renovacion_embarazo	octubre_2011_a_entrevista	entidad	07	PUBLICABLE	637	254	0.019568304194228933	0.008706263151119165	0.03087668657010096	0.005771957648607563	321847.0	200	
RESULT-ENDIREH2016-DIS-TABLA	CALC-ENDIREH-PISOS-2016-DISCRIMINACION-0001	9478e84886d372142ff7635143516d9eca7faffd285934e6cca2e6f95c93ebd6	no_renovacion_embarazo	octubre_2011_a_entrevista	entidad	08	PUBLICABLE	686	410	0.03495283237241237	0.02121465279537879	0.05130838799070458	0.008133925683508054	280807.0	200	
RESULT-ENDIREH2016-DIS-TABLA	CALC-ENDIREH-PISOS-2016-DISCRIMINACION-0001	9478e84886d372142ff7635143516d9eca7faffd285934e6cca2e6f95c93ebd6	no_renovacion_embarazo	octubre_2011_a_entrevista	entidad	09	PUBLICABLE	664	440	0.025586219811215862	0.015676555077739015	0.03858007025458414	0.006069056976267144	683532.0	200	
RESULT-ENDIREH2016-DIS-TABLA	CALC-ENDIREH-PISOS-2016-DISCRIMINACION-0001	9478e84886d372142ff7635143516d9eca7faffd285934e6cca2e6f95c93ebd6	no_renovacion_embarazo	octubre_2011_a_entrevista	entidad	10	PUBLICABLE	664	357	0.02185234899328859	0.011764390269324314	0.03085748984248348	0.005415127974438927	130375.0	200	
RESULT-ENDIREH2016-DIS-TABLA	CALC-ENDIREH-PISOS-2016-DISCRIMINACION-0001	9478e84886d372142ff7635143516d9eca7faffd285934e6cca2e6f95c93ebd6	no_renovacion_embarazo	octubre_2011_a_entrevista	entidad	11	PUBLICABLE	656	329	0.06896413453995925	0.047045803708973384	0.09176394952186996	0.01166149444631133	399019.0	200	
RESULT-ENDIREH2016-DIS-TABLA	CALC-ENDIREH-PISOS-2016-DISCRIMINACION-0001	9478e84886d372142ff7635143516d9eca7faffd285934e6cca2e6f95c93ebd6	no_renovacion_embarazo	octubre_2011_a_entrevista	entidad	12	SUPRIMIDA	706	279						0	precision
RESULT-ENDIREH2016-DIS-TABLA	CALC-ENDIREH-PISOS-2016-DISCRIMINACION-0001	9478e84886d372142ff7635143516d9eca7faffd285934e6cca2e6f95c93ebd6	no_renovacion_embarazo	octubre_2011_a_entrevista	entidad	13	PUBLICABLE	665	239	0.03477501175152295	0.020177913727892276	0.050501898619720036	0.00793748777018215	210611.0	200	
RESULT-ENDIREH2016-DIS-TABLA	CALC-ENDIREH-PISOS-2016-DISCRIMINACION-0001	9478e84886d372142ff7635143516d9eca7faffd285934e6cca2e6f95c93ebd6	no_renovacion_embarazo	octubre_2011_a_entrevista	entidad	14	PUBLICABLE	756	379	0.023018605420810887	0.013364055718208846	0.034880199440739085	0.005810212073536786	622453.0	200	
RESULT-ENDIREH2016-DIS-TABLA	CALC-ENDIREH-PISOS-2016-DISCRIMINACION-0001	9478e84886d372142ff7635143516d9eca7faffd285934e6cca2e6f95c93ebd6	no_renovacion_embarazo	octubre_2011_a_entrevista	entidad	15	PUBLICABLE	606	361	0.04258310334323011	0.026959555550695888	0.059960816254653354	0.008896524841219123	1099685.0	200	
RESULT-ENDIREH2016-DIS-TABLA	CALC-ENDIREH-PISOS-2016-DISCRIMINACION-0001	9478e84886d372142ff7635143516d9eca7faffd285934e6cca2e6f95c93ebd6	no_renovacion_embarazo	octubre_2011_a_entrevista	entidad	16	PUBLICABLE	589	249	0.031499431873974214	0.01511015579812616	0.04645624678301732	0.008439552931605027	285148.0	200	
RESULT-ENDIREH2016-DIS-TABLA	CALC-ENDIREH-PISOS-2016-DISCRIMINACION-0001	9478e84886d372142ff7635143516d9eca7faffd285934e6cca2e6f95c93ebd6	no_renovacion_embarazo	octubre_2011_a_entrevista	entidad	17	PUBLICABLE	663	322	0.023362303800752368	0.012072936083735912	0.0384101499193889	0.006730645267831841	154180.0	200	
RESULT-ENDIREH2016-DIS-TABLA	CALC-ENDIREH-PISOS-2016-DISCRIMINACION-0001	9478e84886d372142ff7635143516d9eca7faffd285934e6cca2e6f95c93ebd6	no_renovacion_embarazo	octubre_2011_a_entrevista	entidad	18	PUBLICABLE	819	321	0.01553441986294268	0.006956602325499733	0.025327661898119705	0.0045701094546837405	106087.0	200	
RESULT-ENDIREH2016-DIS-TABLA	CALC-ENDIREH-PISOS-2016-DISCRIMINACION-0001	9478e84886d372142ff7635143516d9eca7faffd285934e6cca2e6f95c93ebd6	no_renovacion_embarazo	octubre_2011_a_entrevista	entidad	19	SUPRIMIDA	737	425						0	precision
RESULT-ENDIREH2016-DIS-TABLA	CALC-ENDIREH-PISOS-2016-DISCRIMINACION-0001	9478e84886d372142ff7635143516d9eca7faffd285934e6cca2e6f95c93ebd6	no_renovacion_embarazo	octubre_2011_a_entrevista	entidad	20	SUPRIMIDA	612	250						0	precision
RESULT-ENDIREH2016-DIS-TABLA	CALC-ENDIREH-PISOS-2016-DISCRIMINACION-0001	9478e84886d372142ff7635143516d9eca7faffd285934e6cca2e6f95c93ebd6	no_renovacion_embarazo	octubre_2011_a_entrevista	entidad	21	PUBLICABLE	1007	447	0.020774230101284635	0.011134542707559357	0.03220270667277568	0.005275913373253864	487142.0	200	
RESULT-ENDIREH2016-DIS-TABLA	CALC-ENDIREH-PISOS-2016-DISCRIMINACION-0001	9478e84886d372142ff7635143516d9eca7faffd285934e6cca2e6f95c93ebd6	no_renovacion_embarazo	octubre_2011_a_entrevista	entidad	22	PUBLICABLE	794	372	0.039956771393113114	0.02623032017570109	0.05581477669347314	0.008388928373013574	168407.0	200	
RESULT-ENDIREH2016-DIS-TABLA	CALC-ENDIREH-PISOS-2016-DISCRIMINACION-0001	9478e84886d372142ff7635143516d9eca7faffd285934e6cca2e6f95c93ebd6	no_renovacion_embarazo	octubre_2011_a_entrevista	entidad	23	PUBLICABLE	647	384	0.03810236324428993	0.024727385112923675	0.05261610585261129	0.007597571208022535	113615.0	200	
RESULT-ENDIREH2016-DIS-TABLA	CALC-ENDIREH-PISOS-2016-DISCRIMINACION-0001	9478e84886d372142ff7635143516d9eca7faffd285934e6cca2e6f95c93ebd6	no_renovacion_embarazo	octubre_2011_a_entrevista	entidad	24	PUBLICABLE	572	316	0.03399375230361146	0.01891741554463697	0.053192573130640096	0.009576610150256806	165501.0	200	
RESULT-ENDIREH2016-DIS-TABLA	CALC-ENDIREH-PISOS-2016-DISCRIMINACION-0001	9478e84886d372142ff7635143516d9eca7faffd285934e6cca2e6f95c93ebd6	no_renovacion_embarazo	octubre_2011_a_entrevista	entidad	25	PUBLICABLE	851	358	0.027402769667462013	0.016297005319982905	0.03855672396089142	0.0059829538676128965	258587.0	200	
RESULT-ENDIREH2016-DIS-TABLA	CALC-ENDIREH-PISOS-2016-DISCRIMINACION-0001	9478e84886d372142ff7635143516d9eca7faffd285934e6cca2e6f95c93ebd6	no_renovacion_embarazo	octubre_2011_a_entrevista	entidad	26	PUBLICABLE	734	388	0.022691234928513385	0.011342738638311643	0.034333503154684315	0.006098815249420548	227665.0	200	
RESULT-ENDIREH2016-DIS-TABLA	CALC-ENDIREH-PISOS-2016-DISCRIMINACION-0001	9478e84886d372142ff7635143516d9eca7faffd285934e6cca2e6f95c93ebd6	no_renovacion_embarazo	octubre_2011_a_entrevista	entidad	27	SUPRIMIDA	663	258						0	precision
RESULT-ENDIREH2016-DIS-TABLA	CALC-ENDIREH-PISOS-2016-DISCRIMINACION-0001	9478e84886d372142ff7635143516d9eca7faffd285934e6cca2e6f95c93ebd6	no_renovacion_embarazo	octubre_2011_a_entrevista	entidad	28	PUBLICABLE	655	398	0.017117701609503808	0.009504035278634075	0.026852003771663396	0.004585177916328211	272817.0	200	
RESULT-ENDIREH2016-DIS-TABLA	CALC-ENDIREH-PISOS-2016-DISCRIMINACION-0001	9478e84886d372142ff7635143516d9eca7faffd285934e6cca2e6f95c93ebd6	no_renovacion_embarazo	octubre_2011_a_entrevista	entidad	29	PUBLICABLE	784	367	0.028692185773978196	0.017786377009113705	0.041898617419596246	0.006785593325129887	104105.0	200	
RESULT-ENDIREH2016-DIS-TABLA	CALC-ENDIREH-PISOS-2016-DISCRIMINACION-0001	9478e84886d372142ff7635143516d9eca7faffd285934e6cca2e6f95c93ebd6	no_renovacion_embarazo	octubre_2011_a_entrevista	entidad	30	SUPRIMIDA	595	274						0	precision
RESULT-ENDIREH2016-DIS-TABLA	CALC-ENDIREH-PISOS-2016-DISCRIMINACION-0001	9478e84886d372142ff7635143516d9eca7faffd285934e6cca2e6f95c93ebd6	no_renovacion_embarazo	octubre_2011_a_entrevista	entidad	31	SUPRIMIDA	711	367						0	precision
RESULT-ENDIREH2016-DIS-TABLA	CALC-ENDIREH-PISOS-2016-DISCRIMINACION-0001	9478e84886d372142ff7635143516d9eca7faffd285934e6cca2e6f95c93ebd6	no_renovacion_embarazo	octubre_2011_a_entrevista	entidad	32	SUPRIMIDA	566	276						0	precision
RESULT-ENDIREH2016-DIS-TABLA	CALC-ENDIREH-PISOS-2016-DISCRIMINACION-0001	9478e84886d372142ff7635143516d9eca7faffd285934e6cca2e6f95c93ebd6	reduccion_embarazo	octubre_2011_a_entrevista	nacional	MX	PUBLICABLE	23125	11280	0.01622410681081448	0.014187409298858488	0.018579419843075262	0.0011397383308517374	8959692.0	200	
RESULT-ENDIREH2016-DIS-TABLA	CALC-ENDIREH-PISOS-2016-DISCRIMINACION-0001	9478e84886d372142ff7635143516d9eca7faffd285934e6cca2e6f95c93ebd6	reduccion_embarazo	octubre_2011_a_entrevista	edad	15-29	PUBLICABLE	8970	6352	0.01846022410579733	0.014676514800987125	0.023546299469309657	0.0022898866069580672	3778394.0	200	
RESULT-ENDIREH2016-DIS-TABLA	CALC-ENDIREH-PISOS-2016-DISCRIMINACION-0001	9478e84886d372142ff7635143516d9eca7faffd285934e6cca2e6f95c93ebd6	reduccion_embarazo	octubre_2011_a_entrevista	edad	30-44	PUBLICABLE	10141	6910	0.017257549079337024	0.013982139131212643	0.02114736506491513	0.0018914342471815064	3584808.0	200	
RESULT-ENDIREH2016-DIS-TABLA	CALC-ENDIREH-PISOS-2016-DISCRIMINACION-0001	9478e84886d372142ff7635143516d9eca7faffd285934e6cca2e6f95c93ebd6	reduccion_embarazo	octubre_2011_a_entrevista	edad	45-59	PUBLICABLE	3138	2598	0.009270768841897797	0.005441929727425581	0.013951564887117842	0.002297251111713615	1250166.0	200	
RESULT-ENDIREH2016-DIS-TABLA	CALC-ENDIREH-PISOS-2016-DISCRIMINACION-0001	9478e84886d372142ff7635143516d9eca7faffd285934e6cca2e6f95c93ebd6	reduccion_embarazo	octubre_2011_a_entrevista	edad	60+	SUPRIMIDA	876	785						0	precision
RESULT-ENDIREH2016-DIS-TABLA	CALC-ENDIREH-PISOS-2016-DISCRIMINACION-0001	9478e84886d372142ff7635143516d9eca7faffd285934e6cca2e6f95c93ebd6	reduccion_embarazo	octubre_2011_a_entrevista	escolaridad	ninguno	SUPRIMIDA	542	466						0	precision
RESULT-ENDIREH2016-DIS-TABLA	CALC-ENDIREH-PISOS-2016-DISCRIMINACION-0001	9478e84886d372142ff7635143516d9eca7faffd285934e6cca2e6f95c93ebd6	reduccion_embarazo	octubre_2011_a_entrevista	escolaridad	basica	PUBLICABLE	11253	6738	0.012858654942003948	0.010288132553307143	0.015891564112722974	0.0015013463754579453	4333657.0	200	
RESULT-ENDIREH2016-DIS-TABLA	CALC-ENDIREH-PISOS-2016-DISCRIMINACION-0001	9478e84886d372142ff7635143516d9eca7faffd285934e6cca2e6f95c93ebd6	reduccion_embarazo	octubre_2011_a_entrevista	escolaridad	media_superior	PUBLICABLE	5719	4519	0.02406215731066866	0.01750597144258834	0.0308869388767953	0.0033864180853033434	2247845.0	200	
RESULT-ENDIREH2016-DIS-TABLA	CALC-ENDIREH-PISOS-2016-DISCRIMINACION-0001	9478e84886d372142ff7635143516d9eca7faffd285934e6cca2e6f95c93ebd6	reduccion_embarazo	octubre_2011_a_entrevista	escolaridad	superior	PUBLICABLE	5610	4402	0.015360661372060998	0.011822471595472572	0.01920417456752397	0.002038048050920491	2167615.0	200	
RESULT-ENDIREH2016-DIS-TABLA	CALC-ENDIREH-PISOS-2016-DISCRIMINACION-0001	9478e84886d372142ff7635143516d9eca7faffd285934e6cca2e6f95c93ebd6	reduccion_embarazo	octubre_2011_a_entrevista	localidad	U	PUBLICABLE	13018	8281	0.01912284356092863	0.014579879942616837	0.022503927122220407	0.0019756670611006653	5381731.0	200	
RESULT-ENDIREH2016-DIS-TABLA	CALC-ENDIREH-PISOS-2016-DISCRIMINACION-0001	9478e84886d372142ff7635143516d9eca7faffd285934e6cca2e6f95c93ebd6	reduccion_embarazo	octubre_2011_a_entrevista	localidad	C	PUBLICABLE	6205	1660	0.01277220702927175	0.00941154926445581	0.016090944331883284	0.0017190655953308	2172060.0	200	
RESULT-ENDIREH2016-DIS-TABLA	CALC-ENDIREH-PISOS-2016-DISCRIMINACION-0001	9478e84886d372142ff7635143516d9eca7faffd285934e6cca2e6f95c93ebd6	reduccion_embarazo	octubre_2011_a_entrevista	localidad	R	PUBLICABLE	3902	1339	0.010460907275832366	0.006676448864609501	0.015277007542953025	0.0021992373101210197	1405901.0	200	
RESULT-ENDIREH2016-DIS-TABLA	CALC-ENDIREH-PISOS-2016-DISCRIMINACION-0001	9478e84886d372142ff7635143516d9eca7faffd285934e6cca2e6f95c93ebd6	reduccion_embarazo	octubre_2011_a_entrevista	pareja	A1	PUBLICABLE	15798	9229	0.016392189112329956	0.013397647954105578	0.01959461128906204	0.0015288994879095784	5335834.0	200	
RESULT-ENDIREH2016-DIS-TABLA	CALC-ENDIREH-PISOS-2016-DISCRIMINACION-0001	9478e84886d372142ff7635143516d9eca7faffd285934e6cca2e6f95c93ebd6	reduccion_embarazo	octubre_2011_a_entrevista	pareja	A2	SUPRIMIDA	509	484						0	precision
RESULT-ENDIREH2016-DIS-TABLA	CALC-ENDIREH-PISOS-2016-DISCRIMINACION-0001	9478e84886d372142ff7635143516d9eca7faffd285934e6cca2e6f95c93ebd6	reduccion_embarazo	octubre_2011_a_entrevista	pareja	B1	PUBLICABLE	3095	2661	0.018106206378303295	0.01182855187783882	0.026001730617067537	0.003610319388816438	1405264.0	200	
RESULT-ENDIREH2016-DIS-TABLA	CALC-ENDIREH-PISOS-2016-DISCRIMINACION-0001	9478e84886d372142ff7635143516d9eca7faffd285934e6cca2e6f95c93ebd6	reduccion_embarazo	octubre_2011_a_entrevista	pareja	B2	SUPRIMIDA	625	586						0	precision
RESULT-ENDIREH2016-DIS-TABLA	CALC-ENDIREH-PISOS-2016-DISCRIMINACION-0001	9478e84886d372142ff7635143516d9eca7faffd285934e6cca2e6f95c93ebd6	reduccion_embarazo	octubre_2011_a_entrevista	pareja	C1	PUBLICABLE	2675	2334	0.015922003460406096	0.008850161740049795	0.02292751042726602	0.0036147932960692675	1499246.0	200	
RESULT-ENDIREH2016-DIS-TABLA	CALC-ENDIREH-PISOS-2016-DISCRIMINACION-0001	9478e84886d372142ff7635143516d9eca7faffd285934e6cca2e6f95c93ebd6	reduccion_embarazo	octubre_2011_a_entrevista	pareja	C2	SUPRIMIDA	423	406						0	precision
RESULT-ENDIREH2016-DIS-TABLA	CALC-ENDIREH-PISOS-2016-DISCRIMINACION-0001	9478e84886d372142ff7635143516d9eca7faffd285934e6cca2e6f95c93ebd6	reduccion_embarazo	octubre_2011_a_entrevista	entidad	01	PUBLICABLE	869	436	0.01623043652740001	0.008685078412920166	0.024355499303344776	0.003993737171559195	112135.0	200	
RESULT-ENDIREH2016-DIS-TABLA	CALC-ENDIREH-PISOS-2016-DISCRIMINACION-0001	9478e84886d372142ff7635143516d9eca7faffd285934e6cca2e6f95c93ebd6	reduccion_embarazo	octubre_2011_a_entrevista	entidad	02	SUPRIMIDA	871	465						0	precision
RESULT-ENDIREH2016-DIS-TABLA	CALC-ENDIREH-PISOS-2016-DISCRIMINACION-0001	9478e84886d372142ff7635143516d9eca7faffd285934e6cca2e6f95c93ebd6	reduccion_embarazo	octubre_2011_a_entrevista	entidad	03	SUPRIMIDA	954	338						0	precision
RESULT-ENDIREH2016-DIS-TABLA	CALC-ENDIREH-PISOS-2016-DISCRIMINACION-0001	9478e84886d372142ff7635143516d9eca7faffd285934e6cca2e6f95c93ebd6	reduccion_embarazo	octubre_2011_a_entrevista	entidad	04	SUPRIMIDA	710	355						0	precision
RESULT-ENDIREH2016-DIS-TABLA	CALC-ENDIREH-PISOS-2016-DISCRIMINACION-0001	9478e84886d372142ff7635143516d9eca7faffd285934e6cca2e6f95c93ebd6	reduccion_embarazo	octubre_2011_a_entrevista	entidad	05	PUBLICABLE	789	436	0.015624737628666901	0.007727828891517484	0.025795113495926624	0.004241834182880563	238212.0	200	
RESULT-ENDIREH2016-DIS-TABLA	CALC-ENDIREH-PISOS-2016-DISCRIMINACION-0001	9478e84886d372142ff7635143516d9eca7faffd285934e6cca2e6f95c93ebd6	reduccion_embarazo	octubre_2011_a_entrevista	entidad	06	SUPRIMIDA	884	429						0	precision
RESULT-ENDIREH2016-DIS-TABLA	CALC-ENDIREH-PISOS-2016-DISCRIMINACION-0001	9478e84886d372142ff7635143516d9eca7faffd285934e6cca2e6f95c93ebd6	reduccion_embarazo	octubre_2011_a_entrevista	entidad	07	SUPRIMIDA	638	255						0	precision
RESULT-ENDIREH2016-DIS-TABLA	CALC-ENDIREH-PISOS-2016-DISCRIMINACION-0001	9478e84886d372142ff7635143516d9eca7faffd285934e6cca2e6f95c93ebd6	reduccion_embarazo	octubre_2011_a_entrevista	entidad	08	SUPRIMIDA	687	410						0	precision
RESULT-ENDIREH2016-DIS-TABLA	CALC-ENDIREH-PISOS-2016-DISCRIMINACION-0001	9478e84886d372142ff7635143516d9eca7faffd285934e6cca2e6f95c93ebd6	reduccion_embarazo	octubre_2011_a_entrevista	entidad	09	SUPRIMIDA	663	440						0	precision
RESULT-ENDIREH2016-DIS-TABLA	CALC-ENDIREH-PISOS-2016-DISCRIMINACION-0001	9478e84886d372142ff7635143516d9eca7faffd285934e6cca2e6f95c93ebd6	reduccion_embarazo	octubre_2011_a_entrevista	entidad	10	PUBLICABLE	666	358	0.021270572392633344	0.01013041416625356	0.03153081604514297	0.005871646367274429	130697.0	200	
RESULT-ENDIREH2016-DIS-TABLA	CALC-ENDIREH-PISOS-2016-DISCRIMINACION-0001	9478e84886d372142ff7635143516d9eca7faffd285934e6cca2e6f95c93ebd6	reduccion_embarazo	octubre_2011_a_entrevista	entidad	11	PUBLICABLE	660	329	0.0485446783980281	0.027887285175409306	0.07164393884172789	0.01150201487807608	402454.0	200	
RESULT-ENDIREH2016-DIS-TABLA	CALC-ENDIREH-PISOS-2016-DISCRIMINACION-0001	9478e84886d372142ff7635143516d9eca7faffd285934e6cca2e6f95c93ebd6	reduccion_embarazo	octubre_2011_a_entrevista	entidad	12	SUPRIMIDA	708	279						0	precision
RESULT-ENDIREH2016-DIS-TABLA	CALC-ENDIREH-PISOS-2016-DISCRIMINACION-0001	9478e84886d372142ff7635143516d9eca7faffd285934e6cca2e6f95c93ebd6	reduccion_embarazo	octubre_2011_a_entrevista	entidad	13	PUBLICABLE	665	239	0.033488279339635635	0.014485625252817037	0.049387059626824284	0.008693891773396552	210611.0	200	
RESULT-ENDIREH2016-DIS-TABLA	CALC-ENDIREH-PISOS-2016-DISCRIMINACION-0001	9478e84886d372142ff7635143516d9eca7faffd285934e6cca2e6f95c93ebd6	reduccion_embarazo	octubre_2011_a_entrevista	entidad	14	SUPRIMIDA	752	377						0	precision
RESULT-ENDIREH2016-DIS-TABLA	CALC-ENDIREH-PISOS-2016-DISCRIMINACION-0001	9478e84886d372142ff7635143516d9eca7faffd285934e6cca2e6f95c93ebd6	reduccion_embarazo	octubre_2011_a_entrevista	entidad	15	PUBLICABLE	607	361	0.025563856530821796	0.01329693156417201	0.040937398296377214	0.006643704655793407	1101477.0	200	
RESULT-ENDIREH2016-DIS-TABLA	CALC-ENDIREH-PISOS-2016-DISCRIMINACION-0001	9478e84886d372142ff7635143516d9eca7faffd285934e6cca2e6f95c93ebd6	reduccion_embarazo	octubre_2011_a_entrevista	entidad	16	SUPRIMIDA	588	249						0	precision
RESULT-ENDIREH2016-DIS-TABLA	CALC-ENDIREH-PISOS-2016-DISCRIMINACION-0001	9478e84886d372142ff7635143516d9eca7faffd285934e6cca2e6f95c93ebd6	reduccion_embarazo	octubre_2011_a_entrevista	entidad	17	SUPRIMIDA	663	322						0	precision
RESULT-ENDIREH2016-DIS-TABLA	CALC-ENDIREH-PISOS-2016-DISCRIMINACION-0001	9478e84886d372142ff7635143516d9eca7faffd285934e6cca2e6f95c93ebd6	reduccion_embarazo	octubre_2011_a_entrevista	entidad	18	SUPRIMIDA	820	320						0	precision
RESULT-ENDIREH2016-DIS-TABLA	CALC-ENDIREH-PISOS-2016-DISCRIMINACION-0001	9478e84886d372142ff7635143516d9eca7faffd285934e6cca2e6f95c93ebd6	reduccion_embarazo	octubre_2011_a_entrevista	entidad	19	SUPRIMIDA	735	425						0	precision
RESULT-ENDIREH2016-DIS-TABLA	CALC-ENDIREH-PISOS-2016-DISCRIMINACION-0001	9478e84886d372142ff7635143516d9eca7faffd285934e6cca2e6f95c93ebd6	reduccion_embarazo	octubre_2011_a_entrevista	entidad	20	SUPRIMIDA	611	249						0	precision
RESULT-ENDIREH2016-DIS-TABLA	CALC-ENDIREH-PISOS-2016-DISCRIMINACION-0001	9478e84886d372142ff7635143516d9eca7faffd285934e6cca2e6f95c93ebd6	reduccion_embarazo	octubre_2011_a_entrevista	entidad	21	PUBLICABLE	1009	449	0.0174907017820986	0.009284249490217823	0.027733576600933976	0.0047316831875668965	487459.0	200	
RESULT-ENDIREH2016-DIS-TABLA	CALC-ENDIREH-PISOS-2016-DISCRIMINACION-0001	9478e84886d372142ff7635143516d9eca7faffd285934e6cca2e6f95c93ebd6	reduccion_embarazo	octubre_2011_a_entrevista	entidad	22	PUBLICABLE	793	372	0.023225415461032517	0.012675405876092314	0.03513946201324345	0.0059844542992845105	168307.0	200	
RESULT-ENDIREH2016-DIS-TABLA	CALC-ENDIREH-PISOS-2016-DISCRIMINACION-0001	9478e84886d372142ff7635143516d9eca7faffd285934e6cca2e6f95c93ebd6	reduccion_embarazo	octubre_2011_a_entrevista	entidad	23	PUBLICABLE	647	385	0.021848976214369972	0.011848596650541549	0.03435341661927304	0.005502715774573302	113598.0	200	
RESULT-ENDIREH2016-DIS-TABLA	CALC-ENDIREH-PISOS-2016-DISCRIMINACION-0001	9478e84886d372142ff7635143516d9eca7faffd285934e6cca2e6f95c93ebd6	reduccion_embarazo	octubre_2011_a_entrevista	entidad	24	PUBLICABLE	571	316	0.019468865579336688	0.009758377521691435	0.02892577347039661	0.005077845845558377	164930.0	200	
RESULT-ENDIREH2016-DIS-TABLA	CALC-ENDIREH-PISOS-2016-DISCRIMINACION-0001	9478e84886d372142ff7635143516d9eca7faffd285934e6cca2e6f95c93ebd6	reduccion_embarazo	octubre_2011_a_entrevista	entidad	25	PUBLICABLE	848	357	0.01197048756133855	0.005215669597851766	0.01772249077915497	0.0032953899052943253	257383.0	200	
RESULT-ENDIREH2016-DIS-TABLA	CALC-ENDIREH-PISOS-2016-DISCRIMINACION-0001	9478e84886d372142ff7635143516d9eca7faffd285934e6cca2e6f95c93ebd6	reduccion_embarazo	octubre_2011_a_entrevista	entidad	26	SUPRIMIDA	734	388						0	precision
RESULT-ENDIREH2016-DIS-TABLA	CALC-ENDIREH-PISOS-2016-DISCRIMINACION-0001	9478e84886d372142ff7635143516d9eca7faffd285934e6cca2e6f95c93ebd6	reduccion_embarazo	octubre_2011_a_entrevista	entidad	27	SUPRIMIDA	663	258						0	precision
RESULT-ENDIREH2016-DIS-TABLA	CALC-ENDIREH-PISOS-2016-DISCRIMINACION-0001	9478e84886d372142ff7635143516d9eca7faffd285934e6cca2e6f95c93ebd6	reduccion_embarazo	octubre_2011_a_entrevista	entidad	28	SUPRIMIDA	655	398						0	precision
RESULT-ENDIREH2016-DIS-TABLA	CALC-ENDIREH-PISOS-2016-DISCRIMINACION-0001	9478e84886d372142ff7635143516d9eca7faffd285934e6cca2e6f95c93ebd6	reduccion_embarazo	octubre_2011_a_entrevista	entidad	29	SUPRIMIDA	786	369						0	precision
RESULT-ENDIREH2016-DIS-TABLA	CALC-ENDIREH-PISOS-2016-DISCRIMINACION-0001	9478e84886d372142ff7635143516d9eca7faffd285934e6cca2e6f95c93ebd6	reduccion_embarazo	octubre_2011_a_entrevista	entidad	30	SUPRIMIDA	595	274						0	precision
RESULT-ENDIREH2016-DIS-TABLA	CALC-ENDIREH-PISOS-2016-DISCRIMINACION-0001	9478e84886d372142ff7635143516d9eca7faffd285934e6cca2e6f95c93ebd6	reduccion_embarazo	octubre_2011_a_entrevista	entidad	31	SUPRIMIDA	712	367						0	precision
RESULT-ENDIREH2016-DIS-TABLA	CALC-ENDIREH-PISOS-2016-DISCRIMINACION-0001	9478e84886d372142ff7635143516d9eca7faffd285934e6cca2e6f95c93ebd6	reduccion_embarazo	octubre_2011_a_entrevista	entidad	32	SUPRIMIDA	572	275						0	precision
RESULT-ENDIREH2016-DIS-TABLA	CALC-ENDIREH-PISOS-2016-DISCRIMINACION-0001	9478e84886d372142ff7635143516d9eca7faffd285934e6cca2e6f95c93ebd6	perjuicio_embarazo_alguno	octubre_2011_a_entrevista	nacional	MX	PUBLICABLE	22776	11202	0.04807943585632285	0.04362038987234547	0.05224226219141129	0.0022355475257571345	8804991.0	200	
RESULT-ENDIREH2016-DIS-TABLA	CALC-ENDIREH-PISOS-2016-DISCRIMINACION-0001	9478e84886d372142ff7635143516d9eca7faffd285934e6cca2e6f95c93ebd6	perjuicio_embarazo_alguno	octubre_2011_a_entrevista	edad	15-29	PUBLICABLE	8899	6314	0.05474812753981594	0.048536749804819104	0.06181643281716806	0.003543733386578109	3726648.0	200	
RESULT-ENDIREH2016-DIS-TABLA	CALC-ENDIREH-PISOS-2016-DISCRIMINACION-0001	9478e84886d372142ff7635143516d9eca7faffd285934e6cca2e6f95c93ebd6	perjuicio_embarazo_alguno	octubre_2011_a_entrevista	edad	30-44	PUBLICABLE	10007	6848	0.0539356166461967	0.04821713235864831	0.06207321337480967	0.003583436700202036	3539331.0	200	
RESULT-ENDIREH2016-DIS-TABLA	CALC-ENDIREH-PISOS-2016-DISCRIMINACION-0001	9478e84886d372142ff7635143516d9eca7faffd285934e6cca2e6f95c93ebd6	perjuicio_embarazo_alguno	octubre_2011_a_entrevista	edad	45-59	PUBLICABLE	3024	2508	0.021844803560658058	0.015402883370541945	0.027835747572896974	0.0035084829575189125	1202025.0	200	
RESULT-ENDIREH2016-DIS-TABLA	CALC-ENDIREH-PISOS-2016-DISCRIMINACION-0001	9478e84886d372142ff7635143516d9eca7faffd285934e6cca2e6f95c93ebd6	perjuicio_embarazo_alguno	octubre_2011_a_entrevista	edad	60+	SUPRIMIDA	846	758						0	precision
RESULT-ENDIREH2016-DIS-TABLA	CALC-ENDIREH-PISOS-2016-DISCRIMINACION-0001	9478e84886d372142ff7635143516d9eca7faffd285934e6cca2e6f95c93ebd6	perjuicio_embarazo_alguno	octubre_2011_a_entrevista	escolaridad	ninguno	SUPRIMIDA	525	454						0	precision
RESULT-ENDIREH2016-DIS-TABLA	CALC-ENDIREH-PISOS-2016-DISCRIMINACION-0001	9478e84886d372142ff7635143516d9eca7faffd285934e6cca2e6f95c93ebd6	perjuicio_embarazo_alguno	octubre_2011_a_entrevista	escolaridad	basica	PUBLICABLE	11074	6664	0.040567504473994466	0.03489268621650439	0.04532524675128615	0.00273864696851885	4257940.0	200	
RESULT-ENDIREH2016-DIS-TABLA	CALC-ENDIREH-PISOS-2016-DISCRIMINACION-0001	9478e84886d372142ff7635143516d9eca7faffd285934e6cca2e6f95c93ebd6	perjuicio_embarazo_alguno	octubre_2011_a_entrevista	escolaridad	media_superior	PUBLICABLE	5635	4467	0.061238304885706966	0.05296163604469307	0.07049418392706154	0.004749610726881561	2205515.0	200	
RESULT-ENDIREH2016-DIS-TABLA	CALC-ENDIREH-PISOS-2016-DISCRIMINACION-0001	9478e84886d372142ff7635143516d9eca7faffd285934e6cca2e6f95c93ebd6	perjuicio_embarazo_alguno	octubre_2011_a_entrevista	escolaridad	superior	PUBLICABLE	5541	4364	0.05221019178995999	0.04526187429934126	0.06091916173998868	0.004126502294553858	2134679.0	200	
RESULT-ENDIREH2016-DIS-TABLA	CALC-ENDIREH-PISOS-2016-DISCRIMINACION-0001	9478e84886d372142ff7635143516d9eca7faffd285934e6cca2e6f95c93ebd6	perjuicio_embarazo_alguno	octubre_2011_a_entrevista	localidad	U	PUBLICABLE	12772	8205	0.05760308077094455	0.052015113788684224	0.06467188371233983	0.0033002326682033643	5267253.0	200	
RESULT-ENDIREH2016-DIS-TABLA	CALC-ENDIREH-PISOS-2016-DISCRIMINACION-0001	9478e84886d372142ff7635143516d9eca7faffd285934e6cca2e6f95c93ebd6	perjuicio_embarazo_alguno	octubre_2011_a_entrevista	localidad	C	PUBLICABLE	6135	1658	0.03569483734581433	0.029469653705270844	0.043608405804599626	0.003284555290355861	2148546.0	200	
RESULT-ENDIREH2016-DIS-TABLA	CALC-ENDIREH-PISOS-2016-DISCRIMINACION-0001	9478e84886d372142ff7635143516d9eca7faffd285934e6cca2e6f95c93ebd6	perjuicio_embarazo_alguno	octubre_2011_a_entrevista	localidad	R	PUBLICABLE	3869	1339	0.03112384753151472	0.0236968004329346	0.03792483141601344	0.0038681291520541485	1389192.0	200	
RESULT-ENDIREH2016-DIS-TABLA	CALC-ENDIREH-PISOS-2016-DISCRIMINACION-0001	9478e84886d372142ff7635143516d9eca7faffd285934e6cca2e6f95c93ebd6	perjuicio_embarazo_alguno	octubre_2011_a_entrevista	pareja	A1	PUBLICABLE	15618	9162	0.05027746137307103	0.04456236775532557	0.054613626500079865	0.002501904449869277	5271905.0	200	
RESULT-ENDIREH2016-DIS-TABLA	CALC-ENDIREH-PISOS-2016-DISCRIMINACION-0001	9478e84886d372142ff7635143516d9eca7faffd285934e6cca2e6f95c93ebd6	perjuicio_embarazo_alguno	octubre_2011_a_entrevista	pareja	A2	PUBLICABLE	505	480	0.02690899749534391	0.014338142482268165	0.042671957251366584	0.007081172773200886	217994.0	200	
RESULT-ENDIREH2016-DIS-TABLA	CALC-ENDIREH-PISOS-2016-DISCRIMINACION-0001	9478e84886d372142ff7635143516d9eca7faffd285934e6cca2e6f95c93ebd6	perjuicio_embarazo_alguno	octubre_2011_a_entrevista	pareja	B1	PUBLICABLE	3028	2609	0.05746130003985982	0.04484100138916264	0.06966699288088547	0.006571738279217109	1377327.0	200	
RESULT-ENDIREH2016-DIS-TABLA	CALC-ENDIREH-PISOS-2016-DISCRIMINACION-0001	9478e84886d372142ff7635143516d9eca7faffd285934e6cca2e6f95c93ebd6	perjuicio_embarazo_alguno	octubre_2011_a_entrevista	pareja	B2	SUPRIMIDA	607	570						0	precision
RESULT-ENDIREH2016-DIS-TABLA	CALC-ENDIREH-PISOS-2016-DISCRIMINACION-0001	9478e84886d372142ff7635143516d9eca7faffd285934e6cca2e6f95c93ebd6	perjuicio_embarazo_alguno	octubre_2011_a_entrevista	pareja	C1	PUBLICABLE	2605	2287	0.04332837706772437	0.03272903539776754	0.05446282374980647	0.005524924484921251	1450689.0	200	
RESULT-ENDIREH2016-DIS-TABLA	CALC-ENDIREH-PISOS-2016-DISCRIMINACION-0001	9478e84886d372142ff7635143516d9eca7faffd285934e6cca2e6f95c93ebd6	perjuicio_embarazo_alguno	octubre_2011_a_entrevista	pareja	C2	SUPRIMIDA	413	396						0	precision
RESULT-ENDIREH2016-DIS-TABLA	CALC-ENDIREH-PISOS-2016-DISCRIMINACION-0001	9478e84886d372142ff7635143516d9eca7faffd285934e6cca2e6f95c93ebd6	perjuicio_embarazo_alguno	octubre_2011_a_entrevista	entidad	01	PUBLICABLE	867	436	0.04248225809334835	0.02982513508228635	0.057707830745253486	0.00726139639961729	111882.0	200	
RESULT-ENDIREH2016-DIS-TABLA	CALC-ENDIREH-PISOS-2016-DISCRIMINACION-0001	9478e84886d372142ff7635143516d9eca7faffd285934e6cca2e6f95c93ebd6	perjuicio_embarazo_alguno	octubre_2011_a_entrevista	entidad	02	PUBLICABLE	865	462	0.030873444929329773	0.02088120436590846	0.043633541808216166	0.006201219735574149	337766.0	200	
RESULT-ENDIREH2016-DIS-TABLA	CALC-ENDIREH-PISOS-2016-DISCRIMINACION-0001	9478e84886d372142ff7635143516d9eca7faffd285934e6cca2e6f95c93ebd6	perjuicio_embarazo_alguno	octubre_2011_a_entrevista	entidad	03	PUBLICABLE	933	331	0.029619319707957902	0.015442628227521482	0.0456119552208284	0.00715780703187721	81906.0	200	
RESULT-ENDIREH2016-DIS-TABLA	CALC-ENDIREH-PISOS-2016-DISCRIMINACION-0001	9478e84886d372142ff7635143516d9eca7faffd285934e6cca2e6f95c93ebd6	perjuicio_embarazo_alguno	octubre_2011_a_entrevista	entidad	04	PUBLICABLE	699	350	0.03188513359214432	0.018428758897163496	0.05117932022567476	0.00824371054065886	70064.0	200	
RESULT-ENDIREH2016-DIS-TABLA	CALC-ENDIREH-PISOS-2016-DISCRIMINACION-0001	9478e84886d372142ff7635143516d9eca7faffd285934e6cca2e6f95c93ebd6	perjuicio_embarazo_alguno	octubre_2011_a_entrevista	entidad	05	PUBLICABLE	784	435	0.06569034829904395	0.048023938371557294	0.08447786582939695	0.009352431957941505	236808.0	200	
RESULT-ENDIREH2016-DIS-TABLA	CALC-ENDIREH-PISOS-2016-DISCRIMINACION-0001	9478e84886d372142ff7635143516d9eca7faffd285934e6cca2e6f95c93ebd6	perjuicio_embarazo_alguno	octubre_2011_a_entrevista	entidad	06	PUBLICABLE	883	428	0.024724692178289202	0.015948844185634685	0.03509918150030158	0.005114868974612482	70739.0	200	
RESULT-ENDIREH2016-DIS-TABLA	CALC-ENDIREH-PISOS-2016-DISCRIMINACION-0001	9478e84886d372142ff7635143516d9eca7faffd285934e6cca2e6f95c93ebd6	perjuicio_embarazo_alguno	octubre_2011_a_entrevista	entidad	07	PUBLICABLE	631	252	0.035209560478653576	0.021691443391396056	0.04897334206974904	0.007162936820007717	317641.0	200	
RESULT-ENDIREH2016-DIS-TABLA	CALC-ENDIREH-PISOS-2016-DISCRIMINACION-0001	9478e84886d372142ff7635143516d9eca7faffd285934e6cca2e6f95c93ebd6	perjuicio_embarazo_alguno	octubre_2011_a_entrevista	entidad	08	PUBLICABLE	679	407	0.059553197632452724	0.0410797497255296	0.08166416916168033	0.010734415822972881	277080.0	200	
RESULT-ENDIREH2016-DIS-TABLA	CALC-ENDIREH-PISOS-2016-DISCRIMINACION-0001	9478e84886d372142ff7635143516d9eca7faffd285934e6cca2e6f95c93ebd6	perjuicio_embarazo_alguno	octubre_2011_a_entrevista	entidad	09	PUBLICABLE	638	433	0.04715267938419218	0.03385251094513891	0.06474499790578146	0.008501060881132037	651437.0	200	
RESULT-ENDIREH2016-DIS-TABLA	CALC-ENDIREH-PISOS-2016-DISCRIMINACION-0001	9478e84886d372142ff7635143516d9eca7faffd285934e6cca2e6f95c93ebd6	perjuicio_embarazo_alguno	octubre_2011_a_entrevista	entidad	10	PUBLICABLE	655	353	0.04349210046193859	0.02966631533513416	0.06062350447631096	0.008554120531180626	128805.0	200	
RESULT-ENDIREH2016-DIS-TABLA	CALC-ENDIREH-PISOS-2016-DISCRIMINACION-0001	9478e84886d372142ff7635143516d9eca7faffd285934e6cca2e6f95c93ebd6	perjuicio_embarazo_alguno	octubre_2011_a_entrevista	entidad	11	PUBLICABLE	648	328	0.09465439801642143	0.06870500801011531	0.12332086588584253	0.013764535672023388	393632.0	200	
RESULT-ENDIREH2016-DIS-TABLA	CALC-ENDIREH-PISOS-2016-DISCRIMINACION-0001	9478e84886d372142ff7635143516d9eca7faffd285934e6cca2e6f95c93ebd6	perjuicio_embarazo_alguno	octubre_2011_a_entrevista	entidad	12	PUBLICABLE	697	279	0.03691503005004149	0.023545901881269454	0.05685553461322322	0.00882207313184487	278369.0	200	
RESULT-ENDIREH2016-DIS-TABLA	CALC-ENDIREH-PISOS-2016-DISCRIMINACION-0001	9478e84886d372142ff7635143516d9eca7faffd285934e6cca2e6f95c93ebd6	perjuicio_embarazo_alguno	octubre_2011_a_entrevista	entidad	13	PUBLICABLE	661	239	0.061785148269080215	0.036986166828301074	0.08487654646313336	0.012411066774782105	209484.0	200	
RESULT-ENDIREH2016-DIS-TABLA	CALC-ENDIREH-PISOS-2016-DISCRIMINACION-0001	9478e84886d372142ff7635143516d9eca7faffd285934e6cca2e6f95c93ebd6	perjuicio_embarazo_alguno	octubre_2011_a_entrevista	entidad	14	PUBLICABLE	747	377	0.06386493233734955	0.042625538666034586	0.08550309932447087	0.010584346563257387	613263.0	200	
RESULT-ENDIREH2016-DIS-TABLA	CALC-ENDIREH-PISOS-2016-DISCRIMINACION-0001	9478e84886d372142ff7635143516d9eca7faffd285934e6cca2e6f95c93ebd6	perjuicio_embarazo_alguno	octubre_2011_a_entrevista	entidad	15	PUBLICABLE	604	360	0.06774819175394163	0.049199692823272745	0.09054447398572282	0.010958400203144404	1095675.0	200	
RESULT-ENDIREH2016-DIS-TABLA	CALC-ENDIREH-PISOS-2016-DISCRIMINACION-0001	9478e84886d372142ff7635143516d9eca7faffd285934e6cca2e6f95c93ebd6	perjuicio_embarazo_alguno	octubre_2011_a_entrevista	entidad	16	PUBLICABLE	589	249	0.03950930744736067	0.02216728780955451	0.05585118534961498	0.008871692241190271	285148.0	200	
RESULT-ENDIREH2016-DIS-TABLA	CALC-ENDIREH-PISOS-2016-DISCRIMINACION-0001	9478e84886d372142ff7635143516d9eca7faffd285934e6cca2e6f95c93ebd6	perjuicio_embarazo_alguno	octubre_2011_a_entrevista	entidad	17	PUBLICABLE	657	320	0.03974370697425313	0.0242254691589222	0.057196144786296615	0.008583971939095924	153106.0	200	
RESULT-ENDIREH2016-DIS-TABLA	CALC-ENDIREH-PISOS-2016-DISCRIMINACION-0001	9478e84886d372142ff7635143516d9eca7faffd285934e6cca2e6f95c93ebd6	perjuicio_embarazo_alguno	octubre_2011_a_entrevista	entidad	18	PUBLICABLE	811	320	0.031230107077367435	0.01989777288061179	0.042162115579240815	0.006276791149284513	105251.0	200	
RESULT-ENDIREH2016-DIS-TABLA	CALC-ENDIREH-PISOS-2016-DISCRIMINACION-0001	9478e84886d372142ff7635143516d9eca7faffd285934e6cca2e6f95c93ebd6	perjuicio_embarazo_alguno	octubre_2011_a_entrevista	entidad	19	PUBLICABLE	717	421	0.03174922479098795	0.02011062061938425	0.046386907554634614	0.007018881631001232	407632.0	200	
RESULT-ENDIREH2016-DIS-TABLA	CALC-ENDIREH-PISOS-2016-DISCRIMINACION-0001	9478e84886d372142ff7635143516d9eca7faffd285934e6cca2e6f95c93ebd6	perjuicio_embarazo_alguno	octubre_2011_a_entrevista	entidad	20	PUBLICABLE	607	250	0.02806647548414962	0.0149152419957571	0.04357875396853176	0.007601796795484406	256997.0	200	
RESULT-ENDIREH2016-DIS-TABLA	CALC-ENDIREH-PISOS-2016-DISCRIMINACION-0001	9478e84886d372142ff7635143516d9eca7faffd285934e6cca2e6f95c93ebd6	perjuicio_embarazo_alguno	octubre_2011_a_entrevista	entidad	21	PUBLICABLE	970	437	0.035195523616402095	0.021531365374484072	0.04967194919145514	0.00724832400649006	471452.0	200	
RESULT-ENDIREH2016-DIS-TABLA	CALC-ENDIREH-PISOS-2016-DISCRIMINACION-0001	9478e84886d372142ff7635143516d9eca7faffd285934e6cca2e6f95c93ebd6	perjuicio_embarazo_alguno	octubre_2011_a_entrevista	entidad	22	PUBLICABLE	792	371	0.06438549230192853	0.04692856272366605	0.08767174462273951	0.010611102377055003	168159.0	200	
RESULT-ENDIREH2016-DIS-TABLA	CALC-ENDIREH-PISOS-2016-DISCRIMINACION-0001	9478e84886d372142ff7635143516d9eca7faffd285934e6cca2e6f95c93ebd6	perjuicio_embarazo_alguno	octubre_2011_a_entrevista	entidad	23	PUBLICABLE	628	380	0.05062627650152728	0.03302324691348674	0.06844538621164359	0.00927977341336441	110654.0	200	
RESULT-ENDIREH2016-DIS-TABLA	CALC-ENDIREH-PISOS-2016-DISCRIMINACION-0001	9478e84886d372142ff7635143516d9eca7faffd285934e6cca2e6f95c93ebd6	perjuicio_embarazo_alguno	octubre_2011_a_entrevista	entidad	24	PUBLICABLE	568	316	0.05699589103637194	0.035195898924752556	0.07895730819139964	0.011778666538152953	164275.0	200	
RESULT-ENDIREH2016-DIS-TABLA	CALC-ENDIREH-PISOS-2016-DISCRIMINACION-0001	9478e84886d372142ff7635143516d9eca7faffd285934e6cca2e6f95c93ebd6	perjuicio_embarazo_alguno	octubre_2011_a_entrevista	entidad	25	PUBLICABLE	841	358	0.04673156293805959	0.03218600173530567	0.06335412072904736	0.008348249350897478	256101.0	200	
RESULT-ENDIREH2016-DIS-TABLA	CALC-ENDIREH-PISOS-2016-DISCRIMINACION-0001	9478e84886d372142ff7635143516d9eca7faffd285934e6cca2e6f95c93ebd6	perjuicio_embarazo_alguno	octubre_2011_a_entrevista	entidad	26	PUBLICABLE	682	378	0.045367624380175095	0.029383776773987763	0.06368079469636696	0.009659875836865988	210745.0	200	
RESULT-ENDIREH2016-DIS-TABLA	CALC-ENDIREH-PISOS-2016-DISCRIMINACION-0001	9478e84886d372142ff7635143516d9eca7faffd285934e6cca2e6f95c93ebd6	perjuicio_embarazo_alguno	octubre_2011_a_entrevista	entidad	27	PUBLICABLE	641	256	0.03204282429223056	0.017003076632319737	0.045261786689740555	0.007887924494420646	159162.0	200	
RESULT-ENDIREH2016-DIS-TABLA	CALC-ENDIREH-PISOS-2016-DISCRIMINACION-0001	9478e84886d372142ff7635143516d9eca7faffd285934e6cca2e6f95c93ebd6	perjuicio_embarazo_alguno	octubre_2011_a_entrevista	entidad	28	PUBLICABLE	649	396	0.042846456372160543	0.023495019684462482	0.06522599294465115	0.010609204981456021	270034.0	200	
RESULT-ENDIREH2016-DIS-TABLA	CALC-ENDIREH-PISOS-2016-DISCRIMINACION-0001	9478e84886d372142ff7635143516d9eca7faffd285934e6cca2e6f95c93ebd6	perjuicio_embarazo_alguno	octubre_2011_a_entrevista	entidad	29	PUBLICABLE	782	367	0.04534946443708099	0.031047079527368276	0.061637284066434386	0.008228250330908371	103816.0	200	
RESULT-ENDIREH2016-DIS-TABLA	CALC-ENDIREH-PISOS-2016-DISCRIMINACION-0001	9478e84886d372142ff7635143516d9eca7faffd285934e6cca2e6f95c93ebd6	perjuicio_embarazo_alguno	octubre_2011_a_entrevista	entidad	30	PUBLICABLE	582	273	0.024363100100325098	0.010131859903169015	0.03712370920669647	0.006747431729141556	547221.0	200	
RESULT-ENDIREH2016-DIS-TABLA	CALC-ENDIREH-PISOS-2016-DISCRIMINACION-0001	9478e84886d372142ff7635143516d9eca7faffd285934e6cca2e6f95c93ebd6	perjuicio_embarazo_alguno	octubre_2011_a_entrevista	entidad	31	PUBLICABLE	706	365	0.03571117650131458	0.021694574919373186	0.053431610147739624	0.008570598219797054	172299.0	200	
RESULT-ENDIREH2016-DIS-TABLA	CALC-ENDIREH-PISOS-2016-DISCRIMINACION-0001	9478e84886d372142ff7635143516d9eca7faffd285934e6cca2e6f95c93ebd6	perjuicio_embarazo_alguno	octubre_2011_a_entrevista	entidad	32	PUBLICABLE	563	275	0.031056251979906774	0.018612331272751127	0.04712782975472221	0.007211546312434001	88388.0	200	
