id_afirmacion	intento	ruta	url	http_code	bytes	sha256	estructura	fecha_utc	resultado_intento	nota	lote
ASTRA5-U0-APUEST-016	1	WEBSEARCH	query: Angel Pena Aplazo declaracion TechCrunch noviembre 2021 comunicado LinkedIn					2026-09-24T19:59:00Z	EXISTE-SATISFACE	WebSearch localizo el articulo TechCrunch (15-nov-2021) con la declaracion citada de Angel Pena; no aparecio un comunicado propio/LinkedIn oficial de Aplazo reproduciendo la misma cita.	1
ASTRA5-U0-APUEST-016	2	CABECERAS-LINUX	https://techcrunch.com/2021/11/15/aplazo-takes-in-27m-to-increase-adoption-of-bnpl-in-mexico/	200	46875	161a8f7096536cfd5dd8b5b3389081314565fb4d35ab1d5a86477aa75f38b930	HTML-TITULO:Aplazo takes in $27M to increase adoption of BNPL in Mexico | TechCrunch	2026-09-24T20:00:39Z	EXISTE-SATISFACE	Articulo real de TechCrunch (15-nov-2021) contiene la frase citada ('90% of people are unaddressed'); es la fuente secundaria (medio), no un comunicado propio de Aplazo/Kueski -- ese canal oficial no se encontro en esta pasada.	1
ASTRA5-U0-APUEST-022	1	OPENALEX	https://api.openalex.org/works?search=CEPAL%202016%20Oportunidades%20movilidad%20ocupacional%20intergeneracional&select=id,doi,title,publication_year,best_oa_location	200	30317	842ba98e5097db6aa96fd59f28d4d7f71e42c9a742410a347d047e67d220b98f	JSON-OK	2026-09-24T19:39:28Z	NO-ENCONTRADO	Busca informe CEPAL 2016 sobre Progresa/Oportunidades y movilidad ocupacional intergeneracional; los 5 primeros resultados (2018-2021, otros autores/temas) no coinciden con CEPAL 2016 ni con el tema exacto.	2
ASTRA5-U0-APUEST-022	2	API-PORTAL	https://repositorio.cepal.org/server/api/discover/search/objects?query=Oportunidades%20movilidad%20ocupacional%20intergeneracional&dsoType=item	200	377045	17b9473c2c93a665a251c81deef0b01a08ca15127ff4b548ee05e36f389ca7bc	JSON-OK	2026-09-24T19:39:58Z	NO-ENCONTRADO	API de discovery del repositorio CEPAL (DSpace), 520 resultados; los 10 primeros títulos no son el informe 2016 sobre Progresa/Oportunidades pedido.	2
ASTRA5-U0-APUEST-022	3	API-PORTAL	https://repositorio.cepal.org/server/api/discover/search/objects?query=Programa%20Oportunidades%20movilidad%20intergeneracional&dsoType=item	200	423778	6ec425a4646d793c810c33d1e03168ebcac2eb908f66a9434d2be607fb9c35c4	JSON-OK	2026-09-24T19:40:18Z	NO-ENCONTRADO	Segunda consulta al mismo repositorio con términos alternos, 799 resultados; ninguno de los 10 primeros títulos coincide con un informe CEPAL 2016 específico sobre Oportunidades/movilidad ocupacional; se detiene aquí (3 intentos).	2
ASTRA5-U0-APUEST-027	1	WEBSEARCH	https://heraldodemexico.com.mx/estilo-de-vida/2025/8/19/uber-didi-indrive-cual-es-la-mejor-empresa-de-transporte-en-mexico-en-agosto-de-2025-segun-ia-723627.html					2026-09-24T20:05:25Z	EXISTE-SATISFACE	Busqueda 'DiDi Uber participacion de mercado conjunta 56% apps de movilidad Mexico' devolvio articulo de El Heraldo de Mexico (19/ago/2025) como candidato principal; se verifico con curl en el intento siguiente.	3
ASTRA5-U0-APUEST-027	2	CABECERAS-LINUX	https://heraldodemexico.com.mx/estilo-de-vida/2025/8/19/uber-didi-indrive-cual-es-la-mejor-empresa-de-transporte-en-mexico-en-agosto-de-2025-segun-ia-723627.html	200	124669	36aabb5f279c75895c180f4b2ac3ae98b31323c761f6672a17aa0aeeda7e921f	HTML-TITULO:Uber, Didi e Indrive? Cual es la mejor empresa de transporte en Mexico en agosto de 2025, segun IA - El Heraldo de Mexico	2026-09-24T20:05:25Z	EXISTE-SATISFACE	El articulo real contiene la frase 'junto con Uber, tiene cerca del 56% de participacion' refiriendose a DiDi; coincide con la cifra ~56% de participacion conjunta DiDi+Uber pedida en la pieza, fecha de corte agosto 2025.	3
ASTRA5-U0-APUEST-033	1	CABECERAS-LINUX	https://www.heinekenmexico.com/prensa	200	77421	f7b409785e757e154b9256802499c0c2a732c1b9653dc62037f8867ae9713cbf	HTML-TITULO:HEINEKEN Mexico - Comunicados de prensa	2026-09-24T20:14:15Z	NO-ENCONTRADO	Listado de comunicados de prensa de HEINEKEN Mexico carga (200) pero solo muestra notas corporativas recientes de sustentabilidad, sin ningun comunicado sobre 'Es facil ser hombre'/'Somos Bax' visible.	4
ASTRA5-U0-APUEST-033	2	WEBSEARCH	https://www.google.com/search?q=Heineken+M%C3%A9xico+%22Es+f%C3%A1cil+ser+hombre%22+OR+%22Somos+Bax%22+retiro+campa%C3%B1a+comunicado+violencia+de+g%C3%A9nero	200	0		HTML-TITULO:resultados WebSearch (no fetch directo)	2026-09-24T20:14:30Z	NO-ENCONTRADO	WebSearch confirma el evento real (Tecate/Cuauhtemoc Moctezuma retiro 'Es facil ser hombre' en 2013 y lanzo campana anti-violencia con Conavim/RNR) via Proceso, SinEmbargo, ExpokNews, Forbes; ninguna es el comunicado oficial de la empresa. Verificacion de candidatas en filas siguientes.	4
ASTRA5-U0-APUEST-033	3	CABECERAS-LINUX	https://www.proceso.com.mx/444159/tecate-lanza-campana-combatir-violencia-genero-en-mexico	404	926	9a867341d755b52f63eb6fb2a3ec5bc3baaa6a9dcc16092ffbb2658f10f38d41	SOFT-404	2026-09-24T20:14:49Z	NO-ENCONTRADO	Articulo de Proceso ya no esta en esa URL (404); nota de la campana de combate a violencia de genero de Tecate no verificable por esta ruta.	4
ASTRA5-U0-APUEST-033	4	CABECERAS-LINUX	https://www.sinembargo.mx/641952/ong-obliga-a-tecate-a-cancelar-campana-esfacilserhombre-atenta-contra-la-equidad-de-genero-dicen/	403	19171		RETO-CLOUDFLARE	2026-09-24T20:15:07Z	NO-ACCESIBLE	SinEmbargo bloquea la peticion directa con 403 (proteccion anti-bot).	4
ASTRA5-U0-APUEST-033	5	CABECERAS-LINUX	https://www.expoknews.com/hombres-los-necesitamos-para-combatir-la-violencia-de-genero-vp-de-heineken/	200	423329	3e669b0a1d6ced4e36fdeaf60cd7142d0edfe35f5a4b7b686a6a9e75e839c5c4	HTML-TITULO:Hombres, los necesitamos para combatir la violencia de genero: VP de Heineken - ExpokNews	2026-09-24T20:15:51Z	EXISTE-SATISFACE	Articulo verificado (200, PDF/HTML real) cita directamente a un VP de Heineken/Cuauhtemoc Moctezuma explicando que la marca Tecate lanzo en 2016 una campana anti-violencia tras ser criticada por la asociacion civil La Cabaretiza; corrobora la sustancia de la pieza (viraje a posicionamiento anti-violencia de genero) aunque no es el comunicado oficial de la empresa ni menciona 'Somos Bax' por su nombre.	4
ASTRA5-U0-APUEST-035	1	WEBSEARCH	query: Justo Grupo OMNi General Atlantic cierre diciembre 2025 rescate 2026 comunicado -> https://expansion.mx/tecnologia/2026/01/13/justo-logra-impensable-reabre-omni-general-atlantic					2026-09-24T19:54:00Z	EXISTE-SATISFACE	WebSearch devolvio varias notas de prensa (Expansion, T21, Bloomberg Linea, Heraldo) sobre el cierre 15-dic-2025 y rescate 13-ene-2026 de Justo por OMNi/General Atlantic/FEMSA; se verifico con curl la de Expansion en el intento 2.	5
ASTRA5-U0-APUEST-035	2	CABECERAS-LINUX	https://expansion.mx/tecnologia/2026/01/13/justo-logra-impensable-reabre-omni-general-atlantic	200	163580	326ef42420b1b09b5d26f2639808b3281a78214c0a4fd081f0a4f6262b3b7437	HTML-TITULO:Justo logra lo impensable: reabre de la mano de OMNi y General Atl	2026-09-24T19:54:48Z	EXISTE-SATISFACE	Nota de Expansion (titulo real) confirma texto General Atlantic, OMNi, diciembre y 100 millones; es cobertura periodistica del cierre/rescate, no el comunicado oficial de Justo/OMNi/General Atlantic en su propio dominio, pero satisface la existencia del hecho citado por el report con fuente identificable y fechada.	5
ASTRA5-U0-APUEST-038	1	WEBSEARCH	query: COFEPRIS resolucion sancion Laboratorios Imperiales Pharma BCG proveedor inhabilitado					2026-09-24T19:59:10Z	EXISTE-SATISFACE	WebSearch identifico que fue la Secretaria de la Funcion Publica (SFP), no COFEPRIS, quien inhabilito 27 meses y multo a Grupo Laboratorios Imperiales Pharma por informacion falsa en contratos de vacuna triple viral y hepatitis B (no BCG exactamente); ubica gob.mx/cofepris/resoluciones-y-sanciones y directoriosancionados.apps.funcionpublica.gob.mx como fuentes primarias a verificar.	1
ASTRA5-U0-APUEST-038	2	CABECERAS-LINUX	https://www.gob.mx/cofepris/acciones-y-programas/resoluciones-y-sanciones	200	1172	e496e3f700fe280f260fb02f6c1aa059915a6f6ca0549b1f62489e622db36c4b	RETO-CLOUDFLARE	2026-09-24T20:00:40Z	NO-ACCESIBLE	Pagina devuelve 200 pero el cuerpo es un reto de bot ('Challenge Validation', script cp_clge) que cubre todo el dominio gob.mx, no el contenido de resoluciones.	1
ASTRA5-U0-APUEST-038	3	CABECERAS-LINUX	https://directoriosancionados.apps.funcionpublica.gob.mx/	000	0		ERROR-CURL	2026-09-24T20:01:30Z	NO-ACCESIBLE	curl: (7) CONNECT tunnel failed, response 502 -- fallo de tunel/proxy al intentar conectar con el host.	1
ASTRA5-U0-APUEST-044	1	CDX	https://web.archive.org/cdx/search/cdx?url=gob.mx%2Fprofeco%2F%2A&output=json&collapse=urlkey&limit=300&filter=original%3A.%2Aavak.%2A	503	11832	e084d527921708642a79724e9f0210da659bbc0905c6ce9a3a1f416e4628091c	HTML-TITULO:Internet Archive: Temporarily Offline	2026-09-24T19:41:27Z	NO-ACCESIBLE	CDX de gob.mx/profeco filtrado por Kavak; Wayback respondió 503 con página propia de mantenimiento, no del dominio pedido.	2
ASTRA5-U0-APUEST-044	2	WEBSEARCH						2026-09-24T19:41:40Z	EXISTE-SATISFACE	WebSearch 'Profeco boletín quejas Kavak 2025 218 quejas comunicado'; resultado relevante: articulo elceo.com sobre Kavak que cita 218 quejas 2025 vía enlace de prensa de Profeco (verificado en fila siguiente).	2
ASTRA5-U0-APUEST-044	3	CABECERAS-LINUX	https://elceo.com/investigaciones-especiales/kavak-los-autos-cangrejo-facturas-alteradas-y-la-crisis-del-primer-unicornio-mexicano/	200	271075	626e2ea2ccd9db77477d6731d5cd508aae70c723e0acd4846451bbfc5743a5bd	HTML-TITULO:Kavak: los 'autos cangrejo', facturas alteradas y la crisis del prim	2026-09-24T19:42:06Z	EXISTE-SATISFACE	Reportaje de El CEO confirma 218 quejas contra Kavak en 2025 'según información proporcionada directamente por el enlace de prensa de Profeco'; no es el boletín/informe oficial de Profeco en sí (no se localizó documento publicado de Profeco), sino prensa que cita a Profeco como fuente directa de la cifra.	2
ASTRA5-U0-APUEST-044	4	CABECERAS-LINUX	https://www.milenio.com/negocios/kavak-acumula-190-quejas-usuarios-profeco	200	191747	c7ef5187d261294732b0f1fa72a62cda6d1fdd93fed4f46cf966e76ef9d0d304	HTML-TITULO:Kavak acumula 119 quejas de usuarios ante Profeco- Grupo Mileni	2026-09-24T19:42:20Z	NO-ENCONTRADO	Articulo de Milenio sobre quejas Kavak-Profeco pero reporta 119 quejas acumuladas desde 2017 (cifra distinta a las 218 de 2025 buscadas); no es el documento pedido.	2
ASTRA5-U0-APUEST-044	5	WEBSEARCH						2026-09-24T19:42:35Z	EXISTE-SATISFACE	WebSearch 'Kavak ronda de inversión comunicado valuación 2,200 millones de dólares'; candidatos iproup.com y dplnews.com con valuación US$2,200 millones (verificado en filas siguientes).	2
ASTRA5-U0-APUEST-044	6	CABECERAS-LINUX	https://www.iproup.com/economia-digital/55362-kavak-reduce-su-valuacion-valuacion-de-us6500-a-us2200-millones	000	0		ERROR-CURL	2026-09-24T19:42:50Z	NO-ACCESIBLE	curl: (7) Failed to connect to www.iproup.com -- host no respondió/rechazó la conexión desde el sandbox.	2
ASTRA5-U0-APUEST-044	7	CABECERAS-LINUX	https://dplnews.com/kavak-levanta-nueva-ronda-500-mdd/	200	114396	fa8342d4ab8d5d59175f06ee71217f209b24d0d946fdd3adc859acf6a25ac915	HTML-TITULO:Kavak levanta ronda 527 mdd; disminuye valuación | DPL New	2026-09-24T19:42:56Z	EXISTE-SATISFACE	DPL News confirma ronda de capital y deuda de 517 mdd a valuación de 2.2 mil millones de dólares (2,200 mdd), casando con la pieza pedida (comunicado/prensa de la ronda Kavak).	2
ASTRA5-U0-APUEST-046	1	CABECERAS-LINUX	https://www.gob.mx/salud/articulos/conoce-susana-distancia	200	1881	fbd3195f8d09ee586076f1109dc37b684ca815b1b9255ff3d34e1ecbda7e4192	CAPTCHA	2026-09-24T19:58:14Z	NO-ACCESIBLE	gob.mx responde con pagina 'Challenge Validation' (reto criptografico anti-bot), no entrega el comunicado; URL adivinada.	3
ASTRA5-U0-APUEST-046	2	CABECERAS-LINUX	https://www.gob.mx/salud/es/articulos/susana-distancia-medidas-de-prevencion	200	1881	0909d02c71ae797c4fbe049a0aff01ef0262b95d468a0a8d2c67ba86676b8702	CAPTCHA	2026-09-24T19:58:14Z	NO-ACCESIBLE	Segunda URL adivinada en gob.mx, mismo reto anti-bot 'Challenge Validation'; el bloqueo es del host, no de la URL.	3
ASTRA5-U0-APUEST-046	3	WAYBACK-ID	https://archive.org/wayback/available?url=gob.mx/salud/articulos/conoce-susana-distancia	200	83	a7924ed496c6e844deb9543d8f2e63a37199542786d386126022a6147067ac84	JSON-OK	2026-09-24T19:58:14Z	NO-ENCONTRADO	Wayback availability no tiene captura para esa URL adivinada (archived_snapshots vacio).	3
ASTRA5-U0-APUEST-046	4	CDX	https://web.archive.org/cdx/search/cdx?url=gob.mx/salud*&output=json&collapse=urlkey&filter=urlkey:.*susana.*&limit=200	000	0		ERROR-CURL	2026-09-24T19:58:14Z	NO-ACCESIBLE	curl: (28) Operation timed out after 45000 milliseconds; el indice CDX de Wayback no respondio para esta consulta amplia sobre gob.mx.	3
ASTRA5-U0-ASPIR-004	1	CABECERAS-LINUX	https://www.theciu.com/	200	301094	f1b22e97e80cee4071b5872dfd00b8db3d861077a65bbe8af1cfae2fd09b3c05	HTML-TITULO:The CIU	2026-09-24T20:09:33Z	EXISTE-SATISFACE	Portal de The CIU (Competitive Intelligence Unit) carga con normalidad y publica trackers de telecom/dispositivos, incl. 'Telecom al 2T-2026' y el documento de analisis de adopcion de smartphones citado abajo.	4
ASTRA5-U0-ASPIR-004	2	CABECERAS-LINUX	https://www.theciu.com/documentos-de-analisis/2020/11/5/promoviendo-la-adopcin-de-smartphones-en-mxico-incentivos-para-una-actividad-esencial	200	165361	42bbfc8e86e4d91fa5c612f67863aa9d815d5d2aa43184fe34c32e5057538078	HTML-TITULO:Promoviendo la Adopcion de Smartphones en Mexico: Incentivos para una Actividad Esencial	2026-09-24T20:11:02Z	EXISTE-SATISFACE	Documento real de The CIU sobre adopcion de smartphones en Mexico (2020), pertinente al tema de penetracion de dispositivos que la pieza atribuye a este emisor (aunque no se confirmo si es la pieza exacta citada por el report, ya truncada en el registro de la pieza).	4
ASTRA5-U0-ASPIR-004	3	CABECERAS-LINUX	https://www.appsflyer.com/resources/reports/state-of-app-marketing/	404	381721	9f1fd756b96761c925d7135625c77b68aa2571e498c038268fc8d228feb3d2e4	SOFT-404	2026-09-24T20:11:23Z	NO-ENCONTRADO	Confirma el hallazgo de la sesion previa: la URL generica de AppsFlyer state-of-app-marketing responde 404; no hay pieza especifica MX localizada por esta ruta.	4
ASTRA5-U0-ASPIR-022	1	WEBSEARCH	query: Grupo Modelo declaracion premiumness crecimiento 38% segmento premium cerveza					2026-09-24T19:54:10Z	NO-ENCONTRADO	WebSearch trajo articulos (Forbes, El Financiero, Expansion, Bankinter) sobre la estrategia premium de Grupo Modelo (meta de triplicar volumen premium, premium ~4% del volumen vs 50% en UK) pero ninguno cita textualmente 'premiumness' ni la cifra de crecimiento del 38% del segmento citadas por el report.	5
ASTRA5-U0-ASPIR-022	2	WEBSEARCH	query: Grupo Modelo premiumness OR premiumizacion crecimiento cerveza premium Mexico declaracion ejecutivo					2026-09-24T19:55:00Z	NO-ENCONTRADO	Segunda busqueda con terminos alternativos (premiumizacion, declaracion ejecutivo) tampoco aislo la declaracion especifica de Grupo Modelo (2018-2019) sobre 38% de crecimiento del segmento premium; los articulos encontrados hablan de la estrategia en terminos generales sin esa cifra ni ese ano.	5
ASTRA5-U0-ASPIR-026	1	CABECERAS-LINUX	https://amda.mx/power-rank/	200	309484	8d0c536f213e00e9e97005f30a5d64ef48c0ada9c5dc244e0d0858acc37bb664	HTML-TITULO:Power Rank ligeros - AMDA	2026-09-24T19:48:27Z	EXISTE-SATISFACE	Pagina real de AMDA con Power Rank Ligeros mensual (WordPress; 'captcha' en el HTML es solo la clase CSS wpcf7-captchar del plugin de contacto, no un muro).	1
ASTRA5-U0-ASPIR-026	2	CABECERAS-LINUX	https://amda.mx/category/ventas-ligeros-general/	200	328246	82e341864704dfa48c5774bf1d9db6410e34a889007b641d6eb7361a79275d17	HTML-TITULO:VENTAS LIGEROS - AMDA	2026-09-24T19:48:30Z	EXISTE-SATISFACE	Categoria de boletines Ventas Ligeros de AMDA, pagina real (mismo sitio, misma falsa alarma de captcha por CSS).	1
ASTRA5-U0-AUTOR-023	1	WEBSEARCH						2026-09-24T19:43:05Z	NO-ENCONTRADO	WebSearch '27% México corrupción Transparency International Barómetro Global OR Latinobarómetro OR MCCI encuesta'; resumen del buscador solo asocia México con el Índice de Percepción de Corrupción (puntaje 27/100, no un 27% de encuesta), no localiza la encuesta con cifra porcentual 27% pedida.	2
ASTRA5-U0-AUTOR-023	2	CABECERAS-LINUX	https://imco.org.mx/barometro-de-la-corrupcion-de-america-latina-2019-via-transparencia-internacional/	000	0		ERROR-CURL	2026-09-24T19:43:28Z	NO-ACCESIBLE	curl: (7) Failed to connect a imco.org.mx desde el sandbox.	2
ASTRA5-U0-AUTOR-023	3	CABECERAS-LINUX	https://contralacorrupcion.mx/que-mantiene-a-mexico-entre-los-paises-con-peor-percepcion-de-corrupcion/	200	248592	201c3282593a457dc23e027c08d4f26d7f7eaad6fbf26d30dc4ecd12e8758713	HTML-TITULO:¿Qué mantiene a México entre los países con peor percepción de	2026-09-24T19:43:33Z	NO-ENCONTRADO	Articulo de MCCI sobre percepción de corrupción en México; no contiene la cifra '27%' buscada (solo un valor CSS incidental '9.27%'); no es la fuente del dato.	2
ASTRA5-U0-CAPSOC-007	1	CABECERAS-LINUX	https://www.latinobarometro.org/latContents.jsp	200	18274	dafd6c8fa8a83b599a564013785cdf4c06ca779b9ada194a20a793bc5596c03c	HTML-TITULO:Latinobarometro	2026-09-24T20:01:20Z	NO-ENCONTRADO	El sitio oficial de Latinobarometro responde real, pero es la portada SPA generica; no localiza el informe/topical brief 2023 especifico que la pieza pide con URL y tabla.	3
ASTRA5-U0-CAPSOC-007	2	CABECERAS-LINUX	https://www.latinobarometro.org/latdocs/INFORME_2023.pdf	200	18277	3f28054825ded0569d0e07e6540c8f6b457377f4210af21a96a1319db9d2c4cf	SOFT-404	2026-09-24T20:01:20Z	NO-ENCONTRADO	URL de PDF adivinada devuelve la misma portada SPA generica (soft-404: 200 con contenido identico a la home), no es el informe pedido.	3
ASTRA5-U0-CAPSOC-026	1	OPENALEX	https://api.openalex.org/works?search=Di%20Giannatale%20Elbittar%20Lopez%20Roa%20confianza%20cuenta%20bancaria&select=id,doi,title,publication_year,best_oa_location	400	998	89bf2eddc875f77fd85f2b7d64a79afd96a5190980050a849813896a170a7a16	JSON-OK	2026-09-24T19:39:43Z	NO-ENCONTRADO	Error 400 por parametro select invalido (host_venue); la consulta no llego a ejecutarse.	4
ASTRA5-U0-CAPSOC-026	2	OPENALEX	https://api.openalex.org/works?search=Di%20Giannatale%20Elbittar%20confianza%20Economia%20Mexicana&select=id,doi,title,publication_year,best_oa_location	200	504	8db295ad11434d751229513b35e2b2dad42980ca21fbb93aea39d874cc030bb8	JSON-OK	2026-09-24T19:40:14Z	NO-ENCONTRADO	count=0: OpenAlex no indexa ningun articulo de Di Giannatale/Elbittar/Lopez/Roa en Economia Mexicana Nueva Epoca con esos terminos.	4
ASTRA5-U0-CAPSOC-026	3	CROSSREF	https://api.crossref.org/works?query.author=Di+Giannatale+Elbittar+Lopez+Roa&query.bibliographic=confianza+cuenta+bancaria+Economia+Mexicana+2013&rows=5	429	0		ERROR-CURL	2026-09-24T19:40:55Z	NO-ACCESIBLE	Crossref devolvio 429 (limite de tasa) en este intento; no se reintento por la regla de un intento por ruta.	4
ASTRA5-U0-CAPSOC-026	4	OPENALEX	https://api.openalex.org/works?search=confianza%20interpersonal%20experimento%20cuenta%20bancaria%20Mexico&select=id,doi,title,publication_year,best_oa_location	200	28280	93c4220b87d10220c70151fe4cd59692ed14fff1784a1e038a81246f321db2a1	JSON-OK	2026-09-24T19:44:12Z	NO-ENCONTRADO	66 resultados sobre confianza/instituciones en LatAm, ninguno es el articulo de Di Giannatale/Elbittar/Lopez/Roa en Economia Mexicana Nueva Epoca 2013; tras 4 intentos (3 OpenAlex, 1 Crossref con 429) no se distingue del working paper CIDE 2009 ni del articulo Scielo/Estudios Economicos que la pieza pide descartar.	4
ASTRA5-U0-CAPSOC-031	1	CABECERAS-LINUX	https://www.cafonline.org/about-us/publications/2024-publications/caf-world-giving-index-2024	404	136468	449c8e6fc1a530daa812d084fb367cd788393825d8bbfd5caad077ee5c823894	SOFT-404	2026-09-24T19:52:03Z	NO-ENCONTRADO	Ruta candidata adivinada para el World Giving Index 2024 en cafonline.org devolvio 404 (pagina de error del sitio real, no bloqueo).	5
ASTRA5-U0-CAPSOC-031	2	CDX	https://web.archive.org/cdx/search/cdx?url=cafonline.org/world-giving-index*&output=json&collapse=urlkey&limit=50	200	235	5bb2eee7cb8bc27d5772138b502e4ebd55ccf0ad8c7c48df04e57e2208ef936b	JSON-OK	2026-09-24T19:53:31Z	EXISTE-SATISFACE	El indice CDX de Wayback confirma que http://cafonline.org/world-giving-index existio (captura 20260305093600, redirect 301), confirmando que CAF sí publico una ruta world-giving-index; no confirma aun si es la edicion 2024 con el ranking 104/147, 64-68 citado por el report.	5
ASTRA5-U0-CAPSOC-031	3	WAYBACK-ID	https://web.archive.org/web/20260305093600/http://cafonline.org/world-giving-index	404	4596	1672dff3f408398b20d1f6296e8b8bd5e6650cd2ec5f5cff79c772878d6c6676	SOFT-404	2026-09-24T19:53:44Z	NO-ENCONTRADO	El reproductor de Wayback no sirvio esa captura especifica (404 de Wayback, no del sitio); no se pudo leer la tabla exacta del World Giving Index para confirmar 104/147 y 64-68 en este lote.	5
ASTRA5-U0-CAPSOC-031	4	WEBSEARCH	query: CAF World Giving Index 2024 Mexico ranking 104 147 64 68 -> https://www.cafonline.org/docs/default-source/inside-giving/wgi/wgi_2024_report.pdf					2026-09-24T19:55:30Z	EXISTE-SATISFACE	WebSearch localizo el PDF oficial del reporte WGI 2024 de CAF; se descargo y verifico en el intento 5.	5
ASTRA5-U0-CAPSOC-031	5	CABECERAS-LINUX	https://www.cafonline.org/docs/default-source/inside-giving/wgi/wgi_2024_report.pdf	200	5930403	2cf9a5b7aaed70e4b59f2916ef99feb75ef22dd01669a3835a39904b5edab86e	PDF-OK	2026-09-24T19:56:04Z	EXISTE-NO-SATISFACE	PDF oficial CAF World Giving Index 2024 (valido, %PDF-1.7/%%EOF) confirmado por pdftotext: cubre 142 paises (no 147) y la tabla de ranking muestra Mexico en la posicion 128 con score 35, ayuda a extrano 64%, dona dinero 22%, voluntariado 20% -no en la posicion 104 de 147 que cita el report-; el '64' de 'cita 64-68' coincide parcialmente (64% ayuda a extranos) pero el '104/147' no corresponde a esta edicion del WGI; la cita del report no se sostiene contra este documento primario.	5
ASTRA5-U0-CLIENT-002	1	OPENALEX	https://api.openalex.org/works/https://doi.org/10.1086/707059	200	16451	cedb1787fe99800892b0f7035c87bc7eb25d0df8246545896bef7f1058b451fb	JSON-OK	2026-09-24T19:39:35Z	EXISTE-SATISFACE	Imai King y Velasco Rivera (2020) JOP confirmado por DOI exacto 10.1086/707059, titulo y year coinciden; best_oa_location=None (muro de pago UChicago Press): identificado por metadatos, sin copia.	1
ASTRA5-U0-CONOC-017	1	WEBSEARCH	query: Research Land Grupo UPAX Dia Mundial de la Salud automedicacion 2026 comunicado -> https://www.saludiario.com/automedicacion-en-mexico-4-de-cada-10-personas-recurren-a-esta-mala-practica/					2026-09-24T19:54:20Z	EXISTE-SATISFACE	WebSearch identifico cobertura de prensa (saludiario.com, elasertivo.com, cionoticias.tv) de la encuesta de Research Land (agencia de investigacion de mercado de Grupo UPAX) con motivo del Dia Mundial de la Salud 2026, citando a Pablo Levy (Director General); se verifico con curl en el intento 2.	5
ASTRA5-U0-CONOC-017	2	CABECERAS-LINUX	https://www.saludiario.com/automedicacion-en-mexico-4-de-cada-10-personas-recurren-a-esta-mala-practica/	200	389369	f8df83eb066df9bc783b546e690727ea0319ba0e38ce2144622e6afc42d3818e	HTML-TITULO:Automedicacion en Mexico: 4 de cada 10 personas la practican	2026-09-24T19:54:48Z	EXISTE-SATISFACE	Articulo real (titulo confirmado) contiene las tres cifras exactas citadas por el report -41%, 28% y 44%- y menciona explicitamente Research Land, UPAX y Levy; es reproduccion periodistica de la encuesta, no el comunicado alojado en dominio propio de Research Land/UPAX, pero confirma que el contenido con esas cifras precisas existe y es rastreable a esa fuente.	5
ASTRA5-U0-CONOC-021	1	WAYBACK-ID	https://archive.org/wayback/available?url=planeacion.sep.gob.mx/principalescifras/	200	260	8fe0e190f9013de282ca84b52c9c730621a861c5582df2de9eb680d9231ba58e	JSON-OK	2026-09-24T19:51:05Z	EXISTE-SATISFACE	Wayback confirma captura disponible (timestamp 20260902003031) para planeacion.sep.gob.mx/principalescifras/, la misma URL que la receta cito como resuelta via curl.exe por TLS:(60); este agente no tiene /mnt/c, va directo a Wayback.	1
ASTRA5-U0-CONOC-021	2	WAYBACK-ID	https://web.archive.org/web/20260902003031id_/https://www.planeacion.sep.gob.mx/principalescifras/	200	7315	5dbb8d167895fe7390b61e31d9d5e78325146fce822b5cbe43d40523a76cb1a6	HTML-TITULO:Principales Cifras DGPPyEE	2026-09-24T19:57:18Z	EXISTE-SATISFACE	Captura cruda muestra pagina real de la Direccion General de Planeacion Programacion y Estadistica Educativa (SEP), coincide con 'Principales Cifras del Sistema Educativo Nacional' de la pieza; CURL-EXE-WINDOWS NO-INTENTADO-POR-ESTE-AGENTE.	1
ASTRA5-U0-CONOC-023	1	CDX	https://web.archive.org/cdx/search/cdx?url=blogs.worldbank.org%2Fen%2Fdevelopmenttalk%2F%2A&output=json&collapse=urlkey&limit=500	503	11832	e084d527921708642a79724e9f0210da659bbc0905c6ce9a3a1f416e4628091c	HTML-TITULO:Internet Archive: Temporarily Offline	2026-09-24T19:48:17Z	NO-ACCESIBLE	Servicio CDX de Wayback caído (503 'Temporarily Offline'; confirmado con control sobre example.com también 503, mientras archive.org/wayback/available sí responde 200); no utilizable en esta sesión.	2
ASTRA5-U0-CONOC-023	2	WEBSEARCH						2026-09-24T19:48:50Z	EXISTE-SATISFACE	WebSearch 'Lopez-Calva Brookings Future Development caída retornos salariales escolaridad México sobreeducación informalidad'; primer resultado es artículo Brookings coautorado citando trabajo con López-Calva sobre el mismo tema (verificado en fila siguiente).	2
ASTRA5-U0-CONOC-023	3	CABECERAS-LINUX	https://www.brookings.edu/es/research/puede-una-mayor-educacion-aumentar-el-crecimiento-economico-en-mexico/	200	187608	571f263ef872d3d9804354fcc53905f2682ddfb500a72cabaa2f20a4f9438b37	HTML-TITULO:¿Puede una mayor educación aumentar el crecimiento económico	2026-09-24T19:49:08Z	EXISTE-SATISFACE	Articulo de Brookings (autor distinto, cita 'López-Calva y yo hemos explorado...') sobre caída de retornos salariales por escolaridad en México y su relación con informalidad/mala asignación de recursos; casa con la pieza (retornos, sobreeducación, informalidad), aunque el autor principal del post no es López-Calva sino coautor de su investigación conjunta.	2
ASTRA5-U0-CONOC-024	1	CABECERAS-LINUX	https://wellcome.org/reports/wellcome-global-monitor/2018	200	190376	8150e0af2be8a8edf1b6fe5b7924654506df917b3f20f6495973abf1733a7452	HTML-TITULO:Wellcome Global Monitor 2018 | Reports | Wellcome	2026-09-24T19:51:08Z	EXISTE-SATISFACE	Pagina oficial de Wellcome con el reporte Global Monitor 2018, coincide exacto con la pieza pedida.	3
ASTRA5-U0-CONOC-024	2	CABECERAS-LINUX	https://wellcome.org/reports/wellcome-global-monitor-covid-19/2020	200	172947	3a176c8316c6409974a50f643babd71268d9de84bcba4f666d7c9986be37b997	HTML-TITULO:Wellcome Global Monitor 2020: Covid-19 | Wellcome	2026-09-24T19:51:08Z	EXISTE-SATISFACE	Pagina oficial de Wellcome con el reporte Global Monitor 2020 (edicion Covid-19), coincide con la pieza pedida.	3
ASTRA5-U0-CONOC-025	1	CABECERAS-LINUX	https://www.inegi.org.mx/contenidos/saladeprensa/boletines/2018/EstSociodemo/ENPECYT2018_11.pdf	0	0		ERROR-CURL	2026-09-24T19:49:00Z	NO-ACCESIBLE	curl: (7) Failed to connect: URL adivinada; ademas la conexion directa a www.inegi.org.mx (incluida la raiz) no conecta desde este sandbox.	4
ASTRA5-U0-CONOC-025	2	CDX	https://web.archive.org/cdx/search/cdx?url=inegi.org.mx*&output=json&collapse=urlkey&filter=urlkey:.*enpecyt.*&limit=200&from=2018&to=2019	0	0		ERROR-CURL	2026-09-24T19:49:30Z	NO-ACCESIBLE	curl: (28) Operation timed out tras 45s: comodin de dominio completo con regex es demasiado amplio para el indice CDX.	4
ASTRA5-U0-CONOC-025	3	CDX	https://web.archive.org/cdx/search/cdx?url=inegi.org.mx/contenidos/saladeprensa/boletines/2018*&output=json&collapse=urlkey&limit=500	200	107176	f46ab6326a958e0640c2d47b2e00ec302f6615817be3a4936522eaa00071f6d6	JSON-OK	2026-09-24T19:50:26Z	EXISTE-SATISFACE	Indice CDX localiza https://inegi.org.mx/contenidos/saladeprensa/boletines/2018/OtrTemEcon/ENPECYT2018_06.pdf (200, application/pdf, 1603696 B, captura 20230609184046): candidato del boletin ENPECYT 2018 (referido al levantamiento 2017).	4
ASTRA5-U0-CONOC-025	4	WAYBACK-ID	https://web.archive.org/web/20230609184046id_/https://inegi.org.mx/contenidos/saladeprensa/boletines/2018/OtrTemEcon/ENPECYT2018_06.pdf	200	1767387	8cf0c1a6dc8addd7475b1e48e94d62e7f5fe9b32667185e0315ca9315203925c	PDF-OK	2026-09-24T19:56:50Z	EXISTE-SATISFACE	PDF verificado con pdftotext: contiene '272/18', tabla de respetabilidad con bomberos/inventores/enfermeras/investigadores, y la frase exacta 'confia demasiado en la fe y muy poco en la ciencia'; coincide con la pieza pedida (boletin 272/18 ENPECYT 2017).	4
ASTRA5-U0-CONS-025	1	CABECERAS-LINUX	corpus/reports/Psicologia_del_Consumidor_Mexicano__Patrones__Contradicciones_y_Estrategia.md (LEIDO en el repo)					2026-09-24T20:00:40Z	NO-ENCONTRADO	La pieza_faltante de esta fila ya llega marcada 'No identificado' por la sesion anterior; se leyo el documento fuente (LEIDO) y contiene multiples citas a Statista sin numero de afirmacion ligado (WhatsApp 92.2% penetracion, 47% desconfia de publicidad online, entre otras), por lo que no hay un unico reporte de mercado privado que aislar sin que dirreccion indique cual afirmacion especifica corresponde a este id; no se intento WebSearch por falta de un termino de busqueda especifico y verificable.	5
ASTRA5-U0-CONS-032	1	OPENALEX	https://api.openalex.org/works?search=Salud%20Publica%20de%20Mexico%20revista&select=id,doi,title,publication_year&per_page=3	200	1240	e813494151a3d19e66c758a72ae9f63a03afba411583d8c9615f508d3c87aa71	JSON-OK	2026-09-24T19:39:43Z	NO-ENCONTRADO	La pieza no trae titulo/autor/DOI: busqueda generica 'Salud Publica de Mexico revista' devuelve 15558 resultados (la revista entera), no aisla un articulo especifico citable como EXISTE.	1
ASTRA5-U0-CONS-033	2	WEBSEARCH						2026-09-24T19:50:10Z	EXISTE-SATISFACE	WebSearch 'México consumo encuesta 77% 59% 2025'; el resumen apunta a datos de consumidores mexicanos 2025 (Statista) con 77% seguro de salud y Telcel 59% cuota móvil; se verifica en filas siguientes.	2
ASTRA5-U0-CONS-033	3	CABECERAS-LINUX	https://www.merca20.com/60-datos-de-los-consumidores-mexicanos-2025-segun-statista/	200	383283	bdcf80b0ba36caad9c76566956c15cfa3387541624c83b505f115257511e367f	HTML-TITULO:60 datos de los consumidores mexicanos 2025 según Statista	2026-09-24T19:50:26Z	NO-ENCONTRADO	Página real sobre datos de consumidores mexicanos 2025 (Statista), pero no contiene ni '77%' ni '59%' en su texto; no es la fuente de los porcentajes buscados pese a tratar el mismo tema general.	2
ASTRA5-U0-CONS-033	4	CABECERAS-LINUX	https://americaretail-malls.com/paises/mexico/datos-de-los-consumidores-mexicanos-2025/	200	238446	950b7f5c17922390bd28368c43da5a3d46345c005bf31bdc48c44646967cb4e7	HTML-TITULO:Datos de los consumidores mexicanos 2025 - AmericaMalls 	2026-09-24T19:50:41Z	EXISTE-SATISFACE	Página confirma textualmente '77% con seguro de salud' y 'Telcel domina el mercado de telefonía móvil con un 59% de cuota' (cita a Statista); coincide con los dos porcentajes de la pieza (77%/59%, dominio CONSUMO), aunque la pieza original no precisa el tema exacto, así que la identidad no puede confirmarse al 100%.	2
ASTRA5-U0-CRPOP-014	1	CABECERAS-LINUX	https://lideresmexicanos.com/entrevistas/luis-nino-de-rivera-banco-azteca	200	121592	e4d00954cda1c85a837b2b651c76ad30d0137f094d0db088fbdb46d92dd2516c	HTML-TITULO:Luis Nino de Rivera, Banco Azteca - Lideres Mexicanos	2026-09-24T20:11:47Z	NO-ENCONTRADO	Entrevista real (candidato ya identificado por sesion anterior) sobre Luis Nino de Rivera y Banco Azteca, menciona que el banco abrio en 2002 y sucursales dentro de tiendas, pero no contiene la cifra especifica de ~4,400 gestores de cobranza ni la cifra de 800+ sucursales de oct-2002 citadas por el report; el documento institucional/regulatorio puntual (NO-APLICA por no ser encuesta con ola) sigue sin confirmarse con esa cifra exacta.	3
ASTRA5-U0-CRPOP-020	1	CABECERAS-LINUX	NO-APLICA				VACIO	2026-09-24T20:16:41Z	NO-ENCONTRADO	La propia fila de origen declara pieza_faltante=NO-APLICA ('no es encuesta con ola; documento institucional/regulatorio puntual'): no hay un documento concreto que buscar en este lote para este id; no se ejecuto ningun fetch de red por ausencia de objetivo verificable.	4
ASTRA5-U0-CRPOP-025	1	CABECERAS-LINUX	https://portafolioinfo.cnbv.gob.mx/	000	0		ERROR-CURL	2026-09-24T19:59:10Z	NO-ACCESIBLE	curl: (60) fallo de verificacion de cadena TLS (certificado intermedio roto), mismo patron ya documentado en el proyecto para CNBV; esta ruta requiere curl.exe de Windows fuera del sandbox (interop WSL), NO-INTENTADO-POR-ESTE-AGENTE en este entorno Linux.	5
ASTRA5-U0-CRPOP-025	2	WAYBACK-ID	https://archive.org/wayback/available?url=portafolioinfo.cnbv.gob.mx	200	63		JSON-OK	2026-09-24T20:00:05Z	NO-ENCONTRADO	Wayback no tiene ninguna captura archivada de portafolioinfo.cnbv.gob.mx (archived_snapshots vacio).	5
ASTRA5-U0-CRPOP-025	3	CABECERAS-LINUX	corpus/forense/Credito_Popular_en_Mexico__Morosidad_Auditada__Fondeo_y_Gobierno_Corporativo_como_Verdaderos_Riesgos_Estructurales.md (LEIDO en el repo, no es una URL externa)					2026-09-24T20:00:20Z	EXISTE-SATISFACE	La pieza_faltante de esta fila esta marcada NO-APLICA porque no es una encuesta con ola sino un documento institucional/regulatorio puntual; se leyo el documento fuente en el repo (LEIDO) y contiene decenas de citas ya resueltas inline (CNBV, DOF, Bloomberg Linea, Moody's, HR Ratings) sin una sola pieza externa faltante identificable; el unico intento de verificar la fuente CNBV en vivo (portafolioinfo.cnbv.gob.mx) choco con la falla de cadena TLS ya conocida del proyecto, no con ausencia del dato.	5
ASTRA5-U0-DUEL-026	1	WEBSEARCH	query: Plataforma Ciudadana de Fosas Ibero Mexico metodologia mas de 72 mil					2026-09-24T19:59:20Z	EXISTE-SATISFACE	WebSearch localizo la nota de prensa.ibero.mx con la cifra 'mas de 72 mil' y la metodologia (Articulo 19, Data Civica, Programa de DDHH de la Ibero, fuentes oficiales y de prensa).	1
ASTRA5-U0-DUEL-026	2	CABECERAS-LINUX	https://prensa.ibero.mx/es-MX/nota/crisis-forense-en-mexico-deja-mas-de-72-mil-cuerpos-sin-identificar-bajo-resguardo-del-estado-plataforma-ciudadana-de-fosas-impulsada-por-ibero	200	28818	965841b3e4d4841f3663844064565678b5300b06e79cc64c273f1c21acdbb787	HTML-TITULO:Crisis forense en Mexico deja mas de 72 mil cuerpos sin identificar bajo resguardo del Estado: Plataforma Ciudadana de Fosas impulsada por IBERO	2026-09-24T20:00:42Z	EXISTE-SATISFACE	Nota de prensa real de la Ibero, titulo y cifra '72 mil' coinciden exactamente con la pieza pedida (metodologia y universo descritos en el cuerpo).	1
ASTRA5-U0-DUEL-027	1	CABECERAS-LINUX	https://www.ohchr.org/en/treaty-bodies/ced	403	5677	5e0c22eabf57902f89c2baf0e7e29f0c6ab13cea2f36348eea12cabff7664f7a	RETO-CLOUDFLARE	2026-09-24T19:51:18Z	NO-ACCESIBLE	Página del Comité contra la Desaparición Forzada (CED) en ohchr.org; reto Cloudflare ('Just a moment...').	2
ASTRA5-U0-DUEL-027	2	CABECERAS-LINUX	https://ohchr.org	200	137529	28131b32d020a7a41bcd12ac2dab7d0ab268a0b7f29ea6d1f6b9135839362058	HTML-TITULO:UN Human Rights Office	2026-09-24T19:51:19Z	NO-ENCONTRADO	Raíz de ohchr.org sí responde 200 (no todo el sitio está bloqueado por Cloudflare); no contiene el comunicado específico del 28º período de sesiones del CED.	2
ASTRA5-U0-DUEL-027	3	CABECERAS-LINUX	https://www.ohchr.org/en/press-releases	404	89467	56fa44f0d886ff1210bb9c1defe0ff8691e2081b3d41b150abf1050d3dbbb8dd	SOFT-404	2026-09-24T19:51:44Z	NO-ENCONTRADO	Ruta genérica de comunicados de prensa de OHCHR adivinada; 404 real del sitio ('Sorry, we couldn't find that page'), no la ruta vigente del listado de comunicados.	2
ASTRA5-U0-DUEL-027	4	WEBSEARCH						2026-09-24T19:51:55Z	EXISTE-SATISFACE	WebSearch 'OHCHR CED 28th session press release April 2025 first time history committee enforced disappearance'; localiza 'Committee on Enforced Disappearances Closes Twenty-Eighth Session' (ohchr.org/en/meeting-summaries/2025/04/...) que activa procedimiento art.34 sobre México; verificado en filas siguientes.	2
ASTRA5-U0-DUEL-027	5	CABECERAS-LINUX	https://www.ohchr.org/en/meeting-summaries/2025/04/committee-enforced-disappearances-closes-twenty-eighth-session	403	5975	e07bd0b9b0d93dc7b171a9247acc28890f053167d70e6bdde1c5ce04cd793a8a	RETO-CLOUDFLARE	2026-09-24T19:52:12Z	NO-ACCESIBLE	Página directa OHCHR bloqueada por Cloudflare desde el sandbox; se recurre a Wayback.	2
ASTRA5-U0-DUEL-027	6	WAYBACK-ID	https://web.archive.org/web/20260430172428id_/https://www.ohchr.org/en/meeting-summaries/2025/04/committee-enforced-disappearances-closes-twenty-eighth-session	200	16308	fc6c5216c4371300d5fda0fb5586d1abb387cc962d1fd51cea0da908ace25c6b	HTML-TITULO:Committee on Enforced Disappearances Closes Twenty-Eighth Se	2026-09-24T19:52:30Z	EXISTE-SATISFACE	Captura cruda de Wayback (gzip, decodificado para lectura) del comunicado de cierre del 28º período de sesiones del CED (4/abr/2025): confirma que el Comité activó/discutió el procedimiento del art.34 sobre la situación de México y examinó desapariciones forzadas generalizadas/sistemáticas en México; casa con la pieza pedida aunque el texto exacto 'primera vez en la historia' no aparece literal en este resumen (puede venir de cobertura de prensa derivada).	2
ASTRA5-U0-FAM-010	1	CABECERAS-LINUX	https://www.dof.gob.mx/	000	0		ERROR-CURL	2026-09-24T19:59:36Z	NO-ACCESIBLE	curl: (60) SSL certificate problem / cadena TLS incompleta, confirma el fallo ya registrado por la sesion anterior en www.dof.gob.mx.	3
ASTRA5-U0-FAM-010	2	WAYBACK-ID	https://archive.org/wayback/available?url=dof.gob.mx	200	197	c2ef5fd8f69fb2c9271d8ef3d389ee463eb23fd746bc914a094606aa7e725a80	JSON-OK	2026-09-24T19:59:36Z	NO-ENCONTRADO	Wayback tiene captura de la portada de dof.gob.mx (20260919232230) pero eso no localiza el estatus especifico de la Ley General de Cuidados; hace falta una URL de busqueda especifica que no se tiene.	3
ASTRA5-U0-FAM-010	3	CABECERAS-LINUX	http://gaceta.diputados.gob.mx/	200	695	2f0da6484ff692a0b10c41be7ee24c3865b3998bd6f84d6228a71120a329d050	HTML-TITULO:Gaceta Parlamentaria, Camara de Diputados	2026-09-24T19:59:36Z	NO-ENCONTRADO	El sitio Gaceta Parlamentaria responde real (frameset con gp_hoy.html), pero es solo la portada; su buscador requiere formulario/POST y no se localizo con este intento el estatus especifico de la Ley General de Cuidados.	3
ASTRA5-U0-FAM-020	1	CABECERAS-LINUX	NO-APLICA				VACIO	2026-09-24T20:22:45Z	NO-ENCONTRADO	La pieza declara explicitamente 'no identificado por el report' y 'EXISTENCIA-NO-COMPROBADA tras 0 consultas web dedicadas (no hay nombre que buscar)'; sin autor, institucion, anio ni cifra especifica no hay objetivo verificable para un fetch de red en esta sesion.	4
ASTRA5-U0-FAM-026	1	OPENALEX	https://api.openalex.org/works?search=parentification familism dissertation Latino&select=id,doi,title,publication_year,best_oa_location	200	17970	3b00ac46eceecca0342b18624af2739bc74e0b212488a026868c718ea5d5bc12	JSON-OK	2026-09-24T19:39:36Z	NO-ENCONTRADO	El report solo dice disertaciones doctorales sin autor ni institucion; busqueda generica trajo articulos de journal sobre familias latinas pero ninguna disertacion doctoral identificable como la citada; sin mas contexto del report no se puede aislar la pieza exacta.	5
ASTRA5-U0-FAM-029	1	OPENALEX	https://api.openalex.org/works?search=Aschieri%202023%20F1000Research%20profiles&select=id,doi,title,publication_year,best_oa_location	200	4776	e824e28a19d8661cf38b8f3425f06fe6862249ca82182a90bcd61fc6b24cb258	JSON-OK	2026-09-24T19:39:37Z	EXISTE-SATISFACE	Candidato W4386825713 'Cultural differences in the measurement of self-curiosity within Mexico: a person-centered and variable-centered study' coincide con Aschieri et al 2023.	1
ASTRA5-U0-FAM-029	2	OPENALEX	https://api.openalex.org/works/W4386825713	200	27119	36d94033c5600c9670a77d80347dc89a08167050da0f882f244e0ade0eb3b831	JSON-OK	2026-09-24T19:40:25Z	EXISTE-SATISFACE	Detalle confirma autores Aschieri, Quiroga-Garza, Pascarella, Zambelli, Tagliabue; F1000Research 2023, open access gold, coincide con pieza pedida (perfiles person-centered).	1
ASTRA5-U0-FAM-029	3	CABECERAS-LINUX	https://doi.org/10.12688/f1000research.140151.1	200	348977	0994ae96cab83e0aa41a24a667e51c22882fed0faf387d10074b53f75924f520	HTML-TITULO:Cultural differences in the measurement of... | F1000Research	2026-09-24T19:41:08Z	EXISTE-SATISFACE	Pagina real del articulo abierta (redirige a f1000research.com), titulo HTML real; texto completo disponible para confirmar si los 3 perfiles coinciden con L77/L247 (lectura pendiente, existencia verificada).	1
ASTRA5-U0-FAM-032	1	API-PORTAL	https://www.inegi.org.mx/app/saladeprensa/buscador/?q=recien+egresados+universitarios+ingreso	403	0		VACIO	2026-09-24T20:15:42Z	NO-ACCESIBLE	Buscador de sala de prensa de INEGI responde 403 sin cuerpo desde el sandbox.	2
ASTRA5-U0-FAM-032	2	CABECERAS-LINUX	https://www.occ.com.mx/blog/sueldos-mexico-2025/	000	0		ERROR-CURL	2026-09-24T20:15:50Z	NO-ACCESIBLE	curl: (7) Failed to connect a occ.com.mx (URL adivinada, sin buscador disponible para confirmar la ruta vigente). La pieza solo da la cifra (6,870 pesos) sin autor/portal/fecha identificables, lo que limita las rutas posibles sin WebSearch (presupuesto agotado en este lote).	2
ASTRA5-U0-FAM-038	1	CABECERAS-LINUX	https://www.unicef.org/mexico/comunicados-prensa	403	5740	8483b3a675d791d84b20adf13780d42bc587c741342c49d0a707688578521110	RETO-CLOUDFLARE	2026-09-24T20:01:20Z	NO-ACCESIBLE	unicef.org/mexico devuelve reto Cloudflare 'Just a moment...', no entrega el comunicado 2025 con las cifras 56%/40%/51%.	3
ASTRA5-U0-FAM-049	1	CDX	https://web.archive.org/cdx/search/cdx?url=nu.com.mx/*&output=json&collapse=urlkey&limit=300	200	121030	cf74d4f03fa46775ea250accf6ff0d5f019d5183e4b126a8338becfc08d0bdd1	JSON-OK	2026-09-24T20:08:32Z	NO-ENCONTRADO	CDX de nu.com.mx (300 entradas) muestra la pagina de prensa como bundle JS 404 en el SPA, sin capturas de la pagina real /prensa; no permite localizar el comunicado directamente.	4
ASTRA5-U0-FAM-049	2	CDX	https://web.archive.org/cdx/search/cdx?url=nu.com.mx/prensa*&output=json&collapse=urlkey&limit=100	503	11832	e084d527921708642a79724e9f0210da659bbc0905c6ce9a3a1f416e4628091c	HTML-TITULO:Internet Archive: Temporarily Offline	2026-09-24T20:12:31Z	NO-ACCESIBLE	Internet Archive reporto outage temporal (503) durante varios minutos de esta sesion; CDX no disponible para esta consulta especifica en ese momento.	4
ASTRA5-U0-FAM-049	3	WEBSEARCH	https://www.google.com/search?q=Nu+M%C3%A9xico+Nubank+%2212+millones+de+clientes%22+comunicado+51%25+rechazados+banca+tradicional	200	0		HTML-TITULO:resultados WebSearch (no fetch directo)	2026-09-24T20:12:50Z	NO-ENCONTRADO	WebSearch localiza el comunicado oficial de Nu (nu.com/es/sala-de-prensa) de 2/jul/2025 con la cifra 12 millones de clientes, pero el porcentaje reportado de rechazo previo por banca tradicional es 'casi 4 de cada 10' (~36-40%), no 51% como registra la pieza; verificacion de la URL va en la fila siguiente.	4
ASTRA5-U0-FAM-049	4	CABECERAS-LINUX	https://nu.com/es/sala-de-prensa/compania/impacto-nu-6-de-cada-10-clientes-ya-no-dependen-del-efectivo	200	394582	293b6584749ec7911988c1de0d1efddd531ac09e2d81a227a48fce421346b5c8	HTML-TITULO:Impacto Nu: 6 de cada 10 clientes en Mexico ya no dependen del efectivo	2026-09-24T20:13:18Z	EXISTE-SATISFACE	Comunicado oficial de Nu (2/jul/2025) verificado con curl: confirma 'La plataforma alcanzo los 12 millones de clientes en el pais' y 'Casi 4 de cada 10 clientes reportaron haber sido rechazados por otras instituciones'; coincide en la cifra de clientes pero el porcentaje de rechazo bancario previo es ~36-40%, no el 51% citado por la pieza -- posible confusion con otra metrica del mismo estudio 'Impacto Nu'.	4
ASTRA5-U0-GEN-002	1	OPENALEX	https://api.openalex.org/works?search=Arciniega Machismo Caballerismo Journal Counseling Psychology 2008&select=id,doi,title,publication_year,best_oa_location	200	29208	69e03e71db4235a6d341afbf495c7ca8942159a5963f65ccd04e95f3bb46c4a4	JSON-OK	2026-09-24T19:39:35Z	NO-ENCONTRADO	Busqueda generica en OpenAlex; entre los primeros resultados no aparece Arciniega et al. 2008, solo articulos posteriores (2021-2024) sobre machismo/caballerismo en otros autores.	5
ASTRA5-U0-GEN-002	2	OPENALEX	https://api.openalex.org/works?search=Arciniega Tracey traditional machismo caballerismo scale development&select=id,doi,title,publication_year,best_oa_location	200	30124	78aa079857b33af9ba1f3195c9cc84c0dfe58f59990be1ce02b1f402b4441652	JSON-OK	2026-09-24T19:40:05Z	NO-ENCONTRADO	Segunda busqueda por palabras clave tampoco trajo el articulo exacto entre los primeros resultados.	5
ASTRA5-U0-GEN-002	3	OPENALEX	https://api.openalex.org/works?filter=title.search:toward a fuller conception of machismo&select=id,doi,title,publication_year,authorships,best_oa_location	200	3889	04b3da85b2186d6de0595172986a1493e295d2228f3fc7f7641d5a8b32c4feda	JSON-OK	2026-09-24T19:40:59Z	EXISTE-SATISFACE	Filtro por titulo exacto localizo el articulo: Arciniega, Anderson, Tovar-Blank, Tracey (2008) Toward a fuller conception of Machismo: Development of a traditional Machismo and Caballerismo Scale, Journal of Counseling Psychology 55(1):19-33, DOI 10.1037/0022-0167.55.1.19; best_oa_location=None (identificado por metadatos, sin copia; muro de pago APA).	5
ASTRA5-U0-GEN-003	1	OPENALEX	https://api.openalex.org/works?search=Nunez%202016%20HCHS%20SOL&select=id,doi,title,publication_year,best_oa_location	200	32056	87f84bf04ed18417c3f7c9f84df32ad055cb10ac7fcb249ba7e6d86eec85f52c	JSON-OK	2026-09-24T19:39:38Z	NO-ENCONTRADO	Busqueda 'Nunez 2016 HCHS SOL' en OpenAlex: top resultados son de otros autores/anos sobre HCHS/SOL, ninguno de autor Nunez 2016.	1
ASTRA5-U0-GEN-003	2	OPENALEX	https://api.openalex.org/works?search=Nunez%20machismo%20marianismo%20HCHS%20SOL&select=id,doi,title,publication_year,authorships&per_page=5	200	14033		JSON-OK	2026-09-24T19:40:27Z	NO-ENCONTRADO	Busqueda con terminos machismo/marianismo HCHS SOL: sin coincidencia de autor Nunez 2016 entre los 5 primeros resultados.	1
ASTRA5-U0-GEN-003	3	CROSSREF	https://api.crossref.org/works?query.bibliographic=Nunez%202016%20familism%20HCHS%20SOL%20Hispanic%20Community%20Health%20Study&rows=5	200	26531	648ed91c920c904837a80540b15a976be31680b91385cf0e926c018d60cc5dc0	JSON-OK	2026-09-24T19:41:02Z	NO-ENCONTRADO	Crossref bibliografico: mejor resultado es Campos, Roesch, Gonzalez, Hooker (2019) sobre Sabogal Familism Scale en HCHS/SOL, no Nunez et al 2016; sin coincidencia de autor/ano exacta.	1
ASTRA5-U0-GEN-004	1	OPENALEX	https://api.openalex.org/works?search=Castillo%20Marianismo%20Beliefs%20Scale%202010&select=id,doi,title,publication_year,authorships,best_oa_location	200	124469	559f57f8ed77fc55f6d82b3389a63e6355598670e1f34b0c517c66f38ffd97c7	JSON-OK	2026-09-24T19:53:40Z	EXISTE-SATISFACE	Busca Castillo et al. 2010 Marianismo Beliefs Scale; entre resultados aparece Linda G. Castillo como autora recurrente de escalas de marianismo (2023, 2017); confirma identidad de autora, no el articulo 2010 exacto aun.	2
ASTRA5-U0-GEN-004	2	CROSSREF	https://api.crossref.org/works?query.bibliographic=Castillo%20Marianismo%20Beliefs%20Scale%202010&rows=5	200	16504	03ba1ff257998566a07a0183c47fce429a5e4898eabe29f24a534cf8d631b142	JSON-OK	2026-09-24T19:56:25Z	EXISTE-SATISFACE	Crossref confirma 'Construction and initial validation of the Marianismo Beliefs Scale' (Castillo, Perez, Castillo, Ghosheh; 2010-06; DOI 10.1080/09515071003776036), coincide exacto con la pieza (Castillo et al. 2010, Marianismo Beliefs Scale).	2
ASTRA5-U0-GEN-004	3	OPENALEX	https://api.openalex.org/works/https://doi.org/10.1080/09515071003776036	200	17765	051fecac2c4fdd5a6d5fa2a33bd9a3b5ac2ad09c5eeff495ce230f103cd66842	JSON-OK	2026-09-24T19:57:03Z	EXISTE-SATISFACE	OpenAlex confirma DOI 10.1080/09515071003776036 (Castillo 2010, Marianismo Beliefs Scale) como closed-access (oa_status=closed, sin repositorio con texto completo); documento IDENTIFICADO por metadatos, sin copia (muro de pago, revista Mental Health Religion & Culture).	2
ASTRA5-U0-GEN-005	1	OPENALEX	https://api.openalex.org/works?search=Wheeler%20marital%20satisfaction%20Journal%20of%20Marriage%20and%20Family%202010&select=id,doi,title,publication_year,best_oa_location,authorships	200	155297	c9b94680ef3b957c459348f9625a3e5d53f8544e45889eb79b96441dee1d0761	JSON-OK	2026-09-24T19:43:18Z	NO-ENCONTRADO	Busqueda por texto libre en OpenAlex; los primeros 5 resultados no son Wheeler et al 2010, no aparece el articulo en la primera pagina.	3
ASTRA5-U0-GEN-005	2	CROSSREF	https://api.crossref.org/works?query.bibliographic=Wheeler+2010+Journal+of+Marriage+and+Family&rows=5	200	16428	93426d90f448d64b5fae771d81373907b336864db6fa77a67ea2979639690b14	JSON-OK	2026-09-24T19:43:18Z	EXISTE-SATISFACE	Crossref confirma Wheeler, Updegraff, Thayer (2010) 'Conflict Resolution in Mexican-Origin Couples: Culture, Gender, and Marital Quality', Journal of Marriage and Family, doi 10.1111/j.1741-3737.2010.00744.x; coincide con autor y anio pedidos; identificado por metadatos, sin copia (muro de pago Wiley).	3
ASTRA5-U0-GEN-007	1	CABECERAS-LINUX	https://contralacorrupcion.mx/	200	267776	95ff85816c06bc7c8416564afd40ec5b182479203f8e95bd8ff2f2c19121942e	HTML-TITULO:Mexicanos Contra la Corrupcion y la Impunidad -	2026-09-24T20:03:44Z	NO-ENCONTRADO	Portal de MCCI carga (200) pero el menu de investigacion aplicada no muestra ningun enlace directo a un informe de feminicidios en la portada.	4
ASTRA5-U0-GEN-007	2	CABECERAS-LINUX	https://causaencomun.org.mx/	200	841	44133b9046487959130c15b1cff06bc60822cbf5a9103d73c27367f28115a8ec	HTML-TITULO:Index of /	2026-09-24T20:03:44Z	NO-ENCONTRADO	causaencomun.org.mx devuelve un listado de directorio Apache (beta/, policiahonesta.mx/) en vez del sitio real de Causa en Comun; el informe pedido no esta en ese dominio/ruta.	4
ASTRA5-U0-GEN-007	3	API-PORTAL	https://contralacorrupcion.mx/?s=feminicidios	200	132078	37dd6a807c7abeac0600b4850a9d157822237786ecd9e1c23a942a58d7a47013	HTML-TITULO:Mexicanos Contra la Corrupcion y la Impunidad	2026-09-24T20:04:12Z	NO-ENCONTRADO	Busqueda interna de MCCI para 'feminicidios' carga la plantilla de resultados pero sin listado de articulos visible en el HTML estatico (probable renderizado por JS); no se confirma la investigacion de feminicidios pedida ni el informe de Causa en Comun tras 3 intentos.	4
ASTRA5-U0-GEN-014	1	CABECERAS-LINUX	https://www.diputados.gob.mx/LeyesBiblio/pdf/CPEUM.pdf	200	3141703	ca63a23a4b7444ebdbdad93759fbf46bd14c069e587c5878decf89fc9c12ca8e	PDF-OK	2026-09-24T19:45:21Z	EXISTE-SATISFACE	PDF oficial de la Constitucion Politica de los Estados Unidos Mexicanos (Camara de Diputados), %PDF-1.5 con %%EOF; documento primario que contiene la reforma de paridad citada por el report.	5
ASTRA5-U0-GEN-014	2	CABECERAS-LINUX	https://www.diputados.gob.mx/dip_gpos.htm	404	210		SOFT-404	2026-09-24T19:53:30Z	NO-ENCONTRADO	Ruta adivinada para integracion de grupos parlamentarios de la Camara de Diputados NO-ENCONTRADO (404); no se adivinan mas rutas por regla de la receta. La composicion oficial de las camaras queda pendiente de una ruta valida (indice del portal o CDX), no de ausencia del dato.	5
ASTRA5-U0-GEN-016	1	CABECERAS-LINUX	https://www.gob.mx/busqueda?utf8=%E2%9C%93&site_search=&keyword=legislaci%C3%B3n+penal+32+entidades	200	1172	b45449f245a5e3bf7aefad68952186da9e471d5ff3f9319a348f160f932c2e2b	RETO-CLOUDFLARE	2026-09-24T20:04:15Z	NO-ACCESIBLE	Busqueda interna de gob.mx devuelve el mismo reto de bot ('Challenge Validation') que cubre todo el dominio; sin WebSearch disponible (presupuesto de 8 del lote ya usado) y sin host especifico nombrado en la pieza, no se identifico una fuente concreta que comparar los 32 codigos penales.	1
ASTRA5-U0-GEN-019	1	OPENALEX	https://api.openalex.org/works?search=mazahua%20migracion%20Guanajuato&select=id,doi,title,publication_year,authorships,best_oa_location	200	33136	3f563212bda36ed7594f08f15536ecd32dec5dd415a179d10554ae19307bb873	JSON-OK	2026-09-24T20:14:53Z	NO-ENCONTRADO	11 resultados sobre migración/pueblos indígenas de Guanajuato (nahua, purépecha, indígenas en general) pero ninguno trata específicamente estudios sobre mazahuas; el pueblo mazahua históricamente se ubica en Estado de México/Michoacán, no en Guanajuato, lo que puede explicar la ausencia.	2
ASTRA5-U0-GEN-019	2	CROSSREF	https://api.crossref.org/works?query.bibliographic=mazahua%20migracion&rows=6	200	11086	fe97befc9517e1afe41d68484b7a4ca2d924acc57341b3b52462ee13612d5692	JSON-OK	2026-09-24T20:15:13Z	NO-ENCONTRADO	Consulta bibliográfica 'mazahua migracion' en Crossref devuelve solo resultados genéricos de 1961 sin relación (probablemente términos demasiado cortos/ambiguos); no se localizan estudios mazahua/Guanajuato.	2
ASTRA5-U0-GEN-027	1	API-PORTAL	https://search.worldbank.org/api/v3/wds?format=json&qterm=Mexico%20gender%20labor%20market&rows=5	200	37622	98a1e18fb4ede7d00548d43eafdd842f7e5e11c8beab2e5e39bb57b57d1ed15e	JSON-OK	2026-09-24T20:01:20Z	NO-ENCONTRADO	La API de documentos del Banco Mundial devuelve 495 documentos sobre Mexico y genero/mercado laboral (p.ej. 'Mexico - Country Gender Scorecard' 2021, 'Mexico - Gender Assessment' 2019), pero la pieza no nombra un titulo especifico, asi que no se puede confirmar identidad exacta; queda como candidatos plausibles, no verificado.	3
ASTRA5-U0-GEN-029	1	CABECERAS-LINUX	NO-APLICA				VACIO	2026-09-24T20:22:45Z	NO-ENCONTRADO	La pieza pedida ('decreto/acto administrativo argentino') no trae numero de decreto, fecha, organismo emisor ni tema: no hay suficiente informacion identificatoria para construir una consulta o URL pertinente; no se ejecuto ningun fetch de red por falta de un objetivo verificable.	4
ASTRA5-U0-GENBEH-016	1	OPENALEX	https://api.openalex.org/works?search=ADH1B*2 allele frequency Huichol Wixarika alcohol&select=id,doi,title,publication_year,best_oa_location	400	399	5db782e1f53b5f0d593a4a1906c7aa7d733a2514e5f1f6c514f15b45c1df8cb1	JSON-OK	2026-09-24T19:39:35Z	NO-ENCONTRADO	OpenAlex rechazo la consulta: el comodin * requiere search.exact, no un texto libre; error de sintaxis, no del documento.	5
ASTRA5-U0-GENBEH-016	2	OPENALEX	https://api.openalex.org/works?search=ADH1B rs2075633 Huichol Wixarika alcohol dehydrogenase&select=id,doi,title,publication_year,best_oa_location	200	517	4d43865ab86e7ddad476056f3a2f3195519adaae102d9b014523bf628dcc16ae	JSON-OK	2026-09-24T19:40:06Z	NO-ENCONTRADO	Busqueda de texto completo en OpenAlex con estos terminos exactos devolvio 0 resultados (meta.count=0).	5
ASTRA5-U0-GENBEH-016	3	PUBMED	https://eutils.ncbi.nlm.nih.gov/entrez/eutils/esearch.fcgi?db=pubmed&term=ADH1B+Huichol+alcohol&retmode=json&retmax=10	200	1178	c317e05575a6d7b5ae8b1fa50dab05bcab921599912b65dd705cbe260b96248c	JSON-OK	2026-09-24T19:41:48Z	EXISTE-NO-SATISFACE	esearch PubMed devolvio 1 PMID (19860798) para ADH1B+Huichol+alcohol.	5
ASTRA5-U0-GENBEH-016	4	PUBMED	https://eutils.ncbi.nlm.nih.gov/entrez/eutils/efetch.fcgi?db=pubmed&id=19860798&rettype=abstract&retmode=text	200	2718	47df858be0c94c2153f0d3339a1467fb7a478d54d47fdf3518c0c0be7448d6fa	HTML-TITULO:Polymorphisms of alcohol metabolizing enzymes in indigenous Mexican pop	2026-09-24T19:42:12Z	EXISTE-NO-SATISFACE	Gordillo-Bastidas et al. 2010, Alcohol Clin Exp Res 34(1):142-9, DOI 10.1111/j.1530-0277.2009.01075.x: unico estudio primario de ADH1B*2 en Huicholes (HUI, n=101); reporta ADH1B*2=0% (no ~50%) y CYP2E1*c2=51.5% en HUI. El documento primario EXISTE pero contradice la cifra ~50% de ADH1B*2 citada por el report; el ~50% coincide en cambio con CYP2E1*c2 de este mismo estudio.	5
ASTRA5-U0-GENBEH-019	1	OPENALEX	https://api.openalex.org/works?search=Lea%20Chambers%202007%20MAOA%20New%20Zealand%20Medical%20Journal&select=id,doi,title,publication_year,best_oa_location	200	20385	98d8b2627c777ee673211654e8f4acd604ceb4f3ce060ed44911af78a58acd2e	JSON-OK	2026-09-24T19:39:40Z	NO-ENCONTRADO	Busqueda Lea Chambers 2007 MAOA NZMJ: top resultado es de otro tema (MAOA y depresion, China 2014), sin coincidencia de autor/revista/ano.	1
ASTRA5-U0-GENBEH-019	2	OPENALEX	https://api.openalex.org/works?search=warrior%20gene%20Maori%20MAOA%20Lea%20Chambers&select=id,doi,title,publication_year,authorships&per_page=5	200	9587		JSON-OK	2026-09-24T19:40:29Z	NO-ENCONTRADO	Top resultado Rodriguez (2009) 'Science or bio-piracy?' sobre warrior gene en polinesios; ningun resultado de autor Lea o Chambers en NZMJ 2007.	1
ASTRA5-U0-GENBEH-019	3	CROSSREF	https://api.crossref.org/works?query.bibliographic=Lea%20Chambers%202007%20Maori%20warrior%20gene%20New%20Zealand%20Medical%20Journal&rows=5	200	48261	741b768c1f7e284911ee9180b60194237d447c6521705c8039295c8585c3531c	JSON-OK	2026-09-24T19:41:05Z	NO-ENCONTRADO	Mejor resultado real es Hall, Chambers, Lea (2006) 'Haplotype analysis...New Zealand Maori', Journal of Human Genetics -- mismos autores pero otra revista y ano (no New Zealand Medical Journal 2007 sobre MAOA-L).	1
ASTRA5-U0-GENBEH-019	4	CABECERAS-LINUX	https://journal.nzma.org.nz/journal-search?query=MAOA+Maori+Lea+Chambers	000	0		ERROR-CURL	2026-09-24T19:41:35Z	NO-ACCESIBLE	curl: (35) TLS connect error: error:0A000438:SSL routines::tlsv1 alert internal error -- cadena TLS rota vista desde el sandbox, misma familia que curl:(60); ruta CURL-EXE-WINDOWS NO-INTENTADO-POR-ESTE-AGENTE (sin acceso a /mnt/c en esta sesion).	1
ASTRA5-U0-GENBEH-019	5	CDX	https://web.archive.org/cdx/search/cdx?url=journal.nzma.org.nz*&output=json&collapse=urlkey&limit=100	503	11832		ERROR-CURL	2026-09-24T19:41:59Z	NO-ACCESIBLE	Respuesta 'Internet Archive: Temporarily Offline' (pagina de estado, no 404); endpoint CDX caido en el momento del intento, reintentado y persiste.	1
ASTRA5-U0-GENBEH-020	1	API-PORTAL	https://www.courtlistener.com/api/rest/v4/search/?q=Wells%20amicus%20NAACP%20Legal%20Defense%20Fund&type=r	200	217741	05c4f67658773cf0502731d82c6714d7703c48b41f63bed7da0d6ab5fecbac45	JSON-OK	2026-09-24T20:10:23Z	NO-ENCONTRADO	1509 resultados en CourtListener; el caso Wells+NAACP LDF buscado no aparece entre los 8 primeros (todos son otros litigios de la NAACP).	2
ASTRA5-U0-GENBEH-020	2	API-PORTAL	https://www.courtlistener.com/api/rest/v4/search/?case_name=Wells&type=r&court=texd%20txed%20txnd%20txsd%20tex	200	44901	141780a08858dab58118eeb3e90e80c355b72b7937e9f1d97b6e01cb3af61ecd	JSON-OK	2026-09-24T20:11:41Z	NO-ENCONTRADO	2930 resultados 'Wells' en cortes de Texas; los primeros 10 son casos bancarios (Wells Fargo) sin relación al caso penal buscado.	2
ASTRA5-U0-GENBEH-020	3	WEBSEARCH						2026-09-24T20:11:45Z	EXISTE-SATISFACE	WebSearch 'NAACP Legal Defense Fund amicus brief Wells Texas genetic'; identifica el caso: Amos Wells, condenado a muerte en Texas (2016), amicus LDF sobre el gen MAOA ('warrior gene'); verificado en filas siguientes.	2
ASTRA5-U0-GENBEH-020	4	CABECERAS-LINUX	https://deathpenaltyinfo.org/ldf-files-amicus-brief-challenges-racialized-warrior-gene-in-capital-case	200	325769	9e00bc321d6f5fe3823d348830c186a24b90ffc3d5826922b4aa06833c6fccdd	HTML-TITULO:LDF Amicus Brief Challenges Racialized 'Warrior Gene' in C	2026-09-24T20:11:58Z	EXISTE-SATISFACE	Death Penalty Information Center confirma el amicus brief de LDF sobre el caso de Amos Wells (Texas) y el gen MAOA; casa exactamente con la pieza pedida.	2
ASTRA5-U0-GENBEH-020	5	CABECERAS-LINUX	https://www.naacpldf.org/press-release/ldf-files-amicus-brief-urging-supreme-court-to-hear-case-of-black-man-sentenced-to-death/	200	133332	7ab1f6115816e4b4c4e5a7ee5b21f0a41f8b362ae71c72d903f46ed9d0db662c	HTML-TITULO:LDF Files Amicus Brief Urging Supreme Court to Hear Case of	2026-09-24T20:12:09Z	EXISTE-SATISFACE	Comunicado de prensa directamente en naacpldf.org (no bloqueado en esta ruta) confirma el amicus brief de LDF por Amos Wells; es la fuente primaria pedida por la pieza.	2
ASTRA5-U0-GENBEH-032	1	PUBMED	https://pubmed.ncbi.nlm.nih.gov/29686110/	203	5686	d4d016f067b8b7d108b53d05301d2f4c4f3a5848fcf9d270d9cd1e4923982211	SOFT-404	2026-09-24T19:39:00Z	NO-ACCESIBLE	Pagina de PubMed bloqueada por aviso de cookies (h1 Cookies must be enabled), no entrega el articulo aunque el PMID es correcto.	3
ASTRA5-U0-GENBEH-032	2	PUBMED	https://eutils.ncbi.nlm.nih.gov/entrez/eutils/esummary.fcgi?db=pubmed&id=29686110&retmode=json	200	2221	c99e76b451972dd21c1ece173484602e79c49255b1cbe36123bc0b243222f17b	JSON-OK	2026-09-24T19:39:05Z	EXISTE-SATISFACE	eSummary de PMID 29686110 confirma Calancie et al, G3 (Bethesda) vol 8 issue 6 pag 2107-2119 doi 10.1534/g3.118.300547, coincide exacto con la cita pedida en el encargo.	3
ASTRA5-U0-GENOM-007	1	OPENALEX	https://api.openalex.org/works?search=type%202%20diabetes%20mortality%20Mexico%20City%20Prospective%20Study%20Lancet%20Regional%20Health%20Americas%202025&select=id,doi,title,publication_year,best_oa_location	200	32181	ab90fd5f6e67bbc3d1d46550e9b0b86e0814d7183660d4365c47eb4dcbaa4941	JSON-OK	2026-09-24T19:39:45Z	NO-ENCONTRADO	OpenAlex full-text search devolvio 1075 resultados genericos de mortalidad/diabetes (GBD, etc.), ninguno es el articulo MR T2D-mortalidad en Lancet Reg Health Americas 2025 buscado.	4
ASTRA5-U0-GENOM-007	2	OPENALEX	https://api.openalex.org/works?search=Mexico%20City%20Prospective%20Study%20type%202%20diabetes%20mortality%202025&select=id,doi,title,publication_year,best_oa_location	200	31380	71b12c4007ca6216a4cc3162dcfbd3e17ad5f4cb9895e082ccf2e786e09eb06c	JSON-OK	2026-09-24T19:40:16Z	NO-ENCONTRADO	Segundo intento OpenAlex mas especifico, top resultados siguen siendo GBD/otros, no el articulo pedido.	4
ASTRA5-U0-GENOM-007	3	CROSSREF	https://api.crossref.org/works?query.bibliographic=Mexico%20City%20Prospective%20Study%20type%202%20diabetes%20mortality%20Lancet%20Regional%20Health%20Americas%202025&rows=5	200	54799	6a98aa167638e5e20cabb27bc6a591b57391a6a2cef6a99212cacc87e125b439	JSON-OK	2026-09-24T19:40:54Z	NO-ENCONTRADO	Crossref bibliografico devolvio articulos de Lancet Reg Health Americas sobre diabetes/mortalidad en Mexico pero ninguno es el MR (Mendelian randomisation) buscado.	4
ASTRA5-U0-GENOM-007	4	CROSSREF	https://api.crossref.org/works?query.bibliographic=%22Mexico%20City%20Prospective%20Study%22%20type%202%20diabetes%20mortality&rows=10&filter=from-pub-date:2024-01-01	200	24568	76928af354ddf727d3a65be79b24858958ce919788a0c7486bc2e7d8ea907acb	JSON-OK	2026-09-24T19:41:42Z	NO-ENCONTRADO	Encontro DOI 10.1111/dom.16644 sobre MCPS y mortalidad pero publicado en Diabetes Obesity and Metabolism, no en Lancet Regional Health-Americas como pide la pieza.	4
ASTRA5-U0-GENOM-007	5	CROSSREF	https://api.crossref.org/works?query.bibliographic=Mexico%20City%20Prospective%20Study%20mortality&query.container-title=Lancet%20Regional%20Health%20Americas&rows=10	200	166163	949ba0eb33e06d3a8e8a2e7a82de04129cd2d6a66b8241d45db352f9688d36c4	JSON-OK	2026-09-24T19:41:55Z	EXISTE-SATISFACE	DOI 10.1016/j.lana.2025.101082 'Type 2 diabetes and cause-specific mortality in Mexico City: a Mendelian randomisation analysis', The Lancet Regional Health-Americas, mayo 2025: coincide identidad (MR=Mendelian randomisation, T2D-mortalidad, Mexico City, revista y anio).	4
ASTRA5-U0-GENOM-007	6	OPENALEX	https://api.openalex.org/works/doi:10.1016/j.lana.2025.101082	200	42581	928d83d79a90fa86a1c1b57ccc067564e82bc5bbca9bf6dd687e7bb938f0e42d	JSON-OK	2026-09-24T19:42:13Z	EXISTE-SATISFACE	OpenAlex confirma is_oa=true, oa_status=gold, licencia cc-by, pdf_url en thelancet.com; identificado por metadatos completos.	4
ASTRA5-U0-GENOM-007	7	CABECERAS-LINUX	https://www.thelancet.com/pdfs/journals/lanam/PIIS2667-193X(25)00092-4.pdf	403	5850	90cdd2cebbe16ccd745a0b56cc820f045b47774918623e83b3fb08e98589bfdc	RETO-CLOUDFLARE	2026-09-24T19:42:19Z	NO-ACCESIBLE	PDF gold-OA bloqueado por proteccion anti-bot del host thelancet.com al pedirlo directo con curl.	4
ASTRA5-U0-GENOM-007	8	WAYBACK-ID	https://archive.org/wayback/available?url=https://www.thelancet.com/pdfs/journals/lanam/PIIS2667-193X(25)00092-4.pdf	200	111	792fd9fa6e82e4c6e25ddc390340ebc2e525c207431d19c3290c7c84bd7ab178	JSON-OK	2026-09-24T19:42:35Z	NO-ENCONTRADO	Wayback no tiene captura archivada del PDF (archived_snapshots vacio); documento queda identificado por metadatos (DOI+OA gold) pero sin copia obtenida en esta sesion.	4
ASTRA5-U0-GENOM-015	1	CABECERAS-LINUX	https://www.inmegen.gob.mx/comunicacion/noticias/	200	25627	bfd2984eb737fa9ba4185eeb67e6928323132415eaaf0ee44dff35391acc77a6	HTML-TITULO:Instituto Nacional de Medicina Genomica	2026-09-24T19:45:18Z	NO-ENCONTRADO	Portal de noticias de INMEGEN es real y accesible, pero esta primera pagina del listado no contiene los terminos NovaSeq ni PromethION; el comunicado especifico sobre la compra de esos equipos no aparece en esta vista sin paginacion adicional.	5
ASTRA5-U0-GENOM-016	1	CABECERAS-LINUX	https://www.inmegen.gob.mx/noticias/	200	116707	31bd5b98e12d5d970a983be6935bfde770a6cba76297e5b14a5ea0358b015859	HTML-TITULO:Noticias - Inmegen	2026-09-24T19:48:15Z	NO-ENCONTRADO	Pagina de noticias de INMEGEN cargo (200) pero el listado visible no menciona 'BRCA' ni 'eVA'.	1
ASTRA5-U0-GENOM-016	2	API-PORTAL	https://www.inmegen.gob.mx/?s=BRCA	200	25627	8f740f85b1ed2654dc8291fafaa14c438829e0a9411a02a431f26b97645f2eee	HTML-TITULO:Instituto Nacional de Medicina Genomica	2026-09-24T19:50:40Z	NO-ENCONTRADO	Busqueda interna del sitio WordPress con termino 'BRCA': pagina de resultados vacia, sin coincidencias para el programa eVA BRCA ni el convenio de 750 muestras oseas.	1
ASTRA5-U0-GENOM-018	1	CABECERAS-LINUX	https://www.theranomics.com	404	2516	43cd5a8b978a2da1fc23205976172a1b94900722d7ab9410826fdc74bf2ca180	SOFT-404	2026-09-24T20:14:22Z	NO-ENCONTRADO	Dominio theranomics.com apunta a un error 'ConnectYourDomain' de Wix.com (dominio registrado pero nunca conectado a un sitio Wix real); no es el sitio oficial buscado.	2
ASTRA5-U0-GENOM-018	2	CABECERAS-LINUX	https://theranomics.mx	000	0		ERROR-CURL	2026-09-24T20:14:22Z	NO-ACCESIBLE	curl: (7) Failed to connect a theranomics.mx (no resuelve/no responde).	2
ASTRA5-U0-GENOM-018	3	CABECERAS-LINUX	https://theranomics.org	000	0		ERROR-CURL	2026-09-24T20:14:36Z	NO-ACCESIBLE	curl: (7) Failed to connect a theranomics.org (no resuelve/no responde); no se confirma un dominio oficial vigente para 'Theranomics' entre los tres TLD probados.	2
ASTRA5-U0-GENOM-024	1	CABECERAS-LINUX	https://www.gen-t.mx/	000	0		ERROR-CURL	2026-09-24T19:59:36Z	NO-ACCESIBLE	curl: proxy CONNECT tunnel failed, HTTP 502 Bad Gateway; el dominio gen-t.mx no resuelve/no es alcanzable desde el sandbox (posible dominio incorrecto para el programa gen-t mexicano).	3
ASTRA5-U0-GENOM-024	2	CABECERAS-LINUX	https://newsroom.regeneron.com/news-releases	000	0		ERROR-CURL	2026-09-24T20:02:54Z	NO-ACCESIBLE	curl: (92) HTTP/2 stream error, reintento con --http1.1 dio curl: (28) timeout tras 45s; newsroom.regeneron.com no respondio desde el sandbox.	3
ASTRA5-U0-GENOM-024	3	WEBSEARCH	https://tecscience.tec.mx/es/salud/regeneron-genetics-tec-de-monterrey/					2026-09-24T20:09:04Z	EXISTE-SATISFACE	Busqueda 'gen-t Regeneron comunicado marzo 2025 Mexico genomica programa Chile Argentina' no encontro un comunicado literal de 'gen-t/Regeneron' ni paginas oficiales de programas en Chile/Argentina, pero identifico el convenio real Regeneron Genetics - Tec de Monterrey (proyecto oriGen); verificado con curl en el intento siguiente.	3
ASTRA5-U0-GENOM-024	4	CABECERAS-LINUX	https://tecscience.tec.mx/es/salud/regeneron-genetics-tec-de-monterrey/	200	261457	fbaae435f94340519f9ca00a32596780706b5f73d93fce43cc4dd1843396382b	HTML-TITULO:Convenio entre Regeneron Genetics y el Tec de Monterrey acelerara el conocimiento del genoma mexicano | TecScience	2026-09-24T20:09:04Z	EXISTE-SATISFACE	Articulo real fechado marzo 2025 (ruta de imagen /2025/03/) sobre el convenio Regeneron-Tec de Monterrey (proyecto oriGen), que es la colaboracion Regeneron-Mexico mas cercana a la pieza pedida; la marca exacta 'gen-t' no aparece y no se localizaron las paginas oficiales de programas de Chile o Argentina en este lote (NO-ENCONTRADO para esa parte).	3
ASTRA5-U0-GENOM-028	1	WEBSEARCH	https://www.google.com/search?q=%22directorio%22+BI+julio+2025+gen%C3%B3mica+M%C3%A9xico+INEGI+biotecnolog%C3%ADa	200	0		HTML-TITULO:resultados WebSearch (no fetch directo)	2026-09-24T20:22:00Z	NO-ENCONTRADO	WebSearch no identifica ningun 'directorio BI' de julio 2025 en el ambito de genomica; el candidato mas cercano es el DENUE de INEGI con datos a mayo de 2025 (no julio), sin relacion clara con BI ni con genomica. La pieza no trae suficiente informacion (autor, institucion, tema exacto) para acotar mas la busqueda.	4
ASTRA5-U0-HUM-019	1	CABECERAS-LINUX	https://datareportal.com/reports/digital-2025-mexico	200	140842	2ecab9ba375f3b6529c294a1e830862538a8b5042518749c35a6d95d77c00a1c	HTML-TITULO:Digital 2025: Mexico  DataReportal  Global Digital Insights	2026-09-24T19:45:19Z	EXISTE-NO-SATISFACE	El informe DataReportal Digital 2025 Mexico existe y es accesible (titulo real, contenido extenso sobre TikTok Mexico), pero la cifra textual '45h/mes' no aparece en el HTML plano de la pagina (probablemente vive en un grafico/imagen, no en texto).	5
ASTRA5-U0-HUM-027	1	CABECERAS-LINUX	https://www.dgis.salud.gob.mx/	000	0		ERROR-CURL	2026-09-24T20:03:00Z	NO-ACCESIBLE	curl: (60) SSL: certificate subject name 'pliopencms05.salud.gob.mx' does not match target hostname 'www.dgis.salud.gob.mx' -- cadena/certificado TLS no coincide; CURL-EXE-WINDOWS NO-INTENTADO-POR-ESTE-AGENTE.	1
ASTRA5-U0-HUM-028	1	CABECERAS-LINUX	https://www.healthdata.org/research-analysis/gbd	200	136235	4988ad4d7ca1266cc44e46322c646b7246b6ee3e578bd42a09850f91a7a68833	HTML-TITULO:Global Burden of Disease (GBD)	2026-09-24T20:04:49Z	EXISTE-SATISFACE	Página oficial IHME sobre GBD responde 200 (no está bloqueada por Cloudflare en esta ruta, a diferencia de lo registrado antes por la sesión previa); confirma que el programa GBD existe y sigue activo (referencia a lanzamiento de GBD 2023).	2
ASTRA5-U0-HUM-028	2	CABECERAS-LINUX	https://www.healthdata.org/research-analysis/gbd-publications	200	135405	be8e622cd7003f8d3c698b813bdc5fff2b7c92bdbaf3a3a49556e9ee8544a475	HTML-TITULO:Global Burden of Disease (GBD)	2026-09-24T20:05:17Z	NO-ENCONTRADO	Página de publicaciones de GBD en IHME; el listado de publicaciones se carga por JS y no aparece 'GBD 2021' en el HTML estático capturado.	2
ASTRA5-U0-HUM-028	3	OPENALEX	https://api.openalex.org/works?filter=title.search:Global%20Burden%20of%20Disease%20Study%202021&select=id,doi,title,publication_year,best_oa_location&per_page=10	200	12004	1eececb1692cb5a77e3ebc63ac661cd4c8689ed64a4b104944436970fdb743b4	JSON-OK	2026-09-24T20:06:07Z	EXISTE-SATISFACE	OpenAlex confirma múltiples papers de Lancet de la serie GBD 2021, incluyendo 'Findings from the Global Burden of Disease Study 2021' (DOI 10.1016/s0140-6736(24)00769-4) y el paper insignia de incidencia/DALYs 1990-2021; el estudio GBD 2021 (IHME) existe y está publicado en múltiples artículos.	2
ASTRA5-U0-INTER-001	1	CABECERAS-LINUX	https://dr.lib.iastate.edu/	403	239	ab768623070128ccef048c88def86155dbe776c3d8db423cc8fa89432673d8a8	SOFT-404	2026-09-24T20:11:47Z	NO-ACCESIBLE	Repositorio de Iowa State (candidato de disertacion, bitstream 32553705, ya documentado 403 por sesiones anteriores) responde 403 Forbidden real desde este agente tambien; confirma el bloqueo ya registrado. Tras 16 consultas previas (WebSearch x2, Crossref x2, WebFetch bitstream) sin identificar con certeza a Castillo (2019), se decide no repetir mas presupuesto de busqueda en esta pieza; NO_DETERMINADO se mantiene.	3
ASTRA5-U0-INTER-018	1	OPENALEX	https://api.openalex.org/works?search=Ogliastri%20Davis%20negotiation%20intercultural%202017&select=id,doi,title,publication_year,best_oa_location	200	4067	3b8b008b01c0920dfd5010fd670cacd79aa28520750a30f5c6706fa60c3563dd	JSON-OK	2026-09-24T19:39:44Z	NO-ENCONTRADO	3 resultados sobre negociacion y genero/cultura, ninguno firmado por Ogliastri y Davis juntos.	4
ASTRA5-U0-INTER-018	2	OPENALEX	https://api.openalex.org/works?filter=raw_author_name.search:Ogliastri&select=id,doi,title,publication_year,best_oa_location	200	13627	e1e981117b04409f234a45fb3015a10011a8b417c00d31c5368a6dadb22dc6b3	JSON-OK	2026-09-24T19:40:15Z	NO-ENCONTRADO	206 obras de Enrique Ogliastri (negociacion/liderazgo Latinoamerica); coautores son Fosse, Rendon, Quintanilla, Benetti, Ickis, Woodside -- ninguno 'Davis'.	4
ASTRA5-U0-INTER-018	3	CROSSREF	https://api.crossref.org/works?query.author=Ogliastri+Davis&query.bibliographic=negotiation+2017&rows=5	200	58506	a0391899d13d7c878e1adcbeeecd7f81d6de0e37b9c85d1120f179d05a725fdd	JSON-OK	2026-09-24T19:40:54Z	NO-ENCONTRADO	Top resultados son de Ogliastri con Fosse/Rendon (honor/dignidad, NCMR 2017), sin coautor Davis.	4
ASTRA5-U0-INTER-018	4	CROSSREF	https://api.crossref.org/works?query=Ogliastri+Davis+negociacion+intercultural&rows=8	200	22474	e97868772fb4d07ea3fafa8e8f0f00b6c72bc2a3da700d591e823cae45ce1304	JSON-OK	2026-09-24T19:41:28Z	NO-ENCONTRADO	Devuelve capitulos de 'Tecnicas avanzadas de negociacion' (sin Ogliastri ni Davis como autores) y un item de Martin/Olga I. Davis 2000 sin relacion con Ogliastri; el texto 'Ogliastri y Davis (2017)' pedido por la pieza no aparece en OpenAlex ni Crossref tras 4 intentos.	4
ASTRA5-U0-INTER-022	1	OPENALEX	https://api.openalex.org/works?search=Madrigal-Moreno Reunir UNIR&select=id,doi,title,publication_year,best_oa_location	200	27110	f417ac155dff0cf140582b3da51d35e02d24ab10cb92119c2c97eaee341e15c6	JSON-OK	2026-09-24T19:39:37Z	NO-ENCONTRADO	Busqueda generica no trajo articulo de Madrigal-Moreno en resultados principales; devolvio articulos de otros autores sobre educacion/turismo.	5
ASTRA5-U0-INTER-022	2	CROSSREF	https://api.crossref.org/works?query.author=Madrigal-Moreno&rows=5	200	27388	97566235bf3535737484bc138b4b9e898735440c815c5bab9e0de9e81d2c957f	JSON-OK	2026-09-24T19:40:08Z	EXISTE-NO-SATISFACE	Crossref confirma que Madrigal-Moreno Flor y Madrigal-Moreno Salvador son autores reales (p.ej. Estrategias de marketing turistico..., DOI 10.33975/riuq.vol33ns1.498) pero ninguno de los primeros resultados es el estudio Reunir/UNIR sobre juventud citado por el report.	5
ASTRA5-U0-INTER-022	3	OPENALEX	https://api.openalex.org/works?filter=raw_author_name.search:Madrigal-Moreno&select=id,doi,title,publication_year,authorships&per_page=25	200	101227	d901bee25cd6d2260a387e843ce69ba36a6371cc5a5dbc3c0cf1a9b2d864e91b	JSON-OK	2026-09-24T19:41:30Z	NO-ENCONTRADO	Listado de 25 de 429 obras de autores de apellido Madrigal-Moreno (marketing, millennials, turismo, redes sociales); ninguna se identifica por titulo con el repositorio Reunir/UNIR ni con el tema de juventud que cita el report; falta especificidad del report para aislar la pieza exacta.	5
ASTRA5-U0-INTER-028	1	WEBSEARCH	query: Amsterdam University of Applied Sciences 2024 case study Mexico labor gig economy					2026-09-24T19:59:30Z	NO-ENCONTRADO	WebSearch no encontro un estudio de caso 2024 de Amsterdam UAS sobre Mexico; solo aparecio investigacion tangencial (GigCV de Martijn Arets, presentada en Bolonia) y resultados generales sobre gig economy en Mexico de otros autores/instituciones.	1
ASTRA5-U0-JUV-014	1	CABECERAS-LINUX	https://www.oecd.org/en/data/indicators/youth-not-in-employment-education-or-training-neet.html	403	5902	2bcd347af6b75cc07b8513e38d298897b26e4f219d38fbdbe4445085461210c6	RETO-CLOUDFLARE	2026-09-24T20:06:43Z	NO-ACCESIBLE	Página del indicador NEET de la OCDE bloqueada por Cloudflare desde el sandbox ('Just a moment...').	2
ASTRA5-U0-JUV-014	2	WAYBACK-ID	https://web.archive.org/web/20260916141405id_/https://www.oecd.org/en/data/indicators/youth-not-in-employment-education-or-training-neet.html	200	164516	57f0391efff9384a13a904df1db4e09e931c14391c135ce5d4c9ca1986b06899	HTML-TITULO:Youth not in employment, education or training (NEET) | OE	2026-09-24T20:07:32Z	EXISTE-SATISFACE	Captura Wayback (gzip decodificado) confirma la página oficial del indicador NEET de la OCDE; el HTML estático no trae el dato numérico de México (se carga por API/JS aparte), por lo que la publicación exacta (Education at a Glance u Employment Outlook) con la tasa 18-20% para México no se confirma con esta captura.	2
ASTRA5-U0-JUV-014	3	API-PORTAL	https://sdmx.oecd.org/public/rest/data/OECD.ELS.SAE,DSD_NEET@DF_NEET,1.0/MEX...._T?format=jsondata&dimensionAtObservation=AllDimensions	403	6135	2e2cb95588ce8aecb91c0eb86568c47396d5c2cef3a1ca18262f634eb5c4e1c8	RETO-CLOUDFLARE	2026-09-24T20:08:04Z	NO-ACCESIBLE	API SDMX de la OCDE también bloqueada por Cloudflare desde el sandbox; no se pudo confirmar el valor numérico ni la publicación exacta con la tasa NEET 18-20% de México.	2
ASTRA5-U0-JUV-024	1	WEBSEARCH	https://www.mitofsky.mx/post/analisis-preliminar-de-la-eleccion-presidencial-del-2-de-junio-2024					2026-09-24T20:06:12Z	EXISTE-SATISFACE	Busqueda 'Consulta Mitofsky 2024 51.4% jovenes encuesta desglose' devolvio como candidato el post oficial de mitofsky.mx 'Analisis preliminar por segmentos de la eleccion presidencial del 2 de junio 2024'; verificado con curl en el intento siguiente.	3
ASTRA5-U0-JUV-024	2	CABECERAS-LINUX	https://www.mitofsky.mx/post/analisis-preliminar-de-la-eleccion-presidencial-del-2-de-junio-2024	200	739278	a11c70cc2bb41d9c970b127e70577a70a9060b433aa9c2f9f2a041fe9ef8bde7	HTML-TITULO:Analisis preliminar por segmentos de la eleccion presidencial del 2 de junio 2024	2026-09-24T20:06:12Z	EXISTE-SATISFACE	Pagina oficial real de mitofsky.mx (post de Wix) con titulo verificado; es plausible sede del desglose 51.4% pero el contenido del articulo se renderiza por JS y no aparece en el HTML crudo, asi que la cifra exacta no quedo verificada en este intento.	3
ASTRA5-U0-JUV-025	1	WEBSEARCH	https://www.google.com/search?q=encuesta+salida+elecciones+2024+M%C3%A9xico+j%C3%B3venes+18-29+a%C3%B1os+Sheinbaum+57%25+G%C3%A1lvez+22%25+M%C3%A1ynez+21%25	200	0		HTML-TITULO:resultados WebSearch (no fetch directo)	2026-09-24T20:20:30Z	NO-ENCONTRADO	WebSearch no localiza ninguna encuesta de salida con exactamente 57%/22%/21% para 18-29 anios; el exit poll nacional de Enkoll dio 57.8%/29.1%/11.4% (voto general, no por edad); otra fuente da 65.4%/22.3%/1.9% para 18-30 anios. Ninguna coincide con los tres numeros exactos de la pieza.	4
ASTRA5-U0-JUV-025	2	CABECERAS-LINUX	https://www.cronica.com.mx/nacional/jovenes-convirtieron-voto-duro-morena-triunfo-sheinbaum-pardo-eleccion-presidencial.html	200	131326	90a8f7fcae6ad6af5cdd6d5cb6a29d914af23236d8e1e2610891ff26fcaa6219	HTML-TITULO:Jovenes se convirtieron en el voto duro de Morena para triunfo de Sheinbaum Pardo en la eleccion presidencial	2026-09-24T20:21:11Z	NO-ENCONTRADO	Articulo real verificado (200) da el desglose de voto juvenil 18-29: Sheinbaum 65.4%, Galvez 22.3%, MC 1.9% -- coincide en el segundo numero (22%) pero no en el primero ni el tercero de la pieza (57%/21%).	4
ASTRA5-U0-JUV-025	3	CABECERAS-LINUX	https://www.proceso.com.mx/nacional/2024/6/2/encuestas-de-salida-dan-triunfo-claudia-sheinbaum-con-amplia-ventaja-sobre-xochitl-galvez-330232.html	200	202132	8cb1e0cc6939f2de3b220f7a8245bf94d66739818db6c3685b3de3221abe21f5	HTML-TITULO:Encuestas de salida dan triunfo a Claudia Sheinbaum con amplia ventaja sobre Xochitl Galvez	2026-09-24T20:21:31Z	NO-ENCONTRADO	Articulo de Proceso sobre encuestas de salida (verificado, 200) no trae desglose por edad 18-29; tras 3 intentos no se localizo una encuesta de salida con exactamente 57%/22%/21% para ese grupo etario.	4
ASTRA5-U0-JUV-027	1	OPENALEX	https://api.openalex.org/works?search=Guerrero 2024 jovenes universitarios Mexico&select=id,doi,title,publication_year,best_oa_location	200	30743	a28cf2181c83aabe0658ad6a75136ec37096e48e473455e7b7936212e38b4587	JSON-OK	2026-09-24T19:39:38Z	NO-ENCONTRADO	Busqueda generica con apellido Guerrero y ano 2024 trajo articulos de otros autores sobre universitarios en Mexico; el propio report reconoce que la referencia bibliografica de Guerrero 2024 esta incompleta (falta revista/institucion), por lo que no se puede aislar el documento con la informacion disponible.	5
ASTRA5-U0-MER-030	1	WAYBACK-ID	https://archive.org/wayback/available?url=inegi.org.mx/programas/mmsi/2016/	200	246	48852995458884c0bd9dc9769ef190975db11c8809e9d966d22048f3f90d50df	JSON-OK	2026-09-24T19:56:44Z	EXISTE-SATISFACE	Wayback confirma captura disponible (timestamp 20260919095725) para el programa MMSI 2016 de INEGI; causa registrada era TLS incompleta, se va directo a Wayback (CURL-EXE-WINDOWS NO-INTENTADO-POR-ESTE-AGENTE).	1
ASTRA5-U0-MER-030	2	WAYBACK-ID	https://web.archive.org/web/20260919095725id_/https://www.inegi.org.mx/programas/mmsi/2016/	200	1537	ab7c1682f1cf1df3a11f2d00d233027a6866128b59fc4f058bb9d21575c6626f	HTML-TITULO:Modulo de Movilidad Social Intergeneracional (MMSI) 2016	2026-09-24T19:57:31Z	EXISTE-SATISFACE	Pagina de programa INEGI con titulo y meta author=INEGI exactos; es shell SPA (componentes vacios, requiere idBiinegi para el dato en si) pero la identidad del programa MMSI 2016 queda confirmada; informe Oxfam/Colmex 2019 no se persiguio por alcanzar EXISTE en la fuente primaria.	1
ASTRA5-U0-MER-031	1	CABECERAS-LINUX	https://www.inegi.org.mx/programas/mmsi/2016/	200	2726	ab7c1682f1cf1df3a11f2d00d233027a6866128b59fc4f058bb9d21575c6626f	HTML-TITULO:Módulo de Movilidad Social Intergeneracional (MMSI) 2016	2026-09-24T20:08:23Z	EXISTE-SATISFACE	Página oficial del programa MMSI 2016 en INEGI (shell SPA, título correcto, descripción 'Movilidad social intergeneracional de la población de 25 a 64 años en México'); confirma que el programa/módulo existe.	2
ASTRA5-U0-MER-031	2	WEBSEARCH						2026-09-24T20:08:55Z	EXISTE-SATISFACE	WebSearch 'Oxfam México Colmex 2019 informe movilidad social MMSI 2016 INEGI'; localiza 'Por mi raza hablará la desigualdad' (informe Oxfam México, vía IMCO), que usa la muestra MMSI 2016 de INEGI; verificado en filas siguientes.	2
ASTRA5-U0-MER-031	3	CABECERAS-LINUX	https://imco.org.mx/informe-raza-hablara-la-desigualdad-via-oxfam/	200	80014	6ea88e88ec8684eadb21178b9432e3a49d0be9364ee3a5a52370d458bc0142cb	HTML-TITULO:Informe Por mi raza hablará la desigualdad, vía Oxfam - IMC	2026-09-24T20:09:03Z	EXISTE-SATISFACE	Reseña de IMCO (fechada 2019-09-02) confirma informe Oxfam 'Por mi raza hablará la desigualdad' que usa el 'Módulo de Movilidad Social Intergeneracional 2016 (MMSI), levantado por el INEGI'; casa con la pieza (MMSI 2016 analizado por Oxfam, informe extenso 2019); enlaza el PDF original en oxfammexico.org.	2
ASTRA5-U0-MER-031	4	CABECERAS-LINUX	https://www.oxfammexico.org/sites/default/files/Por%20mi%20raza%20hablara%20la%20desigualdad_0.pdf	404	126227	d32a24ae64709ba3c4fd36895b5347b0c6ee48103ee79442f0a27e2f02d768d1	SOFT-404	2026-09-24T20:09:24Z	NO-ENCONTRADO	Enlace directo citado por IMCO a oxfammexico.org da 404 (sitio migrado a oxfam.mx); se recurre a Wayback.	2
ASTRA5-U0-MER-031	5	WAYBACK-ID	https://web.archive.org/web/20211018143537id_/https://oxfammexico.org/sites/default/files/Por%20mi%20raza%20hablara%20la%20desigualdad_0.pdf	200	1048576	d847918e300cb9db1a5b9f385a4f834f9d8c682d069fd6d7d32123ee0faae41e	PDF-SIN-EOF	2026-09-24T20:09:41Z	EXISTE-SATISFACE	Captura Wayback 2021 del PDF de Oxfam 'Por mi raza hablará la desigualdad' comienza con %PDF-1.6 correcto pero se corta exactamente en 1 048 576 bytes sin %%EOF (truncado, límite de transferencia); combinado con la confirmación de identidad en la fila anterior (IMCO), se cuenta como EXISTE aunque la copia bajada esté incompleta.	2
ASTRA5-U0-MER-038	1	CABECERAS-LINUX	https://www.inegi.org.mx/programas/enigh/nc/2024/	200	3918	73d280ec8799e5c30088c945e6a401a712c0efb59909ace63f062ef437db5eb2	HTML-TITULO:Encuesta Nacional de Ingresos y Gastos de los Hogares (ENIGH) 2024	2026-09-24T19:58:14Z	EXISTE-SATISFACE	Pagina oficial INEGI con JSON-LD confirma la encuesta ENIGH 2024 (nueva serie); no se confirmo especificamente el Cuadro 9 del reporte de resultados en este intento.	3
ASTRA5-U0-MER-040	1	CROSSREF	https://api.crossref.org/works/10.14718/revfinanzpolitecon.v17.2025.18	200	17485	20a9d6ea57e3ba7cc8bd2aa9ef130f2f334d475eea733f4eeb0d6610d7c021b8	JSON-OK	2026-09-24T19:48:40Z	EXISTE-SATISFACE	Crossref confirma DOI: 'Efectos de la automatizacion del empleo sobre las tasas de informalidad y los salarios en Mexico', Ceballos Mina & Guadarrama Gomez, Revista Finanzas y Politica Economica, 10/nov/2025: coincide exactamente con la pieza pedida.	4
ASTRA5-U0-MER-040	2	CABECERAS-LINUX	https://revfinypolecon.ucatolica.edu.co/article/download/7084/6122	200	790649	b633e24c0cdf4ab9cd8c4aa924f09f4ae81eecc215b23ccdc7fa77b069f6ad0c	PDF-OK	2026-09-24T19:48:53Z	EXISTE-SATISFACE	PDF completo descargado del articulo de Ceballos Mina y Guadarrama Gomez 2025, DOI confirmado por Crossref.	4
ASTRA5-U0-MER-041	1	CABECERAS-LINUX	https://www.euromonitor.com/luxury-goods	403	5688	c593730fda7d4bd7e4f58337782fab208d91844f870ce2bf9321c9f954cb9903	RETO-CLOUDFLARE	2026-09-24T19:52:04Z	NO-ACCESIBLE	Euromonitor devolvio reto Cloudflare ('Just a moment...'); coincide con el patron de bloqueo ya documentado en la receta para sitios con muro/Cloudflare.	5
ASTRA5-U0-MER-041	2	CABECERAS-LINUX	https://www.ttrdata.com/	200	68243	7da37e0c16633f60972f62a8b797adaa71bb0bf7f69eb2bedd747723fa23b4bb	VACIO	2026-09-24T19:52:07Z	NO-ENCONTRADO	ttrdata.com responde 200 pero sin <title> HTML detectable en el cuerpo estatico (probable shell JS); no se pudo confirmar contenido especifico sobre el reporte TTR Data 2025/2026 sin renderizado JS.	5
ASTRA5-U0-MER-041	3	CABECERAS-LINUX	https://amexcap.com/	200	262629	7bc51fcd4c5c0de25424a0d09a2061d8048086ab26510c51553d744d32152305	HTML-TITULO:AMEXCAP  Asociacion Mexicana de Capital Privado	2026-09-24T19:52:34Z	EXISTE-NO-SATISFACE	El sitio de AMEXCAP existe y es accesible (titulo real), pero esta es la portada general; no se localizo en el HTML plano el reporte especifico 2025/1T2026 citado por el report.	5
ASTRA5-U0-MIGR-029	1	WEBSEARCH	query: MATT Mexicans and Americans Thinking Together US/Mexico Cycle 2014 report					2026-09-24T19:59:40Z	EXISTE-SATISFACE	WebSearch localizo el reporte 'US/Mexico Cycle: The End of an Era' de MATT, catalogado por Homeland Security Digital Library (hsdl.org), con resumen de metodologia (600 entrevistas a migrantes retornados).	1
ASTRA5-U0-MIGR-029	2	CABECERAS-LINUX	https://www.hsdl.org/c/usmexico-cycle-the-end-of-an-era/	200	304730	f840c1f828219abd567d221195234f7b3c0f8ddf0f0fc65ce32650a9194cbcfe	HTML-TITULO:US/Mexico Cycle: The End of an Era - Homeland Security Digital Library	2026-09-24T20:00:45Z	EXISTE-SATISFACE	Pagina de catalogo real de HSDL, titulo y contenido ('MATT', 'End of an Era') coinciden con la pieza pedida.	1
ASTRA5-U0-MIGR-036	1	CABECERAS-LINUX	https://www.thedialogue.org/experts/manuel-orozco/	200	310462	c1493d9dc93b81c76fe23a2ae1218eb5dbb5f5b5bac3a644311c8484fd49cbe8	HTML-TITULO:Manuel Orozco – Inter-American Dialogue	2026-09-24T20:12:46Z	NO-ENCONTRADO	Página de perfil de Manuel Orozco en thedialogue.org confirma que dirige el programa de Migración, Remesas y Desarrollo; no trae la publicación específica con cifras de antigüedad del stock migrante/ciclo de remesas.	2
ASTRA5-U0-MIGR-036	2	CABECERAS-LINUX	https://thedialogue.org/blogs/2026/09/a-mixed-bag-in-mexican-remittance-growth	200	234202	4a4bcb2fa2f5172407fb8b23973e5ee17a9cf2482a5918f4a5cfd3d8be6596d3	HTML-TITULO:A Mixed Bag in Mexican Remittance Growth – Inter-American D	2026-09-24T20:12:59Z	NO-ENCONTRADO	Blog de Orozco/Dialogue sobre remesas mexicanas 2026 pero sin las cifras de duración del ciclo de remesas ni tasas de entrada/salida de remitentes buscadas.	2
ASTRA5-U0-MIGR-036	3	CABECERAS-LINUX	https://thedialogue.org/blogs/2026/05/understanding-the-decline-in-remittances-to-mexico-in-2025	200	289854	a1fd8b457e8c9e48e3bf6b6c55bde4955a97b5f2fe3e4c1945d06ecb01df349b	HTML-TITULO:Understanding the Decline in Remittances to Mexico in 2025	2026-09-24T20:13:30Z	NO-ENCONTRADO	Otro blog de Dialogue sobre remesas a México 2025; tampoco contiene 'entry rate'/'exit rate'/duración de ciclo buscados.	2
ASTRA5-U0-MIGR-036	4	API-PORTAL	https://thedialogue.org/analysis/?_programs=migration-remittances-development	200	313976	f91e6ba9893455038a9b698c2b245534c5bfd725f46c9104de32fa1708b71406	HTML-TITULO:	2026-09-24T20:13:43Z	NO-ENCONTRADO	Listado de análisis del programa de Migración/Remesas; el listado de publicaciones se renderiza por JS y no expone títulos en el HTML estático capturado, por lo que no se pudo identificar la publicación exacta con antigüedad del stock migrante y ciclo de remesas.	2
ASTRA5-U0-MIGR-042	1	CABECERAS-LINUX	https://www.migrationpolicy.org/article/mexican-immigrants-united-states	200	146511	b4fe90c6aa097dedec026e0ad714b18d9fa343b8ef703468ce6c60f76c4e05a9	HTML-TITULO:Mexican Immigrants in the United States | Migration Policy Institute	2026-09-24T19:51:08Z	EXISTE-SATISFACE	Perfil oficial de MPI sobre inmigrantes mexicanos; el texto dice ~5.5 millones de indocumentados de Mexico a mediados de 2023 (la pieza citaba ~5.1M, cifra cercana pero no identica: mismo documento/serie, valor actualizado).	3
ASTRA5-U0-MIGR-042	2	CABECERAS-LINUX	https://www.pewresearch.org/short-reads/2024/09/18/facts-on-hispanics-of-mexican-origin-in-the-united-states/	404	285483	b8f446cf76aa61de2e9242d2088daac4411451e0f4044850b854df421f707350	SOFT-404	2026-09-24T19:51:08Z	NO-ENCONTRADO	URL adivinada de Pew sobre mexicano-americanos; 404 cae a portada generica de Pew, no es la pieza pedida.	3
ASTRA5-U0-MIGR-042	3	CABECERAS-LINUX	https://www.pewresearch.org/short-reads/2024/07/22/whats-known-about-the-demographics-of-us-immigrants/	404	285465	52e9e54aa06c56a7980c2b54d1fb933597b1c9b78b2f8cc8f265b599b3f2e173	SOFT-404	2026-09-24T19:51:08Z	NO-ENCONTRADO	Segunda URL adivinada de Pew sobre demografia de inmigrantes; 404 cae a portada generica.	3
ASTRA5-U0-MIGR-042	4	CABECERAS-LINUX	https://www.pewresearch.org/short-reads/2024/09/27/key-findings-about-us-immigrants/	403	4215	126fa71ff9096a220594c46a52d86c7326ee4409ad8fd498a2b105bd494048be	RETO-CLOUDFLARE	2026-09-24T19:51:08Z	NO-ACCESIBLE	Tercera URL de Pew bloqueada con 403 (pagina de reto, no el articulo); confirma el bloqueo de host ya registrado por la sesion anterior para pewresearch.org.	3
ASTRA5-U0-POL-017	1	CABECERAS-LINUX	https://www.elfinanciero.com.mx/buscador/?q=Moreno+izquierda+derecha+encuesta	404	411401	50df6784809835da7fb2f406e014494f45f6c4d04b8b668df8c18444344acc15	SOFT-404	2026-09-24T20:18:43Z	NO-ENCONTRADO	Ruta de buscador adivinada de El Financiero devuelve pagina de Error 404 real (titulo 'Error 404').	4
ASTRA5-U0-POL-017	2	WEBSEARCH	https://www.google.com/search?q=Alejandro+Moreno+El+Financiero+encuesta+autoubicaci%C3%B3n+ideol%C3%B3gica+izquierda+derecha+electorado+mexicano	200	0		HTML-TITULO:resultados WebSearch (no fetch directo)	2026-09-24T20:18:50Z	NO-ENCONTRADO	WebSearch localiza la columna de Alejandro Moreno (director de encuestas de El Financiero) 'Izquierdas y derechas' (19/mayo/2023) sobre autoubicacion ideologica del electorado; verificacion en fila siguiente.	4
ASTRA5-U0-POL-017	3	CABECERAS-LINUX	https://www.elfinanciero.com.mx/opinion/alejandro-moreno/2023/05/19/izquierdas-y-derechas/	200	403501	b349923373246f7577c3b5a0f75819524cf79b674bba7a53fa99a01279547aa2	HTML-TITULO:Izquierdas y derechas - El Financiero	2026-09-24T20:19:18Z	EXISTE-SATISFACE	Columna real de Alejandro Moreno en El Financiero (19/mayo/2023) verificada con curl (200): discute la encuesta de autoubicacion izquierda-derecha del electorado mexicano y su relacion con preferencias por Sheinbaum/Tellez; coincide con la pieza atribuida a 'Moreno via El Financiero', aunque la fecha exacta no la precisaba el report.	4
ASTRA5-U0-RURAL-019	1	WEBSEARCH	query: recuento lideres evangelicos diciembre 1993 Chiapas Jan Rus Christine Kovic					2026-09-24T19:54:30Z	EXISTE-NO-SATISFACE	WebSearch devolvio la cifra de 33,531 creyentes expulsados segun un recuento de diciembre de 1993 hecho por lideres evangelicos mestizos, y confirmo que Kovic investigo en Los Altos de Chiapas 1993-1995 y que Jan Rus publica extensamente sobre la region; no did un URL unico y verificable para esa cifra especifica, asi que se probo la fuente academica mas cercana (Jan Rus et al., resena Redalyc) en el intento 2.	5
ASTRA5-U0-RURAL-019	2	CABECERAS-LINUX	https://www.redalyc.org/pdf/3191/319127418017.pdf	200	2634341	00282d4d7e42afe59936f34c3ed64c876ae178496c947af8a1075d2e30044a8f	PDF-OK	2026-09-24T19:54:49Z	EXISTE-NO-SATISFACE	PDF real y valido (resena de Diana Guillen sobre 'Mayan Lives and Mayan Utopias' de Jan Rus, Hernandez y Mattiace, Secuencia num.63, 2005) relacionado con el mismo investigador y region, pero es una resena de libro, no el recuento primario de diciembre de 1993; pdftotext no encontro la cifra 33,531/33531 en su texto.	5
ASTRA5-U0-RURAL-032	1	WEBSEARCH	query: UCIRI 1983 cooperativa Michiza Yeni Navan 1030 productores 43 comunidades cafe organico					2026-09-24T19:59:50Z	EXISTE-SATISFACE	WebSearch confirmo UCIRI (fundada 1982, constituida 1983, 17 comunidades iniciales) y Yeni Navan/Michiza (actualmente ~1030 productores en 43 comunidades segun ecolectia.com/clac-comerciojusto.org); localizo paginas oficiales/periodisticas para verificar ambas.	1
ASTRA5-U0-RURAL-032	2	CABECERAS-LINUX	http://www.comerciojustomx.org/organizacion/13	200	22815	e31cfc9a8df7a05f809e353a3be8f2c27cb330b81d782a3073ac09558ff82943	HTML-TITULO:Yeni Navan - Coordinadora Mexicana de Pequenos Productores de Comercio Justo	2026-09-24T20:00:47Z	EXISTE-SATISFACE	Pagina oficial de la Coordinadora confirma la organizacion Yeni Navan/Michiza (fundada 1985), pero describe 'mas de 600 productores en mas de 30 comunidades', no los ~1030/43 citados en la pieza -- discrepancia numerica entre fuentes, identidad del emisor confirmada.	1
ASTRA5-U0-RURAL-032	3	CABECERAS-LINUX	https://www.istmopress.com.mx/istmo/uciri-conmemora-33-anos-de-producir-cafe-organico-a-traves-de-la-colectividad/	200	17367	259d34a43894ee703092064252745cbd532c55763a6e178b17f187d0148b5eea	HTML-TITULO:UCIRI conmemora 33 anos de producir Cafe organico a traves de la colectividad - Noticias del Istmo, Oaxaca	2026-09-24T20:01:57Z	EXISTE-SATISFACE	Nota periodistica real confirma la historia institucional de UCIRI y su fundacion en 1983, coincide con la pieza pedida.	1
ASTRA5-U0-RURAL-037	1	OPENALEX	https://api.openalex.org/works?search=Arturo%20Warman%20tequio&select=id,doi,title,publication_year,authorships,best_oa_location	200	65281	b5eb8d41d0229c5add139f1345c629bc1713b4e715265c5b9fcd5a69222d0386	JSON-OK	2026-09-24T19:58:04Z	NO-ENCONTRADO	Busca obra de Arturo Warman sobre tequio; los 10 primeros resultados no tienen a Warman como autor ni mencionan tequio.	2
ASTRA5-U0-RURAL-037	2	CROSSREF	https://api.crossref.org/works?query.author=Arturo+Warman&rows=10	200	20884	6e4930e7c22c01321118fc3ed7a1124ad6eccdbcc8e3c6c031fc82b7fa47aa80	JSON-OK	2026-09-24T19:58:15Z	NO-ENCONTRADO	Crossref confirma a Arturo Warman como autor real con obras indexadas (p.ej. 'Y venimos a contradecir', 1977; 'Notas para una redefinición de la comunidad agraria', 1985; 'Los campesinos en el umbral de un nuevo milenio', 1988), pero ninguno de los 10 títulos trata explícitamente el tequio; no se confirma el título/año/edición exactos que sustentan la cita, coincidiendo con el 'EXISTENCIA-NO-COMPROBADA' que ya había registrado la sesión anterior tras 2 consultas técnicas.	2
ASTRA5-U0-RURAL-049	1	WEBSEARCH	https://www.gob.mx/cms/uploads/attachment/file/85440/Casos_de_exito_Comunidad_Indigena_de_Cheran.pdf					2026-09-24T20:06:45Z	EXISTE-SATISFACE	Busqueda 'Cheran informe monitoreo forestal reforestacion CONAFOR Concejo Mayor de Gobierno Comunal' devolvio PDF oficial de gob.mx 'RESTAURACION FORESTAL EN LA COMUNIDAD INDIGENA DE CHERAN'; verificado con curl en el intento siguiente.	3
ASTRA5-U0-RURAL-049	2	CABECERAS-LINUX	https://www.gob.mx/cms/uploads/attachment/file/85440/Casos_de_exito_Comunidad_Indigena_de_Cheran.pdf	200	3949724	cd18b4548e9af245fa32e3f95ecff3e18b8a328688b21b0101056bf5b59410eb	PDF-OK	2026-09-24T20:06:45Z	EXISTE-SATISFACE	PDF real (%PDF- y %%EOF) de gob.mx: caso de exito de restauracion forestal en la comunidad indigena de Cheran, coincide con la pieza (documento de monitoreo forestal/reforestacion de Cheran, candidato CONAFOR).	3
ASTRA5-U0-SALUD-010	1	CDX	https://web.archive.org/cdx/search/cdx?url=inegi.org.mx*&output=json&collapse=urlkey&filter=urlkey:.*mujeresyhombres.*&filter=mimetype:application/pdf	0	0		ERROR-CURL	2026-09-24T19:58:00Z	NO-ACCESIBLE	curl: (28) Operation timed out tras 45s: comodin de dominio completo demasiado amplio para el indice CDX.	4
ASTRA5-U0-SALUD-010	2	CDX	https://web.archive.org/cdx/search/cdx?url=inegi.org.mx/contenidos/saladeprensa/boletines/*&output=json&collapse=urlkey&limit=1000&filter=urlkey:.*salud.*&from=2020&to=2025	0	0		ERROR-CURL	2026-09-24T19:58:30Z	NO-ACCESIBLE	curl: (7) Failed to connect (dos intentos, uno via wrapper y uno directo): consulta CDX no resolvio para esta ruta amplia por boletines/*.	4
ASTRA5-U0-SALUD-010	3	WEBSEARCH	https://www.google.com/search?q=INEGI+%3E60%25+buscan+atenci%C3%B3n+m%C3%A9dica+cuando+es+grave+comunicado	200	0		HTML-TITULO:resultados WebSearch (no fetch directo)	2026-09-24T19:59:00Z	NO-ENCONTRADO	Consulta WebSearch 'INEGI >60% / seis de cada diez buscan atencion medica cuando es grave comunicado' no devolvio ningun comunicado o publicacion pertinente que respalde la cifra exacta pedida por la pieza; resultados eran sobre ENIGH gasto de bolsillo, ESEP y cancer en hombres, sin relacion directa.	4
ASTRA5-U0-SALUD-011	1	CABECERAS-LINUX	http://www.imss.gob.mx/conoce-al-imss/informes-memorias	200	212	d02032286070b4dd9d8fbd985a7bdca8af8edf52b89ff177db3bfcb2c8a9c43d	RETO-CLOUDFLARE	2026-09-24T19:45:19Z	NO-ACCESIBLE	Respuesta 200 pero cuerpo vacio con script de reto Incapsula (bot-wall), no es el contenido del portal de informes del IMSS.	5
ASTRA5-U0-SALUD-011	2	WAYBACK-ID	https://archive.org/wayback/available?url=imss.gob.mx/conoce-al-imss/informes-memorias	200	81	bf94a776c1cff4603b402af5f8354f60e8ded0f2f948d9be42dae27e5a34db61	JSON-OK	2026-09-24T19:48:52Z	NO-ENCONTRADO	Wayback no tiene captura archivada para esta URL especifica (archived_snapshots vacio).	5
ASTRA5-U0-SALUD-011	3	WAYBACK-ID	https://archive.org/wayback/available?url=imss.gob.mx	200	48	e7170bbf556a546f14a764f3cbfb36af9734bf85718bdf5f31f6244e8d00e933	JSON-OK	2026-09-24T19:49:25Z	NO-ENCONTRADO	Wayback tampoco tiene captura archivada para el dominio raiz imss.gob.mx en esta consulta puntual.	5
ASTRA5-U0-SALUD-013	1	CABECERAS-LINUX	https://www.coneval.org.mx/Medicion/Paginas/PobrezaInicio.aspx	200	116581	3fdfd2859aabb4feaea786d2951c6a5b25d03116fc5b8adaa8355f3165186b89	HTML-TITULO:Pobreza en Mexico | CONEVAL	2026-09-24T19:48:17Z	EXISTE-SATISFACE	Portal de medicion de pobreza de CONEVAL responde con pagina real (no soft-404); es la raiz donde vive la medicion de carencia de acceso a servicios de salud 2024 citada en la pieza.	1
ASTRA5-U0-SALUD-015	1	OPENALEX	https://api.openalex.org/works?search=meta-analisis%20adherencia%20tratamiento%20diabetes%20tipo%202%20Mexico%20Psicumex&select=id,doi,title,publication_year,authorships,best_oa_location	200	560	eb707a06d9d78dc2f89cfdbf26e427137f9502b8282b4cae314af41c6a0234a7	JSON-OK	2026-09-24T19:58:48Z	NO-ENCONTRADO	Consulta OpenAlex con todos los términos combinados; 0 resultados (consulta demasiado específica).	2
ASTRA5-U0-SALUD-015	2	OPENALEX	https://api.openalex.org/works?search=adherencia%20diabetes%20tipo%202%20Psicumex&select=id,doi,title,publication_year,authorships,best_oa_location	200	104419	4c2d8090984451118673b345ce994125c33a2463a64fd5280a8eb1781b4871a6	JSON-OK	2026-09-24T19:59:02Z	EXISTE-SATISFACE	Primer resultado exacto: Mora-Romo (2022) 'Adherencia al tratamiento en personas con diabetes mellitus tipo 2 en México', Psicumex 12(1), DOI 10.36793/psicumex.v12i1.493, OA con PDF; casa con la pieza (meta-análisis DM2 Psicumex 2022, mencionado en Patrón E).	2
ASTRA5-U0-SALUD-015	3	CABECERAS-LINUX	https://psicumex.unison.mx/index.php/psicumex/article/download/493/345	200	645094	e0d2097fefb18aa572df4408f624207270c6695428586af5dd159c25f6bbbe8d	PDF-OK	2026-09-24T20:00:15Z	EXISTE-SATISFACE	PDF válido (%PDF-1.7...%%EOF). Confirma título exacto 'Adherencia al tratamiento en personas con diabetes mellitus tipo 2 en México: Estudio de metaanálisis' (Mora-Romo, Psicumex 2022, DOI 10.36793/psicumex.v12i1.493), tamaño de efecto 0.88 IC[0.54,1.21], 15 estudios incluidos; es el meta-análisis de adherencia DM2 que la pieza buscaba confirmar.	2
ASTRA5-U0-SALUD-016	1	CABECERAS-LINUX	https://ensanut.insp.mx/encuestas/ensanut2018/index.php	200	58495	2af66680d94a7b291e82e9a69228fc9bd2cd72cb7ff97ac15df5844acbf19920	HTML-TITULO:Encuesta Nacional de Salud y Nutricion	2026-09-24T19:58:14Z	EXISTE-SATISFACE	Pagina oficial del INSP para ENSANUT 2018, con titulo real que coincide con la pieza ENSANUT 2018-19 pedida.	3
ASTRA5-U0-SALUD-021	1	CABECERAS-LINUX	https://search.scielo.org/?q=salud+mexicanos+atencion+medica+grave&lang=es	403	2183	80b4d685f4f23480b81383a367f65fa8afe5c97746a379bb63fb8200e1fb28bb	RETO-CLOUDFLARE	2026-09-24T20:18:17Z	NO-ACCESIBLE	El buscador global de SciELO (search.scielo.org) bloquea la peticion con 403.	4
ASTRA5-U0-SALUD-021	2	CABECERAS-LINUX	https://www.scielo.org.mx/	200	14630	da7c1f81dec60ee5d2aa3d49aad13d14768b773f78cb8208c83876de1ca53195	HTML-TITULO:SciELO Mexico	2026-09-24T20:18:26Z	NO-ENCONTRADO	Portal SciELO Mexico si carga (200), pero la pieza pedida por el report ('Estudio(s) publicado(s) en SciELO, no identificado con DOI') no trae titulo, autor ni tema especifico para buscar; sin un termino concreto no se pudo identificar el/los articulo(s) citados.	4
ASTRA5-U0-SALUD-025	1	CABECERAS-LINUX	https://ensanut.insp.mx/	200	93849	4c412dfda621d2dc6e5671302a138b5ac38f2061c1a824d11540cd22f97621b1	HTML-TITULO:Encuesta Nacional de Salud y Nutricion	2026-09-24T19:45:20Z	EXISTE-SATISFACE	Portal oficial de ENSANUT (INSP) accesible con titulo real; la pagina menciona explicitamente ENSANUT 2018 (6 veces) y 2022 (34 veces), confirmando que ambas olas estan documentadas en el portal oficial.	5
ASTRA5-U0-SINT-005	1	OPENALEX	https://api.openalex.org/works?search=Rosengren%20Portland%20State&select=id,doi,title,publication_year,best_oa_location,authorships	200	589383	bd18defc1a81742ef5bb667d652224be409e21f839638dfa8730857096cf1424	JSON-OK	2026-09-24T19:43:18Z	NO-ENCONTRADO	Busqueda de texto libre 287 resultados; los primeros 10 son de riesgo cardiovascular y otros temas, ninguno de Rosengren + salud mental Mexico/migrantes.	3
ASTRA5-U0-SINT-005	2	OPENALEX	https://api.openalex.org/works?filter=title.search:Rosengren&select=id,doi,title,publication_year,authorships&per_page=15	200	21806	0c793b3f785b670bb3e23360fc17203cbbf3cf04405b45fd474c0a8f0342b546	JSON-OK	2026-09-24T19:43:18Z	NO-ENCONTRADO	15 obras con Rosengren en el titulo, ninguna sobre salud mental o Mexico; no hay apellido de coautor ni titulo en la nota original para acotar mas.	3
ASTRA5-U0-SINT-005	3	PUBMED	https://eutils.ncbi.nlm.nih.gov/entrez/eutils/esearch.fcgi?db=pubmed&term=Rosengren%5BAuthor%5D+AND+Mexico&retmode=json&retmax=10	200	456	55d8297cac64e1d550b6d23b6aba2892b95f44672a0bf5bf81c5096f9a372f22	JSON-OK	2026-09-24T19:43:18Z	NO-ENCONTRADO	4 PMIDs con Rosengren+Mexico, ninguno de salud mental (son sobre duelo infantil dia de muertos, bioquimica y fisica).	3
ASTRA5-U0-SINT-005	4	PUBMED	https://eutils.ncbi.nlm.nih.gov/entrez/eutils/esummary.fcgi?db=pubmed&id=31140591,26955930,22169213,20867396&retmode=json	200	7622	d0116bb31f57d1b9901d98c82feb5599c9edf610d79e5ba055cfbfc0e47ba9a6	JSON-OK	2026-09-24T19:43:18Z	NO-ENCONTRADO	eSummary de los 4 PMIDs confirma que ninguno trata salud mental ni una tesis de Portland State; la pieza pedida (Rosengren et al PMC + tesis Portland State) queda NO-ENCONTRADO por informacion insuficiente para identificar el articulo exacto.	3
ASTRA5-U0-SINT-009	1	WEBSEARCH	https://www.google.com/search?q=encuesta+percepci%C3%B3n+desigualdad+movilidad+social+7+ciudades+M%C3%A9xico+N%3D2493	200	0		HTML-TITULO:resultados WebSearch (no fetch directo)	2026-09-24T20:21:50Z	NO-ENCONTRADO	WebSearch localiza el estudio del CEEY 'Percepciones de desigualdad y movilidad social en Mexico' con encuesta cara a cara en 2,493 hogares; verificacion de la URL va en la fila siguiente.	4
ASTRA5-U0-SINT-009	2	CABECERAS-LINUX	https://ceey.org.mx/wp-content/uploads/2023/04/Percepciones-de-desigualdad-y-movilidad-social-en-Mexico.pdf	200	190681	eac854bda5e6f3499692dbd5e577c470be243442efc5488d58edff3b4f09bed0	PDF-OK	2026-09-24T20:22:09Z	EXISTE-SATISFACE	PDF del CEEY descargado y verificado con pdftotext: contiene textualmente 'La encuesta se realizo cara a cara en 2,493 hogares', coincidencia exacta de N con la pieza pedida (encuesta de percepcion de desigualdad y movilidad social).	4
ASTRA5-U0-SINT-011	1	OPENALEX	https://api.openalex.org/works?search=Gonzalbo Aizpuru 2013 familia Mexico&select=id,doi,title,publication_year,best_oa_location	200	30755	84c43a6c881ec5edcb1acd8fc96d58cea82e653d2f1e47fa1b3c6bdc186ff426	JSON-OK	2026-09-24T19:39:39Z	NO-ENCONTRADO	Busqueda generica Gonzalbo 2013 no aislo un titulo especifico de 2013 sobre el tema citado (OXFAM/familia rural-indigena); resultados fueron articulos de otros anos y autores relacionados.	5
ASTRA5-U0-SINT-011	2	OPENALEX	https://api.openalex.org/works?search=Rappaport 2014 indigenous Mexico&select=id,doi,title,publication_year,best_oa_location	200	29026	f39334a850a317108d74d5c666b5c2e530741ba31faa889e53caa61fe7f5daa6	JSON-OK	2026-09-24T19:39:39Z	NO-ENCONTRADO	Busqueda generica Rappaport 2014 no aislo el titulo especifico citado por el report; resultados fueron sobre temas distintos (REDD+, biomarcadores).	5
ASTRA5-U0-SINT-011	3	WEBSEARCH	query: Oxfam Mexico informe desigualdad rural indigena Gonzalbo Rappaport pobreza -> https://imco.org.mx/informe-raza-hablara-la-desigualdad-via-oxfam/					2026-09-24T19:57:00Z	EXISTE-NO-SATISFACE	WebSearch confirma que Oxfam Mexico SI publica informes sobre desigualdad indigena/rural (Desigualdad Extrema en Mexico, Oligarquia o Democracia, Por mi raza hablara la desigualdad) pero ninguno se identifico con el ano exacto que el report no cito; se verifico con curl la cobertura de IMCO del informe 'Por mi raza hablara la desigualdad' en el intento 4.	5
ASTRA5-U0-SINT-011	4	CABECERAS-LINUX	https://imco.org.mx/informe-raza-hablara-la-desigualdad-via-oxfam/	200	81647	51981028ef4e52c6deca19510166b4df6d3998b99fcaa5285b207795b819f69d	HTML-TITULO:Informe Por mi raza hablara la desigualdad, via Oxfam - IMCO	2026-09-24T19:57:10Z	EXISTE-NO-SATISFACE	Cobertura real de IMCO (titulo confirmado) sobre un informe de Oxfam Mexico enfocado en desigualdad por raza/etnicidad, tematicamente cercano a rural-indigena, pero no se identifica como el informe puntual citado por el report (sin ano en la pieza_faltante original) ni se confirmo el documento primario de Oxfam en su propio dominio.	5
ASTRA5-U0-SINT-012	1	CABECERAS-LINUX	https://ourworldindata.org/grapher/economic-inequality-gini-index	200	91730	ce66ae196e9d2b558cab3eb8e2c1473ccd68b85eb52fd1bedb4d7729b4bba352	HTML-TITULO:Gini coefficient | Gini coefficient - World Bank | Our World in Data	2026-09-24T19:50:58Z	EXISTE-SATISFACE	Pagina real de Our World in Data con el grafico Gini (fuente World Bank), coincide con 'Our World in Data' de la pieza.	1
ASTRA5-U0-SINT-012	2	CABECERAS-LINUX	https://www.inegi.org.mx/temas/pobreza/	200	13370	4af72939ac4754fa4016f0321f70562df5fcc4440cb3c70c6908fd524a017629	SOFT-404	2026-09-24T19:51:00Z	NO-ENCONTRADO	Ruta adivinada '/temas/pobreza/' devuelve 200 con titulo 'Pagina no encontrada' (soft-404 de INEGI); no es la ruta vigente para Gini historico/PIB per capita estatal.	1
ASTRA5-U0-SINT-012	3	OPENALEX	https://api.openalex.org/works?search=Jordahl%202009%20inequality&select=id,doi,title,publication_year,authorships&per_page=5	200	45328	d0c6b377937c81fa61feacb507c0b8a98bfbaf5b3dad14ed73c5d7991ee5a452	JSON-OK	2026-09-24T19:56:33Z	NO-ENCONTRADO	Busqueda 'Jordahl 2009 inequality' en OpenAlex: los 5 primeros resultados son de otros autores/anos, ninguno de Jordahl 2009.	1
ASTRA5-U0-SINT-013	1	CABECERAS-LINUX	https://www.inegi.org.mx/programas/enoe/15ymas/	200	5765	dad5c95cbaa369078d8bf89524781b8b482a255da59a5a365d304bba78c1e0fc	HTML-TITULO:Encuesta Nacional de Ocupación y Empleo (ENOE), población de	2026-09-24T20:18:28Z	EXISTE-SATISFACE	Página oficial del programa ENOE (15 años y más) en INEGI confirma que el programa existe; no confirma por sí sola la disponibilidad de los 4 trimestres 2025 ni el documento metodológico 'Conociendo la base de datos de la ENOE' (2023) con la fórmula TIL1 p.35.	2
ASTRA5-U0-SINT-013	2	CABECERAS-LINUX	https://www.inegi.org.mx/temas/pibinformal/	000	0		ERROR-CURL	2026-09-24T20:18:56Z	NO-ACCESIBLE	curl: (7) Failed to connect al tema de Cuenta Satélite de la Economía Informal en INEGI (dos intentos).	2
ASTRA5-U0-SINT-013	3	CROSSREF	https://api.crossref.org/works?query.bibliographic=Levy%20Good%20Intentions%20Bad%20Outcomes%202008&rows=5	200	11065	74f07e6363f68a2a21305802ddf4d3721c6dbc9f35151b657a6a9d3456ae31a3	JSON-OK	2026-09-24T20:19:47Z	EXISTE-SATISFACE	Crossref confirma 'Good intentions, bad outcomes: social policy, informality, and economic growth in Mexico' (Santiago Levy, Brookings Institution Press, 2008-12-01) y una reseña académica de 2009 que lo describe (357 pp.); coincide exacto con 'Levy (2008)' de la pieza.	2
ASTRA5-U0-SINT-013	4	OPENALEX	https://api.openalex.org/works?search=van%20der%20Molen%202016%20informalidad%20Mexico&select=id,doi,title,publication_year,authorships	200	2416	cdc2066696b341acdbaeeba43212668be15c8d156ff1ac27131d59d383b159e8	JSON-OK	2026-09-24T20:20:03Z	NO-ENCONTRADO	Solo 1 resultado por texto completo (2024, sobre empleo informal/PIB en México) que probablemente cita a van der Molen, pero no es el trabajo de van der Molen (2016) en sí.	2
ASTRA5-U0-SINT-013	5	CROSSREF	https://api.crossref.org/works?query.author=van%20der%20Molen&query.bibliographic=informal%20Mexico%202016&rows=6	200	72678	4a99f54ba329f372e99cff960ef94be187087248291c860384f841c2b8d95014	JSON-OK	2026-09-24T20:20:14Z	NO-ENCONTRADO	P. van der Molen es autor real (geodesta/catastro, Países Bajos) con trabajos sobre economías informales y catastro (2016, 2018), pero ninguno de sus títulos de 2016 menciona México ni economía informal mexicana; no se confirma 'van der Molen (2016)' como el trabajo específico citado en la pieza.	2
ASTRA5-U0-SINT-015	1	CABECERAS-LINUX	https://www.migrationpolicy.org/article/mexican-immigrants-united-states	200	146511	7bc12c661da0e78efd18231702cff32619536723081c10af9c0519abc8d61df0	HTML-TITULO:Mexican Immigrants in the United States | Migration Policy Institute	2026-09-24T19:51:42Z	EXISTE-SATISFACE	Mismo perfil de MPI con la estimacion de indocumentados de Mexico (mid-2023, ~5.5M); satisface la parte 'MPI, estimacion 2023' de la pieza.	3
ASTRA5-U0-SINT-015	2	CABECERAS-LINUX	https://www.banxico.org.mx/publicaciones-y-prensa/remesas/index.html	404	103	90b2d35cd5e08370ed20db81197dd9da1a4dbb421f71293fd5733ea49eb7b3e1	SOFT-404	2026-09-24T19:51:42Z	NO-ENCONTRADO	URL adivinada en banxico.org.mx para remesas por entidad devuelve 404 real (mensaje 'resource... removed'); el propio report ya declaraba que no identifico la fuente de la distribucion estatal de remesas; no se pudo localizar en este intento.	3
ASTRA5-U0-SINT-016	1	API-PORTAL	https://archive.org/advancedsearch.php?q=title%3A%28raza+cosmica%29+AND+creator%3A%28vasconcelos%29&fl%5B%5D=identifier&fl%5B%5D=title&fl%5B%5D=year&output=json&rows=10	200	1192	80522b4713257056dffa1d7aebc020d67777a0b7a7a2bb0893a54f1c5520cbca	JSON-OK	2026-09-24T20:01:14Z	EXISTE-SATISFACE	Busqueda en catalogo de archive.org devuelve 6 ediciones digitalizadas de 'La Raza Cosmica' de Jose Vasconcelos, incluyendo la edicion de 1925.	4
ASTRA5-U0-SINT-016	2	API-PORTAL	https://archive.org/metadata/larazacosmicamis00vasc	200	11537	be355b86af4ea6c875d29a334042b7a8dff02b31a330d46260034dc2e35a3f06	JSON-OK	2026-09-24T20:01:26Z	NO-ENCONTRADO	Metadato del item 'larazacosmicamis00vasc' (ed. 1976) confirma autor y titulo pero el item esta bajo prestamo controlado (controlled digital lending).	4
ASTRA5-U0-SINT-016	3	API-PORTAL	https://archive.org/download/larazacosmicamis00vasc/larazacosmicamis00vasc.pdf	403	4868	6c274a5ca3bfb685b3f7ea58c76c73db24051d622871bdbcc25c0531779d7758	SOFT-404	2026-09-24T20:01:45Z	NO-ACCESIBLE	Descarga del PDF de la ed.1976 bloqueada: pagina 'Item not available' por restriccion de prestamo controlado de archive.org.	4
ASTRA5-U0-SINT-016	4	API-PORTAL	https://archive.org/metadata/1925-raza-cosmica-jose-vasconcelos	200	8555	c5fb61032f3ce53edbff267bb8abbc6b945acbb41aef0ab44e7e3716c9278135	JSON-OK	2026-09-24T20:02:10Z	EXISTE-SATISFACE	Item alterno '1925 Raza Cosmica, Jose Vasconcelos' sin bandera access-restricted-item, con archivo Text PDF de 10.6MB disponible.	4
ASTRA5-U0-SINT-016	5	API-PORTAL	https://archive.org/download/1925-raza-cosmica-jose-vasconcelos/1925%20raza%20c%C3%B3smica%2C%20Jose%20Vasconcelos.pdf	200	10617110	8dc1d26386c34e68952f2bf2e0117c3a93c6871e90fce34f0766a7b6cc6ae8d6	PDF-OK	2026-09-24T20:02:20Z	EXISTE-SATISFACE	Descarga completa (10.6MB) de 'La Raza Cosmica' de Jose Vasconcelos (1925), %PDF-1.6 con %%EOF valido; coincide con la primera parte de la pieza pedida.	4
ASTRA5-U0-SINT-016	6	API-PORTAL	https://archive.org/advancedsearch.php?q=title%3A%28censo+poblacion%29+AND+description%3A%281930%29&fl%5B%5D=identifier&fl%5B%5D=title&fl%5B%5D=year&output=json&rows=10	200	275		JSON-OK	2026-09-24T20:02:40Z	NO-ENCONTRADO	numFound=0 en archive.org para 'Censo de Poblacion y Vivienda 1930' de la Direccion General de Estadistica; segunda parte de la pieza (Censo 1930) no localizada por esta ruta.	4
ASTRA5-U0-SINT-016	7	API-PORTAL	https://archive.org/advancedsearch.php?q=%22quinto+censo%22+mexico+1930&fl%5B%5D=identifier&fl%5B%5D=title&fl%5B%5D=year&output=json&rows=10	200	536		JSON-OK	2026-09-24T20:02:51Z	NO-ENCONTRADO	numFound=0 con termino alterno 'quinto censo mexico 1930'; el Censo de Poblacion y Vivienda 1930 de INEGI/DGE no se localizo en archive.org tras 2 intentos (el libro de Vasconcelos si quedo EXISTE).	4
ASTRA5-U0-SINT-018	1	CABECERAS-LINUX	https://www.weforum.org/publications/global-gender-gap-report-2024/	403	436	0f3275ac01b67de3da0e8210b5d681b536c4362961fa4274455a111b52c4ed53	RETO-CLOUDFLARE	2026-09-24T19:45:05Z	NO-ACCESIBLE	weforum.org devolvio Access Denied de Akamai/edgesuite (bloqueo de host, no ausencia del documento).	5
ASTRA5-U0-SINT-018	2	WAYBACK-ID	https://archive.org/wayback/available?url=weforum.org/publications/global-gender-gap-report-2024/	200	290	bf2d1fad0147f1fd0f58203302924f6679afe01811c25bea5c0f838ff058115a	JSON-OK	2026-09-24T19:48:45Z	EXISTE-SATISFACE	Wayback confirma captura disponible: timestamp 20260907171012.	5
ASTRA5-U0-SINT-018	3	WAYBACK-ID	http://web.archive.org/web/20260907171012id_/https://www.weforum.org/publications/global-gender-gap-report-2024/	200	52869	6af5f51c98d96c849afdd79a94c68b755a952ca757f6153af0009497b482734e	HTML-TITULO:Global Gender Gap Report 2024 | World Economic Forum	2026-09-24T19:49:16Z	EXISTE-SATISFACE	Captura cruda (gzip, decodificada) con titulo real 'Global Gender Gap Report 2024 | World Economic Forum'; documento EXISTE y coincide con la pieza pedida en SINT-018 (WEF Global Gender Gap Report 2024).	5
ASTRA5-U0-SINT-019	1	API-PORTAL	https://api.worldbank.org/v2/country/MEX/indicator/SI.POV.GINI?format=json	200	9287	48df27ed7d95b7cc823595921509cc72640aba946176e754fc1e044851542f95	JSON-OK	2026-09-24T19:51:01Z	EXISTE-SATISFACE	API del Banco Mundial responde con serie Gini de Mexico (ej. 42.6 en 2024); coincide con 'Banco Mundial/OCDE (Gini comparado)' de la pieza.	1
ASTRA5-U0-SINT-019	2	CABECERAS-LINUX	https://www.transparency.org/en/countries/mexico	403	5681	38a7fe5a54d8a0cb47c79c817b99144fd4e6231ab85edb27c6bde6bca144c17d	RETO-CLOUDFLARE	2026-09-24T19:51:03Z	NO-ACCESIBLE	Pagina de pais de Transparency International (CPI comparado) responde 403 con 'Just a moment...' de Cloudflare.	1
ASTRA5-U0-SINT-019	3	CABECERAS-LINUX	https://www.seguridadjusticiaypaz.org.mx/	000	0		ERROR-CURL	2026-09-24T19:56:35Z	NO-ACCESIBLE	curl: (35) TLS connect error: error:0A000126:SSL routines::unexpected eof while reading -- cadena TLS rota (misma familia que curl:(60)); CURL-EXE-WINDOWS NO-INTENTADO-POR-ESTE-AGENTE.	1
ASTRA5-U0-SINT-023	1	OPENALEX	https://api.openalex.org/works?search=Gearing%202024%20Mexico&select=id,doi,title,publication_year,authorships,best_oa_location	200	166980	7cbceaeb2a2dcaa9f20e4d4c54200c4cfc114d1369e329d241596a934b936980	JSON-OK	2026-09-24T20:02:33Z	NO-ENCONTRADO	Búsqueda demasiado genérica (9735 resultados); ninguno de los primeros 6 es de un autor Gearing. Se refina en el siguiente intento vía Crossref por autor.	2
ASTRA5-U0-SINT-023	2	CROSSREF	https://api.crossref.org/works?query.author=Gearing&query.bibliographic=Mexico%202024&rows=8	200	64013	bb1ee2b99bf68fa08ea2e3c5109f77120a11f764f5a708f35156a2ce3492c29b	JSON-OK	2026-09-24T20:02:47Z	EXISTE-SATISFACE	Crossref confirma Robin E. Gearing et al. (2024) 'Mental health help-seeking in Mexico', Global Health Promotion; casa con Gearing et al. 2024 citado en la pieza (dominio SALUD_MENTAL).	2
ASTRA5-U0-SINT-023	3	OPENALEX	https://api.openalex.org/works/https://doi.org/10.1177/17579759231204357	200	26550	96d3d61b87a4a145816dee3f5ab7d230e5993ed2a7803558645b2c1f1efb89a6	JSON-OK	2026-09-24T20:03:20Z	EXISTE-SATISFACE	OpenAlex confirma DOI 10.1177/17579759231204357 (Gearing et al. 2024, 'Mental health help-seeking in Mexico') como closed access, sin repositorio con texto completo; documento IDENTIFICADO por metadatos, sin copia (muro de pago).	2
ASTRA5-U0-SINT-023	4	OPENALEX	https://api.openalex.org/works?search=Lagunes-Cordoba%202021&select=id,doi,title,publication_year,authorships,best_oa_location	200	350844	86780ffae2e8c549b06358d953b223eed1fb966c408260dbe6be796c27d750bb	JSON-OK	2026-09-24T20:02:34Z	EXISTE-SATISFACE	Entre 133 resultados aparece Emmeline Lagunes-Córdoba (2022) 'Evaluation of an anti-stigma intervention for Mexican psychiatric trainees'; confirma la autora, se busca la obra 2021 específica en el intento siguiente.	2
ASTRA5-U0-SINT-023	5	OPENALEX	https://api.openalex.org/works?filter=author.id:A5055331909&select=id,doi,title,publication_year	200	4331	48e11f8428e47523ccabfabf4381003b82478339a18a85185ccd2ee50ec98fe2	JSON-OK	2026-09-24T20:03:37Z	EXISTE-SATISFACE	Listado completo de obras de Emmeline Lagunes-Córdoba (17); incluye 'Mexican Psychiatric Trainees' Attitudes Towards People with Mental Illness: A Qualitative Study' (2021), DOI 10.1007/s10597-021-00907-5, que coincide con 'Lagunes-Cordoba et al. (2021)' de la pieza.	2
ASTRA5-U0-SINT-023	6	OPENALEX	https://api.openalex.org/works/https://doi.org/10.1007/s10597-021-00907-5	200	30130	6322ccea4938ace91a5223270a427c2825033605763761ff8200ed209397da90	JSON-OK	2026-09-24T20:03:51Z	EXISTE-SATISFACE	Confirma coautoría de Emmeline Lagunes-Córdoba y Roberto Lagunes-Córdoba, Community Mental Health Journal 2021, hybrid OA CC-BY con pdf_url en Springer.	2
ASTRA5-U0-SINT-023	7	CABECERAS-LINUX	https://link.springer.com/content/pdf/10.1007/s10597-021-00907-5.pdf	200	3038	32ed63159c77e21ee19ca1b9aa3213ccf0218eb59539560b132a8e68ef0e18ea	RETO-CLOUDFLARE	2026-09-24T20:04:01Z	NO-ACCESIBLE	El PDF anunciado como OA por OpenAlex está detrás de un 'Client Challenge' de Springer (bot-protection tipo captcha) desde el sandbox; el articulo queda EXISTE por metadatos (DOI, autores, revista) aunque no se pudo bajar la copia.	2
ASTRA5-U0-SINT-024	1	CABECERAS-LINUX	https://www.finnovista.com/en/fintech-radar-mexico-2023/	404	121601	b40f406d73d5344e51d6848db6070edba4eb81fad211b18ed0f7d431d214637c	HTML-TITULO:Pagina no encontrada - Finnovista	2026-09-24T20:02:54Z	NO-ENCONTRADO	URL adivinada del Fintech Radar Mexico 2023 en finnovista.com; 404 real y propio del sitio (existe el sitio, no esa ruta).	3
ASTRA5-U0-SINT-024	2	WEBSEARCH	https://assets.ctfassets.net/bvz14004tu0h/6fTVOOnn12tvsjSBwDVpS7/859d8d7ab86c5d710b3c2a8cf4583e68/RADAR_M%C3%89XICO_2025_INGL%C3%89S_04.03.24.pdf					2026-09-24T20:09:39Z	EXISTE-SATISFACE	Busqueda 'Finnovista Fintech Radar Mexico reporte sectorial fintech' devolvio el PDF oficial del Finnovista Fintech Radar Mexico 2025; verificado con curl en el intento siguiente.	3
ASTRA5-U0-SINT-024	3	CABECERAS-LINUX	https://assets.ctfassets.net/bvz14004tu0h/6fTVOOnn12tvsjSBwDVpS7/859d8d7ab86c5d710b3c2a8cf4583e68/RADAR_M%C3%89XICO_2025_INGL%C3%89S_04.03.24.pdf	200	6844222	6b7fe877a6a2fecf2f90a5c9332069e598cbc095a992781884e5d088ec4a10df	PDF-OK	2026-09-24T20:09:39Z	EXISTE-SATISFACE	PDF real (%PDF- y %%EOF) del Finnovista Fintech Radar Mexico 2025, informe sectorial fintech patrocinado por Mastercard/Galileo; coincide con la pieza 'Informe sectorial fintech ... posiblemente Finnovista Fintech Radar'.	3
ASTRA5-U0-SINT-025	1	CABECERAS-LINUX	https://www.ilo.org/es/temas/futuro-del-trabajo?search=inteligencia+artificial+empleo	0	0		ERROR-CURL	2026-09-24T20:17:16Z	NO-ACCESIBLE	curl: (7) Failed to connect en el primer intento a esta ruta de busqueda de OIT/ILO.	4
ASTRA5-U0-SINT-025	2	CABECERAS-LINUX	https://www.ilo.org/global/topics/future-of-work/lang--en/index.htm	404	37621	d72cad7abd399e7addbaed1d7434152cfafb3eeddf21736c86c560fcb2cf7aa4	SOFT-404	2026-09-24T20:17:16Z	NO-ENCONTRADO	Ruta antigua del sitio de la OIT sobre futuro del trabajo ya NO-ENCONTRADO (404), pagina reestructurada.	4
ASTRA5-U0-SINT-025	3	CABECERAS-LINUX	https://www.ilo.org/	200	87957	20cda3ed170ffb2d1d6535b9396fe98eee4fdacda5be26056db327199c2c2cd1	HTML-TITULO:International Labour Organization	2026-09-24T20:17:23Z	NO-ENCONTRADO	Portal raiz de la OIT carga (200) pero sin busqueda especifica no se identifico el informe puntual de IA y empleo citado por la pieza.	4
ASTRA5-U0-SINT-025	4	CDX	https://web.archive.org/cdx/search/cdx?url=banamex.com/*&output=json&collapse=urlkey&limit=300&filter=urlkey:.*automatiz.*	200	3		JSON-OK	2026-09-24T20:18:08Z	NO-ENCONTRADO	CDX de banamex.com filtrado por 'automatiz' devuelve arreglo vacio []: el estudio de Banamex sobre riesgo de automatizacion no se localizo en el indice de Wayback para ese dominio.	4
ASTRA5-U0-SINT-026	1	CABECERAS-LINUX	https://www.inegi.org.mx/temas/hogares/	200	3375	5ba624673a1943738598c30ebaaa2270f999e9973a578832a100008cccafb51a	HTML-TITULO:Caracteristicas de los hogares	2026-09-24T19:52:07Z	EXISTE-NO-SATISFACE	La pagina tema 'Caracteristicas de los hogares' de INEGI existe (titulo real, menciona 'unipersonales' en keywords), pero es shell SPA; no se confirmo el corte urbano especifico de hogares unipersonales citado por el report sin acceder a la API de datos.	5
ASTRA5-U0-TEC-016	1	WEBSEARCH	query: Ipsos Google Our Life with AI 2025 report Mexico					2026-09-24T20:00:00Z	EXISTE-SATISFACE	WebSearch localizo el PDF oficial en ipsos.com ('IpsosGoogle_our-life-with-ai_2025.pdf') con cifras de Mexico (66% adopcion de IA, 75% expectativa en salud, 68% optimismo laboral).	1
ASTRA5-U0-TEC-016	2	CABECERAS-LINUX	https://www.ipsos.com/sites/default/files/ct/news/documents/2025-10/IpsosGoogle_our-life-with-ai_2025.pdf	200	2851895	46689a398ad6536ca759d024650daa4eba0e1b8bd2ab80d62eaf96dcacaece3d	PDF-OK	2026-09-24T20:00:49Z	EXISTE-SATISFACE	PDF real (%PDF-1.7, %%EOF presente) descargado del dominio oficial ipsos.com; coincide con el documento primario 'Our Life with AI' 2025 pedido en la pieza.	1
ASTRA5-U0-TEC-017	1	OPENALEX	https://api.openalex.org/works?search=tecnologia%20Mexico%202025&select=id,title,publication_year&per_page=5	200	1532	92dee62197b5b9d669422a2972e8453a65bcc589c05c8c1633aa0241fb8fd759	JSON-OK	2026-09-24T20:16:28Z	NO-ENCONTRADO	La pieza_faltante dice literalmente 'no identificado en este lote' (dominio TECNOLOGIA), sin título, autor, portal ni cifra citable; se probó una consulta genérica de control sin poder juzgar pertinencia (no hay identidad de documento que verificar, A.4/A.5); presupuesto de WebSearch del lote ya agotado.	2
ASTRA5-U0-TEC-018	1	CABECERAS-LINUX	https://www.ipsos.com/en/ipsos-ai-monitor-2024	404	37833	d91e94c6de9270076def69e1c8506e736223571f642a9e482b91d133e46335b4	HTML-TITULO:404 | Ipsos	2026-09-24T19:59:36Z	NO-ENCONTRADO	URL adivinada; Ipsos devuelve pagina 404 real propia (titulo '404 | Ipsos'), la ruta exacta del AI Monitor 2024 no es esa.	3
ASTRA5-U0-TEC-023	1	CABECERAS-LINUX	NO-APLICA				VACIO	2026-09-24T20:22:45Z	NO-ENCONTRADO	La pieza declara literalmente 'no identificado' sin ningun dato adicional (ni autor, ni institucion, ni cifra, ni tema puntual dentro del dominio TECNOLOGIA); no hay objetivo verificable para construir una consulta o URL en esta sesion.	4
ASTRA5-U0-TEC-033	1	CABECERAS-LINUX	https://www.inegi.org.mx/programas/dutih/2022/	200	3926	af2e8a076c00969dce5d7408b7396312027ab16cf127f32f4fc97b53e04824f1	HTML-TITULO:Encuesta Nacional sobre Disponibilidad y Uso de Tecnologias de la Info	2026-09-24T19:52:07Z	EXISTE-NO-SATISFACE	La pagina programa de ENDUTIH 2022 de INEGI existe (titulo real, JSON-LD de dataset), pero es shell SPA sin el dato en HTML estatico; el report ya reconoce que el reactivo de WhatsApp de ENDUTIH no reproduce especificamente el 91% citado, y esta verificacion no encuentra tampoco esa cifra en la pagina programa.	5
ASTRA5-U0-TEC-035	1	CABECERAS-LINUX	https://www.fintechmexico.org/	200	87670	53b1615add97534245ebc2865c060bb09eec3bf00921f8ae0c7a3bdc8c6b1e06	HTML-TITULO:FinTech Mexico	2026-09-24T19:48:19Z	EXISTE-SATISFACE	Sitio del emisor (Asociacion FinTech Mexico) responde con pagina real; el homepage no muestra el titulo 'Mapa Fintech' explicitamente, edicion/URL exacta del reporte sigue sin confirmar como ya declaraba la pieza.	1
ASTRA5-U0-TEC-037	1	CABECERAS-LINUX	https://www.eleconomista.com.mx/tecnologia/	200	261881	102a7aff2823ce7d71d88d1bb1fc97dc24ad49bb94c55f90f942b5d5df0a88c2	HTML-TITULO:Tecnología	2026-09-24T20:16:40Z	NO-ENCONTRADO	Confirma que la sección Tecnología de El Economista existe (responde 200), pero la pieza no da título/fecha/tema del artículo específico referido ('solo referido via El Economista, prensa', dominio TECNOLOGIA); sin más identidad no se puede localizar el artículo exacto, y el presupuesto de WebSearch del lote ya se agotó.	2
ASTRA5-U0-TEC-043	1	CABECERAS-LINUX	https://investor.mercadolibre.com/	200	76147	db4850c12525232a5848ae3440b1e0d365177cf9e13b5542a55f50584d063d7e	HTML-TITULO:Mercado Libre | Investor Relations	2026-09-24T19:58:14Z	EXISTE-SATISFACE	Sitio oficial de relacion con inversionistas de MELI, real y con seccion Results and SEC Filings (Quarterly Results); confirma la existencia del mecanismo regulatorio.	3
ASTRA5-U0-TEC-043	2	CABECERAS-LINUX	https://investor.mercadolibre.com/sec-filings	200	107031	1c1542b8a24ad0d4c59a7790c946899a633e5a703e9f64b63786663e20490480	HTML-TITULO:Results & SEC Filings | Mercado Libre	2026-09-24T19:58:14Z	EXISTE-SATISFACE	Pagina real de Results and SEC Filings; la lista de filings se carga por API/JS y no aparece en el HTML crudo, asi que el reporte especifico 3T-2025 no quedo aislado, pero la pagina oficial que lo contendria si existe.	3
ASTRA5-U0-TIME-011	1	CDX	https://web.archive.org/cdx/search/cdx?url=occ.com.mx/blog/*&output=json&collapse=urlkey&limit=200&from=2015&to=2017	200	47359	993bfab89e21ec3809c2c73591630a00bc15fa9308507af19852daeac2a1f0a0	JSON-OK	2026-09-24T20:16:59Z	EXISTE-SATISFACE	El blog de OCC Mundial (occ.com.mx/blog) si existe y tiene 200 entradas archivadas entre 2015-2017; sin embargo la pieza pedida por el report solo dice 'occmundial / circa 2016' sin titulo de articulo especifico, por lo que no se pudo identificar cual entrada exacta cita el report.	4
ASTRA5-U0-TIME-022	1	WAYBACK-ID	https://web.archive.org/web/20260327120503id_/https://www.hofstede-insights.com/country-comparison-tool?countries=mexico	200	131	288d2950ca2fedac922db8584df6562c7e2390236b63263a5d6ae97911dd6f80	VACIO	2026-09-24T19:45:31Z	NO-ENCONTRADO	La captura cruda de Wayback citada en la receta es solo un stub JS que redirige a /lander?countries=mexico, sin contenido real de la herramienta de comparacion de paises de Hofstede.	5
ASTRA5-U0-TIME-022	2	WAYBACK-ID	https://web.archive.org/web/20260327120503id_/https://www.hofstede-insights.com/lander?countries=mexico	404	4640	0129784d041314f08461d4cd9ab2d976049474d87b4212f0bb85795fe217415e	SOFT-404	2026-09-24T19:48:33Z	NO-ENCONTRADO	La URL de destino del redirect (/lander) no tiene captura en Wayback en ese timestamp (404); Hofstede sigue sin verificarse con contenido real en este lote.	5
ASTRA5-U0-TIME-028	1	CABECERAS-LINUX	https://es.statista.com/grafico/26794/paises-con-el-mayor-porcentaje-de-escanos-ocupados-por-mujeres-en-el-parlamento-nacional	200	23578	97e13fb7bfed158021df7dfd8a74bda8d74c2a050b77e89f2a8e483e3fc7bc9a	HTML-TITULO:Bienvenido a Statista - Tu nueva experiencia en statista.com | Statista	2026-09-24T20:02:38Z	NO-ENCONTRADO	La pieza no trae titulo/tema especifico ('Statista / 2024-2025' generico bajo CONSUMO); esta URL (hallada al investigar TRAB-028, sobre escanos parlamentarios) NO corresponde al tema CONSUMO pedido y ademas resuelve a una pantalla generica de bienvenida/redireccion de Statista, no al grafico especifico; sin un titulo o cifra a buscar, no se identifico el documento real de la pieza.	1
ASTRA5-U0-TRAB-007	1	OPENALEX	https://api.openalex.org/works?search=Schmitz%20Weber%202017%20manufacturing%20workers%20Mexico&select=id,doi,title,publication_year,authorships,best_oa_location	200	183420	359fccb0dd855c9e8a37ffeedfb558e6443fa0e9b39c0448e2542c59c23b0e52	JSON-OK	2026-09-24T19:57:23Z	NO-ENCONTRADO	Busca Schmitz & Weber 2017, n=79 trabajadores de manufactura; los 8 primeros resultados no tienen esos autores ni coinciden con el estudio.	2
ASTRA5-U0-TRAB-007	2	CROSSREF	https://api.crossref.org/works?query.bibliographic=Schmitz%20Weber%202017%20International%20Journal%20of%20Academic%20Research%20and%20Reflection&rows=5	200	52268	6c23b2f2b8aec20448a378ebf23cb8d180d7778dfd208fa728af22b63205d5c7	JSON-OK	2026-09-24T19:57:43Z	NO-ENCONTRADO	Crossref confirma que la revista International Journal of Academic Research and Reflection no está indexada; ningún resultado corresponde a Schmitz & Weber 2017 (coincide con lo ya registrado por la sesión anterior).	2
ASTRA5-U0-TRAB-013	1	WEBSEARCH	https://www.emerald.com/ijm/article/46/6/1049/1265000/The-dual-nature-of-informal-networks-for-HRM					2026-09-24T20:07:29Z	EXISTE-SATISFACE	Busqueda 'compadrazgo HRM subsidiarias multinacionales Mexico 2024 ResearchGate study' identifico 'The dual nature of informal networks for HRM practices in Latin America: the role of compadrazgo at MNCs in Mexico' (International Journal of Manpower); coincide tematica exacta (compadrazgo + HRM + MNCs en Mexico).	3
ASTRA5-U0-TRAB-013	2	CROSSREF	https://api.crossref.org/works?query.bibliographic=dual+nature+informal+networks+HRM+compadrazgo+MNCs+Mexico&rows=3	200	48788	1bc745ccc86f0d254c07ce06d90868719c0ec07d26e2a9d130bed8e58bfead6e	JSON-OK	2026-09-24T20:07:29Z	EXISTE-SATISFACE	Crossref confirma doi 10.1108/ijm-11-2024-0825, publicado 2025-08-05 en International Journal of Manpower; el sufijo del DOI (ijm-11-2024) es consistente con manuscrito recibido en 2024, coherente con la cita 'a 2024 ResearchGate study'; identificado por metadatos, sin copia (muro de pago Emerald).	3
ASTRA5-U0-TRAB-025	1	CDX	https://web.archive.org/cdx/search/cdx?url=ipade.mx/*&output=json&collapse=urlkey&limit=300&filter=urlkey:.*mujer.*	200	75658	c78d0b2f2c0eb46c765099d5640486670dbd70182ac20102168e53cf162124e9	JSON-OK	2026-09-24T20:04:57Z	EXISTE-SATISFACE	Indice CDX de ipade.mx localiza 'Documents/cimad/Estadisticas sobre mujeres y empresarias en Mexico.pdf' (200, application/pdf, 1006630 B, captura 2013) del Centro de Investigacion de la Mujer en la Alta Direccion (CIMAD-IPADE), candidato institucional citado en la pieza.	4
ASTRA5-U0-TRAB-025	2	WAYBACK-ID	https://web.archive.org/web/20240226202225id_/https://www.ipade.mx/newsmedia/publicaciones/cimad-diez-anos-de-impulso-a-la-mujer-en-la-alta-direccion/	200	223456	6a4f510f970939a97344aca34dc9fceca9798697b57fc3e006ad24201e5761e5	HTML-TITULO:	2026-09-24T20:05:15Z	NO-ENCONTRADO	Pagina 2024 de CIMAD 'diez anos de impulso' cargo pero el HTML capturado es mayormente boilerplate/JS sin texto de articulo visible; no se pudo confirmar textualmente la cifra '10% comites ejecutivos sin cambio desde 2017'.	4
ASTRA5-U0-TRAB-025	3	WAYBACK-ID	https://web.archive.org/web/20131008161823id_/http://www.ipade.mx/Documents/cimad/Estad%C3%ADsticas%20sobre%20mujeres%20y%20empresarias%20en%20M%C3%A9xico.pdf	200	1097561	6d2ee93bd8e30d1ec5331993f95e2c939192de65fe6c2a55f7bf6e5d01be10c1	PDF-OK	2026-09-24T20:06:18Z	EXISTE-SATISFACE	PDF real de IPADE-CIMAD 'Estadisticas sobre mujeres y empresarias en Mexico' (2013) verificado con pdftotext: menciona 10% de mujeres en direccion general vs OCDE y brecha salarial; confirma que el instrumento/institucion CIMAD-IPADE existe y publica este tipo de estadistica, pero esta edicion (2013) es anterior a 2017 y no contiene la cifra exacta '10% comites ejecutivos sin cambio desde 2017' de la pieza.	4
ASTRA5-U0-TRAB-025	4	CDX	https://web.archive.org/cdx/search/cdx?url=mckinsey.com/mx/*&output=json&collapse=urlkey&limit=200&filter=urlkey:.*women.*	503	11832	e084d527921708642a79724e9f0210da659bbc0905c6ce9a3a1f416e4628091c	HTML-TITULO:Internet Archive: Temporarily Offline	2026-09-24T20:06:46Z	NO-ACCESIBLE	Wayback CDX devolvio 503 'Internet Archive: Temporarily Offline' al buscar reportes de McKinsey Women in the Workplace Mexico; no se pudo descartar ese candidato alterno en esta sesion.	4
ASTRA5-U0-TRAB-026	1	CABECERAS-LINUX	https://www.conapred.org.mx/index.php?contenido=noticias&id_opcion=48	000	0		ERROR-CURL	2026-09-24T19:47:00Z	NO-ACCESIBLE	curl: (35) TLS connect error: unexpected eof while reading (cadena TLS incompleta, mismo patron que CONAPRED en la receta seccion 3).	5
ASTRA5-U0-TRAB-026	2	WAYBACK-ID	https://archive.org/wayback/available?url=conapred.org.mx	200	210	58258fe2244ca68c3c8c81183da78027358971d2934bcf92ad4342fd4002a83d	JSON-OK	2026-09-24T19:48:39Z	EXISTE-SATISFACE	Wayback tiene captura de conapred.org.mx (timestamp 20260127142211).	5
ASTRA5-U0-TRAB-026	3	WAYBACK-ID	http://web.archive.org/web/20260127142211id_/http://www.conapred.org.mx/	200	265168	1f7cde495f58646aa7f5155897f4c071cead6f46cf92c3e7d37a057b0b60cb01	HTML-TITULO:Inicio - Conapred	2026-09-24T19:49:15Z	EXISTE-NO-SATISFACE	Captura de la portada de Conapred es real (titulo Inicio - Conapred) pero es solo el home del sitio; el 34.2 que aparece en el HTML es una coordenada de un icono SVG, no la cifra de brecha salarial de genero; la publicacion especifica con 34.2% no se localizo en esta portada.	5
ASTRA5-U0-TRAB-028	1	WEBSEARCH	query: Camara de Diputados Mexico 42.2% mujeres composicion por sexo legislatura					2026-09-24T20:00:10Z	EXISTE-SATISFACE	WebSearch localizo igualdad.ine.mx con series historicas de representacion femenina en la Camara de Diputados (22.8% en 2006-2009 hasta 42.5-42.6% en 2015-2018); no se confirmo la cifra exacta 42.2% ni que corresponda a la legislatura vigente (2024-2027).	1
ASTRA5-U0-TRAB-028	2	CABECERAS-LINUX	https://igualdad.ine.mx/elecciones/eleccion-2018/integracion-de-la-legislatura-federal/	200	152772	ac324579690c9f870f67da378b67e6a3aad8f1583433fa8274814049d715e3cd	HTML-TITULO:Integracion de la Legislatura Federal - Igualdad de Genero y No Discriminacion	2026-09-24T20:00:51Z	NO-ENCONTRADO	Pagina real del INE sobre integracion de la legislatura, contiene 42.5% pero para la legislatura 2015-2018 (no la vigente) y no la cifra exacta 42.2% pedida en la pieza.	1
ASTRA5-U0-TRAB-028	3	CABECERAS-LINUX	http://estadistica.inmujeres.gob.mx/formas/panorama_general.php?menu1=8&IDTema=8&pag=1	502	11		ERROR-CURL	2026-09-24T20:02:27Z	NO-ACCESIBLE	Respuesta HTTP 502 'Bad Gateway' real del servidor de INMUJERES (sistema de indicadores caido en el momento del intento).	1
ASTRA5-U0-TRAB-041	1	CABECERAS-LINUX	https://www.occ.com.mx/blog/	000	0		ERROR-CURL	2026-09-24T20:17:00Z	NO-ACCESIBLE	curl: (7) Failed to connect a occ.com.mx desde el sandbox (falla persistente en dos intentos, incluida la raíz del dominio).	2
ASTRA5-U0-TRAB-041	2	CABECERAS-LINUX	https://www.kellyservices.com.mx/	200	232202	d92fe393d80ffa834882d61deaea2ace8da2dc649abf4e1d6e958844e8ffa153	HTML-TITULO:	2026-09-24T20:17:06Z	NO-ENCONTRADO	Portada de Kelly Services México responde 200 pero sin enlaces a estudios/encuestas/sala de prensa visibles en el HTML estático; no se localiza la encuesta 2025 sobre motivos de renuncia.	2
ASTRA5-U0-TRAB-041	3	CABECERAS-LINUX	https://occ.com.mx	000	0		ERROR-CURL	2026-09-24T20:17:23Z	NO-ACCESIBLE	curl: (7) Failed to connect a occ.com.mx (raíz, sin www); tres candidatas de la pieza (OCC Mundial, LinkedIn Workplace Learning, Kelly Services) sin confirmar; presupuesto de WebSearch del lote agotado.	2
ASTRA5-U0-TRUST-007	1	OPENALEX	https://api.openalex.org/works?search=Yanez%20confianza%20desconfianza%20factorial%202006&select=id,doi,title,publication_year,authorships,best_oa_location	200	13711	79c85cb73ed92f78181ee3c5311cc364cd967def44d3ef93dd78876ce61baf4a	JSON-OK	2026-09-24T19:44:00Z	NO-ENCONTRADO	Busca Yanez et al. (2006), estudio factorial confianza/desconfianza n=575; ningún resultado (6 primeros) tiene autor Yáñez ni es de 2006.	2
ASTRA5-U0-TRUST-007	2	CROSSREF	https://api.crossref.org/works?query.bibliographic=Yanez%20confianza%20desconfianza%20factorial%202006&rows=5	200	11586	94711a77a73d34c07deb9ce5163649756b5ad7f1ce5771fb46aff44a096b4ad1	JSON-OK	2026-09-24T19:47:46Z	NO-ENCONTRADO	Crossref bibliographic search para Yanez et al. 2006 confianza/desconfianza factorial; los 5 resultados (2010-2025) son de otros autores (Hevia, Kizilkaya, Dammert, etc), ninguno es Yáñez 2006.	2
ASTRA5-U0-TRUST-018	1	WEBSEARCH	https://www.banxico.org.mx/billetes-y-monedas/estudios-e-indicadores/%7B0A02FA1C-9507-B9D2-AB2E-DC31F3465119%7D.pdf					2026-09-24T20:03:56Z	EXISTE-SATISFACE	Busqueda 'Banxico informe 82% de las transacciones en efectivo Mexico' devolvio como primer resultado el PDF oficial de Banxico 'Resultados de la encuesta telefonica 2020'; se verifica con curl en el intento siguiente.	3
ASTRA5-U0-TRUST-018	2	CABECERAS-LINUX	https://www.banxico.org.mx/billetes-y-monedas/estudios-e-indicadores/%7B0A02FA1C-9507-B9D2-AB2E-DC31F3465119%7D.pdf	200	1300545	2ccb3218f4a42d2a1200aa12263498a4b8f47e4dbd926440fb551bfb0b2df3fa	PDF-OK	2026-09-24T20:03:56Z	EXISTE-SATISFACE	PDF oficial de Banxico confirma textualmente '82% (12.6 mdp), comparado con antes de la pandemia, 76% (11.6 mdp)' para pago en efectivo bajo 500 pesos, encuesta telefonica 2020; coincide exacto con la cifra 82% pedida, denominador y anio identificados.	3
ASTRA5-U0-TRUST-028	1	OPENALEX	https://api.openalex.org/works?search=Mogro-Wilson%20personalismo%20latino%202021&select=id,doi,title,publication_year,best_oa_location	200	9400	046b4f44e38af705e6bfefc89bb5e594b7ee0b512156ba36996f2e846e174c6b	JSON-OK	2026-09-24T19:39:44Z	NO-ENCONTRADO	Busqueda de texto completo devolvio 8 resultados sobre familias latinas, ninguno de Mogro-Wilson ni sobre escala de personalismo n=1296.	4
ASTRA5-U0-TRUST-028	2	OPENALEX	https://api.openalex.org/works?filter=raw_author_name.search:Mogro-Wilson&select=id,doi,title,publication_year,best_oa_location	200	11037	de2c52833777e8e8b15fe16d592499b81bf38332d58ef85919d935ef82b0df94	JSON-OK	2026-09-24T19:40:14Z	NO-ENCONTRADO	Filtro por autor Mogro-Wilson devolvio 74 obras (coautorias sobre familias latinas/trabajo social), ninguna es la escala psicometrica de personalismo n=1296 de 2021 buscada.	4
ASTRA5-U0-TRUST-028	3	CROSSREF	https://api.crossref.org/works?query.author=Mogro-Wilson&query.bibliographic=personalismo+Latino+2021&rows=5	429	0		ERROR-CURL	2026-09-24T19:40:52Z	NO-ACCESIBLE	Crossref devolvio 429 (limite de tasa); no se reintento por la regla de un intento por ruta.	4
ASTRA5-U0-TRUST-028	4	PUBMED	https://eutils.ncbi.nlm.nih.gov/entrez/eutils/esearch.fcgi?db=pubmed&term=Mogro-Wilson+personalism+Latino&retmode=json	200	760	358e1eee4cb50a0a9484332a74b672193fa9d7d9b9129887d42d92f652554c6b	JSON-OK	2026-09-24T19:44:10Z	NO-ENCONTRADO	PubMed esearch responde count=0: no indexa ningun articulo de Mogro-Wilson sobre personalismo/latinos; tras 4 intentos (OpenAlex x2, Crossref, PubMed) el estudio n=1296 de 2021 queda sin localizar en estas APIs.	4
ASTRA5-U0-VEJEZ-013	1	OPENALEX	https://api.openalex.org/works?search=Landeros-Perez%202014%20Zarit%20Guanajuato%20cuidador&select=id,doi,title,publication_year,best_oa_location	200	490	40b1ca5b68480ff96cd5b8fe63354c53055b759d5a7bac7577eafaf1daf9a1a2	JSON-OK	2026-09-24T19:39:41Z	NO-ENCONTRADO	Busqueda de texto completo devolvio count=0 (sin resultados) para 'Landeros-Perez 2014 Zarit Guanajuato cuidador'.	1
ASTRA5-U0-VEJEZ-013	2	OPENALEX	https://api.openalex.org/works?search=Landeros%20Perez%20Zarit%20sobrecarga%20cuidador%20Guanajuato&select=id,doi,title,publication_year,authorships&per_page=5	200	518		JSON-OK	2026-09-24T19:40:30Z	NO-ENCONTRADO	Reintento sin guion en apellido, terminos en espanol: count=0, sin resultados.	1
ASTRA5-U0-VEJEZ-013	3	CROSSREF	https://api.crossref.org/works?query.bibliographic=Landeros-Perez%202014%20Zarit%20sobrecarga%20cuidador&rows=5	200	18399	d68e20557c625c4dd244de9d4f1f6b5b2cc00d9a3de87be14727741bb69a52c5	JSON-OK	2026-09-24T19:41:07Z	NO-ENCONTRADO	Devuelve literatura generica de la Escala de Zarit (Alvarez 2008, Breinbauer 2013, Regueiro 2007, etc.) pero ningun 'Landeros-Perez 2014' ni estudio de Ciudad Obregon/Sonora especifico.	1
ASTRA5-U0-VEJEZ-014	1	OPENALEX	https://api.openalex.org/works?search=Cabada%20Ramos%20Martinez%20Castillo%202017%20Psicologia%20y%20Salud&select=id,doi,title,publication_year,authorships,best_oa_location	200	7225	02f8b78baff2abff1a63b4d37514bc01c79a75c1dd74f81c422c160f6cf47be4	JSON-OK	2026-09-24T20:00:56Z	NO-ENCONTRADO	2 resultados de OpenAlex, ninguno de Cabada Ramos/Martinez Castillo.	2
ASTRA5-U0-VEJEZ-014	2	CROSSREF	https://api.crossref.org/works?query.bibliographic=Cabada%20Ramos%20Martinez%20Castillo%20Psicologia%20y%20Salud%202017&rows=5	200	17736	de73796c860197edc2cba6bdd9312930e70b675a4ace30d7f2fe1f5e1c0c64ec	JSON-OK	2026-09-24T20:01:11Z	NO-ENCONTRADO	Crossref no indexa la revista Psicología y Salud de la Universidad Veracruzana para estos autores; 5 resultados sin relación.	2
ASTRA5-U0-VEJEZ-014	3	API-PORTAL	https://psicologiaysalud.uv.mx/index.php/psicysalud/search?query=Cabada	200	27794	d183d461354ef31a63c37bc5a73811f11993bbecee86b5bd71083a53fa88f181	HTML-TITULO:Resultados de la búsqueda de Cabada	2026-09-24T20:01:24Z	EXISTE-SATISFACE	Buscador propio de la revista Psicología y Salud (UV) localiza 'Prevalencia del síndrome de sobrecarga y sintomatología ansiosa depresiva en el cuidador del adulto mayor', autores Elvira Cabada Ramos y Víctor Alberto Martínez Castillo, fecha 'febrero 14, 2017'; coincide exactamente con la pieza pedida.	2
ASTRA5-U0-VEJEZ-014	4	CABECERAS-LINUX	https://psicologiaysalud.uv.mx/index.php/psicysalud/es/article/view/2436	200	43118	c4ca7e4ae28b498ef1322b5033f0d61853077a7db63395737ca5fb24e8266d49	HTML-TITULO:Prevalencia del síndrome de sobrecarga y sintomatología ansi	2026-09-24T20:01:57Z	EXISTE-SATISFACE	Página del artículo confirma título completo por og:title y resumen (Escala de Sobrecarga de Zarit, escalas de depresión/ansiedad); es el articulo de Cabada Ramos y Martinez Castillo (2017) en Psicología y Salud citado en la pieza.	2
ASTRA5-U0-VEJEZ-022	1	OPENALEX	https://api.openalex.org/works?search=Rojas%20Huerta%20Lara%20Lara%202023%20migracion&select=id,doi,title,publication_year,best_oa_location,authorships	200	29611	3e2d189afbe73a4b4c74640fc42287cd7b68ca42f5283225ed8244f3d15d791d	JSON-OK	2026-09-24T19:43:18Z	NO-ENCONTRADO	Los primeros 8 resultados de OpenAlex no corresponden a Rojas Huerta y Lara Lara 2023.	3
ASTRA5-U0-VEJEZ-022	2	CROSSREF	https://api.crossref.org/works?query.bibliographic=Rojas+Huerta+Lara+Lara+2023+migracion+vejez&rows=5	200	13824	84d04cef3af8cadddf795d9f05cb03235227f11a9dc133060761cbc30a26cbe0	JSON-OK	2026-09-24T19:43:18Z	EXISTE-SATISFACE	Crossref confirma Rojas Huerta y Lara Lara (2023) 'Examining the Nonstationary Spatial Association Between International Migration and Vulnerable Older People Living Alone in Mexico', Migration Letters, doi 10.47059/ml.v20i5.2863; coincide autores, anio y tema (vejez + migracion).	3
ASTRA5-U0-VEJEZ-024	1	CABECERAS-LINUX	https://www.conacem.org.mx/	200	30935	a233f82cc78ffb86383be8c28a45dcaca9644b2c66e373b862cc1112ceebcf0a	HTML-TITULO:Inicio | CONACEM	2026-09-24T20:09:33Z	NO-ENCONTRADO	Portal de CONACEM carga sin problema de TLS (la causa 'cadena TLS incompleta' registrada por la sesion previa no se reprodujo aqui); la portada enlaza a certeza.conacem.org.mx pero no cita directamente al articulo de Carmen Garcia Pena.	4
ASTRA5-U0-VEJEZ-024	2	CABECERAS-LINUX	https://certeza.conacem.org.mx/ediciones-anteriores	200	25018	0d483819cf305d789e0aba5a57c2613007dd42111adb8dc9015d83c273520c26	HTML-TITULO:Certeza	2026-09-24T20:10:17Z	NO-ENCONTRADO	Revista CERTEZA (SPA Nuxt) carga y lista 12 ediciones (PDF 2022-2026) en un bucket S3 publico, pero la pagina no indexa autores por texto, no se pudo identificar cual numero trae el articulo de Garcia Pena (INGER) sin descargar y grepear cada PDF.	4
ASTRA5-U0-VEJEZ-024	3	CABECERAS-LINUX	https://prod-cncm-websites-bucket.s3.us-east-1.amazonaws.com/certeza.conacem.org.mx/public/pdfs/Certeza-Septiembre-Diciembre-2025.pdf	200	6342921	0e23a7957e5df770c86dde944cc5741d0bdb98b6cd1aa73ad5f25d41697bf1ab	PDF-OK	2026-09-24T20:10:35Z	NO-ENCONTRADO	PDF de la edicion Septiembre-Diciembre 2025 de Revista CERTEZA descargado y verificado (PDF valido); no contiene mencion de 'Garcia Pena' ni 'INGER' segun pdftotext; el articulo pedido no esta en este numero especifico.	4
ASTRA5-U0-VEJEZ-033	1	CABECERAS-LINUX	https://www.saludcasaporcasa.cdmx.gob.mx/	000	0		ERROR-CURL	2026-09-24T19:57:40Z	NO-ENCONTRADO	curl: (7) Failed to connect (fallo de DNS/conexion): subdominio adivinado para 'Salud Casa por Casa' de CDMX NO-ENCONTRADO; ruta candidata descartada.	5
ASTRA5-U0-VEJEZ-033	2	WEBSEARCH	query: Salud Casa por Casa programa CDMX sitio oficial gobierno -> https://www.gob.mx/bienestar/documentos/programa-salud-casa-por-casa-391815					2026-09-24T19:58:00Z	EXISTE-SATISFACE	WebSearch corrigio la premisa: 'Salud Casa por Casa' es un programa FEDERAL (Secretaria de Bienestar, sexenio Sheinbaum) para adultos mayores 65+ y personas con discapacidad, no un programa exclusivo de CDMX; portales oficiales identificados: gob.mx/bienestar y programasparaelbienestar.gob.mx. Se verifico el primero con curl en el intento 3.	5
ASTRA5-U0-VEJEZ-033	3	CABECERAS-LINUX	https://www.gob.mx/bienestar/documentos/programa-salud-casa-por-casa-391815	200	1881	dfa901f1035be65297fa903686d180f35ee5c54a21c1ebb972109ab2799ea811	CAPTCHA	2026-09-24T19:58:33Z	NO-ACCESIBLE	Misma pagina de 'Challenge Validation' (reto anti-bot) que gob.mx/sesnsp, mismos 1881 bytes; el dominio gob.mx bloquea este agente de forma generalizada, no evidencia ausencia del programa (que WebSearch ya confirmo que existe).	5
ASTRA5-U0-VEJEZ-034	1	CABECERAS-LINUX	https://ilostat.ilo.org/data/country-profiles/	403	3330	246c953e02f2f177f06b59efc98993d9adda49efaf440a63dfe255846e8114d4	RETO-CLOUDFLARE	2026-09-24T20:03:30Z	NO-ACCESIBLE	ILOSTAT (candidato OIT/INEGI de la pieza) responde 403 con pagina 'Just a moment...' de Cloudflare.	1
ASTRA5-U0-VIOL-039	1	CABECERAS-LINUX	https://anpec.mx	000	0		ERROR-CURL	2026-09-24T20:17:43Z	NO-ACCESIBLE	curl: (7) Failed to connect a anpec.mx (no resuelve).	2
ASTRA5-U0-VIOL-039	2	CABECERAS-LINUX	https://www.canacoleon.org.mx	000	0		ERROR-CURL	2026-09-24T20:17:50Z	NO-ACCESIBLE	curl: (7) Failed to connect a canacoleon.org.mx (no resuelve).	2
ASTRA5-U0-VIOL-039	3	CABECERAS-LINUX	https://www.anpec.org.mx	000	0		ERROR-CURL	2026-09-24T20:17:56Z	NO-ACCESIBLE	curl: (7) Failed to connect a anpec.org.mx (no resuelve); tampoco existe consenso sobre el dominio correcto de ANPEC.	2
ASTRA5-U0-VIOL-039	4	CDX	https://archive.org/wayback/available?url=anpec.mx	429	117	ae138caf8767f7be2fe6f47f1663b0e2e28d903264707aa9b6f73bb7b223902c	HTML-TITULO:429 Too Many Requests	2026-09-24T20:18:03Z	NO-ACCESIBLE	Wayback available API devuelve 429 (límite de tasa) para anpec.mx y anpec.org.mx; no se pudo confirmar dominio ni encuesta gremial de ANPEC sep-2024, ni la nota de prensa Culiacán oct-2024, ni Canaco/Concanaco León (presupuesto de WebSearch del lote agotado).	2
ASTRA5-U0-VIOL-042	1	WEBSEARCH	https://www.scielo.org.mx/scielo.php?script=sci_arttext&pid=S0188-252X2016000200013					2026-09-24T20:08:22Z	EXISTE-SATISFACE	Busqueda 'Acuerdo para la Cobertura Informativa de la Violencia Mexico fecha firma medios' identifico articulo academico en Scielo/Comunicacion y Sociedad que documenta el Acuerdo (ACIV); verificado con curl en el intento siguiente.	3
ASTRA5-U0-VIOL-042	2	CABECERAS-LINUX	https://www.scielo.org.mx/scielo.php?script=sci_arttext&pid=S0188-252X2016000200013	200	81942	846c74c245e3acd5cfd7bf37f58af1d8728c5ca5fa88982af7a4602310c6184a	HTML-TITULO:El Acuerdo para la Cobertura Informativa de la Violencia en Mexico: un intento fallido de autorregulacion	2026-09-24T20:08:22Z	EXISTE-SATISFACE	Articulo real de Scielo/Comunicacion y Sociedad confirma que el Acuerdo (ACIV) fue presentado el 24 de marzo de 2011 y firmado por 715 medios; satisface la parte (b) de la pieza (fecha antes no especificada). La parte (a) -estudio cualitativo sin autor/titulo- sigue NO-ENCONTRADO por falta de dato identificador, no se gasto mas presupuesto en ella.	3
ASTRA5-U0-VIOL-044	1	CDX	https://web.archive.org/cdx/search/cdx?url=inegi.org.mx/contenidos/saladeprensa/boletines/2024*&output=json&collapse=urlkey&limit=500&filter=urlkey:.*enve.*	200	1482	f8cb1ea7657c9d5c6e176b584176639e82105790d676fe200894fddd2aae9fc4	JSON-OK	2026-09-24T19:57:25Z	EXISTE-SATISFACE	Indice CDX localiza https://www.inegi.org.mx/contenidos/saladeprensa/boletines/2024/ENVE/ENVE24.pdf (200, application/pdf, 2299685 B, captura 20241210170211): boletin ENVE 2024.	4
ASTRA5-U0-VIOL-044	2	WAYBACK-ID	https://web.archive.org/web/20241210170211id_/https://www.inegi.org.mx/contenidos/saladeprensa/boletines/2024/ENVE/ENVE24.pdf	200	2526127	767d2f550d144f682e3e5b26e29b05448dc07186976c16f5ffc6006f97676518	PDF-OK	2026-09-24T19:57:39Z	EXISTE-SATISFACE	PDF verificado con pdftotext: contiene 'ENCUESTA NACIONAL DE VICTIMIZACION', 'ENVE 2024' y la frase 'cobro de piso'; coincide con la parte (a) de la pieza. Los codigos exactos de item 1.30/1.31 no se localizaron por grep textual en esta verificacion.	4
ASTRA5-U0-VIOL-050	1	CABECERAS-LINUX	https://www.gob.mx/sesnsp	200	1881	5130ee9773372113afba89b6f59f5bba10501803d4d5804522cb2d27c411fa2c	CAPTCHA	2026-09-24T19:45:20Z	NO-ACCESIBLE	gob.mx/sesnsp devolvio pagina de 'Challenge Validation' (reto anti-bot), no el portal del Secretariado Ejecutivo del Sistema Nacional de Seguridad Publica.	5
ASTRA5-U0-VIOL-050	2	WAYBACK-ID	https://archive.org/wayback/available?url=gob.mx/sesnsp	200	205	d00576e27648746198a4e82051493fe1202b2c434e1928025f5012e67fd731d3	JSON-OK	2026-09-24T19:48:56Z	EXISTE-SATISFACE	Wayback reporta captura disponible (timestamp 20260918192525) para gob.mx/sesnsp.	5
ASTRA5-U0-VIOL-050	3	WAYBACK-ID	http://web.archive.org/web/20260918192525id_/http://www.gob.mx/sesnsp	200	1823	964af4a0509f107703db76e30d3ebba4a71617b186ddaad8f54c1ff60ae5ef29	CAPTCHA	2026-09-24T19:49:18Z	NO-ACCESIBLE	La captura cruda tambien es un reto Challenge Validation: gob.mx ya mostraba el bot-wall al momento del crawl de Wayback, asi que ni la version en vivo ni la archivada exponen las series de homicidio de SESNSP por esta ruta.	5
ASTRA5-U0-VIOL-050	4	CABECERAS-LINUX	https://www.mexicoevalua.org/	200	113642	2a25811e43d42161717f8a7055066827fb6cc1426422335af8e1b6bbc00c783c	HTML-TITULO:Home - Mexico Evalua	2026-09-24T19:52:00Z	EXISTE-NO-SATISFACE	Portal de Mexico Evalua accesible (titulo real), pero es la portada general, no el senalamiento especifico sobre homicidios/SESNSP citado por el report.	5
ASTRA5-U0-VIOL-050	5	CABECERAS-LINUX	https://causaencomun.org.mx/	200	841	44133b9046487959130c15b1cff06bc60822cbf5a9103d73c27367f28115a8ec	VACIO	2026-09-24T19:50:30Z	NO-ENCONTRADO	causaencomun.org.mx responde con un listado de directorio Apache (Index of /), no con el sitio real de la organizacion; no hay senalamiento localizable por esta ruta.	5
