cell_id	input_id	outcome	source_instrument	source_edition	source_reference_period	target_instrument	target_edition	target_reference_period	unit	axis	category	status	reason	consumer	metadata_source	metadata_source_sha256
RESULT-DIN-CREDITO-PISOS-ENIF2021-K1-SEXO-1-P	K1::sexo::1	K1	ENIF	2021	julio 2020 a levantamiento 2021	ENIF	2024	junio 2023 a levantamiento 2024	P · PERSONA ELEGIDA 18+	sexo	1	CONSTRUIBLE		PENDIENTE:piloto-credito-2024 (K1)	forense/prereg-caja/DIN-CREDITO-PISOS-ENIF2021-spec-v1_0.md	6119f4dec4cbaf297636aec83a11d76fa6bb06f31854edfd1e38f4ba672f2ae9
RESULT-DIN-CREDITO-PISOS-ENIF2021-K1-SEXO-2-P	K1::sexo::2	K1	ENIF	2021	julio 2020 a levantamiento 2021	ENIF	2024	junio 2023 a levantamiento 2024	P · PERSONA ELEGIDA 18+	sexo	2	CONSTRUIBLE		PENDIENTE:piloto-credito-2024 (K1)	forense/prereg-caja/DIN-CREDITO-PISOS-ENIF2021-spec-v1_0.md	6119f4dec4cbaf297636aec83a11d76fa6bb06f31854edfd1e38f4ba672f2ae9
RESULT-DIN-CREDITO-PISOS-ENIF2021-K1-EDAD-18-29-P	K1::edad::18-29	K1	ENIF	2021	julio 2020 a levantamiento 2021	ENIF	2024	junio 2023 a levantamiento 2024	P · PERSONA ELEGIDA 18+	edad	18-29	CONSTRUIBLE		PENDIENTE:piloto-credito-2024 (K1)	forense/prereg-caja/DIN-CREDITO-PISOS-ENIF2021-spec-v1_0.md	6119f4dec4cbaf297636aec83a11d76fa6bb06f31854edfd1e38f4ba672f2ae9
RESULT-DIN-CREDITO-PISOS-ENIF2021-K1-EDAD-30-44-P	K1::edad::30-44	K1	ENIF	2021	julio 2020 a levantamiento 2021	ENIF	2024	junio 2023 a levantamiento 2024	P · PERSONA ELEGIDA 18+	edad	30-44	CONSTRUIBLE		PENDIENTE:piloto-credito-2024 (K1)	forense/prereg-caja/DIN-CREDITO-PISOS-ENIF2021-spec-v1_0.md	6119f4dec4cbaf297636aec83a11d76fa6bb06f31854edfd1e38f4ba672f2ae9
RESULT-DIN-CREDITO-PISOS-ENIF2021-K1-EDAD-45-59-P	K1::edad::45-59	K1	ENIF	2021	julio 2020 a levantamiento 2021	ENIF	2024	junio 2023 a levantamiento 2024	P · PERSONA ELEGIDA 18+	edad	45-59	CONSTRUIBLE		PENDIENTE:piloto-credito-2024 (K1)	forense/prereg-caja/DIN-CREDITO-PISOS-ENIF2021-spec-v1_0.md	6119f4dec4cbaf297636aec83a11d76fa6bb06f31854edfd1e38f4ba672f2ae9
RESULT-DIN-CREDITO-PISOS-ENIF2021-K1-EDAD-60-MAS-P	K1::edad::60+	K1	ENIF	2021	julio 2020 a levantamiento 2021	ENIF	2024	junio 2023 a levantamiento 2024	P · PERSONA ELEGIDA 18+	edad	60+	CONSTRUIBLE		PENDIENTE:piloto-credito-2024 (K1)	forense/prereg-caja/DIN-CREDITO-PISOS-ENIF2021-spec-v1_0.md	6119f4dec4cbaf297636aec83a11d76fa6bb06f31854edfd1e38f4ba672f2ae9
RESULT-DIN-CREDITO-PISOS-ENIF2021-K1-ESCOLARIDAD-HASTA-PRIMARIA-P	K1::escolaridad::hasta_primaria	K1	ENIF	2021	julio 2020 a levantamiento 2021	ENIF	2024	junio 2023 a levantamiento 2024	P · PERSONA ELEGIDA 18+	escolaridad	hasta_primaria	CONSTRUIBLE		PENDIENTE:piloto-credito-2024 (K1)	forense/prereg-caja/DIN-CREDITO-PISOS-ENIF2021-spec-v1_0.md	6119f4dec4cbaf297636aec83a11d76fa6bb06f31854edfd1e38f4ba672f2ae9
RESULT-DIN-CREDITO-PISOS-ENIF2021-K1-ESCOLARIDAD-SECUNDARIA-P	K1::escolaridad::secundaria	K1	ENIF	2021	julio 2020 a levantamiento 2021	ENIF	2024	junio 2023 a levantamiento 2024	P · PERSONA ELEGIDA 18+	escolaridad	secundaria	CONSTRUIBLE		PENDIENTE:piloto-credito-2024 (K1)	forense/prereg-caja/DIN-CREDITO-PISOS-ENIF2021-spec-v1_0.md	6119f4dec4cbaf297636aec83a11d76fa6bb06f31854edfd1e38f4ba672f2ae9
RESULT-DIN-CREDITO-PISOS-ENIF2021-K1-ESCOLARIDAD-MEDIA-SUPERIOR-P	K1::escolaridad::media_superior	K1	ENIF	2021	julio 2020 a levantamiento 2021	ENIF	2024	junio 2023 a levantamiento 2024	P · PERSONA ELEGIDA 18+	escolaridad	media_superior	CONSTRUIBLE		PENDIENTE:piloto-credito-2024 (K1)	forense/prereg-caja/DIN-CREDITO-PISOS-ENIF2021-spec-v1_0.md	6119f4dec4cbaf297636aec83a11d76fa6bb06f31854edfd1e38f4ba672f2ae9
RESULT-DIN-CREDITO-PISOS-ENIF2021-K1-ESCOLARIDAD-SUPERIOR-P	K1::escolaridad::superior	K1	ENIF	2021	julio 2020 a levantamiento 2021	ENIF	2024	junio 2023 a levantamiento 2024	P · PERSONA ELEGIDA 18+	escolaridad	superior	CONSTRUIBLE		PENDIENTE:piloto-credito-2024 (K1)	forense/prereg-caja/DIN-CREDITO-PISOS-ENIF2021-spec-v1_0.md	6119f4dec4cbaf297636aec83a11d76fa6bb06f31854edfd1e38f4ba672f2ae9
RESULT-DIN-CREDITO-PISOS-ENIF2021-K1-LOCALIDAD-MENOR-DE-15-000-P	K1::localidad::menor de 15 000	K1	ENIF	2021	julio 2020 a levantamiento 2021	ENIF	2024	junio 2023 a levantamiento 2024	P · PERSONA ELEGIDA 18+	localidad	menor de 15 000	CONSTRUIBLE		PENDIENTE:piloto-credito-2024 (K1)	forense/prereg-caja/DIN-CREDITO-PISOS-ENIF2021-spec-v1_0.md	6119f4dec4cbaf297636aec83a11d76fa6bb06f31854edfd1e38f4ba672f2ae9
RESULT-DIN-CREDITO-PISOS-ENIF2021-K1-LOCALIDAD-15-000-Y-MAS-P	K1::localidad::15 000 y mas	K1	ENIF	2021	julio 2020 a levantamiento 2021	ENIF	2024	junio 2023 a levantamiento 2024	P · PERSONA ELEGIDA 18+	localidad	15 000 y mas	CONSTRUIBLE		PENDIENTE:piloto-credito-2024 (K1)	forense/prereg-caja/DIN-CREDITO-PISOS-ENIF2021-spec-v1_0.md	6119f4dec4cbaf297636aec83a11d76fa6bb06f31854edfd1e38f4ba672f2ae9
RESULT-DIN-CREDITO-PISOS-ENIF2021-K1-CUENTA-SIN-CUENTA-P	K1::cuenta::sin cuenta	K1	ENIF	2021	julio 2020 a levantamiento 2021	ENIF	2024	junio 2023 a levantamiento 2024	P · PERSONA ELEGIDA 18+	cuenta	sin cuenta	CONSTRUIBLE		PENDIENTE:piloto-credito-2024 (K1)	forense/prereg-caja/DIN-CREDITO-PISOS-ENIF2021-spec-v1_0.md	6119f4dec4cbaf297636aec83a11d76fa6bb06f31854edfd1e38f4ba672f2ae9
RESULT-DIN-CREDITO-PISOS-ENIF2021-K1-CUENTA-CON-CUENTA-P	K1::cuenta::con cuenta	K1	ENIF	2021	julio 2020 a levantamiento 2021	ENIF	2024	junio 2023 a levantamiento 2024	P · PERSONA ELEGIDA 18+	cuenta	con cuenta	CONSTRUIBLE		PENDIENTE:piloto-credito-2024 (K1)	forense/prereg-caja/DIN-CREDITO-PISOS-ENIF2021-spec-v1_0.md	6119f4dec4cbaf297636aec83a11d76fa6bb06f31854edfd1e38f4ba672f2ae9
RESULT-DIN-CREDITO-PISOS-ENIF2021-K1-FORMALIDAD-SIN-SEGURIDAD-SOCIAL-P	K1::formalidad::sin seguridad social	K1	ENIF	2021	julio 2020 a levantamiento 2021	ENIF	2024	junio 2023 a levantamiento 2024	P · PERSONA ELEGIDA 18+	formalidad	sin seguridad social	CONSTRUIBLE		PENDIENTE:piloto-credito-2024 (K1)	forense/prereg-caja/DIN-CREDITO-PISOS-ENIF2021-spec-v1_0.md	6119f4dec4cbaf297636aec83a11d76fa6bb06f31854edfd1e38f4ba672f2ae9
RESULT-DIN-CREDITO-PISOS-ENIF2021-K1-FORMALIDAD-CON-SEGURIDAD-SOCIAL-P	K1::formalidad::con seguridad social	K1	ENIF	2021	julio 2020 a levantamiento 2021	ENIF	2024	junio 2023 a levantamiento 2024	P · PERSONA ELEGIDA 18+	formalidad	con seguridad social	CONSTRUIBLE		PENDIENTE:piloto-credito-2024 (K1)	forense/prereg-caja/DIN-CREDITO-PISOS-ENIF2021-spec-v1_0.md	6119f4dec4cbaf297636aec83a11d76fa6bb06f31854edfd1e38f4ba672f2ae9
RESULT-DIN-CREDITO-PISOS-ENIF2021-K2-DEPARTAMENTAL-SEXO-1-P	K2-DEPARTAMENTAL::sexo::1	K2-DEPARTAMENTAL	ENIF	2021	julio 2020 a levantamiento 2021	ENIF	2024	junio 2023 a levantamiento 2024	P · PERSONA ELEGIDA 18+	sexo	1	CONSTRUIBLE		PENDIENTE:piloto-credito-2024 (K2)	forense/prereg-caja/DIN-CREDITO-PISOS-ENIF2021-spec-v1_0.md	6119f4dec4cbaf297636aec83a11d76fa6bb06f31854edfd1e38f4ba672f2ae9
RESULT-DIN-CREDITO-PISOS-ENIF2021-K2-DEPARTAMENTAL-SEXO-2-P	K2-DEPARTAMENTAL::sexo::2	K2-DEPARTAMENTAL	ENIF	2021	julio 2020 a levantamiento 2021	ENIF	2024	junio 2023 a levantamiento 2024	P · PERSONA ELEGIDA 18+	sexo	2	CONSTRUIBLE		PENDIENTE:piloto-credito-2024 (K2)	forense/prereg-caja/DIN-CREDITO-PISOS-ENIF2021-spec-v1_0.md	6119f4dec4cbaf297636aec83a11d76fa6bb06f31854edfd1e38f4ba672f2ae9
RESULT-DIN-CREDITO-PISOS-ENIF2021-K2-DEPARTAMENTAL-EDAD-18-29-P	K2-DEPARTAMENTAL::edad::18-29	K2-DEPARTAMENTAL	ENIF	2021	julio 2020 a levantamiento 2021	ENIF	2024	junio 2023 a levantamiento 2024	P · PERSONA ELEGIDA 18+	edad	18-29	CONSTRUIBLE		PENDIENTE:piloto-credito-2024 (K2)	forense/prereg-caja/DIN-CREDITO-PISOS-ENIF2021-spec-v1_0.md	6119f4dec4cbaf297636aec83a11d76fa6bb06f31854edfd1e38f4ba672f2ae9
RESULT-DIN-CREDITO-PISOS-ENIF2021-K2-DEPARTAMENTAL-EDAD-30-44-P	K2-DEPARTAMENTAL::edad::30-44	K2-DEPARTAMENTAL	ENIF	2021	julio 2020 a levantamiento 2021	ENIF	2024	junio 2023 a levantamiento 2024	P · PERSONA ELEGIDA 18+	edad	30-44	CONSTRUIBLE		PENDIENTE:piloto-credito-2024 (K2)	forense/prereg-caja/DIN-CREDITO-PISOS-ENIF2021-spec-v1_0.md	6119f4dec4cbaf297636aec83a11d76fa6bb06f31854edfd1e38f4ba672f2ae9
RESULT-DIN-CREDITO-PISOS-ENIF2021-K2-DEPARTAMENTAL-EDAD-45-59-P	K2-DEPARTAMENTAL::edad::45-59	K2-DEPARTAMENTAL	ENIF	2021	julio 2020 a levantamiento 2021	ENIF	2024	junio 2023 a levantamiento 2024	P · PERSONA ELEGIDA 18+	edad	45-59	CONSTRUIBLE		PENDIENTE:piloto-credito-2024 (K2)	forense/prereg-caja/DIN-CREDITO-PISOS-ENIF2021-spec-v1_0.md	6119f4dec4cbaf297636aec83a11d76fa6bb06f31854edfd1e38f4ba672f2ae9
RESULT-DIN-CREDITO-PISOS-ENIF2021-K2-DEPARTAMENTAL-EDAD-60-MAS-P	K2-DEPARTAMENTAL::edad::60+	K2-DEPARTAMENTAL	ENIF	2021	julio 2020 a levantamiento 2021	ENIF	2024	junio 2023 a levantamiento 2024	P · PERSONA ELEGIDA 18+	edad	60+	CONSTRUIBLE		PENDIENTE:piloto-credito-2024 (K2)	forense/prereg-caja/DIN-CREDITO-PISOS-ENIF2021-spec-v1_0.md	6119f4dec4cbaf297636aec83a11d76fa6bb06f31854edfd1e38f4ba672f2ae9
RESULT-DIN-CREDITO-PISOS-ENIF2021-K2-DEPARTAMENTAL-ESCOLARIDAD-HASTA-PRIMARIA-P	K2-DEPARTAMENTAL::escolaridad::hasta_primaria	K2-DEPARTAMENTAL	ENIF	2021	julio 2020 a levantamiento 2021	ENIF	2024	junio 2023 a levantamiento 2024	P · PERSONA ELEGIDA 18+	escolaridad	hasta_primaria	CONSTRUIBLE		PENDIENTE:piloto-credito-2024 (K2)	forense/prereg-caja/DIN-CREDITO-PISOS-ENIF2021-spec-v1_0.md	6119f4dec4cbaf297636aec83a11d76fa6bb06f31854edfd1e38f4ba672f2ae9
RESULT-DIN-CREDITO-PISOS-ENIF2021-K2-DEPARTAMENTAL-ESCOLARIDAD-SECUNDARIA-P	K2-DEPARTAMENTAL::escolaridad::secundaria	K2-DEPARTAMENTAL	ENIF	2021	julio 2020 a levantamiento 2021	ENIF	2024	junio 2023 a levantamiento 2024	P · PERSONA ELEGIDA 18+	escolaridad	secundaria	CONSTRUIBLE		PENDIENTE:piloto-credito-2024 (K2)	forense/prereg-caja/DIN-CREDITO-PISOS-ENIF2021-spec-v1_0.md	6119f4dec4cbaf297636aec83a11d76fa6bb06f31854edfd1e38f4ba672f2ae9
RESULT-DIN-CREDITO-PISOS-ENIF2021-K2-DEPARTAMENTAL-ESCOLARIDAD-MEDIA-SUPERIOR-P	K2-DEPARTAMENTAL::escolaridad::media_superior	K2-DEPARTAMENTAL	ENIF	2021	julio 2020 a levantamiento 2021	ENIF	2024	junio 2023 a levantamiento 2024	P · PERSONA ELEGIDA 18+	escolaridad	media_superior	CONSTRUIBLE		PENDIENTE:piloto-credito-2024 (K2)	forense/prereg-caja/DIN-CREDITO-PISOS-ENIF2021-spec-v1_0.md	6119f4dec4cbaf297636aec83a11d76fa6bb06f31854edfd1e38f4ba672f2ae9
RESULT-DIN-CREDITO-PISOS-ENIF2021-K2-DEPARTAMENTAL-ESCOLARIDAD-SUPERIOR-P	K2-DEPARTAMENTAL::escolaridad::superior	K2-DEPARTAMENTAL	ENIF	2021	julio 2020 a levantamiento 2021	ENIF	2024	junio 2023 a levantamiento 2024	P · PERSONA ELEGIDA 18+	escolaridad	superior	CONSTRUIBLE		PENDIENTE:piloto-credito-2024 (K2)	forense/prereg-caja/DIN-CREDITO-PISOS-ENIF2021-spec-v1_0.md	6119f4dec4cbaf297636aec83a11d76fa6bb06f31854edfd1e38f4ba672f2ae9
RESULT-DIN-CREDITO-PISOS-ENIF2021-K2-DEPARTAMENTAL-LOCALIDAD-MENOR-DE-15-000-P	K2-DEPARTAMENTAL::localidad::menor de 15 000	K2-DEPARTAMENTAL	ENIF	2021	julio 2020 a levantamiento 2021	ENIF	2024	junio 2023 a levantamiento 2024	P · PERSONA ELEGIDA 18+	localidad	menor de 15 000	CONSTRUIBLE		PENDIENTE:piloto-credito-2024 (K2)	forense/prereg-caja/DIN-CREDITO-PISOS-ENIF2021-spec-v1_0.md	6119f4dec4cbaf297636aec83a11d76fa6bb06f31854edfd1e38f4ba672f2ae9
RESULT-DIN-CREDITO-PISOS-ENIF2021-K2-DEPARTAMENTAL-LOCALIDAD-15-000-Y-MAS-P	K2-DEPARTAMENTAL::localidad::15 000 y mas	K2-DEPARTAMENTAL	ENIF	2021	julio 2020 a levantamiento 2021	ENIF	2024	junio 2023 a levantamiento 2024	P · PERSONA ELEGIDA 18+	localidad	15 000 y mas	CONSTRUIBLE		PENDIENTE:piloto-credito-2024 (K2)	forense/prereg-caja/DIN-CREDITO-PISOS-ENIF2021-spec-v1_0.md	6119f4dec4cbaf297636aec83a11d76fa6bb06f31854edfd1e38f4ba672f2ae9
RESULT-DIN-CREDITO-PISOS-ENIF2021-K2-DEPARTAMENTAL-CUENTA-SIN-CUENTA-P	K2-DEPARTAMENTAL::cuenta::sin cuenta	K2-DEPARTAMENTAL	ENIF	2021	julio 2020 a levantamiento 2021	ENIF	2024	junio 2023 a levantamiento 2024	P · PERSONA ELEGIDA 18+	cuenta	sin cuenta	CONSTRUIBLE		PENDIENTE:piloto-credito-2024 (K2)	forense/prereg-caja/DIN-CREDITO-PISOS-ENIF2021-spec-v1_0.md	6119f4dec4cbaf297636aec83a11d76fa6bb06f31854edfd1e38f4ba672f2ae9
RESULT-DIN-CREDITO-PISOS-ENIF2021-K2-DEPARTAMENTAL-CUENTA-CON-CUENTA-P	K2-DEPARTAMENTAL::cuenta::con cuenta	K2-DEPARTAMENTAL	ENIF	2021	julio 2020 a levantamiento 2021	ENIF	2024	junio 2023 a levantamiento 2024	P · PERSONA ELEGIDA 18+	cuenta	con cuenta	CONSTRUIBLE		PENDIENTE:piloto-credito-2024 (K2)	forense/prereg-caja/DIN-CREDITO-PISOS-ENIF2021-spec-v1_0.md	6119f4dec4cbaf297636aec83a11d76fa6bb06f31854edfd1e38f4ba672f2ae9
RESULT-DIN-CREDITO-PISOS-ENIF2021-K2-DEPARTAMENTAL-FORMALIDAD-SIN-SEGURIDAD-SOCIAL-P	K2-DEPARTAMENTAL::formalidad::sin seguridad social	K2-DEPARTAMENTAL	ENIF	2021	julio 2020 a levantamiento 2021	ENIF	2024	junio 2023 a levantamiento 2024	P · PERSONA ELEGIDA 18+	formalidad	sin seguridad social	CONSTRUIBLE		PENDIENTE:piloto-credito-2024 (K2)	forense/prereg-caja/DIN-CREDITO-PISOS-ENIF2021-spec-v1_0.md	6119f4dec4cbaf297636aec83a11d76fa6bb06f31854edfd1e38f4ba672f2ae9
RESULT-DIN-CREDITO-PISOS-ENIF2021-K2-DEPARTAMENTAL-FORMALIDAD-CON-SEGURIDAD-SOCIAL-P	K2-DEPARTAMENTAL::formalidad::con seguridad social	K2-DEPARTAMENTAL	ENIF	2021	julio 2020 a levantamiento 2021	ENIF	2024	junio 2023 a levantamiento 2024	P · PERSONA ELEGIDA 18+	formalidad	con seguridad social	CONSTRUIBLE		PENDIENTE:piloto-credito-2024 (K2)	forense/prereg-caja/DIN-CREDITO-PISOS-ENIF2021-spec-v1_0.md	6119f4dec4cbaf297636aec83a11d76fa6bb06f31854edfd1e38f4ba672f2ae9
RESULT-DIN-CREDITO-PISOS-ENIF2021-K2-NOMINA-SEXO-1-P	K2-NOMINA::sexo::1	K2-NOMINA	ENIF	2021	julio 2020 a levantamiento 2021	ENIF	2024	junio 2023 a levantamiento 2024	P · PERSONA ELEGIDA 18+	sexo	1	CONSTRUIBLE		PENDIENTE:piloto-credito-2024 (K2)	forense/prereg-caja/DIN-CREDITO-PISOS-ENIF2021-spec-v1_0.md	6119f4dec4cbaf297636aec83a11d76fa6bb06f31854edfd1e38f4ba672f2ae9
RESULT-DIN-CREDITO-PISOS-ENIF2021-K2-NOMINA-SEXO-2-P	K2-NOMINA::sexo::2	K2-NOMINA	ENIF	2021	julio 2020 a levantamiento 2021	ENIF	2024	junio 2023 a levantamiento 2024	P · PERSONA ELEGIDA 18+	sexo	2	CONSTRUIBLE		PENDIENTE:piloto-credito-2024 (K2)	forense/prereg-caja/DIN-CREDITO-PISOS-ENIF2021-spec-v1_0.md	6119f4dec4cbaf297636aec83a11d76fa6bb06f31854edfd1e38f4ba672f2ae9
RESULT-DIN-CREDITO-PISOS-ENIF2021-K2-NOMINA-EDAD-18-29-P	K2-NOMINA::edad::18-29	K2-NOMINA	ENIF	2021	julio 2020 a levantamiento 2021	ENIF	2024	junio 2023 a levantamiento 2024	P · PERSONA ELEGIDA 18+	edad	18-29	CONSTRUIBLE		PENDIENTE:piloto-credito-2024 (K2)	forense/prereg-caja/DIN-CREDITO-PISOS-ENIF2021-spec-v1_0.md	6119f4dec4cbaf297636aec83a11d76fa6bb06f31854edfd1e38f4ba672f2ae9
RESULT-DIN-CREDITO-PISOS-ENIF2021-K2-NOMINA-EDAD-30-44-P	K2-NOMINA::edad::30-44	K2-NOMINA	ENIF	2021	julio 2020 a levantamiento 2021	ENIF	2024	junio 2023 a levantamiento 2024	P · PERSONA ELEGIDA 18+	edad	30-44	CONSTRUIBLE		PENDIENTE:piloto-credito-2024 (K2)	forense/prereg-caja/DIN-CREDITO-PISOS-ENIF2021-spec-v1_0.md	6119f4dec4cbaf297636aec83a11d76fa6bb06f31854edfd1e38f4ba672f2ae9
RESULT-DIN-CREDITO-PISOS-ENIF2021-K2-NOMINA-EDAD-45-59-P	K2-NOMINA::edad::45-59	K2-NOMINA	ENIF	2021	julio 2020 a levantamiento 2021	ENIF	2024	junio 2023 a levantamiento 2024	P · PERSONA ELEGIDA 18+	edad	45-59	CONSTRUIBLE		PENDIENTE:piloto-credito-2024 (K2)	forense/prereg-caja/DIN-CREDITO-PISOS-ENIF2021-spec-v1_0.md	6119f4dec4cbaf297636aec83a11d76fa6bb06f31854edfd1e38f4ba672f2ae9
RESULT-DIN-CREDITO-PISOS-ENIF2021-K2-NOMINA-EDAD-60-MAS-P	K2-NOMINA::edad::60+	K2-NOMINA	ENIF	2021	julio 2020 a levantamiento 2021	ENIF	2024	junio 2023 a levantamiento 2024	P · PERSONA ELEGIDA 18+	edad	60+	CONSTRUIBLE		PENDIENTE:piloto-credito-2024 (K2)	forense/prereg-caja/DIN-CREDITO-PISOS-ENIF2021-spec-v1_0.md	6119f4dec4cbaf297636aec83a11d76fa6bb06f31854edfd1e38f4ba672f2ae9
RESULT-DIN-CREDITO-PISOS-ENIF2021-K2-NOMINA-ESCOLARIDAD-HASTA-PRIMARIA-P	K2-NOMINA::escolaridad::hasta_primaria	K2-NOMINA	ENIF	2021	julio 2020 a levantamiento 2021	ENIF	2024	junio 2023 a levantamiento 2024	P · PERSONA ELEGIDA 18+	escolaridad	hasta_primaria	CONSTRUIBLE		PENDIENTE:piloto-credito-2024 (K2)	forense/prereg-caja/DIN-CREDITO-PISOS-ENIF2021-spec-v1_0.md	6119f4dec4cbaf297636aec83a11d76fa6bb06f31854edfd1e38f4ba672f2ae9
RESULT-DIN-CREDITO-PISOS-ENIF2021-K2-NOMINA-ESCOLARIDAD-SECUNDARIA-P	K2-NOMINA::escolaridad::secundaria	K2-NOMINA	ENIF	2021	julio 2020 a levantamiento 2021	ENIF	2024	junio 2023 a levantamiento 2024	P · PERSONA ELEGIDA 18+	escolaridad	secundaria	CONSTRUIBLE		PENDIENTE:piloto-credito-2024 (K2)	forense/prereg-caja/DIN-CREDITO-PISOS-ENIF2021-spec-v1_0.md	6119f4dec4cbaf297636aec83a11d76fa6bb06f31854edfd1e38f4ba672f2ae9
RESULT-DIN-CREDITO-PISOS-ENIF2021-K2-NOMINA-ESCOLARIDAD-MEDIA-SUPERIOR-P	K2-NOMINA::escolaridad::media_superior	K2-NOMINA	ENIF	2021	julio 2020 a levantamiento 2021	ENIF	2024	junio 2023 a levantamiento 2024	P · PERSONA ELEGIDA 18+	escolaridad	media_superior	CONSTRUIBLE		PENDIENTE:piloto-credito-2024 (K2)	forense/prereg-caja/DIN-CREDITO-PISOS-ENIF2021-spec-v1_0.md	6119f4dec4cbaf297636aec83a11d76fa6bb06f31854edfd1e38f4ba672f2ae9
RESULT-DIN-CREDITO-PISOS-ENIF2021-K2-NOMINA-ESCOLARIDAD-SUPERIOR-P	K2-NOMINA::escolaridad::superior	K2-NOMINA	ENIF	2021	julio 2020 a levantamiento 2021	ENIF	2024	junio 2023 a levantamiento 2024	P · PERSONA ELEGIDA 18+	escolaridad	superior	CONSTRUIBLE		PENDIENTE:piloto-credito-2024 (K2)	forense/prereg-caja/DIN-CREDITO-PISOS-ENIF2021-spec-v1_0.md	6119f4dec4cbaf297636aec83a11d76fa6bb06f31854edfd1e38f4ba672f2ae9
RESULT-DIN-CREDITO-PISOS-ENIF2021-K2-NOMINA-LOCALIDAD-MENOR-DE-15-000-P	K2-NOMINA::localidad::menor de 15 000	K2-NOMINA	ENIF	2021	julio 2020 a levantamiento 2021	ENIF	2024	junio 2023 a levantamiento 2024	P · PERSONA ELEGIDA 18+	localidad	menor de 15 000	CONSTRUIBLE		PENDIENTE:piloto-credito-2024 (K2)	forense/prereg-caja/DIN-CREDITO-PISOS-ENIF2021-spec-v1_0.md	6119f4dec4cbaf297636aec83a11d76fa6bb06f31854edfd1e38f4ba672f2ae9
RESULT-DIN-CREDITO-PISOS-ENIF2021-K2-NOMINA-LOCALIDAD-15-000-Y-MAS-P	K2-NOMINA::localidad::15 000 y mas	K2-NOMINA	ENIF	2021	julio 2020 a levantamiento 2021	ENIF	2024	junio 2023 a levantamiento 2024	P · PERSONA ELEGIDA 18+	localidad	15 000 y mas	CONSTRUIBLE		PENDIENTE:piloto-credito-2024 (K2)	forense/prereg-caja/DIN-CREDITO-PISOS-ENIF2021-spec-v1_0.md	6119f4dec4cbaf297636aec83a11d76fa6bb06f31854edfd1e38f4ba672f2ae9
RESULT-DIN-CREDITO-PISOS-ENIF2021-K2-NOMINA-CUENTA-SIN-CUENTA-P	K2-NOMINA::cuenta::sin cuenta	K2-NOMINA	ENIF	2021	julio 2020 a levantamiento 2021	ENIF	2024	junio 2023 a levantamiento 2024	P · PERSONA ELEGIDA 18+	cuenta	sin cuenta	CONSTRUIBLE		PENDIENTE:piloto-credito-2024 (K2)	forense/prereg-caja/DIN-CREDITO-PISOS-ENIF2021-spec-v1_0.md	6119f4dec4cbaf297636aec83a11d76fa6bb06f31854edfd1e38f4ba672f2ae9
RESULT-DIN-CREDITO-PISOS-ENIF2021-K2-NOMINA-CUENTA-CON-CUENTA-P	K2-NOMINA::cuenta::con cuenta	K2-NOMINA	ENIF	2021	julio 2020 a levantamiento 2021	ENIF	2024	junio 2023 a levantamiento 2024	P · PERSONA ELEGIDA 18+	cuenta	con cuenta	CONSTRUIBLE		PENDIENTE:piloto-credito-2024 (K2)	forense/prereg-caja/DIN-CREDITO-PISOS-ENIF2021-spec-v1_0.md	6119f4dec4cbaf297636aec83a11d76fa6bb06f31854edfd1e38f4ba672f2ae9
RESULT-DIN-CREDITO-PISOS-ENIF2021-K2-NOMINA-FORMALIDAD-SIN-SEGURIDAD-SOCIAL-P	K2-NOMINA::formalidad::sin seguridad social	K2-NOMINA	ENIF	2021	julio 2020 a levantamiento 2021	ENIF	2024	junio 2023 a levantamiento 2024	P · PERSONA ELEGIDA 18+	formalidad	sin seguridad social	CONSTRUIBLE		PENDIENTE:piloto-credito-2024 (K2)	forense/prereg-caja/DIN-CREDITO-PISOS-ENIF2021-spec-v1_0.md	6119f4dec4cbaf297636aec83a11d76fa6bb06f31854edfd1e38f4ba672f2ae9
RESULT-DIN-CREDITO-PISOS-ENIF2021-K2-NOMINA-FORMALIDAD-CON-SEGURIDAD-SOCIAL-P	K2-NOMINA::formalidad::con seguridad social	K2-NOMINA	ENIF	2021	julio 2020 a levantamiento 2021	ENIF	2024	junio 2023 a levantamiento 2024	P · PERSONA ELEGIDA 18+	formalidad	con seguridad social	CONSTRUIBLE		PENDIENTE:piloto-credito-2024 (K2)	forense/prereg-caja/DIN-CREDITO-PISOS-ENIF2021-spec-v1_0.md	6119f4dec4cbaf297636aec83a11d76fa6bb06f31854edfd1e38f4ba672f2ae9
RESULT-DIN-CREDITO-PISOS-ENIF2021-K2-AUTOMOTRIZ-SEXO-1-P	K2-AUTOMOTRIZ::sexo::1	K2-AUTOMOTRIZ	ENIF	2021	julio 2020 a levantamiento 2021	ENIF	2024	junio 2023 a levantamiento 2024	P · PERSONA ELEGIDA 18+	sexo	1	CONSTRUIBLE		PENDIENTE:piloto-credito-2024 (K2)	forense/prereg-caja/DIN-CREDITO-PISOS-ENIF2021-spec-v1_0.md	6119f4dec4cbaf297636aec83a11d76fa6bb06f31854edfd1e38f4ba672f2ae9
RESULT-DIN-CREDITO-PISOS-ENIF2021-K2-AUTOMOTRIZ-SEXO-2-P	K2-AUTOMOTRIZ::sexo::2	K2-AUTOMOTRIZ	ENIF	2021	julio 2020 a levantamiento 2021	ENIF	2024	junio 2023 a levantamiento 2024	P · PERSONA ELEGIDA 18+	sexo	2	CONSTRUIBLE		PENDIENTE:piloto-credito-2024 (K2)	forense/prereg-caja/DIN-CREDITO-PISOS-ENIF2021-spec-v1_0.md	6119f4dec4cbaf297636aec83a11d76fa6bb06f31854edfd1e38f4ba672f2ae9
RESULT-DIN-CREDITO-PISOS-ENIF2021-K2-AUTOMOTRIZ-EDAD-18-29-P	K2-AUTOMOTRIZ::edad::18-29	K2-AUTOMOTRIZ	ENIF	2021	julio 2020 a levantamiento 2021	ENIF	2024	junio 2023 a levantamiento 2024	P · PERSONA ELEGIDA 18+	edad	18-29	CONSTRUIBLE		PENDIENTE:piloto-credito-2024 (K2)	forense/prereg-caja/DIN-CREDITO-PISOS-ENIF2021-spec-v1_0.md	6119f4dec4cbaf297636aec83a11d76fa6bb06f31854edfd1e38f4ba672f2ae9
RESULT-DIN-CREDITO-PISOS-ENIF2021-K2-AUTOMOTRIZ-EDAD-30-44-P	K2-AUTOMOTRIZ::edad::30-44	K2-AUTOMOTRIZ	ENIF	2021	julio 2020 a levantamiento 2021	ENIF	2024	junio 2023 a levantamiento 2024	P · PERSONA ELEGIDA 18+	edad	30-44	CONSTRUIBLE		PENDIENTE:piloto-credito-2024 (K2)	forense/prereg-caja/DIN-CREDITO-PISOS-ENIF2021-spec-v1_0.md	6119f4dec4cbaf297636aec83a11d76fa6bb06f31854edfd1e38f4ba672f2ae9
RESULT-DIN-CREDITO-PISOS-ENIF2021-K2-AUTOMOTRIZ-EDAD-45-59-P	K2-AUTOMOTRIZ::edad::45-59	K2-AUTOMOTRIZ	ENIF	2021	julio 2020 a levantamiento 2021	ENIF	2024	junio 2023 a levantamiento 2024	P · PERSONA ELEGIDA 18+	edad	45-59	CONSTRUIBLE		PENDIENTE:piloto-credito-2024 (K2)	forense/prereg-caja/DIN-CREDITO-PISOS-ENIF2021-spec-v1_0.md	6119f4dec4cbaf297636aec83a11d76fa6bb06f31854edfd1e38f4ba672f2ae9
RESULT-DIN-CREDITO-PISOS-ENIF2021-K2-AUTOMOTRIZ-EDAD-60-MAS-P	K2-AUTOMOTRIZ::edad::60+	K2-AUTOMOTRIZ	ENIF	2021	julio 2020 a levantamiento 2021	ENIF	2024	junio 2023 a levantamiento 2024	P · PERSONA ELEGIDA 18+	edad	60+	CONSTRUIBLE		PENDIENTE:piloto-credito-2024 (K2)	forense/prereg-caja/DIN-CREDITO-PISOS-ENIF2021-spec-v1_0.md	6119f4dec4cbaf297636aec83a11d76fa6bb06f31854edfd1e38f4ba672f2ae9
RESULT-DIN-CREDITO-PISOS-ENIF2021-K2-AUTOMOTRIZ-ESCOLARIDAD-HASTA-PRIMARIA-P	K2-AUTOMOTRIZ::escolaridad::hasta_primaria	K2-AUTOMOTRIZ	ENIF	2021	julio 2020 a levantamiento 2021	ENIF	2024	junio 2023 a levantamiento 2024	P · PERSONA ELEGIDA 18+	escolaridad	hasta_primaria	CONSTRUIBLE		PENDIENTE:piloto-credito-2024 (K2)	forense/prereg-caja/DIN-CREDITO-PISOS-ENIF2021-spec-v1_0.md	6119f4dec4cbaf297636aec83a11d76fa6bb06f31854edfd1e38f4ba672f2ae9
RESULT-DIN-CREDITO-PISOS-ENIF2021-K2-AUTOMOTRIZ-ESCOLARIDAD-SECUNDARIA-P	K2-AUTOMOTRIZ::escolaridad::secundaria	K2-AUTOMOTRIZ	ENIF	2021	julio 2020 a levantamiento 2021	ENIF	2024	junio 2023 a levantamiento 2024	P · PERSONA ELEGIDA 18+	escolaridad	secundaria	CONSTRUIBLE		PENDIENTE:piloto-credito-2024 (K2)	forense/prereg-caja/DIN-CREDITO-PISOS-ENIF2021-spec-v1_0.md	6119f4dec4cbaf297636aec83a11d76fa6bb06f31854edfd1e38f4ba672f2ae9
RESULT-DIN-CREDITO-PISOS-ENIF2021-K2-AUTOMOTRIZ-ESCOLARIDAD-MEDIA-SUPERIOR-P	K2-AUTOMOTRIZ::escolaridad::media_superior	K2-AUTOMOTRIZ	ENIF	2021	julio 2020 a levantamiento 2021	ENIF	2024	junio 2023 a levantamiento 2024	P · PERSONA ELEGIDA 18+	escolaridad	media_superior	CONSTRUIBLE		PENDIENTE:piloto-credito-2024 (K2)	forense/prereg-caja/DIN-CREDITO-PISOS-ENIF2021-spec-v1_0.md	6119f4dec4cbaf297636aec83a11d76fa6bb06f31854edfd1e38f4ba672f2ae9
RESULT-DIN-CREDITO-PISOS-ENIF2021-K2-AUTOMOTRIZ-ESCOLARIDAD-SUPERIOR-P	K2-AUTOMOTRIZ::escolaridad::superior	K2-AUTOMOTRIZ	ENIF	2021	julio 2020 a levantamiento 2021	ENIF	2024	junio 2023 a levantamiento 2024	P · PERSONA ELEGIDA 18+	escolaridad	superior	CONSTRUIBLE		PENDIENTE:piloto-credito-2024 (K2)	forense/prereg-caja/DIN-CREDITO-PISOS-ENIF2021-spec-v1_0.md	6119f4dec4cbaf297636aec83a11d76fa6bb06f31854edfd1e38f4ba672f2ae9
RESULT-DIN-CREDITO-PISOS-ENIF2021-K2-AUTOMOTRIZ-LOCALIDAD-MENOR-DE-15-000-P	K2-AUTOMOTRIZ::localidad::menor de 15 000	K2-AUTOMOTRIZ	ENIF	2021	julio 2020 a levantamiento 2021	ENIF	2024	junio 2023 a levantamiento 2024	P · PERSONA ELEGIDA 18+	localidad	menor de 15 000	CONSTRUIBLE		PENDIENTE:piloto-credito-2024 (K2)	forense/prereg-caja/DIN-CREDITO-PISOS-ENIF2021-spec-v1_0.md	6119f4dec4cbaf297636aec83a11d76fa6bb06f31854edfd1e38f4ba672f2ae9
RESULT-DIN-CREDITO-PISOS-ENIF2021-K2-AUTOMOTRIZ-LOCALIDAD-15-000-Y-MAS-P	K2-AUTOMOTRIZ::localidad::15 000 y mas	K2-AUTOMOTRIZ	ENIF	2021	julio 2020 a levantamiento 2021	ENIF	2024	junio 2023 a levantamiento 2024	P · PERSONA ELEGIDA 18+	localidad	15 000 y mas	CONSTRUIBLE		PENDIENTE:piloto-credito-2024 (K2)	forense/prereg-caja/DIN-CREDITO-PISOS-ENIF2021-spec-v1_0.md	6119f4dec4cbaf297636aec83a11d76fa6bb06f31854edfd1e38f4ba672f2ae9
RESULT-DIN-CREDITO-PISOS-ENIF2021-K2-AUTOMOTRIZ-CUENTA-SIN-CUENTA-P	K2-AUTOMOTRIZ::cuenta::sin cuenta	K2-AUTOMOTRIZ	ENIF	2021	julio 2020 a levantamiento 2021	ENIF	2024	junio 2023 a levantamiento 2024	P · PERSONA ELEGIDA 18+	cuenta	sin cuenta	CONSTRUIBLE		PENDIENTE:piloto-credito-2024 (K2)	forense/prereg-caja/DIN-CREDITO-PISOS-ENIF2021-spec-v1_0.md	6119f4dec4cbaf297636aec83a11d76fa6bb06f31854edfd1e38f4ba672f2ae9
RESULT-DIN-CREDITO-PISOS-ENIF2021-K2-AUTOMOTRIZ-CUENTA-CON-CUENTA-P	K2-AUTOMOTRIZ::cuenta::con cuenta	K2-AUTOMOTRIZ	ENIF	2021	julio 2020 a levantamiento 2021	ENIF	2024	junio 2023 a levantamiento 2024	P · PERSONA ELEGIDA 18+	cuenta	con cuenta	CONSTRUIBLE		PENDIENTE:piloto-credito-2024 (K2)	forense/prereg-caja/DIN-CREDITO-PISOS-ENIF2021-spec-v1_0.md	6119f4dec4cbaf297636aec83a11d76fa6bb06f31854edfd1e38f4ba672f2ae9
RESULT-DIN-CREDITO-PISOS-ENIF2021-K2-AUTOMOTRIZ-FORMALIDAD-SIN-SEGURIDAD-SOCIAL-P	K2-AUTOMOTRIZ::formalidad::sin seguridad social	K2-AUTOMOTRIZ	ENIF	2021	julio 2020 a levantamiento 2021	ENIF	2024	junio 2023 a levantamiento 2024	P · PERSONA ELEGIDA 18+	formalidad	sin seguridad social	CONSTRUIBLE		PENDIENTE:piloto-credito-2024 (K2)	forense/prereg-caja/DIN-CREDITO-PISOS-ENIF2021-spec-v1_0.md	6119f4dec4cbaf297636aec83a11d76fa6bb06f31854edfd1e38f4ba672f2ae9
RESULT-DIN-CREDITO-PISOS-ENIF2021-K2-AUTOMOTRIZ-FORMALIDAD-CON-SEGURIDAD-SOCIAL-P	K2-AUTOMOTRIZ::formalidad::con seguridad social	K2-AUTOMOTRIZ	ENIF	2021	julio 2020 a levantamiento 2021	ENIF	2024	junio 2023 a levantamiento 2024	P · PERSONA ELEGIDA 18+	formalidad	con seguridad social	CONSTRUIBLE		PENDIENTE:piloto-credito-2024 (K2)	forense/prereg-caja/DIN-CREDITO-PISOS-ENIF2021-spec-v1_0.md	6119f4dec4cbaf297636aec83a11d76fa6bb06f31854edfd1e38f4ba672f2ae9
RESULT-DIN-CREDITO-PISOS-ENIF2021-K3-SEXO-1-P	K3::sexo::1	K3	ENIF	2021	julio 2020 a levantamiento 2021	ENIF	2024	junio 2023 a levantamiento 2024	P · PERSONA ELEGIDA 18+	sexo	1	CONSTRUIBLE		PENDIENTE:piloto-credito-2024 (K3)	forense/prereg-caja/DIN-CREDITO-PISOS-ENIF2021-spec-v1_0.md	6119f4dec4cbaf297636aec83a11d76fa6bb06f31854edfd1e38f4ba672f2ae9
RESULT-DIN-CREDITO-PISOS-ENIF2021-K3-SEXO-2-P	K3::sexo::2	K3	ENIF	2021	julio 2020 a levantamiento 2021	ENIF	2024	junio 2023 a levantamiento 2024	P · PERSONA ELEGIDA 18+	sexo	2	CONSTRUIBLE		PENDIENTE:piloto-credito-2024 (K3)	forense/prereg-caja/DIN-CREDITO-PISOS-ENIF2021-spec-v1_0.md	6119f4dec4cbaf297636aec83a11d76fa6bb06f31854edfd1e38f4ba672f2ae9
RESULT-DIN-CREDITO-PISOS-ENIF2021-K3-EDAD-18-29-P	K3::edad::18-29	K3	ENIF	2021	julio 2020 a levantamiento 2021	ENIF	2024	junio 2023 a levantamiento 2024	P · PERSONA ELEGIDA 18+	edad	18-29	CONSTRUIBLE		PENDIENTE:piloto-credito-2024 (K3)	forense/prereg-caja/DIN-CREDITO-PISOS-ENIF2021-spec-v1_0.md	6119f4dec4cbaf297636aec83a11d76fa6bb06f31854edfd1e38f4ba672f2ae9
RESULT-DIN-CREDITO-PISOS-ENIF2021-K3-EDAD-30-44-P	K3::edad::30-44	K3	ENIF	2021	julio 2020 a levantamiento 2021	ENIF	2024	junio 2023 a levantamiento 2024	P · PERSONA ELEGIDA 18+	edad	30-44	CONSTRUIBLE		PENDIENTE:piloto-credito-2024 (K3)	forense/prereg-caja/DIN-CREDITO-PISOS-ENIF2021-spec-v1_0.md	6119f4dec4cbaf297636aec83a11d76fa6bb06f31854edfd1e38f4ba672f2ae9
RESULT-DIN-CREDITO-PISOS-ENIF2021-K3-EDAD-45-59-P	K3::edad::45-59	K3	ENIF	2021	julio 2020 a levantamiento 2021	ENIF	2024	junio 2023 a levantamiento 2024	P · PERSONA ELEGIDA 18+	edad	45-59	CONSTRUIBLE		PENDIENTE:piloto-credito-2024 (K3)	forense/prereg-caja/DIN-CREDITO-PISOS-ENIF2021-spec-v1_0.md	6119f4dec4cbaf297636aec83a11d76fa6bb06f31854edfd1e38f4ba672f2ae9
RESULT-DIN-CREDITO-PISOS-ENIF2021-K3-EDAD-60-MAS-P	K3::edad::60+	K3	ENIF	2021	julio 2020 a levantamiento 2021	ENIF	2024	junio 2023 a levantamiento 2024	P · PERSONA ELEGIDA 18+	edad	60+	CONSTRUIBLE		PENDIENTE:piloto-credito-2024 (K3)	forense/prereg-caja/DIN-CREDITO-PISOS-ENIF2021-spec-v1_0.md	6119f4dec4cbaf297636aec83a11d76fa6bb06f31854edfd1e38f4ba672f2ae9
RESULT-DIN-CREDITO-PISOS-ENIF2021-K3-ESCOLARIDAD-HASTA-PRIMARIA-P	K3::escolaridad::hasta_primaria	K3	ENIF	2021	julio 2020 a levantamiento 2021	ENIF	2024	junio 2023 a levantamiento 2024	P · PERSONA ELEGIDA 18+	escolaridad	hasta_primaria	CONSTRUIBLE		PENDIENTE:piloto-credito-2024 (K3)	forense/prereg-caja/DIN-CREDITO-PISOS-ENIF2021-spec-v1_0.md	6119f4dec4cbaf297636aec83a11d76fa6bb06f31854edfd1e38f4ba672f2ae9
RESULT-DIN-CREDITO-PISOS-ENIF2021-K3-ESCOLARIDAD-SECUNDARIA-P	K3::escolaridad::secundaria	K3	ENIF	2021	julio 2020 a levantamiento 2021	ENIF	2024	junio 2023 a levantamiento 2024	P · PERSONA ELEGIDA 18+	escolaridad	secundaria	CONSTRUIBLE		PENDIENTE:piloto-credito-2024 (K3)	forense/prereg-caja/DIN-CREDITO-PISOS-ENIF2021-spec-v1_0.md	6119f4dec4cbaf297636aec83a11d76fa6bb06f31854edfd1e38f4ba672f2ae9
RESULT-DIN-CREDITO-PISOS-ENIF2021-K3-ESCOLARIDAD-MEDIA-SUPERIOR-P	K3::escolaridad::media_superior	K3	ENIF	2021	julio 2020 a levantamiento 2021	ENIF	2024	junio 2023 a levantamiento 2024	P · PERSONA ELEGIDA 18+	escolaridad	media_superior	CONSTRUIBLE		PENDIENTE:piloto-credito-2024 (K3)	forense/prereg-caja/DIN-CREDITO-PISOS-ENIF2021-spec-v1_0.md	6119f4dec4cbaf297636aec83a11d76fa6bb06f31854edfd1e38f4ba672f2ae9
RESULT-DIN-CREDITO-PISOS-ENIF2021-K3-ESCOLARIDAD-SUPERIOR-P	K3::escolaridad::superior	K3	ENIF	2021	julio 2020 a levantamiento 2021	ENIF	2024	junio 2023 a levantamiento 2024	P · PERSONA ELEGIDA 18+	escolaridad	superior	CONSTRUIBLE		PENDIENTE:piloto-credito-2024 (K3)	forense/prereg-caja/DIN-CREDITO-PISOS-ENIF2021-spec-v1_0.md	6119f4dec4cbaf297636aec83a11d76fa6bb06f31854edfd1e38f4ba672f2ae9
RESULT-DIN-CREDITO-PISOS-ENIF2021-K3-LOCALIDAD-MENOR-DE-15-000-P	K3::localidad::menor de 15 000	K3	ENIF	2021	julio 2020 a levantamiento 2021	ENIF	2024	junio 2023 a levantamiento 2024	P · PERSONA ELEGIDA 18+	localidad	menor de 15 000	CONSTRUIBLE		PENDIENTE:piloto-credito-2024 (K3)	forense/prereg-caja/DIN-CREDITO-PISOS-ENIF2021-spec-v1_0.md	6119f4dec4cbaf297636aec83a11d76fa6bb06f31854edfd1e38f4ba672f2ae9
RESULT-DIN-CREDITO-PISOS-ENIF2021-K3-LOCALIDAD-15-000-Y-MAS-P	K3::localidad::15 000 y mas	K3	ENIF	2021	julio 2020 a levantamiento 2021	ENIF	2024	junio 2023 a levantamiento 2024	P · PERSONA ELEGIDA 18+	localidad	15 000 y mas	CONSTRUIBLE		PENDIENTE:piloto-credito-2024 (K3)	forense/prereg-caja/DIN-CREDITO-PISOS-ENIF2021-spec-v1_0.md	6119f4dec4cbaf297636aec83a11d76fa6bb06f31854edfd1e38f4ba672f2ae9
RESULT-DIN-CREDITO-PISOS-ENIF2021-K3-CUENTA-SIN-CUENTA-P	K3::cuenta::sin cuenta	K3	ENIF	2021	julio 2020 a levantamiento 2021	ENIF	2024	junio 2023 a levantamiento 2024	P · PERSONA ELEGIDA 18+	cuenta	sin cuenta	CONSTRUIBLE		PENDIENTE:piloto-credito-2024 (K3)	forense/prereg-caja/DIN-CREDITO-PISOS-ENIF2021-spec-v1_0.md	6119f4dec4cbaf297636aec83a11d76fa6bb06f31854edfd1e38f4ba672f2ae9
RESULT-DIN-CREDITO-PISOS-ENIF2021-K3-CUENTA-CON-CUENTA-P	K3::cuenta::con cuenta	K3	ENIF	2021	julio 2020 a levantamiento 2021	ENIF	2024	junio 2023 a levantamiento 2024	P · PERSONA ELEGIDA 18+	cuenta	con cuenta	CONSTRUIBLE		PENDIENTE:piloto-credito-2024 (K3)	forense/prereg-caja/DIN-CREDITO-PISOS-ENIF2021-spec-v1_0.md	6119f4dec4cbaf297636aec83a11d76fa6bb06f31854edfd1e38f4ba672f2ae9
RESULT-DIN-CREDITO-PISOS-ENIF2021-K3-FORMALIDAD-SIN-SEGURIDAD-SOCIAL-P	K3::formalidad::sin seguridad social	K3	ENIF	2021	julio 2020 a levantamiento 2021	ENIF	2024	junio 2023 a levantamiento 2024	P · PERSONA ELEGIDA 18+	formalidad	sin seguridad social	CONSTRUIBLE		PENDIENTE:piloto-credito-2024 (K3)	forense/prereg-caja/DIN-CREDITO-PISOS-ENIF2021-spec-v1_0.md	6119f4dec4cbaf297636aec83a11d76fa6bb06f31854edfd1e38f4ba672f2ae9
RESULT-DIN-CREDITO-PISOS-ENIF2021-K3-FORMALIDAD-CON-SEGURIDAD-SOCIAL-P	K3::formalidad::con seguridad social	K3	ENIF	2021	julio 2020 a levantamiento 2021	ENIF	2024	junio 2023 a levantamiento 2024	P · PERSONA ELEGIDA 18+	formalidad	con seguridad social	CONSTRUIBLE		PENDIENTE:piloto-credito-2024 (K3)	forense/prereg-caja/DIN-CREDITO-PISOS-ENIF2021-spec-v1_0.md	6119f4dec4cbaf297636aec83a11d76fa6bb06f31854edfd1e38f4ba672f2ae9
RESULT-DIN-CREDITO-PISOS-ENIF2021-K4A-AUTOEXCLUSION-SEXO-1-P	K4A-AUTOEXCLUSION::sexo::1	K4A-AUTOEXCLUSION	ENIF	2021	julio 2020 a levantamiento 2021	ENIF	2024	junio 2023 a levantamiento 2024	P · PERSONA ELEGIDA 18+	sexo	1	CONSTRUIBLE		PENDIENTE:piloto-credito-2024 (K4)	forense/prereg-caja/DIN-CREDITO-PISOS-ENIF2021-spec-v1_0.md	6119f4dec4cbaf297636aec83a11d76fa6bb06f31854edfd1e38f4ba672f2ae9
RESULT-DIN-CREDITO-PISOS-ENIF2021-K4A-AUTOEXCLUSION-SEXO-2-P	K4A-AUTOEXCLUSION::sexo::2	K4A-AUTOEXCLUSION	ENIF	2021	julio 2020 a levantamiento 2021	ENIF	2024	junio 2023 a levantamiento 2024	P · PERSONA ELEGIDA 18+	sexo	2	CONSTRUIBLE		PENDIENTE:piloto-credito-2024 (K4)	forense/prereg-caja/DIN-CREDITO-PISOS-ENIF2021-spec-v1_0.md	6119f4dec4cbaf297636aec83a11d76fa6bb06f31854edfd1e38f4ba672f2ae9
RESULT-DIN-CREDITO-PISOS-ENIF2021-K4A-AUTOEXCLUSION-EDAD-18-29-P	K4A-AUTOEXCLUSION::edad::18-29	K4A-AUTOEXCLUSION	ENIF	2021	julio 2020 a levantamiento 2021	ENIF	2024	junio 2023 a levantamiento 2024	P · PERSONA ELEGIDA 18+	edad	18-29	CONSTRUIBLE		PENDIENTE:piloto-credito-2024 (K4)	forense/prereg-caja/DIN-CREDITO-PISOS-ENIF2021-spec-v1_0.md	6119f4dec4cbaf297636aec83a11d76fa6bb06f31854edfd1e38f4ba672f2ae9
RESULT-DIN-CREDITO-PISOS-ENIF2021-K4A-AUTOEXCLUSION-EDAD-30-44-P	K4A-AUTOEXCLUSION::edad::30-44	K4A-AUTOEXCLUSION	ENIF	2021	julio 2020 a levantamiento 2021	ENIF	2024	junio 2023 a levantamiento 2024	P · PERSONA ELEGIDA 18+	edad	30-44	CONSTRUIBLE		PENDIENTE:piloto-credito-2024 (K4)	forense/prereg-caja/DIN-CREDITO-PISOS-ENIF2021-spec-v1_0.md	6119f4dec4cbaf297636aec83a11d76fa6bb06f31854edfd1e38f4ba672f2ae9
RESULT-DIN-CREDITO-PISOS-ENIF2021-K4A-AUTOEXCLUSION-EDAD-45-59-P	K4A-AUTOEXCLUSION::edad::45-59	K4A-AUTOEXCLUSION	ENIF	2021	julio 2020 a levantamiento 2021	ENIF	2024	junio 2023 a levantamiento 2024	P · PERSONA ELEGIDA 18+	edad	45-59	CONSTRUIBLE		PENDIENTE:piloto-credito-2024 (K4)	forense/prereg-caja/DIN-CREDITO-PISOS-ENIF2021-spec-v1_0.md	6119f4dec4cbaf297636aec83a11d76fa6bb06f31854edfd1e38f4ba672f2ae9
RESULT-DIN-CREDITO-PISOS-ENIF2021-K4A-AUTOEXCLUSION-EDAD-60-MAS-P	K4A-AUTOEXCLUSION::edad::60+	K4A-AUTOEXCLUSION	ENIF	2021	julio 2020 a levantamiento 2021	ENIF	2024	junio 2023 a levantamiento 2024	P · PERSONA ELEGIDA 18+	edad	60+	CONSTRUIBLE		PENDIENTE:piloto-credito-2024 (K4)	forense/prereg-caja/DIN-CREDITO-PISOS-ENIF2021-spec-v1_0.md	6119f4dec4cbaf297636aec83a11d76fa6bb06f31854edfd1e38f4ba672f2ae9
RESULT-DIN-CREDITO-PISOS-ENIF2021-K4A-AUTOEXCLUSION-ESCOLARIDAD-HASTA-PRIMARIA-P	K4A-AUTOEXCLUSION::escolaridad::hasta_primaria	K4A-AUTOEXCLUSION	ENIF	2021	julio 2020 a levantamiento 2021	ENIF	2024	junio 2023 a levantamiento 2024	P · PERSONA ELEGIDA 18+	escolaridad	hasta_primaria	CONSTRUIBLE		PENDIENTE:piloto-credito-2024 (K4)	forense/prereg-caja/DIN-CREDITO-PISOS-ENIF2021-spec-v1_0.md	6119f4dec4cbaf297636aec83a11d76fa6bb06f31854edfd1e38f4ba672f2ae9
RESULT-DIN-CREDITO-PISOS-ENIF2021-K4A-AUTOEXCLUSION-ESCOLARIDAD-SECUNDARIA-P	K4A-AUTOEXCLUSION::escolaridad::secundaria	K4A-AUTOEXCLUSION	ENIF	2021	julio 2020 a levantamiento 2021	ENIF	2024	junio 2023 a levantamiento 2024	P · PERSONA ELEGIDA 18+	escolaridad	secundaria	CONSTRUIBLE		PENDIENTE:piloto-credito-2024 (K4)	forense/prereg-caja/DIN-CREDITO-PISOS-ENIF2021-spec-v1_0.md	6119f4dec4cbaf297636aec83a11d76fa6bb06f31854edfd1e38f4ba672f2ae9
RESULT-DIN-CREDITO-PISOS-ENIF2021-K4A-AUTOEXCLUSION-ESCOLARIDAD-MEDIA-SUPERIOR-P	K4A-AUTOEXCLUSION::escolaridad::media_superior	K4A-AUTOEXCLUSION	ENIF	2021	julio 2020 a levantamiento 2021	ENIF	2024	junio 2023 a levantamiento 2024	P · PERSONA ELEGIDA 18+	escolaridad	media_superior	CONSTRUIBLE		PENDIENTE:piloto-credito-2024 (K4)	forense/prereg-caja/DIN-CREDITO-PISOS-ENIF2021-spec-v1_0.md	6119f4dec4cbaf297636aec83a11d76fa6bb06f31854edfd1e38f4ba672f2ae9
RESULT-DIN-CREDITO-PISOS-ENIF2021-K4A-AUTOEXCLUSION-ESCOLARIDAD-SUPERIOR-P	K4A-AUTOEXCLUSION::escolaridad::superior	K4A-AUTOEXCLUSION	ENIF	2021	julio 2020 a levantamiento 2021	ENIF	2024	junio 2023 a levantamiento 2024	P · PERSONA ELEGIDA 18+	escolaridad	superior	CONSTRUIBLE		PENDIENTE:piloto-credito-2024 (K4)	forense/prereg-caja/DIN-CREDITO-PISOS-ENIF2021-spec-v1_0.md	6119f4dec4cbaf297636aec83a11d76fa6bb06f31854edfd1e38f4ba672f2ae9
RESULT-DIN-CREDITO-PISOS-ENIF2021-K4A-AUTOEXCLUSION-LOCALIDAD-MENOR-DE-15-000-P	K4A-AUTOEXCLUSION::localidad::menor de 15 000	K4A-AUTOEXCLUSION	ENIF	2021	julio 2020 a levantamiento 2021	ENIF	2024	junio 2023 a levantamiento 2024	P · PERSONA ELEGIDA 18+	localidad	menor de 15 000	CONSTRUIBLE		PENDIENTE:piloto-credito-2024 (K4)	forense/prereg-caja/DIN-CREDITO-PISOS-ENIF2021-spec-v1_0.md	6119f4dec4cbaf297636aec83a11d76fa6bb06f31854edfd1e38f4ba672f2ae9
RESULT-DIN-CREDITO-PISOS-ENIF2021-K4A-AUTOEXCLUSION-LOCALIDAD-15-000-Y-MAS-P	K4A-AUTOEXCLUSION::localidad::15 000 y mas	K4A-AUTOEXCLUSION	ENIF	2021	julio 2020 a levantamiento 2021	ENIF	2024	junio 2023 a levantamiento 2024	P · PERSONA ELEGIDA 18+	localidad	15 000 y mas	CONSTRUIBLE		PENDIENTE:piloto-credito-2024 (K4)	forense/prereg-caja/DIN-CREDITO-PISOS-ENIF2021-spec-v1_0.md	6119f4dec4cbaf297636aec83a11d76fa6bb06f31854edfd1e38f4ba672f2ae9
RESULT-DIN-CREDITO-PISOS-ENIF2021-K4A-AUTOEXCLUSION-CUENTA-SIN-CUENTA-P	K4A-AUTOEXCLUSION::cuenta::sin cuenta	K4A-AUTOEXCLUSION	ENIF	2021	julio 2020 a levantamiento 2021	ENIF	2024	junio 2023 a levantamiento 2024	P · PERSONA ELEGIDA 18+	cuenta	sin cuenta	CONSTRUIBLE		PENDIENTE:piloto-credito-2024 (K4)	forense/prereg-caja/DIN-CREDITO-PISOS-ENIF2021-spec-v1_0.md	6119f4dec4cbaf297636aec83a11d76fa6bb06f31854edfd1e38f4ba672f2ae9
RESULT-DIN-CREDITO-PISOS-ENIF2021-K4A-AUTOEXCLUSION-CUENTA-CON-CUENTA-P	K4A-AUTOEXCLUSION::cuenta::con cuenta	K4A-AUTOEXCLUSION	ENIF	2021	julio 2020 a levantamiento 2021	ENIF	2024	junio 2023 a levantamiento 2024	P · PERSONA ELEGIDA 18+	cuenta	con cuenta	CONSTRUIBLE		PENDIENTE:piloto-credito-2024 (K4)	forense/prereg-caja/DIN-CREDITO-PISOS-ENIF2021-spec-v1_0.md	6119f4dec4cbaf297636aec83a11d76fa6bb06f31854edfd1e38f4ba672f2ae9
RESULT-DIN-CREDITO-PISOS-ENIF2021-K4A-AUTOEXCLUSION-FORMALIDAD-SIN-SEGURIDAD-SOCIAL-P	K4A-AUTOEXCLUSION::formalidad::sin seguridad social	K4A-AUTOEXCLUSION	ENIF	2021	julio 2020 a levantamiento 2021	ENIF	2024	junio 2023 a levantamiento 2024	P · PERSONA ELEGIDA 18+	formalidad	sin seguridad social	CONSTRUIBLE		PENDIENTE:piloto-credito-2024 (K4)	forense/prereg-caja/DIN-CREDITO-PISOS-ENIF2021-spec-v1_0.md	6119f4dec4cbaf297636aec83a11d76fa6bb06f31854edfd1e38f4ba672f2ae9
RESULT-DIN-CREDITO-PISOS-ENIF2021-K4A-AUTOEXCLUSION-FORMALIDAD-CON-SEGURIDAD-SOCIAL-P	K4A-AUTOEXCLUSION::formalidad::con seguridad social	K4A-AUTOEXCLUSION	ENIF	2021	julio 2020 a levantamiento 2021	ENIF	2024	junio 2023 a levantamiento 2024	P · PERSONA ELEGIDA 18+	formalidad	con seguridad social	CONSTRUIBLE		PENDIENTE:piloto-credito-2024 (K4)	forense/prereg-caja/DIN-CREDITO-PISOS-ENIF2021-spec-v1_0.md	6119f4dec4cbaf297636aec83a11d76fa6bb06f31854edfd1e38f4ba672f2ae9
RESULT-DIN-CREDITO-PISOS-ENIF2021-K4B-OFERTA-SEXO-1-P	K4B-OFERTA::sexo::1	K4B-OFERTA	ENIF	2021	julio 2020 a levantamiento 2021	ENIF	2024	junio 2023 a levantamiento 2024	P · PERSONA ELEGIDA 18+	sexo	1	CONSTRUIBLE		PENDIENTE:piloto-credito-2024 (K4)	forense/prereg-caja/DIN-CREDITO-PISOS-ENIF2021-spec-v1_0.md	6119f4dec4cbaf297636aec83a11d76fa6bb06f31854edfd1e38f4ba672f2ae9
RESULT-DIN-CREDITO-PISOS-ENIF2021-K4B-OFERTA-SEXO-2-P	K4B-OFERTA::sexo::2	K4B-OFERTA	ENIF	2021	julio 2020 a levantamiento 2021	ENIF	2024	junio 2023 a levantamiento 2024	P · PERSONA ELEGIDA 18+	sexo	2	CONSTRUIBLE		PENDIENTE:piloto-credito-2024 (K4)	forense/prereg-caja/DIN-CREDITO-PISOS-ENIF2021-spec-v1_0.md	6119f4dec4cbaf297636aec83a11d76fa6bb06f31854edfd1e38f4ba672f2ae9
RESULT-DIN-CREDITO-PISOS-ENIF2021-K4B-OFERTA-EDAD-18-29-P	K4B-OFERTA::edad::18-29	K4B-OFERTA	ENIF	2021	julio 2020 a levantamiento 2021	ENIF	2024	junio 2023 a levantamiento 2024	P · PERSONA ELEGIDA 18+	edad	18-29	CONSTRUIBLE		PENDIENTE:piloto-credito-2024 (K4)	forense/prereg-caja/DIN-CREDITO-PISOS-ENIF2021-spec-v1_0.md	6119f4dec4cbaf297636aec83a11d76fa6bb06f31854edfd1e38f4ba672f2ae9
RESULT-DIN-CREDITO-PISOS-ENIF2021-K4B-OFERTA-EDAD-30-44-P	K4B-OFERTA::edad::30-44	K4B-OFERTA	ENIF	2021	julio 2020 a levantamiento 2021	ENIF	2024	junio 2023 a levantamiento 2024	P · PERSONA ELEGIDA 18+	edad	30-44	CONSTRUIBLE		PENDIENTE:piloto-credito-2024 (K4)	forense/prereg-caja/DIN-CREDITO-PISOS-ENIF2021-spec-v1_0.md	6119f4dec4cbaf297636aec83a11d76fa6bb06f31854edfd1e38f4ba672f2ae9
RESULT-DIN-CREDITO-PISOS-ENIF2021-K4B-OFERTA-EDAD-45-59-P	K4B-OFERTA::edad::45-59	K4B-OFERTA	ENIF	2021	julio 2020 a levantamiento 2021	ENIF	2024	junio 2023 a levantamiento 2024	P · PERSONA ELEGIDA 18+	edad	45-59	CONSTRUIBLE		PENDIENTE:piloto-credito-2024 (K4)	forense/prereg-caja/DIN-CREDITO-PISOS-ENIF2021-spec-v1_0.md	6119f4dec4cbaf297636aec83a11d76fa6bb06f31854edfd1e38f4ba672f2ae9
RESULT-DIN-CREDITO-PISOS-ENIF2021-K4B-OFERTA-EDAD-60-MAS-P	K4B-OFERTA::edad::60+	K4B-OFERTA	ENIF	2021	julio 2020 a levantamiento 2021	ENIF	2024	junio 2023 a levantamiento 2024	P · PERSONA ELEGIDA 18+	edad	60+	CONSTRUIBLE		PENDIENTE:piloto-credito-2024 (K4)	forense/prereg-caja/DIN-CREDITO-PISOS-ENIF2021-spec-v1_0.md	6119f4dec4cbaf297636aec83a11d76fa6bb06f31854edfd1e38f4ba672f2ae9
RESULT-DIN-CREDITO-PISOS-ENIF2021-K4B-OFERTA-ESCOLARIDAD-HASTA-PRIMARIA-P	K4B-OFERTA::escolaridad::hasta_primaria	K4B-OFERTA	ENIF	2021	julio 2020 a levantamiento 2021	ENIF	2024	junio 2023 a levantamiento 2024	P · PERSONA ELEGIDA 18+	escolaridad	hasta_primaria	CONSTRUIBLE		PENDIENTE:piloto-credito-2024 (K4)	forense/prereg-caja/DIN-CREDITO-PISOS-ENIF2021-spec-v1_0.md	6119f4dec4cbaf297636aec83a11d76fa6bb06f31854edfd1e38f4ba672f2ae9
RESULT-DIN-CREDITO-PISOS-ENIF2021-K4B-OFERTA-ESCOLARIDAD-SECUNDARIA-P	K4B-OFERTA::escolaridad::secundaria	K4B-OFERTA	ENIF	2021	julio 2020 a levantamiento 2021	ENIF	2024	junio 2023 a levantamiento 2024	P · PERSONA ELEGIDA 18+	escolaridad	secundaria	CONSTRUIBLE		PENDIENTE:piloto-credito-2024 (K4)	forense/prereg-caja/DIN-CREDITO-PISOS-ENIF2021-spec-v1_0.md	6119f4dec4cbaf297636aec83a11d76fa6bb06f31854edfd1e38f4ba672f2ae9
RESULT-DIN-CREDITO-PISOS-ENIF2021-K4B-OFERTA-ESCOLARIDAD-MEDIA-SUPERIOR-P	K4B-OFERTA::escolaridad::media_superior	K4B-OFERTA	ENIF	2021	julio 2020 a levantamiento 2021	ENIF	2024	junio 2023 a levantamiento 2024	P · PERSONA ELEGIDA 18+	escolaridad	media_superior	CONSTRUIBLE		PENDIENTE:piloto-credito-2024 (K4)	forense/prereg-caja/DIN-CREDITO-PISOS-ENIF2021-spec-v1_0.md	6119f4dec4cbaf297636aec83a11d76fa6bb06f31854edfd1e38f4ba672f2ae9
RESULT-DIN-CREDITO-PISOS-ENIF2021-K4B-OFERTA-ESCOLARIDAD-SUPERIOR-P	K4B-OFERTA::escolaridad::superior	K4B-OFERTA	ENIF	2021	julio 2020 a levantamiento 2021	ENIF	2024	junio 2023 a levantamiento 2024	P · PERSONA ELEGIDA 18+	escolaridad	superior	CONSTRUIBLE		PENDIENTE:piloto-credito-2024 (K4)	forense/prereg-caja/DIN-CREDITO-PISOS-ENIF2021-spec-v1_0.md	6119f4dec4cbaf297636aec83a11d76fa6bb06f31854edfd1e38f4ba672f2ae9
RESULT-DIN-CREDITO-PISOS-ENIF2021-K4B-OFERTA-LOCALIDAD-MENOR-DE-15-000-P	K4B-OFERTA::localidad::menor de 15 000	K4B-OFERTA	ENIF	2021	julio 2020 a levantamiento 2021	ENIF	2024	junio 2023 a levantamiento 2024	P · PERSONA ELEGIDA 18+	localidad	menor de 15 000	CONSTRUIBLE		PENDIENTE:piloto-credito-2024 (K4)	forense/prereg-caja/DIN-CREDITO-PISOS-ENIF2021-spec-v1_0.md	6119f4dec4cbaf297636aec83a11d76fa6bb06f31854edfd1e38f4ba672f2ae9
RESULT-DIN-CREDITO-PISOS-ENIF2021-K4B-OFERTA-LOCALIDAD-15-000-Y-MAS-P	K4B-OFERTA::localidad::15 000 y mas	K4B-OFERTA	ENIF	2021	julio 2020 a levantamiento 2021	ENIF	2024	junio 2023 a levantamiento 2024	P · PERSONA ELEGIDA 18+	localidad	15 000 y mas	CONSTRUIBLE		PENDIENTE:piloto-credito-2024 (K4)	forense/prereg-caja/DIN-CREDITO-PISOS-ENIF2021-spec-v1_0.md	6119f4dec4cbaf297636aec83a11d76fa6bb06f31854edfd1e38f4ba672f2ae9
RESULT-DIN-CREDITO-PISOS-ENIF2021-K4B-OFERTA-CUENTA-SIN-CUENTA-P	K4B-OFERTA::cuenta::sin cuenta	K4B-OFERTA	ENIF	2021	julio 2020 a levantamiento 2021	ENIF	2024	junio 2023 a levantamiento 2024	P · PERSONA ELEGIDA 18+	cuenta	sin cuenta	CONSTRUIBLE		PENDIENTE:piloto-credito-2024 (K4)	forense/prereg-caja/DIN-CREDITO-PISOS-ENIF2021-spec-v1_0.md	6119f4dec4cbaf297636aec83a11d76fa6bb06f31854edfd1e38f4ba672f2ae9
RESULT-DIN-CREDITO-PISOS-ENIF2021-K4B-OFERTA-CUENTA-CON-CUENTA-P	K4B-OFERTA::cuenta::con cuenta	K4B-OFERTA	ENIF	2021	julio 2020 a levantamiento 2021	ENIF	2024	junio 2023 a levantamiento 2024	P · PERSONA ELEGIDA 18+	cuenta	con cuenta	CONSTRUIBLE		PENDIENTE:piloto-credito-2024 (K4)	forense/prereg-caja/DIN-CREDITO-PISOS-ENIF2021-spec-v1_0.md	6119f4dec4cbaf297636aec83a11d76fa6bb06f31854edfd1e38f4ba672f2ae9
RESULT-DIN-CREDITO-PISOS-ENIF2021-K4B-OFERTA-FORMALIDAD-SIN-SEGURIDAD-SOCIAL-P	K4B-OFERTA::formalidad::sin seguridad social	K4B-OFERTA	ENIF	2021	julio 2020 a levantamiento 2021	ENIF	2024	junio 2023 a levantamiento 2024	P · PERSONA ELEGIDA 18+	formalidad	sin seguridad social	CONSTRUIBLE		PENDIENTE:piloto-credito-2024 (K4)	forense/prereg-caja/DIN-CREDITO-PISOS-ENIF2021-spec-v1_0.md	6119f4dec4cbaf297636aec83a11d76fa6bb06f31854edfd1e38f4ba672f2ae9
RESULT-DIN-CREDITO-PISOS-ENIF2021-K4B-OFERTA-FORMALIDAD-CON-SEGURIDAD-SOCIAL-P	K4B-OFERTA::formalidad::con seguridad social	K4B-OFERTA	ENIF	2021	julio 2020 a levantamiento 2021	ENIF	2024	junio 2023 a levantamiento 2024	P · PERSONA ELEGIDA 18+	formalidad	con seguridad social	CONSTRUIBLE		PENDIENTE:piloto-credito-2024 (K4)	forense/prereg-caja/DIN-CREDITO-PISOS-ENIF2021-spec-v1_0.md	6119f4dec4cbaf297636aec83a11d76fa6bb06f31854edfd1e38f4ba672f2ae9
RESULT-DIN-CREDITO-PISOS-ENIF2021-K4B1-REQUISITOS-SEXO-1-P	K4B1-REQUISITOS::sexo::1	K4B1-REQUISITOS	ENIF	2021	julio 2020 a levantamiento 2021	ENIF	2024	junio 2023 a levantamiento 2024	P · PERSONA ELEGIDA 18+	sexo	1	CONSTRUIBLE		PENDIENTE:piloto-credito-2024 (K4)	forense/prereg-caja/DIN-CREDITO-PISOS-ENIF2021-spec-v1_0.md	6119f4dec4cbaf297636aec83a11d76fa6bb06f31854edfd1e38f4ba672f2ae9
RESULT-DIN-CREDITO-PISOS-ENIF2021-K4B1-REQUISITOS-SEXO-2-P	K4B1-REQUISITOS::sexo::2	K4B1-REQUISITOS	ENIF	2021	julio 2020 a levantamiento 2021	ENIF	2024	junio 2023 a levantamiento 2024	P · PERSONA ELEGIDA 18+	sexo	2	CONSTRUIBLE		PENDIENTE:piloto-credito-2024 (K4)	forense/prereg-caja/DIN-CREDITO-PISOS-ENIF2021-spec-v1_0.md	6119f4dec4cbaf297636aec83a11d76fa6bb06f31854edfd1e38f4ba672f2ae9
RESULT-DIN-CREDITO-PISOS-ENIF2021-K4B1-REQUISITOS-EDAD-18-29-P	K4B1-REQUISITOS::edad::18-29	K4B1-REQUISITOS	ENIF	2021	julio 2020 a levantamiento 2021	ENIF	2024	junio 2023 a levantamiento 2024	P · PERSONA ELEGIDA 18+	edad	18-29	CONSTRUIBLE		PENDIENTE:piloto-credito-2024 (K4)	forense/prereg-caja/DIN-CREDITO-PISOS-ENIF2021-spec-v1_0.md	6119f4dec4cbaf297636aec83a11d76fa6bb06f31854edfd1e38f4ba672f2ae9
RESULT-DIN-CREDITO-PISOS-ENIF2021-K4B1-REQUISITOS-EDAD-30-44-P	K4B1-REQUISITOS::edad::30-44	K4B1-REQUISITOS	ENIF	2021	julio 2020 a levantamiento 2021	ENIF	2024	junio 2023 a levantamiento 2024	P · PERSONA ELEGIDA 18+	edad	30-44	CONSTRUIBLE		PENDIENTE:piloto-credito-2024 (K4)	forense/prereg-caja/DIN-CREDITO-PISOS-ENIF2021-spec-v1_0.md	6119f4dec4cbaf297636aec83a11d76fa6bb06f31854edfd1e38f4ba672f2ae9
RESULT-DIN-CREDITO-PISOS-ENIF2021-K4B1-REQUISITOS-EDAD-45-59-P	K4B1-REQUISITOS::edad::45-59	K4B1-REQUISITOS	ENIF	2021	julio 2020 a levantamiento 2021	ENIF	2024	junio 2023 a levantamiento 2024	P · PERSONA ELEGIDA 18+	edad	45-59	CONSTRUIBLE		PENDIENTE:piloto-credito-2024 (K4)	forense/prereg-caja/DIN-CREDITO-PISOS-ENIF2021-spec-v1_0.md	6119f4dec4cbaf297636aec83a11d76fa6bb06f31854edfd1e38f4ba672f2ae9
RESULT-DIN-CREDITO-PISOS-ENIF2021-K4B1-REQUISITOS-EDAD-60-MAS-P	K4B1-REQUISITOS::edad::60+	K4B1-REQUISITOS	ENIF	2021	julio 2020 a levantamiento 2021	ENIF	2024	junio 2023 a levantamiento 2024	P · PERSONA ELEGIDA 18+	edad	60+	CONSTRUIBLE		PENDIENTE:piloto-credito-2024 (K4)	forense/prereg-caja/DIN-CREDITO-PISOS-ENIF2021-spec-v1_0.md	6119f4dec4cbaf297636aec83a11d76fa6bb06f31854edfd1e38f4ba672f2ae9
RESULT-DIN-CREDITO-PISOS-ENIF2021-K4B1-REQUISITOS-ESCOLARIDAD-HASTA-PRIMARIA-P	K4B1-REQUISITOS::escolaridad::hasta_primaria	K4B1-REQUISITOS	ENIF	2021	julio 2020 a levantamiento 2021	ENIF	2024	junio 2023 a levantamiento 2024	P · PERSONA ELEGIDA 18+	escolaridad	hasta_primaria	CONSTRUIBLE		PENDIENTE:piloto-credito-2024 (K4)	forense/prereg-caja/DIN-CREDITO-PISOS-ENIF2021-spec-v1_0.md	6119f4dec4cbaf297636aec83a11d76fa6bb06f31854edfd1e38f4ba672f2ae9
RESULT-DIN-CREDITO-PISOS-ENIF2021-K4B1-REQUISITOS-ESCOLARIDAD-SECUNDARIA-P	K4B1-REQUISITOS::escolaridad::secundaria	K4B1-REQUISITOS	ENIF	2021	julio 2020 a levantamiento 2021	ENIF	2024	junio 2023 a levantamiento 2024	P · PERSONA ELEGIDA 18+	escolaridad	secundaria	CONSTRUIBLE		PENDIENTE:piloto-credito-2024 (K4)	forense/prereg-caja/DIN-CREDITO-PISOS-ENIF2021-spec-v1_0.md	6119f4dec4cbaf297636aec83a11d76fa6bb06f31854edfd1e38f4ba672f2ae9
RESULT-DIN-CREDITO-PISOS-ENIF2021-K4B1-REQUISITOS-ESCOLARIDAD-MEDIA-SUPERIOR-P	K4B1-REQUISITOS::escolaridad::media_superior	K4B1-REQUISITOS	ENIF	2021	julio 2020 a levantamiento 2021	ENIF	2024	junio 2023 a levantamiento 2024	P · PERSONA ELEGIDA 18+	escolaridad	media_superior	CONSTRUIBLE		PENDIENTE:piloto-credito-2024 (K4)	forense/prereg-caja/DIN-CREDITO-PISOS-ENIF2021-spec-v1_0.md	6119f4dec4cbaf297636aec83a11d76fa6bb06f31854edfd1e38f4ba672f2ae9
RESULT-DIN-CREDITO-PISOS-ENIF2021-K4B1-REQUISITOS-ESCOLARIDAD-SUPERIOR-P	K4B1-REQUISITOS::escolaridad::superior	K4B1-REQUISITOS	ENIF	2021	julio 2020 a levantamiento 2021	ENIF	2024	junio 2023 a levantamiento 2024	P · PERSONA ELEGIDA 18+	escolaridad	superior	CONSTRUIBLE		PENDIENTE:piloto-credito-2024 (K4)	forense/prereg-caja/DIN-CREDITO-PISOS-ENIF2021-spec-v1_0.md	6119f4dec4cbaf297636aec83a11d76fa6bb06f31854edfd1e38f4ba672f2ae9
RESULT-DIN-CREDITO-PISOS-ENIF2021-K4B1-REQUISITOS-LOCALIDAD-MENOR-DE-15-000-P	K4B1-REQUISITOS::localidad::menor de 15 000	K4B1-REQUISITOS	ENIF	2021	julio 2020 a levantamiento 2021	ENIF	2024	junio 2023 a levantamiento 2024	P · PERSONA ELEGIDA 18+	localidad	menor de 15 000	CONSTRUIBLE		PENDIENTE:piloto-credito-2024 (K4)	forense/prereg-caja/DIN-CREDITO-PISOS-ENIF2021-spec-v1_0.md	6119f4dec4cbaf297636aec83a11d76fa6bb06f31854edfd1e38f4ba672f2ae9
RESULT-DIN-CREDITO-PISOS-ENIF2021-K4B1-REQUISITOS-LOCALIDAD-15-000-Y-MAS-P	K4B1-REQUISITOS::localidad::15 000 y mas	K4B1-REQUISITOS	ENIF	2021	julio 2020 a levantamiento 2021	ENIF	2024	junio 2023 a levantamiento 2024	P · PERSONA ELEGIDA 18+	localidad	15 000 y mas	CONSTRUIBLE		PENDIENTE:piloto-credito-2024 (K4)	forense/prereg-caja/DIN-CREDITO-PISOS-ENIF2021-spec-v1_0.md	6119f4dec4cbaf297636aec83a11d76fa6bb06f31854edfd1e38f4ba672f2ae9
RESULT-DIN-CREDITO-PISOS-ENIF2021-K4B1-REQUISITOS-CUENTA-SIN-CUENTA-P	K4B1-REQUISITOS::cuenta::sin cuenta	K4B1-REQUISITOS	ENIF	2021	julio 2020 a levantamiento 2021	ENIF	2024	junio 2023 a levantamiento 2024	P · PERSONA ELEGIDA 18+	cuenta	sin cuenta	CONSTRUIBLE		PENDIENTE:piloto-credito-2024 (K4)	forense/prereg-caja/DIN-CREDITO-PISOS-ENIF2021-spec-v1_0.md	6119f4dec4cbaf297636aec83a11d76fa6bb06f31854edfd1e38f4ba672f2ae9
RESULT-DIN-CREDITO-PISOS-ENIF2021-K4B1-REQUISITOS-CUENTA-CON-CUENTA-P	K4B1-REQUISITOS::cuenta::con cuenta	K4B1-REQUISITOS	ENIF	2021	julio 2020 a levantamiento 2021	ENIF	2024	junio 2023 a levantamiento 2024	P · PERSONA ELEGIDA 18+	cuenta	con cuenta	CONSTRUIBLE		PENDIENTE:piloto-credito-2024 (K4)	forense/prereg-caja/DIN-CREDITO-PISOS-ENIF2021-spec-v1_0.md	6119f4dec4cbaf297636aec83a11d76fa6bb06f31854edfd1e38f4ba672f2ae9
RESULT-DIN-CREDITO-PISOS-ENIF2021-K4B1-REQUISITOS-FORMALIDAD-SIN-SEGURIDAD-SOCIAL-P	K4B1-REQUISITOS::formalidad::sin seguridad social	K4B1-REQUISITOS	ENIF	2021	julio 2020 a levantamiento 2021	ENIF	2024	junio 2023 a levantamiento 2024	P · PERSONA ELEGIDA 18+	formalidad	sin seguridad social	CONSTRUIBLE		PENDIENTE:piloto-credito-2024 (K4)	forense/prereg-caja/DIN-CREDITO-PISOS-ENIF2021-spec-v1_0.md	6119f4dec4cbaf297636aec83a11d76fa6bb06f31854edfd1e38f4ba672f2ae9
RESULT-DIN-CREDITO-PISOS-ENIF2021-K4B1-REQUISITOS-FORMALIDAD-CON-SEGURIDAD-SOCIAL-P	K4B1-REQUISITOS::formalidad::con seguridad social	K4B1-REQUISITOS	ENIF	2021	julio 2020 a levantamiento 2021	ENIF	2024	junio 2023 a levantamiento 2024	P · PERSONA ELEGIDA 18+	formalidad	con seguridad social	CONSTRUIBLE		PENDIENTE:piloto-credito-2024 (K4)	forense/prereg-caja/DIN-CREDITO-PISOS-ENIF2021-spec-v1_0.md	6119f4dec4cbaf297636aec83a11d76fa6bb06f31854edfd1e38f4ba672f2ae9
RESULT-DIN-CREDITO-PISOS-ENIF2021-K4B2-ACCESO-SEXO-1-P	K4B2-ACCESO::sexo::1	K4B2-ACCESO	ENIF	2021	julio 2020 a levantamiento 2021	ENIF	2024	junio 2023 a levantamiento 2024	P · PERSONA ELEGIDA 18+	sexo	1	CONSTRUIBLE		PENDIENTE:piloto-credito-2024 (K4)	forense/prereg-caja/DIN-CREDITO-PISOS-ENIF2021-spec-v1_0.md	6119f4dec4cbaf297636aec83a11d76fa6bb06f31854edfd1e38f4ba672f2ae9
RESULT-DIN-CREDITO-PISOS-ENIF2021-K4B2-ACCESO-SEXO-2-P	K4B2-ACCESO::sexo::2	K4B2-ACCESO	ENIF	2021	julio 2020 a levantamiento 2021	ENIF	2024	junio 2023 a levantamiento 2024	P · PERSONA ELEGIDA 18+	sexo	2	CONSTRUIBLE		PENDIENTE:piloto-credito-2024 (K4)	forense/prereg-caja/DIN-CREDITO-PISOS-ENIF2021-spec-v1_0.md	6119f4dec4cbaf297636aec83a11d76fa6bb06f31854edfd1e38f4ba672f2ae9
RESULT-DIN-CREDITO-PISOS-ENIF2021-K4B2-ACCESO-EDAD-18-29-P	K4B2-ACCESO::edad::18-29	K4B2-ACCESO	ENIF	2021	julio 2020 a levantamiento 2021	ENIF	2024	junio 2023 a levantamiento 2024	P · PERSONA ELEGIDA 18+	edad	18-29	CONSTRUIBLE		PENDIENTE:piloto-credito-2024 (K4)	forense/prereg-caja/DIN-CREDITO-PISOS-ENIF2021-spec-v1_0.md	6119f4dec4cbaf297636aec83a11d76fa6bb06f31854edfd1e38f4ba672f2ae9
RESULT-DIN-CREDITO-PISOS-ENIF2021-K4B2-ACCESO-EDAD-30-44-P	K4B2-ACCESO::edad::30-44	K4B2-ACCESO	ENIF	2021	julio 2020 a levantamiento 2021	ENIF	2024	junio 2023 a levantamiento 2024	P · PERSONA ELEGIDA 18+	edad	30-44	CONSTRUIBLE		PENDIENTE:piloto-credito-2024 (K4)	forense/prereg-caja/DIN-CREDITO-PISOS-ENIF2021-spec-v1_0.md	6119f4dec4cbaf297636aec83a11d76fa6bb06f31854edfd1e38f4ba672f2ae9
RESULT-DIN-CREDITO-PISOS-ENIF2021-K4B2-ACCESO-EDAD-45-59-P	K4B2-ACCESO::edad::45-59	K4B2-ACCESO	ENIF	2021	julio 2020 a levantamiento 2021	ENIF	2024	junio 2023 a levantamiento 2024	P · PERSONA ELEGIDA 18+	edad	45-59	CONSTRUIBLE		PENDIENTE:piloto-credito-2024 (K4)	forense/prereg-caja/DIN-CREDITO-PISOS-ENIF2021-spec-v1_0.md	6119f4dec4cbaf297636aec83a11d76fa6bb06f31854edfd1e38f4ba672f2ae9
RESULT-DIN-CREDITO-PISOS-ENIF2021-K4B2-ACCESO-EDAD-60-MAS-P	K4B2-ACCESO::edad::60+	K4B2-ACCESO	ENIF	2021	julio 2020 a levantamiento 2021	ENIF	2024	junio 2023 a levantamiento 2024	P · PERSONA ELEGIDA 18+	edad	60+	CONSTRUIBLE		PENDIENTE:piloto-credito-2024 (K4)	forense/prereg-caja/DIN-CREDITO-PISOS-ENIF2021-spec-v1_0.md	6119f4dec4cbaf297636aec83a11d76fa6bb06f31854edfd1e38f4ba672f2ae9
RESULT-DIN-CREDITO-PISOS-ENIF2021-K4B2-ACCESO-ESCOLARIDAD-HASTA-PRIMARIA-P	K4B2-ACCESO::escolaridad::hasta_primaria	K4B2-ACCESO	ENIF	2021	julio 2020 a levantamiento 2021	ENIF	2024	junio 2023 a levantamiento 2024	P · PERSONA ELEGIDA 18+	escolaridad	hasta_primaria	CONSTRUIBLE		PENDIENTE:piloto-credito-2024 (K4)	forense/prereg-caja/DIN-CREDITO-PISOS-ENIF2021-spec-v1_0.md	6119f4dec4cbaf297636aec83a11d76fa6bb06f31854edfd1e38f4ba672f2ae9
RESULT-DIN-CREDITO-PISOS-ENIF2021-K4B2-ACCESO-ESCOLARIDAD-SECUNDARIA-P	K4B2-ACCESO::escolaridad::secundaria	K4B2-ACCESO	ENIF	2021	julio 2020 a levantamiento 2021	ENIF	2024	junio 2023 a levantamiento 2024	P · PERSONA ELEGIDA 18+	escolaridad	secundaria	CONSTRUIBLE		PENDIENTE:piloto-credito-2024 (K4)	forense/prereg-caja/DIN-CREDITO-PISOS-ENIF2021-spec-v1_0.md	6119f4dec4cbaf297636aec83a11d76fa6bb06f31854edfd1e38f4ba672f2ae9
RESULT-DIN-CREDITO-PISOS-ENIF2021-K4B2-ACCESO-ESCOLARIDAD-MEDIA-SUPERIOR-P	K4B2-ACCESO::escolaridad::media_superior	K4B2-ACCESO	ENIF	2021	julio 2020 a levantamiento 2021	ENIF	2024	junio 2023 a levantamiento 2024	P · PERSONA ELEGIDA 18+	escolaridad	media_superior	CONSTRUIBLE		PENDIENTE:piloto-credito-2024 (K4)	forense/prereg-caja/DIN-CREDITO-PISOS-ENIF2021-spec-v1_0.md	6119f4dec4cbaf297636aec83a11d76fa6bb06f31854edfd1e38f4ba672f2ae9
RESULT-DIN-CREDITO-PISOS-ENIF2021-K4B2-ACCESO-ESCOLARIDAD-SUPERIOR-P	K4B2-ACCESO::escolaridad::superior	K4B2-ACCESO	ENIF	2021	julio 2020 a levantamiento 2021	ENIF	2024	junio 2023 a levantamiento 2024	P · PERSONA ELEGIDA 18+	escolaridad	superior	CONSTRUIBLE		PENDIENTE:piloto-credito-2024 (K4)	forense/prereg-caja/DIN-CREDITO-PISOS-ENIF2021-spec-v1_0.md	6119f4dec4cbaf297636aec83a11d76fa6bb06f31854edfd1e38f4ba672f2ae9
RESULT-DIN-CREDITO-PISOS-ENIF2021-K4B2-ACCESO-LOCALIDAD-MENOR-DE-15-000-P	K4B2-ACCESO::localidad::menor de 15 000	K4B2-ACCESO	ENIF	2021	julio 2020 a levantamiento 2021	ENIF	2024	junio 2023 a levantamiento 2024	P · PERSONA ELEGIDA 18+	localidad	menor de 15 000	CONSTRUIBLE		PENDIENTE:piloto-credito-2024 (K4)	forense/prereg-caja/DIN-CREDITO-PISOS-ENIF2021-spec-v1_0.md	6119f4dec4cbaf297636aec83a11d76fa6bb06f31854edfd1e38f4ba672f2ae9
RESULT-DIN-CREDITO-PISOS-ENIF2021-K4B2-ACCESO-LOCALIDAD-15-000-Y-MAS-P	K4B2-ACCESO::localidad::15 000 y mas	K4B2-ACCESO	ENIF	2021	julio 2020 a levantamiento 2021	ENIF	2024	junio 2023 a levantamiento 2024	P · PERSONA ELEGIDA 18+	localidad	15 000 y mas	CONSTRUIBLE		PENDIENTE:piloto-credito-2024 (K4)	forense/prereg-caja/DIN-CREDITO-PISOS-ENIF2021-spec-v1_0.md	6119f4dec4cbaf297636aec83a11d76fa6bb06f31854edfd1e38f4ba672f2ae9
RESULT-DIN-CREDITO-PISOS-ENIF2021-K4B2-ACCESO-CUENTA-SIN-CUENTA-P	K4B2-ACCESO::cuenta::sin cuenta	K4B2-ACCESO	ENIF	2021	julio 2020 a levantamiento 2021	ENIF	2024	junio 2023 a levantamiento 2024	P · PERSONA ELEGIDA 18+	cuenta	sin cuenta	CONSTRUIBLE		PENDIENTE:piloto-credito-2024 (K4)	forense/prereg-caja/DIN-CREDITO-PISOS-ENIF2021-spec-v1_0.md	6119f4dec4cbaf297636aec83a11d76fa6bb06f31854edfd1e38f4ba672f2ae9
RESULT-DIN-CREDITO-PISOS-ENIF2021-K4B2-ACCESO-CUENTA-CON-CUENTA-P	K4B2-ACCESO::cuenta::con cuenta	K4B2-ACCESO	ENIF	2021	julio 2020 a levantamiento 2021	ENIF	2024	junio 2023 a levantamiento 2024	P · PERSONA ELEGIDA 18+	cuenta	con cuenta	CONSTRUIBLE		PENDIENTE:piloto-credito-2024 (K4)	forense/prereg-caja/DIN-CREDITO-PISOS-ENIF2021-spec-v1_0.md	6119f4dec4cbaf297636aec83a11d76fa6bb06f31854edfd1e38f4ba672f2ae9
RESULT-DIN-CREDITO-PISOS-ENIF2021-K4B2-ACCESO-FORMALIDAD-SIN-SEGURIDAD-SOCIAL-P	K4B2-ACCESO::formalidad::sin seguridad social	K4B2-ACCESO	ENIF	2021	julio 2020 a levantamiento 2021	ENIF	2024	junio 2023 a levantamiento 2024	P · PERSONA ELEGIDA 18+	formalidad	sin seguridad social	CONSTRUIBLE		PENDIENTE:piloto-credito-2024 (K4)	forense/prereg-caja/DIN-CREDITO-PISOS-ENIF2021-spec-v1_0.md	6119f4dec4cbaf297636aec83a11d76fa6bb06f31854edfd1e38f4ba672f2ae9
RESULT-DIN-CREDITO-PISOS-ENIF2021-K4B2-ACCESO-FORMALIDAD-CON-SEGURIDAD-SOCIAL-P	K4B2-ACCESO::formalidad::con seguridad social	K4B2-ACCESO	ENIF	2021	julio 2020 a levantamiento 2021	ENIF	2024	junio 2023 a levantamiento 2024	P · PERSONA ELEGIDA 18+	formalidad	con seguridad social	CONSTRUIBLE		PENDIENTE:piloto-credito-2024 (K4)	forense/prereg-caja/DIN-CREDITO-PISOS-ENIF2021-spec-v1_0.md	6119f4dec4cbaf297636aec83a11d76fa6bb06f31854edfd1e38f4ba672f2ae9
RESULT-DIN-CREDITO-PISOS-ENIF2021-K4B3-RECHAZO-ANTICIPADO-SEXO-1-P	K4B3-RECHAZO-ANTICIPADO::sexo::1	K4B3-RECHAZO-ANTICIPADO	ENIF	2021	julio 2020 a levantamiento 2021	ENIF	2024	junio 2023 a levantamiento 2024	P · PERSONA ELEGIDA 18+	sexo	1	CONSTRUIBLE		PENDIENTE:piloto-credito-2024 (K4)	forense/prereg-caja/DIN-CREDITO-PISOS-ENIF2021-spec-v1_0.md	6119f4dec4cbaf297636aec83a11d76fa6bb06f31854edfd1e38f4ba672f2ae9
RESULT-DIN-CREDITO-PISOS-ENIF2021-K4B3-RECHAZO-ANTICIPADO-SEXO-2-P	K4B3-RECHAZO-ANTICIPADO::sexo::2	K4B3-RECHAZO-ANTICIPADO	ENIF	2021	julio 2020 a levantamiento 2021	ENIF	2024	junio 2023 a levantamiento 2024	P · PERSONA ELEGIDA 18+	sexo	2	CONSTRUIBLE		PENDIENTE:piloto-credito-2024 (K4)	forense/prereg-caja/DIN-CREDITO-PISOS-ENIF2021-spec-v1_0.md	6119f4dec4cbaf297636aec83a11d76fa6bb06f31854edfd1e38f4ba672f2ae9
RESULT-DIN-CREDITO-PISOS-ENIF2021-K4B3-RECHAZO-ANTICIPADO-EDAD-18-29-P	K4B3-RECHAZO-ANTICIPADO::edad::18-29	K4B3-RECHAZO-ANTICIPADO	ENIF	2021	julio 2020 a levantamiento 2021	ENIF	2024	junio 2023 a levantamiento 2024	P · PERSONA ELEGIDA 18+	edad	18-29	CONSTRUIBLE		PENDIENTE:piloto-credito-2024 (K4)	forense/prereg-caja/DIN-CREDITO-PISOS-ENIF2021-spec-v1_0.md	6119f4dec4cbaf297636aec83a11d76fa6bb06f31854edfd1e38f4ba672f2ae9
RESULT-DIN-CREDITO-PISOS-ENIF2021-K4B3-RECHAZO-ANTICIPADO-EDAD-30-44-P	K4B3-RECHAZO-ANTICIPADO::edad::30-44	K4B3-RECHAZO-ANTICIPADO	ENIF	2021	julio 2020 a levantamiento 2021	ENIF	2024	junio 2023 a levantamiento 2024	P · PERSONA ELEGIDA 18+	edad	30-44	CONSTRUIBLE		PENDIENTE:piloto-credito-2024 (K4)	forense/prereg-caja/DIN-CREDITO-PISOS-ENIF2021-spec-v1_0.md	6119f4dec4cbaf297636aec83a11d76fa6bb06f31854edfd1e38f4ba672f2ae9
RESULT-DIN-CREDITO-PISOS-ENIF2021-K4B3-RECHAZO-ANTICIPADO-EDAD-45-59-P	K4B3-RECHAZO-ANTICIPADO::edad::45-59	K4B3-RECHAZO-ANTICIPADO	ENIF	2021	julio 2020 a levantamiento 2021	ENIF	2024	junio 2023 a levantamiento 2024	P · PERSONA ELEGIDA 18+	edad	45-59	CONSTRUIBLE		PENDIENTE:piloto-credito-2024 (K4)	forense/prereg-caja/DIN-CREDITO-PISOS-ENIF2021-spec-v1_0.md	6119f4dec4cbaf297636aec83a11d76fa6bb06f31854edfd1e38f4ba672f2ae9
RESULT-DIN-CREDITO-PISOS-ENIF2021-K4B3-RECHAZO-ANTICIPADO-EDAD-60-MAS-P	K4B3-RECHAZO-ANTICIPADO::edad::60+	K4B3-RECHAZO-ANTICIPADO	ENIF	2021	julio 2020 a levantamiento 2021	ENIF	2024	junio 2023 a levantamiento 2024	P · PERSONA ELEGIDA 18+	edad	60+	CONSTRUIBLE		PENDIENTE:piloto-credito-2024 (K4)	forense/prereg-caja/DIN-CREDITO-PISOS-ENIF2021-spec-v1_0.md	6119f4dec4cbaf297636aec83a11d76fa6bb06f31854edfd1e38f4ba672f2ae9
RESULT-DIN-CREDITO-PISOS-ENIF2021-K4B3-RECHAZO-ANTICIPADO-ESCOLARIDAD-HASTA-PRIMARIA-P	K4B3-RECHAZO-ANTICIPADO::escolaridad::hasta_primaria	K4B3-RECHAZO-ANTICIPADO	ENIF	2021	julio 2020 a levantamiento 2021	ENIF	2024	junio 2023 a levantamiento 2024	P · PERSONA ELEGIDA 18+	escolaridad	hasta_primaria	CONSTRUIBLE		PENDIENTE:piloto-credito-2024 (K4)	forense/prereg-caja/DIN-CREDITO-PISOS-ENIF2021-spec-v1_0.md	6119f4dec4cbaf297636aec83a11d76fa6bb06f31854edfd1e38f4ba672f2ae9
RESULT-DIN-CREDITO-PISOS-ENIF2021-K4B3-RECHAZO-ANTICIPADO-ESCOLARIDAD-SECUNDARIA-P	K4B3-RECHAZO-ANTICIPADO::escolaridad::secundaria	K4B3-RECHAZO-ANTICIPADO	ENIF	2021	julio 2020 a levantamiento 2021	ENIF	2024	junio 2023 a levantamiento 2024	P · PERSONA ELEGIDA 18+	escolaridad	secundaria	CONSTRUIBLE		PENDIENTE:piloto-credito-2024 (K4)	forense/prereg-caja/DIN-CREDITO-PISOS-ENIF2021-spec-v1_0.md	6119f4dec4cbaf297636aec83a11d76fa6bb06f31854edfd1e38f4ba672f2ae9
RESULT-DIN-CREDITO-PISOS-ENIF2021-K4B3-RECHAZO-ANTICIPADO-ESCOLARIDAD-MEDIA-SUPERIOR-P	K4B3-RECHAZO-ANTICIPADO::escolaridad::media_superior	K4B3-RECHAZO-ANTICIPADO	ENIF	2021	julio 2020 a levantamiento 2021	ENIF	2024	junio 2023 a levantamiento 2024	P · PERSONA ELEGIDA 18+	escolaridad	media_superior	CONSTRUIBLE		PENDIENTE:piloto-credito-2024 (K4)	forense/prereg-caja/DIN-CREDITO-PISOS-ENIF2021-spec-v1_0.md	6119f4dec4cbaf297636aec83a11d76fa6bb06f31854edfd1e38f4ba672f2ae9
RESULT-DIN-CREDITO-PISOS-ENIF2021-K4B3-RECHAZO-ANTICIPADO-ESCOLARIDAD-SUPERIOR-P	K4B3-RECHAZO-ANTICIPADO::escolaridad::superior	K4B3-RECHAZO-ANTICIPADO	ENIF	2021	julio 2020 a levantamiento 2021	ENIF	2024	junio 2023 a levantamiento 2024	P · PERSONA ELEGIDA 18+	escolaridad	superior	CONSTRUIBLE		PENDIENTE:piloto-credito-2024 (K4)	forense/prereg-caja/DIN-CREDITO-PISOS-ENIF2021-spec-v1_0.md	6119f4dec4cbaf297636aec83a11d76fa6bb06f31854edfd1e38f4ba672f2ae9
RESULT-DIN-CREDITO-PISOS-ENIF2021-K4B3-RECHAZO-ANTICIPADO-LOCALIDAD-MENOR-DE-15-000-P	K4B3-RECHAZO-ANTICIPADO::localidad::menor de 15 000	K4B3-RECHAZO-ANTICIPADO	ENIF	2021	julio 2020 a levantamiento 2021	ENIF	2024	junio 2023 a levantamiento 2024	P · PERSONA ELEGIDA 18+	localidad	menor de 15 000	CONSTRUIBLE		PENDIENTE:piloto-credito-2024 (K4)	forense/prereg-caja/DIN-CREDITO-PISOS-ENIF2021-spec-v1_0.md	6119f4dec4cbaf297636aec83a11d76fa6bb06f31854edfd1e38f4ba672f2ae9
RESULT-DIN-CREDITO-PISOS-ENIF2021-K4B3-RECHAZO-ANTICIPADO-LOCALIDAD-15-000-Y-MAS-P	K4B3-RECHAZO-ANTICIPADO::localidad::15 000 y mas	K4B3-RECHAZO-ANTICIPADO	ENIF	2021	julio 2020 a levantamiento 2021	ENIF	2024	junio 2023 a levantamiento 2024	P · PERSONA ELEGIDA 18+	localidad	15 000 y mas	CONSTRUIBLE		PENDIENTE:piloto-credito-2024 (K4)	forense/prereg-caja/DIN-CREDITO-PISOS-ENIF2021-spec-v1_0.md	6119f4dec4cbaf297636aec83a11d76fa6bb06f31854edfd1e38f4ba672f2ae9
RESULT-DIN-CREDITO-PISOS-ENIF2021-K4B3-RECHAZO-ANTICIPADO-CUENTA-SIN-CUENTA-P	K4B3-RECHAZO-ANTICIPADO::cuenta::sin cuenta	K4B3-RECHAZO-ANTICIPADO	ENIF	2021	julio 2020 a levantamiento 2021	ENIF	2024	junio 2023 a levantamiento 2024	P · PERSONA ELEGIDA 18+	cuenta	sin cuenta	CONSTRUIBLE		PENDIENTE:piloto-credito-2024 (K4)	forense/prereg-caja/DIN-CREDITO-PISOS-ENIF2021-spec-v1_0.md	6119f4dec4cbaf297636aec83a11d76fa6bb06f31854edfd1e38f4ba672f2ae9
RESULT-DIN-CREDITO-PISOS-ENIF2021-K4B3-RECHAZO-ANTICIPADO-CUENTA-CON-CUENTA-P	K4B3-RECHAZO-ANTICIPADO::cuenta::con cuenta	K4B3-RECHAZO-ANTICIPADO	ENIF	2021	julio 2020 a levantamiento 2021	ENIF	2024	junio 2023 a levantamiento 2024	P · PERSONA ELEGIDA 18+	cuenta	con cuenta	CONSTRUIBLE		PENDIENTE:piloto-credito-2024 (K4)	forense/prereg-caja/DIN-CREDITO-PISOS-ENIF2021-spec-v1_0.md	6119f4dec4cbaf297636aec83a11d76fa6bb06f31854edfd1e38f4ba672f2ae9
RESULT-DIN-CREDITO-PISOS-ENIF2021-K4B3-RECHAZO-ANTICIPADO-FORMALIDAD-SIN-SEGURIDAD-SOCIAL-P	K4B3-RECHAZO-ANTICIPADO::formalidad::sin seguridad social	K4B3-RECHAZO-ANTICIPADO	ENIF	2021	julio 2020 a levantamiento 2021	ENIF	2024	junio 2023 a levantamiento 2024	P · PERSONA ELEGIDA 18+	formalidad	sin seguridad social	CONSTRUIBLE		PENDIENTE:piloto-credito-2024 (K4)	forense/prereg-caja/DIN-CREDITO-PISOS-ENIF2021-spec-v1_0.md	6119f4dec4cbaf297636aec83a11d76fa6bb06f31854edfd1e38f4ba672f2ae9
RESULT-DIN-CREDITO-PISOS-ENIF2021-K4B3-RECHAZO-ANTICIPADO-FORMALIDAD-CON-SEGURIDAD-SOCIAL-P	K4B3-RECHAZO-ANTICIPADO::formalidad::con seguridad social	K4B3-RECHAZO-ANTICIPADO	ENIF	2021	julio 2020 a levantamiento 2021	ENIF	2024	junio 2023 a levantamiento 2024	P · PERSONA ELEGIDA 18+	formalidad	con seguridad social	CONSTRUIBLE		PENDIENTE:piloto-credito-2024 (K4)	forense/prereg-caja/DIN-CREDITO-PISOS-ENIF2021-spec-v1_0.md	6119f4dec4cbaf297636aec83a11d76fa6bb06f31854edfd1e38f4ba672f2ae9
RESULT-DIN-CREDITO-PISOS-ENIF2021-K5-SEXO-1-P	K5::sexo::1	K5	ENIF	2021	julio 2020 a levantamiento 2021	ENIF	2024	junio 2023 a levantamiento 2024	P · PERSONA ELEGIDA 18+	sexo	1	CONSTRUIBLE		PENDIENTE:piloto-credito-2024 (K5)	forense/prereg-caja/DIN-CREDITO-PISOS-ENIF2021-spec-v1_0.md	6119f4dec4cbaf297636aec83a11d76fa6bb06f31854edfd1e38f4ba672f2ae9
RESULT-DIN-CREDITO-PISOS-ENIF2021-K5-SEXO-2-P	K5::sexo::2	K5	ENIF	2021	julio 2020 a levantamiento 2021	ENIF	2024	junio 2023 a levantamiento 2024	P · PERSONA ELEGIDA 18+	sexo	2	CONSTRUIBLE		PENDIENTE:piloto-credito-2024 (K5)	forense/prereg-caja/DIN-CREDITO-PISOS-ENIF2021-spec-v1_0.md	6119f4dec4cbaf297636aec83a11d76fa6bb06f31854edfd1e38f4ba672f2ae9
RESULT-DIN-CREDITO-PISOS-ENIF2021-K5-EDAD-18-29-P	K5::edad::18-29	K5	ENIF	2021	julio 2020 a levantamiento 2021	ENIF	2024	junio 2023 a levantamiento 2024	P · PERSONA ELEGIDA 18+	edad	18-29	CONSTRUIBLE		PENDIENTE:piloto-credito-2024 (K5)	forense/prereg-caja/DIN-CREDITO-PISOS-ENIF2021-spec-v1_0.md	6119f4dec4cbaf297636aec83a11d76fa6bb06f31854edfd1e38f4ba672f2ae9
RESULT-DIN-CREDITO-PISOS-ENIF2021-K5-EDAD-30-44-P	K5::edad::30-44	K5	ENIF	2021	julio 2020 a levantamiento 2021	ENIF	2024	junio 2023 a levantamiento 2024	P · PERSONA ELEGIDA 18+	edad	30-44	CONSTRUIBLE		PENDIENTE:piloto-credito-2024 (K5)	forense/prereg-caja/DIN-CREDITO-PISOS-ENIF2021-spec-v1_0.md	6119f4dec4cbaf297636aec83a11d76fa6bb06f31854edfd1e38f4ba672f2ae9
RESULT-DIN-CREDITO-PISOS-ENIF2021-K5-EDAD-45-59-P	K5::edad::45-59	K5	ENIF	2021	julio 2020 a levantamiento 2021	ENIF	2024	junio 2023 a levantamiento 2024	P · PERSONA ELEGIDA 18+	edad	45-59	CONSTRUIBLE		PENDIENTE:piloto-credito-2024 (K5)	forense/prereg-caja/DIN-CREDITO-PISOS-ENIF2021-spec-v1_0.md	6119f4dec4cbaf297636aec83a11d76fa6bb06f31854edfd1e38f4ba672f2ae9
RESULT-DIN-CREDITO-PISOS-ENIF2021-K5-EDAD-60-MAS-P	K5::edad::60+	K5	ENIF	2021	julio 2020 a levantamiento 2021	ENIF	2024	junio 2023 a levantamiento 2024	P · PERSONA ELEGIDA 18+	edad	60+	CONSTRUIBLE		PENDIENTE:piloto-credito-2024 (K5)	forense/prereg-caja/DIN-CREDITO-PISOS-ENIF2021-spec-v1_0.md	6119f4dec4cbaf297636aec83a11d76fa6bb06f31854edfd1e38f4ba672f2ae9
RESULT-DIN-CREDITO-PISOS-ENIF2021-K5-ESCOLARIDAD-HASTA-PRIMARIA-P	K5::escolaridad::hasta_primaria	K5	ENIF	2021	julio 2020 a levantamiento 2021	ENIF	2024	junio 2023 a levantamiento 2024	P · PERSONA ELEGIDA 18+	escolaridad	hasta_primaria	CONSTRUIBLE		PENDIENTE:piloto-credito-2024 (K5)	forense/prereg-caja/DIN-CREDITO-PISOS-ENIF2021-spec-v1_0.md	6119f4dec4cbaf297636aec83a11d76fa6bb06f31854edfd1e38f4ba672f2ae9
RESULT-DIN-CREDITO-PISOS-ENIF2021-K5-ESCOLARIDAD-SECUNDARIA-P	K5::escolaridad::secundaria	K5	ENIF	2021	julio 2020 a levantamiento 2021	ENIF	2024	junio 2023 a levantamiento 2024	P · PERSONA ELEGIDA 18+	escolaridad	secundaria	CONSTRUIBLE		PENDIENTE:piloto-credito-2024 (K5)	forense/prereg-caja/DIN-CREDITO-PISOS-ENIF2021-spec-v1_0.md	6119f4dec4cbaf297636aec83a11d76fa6bb06f31854edfd1e38f4ba672f2ae9
RESULT-DIN-CREDITO-PISOS-ENIF2021-K5-ESCOLARIDAD-MEDIA-SUPERIOR-P	K5::escolaridad::media_superior	K5	ENIF	2021	julio 2020 a levantamiento 2021	ENIF	2024	junio 2023 a levantamiento 2024	P · PERSONA ELEGIDA 18+	escolaridad	media_superior	CONSTRUIBLE		PENDIENTE:piloto-credito-2024 (K5)	forense/prereg-caja/DIN-CREDITO-PISOS-ENIF2021-spec-v1_0.md	6119f4dec4cbaf297636aec83a11d76fa6bb06f31854edfd1e38f4ba672f2ae9
RESULT-DIN-CREDITO-PISOS-ENIF2021-K5-ESCOLARIDAD-SUPERIOR-P	K5::escolaridad::superior	K5	ENIF	2021	julio 2020 a levantamiento 2021	ENIF	2024	junio 2023 a levantamiento 2024	P · PERSONA ELEGIDA 18+	escolaridad	superior	CONSTRUIBLE		PENDIENTE:piloto-credito-2024 (K5)	forense/prereg-caja/DIN-CREDITO-PISOS-ENIF2021-spec-v1_0.md	6119f4dec4cbaf297636aec83a11d76fa6bb06f31854edfd1e38f4ba672f2ae9
RESULT-DIN-CREDITO-PISOS-ENIF2021-K5-LOCALIDAD-MENOR-DE-15-000-P	K5::localidad::menor de 15 000	K5	ENIF	2021	julio 2020 a levantamiento 2021	ENIF	2024	junio 2023 a levantamiento 2024	P · PERSONA ELEGIDA 18+	localidad	menor de 15 000	CONSTRUIBLE		PENDIENTE:piloto-credito-2024 (K5)	forense/prereg-caja/DIN-CREDITO-PISOS-ENIF2021-spec-v1_0.md	6119f4dec4cbaf297636aec83a11d76fa6bb06f31854edfd1e38f4ba672f2ae9
RESULT-DIN-CREDITO-PISOS-ENIF2021-K5-LOCALIDAD-15-000-Y-MAS-P	K5::localidad::15 000 y mas	K5	ENIF	2021	julio 2020 a levantamiento 2021	ENIF	2024	junio 2023 a levantamiento 2024	P · PERSONA ELEGIDA 18+	localidad	15 000 y mas	CONSTRUIBLE		PENDIENTE:piloto-credito-2024 (K5)	forense/prereg-caja/DIN-CREDITO-PISOS-ENIF2021-spec-v1_0.md	6119f4dec4cbaf297636aec83a11d76fa6bb06f31854edfd1e38f4ba672f2ae9
RESULT-DIN-CREDITO-PISOS-ENIF2021-K5-CUENTA-SIN-CUENTA-P	K5::cuenta::sin cuenta	K5	ENIF	2021	julio 2020 a levantamiento 2021	ENIF	2024	junio 2023 a levantamiento 2024	P · PERSONA ELEGIDA 18+	cuenta	sin cuenta	CONSTRUIBLE		PENDIENTE:piloto-credito-2024 (K5)	forense/prereg-caja/DIN-CREDITO-PISOS-ENIF2021-spec-v1_0.md	6119f4dec4cbaf297636aec83a11d76fa6bb06f31854edfd1e38f4ba672f2ae9
RESULT-DIN-CREDITO-PISOS-ENIF2021-K5-CUENTA-CON-CUENTA-P	K5::cuenta::con cuenta	K5	ENIF	2021	julio 2020 a levantamiento 2021	ENIF	2024	junio 2023 a levantamiento 2024	P · PERSONA ELEGIDA 18+	cuenta	con cuenta	CONSTRUIBLE		PENDIENTE:piloto-credito-2024 (K5)	forense/prereg-caja/DIN-CREDITO-PISOS-ENIF2021-spec-v1_0.md	6119f4dec4cbaf297636aec83a11d76fa6bb06f31854edfd1e38f4ba672f2ae9
RESULT-DIN-CREDITO-PISOS-ENIF2021-K5-FORMALIDAD-SIN-SEGURIDAD-SOCIAL-P	K5::formalidad::sin seguridad social	K5	ENIF	2021	julio 2020 a levantamiento 2021	ENIF	2024	junio 2023 a levantamiento 2024	P · PERSONA ELEGIDA 18+	formalidad	sin seguridad social	CONSTRUIBLE		PENDIENTE:piloto-credito-2024 (K5)	forense/prereg-caja/DIN-CREDITO-PISOS-ENIF2021-spec-v1_0.md	6119f4dec4cbaf297636aec83a11d76fa6bb06f31854edfd1e38f4ba672f2ae9
RESULT-DIN-CREDITO-PISOS-ENIF2021-K5-FORMALIDAD-CON-SEGURIDAD-SOCIAL-P	K5::formalidad::con seguridad social	K5	ENIF	2021	julio 2020 a levantamiento 2021	ENIF	2024	junio 2023 a levantamiento 2024	P · PERSONA ELEGIDA 18+	formalidad	con seguridad social	CONSTRUIBLE		PENDIENTE:piloto-credito-2024 (K5)	forense/prereg-caja/DIN-CREDITO-PISOS-ENIF2021-spec-v1_0.md	6119f4dec4cbaf297636aec83a11d76fa6bb06f31854edfd1e38f4ba672f2ae9
RESULT-DIN-CREDITO-PISOS-ENIF2021-K5-ENTRE-SOLICITANTES-SEXO-1-P	K5-ENTRE-SOLICITANTES::sexo::1	K5-ENTRE-SOLICITANTES	ENIF	2021	julio 2020 a levantamiento 2021	ENIF	2024	junio 2023 a levantamiento 2024	P · PERSONA ELEGIDA 18+	sexo	1	CONSTRUIBLE		PENDIENTE:piloto-credito-2024 (K5)	forense/prereg-caja/DIN-CREDITO-PISOS-ENIF2021-spec-v1_0.md	6119f4dec4cbaf297636aec83a11d76fa6bb06f31854edfd1e38f4ba672f2ae9
RESULT-DIN-CREDITO-PISOS-ENIF2021-K5-ENTRE-SOLICITANTES-SEXO-2-P	K5-ENTRE-SOLICITANTES::sexo::2	K5-ENTRE-SOLICITANTES	ENIF	2021	julio 2020 a levantamiento 2021	ENIF	2024	junio 2023 a levantamiento 2024	P · PERSONA ELEGIDA 18+	sexo	2	CONSTRUIBLE		PENDIENTE:piloto-credito-2024 (K5)	forense/prereg-caja/DIN-CREDITO-PISOS-ENIF2021-spec-v1_0.md	6119f4dec4cbaf297636aec83a11d76fa6bb06f31854edfd1e38f4ba672f2ae9
RESULT-DIN-CREDITO-PISOS-ENIF2021-K5-ENTRE-SOLICITANTES-EDAD-18-29-P	K5-ENTRE-SOLICITANTES::edad::18-29	K5-ENTRE-SOLICITANTES	ENIF	2021	julio 2020 a levantamiento 2021	ENIF	2024	junio 2023 a levantamiento 2024	P · PERSONA ELEGIDA 18+	edad	18-29	CONSTRUIBLE		PENDIENTE:piloto-credito-2024 (K5)	forense/prereg-caja/DIN-CREDITO-PISOS-ENIF2021-spec-v1_0.md	6119f4dec4cbaf297636aec83a11d76fa6bb06f31854edfd1e38f4ba672f2ae9
RESULT-DIN-CREDITO-PISOS-ENIF2021-K5-ENTRE-SOLICITANTES-EDAD-30-44-P	K5-ENTRE-SOLICITANTES::edad::30-44	K5-ENTRE-SOLICITANTES	ENIF	2021	julio 2020 a levantamiento 2021	ENIF	2024	junio 2023 a levantamiento 2024	P · PERSONA ELEGIDA 18+	edad	30-44	CONSTRUIBLE		PENDIENTE:piloto-credito-2024 (K5)	forense/prereg-caja/DIN-CREDITO-PISOS-ENIF2021-spec-v1_0.md	6119f4dec4cbaf297636aec83a11d76fa6bb06f31854edfd1e38f4ba672f2ae9
RESULT-DIN-CREDITO-PISOS-ENIF2021-K5-ENTRE-SOLICITANTES-EDAD-45-59-P	K5-ENTRE-SOLICITANTES::edad::45-59	K5-ENTRE-SOLICITANTES	ENIF	2021	julio 2020 a levantamiento 2021	ENIF	2024	junio 2023 a levantamiento 2024	P · PERSONA ELEGIDA 18+	edad	45-59	CONSTRUIBLE		PENDIENTE:piloto-credito-2024 (K5)	forense/prereg-caja/DIN-CREDITO-PISOS-ENIF2021-spec-v1_0.md	6119f4dec4cbaf297636aec83a11d76fa6bb06f31854edfd1e38f4ba672f2ae9
RESULT-DIN-CREDITO-PISOS-ENIF2021-K5-ENTRE-SOLICITANTES-EDAD-60-MAS-P	K5-ENTRE-SOLICITANTES::edad::60+	K5-ENTRE-SOLICITANTES	ENIF	2021	julio 2020 a levantamiento 2021	ENIF	2024	junio 2023 a levantamiento 2024	P · PERSONA ELEGIDA 18+	edad	60+	CONSTRUIBLE		PENDIENTE:piloto-credito-2024 (K5)	forense/prereg-caja/DIN-CREDITO-PISOS-ENIF2021-spec-v1_0.md	6119f4dec4cbaf297636aec83a11d76fa6bb06f31854edfd1e38f4ba672f2ae9
RESULT-DIN-CREDITO-PISOS-ENIF2021-K5-ENTRE-SOLICITANTES-ESCOLARIDAD-HASTA-PRIMARIA-P	K5-ENTRE-SOLICITANTES::escolaridad::hasta_primaria	K5-ENTRE-SOLICITANTES	ENIF	2021	julio 2020 a levantamiento 2021	ENIF	2024	junio 2023 a levantamiento 2024	P · PERSONA ELEGIDA 18+	escolaridad	hasta_primaria	CONSTRUIBLE		PENDIENTE:piloto-credito-2024 (K5)	forense/prereg-caja/DIN-CREDITO-PISOS-ENIF2021-spec-v1_0.md	6119f4dec4cbaf297636aec83a11d76fa6bb06f31854edfd1e38f4ba672f2ae9
RESULT-DIN-CREDITO-PISOS-ENIF2021-K5-ENTRE-SOLICITANTES-ESCOLARIDAD-SECUNDARIA-P	K5-ENTRE-SOLICITANTES::escolaridad::secundaria	K5-ENTRE-SOLICITANTES	ENIF	2021	julio 2020 a levantamiento 2021	ENIF	2024	junio 2023 a levantamiento 2024	P · PERSONA ELEGIDA 18+	escolaridad	secundaria	CONSTRUIBLE		PENDIENTE:piloto-credito-2024 (K5)	forense/prereg-caja/DIN-CREDITO-PISOS-ENIF2021-spec-v1_0.md	6119f4dec4cbaf297636aec83a11d76fa6bb06f31854edfd1e38f4ba672f2ae9
RESULT-DIN-CREDITO-PISOS-ENIF2021-K5-ENTRE-SOLICITANTES-ESCOLARIDAD-MEDIA-SUPERIOR-P	K5-ENTRE-SOLICITANTES::escolaridad::media_superior	K5-ENTRE-SOLICITANTES	ENIF	2021	julio 2020 a levantamiento 2021	ENIF	2024	junio 2023 a levantamiento 2024	P · PERSONA ELEGIDA 18+	escolaridad	media_superior	CONSTRUIBLE		PENDIENTE:piloto-credito-2024 (K5)	forense/prereg-caja/DIN-CREDITO-PISOS-ENIF2021-spec-v1_0.md	6119f4dec4cbaf297636aec83a11d76fa6bb06f31854edfd1e38f4ba672f2ae9
RESULT-DIN-CREDITO-PISOS-ENIF2021-K5-ENTRE-SOLICITANTES-ESCOLARIDAD-SUPERIOR-P	K5-ENTRE-SOLICITANTES::escolaridad::superior	K5-ENTRE-SOLICITANTES	ENIF	2021	julio 2020 a levantamiento 2021	ENIF	2024	junio 2023 a levantamiento 2024	P · PERSONA ELEGIDA 18+	escolaridad	superior	CONSTRUIBLE		PENDIENTE:piloto-credito-2024 (K5)	forense/prereg-caja/DIN-CREDITO-PISOS-ENIF2021-spec-v1_0.md	6119f4dec4cbaf297636aec83a11d76fa6bb06f31854edfd1e38f4ba672f2ae9
RESULT-DIN-CREDITO-PISOS-ENIF2021-K5-ENTRE-SOLICITANTES-LOCALIDAD-MENOR-DE-15-000-P	K5-ENTRE-SOLICITANTES::localidad::menor de 15 000	K5-ENTRE-SOLICITANTES	ENIF	2021	julio 2020 a levantamiento 2021	ENIF	2024	junio 2023 a levantamiento 2024	P · PERSONA ELEGIDA 18+	localidad	menor de 15 000	CONSTRUIBLE		PENDIENTE:piloto-credito-2024 (K5)	forense/prereg-caja/DIN-CREDITO-PISOS-ENIF2021-spec-v1_0.md	6119f4dec4cbaf297636aec83a11d76fa6bb06f31854edfd1e38f4ba672f2ae9
RESULT-DIN-CREDITO-PISOS-ENIF2021-K5-ENTRE-SOLICITANTES-LOCALIDAD-15-000-Y-MAS-P	K5-ENTRE-SOLICITANTES::localidad::15 000 y mas	K5-ENTRE-SOLICITANTES	ENIF	2021	julio 2020 a levantamiento 2021	ENIF	2024	junio 2023 a levantamiento 2024	P · PERSONA ELEGIDA 18+	localidad	15 000 y mas	CONSTRUIBLE		PENDIENTE:piloto-credito-2024 (K5)	forense/prereg-caja/DIN-CREDITO-PISOS-ENIF2021-spec-v1_0.md	6119f4dec4cbaf297636aec83a11d76fa6bb06f31854edfd1e38f4ba672f2ae9
RESULT-DIN-CREDITO-PISOS-ENIF2021-K5-ENTRE-SOLICITANTES-CUENTA-SIN-CUENTA-P	K5-ENTRE-SOLICITANTES::cuenta::sin cuenta	K5-ENTRE-SOLICITANTES	ENIF	2021	julio 2020 a levantamiento 2021	ENIF	2024	junio 2023 a levantamiento 2024	P · PERSONA ELEGIDA 18+	cuenta	sin cuenta	CONSTRUIBLE		PENDIENTE:piloto-credito-2024 (K5)	forense/prereg-caja/DIN-CREDITO-PISOS-ENIF2021-spec-v1_0.md	6119f4dec4cbaf297636aec83a11d76fa6bb06f31854edfd1e38f4ba672f2ae9
RESULT-DIN-CREDITO-PISOS-ENIF2021-K5-ENTRE-SOLICITANTES-CUENTA-CON-CUENTA-P	K5-ENTRE-SOLICITANTES::cuenta::con cuenta	K5-ENTRE-SOLICITANTES	ENIF	2021	julio 2020 a levantamiento 2021	ENIF	2024	junio 2023 a levantamiento 2024	P · PERSONA ELEGIDA 18+	cuenta	con cuenta	CONSTRUIBLE		PENDIENTE:piloto-credito-2024 (K5)	forense/prereg-caja/DIN-CREDITO-PISOS-ENIF2021-spec-v1_0.md	6119f4dec4cbaf297636aec83a11d76fa6bb06f31854edfd1e38f4ba672f2ae9
RESULT-DIN-CREDITO-PISOS-ENIF2021-K5-ENTRE-SOLICITANTES-FORMALIDAD-SIN-SEGURIDAD-SOCIAL-P	K5-ENTRE-SOLICITANTES::formalidad::sin seguridad social	K5-ENTRE-SOLICITANTES	ENIF	2021	julio 2020 a levantamiento 2021	ENIF	2024	junio 2023 a levantamiento 2024	P · PERSONA ELEGIDA 18+	formalidad	sin seguridad social	CONSTRUIBLE		PENDIENTE:piloto-credito-2024 (K5)	forense/prereg-caja/DIN-CREDITO-PISOS-ENIF2021-spec-v1_0.md	6119f4dec4cbaf297636aec83a11d76fa6bb06f31854edfd1e38f4ba672f2ae9
RESULT-DIN-CREDITO-PISOS-ENIF2021-K5-ENTRE-SOLICITANTES-FORMALIDAD-CON-SEGURIDAD-SOCIAL-P	K5-ENTRE-SOLICITANTES::formalidad::con seguridad social	K5-ENTRE-SOLICITANTES	ENIF	2021	julio 2020 a levantamiento 2021	ENIF	2024	junio 2023 a levantamiento 2024	P · PERSONA ELEGIDA 18+	formalidad	con seguridad social	CONSTRUIBLE		PENDIENTE:piloto-credito-2024 (K5)	forense/prereg-caja/DIN-CREDITO-PISOS-ENIF2021-spec-v1_0.md	6119f4dec4cbaf297636aec83a11d76fa6bb06f31854edfd1e38f4ba672f2ae9
RESULT-DIN-CREDITO-PISOS-ENIF2021-K6-PR-SEXO-1-P	K6-PR::sexo::1	K6-PR	ENIF	2021	julio 2020 a levantamiento 2021	ENIF	2024	junio 2023 a levantamiento 2024	PR · PRODUCTO FORMAL TENIDO	sexo	1	CONSTRUIBLE		PENDIENTE:piloto-credito-2024 (K6)	forense/prereg-caja/DIN-CREDITO-PISOS-ENIF2021-spec-v1_0.md	6119f4dec4cbaf297636aec83a11d76fa6bb06f31854edfd1e38f4ba672f2ae9
RESULT-DIN-CREDITO-PISOS-ENIF2021-K6-PR-SEXO-2-P	K6-PR::sexo::2	K6-PR	ENIF	2021	julio 2020 a levantamiento 2021	ENIF	2024	junio 2023 a levantamiento 2024	PR · PRODUCTO FORMAL TENIDO	sexo	2	CONSTRUIBLE		PENDIENTE:piloto-credito-2024 (K6)	forense/prereg-caja/DIN-CREDITO-PISOS-ENIF2021-spec-v1_0.md	6119f4dec4cbaf297636aec83a11d76fa6bb06f31854edfd1e38f4ba672f2ae9
RESULT-DIN-CREDITO-PISOS-ENIF2021-K6-PR-EDAD-18-29-P	K6-PR::edad::18-29	K6-PR	ENIF	2021	julio 2020 a levantamiento 2021	ENIF	2024	junio 2023 a levantamiento 2024	PR · PRODUCTO FORMAL TENIDO	edad	18-29	CONSTRUIBLE		PENDIENTE:piloto-credito-2024 (K6)	forense/prereg-caja/DIN-CREDITO-PISOS-ENIF2021-spec-v1_0.md	6119f4dec4cbaf297636aec83a11d76fa6bb06f31854edfd1e38f4ba672f2ae9
RESULT-DIN-CREDITO-PISOS-ENIF2021-K6-PR-EDAD-30-44-P	K6-PR::edad::30-44	K6-PR	ENIF	2021	julio 2020 a levantamiento 2021	ENIF	2024	junio 2023 a levantamiento 2024	PR · PRODUCTO FORMAL TENIDO	edad	30-44	CONSTRUIBLE		PENDIENTE:piloto-credito-2024 (K6)	forense/prereg-caja/DIN-CREDITO-PISOS-ENIF2021-spec-v1_0.md	6119f4dec4cbaf297636aec83a11d76fa6bb06f31854edfd1e38f4ba672f2ae9
RESULT-DIN-CREDITO-PISOS-ENIF2021-K6-PR-EDAD-45-59-P	K6-PR::edad::45-59	K6-PR	ENIF	2021	julio 2020 a levantamiento 2021	ENIF	2024	junio 2023 a levantamiento 2024	PR · PRODUCTO FORMAL TENIDO	edad	45-59	CONSTRUIBLE		PENDIENTE:piloto-credito-2024 (K6)	forense/prereg-caja/DIN-CREDITO-PISOS-ENIF2021-spec-v1_0.md	6119f4dec4cbaf297636aec83a11d76fa6bb06f31854edfd1e38f4ba672f2ae9
RESULT-DIN-CREDITO-PISOS-ENIF2021-K6-PR-EDAD-60-MAS-P	K6-PR::edad::60+	K6-PR	ENIF	2021	julio 2020 a levantamiento 2021	ENIF	2024	junio 2023 a levantamiento 2024	PR · PRODUCTO FORMAL TENIDO	edad	60+	CONSTRUIBLE		PENDIENTE:piloto-credito-2024 (K6)	forense/prereg-caja/DIN-CREDITO-PISOS-ENIF2021-spec-v1_0.md	6119f4dec4cbaf297636aec83a11d76fa6bb06f31854edfd1e38f4ba672f2ae9
RESULT-DIN-CREDITO-PISOS-ENIF2021-K6-PR-ESCOLARIDAD-HASTA-PRIMARIA-P	K6-PR::escolaridad::hasta_primaria	K6-PR	ENIF	2021	julio 2020 a levantamiento 2021	ENIF	2024	junio 2023 a levantamiento 2024	PR · PRODUCTO FORMAL TENIDO	escolaridad	hasta_primaria	CONSTRUIBLE		PENDIENTE:piloto-credito-2024 (K6)	forense/prereg-caja/DIN-CREDITO-PISOS-ENIF2021-spec-v1_0.md	6119f4dec4cbaf297636aec83a11d76fa6bb06f31854edfd1e38f4ba672f2ae9
RESULT-DIN-CREDITO-PISOS-ENIF2021-K6-PR-ESCOLARIDAD-SECUNDARIA-P	K6-PR::escolaridad::secundaria	K6-PR	ENIF	2021	julio 2020 a levantamiento 2021	ENIF	2024	junio 2023 a levantamiento 2024	PR · PRODUCTO FORMAL TENIDO	escolaridad	secundaria	CONSTRUIBLE		PENDIENTE:piloto-credito-2024 (K6)	forense/prereg-caja/DIN-CREDITO-PISOS-ENIF2021-spec-v1_0.md	6119f4dec4cbaf297636aec83a11d76fa6bb06f31854edfd1e38f4ba672f2ae9
RESULT-DIN-CREDITO-PISOS-ENIF2021-K6-PR-ESCOLARIDAD-MEDIA-SUPERIOR-P	K6-PR::escolaridad::media_superior	K6-PR	ENIF	2021	julio 2020 a levantamiento 2021	ENIF	2024	junio 2023 a levantamiento 2024	PR · PRODUCTO FORMAL TENIDO	escolaridad	media_superior	CONSTRUIBLE		PENDIENTE:piloto-credito-2024 (K6)	forense/prereg-caja/DIN-CREDITO-PISOS-ENIF2021-spec-v1_0.md	6119f4dec4cbaf297636aec83a11d76fa6bb06f31854edfd1e38f4ba672f2ae9
RESULT-DIN-CREDITO-PISOS-ENIF2021-K6-PR-ESCOLARIDAD-SUPERIOR-P	K6-PR::escolaridad::superior	K6-PR	ENIF	2021	julio 2020 a levantamiento 2021	ENIF	2024	junio 2023 a levantamiento 2024	PR · PRODUCTO FORMAL TENIDO	escolaridad	superior	CONSTRUIBLE		PENDIENTE:piloto-credito-2024 (K6)	forense/prereg-caja/DIN-CREDITO-PISOS-ENIF2021-spec-v1_0.md	6119f4dec4cbaf297636aec83a11d76fa6bb06f31854edfd1e38f4ba672f2ae9
RESULT-DIN-CREDITO-PISOS-ENIF2021-K6-PR-LOCALIDAD-MENOR-DE-15-000-P	K6-PR::localidad::menor de 15 000	K6-PR	ENIF	2021	julio 2020 a levantamiento 2021	ENIF	2024	junio 2023 a levantamiento 2024	PR · PRODUCTO FORMAL TENIDO	localidad	menor de 15 000	CONSTRUIBLE		PENDIENTE:piloto-credito-2024 (K6)	forense/prereg-caja/DIN-CREDITO-PISOS-ENIF2021-spec-v1_0.md	6119f4dec4cbaf297636aec83a11d76fa6bb06f31854edfd1e38f4ba672f2ae9
RESULT-DIN-CREDITO-PISOS-ENIF2021-K6-PR-LOCALIDAD-15-000-Y-MAS-P	K6-PR::localidad::15 000 y mas	K6-PR	ENIF	2021	julio 2020 a levantamiento 2021	ENIF	2024	junio 2023 a levantamiento 2024	PR · PRODUCTO FORMAL TENIDO	localidad	15 000 y mas	CONSTRUIBLE		PENDIENTE:piloto-credito-2024 (K6)	forense/prereg-caja/DIN-CREDITO-PISOS-ENIF2021-spec-v1_0.md	6119f4dec4cbaf297636aec83a11d76fa6bb06f31854edfd1e38f4ba672f2ae9
RESULT-DIN-CREDITO-PISOS-ENIF2021-K6-PR-CUENTA-SIN-CUENTA-P	K6-PR::cuenta::sin cuenta	K6-PR	ENIF	2021	julio 2020 a levantamiento 2021	ENIF	2024	junio 2023 a levantamiento 2024	PR · PRODUCTO FORMAL TENIDO	cuenta	sin cuenta	CONSTRUIBLE		PENDIENTE:piloto-credito-2024 (K6)	forense/prereg-caja/DIN-CREDITO-PISOS-ENIF2021-spec-v1_0.md	6119f4dec4cbaf297636aec83a11d76fa6bb06f31854edfd1e38f4ba672f2ae9
RESULT-DIN-CREDITO-PISOS-ENIF2021-K6-PR-CUENTA-CON-CUENTA-P	K6-PR::cuenta::con cuenta	K6-PR	ENIF	2021	julio 2020 a levantamiento 2021	ENIF	2024	junio 2023 a levantamiento 2024	PR · PRODUCTO FORMAL TENIDO	cuenta	con cuenta	CONSTRUIBLE		PENDIENTE:piloto-credito-2024 (K6)	forense/prereg-caja/DIN-CREDITO-PISOS-ENIF2021-spec-v1_0.md	6119f4dec4cbaf297636aec83a11d76fa6bb06f31854edfd1e38f4ba672f2ae9
RESULT-DIN-CREDITO-PISOS-ENIF2021-K6-PR-FORMALIDAD-SIN-SEGURIDAD-SOCIAL-P	K6-PR::formalidad::sin seguridad social	K6-PR	ENIF	2021	julio 2020 a levantamiento 2021	ENIF	2024	junio 2023 a levantamiento 2024	PR · PRODUCTO FORMAL TENIDO	formalidad	sin seguridad social	CONSTRUIBLE		PENDIENTE:piloto-credito-2024 (K6)	forense/prereg-caja/DIN-CREDITO-PISOS-ENIF2021-spec-v1_0.md	6119f4dec4cbaf297636aec83a11d76fa6bb06f31854edfd1e38f4ba672f2ae9
RESULT-DIN-CREDITO-PISOS-ENIF2021-K6-PR-FORMALIDAD-CON-SEGURIDAD-SOCIAL-P	K6-PR::formalidad::con seguridad social	K6-PR	ENIF	2021	julio 2020 a levantamiento 2021	ENIF	2024	junio 2023 a levantamiento 2024	PR · PRODUCTO FORMAL TENIDO	formalidad	con seguridad social	CONSTRUIBLE		PENDIENTE:piloto-credito-2024 (K6)	forense/prereg-caja/DIN-CREDITO-PISOS-ENIF2021-spec-v1_0.md	6119f4dec4cbaf297636aec83a11d76fa6bb06f31854edfd1e38f4ba672f2ae9
RESULT-DIN-CREDITO-PISOS-ENIF2021-K6-P-TENEDORES-SEXO-1-P	K6-P-TENEDORES::sexo::1	K6-P-TENEDORES	ENIF	2021	julio 2020 a levantamiento 2021	ENIF	2024	junio 2023 a levantamiento 2024	P · PERSONA ELEGIDA 18+	sexo	1	CONSTRUIBLE		PENDIENTE:piloto-credito-2024 (K6)	forense/prereg-caja/DIN-CREDITO-PISOS-ENIF2021-spec-v1_0.md	6119f4dec4cbaf297636aec83a11d76fa6bb06f31854edfd1e38f4ba672f2ae9
RESULT-DIN-CREDITO-PISOS-ENIF2021-K6-P-TENEDORES-SEXO-2-P	K6-P-TENEDORES::sexo::2	K6-P-TENEDORES	ENIF	2021	julio 2020 a levantamiento 2021	ENIF	2024	junio 2023 a levantamiento 2024	P · PERSONA ELEGIDA 18+	sexo	2	CONSTRUIBLE		PENDIENTE:piloto-credito-2024 (K6)	forense/prereg-caja/DIN-CREDITO-PISOS-ENIF2021-spec-v1_0.md	6119f4dec4cbaf297636aec83a11d76fa6bb06f31854edfd1e38f4ba672f2ae9
RESULT-DIN-CREDITO-PISOS-ENIF2021-K6-P-TENEDORES-EDAD-18-29-P	K6-P-TENEDORES::edad::18-29	K6-P-TENEDORES	ENIF	2021	julio 2020 a levantamiento 2021	ENIF	2024	junio 2023 a levantamiento 2024	P · PERSONA ELEGIDA 18+	edad	18-29	CONSTRUIBLE		PENDIENTE:piloto-credito-2024 (K6)	forense/prereg-caja/DIN-CREDITO-PISOS-ENIF2021-spec-v1_0.md	6119f4dec4cbaf297636aec83a11d76fa6bb06f31854edfd1e38f4ba672f2ae9
RESULT-DIN-CREDITO-PISOS-ENIF2021-K6-P-TENEDORES-EDAD-30-44-P	K6-P-TENEDORES::edad::30-44	K6-P-TENEDORES	ENIF	2021	julio 2020 a levantamiento 2021	ENIF	2024	junio 2023 a levantamiento 2024	P · PERSONA ELEGIDA 18+	edad	30-44	CONSTRUIBLE		PENDIENTE:piloto-credito-2024 (K6)	forense/prereg-caja/DIN-CREDITO-PISOS-ENIF2021-spec-v1_0.md	6119f4dec4cbaf297636aec83a11d76fa6bb06f31854edfd1e38f4ba672f2ae9
RESULT-DIN-CREDITO-PISOS-ENIF2021-K6-P-TENEDORES-EDAD-45-59-P	K6-P-TENEDORES::edad::45-59	K6-P-TENEDORES	ENIF	2021	julio 2020 a levantamiento 2021	ENIF	2024	junio 2023 a levantamiento 2024	P · PERSONA ELEGIDA 18+	edad	45-59	CONSTRUIBLE		PENDIENTE:piloto-credito-2024 (K6)	forense/prereg-caja/DIN-CREDITO-PISOS-ENIF2021-spec-v1_0.md	6119f4dec4cbaf297636aec83a11d76fa6bb06f31854edfd1e38f4ba672f2ae9
RESULT-DIN-CREDITO-PISOS-ENIF2021-K6-P-TENEDORES-EDAD-60-MAS-P	K6-P-TENEDORES::edad::60+	K6-P-TENEDORES	ENIF	2021	julio 2020 a levantamiento 2021	ENIF	2024	junio 2023 a levantamiento 2024	P · PERSONA ELEGIDA 18+	edad	60+	CONSTRUIBLE		PENDIENTE:piloto-credito-2024 (K6)	forense/prereg-caja/DIN-CREDITO-PISOS-ENIF2021-spec-v1_0.md	6119f4dec4cbaf297636aec83a11d76fa6bb06f31854edfd1e38f4ba672f2ae9
RESULT-DIN-CREDITO-PISOS-ENIF2021-K6-P-TENEDORES-ESCOLARIDAD-HASTA-PRIMARIA-P	K6-P-TENEDORES::escolaridad::hasta_primaria	K6-P-TENEDORES	ENIF	2021	julio 2020 a levantamiento 2021	ENIF	2024	junio 2023 a levantamiento 2024	P · PERSONA ELEGIDA 18+	escolaridad	hasta_primaria	CONSTRUIBLE		PENDIENTE:piloto-credito-2024 (K6)	forense/prereg-caja/DIN-CREDITO-PISOS-ENIF2021-spec-v1_0.md	6119f4dec4cbaf297636aec83a11d76fa6bb06f31854edfd1e38f4ba672f2ae9
RESULT-DIN-CREDITO-PISOS-ENIF2021-K6-P-TENEDORES-ESCOLARIDAD-SECUNDARIA-P	K6-P-TENEDORES::escolaridad::secundaria	K6-P-TENEDORES	ENIF	2021	julio 2020 a levantamiento 2021	ENIF	2024	junio 2023 a levantamiento 2024	P · PERSONA ELEGIDA 18+	escolaridad	secundaria	CONSTRUIBLE		PENDIENTE:piloto-credito-2024 (K6)	forense/prereg-caja/DIN-CREDITO-PISOS-ENIF2021-spec-v1_0.md	6119f4dec4cbaf297636aec83a11d76fa6bb06f31854edfd1e38f4ba672f2ae9
RESULT-DIN-CREDITO-PISOS-ENIF2021-K6-P-TENEDORES-ESCOLARIDAD-MEDIA-SUPERIOR-P	K6-P-TENEDORES::escolaridad::media_superior	K6-P-TENEDORES	ENIF	2021	julio 2020 a levantamiento 2021	ENIF	2024	junio 2023 a levantamiento 2024	P · PERSONA ELEGIDA 18+	escolaridad	media_superior	CONSTRUIBLE		PENDIENTE:piloto-credito-2024 (K6)	forense/prereg-caja/DIN-CREDITO-PISOS-ENIF2021-spec-v1_0.md	6119f4dec4cbaf297636aec83a11d76fa6bb06f31854edfd1e38f4ba672f2ae9
RESULT-DIN-CREDITO-PISOS-ENIF2021-K6-P-TENEDORES-ESCOLARIDAD-SUPERIOR-P	K6-P-TENEDORES::escolaridad::superior	K6-P-TENEDORES	ENIF	2021	julio 2020 a levantamiento 2021	ENIF	2024	junio 2023 a levantamiento 2024	P · PERSONA ELEGIDA 18+	escolaridad	superior	CONSTRUIBLE		PENDIENTE:piloto-credito-2024 (K6)	forense/prereg-caja/DIN-CREDITO-PISOS-ENIF2021-spec-v1_0.md	6119f4dec4cbaf297636aec83a11d76fa6bb06f31854edfd1e38f4ba672f2ae9
RESULT-DIN-CREDITO-PISOS-ENIF2021-K6-P-TENEDORES-LOCALIDAD-MENOR-DE-15-000-P	K6-P-TENEDORES::localidad::menor de 15 000	K6-P-TENEDORES	ENIF	2021	julio 2020 a levantamiento 2021	ENIF	2024	junio 2023 a levantamiento 2024	P · PERSONA ELEGIDA 18+	localidad	menor de 15 000	CONSTRUIBLE		PENDIENTE:piloto-credito-2024 (K6)	forense/prereg-caja/DIN-CREDITO-PISOS-ENIF2021-spec-v1_0.md	6119f4dec4cbaf297636aec83a11d76fa6bb06f31854edfd1e38f4ba672f2ae9
RESULT-DIN-CREDITO-PISOS-ENIF2021-K6-P-TENEDORES-LOCALIDAD-15-000-Y-MAS-P	K6-P-TENEDORES::localidad::15 000 y mas	K6-P-TENEDORES	ENIF	2021	julio 2020 a levantamiento 2021	ENIF	2024	junio 2023 a levantamiento 2024	P · PERSONA ELEGIDA 18+	localidad	15 000 y mas	CONSTRUIBLE		PENDIENTE:piloto-credito-2024 (K6)	forense/prereg-caja/DIN-CREDITO-PISOS-ENIF2021-spec-v1_0.md	6119f4dec4cbaf297636aec83a11d76fa6bb06f31854edfd1e38f4ba672f2ae9
RESULT-DIN-CREDITO-PISOS-ENIF2021-K6-P-TENEDORES-CUENTA-SIN-CUENTA-P	K6-P-TENEDORES::cuenta::sin cuenta	K6-P-TENEDORES	ENIF	2021	julio 2020 a levantamiento 2021	ENIF	2024	junio 2023 a levantamiento 2024	P · PERSONA ELEGIDA 18+	cuenta	sin cuenta	CONSTRUIBLE		PENDIENTE:piloto-credito-2024 (K6)	forense/prereg-caja/DIN-CREDITO-PISOS-ENIF2021-spec-v1_0.md	6119f4dec4cbaf297636aec83a11d76fa6bb06f31854edfd1e38f4ba672f2ae9
RESULT-DIN-CREDITO-PISOS-ENIF2021-K6-P-TENEDORES-CUENTA-CON-CUENTA-P	K6-P-TENEDORES::cuenta::con cuenta	K6-P-TENEDORES	ENIF	2021	julio 2020 a levantamiento 2021	ENIF	2024	junio 2023 a levantamiento 2024	P · PERSONA ELEGIDA 18+	cuenta	con cuenta	CONSTRUIBLE		PENDIENTE:piloto-credito-2024 (K6)	forense/prereg-caja/DIN-CREDITO-PISOS-ENIF2021-spec-v1_0.md	6119f4dec4cbaf297636aec83a11d76fa6bb06f31854edfd1e38f4ba672f2ae9
RESULT-DIN-CREDITO-PISOS-ENIF2021-K6-P-TENEDORES-FORMALIDAD-SIN-SEGURIDAD-SOCIAL-P	K6-P-TENEDORES::formalidad::sin seguridad social	K6-P-TENEDORES	ENIF	2021	julio 2020 a levantamiento 2021	ENIF	2024	junio 2023 a levantamiento 2024	P · PERSONA ELEGIDA 18+	formalidad	sin seguridad social	CONSTRUIBLE		PENDIENTE:piloto-credito-2024 (K6)	forense/prereg-caja/DIN-CREDITO-PISOS-ENIF2021-spec-v1_0.md	6119f4dec4cbaf297636aec83a11d76fa6bb06f31854edfd1e38f4ba672f2ae9
RESULT-DIN-CREDITO-PISOS-ENIF2021-K6-P-TENEDORES-FORMALIDAD-CON-SEGURIDAD-SOCIAL-P	K6-P-TENEDORES::formalidad::con seguridad social	K6-P-TENEDORES	ENIF	2021	julio 2020 a levantamiento 2021	ENIF	2024	junio 2023 a levantamiento 2024	P · PERSONA ELEGIDA 18+	formalidad	con seguridad social	CONSTRUIBLE		PENDIENTE:piloto-credito-2024 (K6)	forense/prereg-caja/DIN-CREDITO-PISOS-ENIF2021-spec-v1_0.md	6119f4dec4cbaf297636aec83a11d76fa6bb06f31854edfd1e38f4ba672f2ae9
RESULT-DIN-CREDITO-PISOS-ENIF2021-K7-SUCURSAL-SEXO-1-P	K7-SUCURSAL::sexo::1	K7-SUCURSAL	ENIF	2021	julio 2020 a levantamiento 2021	ENIF	2024	junio 2023 a levantamiento 2024	PR · ULTIMO CREDITO (una observacion por tenedor)	sexo	1	CONSTRUIBLE		PENDIENTE:piloto-credito-2024 (K7)	forense/prereg-caja/DIN-CREDITO-PISOS-ENIF2021-spec-v1_0.md	6119f4dec4cbaf297636aec83a11d76fa6bb06f31854edfd1e38f4ba672f2ae9
RESULT-DIN-CREDITO-PISOS-ENIF2021-K7-SUCURSAL-SEXO-2-P	K7-SUCURSAL::sexo::2	K7-SUCURSAL	ENIF	2021	julio 2020 a levantamiento 2021	ENIF	2024	junio 2023 a levantamiento 2024	PR · ULTIMO CREDITO (una observacion por tenedor)	sexo	2	CONSTRUIBLE		PENDIENTE:piloto-credito-2024 (K7)	forense/prereg-caja/DIN-CREDITO-PISOS-ENIF2021-spec-v1_0.md	6119f4dec4cbaf297636aec83a11d76fa6bb06f31854edfd1e38f4ba672f2ae9
RESULT-DIN-CREDITO-PISOS-ENIF2021-K7-SUCURSAL-EDAD-18-29-P	K7-SUCURSAL::edad::18-29	K7-SUCURSAL	ENIF	2021	julio 2020 a levantamiento 2021	ENIF	2024	junio 2023 a levantamiento 2024	PR · ULTIMO CREDITO (una observacion por tenedor)	edad	18-29	CONSTRUIBLE		PENDIENTE:piloto-credito-2024 (K7)	forense/prereg-caja/DIN-CREDITO-PISOS-ENIF2021-spec-v1_0.md	6119f4dec4cbaf297636aec83a11d76fa6bb06f31854edfd1e38f4ba672f2ae9
RESULT-DIN-CREDITO-PISOS-ENIF2021-K7-SUCURSAL-EDAD-30-44-P	K7-SUCURSAL::edad::30-44	K7-SUCURSAL	ENIF	2021	julio 2020 a levantamiento 2021	ENIF	2024	junio 2023 a levantamiento 2024	PR · ULTIMO CREDITO (una observacion por tenedor)	edad	30-44	CONSTRUIBLE		PENDIENTE:piloto-credito-2024 (K7)	forense/prereg-caja/DIN-CREDITO-PISOS-ENIF2021-spec-v1_0.md	6119f4dec4cbaf297636aec83a11d76fa6bb06f31854edfd1e38f4ba672f2ae9
RESULT-DIN-CREDITO-PISOS-ENIF2021-K7-SUCURSAL-EDAD-45-59-P	K7-SUCURSAL::edad::45-59	K7-SUCURSAL	ENIF	2021	julio 2020 a levantamiento 2021	ENIF	2024	junio 2023 a levantamiento 2024	PR · ULTIMO CREDITO (una observacion por tenedor)	edad	45-59	CONSTRUIBLE		PENDIENTE:piloto-credito-2024 (K7)	forense/prereg-caja/DIN-CREDITO-PISOS-ENIF2021-spec-v1_0.md	6119f4dec4cbaf297636aec83a11d76fa6bb06f31854edfd1e38f4ba672f2ae9
RESULT-DIN-CREDITO-PISOS-ENIF2021-K7-SUCURSAL-EDAD-60-MAS-P	K7-SUCURSAL::edad::60+	K7-SUCURSAL	ENIF	2021	julio 2020 a levantamiento 2021	ENIF	2024	junio 2023 a levantamiento 2024	PR · ULTIMO CREDITO (una observacion por tenedor)	edad	60+	CONSTRUIBLE		PENDIENTE:piloto-credito-2024 (K7)	forense/prereg-caja/DIN-CREDITO-PISOS-ENIF2021-spec-v1_0.md	6119f4dec4cbaf297636aec83a11d76fa6bb06f31854edfd1e38f4ba672f2ae9
RESULT-DIN-CREDITO-PISOS-ENIF2021-K7-SUCURSAL-ESCOLARIDAD-HASTA-PRIMARIA-P	K7-SUCURSAL::escolaridad::hasta_primaria	K7-SUCURSAL	ENIF	2021	julio 2020 a levantamiento 2021	ENIF	2024	junio 2023 a levantamiento 2024	PR · ULTIMO CREDITO (una observacion por tenedor)	escolaridad	hasta_primaria	CONSTRUIBLE		PENDIENTE:piloto-credito-2024 (K7)	forense/prereg-caja/DIN-CREDITO-PISOS-ENIF2021-spec-v1_0.md	6119f4dec4cbaf297636aec83a11d76fa6bb06f31854edfd1e38f4ba672f2ae9
RESULT-DIN-CREDITO-PISOS-ENIF2021-K7-SUCURSAL-ESCOLARIDAD-SECUNDARIA-P	K7-SUCURSAL::escolaridad::secundaria	K7-SUCURSAL	ENIF	2021	julio 2020 a levantamiento 2021	ENIF	2024	junio 2023 a levantamiento 2024	PR · ULTIMO CREDITO (una observacion por tenedor)	escolaridad	secundaria	CONSTRUIBLE		PENDIENTE:piloto-credito-2024 (K7)	forense/prereg-caja/DIN-CREDITO-PISOS-ENIF2021-spec-v1_0.md	6119f4dec4cbaf297636aec83a11d76fa6bb06f31854edfd1e38f4ba672f2ae9
RESULT-DIN-CREDITO-PISOS-ENIF2021-K7-SUCURSAL-ESCOLARIDAD-MEDIA-SUPERIOR-P	K7-SUCURSAL::escolaridad::media_superior	K7-SUCURSAL	ENIF	2021	julio 2020 a levantamiento 2021	ENIF	2024	junio 2023 a levantamiento 2024	PR · ULTIMO CREDITO (una observacion por tenedor)	escolaridad	media_superior	CONSTRUIBLE		PENDIENTE:piloto-credito-2024 (K7)	forense/prereg-caja/DIN-CREDITO-PISOS-ENIF2021-spec-v1_0.md	6119f4dec4cbaf297636aec83a11d76fa6bb06f31854edfd1e38f4ba672f2ae9
RESULT-DIN-CREDITO-PISOS-ENIF2021-K7-SUCURSAL-ESCOLARIDAD-SUPERIOR-P	K7-SUCURSAL::escolaridad::superior	K7-SUCURSAL	ENIF	2021	julio 2020 a levantamiento 2021	ENIF	2024	junio 2023 a levantamiento 2024	PR · ULTIMO CREDITO (una observacion por tenedor)	escolaridad	superior	CONSTRUIBLE		PENDIENTE:piloto-credito-2024 (K7)	forense/prereg-caja/DIN-CREDITO-PISOS-ENIF2021-spec-v1_0.md	6119f4dec4cbaf297636aec83a11d76fa6bb06f31854edfd1e38f4ba672f2ae9
RESULT-DIN-CREDITO-PISOS-ENIF2021-K7-SUCURSAL-LOCALIDAD-MENOR-DE-15-000-P	K7-SUCURSAL::localidad::menor de 15 000	K7-SUCURSAL	ENIF	2021	julio 2020 a levantamiento 2021	ENIF	2024	junio 2023 a levantamiento 2024	PR · ULTIMO CREDITO (una observacion por tenedor)	localidad	menor de 15 000	CONSTRUIBLE		PENDIENTE:piloto-credito-2024 (K7)	forense/prereg-caja/DIN-CREDITO-PISOS-ENIF2021-spec-v1_0.md	6119f4dec4cbaf297636aec83a11d76fa6bb06f31854edfd1e38f4ba672f2ae9
RESULT-DIN-CREDITO-PISOS-ENIF2021-K7-SUCURSAL-LOCALIDAD-15-000-Y-MAS-P	K7-SUCURSAL::localidad::15 000 y mas	K7-SUCURSAL	ENIF	2021	julio 2020 a levantamiento 2021	ENIF	2024	junio 2023 a levantamiento 2024	PR · ULTIMO CREDITO (una observacion por tenedor)	localidad	15 000 y mas	CONSTRUIBLE		PENDIENTE:piloto-credito-2024 (K7)	forense/prereg-caja/DIN-CREDITO-PISOS-ENIF2021-spec-v1_0.md	6119f4dec4cbaf297636aec83a11d76fa6bb06f31854edfd1e38f4ba672f2ae9
RESULT-DIN-CREDITO-PISOS-ENIF2021-K7-SUCURSAL-CUENTA-SIN-CUENTA-P	K7-SUCURSAL::cuenta::sin cuenta	K7-SUCURSAL	ENIF	2021	julio 2020 a levantamiento 2021	ENIF	2024	junio 2023 a levantamiento 2024	PR · ULTIMO CREDITO (una observacion por tenedor)	cuenta	sin cuenta	CONSTRUIBLE		PENDIENTE:piloto-credito-2024 (K7)	forense/prereg-caja/DIN-CREDITO-PISOS-ENIF2021-spec-v1_0.md	6119f4dec4cbaf297636aec83a11d76fa6bb06f31854edfd1e38f4ba672f2ae9
RESULT-DIN-CREDITO-PISOS-ENIF2021-K7-SUCURSAL-CUENTA-CON-CUENTA-P	K7-SUCURSAL::cuenta::con cuenta	K7-SUCURSAL	ENIF	2021	julio 2020 a levantamiento 2021	ENIF	2024	junio 2023 a levantamiento 2024	PR · ULTIMO CREDITO (una observacion por tenedor)	cuenta	con cuenta	CONSTRUIBLE		PENDIENTE:piloto-credito-2024 (K7)	forense/prereg-caja/DIN-CREDITO-PISOS-ENIF2021-spec-v1_0.md	6119f4dec4cbaf297636aec83a11d76fa6bb06f31854edfd1e38f4ba672f2ae9
RESULT-DIN-CREDITO-PISOS-ENIF2021-K7-SUCURSAL-FORMALIDAD-SIN-SEGURIDAD-SOCIAL-P	K7-SUCURSAL::formalidad::sin seguridad social	K7-SUCURSAL	ENIF	2021	julio 2020 a levantamiento 2021	ENIF	2024	junio 2023 a levantamiento 2024	PR · ULTIMO CREDITO (una observacion por tenedor)	formalidad	sin seguridad social	CONSTRUIBLE		PENDIENTE:piloto-credito-2024 (K7)	forense/prereg-caja/DIN-CREDITO-PISOS-ENIF2021-spec-v1_0.md	6119f4dec4cbaf297636aec83a11d76fa6bb06f31854edfd1e38f4ba672f2ae9
RESULT-DIN-CREDITO-PISOS-ENIF2021-K7-SUCURSAL-FORMALIDAD-CON-SEGURIDAD-SOCIAL-P	K7-SUCURSAL::formalidad::con seguridad social	K7-SUCURSAL	ENIF	2021	julio 2020 a levantamiento 2021	ENIF	2024	junio 2023 a levantamiento 2024	PR · ULTIMO CREDITO (una observacion por tenedor)	formalidad	con seguridad social	CONSTRUIBLE		PENDIENTE:piloto-credito-2024 (K7)	forense/prereg-caja/DIN-CREDITO-PISOS-ENIF2021-spec-v1_0.md	6119f4dec4cbaf297636aec83a11d76fa6bb06f31854edfd1e38f4ba672f2ae9
RESULT-DIN-CREDITO-PISOS-ENIF2021-K7-APP-SEXO-1-P	K7-APP::sexo::1	K7-APP	ENIF	2021	julio 2020 a levantamiento 2021	ENIF	2024	junio 2023 a levantamiento 2024	PR · ULTIMO CREDITO (una observacion por tenedor)	sexo	1	CONSTRUIBLE		PENDIENTE:piloto-credito-2024 (K7)	forense/prereg-caja/DIN-CREDITO-PISOS-ENIF2021-spec-v1_0.md	6119f4dec4cbaf297636aec83a11d76fa6bb06f31854edfd1e38f4ba672f2ae9
RESULT-DIN-CREDITO-PISOS-ENIF2021-K7-APP-SEXO-2-P	K7-APP::sexo::2	K7-APP	ENIF	2021	julio 2020 a levantamiento 2021	ENIF	2024	junio 2023 a levantamiento 2024	PR · ULTIMO CREDITO (una observacion por tenedor)	sexo	2	CONSTRUIBLE		PENDIENTE:piloto-credito-2024 (K7)	forense/prereg-caja/DIN-CREDITO-PISOS-ENIF2021-spec-v1_0.md	6119f4dec4cbaf297636aec83a11d76fa6bb06f31854edfd1e38f4ba672f2ae9
RESULT-DIN-CREDITO-PISOS-ENIF2021-K7-APP-EDAD-18-29-P	K7-APP::edad::18-29	K7-APP	ENIF	2021	julio 2020 a levantamiento 2021	ENIF	2024	junio 2023 a levantamiento 2024	PR · ULTIMO CREDITO (una observacion por tenedor)	edad	18-29	CONSTRUIBLE		PENDIENTE:piloto-credito-2024 (K7)	forense/prereg-caja/DIN-CREDITO-PISOS-ENIF2021-spec-v1_0.md	6119f4dec4cbaf297636aec83a11d76fa6bb06f31854edfd1e38f4ba672f2ae9
RESULT-DIN-CREDITO-PISOS-ENIF2021-K7-APP-EDAD-30-44-P	K7-APP::edad::30-44	K7-APP	ENIF	2021	julio 2020 a levantamiento 2021	ENIF	2024	junio 2023 a levantamiento 2024	PR · ULTIMO CREDITO (una observacion por tenedor)	edad	30-44	CONSTRUIBLE		PENDIENTE:piloto-credito-2024 (K7)	forense/prereg-caja/DIN-CREDITO-PISOS-ENIF2021-spec-v1_0.md	6119f4dec4cbaf297636aec83a11d76fa6bb06f31854edfd1e38f4ba672f2ae9
RESULT-DIN-CREDITO-PISOS-ENIF2021-K7-APP-EDAD-45-59-P	K7-APP::edad::45-59	K7-APP	ENIF	2021	julio 2020 a levantamiento 2021	ENIF	2024	junio 2023 a levantamiento 2024	PR · ULTIMO CREDITO (una observacion por tenedor)	edad	45-59	CONSTRUIBLE		PENDIENTE:piloto-credito-2024 (K7)	forense/prereg-caja/DIN-CREDITO-PISOS-ENIF2021-spec-v1_0.md	6119f4dec4cbaf297636aec83a11d76fa6bb06f31854edfd1e38f4ba672f2ae9
RESULT-DIN-CREDITO-PISOS-ENIF2021-K7-APP-EDAD-60-MAS-P	K7-APP::edad::60+	K7-APP	ENIF	2021	julio 2020 a levantamiento 2021	ENIF	2024	junio 2023 a levantamiento 2024	PR · ULTIMO CREDITO (una observacion por tenedor)	edad	60+	CONSTRUIBLE		PENDIENTE:piloto-credito-2024 (K7)	forense/prereg-caja/DIN-CREDITO-PISOS-ENIF2021-spec-v1_0.md	6119f4dec4cbaf297636aec83a11d76fa6bb06f31854edfd1e38f4ba672f2ae9
RESULT-DIN-CREDITO-PISOS-ENIF2021-K7-APP-ESCOLARIDAD-HASTA-PRIMARIA-P	K7-APP::escolaridad::hasta_primaria	K7-APP	ENIF	2021	julio 2020 a levantamiento 2021	ENIF	2024	junio 2023 a levantamiento 2024	PR · ULTIMO CREDITO (una observacion por tenedor)	escolaridad	hasta_primaria	CONSTRUIBLE		PENDIENTE:piloto-credito-2024 (K7)	forense/prereg-caja/DIN-CREDITO-PISOS-ENIF2021-spec-v1_0.md	6119f4dec4cbaf297636aec83a11d76fa6bb06f31854edfd1e38f4ba672f2ae9
RESULT-DIN-CREDITO-PISOS-ENIF2021-K7-APP-ESCOLARIDAD-SECUNDARIA-P	K7-APP::escolaridad::secundaria	K7-APP	ENIF	2021	julio 2020 a levantamiento 2021	ENIF	2024	junio 2023 a levantamiento 2024	PR · ULTIMO CREDITO (una observacion por tenedor)	escolaridad	secundaria	CONSTRUIBLE		PENDIENTE:piloto-credito-2024 (K7)	forense/prereg-caja/DIN-CREDITO-PISOS-ENIF2021-spec-v1_0.md	6119f4dec4cbaf297636aec83a11d76fa6bb06f31854edfd1e38f4ba672f2ae9
RESULT-DIN-CREDITO-PISOS-ENIF2021-K7-APP-ESCOLARIDAD-MEDIA-SUPERIOR-P	K7-APP::escolaridad::media_superior	K7-APP	ENIF	2021	julio 2020 a levantamiento 2021	ENIF	2024	junio 2023 a levantamiento 2024	PR · ULTIMO CREDITO (una observacion por tenedor)	escolaridad	media_superior	CONSTRUIBLE		PENDIENTE:piloto-credito-2024 (K7)	forense/prereg-caja/DIN-CREDITO-PISOS-ENIF2021-spec-v1_0.md	6119f4dec4cbaf297636aec83a11d76fa6bb06f31854edfd1e38f4ba672f2ae9
RESULT-DIN-CREDITO-PISOS-ENIF2021-K7-APP-ESCOLARIDAD-SUPERIOR-P	K7-APP::escolaridad::superior	K7-APP	ENIF	2021	julio 2020 a levantamiento 2021	ENIF	2024	junio 2023 a levantamiento 2024	PR · ULTIMO CREDITO (una observacion por tenedor)	escolaridad	superior	CONSTRUIBLE		PENDIENTE:piloto-credito-2024 (K7)	forense/prereg-caja/DIN-CREDITO-PISOS-ENIF2021-spec-v1_0.md	6119f4dec4cbaf297636aec83a11d76fa6bb06f31854edfd1e38f4ba672f2ae9
RESULT-DIN-CREDITO-PISOS-ENIF2021-K7-APP-LOCALIDAD-MENOR-DE-15-000-P	K7-APP::localidad::menor de 15 000	K7-APP	ENIF	2021	julio 2020 a levantamiento 2021	ENIF	2024	junio 2023 a levantamiento 2024	PR · ULTIMO CREDITO (una observacion por tenedor)	localidad	menor de 15 000	CONSTRUIBLE		PENDIENTE:piloto-credito-2024 (K7)	forense/prereg-caja/DIN-CREDITO-PISOS-ENIF2021-spec-v1_0.md	6119f4dec4cbaf297636aec83a11d76fa6bb06f31854edfd1e38f4ba672f2ae9
RESULT-DIN-CREDITO-PISOS-ENIF2021-K7-APP-LOCALIDAD-15-000-Y-MAS-P	K7-APP::localidad::15 000 y mas	K7-APP	ENIF	2021	julio 2020 a levantamiento 2021	ENIF	2024	junio 2023 a levantamiento 2024	PR · ULTIMO CREDITO (una observacion por tenedor)	localidad	15 000 y mas	CONSTRUIBLE		PENDIENTE:piloto-credito-2024 (K7)	forense/prereg-caja/DIN-CREDITO-PISOS-ENIF2021-spec-v1_0.md	6119f4dec4cbaf297636aec83a11d76fa6bb06f31854edfd1e38f4ba672f2ae9
RESULT-DIN-CREDITO-PISOS-ENIF2021-K7-APP-CUENTA-SIN-CUENTA-P	K7-APP::cuenta::sin cuenta	K7-APP	ENIF	2021	julio 2020 a levantamiento 2021	ENIF	2024	junio 2023 a levantamiento 2024	PR · ULTIMO CREDITO (una observacion por tenedor)	cuenta	sin cuenta	CONSTRUIBLE		PENDIENTE:piloto-credito-2024 (K7)	forense/prereg-caja/DIN-CREDITO-PISOS-ENIF2021-spec-v1_0.md	6119f4dec4cbaf297636aec83a11d76fa6bb06f31854edfd1e38f4ba672f2ae9
RESULT-DIN-CREDITO-PISOS-ENIF2021-K7-APP-CUENTA-CON-CUENTA-P	K7-APP::cuenta::con cuenta	K7-APP	ENIF	2021	julio 2020 a levantamiento 2021	ENIF	2024	junio 2023 a levantamiento 2024	PR · ULTIMO CREDITO (una observacion por tenedor)	cuenta	con cuenta	CONSTRUIBLE		PENDIENTE:piloto-credito-2024 (K7)	forense/prereg-caja/DIN-CREDITO-PISOS-ENIF2021-spec-v1_0.md	6119f4dec4cbaf297636aec83a11d76fa6bb06f31854edfd1e38f4ba672f2ae9
RESULT-DIN-CREDITO-PISOS-ENIF2021-K7-APP-FORMALIDAD-SIN-SEGURIDAD-SOCIAL-P	K7-APP::formalidad::sin seguridad social	K7-APP	ENIF	2021	julio 2020 a levantamiento 2021	ENIF	2024	junio 2023 a levantamiento 2024	PR · ULTIMO CREDITO (una observacion por tenedor)	formalidad	sin seguridad social	CONSTRUIBLE		PENDIENTE:piloto-credito-2024 (K7)	forense/prereg-caja/DIN-CREDITO-PISOS-ENIF2021-spec-v1_0.md	6119f4dec4cbaf297636aec83a11d76fa6bb06f31854edfd1e38f4ba672f2ae9
RESULT-DIN-CREDITO-PISOS-ENIF2021-K7-APP-FORMALIDAD-CON-SEGURIDAD-SOCIAL-P	K7-APP::formalidad::con seguridad social	K7-APP	ENIF	2021	julio 2020 a levantamiento 2021	ENIF	2024	junio 2023 a levantamiento 2024	PR · ULTIMO CREDITO (una observacion por tenedor)	formalidad	con seguridad social	CONSTRUIBLE		PENDIENTE:piloto-credito-2024 (K7)	forense/prereg-caja/DIN-CREDITO-PISOS-ENIF2021-spec-v1_0.md	6119f4dec4cbaf297636aec83a11d76fa6bb06f31854edfd1e38f4ba672f2ae9
RESULT-DIN-CREDITO-PISOS-ENIF2021-K7-INTERNET-SEXO-1-P	K7-INTERNET::sexo::1	K7-INTERNET	ENIF	2021	julio 2020 a levantamiento 2021	ENIF	2024	junio 2023 a levantamiento 2024	PR · ULTIMO CREDITO (una observacion por tenedor)	sexo	1	CONSTRUIBLE		PENDIENTE:piloto-credito-2024 (K7)	forense/prereg-caja/DIN-CREDITO-PISOS-ENIF2021-spec-v1_0.md	6119f4dec4cbaf297636aec83a11d76fa6bb06f31854edfd1e38f4ba672f2ae9
RESULT-DIN-CREDITO-PISOS-ENIF2021-K7-INTERNET-SEXO-2-P	K7-INTERNET::sexo::2	K7-INTERNET	ENIF	2021	julio 2020 a levantamiento 2021	ENIF	2024	junio 2023 a levantamiento 2024	PR · ULTIMO CREDITO (una observacion por tenedor)	sexo	2	CONSTRUIBLE		PENDIENTE:piloto-credito-2024 (K7)	forense/prereg-caja/DIN-CREDITO-PISOS-ENIF2021-spec-v1_0.md	6119f4dec4cbaf297636aec83a11d76fa6bb06f31854edfd1e38f4ba672f2ae9
RESULT-DIN-CREDITO-PISOS-ENIF2021-K7-INTERNET-EDAD-18-29-P	K7-INTERNET::edad::18-29	K7-INTERNET	ENIF	2021	julio 2020 a levantamiento 2021	ENIF	2024	junio 2023 a levantamiento 2024	PR · ULTIMO CREDITO (una observacion por tenedor)	edad	18-29	CONSTRUIBLE		PENDIENTE:piloto-credito-2024 (K7)	forense/prereg-caja/DIN-CREDITO-PISOS-ENIF2021-spec-v1_0.md	6119f4dec4cbaf297636aec83a11d76fa6bb06f31854edfd1e38f4ba672f2ae9
RESULT-DIN-CREDITO-PISOS-ENIF2021-K7-INTERNET-EDAD-30-44-P	K7-INTERNET::edad::30-44	K7-INTERNET	ENIF	2021	julio 2020 a levantamiento 2021	ENIF	2024	junio 2023 a levantamiento 2024	PR · ULTIMO CREDITO (una observacion por tenedor)	edad	30-44	CONSTRUIBLE		PENDIENTE:piloto-credito-2024 (K7)	forense/prereg-caja/DIN-CREDITO-PISOS-ENIF2021-spec-v1_0.md	6119f4dec4cbaf297636aec83a11d76fa6bb06f31854edfd1e38f4ba672f2ae9
RESULT-DIN-CREDITO-PISOS-ENIF2021-K7-INTERNET-EDAD-45-59-P	K7-INTERNET::edad::45-59	K7-INTERNET	ENIF	2021	julio 2020 a levantamiento 2021	ENIF	2024	junio 2023 a levantamiento 2024	PR · ULTIMO CREDITO (una observacion por tenedor)	edad	45-59	CONSTRUIBLE		PENDIENTE:piloto-credito-2024 (K7)	forense/prereg-caja/DIN-CREDITO-PISOS-ENIF2021-spec-v1_0.md	6119f4dec4cbaf297636aec83a11d76fa6bb06f31854edfd1e38f4ba672f2ae9
RESULT-DIN-CREDITO-PISOS-ENIF2021-K7-INTERNET-EDAD-60-MAS-P	K7-INTERNET::edad::60+	K7-INTERNET	ENIF	2021	julio 2020 a levantamiento 2021	ENIF	2024	junio 2023 a levantamiento 2024	PR · ULTIMO CREDITO (una observacion por tenedor)	edad	60+	CONSTRUIBLE		PENDIENTE:piloto-credito-2024 (K7)	forense/prereg-caja/DIN-CREDITO-PISOS-ENIF2021-spec-v1_0.md	6119f4dec4cbaf297636aec83a11d76fa6bb06f31854edfd1e38f4ba672f2ae9
RESULT-DIN-CREDITO-PISOS-ENIF2021-K7-INTERNET-ESCOLARIDAD-HASTA-PRIMARIA-P	K7-INTERNET::escolaridad::hasta_primaria	K7-INTERNET	ENIF	2021	julio 2020 a levantamiento 2021	ENIF	2024	junio 2023 a levantamiento 2024	PR · ULTIMO CREDITO (una observacion por tenedor)	escolaridad	hasta_primaria	CONSTRUIBLE		PENDIENTE:piloto-credito-2024 (K7)	forense/prereg-caja/DIN-CREDITO-PISOS-ENIF2021-spec-v1_0.md	6119f4dec4cbaf297636aec83a11d76fa6bb06f31854edfd1e38f4ba672f2ae9
RESULT-DIN-CREDITO-PISOS-ENIF2021-K7-INTERNET-ESCOLARIDAD-SECUNDARIA-P	K7-INTERNET::escolaridad::secundaria	K7-INTERNET	ENIF	2021	julio 2020 a levantamiento 2021	ENIF	2024	junio 2023 a levantamiento 2024	PR · ULTIMO CREDITO (una observacion por tenedor)	escolaridad	secundaria	CONSTRUIBLE		PENDIENTE:piloto-credito-2024 (K7)	forense/prereg-caja/DIN-CREDITO-PISOS-ENIF2021-spec-v1_0.md	6119f4dec4cbaf297636aec83a11d76fa6bb06f31854edfd1e38f4ba672f2ae9
RESULT-DIN-CREDITO-PISOS-ENIF2021-K7-INTERNET-ESCOLARIDAD-MEDIA-SUPERIOR-P	K7-INTERNET::escolaridad::media_superior	K7-INTERNET	ENIF	2021	julio 2020 a levantamiento 2021	ENIF	2024	junio 2023 a levantamiento 2024	PR · ULTIMO CREDITO (una observacion por tenedor)	escolaridad	media_superior	CONSTRUIBLE		PENDIENTE:piloto-credito-2024 (K7)	forense/prereg-caja/DIN-CREDITO-PISOS-ENIF2021-spec-v1_0.md	6119f4dec4cbaf297636aec83a11d76fa6bb06f31854edfd1e38f4ba672f2ae9
RESULT-DIN-CREDITO-PISOS-ENIF2021-K7-INTERNET-ESCOLARIDAD-SUPERIOR-P	K7-INTERNET::escolaridad::superior	K7-INTERNET	ENIF	2021	julio 2020 a levantamiento 2021	ENIF	2024	junio 2023 a levantamiento 2024	PR · ULTIMO CREDITO (una observacion por tenedor)	escolaridad	superior	CONSTRUIBLE		PENDIENTE:piloto-credito-2024 (K7)	forense/prereg-caja/DIN-CREDITO-PISOS-ENIF2021-spec-v1_0.md	6119f4dec4cbaf297636aec83a11d76fa6bb06f31854edfd1e38f4ba672f2ae9
RESULT-DIN-CREDITO-PISOS-ENIF2021-K7-INTERNET-LOCALIDAD-MENOR-DE-15-000-P	K7-INTERNET::localidad::menor de 15 000	K7-INTERNET	ENIF	2021	julio 2020 a levantamiento 2021	ENIF	2024	junio 2023 a levantamiento 2024	PR · ULTIMO CREDITO (una observacion por tenedor)	localidad	menor de 15 000	CONSTRUIBLE		PENDIENTE:piloto-credito-2024 (K7)	forense/prereg-caja/DIN-CREDITO-PISOS-ENIF2021-spec-v1_0.md	6119f4dec4cbaf297636aec83a11d76fa6bb06f31854edfd1e38f4ba672f2ae9
RESULT-DIN-CREDITO-PISOS-ENIF2021-K7-INTERNET-LOCALIDAD-15-000-Y-MAS-P	K7-INTERNET::localidad::15 000 y mas	K7-INTERNET	ENIF	2021	julio 2020 a levantamiento 2021	ENIF	2024	junio 2023 a levantamiento 2024	PR · ULTIMO CREDITO (una observacion por tenedor)	localidad	15 000 y mas	CONSTRUIBLE		PENDIENTE:piloto-credito-2024 (K7)	forense/prereg-caja/DIN-CREDITO-PISOS-ENIF2021-spec-v1_0.md	6119f4dec4cbaf297636aec83a11d76fa6bb06f31854edfd1e38f4ba672f2ae9
RESULT-DIN-CREDITO-PISOS-ENIF2021-K7-INTERNET-CUENTA-SIN-CUENTA-P	K7-INTERNET::cuenta::sin cuenta	K7-INTERNET	ENIF	2021	julio 2020 a levantamiento 2021	ENIF	2024	junio 2023 a levantamiento 2024	PR · ULTIMO CREDITO (una observacion por tenedor)	cuenta	sin cuenta	CONSTRUIBLE		PENDIENTE:piloto-credito-2024 (K7)	forense/prereg-caja/DIN-CREDITO-PISOS-ENIF2021-spec-v1_0.md	6119f4dec4cbaf297636aec83a11d76fa6bb06f31854edfd1e38f4ba672f2ae9
RESULT-DIN-CREDITO-PISOS-ENIF2021-K7-INTERNET-CUENTA-CON-CUENTA-P	K7-INTERNET::cuenta::con cuenta	K7-INTERNET	ENIF	2021	julio 2020 a levantamiento 2021	ENIF	2024	junio 2023 a levantamiento 2024	PR · ULTIMO CREDITO (una observacion por tenedor)	cuenta	con cuenta	CONSTRUIBLE		PENDIENTE:piloto-credito-2024 (K7)	forense/prereg-caja/DIN-CREDITO-PISOS-ENIF2021-spec-v1_0.md	6119f4dec4cbaf297636aec83a11d76fa6bb06f31854edfd1e38f4ba672f2ae9
RESULT-DIN-CREDITO-PISOS-ENIF2021-K7-INTERNET-FORMALIDAD-SIN-SEGURIDAD-SOCIAL-P	K7-INTERNET::formalidad::sin seguridad social	K7-INTERNET	ENIF	2021	julio 2020 a levantamiento 2021	ENIF	2024	junio 2023 a levantamiento 2024	PR · ULTIMO CREDITO (una observacion por tenedor)	formalidad	sin seguridad social	CONSTRUIBLE		PENDIENTE:piloto-credito-2024 (K7)	forense/prereg-caja/DIN-CREDITO-PISOS-ENIF2021-spec-v1_0.md	6119f4dec4cbaf297636aec83a11d76fa6bb06f31854edfd1e38f4ba672f2ae9
RESULT-DIN-CREDITO-PISOS-ENIF2021-K7-INTERNET-FORMALIDAD-CON-SEGURIDAD-SOCIAL-P	K7-INTERNET::formalidad::con seguridad social	K7-INTERNET	ENIF	2021	julio 2020 a levantamiento 2021	ENIF	2024	junio 2023 a levantamiento 2024	PR · ULTIMO CREDITO (una observacion por tenedor)	formalidad	con seguridad social	CONSTRUIBLE		PENDIENTE:piloto-credito-2024 (K7)	forense/prereg-caja/DIN-CREDITO-PISOS-ENIF2021-spec-v1_0.md	6119f4dec4cbaf297636aec83a11d76fa6bb06f31854edfd1e38f4ba672f2ae9
RESULT-DIN-CREDITO-PISOS-ENIF2021-K7-ESTABLECIMIENTO-SEXO-1-P	K7-ESTABLECIMIENTO::sexo::1	K7-ESTABLECIMIENTO	ENIF	2021	julio 2020 a levantamiento 2021	ENIF	2024	junio 2023 a levantamiento 2024	PR · ULTIMO CREDITO (una observacion por tenedor)	sexo	1	CONSTRUIBLE		PENDIENTE:piloto-credito-2024 (K7)	forense/prereg-caja/DIN-CREDITO-PISOS-ENIF2021-spec-v1_0.md	6119f4dec4cbaf297636aec83a11d76fa6bb06f31854edfd1e38f4ba672f2ae9
RESULT-DIN-CREDITO-PISOS-ENIF2021-K7-ESTABLECIMIENTO-SEXO-2-P	K7-ESTABLECIMIENTO::sexo::2	K7-ESTABLECIMIENTO	ENIF	2021	julio 2020 a levantamiento 2021	ENIF	2024	junio 2023 a levantamiento 2024	PR · ULTIMO CREDITO (una observacion por tenedor)	sexo	2	CONSTRUIBLE		PENDIENTE:piloto-credito-2024 (K7)	forense/prereg-caja/DIN-CREDITO-PISOS-ENIF2021-spec-v1_0.md	6119f4dec4cbaf297636aec83a11d76fa6bb06f31854edfd1e38f4ba672f2ae9
RESULT-DIN-CREDITO-PISOS-ENIF2021-K7-ESTABLECIMIENTO-EDAD-18-29-P	K7-ESTABLECIMIENTO::edad::18-29	K7-ESTABLECIMIENTO	ENIF	2021	julio 2020 a levantamiento 2021	ENIF	2024	junio 2023 a levantamiento 2024	PR · ULTIMO CREDITO (una observacion por tenedor)	edad	18-29	CONSTRUIBLE		PENDIENTE:piloto-credito-2024 (K7)	forense/prereg-caja/DIN-CREDITO-PISOS-ENIF2021-spec-v1_0.md	6119f4dec4cbaf297636aec83a11d76fa6bb06f31854edfd1e38f4ba672f2ae9
RESULT-DIN-CREDITO-PISOS-ENIF2021-K7-ESTABLECIMIENTO-EDAD-30-44-P	K7-ESTABLECIMIENTO::edad::30-44	K7-ESTABLECIMIENTO	ENIF	2021	julio 2020 a levantamiento 2021	ENIF	2024	junio 2023 a levantamiento 2024	PR · ULTIMO CREDITO (una observacion por tenedor)	edad	30-44	CONSTRUIBLE		PENDIENTE:piloto-credito-2024 (K7)	forense/prereg-caja/DIN-CREDITO-PISOS-ENIF2021-spec-v1_0.md	6119f4dec4cbaf297636aec83a11d76fa6bb06f31854edfd1e38f4ba672f2ae9
RESULT-DIN-CREDITO-PISOS-ENIF2021-K7-ESTABLECIMIENTO-EDAD-45-59-P	K7-ESTABLECIMIENTO::edad::45-59	K7-ESTABLECIMIENTO	ENIF	2021	julio 2020 a levantamiento 2021	ENIF	2024	junio 2023 a levantamiento 2024	PR · ULTIMO CREDITO (una observacion por tenedor)	edad	45-59	CONSTRUIBLE		PENDIENTE:piloto-credito-2024 (K7)	forense/prereg-caja/DIN-CREDITO-PISOS-ENIF2021-spec-v1_0.md	6119f4dec4cbaf297636aec83a11d76fa6bb06f31854edfd1e38f4ba672f2ae9
RESULT-DIN-CREDITO-PISOS-ENIF2021-K7-ESTABLECIMIENTO-EDAD-60-MAS-P	K7-ESTABLECIMIENTO::edad::60+	K7-ESTABLECIMIENTO	ENIF	2021	julio 2020 a levantamiento 2021	ENIF	2024	junio 2023 a levantamiento 2024	PR · ULTIMO CREDITO (una observacion por tenedor)	edad	60+	CONSTRUIBLE		PENDIENTE:piloto-credito-2024 (K7)	forense/prereg-caja/DIN-CREDITO-PISOS-ENIF2021-spec-v1_0.md	6119f4dec4cbaf297636aec83a11d76fa6bb06f31854edfd1e38f4ba672f2ae9
RESULT-DIN-CREDITO-PISOS-ENIF2021-K7-ESTABLECIMIENTO-ESCOLARIDAD-HASTA-PRIMARIA-P	K7-ESTABLECIMIENTO::escolaridad::hasta_primaria	K7-ESTABLECIMIENTO	ENIF	2021	julio 2020 a levantamiento 2021	ENIF	2024	junio 2023 a levantamiento 2024	PR · ULTIMO CREDITO (una observacion por tenedor)	escolaridad	hasta_primaria	CONSTRUIBLE		PENDIENTE:piloto-credito-2024 (K7)	forense/prereg-caja/DIN-CREDITO-PISOS-ENIF2021-spec-v1_0.md	6119f4dec4cbaf297636aec83a11d76fa6bb06f31854edfd1e38f4ba672f2ae9
RESULT-DIN-CREDITO-PISOS-ENIF2021-K7-ESTABLECIMIENTO-ESCOLARIDAD-SECUNDARIA-P	K7-ESTABLECIMIENTO::escolaridad::secundaria	K7-ESTABLECIMIENTO	ENIF	2021	julio 2020 a levantamiento 2021	ENIF	2024	junio 2023 a levantamiento 2024	PR · ULTIMO CREDITO (una observacion por tenedor)	escolaridad	secundaria	CONSTRUIBLE		PENDIENTE:piloto-credito-2024 (K7)	forense/prereg-caja/DIN-CREDITO-PISOS-ENIF2021-spec-v1_0.md	6119f4dec4cbaf297636aec83a11d76fa6bb06f31854edfd1e38f4ba672f2ae9
RESULT-DIN-CREDITO-PISOS-ENIF2021-K7-ESTABLECIMIENTO-ESCOLARIDAD-MEDIA-SUPERIOR-P	K7-ESTABLECIMIENTO::escolaridad::media_superior	K7-ESTABLECIMIENTO	ENIF	2021	julio 2020 a levantamiento 2021	ENIF	2024	junio 2023 a levantamiento 2024	PR · ULTIMO CREDITO (una observacion por tenedor)	escolaridad	media_superior	CONSTRUIBLE		PENDIENTE:piloto-credito-2024 (K7)	forense/prereg-caja/DIN-CREDITO-PISOS-ENIF2021-spec-v1_0.md	6119f4dec4cbaf297636aec83a11d76fa6bb06f31854edfd1e38f4ba672f2ae9
RESULT-DIN-CREDITO-PISOS-ENIF2021-K7-ESTABLECIMIENTO-ESCOLARIDAD-SUPERIOR-P	K7-ESTABLECIMIENTO::escolaridad::superior	K7-ESTABLECIMIENTO	ENIF	2021	julio 2020 a levantamiento 2021	ENIF	2024	junio 2023 a levantamiento 2024	PR · ULTIMO CREDITO (una observacion por tenedor)	escolaridad	superior	CONSTRUIBLE		PENDIENTE:piloto-credito-2024 (K7)	forense/prereg-caja/DIN-CREDITO-PISOS-ENIF2021-spec-v1_0.md	6119f4dec4cbaf297636aec83a11d76fa6bb06f31854edfd1e38f4ba672f2ae9
RESULT-DIN-CREDITO-PISOS-ENIF2021-K7-ESTABLECIMIENTO-LOCALIDAD-MENOR-DE-15-000-P	K7-ESTABLECIMIENTO::localidad::menor de 15 000	K7-ESTABLECIMIENTO	ENIF	2021	julio 2020 a levantamiento 2021	ENIF	2024	junio 2023 a levantamiento 2024	PR · ULTIMO CREDITO (una observacion por tenedor)	localidad	menor de 15 000	CONSTRUIBLE		PENDIENTE:piloto-credito-2024 (K7)	forense/prereg-caja/DIN-CREDITO-PISOS-ENIF2021-spec-v1_0.md	6119f4dec4cbaf297636aec83a11d76fa6bb06f31854edfd1e38f4ba672f2ae9
RESULT-DIN-CREDITO-PISOS-ENIF2021-K7-ESTABLECIMIENTO-LOCALIDAD-15-000-Y-MAS-P	K7-ESTABLECIMIENTO::localidad::15 000 y mas	K7-ESTABLECIMIENTO	ENIF	2021	julio 2020 a levantamiento 2021	ENIF	2024	junio 2023 a levantamiento 2024	PR · ULTIMO CREDITO (una observacion por tenedor)	localidad	15 000 y mas	CONSTRUIBLE		PENDIENTE:piloto-credito-2024 (K7)	forense/prereg-caja/DIN-CREDITO-PISOS-ENIF2021-spec-v1_0.md	6119f4dec4cbaf297636aec83a11d76fa6bb06f31854edfd1e38f4ba672f2ae9
RESULT-DIN-CREDITO-PISOS-ENIF2021-K7-ESTABLECIMIENTO-CUENTA-SIN-CUENTA-P	K7-ESTABLECIMIENTO::cuenta::sin cuenta	K7-ESTABLECIMIENTO	ENIF	2021	julio 2020 a levantamiento 2021	ENIF	2024	junio 2023 a levantamiento 2024	PR · ULTIMO CREDITO (una observacion por tenedor)	cuenta	sin cuenta	CONSTRUIBLE		PENDIENTE:piloto-credito-2024 (K7)	forense/prereg-caja/DIN-CREDITO-PISOS-ENIF2021-spec-v1_0.md	6119f4dec4cbaf297636aec83a11d76fa6bb06f31854edfd1e38f4ba672f2ae9
RESULT-DIN-CREDITO-PISOS-ENIF2021-K7-ESTABLECIMIENTO-CUENTA-CON-CUENTA-P	K7-ESTABLECIMIENTO::cuenta::con cuenta	K7-ESTABLECIMIENTO	ENIF	2021	julio 2020 a levantamiento 2021	ENIF	2024	junio 2023 a levantamiento 2024	PR · ULTIMO CREDITO (una observacion por tenedor)	cuenta	con cuenta	CONSTRUIBLE		PENDIENTE:piloto-credito-2024 (K7)	forense/prereg-caja/DIN-CREDITO-PISOS-ENIF2021-spec-v1_0.md	6119f4dec4cbaf297636aec83a11d76fa6bb06f31854edfd1e38f4ba672f2ae9
RESULT-DIN-CREDITO-PISOS-ENIF2021-K7-ESTABLECIMIENTO-FORMALIDAD-SIN-SEGURIDAD-SOCIAL-P	K7-ESTABLECIMIENTO::formalidad::sin seguridad social	K7-ESTABLECIMIENTO	ENIF	2021	julio 2020 a levantamiento 2021	ENIF	2024	junio 2023 a levantamiento 2024	PR · ULTIMO CREDITO (una observacion por tenedor)	formalidad	sin seguridad social	CONSTRUIBLE		PENDIENTE:piloto-credito-2024 (K7)	forense/prereg-caja/DIN-CREDITO-PISOS-ENIF2021-spec-v1_0.md	6119f4dec4cbaf297636aec83a11d76fa6bb06f31854edfd1e38f4ba672f2ae9
RESULT-DIN-CREDITO-PISOS-ENIF2021-K7-ESTABLECIMIENTO-FORMALIDAD-CON-SEGURIDAD-SOCIAL-P	K7-ESTABLECIMIENTO::formalidad::con seguridad social	K7-ESTABLECIMIENTO	ENIF	2021	julio 2020 a levantamiento 2021	ENIF	2024	junio 2023 a levantamiento 2024	PR · ULTIMO CREDITO (una observacion por tenedor)	formalidad	con seguridad social	CONSTRUIBLE		PENDIENTE:piloto-credito-2024 (K7)	forense/prereg-caja/DIN-CREDITO-PISOS-ENIF2021-spec-v1_0.md	6119f4dec4cbaf297636aec83a11d76fa6bb06f31854edfd1e38f4ba672f2ae9
RESULT-DIN-CREDITO-PISOS-ENIF2021-K7-PROMOTOR-SEXO-1-P	K7-PROMOTOR::sexo::1	K7-PROMOTOR	ENIF	2021	julio 2020 a levantamiento 2021	ENIF	2024	junio 2023 a levantamiento 2024	PR · ULTIMO CREDITO (una observacion por tenedor)	sexo	1	CONSTRUIBLE		PENDIENTE:piloto-credito-2024 (K7)	forense/prereg-caja/DIN-CREDITO-PISOS-ENIF2021-spec-v1_0.md	6119f4dec4cbaf297636aec83a11d76fa6bb06f31854edfd1e38f4ba672f2ae9
RESULT-DIN-CREDITO-PISOS-ENIF2021-K7-PROMOTOR-SEXO-2-P	K7-PROMOTOR::sexo::2	K7-PROMOTOR	ENIF	2021	julio 2020 a levantamiento 2021	ENIF	2024	junio 2023 a levantamiento 2024	PR · ULTIMO CREDITO (una observacion por tenedor)	sexo	2	CONSTRUIBLE		PENDIENTE:piloto-credito-2024 (K7)	forense/prereg-caja/DIN-CREDITO-PISOS-ENIF2021-spec-v1_0.md	6119f4dec4cbaf297636aec83a11d76fa6bb06f31854edfd1e38f4ba672f2ae9
RESULT-DIN-CREDITO-PISOS-ENIF2021-K7-PROMOTOR-EDAD-18-29-P	K7-PROMOTOR::edad::18-29	K7-PROMOTOR	ENIF	2021	julio 2020 a levantamiento 2021	ENIF	2024	junio 2023 a levantamiento 2024	PR · ULTIMO CREDITO (una observacion por tenedor)	edad	18-29	CONSTRUIBLE		PENDIENTE:piloto-credito-2024 (K7)	forense/prereg-caja/DIN-CREDITO-PISOS-ENIF2021-spec-v1_0.md	6119f4dec4cbaf297636aec83a11d76fa6bb06f31854edfd1e38f4ba672f2ae9
RESULT-DIN-CREDITO-PISOS-ENIF2021-K7-PROMOTOR-EDAD-30-44-P	K7-PROMOTOR::edad::30-44	K7-PROMOTOR	ENIF	2021	julio 2020 a levantamiento 2021	ENIF	2024	junio 2023 a levantamiento 2024	PR · ULTIMO CREDITO (una observacion por tenedor)	edad	30-44	CONSTRUIBLE		PENDIENTE:piloto-credito-2024 (K7)	forense/prereg-caja/DIN-CREDITO-PISOS-ENIF2021-spec-v1_0.md	6119f4dec4cbaf297636aec83a11d76fa6bb06f31854edfd1e38f4ba672f2ae9
RESULT-DIN-CREDITO-PISOS-ENIF2021-K7-PROMOTOR-EDAD-45-59-P	K7-PROMOTOR::edad::45-59	K7-PROMOTOR	ENIF	2021	julio 2020 a levantamiento 2021	ENIF	2024	junio 2023 a levantamiento 2024	PR · ULTIMO CREDITO (una observacion por tenedor)	edad	45-59	CONSTRUIBLE		PENDIENTE:piloto-credito-2024 (K7)	forense/prereg-caja/DIN-CREDITO-PISOS-ENIF2021-spec-v1_0.md	6119f4dec4cbaf297636aec83a11d76fa6bb06f31854edfd1e38f4ba672f2ae9
RESULT-DIN-CREDITO-PISOS-ENIF2021-K7-PROMOTOR-EDAD-60-MAS-P	K7-PROMOTOR::edad::60+	K7-PROMOTOR	ENIF	2021	julio 2020 a levantamiento 2021	ENIF	2024	junio 2023 a levantamiento 2024	PR · ULTIMO CREDITO (una observacion por tenedor)	edad	60+	CONSTRUIBLE		PENDIENTE:piloto-credito-2024 (K7)	forense/prereg-caja/DIN-CREDITO-PISOS-ENIF2021-spec-v1_0.md	6119f4dec4cbaf297636aec83a11d76fa6bb06f31854edfd1e38f4ba672f2ae9
RESULT-DIN-CREDITO-PISOS-ENIF2021-K7-PROMOTOR-ESCOLARIDAD-HASTA-PRIMARIA-P	K7-PROMOTOR::escolaridad::hasta_primaria	K7-PROMOTOR	ENIF	2021	julio 2020 a levantamiento 2021	ENIF	2024	junio 2023 a levantamiento 2024	PR · ULTIMO CREDITO (una observacion por tenedor)	escolaridad	hasta_primaria	CONSTRUIBLE		PENDIENTE:piloto-credito-2024 (K7)	forense/prereg-caja/DIN-CREDITO-PISOS-ENIF2021-spec-v1_0.md	6119f4dec4cbaf297636aec83a11d76fa6bb06f31854edfd1e38f4ba672f2ae9
RESULT-DIN-CREDITO-PISOS-ENIF2021-K7-PROMOTOR-ESCOLARIDAD-SECUNDARIA-P	K7-PROMOTOR::escolaridad::secundaria	K7-PROMOTOR	ENIF	2021	julio 2020 a levantamiento 2021	ENIF	2024	junio 2023 a levantamiento 2024	PR · ULTIMO CREDITO (una observacion por tenedor)	escolaridad	secundaria	CONSTRUIBLE		PENDIENTE:piloto-credito-2024 (K7)	forense/prereg-caja/DIN-CREDITO-PISOS-ENIF2021-spec-v1_0.md	6119f4dec4cbaf297636aec83a11d76fa6bb06f31854edfd1e38f4ba672f2ae9
RESULT-DIN-CREDITO-PISOS-ENIF2021-K7-PROMOTOR-ESCOLARIDAD-MEDIA-SUPERIOR-P	K7-PROMOTOR::escolaridad::media_superior	K7-PROMOTOR	ENIF	2021	julio 2020 a levantamiento 2021	ENIF	2024	junio 2023 a levantamiento 2024	PR · ULTIMO CREDITO (una observacion por tenedor)	escolaridad	media_superior	CONSTRUIBLE		PENDIENTE:piloto-credito-2024 (K7)	forense/prereg-caja/DIN-CREDITO-PISOS-ENIF2021-spec-v1_0.md	6119f4dec4cbaf297636aec83a11d76fa6bb06f31854edfd1e38f4ba672f2ae9
RESULT-DIN-CREDITO-PISOS-ENIF2021-K7-PROMOTOR-ESCOLARIDAD-SUPERIOR-P	K7-PROMOTOR::escolaridad::superior	K7-PROMOTOR	ENIF	2021	julio 2020 a levantamiento 2021	ENIF	2024	junio 2023 a levantamiento 2024	PR · ULTIMO CREDITO (una observacion por tenedor)	escolaridad	superior	CONSTRUIBLE		PENDIENTE:piloto-credito-2024 (K7)	forense/prereg-caja/DIN-CREDITO-PISOS-ENIF2021-spec-v1_0.md	6119f4dec4cbaf297636aec83a11d76fa6bb06f31854edfd1e38f4ba672f2ae9
RESULT-DIN-CREDITO-PISOS-ENIF2021-K7-PROMOTOR-LOCALIDAD-MENOR-DE-15-000-P	K7-PROMOTOR::localidad::menor de 15 000	K7-PROMOTOR	ENIF	2021	julio 2020 a levantamiento 2021	ENIF	2024	junio 2023 a levantamiento 2024	PR · ULTIMO CREDITO (una observacion por tenedor)	localidad	menor de 15 000	CONSTRUIBLE		PENDIENTE:piloto-credito-2024 (K7)	forense/prereg-caja/DIN-CREDITO-PISOS-ENIF2021-spec-v1_0.md	6119f4dec4cbaf297636aec83a11d76fa6bb06f31854edfd1e38f4ba672f2ae9
RESULT-DIN-CREDITO-PISOS-ENIF2021-K7-PROMOTOR-LOCALIDAD-15-000-Y-MAS-P	K7-PROMOTOR::localidad::15 000 y mas	K7-PROMOTOR	ENIF	2021	julio 2020 a levantamiento 2021	ENIF	2024	junio 2023 a levantamiento 2024	PR · ULTIMO CREDITO (una observacion por tenedor)	localidad	15 000 y mas	CONSTRUIBLE		PENDIENTE:piloto-credito-2024 (K7)	forense/prereg-caja/DIN-CREDITO-PISOS-ENIF2021-spec-v1_0.md	6119f4dec4cbaf297636aec83a11d76fa6bb06f31854edfd1e38f4ba672f2ae9
RESULT-DIN-CREDITO-PISOS-ENIF2021-K7-PROMOTOR-CUENTA-SIN-CUENTA-P	K7-PROMOTOR::cuenta::sin cuenta	K7-PROMOTOR	ENIF	2021	julio 2020 a levantamiento 2021	ENIF	2024	junio 2023 a levantamiento 2024	PR · ULTIMO CREDITO (una observacion por tenedor)	cuenta	sin cuenta	CONSTRUIBLE		PENDIENTE:piloto-credito-2024 (K7)	forense/prereg-caja/DIN-CREDITO-PISOS-ENIF2021-spec-v1_0.md	6119f4dec4cbaf297636aec83a11d76fa6bb06f31854edfd1e38f4ba672f2ae9
RESULT-DIN-CREDITO-PISOS-ENIF2021-K7-PROMOTOR-CUENTA-CON-CUENTA-P	K7-PROMOTOR::cuenta::con cuenta	K7-PROMOTOR	ENIF	2021	julio 2020 a levantamiento 2021	ENIF	2024	junio 2023 a levantamiento 2024	PR · ULTIMO CREDITO (una observacion por tenedor)	cuenta	con cuenta	CONSTRUIBLE		PENDIENTE:piloto-credito-2024 (K7)	forense/prereg-caja/DIN-CREDITO-PISOS-ENIF2021-spec-v1_0.md	6119f4dec4cbaf297636aec83a11d76fa6bb06f31854edfd1e38f4ba672f2ae9
RESULT-DIN-CREDITO-PISOS-ENIF2021-K7-PROMOTOR-FORMALIDAD-SIN-SEGURIDAD-SOCIAL-P	K7-PROMOTOR::formalidad::sin seguridad social	K7-PROMOTOR	ENIF	2021	julio 2020 a levantamiento 2021	ENIF	2024	junio 2023 a levantamiento 2024	PR · ULTIMO CREDITO (una observacion por tenedor)	formalidad	sin seguridad social	CONSTRUIBLE		PENDIENTE:piloto-credito-2024 (K7)	forense/prereg-caja/DIN-CREDITO-PISOS-ENIF2021-spec-v1_0.md	6119f4dec4cbaf297636aec83a11d76fa6bb06f31854edfd1e38f4ba672f2ae9
RESULT-DIN-CREDITO-PISOS-ENIF2021-K7-PROMOTOR-FORMALIDAD-CON-SEGURIDAD-SOCIAL-P	K7-PROMOTOR::formalidad::con seguridad social	K7-PROMOTOR	ENIF	2021	julio 2020 a levantamiento 2021	ENIF	2024	junio 2023 a levantamiento 2024	PR · ULTIMO CREDITO (una observacion por tenedor)	formalidad	con seguridad social	CONSTRUIBLE		PENDIENTE:piloto-credito-2024 (K7)	forense/prereg-caja/DIN-CREDITO-PISOS-ENIF2021-spec-v1_0.md	6119f4dec4cbaf297636aec83a11d76fa6bb06f31854edfd1e38f4ba672f2ae9
RESULT-DIN-CREDITO-PISOS-ENIF2021-K7-OTRO-SEXO-1-P	K7-OTRO::sexo::1	K7-OTRO	ENIF	2021	julio 2020 a levantamiento 2021	ENIF	2024	junio 2023 a levantamiento 2024	PR · ULTIMO CREDITO (una observacion por tenedor)	sexo	1	CONSTRUIBLE		PENDIENTE:piloto-credito-2024 (K7)	forense/prereg-caja/DIN-CREDITO-PISOS-ENIF2021-spec-v1_0.md	6119f4dec4cbaf297636aec83a11d76fa6bb06f31854edfd1e38f4ba672f2ae9
RESULT-DIN-CREDITO-PISOS-ENIF2021-K7-OTRO-SEXO-2-P	K7-OTRO::sexo::2	K7-OTRO	ENIF	2021	julio 2020 a levantamiento 2021	ENIF	2024	junio 2023 a levantamiento 2024	PR · ULTIMO CREDITO (una observacion por tenedor)	sexo	2	CONSTRUIBLE		PENDIENTE:piloto-credito-2024 (K7)	forense/prereg-caja/DIN-CREDITO-PISOS-ENIF2021-spec-v1_0.md	6119f4dec4cbaf297636aec83a11d76fa6bb06f31854edfd1e38f4ba672f2ae9
RESULT-DIN-CREDITO-PISOS-ENIF2021-K7-OTRO-EDAD-18-29-P	K7-OTRO::edad::18-29	K7-OTRO	ENIF	2021	julio 2020 a levantamiento 2021	ENIF	2024	junio 2023 a levantamiento 2024	PR · ULTIMO CREDITO (una observacion por tenedor)	edad	18-29	CONSTRUIBLE		PENDIENTE:piloto-credito-2024 (K7)	forense/prereg-caja/DIN-CREDITO-PISOS-ENIF2021-spec-v1_0.md	6119f4dec4cbaf297636aec83a11d76fa6bb06f31854edfd1e38f4ba672f2ae9
RESULT-DIN-CREDITO-PISOS-ENIF2021-K7-OTRO-EDAD-30-44-P	K7-OTRO::edad::30-44	K7-OTRO	ENIF	2021	julio 2020 a levantamiento 2021	ENIF	2024	junio 2023 a levantamiento 2024	PR · ULTIMO CREDITO (una observacion por tenedor)	edad	30-44	CONSTRUIBLE		PENDIENTE:piloto-credito-2024 (K7)	forense/prereg-caja/DIN-CREDITO-PISOS-ENIF2021-spec-v1_0.md	6119f4dec4cbaf297636aec83a11d76fa6bb06f31854edfd1e38f4ba672f2ae9
RESULT-DIN-CREDITO-PISOS-ENIF2021-K7-OTRO-EDAD-45-59-P	K7-OTRO::edad::45-59	K7-OTRO	ENIF	2021	julio 2020 a levantamiento 2021	ENIF	2024	junio 2023 a levantamiento 2024	PR · ULTIMO CREDITO (una observacion por tenedor)	edad	45-59	CONSTRUIBLE		PENDIENTE:piloto-credito-2024 (K7)	forense/prereg-caja/DIN-CREDITO-PISOS-ENIF2021-spec-v1_0.md	6119f4dec4cbaf297636aec83a11d76fa6bb06f31854edfd1e38f4ba672f2ae9
RESULT-DIN-CREDITO-PISOS-ENIF2021-K7-OTRO-EDAD-60-MAS-P	K7-OTRO::edad::60+	K7-OTRO	ENIF	2021	julio 2020 a levantamiento 2021	ENIF	2024	junio 2023 a levantamiento 2024	PR · ULTIMO CREDITO (una observacion por tenedor)	edad	60+	CONSTRUIBLE		PENDIENTE:piloto-credito-2024 (K7)	forense/prereg-caja/DIN-CREDITO-PISOS-ENIF2021-spec-v1_0.md	6119f4dec4cbaf297636aec83a11d76fa6bb06f31854edfd1e38f4ba672f2ae9
RESULT-DIN-CREDITO-PISOS-ENIF2021-K7-OTRO-ESCOLARIDAD-HASTA-PRIMARIA-P	K7-OTRO::escolaridad::hasta_primaria	K7-OTRO	ENIF	2021	julio 2020 a levantamiento 2021	ENIF	2024	junio 2023 a levantamiento 2024	PR · ULTIMO CREDITO (una observacion por tenedor)	escolaridad	hasta_primaria	CONSTRUIBLE		PENDIENTE:piloto-credito-2024 (K7)	forense/prereg-caja/DIN-CREDITO-PISOS-ENIF2021-spec-v1_0.md	6119f4dec4cbaf297636aec83a11d76fa6bb06f31854edfd1e38f4ba672f2ae9
RESULT-DIN-CREDITO-PISOS-ENIF2021-K7-OTRO-ESCOLARIDAD-SECUNDARIA-P	K7-OTRO::escolaridad::secundaria	K7-OTRO	ENIF	2021	julio 2020 a levantamiento 2021	ENIF	2024	junio 2023 a levantamiento 2024	PR · ULTIMO CREDITO (una observacion por tenedor)	escolaridad	secundaria	CONSTRUIBLE		PENDIENTE:piloto-credito-2024 (K7)	forense/prereg-caja/DIN-CREDITO-PISOS-ENIF2021-spec-v1_0.md	6119f4dec4cbaf297636aec83a11d76fa6bb06f31854edfd1e38f4ba672f2ae9
RESULT-DIN-CREDITO-PISOS-ENIF2021-K7-OTRO-ESCOLARIDAD-MEDIA-SUPERIOR-P	K7-OTRO::escolaridad::media_superior	K7-OTRO	ENIF	2021	julio 2020 a levantamiento 2021	ENIF	2024	junio 2023 a levantamiento 2024	PR · ULTIMO CREDITO (una observacion por tenedor)	escolaridad	media_superior	CONSTRUIBLE		PENDIENTE:piloto-credito-2024 (K7)	forense/prereg-caja/DIN-CREDITO-PISOS-ENIF2021-spec-v1_0.md	6119f4dec4cbaf297636aec83a11d76fa6bb06f31854edfd1e38f4ba672f2ae9
RESULT-DIN-CREDITO-PISOS-ENIF2021-K7-OTRO-ESCOLARIDAD-SUPERIOR-P	K7-OTRO::escolaridad::superior	K7-OTRO	ENIF	2021	julio 2020 a levantamiento 2021	ENIF	2024	junio 2023 a levantamiento 2024	PR · ULTIMO CREDITO (una observacion por tenedor)	escolaridad	superior	CONSTRUIBLE		PENDIENTE:piloto-credito-2024 (K7)	forense/prereg-caja/DIN-CREDITO-PISOS-ENIF2021-spec-v1_0.md	6119f4dec4cbaf297636aec83a11d76fa6bb06f31854edfd1e38f4ba672f2ae9
RESULT-DIN-CREDITO-PISOS-ENIF2021-K7-OTRO-LOCALIDAD-MENOR-DE-15-000-P	K7-OTRO::localidad::menor de 15 000	K7-OTRO	ENIF	2021	julio 2020 a levantamiento 2021	ENIF	2024	junio 2023 a levantamiento 2024	PR · ULTIMO CREDITO (una observacion por tenedor)	localidad	menor de 15 000	CONSTRUIBLE		PENDIENTE:piloto-credito-2024 (K7)	forense/prereg-caja/DIN-CREDITO-PISOS-ENIF2021-spec-v1_0.md	6119f4dec4cbaf297636aec83a11d76fa6bb06f31854edfd1e38f4ba672f2ae9
RESULT-DIN-CREDITO-PISOS-ENIF2021-K7-OTRO-LOCALIDAD-15-000-Y-MAS-P	K7-OTRO::localidad::15 000 y mas	K7-OTRO	ENIF	2021	julio 2020 a levantamiento 2021	ENIF	2024	junio 2023 a levantamiento 2024	PR · ULTIMO CREDITO (una observacion por tenedor)	localidad	15 000 y mas	CONSTRUIBLE		PENDIENTE:piloto-credito-2024 (K7)	forense/prereg-caja/DIN-CREDITO-PISOS-ENIF2021-spec-v1_0.md	6119f4dec4cbaf297636aec83a11d76fa6bb06f31854edfd1e38f4ba672f2ae9
RESULT-DIN-CREDITO-PISOS-ENIF2021-K7-OTRO-CUENTA-SIN-CUENTA-P	K7-OTRO::cuenta::sin cuenta	K7-OTRO	ENIF	2021	julio 2020 a levantamiento 2021	ENIF	2024	junio 2023 a levantamiento 2024	PR · ULTIMO CREDITO (una observacion por tenedor)	cuenta	sin cuenta	CONSTRUIBLE		PENDIENTE:piloto-credito-2024 (K7)	forense/prereg-caja/DIN-CREDITO-PISOS-ENIF2021-spec-v1_0.md	6119f4dec4cbaf297636aec83a11d76fa6bb06f31854edfd1e38f4ba672f2ae9
RESULT-DIN-CREDITO-PISOS-ENIF2021-K7-OTRO-CUENTA-CON-CUENTA-P	K7-OTRO::cuenta::con cuenta	K7-OTRO	ENIF	2021	julio 2020 a levantamiento 2021	ENIF	2024	junio 2023 a levantamiento 2024	PR · ULTIMO CREDITO (una observacion por tenedor)	cuenta	con cuenta	CONSTRUIBLE		PENDIENTE:piloto-credito-2024 (K7)	forense/prereg-caja/DIN-CREDITO-PISOS-ENIF2021-spec-v1_0.md	6119f4dec4cbaf297636aec83a11d76fa6bb06f31854edfd1e38f4ba672f2ae9
RESULT-DIN-CREDITO-PISOS-ENIF2021-K7-OTRO-FORMALIDAD-SIN-SEGURIDAD-SOCIAL-P	K7-OTRO::formalidad::sin seguridad social	K7-OTRO	ENIF	2021	julio 2020 a levantamiento 2021	ENIF	2024	junio 2023 a levantamiento 2024	PR · ULTIMO CREDITO (una observacion por tenedor)	formalidad	sin seguridad social	CONSTRUIBLE		PENDIENTE:piloto-credito-2024 (K7)	forense/prereg-caja/DIN-CREDITO-PISOS-ENIF2021-spec-v1_0.md	6119f4dec4cbaf297636aec83a11d76fa6bb06f31854edfd1e38f4ba672f2ae9
RESULT-DIN-CREDITO-PISOS-ENIF2021-K7-OTRO-FORMALIDAD-CON-SEGURIDAD-SOCIAL-P	K7-OTRO::formalidad::con seguridad social	K7-OTRO	ENIF	2021	julio 2020 a levantamiento 2021	ENIF	2024	junio 2023 a levantamiento 2024	PR · ULTIMO CREDITO (una observacion por tenedor)	formalidad	con seguridad social	CONSTRUIBLE		PENDIENTE:piloto-credito-2024 (K7)	forense/prereg-caja/DIN-CREDITO-PISOS-ENIF2021-spec-v1_0.md	6119f4dec4cbaf297636aec83a11d76fa6bb06f31854edfd1e38f4ba672f2ae9
