tipo,calc_id,pais,universo,precision,estado,universo_matriz,variable_a,item_a,situacion_a,codigo_a,categoria_a,variable_b,item_b,situacion_b,codigo_b,categoria_b,n_denominador,masa_denominador,n_numerador,masa_numerador,proporcion,unidad
RESULT,CALC-ISSP2017-CONSISTENCIA-APOYO-FAMILIAR-0001,México,Muestra ISSP 2017 México,EE-IC-NO-DISPONIBLES-DISENO-NO-ACREDITADO,OK,CINCO-RESPUESTAS-VALIDAS,v21,Q7a,Hogar o jardín,1,Familiar cercano,v22,Q7b,Hogar durante enfermedad,1,Familiar cercano,981,981.000000000000,504,504.000000000000,0.513761467890,proporcion-respuestas-validas
RESULT,CALC-ISSP2017-CONSISTENCIA-APOYO-FAMILIAR-0001,México,Muestra ISSP 2017 México,EE-IC-NO-DISPONIBLES-DISENO-NO-ACREDITADO,OK,CINCO-RESPUESTAS-VALIDAS,v21,Q7a,Hogar o jardín,1,Familiar cercano,v22,Q7b,Hogar durante enfermedad,2,Familiar más lejano,981,981.000000000000,51,51.000000000000,0.051987767584,proporcion-respuestas-validas
RESULT,CALC-ISSP2017-CONSISTENCIA-APOYO-FAMILIAR-0001,México,Muestra ISSP 2017 México,EE-IC-NO-DISPONIBLES-DISENO-NO-ACREDITADO,OK,CINCO-RESPUESTAS-VALIDAS,v21,Q7a,Hogar o jardín,1,Familiar cercano,v22,Q7b,Hogar durante enfermedad,3,Amigo cercano,981,981.000000000000,20,20.000000000000,0.020387359837,proporcion-respuestas-validas
RESULT,CALC-ISSP2017-CONSISTENCIA-APOYO-FAMILIAR-0001,México,Muestra ISSP 2017 México,EE-IC-NO-DISPONIBLES-DISENO-NO-ACREDITADO,OK,CINCO-RESPUESTAS-VALIDAS,v21,Q7a,Hogar o jardín,1,Familiar cercano,v22,Q7b,Hogar durante enfermedad,4,Vecino,981,981.000000000000,4,4.000000000000,0.004077471967,proporcion-respuestas-validas
RESULT,CALC-ISSP2017-CONSISTENCIA-APOYO-FAMILIAR-0001,México,Muestra ISSP 2017 México,EE-IC-NO-DISPONIBLES-DISENO-NO-ACREDITADO,OK,CINCO-RESPUESTAS-VALIDAS,v21,Q7a,Hogar o jardín,1,Familiar cercano,v22,Q7b,Hogar durante enfermedad,5,Compañero de trabajo,981,981.000000000000,0,0.000000000000,0.000000000000,proporcion-respuestas-validas
RESULT,CALC-ISSP2017-CONSISTENCIA-APOYO-FAMILIAR-0001,México,Muestra ISSP 2017 México,EE-IC-NO-DISPONIBLES-DISENO-NO-ACREDITADO,OK,CINCO-RESPUESTAS-VALIDAS,v21,Q7a,Hogar o jardín,1,Familiar cercano,v22,Q7b,Hogar durante enfermedad,6,Alguien más,981,981.000000000000,1,1.000000000000,0.001019367992,proporcion-respuestas-validas
RESULT,CALC-ISSP2017-CONSISTENCIA-APOYO-FAMILIAR-0001,México,Muestra ISSP 2017 México,EE-IC-NO-DISPONIBLES-DISENO-NO-ACREDITADO,OK,CINCO-RESPUESTAS-VALIDAS,v21,Q7a,Hogar o jardín,1,Familiar cercano,v22,Q7b,Hogar durante enfermedad,7,Ninguno,981,981.000000000000,2,2.000000000000,0.002038735984,proporcion-respuestas-validas
RESULT,CALC-ISSP2017-CONSISTENCIA-APOYO-FAMILIAR-0001,México,Muestra ISSP 2017 México,EE-IC-NO-DISPONIBLES-DISENO-NO-ACREDITADO,OK,CINCO-RESPUESTAS-VALIDAS,v21,Q7a,Hogar o jardín,2,Familiar más lejano,v22,Q7b,Hogar durante enfermedad,1,Familiar cercano,981,981.000000000000,30,30.000000000000,0.030581039755,proporcion-respuestas-validas
RESULT,CALC-ISSP2017-CONSISTENCIA-APOYO-FAMILIAR-0001,México,Muestra ISSP 2017 México,EE-IC-NO-DISPONIBLES-DISENO-NO-ACREDITADO,OK,CINCO-RESPUESTAS-VALIDAS,v21,Q7a,Hogar o jardín,2,Familiar más lejano,v22,Q7b,Hogar durante enfermedad,2,Familiar más lejano,981,981.000000000000,6,6.000000000000,0.006116207951,proporcion-respuestas-validas
RESULT,CALC-ISSP2017-CONSISTENCIA-APOYO-FAMILIAR-0001,México,Muestra ISSP 2017 México,EE-IC-NO-DISPONIBLES-DISENO-NO-ACREDITADO,OK,CINCO-RESPUESTAS-VALIDAS,v21,Q7a,Hogar o jardín,2,Familiar más lejano,v22,Q7b,Hogar durante enfermedad,3,Amigo cercano,981,981.000000000000,17,17.000000000000,0.017329255861,proporcion-respuestas-validas
RESULT,CALC-ISSP2017-CONSISTENCIA-APOYO-FAMILIAR-0001,México,Muestra ISSP 2017 México,EE-IC-NO-DISPONIBLES-DISENO-NO-ACREDITADO,OK,CINCO-RESPUESTAS-VALIDAS,v21,Q7a,Hogar o jardín,2,Familiar más lejano,v22,Q7b,Hogar durante enfermedad,4,Vecino,981,981.000000000000,2,2.000000000000,0.002038735984,proporcion-respuestas-validas
RESULT,CALC-ISSP2017-CONSISTENCIA-APOYO-FAMILIAR-0001,México,Muestra ISSP 2017 México,EE-IC-NO-DISPONIBLES-DISENO-NO-ACREDITADO,OK,CINCO-RESPUESTAS-VALIDAS,v21,Q7a,Hogar o jardín,2,Familiar más lejano,v22,Q7b,Hogar durante enfermedad,5,Compañero de trabajo,981,981.000000000000,0,0.000000000000,0.000000000000,proporcion-respuestas-validas
RESULT,CALC-ISSP2017-CONSISTENCIA-APOYO-FAMILIAR-0001,México,Muestra ISSP 2017 México,EE-IC-NO-DISPONIBLES-DISENO-NO-ACREDITADO,OK,CINCO-RESPUESTAS-VALIDAS,v21,Q7a,Hogar o jardín,2,Familiar más lejano,v22,Q7b,Hogar durante enfermedad,6,Alguien más,981,981.000000000000,0,0.000000000000,0.000000000000,proporcion-respuestas-validas
RESULT,CALC-ISSP2017-CONSISTENCIA-APOYO-FAMILIAR-0001,México,Muestra ISSP 2017 México,EE-IC-NO-DISPONIBLES-DISENO-NO-ACREDITADO,OK,CINCO-RESPUESTAS-VALIDAS,v21,Q7a,Hogar o jardín,2,Familiar más lejano,v22,Q7b,Hogar durante enfermedad,7,Ninguno,981,981.000000000000,0,0.000000000000,0.000000000000,proporcion-respuestas-validas
RESULT,CALC-ISSP2017-CONSISTENCIA-APOYO-FAMILIAR-0001,México,Muestra ISSP 2017 México,EE-IC-NO-DISPONIBLES-DISENO-NO-ACREDITADO,OK,CINCO-RESPUESTAS-VALIDAS,v21,Q7a,Hogar o jardín,3,Amigo cercano,v22,Q7b,Hogar durante enfermedad,1,Familiar cercano,981,981.000000000000,104,104.000000000000,0.106014271152,proporcion-respuestas-validas
RESULT,CALC-ISSP2017-CONSISTENCIA-APOYO-FAMILIAR-0001,México,Muestra ISSP 2017 México,EE-IC-NO-DISPONIBLES-DISENO-NO-ACREDITADO,OK,CINCO-RESPUESTAS-VALIDAS,v21,Q7a,Hogar o jardín,3,Amigo cercano,v22,Q7b,Hogar durante enfermedad,2,Familiar más lejano,981,981.000000000000,18,18.000000000000,0.018348623853,proporcion-respuestas-validas
RESULT,CALC-ISSP2017-CONSISTENCIA-APOYO-FAMILIAR-0001,México,Muestra ISSP 2017 México,EE-IC-NO-DISPONIBLES-DISENO-NO-ACREDITADO,OK,CINCO-RESPUESTAS-VALIDAS,v21,Q7a,Hogar o jardín,3,Amigo cercano,v22,Q7b,Hogar durante enfermedad,3,Amigo cercano,981,981.000000000000,22,22.000000000000,0.022426095821,proporcion-respuestas-validas
RESULT,CALC-ISSP2017-CONSISTENCIA-APOYO-FAMILIAR-0001,México,Muestra ISSP 2017 México,EE-IC-NO-DISPONIBLES-DISENO-NO-ACREDITADO,OK,CINCO-RESPUESTAS-VALIDAS,v21,Q7a,Hogar o jardín,3,Amigo cercano,v22,Q7b,Hogar durante enfermedad,4,Vecino,981,981.000000000000,9,9.000000000000,0.009174311927,proporcion-respuestas-validas
RESULT,CALC-ISSP2017-CONSISTENCIA-APOYO-FAMILIAR-0001,México,Muestra ISSP 2017 México,EE-IC-NO-DISPONIBLES-DISENO-NO-ACREDITADO,OK,CINCO-RESPUESTAS-VALIDAS,v21,Q7a,Hogar o jardín,3,Amigo cercano,v22,Q7b,Hogar durante enfermedad,5,Compañero de trabajo,981,981.000000000000,2,2.000000000000,0.002038735984,proporcion-respuestas-validas
RESULT,CALC-ISSP2017-CONSISTENCIA-APOYO-FAMILIAR-0001,México,Muestra ISSP 2017 México,EE-IC-NO-DISPONIBLES-DISENO-NO-ACREDITADO,OK,CINCO-RESPUESTAS-VALIDAS,v21,Q7a,Hogar o jardín,3,Amigo cercano,v22,Q7b,Hogar durante enfermedad,6,Alguien más,981,981.000000000000,1,1.000000000000,0.001019367992,proporcion-respuestas-validas
RESULT,CALC-ISSP2017-CONSISTENCIA-APOYO-FAMILIAR-0001,México,Muestra ISSP 2017 México,EE-IC-NO-DISPONIBLES-DISENO-NO-ACREDITADO,OK,CINCO-RESPUESTAS-VALIDAS,v21,Q7a,Hogar o jardín,3,Amigo cercano,v22,Q7b,Hogar durante enfermedad,7,Ninguno,981,981.000000000000,0,0.000000000000,0.000000000000,proporcion-respuestas-validas
RESULT,CALC-ISSP2017-CONSISTENCIA-APOYO-FAMILIAR-0001,México,Muestra ISSP 2017 México,EE-IC-NO-DISPONIBLES-DISENO-NO-ACREDITADO,OK,CINCO-RESPUESTAS-VALIDAS,v21,Q7a,Hogar o jardín,4,Vecino,v22,Q7b,Hogar durante enfermedad,1,Familiar cercano,981,981.000000000000,49,49.000000000000,0.049949031600,proporcion-respuestas-validas
RESULT,CALC-ISSP2017-CONSISTENCIA-APOYO-FAMILIAR-0001,México,Muestra ISSP 2017 México,EE-IC-NO-DISPONIBLES-DISENO-NO-ACREDITADO,OK,CINCO-RESPUESTAS-VALIDAS,v21,Q7a,Hogar o jardín,4,Vecino,v22,Q7b,Hogar durante enfermedad,2,Familiar más lejano,981,981.000000000000,2,2.000000000000,0.002038735984,proporcion-respuestas-validas
RESULT,CALC-ISSP2017-CONSISTENCIA-APOYO-FAMILIAR-0001,México,Muestra ISSP 2017 México,EE-IC-NO-DISPONIBLES-DISENO-NO-ACREDITADO,OK,CINCO-RESPUESTAS-VALIDAS,v21,Q7a,Hogar o jardín,4,Vecino,v22,Q7b,Hogar durante enfermedad,3,Amigo cercano,981,981.000000000000,22,22.000000000000,0.022426095821,proporcion-respuestas-validas
RESULT,CALC-ISSP2017-CONSISTENCIA-APOYO-FAMILIAR-0001,México,Muestra ISSP 2017 México,EE-IC-NO-DISPONIBLES-DISENO-NO-ACREDITADO,OK,CINCO-RESPUESTAS-VALIDAS,v21,Q7a,Hogar o jardín,4,Vecino,v22,Q7b,Hogar durante enfermedad,4,Vecino,981,981.000000000000,11,11.000000000000,0.011213047910,proporcion-respuestas-validas
RESULT,CALC-ISSP2017-CONSISTENCIA-APOYO-FAMILIAR-0001,México,Muestra ISSP 2017 México,EE-IC-NO-DISPONIBLES-DISENO-NO-ACREDITADO,OK,CINCO-RESPUESTAS-VALIDAS,v21,Q7a,Hogar o jardín,4,Vecino,v22,Q7b,Hogar durante enfermedad,5,Compañero de trabajo,981,981.000000000000,1,1.000000000000,0.001019367992,proporcion-respuestas-validas
RESULT,CALC-ISSP2017-CONSISTENCIA-APOYO-FAMILIAR-0001,México,Muestra ISSP 2017 México,EE-IC-NO-DISPONIBLES-DISENO-NO-ACREDITADO,OK,CINCO-RESPUESTAS-VALIDAS,v21,Q7a,Hogar o jardín,4,Vecino,v22,Q7b,Hogar durante enfermedad,6,Alguien más,981,981.000000000000,1,1.000000000000,0.001019367992,proporcion-respuestas-validas
RESULT,CALC-ISSP2017-CONSISTENCIA-APOYO-FAMILIAR-0001,México,Muestra ISSP 2017 México,EE-IC-NO-DISPONIBLES-DISENO-NO-ACREDITADO,OK,CINCO-RESPUESTAS-VALIDAS,v21,Q7a,Hogar o jardín,4,Vecino,v22,Q7b,Hogar durante enfermedad,7,Ninguno,981,981.000000000000,0,0.000000000000,0.000000000000,proporcion-respuestas-validas
RESULT,CALC-ISSP2017-CONSISTENCIA-APOYO-FAMILIAR-0001,México,Muestra ISSP 2017 México,EE-IC-NO-DISPONIBLES-DISENO-NO-ACREDITADO,OK,CINCO-RESPUESTAS-VALIDAS,v21,Q7a,Hogar o jardín,5,Compañero de trabajo,v22,Q7b,Hogar durante enfermedad,1,Familiar cercano,981,981.000000000000,9,9.000000000000,0.009174311927,proporcion-respuestas-validas
RESULT,CALC-ISSP2017-CONSISTENCIA-APOYO-FAMILIAR-0001,México,Muestra ISSP 2017 México,EE-IC-NO-DISPONIBLES-DISENO-NO-ACREDITADO,OK,CINCO-RESPUESTAS-VALIDAS,v21,Q7a,Hogar o jardín,5,Compañero de trabajo,v22,Q7b,Hogar durante enfermedad,2,Familiar más lejano,981,981.000000000000,0,0.000000000000,0.000000000000,proporcion-respuestas-validas
RESULT,CALC-ISSP2017-CONSISTENCIA-APOYO-FAMILIAR-0001,México,Muestra ISSP 2017 México,EE-IC-NO-DISPONIBLES-DISENO-NO-ACREDITADO,OK,CINCO-RESPUESTAS-VALIDAS,v21,Q7a,Hogar o jardín,5,Compañero de trabajo,v22,Q7b,Hogar durante enfermedad,3,Amigo cercano,981,981.000000000000,3,3.000000000000,0.003058103976,proporcion-respuestas-validas
RESULT,CALC-ISSP2017-CONSISTENCIA-APOYO-FAMILIAR-0001,México,Muestra ISSP 2017 México,EE-IC-NO-DISPONIBLES-DISENO-NO-ACREDITADO,OK,CINCO-RESPUESTAS-VALIDAS,v21,Q7a,Hogar o jardín,5,Compañero de trabajo,v22,Q7b,Hogar durante enfermedad,4,Vecino,981,981.000000000000,3,3.000000000000,0.003058103976,proporcion-respuestas-validas
RESULT,CALC-ISSP2017-CONSISTENCIA-APOYO-FAMILIAR-0001,México,Muestra ISSP 2017 México,EE-IC-NO-DISPONIBLES-DISENO-NO-ACREDITADO,OK,CINCO-RESPUESTAS-VALIDAS,v21,Q7a,Hogar o jardín,5,Compañero de trabajo,v22,Q7b,Hogar durante enfermedad,5,Compañero de trabajo,981,981.000000000000,3,3.000000000000,0.003058103976,proporcion-respuestas-validas
RESULT,CALC-ISSP2017-CONSISTENCIA-APOYO-FAMILIAR-0001,México,Muestra ISSP 2017 México,EE-IC-NO-DISPONIBLES-DISENO-NO-ACREDITADO,OK,CINCO-RESPUESTAS-VALIDAS,v21,Q7a,Hogar o jardín,5,Compañero de trabajo,v22,Q7b,Hogar durante enfermedad,6,Alguien más,981,981.000000000000,1,1.000000000000,0.001019367992,proporcion-respuestas-validas
RESULT,CALC-ISSP2017-CONSISTENCIA-APOYO-FAMILIAR-0001,México,Muestra ISSP 2017 México,EE-IC-NO-DISPONIBLES-DISENO-NO-ACREDITADO,OK,CINCO-RESPUESTAS-VALIDAS,v21,Q7a,Hogar o jardín,5,Compañero de trabajo,v22,Q7b,Hogar durante enfermedad,7,Ninguno,981,981.000000000000,0,0.000000000000,0.000000000000,proporcion-respuestas-validas
RESULT,CALC-ISSP2017-CONSISTENCIA-APOYO-FAMILIAR-0001,México,Muestra ISSP 2017 México,EE-IC-NO-DISPONIBLES-DISENO-NO-ACREDITADO,OK,CINCO-RESPUESTAS-VALIDAS,v21,Q7a,Hogar o jardín,6,Alguien más,v22,Q7b,Hogar durante enfermedad,1,Familiar cercano,981,981.000000000000,37,37.000000000000,0.037716615698,proporcion-respuestas-validas
RESULT,CALC-ISSP2017-CONSISTENCIA-APOYO-FAMILIAR-0001,México,Muestra ISSP 2017 México,EE-IC-NO-DISPONIBLES-DISENO-NO-ACREDITADO,OK,CINCO-RESPUESTAS-VALIDAS,v21,Q7a,Hogar o jardín,6,Alguien más,v22,Q7b,Hogar durante enfermedad,2,Familiar más lejano,981,981.000000000000,0,0.000000000000,0.000000000000,proporcion-respuestas-validas
RESULT,CALC-ISSP2017-CONSISTENCIA-APOYO-FAMILIAR-0001,México,Muestra ISSP 2017 México,EE-IC-NO-DISPONIBLES-DISENO-NO-ACREDITADO,OK,CINCO-RESPUESTAS-VALIDAS,v21,Q7a,Hogar o jardín,6,Alguien más,v22,Q7b,Hogar durante enfermedad,3,Amigo cercano,981,981.000000000000,3,3.000000000000,0.003058103976,proporcion-respuestas-validas
RESULT,CALC-ISSP2017-CONSISTENCIA-APOYO-FAMILIAR-0001,México,Muestra ISSP 2017 México,EE-IC-NO-DISPONIBLES-DISENO-NO-ACREDITADO,OK,CINCO-RESPUESTAS-VALIDAS,v21,Q7a,Hogar o jardín,6,Alguien más,v22,Q7b,Hogar durante enfermedad,4,Vecino,981,981.000000000000,1,1.000000000000,0.001019367992,proporcion-respuestas-validas
RESULT,CALC-ISSP2017-CONSISTENCIA-APOYO-FAMILIAR-0001,México,Muestra ISSP 2017 México,EE-IC-NO-DISPONIBLES-DISENO-NO-ACREDITADO,OK,CINCO-RESPUESTAS-VALIDAS,v21,Q7a,Hogar o jardín,6,Alguien más,v22,Q7b,Hogar durante enfermedad,5,Compañero de trabajo,981,981.000000000000,3,3.000000000000,0.003058103976,proporcion-respuestas-validas
RESULT,CALC-ISSP2017-CONSISTENCIA-APOYO-FAMILIAR-0001,México,Muestra ISSP 2017 México,EE-IC-NO-DISPONIBLES-DISENO-NO-ACREDITADO,OK,CINCO-RESPUESTAS-VALIDAS,v21,Q7a,Hogar o jardín,6,Alguien más,v22,Q7b,Hogar durante enfermedad,6,Alguien más,981,981.000000000000,9,9.000000000000,0.009174311927,proporcion-respuestas-validas
RESULT,CALC-ISSP2017-CONSISTENCIA-APOYO-FAMILIAR-0001,México,Muestra ISSP 2017 México,EE-IC-NO-DISPONIBLES-DISENO-NO-ACREDITADO,OK,CINCO-RESPUESTAS-VALIDAS,v21,Q7a,Hogar o jardín,6,Alguien más,v22,Q7b,Hogar durante enfermedad,7,Ninguno,981,981.000000000000,1,1.000000000000,0.001019367992,proporcion-respuestas-validas
RESULT,CALC-ISSP2017-CONSISTENCIA-APOYO-FAMILIAR-0001,México,Muestra ISSP 2017 México,EE-IC-NO-DISPONIBLES-DISENO-NO-ACREDITADO,OK,CINCO-RESPUESTAS-VALIDAS,v21,Q7a,Hogar o jardín,7,Ninguno,v22,Q7b,Hogar durante enfermedad,1,Familiar cercano,981,981.000000000000,17,17.000000000000,0.017329255861,proporcion-respuestas-validas
RESULT,CALC-ISSP2017-CONSISTENCIA-APOYO-FAMILIAR-0001,México,Muestra ISSP 2017 México,EE-IC-NO-DISPONIBLES-DISENO-NO-ACREDITADO,OK,CINCO-RESPUESTAS-VALIDAS,v21,Q7a,Hogar o jardín,7,Ninguno,v22,Q7b,Hogar durante enfermedad,2,Familiar más lejano,981,981.000000000000,3,3.000000000000,0.003058103976,proporcion-respuestas-validas
RESULT,CALC-ISSP2017-CONSISTENCIA-APOYO-FAMILIAR-0001,México,Muestra ISSP 2017 México,EE-IC-NO-DISPONIBLES-DISENO-NO-ACREDITADO,OK,CINCO-RESPUESTAS-VALIDAS,v21,Q7a,Hogar o jardín,7,Ninguno,v22,Q7b,Hogar durante enfermedad,3,Amigo cercano,981,981.000000000000,3,3.000000000000,0.003058103976,proporcion-respuestas-validas
RESULT,CALC-ISSP2017-CONSISTENCIA-APOYO-FAMILIAR-0001,México,Muestra ISSP 2017 México,EE-IC-NO-DISPONIBLES-DISENO-NO-ACREDITADO,OK,CINCO-RESPUESTAS-VALIDAS,v21,Q7a,Hogar o jardín,7,Ninguno,v22,Q7b,Hogar durante enfermedad,4,Vecino,981,981.000000000000,0,0.000000000000,0.000000000000,proporcion-respuestas-validas
RESULT,CALC-ISSP2017-CONSISTENCIA-APOYO-FAMILIAR-0001,México,Muestra ISSP 2017 México,EE-IC-NO-DISPONIBLES-DISENO-NO-ACREDITADO,OK,CINCO-RESPUESTAS-VALIDAS,v21,Q7a,Hogar o jardín,7,Ninguno,v22,Q7b,Hogar durante enfermedad,5,Compañero de trabajo,981,981.000000000000,0,0.000000000000,0.000000000000,proporcion-respuestas-validas
RESULT,CALC-ISSP2017-CONSISTENCIA-APOYO-FAMILIAR-0001,México,Muestra ISSP 2017 México,EE-IC-NO-DISPONIBLES-DISENO-NO-ACREDITADO,OK,CINCO-RESPUESTAS-VALIDAS,v21,Q7a,Hogar o jardín,7,Ninguno,v22,Q7b,Hogar durante enfermedad,6,Alguien más,981,981.000000000000,3,3.000000000000,0.003058103976,proporcion-respuestas-validas
RESULT,CALC-ISSP2017-CONSISTENCIA-APOYO-FAMILIAR-0001,México,Muestra ISSP 2017 México,EE-IC-NO-DISPONIBLES-DISENO-NO-ACREDITADO,OK,CINCO-RESPUESTAS-VALIDAS,v21,Q7a,Hogar o jardín,7,Ninguno,v22,Q7b,Hogar durante enfermedad,7,Ninguno,981,981.000000000000,3,3.000000000000,0.003058103976,proporcion-respuestas-validas
RESULT,CALC-ISSP2017-CONSISTENCIA-APOYO-FAMILIAR-0001,México,Muestra ISSP 2017 México,EE-IC-NO-DISPONIBLES-DISENO-NO-ACREDITADO,OK,CINCO-RESPUESTAS-VALIDAS,v21,Q7a,Hogar o jardín,1,Familiar cercano,v23,Q7c,Hablar al sentirse deprimido,1,Familiar cercano,981,981.000000000000,380,380.000000000000,0.387359836901,proporcion-respuestas-validas
RESULT,CALC-ISSP2017-CONSISTENCIA-APOYO-FAMILIAR-0001,México,Muestra ISSP 2017 México,EE-IC-NO-DISPONIBLES-DISENO-NO-ACREDITADO,OK,CINCO-RESPUESTAS-VALIDAS,v21,Q7a,Hogar o jardín,1,Familiar cercano,v23,Q7c,Hablar al sentirse deprimido,2,Familiar más lejano,981,981.000000000000,26,26.000000000000,0.026503567788,proporcion-respuestas-validas
RESULT,CALC-ISSP2017-CONSISTENCIA-APOYO-FAMILIAR-0001,México,Muestra ISSP 2017 México,EE-IC-NO-DISPONIBLES-DISENO-NO-ACREDITADO,OK,CINCO-RESPUESTAS-VALIDAS,v21,Q7a,Hogar o jardín,1,Familiar cercano,v23,Q7c,Hablar al sentirse deprimido,3,Amigo cercano,981,981.000000000000,147,147.000000000000,0.149847094801,proporcion-respuestas-validas
RESULT,CALC-ISSP2017-CONSISTENCIA-APOYO-FAMILIAR-0001,México,Muestra ISSP 2017 México,EE-IC-NO-DISPONIBLES-DISENO-NO-ACREDITADO,OK,CINCO-RESPUESTAS-VALIDAS,v21,Q7a,Hogar o jardín,1,Familiar cercano,v23,Q7c,Hablar al sentirse deprimido,4,Vecino,981,981.000000000000,9,9.000000000000,0.009174311927,proporcion-respuestas-validas
RESULT,CALC-ISSP2017-CONSISTENCIA-APOYO-FAMILIAR-0001,México,Muestra ISSP 2017 México,EE-IC-NO-DISPONIBLES-DISENO-NO-ACREDITADO,OK,CINCO-RESPUESTAS-VALIDAS,v21,Q7a,Hogar o jardín,1,Familiar cercano,v23,Q7c,Hablar al sentirse deprimido,5,Compañero de trabajo,981,981.000000000000,2,2.000000000000,0.002038735984,proporcion-respuestas-validas
RESULT,CALC-ISSP2017-CONSISTENCIA-APOYO-FAMILIAR-0001,México,Muestra ISSP 2017 México,EE-IC-NO-DISPONIBLES-DISENO-NO-ACREDITADO,OK,CINCO-RESPUESTAS-VALIDAS,v21,Q7a,Hogar o jardín,1,Familiar cercano,v23,Q7c,Hablar al sentirse deprimido,6,Alguien más,981,981.000000000000,6,6.000000000000,0.006116207951,proporcion-respuestas-validas
RESULT,CALC-ISSP2017-CONSISTENCIA-APOYO-FAMILIAR-0001,México,Muestra ISSP 2017 México,EE-IC-NO-DISPONIBLES-DISENO-NO-ACREDITADO,OK,CINCO-RESPUESTAS-VALIDAS,v21,Q7a,Hogar o jardín,1,Familiar cercano,v23,Q7c,Hablar al sentirse deprimido,7,Ninguno,981,981.000000000000,12,12.000000000000,0.012232415902,proporcion-respuestas-validas
RESULT,CALC-ISSP2017-CONSISTENCIA-APOYO-FAMILIAR-0001,México,Muestra ISSP 2017 México,EE-IC-NO-DISPONIBLES-DISENO-NO-ACREDITADO,OK,CINCO-RESPUESTAS-VALIDAS,v21,Q7a,Hogar o jardín,2,Familiar más lejano,v23,Q7c,Hablar al sentirse deprimido,1,Familiar cercano,981,981.000000000000,32,32.000000000000,0.032619775739,proporcion-respuestas-validas
RESULT,CALC-ISSP2017-CONSISTENCIA-APOYO-FAMILIAR-0001,México,Muestra ISSP 2017 México,EE-IC-NO-DISPONIBLES-DISENO-NO-ACREDITADO,OK,CINCO-RESPUESTAS-VALIDAS,v21,Q7a,Hogar o jardín,2,Familiar más lejano,v23,Q7c,Hablar al sentirse deprimido,2,Familiar más lejano,981,981.000000000000,13,13.000000000000,0.013251783894,proporcion-respuestas-validas
RESULT,CALC-ISSP2017-CONSISTENCIA-APOYO-FAMILIAR-0001,México,Muestra ISSP 2017 México,EE-IC-NO-DISPONIBLES-DISENO-NO-ACREDITADO,OK,CINCO-RESPUESTAS-VALIDAS,v21,Q7a,Hogar o jardín,2,Familiar más lejano,v23,Q7c,Hablar al sentirse deprimido,3,Amigo cercano,981,981.000000000000,9,9.000000000000,0.009174311927,proporcion-respuestas-validas
RESULT,CALC-ISSP2017-CONSISTENCIA-APOYO-FAMILIAR-0001,México,Muestra ISSP 2017 México,EE-IC-NO-DISPONIBLES-DISENO-NO-ACREDITADO,OK,CINCO-RESPUESTAS-VALIDAS,v21,Q7a,Hogar o jardín,2,Familiar más lejano,v23,Q7c,Hablar al sentirse deprimido,4,Vecino,981,981.000000000000,0,0.000000000000,0.000000000000,proporcion-respuestas-validas
RESULT,CALC-ISSP2017-CONSISTENCIA-APOYO-FAMILIAR-0001,México,Muestra ISSP 2017 México,EE-IC-NO-DISPONIBLES-DISENO-NO-ACREDITADO,OK,CINCO-RESPUESTAS-VALIDAS,v21,Q7a,Hogar o jardín,2,Familiar más lejano,v23,Q7c,Hablar al sentirse deprimido,5,Compañero de trabajo,981,981.000000000000,0,0.000000000000,0.000000000000,proporcion-respuestas-validas
RESULT,CALC-ISSP2017-CONSISTENCIA-APOYO-FAMILIAR-0001,México,Muestra ISSP 2017 México,EE-IC-NO-DISPONIBLES-DISENO-NO-ACREDITADO,OK,CINCO-RESPUESTAS-VALIDAS,v21,Q7a,Hogar o jardín,2,Familiar más lejano,v23,Q7c,Hablar al sentirse deprimido,6,Alguien más,981,981.000000000000,1,1.000000000000,0.001019367992,proporcion-respuestas-validas
RESULT,CALC-ISSP2017-CONSISTENCIA-APOYO-FAMILIAR-0001,México,Muestra ISSP 2017 México,EE-IC-NO-DISPONIBLES-DISENO-NO-ACREDITADO,OK,CINCO-RESPUESTAS-VALIDAS,v21,Q7a,Hogar o jardín,2,Familiar más lejano,v23,Q7c,Hablar al sentirse deprimido,7,Ninguno,981,981.000000000000,0,0.000000000000,0.000000000000,proporcion-respuestas-validas
RESULT,CALC-ISSP2017-CONSISTENCIA-APOYO-FAMILIAR-0001,México,Muestra ISSP 2017 México,EE-IC-NO-DISPONIBLES-DISENO-NO-ACREDITADO,OK,CINCO-RESPUESTAS-VALIDAS,v21,Q7a,Hogar o jardín,3,Amigo cercano,v23,Q7c,Hablar al sentirse deprimido,1,Familiar cercano,981,981.000000000000,59,59.000000000000,0.060142711519,proporcion-respuestas-validas
RESULT,CALC-ISSP2017-CONSISTENCIA-APOYO-FAMILIAR-0001,México,Muestra ISSP 2017 México,EE-IC-NO-DISPONIBLES-DISENO-NO-ACREDITADO,OK,CINCO-RESPUESTAS-VALIDAS,v21,Q7a,Hogar o jardín,3,Amigo cercano,v23,Q7c,Hablar al sentirse deprimido,2,Familiar más lejano,981,981.000000000000,14,14.000000000000,0.014271151886,proporcion-respuestas-validas
RESULT,CALC-ISSP2017-CONSISTENCIA-APOYO-FAMILIAR-0001,México,Muestra ISSP 2017 México,EE-IC-NO-DISPONIBLES-DISENO-NO-ACREDITADO,OK,CINCO-RESPUESTAS-VALIDAS,v21,Q7a,Hogar o jardín,3,Amigo cercano,v23,Q7c,Hablar al sentirse deprimido,3,Amigo cercano,981,981.000000000000,65,65.000000000000,0.066258919470,proporcion-respuestas-validas
RESULT,CALC-ISSP2017-CONSISTENCIA-APOYO-FAMILIAR-0001,México,Muestra ISSP 2017 México,EE-IC-NO-DISPONIBLES-DISENO-NO-ACREDITADO,OK,CINCO-RESPUESTAS-VALIDAS,v21,Q7a,Hogar o jardín,3,Amigo cercano,v23,Q7c,Hablar al sentirse deprimido,4,Vecino,981,981.000000000000,6,6.000000000000,0.006116207951,proporcion-respuestas-validas
RESULT,CALC-ISSP2017-CONSISTENCIA-APOYO-FAMILIAR-0001,México,Muestra ISSP 2017 México,EE-IC-NO-DISPONIBLES-DISENO-NO-ACREDITADO,OK,CINCO-RESPUESTAS-VALIDAS,v21,Q7a,Hogar o jardín,3,Amigo cercano,v23,Q7c,Hablar al sentirse deprimido,5,Compañero de trabajo,981,981.000000000000,6,6.000000000000,0.006116207951,proporcion-respuestas-validas
RESULT,CALC-ISSP2017-CONSISTENCIA-APOYO-FAMILIAR-0001,México,Muestra ISSP 2017 México,EE-IC-NO-DISPONIBLES-DISENO-NO-ACREDITADO,OK,CINCO-RESPUESTAS-VALIDAS,v21,Q7a,Hogar o jardín,3,Amigo cercano,v23,Q7c,Hablar al sentirse deprimido,6,Alguien más,981,981.000000000000,2,2.000000000000,0.002038735984,proporcion-respuestas-validas
RESULT,CALC-ISSP2017-CONSISTENCIA-APOYO-FAMILIAR-0001,México,Muestra ISSP 2017 México,EE-IC-NO-DISPONIBLES-DISENO-NO-ACREDITADO,OK,CINCO-RESPUESTAS-VALIDAS,v21,Q7a,Hogar o jardín,3,Amigo cercano,v23,Q7c,Hablar al sentirse deprimido,7,Ninguno,981,981.000000000000,4,4.000000000000,0.004077471967,proporcion-respuestas-validas
RESULT,CALC-ISSP2017-CONSISTENCIA-APOYO-FAMILIAR-0001,México,Muestra ISSP 2017 México,EE-IC-NO-DISPONIBLES-DISENO-NO-ACREDITADO,OK,CINCO-RESPUESTAS-VALIDAS,v21,Q7a,Hogar o jardín,4,Vecino,v23,Q7c,Hablar al sentirse deprimido,1,Familiar cercano,981,981.000000000000,36,36.000000000000,0.036697247706,proporcion-respuestas-validas
RESULT,CALC-ISSP2017-CONSISTENCIA-APOYO-FAMILIAR-0001,México,Muestra ISSP 2017 México,EE-IC-NO-DISPONIBLES-DISENO-NO-ACREDITADO,OK,CINCO-RESPUESTAS-VALIDAS,v21,Q7a,Hogar o jardín,4,Vecino,v23,Q7c,Hablar al sentirse deprimido,2,Familiar más lejano,981,981.000000000000,2,2.000000000000,0.002038735984,proporcion-respuestas-validas
RESULT,CALC-ISSP2017-CONSISTENCIA-APOYO-FAMILIAR-0001,México,Muestra ISSP 2017 México,EE-IC-NO-DISPONIBLES-DISENO-NO-ACREDITADO,OK,CINCO-RESPUESTAS-VALIDAS,v21,Q7a,Hogar o jardín,4,Vecino,v23,Q7c,Hablar al sentirse deprimido,3,Amigo cercano,981,981.000000000000,32,32.000000000000,0.032619775739,proporcion-respuestas-validas
RESULT,CALC-ISSP2017-CONSISTENCIA-APOYO-FAMILIAR-0001,México,Muestra ISSP 2017 México,EE-IC-NO-DISPONIBLES-DISENO-NO-ACREDITADO,OK,CINCO-RESPUESTAS-VALIDAS,v21,Q7a,Hogar o jardín,4,Vecino,v23,Q7c,Hablar al sentirse deprimido,4,Vecino,981,981.000000000000,12,12.000000000000,0.012232415902,proporcion-respuestas-validas
RESULT,CALC-ISSP2017-CONSISTENCIA-APOYO-FAMILIAR-0001,México,Muestra ISSP 2017 México,EE-IC-NO-DISPONIBLES-DISENO-NO-ACREDITADO,OK,CINCO-RESPUESTAS-VALIDAS,v21,Q7a,Hogar o jardín,4,Vecino,v23,Q7c,Hablar al sentirse deprimido,5,Compañero de trabajo,981,981.000000000000,1,1.000000000000,0.001019367992,proporcion-respuestas-validas
RESULT,CALC-ISSP2017-CONSISTENCIA-APOYO-FAMILIAR-0001,México,Muestra ISSP 2017 México,EE-IC-NO-DISPONIBLES-DISENO-NO-ACREDITADO,OK,CINCO-RESPUESTAS-VALIDAS,v21,Q7a,Hogar o jardín,4,Vecino,v23,Q7c,Hablar al sentirse deprimido,6,Alguien más,981,981.000000000000,2,2.000000000000,0.002038735984,proporcion-respuestas-validas
RESULT,CALC-ISSP2017-CONSISTENCIA-APOYO-FAMILIAR-0001,México,Muestra ISSP 2017 México,EE-IC-NO-DISPONIBLES-DISENO-NO-ACREDITADO,OK,CINCO-RESPUESTAS-VALIDAS,v21,Q7a,Hogar o jardín,4,Vecino,v23,Q7c,Hablar al sentirse deprimido,7,Ninguno,981,981.000000000000,1,1.000000000000,0.001019367992,proporcion-respuestas-validas
RESULT,CALC-ISSP2017-CONSISTENCIA-APOYO-FAMILIAR-0001,México,Muestra ISSP 2017 México,EE-IC-NO-DISPONIBLES-DISENO-NO-ACREDITADO,OK,CINCO-RESPUESTAS-VALIDAS,v21,Q7a,Hogar o jardín,5,Compañero de trabajo,v23,Q7c,Hablar al sentirse deprimido,1,Familiar cercano,981,981.000000000000,3,3.000000000000,0.003058103976,proporcion-respuestas-validas
RESULT,CALC-ISSP2017-CONSISTENCIA-APOYO-FAMILIAR-0001,México,Muestra ISSP 2017 México,EE-IC-NO-DISPONIBLES-DISENO-NO-ACREDITADO,OK,CINCO-RESPUESTAS-VALIDAS,v21,Q7a,Hogar o jardín,5,Compañero de trabajo,v23,Q7c,Hablar al sentirse deprimido,2,Familiar más lejano,981,981.000000000000,1,1.000000000000,0.001019367992,proporcion-respuestas-validas
RESULT,CALC-ISSP2017-CONSISTENCIA-APOYO-FAMILIAR-0001,México,Muestra ISSP 2017 México,EE-IC-NO-DISPONIBLES-DISENO-NO-ACREDITADO,OK,CINCO-RESPUESTAS-VALIDAS,v21,Q7a,Hogar o jardín,5,Compañero de trabajo,v23,Q7c,Hablar al sentirse deprimido,3,Amigo cercano,981,981.000000000000,9,9.000000000000,0.009174311927,proporcion-respuestas-validas
RESULT,CALC-ISSP2017-CONSISTENCIA-APOYO-FAMILIAR-0001,México,Muestra ISSP 2017 México,EE-IC-NO-DISPONIBLES-DISENO-NO-ACREDITADO,OK,CINCO-RESPUESTAS-VALIDAS,v21,Q7a,Hogar o jardín,5,Compañero de trabajo,v23,Q7c,Hablar al sentirse deprimido,4,Vecino,981,981.000000000000,2,2.000000000000,0.002038735984,proporcion-respuestas-validas
RESULT,CALC-ISSP2017-CONSISTENCIA-APOYO-FAMILIAR-0001,México,Muestra ISSP 2017 México,EE-IC-NO-DISPONIBLES-DISENO-NO-ACREDITADO,OK,CINCO-RESPUESTAS-VALIDAS,v21,Q7a,Hogar o jardín,5,Compañero de trabajo,v23,Q7c,Hablar al sentirse deprimido,5,Compañero de trabajo,981,981.000000000000,1,1.000000000000,0.001019367992,proporcion-respuestas-validas
RESULT,CALC-ISSP2017-CONSISTENCIA-APOYO-FAMILIAR-0001,México,Muestra ISSP 2017 México,EE-IC-NO-DISPONIBLES-DISENO-NO-ACREDITADO,OK,CINCO-RESPUESTAS-VALIDAS,v21,Q7a,Hogar o jardín,5,Compañero de trabajo,v23,Q7c,Hablar al sentirse deprimido,6,Alguien más,981,981.000000000000,1,1.000000000000,0.001019367992,proporcion-respuestas-validas
RESULT,CALC-ISSP2017-CONSISTENCIA-APOYO-FAMILIAR-0001,México,Muestra ISSP 2017 México,EE-IC-NO-DISPONIBLES-DISENO-NO-ACREDITADO,OK,CINCO-RESPUESTAS-VALIDAS,v21,Q7a,Hogar o jardín,5,Compañero de trabajo,v23,Q7c,Hablar al sentirse deprimido,7,Ninguno,981,981.000000000000,2,2.000000000000,0.002038735984,proporcion-respuestas-validas
RESULT,CALC-ISSP2017-CONSISTENCIA-APOYO-FAMILIAR-0001,México,Muestra ISSP 2017 México,EE-IC-NO-DISPONIBLES-DISENO-NO-ACREDITADO,OK,CINCO-RESPUESTAS-VALIDAS,v21,Q7a,Hogar o jardín,6,Alguien más,v23,Q7c,Hablar al sentirse deprimido,1,Familiar cercano,981,981.000000000000,17,17.000000000000,0.017329255861,proporcion-respuestas-validas
RESULT,CALC-ISSP2017-CONSISTENCIA-APOYO-FAMILIAR-0001,México,Muestra ISSP 2017 México,EE-IC-NO-DISPONIBLES-DISENO-NO-ACREDITADO,OK,CINCO-RESPUESTAS-VALIDAS,v21,Q7a,Hogar o jardín,6,Alguien más,v23,Q7c,Hablar al sentirse deprimido,2,Familiar más lejano,981,981.000000000000,1,1.000000000000,0.001019367992,proporcion-respuestas-validas
RESULT,CALC-ISSP2017-CONSISTENCIA-APOYO-FAMILIAR-0001,México,Muestra ISSP 2017 México,EE-IC-NO-DISPONIBLES-DISENO-NO-ACREDITADO,OK,CINCO-RESPUESTAS-VALIDAS,v21,Q7a,Hogar o jardín,6,Alguien más,v23,Q7c,Hablar al sentirse deprimido,3,Amigo cercano,981,981.000000000000,22,22.000000000000,0.022426095821,proporcion-respuestas-validas
RESULT,CALC-ISSP2017-CONSISTENCIA-APOYO-FAMILIAR-0001,México,Muestra ISSP 2017 México,EE-IC-NO-DISPONIBLES-DISENO-NO-ACREDITADO,OK,CINCO-RESPUESTAS-VALIDAS,v21,Q7a,Hogar o jardín,6,Alguien más,v23,Q7c,Hablar al sentirse deprimido,4,Vecino,981,981.000000000000,2,2.000000000000,0.002038735984,proporcion-respuestas-validas
RESULT,CALC-ISSP2017-CONSISTENCIA-APOYO-FAMILIAR-0001,México,Muestra ISSP 2017 México,EE-IC-NO-DISPONIBLES-DISENO-NO-ACREDITADO,OK,CINCO-RESPUESTAS-VALIDAS,v21,Q7a,Hogar o jardín,6,Alguien más,v23,Q7c,Hablar al sentirse deprimido,5,Compañero de trabajo,981,981.000000000000,2,2.000000000000,0.002038735984,proporcion-respuestas-validas
RESULT,CALC-ISSP2017-CONSISTENCIA-APOYO-FAMILIAR-0001,México,Muestra ISSP 2017 México,EE-IC-NO-DISPONIBLES-DISENO-NO-ACREDITADO,OK,CINCO-RESPUESTAS-VALIDAS,v21,Q7a,Hogar o jardín,6,Alguien más,v23,Q7c,Hablar al sentirse deprimido,6,Alguien más,981,981.000000000000,8,8.000000000000,0.008154943935,proporcion-respuestas-validas
RESULT,CALC-ISSP2017-CONSISTENCIA-APOYO-FAMILIAR-0001,México,Muestra ISSP 2017 México,EE-IC-NO-DISPONIBLES-DISENO-NO-ACREDITADO,OK,CINCO-RESPUESTAS-VALIDAS,v21,Q7a,Hogar o jardín,6,Alguien más,v23,Q7c,Hablar al sentirse deprimido,7,Ninguno,981,981.000000000000,2,2.000000000000,0.002038735984,proporcion-respuestas-validas
RESULT,CALC-ISSP2017-CONSISTENCIA-APOYO-FAMILIAR-0001,México,Muestra ISSP 2017 México,EE-IC-NO-DISPONIBLES-DISENO-NO-ACREDITADO,OK,CINCO-RESPUESTAS-VALIDAS,v21,Q7a,Hogar o jardín,7,Ninguno,v23,Q7c,Hablar al sentirse deprimido,1,Familiar cercano,981,981.000000000000,5,5.000000000000,0.005096839959,proporcion-respuestas-validas
RESULT,CALC-ISSP2017-CONSISTENCIA-APOYO-FAMILIAR-0001,México,Muestra ISSP 2017 México,EE-IC-NO-DISPONIBLES-DISENO-NO-ACREDITADO,OK,CINCO-RESPUESTAS-VALIDAS,v21,Q7a,Hogar o jardín,7,Ninguno,v23,Q7c,Hablar al sentirse deprimido,2,Familiar más lejano,981,981.000000000000,1,1.000000000000,0.001019367992,proporcion-respuestas-validas
RESULT,CALC-ISSP2017-CONSISTENCIA-APOYO-FAMILIAR-0001,México,Muestra ISSP 2017 México,EE-IC-NO-DISPONIBLES-DISENO-NO-ACREDITADO,OK,CINCO-RESPUESTAS-VALIDAS,v21,Q7a,Hogar o jardín,7,Ninguno,v23,Q7c,Hablar al sentirse deprimido,3,Amigo cercano,981,981.000000000000,3,3.000000000000,0.003058103976,proporcion-respuestas-validas
RESULT,CALC-ISSP2017-CONSISTENCIA-APOYO-FAMILIAR-0001,México,Muestra ISSP 2017 México,EE-IC-NO-DISPONIBLES-DISENO-NO-ACREDITADO,OK,CINCO-RESPUESTAS-VALIDAS,v21,Q7a,Hogar o jardín,7,Ninguno,v23,Q7c,Hablar al sentirse deprimido,4,Vecino,981,981.000000000000,6,6.000000000000,0.006116207951,proporcion-respuestas-validas
RESULT,CALC-ISSP2017-CONSISTENCIA-APOYO-FAMILIAR-0001,México,Muestra ISSP 2017 México,EE-IC-NO-DISPONIBLES-DISENO-NO-ACREDITADO,OK,CINCO-RESPUESTAS-VALIDAS,v21,Q7a,Hogar o jardín,7,Ninguno,v23,Q7c,Hablar al sentirse deprimido,5,Compañero de trabajo,981,981.000000000000,1,1.000000000000,0.001019367992,proporcion-respuestas-validas
RESULT,CALC-ISSP2017-CONSISTENCIA-APOYO-FAMILIAR-0001,México,Muestra ISSP 2017 México,EE-IC-NO-DISPONIBLES-DISENO-NO-ACREDITADO,OK,CINCO-RESPUESTAS-VALIDAS,v21,Q7a,Hogar o jardín,7,Ninguno,v23,Q7c,Hablar al sentirse deprimido,6,Alguien más,981,981.000000000000,4,4.000000000000,0.004077471967,proporcion-respuestas-validas
RESULT,CALC-ISSP2017-CONSISTENCIA-APOYO-FAMILIAR-0001,México,Muestra ISSP 2017 México,EE-IC-NO-DISPONIBLES-DISENO-NO-ACREDITADO,OK,CINCO-RESPUESTAS-VALIDAS,v21,Q7a,Hogar o jardín,7,Ninguno,v23,Q7c,Hablar al sentirse deprimido,7,Ninguno,981,981.000000000000,9,9.000000000000,0.009174311927,proporcion-respuestas-validas
RESULT,CALC-ISSP2017-CONSISTENCIA-APOYO-FAMILIAR-0001,México,Muestra ISSP 2017 México,EE-IC-NO-DISPONIBLES-DISENO-NO-ACREDITADO,OK,CINCO-RESPUESTAS-VALIDAS,v21,Q7a,Hogar o jardín,1,Familiar cercano,v24,Q7d,Consejo sobre problemas familiares,1,Familiar cercano,981,981.000000000000,296,296.000000000000,0.301732925586,proporcion-respuestas-validas
RESULT,CALC-ISSP2017-CONSISTENCIA-APOYO-FAMILIAR-0001,México,Muestra ISSP 2017 México,EE-IC-NO-DISPONIBLES-DISENO-NO-ACREDITADO,OK,CINCO-RESPUESTAS-VALIDAS,v21,Q7a,Hogar o jardín,1,Familiar cercano,v24,Q7d,Consejo sobre problemas familiares,2,Familiar más lejano,981,981.000000000000,49,49.000000000000,0.049949031600,proporcion-respuestas-validas
RESULT,CALC-ISSP2017-CONSISTENCIA-APOYO-FAMILIAR-0001,México,Muestra ISSP 2017 México,EE-IC-NO-DISPONIBLES-DISENO-NO-ACREDITADO,OK,CINCO-RESPUESTAS-VALIDAS,v21,Q7a,Hogar o jardín,1,Familiar cercano,v24,Q7d,Consejo sobre problemas familiares,3,Amigo cercano,981,981.000000000000,195,195.000000000000,0.198776758410,proporcion-respuestas-validas
RESULT,CALC-ISSP2017-CONSISTENCIA-APOYO-FAMILIAR-0001,México,Muestra ISSP 2017 México,EE-IC-NO-DISPONIBLES-DISENO-NO-ACREDITADO,OK,CINCO-RESPUESTAS-VALIDAS,v21,Q7a,Hogar o jardín,1,Familiar cercano,v24,Q7d,Consejo sobre problemas familiares,4,Vecino,981,981.000000000000,19,19.000000000000,0.019367991845,proporcion-respuestas-validas
RESULT,CALC-ISSP2017-CONSISTENCIA-APOYO-FAMILIAR-0001,México,Muestra ISSP 2017 México,EE-IC-NO-DISPONIBLES-DISENO-NO-ACREDITADO,OK,CINCO-RESPUESTAS-VALIDAS,v21,Q7a,Hogar o jardín,1,Familiar cercano,v24,Q7d,Consejo sobre problemas familiares,5,Compañero de trabajo,981,981.000000000000,4,4.000000000000,0.004077471967,proporcion-respuestas-validas
RESULT,CALC-ISSP2017-CONSISTENCIA-APOYO-FAMILIAR-0001,México,Muestra ISSP 2017 México,EE-IC-NO-DISPONIBLES-DISENO-NO-ACREDITADO,OK,CINCO-RESPUESTAS-VALIDAS,v21,Q7a,Hogar o jardín,1,Familiar cercano,v24,Q7d,Consejo sobre problemas familiares,6,Alguien más,981,981.000000000000,8,8.000000000000,0.008154943935,proporcion-respuestas-validas
RESULT,CALC-ISSP2017-CONSISTENCIA-APOYO-FAMILIAR-0001,México,Muestra ISSP 2017 México,EE-IC-NO-DISPONIBLES-DISENO-NO-ACREDITADO,OK,CINCO-RESPUESTAS-VALIDAS,v21,Q7a,Hogar o jardín,1,Familiar cercano,v24,Q7d,Consejo sobre problemas familiares,7,Ninguno,981,981.000000000000,11,11.000000000000,0.011213047910,proporcion-respuestas-validas
RESULT,CALC-ISSP2017-CONSISTENCIA-APOYO-FAMILIAR-0001,México,Muestra ISSP 2017 México,EE-IC-NO-DISPONIBLES-DISENO-NO-ACREDITADO,OK,CINCO-RESPUESTAS-VALIDAS,v21,Q7a,Hogar o jardín,2,Familiar más lejano,v24,Q7d,Consejo sobre problemas familiares,1,Familiar cercano,981,981.000000000000,22,22.000000000000,0.022426095821,proporcion-respuestas-validas
RESULT,CALC-ISSP2017-CONSISTENCIA-APOYO-FAMILIAR-0001,México,Muestra ISSP 2017 México,EE-IC-NO-DISPONIBLES-DISENO-NO-ACREDITADO,OK,CINCO-RESPUESTAS-VALIDAS,v21,Q7a,Hogar o jardín,2,Familiar más lejano,v24,Q7d,Consejo sobre problemas familiares,2,Familiar más lejano,981,981.000000000000,13,13.000000000000,0.013251783894,proporcion-respuestas-validas
RESULT,CALC-ISSP2017-CONSISTENCIA-APOYO-FAMILIAR-0001,México,Muestra ISSP 2017 México,EE-IC-NO-DISPONIBLES-DISENO-NO-ACREDITADO,OK,CINCO-RESPUESTAS-VALIDAS,v21,Q7a,Hogar o jardín,2,Familiar más lejano,v24,Q7d,Consejo sobre problemas familiares,3,Amigo cercano,981,981.000000000000,13,13.000000000000,0.013251783894,proporcion-respuestas-validas
RESULT,CALC-ISSP2017-CONSISTENCIA-APOYO-FAMILIAR-0001,México,Muestra ISSP 2017 México,EE-IC-NO-DISPONIBLES-DISENO-NO-ACREDITADO,OK,CINCO-RESPUESTAS-VALIDAS,v21,Q7a,Hogar o jardín,2,Familiar más lejano,v24,Q7d,Consejo sobre problemas familiares,4,Vecino,981,981.000000000000,4,4.000000000000,0.004077471967,proporcion-respuestas-validas
RESULT,CALC-ISSP2017-CONSISTENCIA-APOYO-FAMILIAR-0001,México,Muestra ISSP 2017 México,EE-IC-NO-DISPONIBLES-DISENO-NO-ACREDITADO,OK,CINCO-RESPUESTAS-VALIDAS,v21,Q7a,Hogar o jardín,2,Familiar más lejano,v24,Q7d,Consejo sobre problemas familiares,5,Compañero de trabajo,981,981.000000000000,3,3.000000000000,0.003058103976,proporcion-respuestas-validas
RESULT,CALC-ISSP2017-CONSISTENCIA-APOYO-FAMILIAR-0001,México,Muestra ISSP 2017 México,EE-IC-NO-DISPONIBLES-DISENO-NO-ACREDITADO,OK,CINCO-RESPUESTAS-VALIDAS,v21,Q7a,Hogar o jardín,2,Familiar más lejano,v24,Q7d,Consejo sobre problemas familiares,6,Alguien más,981,981.000000000000,0,0.000000000000,0.000000000000,proporcion-respuestas-validas
RESULT,CALC-ISSP2017-CONSISTENCIA-APOYO-FAMILIAR-0001,México,Muestra ISSP 2017 México,EE-IC-NO-DISPONIBLES-DISENO-NO-ACREDITADO,OK,CINCO-RESPUESTAS-VALIDAS,v21,Q7a,Hogar o jardín,2,Familiar más lejano,v24,Q7d,Consejo sobre problemas familiares,7,Ninguno,981,981.000000000000,0,0.000000000000,0.000000000000,proporcion-respuestas-validas
RESULT,CALC-ISSP2017-CONSISTENCIA-APOYO-FAMILIAR-0001,México,Muestra ISSP 2017 México,EE-IC-NO-DISPONIBLES-DISENO-NO-ACREDITADO,OK,CINCO-RESPUESTAS-VALIDAS,v21,Q7a,Hogar o jardín,3,Amigo cercano,v24,Q7d,Consejo sobre problemas familiares,1,Familiar cercano,981,981.000000000000,59,59.000000000000,0.060142711519,proporcion-respuestas-validas
RESULT,CALC-ISSP2017-CONSISTENCIA-APOYO-FAMILIAR-0001,México,Muestra ISSP 2017 México,EE-IC-NO-DISPONIBLES-DISENO-NO-ACREDITADO,OK,CINCO-RESPUESTAS-VALIDAS,v21,Q7a,Hogar o jardín,3,Amigo cercano,v24,Q7d,Consejo sobre problemas familiares,2,Familiar más lejano,981,981.000000000000,7,7.000000000000,0.007135575943,proporcion-respuestas-validas
RESULT,CALC-ISSP2017-CONSISTENCIA-APOYO-FAMILIAR-0001,México,Muestra ISSP 2017 México,EE-IC-NO-DISPONIBLES-DISENO-NO-ACREDITADO,OK,CINCO-RESPUESTAS-VALIDAS,v21,Q7a,Hogar o jardín,3,Amigo cercano,v24,Q7d,Consejo sobre problemas familiares,3,Amigo cercano,981,981.000000000000,68,68.000000000000,0.069317023445,proporcion-respuestas-validas
RESULT,CALC-ISSP2017-CONSISTENCIA-APOYO-FAMILIAR-0001,México,Muestra ISSP 2017 México,EE-IC-NO-DISPONIBLES-DISENO-NO-ACREDITADO,OK,CINCO-RESPUESTAS-VALIDAS,v21,Q7a,Hogar o jardín,3,Amigo cercano,v24,Q7d,Consejo sobre problemas familiares,4,Vecino,981,981.000000000000,4,4.000000000000,0.004077471967,proporcion-respuestas-validas
RESULT,CALC-ISSP2017-CONSISTENCIA-APOYO-FAMILIAR-0001,México,Muestra ISSP 2017 México,EE-IC-NO-DISPONIBLES-DISENO-NO-ACREDITADO,OK,CINCO-RESPUESTAS-VALIDAS,v21,Q7a,Hogar o jardín,3,Amigo cercano,v24,Q7d,Consejo sobre problemas familiares,5,Compañero de trabajo,981,981.000000000000,8,8.000000000000,0.008154943935,proporcion-respuestas-validas
RESULT,CALC-ISSP2017-CONSISTENCIA-APOYO-FAMILIAR-0001,México,Muestra ISSP 2017 México,EE-IC-NO-DISPONIBLES-DISENO-NO-ACREDITADO,OK,CINCO-RESPUESTAS-VALIDAS,v21,Q7a,Hogar o jardín,3,Amigo cercano,v24,Q7d,Consejo sobre problemas familiares,6,Alguien más,981,981.000000000000,3,3.000000000000,0.003058103976,proporcion-respuestas-validas
RESULT,CALC-ISSP2017-CONSISTENCIA-APOYO-FAMILIAR-0001,México,Muestra ISSP 2017 México,EE-IC-NO-DISPONIBLES-DISENO-NO-ACREDITADO,OK,CINCO-RESPUESTAS-VALIDAS,v21,Q7a,Hogar o jardín,3,Amigo cercano,v24,Q7d,Consejo sobre problemas familiares,7,Ninguno,981,981.000000000000,7,7.000000000000,0.007135575943,proporcion-respuestas-validas
RESULT,CALC-ISSP2017-CONSISTENCIA-APOYO-FAMILIAR-0001,México,Muestra ISSP 2017 México,EE-IC-NO-DISPONIBLES-DISENO-NO-ACREDITADO,OK,CINCO-RESPUESTAS-VALIDAS,v21,Q7a,Hogar o jardín,4,Vecino,v24,Q7d,Consejo sobre problemas familiares,1,Familiar cercano,981,981.000000000000,25,25.000000000000,0.025484199796,proporcion-respuestas-validas
RESULT,CALC-ISSP2017-CONSISTENCIA-APOYO-FAMILIAR-0001,México,Muestra ISSP 2017 México,EE-IC-NO-DISPONIBLES-DISENO-NO-ACREDITADO,OK,CINCO-RESPUESTAS-VALIDAS,v21,Q7a,Hogar o jardín,4,Vecino,v24,Q7d,Consejo sobre problemas familiares,2,Familiar más lejano,981,981.000000000000,4,4.000000000000,0.004077471967,proporcion-respuestas-validas
RESULT,CALC-ISSP2017-CONSISTENCIA-APOYO-FAMILIAR-0001,México,Muestra ISSP 2017 México,EE-IC-NO-DISPONIBLES-DISENO-NO-ACREDITADO,OK,CINCO-RESPUESTAS-VALIDAS,v21,Q7a,Hogar o jardín,4,Vecino,v24,Q7d,Consejo sobre problemas familiares,3,Amigo cercano,981,981.000000000000,39,39.000000000000,0.039755351682,proporcion-respuestas-validas
RESULT,CALC-ISSP2017-CONSISTENCIA-APOYO-FAMILIAR-0001,México,Muestra ISSP 2017 México,EE-IC-NO-DISPONIBLES-DISENO-NO-ACREDITADO,OK,CINCO-RESPUESTAS-VALIDAS,v21,Q7a,Hogar o jardín,4,Vecino,v24,Q7d,Consejo sobre problemas familiares,4,Vecino,981,981.000000000000,12,12.000000000000,0.012232415902,proporcion-respuestas-validas
RESULT,CALC-ISSP2017-CONSISTENCIA-APOYO-FAMILIAR-0001,México,Muestra ISSP 2017 México,EE-IC-NO-DISPONIBLES-DISENO-NO-ACREDITADO,OK,CINCO-RESPUESTAS-VALIDAS,v21,Q7a,Hogar o jardín,4,Vecino,v24,Q7d,Consejo sobre problemas familiares,5,Compañero de trabajo,981,981.000000000000,2,2.000000000000,0.002038735984,proporcion-respuestas-validas
RESULT,CALC-ISSP2017-CONSISTENCIA-APOYO-FAMILIAR-0001,México,Muestra ISSP 2017 México,EE-IC-NO-DISPONIBLES-DISENO-NO-ACREDITADO,OK,CINCO-RESPUESTAS-VALIDAS,v21,Q7a,Hogar o jardín,4,Vecino,v24,Q7d,Consejo sobre problemas familiares,6,Alguien más,981,981.000000000000,1,1.000000000000,0.001019367992,proporcion-respuestas-validas
RESULT,CALC-ISSP2017-CONSISTENCIA-APOYO-FAMILIAR-0001,México,Muestra ISSP 2017 México,EE-IC-NO-DISPONIBLES-DISENO-NO-ACREDITADO,OK,CINCO-RESPUESTAS-VALIDAS,v21,Q7a,Hogar o jardín,4,Vecino,v24,Q7d,Consejo sobre problemas familiares,7,Ninguno,981,981.000000000000,3,3.000000000000,0.003058103976,proporcion-respuestas-validas
RESULT,CALC-ISSP2017-CONSISTENCIA-APOYO-FAMILIAR-0001,México,Muestra ISSP 2017 México,EE-IC-NO-DISPONIBLES-DISENO-NO-ACREDITADO,OK,CINCO-RESPUESTAS-VALIDAS,v21,Q7a,Hogar o jardín,5,Compañero de trabajo,v24,Q7d,Consejo sobre problemas familiares,1,Familiar cercano,981,981.000000000000,7,7.000000000000,0.007135575943,proporcion-respuestas-validas
RESULT,CALC-ISSP2017-CONSISTENCIA-APOYO-FAMILIAR-0001,México,Muestra ISSP 2017 México,EE-IC-NO-DISPONIBLES-DISENO-NO-ACREDITADO,OK,CINCO-RESPUESTAS-VALIDAS,v21,Q7a,Hogar o jardín,5,Compañero de trabajo,v24,Q7d,Consejo sobre problemas familiares,2,Familiar más lejano,981,981.000000000000,1,1.000000000000,0.001019367992,proporcion-respuestas-validas
RESULT,CALC-ISSP2017-CONSISTENCIA-APOYO-FAMILIAR-0001,México,Muestra ISSP 2017 México,EE-IC-NO-DISPONIBLES-DISENO-NO-ACREDITADO,OK,CINCO-RESPUESTAS-VALIDAS,v21,Q7a,Hogar o jardín,5,Compañero de trabajo,v24,Q7d,Consejo sobre problemas familiares,3,Amigo cercano,981,981.000000000000,5,5.000000000000,0.005096839959,proporcion-respuestas-validas
RESULT,CALC-ISSP2017-CONSISTENCIA-APOYO-FAMILIAR-0001,México,Muestra ISSP 2017 México,EE-IC-NO-DISPONIBLES-DISENO-NO-ACREDITADO,OK,CINCO-RESPUESTAS-VALIDAS,v21,Q7a,Hogar o jardín,5,Compañero de trabajo,v24,Q7d,Consejo sobre problemas familiares,4,Vecino,981,981.000000000000,3,3.000000000000,0.003058103976,proporcion-respuestas-validas
RESULT,CALC-ISSP2017-CONSISTENCIA-APOYO-FAMILIAR-0001,México,Muestra ISSP 2017 México,EE-IC-NO-DISPONIBLES-DISENO-NO-ACREDITADO,OK,CINCO-RESPUESTAS-VALIDAS,v21,Q7a,Hogar o jardín,5,Compañero de trabajo,v24,Q7d,Consejo sobre problemas familiares,5,Compañero de trabajo,981,981.000000000000,3,3.000000000000,0.003058103976,proporcion-respuestas-validas
RESULT,CALC-ISSP2017-CONSISTENCIA-APOYO-FAMILIAR-0001,México,Muestra ISSP 2017 México,EE-IC-NO-DISPONIBLES-DISENO-NO-ACREDITADO,OK,CINCO-RESPUESTAS-VALIDAS,v21,Q7a,Hogar o jardín,5,Compañero de trabajo,v24,Q7d,Consejo sobre problemas familiares,6,Alguien más,981,981.000000000000,0,0.000000000000,0.000000000000,proporcion-respuestas-validas
RESULT,CALC-ISSP2017-CONSISTENCIA-APOYO-FAMILIAR-0001,México,Muestra ISSP 2017 México,EE-IC-NO-DISPONIBLES-DISENO-NO-ACREDITADO,OK,CINCO-RESPUESTAS-VALIDAS,v21,Q7a,Hogar o jardín,5,Compañero de trabajo,v24,Q7d,Consejo sobre problemas familiares,7,Ninguno,981,981.000000000000,0,0.000000000000,0.000000000000,proporcion-respuestas-validas
RESULT,CALC-ISSP2017-CONSISTENCIA-APOYO-FAMILIAR-0001,México,Muestra ISSP 2017 México,EE-IC-NO-DISPONIBLES-DISENO-NO-ACREDITADO,OK,CINCO-RESPUESTAS-VALIDAS,v21,Q7a,Hogar o jardín,6,Alguien más,v24,Q7d,Consejo sobre problemas familiares,1,Familiar cercano,981,981.000000000000,17,17.000000000000,0.017329255861,proporcion-respuestas-validas
RESULT,CALC-ISSP2017-CONSISTENCIA-APOYO-FAMILIAR-0001,México,Muestra ISSP 2017 México,EE-IC-NO-DISPONIBLES-DISENO-NO-ACREDITADO,OK,CINCO-RESPUESTAS-VALIDAS,v21,Q7a,Hogar o jardín,6,Alguien más,v24,Q7d,Consejo sobre problemas familiares,2,Familiar más lejano,981,981.000000000000,1,1.000000000000,0.001019367992,proporcion-respuestas-validas
RESULT,CALC-ISSP2017-CONSISTENCIA-APOYO-FAMILIAR-0001,México,Muestra ISSP 2017 México,EE-IC-NO-DISPONIBLES-DISENO-NO-ACREDITADO,OK,CINCO-RESPUESTAS-VALIDAS,v21,Q7a,Hogar o jardín,6,Alguien más,v24,Q7d,Consejo sobre problemas familiares,3,Amigo cercano,981,981.000000000000,21,21.000000000000,0.021406727829,proporcion-respuestas-validas
RESULT,CALC-ISSP2017-CONSISTENCIA-APOYO-FAMILIAR-0001,México,Muestra ISSP 2017 México,EE-IC-NO-DISPONIBLES-DISENO-NO-ACREDITADO,OK,CINCO-RESPUESTAS-VALIDAS,v21,Q7a,Hogar o jardín,6,Alguien más,v24,Q7d,Consejo sobre problemas familiares,4,Vecino,981,981.000000000000,3,3.000000000000,0.003058103976,proporcion-respuestas-validas
RESULT,CALC-ISSP2017-CONSISTENCIA-APOYO-FAMILIAR-0001,México,Muestra ISSP 2017 México,EE-IC-NO-DISPONIBLES-DISENO-NO-ACREDITADO,OK,CINCO-RESPUESTAS-VALIDAS,v21,Q7a,Hogar o jardín,6,Alguien más,v24,Q7d,Consejo sobre problemas familiares,5,Compañero de trabajo,981,981.000000000000,2,2.000000000000,0.002038735984,proporcion-respuestas-validas
RESULT,CALC-ISSP2017-CONSISTENCIA-APOYO-FAMILIAR-0001,México,Muestra ISSP 2017 México,EE-IC-NO-DISPONIBLES-DISENO-NO-ACREDITADO,OK,CINCO-RESPUESTAS-VALIDAS,v21,Q7a,Hogar o jardín,6,Alguien más,v24,Q7d,Consejo sobre problemas familiares,6,Alguien más,981,981.000000000000,9,9.000000000000,0.009174311927,proporcion-respuestas-validas
RESULT,CALC-ISSP2017-CONSISTENCIA-APOYO-FAMILIAR-0001,México,Muestra ISSP 2017 México,EE-IC-NO-DISPONIBLES-DISENO-NO-ACREDITADO,OK,CINCO-RESPUESTAS-VALIDAS,v21,Q7a,Hogar o jardín,6,Alguien más,v24,Q7d,Consejo sobre problemas familiares,7,Ninguno,981,981.000000000000,1,1.000000000000,0.001019367992,proporcion-respuestas-validas
RESULT,CALC-ISSP2017-CONSISTENCIA-APOYO-FAMILIAR-0001,México,Muestra ISSP 2017 México,EE-IC-NO-DISPONIBLES-DISENO-NO-ACREDITADO,OK,CINCO-RESPUESTAS-VALIDAS,v21,Q7a,Hogar o jardín,7,Ninguno,v24,Q7d,Consejo sobre problemas familiares,1,Familiar cercano,981,981.000000000000,10,10.000000000000,0.010193679918,proporcion-respuestas-validas
RESULT,CALC-ISSP2017-CONSISTENCIA-APOYO-FAMILIAR-0001,México,Muestra ISSP 2017 México,EE-IC-NO-DISPONIBLES-DISENO-NO-ACREDITADO,OK,CINCO-RESPUESTAS-VALIDAS,v21,Q7a,Hogar o jardín,7,Ninguno,v24,Q7d,Consejo sobre problemas familiares,2,Familiar más lejano,981,981.000000000000,1,1.000000000000,0.001019367992,proporcion-respuestas-validas
RESULT,CALC-ISSP2017-CONSISTENCIA-APOYO-FAMILIAR-0001,México,Muestra ISSP 2017 México,EE-IC-NO-DISPONIBLES-DISENO-NO-ACREDITADO,OK,CINCO-RESPUESTAS-VALIDAS,v21,Q7a,Hogar o jardín,7,Ninguno,v24,Q7d,Consejo sobre problemas familiares,3,Amigo cercano,981,981.000000000000,7,7.000000000000,0.007135575943,proporcion-respuestas-validas
RESULT,CALC-ISSP2017-CONSISTENCIA-APOYO-FAMILIAR-0001,México,Muestra ISSP 2017 México,EE-IC-NO-DISPONIBLES-DISENO-NO-ACREDITADO,OK,CINCO-RESPUESTAS-VALIDAS,v21,Q7a,Hogar o jardín,7,Ninguno,v24,Q7d,Consejo sobre problemas familiares,4,Vecino,981,981.000000000000,2,2.000000000000,0.002038735984,proporcion-respuestas-validas
RESULT,CALC-ISSP2017-CONSISTENCIA-APOYO-FAMILIAR-0001,México,Muestra ISSP 2017 México,EE-IC-NO-DISPONIBLES-DISENO-NO-ACREDITADO,OK,CINCO-RESPUESTAS-VALIDAS,v21,Q7a,Hogar o jardín,7,Ninguno,v24,Q7d,Consejo sobre problemas familiares,5,Compañero de trabajo,981,981.000000000000,1,1.000000000000,0.001019367992,proporcion-respuestas-validas
RESULT,CALC-ISSP2017-CONSISTENCIA-APOYO-FAMILIAR-0001,México,Muestra ISSP 2017 México,EE-IC-NO-DISPONIBLES-DISENO-NO-ACREDITADO,OK,CINCO-RESPUESTAS-VALIDAS,v21,Q7a,Hogar o jardín,7,Ninguno,v24,Q7d,Consejo sobre problemas familiares,6,Alguien más,981,981.000000000000,2,2.000000000000,0.002038735984,proporcion-respuestas-validas
RESULT,CALC-ISSP2017-CONSISTENCIA-APOYO-FAMILIAR-0001,México,Muestra ISSP 2017 México,EE-IC-NO-DISPONIBLES-DISENO-NO-ACREDITADO,OK,CINCO-RESPUESTAS-VALIDAS,v21,Q7a,Hogar o jardín,7,Ninguno,v24,Q7d,Consejo sobre problemas familiares,7,Ninguno,981,981.000000000000,6,6.000000000000,0.006116207951,proporcion-respuestas-validas
RESULT,CALC-ISSP2017-CONSISTENCIA-APOYO-FAMILIAR-0001,México,Muestra ISSP 2017 México,EE-IC-NO-DISPONIBLES-DISENO-NO-ACREDITADO,OK,CINCO-RESPUESTAS-VALIDAS,v21,Q7a,Hogar o jardín,1,Familiar cercano,v25,Q7e,Ocasión social agradable,1,Familiar cercano,981,981.000000000000,380,380.000000000000,0.387359836901,proporcion-respuestas-validas
RESULT,CALC-ISSP2017-CONSISTENCIA-APOYO-FAMILIAR-0001,México,Muestra ISSP 2017 México,EE-IC-NO-DISPONIBLES-DISENO-NO-ACREDITADO,OK,CINCO-RESPUESTAS-VALIDAS,v21,Q7a,Hogar o jardín,1,Familiar cercano,v25,Q7e,Ocasión social agradable,2,Familiar más lejano,981,981.000000000000,31,31.000000000000,0.031600407747,proporcion-respuestas-validas
RESULT,CALC-ISSP2017-CONSISTENCIA-APOYO-FAMILIAR-0001,México,Muestra ISSP 2017 México,EE-IC-NO-DISPONIBLES-DISENO-NO-ACREDITADO,OK,CINCO-RESPUESTAS-VALIDAS,v21,Q7a,Hogar o jardín,1,Familiar cercano,v25,Q7e,Ocasión social agradable,3,Amigo cercano,981,981.000000000000,126,126.000000000000,0.128440366972,proporcion-respuestas-validas
RESULT,CALC-ISSP2017-CONSISTENCIA-APOYO-FAMILIAR-0001,México,Muestra ISSP 2017 México,EE-IC-NO-DISPONIBLES-DISENO-NO-ACREDITADO,OK,CINCO-RESPUESTAS-VALIDAS,v21,Q7a,Hogar o jardín,1,Familiar cercano,v25,Q7e,Ocasión social agradable,4,Vecino,981,981.000000000000,14,14.000000000000,0.014271151886,proporcion-respuestas-validas
RESULT,CALC-ISSP2017-CONSISTENCIA-APOYO-FAMILIAR-0001,México,Muestra ISSP 2017 México,EE-IC-NO-DISPONIBLES-DISENO-NO-ACREDITADO,OK,CINCO-RESPUESTAS-VALIDAS,v21,Q7a,Hogar o jardín,1,Familiar cercano,v25,Q7e,Ocasión social agradable,5,Compañero de trabajo,981,981.000000000000,6,6.000000000000,0.006116207951,proporcion-respuestas-validas
RESULT,CALC-ISSP2017-CONSISTENCIA-APOYO-FAMILIAR-0001,México,Muestra ISSP 2017 México,EE-IC-NO-DISPONIBLES-DISENO-NO-ACREDITADO,OK,CINCO-RESPUESTAS-VALIDAS,v21,Q7a,Hogar o jardín,1,Familiar cercano,v25,Q7e,Ocasión social agradable,6,Alguien más,981,981.000000000000,13,13.000000000000,0.013251783894,proporcion-respuestas-validas
RESULT,CALC-ISSP2017-CONSISTENCIA-APOYO-FAMILIAR-0001,México,Muestra ISSP 2017 México,EE-IC-NO-DISPONIBLES-DISENO-NO-ACREDITADO,OK,CINCO-RESPUESTAS-VALIDAS,v21,Q7a,Hogar o jardín,1,Familiar cercano,v25,Q7e,Ocasión social agradable,7,Ninguno,981,981.000000000000,12,12.000000000000,0.012232415902,proporcion-respuestas-validas
RESULT,CALC-ISSP2017-CONSISTENCIA-APOYO-FAMILIAR-0001,México,Muestra ISSP 2017 México,EE-IC-NO-DISPONIBLES-DISENO-NO-ACREDITADO,OK,CINCO-RESPUESTAS-VALIDAS,v21,Q7a,Hogar o jardín,2,Familiar más lejano,v25,Q7e,Ocasión social agradable,1,Familiar cercano,981,981.000000000000,22,22.000000000000,0.022426095821,proporcion-respuestas-validas
RESULT,CALC-ISSP2017-CONSISTENCIA-APOYO-FAMILIAR-0001,México,Muestra ISSP 2017 México,EE-IC-NO-DISPONIBLES-DISENO-NO-ACREDITADO,OK,CINCO-RESPUESTAS-VALIDAS,v21,Q7a,Hogar o jardín,2,Familiar más lejano,v25,Q7e,Ocasión social agradable,2,Familiar más lejano,981,981.000000000000,13,13.000000000000,0.013251783894,proporcion-respuestas-validas
RESULT,CALC-ISSP2017-CONSISTENCIA-APOYO-FAMILIAR-0001,México,Muestra ISSP 2017 México,EE-IC-NO-DISPONIBLES-DISENO-NO-ACREDITADO,OK,CINCO-RESPUESTAS-VALIDAS,v21,Q7a,Hogar o jardín,2,Familiar más lejano,v25,Q7e,Ocasión social agradable,3,Amigo cercano,981,981.000000000000,15,15.000000000000,0.015290519878,proporcion-respuestas-validas
RESULT,CALC-ISSP2017-CONSISTENCIA-APOYO-FAMILIAR-0001,México,Muestra ISSP 2017 México,EE-IC-NO-DISPONIBLES-DISENO-NO-ACREDITADO,OK,CINCO-RESPUESTAS-VALIDAS,v21,Q7a,Hogar o jardín,2,Familiar más lejano,v25,Q7e,Ocasión social agradable,4,Vecino,981,981.000000000000,4,4.000000000000,0.004077471967,proporcion-respuestas-validas
RESULT,CALC-ISSP2017-CONSISTENCIA-APOYO-FAMILIAR-0001,México,Muestra ISSP 2017 México,EE-IC-NO-DISPONIBLES-DISENO-NO-ACREDITADO,OK,CINCO-RESPUESTAS-VALIDAS,v21,Q7a,Hogar o jardín,2,Familiar más lejano,v25,Q7e,Ocasión social agradable,5,Compañero de trabajo,981,981.000000000000,1,1.000000000000,0.001019367992,proporcion-respuestas-validas
RESULT,CALC-ISSP2017-CONSISTENCIA-APOYO-FAMILIAR-0001,México,Muestra ISSP 2017 México,EE-IC-NO-DISPONIBLES-DISENO-NO-ACREDITADO,OK,CINCO-RESPUESTAS-VALIDAS,v21,Q7a,Hogar o jardín,2,Familiar más lejano,v25,Q7e,Ocasión social agradable,6,Alguien más,981,981.000000000000,0,0.000000000000,0.000000000000,proporcion-respuestas-validas
RESULT,CALC-ISSP2017-CONSISTENCIA-APOYO-FAMILIAR-0001,México,Muestra ISSP 2017 México,EE-IC-NO-DISPONIBLES-DISENO-NO-ACREDITADO,OK,CINCO-RESPUESTAS-VALIDAS,v21,Q7a,Hogar o jardín,2,Familiar más lejano,v25,Q7e,Ocasión social agradable,7,Ninguno,981,981.000000000000,0,0.000000000000,0.000000000000,proporcion-respuestas-validas
RESULT,CALC-ISSP2017-CONSISTENCIA-APOYO-FAMILIAR-0001,México,Muestra ISSP 2017 México,EE-IC-NO-DISPONIBLES-DISENO-NO-ACREDITADO,OK,CINCO-RESPUESTAS-VALIDAS,v21,Q7a,Hogar o jardín,3,Amigo cercano,v25,Q7e,Ocasión social agradable,1,Familiar cercano,981,981.000000000000,70,70.000000000000,0.071355759429,proporcion-respuestas-validas
RESULT,CALC-ISSP2017-CONSISTENCIA-APOYO-FAMILIAR-0001,México,Muestra ISSP 2017 México,EE-IC-NO-DISPONIBLES-DISENO-NO-ACREDITADO,OK,CINCO-RESPUESTAS-VALIDAS,v21,Q7a,Hogar o jardín,3,Amigo cercano,v25,Q7e,Ocasión social agradable,2,Familiar más lejano,981,981.000000000000,7,7.000000000000,0.007135575943,proporcion-respuestas-validas
RESULT,CALC-ISSP2017-CONSISTENCIA-APOYO-FAMILIAR-0001,México,Muestra ISSP 2017 México,EE-IC-NO-DISPONIBLES-DISENO-NO-ACREDITADO,OK,CINCO-RESPUESTAS-VALIDAS,v21,Q7a,Hogar o jardín,3,Amigo cercano,v25,Q7e,Ocasión social agradable,3,Amigo cercano,981,981.000000000000,46,46.000000000000,0.046890927625,proporcion-respuestas-validas
RESULT,CALC-ISSP2017-CONSISTENCIA-APOYO-FAMILIAR-0001,México,Muestra ISSP 2017 México,EE-IC-NO-DISPONIBLES-DISENO-NO-ACREDITADO,OK,CINCO-RESPUESTAS-VALIDAS,v21,Q7a,Hogar o jardín,3,Amigo cercano,v25,Q7e,Ocasión social agradable,4,Vecino,981,981.000000000000,8,8.000000000000,0.008154943935,proporcion-respuestas-validas
RESULT,CALC-ISSP2017-CONSISTENCIA-APOYO-FAMILIAR-0001,México,Muestra ISSP 2017 México,EE-IC-NO-DISPONIBLES-DISENO-NO-ACREDITADO,OK,CINCO-RESPUESTAS-VALIDAS,v21,Q7a,Hogar o jardín,3,Amigo cercano,v25,Q7e,Ocasión social agradable,5,Compañero de trabajo,981,981.000000000000,10,10.000000000000,0.010193679918,proporcion-respuestas-validas
RESULT,CALC-ISSP2017-CONSISTENCIA-APOYO-FAMILIAR-0001,México,Muestra ISSP 2017 México,EE-IC-NO-DISPONIBLES-DISENO-NO-ACREDITADO,OK,CINCO-RESPUESTAS-VALIDAS,v21,Q7a,Hogar o jardín,3,Amigo cercano,v25,Q7e,Ocasión social agradable,6,Alguien más,981,981.000000000000,10,10.000000000000,0.010193679918,proporcion-respuestas-validas
RESULT,CALC-ISSP2017-CONSISTENCIA-APOYO-FAMILIAR-0001,México,Muestra ISSP 2017 México,EE-IC-NO-DISPONIBLES-DISENO-NO-ACREDITADO,OK,CINCO-RESPUESTAS-VALIDAS,v21,Q7a,Hogar o jardín,3,Amigo cercano,v25,Q7e,Ocasión social agradable,7,Ninguno,981,981.000000000000,5,5.000000000000,0.005096839959,proporcion-respuestas-validas
RESULT,CALC-ISSP2017-CONSISTENCIA-APOYO-FAMILIAR-0001,México,Muestra ISSP 2017 México,EE-IC-NO-DISPONIBLES-DISENO-NO-ACREDITADO,OK,CINCO-RESPUESTAS-VALIDAS,v21,Q7a,Hogar o jardín,4,Vecino,v25,Q7e,Ocasión social agradable,1,Familiar cercano,981,981.000000000000,37,37.000000000000,0.037716615698,proporcion-respuestas-validas
RESULT,CALC-ISSP2017-CONSISTENCIA-APOYO-FAMILIAR-0001,México,Muestra ISSP 2017 México,EE-IC-NO-DISPONIBLES-DISENO-NO-ACREDITADO,OK,CINCO-RESPUESTAS-VALIDAS,v21,Q7a,Hogar o jardín,4,Vecino,v25,Q7e,Ocasión social agradable,2,Familiar más lejano,981,981.000000000000,5,5.000000000000,0.005096839959,proporcion-respuestas-validas
RESULT,CALC-ISSP2017-CONSISTENCIA-APOYO-FAMILIAR-0001,México,Muestra ISSP 2017 México,EE-IC-NO-DISPONIBLES-DISENO-NO-ACREDITADO,OK,CINCO-RESPUESTAS-VALIDAS,v21,Q7a,Hogar o jardín,4,Vecino,v25,Q7e,Ocasión social agradable,3,Amigo cercano,981,981.000000000000,27,27.000000000000,0.027522935780,proporcion-respuestas-validas
RESULT,CALC-ISSP2017-CONSISTENCIA-APOYO-FAMILIAR-0001,México,Muestra ISSP 2017 México,EE-IC-NO-DISPONIBLES-DISENO-NO-ACREDITADO,OK,CINCO-RESPUESTAS-VALIDAS,v21,Q7a,Hogar o jardín,4,Vecino,v25,Q7e,Ocasión social agradable,4,Vecino,981,981.000000000000,11,11.000000000000,0.011213047910,proporcion-respuestas-validas
RESULT,CALC-ISSP2017-CONSISTENCIA-APOYO-FAMILIAR-0001,México,Muestra ISSP 2017 México,EE-IC-NO-DISPONIBLES-DISENO-NO-ACREDITADO,OK,CINCO-RESPUESTAS-VALIDAS,v21,Q7a,Hogar o jardín,4,Vecino,v25,Q7e,Ocasión social agradable,5,Compañero de trabajo,981,981.000000000000,2,2.000000000000,0.002038735984,proporcion-respuestas-validas
RESULT,CALC-ISSP2017-CONSISTENCIA-APOYO-FAMILIAR-0001,México,Muestra ISSP 2017 México,EE-IC-NO-DISPONIBLES-DISENO-NO-ACREDITADO,OK,CINCO-RESPUESTAS-VALIDAS,v21,Q7a,Hogar o jardín,4,Vecino,v25,Q7e,Ocasión social agradable,6,Alguien más,981,981.000000000000,2,2.000000000000,0.002038735984,proporcion-respuestas-validas
RESULT,CALC-ISSP2017-CONSISTENCIA-APOYO-FAMILIAR-0001,México,Muestra ISSP 2017 México,EE-IC-NO-DISPONIBLES-DISENO-NO-ACREDITADO,OK,CINCO-RESPUESTAS-VALIDAS,v21,Q7a,Hogar o jardín,4,Vecino,v25,Q7e,Ocasión social agradable,7,Ninguno,981,981.000000000000,2,2.000000000000,0.002038735984,proporcion-respuestas-validas
RESULT,CALC-ISSP2017-CONSISTENCIA-APOYO-FAMILIAR-0001,México,Muestra ISSP 2017 México,EE-IC-NO-DISPONIBLES-DISENO-NO-ACREDITADO,OK,CINCO-RESPUESTAS-VALIDAS,v21,Q7a,Hogar o jardín,5,Compañero de trabajo,v25,Q7e,Ocasión social agradable,1,Familiar cercano,981,981.000000000000,9,9.000000000000,0.009174311927,proporcion-respuestas-validas
RESULT,CALC-ISSP2017-CONSISTENCIA-APOYO-FAMILIAR-0001,México,Muestra ISSP 2017 México,EE-IC-NO-DISPONIBLES-DISENO-NO-ACREDITADO,OK,CINCO-RESPUESTAS-VALIDAS,v21,Q7a,Hogar o jardín,5,Compañero de trabajo,v25,Q7e,Ocasión social agradable,2,Familiar más lejano,981,981.000000000000,1,1.000000000000,0.001019367992,proporcion-respuestas-validas
RESULT,CALC-ISSP2017-CONSISTENCIA-APOYO-FAMILIAR-0001,México,Muestra ISSP 2017 México,EE-IC-NO-DISPONIBLES-DISENO-NO-ACREDITADO,OK,CINCO-RESPUESTAS-VALIDAS,v21,Q7a,Hogar o jardín,5,Compañero de trabajo,v25,Q7e,Ocasión social agradable,3,Amigo cercano,981,981.000000000000,6,6.000000000000,0.006116207951,proporcion-respuestas-validas
RESULT,CALC-ISSP2017-CONSISTENCIA-APOYO-FAMILIAR-0001,México,Muestra ISSP 2017 México,EE-IC-NO-DISPONIBLES-DISENO-NO-ACREDITADO,OK,CINCO-RESPUESTAS-VALIDAS,v21,Q7a,Hogar o jardín,5,Compañero de trabajo,v25,Q7e,Ocasión social agradable,4,Vecino,981,981.000000000000,0,0.000000000000,0.000000000000,proporcion-respuestas-validas
RESULT,CALC-ISSP2017-CONSISTENCIA-APOYO-FAMILIAR-0001,México,Muestra ISSP 2017 México,EE-IC-NO-DISPONIBLES-DISENO-NO-ACREDITADO,OK,CINCO-RESPUESTAS-VALIDAS,v21,Q7a,Hogar o jardín,5,Compañero de trabajo,v25,Q7e,Ocasión social agradable,5,Compañero de trabajo,981,981.000000000000,2,2.000000000000,0.002038735984,proporcion-respuestas-validas
RESULT,CALC-ISSP2017-CONSISTENCIA-APOYO-FAMILIAR-0001,México,Muestra ISSP 2017 México,EE-IC-NO-DISPONIBLES-DISENO-NO-ACREDITADO,OK,CINCO-RESPUESTAS-VALIDAS,v21,Q7a,Hogar o jardín,5,Compañero de trabajo,v25,Q7e,Ocasión social agradable,6,Alguien más,981,981.000000000000,1,1.000000000000,0.001019367992,proporcion-respuestas-validas
RESULT,CALC-ISSP2017-CONSISTENCIA-APOYO-FAMILIAR-0001,México,Muestra ISSP 2017 México,EE-IC-NO-DISPONIBLES-DISENO-NO-ACREDITADO,OK,CINCO-RESPUESTAS-VALIDAS,v21,Q7a,Hogar o jardín,5,Compañero de trabajo,v25,Q7e,Ocasión social agradable,7,Ninguno,981,981.000000000000,0,0.000000000000,0.000000000000,proporcion-respuestas-validas
RESULT,CALC-ISSP2017-CONSISTENCIA-APOYO-FAMILIAR-0001,México,Muestra ISSP 2017 México,EE-IC-NO-DISPONIBLES-DISENO-NO-ACREDITADO,OK,CINCO-RESPUESTAS-VALIDAS,v21,Q7a,Hogar o jardín,6,Alguien más,v25,Q7e,Ocasión social agradable,1,Familiar cercano,981,981.000000000000,24,24.000000000000,0.024464831804,proporcion-respuestas-validas
RESULT,CALC-ISSP2017-CONSISTENCIA-APOYO-FAMILIAR-0001,México,Muestra ISSP 2017 México,EE-IC-NO-DISPONIBLES-DISENO-NO-ACREDITADO,OK,CINCO-RESPUESTAS-VALIDAS,v21,Q7a,Hogar o jardín,6,Alguien más,v25,Q7e,Ocasión social agradable,2,Familiar más lejano,981,981.000000000000,1,1.000000000000,0.001019367992,proporcion-respuestas-validas
RESULT,CALC-ISSP2017-CONSISTENCIA-APOYO-FAMILIAR-0001,México,Muestra ISSP 2017 México,EE-IC-NO-DISPONIBLES-DISENO-NO-ACREDITADO,OK,CINCO-RESPUESTAS-VALIDAS,v21,Q7a,Hogar o jardín,6,Alguien más,v25,Q7e,Ocasión social agradable,3,Amigo cercano,981,981.000000000000,17,17.000000000000,0.017329255861,proporcion-respuestas-validas
RESULT,CALC-ISSP2017-CONSISTENCIA-APOYO-FAMILIAR-0001,México,Muestra ISSP 2017 México,EE-IC-NO-DISPONIBLES-DISENO-NO-ACREDITADO,OK,CINCO-RESPUESTAS-VALIDAS,v21,Q7a,Hogar o jardín,6,Alguien más,v25,Q7e,Ocasión social agradable,4,Vecino,981,981.000000000000,1,1.000000000000,0.001019367992,proporcion-respuestas-validas
RESULT,CALC-ISSP2017-CONSISTENCIA-APOYO-FAMILIAR-0001,México,Muestra ISSP 2017 México,EE-IC-NO-DISPONIBLES-DISENO-NO-ACREDITADO,OK,CINCO-RESPUESTAS-VALIDAS,v21,Q7a,Hogar o jardín,6,Alguien más,v25,Q7e,Ocasión social agradable,5,Compañero de trabajo,981,981.000000000000,5,5.000000000000,0.005096839959,proporcion-respuestas-validas
RESULT,CALC-ISSP2017-CONSISTENCIA-APOYO-FAMILIAR-0001,México,Muestra ISSP 2017 México,EE-IC-NO-DISPONIBLES-DISENO-NO-ACREDITADO,OK,CINCO-RESPUESTAS-VALIDAS,v21,Q7a,Hogar o jardín,6,Alguien más,v25,Q7e,Ocasión social agradable,6,Alguien más,981,981.000000000000,6,6.000000000000,0.006116207951,proporcion-respuestas-validas
RESULT,CALC-ISSP2017-CONSISTENCIA-APOYO-FAMILIAR-0001,México,Muestra ISSP 2017 México,EE-IC-NO-DISPONIBLES-DISENO-NO-ACREDITADO,OK,CINCO-RESPUESTAS-VALIDAS,v21,Q7a,Hogar o jardín,6,Alguien más,v25,Q7e,Ocasión social agradable,7,Ninguno,981,981.000000000000,0,0.000000000000,0.000000000000,proporcion-respuestas-validas
RESULT,CALC-ISSP2017-CONSISTENCIA-APOYO-FAMILIAR-0001,México,Muestra ISSP 2017 México,EE-IC-NO-DISPONIBLES-DISENO-NO-ACREDITADO,OK,CINCO-RESPUESTAS-VALIDAS,v21,Q7a,Hogar o jardín,7,Ninguno,v25,Q7e,Ocasión social agradable,1,Familiar cercano,981,981.000000000000,14,14.000000000000,0.014271151886,proporcion-respuestas-validas
RESULT,CALC-ISSP2017-CONSISTENCIA-APOYO-FAMILIAR-0001,México,Muestra ISSP 2017 México,EE-IC-NO-DISPONIBLES-DISENO-NO-ACREDITADO,OK,CINCO-RESPUESTAS-VALIDAS,v21,Q7a,Hogar o jardín,7,Ninguno,v25,Q7e,Ocasión social agradable,2,Familiar más lejano,981,981.000000000000,0,0.000000000000,0.000000000000,proporcion-respuestas-validas
RESULT,CALC-ISSP2017-CONSISTENCIA-APOYO-FAMILIAR-0001,México,Muestra ISSP 2017 México,EE-IC-NO-DISPONIBLES-DISENO-NO-ACREDITADO,OK,CINCO-RESPUESTAS-VALIDAS,v21,Q7a,Hogar o jardín,7,Ninguno,v25,Q7e,Ocasión social agradable,3,Amigo cercano,981,981.000000000000,7,7.000000000000,0.007135575943,proporcion-respuestas-validas
RESULT,CALC-ISSP2017-CONSISTENCIA-APOYO-FAMILIAR-0001,México,Muestra ISSP 2017 México,EE-IC-NO-DISPONIBLES-DISENO-NO-ACREDITADO,OK,CINCO-RESPUESTAS-VALIDAS,v21,Q7a,Hogar o jardín,7,Ninguno,v25,Q7e,Ocasión social agradable,4,Vecino,981,981.000000000000,0,0.000000000000,0.000000000000,proporcion-respuestas-validas
RESULT,CALC-ISSP2017-CONSISTENCIA-APOYO-FAMILIAR-0001,México,Muestra ISSP 2017 México,EE-IC-NO-DISPONIBLES-DISENO-NO-ACREDITADO,OK,CINCO-RESPUESTAS-VALIDAS,v21,Q7a,Hogar o jardín,7,Ninguno,v25,Q7e,Ocasión social agradable,5,Compañero de trabajo,981,981.000000000000,2,2.000000000000,0.002038735984,proporcion-respuestas-validas
RESULT,CALC-ISSP2017-CONSISTENCIA-APOYO-FAMILIAR-0001,México,Muestra ISSP 2017 México,EE-IC-NO-DISPONIBLES-DISENO-NO-ACREDITADO,OK,CINCO-RESPUESTAS-VALIDAS,v21,Q7a,Hogar o jardín,7,Ninguno,v25,Q7e,Ocasión social agradable,6,Alguien más,981,981.000000000000,3,3.000000000000,0.003058103976,proporcion-respuestas-validas
RESULT,CALC-ISSP2017-CONSISTENCIA-APOYO-FAMILIAR-0001,México,Muestra ISSP 2017 México,EE-IC-NO-DISPONIBLES-DISENO-NO-ACREDITADO,OK,CINCO-RESPUESTAS-VALIDAS,v21,Q7a,Hogar o jardín,7,Ninguno,v25,Q7e,Ocasión social agradable,7,Ninguno,981,981.000000000000,3,3.000000000000,0.003058103976,proporcion-respuestas-validas
RESULT,CALC-ISSP2017-CONSISTENCIA-APOYO-FAMILIAR-0001,México,Muestra ISSP 2017 México,EE-IC-NO-DISPONIBLES-DISENO-NO-ACREDITADO,OK,CINCO-RESPUESTAS-VALIDAS,v22,Q7b,Hogar durante enfermedad,1,Familiar cercano,v23,Q7c,Hablar al sentirse deprimido,1,Familiar cercano,981,981.000000000000,467,467.000000000000,0.476044852192,proporcion-respuestas-validas
RESULT,CALC-ISSP2017-CONSISTENCIA-APOYO-FAMILIAR-0001,México,Muestra ISSP 2017 México,EE-IC-NO-DISPONIBLES-DISENO-NO-ACREDITADO,OK,CINCO-RESPUESTAS-VALIDAS,v22,Q7b,Hogar durante enfermedad,1,Familiar cercano,v23,Q7c,Hablar al sentirse deprimido,2,Familiar más lejano,981,981.000000000000,23,23.000000000000,0.023445463812,proporcion-respuestas-validas
RESULT,CALC-ISSP2017-CONSISTENCIA-APOYO-FAMILIAR-0001,México,Muestra ISSP 2017 México,EE-IC-NO-DISPONIBLES-DISENO-NO-ACREDITADO,OK,CINCO-RESPUESTAS-VALIDAS,v22,Q7b,Hogar durante enfermedad,1,Familiar cercano,v23,Q7c,Hablar al sentirse deprimido,3,Amigo cercano,981,981.000000000000,207,207.000000000000,0.211009174312,proporcion-respuestas-validas
RESULT,CALC-ISSP2017-CONSISTENCIA-APOYO-FAMILIAR-0001,México,Muestra ISSP 2017 México,EE-IC-NO-DISPONIBLES-DISENO-NO-ACREDITADO,OK,CINCO-RESPUESTAS-VALIDAS,v22,Q7b,Hogar durante enfermedad,1,Familiar cercano,v23,Q7c,Hablar al sentirse deprimido,4,Vecino,981,981.000000000000,9,9.000000000000,0.009174311927,proporcion-respuestas-validas
RESULT,CALC-ISSP2017-CONSISTENCIA-APOYO-FAMILIAR-0001,México,Muestra ISSP 2017 México,EE-IC-NO-DISPONIBLES-DISENO-NO-ACREDITADO,OK,CINCO-RESPUESTAS-VALIDAS,v22,Q7b,Hogar durante enfermedad,1,Familiar cercano,v23,Q7c,Hablar al sentirse deprimido,5,Compañero de trabajo,981,981.000000000000,5,5.000000000000,0.005096839959,proporcion-respuestas-validas
RESULT,CALC-ISSP2017-CONSISTENCIA-APOYO-FAMILIAR-0001,México,Muestra ISSP 2017 México,EE-IC-NO-DISPONIBLES-DISENO-NO-ACREDITADO,OK,CINCO-RESPUESTAS-VALIDAS,v22,Q7b,Hogar durante enfermedad,1,Familiar cercano,v23,Q7c,Hablar al sentirse deprimido,6,Alguien más,981,981.000000000000,17,17.000000000000,0.017329255861,proporcion-respuestas-validas
RESULT,CALC-ISSP2017-CONSISTENCIA-APOYO-FAMILIAR-0001,México,Muestra ISSP 2017 México,EE-IC-NO-DISPONIBLES-DISENO-NO-ACREDITADO,OK,CINCO-RESPUESTAS-VALIDAS,v22,Q7b,Hogar durante enfermedad,1,Familiar cercano,v23,Q7c,Hablar al sentirse deprimido,7,Ninguno,981,981.000000000000,22,22.000000000000,0.022426095821,proporcion-respuestas-validas
RESULT,CALC-ISSP2017-CONSISTENCIA-APOYO-FAMILIAR-0001,México,Muestra ISSP 2017 México,EE-IC-NO-DISPONIBLES-DISENO-NO-ACREDITADO,OK,CINCO-RESPUESTAS-VALIDAS,v22,Q7b,Hogar durante enfermedad,2,Familiar más lejano,v23,Q7c,Hablar al sentirse deprimido,1,Familiar cercano,981,981.000000000000,32,32.000000000000,0.032619775739,proporcion-respuestas-validas
RESULT,CALC-ISSP2017-CONSISTENCIA-APOYO-FAMILIAR-0001,México,Muestra ISSP 2017 México,EE-IC-NO-DISPONIBLES-DISENO-NO-ACREDITADO,OK,CINCO-RESPUESTAS-VALIDAS,v22,Q7b,Hogar durante enfermedad,2,Familiar más lejano,v23,Q7c,Hablar al sentirse deprimido,2,Familiar más lejano,981,981.000000000000,16,16.000000000000,0.016309887870,proporcion-respuestas-validas
RESULT,CALC-ISSP2017-CONSISTENCIA-APOYO-FAMILIAR-0001,México,Muestra ISSP 2017 México,EE-IC-NO-DISPONIBLES-DISENO-NO-ACREDITADO,OK,CINCO-RESPUESTAS-VALIDAS,v22,Q7b,Hogar durante enfermedad,2,Familiar más lejano,v23,Q7c,Hablar al sentirse deprimido,3,Amigo cercano,981,981.000000000000,28,28.000000000000,0.028542303772,proporcion-respuestas-validas
RESULT,CALC-ISSP2017-CONSISTENCIA-APOYO-FAMILIAR-0001,México,Muestra ISSP 2017 México,EE-IC-NO-DISPONIBLES-DISENO-NO-ACREDITADO,OK,CINCO-RESPUESTAS-VALIDAS,v22,Q7b,Hogar durante enfermedad,2,Familiar más lejano,v23,Q7c,Hablar al sentirse deprimido,4,Vecino,981,981.000000000000,3,3.000000000000,0.003058103976,proporcion-respuestas-validas
RESULT,CALC-ISSP2017-CONSISTENCIA-APOYO-FAMILIAR-0001,México,Muestra ISSP 2017 México,EE-IC-NO-DISPONIBLES-DISENO-NO-ACREDITADO,OK,CINCO-RESPUESTAS-VALIDAS,v22,Q7b,Hogar durante enfermedad,2,Familiar más lejano,v23,Q7c,Hablar al sentirse deprimido,5,Compañero de trabajo,981,981.000000000000,1,1.000000000000,0.001019367992,proporcion-respuestas-validas
RESULT,CALC-ISSP2017-CONSISTENCIA-APOYO-FAMILIAR-0001,México,Muestra ISSP 2017 México,EE-IC-NO-DISPONIBLES-DISENO-NO-ACREDITADO,OK,CINCO-RESPUESTAS-VALIDAS,v22,Q7b,Hogar durante enfermedad,2,Familiar más lejano,v23,Q7c,Hablar al sentirse deprimido,6,Alguien más,981,981.000000000000,0,0.000000000000,0.000000000000,proporcion-respuestas-validas
RESULT,CALC-ISSP2017-CONSISTENCIA-APOYO-FAMILIAR-0001,México,Muestra ISSP 2017 México,EE-IC-NO-DISPONIBLES-DISENO-NO-ACREDITADO,OK,CINCO-RESPUESTAS-VALIDAS,v22,Q7b,Hogar durante enfermedad,2,Familiar más lejano,v23,Q7c,Hablar al sentirse deprimido,7,Ninguno,981,981.000000000000,0,0.000000000000,0.000000000000,proporcion-respuestas-validas
RESULT,CALC-ISSP2017-CONSISTENCIA-APOYO-FAMILIAR-0001,México,Muestra ISSP 2017 México,EE-IC-NO-DISPONIBLES-DISENO-NO-ACREDITADO,OK,CINCO-RESPUESTAS-VALIDAS,v22,Q7b,Hogar durante enfermedad,3,Amigo cercano,v23,Q7c,Hablar al sentirse deprimido,1,Familiar cercano,981,981.000000000000,27,27.000000000000,0.027522935780,proporcion-respuestas-validas
RESULT,CALC-ISSP2017-CONSISTENCIA-APOYO-FAMILIAR-0001,México,Muestra ISSP 2017 México,EE-IC-NO-DISPONIBLES-DISENO-NO-ACREDITADO,OK,CINCO-RESPUESTAS-VALIDAS,v22,Q7b,Hogar durante enfermedad,3,Amigo cercano,v23,Q7c,Hablar al sentirse deprimido,2,Familiar más lejano,981,981.000000000000,15,15.000000000000,0.015290519878,proporcion-respuestas-validas
RESULT,CALC-ISSP2017-CONSISTENCIA-APOYO-FAMILIAR-0001,México,Muestra ISSP 2017 México,EE-IC-NO-DISPONIBLES-DISENO-NO-ACREDITADO,OK,CINCO-RESPUESTAS-VALIDAS,v22,Q7b,Hogar durante enfermedad,3,Amigo cercano,v23,Q7c,Hablar al sentirse deprimido,3,Amigo cercano,981,981.000000000000,30,30.000000000000,0.030581039755,proporcion-respuestas-validas
RESULT,CALC-ISSP2017-CONSISTENCIA-APOYO-FAMILIAR-0001,México,Muestra ISSP 2017 México,EE-IC-NO-DISPONIBLES-DISENO-NO-ACREDITADO,OK,CINCO-RESPUESTAS-VALIDAS,v22,Q7b,Hogar durante enfermedad,3,Amigo cercano,v23,Q7c,Hablar al sentirse deprimido,4,Vecino,981,981.000000000000,14,14.000000000000,0.014271151886,proporcion-respuestas-validas
RESULT,CALC-ISSP2017-CONSISTENCIA-APOYO-FAMILIAR-0001,México,Muestra ISSP 2017 México,EE-IC-NO-DISPONIBLES-DISENO-NO-ACREDITADO,OK,CINCO-RESPUESTAS-VALIDAS,v22,Q7b,Hogar durante enfermedad,3,Amigo cercano,v23,Q7c,Hablar al sentirse deprimido,5,Compañero de trabajo,981,981.000000000000,2,2.000000000000,0.002038735984,proporcion-respuestas-validas
RESULT,CALC-ISSP2017-CONSISTENCIA-APOYO-FAMILIAR-0001,México,Muestra ISSP 2017 México,EE-IC-NO-DISPONIBLES-DISENO-NO-ACREDITADO,OK,CINCO-RESPUESTAS-VALIDAS,v22,Q7b,Hogar durante enfermedad,3,Amigo cercano,v23,Q7c,Hablar al sentirse deprimido,6,Alguien más,981,981.000000000000,2,2.000000000000,0.002038735984,proporcion-respuestas-validas
RESULT,CALC-ISSP2017-CONSISTENCIA-APOYO-FAMILIAR-0001,México,Muestra ISSP 2017 México,EE-IC-NO-DISPONIBLES-DISENO-NO-ACREDITADO,OK,CINCO-RESPUESTAS-VALIDAS,v22,Q7b,Hogar durante enfermedad,3,Amigo cercano,v23,Q7c,Hablar al sentirse deprimido,7,Ninguno,981,981.000000000000,0,0.000000000000,0.000000000000,proporcion-respuestas-validas
RESULT,CALC-ISSP2017-CONSISTENCIA-APOYO-FAMILIAR-0001,México,Muestra ISSP 2017 México,EE-IC-NO-DISPONIBLES-DISENO-NO-ACREDITADO,OK,CINCO-RESPUESTAS-VALIDAS,v22,Q7b,Hogar durante enfermedad,4,Vecino,v23,Q7c,Hablar al sentirse deprimido,1,Familiar cercano,981,981.000000000000,3,3.000000000000,0.003058103976,proporcion-respuestas-validas
RESULT,CALC-ISSP2017-CONSISTENCIA-APOYO-FAMILIAR-0001,México,Muestra ISSP 2017 México,EE-IC-NO-DISPONIBLES-DISENO-NO-ACREDITADO,OK,CINCO-RESPUESTAS-VALIDAS,v22,Q7b,Hogar durante enfermedad,4,Vecino,v23,Q7c,Hablar al sentirse deprimido,2,Familiar más lejano,981,981.000000000000,2,2.000000000000,0.002038735984,proporcion-respuestas-validas
RESULT,CALC-ISSP2017-CONSISTENCIA-APOYO-FAMILIAR-0001,México,Muestra ISSP 2017 México,EE-IC-NO-DISPONIBLES-DISENO-NO-ACREDITADO,OK,CINCO-RESPUESTAS-VALIDAS,v22,Q7b,Hogar durante enfermedad,4,Vecino,v23,Q7c,Hablar al sentirse deprimido,3,Amigo cercano,981,981.000000000000,18,18.000000000000,0.018348623853,proporcion-respuestas-validas
RESULT,CALC-ISSP2017-CONSISTENCIA-APOYO-FAMILIAR-0001,México,Muestra ISSP 2017 México,EE-IC-NO-DISPONIBLES-DISENO-NO-ACREDITADO,OK,CINCO-RESPUESTAS-VALIDAS,v22,Q7b,Hogar durante enfermedad,4,Vecino,v23,Q7c,Hablar al sentirse deprimido,4,Vecino,981,981.000000000000,7,7.000000000000,0.007135575943,proporcion-respuestas-validas
RESULT,CALC-ISSP2017-CONSISTENCIA-APOYO-FAMILIAR-0001,México,Muestra ISSP 2017 México,EE-IC-NO-DISPONIBLES-DISENO-NO-ACREDITADO,OK,CINCO-RESPUESTAS-VALIDAS,v22,Q7b,Hogar durante enfermedad,4,Vecino,v23,Q7c,Hablar al sentirse deprimido,5,Compañero de trabajo,981,981.000000000000,0,0.000000000000,0.000000000000,proporcion-respuestas-validas
RESULT,CALC-ISSP2017-CONSISTENCIA-APOYO-FAMILIAR-0001,México,Muestra ISSP 2017 México,EE-IC-NO-DISPONIBLES-DISENO-NO-ACREDITADO,OK,CINCO-RESPUESTAS-VALIDAS,v22,Q7b,Hogar durante enfermedad,4,Vecino,v23,Q7c,Hablar al sentirse deprimido,6,Alguien más,981,981.000000000000,0,0.000000000000,0.000000000000,proporcion-respuestas-validas
RESULT,CALC-ISSP2017-CONSISTENCIA-APOYO-FAMILIAR-0001,México,Muestra ISSP 2017 México,EE-IC-NO-DISPONIBLES-DISENO-NO-ACREDITADO,OK,CINCO-RESPUESTAS-VALIDAS,v22,Q7b,Hogar durante enfermedad,4,Vecino,v23,Q7c,Hablar al sentirse deprimido,7,Ninguno,981,981.000000000000,0,0.000000000000,0.000000000000,proporcion-respuestas-validas
RESULT,CALC-ISSP2017-CONSISTENCIA-APOYO-FAMILIAR-0001,México,Muestra ISSP 2017 México,EE-IC-NO-DISPONIBLES-DISENO-NO-ACREDITADO,OK,CINCO-RESPUESTAS-VALIDAS,v22,Q7b,Hogar durante enfermedad,5,Compañero de trabajo,v23,Q7c,Hablar al sentirse deprimido,1,Familiar cercano,981,981.000000000000,0,0.000000000000,0.000000000000,proporcion-respuestas-validas
RESULT,CALC-ISSP2017-CONSISTENCIA-APOYO-FAMILIAR-0001,México,Muestra ISSP 2017 México,EE-IC-NO-DISPONIBLES-DISENO-NO-ACREDITADO,OK,CINCO-RESPUESTAS-VALIDAS,v22,Q7b,Hogar durante enfermedad,5,Compañero de trabajo,v23,Q7c,Hablar al sentirse deprimido,2,Familiar más lejano,981,981.000000000000,1,1.000000000000,0.001019367992,proporcion-respuestas-validas
RESULT,CALC-ISSP2017-CONSISTENCIA-APOYO-FAMILIAR-0001,México,Muestra ISSP 2017 México,EE-IC-NO-DISPONIBLES-DISENO-NO-ACREDITADO,OK,CINCO-RESPUESTAS-VALIDAS,v22,Q7b,Hogar durante enfermedad,5,Compañero de trabajo,v23,Q7c,Hablar al sentirse deprimido,3,Amigo cercano,981,981.000000000000,1,1.000000000000,0.001019367992,proporcion-respuestas-validas
RESULT,CALC-ISSP2017-CONSISTENCIA-APOYO-FAMILIAR-0001,México,Muestra ISSP 2017 México,EE-IC-NO-DISPONIBLES-DISENO-NO-ACREDITADO,OK,CINCO-RESPUESTAS-VALIDAS,v22,Q7b,Hogar durante enfermedad,5,Compañero de trabajo,v23,Q7c,Hablar al sentirse deprimido,4,Vecino,981,981.000000000000,2,2.000000000000,0.002038735984,proporcion-respuestas-validas
RESULT,CALC-ISSP2017-CONSISTENCIA-APOYO-FAMILIAR-0001,México,Muestra ISSP 2017 México,EE-IC-NO-DISPONIBLES-DISENO-NO-ACREDITADO,OK,CINCO-RESPUESTAS-VALIDAS,v22,Q7b,Hogar durante enfermedad,5,Compañero de trabajo,v23,Q7c,Hablar al sentirse deprimido,5,Compañero de trabajo,981,981.000000000000,3,3.000000000000,0.003058103976,proporcion-respuestas-validas
RESULT,CALC-ISSP2017-CONSISTENCIA-APOYO-FAMILIAR-0001,México,Muestra ISSP 2017 México,EE-IC-NO-DISPONIBLES-DISENO-NO-ACREDITADO,OK,CINCO-RESPUESTAS-VALIDAS,v22,Q7b,Hogar durante enfermedad,5,Compañero de trabajo,v23,Q7c,Hablar al sentirse deprimido,6,Alguien más,981,981.000000000000,1,1.000000000000,0.001019367992,proporcion-respuestas-validas
RESULT,CALC-ISSP2017-CONSISTENCIA-APOYO-FAMILIAR-0001,México,Muestra ISSP 2017 México,EE-IC-NO-DISPONIBLES-DISENO-NO-ACREDITADO,OK,CINCO-RESPUESTAS-VALIDAS,v22,Q7b,Hogar durante enfermedad,5,Compañero de trabajo,v23,Q7c,Hablar al sentirse deprimido,7,Ninguno,981,981.000000000000,1,1.000000000000,0.001019367992,proporcion-respuestas-validas
RESULT,CALC-ISSP2017-CONSISTENCIA-APOYO-FAMILIAR-0001,México,Muestra ISSP 2017 México,EE-IC-NO-DISPONIBLES-DISENO-NO-ACREDITADO,OK,CINCO-RESPUESTAS-VALIDAS,v22,Q7b,Hogar durante enfermedad,6,Alguien más,v23,Q7c,Hablar al sentirse deprimido,1,Familiar cercano,981,981.000000000000,2,2.000000000000,0.002038735984,proporcion-respuestas-validas
RESULT,CALC-ISSP2017-CONSISTENCIA-APOYO-FAMILIAR-0001,México,Muestra ISSP 2017 México,EE-IC-NO-DISPONIBLES-DISENO-NO-ACREDITADO,OK,CINCO-RESPUESTAS-VALIDAS,v22,Q7b,Hogar durante enfermedad,6,Alguien más,v23,Q7c,Hablar al sentirse deprimido,2,Familiar más lejano,981,981.000000000000,1,1.000000000000,0.001019367992,proporcion-respuestas-validas
RESULT,CALC-ISSP2017-CONSISTENCIA-APOYO-FAMILIAR-0001,México,Muestra ISSP 2017 México,EE-IC-NO-DISPONIBLES-DISENO-NO-ACREDITADO,OK,CINCO-RESPUESTAS-VALIDAS,v22,Q7b,Hogar durante enfermedad,6,Alguien más,v23,Q7c,Hablar al sentirse deprimido,3,Amigo cercano,981,981.000000000000,2,2.000000000000,0.002038735984,proporcion-respuestas-validas
RESULT,CALC-ISSP2017-CONSISTENCIA-APOYO-FAMILIAR-0001,México,Muestra ISSP 2017 México,EE-IC-NO-DISPONIBLES-DISENO-NO-ACREDITADO,OK,CINCO-RESPUESTAS-VALIDAS,v22,Q7b,Hogar durante enfermedad,6,Alguien más,v23,Q7c,Hablar al sentirse deprimido,4,Vecino,981,981.000000000000,1,1.000000000000,0.001019367992,proporcion-respuestas-validas
RESULT,CALC-ISSP2017-CONSISTENCIA-APOYO-FAMILIAR-0001,México,Muestra ISSP 2017 México,EE-IC-NO-DISPONIBLES-DISENO-NO-ACREDITADO,OK,CINCO-RESPUESTAS-VALIDAS,v22,Q7b,Hogar durante enfermedad,6,Alguien más,v23,Q7c,Hablar al sentirse deprimido,5,Compañero de trabajo,981,981.000000000000,2,2.000000000000,0.002038735984,proporcion-respuestas-validas
RESULT,CALC-ISSP2017-CONSISTENCIA-APOYO-FAMILIAR-0001,México,Muestra ISSP 2017 México,EE-IC-NO-DISPONIBLES-DISENO-NO-ACREDITADO,OK,CINCO-RESPUESTAS-VALIDAS,v22,Q7b,Hogar durante enfermedad,6,Alguien más,v23,Q7c,Hablar al sentirse deprimido,6,Alguien más,981,981.000000000000,4,4.000000000000,0.004077471967,proporcion-respuestas-validas
RESULT,CALC-ISSP2017-CONSISTENCIA-APOYO-FAMILIAR-0001,México,Muestra ISSP 2017 México,EE-IC-NO-DISPONIBLES-DISENO-NO-ACREDITADO,OK,CINCO-RESPUESTAS-VALIDAS,v22,Q7b,Hogar durante enfermedad,6,Alguien más,v23,Q7c,Hablar al sentirse deprimido,7,Ninguno,981,981.000000000000,4,4.000000000000,0.004077471967,proporcion-respuestas-validas
RESULT,CALC-ISSP2017-CONSISTENCIA-APOYO-FAMILIAR-0001,México,Muestra ISSP 2017 México,EE-IC-NO-DISPONIBLES-DISENO-NO-ACREDITADO,OK,CINCO-RESPUESTAS-VALIDAS,v22,Q7b,Hogar durante enfermedad,7,Ninguno,v23,Q7c,Hablar al sentirse deprimido,1,Familiar cercano,981,981.000000000000,1,1.000000000000,0.001019367992,proporcion-respuestas-validas
RESULT,CALC-ISSP2017-CONSISTENCIA-APOYO-FAMILIAR-0001,México,Muestra ISSP 2017 México,EE-IC-NO-DISPONIBLES-DISENO-NO-ACREDITADO,OK,CINCO-RESPUESTAS-VALIDAS,v22,Q7b,Hogar durante enfermedad,7,Ninguno,v23,Q7c,Hablar al sentirse deprimido,2,Familiar más lejano,981,981.000000000000,0,0.000000000000,0.000000000000,proporcion-respuestas-validas
RESULT,CALC-ISSP2017-CONSISTENCIA-APOYO-FAMILIAR-0001,México,Muestra ISSP 2017 México,EE-IC-NO-DISPONIBLES-DISENO-NO-ACREDITADO,OK,CINCO-RESPUESTAS-VALIDAS,v22,Q7b,Hogar durante enfermedad,7,Ninguno,v23,Q7c,Hablar al sentirse deprimido,3,Amigo cercano,981,981.000000000000,1,1.000000000000,0.001019367992,proporcion-respuestas-validas
RESULT,CALC-ISSP2017-CONSISTENCIA-APOYO-FAMILIAR-0001,México,Muestra ISSP 2017 México,EE-IC-NO-DISPONIBLES-DISENO-NO-ACREDITADO,OK,CINCO-RESPUESTAS-VALIDAS,v22,Q7b,Hogar durante enfermedad,7,Ninguno,v23,Q7c,Hablar al sentirse deprimido,4,Vecino,981,981.000000000000,1,1.000000000000,0.001019367992,proporcion-respuestas-validas
RESULT,CALC-ISSP2017-CONSISTENCIA-APOYO-FAMILIAR-0001,México,Muestra ISSP 2017 México,EE-IC-NO-DISPONIBLES-DISENO-NO-ACREDITADO,OK,CINCO-RESPUESTAS-VALIDAS,v22,Q7b,Hogar durante enfermedad,7,Ninguno,v23,Q7c,Hablar al sentirse deprimido,5,Compañero de trabajo,981,981.000000000000,0,0.000000000000,0.000000000000,proporcion-respuestas-validas
RESULT,CALC-ISSP2017-CONSISTENCIA-APOYO-FAMILIAR-0001,México,Muestra ISSP 2017 México,EE-IC-NO-DISPONIBLES-DISENO-NO-ACREDITADO,OK,CINCO-RESPUESTAS-VALIDAS,v22,Q7b,Hogar durante enfermedad,7,Ninguno,v23,Q7c,Hablar al sentirse deprimido,6,Alguien más,981,981.000000000000,0,0.000000000000,0.000000000000,proporcion-respuestas-validas
RESULT,CALC-ISSP2017-CONSISTENCIA-APOYO-FAMILIAR-0001,México,Muestra ISSP 2017 México,EE-IC-NO-DISPONIBLES-DISENO-NO-ACREDITADO,OK,CINCO-RESPUESTAS-VALIDAS,v22,Q7b,Hogar durante enfermedad,7,Ninguno,v23,Q7c,Hablar al sentirse deprimido,7,Ninguno,981,981.000000000000,3,3.000000000000,0.003058103976,proporcion-respuestas-validas
RESULT,CALC-ISSP2017-CONSISTENCIA-APOYO-FAMILIAR-0001,México,Muestra ISSP 2017 México,EE-IC-NO-DISPONIBLES-DISENO-NO-ACREDITADO,OK,CINCO-RESPUESTAS-VALIDAS,v22,Q7b,Hogar durante enfermedad,1,Familiar cercano,v24,Q7d,Consejo sobre problemas familiares,1,Familiar cercano,981,981.000000000000,382,382.000000000000,0.389398572885,proporcion-respuestas-validas
RESULT,CALC-ISSP2017-CONSISTENCIA-APOYO-FAMILIAR-0001,México,Muestra ISSP 2017 México,EE-IC-NO-DISPONIBLES-DISENO-NO-ACREDITADO,OK,CINCO-RESPUESTAS-VALIDAS,v22,Q7b,Hogar durante enfermedad,1,Familiar cercano,v24,Q7d,Consejo sobre problemas familiares,2,Familiar más lejano,981,981.000000000000,38,38.000000000000,0.038735983690,proporcion-respuestas-validas
RESULT,CALC-ISSP2017-CONSISTENCIA-APOYO-FAMILIAR-0001,México,Muestra ISSP 2017 México,EE-IC-NO-DISPONIBLES-DISENO-NO-ACREDITADO,OK,CINCO-RESPUESTAS-VALIDAS,v22,Q7b,Hogar durante enfermedad,1,Familiar cercano,v24,Q7d,Consejo sobre problemas familiares,3,Amigo cercano,981,981.000000000000,264,264.000000000000,0.269113149847,proporcion-respuestas-validas
RESULT,CALC-ISSP2017-CONSISTENCIA-APOYO-FAMILIAR-0001,México,Muestra ISSP 2017 México,EE-IC-NO-DISPONIBLES-DISENO-NO-ACREDITADO,OK,CINCO-RESPUESTAS-VALIDAS,v22,Q7b,Hogar durante enfermedad,1,Familiar cercano,v24,Q7d,Consejo sobre problemas familiares,4,Vecino,981,981.000000000000,23,23.000000000000,0.023445463812,proporcion-respuestas-validas
RESULT,CALC-ISSP2017-CONSISTENCIA-APOYO-FAMILIAR-0001,México,Muestra ISSP 2017 México,EE-IC-NO-DISPONIBLES-DISENO-NO-ACREDITADO,OK,CINCO-RESPUESTAS-VALIDAS,v22,Q7b,Hogar durante enfermedad,1,Familiar cercano,v24,Q7d,Consejo sobre problemas familiares,5,Compañero de trabajo,981,981.000000000000,4,4.000000000000,0.004077471967,proporcion-respuestas-validas
RESULT,CALC-ISSP2017-CONSISTENCIA-APOYO-FAMILIAR-0001,México,Muestra ISSP 2017 México,EE-IC-NO-DISPONIBLES-DISENO-NO-ACREDITADO,OK,CINCO-RESPUESTAS-VALIDAS,v22,Q7b,Hogar durante enfermedad,1,Familiar cercano,v24,Q7d,Consejo sobre problemas familiares,6,Alguien más,981,981.000000000000,16,16.000000000000,0.016309887870,proporcion-respuestas-validas
RESULT,CALC-ISSP2017-CONSISTENCIA-APOYO-FAMILIAR-0001,México,Muestra ISSP 2017 México,EE-IC-NO-DISPONIBLES-DISENO-NO-ACREDITADO,OK,CINCO-RESPUESTAS-VALIDAS,v22,Q7b,Hogar durante enfermedad,1,Familiar cercano,v24,Q7d,Consejo sobre problemas familiares,7,Ninguno,981,981.000000000000,23,23.000000000000,0.023445463812,proporcion-respuestas-validas
RESULT,CALC-ISSP2017-CONSISTENCIA-APOYO-FAMILIAR-0001,México,Muestra ISSP 2017 México,EE-IC-NO-DISPONIBLES-DISENO-NO-ACREDITADO,OK,CINCO-RESPUESTAS-VALIDAS,v22,Q7b,Hogar durante enfermedad,2,Familiar más lejano,v24,Q7d,Consejo sobre problemas familiares,1,Familiar cercano,981,981.000000000000,27,27.000000000000,0.027522935780,proporcion-respuestas-validas
RESULT,CALC-ISSP2017-CONSISTENCIA-APOYO-FAMILIAR-0001,México,Muestra ISSP 2017 México,EE-IC-NO-DISPONIBLES-DISENO-NO-ACREDITADO,OK,CINCO-RESPUESTAS-VALIDAS,v22,Q7b,Hogar durante enfermedad,2,Familiar más lejano,v24,Q7d,Consejo sobre problemas familiares,2,Familiar más lejano,981,981.000000000000,27,27.000000000000,0.027522935780,proporcion-respuestas-validas
RESULT,CALC-ISSP2017-CONSISTENCIA-APOYO-FAMILIAR-0001,México,Muestra ISSP 2017 México,EE-IC-NO-DISPONIBLES-DISENO-NO-ACREDITADO,OK,CINCO-RESPUESTAS-VALIDAS,v22,Q7b,Hogar durante enfermedad,2,Familiar más lejano,v24,Q7d,Consejo sobre problemas familiares,3,Amigo cercano,981,981.000000000000,18,18.000000000000,0.018348623853,proporcion-respuestas-validas
RESULT,CALC-ISSP2017-CONSISTENCIA-APOYO-FAMILIAR-0001,México,Muestra ISSP 2017 México,EE-IC-NO-DISPONIBLES-DISENO-NO-ACREDITADO,OK,CINCO-RESPUESTAS-VALIDAS,v22,Q7b,Hogar durante enfermedad,2,Familiar más lejano,v24,Q7d,Consejo sobre problemas familiares,4,Vecino,981,981.000000000000,4,4.000000000000,0.004077471967,proporcion-respuestas-validas
RESULT,CALC-ISSP2017-CONSISTENCIA-APOYO-FAMILIAR-0001,México,Muestra ISSP 2017 México,EE-IC-NO-DISPONIBLES-DISENO-NO-ACREDITADO,OK,CINCO-RESPUESTAS-VALIDAS,v22,Q7b,Hogar durante enfermedad,2,Familiar más lejano,v24,Q7d,Consejo sobre problemas familiares,5,Compañero de trabajo,981,981.000000000000,2,2.000000000000,0.002038735984,proporcion-respuestas-validas
RESULT,CALC-ISSP2017-CONSISTENCIA-APOYO-FAMILIAR-0001,México,Muestra ISSP 2017 México,EE-IC-NO-DISPONIBLES-DISENO-NO-ACREDITADO,OK,CINCO-RESPUESTAS-VALIDAS,v22,Q7b,Hogar durante enfermedad,2,Familiar más lejano,v24,Q7d,Consejo sobre problemas familiares,6,Alguien más,981,981.000000000000,1,1.000000000000,0.001019367992,proporcion-respuestas-validas
RESULT,CALC-ISSP2017-CONSISTENCIA-APOYO-FAMILIAR-0001,México,Muestra ISSP 2017 México,EE-IC-NO-DISPONIBLES-DISENO-NO-ACREDITADO,OK,CINCO-RESPUESTAS-VALIDAS,v22,Q7b,Hogar durante enfermedad,2,Familiar más lejano,v24,Q7d,Consejo sobre problemas familiares,7,Ninguno,981,981.000000000000,1,1.000000000000,0.001019367992,proporcion-respuestas-validas
RESULT,CALC-ISSP2017-CONSISTENCIA-APOYO-FAMILIAR-0001,México,Muestra ISSP 2017 México,EE-IC-NO-DISPONIBLES-DISENO-NO-ACREDITADO,OK,CINCO-RESPUESTAS-VALIDAS,v22,Q7b,Hogar durante enfermedad,3,Amigo cercano,v24,Q7d,Consejo sobre problemas familiares,1,Familiar cercano,981,981.000000000000,25,25.000000000000,0.025484199796,proporcion-respuestas-validas
RESULT,CALC-ISSP2017-CONSISTENCIA-APOYO-FAMILIAR-0001,México,Muestra ISSP 2017 México,EE-IC-NO-DISPONIBLES-DISENO-NO-ACREDITADO,OK,CINCO-RESPUESTAS-VALIDAS,v22,Q7b,Hogar durante enfermedad,3,Amigo cercano,v24,Q7d,Consejo sobre problemas familiares,2,Familiar más lejano,981,981.000000000000,7,7.000000000000,0.007135575943,proporcion-respuestas-validas
RESULT,CALC-ISSP2017-CONSISTENCIA-APOYO-FAMILIAR-0001,México,Muestra ISSP 2017 México,EE-IC-NO-DISPONIBLES-DISENO-NO-ACREDITADO,OK,CINCO-RESPUESTAS-VALIDAS,v22,Q7b,Hogar durante enfermedad,3,Amigo cercano,v24,Q7d,Consejo sobre problemas familiares,3,Amigo cercano,981,981.000000000000,42,42.000000000000,0.042813455657,proporcion-respuestas-validas
RESULT,CALC-ISSP2017-CONSISTENCIA-APOYO-FAMILIAR-0001,México,Muestra ISSP 2017 México,EE-IC-NO-DISPONIBLES-DISENO-NO-ACREDITADO,OK,CINCO-RESPUESTAS-VALIDAS,v22,Q7b,Hogar durante enfermedad,3,Amigo cercano,v24,Q7d,Consejo sobre problemas familiares,4,Vecino,981,981.000000000000,7,7.000000000000,0.007135575943,proporcion-respuestas-validas
RESULT,CALC-ISSP2017-CONSISTENCIA-APOYO-FAMILIAR-0001,México,Muestra ISSP 2017 México,EE-IC-NO-DISPONIBLES-DISENO-NO-ACREDITADO,OK,CINCO-RESPUESTAS-VALIDAS,v22,Q7b,Hogar durante enfermedad,3,Amigo cercano,v24,Q7d,Consejo sobre problemas familiares,5,Compañero de trabajo,981,981.000000000000,9,9.000000000000,0.009174311927,proporcion-respuestas-validas
RESULT,CALC-ISSP2017-CONSISTENCIA-APOYO-FAMILIAR-0001,México,Muestra ISSP 2017 México,EE-IC-NO-DISPONIBLES-DISENO-NO-ACREDITADO,OK,CINCO-RESPUESTAS-VALIDAS,v22,Q7b,Hogar durante enfermedad,3,Amigo cercano,v24,Q7d,Consejo sobre problemas familiares,6,Alguien más,981,981.000000000000,0,0.000000000000,0.000000000000,proporcion-respuestas-validas
RESULT,CALC-ISSP2017-CONSISTENCIA-APOYO-FAMILIAR-0001,México,Muestra ISSP 2017 México,EE-IC-NO-DISPONIBLES-DISENO-NO-ACREDITADO,OK,CINCO-RESPUESTAS-VALIDAS,v22,Q7b,Hogar durante enfermedad,3,Amigo cercano,v24,Q7d,Consejo sobre problemas familiares,7,Ninguno,981,981.000000000000,0,0.000000000000,0.000000000000,proporcion-respuestas-validas
RESULT,CALC-ISSP2017-CONSISTENCIA-APOYO-FAMILIAR-0001,México,Muestra ISSP 2017 México,EE-IC-NO-DISPONIBLES-DISENO-NO-ACREDITADO,OK,CINCO-RESPUESTAS-VALIDAS,v22,Q7b,Hogar durante enfermedad,4,Vecino,v24,Q7d,Consejo sobre problemas familiares,1,Familiar cercano,981,981.000000000000,2,2.000000000000,0.002038735984,proporcion-respuestas-validas
RESULT,CALC-ISSP2017-CONSISTENCIA-APOYO-FAMILIAR-0001,México,Muestra ISSP 2017 México,EE-IC-NO-DISPONIBLES-DISENO-NO-ACREDITADO,OK,CINCO-RESPUESTAS-VALIDAS,v22,Q7b,Hogar durante enfermedad,4,Vecino,v24,Q7d,Consejo sobre problemas familiares,2,Familiar más lejano,981,981.000000000000,3,3.000000000000,0.003058103976,proporcion-respuestas-validas
RESULT,CALC-ISSP2017-CONSISTENCIA-APOYO-FAMILIAR-0001,México,Muestra ISSP 2017 México,EE-IC-NO-DISPONIBLES-DISENO-NO-ACREDITADO,OK,CINCO-RESPUESTAS-VALIDAS,v22,Q7b,Hogar durante enfermedad,4,Vecino,v24,Q7d,Consejo sobre problemas familiares,3,Amigo cercano,981,981.000000000000,12,12.000000000000,0.012232415902,proporcion-respuestas-validas
RESULT,CALC-ISSP2017-CONSISTENCIA-APOYO-FAMILIAR-0001,México,Muestra ISSP 2017 México,EE-IC-NO-DISPONIBLES-DISENO-NO-ACREDITADO,OK,CINCO-RESPUESTAS-VALIDAS,v22,Q7b,Hogar durante enfermedad,4,Vecino,v24,Q7d,Consejo sobre problemas familiares,4,Vecino,981,981.000000000000,12,12.000000000000,0.012232415902,proporcion-respuestas-validas
RESULT,CALC-ISSP2017-CONSISTENCIA-APOYO-FAMILIAR-0001,México,Muestra ISSP 2017 México,EE-IC-NO-DISPONIBLES-DISENO-NO-ACREDITADO,OK,CINCO-RESPUESTAS-VALIDAS,v22,Q7b,Hogar durante enfermedad,4,Vecino,v24,Q7d,Consejo sobre problemas familiares,5,Compañero de trabajo,981,981.000000000000,1,1.000000000000,0.001019367992,proporcion-respuestas-validas
RESULT,CALC-ISSP2017-CONSISTENCIA-APOYO-FAMILIAR-0001,México,Muestra ISSP 2017 México,EE-IC-NO-DISPONIBLES-DISENO-NO-ACREDITADO,OK,CINCO-RESPUESTAS-VALIDAS,v22,Q7b,Hogar durante enfermedad,4,Vecino,v24,Q7d,Consejo sobre problemas familiares,6,Alguien más,981,981.000000000000,0,0.000000000000,0.000000000000,proporcion-respuestas-validas
RESULT,CALC-ISSP2017-CONSISTENCIA-APOYO-FAMILIAR-0001,México,Muestra ISSP 2017 México,EE-IC-NO-DISPONIBLES-DISENO-NO-ACREDITADO,OK,CINCO-RESPUESTAS-VALIDAS,v22,Q7b,Hogar durante enfermedad,4,Vecino,v24,Q7d,Consejo sobre problemas familiares,7,Ninguno,981,981.000000000000,0,0.000000000000,0.000000000000,proporcion-respuestas-validas
RESULT,CALC-ISSP2017-CONSISTENCIA-APOYO-FAMILIAR-0001,México,Muestra ISSP 2017 México,EE-IC-NO-DISPONIBLES-DISENO-NO-ACREDITADO,OK,CINCO-RESPUESTAS-VALIDAS,v22,Q7b,Hogar durante enfermedad,5,Compañero de trabajo,v24,Q7d,Consejo sobre problemas familiares,1,Familiar cercano,981,981.000000000000,0,0.000000000000,0.000000000000,proporcion-respuestas-validas
RESULT,CALC-ISSP2017-CONSISTENCIA-APOYO-FAMILIAR-0001,México,Muestra ISSP 2017 México,EE-IC-NO-DISPONIBLES-DISENO-NO-ACREDITADO,OK,CINCO-RESPUESTAS-VALIDAS,v22,Q7b,Hogar durante enfermedad,5,Compañero de trabajo,v24,Q7d,Consejo sobre problemas familiares,2,Familiar más lejano,981,981.000000000000,0,0.000000000000,0.000000000000,proporcion-respuestas-validas
RESULT,CALC-ISSP2017-CONSISTENCIA-APOYO-FAMILIAR-0001,México,Muestra ISSP 2017 México,EE-IC-NO-DISPONIBLES-DISENO-NO-ACREDITADO,OK,CINCO-RESPUESTAS-VALIDAS,v22,Q7b,Hogar durante enfermedad,5,Compañero de trabajo,v24,Q7d,Consejo sobre problemas familiares,3,Amigo cercano,981,981.000000000000,3,3.000000000000,0.003058103976,proporcion-respuestas-validas
RESULT,CALC-ISSP2017-CONSISTENCIA-APOYO-FAMILIAR-0001,México,Muestra ISSP 2017 México,EE-IC-NO-DISPONIBLES-DISENO-NO-ACREDITADO,OK,CINCO-RESPUESTAS-VALIDAS,v22,Q7b,Hogar durante enfermedad,5,Compañero de trabajo,v24,Q7d,Consejo sobre problemas familiares,4,Vecino,981,981.000000000000,0,0.000000000000,0.000000000000,proporcion-respuestas-validas
RESULT,CALC-ISSP2017-CONSISTENCIA-APOYO-FAMILIAR-0001,México,Muestra ISSP 2017 México,EE-IC-NO-DISPONIBLES-DISENO-NO-ACREDITADO,OK,CINCO-RESPUESTAS-VALIDAS,v22,Q7b,Hogar durante enfermedad,5,Compañero de trabajo,v24,Q7d,Consejo sobre problemas familiares,5,Compañero de trabajo,981,981.000000000000,5,5.000000000000,0.005096839959,proporcion-respuestas-validas
RESULT,CALC-ISSP2017-CONSISTENCIA-APOYO-FAMILIAR-0001,México,Muestra ISSP 2017 México,EE-IC-NO-DISPONIBLES-DISENO-NO-ACREDITADO,OK,CINCO-RESPUESTAS-VALIDAS,v22,Q7b,Hogar durante enfermedad,5,Compañero de trabajo,v24,Q7d,Consejo sobre problemas familiares,6,Alguien más,981,981.000000000000,1,1.000000000000,0.001019367992,proporcion-respuestas-validas
RESULT,CALC-ISSP2017-CONSISTENCIA-APOYO-FAMILIAR-0001,México,Muestra ISSP 2017 México,EE-IC-NO-DISPONIBLES-DISENO-NO-ACREDITADO,OK,CINCO-RESPUESTAS-VALIDAS,v22,Q7b,Hogar durante enfermedad,5,Compañero de trabajo,v24,Q7d,Consejo sobre problemas familiares,7,Ninguno,981,981.000000000000,0,0.000000000000,0.000000000000,proporcion-respuestas-validas
RESULT,CALC-ISSP2017-CONSISTENCIA-APOYO-FAMILIAR-0001,México,Muestra ISSP 2017 México,EE-IC-NO-DISPONIBLES-DISENO-NO-ACREDITADO,OK,CINCO-RESPUESTAS-VALIDAS,v22,Q7b,Hogar durante enfermedad,6,Alguien más,v24,Q7d,Consejo sobre problemas familiares,1,Familiar cercano,981,981.000000000000,0,0.000000000000,0.000000000000,proporcion-respuestas-validas
RESULT,CALC-ISSP2017-CONSISTENCIA-APOYO-FAMILIAR-0001,México,Muestra ISSP 2017 México,EE-IC-NO-DISPONIBLES-DISENO-NO-ACREDITADO,OK,CINCO-RESPUESTAS-VALIDAS,v22,Q7b,Hogar durante enfermedad,6,Alguien más,v24,Q7d,Consejo sobre problemas familiares,2,Familiar más lejano,981,981.000000000000,1,1.000000000000,0.001019367992,proporcion-respuestas-validas
RESULT,CALC-ISSP2017-CONSISTENCIA-APOYO-FAMILIAR-0001,México,Muestra ISSP 2017 México,EE-IC-NO-DISPONIBLES-DISENO-NO-ACREDITADO,OK,CINCO-RESPUESTAS-VALIDAS,v22,Q7b,Hogar durante enfermedad,6,Alguien más,v24,Q7d,Consejo sobre problemas familiares,3,Amigo cercano,981,981.000000000000,7,7.000000000000,0.007135575943,proporcion-respuestas-validas
RESULT,CALC-ISSP2017-CONSISTENCIA-APOYO-FAMILIAR-0001,México,Muestra ISSP 2017 México,EE-IC-NO-DISPONIBLES-DISENO-NO-ACREDITADO,OK,CINCO-RESPUESTAS-VALIDAS,v22,Q7b,Hogar durante enfermedad,6,Alguien más,v24,Q7d,Consejo sobre problemas familiares,4,Vecino,981,981.000000000000,0,0.000000000000,0.000000000000,proporcion-respuestas-validas
RESULT,CALC-ISSP2017-CONSISTENCIA-APOYO-FAMILIAR-0001,México,Muestra ISSP 2017 México,EE-IC-NO-DISPONIBLES-DISENO-NO-ACREDITADO,OK,CINCO-RESPUESTAS-VALIDAS,v22,Q7b,Hogar durante enfermedad,6,Alguien más,v24,Q7d,Consejo sobre problemas familiares,5,Compañero de trabajo,981,981.000000000000,2,2.000000000000,0.002038735984,proporcion-respuestas-validas
RESULT,CALC-ISSP2017-CONSISTENCIA-APOYO-FAMILIAR-0001,México,Muestra ISSP 2017 México,EE-IC-NO-DISPONIBLES-DISENO-NO-ACREDITADO,OK,CINCO-RESPUESTAS-VALIDAS,v22,Q7b,Hogar durante enfermedad,6,Alguien más,v24,Q7d,Consejo sobre problemas familiares,6,Alguien más,981,981.000000000000,5,5.000000000000,0.005096839959,proporcion-respuestas-validas
RESULT,CALC-ISSP2017-CONSISTENCIA-APOYO-FAMILIAR-0001,México,Muestra ISSP 2017 México,EE-IC-NO-DISPONIBLES-DISENO-NO-ACREDITADO,OK,CINCO-RESPUESTAS-VALIDAS,v22,Q7b,Hogar durante enfermedad,6,Alguien más,v24,Q7d,Consejo sobre problemas familiares,7,Ninguno,981,981.000000000000,1,1.000000000000,0.001019367992,proporcion-respuestas-validas
RESULT,CALC-ISSP2017-CONSISTENCIA-APOYO-FAMILIAR-0001,México,Muestra ISSP 2017 México,EE-IC-NO-DISPONIBLES-DISENO-NO-ACREDITADO,OK,CINCO-RESPUESTAS-VALIDAS,v22,Q7b,Hogar durante enfermedad,7,Ninguno,v24,Q7d,Consejo sobre problemas familiares,1,Familiar cercano,981,981.000000000000,0,0.000000000000,0.000000000000,proporcion-respuestas-validas
RESULT,CALC-ISSP2017-CONSISTENCIA-APOYO-FAMILIAR-0001,México,Muestra ISSP 2017 México,EE-IC-NO-DISPONIBLES-DISENO-NO-ACREDITADO,OK,CINCO-RESPUESTAS-VALIDAS,v22,Q7b,Hogar durante enfermedad,7,Ninguno,v24,Q7d,Consejo sobre problemas familiares,2,Familiar más lejano,981,981.000000000000,0,0.000000000000,0.000000000000,proporcion-respuestas-validas
RESULT,CALC-ISSP2017-CONSISTENCIA-APOYO-FAMILIAR-0001,México,Muestra ISSP 2017 México,EE-IC-NO-DISPONIBLES-DISENO-NO-ACREDITADO,OK,CINCO-RESPUESTAS-VALIDAS,v22,Q7b,Hogar durante enfermedad,7,Ninguno,v24,Q7d,Consejo sobre problemas familiares,3,Amigo cercano,981,981.000000000000,2,2.000000000000,0.002038735984,proporcion-respuestas-validas
RESULT,CALC-ISSP2017-CONSISTENCIA-APOYO-FAMILIAR-0001,México,Muestra ISSP 2017 México,EE-IC-NO-DISPONIBLES-DISENO-NO-ACREDITADO,OK,CINCO-RESPUESTAS-VALIDAS,v22,Q7b,Hogar durante enfermedad,7,Ninguno,v24,Q7d,Consejo sobre problemas familiares,4,Vecino,981,981.000000000000,1,1.000000000000,0.001019367992,proporcion-respuestas-validas
RESULT,CALC-ISSP2017-CONSISTENCIA-APOYO-FAMILIAR-0001,México,Muestra ISSP 2017 México,EE-IC-NO-DISPONIBLES-DISENO-NO-ACREDITADO,OK,CINCO-RESPUESTAS-VALIDAS,v22,Q7b,Hogar durante enfermedad,7,Ninguno,v24,Q7d,Consejo sobre problemas familiares,5,Compañero de trabajo,981,981.000000000000,0,0.000000000000,0.000000000000,proporcion-respuestas-validas
RESULT,CALC-ISSP2017-CONSISTENCIA-APOYO-FAMILIAR-0001,México,Muestra ISSP 2017 México,EE-IC-NO-DISPONIBLES-DISENO-NO-ACREDITADO,OK,CINCO-RESPUESTAS-VALIDAS,v22,Q7b,Hogar durante enfermedad,7,Ninguno,v24,Q7d,Consejo sobre problemas familiares,6,Alguien más,981,981.000000000000,0,0.000000000000,0.000000000000,proporcion-respuestas-validas
RESULT,CALC-ISSP2017-CONSISTENCIA-APOYO-FAMILIAR-0001,México,Muestra ISSP 2017 México,EE-IC-NO-DISPONIBLES-DISENO-NO-ACREDITADO,OK,CINCO-RESPUESTAS-VALIDAS,v22,Q7b,Hogar durante enfermedad,7,Ninguno,v24,Q7d,Consejo sobre problemas familiares,7,Ninguno,981,981.000000000000,3,3.000000000000,0.003058103976,proporcion-respuestas-validas
RESULT,CALC-ISSP2017-CONSISTENCIA-APOYO-FAMILIAR-0001,México,Muestra ISSP 2017 México,EE-IC-NO-DISPONIBLES-DISENO-NO-ACREDITADO,OK,CINCO-RESPUESTAS-VALIDAS,v22,Q7b,Hogar durante enfermedad,1,Familiar cercano,v25,Q7e,Ocasión social agradable,1,Familiar cercano,981,981.000000000000,473,473.000000000000,0.482161060143,proporcion-respuestas-validas
RESULT,CALC-ISSP2017-CONSISTENCIA-APOYO-FAMILIAR-0001,México,Muestra ISSP 2017 México,EE-IC-NO-DISPONIBLES-DISENO-NO-ACREDITADO,OK,CINCO-RESPUESTAS-VALIDAS,v22,Q7b,Hogar durante enfermedad,1,Familiar cercano,v25,Q7e,Ocasión social agradable,2,Familiar más lejano,981,981.000000000000,29,29.000000000000,0.029561671764,proporcion-respuestas-validas
RESULT,CALC-ISSP2017-CONSISTENCIA-APOYO-FAMILIAR-0001,México,Muestra ISSP 2017 México,EE-IC-NO-DISPONIBLES-DISENO-NO-ACREDITADO,OK,CINCO-RESPUESTAS-VALIDAS,v22,Q7b,Hogar durante enfermedad,1,Familiar cercano,v25,Q7e,Ocasión social agradable,3,Amigo cercano,981,981.000000000000,174,174.000000000000,0.177370030581,proporcion-respuestas-validas
RESULT,CALC-ISSP2017-CONSISTENCIA-APOYO-FAMILIAR-0001,México,Muestra ISSP 2017 México,EE-IC-NO-DISPONIBLES-DISENO-NO-ACREDITADO,OK,CINCO-RESPUESTAS-VALIDAS,v22,Q7b,Hogar durante enfermedad,1,Familiar cercano,v25,Q7e,Ocasión social agradable,4,Vecino,981,981.000000000000,16,16.000000000000,0.016309887870,proporcion-respuestas-validas
RESULT,CALC-ISSP2017-CONSISTENCIA-APOYO-FAMILIAR-0001,México,Muestra ISSP 2017 México,EE-IC-NO-DISPONIBLES-DISENO-NO-ACREDITADO,OK,CINCO-RESPUESTAS-VALIDAS,v22,Q7b,Hogar durante enfermedad,1,Familiar cercano,v25,Q7e,Ocasión social agradable,5,Compañero de trabajo,981,981.000000000000,10,10.000000000000,0.010193679918,proporcion-respuestas-validas
RESULT,CALC-ISSP2017-CONSISTENCIA-APOYO-FAMILIAR-0001,México,Muestra ISSP 2017 México,EE-IC-NO-DISPONIBLES-DISENO-NO-ACREDITADO,OK,CINCO-RESPUESTAS-VALIDAS,v22,Q7b,Hogar durante enfermedad,1,Familiar cercano,v25,Q7e,Ocasión social agradable,6,Alguien más,981,981.000000000000,30,30.000000000000,0.030581039755,proporcion-respuestas-validas
RESULT,CALC-ISSP2017-CONSISTENCIA-APOYO-FAMILIAR-0001,México,Muestra ISSP 2017 México,EE-IC-NO-DISPONIBLES-DISENO-NO-ACREDITADO,OK,CINCO-RESPUESTAS-VALIDAS,v22,Q7b,Hogar durante enfermedad,1,Familiar cercano,v25,Q7e,Ocasión social agradable,7,Ninguno,981,981.000000000000,18,18.000000000000,0.018348623853,proporcion-respuestas-validas
RESULT,CALC-ISSP2017-CONSISTENCIA-APOYO-FAMILIAR-0001,México,Muestra ISSP 2017 México,EE-IC-NO-DISPONIBLES-DISENO-NO-ACREDITADO,OK,CINCO-RESPUESTAS-VALIDAS,v22,Q7b,Hogar durante enfermedad,2,Familiar más lejano,v25,Q7e,Ocasión social agradable,1,Familiar cercano,981,981.000000000000,33,33.000000000000,0.033639143731,proporcion-respuestas-validas
RESULT,CALC-ISSP2017-CONSISTENCIA-APOYO-FAMILIAR-0001,México,Muestra ISSP 2017 México,EE-IC-NO-DISPONIBLES-DISENO-NO-ACREDITADO,OK,CINCO-RESPUESTAS-VALIDAS,v22,Q7b,Hogar durante enfermedad,2,Familiar más lejano,v25,Q7e,Ocasión social agradable,2,Familiar más lejano,981,981.000000000000,16,16.000000000000,0.016309887870,proporcion-respuestas-validas
RESULT,CALC-ISSP2017-CONSISTENCIA-APOYO-FAMILIAR-0001,México,Muestra ISSP 2017 México,EE-IC-NO-DISPONIBLES-DISENO-NO-ACREDITADO,OK,CINCO-RESPUESTAS-VALIDAS,v22,Q7b,Hogar durante enfermedad,2,Familiar más lejano,v25,Q7e,Ocasión social agradable,3,Amigo cercano,981,981.000000000000,22,22.000000000000,0.022426095821,proporcion-respuestas-validas
RESULT,CALC-ISSP2017-CONSISTENCIA-APOYO-FAMILIAR-0001,México,Muestra ISSP 2017 México,EE-IC-NO-DISPONIBLES-DISENO-NO-ACREDITADO,OK,CINCO-RESPUESTAS-VALIDAS,v22,Q7b,Hogar durante enfermedad,2,Familiar más lejano,v25,Q7e,Ocasión social agradable,4,Vecino,981,981.000000000000,3,3.000000000000,0.003058103976,proporcion-respuestas-validas
RESULT,CALC-ISSP2017-CONSISTENCIA-APOYO-FAMILIAR-0001,México,Muestra ISSP 2017 México,EE-IC-NO-DISPONIBLES-DISENO-NO-ACREDITADO,OK,CINCO-RESPUESTAS-VALIDAS,v22,Q7b,Hogar durante enfermedad,2,Familiar más lejano,v25,Q7e,Ocasión social agradable,5,Compañero de trabajo,981,981.000000000000,5,5.000000000000,0.005096839959,proporcion-respuestas-validas
RESULT,CALC-ISSP2017-CONSISTENCIA-APOYO-FAMILIAR-0001,México,Muestra ISSP 2017 México,EE-IC-NO-DISPONIBLES-DISENO-NO-ACREDITADO,OK,CINCO-RESPUESTAS-VALIDAS,v22,Q7b,Hogar durante enfermedad,2,Familiar más lejano,v25,Q7e,Ocasión social agradable,6,Alguien más,981,981.000000000000,1,1.000000000000,0.001019367992,proporcion-respuestas-validas
RESULT,CALC-ISSP2017-CONSISTENCIA-APOYO-FAMILIAR-0001,México,Muestra ISSP 2017 México,EE-IC-NO-DISPONIBLES-DISENO-NO-ACREDITADO,OK,CINCO-RESPUESTAS-VALIDAS,v22,Q7b,Hogar durante enfermedad,2,Familiar más lejano,v25,Q7e,Ocasión social agradable,7,Ninguno,981,981.000000000000,0,0.000000000000,0.000000000000,proporcion-respuestas-validas
RESULT,CALC-ISSP2017-CONSISTENCIA-APOYO-FAMILIAR-0001,México,Muestra ISSP 2017 México,EE-IC-NO-DISPONIBLES-DISENO-NO-ACREDITADO,OK,CINCO-RESPUESTAS-VALIDAS,v22,Q7b,Hogar durante enfermedad,3,Amigo cercano,v25,Q7e,Ocasión social agradable,1,Familiar cercano,981,981.000000000000,36,36.000000000000,0.036697247706,proporcion-respuestas-validas
RESULT,CALC-ISSP2017-CONSISTENCIA-APOYO-FAMILIAR-0001,México,Muestra ISSP 2017 México,EE-IC-NO-DISPONIBLES-DISENO-NO-ACREDITADO,OK,CINCO-RESPUESTAS-VALIDAS,v22,Q7b,Hogar durante enfermedad,3,Amigo cercano,v25,Q7e,Ocasión social agradable,2,Familiar más lejano,981,981.000000000000,10,10.000000000000,0.010193679918,proporcion-respuestas-validas
RESULT,CALC-ISSP2017-CONSISTENCIA-APOYO-FAMILIAR-0001,México,Muestra ISSP 2017 México,EE-IC-NO-DISPONIBLES-DISENO-NO-ACREDITADO,OK,CINCO-RESPUESTAS-VALIDAS,v22,Q7b,Hogar durante enfermedad,3,Amigo cercano,v25,Q7e,Ocasión social agradable,3,Amigo cercano,981,981.000000000000,31,31.000000000000,0.031600407747,proporcion-respuestas-validas
RESULT,CALC-ISSP2017-CONSISTENCIA-APOYO-FAMILIAR-0001,México,Muestra ISSP 2017 México,EE-IC-NO-DISPONIBLES-DISENO-NO-ACREDITADO,OK,CINCO-RESPUESTAS-VALIDAS,v22,Q7b,Hogar durante enfermedad,3,Amigo cercano,v25,Q7e,Ocasión social agradable,4,Vecino,981,981.000000000000,10,10.000000000000,0.010193679918,proporcion-respuestas-validas
RESULT,CALC-ISSP2017-CONSISTENCIA-APOYO-FAMILIAR-0001,México,Muestra ISSP 2017 México,EE-IC-NO-DISPONIBLES-DISENO-NO-ACREDITADO,OK,CINCO-RESPUESTAS-VALIDAS,v22,Q7b,Hogar durante enfermedad,3,Amigo cercano,v25,Q7e,Ocasión social agradable,5,Compañero de trabajo,981,981.000000000000,2,2.000000000000,0.002038735984,proporcion-respuestas-validas
RESULT,CALC-ISSP2017-CONSISTENCIA-APOYO-FAMILIAR-0001,México,Muestra ISSP 2017 México,EE-IC-NO-DISPONIBLES-DISENO-NO-ACREDITADO,OK,CINCO-RESPUESTAS-VALIDAS,v22,Q7b,Hogar durante enfermedad,3,Amigo cercano,v25,Q7e,Ocasión social agradable,6,Alguien más,981,981.000000000000,0,0.000000000000,0.000000000000,proporcion-respuestas-validas
RESULT,CALC-ISSP2017-CONSISTENCIA-APOYO-FAMILIAR-0001,México,Muestra ISSP 2017 México,EE-IC-NO-DISPONIBLES-DISENO-NO-ACREDITADO,OK,CINCO-RESPUESTAS-VALIDAS,v22,Q7b,Hogar durante enfermedad,3,Amigo cercano,v25,Q7e,Ocasión social agradable,7,Ninguno,981,981.000000000000,1,1.000000000000,0.001019367992,proporcion-respuestas-validas
RESULT,CALC-ISSP2017-CONSISTENCIA-APOYO-FAMILIAR-0001,México,Muestra ISSP 2017 México,EE-IC-NO-DISPONIBLES-DISENO-NO-ACREDITADO,OK,CINCO-RESPUESTAS-VALIDAS,v22,Q7b,Hogar durante enfermedad,4,Vecino,v25,Q7e,Ocasión social agradable,1,Familiar cercano,981,981.000000000000,8,8.000000000000,0.008154943935,proporcion-respuestas-validas
RESULT,CALC-ISSP2017-CONSISTENCIA-APOYO-FAMILIAR-0001,México,Muestra ISSP 2017 México,EE-IC-NO-DISPONIBLES-DISENO-NO-ACREDITADO,OK,CINCO-RESPUESTAS-VALIDAS,v22,Q7b,Hogar durante enfermedad,4,Vecino,v25,Q7e,Ocasión social agradable,2,Familiar más lejano,981,981.000000000000,2,2.000000000000,0.002038735984,proporcion-respuestas-validas
RESULT,CALC-ISSP2017-CONSISTENCIA-APOYO-FAMILIAR-0001,México,Muestra ISSP 2017 México,EE-IC-NO-DISPONIBLES-DISENO-NO-ACREDITADO,OK,CINCO-RESPUESTAS-VALIDAS,v22,Q7b,Hogar durante enfermedad,4,Vecino,v25,Q7e,Ocasión social agradable,3,Amigo cercano,981,981.000000000000,8,8.000000000000,0.008154943935,proporcion-respuestas-validas
RESULT,CALC-ISSP2017-CONSISTENCIA-APOYO-FAMILIAR-0001,México,Muestra ISSP 2017 México,EE-IC-NO-DISPONIBLES-DISENO-NO-ACREDITADO,OK,CINCO-RESPUESTAS-VALIDAS,v22,Q7b,Hogar durante enfermedad,4,Vecino,v25,Q7e,Ocasión social agradable,4,Vecino,981,981.000000000000,9,9.000000000000,0.009174311927,proporcion-respuestas-validas
RESULT,CALC-ISSP2017-CONSISTENCIA-APOYO-FAMILIAR-0001,México,Muestra ISSP 2017 México,EE-IC-NO-DISPONIBLES-DISENO-NO-ACREDITADO,OK,CINCO-RESPUESTAS-VALIDAS,v22,Q7b,Hogar durante enfermedad,4,Vecino,v25,Q7e,Ocasión social agradable,5,Compañero de trabajo,981,981.000000000000,2,2.000000000000,0.002038735984,proporcion-respuestas-validas
RESULT,CALC-ISSP2017-CONSISTENCIA-APOYO-FAMILIAR-0001,México,Muestra ISSP 2017 México,EE-IC-NO-DISPONIBLES-DISENO-NO-ACREDITADO,OK,CINCO-RESPUESTAS-VALIDAS,v22,Q7b,Hogar durante enfermedad,4,Vecino,v25,Q7e,Ocasión social agradable,6,Alguien más,981,981.000000000000,0,0.000000000000,0.000000000000,proporcion-respuestas-validas
RESULT,CALC-ISSP2017-CONSISTENCIA-APOYO-FAMILIAR-0001,México,Muestra ISSP 2017 México,EE-IC-NO-DISPONIBLES-DISENO-NO-ACREDITADO,OK,CINCO-RESPUESTAS-VALIDAS,v22,Q7b,Hogar durante enfermedad,4,Vecino,v25,Q7e,Ocasión social agradable,7,Ninguno,981,981.000000000000,1,1.000000000000,0.001019367992,proporcion-respuestas-validas
RESULT,CALC-ISSP2017-CONSISTENCIA-APOYO-FAMILIAR-0001,México,Muestra ISSP 2017 México,EE-IC-NO-DISPONIBLES-DISENO-NO-ACREDITADO,OK,CINCO-RESPUESTAS-VALIDAS,v22,Q7b,Hogar durante enfermedad,5,Compañero de trabajo,v25,Q7e,Ocasión social agradable,1,Familiar cercano,981,981.000000000000,0,0.000000000000,0.000000000000,proporcion-respuestas-validas
RESULT,CALC-ISSP2017-CONSISTENCIA-APOYO-FAMILIAR-0001,México,Muestra ISSP 2017 México,EE-IC-NO-DISPONIBLES-DISENO-NO-ACREDITADO,OK,CINCO-RESPUESTAS-VALIDAS,v22,Q7b,Hogar durante enfermedad,5,Compañero de trabajo,v25,Q7e,Ocasión social agradable,2,Familiar más lejano,981,981.000000000000,0,0.000000000000,0.000000000000,proporcion-respuestas-validas
RESULT,CALC-ISSP2017-CONSISTENCIA-APOYO-FAMILIAR-0001,México,Muestra ISSP 2017 México,EE-IC-NO-DISPONIBLES-DISENO-NO-ACREDITADO,OK,CINCO-RESPUESTAS-VALIDAS,v22,Q7b,Hogar durante enfermedad,5,Compañero de trabajo,v25,Q7e,Ocasión social agradable,3,Amigo cercano,981,981.000000000000,2,2.000000000000,0.002038735984,proporcion-respuestas-validas
RESULT,CALC-ISSP2017-CONSISTENCIA-APOYO-FAMILIAR-0001,México,Muestra ISSP 2017 México,EE-IC-NO-DISPONIBLES-DISENO-NO-ACREDITADO,OK,CINCO-RESPUESTAS-VALIDAS,v22,Q7b,Hogar durante enfermedad,5,Compañero de trabajo,v25,Q7e,Ocasión social agradable,4,Vecino,981,981.000000000000,0,0.000000000000,0.000000000000,proporcion-respuestas-validas
RESULT,CALC-ISSP2017-CONSISTENCIA-APOYO-FAMILIAR-0001,México,Muestra ISSP 2017 México,EE-IC-NO-DISPONIBLES-DISENO-NO-ACREDITADO,OK,CINCO-RESPUESTAS-VALIDAS,v22,Q7b,Hogar durante enfermedad,5,Compañero de trabajo,v25,Q7e,Ocasión social agradable,5,Compañero de trabajo,981,981.000000000000,6,6.000000000000,0.006116207951,proporcion-respuestas-validas
RESULT,CALC-ISSP2017-CONSISTENCIA-APOYO-FAMILIAR-0001,México,Muestra ISSP 2017 México,EE-IC-NO-DISPONIBLES-DISENO-NO-ACREDITADO,OK,CINCO-RESPUESTAS-VALIDAS,v22,Q7b,Hogar durante enfermedad,5,Compañero de trabajo,v25,Q7e,Ocasión social agradable,6,Alguien más,981,981.000000000000,1,1.000000000000,0.001019367992,proporcion-respuestas-validas
RESULT,CALC-ISSP2017-CONSISTENCIA-APOYO-FAMILIAR-0001,México,Muestra ISSP 2017 México,EE-IC-NO-DISPONIBLES-DISENO-NO-ACREDITADO,OK,CINCO-RESPUESTAS-VALIDAS,v22,Q7b,Hogar durante enfermedad,5,Compañero de trabajo,v25,Q7e,Ocasión social agradable,7,Ninguno,981,981.000000000000,0,0.000000000000,0.000000000000,proporcion-respuestas-validas
RESULT,CALC-ISSP2017-CONSISTENCIA-APOYO-FAMILIAR-0001,México,Muestra ISSP 2017 México,EE-IC-NO-DISPONIBLES-DISENO-NO-ACREDITADO,OK,CINCO-RESPUESTAS-VALIDAS,v22,Q7b,Hogar durante enfermedad,6,Alguien más,v25,Q7e,Ocasión social agradable,1,Familiar cercano,981,981.000000000000,4,4.000000000000,0.004077471967,proporcion-respuestas-validas
RESULT,CALC-ISSP2017-CONSISTENCIA-APOYO-FAMILIAR-0001,México,Muestra ISSP 2017 México,EE-IC-NO-DISPONIBLES-DISENO-NO-ACREDITADO,OK,CINCO-RESPUESTAS-VALIDAS,v22,Q7b,Hogar durante enfermedad,6,Alguien más,v25,Q7e,Ocasión social agradable,2,Familiar más lejano,981,981.000000000000,1,1.000000000000,0.001019367992,proporcion-respuestas-validas
RESULT,CALC-ISSP2017-CONSISTENCIA-APOYO-FAMILIAR-0001,México,Muestra ISSP 2017 México,EE-IC-NO-DISPONIBLES-DISENO-NO-ACREDITADO,OK,CINCO-RESPUESTAS-VALIDAS,v22,Q7b,Hogar durante enfermedad,6,Alguien más,v25,Q7e,Ocasión social agradable,3,Amigo cercano,981,981.000000000000,6,6.000000000000,0.006116207951,proporcion-respuestas-validas
RESULT,CALC-ISSP2017-CONSISTENCIA-APOYO-FAMILIAR-0001,México,Muestra ISSP 2017 México,EE-IC-NO-DISPONIBLES-DISENO-NO-ACREDITADO,OK,CINCO-RESPUESTAS-VALIDAS,v22,Q7b,Hogar durante enfermedad,6,Alguien más,v25,Q7e,Ocasión social agradable,4,Vecino,981,981.000000000000,0,0.000000000000,0.000000000000,proporcion-respuestas-validas
RESULT,CALC-ISSP2017-CONSISTENCIA-APOYO-FAMILIAR-0001,México,Muestra ISSP 2017 México,EE-IC-NO-DISPONIBLES-DISENO-NO-ACREDITADO,OK,CINCO-RESPUESTAS-VALIDAS,v22,Q7b,Hogar durante enfermedad,6,Alguien más,v25,Q7e,Ocasión social agradable,5,Compañero de trabajo,981,981.000000000000,3,3.000000000000,0.003058103976,proporcion-respuestas-validas
RESULT,CALC-ISSP2017-CONSISTENCIA-APOYO-FAMILIAR-0001,México,Muestra ISSP 2017 México,EE-IC-NO-DISPONIBLES-DISENO-NO-ACREDITADO,OK,CINCO-RESPUESTAS-VALIDAS,v22,Q7b,Hogar durante enfermedad,6,Alguien más,v25,Q7e,Ocasión social agradable,6,Alguien más,981,981.000000000000,2,2.000000000000,0.002038735984,proporcion-respuestas-validas
RESULT,CALC-ISSP2017-CONSISTENCIA-APOYO-FAMILIAR-0001,México,Muestra ISSP 2017 México,EE-IC-NO-DISPONIBLES-DISENO-NO-ACREDITADO,OK,CINCO-RESPUESTAS-VALIDAS,v22,Q7b,Hogar durante enfermedad,6,Alguien más,v25,Q7e,Ocasión social agradable,7,Ninguno,981,981.000000000000,0,0.000000000000,0.000000000000,proporcion-respuestas-validas
RESULT,CALC-ISSP2017-CONSISTENCIA-APOYO-FAMILIAR-0001,México,Muestra ISSP 2017 México,EE-IC-NO-DISPONIBLES-DISENO-NO-ACREDITADO,OK,CINCO-RESPUESTAS-VALIDAS,v22,Q7b,Hogar durante enfermedad,7,Ninguno,v25,Q7e,Ocasión social agradable,1,Familiar cercano,981,981.000000000000,2,2.000000000000,0.002038735984,proporcion-respuestas-validas
RESULT,CALC-ISSP2017-CONSISTENCIA-APOYO-FAMILIAR-0001,México,Muestra ISSP 2017 México,EE-IC-NO-DISPONIBLES-DISENO-NO-ACREDITADO,OK,CINCO-RESPUESTAS-VALIDAS,v22,Q7b,Hogar durante enfermedad,7,Ninguno,v25,Q7e,Ocasión social agradable,2,Familiar más lejano,981,981.000000000000,0,0.000000000000,0.000000000000,proporcion-respuestas-validas
RESULT,CALC-ISSP2017-CONSISTENCIA-APOYO-FAMILIAR-0001,México,Muestra ISSP 2017 México,EE-IC-NO-DISPONIBLES-DISENO-NO-ACREDITADO,OK,CINCO-RESPUESTAS-VALIDAS,v22,Q7b,Hogar durante enfermedad,7,Ninguno,v25,Q7e,Ocasión social agradable,3,Amigo cercano,981,981.000000000000,1,1.000000000000,0.001019367992,proporcion-respuestas-validas
RESULT,CALC-ISSP2017-CONSISTENCIA-APOYO-FAMILIAR-0001,México,Muestra ISSP 2017 México,EE-IC-NO-DISPONIBLES-DISENO-NO-ACREDITADO,OK,CINCO-RESPUESTAS-VALIDAS,v22,Q7b,Hogar durante enfermedad,7,Ninguno,v25,Q7e,Ocasión social agradable,4,Vecino,981,981.000000000000,0,0.000000000000,0.000000000000,proporcion-respuestas-validas
RESULT,CALC-ISSP2017-CONSISTENCIA-APOYO-FAMILIAR-0001,México,Muestra ISSP 2017 México,EE-IC-NO-DISPONIBLES-DISENO-NO-ACREDITADO,OK,CINCO-RESPUESTAS-VALIDAS,v22,Q7b,Hogar durante enfermedad,7,Ninguno,v25,Q7e,Ocasión social agradable,5,Compañero de trabajo,981,981.000000000000,0,0.000000000000,0.000000000000,proporcion-respuestas-validas
RESULT,CALC-ISSP2017-CONSISTENCIA-APOYO-FAMILIAR-0001,México,Muestra ISSP 2017 México,EE-IC-NO-DISPONIBLES-DISENO-NO-ACREDITADO,OK,CINCO-RESPUESTAS-VALIDAS,v22,Q7b,Hogar durante enfermedad,7,Ninguno,v25,Q7e,Ocasión social agradable,6,Alguien más,981,981.000000000000,1,1.000000000000,0.001019367992,proporcion-respuestas-validas
RESULT,CALC-ISSP2017-CONSISTENCIA-APOYO-FAMILIAR-0001,México,Muestra ISSP 2017 México,EE-IC-NO-DISPONIBLES-DISENO-NO-ACREDITADO,OK,CINCO-RESPUESTAS-VALIDAS,v22,Q7b,Hogar durante enfermedad,7,Ninguno,v25,Q7e,Ocasión social agradable,7,Ninguno,981,981.000000000000,2,2.000000000000,0.002038735984,proporcion-respuestas-validas
RESULT,CALC-ISSP2017-CONSISTENCIA-APOYO-FAMILIAR-0001,México,Muestra ISSP 2017 México,EE-IC-NO-DISPONIBLES-DISENO-NO-ACREDITADO,OK,CINCO-RESPUESTAS-VALIDAS,v23,Q7c,Hablar al sentirse deprimido,1,Familiar cercano,v24,Q7d,Consejo sobre problemas familiares,1,Familiar cercano,981,981.000000000000,349,349.000000000000,0.355759429154,proporcion-respuestas-validas
RESULT,CALC-ISSP2017-CONSISTENCIA-APOYO-FAMILIAR-0001,México,Muestra ISSP 2017 México,EE-IC-NO-DISPONIBLES-DISENO-NO-ACREDITADO,OK,CINCO-RESPUESTAS-VALIDAS,v23,Q7c,Hablar al sentirse deprimido,1,Familiar cercano,v24,Q7d,Consejo sobre problemas familiares,2,Familiar más lejano,981,981.000000000000,33,33.000000000000,0.033639143731,proporcion-respuestas-validas
RESULT,CALC-ISSP2017-CONSISTENCIA-APOYO-FAMILIAR-0001,México,Muestra ISSP 2017 México,EE-IC-NO-DISPONIBLES-DISENO-NO-ACREDITADO,OK,CINCO-RESPUESTAS-VALIDAS,v23,Q7c,Hablar al sentirse deprimido,1,Familiar cercano,v24,Q7d,Consejo sobre problemas familiares,3,Amigo cercano,981,981.000000000000,128,128.000000000000,0.130479102956,proporcion-respuestas-validas
RESULT,CALC-ISSP2017-CONSISTENCIA-APOYO-FAMILIAR-0001,México,Muestra ISSP 2017 México,EE-IC-NO-DISPONIBLES-DISENO-NO-ACREDITADO,OK,CINCO-RESPUESTAS-VALIDAS,v23,Q7c,Hablar al sentirse deprimido,1,Familiar cercano,v24,Q7d,Consejo sobre problemas familiares,4,Vecino,981,981.000000000000,8,8.000000000000,0.008154943935,proporcion-respuestas-validas
RESULT,CALC-ISSP2017-CONSISTENCIA-APOYO-FAMILIAR-0001,México,Muestra ISSP 2017 México,EE-IC-NO-DISPONIBLES-DISENO-NO-ACREDITADO,OK,CINCO-RESPUESTAS-VALIDAS,v23,Q7c,Hablar al sentirse deprimido,1,Familiar cercano,v24,Q7d,Consejo sobre problemas familiares,5,Compañero de trabajo,981,981.000000000000,2,2.000000000000,0.002038735984,proporcion-respuestas-validas
RESULT,CALC-ISSP2017-CONSISTENCIA-APOYO-FAMILIAR-0001,México,Muestra ISSP 2017 México,EE-IC-NO-DISPONIBLES-DISENO-NO-ACREDITADO,OK,CINCO-RESPUESTAS-VALIDAS,v23,Q7c,Hablar al sentirse deprimido,1,Familiar cercano,v24,Q7d,Consejo sobre problemas familiares,6,Alguien más,981,981.000000000000,3,3.000000000000,0.003058103976,proporcion-respuestas-validas
RESULT,CALC-ISSP2017-CONSISTENCIA-APOYO-FAMILIAR-0001,México,Muestra ISSP 2017 México,EE-IC-NO-DISPONIBLES-DISENO-NO-ACREDITADO,OK,CINCO-RESPUESTAS-VALIDAS,v23,Q7c,Hablar al sentirse deprimido,1,Familiar cercano,v24,Q7d,Consejo sobre problemas familiares,7,Ninguno,981,981.000000000000,9,9.000000000000,0.009174311927,proporcion-respuestas-validas
RESULT,CALC-ISSP2017-CONSISTENCIA-APOYO-FAMILIAR-0001,México,Muestra ISSP 2017 México,EE-IC-NO-DISPONIBLES-DISENO-NO-ACREDITADO,OK,CINCO-RESPUESTAS-VALIDAS,v23,Q7c,Hablar al sentirse deprimido,2,Familiar más lejano,v24,Q7d,Consejo sobre problemas familiares,1,Familiar cercano,981,981.000000000000,23,23.000000000000,0.023445463812,proporcion-respuestas-validas
RESULT,CALC-ISSP2017-CONSISTENCIA-APOYO-FAMILIAR-0001,México,Muestra ISSP 2017 México,EE-IC-NO-DISPONIBLES-DISENO-NO-ACREDITADO,OK,CINCO-RESPUESTAS-VALIDAS,v23,Q7c,Hablar al sentirse deprimido,2,Familiar más lejano,v24,Q7d,Consejo sobre problemas familiares,2,Familiar más lejano,981,981.000000000000,16,16.000000000000,0.016309887870,proporcion-respuestas-validas
RESULT,CALC-ISSP2017-CONSISTENCIA-APOYO-FAMILIAR-0001,México,Muestra ISSP 2017 México,EE-IC-NO-DISPONIBLES-DISENO-NO-ACREDITADO,OK,CINCO-RESPUESTAS-VALIDAS,v23,Q7c,Hablar al sentirse deprimido,2,Familiar más lejano,v24,Q7d,Consejo sobre problemas familiares,3,Amigo cercano,981,981.000000000000,14,14.000000000000,0.014271151886,proporcion-respuestas-validas
RESULT,CALC-ISSP2017-CONSISTENCIA-APOYO-FAMILIAR-0001,México,Muestra ISSP 2017 México,EE-IC-NO-DISPONIBLES-DISENO-NO-ACREDITADO,OK,CINCO-RESPUESTAS-VALIDAS,v23,Q7c,Hablar al sentirse deprimido,2,Familiar más lejano,v24,Q7d,Consejo sobre problemas familiares,4,Vecino,981,981.000000000000,1,1.000000000000,0.001019367992,proporcion-respuestas-validas
RESULT,CALC-ISSP2017-CONSISTENCIA-APOYO-FAMILIAR-0001,México,Muestra ISSP 2017 México,EE-IC-NO-DISPONIBLES-DISENO-NO-ACREDITADO,OK,CINCO-RESPUESTAS-VALIDAS,v23,Q7c,Hablar al sentirse deprimido,2,Familiar más lejano,v24,Q7d,Consejo sobre problemas familiares,5,Compañero de trabajo,981,981.000000000000,2,2.000000000000,0.002038735984,proporcion-respuestas-validas
RESULT,CALC-ISSP2017-CONSISTENCIA-APOYO-FAMILIAR-0001,México,Muestra ISSP 2017 México,EE-IC-NO-DISPONIBLES-DISENO-NO-ACREDITADO,OK,CINCO-RESPUESTAS-VALIDAS,v23,Q7c,Hablar al sentirse deprimido,2,Familiar más lejano,v24,Q7d,Consejo sobre problemas familiares,6,Alguien más,981,981.000000000000,1,1.000000000000,0.001019367992,proporcion-respuestas-validas
RESULT,CALC-ISSP2017-CONSISTENCIA-APOYO-FAMILIAR-0001,México,Muestra ISSP 2017 México,EE-IC-NO-DISPONIBLES-DISENO-NO-ACREDITADO,OK,CINCO-RESPUESTAS-VALIDAS,v23,Q7c,Hablar al sentirse deprimido,2,Familiar más lejano,v24,Q7d,Consejo sobre problemas familiares,7,Ninguno,981,981.000000000000,1,1.000000000000,0.001019367992,proporcion-respuestas-validas
RESULT,CALC-ISSP2017-CONSISTENCIA-APOYO-FAMILIAR-0001,México,Muestra ISSP 2017 México,EE-IC-NO-DISPONIBLES-DISENO-NO-ACREDITADO,OK,CINCO-RESPUESTAS-VALIDAS,v23,Q7c,Hablar al sentirse deprimido,3,Amigo cercano,v24,Q7d,Consejo sobre problemas familiares,1,Familiar cercano,981,981.000000000000,50,50.000000000000,0.050968399592,proporcion-respuestas-validas
RESULT,CALC-ISSP2017-CONSISTENCIA-APOYO-FAMILIAR-0001,México,Muestra ISSP 2017 México,EE-IC-NO-DISPONIBLES-DISENO-NO-ACREDITADO,OK,CINCO-RESPUESTAS-VALIDAS,v23,Q7c,Hablar al sentirse deprimido,3,Amigo cercano,v24,Q7d,Consejo sobre problemas familiares,2,Familiar más lejano,981,981.000000000000,23,23.000000000000,0.023445463812,proporcion-respuestas-validas
RESULT,CALC-ISSP2017-CONSISTENCIA-APOYO-FAMILIAR-0001,México,Muestra ISSP 2017 México,EE-IC-NO-DISPONIBLES-DISENO-NO-ACREDITADO,OK,CINCO-RESPUESTAS-VALIDAS,v23,Q7c,Hablar al sentirse deprimido,3,Amigo cercano,v24,Q7d,Consejo sobre problemas familiares,3,Amigo cercano,981,981.000000000000,179,179.000000000000,0.182466870540,proporcion-respuestas-validas
RESULT,CALC-ISSP2017-CONSISTENCIA-APOYO-FAMILIAR-0001,México,Muestra ISSP 2017 México,EE-IC-NO-DISPONIBLES-DISENO-NO-ACREDITADO,OK,CINCO-RESPUESTAS-VALIDAS,v23,Q7c,Hablar al sentirse deprimido,3,Amigo cercano,v24,Q7d,Consejo sobre problemas familiares,4,Vecino,981,981.000000000000,20,20.000000000000,0.020387359837,proporcion-respuestas-validas
RESULT,CALC-ISSP2017-CONSISTENCIA-APOYO-FAMILIAR-0001,México,Muestra ISSP 2017 México,EE-IC-NO-DISPONIBLES-DISENO-NO-ACREDITADO,OK,CINCO-RESPUESTAS-VALIDAS,v23,Q7c,Hablar al sentirse deprimido,3,Amigo cercano,v24,Q7d,Consejo sobre problemas familiares,5,Compañero de trabajo,981,981.000000000000,7,7.000000000000,0.007135575943,proporcion-respuestas-validas
RESULT,CALC-ISSP2017-CONSISTENCIA-APOYO-FAMILIAR-0001,México,Muestra ISSP 2017 México,EE-IC-NO-DISPONIBLES-DISENO-NO-ACREDITADO,OK,CINCO-RESPUESTAS-VALIDAS,v23,Q7c,Hablar al sentirse deprimido,3,Amigo cercano,v24,Q7d,Consejo sobre problemas familiares,6,Alguien más,981,981.000000000000,4,4.000000000000,0.004077471967,proporcion-respuestas-validas
RESULT,CALC-ISSP2017-CONSISTENCIA-APOYO-FAMILIAR-0001,México,Muestra ISSP 2017 México,EE-IC-NO-DISPONIBLES-DISENO-NO-ACREDITADO,OK,CINCO-RESPUESTAS-VALIDAS,v23,Q7c,Hablar al sentirse deprimido,3,Amigo cercano,v24,Q7d,Consejo sobre problemas familiares,7,Ninguno,981,981.000000000000,4,4.000000000000,0.004077471967,proporcion-respuestas-validas
RESULT,CALC-ISSP2017-CONSISTENCIA-APOYO-FAMILIAR-0001,México,Muestra ISSP 2017 México,EE-IC-NO-DISPONIBLES-DISENO-NO-ACREDITADO,OK,CINCO-RESPUESTAS-VALIDAS,v23,Q7c,Hablar al sentirse deprimido,4,Vecino,v24,Q7d,Consejo sobre problemas familiares,1,Familiar cercano,981,981.000000000000,0,0.000000000000,0.000000000000,proporcion-respuestas-validas
RESULT,CALC-ISSP2017-CONSISTENCIA-APOYO-FAMILIAR-0001,México,Muestra ISSP 2017 México,EE-IC-NO-DISPONIBLES-DISENO-NO-ACREDITADO,OK,CINCO-RESPUESTAS-VALIDAS,v23,Q7c,Hablar al sentirse deprimido,4,Vecino,v24,Q7d,Consejo sobre problemas familiares,2,Familiar más lejano,981,981.000000000000,3,3.000000000000,0.003058103976,proporcion-respuestas-validas
RESULT,CALC-ISSP2017-CONSISTENCIA-APOYO-FAMILIAR-0001,México,Muestra ISSP 2017 México,EE-IC-NO-DISPONIBLES-DISENO-NO-ACREDITADO,OK,CINCO-RESPUESTAS-VALIDAS,v23,Q7c,Hablar al sentirse deprimido,4,Vecino,v24,Q7d,Consejo sobre problemas familiares,3,Amigo cercano,981,981.000000000000,14,14.000000000000,0.014271151886,proporcion-respuestas-validas
RESULT,CALC-ISSP2017-CONSISTENCIA-APOYO-FAMILIAR-0001,México,Muestra ISSP 2017 México,EE-IC-NO-DISPONIBLES-DISENO-NO-ACREDITADO,OK,CINCO-RESPUESTAS-VALIDAS,v23,Q7c,Hablar al sentirse deprimido,4,Vecino,v24,Q7d,Consejo sobre problemas familiares,4,Vecino,981,981.000000000000,16,16.000000000000,0.016309887870,proporcion-respuestas-validas
RESULT,CALC-ISSP2017-CONSISTENCIA-APOYO-FAMILIAR-0001,México,Muestra ISSP 2017 México,EE-IC-NO-DISPONIBLES-DISENO-NO-ACREDITADO,OK,CINCO-RESPUESTAS-VALIDAS,v23,Q7c,Hablar al sentirse deprimido,4,Vecino,v24,Q7d,Consejo sobre problemas familiares,5,Compañero de trabajo,981,981.000000000000,4,4.000000000000,0.004077471967,proporcion-respuestas-validas
RESULT,CALC-ISSP2017-CONSISTENCIA-APOYO-FAMILIAR-0001,México,Muestra ISSP 2017 México,EE-IC-NO-DISPONIBLES-DISENO-NO-ACREDITADO,OK,CINCO-RESPUESTAS-VALIDAS,v23,Q7c,Hablar al sentirse deprimido,4,Vecino,v24,Q7d,Consejo sobre problemas familiares,6,Alguien más,981,981.000000000000,0,0.000000000000,0.000000000000,proporcion-respuestas-validas
RESULT,CALC-ISSP2017-CONSISTENCIA-APOYO-FAMILIAR-0001,México,Muestra ISSP 2017 México,EE-IC-NO-DISPONIBLES-DISENO-NO-ACREDITADO,OK,CINCO-RESPUESTAS-VALIDAS,v23,Q7c,Hablar al sentirse deprimido,4,Vecino,v24,Q7d,Consejo sobre problemas familiares,7,Ninguno,981,981.000000000000,0,0.000000000000,0.000000000000,proporcion-respuestas-validas
RESULT,CALC-ISSP2017-CONSISTENCIA-APOYO-FAMILIAR-0001,México,Muestra ISSP 2017 México,EE-IC-NO-DISPONIBLES-DISENO-NO-ACREDITADO,OK,CINCO-RESPUESTAS-VALIDAS,v23,Q7c,Hablar al sentirse deprimido,5,Compañero de trabajo,v24,Q7d,Consejo sobre problemas familiares,1,Familiar cercano,981,981.000000000000,2,2.000000000000,0.002038735984,proporcion-respuestas-validas
RESULT,CALC-ISSP2017-CONSISTENCIA-APOYO-FAMILIAR-0001,México,Muestra ISSP 2017 México,EE-IC-NO-DISPONIBLES-DISENO-NO-ACREDITADO,OK,CINCO-RESPUESTAS-VALIDAS,v23,Q7c,Hablar al sentirse deprimido,5,Compañero de trabajo,v24,Q7d,Consejo sobre problemas familiares,2,Familiar más lejano,981,981.000000000000,0,0.000000000000,0.000000000000,proporcion-respuestas-validas
RESULT,CALC-ISSP2017-CONSISTENCIA-APOYO-FAMILIAR-0001,México,Muestra ISSP 2017 México,EE-IC-NO-DISPONIBLES-DISENO-NO-ACREDITADO,OK,CINCO-RESPUESTAS-VALIDAS,v23,Q7c,Hablar al sentirse deprimido,5,Compañero de trabajo,v24,Q7d,Consejo sobre problemas familiares,3,Amigo cercano,981,981.000000000000,4,4.000000000000,0.004077471967,proporcion-respuestas-validas
RESULT,CALC-ISSP2017-CONSISTENCIA-APOYO-FAMILIAR-0001,México,Muestra ISSP 2017 México,EE-IC-NO-DISPONIBLES-DISENO-NO-ACREDITADO,OK,CINCO-RESPUESTAS-VALIDAS,v23,Q7c,Hablar al sentirse deprimido,5,Compañero de trabajo,v24,Q7d,Consejo sobre problemas familiares,4,Vecino,981,981.000000000000,1,1.000000000000,0.001019367992,proporcion-respuestas-validas
RESULT,CALC-ISSP2017-CONSISTENCIA-APOYO-FAMILIAR-0001,México,Muestra ISSP 2017 México,EE-IC-NO-DISPONIBLES-DISENO-NO-ACREDITADO,OK,CINCO-RESPUESTAS-VALIDAS,v23,Q7c,Hablar al sentirse deprimido,5,Compañero de trabajo,v24,Q7d,Consejo sobre problemas familiares,5,Compañero de trabajo,981,981.000000000000,5,5.000000000000,0.005096839959,proporcion-respuestas-validas
RESULT,CALC-ISSP2017-CONSISTENCIA-APOYO-FAMILIAR-0001,México,Muestra ISSP 2017 México,EE-IC-NO-DISPONIBLES-DISENO-NO-ACREDITADO,OK,CINCO-RESPUESTAS-VALIDAS,v23,Q7c,Hablar al sentirse deprimido,5,Compañero de trabajo,v24,Q7d,Consejo sobre problemas familiares,6,Alguien más,981,981.000000000000,1,1.000000000000,0.001019367992,proporcion-respuestas-validas
RESULT,CALC-ISSP2017-CONSISTENCIA-APOYO-FAMILIAR-0001,México,Muestra ISSP 2017 México,EE-IC-NO-DISPONIBLES-DISENO-NO-ACREDITADO,OK,CINCO-RESPUESTAS-VALIDAS,v23,Q7c,Hablar al sentirse deprimido,5,Compañero de trabajo,v24,Q7d,Consejo sobre problemas familiares,7,Ninguno,981,981.000000000000,0,0.000000000000,0.000000000000,proporcion-respuestas-validas
RESULT,CALC-ISSP2017-CONSISTENCIA-APOYO-FAMILIAR-0001,México,Muestra ISSP 2017 México,EE-IC-NO-DISPONIBLES-DISENO-NO-ACREDITADO,OK,CINCO-RESPUESTAS-VALIDAS,v23,Q7c,Hablar al sentirse deprimido,6,Alguien más,v24,Q7d,Consejo sobre problemas familiares,1,Familiar cercano,981,981.000000000000,5,5.000000000000,0.005096839959,proporcion-respuestas-validas
RESULT,CALC-ISSP2017-CONSISTENCIA-APOYO-FAMILIAR-0001,México,Muestra ISSP 2017 México,EE-IC-NO-DISPONIBLES-DISENO-NO-ACREDITADO,OK,CINCO-RESPUESTAS-VALIDAS,v23,Q7c,Hablar al sentirse deprimido,6,Alguien más,v24,Q7d,Consejo sobre problemas familiares,2,Familiar más lejano,981,981.000000000000,0,0.000000000000,0.000000000000,proporcion-respuestas-validas
RESULT,CALC-ISSP2017-CONSISTENCIA-APOYO-FAMILIAR-0001,México,Muestra ISSP 2017 México,EE-IC-NO-DISPONIBLES-DISENO-NO-ACREDITADO,OK,CINCO-RESPUESTAS-VALIDAS,v23,Q7c,Hablar al sentirse deprimido,6,Alguien más,v24,Q7d,Consejo sobre problemas familiares,3,Amigo cercano,981,981.000000000000,3,3.000000000000,0.003058103976,proporcion-respuestas-validas
RESULT,CALC-ISSP2017-CONSISTENCIA-APOYO-FAMILIAR-0001,México,Muestra ISSP 2017 México,EE-IC-NO-DISPONIBLES-DISENO-NO-ACREDITADO,OK,CINCO-RESPUESTAS-VALIDAS,v23,Q7c,Hablar al sentirse deprimido,6,Alguien más,v24,Q7d,Consejo sobre problemas familiares,4,Vecino,981,981.000000000000,1,1.000000000000,0.001019367992,proporcion-respuestas-validas
RESULT,CALC-ISSP2017-CONSISTENCIA-APOYO-FAMILIAR-0001,México,Muestra ISSP 2017 México,EE-IC-NO-DISPONIBLES-DISENO-NO-ACREDITADO,OK,CINCO-RESPUESTAS-VALIDAS,v23,Q7c,Hablar al sentirse deprimido,6,Alguien más,v24,Q7d,Consejo sobre problemas familiares,5,Compañero de trabajo,981,981.000000000000,3,3.000000000000,0.003058103976,proporcion-respuestas-validas
RESULT,CALC-ISSP2017-CONSISTENCIA-APOYO-FAMILIAR-0001,México,Muestra ISSP 2017 México,EE-IC-NO-DISPONIBLES-DISENO-NO-ACREDITADO,OK,CINCO-RESPUESTAS-VALIDAS,v23,Q7c,Hablar al sentirse deprimido,6,Alguien más,v24,Q7d,Consejo sobre problemas familiares,6,Alguien más,981,981.000000000000,12,12.000000000000,0.012232415902,proporcion-respuestas-validas
RESULT,CALC-ISSP2017-CONSISTENCIA-APOYO-FAMILIAR-0001,México,Muestra ISSP 2017 México,EE-IC-NO-DISPONIBLES-DISENO-NO-ACREDITADO,OK,CINCO-RESPUESTAS-VALIDAS,v23,Q7c,Hablar al sentirse deprimido,6,Alguien más,v24,Q7d,Consejo sobre problemas familiares,7,Ninguno,981,981.000000000000,0,0.000000000000,0.000000000000,proporcion-respuestas-validas
RESULT,CALC-ISSP2017-CONSISTENCIA-APOYO-FAMILIAR-0001,México,Muestra ISSP 2017 México,EE-IC-NO-DISPONIBLES-DISENO-NO-ACREDITADO,OK,CINCO-RESPUESTAS-VALIDAS,v23,Q7c,Hablar al sentirse deprimido,7,Ninguno,v24,Q7d,Consejo sobre problemas familiares,1,Familiar cercano,981,981.000000000000,7,7.000000000000,0.007135575943,proporcion-respuestas-validas
RESULT,CALC-ISSP2017-CONSISTENCIA-APOYO-FAMILIAR-0001,México,Muestra ISSP 2017 México,EE-IC-NO-DISPONIBLES-DISENO-NO-ACREDITADO,OK,CINCO-RESPUESTAS-VALIDAS,v23,Q7c,Hablar al sentirse deprimido,7,Ninguno,v24,Q7d,Consejo sobre problemas familiares,2,Familiar más lejano,981,981.000000000000,1,1.000000000000,0.001019367992,proporcion-respuestas-validas
RESULT,CALC-ISSP2017-CONSISTENCIA-APOYO-FAMILIAR-0001,México,Muestra ISSP 2017 México,EE-IC-NO-DISPONIBLES-DISENO-NO-ACREDITADO,OK,CINCO-RESPUESTAS-VALIDAS,v23,Q7c,Hablar al sentirse deprimido,7,Ninguno,v24,Q7d,Consejo sobre problemas familiares,3,Amigo cercano,981,981.000000000000,6,6.000000000000,0.006116207951,proporcion-respuestas-validas
RESULT,CALC-ISSP2017-CONSISTENCIA-APOYO-FAMILIAR-0001,México,Muestra ISSP 2017 México,EE-IC-NO-DISPONIBLES-DISENO-NO-ACREDITADO,OK,CINCO-RESPUESTAS-VALIDAS,v23,Q7c,Hablar al sentirse deprimido,7,Ninguno,v24,Q7d,Consejo sobre problemas familiares,4,Vecino,981,981.000000000000,0,0.000000000000,0.000000000000,proporcion-respuestas-validas
RESULT,CALC-ISSP2017-CONSISTENCIA-APOYO-FAMILIAR-0001,México,Muestra ISSP 2017 México,EE-IC-NO-DISPONIBLES-DISENO-NO-ACREDITADO,OK,CINCO-RESPUESTAS-VALIDAS,v23,Q7c,Hablar al sentirse deprimido,7,Ninguno,v24,Q7d,Consejo sobre problemas familiares,5,Compañero de trabajo,981,981.000000000000,0,0.000000000000,0.000000000000,proporcion-respuestas-validas
RESULT,CALC-ISSP2017-CONSISTENCIA-APOYO-FAMILIAR-0001,México,Muestra ISSP 2017 México,EE-IC-NO-DISPONIBLES-DISENO-NO-ACREDITADO,OK,CINCO-RESPUESTAS-VALIDAS,v23,Q7c,Hablar al sentirse deprimido,7,Ninguno,v24,Q7d,Consejo sobre problemas familiares,6,Alguien más,981,981.000000000000,2,2.000000000000,0.002038735984,proporcion-respuestas-validas
RESULT,CALC-ISSP2017-CONSISTENCIA-APOYO-FAMILIAR-0001,México,Muestra ISSP 2017 México,EE-IC-NO-DISPONIBLES-DISENO-NO-ACREDITADO,OK,CINCO-RESPUESTAS-VALIDAS,v23,Q7c,Hablar al sentirse deprimido,7,Ninguno,v24,Q7d,Consejo sobre problemas familiares,7,Ninguno,981,981.000000000000,14,14.000000000000,0.014271151886,proporcion-respuestas-validas
RESULT,CALC-ISSP2017-CONSISTENCIA-APOYO-FAMILIAR-0001,México,Muestra ISSP 2017 México,EE-IC-NO-DISPONIBLES-DISENO-NO-ACREDITADO,OK,CINCO-RESPUESTAS-VALIDAS,v23,Q7c,Hablar al sentirse deprimido,1,Familiar cercano,v25,Q7e,Ocasión social agradable,1,Familiar cercano,981,981.000000000000,367,367.000000000000,0.374108053007,proporcion-respuestas-validas
RESULT,CALC-ISSP2017-CONSISTENCIA-APOYO-FAMILIAR-0001,México,Muestra ISSP 2017 México,EE-IC-NO-DISPONIBLES-DISENO-NO-ACREDITADO,OK,CINCO-RESPUESTAS-VALIDAS,v23,Q7c,Hablar al sentirse deprimido,1,Familiar cercano,v25,Q7e,Ocasión social agradable,2,Familiar más lejano,981,981.000000000000,29,29.000000000000,0.029561671764,proporcion-respuestas-validas
RESULT,CALC-ISSP2017-CONSISTENCIA-APOYO-FAMILIAR-0001,México,Muestra ISSP 2017 México,EE-IC-NO-DISPONIBLES-DISENO-NO-ACREDITADO,OK,CINCO-RESPUESTAS-VALIDAS,v23,Q7c,Hablar al sentirse deprimido,1,Familiar cercano,v25,Q7e,Ocasión social agradable,3,Amigo cercano,981,981.000000000000,95,95.000000000000,0.096839959225,proporcion-respuestas-validas
RESULT,CALC-ISSP2017-CONSISTENCIA-APOYO-FAMILIAR-0001,México,Muestra ISSP 2017 México,EE-IC-NO-DISPONIBLES-DISENO-NO-ACREDITADO,OK,CINCO-RESPUESTAS-VALIDAS,v23,Q7c,Hablar al sentirse deprimido,1,Familiar cercano,v25,Q7e,Ocasión social agradable,4,Vecino,981,981.000000000000,9,9.000000000000,0.009174311927,proporcion-respuestas-validas
RESULT,CALC-ISSP2017-CONSISTENCIA-APOYO-FAMILIAR-0001,México,Muestra ISSP 2017 México,EE-IC-NO-DISPONIBLES-DISENO-NO-ACREDITADO,OK,CINCO-RESPUESTAS-VALIDAS,v23,Q7c,Hablar al sentirse deprimido,1,Familiar cercano,v25,Q7e,Ocasión social agradable,5,Compañero de trabajo,981,981.000000000000,5,5.000000000000,0.005096839959,proporcion-respuestas-validas
RESULT,CALC-ISSP2017-CONSISTENCIA-APOYO-FAMILIAR-0001,México,Muestra ISSP 2017 México,EE-IC-NO-DISPONIBLES-DISENO-NO-ACREDITADO,OK,CINCO-RESPUESTAS-VALIDAS,v23,Q7c,Hablar al sentirse deprimido,1,Familiar cercano,v25,Q7e,Ocasión social agradable,6,Alguien más,981,981.000000000000,13,13.000000000000,0.013251783894,proporcion-respuestas-validas
RESULT,CALC-ISSP2017-CONSISTENCIA-APOYO-FAMILIAR-0001,México,Muestra ISSP 2017 México,EE-IC-NO-DISPONIBLES-DISENO-NO-ACREDITADO,OK,CINCO-RESPUESTAS-VALIDAS,v23,Q7c,Hablar al sentirse deprimido,1,Familiar cercano,v25,Q7e,Ocasión social agradable,7,Ninguno,981,981.000000000000,14,14.000000000000,0.014271151886,proporcion-respuestas-validas
RESULT,CALC-ISSP2017-CONSISTENCIA-APOYO-FAMILIAR-0001,México,Muestra ISSP 2017 México,EE-IC-NO-DISPONIBLES-DISENO-NO-ACREDITADO,OK,CINCO-RESPUESTAS-VALIDAS,v23,Q7c,Hablar al sentirse deprimido,2,Familiar más lejano,v25,Q7e,Ocasión social agradable,1,Familiar cercano,981,981.000000000000,31,31.000000000000,0.031600407747,proporcion-respuestas-validas
RESULT,CALC-ISSP2017-CONSISTENCIA-APOYO-FAMILIAR-0001,México,Muestra ISSP 2017 México,EE-IC-NO-DISPONIBLES-DISENO-NO-ACREDITADO,OK,CINCO-RESPUESTAS-VALIDAS,v23,Q7c,Hablar al sentirse deprimido,2,Familiar más lejano,v25,Q7e,Ocasión social agradable,2,Familiar más lejano,981,981.000000000000,12,12.000000000000,0.012232415902,proporcion-respuestas-validas
RESULT,CALC-ISSP2017-CONSISTENCIA-APOYO-FAMILIAR-0001,México,Muestra ISSP 2017 México,EE-IC-NO-DISPONIBLES-DISENO-NO-ACREDITADO,OK,CINCO-RESPUESTAS-VALIDAS,v23,Q7c,Hablar al sentirse deprimido,2,Familiar más lejano,v25,Q7e,Ocasión social agradable,3,Amigo cercano,981,981.000000000000,9,9.000000000000,0.009174311927,proporcion-respuestas-validas
RESULT,CALC-ISSP2017-CONSISTENCIA-APOYO-FAMILIAR-0001,México,Muestra ISSP 2017 México,EE-IC-NO-DISPONIBLES-DISENO-NO-ACREDITADO,OK,CINCO-RESPUESTAS-VALIDAS,v23,Q7c,Hablar al sentirse deprimido,2,Familiar más lejano,v25,Q7e,Ocasión social agradable,4,Vecino,981,981.000000000000,4,4.000000000000,0.004077471967,proporcion-respuestas-validas
RESULT,CALC-ISSP2017-CONSISTENCIA-APOYO-FAMILIAR-0001,México,Muestra ISSP 2017 México,EE-IC-NO-DISPONIBLES-DISENO-NO-ACREDITADO,OK,CINCO-RESPUESTAS-VALIDAS,v23,Q7c,Hablar al sentirse deprimido,2,Familiar más lejano,v25,Q7e,Ocasión social agradable,5,Compañero de trabajo,981,981.000000000000,1,1.000000000000,0.001019367992,proporcion-respuestas-validas
RESULT,CALC-ISSP2017-CONSISTENCIA-APOYO-FAMILIAR-0001,México,Muestra ISSP 2017 México,EE-IC-NO-DISPONIBLES-DISENO-NO-ACREDITADO,OK,CINCO-RESPUESTAS-VALIDAS,v23,Q7c,Hablar al sentirse deprimido,2,Familiar más lejano,v25,Q7e,Ocasión social agradable,6,Alguien más,981,981.000000000000,1,1.000000000000,0.001019367992,proporcion-respuestas-validas
RESULT,CALC-ISSP2017-CONSISTENCIA-APOYO-FAMILIAR-0001,México,Muestra ISSP 2017 México,EE-IC-NO-DISPONIBLES-DISENO-NO-ACREDITADO,OK,CINCO-RESPUESTAS-VALIDAS,v23,Q7c,Hablar al sentirse deprimido,2,Familiar más lejano,v25,Q7e,Ocasión social agradable,7,Ninguno,981,981.000000000000,0,0.000000000000,0.000000000000,proporcion-respuestas-validas
RESULT,CALC-ISSP2017-CONSISTENCIA-APOYO-FAMILIAR-0001,México,Muestra ISSP 2017 México,EE-IC-NO-DISPONIBLES-DISENO-NO-ACREDITADO,OK,CINCO-RESPUESTAS-VALIDAS,v23,Q7c,Hablar al sentirse deprimido,3,Amigo cercano,v25,Q7e,Ocasión social agradable,1,Familiar cercano,981,981.000000000000,116,116.000000000000,0.118246687054,proporcion-respuestas-validas
RESULT,CALC-ISSP2017-CONSISTENCIA-APOYO-FAMILIAR-0001,México,Muestra ISSP 2017 México,EE-IC-NO-DISPONIBLES-DISENO-NO-ACREDITADO,OK,CINCO-RESPUESTAS-VALIDAS,v23,Q7c,Hablar al sentirse deprimido,3,Amigo cercano,v25,Q7e,Ocasión social agradable,2,Familiar más lejano,981,981.000000000000,12,12.000000000000,0.012232415902,proporcion-respuestas-validas
RESULT,CALC-ISSP2017-CONSISTENCIA-APOYO-FAMILIAR-0001,México,Muestra ISSP 2017 México,EE-IC-NO-DISPONIBLES-DISENO-NO-ACREDITADO,OK,CINCO-RESPUESTAS-VALIDAS,v23,Q7c,Hablar al sentirse deprimido,3,Amigo cercano,v25,Q7e,Ocasión social agradable,3,Amigo cercano,981,981.000000000000,118,118.000000000000,0.120285423038,proporcion-respuestas-validas
RESULT,CALC-ISSP2017-CONSISTENCIA-APOYO-FAMILIAR-0001,México,Muestra ISSP 2017 México,EE-IC-NO-DISPONIBLES-DISENO-NO-ACREDITADO,OK,CINCO-RESPUESTAS-VALIDAS,v23,Q7c,Hablar al sentirse deprimido,3,Amigo cercano,v25,Q7e,Ocasión social agradable,4,Vecino,981,981.000000000000,13,13.000000000000,0.013251783894,proporcion-respuestas-validas
RESULT,CALC-ISSP2017-CONSISTENCIA-APOYO-FAMILIAR-0001,México,Muestra ISSP 2017 México,EE-IC-NO-DISPONIBLES-DISENO-NO-ACREDITADO,OK,CINCO-RESPUESTAS-VALIDAS,v23,Q7c,Hablar al sentirse deprimido,3,Amigo cercano,v25,Q7e,Ocasión social agradable,5,Compañero de trabajo,981,981.000000000000,10,10.000000000000,0.010193679918,proporcion-respuestas-validas
RESULT,CALC-ISSP2017-CONSISTENCIA-APOYO-FAMILIAR-0001,México,Muestra ISSP 2017 México,EE-IC-NO-DISPONIBLES-DISENO-NO-ACREDITADO,OK,CINCO-RESPUESTAS-VALIDAS,v23,Q7c,Hablar al sentirse deprimido,3,Amigo cercano,v25,Q7e,Ocasión social agradable,6,Alguien más,981,981.000000000000,15,15.000000000000,0.015290519878,proporcion-respuestas-validas
RESULT,CALC-ISSP2017-CONSISTENCIA-APOYO-FAMILIAR-0001,México,Muestra ISSP 2017 México,EE-IC-NO-DISPONIBLES-DISENO-NO-ACREDITADO,OK,CINCO-RESPUESTAS-VALIDAS,v23,Q7c,Hablar al sentirse deprimido,3,Amigo cercano,v25,Q7e,Ocasión social agradable,7,Ninguno,981,981.000000000000,3,3.000000000000,0.003058103976,proporcion-respuestas-validas
RESULT,CALC-ISSP2017-CONSISTENCIA-APOYO-FAMILIAR-0001,México,Muestra ISSP 2017 México,EE-IC-NO-DISPONIBLES-DISENO-NO-ACREDITADO,OK,CINCO-RESPUESTAS-VALIDAS,v23,Q7c,Hablar al sentirse deprimido,4,Vecino,v25,Q7e,Ocasión social agradable,1,Familiar cercano,981,981.000000000000,5,5.000000000000,0.005096839959,proporcion-respuestas-validas
RESULT,CALC-ISSP2017-CONSISTENCIA-APOYO-FAMILIAR-0001,México,Muestra ISSP 2017 México,EE-IC-NO-DISPONIBLES-DISENO-NO-ACREDITADO,OK,CINCO-RESPUESTAS-VALIDAS,v23,Q7c,Hablar al sentirse deprimido,4,Vecino,v25,Q7e,Ocasión social agradable,2,Familiar más lejano,981,981.000000000000,4,4.000000000000,0.004077471967,proporcion-respuestas-validas
RESULT,CALC-ISSP2017-CONSISTENCIA-APOYO-FAMILIAR-0001,México,Muestra ISSP 2017 México,EE-IC-NO-DISPONIBLES-DISENO-NO-ACREDITADO,OK,CINCO-RESPUESTAS-VALIDAS,v23,Q7c,Hablar al sentirse deprimido,4,Vecino,v25,Q7e,Ocasión social agradable,3,Amigo cercano,981,981.000000000000,12,12.000000000000,0.012232415902,proporcion-respuestas-validas
RESULT,CALC-ISSP2017-CONSISTENCIA-APOYO-FAMILIAR-0001,México,Muestra ISSP 2017 México,EE-IC-NO-DISPONIBLES-DISENO-NO-ACREDITADO,OK,CINCO-RESPUESTAS-VALIDAS,v23,Q7c,Hablar al sentirse deprimido,4,Vecino,v25,Q7e,Ocasión social agradable,4,Vecino,981,981.000000000000,11,11.000000000000,0.011213047910,proporcion-respuestas-validas
RESULT,CALC-ISSP2017-CONSISTENCIA-APOYO-FAMILIAR-0001,México,Muestra ISSP 2017 México,EE-IC-NO-DISPONIBLES-DISENO-NO-ACREDITADO,OK,CINCO-RESPUESTAS-VALIDAS,v23,Q7c,Hablar al sentirse deprimido,4,Vecino,v25,Q7e,Ocasión social agradable,5,Compañero de trabajo,981,981.000000000000,3,3.000000000000,0.003058103976,proporcion-respuestas-validas
RESULT,CALC-ISSP2017-CONSISTENCIA-APOYO-FAMILIAR-0001,México,Muestra ISSP 2017 México,EE-IC-NO-DISPONIBLES-DISENO-NO-ACREDITADO,OK,CINCO-RESPUESTAS-VALIDAS,v23,Q7c,Hablar al sentirse deprimido,4,Vecino,v25,Q7e,Ocasión social agradable,6,Alguien más,981,981.000000000000,1,1.000000000000,0.001019367992,proporcion-respuestas-validas
RESULT,CALC-ISSP2017-CONSISTENCIA-APOYO-FAMILIAR-0001,México,Muestra ISSP 2017 México,EE-IC-NO-DISPONIBLES-DISENO-NO-ACREDITADO,OK,CINCO-RESPUESTAS-VALIDAS,v23,Q7c,Hablar al sentirse deprimido,4,Vecino,v25,Q7e,Ocasión social agradable,7,Ninguno,981,981.000000000000,1,1.000000000000,0.001019367992,proporcion-respuestas-validas
RESULT,CALC-ISSP2017-CONSISTENCIA-APOYO-FAMILIAR-0001,México,Muestra ISSP 2017 México,EE-IC-NO-DISPONIBLES-DISENO-NO-ACREDITADO,OK,CINCO-RESPUESTAS-VALIDAS,v23,Q7c,Hablar al sentirse deprimido,5,Compañero de trabajo,v25,Q7e,Ocasión social agradable,1,Familiar cercano,981,981.000000000000,4,4.000000000000,0.004077471967,proporcion-respuestas-validas
RESULT,CALC-ISSP2017-CONSISTENCIA-APOYO-FAMILIAR-0001,México,Muestra ISSP 2017 México,EE-IC-NO-DISPONIBLES-DISENO-NO-ACREDITADO,OK,CINCO-RESPUESTAS-VALIDAS,v23,Q7c,Hablar al sentirse deprimido,5,Compañero de trabajo,v25,Q7e,Ocasión social agradable,2,Familiar más lejano,981,981.000000000000,0,0.000000000000,0.000000000000,proporcion-respuestas-validas
RESULT,CALC-ISSP2017-CONSISTENCIA-APOYO-FAMILIAR-0001,México,Muestra ISSP 2017 México,EE-IC-NO-DISPONIBLES-DISENO-NO-ACREDITADO,OK,CINCO-RESPUESTAS-VALIDAS,v23,Q7c,Hablar al sentirse deprimido,5,Compañero de trabajo,v25,Q7e,Ocasión social agradable,3,Amigo cercano,981,981.000000000000,2,2.000000000000,0.002038735984,proporcion-respuestas-validas
RESULT,CALC-ISSP2017-CONSISTENCIA-APOYO-FAMILIAR-0001,México,Muestra ISSP 2017 México,EE-IC-NO-DISPONIBLES-DISENO-NO-ACREDITADO,OK,CINCO-RESPUESTAS-VALIDAS,v23,Q7c,Hablar al sentirse deprimido,5,Compañero de trabajo,v25,Q7e,Ocasión social agradable,4,Vecino,981,981.000000000000,0,0.000000000000,0.000000000000,proporcion-respuestas-validas
RESULT,CALC-ISSP2017-CONSISTENCIA-APOYO-FAMILIAR-0001,México,Muestra ISSP 2017 México,EE-IC-NO-DISPONIBLES-DISENO-NO-ACREDITADO,OK,CINCO-RESPUESTAS-VALIDAS,v23,Q7c,Hablar al sentirse deprimido,5,Compañero de trabajo,v25,Q7e,Ocasión social agradable,5,Compañero de trabajo,981,981.000000000000,6,6.000000000000,0.006116207951,proporcion-respuestas-validas
RESULT,CALC-ISSP2017-CONSISTENCIA-APOYO-FAMILIAR-0001,México,Muestra ISSP 2017 México,EE-IC-NO-DISPONIBLES-DISENO-NO-ACREDITADO,OK,CINCO-RESPUESTAS-VALIDAS,v23,Q7c,Hablar al sentirse deprimido,5,Compañero de trabajo,v25,Q7e,Ocasión social agradable,6,Alguien más,981,981.000000000000,1,1.000000000000,0.001019367992,proporcion-respuestas-validas
RESULT,CALC-ISSP2017-CONSISTENCIA-APOYO-FAMILIAR-0001,México,Muestra ISSP 2017 México,EE-IC-NO-DISPONIBLES-DISENO-NO-ACREDITADO,OK,CINCO-RESPUESTAS-VALIDAS,v23,Q7c,Hablar al sentirse deprimido,5,Compañero de trabajo,v25,Q7e,Ocasión social agradable,7,Ninguno,981,981.000000000000,0,0.000000000000,0.000000000000,proporcion-respuestas-validas
RESULT,CALC-ISSP2017-CONSISTENCIA-APOYO-FAMILIAR-0001,México,Muestra ISSP 2017 México,EE-IC-NO-DISPONIBLES-DISENO-NO-ACREDITADO,OK,CINCO-RESPUESTAS-VALIDAS,v23,Q7c,Hablar al sentirse deprimido,6,Alguien más,v25,Q7e,Ocasión social agradable,1,Familiar cercano,981,981.000000000000,15,15.000000000000,0.015290519878,proporcion-respuestas-validas
RESULT,CALC-ISSP2017-CONSISTENCIA-APOYO-FAMILIAR-0001,México,Muestra ISSP 2017 México,EE-IC-NO-DISPONIBLES-DISENO-NO-ACREDITADO,OK,CINCO-RESPUESTAS-VALIDAS,v23,Q7c,Hablar al sentirse deprimido,6,Alguien más,v25,Q7e,Ocasión social agradable,2,Familiar más lejano,981,981.000000000000,0,0.000000000000,0.000000000000,proporcion-respuestas-validas
RESULT,CALC-ISSP2017-CONSISTENCIA-APOYO-FAMILIAR-0001,México,Muestra ISSP 2017 México,EE-IC-NO-DISPONIBLES-DISENO-NO-ACREDITADO,OK,CINCO-RESPUESTAS-VALIDAS,v23,Q7c,Hablar al sentirse deprimido,6,Alguien más,v25,Q7e,Ocasión social agradable,3,Amigo cercano,981,981.000000000000,5,5.000000000000,0.005096839959,proporcion-respuestas-validas
RESULT,CALC-ISSP2017-CONSISTENCIA-APOYO-FAMILIAR-0001,México,Muestra ISSP 2017 México,EE-IC-NO-DISPONIBLES-DISENO-NO-ACREDITADO,OK,CINCO-RESPUESTAS-VALIDAS,v23,Q7c,Hablar al sentirse deprimido,6,Alguien más,v25,Q7e,Ocasión social agradable,4,Vecino,981,981.000000000000,0,0.000000000000,0.000000000000,proporcion-respuestas-validas
RESULT,CALC-ISSP2017-CONSISTENCIA-APOYO-FAMILIAR-0001,México,Muestra ISSP 2017 México,EE-IC-NO-DISPONIBLES-DISENO-NO-ACREDITADO,OK,CINCO-RESPUESTAS-VALIDAS,v23,Q7c,Hablar al sentirse deprimido,6,Alguien más,v25,Q7e,Ocasión social agradable,5,Compañero de trabajo,981,981.000000000000,0,0.000000000000,0.000000000000,proporcion-respuestas-validas
RESULT,CALC-ISSP2017-CONSISTENCIA-APOYO-FAMILIAR-0001,México,Muestra ISSP 2017 México,EE-IC-NO-DISPONIBLES-DISENO-NO-ACREDITADO,OK,CINCO-RESPUESTAS-VALIDAS,v23,Q7c,Hablar al sentirse deprimido,6,Alguien más,v25,Q7e,Ocasión social agradable,6,Alguien más,981,981.000000000000,3,3.000000000000,0.003058103976,proporcion-respuestas-validas
RESULT,CALC-ISSP2017-CONSISTENCIA-APOYO-FAMILIAR-0001,México,Muestra ISSP 2017 México,EE-IC-NO-DISPONIBLES-DISENO-NO-ACREDITADO,OK,CINCO-RESPUESTAS-VALIDAS,v23,Q7c,Hablar al sentirse deprimido,6,Alguien más,v25,Q7e,Ocasión social agradable,7,Ninguno,981,981.000000000000,1,1.000000000000,0.001019367992,proporcion-respuestas-validas
RESULT,CALC-ISSP2017-CONSISTENCIA-APOYO-FAMILIAR-0001,México,Muestra ISSP 2017 México,EE-IC-NO-DISPONIBLES-DISENO-NO-ACREDITADO,OK,CINCO-RESPUESTAS-VALIDAS,v23,Q7c,Hablar al sentirse deprimido,7,Ninguno,v25,Q7e,Ocasión social agradable,1,Familiar cercano,981,981.000000000000,18,18.000000000000,0.018348623853,proporcion-respuestas-validas
RESULT,CALC-ISSP2017-CONSISTENCIA-APOYO-FAMILIAR-0001,México,Muestra ISSP 2017 México,EE-IC-NO-DISPONIBLES-DISENO-NO-ACREDITADO,OK,CINCO-RESPUESTAS-VALIDAS,v23,Q7c,Hablar al sentirse deprimido,7,Ninguno,v25,Q7e,Ocasión social agradable,2,Familiar más lejano,981,981.000000000000,1,1.000000000000,0.001019367992,proporcion-respuestas-validas
RESULT,CALC-ISSP2017-CONSISTENCIA-APOYO-FAMILIAR-0001,México,Muestra ISSP 2017 México,EE-IC-NO-DISPONIBLES-DISENO-NO-ACREDITADO,OK,CINCO-RESPUESTAS-VALIDAS,v23,Q7c,Hablar al sentirse deprimido,7,Ninguno,v25,Q7e,Ocasión social agradable,3,Amigo cercano,981,981.000000000000,3,3.000000000000,0.003058103976,proporcion-respuestas-validas
RESULT,CALC-ISSP2017-CONSISTENCIA-APOYO-FAMILIAR-0001,México,Muestra ISSP 2017 México,EE-IC-NO-DISPONIBLES-DISENO-NO-ACREDITADO,OK,CINCO-RESPUESTAS-VALIDAS,v23,Q7c,Hablar al sentirse deprimido,7,Ninguno,v25,Q7e,Ocasión social agradable,4,Vecino,981,981.000000000000,1,1.000000000000,0.001019367992,proporcion-respuestas-validas
RESULT,CALC-ISSP2017-CONSISTENCIA-APOYO-FAMILIAR-0001,México,Muestra ISSP 2017 México,EE-IC-NO-DISPONIBLES-DISENO-NO-ACREDITADO,OK,CINCO-RESPUESTAS-VALIDAS,v23,Q7c,Hablar al sentirse deprimido,7,Ninguno,v25,Q7e,Ocasión social agradable,5,Compañero de trabajo,981,981.000000000000,3,3.000000000000,0.003058103976,proporcion-respuestas-validas
RESULT,CALC-ISSP2017-CONSISTENCIA-APOYO-FAMILIAR-0001,México,Muestra ISSP 2017 México,EE-IC-NO-DISPONIBLES-DISENO-NO-ACREDITADO,OK,CINCO-RESPUESTAS-VALIDAS,v23,Q7c,Hablar al sentirse deprimido,7,Ninguno,v25,Q7e,Ocasión social agradable,6,Alguien más,981,981.000000000000,1,1.000000000000,0.001019367992,proporcion-respuestas-validas
RESULT,CALC-ISSP2017-CONSISTENCIA-APOYO-FAMILIAR-0001,México,Muestra ISSP 2017 México,EE-IC-NO-DISPONIBLES-DISENO-NO-ACREDITADO,OK,CINCO-RESPUESTAS-VALIDAS,v23,Q7c,Hablar al sentirse deprimido,7,Ninguno,v25,Q7e,Ocasión social agradable,7,Ninguno,981,981.000000000000,3,3.000000000000,0.003058103976,proporcion-respuestas-validas
RESULT,CALC-ISSP2017-CONSISTENCIA-APOYO-FAMILIAR-0001,México,Muestra ISSP 2017 México,EE-IC-NO-DISPONIBLES-DISENO-NO-ACREDITADO,OK,CINCO-RESPUESTAS-VALIDAS,v24,Q7d,Consejo sobre problemas familiares,1,Familiar cercano,v25,Q7e,Ocasión social agradable,1,Familiar cercano,981,981.000000000000,342,342.000000000000,0.348623853211,proporcion-respuestas-validas
RESULT,CALC-ISSP2017-CONSISTENCIA-APOYO-FAMILIAR-0001,México,Muestra ISSP 2017 México,EE-IC-NO-DISPONIBLES-DISENO-NO-ACREDITADO,OK,CINCO-RESPUESTAS-VALIDAS,v24,Q7d,Consejo sobre problemas familiares,1,Familiar cercano,v25,Q7e,Ocasión social agradable,2,Familiar más lejano,981,981.000000000000,28,28.000000000000,0.028542303772,proporcion-respuestas-validas
RESULT,CALC-ISSP2017-CONSISTENCIA-APOYO-FAMILIAR-0001,México,Muestra ISSP 2017 México,EE-IC-NO-DISPONIBLES-DISENO-NO-ACREDITADO,OK,CINCO-RESPUESTAS-VALIDAS,v24,Q7d,Consejo sobre problemas familiares,1,Familiar cercano,v25,Q7e,Ocasión social agradable,3,Amigo cercano,981,981.000000000000,45,45.000000000000,0.045871559633,proporcion-respuestas-validas
RESULT,CALC-ISSP2017-CONSISTENCIA-APOYO-FAMILIAR-0001,México,Muestra ISSP 2017 México,EE-IC-NO-DISPONIBLES-DISENO-NO-ACREDITADO,OK,CINCO-RESPUESTAS-VALIDAS,v24,Q7d,Consejo sobre problemas familiares,1,Familiar cercano,v25,Q7e,Ocasión social agradable,4,Vecino,981,981.000000000000,5,5.000000000000,0.005096839959,proporcion-respuestas-validas
RESULT,CALC-ISSP2017-CONSISTENCIA-APOYO-FAMILIAR-0001,México,Muestra ISSP 2017 México,EE-IC-NO-DISPONIBLES-DISENO-NO-ACREDITADO,OK,CINCO-RESPUESTAS-VALIDAS,v24,Q7d,Consejo sobre problemas familiares,1,Familiar cercano,v25,Q7e,Ocasión social agradable,5,Compañero de trabajo,981,981.000000000000,2,2.000000000000,0.002038735984,proporcion-respuestas-validas
RESULT,CALC-ISSP2017-CONSISTENCIA-APOYO-FAMILIAR-0001,México,Muestra ISSP 2017 México,EE-IC-NO-DISPONIBLES-DISENO-NO-ACREDITADO,OK,CINCO-RESPUESTAS-VALIDAS,v24,Q7d,Consejo sobre problemas familiares,1,Familiar cercano,v25,Q7e,Ocasión social agradable,6,Alguien más,981,981.000000000000,8,8.000000000000,0.008154943935,proporcion-respuestas-validas
RESULT,CALC-ISSP2017-CONSISTENCIA-APOYO-FAMILIAR-0001,México,Muestra ISSP 2017 México,EE-IC-NO-DISPONIBLES-DISENO-NO-ACREDITADO,OK,CINCO-RESPUESTAS-VALIDAS,v24,Q7d,Consejo sobre problemas familiares,1,Familiar cercano,v25,Q7e,Ocasión social agradable,7,Ninguno,981,981.000000000000,6,6.000000000000,0.006116207951,proporcion-respuestas-validas
RESULT,CALC-ISSP2017-CONSISTENCIA-APOYO-FAMILIAR-0001,México,Muestra ISSP 2017 México,EE-IC-NO-DISPONIBLES-DISENO-NO-ACREDITADO,OK,CINCO-RESPUESTAS-VALIDAS,v24,Q7d,Consejo sobre problemas familiares,2,Familiar más lejano,v25,Q7e,Ocasión social agradable,1,Familiar cercano,981,981.000000000000,31,31.000000000000,0.031600407747,proporcion-respuestas-validas
RESULT,CALC-ISSP2017-CONSISTENCIA-APOYO-FAMILIAR-0001,México,Muestra ISSP 2017 México,EE-IC-NO-DISPONIBLES-DISENO-NO-ACREDITADO,OK,CINCO-RESPUESTAS-VALIDAS,v24,Q7d,Consejo sobre problemas familiares,2,Familiar más lejano,v25,Q7e,Ocasión social agradable,2,Familiar más lejano,981,981.000000000000,15,15.000000000000,0.015290519878,proporcion-respuestas-validas
RESULT,CALC-ISSP2017-CONSISTENCIA-APOYO-FAMILIAR-0001,México,Muestra ISSP 2017 México,EE-IC-NO-DISPONIBLES-DISENO-NO-ACREDITADO,OK,CINCO-RESPUESTAS-VALIDAS,v24,Q7d,Consejo sobre problemas familiares,2,Familiar más lejano,v25,Q7e,Ocasión social agradable,3,Amigo cercano,981,981.000000000000,22,22.000000000000,0.022426095821,proporcion-respuestas-validas
RESULT,CALC-ISSP2017-CONSISTENCIA-APOYO-FAMILIAR-0001,México,Muestra ISSP 2017 México,EE-IC-NO-DISPONIBLES-DISENO-NO-ACREDITADO,OK,CINCO-RESPUESTAS-VALIDAS,v24,Q7d,Consejo sobre problemas familiares,2,Familiar más lejano,v25,Q7e,Ocasión social agradable,4,Vecino,981,981.000000000000,1,1.000000000000,0.001019367992,proporcion-respuestas-validas
RESULT,CALC-ISSP2017-CONSISTENCIA-APOYO-FAMILIAR-0001,México,Muestra ISSP 2017 México,EE-IC-NO-DISPONIBLES-DISENO-NO-ACREDITADO,OK,CINCO-RESPUESTAS-VALIDAS,v24,Q7d,Consejo sobre problemas familiares,2,Familiar más lejano,v25,Q7e,Ocasión social agradable,5,Compañero de trabajo,981,981.000000000000,3,3.000000000000,0.003058103976,proporcion-respuestas-validas
RESULT,CALC-ISSP2017-CONSISTENCIA-APOYO-FAMILIAR-0001,México,Muestra ISSP 2017 México,EE-IC-NO-DISPONIBLES-DISENO-NO-ACREDITADO,OK,CINCO-RESPUESTAS-VALIDAS,v24,Q7d,Consejo sobre problemas familiares,2,Familiar más lejano,v25,Q7e,Ocasión social agradable,6,Alguien más,981,981.000000000000,2,2.000000000000,0.002038735984,proporcion-respuestas-validas
RESULT,CALC-ISSP2017-CONSISTENCIA-APOYO-FAMILIAR-0001,México,Muestra ISSP 2017 México,EE-IC-NO-DISPONIBLES-DISENO-NO-ACREDITADO,OK,CINCO-RESPUESTAS-VALIDAS,v24,Q7d,Consejo sobre problemas familiares,2,Familiar más lejano,v25,Q7e,Ocasión social agradable,7,Ninguno,981,981.000000000000,2,2.000000000000,0.002038735984,proporcion-respuestas-validas
RESULT,CALC-ISSP2017-CONSISTENCIA-APOYO-FAMILIAR-0001,México,Muestra ISSP 2017 México,EE-IC-NO-DISPONIBLES-DISENO-NO-ACREDITADO,OK,CINCO-RESPUESTAS-VALIDAS,v24,Q7d,Consejo sobre problemas familiares,3,Amigo cercano,v25,Q7e,Ocasión social agradable,1,Familiar cercano,981,981.000000000000,137,137.000000000000,0.139653414883,proporcion-respuestas-validas
RESULT,CALC-ISSP2017-CONSISTENCIA-APOYO-FAMILIAR-0001,México,Muestra ISSP 2017 México,EE-IC-NO-DISPONIBLES-DISENO-NO-ACREDITADO,OK,CINCO-RESPUESTAS-VALIDAS,v24,Q7d,Consejo sobre problemas familiares,3,Amigo cercano,v25,Q7e,Ocasión social agradable,2,Familiar más lejano,981,981.000000000000,14,14.000000000000,0.014271151886,proporcion-respuestas-validas
RESULT,CALC-ISSP2017-CONSISTENCIA-APOYO-FAMILIAR-0001,México,Muestra ISSP 2017 México,EE-IC-NO-DISPONIBLES-DISENO-NO-ACREDITADO,OK,CINCO-RESPUESTAS-VALIDAS,v24,Q7d,Consejo sobre problemas familiares,3,Amigo cercano,v25,Q7e,Ocasión social agradable,3,Amigo cercano,981,981.000000000000,150,150.000000000000,0.152905198777,proporcion-respuestas-validas
RESULT,CALC-ISSP2017-CONSISTENCIA-APOYO-FAMILIAR-0001,México,Muestra ISSP 2017 México,EE-IC-NO-DISPONIBLES-DISENO-NO-ACREDITADO,OK,CINCO-RESPUESTAS-VALIDAS,v24,Q7d,Consejo sobre problemas familiares,3,Amigo cercano,v25,Q7e,Ocasión social agradable,4,Vecino,981,981.000000000000,12,12.000000000000,0.012232415902,proporcion-respuestas-validas
RESULT,CALC-ISSP2017-CONSISTENCIA-APOYO-FAMILIAR-0001,México,Muestra ISSP 2017 México,EE-IC-NO-DISPONIBLES-DISENO-NO-ACREDITADO,OK,CINCO-RESPUESTAS-VALIDAS,v24,Q7d,Consejo sobre problemas familiares,3,Amigo cercano,v25,Q7e,Ocasión social agradable,5,Compañero de trabajo,981,981.000000000000,8,8.000000000000,0.008154943935,proporcion-respuestas-validas
RESULT,CALC-ISSP2017-CONSISTENCIA-APOYO-FAMILIAR-0001,México,Muestra ISSP 2017 México,EE-IC-NO-DISPONIBLES-DISENO-NO-ACREDITADO,OK,CINCO-RESPUESTAS-VALIDAS,v24,Q7d,Consejo sobre problemas familiares,3,Amigo cercano,v25,Q7e,Ocasión social agradable,6,Alguien más,981,981.000000000000,19,19.000000000000,0.019367991845,proporcion-respuestas-validas
RESULT,CALC-ISSP2017-CONSISTENCIA-APOYO-FAMILIAR-0001,México,Muestra ISSP 2017 México,EE-IC-NO-DISPONIBLES-DISENO-NO-ACREDITADO,OK,CINCO-RESPUESTAS-VALIDAS,v24,Q7d,Consejo sobre problemas familiares,3,Amigo cercano,v25,Q7e,Ocasión social agradable,7,Ninguno,981,981.000000000000,8,8.000000000000,0.008154943935,proporcion-respuestas-validas
RESULT,CALC-ISSP2017-CONSISTENCIA-APOYO-FAMILIAR-0001,México,Muestra ISSP 2017 México,EE-IC-NO-DISPONIBLES-DISENO-NO-ACREDITADO,OK,CINCO-RESPUESTAS-VALIDAS,v24,Q7d,Consejo sobre problemas familiares,4,Vecino,v25,Q7e,Ocasión social agradable,1,Familiar cercano,981,981.000000000000,12,12.000000000000,0.012232415902,proporcion-respuestas-validas
RESULT,CALC-ISSP2017-CONSISTENCIA-APOYO-FAMILIAR-0001,México,Muestra ISSP 2017 México,EE-IC-NO-DISPONIBLES-DISENO-NO-ACREDITADO,OK,CINCO-RESPUESTAS-VALIDAS,v24,Q7d,Consejo sobre problemas familiares,4,Vecino,v25,Q7e,Ocasión social agradable,2,Familiar más lejano,981,981.000000000000,1,1.000000000000,0.001019367992,proporcion-respuestas-validas
RESULT,CALC-ISSP2017-CONSISTENCIA-APOYO-FAMILIAR-0001,México,Muestra ISSP 2017 México,EE-IC-NO-DISPONIBLES-DISENO-NO-ACREDITADO,OK,CINCO-RESPUESTAS-VALIDAS,v24,Q7d,Consejo sobre problemas familiares,4,Vecino,v25,Q7e,Ocasión social agradable,3,Amigo cercano,981,981.000000000000,14,14.000000000000,0.014271151886,proporcion-respuestas-validas
RESULT,CALC-ISSP2017-CONSISTENCIA-APOYO-FAMILIAR-0001,México,Muestra ISSP 2017 México,EE-IC-NO-DISPONIBLES-DISENO-NO-ACREDITADO,OK,CINCO-RESPUESTAS-VALIDAS,v24,Q7d,Consejo sobre problemas familiares,4,Vecino,v25,Q7e,Ocasión social agradable,4,Vecino,981,981.000000000000,14,14.000000000000,0.014271151886,proporcion-respuestas-validas
RESULT,CALC-ISSP2017-CONSISTENCIA-APOYO-FAMILIAR-0001,México,Muestra ISSP 2017 México,EE-IC-NO-DISPONIBLES-DISENO-NO-ACREDITADO,OK,CINCO-RESPUESTAS-VALIDAS,v24,Q7d,Consejo sobre problemas familiares,4,Vecino,v25,Q7e,Ocasión social agradable,5,Compañero de trabajo,981,981.000000000000,4,4.000000000000,0.004077471967,proporcion-respuestas-validas
RESULT,CALC-ISSP2017-CONSISTENCIA-APOYO-FAMILIAR-0001,México,Muestra ISSP 2017 México,EE-IC-NO-DISPONIBLES-DISENO-NO-ACREDITADO,OK,CINCO-RESPUESTAS-VALIDAS,v24,Q7d,Consejo sobre problemas familiares,4,Vecino,v25,Q7e,Ocasión social agradable,6,Alguien más,981,981.000000000000,1,1.000000000000,0.001019367992,proporcion-respuestas-validas
RESULT,CALC-ISSP2017-CONSISTENCIA-APOYO-FAMILIAR-0001,México,Muestra ISSP 2017 México,EE-IC-NO-DISPONIBLES-DISENO-NO-ACREDITADO,OK,CINCO-RESPUESTAS-VALIDAS,v24,Q7d,Consejo sobre problemas familiares,4,Vecino,v25,Q7e,Ocasión social agradable,7,Ninguno,981,981.000000000000,1,1.000000000000,0.001019367992,proporcion-respuestas-validas
RESULT,CALC-ISSP2017-CONSISTENCIA-APOYO-FAMILIAR-0001,México,Muestra ISSP 2017 México,EE-IC-NO-DISPONIBLES-DISENO-NO-ACREDITADO,OK,CINCO-RESPUESTAS-VALIDAS,v24,Q7d,Consejo sobre problemas familiares,5,Compañero de trabajo,v25,Q7e,Ocasión social agradable,1,Familiar cercano,981,981.000000000000,5,5.000000000000,0.005096839959,proporcion-respuestas-validas
RESULT,CALC-ISSP2017-CONSISTENCIA-APOYO-FAMILIAR-0001,México,Muestra ISSP 2017 México,EE-IC-NO-DISPONIBLES-DISENO-NO-ACREDITADO,OK,CINCO-RESPUESTAS-VALIDAS,v24,Q7d,Consejo sobre problemas familiares,5,Compañero de trabajo,v25,Q7e,Ocasión social agradable,2,Familiar más lejano,981,981.000000000000,0,0.000000000000,0.000000000000,proporcion-respuestas-validas
RESULT,CALC-ISSP2017-CONSISTENCIA-APOYO-FAMILIAR-0001,México,Muestra ISSP 2017 México,EE-IC-NO-DISPONIBLES-DISENO-NO-ACREDITADO,OK,CINCO-RESPUESTAS-VALIDAS,v24,Q7d,Consejo sobre problemas familiares,5,Compañero de trabajo,v25,Q7e,Ocasión social agradable,3,Amigo cercano,981,981.000000000000,4,4.000000000000,0.004077471967,proporcion-respuestas-validas
RESULT,CALC-ISSP2017-CONSISTENCIA-APOYO-FAMILIAR-0001,México,Muestra ISSP 2017 México,EE-IC-NO-DISPONIBLES-DISENO-NO-ACREDITADO,OK,CINCO-RESPUESTAS-VALIDAS,v24,Q7d,Consejo sobre problemas familiares,5,Compañero de trabajo,v25,Q7e,Ocasión social agradable,4,Vecino,981,981.000000000000,4,4.000000000000,0.004077471967,proporcion-respuestas-validas
RESULT,CALC-ISSP2017-CONSISTENCIA-APOYO-FAMILIAR-0001,México,Muestra ISSP 2017 México,EE-IC-NO-DISPONIBLES-DISENO-NO-ACREDITADO,OK,CINCO-RESPUESTAS-VALIDAS,v24,Q7d,Consejo sobre problemas familiares,5,Compañero de trabajo,v25,Q7e,Ocasión social agradable,5,Compañero de trabajo,981,981.000000000000,7,7.000000000000,0.007135575943,proporcion-respuestas-validas
RESULT,CALC-ISSP2017-CONSISTENCIA-APOYO-FAMILIAR-0001,México,Muestra ISSP 2017 México,EE-IC-NO-DISPONIBLES-DISENO-NO-ACREDITADO,OK,CINCO-RESPUESTAS-VALIDAS,v24,Q7d,Consejo sobre problemas familiares,5,Compañero de trabajo,v25,Q7e,Ocasión social agradable,6,Alguien más,981,981.000000000000,3,3.000000000000,0.003058103976,proporcion-respuestas-validas
RESULT,CALC-ISSP2017-CONSISTENCIA-APOYO-FAMILIAR-0001,México,Muestra ISSP 2017 México,EE-IC-NO-DISPONIBLES-DISENO-NO-ACREDITADO,OK,CINCO-RESPUESTAS-VALIDAS,v24,Q7d,Consejo sobre problemas familiares,5,Compañero de trabajo,v25,Q7e,Ocasión social agradable,7,Ninguno,981,981.000000000000,0,0.000000000000,0.000000000000,proporcion-respuestas-validas
RESULT,CALC-ISSP2017-CONSISTENCIA-APOYO-FAMILIAR-0001,México,Muestra ISSP 2017 México,EE-IC-NO-DISPONIBLES-DISENO-NO-ACREDITADO,OK,CINCO-RESPUESTAS-VALIDAS,v24,Q7d,Consejo sobre problemas familiares,6,Alguien más,v25,Q7e,Ocasión social agradable,1,Familiar cercano,981,981.000000000000,12,12.000000000000,0.012232415902,proporcion-respuestas-validas
RESULT,CALC-ISSP2017-CONSISTENCIA-APOYO-FAMILIAR-0001,México,Muestra ISSP 2017 México,EE-IC-NO-DISPONIBLES-DISENO-NO-ACREDITADO,OK,CINCO-RESPUESTAS-VALIDAS,v24,Q7d,Consejo sobre problemas familiares,6,Alguien más,v25,Q7e,Ocasión social agradable,2,Familiar más lejano,981,981.000000000000,0,0.000000000000,0.000000000000,proporcion-respuestas-validas
RESULT,CALC-ISSP2017-CONSISTENCIA-APOYO-FAMILIAR-0001,México,Muestra ISSP 2017 México,EE-IC-NO-DISPONIBLES-DISENO-NO-ACREDITADO,OK,CINCO-RESPUESTAS-VALIDAS,v24,Q7d,Consejo sobre problemas familiares,6,Alguien más,v25,Q7e,Ocasión social agradable,3,Amigo cercano,981,981.000000000000,5,5.000000000000,0.005096839959,proporcion-respuestas-validas
RESULT,CALC-ISSP2017-CONSISTENCIA-APOYO-FAMILIAR-0001,México,Muestra ISSP 2017 México,EE-IC-NO-DISPONIBLES-DISENO-NO-ACREDITADO,OK,CINCO-RESPUESTAS-VALIDAS,v24,Q7d,Consejo sobre problemas familiares,6,Alguien más,v25,Q7e,Ocasión social agradable,4,Vecino,981,981.000000000000,1,1.000000000000,0.001019367992,proporcion-respuestas-validas
RESULT,CALC-ISSP2017-CONSISTENCIA-APOYO-FAMILIAR-0001,México,Muestra ISSP 2017 México,EE-IC-NO-DISPONIBLES-DISENO-NO-ACREDITADO,OK,CINCO-RESPUESTAS-VALIDAS,v24,Q7d,Consejo sobre problemas familiares,6,Alguien más,v25,Q7e,Ocasión social agradable,5,Compañero de trabajo,981,981.000000000000,3,3.000000000000,0.003058103976,proporcion-respuestas-validas
RESULT,CALC-ISSP2017-CONSISTENCIA-APOYO-FAMILIAR-0001,México,Muestra ISSP 2017 México,EE-IC-NO-DISPONIBLES-DISENO-NO-ACREDITADO,OK,CINCO-RESPUESTAS-VALIDAS,v24,Q7d,Consejo sobre problemas familiares,6,Alguien más,v25,Q7e,Ocasión social agradable,6,Alguien más,981,981.000000000000,1,1.000000000000,0.001019367992,proporcion-respuestas-validas
RESULT,CALC-ISSP2017-CONSISTENCIA-APOYO-FAMILIAR-0001,México,Muestra ISSP 2017 México,EE-IC-NO-DISPONIBLES-DISENO-NO-ACREDITADO,OK,CINCO-RESPUESTAS-VALIDAS,v24,Q7d,Consejo sobre problemas familiares,6,Alguien más,v25,Q7e,Ocasión social agradable,7,Ninguno,981,981.000000000000,1,1.000000000000,0.001019367992,proporcion-respuestas-validas
RESULT,CALC-ISSP2017-CONSISTENCIA-APOYO-FAMILIAR-0001,México,Muestra ISSP 2017 México,EE-IC-NO-DISPONIBLES-DISENO-NO-ACREDITADO,OK,CINCO-RESPUESTAS-VALIDAS,v24,Q7d,Consejo sobre problemas familiares,7,Ninguno,v25,Q7e,Ocasión social agradable,1,Familiar cercano,981,981.000000000000,17,17.000000000000,0.017329255861,proporcion-respuestas-validas
RESULT,CALC-ISSP2017-CONSISTENCIA-APOYO-FAMILIAR-0001,México,Muestra ISSP 2017 México,EE-IC-NO-DISPONIBLES-DISENO-NO-ACREDITADO,OK,CINCO-RESPUESTAS-VALIDAS,v24,Q7d,Consejo sobre problemas familiares,7,Ninguno,v25,Q7e,Ocasión social agradable,2,Familiar más lejano,981,981.000000000000,0,0.000000000000,0.000000000000,proporcion-respuestas-validas
RESULT,CALC-ISSP2017-CONSISTENCIA-APOYO-FAMILIAR-0001,México,Muestra ISSP 2017 México,EE-IC-NO-DISPONIBLES-DISENO-NO-ACREDITADO,OK,CINCO-RESPUESTAS-VALIDAS,v24,Q7d,Consejo sobre problemas familiares,7,Ninguno,v25,Q7e,Ocasión social agradable,3,Amigo cercano,981,981.000000000000,4,4.000000000000,0.004077471967,proporcion-respuestas-validas
RESULT,CALC-ISSP2017-CONSISTENCIA-APOYO-FAMILIAR-0001,México,Muestra ISSP 2017 México,EE-IC-NO-DISPONIBLES-DISENO-NO-ACREDITADO,OK,CINCO-RESPUESTAS-VALIDAS,v24,Q7d,Consejo sobre problemas familiares,7,Ninguno,v25,Q7e,Ocasión social agradable,4,Vecino,981,981.000000000000,1,1.000000000000,0.001019367992,proporcion-respuestas-validas
RESULT,CALC-ISSP2017-CONSISTENCIA-APOYO-FAMILIAR-0001,México,Muestra ISSP 2017 México,EE-IC-NO-DISPONIBLES-DISENO-NO-ACREDITADO,OK,CINCO-RESPUESTAS-VALIDAS,v24,Q7d,Consejo sobre problemas familiares,7,Ninguno,v25,Q7e,Ocasión social agradable,5,Compañero de trabajo,981,981.000000000000,1,1.000000000000,0.001019367992,proporcion-respuestas-validas
RESULT,CALC-ISSP2017-CONSISTENCIA-APOYO-FAMILIAR-0001,México,Muestra ISSP 2017 México,EE-IC-NO-DISPONIBLES-DISENO-NO-ACREDITADO,OK,CINCO-RESPUESTAS-VALIDAS,v24,Q7d,Consejo sobre problemas familiares,7,Ninguno,v25,Q7e,Ocasión social agradable,6,Alguien más,981,981.000000000000,1,1.000000000000,0.001019367992,proporcion-respuestas-validas
RESULT,CALC-ISSP2017-CONSISTENCIA-APOYO-FAMILIAR-0001,México,Muestra ISSP 2017 México,EE-IC-NO-DISPONIBLES-DISENO-NO-ACREDITADO,OK,CINCO-RESPUESTAS-VALIDAS,v24,Q7d,Consejo sobre problemas familiares,7,Ninguno,v25,Q7e,Ocasión social agradable,7,Ninguno,981,981.000000000000,4,4.000000000000,0.004077471967,proporcion-respuestas-validas
