fecha,producto,regimen_definicion,imor_porcentaje,unidad_observacion,universo_institucional,fuente
2016-01,Consumo total,PRE_IFRS9_CARTERA_VENCIDA,3.960000,porcentaje de saldos,banca comercial; incluye Sofomes ER subsidiarias de instituciones bancarias y grupos financieros; excluye CI Banco,gen2_banxico_imor_consumo_producto_mensual_2026t1_html
2016-02,Consumo total,PRE_IFRS9_CARTERA_VENCIDA,3.960000,porcentaje de saldos,banca comercial; incluye Sofomes ER subsidiarias de instituciones bancarias y grupos financieros; excluye CI Banco,gen2_banxico_imor_consumo_producto_mensual_2026t1_html
2016-03,Consumo total,PRE_IFRS9_CARTERA_VENCIDA,3.870000,porcentaje de saldos,banca comercial; incluye Sofomes ER subsidiarias de instituciones bancarias y grupos financieros; excluye CI Banco,gen2_banxico_imor_consumo_producto_mensual_2026t1_html
2016-04,Consumo total,PRE_IFRS9_CARTERA_VENCIDA,3.880000,porcentaje de saldos,banca comercial; incluye Sofomes ER subsidiarias de instituciones bancarias y grupos financieros; excluye CI Banco,gen2_banxico_imor_consumo_producto_mensual_2026t1_html
2016-05,Consumo total,PRE_IFRS9_CARTERA_VENCIDA,4.030000,porcentaje de saldos,banca comercial; incluye Sofomes ER subsidiarias de instituciones bancarias y grupos financieros; excluye CI Banco,gen2_banxico_imor_consumo_producto_mensual_2026t1_html
2016-06,Consumo total,PRE_IFRS9_CARTERA_VENCIDA,3.960000,porcentaje de saldos,banca comercial; incluye Sofomes ER subsidiarias de instituciones bancarias y grupos financieros; excluye CI Banco,gen2_banxico_imor_consumo_producto_mensual_2026t1_html
2016-07,Consumo total,PRE_IFRS9_CARTERA_VENCIDA,4.020000,porcentaje de saldos,banca comercial; incluye Sofomes ER subsidiarias de instituciones bancarias y grupos financieros; excluye CI Banco,gen2_banxico_imor_consumo_producto_mensual_2026t1_html
2016-08,Consumo total,PRE_IFRS9_CARTERA_VENCIDA,4.010000,porcentaje de saldos,banca comercial; incluye Sofomes ER subsidiarias de instituciones bancarias y grupos financieros; excluye CI Banco,gen2_banxico_imor_consumo_producto_mensual_2026t1_html
2016-09,Consumo total,PRE_IFRS9_CARTERA_VENCIDA,4.060000,porcentaje de saldos,banca comercial; incluye Sofomes ER subsidiarias de instituciones bancarias y grupos financieros; excluye CI Banco,gen2_banxico_imor_consumo_producto_mensual_2026t1_html
2016-10,Consumo total,PRE_IFRS9_CARTERA_VENCIDA,4.150000,porcentaje de saldos,banca comercial; incluye Sofomes ER subsidiarias de instituciones bancarias y grupos financieros; excluye CI Banco,gen2_banxico_imor_consumo_producto_mensual_2026t1_html
2016-11,Consumo total,PRE_IFRS9_CARTERA_VENCIDA,4.190000,porcentaje de saldos,banca comercial; incluye Sofomes ER subsidiarias de instituciones bancarias y grupos financieros; excluye CI Banco,gen2_banxico_imor_consumo_producto_mensual_2026t1_html
2016-12,Consumo total,PRE_IFRS9_CARTERA_VENCIDA,4.080000,porcentaje de saldos,banca comercial; incluye Sofomes ER subsidiarias de instituciones bancarias y grupos financieros; excluye CI Banco,gen2_banxico_imor_consumo_producto_mensual_2026t1_html
2017-01,Consumo total,PRE_IFRS9_CARTERA_VENCIDA,4.140000,porcentaje de saldos,banca comercial; incluye Sofomes ER subsidiarias de instituciones bancarias y grupos financieros; excluye CI Banco,gen2_banxico_imor_consumo_producto_mensual_2026t1_html
2017-02,Consumo total,PRE_IFRS9_CARTERA_VENCIDA,4.140000,porcentaje de saldos,banca comercial; incluye Sofomes ER subsidiarias de instituciones bancarias y grupos financieros; excluye CI Banco,gen2_banxico_imor_consumo_producto_mensual_2026t1_html
2017-03,Consumo total,PRE_IFRS9_CARTERA_VENCIDA,4.090000,porcentaje de saldos,banca comercial; incluye Sofomes ER subsidiarias de instituciones bancarias y grupos financieros; excluye CI Banco,gen2_banxico_imor_consumo_producto_mensual_2026t1_html
2017-04,Consumo total,PRE_IFRS9_CARTERA_VENCIDA,4.030000,porcentaje de saldos,banca comercial; incluye Sofomes ER subsidiarias de instituciones bancarias y grupos financieros; excluye CI Banco,gen2_banxico_imor_consumo_producto_mensual_2026t1_html
2017-05,Consumo total,PRE_IFRS9_CARTERA_VENCIDA,4.200000,porcentaje de saldos,banca comercial; incluye Sofomes ER subsidiarias de instituciones bancarias y grupos financieros; excluye CI Banco,gen2_banxico_imor_consumo_producto_mensual_2026t1_html
2017-06,Consumo total,PRE_IFRS9_CARTERA_VENCIDA,4.230000,porcentaje de saldos,banca comercial; incluye Sofomes ER subsidiarias de instituciones bancarias y grupos financieros; excluye CI Banco,gen2_banxico_imor_consumo_producto_mensual_2026t1_html
2017-07,Consumo total,PRE_IFRS9_CARTERA_VENCIDA,4.280000,porcentaje de saldos,banca comercial; incluye Sofomes ER subsidiarias de instituciones bancarias y grupos financieros; excluye CI Banco,gen2_banxico_imor_consumo_producto_mensual_2026t1_html
2017-08,Consumo total,PRE_IFRS9_CARTERA_VENCIDA,4.300000,porcentaje de saldos,banca comercial; incluye Sofomes ER subsidiarias de instituciones bancarias y grupos financieros; excluye CI Banco,gen2_banxico_imor_consumo_producto_mensual_2026t1_html
2017-09,Consumo total,PRE_IFRS9_CARTERA_VENCIDA,4.310000,porcentaje de saldos,banca comercial; incluye Sofomes ER subsidiarias de instituciones bancarias y grupos financieros; excluye CI Banco,gen2_banxico_imor_consumo_producto_mensual_2026t1_html
2017-10,Consumo total,PRE_IFRS9_CARTERA_VENCIDA,4.500000,porcentaje de saldos,banca comercial; incluye Sofomes ER subsidiarias de instituciones bancarias y grupos financieros; excluye CI Banco,gen2_banxico_imor_consumo_producto_mensual_2026t1_html
2017-11,Consumo total,PRE_IFRS9_CARTERA_VENCIDA,4.490000,porcentaje de saldos,banca comercial; incluye Sofomes ER subsidiarias de instituciones bancarias y grupos financieros; excluye CI Banco,gen2_banxico_imor_consumo_producto_mensual_2026t1_html
2017-12,Consumo total,PRE_IFRS9_CARTERA_VENCIDA,4.380000,porcentaje de saldos,banca comercial; incluye Sofomes ER subsidiarias de instituciones bancarias y grupos financieros; excluye CI Banco,gen2_banxico_imor_consumo_producto_mensual_2026t1_html
2018-01,Consumo total,PRE_IFRS9_CARTERA_VENCIDA,4.400000,porcentaje de saldos,banca comercial; incluye Sofomes ER subsidiarias de instituciones bancarias y grupos financieros; excluye CI Banco,gen2_banxico_imor_consumo_producto_mensual_2026t1_html
2018-02,Consumo total,PRE_IFRS9_CARTERA_VENCIDA,4.380000,porcentaje de saldos,banca comercial; incluye Sofomes ER subsidiarias de instituciones bancarias y grupos financieros; excluye CI Banco,gen2_banxico_imor_consumo_producto_mensual_2026t1_html
2018-03,Consumo total,PRE_IFRS9_CARTERA_VENCIDA,4.360000,porcentaje de saldos,banca comercial; incluye Sofomes ER subsidiarias de instituciones bancarias y grupos financieros; excluye CI Banco,gen2_banxico_imor_consumo_producto_mensual_2026t1_html
2018-04,Consumo total,PRE_IFRS9_CARTERA_VENCIDA,4.410000,porcentaje de saldos,banca comercial; incluye Sofomes ER subsidiarias de instituciones bancarias y grupos financieros; excluye CI Banco,gen2_banxico_imor_consumo_producto_mensual_2026t1_html
2018-05,Consumo total,PRE_IFRS9_CARTERA_VENCIDA,4.500000,porcentaje de saldos,banca comercial; incluye Sofomes ER subsidiarias de instituciones bancarias y grupos financieros; excluye CI Banco,gen2_banxico_imor_consumo_producto_mensual_2026t1_html
2018-06,Consumo total,PRE_IFRS9_CARTERA_VENCIDA,4.430000,porcentaje de saldos,banca comercial; incluye Sofomes ER subsidiarias de instituciones bancarias y grupos financieros; excluye CI Banco,gen2_banxico_imor_consumo_producto_mensual_2026t1_html
2018-07,Consumo total,PRE_IFRS9_CARTERA_VENCIDA,4.440000,porcentaje de saldos,banca comercial; incluye Sofomes ER subsidiarias de instituciones bancarias y grupos financieros; excluye CI Banco,gen2_banxico_imor_consumo_producto_mensual_2026t1_html
2018-08,Consumo total,PRE_IFRS9_CARTERA_VENCIDA,4.400000,porcentaje de saldos,banca comercial; incluye Sofomes ER subsidiarias de instituciones bancarias y grupos financieros; excluye CI Banco,gen2_banxico_imor_consumo_producto_mensual_2026t1_html
2018-09,Consumo total,PRE_IFRS9_CARTERA_VENCIDA,4.430000,porcentaje de saldos,banca comercial; incluye Sofomes ER subsidiarias de instituciones bancarias y grupos financieros; excluye CI Banco,gen2_banxico_imor_consumo_producto_mensual_2026t1_html
2018-10,Consumo total,PRE_IFRS9_CARTERA_VENCIDA,4.450000,porcentaje de saldos,banca comercial; incluye Sofomes ER subsidiarias de instituciones bancarias y grupos financieros; excluye CI Banco,gen2_banxico_imor_consumo_producto_mensual_2026t1_html
2018-11,Consumo total,PRE_IFRS9_CARTERA_VENCIDA,4.350000,porcentaje de saldos,banca comercial; incluye Sofomes ER subsidiarias de instituciones bancarias y grupos financieros; excluye CI Banco,gen2_banxico_imor_consumo_producto_mensual_2026t1_html
2018-12,Consumo total,PRE_IFRS9_CARTERA_VENCIDA,4.240000,porcentaje de saldos,banca comercial; incluye Sofomes ER subsidiarias de instituciones bancarias y grupos financieros; excluye CI Banco,gen2_banxico_imor_consumo_producto_mensual_2026t1_html
2019-01,Consumo total,PRE_IFRS9_CARTERA_VENCIDA,4.180000,porcentaje de saldos,banca comercial; incluye Sofomes ER subsidiarias de instituciones bancarias y grupos financieros; excluye CI Banco,gen2_banxico_imor_consumo_producto_mensual_2026t1_html
2019-02,Consumo total,PRE_IFRS9_CARTERA_VENCIDA,4.230000,porcentaje de saldos,banca comercial; incluye Sofomes ER subsidiarias de instituciones bancarias y grupos financieros; excluye CI Banco,gen2_banxico_imor_consumo_producto_mensual_2026t1_html
2019-03,Consumo total,PRE_IFRS9_CARTERA_VENCIDA,4.170000,porcentaje de saldos,banca comercial; incluye Sofomes ER subsidiarias de instituciones bancarias y grupos financieros; excluye CI Banco,gen2_banxico_imor_consumo_producto_mensual_2026t1_html
2019-04,Consumo total,PRE_IFRS9_CARTERA_VENCIDA,4.200000,porcentaje de saldos,banca comercial; incluye Sofomes ER subsidiarias de instituciones bancarias y grupos financieros; excluye CI Banco,gen2_banxico_imor_consumo_producto_mensual_2026t1_html
2019-05,Consumo total,PRE_IFRS9_CARTERA_VENCIDA,4.230000,porcentaje de saldos,banca comercial; incluye Sofomes ER subsidiarias de instituciones bancarias y grupos financieros; excluye CI Banco,gen2_banxico_imor_consumo_producto_mensual_2026t1_html
2019-06,Consumo total,PRE_IFRS9_CARTERA_VENCIDA,4.210000,porcentaje de saldos,banca comercial; incluye Sofomes ER subsidiarias de instituciones bancarias y grupos financieros; excluye CI Banco,gen2_banxico_imor_consumo_producto_mensual_2026t1_html
2019-07,Consumo total,PRE_IFRS9_CARTERA_VENCIDA,4.210000,porcentaje de saldos,banca comercial; incluye Sofomes ER subsidiarias de instituciones bancarias y grupos financieros; excluye CI Banco,gen2_banxico_imor_consumo_producto_mensual_2026t1_html
2019-08,Consumo total,PRE_IFRS9_CARTERA_VENCIDA,4.150000,porcentaje de saldos,banca comercial; incluye Sofomes ER subsidiarias de instituciones bancarias y grupos financieros; excluye CI Banco,gen2_banxico_imor_consumo_producto_mensual_2026t1_html
2019-09,Consumo total,PRE_IFRS9_CARTERA_VENCIDA,4.200000,porcentaje de saldos,banca comercial; incluye Sofomes ER subsidiarias de instituciones bancarias y grupos financieros; excluye CI Banco,gen2_banxico_imor_consumo_producto_mensual_2026t1_html
2019-10,Consumo total,PRE_IFRS9_CARTERA_VENCIDA,4.230000,porcentaje de saldos,banca comercial; incluye Sofomes ER subsidiarias de instituciones bancarias y grupos financieros; excluye CI Banco,gen2_banxico_imor_consumo_producto_mensual_2026t1_html
2019-11,Consumo total,PRE_IFRS9_CARTERA_VENCIDA,4.160000,porcentaje de saldos,banca comercial; incluye Sofomes ER subsidiarias de instituciones bancarias y grupos financieros; excluye CI Banco,gen2_banxico_imor_consumo_producto_mensual_2026t1_html
2019-12,Consumo total,PRE_IFRS9_CARTERA_VENCIDA,4.110000,porcentaje de saldos,banca comercial; incluye Sofomes ER subsidiarias de instituciones bancarias y grupos financieros; excluye CI Banco,gen2_banxico_imor_consumo_producto_mensual_2026t1_html
2020-01,Consumo total,PRE_IFRS9_CARTERA_VENCIDA,4.090000,porcentaje de saldos,banca comercial; incluye Sofomes ER subsidiarias de instituciones bancarias y grupos financieros; excluye CI Banco,gen2_banxico_imor_consumo_producto_mensual_2026t1_html
2020-02,Consumo total,PRE_IFRS9_CARTERA_VENCIDA,4.100000,porcentaje de saldos,banca comercial; incluye Sofomes ER subsidiarias de instituciones bancarias y grupos financieros; excluye CI Banco,gen2_banxico_imor_consumo_producto_mensual_2026t1_html
2020-03,Consumo total,PRE_IFRS9_CARTERA_VENCIDA,4.140000,porcentaje de saldos,banca comercial; incluye Sofomes ER subsidiarias de instituciones bancarias y grupos financieros; excluye CI Banco,gen2_banxico_imor_consumo_producto_mensual_2026t1_html
2020-04,Consumo total,PRE_IFRS9_CARTERA_VENCIDA,4.320000,porcentaje de saldos,banca comercial; incluye Sofomes ER subsidiarias de instituciones bancarias y grupos financieros; excluye CI Banco,gen2_banxico_imor_consumo_producto_mensual_2026t1_html
2020-05,Consumo total,PRE_IFRS9_CARTERA_VENCIDA,4.500000,porcentaje de saldos,banca comercial; incluye Sofomes ER subsidiarias de instituciones bancarias y grupos financieros; excluye CI Banco,gen2_banxico_imor_consumo_producto_mensual_2026t1_html
2020-06,Consumo total,PRE_IFRS9_CARTERA_VENCIDA,4.390000,porcentaje de saldos,banca comercial; incluye Sofomes ER subsidiarias de instituciones bancarias y grupos financieros; excluye CI Banco,gen2_banxico_imor_consumo_producto_mensual_2026t1_html
2020-07,Consumo total,PRE_IFRS9_CARTERA_VENCIDA,4.080000,porcentaje de saldos,banca comercial; incluye Sofomes ER subsidiarias de instituciones bancarias y grupos financieros; excluye CI Banco,gen2_banxico_imor_consumo_producto_mensual_2026t1_html
2020-08,Consumo total,PRE_IFRS9_CARTERA_VENCIDA,3.670000,porcentaje de saldos,banca comercial; incluye Sofomes ER subsidiarias de instituciones bancarias y grupos financieros; excluye CI Banco,gen2_banxico_imor_consumo_producto_mensual_2026t1_html
2020-09,Consumo total,PRE_IFRS9_CARTERA_VENCIDA,3.630000,porcentaje de saldos,banca comercial; incluye Sofomes ER subsidiarias de instituciones bancarias y grupos financieros; excluye CI Banco,gen2_banxico_imor_consumo_producto_mensual_2026t1_html
2020-10,Consumo total,PRE_IFRS9_CARTERA_VENCIDA,4.040000,porcentaje de saldos,banca comercial; incluye Sofomes ER subsidiarias de instituciones bancarias y grupos financieros; excluye CI Banco,gen2_banxico_imor_consumo_producto_mensual_2026t1_html
2020-11,Consumo total,PRE_IFRS9_CARTERA_VENCIDA,5.030000,porcentaje de saldos,banca comercial; incluye Sofomes ER subsidiarias de instituciones bancarias y grupos financieros; excluye CI Banco,gen2_banxico_imor_consumo_producto_mensual_2026t1_html
2020-12,Consumo total,PRE_IFRS9_CARTERA_VENCIDA,5.400000,porcentaje de saldos,banca comercial; incluye Sofomes ER subsidiarias de instituciones bancarias y grupos financieros; excluye CI Banco,gen2_banxico_imor_consumo_producto_mensual_2026t1_html
2021-01,Consumo total,PRE_IFRS9_CARTERA_VENCIDA,5.720000,porcentaje de saldos,banca comercial; incluye Sofomes ER subsidiarias de instituciones bancarias y grupos financieros; excluye CI Banco,gen2_banxico_imor_consumo_producto_mensual_2026t1_html
2021-02,Consumo total,PRE_IFRS9_CARTERA_VENCIDA,5.530000,porcentaje de saldos,banca comercial; incluye Sofomes ER subsidiarias de instituciones bancarias y grupos financieros; excluye CI Banco,gen2_banxico_imor_consumo_producto_mensual_2026t1_html
2021-03,Consumo total,PRE_IFRS9_CARTERA_VENCIDA,4.900000,porcentaje de saldos,banca comercial; incluye Sofomes ER subsidiarias de instituciones bancarias y grupos financieros; excluye CI Banco,gen2_banxico_imor_consumo_producto_mensual_2026t1_html
2021-04,Consumo total,PRE_IFRS9_CARTERA_VENCIDA,4.500000,porcentaje de saldos,banca comercial; incluye Sofomes ER subsidiarias de instituciones bancarias y grupos financieros; excluye CI Banco,gen2_banxico_imor_consumo_producto_mensual_2026t1_html
2021-05,Consumo total,PRE_IFRS9_CARTERA_VENCIDA,4.260000,porcentaje de saldos,banca comercial; incluye Sofomes ER subsidiarias de instituciones bancarias y grupos financieros; excluye CI Banco,gen2_banxico_imor_consumo_producto_mensual_2026t1_html
2021-06,Consumo total,PRE_IFRS9_CARTERA_VENCIDA,3.950000,porcentaje de saldos,banca comercial; incluye Sofomes ER subsidiarias de instituciones bancarias y grupos financieros; excluye CI Banco,gen2_banxico_imor_consumo_producto_mensual_2026t1_html
2021-07,Consumo total,PRE_IFRS9_CARTERA_VENCIDA,3.690000,porcentaje de saldos,banca comercial; incluye Sofomes ER subsidiarias de instituciones bancarias y grupos financieros; excluye CI Banco,gen2_banxico_imor_consumo_producto_mensual_2026t1_html
2021-08,Consumo total,PRE_IFRS9_CARTERA_VENCIDA,3.530000,porcentaje de saldos,banca comercial; incluye Sofomes ER subsidiarias de instituciones bancarias y grupos financieros; excluye CI Banco,gen2_banxico_imor_consumo_producto_mensual_2026t1_html
2021-09,Consumo total,PRE_IFRS9_CARTERA_VENCIDA,3.430000,porcentaje de saldos,banca comercial; incluye Sofomes ER subsidiarias de instituciones bancarias y grupos financieros; excluye CI Banco,gen2_banxico_imor_consumo_producto_mensual_2026t1_html
2021-10,Consumo total,PRE_IFRS9_CARTERA_VENCIDA,3.400000,porcentaje de saldos,banca comercial; incluye Sofomes ER subsidiarias de instituciones bancarias y grupos financieros; excluye CI Banco,gen2_banxico_imor_consumo_producto_mensual_2026t1_html
2021-11,Consumo total,PRE_IFRS9_CARTERA_VENCIDA,3.280000,porcentaje de saldos,banca comercial; incluye Sofomes ER subsidiarias de instituciones bancarias y grupos financieros; excluye CI Banco,gen2_banxico_imor_consumo_producto_mensual_2026t1_html
2021-12,Consumo total,PRE_IFRS9_CARTERA_VENCIDA,3.270000,porcentaje de saldos,banca comercial; incluye Sofomes ER subsidiarias de instituciones bancarias y grupos financieros; excluye CI Banco,gen2_banxico_imor_consumo_producto_mensual_2026t1_html
2022-01,Consumo total,IFRS9_ETAPA_3,3.060000,porcentaje de saldos,banca comercial; incluye Sofomes ER subsidiarias de instituciones bancarias y grupos financieros; excluye CI Banco,gen2_banxico_imor_consumo_producto_mensual_2026t1_html
2022-02,Consumo total,IFRS9_ETAPA_3,2.960000,porcentaje de saldos,banca comercial; incluye Sofomes ER subsidiarias de instituciones bancarias y grupos financieros; excluye CI Banco,gen2_banxico_imor_consumo_producto_mensual_2026t1_html
2022-03,Consumo total,IFRS9_ETAPA_3,2.860000,porcentaje de saldos,banca comercial; incluye Sofomes ER subsidiarias de instituciones bancarias y grupos financieros; excluye CI Banco,gen2_banxico_imor_consumo_producto_mensual_2026t1_html
2022-04,Consumo total,IFRS9_ETAPA_3,2.830000,porcentaje de saldos,banca comercial; incluye Sofomes ER subsidiarias de instituciones bancarias y grupos financieros; excluye CI Banco,gen2_banxico_imor_consumo_producto_mensual_2026t1_html
2022-05,Consumo total,IFRS9_ETAPA_3,2.960000,porcentaje de saldos,banca comercial; incluye Sofomes ER subsidiarias de instituciones bancarias y grupos financieros; excluye CI Banco,gen2_banxico_imor_consumo_producto_mensual_2026t1_html
2022-06,Consumo total,IFRS9_ETAPA_3,2.840000,porcentaje de saldos,banca comercial; incluye Sofomes ER subsidiarias de instituciones bancarias y grupos financieros; excluye CI Banco,gen2_banxico_imor_consumo_producto_mensual_2026t1_html
2022-07,Consumo total,IFRS9_ETAPA_3,2.770000,porcentaje de saldos,banca comercial; incluye Sofomes ER subsidiarias de instituciones bancarias y grupos financieros; excluye CI Banco,gen2_banxico_imor_consumo_producto_mensual_2026t1_html
2022-08,Consumo total,IFRS9_ETAPA_3,2.850000,porcentaje de saldos,banca comercial; incluye Sofomes ER subsidiarias de instituciones bancarias y grupos financieros; excluye CI Banco,gen2_banxico_imor_consumo_producto_mensual_2026t1_html
2022-09,Consumo total,IFRS9_ETAPA_3,2.850000,porcentaje de saldos,banca comercial; incluye Sofomes ER subsidiarias de instituciones bancarias y grupos financieros; excluye CI Banco,gen2_banxico_imor_consumo_producto_mensual_2026t1_html
2022-10,Consumo total,IFRS9_ETAPA_3,2.960000,porcentaje de saldos,banca comercial; incluye Sofomes ER subsidiarias de instituciones bancarias y grupos financieros; excluye CI Banco,gen2_banxico_imor_consumo_producto_mensual_2026t1_html
2022-11,Consumo total,IFRS9_ETAPA_3,2.830000,porcentaje de saldos,banca comercial; incluye Sofomes ER subsidiarias de instituciones bancarias y grupos financieros; excluye CI Banco,gen2_banxico_imor_consumo_producto_mensual_2026t1_html
2022-12,Consumo total,IFRS9_ETAPA_3,2.880000,porcentaje de saldos,banca comercial; incluye Sofomes ER subsidiarias de instituciones bancarias y grupos financieros; excluye CI Banco,gen2_banxico_imor_consumo_producto_mensual_2026t1_html
2023-01,Consumo total,IFRS9_ETAPA_3,2.950000,porcentaje de saldos,banca comercial; incluye Sofomes ER subsidiarias de instituciones bancarias y grupos financieros; excluye CI Banco,gen2_banxico_imor_consumo_producto_mensual_2026t1_html
2023-02,Consumo total,IFRS9_ETAPA_3,2.940000,porcentaje de saldos,banca comercial; incluye Sofomes ER subsidiarias de instituciones bancarias y grupos financieros; excluye CI Banco,gen2_banxico_imor_consumo_producto_mensual_2026t1_html
2023-03,Consumo total,IFRS9_ETAPA_3,2.880000,porcentaje de saldos,banca comercial; incluye Sofomes ER subsidiarias de instituciones bancarias y grupos financieros; excluye CI Banco,gen2_banxico_imor_consumo_producto_mensual_2026t1_html
2023-04,Consumo total,IFRS9_ETAPA_3,2.890000,porcentaje de saldos,banca comercial; incluye Sofomes ER subsidiarias de instituciones bancarias y grupos financieros; excluye CI Banco,gen2_banxico_imor_consumo_producto_mensual_2026t1_html
2023-05,Consumo total,IFRS9_ETAPA_3,3.000000,porcentaje de saldos,banca comercial; incluye Sofomes ER subsidiarias de instituciones bancarias y grupos financieros; excluye CI Banco,gen2_banxico_imor_consumo_producto_mensual_2026t1_html
2023-06,Consumo total,IFRS9_ETAPA_3,3.000000,porcentaje de saldos,banca comercial; incluye Sofomes ER subsidiarias de instituciones bancarias y grupos financieros; excluye CI Banco,gen2_banxico_imor_consumo_producto_mensual_2026t1_html
2023-07,Consumo total,IFRS9_ETAPA_3,3.080000,porcentaje de saldos,banca comercial; incluye Sofomes ER subsidiarias de instituciones bancarias y grupos financieros; excluye CI Banco,gen2_banxico_imor_consumo_producto_mensual_2026t1_html
2023-08,Consumo total,IFRS9_ETAPA_3,3.100000,porcentaje de saldos,banca comercial; incluye Sofomes ER subsidiarias de instituciones bancarias y grupos financieros; excluye CI Banco,gen2_banxico_imor_consumo_producto_mensual_2026t1_html
2023-09,Consumo total,IFRS9_ETAPA_3,3.140000,porcentaje de saldos,banca comercial; incluye Sofomes ER subsidiarias de instituciones bancarias y grupos financieros; excluye CI Banco,gen2_banxico_imor_consumo_producto_mensual_2026t1_html
2023-10,Consumo total,IFRS9_ETAPA_3,3.240000,porcentaje de saldos,banca comercial; incluye Sofomes ER subsidiarias de instituciones bancarias y grupos financieros; excluye CI Banco,gen2_banxico_imor_consumo_producto_mensual_2026t1_html
2023-11,Consumo total,IFRS9_ETAPA_3,3.240000,porcentaje de saldos,banca comercial; incluye Sofomes ER subsidiarias de instituciones bancarias y grupos financieros; excluye CI Banco,gen2_banxico_imor_consumo_producto_mensual_2026t1_html
2023-12,Consumo total,IFRS9_ETAPA_3,3.320000,porcentaje de saldos,banca comercial; incluye Sofomes ER subsidiarias de instituciones bancarias y grupos financieros; excluye CI Banco,gen2_banxico_imor_consumo_producto_mensual_2026t1_html
2024-01,Consumo total,IFRS9_ETAPA_3,3.320000,porcentaje de saldos,banca comercial; incluye Sofomes ER subsidiarias de instituciones bancarias y grupos financieros; excluye CI Banco,gen2_banxico_imor_consumo_producto_mensual_2026t1_html
2024-02,Consumo total,IFRS9_ETAPA_3,3.240000,porcentaje de saldos,banca comercial; incluye Sofomes ER subsidiarias de instituciones bancarias y grupos financieros; excluye CI Banco,gen2_banxico_imor_consumo_producto_mensual_2026t1_html
2024-03,Consumo total,IFRS9_ETAPA_3,3.070000,porcentaje de saldos,banca comercial; incluye Sofomes ER subsidiarias de instituciones bancarias y grupos financieros; excluye CI Banco,gen2_banxico_imor_consumo_producto_mensual_2026t1_html
2024-04,Consumo total,IFRS9_ETAPA_3,2.970000,porcentaje de saldos,banca comercial; incluye Sofomes ER subsidiarias de instituciones bancarias y grupos financieros; excluye CI Banco,gen2_banxico_imor_consumo_producto_mensual_2026t1_html
2024-05,Consumo total,IFRS9_ETAPA_3,2.950000,porcentaje de saldos,banca comercial; incluye Sofomes ER subsidiarias de instituciones bancarias y grupos financieros; excluye CI Banco,gen2_banxico_imor_consumo_producto_mensual_2026t1_html
2024-06,Consumo total,IFRS9_ETAPA_3,2.950000,porcentaje de saldos,banca comercial; incluye Sofomes ER subsidiarias de instituciones bancarias y grupos financieros; excluye CI Banco,gen2_banxico_imor_consumo_producto_mensual_2026t1_html
2024-07,Consumo total,IFRS9_ETAPA_3,2.970000,porcentaje de saldos,banca comercial; incluye Sofomes ER subsidiarias de instituciones bancarias y grupos financieros; excluye CI Banco,gen2_banxico_imor_consumo_producto_mensual_2026t1_html
2024-08,Consumo total,IFRS9_ETAPA_3,2.970000,porcentaje de saldos,banca comercial; incluye Sofomes ER subsidiarias de instituciones bancarias y grupos financieros; excluye CI Banco,gen2_banxico_imor_consumo_producto_mensual_2026t1_html
2024-09,Consumo total,IFRS9_ETAPA_3,3.070000,porcentaje de saldos,banca comercial; incluye Sofomes ER subsidiarias de instituciones bancarias y grupos financieros; excluye CI Banco,gen2_banxico_imor_consumo_producto_mensual_2026t1_html
2024-10,Consumo total,IFRS9_ETAPA_3,3.100000,porcentaje de saldos,banca comercial; incluye Sofomes ER subsidiarias de instituciones bancarias y grupos financieros; excluye CI Banco,gen2_banxico_imor_consumo_producto_mensual_2026t1_html
2024-11,Consumo total,IFRS9_ETAPA_3,3.030000,porcentaje de saldos,banca comercial; incluye Sofomes ER subsidiarias de instituciones bancarias y grupos financieros; excluye CI Banco,gen2_banxico_imor_consumo_producto_mensual_2026t1_html
2024-12,Consumo total,IFRS9_ETAPA_3,3.100000,porcentaje de saldos,banca comercial; incluye Sofomes ER subsidiarias de instituciones bancarias y grupos financieros; excluye CI Banco,gen2_banxico_imor_consumo_producto_mensual_2026t1_html
2025-01,Consumo total,IFRS9_ETAPA_3,3.110000,porcentaje de saldos,banca comercial; incluye Sofomes ER subsidiarias de instituciones bancarias y grupos financieros; excluye CI Banco,gen2_banxico_imor_consumo_producto_mensual_2026t1_html
2025-02,Consumo total,IFRS9_ETAPA_3,3.080000,porcentaje de saldos,banca comercial; incluye Sofomes ER subsidiarias de instituciones bancarias y grupos financieros; excluye CI Banco,gen2_banxico_imor_consumo_producto_mensual_2026t1_html
2025-03,Consumo total,IFRS9_ETAPA_3,2.880000,porcentaje de saldos,banca comercial; incluye Sofomes ER subsidiarias de instituciones bancarias y grupos financieros; excluye CI Banco,gen2_banxico_imor_consumo_producto_mensual_2026t1_html
2025-04,Consumo total,IFRS9_ETAPA_3,2.930000,porcentaje de saldos,banca comercial; incluye Sofomes ER subsidiarias de instituciones bancarias y grupos financieros; excluye CI Banco,gen2_banxico_imor_consumo_producto_mensual_2026t1_html
2025-05,Consumo total,IFRS9_ETAPA_3,3.000000,porcentaje de saldos,banca comercial; incluye Sofomes ER subsidiarias de instituciones bancarias y grupos financieros; excluye CI Banco,gen2_banxico_imor_consumo_producto_mensual_2026t1_html
2025-06,Consumo total,IFRS9_ETAPA_3,3.010000,porcentaje de saldos,banca comercial; incluye Sofomes ER subsidiarias de instituciones bancarias y grupos financieros; excluye CI Banco,gen2_banxico_imor_consumo_producto_mensual_2026t1_html
2025-07,Consumo total,IFRS9_ETAPA_3,3.010000,porcentaje de saldos,banca comercial; incluye Sofomes ER subsidiarias de instituciones bancarias y grupos financieros; excluye CI Banco,gen2_banxico_imor_consumo_producto_mensual_2026t1_html
2025-08,Consumo total,IFRS9_ETAPA_3,2.980000,porcentaje de saldos,banca comercial; incluye Sofomes ER subsidiarias de instituciones bancarias y grupos financieros; excluye CI Banco,gen2_banxico_imor_consumo_producto_mensual_2026t1_html
2025-09,Consumo total,IFRS9_ETAPA_3,3.050000,porcentaje de saldos,banca comercial; incluye Sofomes ER subsidiarias de instituciones bancarias y grupos financieros; excluye CI Banco,gen2_banxico_imor_consumo_producto_mensual_2026t1_html
2025-10,Consumo total,IFRS9_ETAPA_3,3.180000,porcentaje de saldos,banca comercial; incluye Sofomes ER subsidiarias de instituciones bancarias y grupos financieros; excluye CI Banco,gen2_banxico_imor_consumo_producto_mensual_2026t1_html
2025-11,Consumo total,IFRS9_ETAPA_3,3.230000,porcentaje de saldos,banca comercial; incluye Sofomes ER subsidiarias de instituciones bancarias y grupos financieros; excluye CI Banco,gen2_banxico_imor_consumo_producto_mensual_2026t1_html
2025-12,Consumo total,IFRS9_ETAPA_3,3.390000,porcentaje de saldos,banca comercial; incluye Sofomes ER subsidiarias de instituciones bancarias y grupos financieros; excluye CI Banco,gen2_banxico_imor_consumo_producto_mensual_2026t1_html
2026-01,Consumo total,IFRS9_ETAPA_3,3.390000,porcentaje de saldos,banca comercial; incluye Sofomes ER subsidiarias de instituciones bancarias y grupos financieros; excluye CI Banco,gen2_banxico_imor_consumo_producto_mensual_2026t1_html
2026-02,Consumo total,IFRS9_ETAPA_3,3.340000,porcentaje de saldos,banca comercial; incluye Sofomes ER subsidiarias de instituciones bancarias y grupos financieros; excluye CI Banco,gen2_banxico_imor_consumo_producto_mensual_2026t1_html
2026-03,Consumo total,IFRS9_ETAPA_3,3.260000,porcentaje de saldos,banca comercial; incluye Sofomes ER subsidiarias de instituciones bancarias y grupos financieros; excluye CI Banco,gen2_banxico_imor_consumo_producto_mensual_2026t1_html
2016-01,Tarjetas de crédito,PRE_IFRS9_CARTERA_VENCIDA,4.900000,porcentaje de saldos,banca comercial; incluye Sofomes ER subsidiarias de instituciones bancarias y grupos financieros; excluye CI Banco,gen2_banxico_imor_consumo_producto_mensual_2026t1_html
2016-02,Tarjetas de crédito,PRE_IFRS9_CARTERA_VENCIDA,4.940000,porcentaje de saldos,banca comercial; incluye Sofomes ER subsidiarias de instituciones bancarias y grupos financieros; excluye CI Banco,gen2_banxico_imor_consumo_producto_mensual_2026t1_html
2016-03,Tarjetas de crédito,PRE_IFRS9_CARTERA_VENCIDA,4.920000,porcentaje de saldos,banca comercial; incluye Sofomes ER subsidiarias de instituciones bancarias y grupos financieros; excluye CI Banco,gen2_banxico_imor_consumo_producto_mensual_2026t1_html
2016-04,Tarjetas de crédito,PRE_IFRS9_CARTERA_VENCIDA,5.080000,porcentaje de saldos,banca comercial; incluye Sofomes ER subsidiarias de instituciones bancarias y grupos financieros; excluye CI Banco,gen2_banxico_imor_consumo_producto_mensual_2026t1_html
2016-05,Tarjetas de crédito,PRE_IFRS9_CARTERA_VENCIDA,5.170000,porcentaje de saldos,banca comercial; incluye Sofomes ER subsidiarias de instituciones bancarias y grupos financieros; excluye CI Banco,gen2_banxico_imor_consumo_producto_mensual_2026t1_html
2016-06,Tarjetas de crédito,PRE_IFRS9_CARTERA_VENCIDA,5.010000,porcentaje de saldos,banca comercial; incluye Sofomes ER subsidiarias de instituciones bancarias y grupos financieros; excluye CI Banco,gen2_banxico_imor_consumo_producto_mensual_2026t1_html
2016-07,Tarjetas de crédito,PRE_IFRS9_CARTERA_VENCIDA,5.130000,porcentaje de saldos,banca comercial; incluye Sofomes ER subsidiarias de instituciones bancarias y grupos financieros; excluye CI Banco,gen2_banxico_imor_consumo_producto_mensual_2026t1_html
2016-08,Tarjetas de crédito,PRE_IFRS9_CARTERA_VENCIDA,5.070000,porcentaje de saldos,banca comercial; incluye Sofomes ER subsidiarias de instituciones bancarias y grupos financieros; excluye CI Banco,gen2_banxico_imor_consumo_producto_mensual_2026t1_html
2016-09,Tarjetas de crédito,PRE_IFRS9_CARTERA_VENCIDA,5.120000,porcentaje de saldos,banca comercial; incluye Sofomes ER subsidiarias de instituciones bancarias y grupos financieros; excluye CI Banco,gen2_banxico_imor_consumo_producto_mensual_2026t1_html
2016-10,Tarjetas de crédito,PRE_IFRS9_CARTERA_VENCIDA,5.240000,porcentaje de saldos,banca comercial; incluye Sofomes ER subsidiarias de instituciones bancarias y grupos financieros; excluye CI Banco,gen2_banxico_imor_consumo_producto_mensual_2026t1_html
2016-11,Tarjetas de crédito,PRE_IFRS9_CARTERA_VENCIDA,5.130000,porcentaje de saldos,banca comercial; incluye Sofomes ER subsidiarias de instituciones bancarias y grupos financieros; excluye CI Banco,gen2_banxico_imor_consumo_producto_mensual_2026t1_html
2016-12,Tarjetas de crédito,PRE_IFRS9_CARTERA_VENCIDA,4.920000,porcentaje de saldos,banca comercial; incluye Sofomes ER subsidiarias de instituciones bancarias y grupos financieros; excluye CI Banco,gen2_banxico_imor_consumo_producto_mensual_2026t1_html
2017-01,Tarjetas de crédito,PRE_IFRS9_CARTERA_VENCIDA,4.930000,porcentaje de saldos,banca comercial; incluye Sofomes ER subsidiarias de instituciones bancarias y grupos financieros; excluye CI Banco,gen2_banxico_imor_consumo_producto_mensual_2026t1_html
2017-02,Tarjetas de crédito,PRE_IFRS9_CARTERA_VENCIDA,5.090000,porcentaje de saldos,banca comercial; incluye Sofomes ER subsidiarias de instituciones bancarias y grupos financieros; excluye CI Banco,gen2_banxico_imor_consumo_producto_mensual_2026t1_html
2017-03,Tarjetas de crédito,PRE_IFRS9_CARTERA_VENCIDA,5.190000,porcentaje de saldos,banca comercial; incluye Sofomes ER subsidiarias de instituciones bancarias y grupos financieros; excluye CI Banco,gen2_banxico_imor_consumo_producto_mensual_2026t1_html
2017-04,Tarjetas de crédito,PRE_IFRS9_CARTERA_VENCIDA,5.050000,porcentaje de saldos,banca comercial; incluye Sofomes ER subsidiarias de instituciones bancarias y grupos financieros; excluye CI Banco,gen2_banxico_imor_consumo_producto_mensual_2026t1_html
2017-05,Tarjetas de crédito,PRE_IFRS9_CARTERA_VENCIDA,5.290000,porcentaje de saldos,banca comercial; incluye Sofomes ER subsidiarias de instituciones bancarias y grupos financieros; excluye CI Banco,gen2_banxico_imor_consumo_producto_mensual_2026t1_html
2017-06,Tarjetas de crédito,PRE_IFRS9_CARTERA_VENCIDA,5.350000,porcentaje de saldos,banca comercial; incluye Sofomes ER subsidiarias de instituciones bancarias y grupos financieros; excluye CI Banco,gen2_banxico_imor_consumo_producto_mensual_2026t1_html
2017-07,Tarjetas de crédito,PRE_IFRS9_CARTERA_VENCIDA,5.400000,porcentaje de saldos,banca comercial; incluye Sofomes ER subsidiarias de instituciones bancarias y grupos financieros; excluye CI Banco,gen2_banxico_imor_consumo_producto_mensual_2026t1_html
2017-08,Tarjetas de crédito,PRE_IFRS9_CARTERA_VENCIDA,5.460000,porcentaje de saldos,banca comercial; incluye Sofomes ER subsidiarias de instituciones bancarias y grupos financieros; excluye CI Banco,gen2_banxico_imor_consumo_producto_mensual_2026t1_html
2017-09,Tarjetas de crédito,PRE_IFRS9_CARTERA_VENCIDA,5.530000,porcentaje de saldos,banca comercial; incluye Sofomes ER subsidiarias de instituciones bancarias y grupos financieros; excluye CI Banco,gen2_banxico_imor_consumo_producto_mensual_2026t1_html
2017-10,Tarjetas de crédito,PRE_IFRS9_CARTERA_VENCIDA,5.750000,porcentaje de saldos,banca comercial; incluye Sofomes ER subsidiarias de instituciones bancarias y grupos financieros; excluye CI Banco,gen2_banxico_imor_consumo_producto_mensual_2026t1_html
2017-11,Tarjetas de crédito,PRE_IFRS9_CARTERA_VENCIDA,5.520000,porcentaje de saldos,banca comercial; incluye Sofomes ER subsidiarias de instituciones bancarias y grupos financieros; excluye CI Banco,gen2_banxico_imor_consumo_producto_mensual_2026t1_html
2017-12,Tarjetas de crédito,PRE_IFRS9_CARTERA_VENCIDA,5.320000,porcentaje de saldos,banca comercial; incluye Sofomes ER subsidiarias de instituciones bancarias y grupos financieros; excluye CI Banco,gen2_banxico_imor_consumo_producto_mensual_2026t1_html
2018-01,Tarjetas de crédito,PRE_IFRS9_CARTERA_VENCIDA,5.290000,porcentaje de saldos,banca comercial; incluye Sofomes ER subsidiarias de instituciones bancarias y grupos financieros; excluye CI Banco,gen2_banxico_imor_consumo_producto_mensual_2026t1_html
2018-02,Tarjetas de crédito,PRE_IFRS9_CARTERA_VENCIDA,5.370000,porcentaje de saldos,banca comercial; incluye Sofomes ER subsidiarias de instituciones bancarias y grupos financieros; excluye CI Banco,gen2_banxico_imor_consumo_producto_mensual_2026t1_html
2018-03,Tarjetas de crédito,PRE_IFRS9_CARTERA_VENCIDA,5.290000,porcentaje de saldos,banca comercial; incluye Sofomes ER subsidiarias de instituciones bancarias y grupos financieros; excluye CI Banco,gen2_banxico_imor_consumo_producto_mensual_2026t1_html
2018-04,Tarjetas de crédito,PRE_IFRS9_CARTERA_VENCIDA,5.290000,porcentaje de saldos,banca comercial; incluye Sofomes ER subsidiarias de instituciones bancarias y grupos financieros; excluye CI Banco,gen2_banxico_imor_consumo_producto_mensual_2026t1_html
2018-05,Tarjetas de crédito,PRE_IFRS9_CARTERA_VENCIDA,5.360000,porcentaje de saldos,banca comercial; incluye Sofomes ER subsidiarias de instituciones bancarias y grupos financieros; excluye CI Banco,gen2_banxico_imor_consumo_producto_mensual_2026t1_html
2018-06,Tarjetas de crédito,PRE_IFRS9_CARTERA_VENCIDA,5.340000,porcentaje de saldos,banca comercial; incluye Sofomes ER subsidiarias de instituciones bancarias y grupos financieros; excluye CI Banco,gen2_banxico_imor_consumo_producto_mensual_2026t1_html
2018-07,Tarjetas de crédito,PRE_IFRS9_CARTERA_VENCIDA,5.360000,porcentaje de saldos,banca comercial; incluye Sofomes ER subsidiarias de instituciones bancarias y grupos financieros; excluye CI Banco,gen2_banxico_imor_consumo_producto_mensual_2026t1_html
2018-08,Tarjetas de crédito,PRE_IFRS9_CARTERA_VENCIDA,5.320000,porcentaje de saldos,banca comercial; incluye Sofomes ER subsidiarias de instituciones bancarias y grupos financieros; excluye CI Banco,gen2_banxico_imor_consumo_producto_mensual_2026t1_html
2018-09,Tarjetas de crédito,PRE_IFRS9_CARTERA_VENCIDA,5.350000,porcentaje de saldos,banca comercial; incluye Sofomes ER subsidiarias de instituciones bancarias y grupos financieros; excluye CI Banco,gen2_banxico_imor_consumo_producto_mensual_2026t1_html
2018-10,Tarjetas de crédito,PRE_IFRS9_CARTERA_VENCIDA,5.420000,porcentaje de saldos,banca comercial; incluye Sofomes ER subsidiarias de instituciones bancarias y grupos financieros; excluye CI Banco,gen2_banxico_imor_consumo_producto_mensual_2026t1_html
2018-11,Tarjetas de crédito,PRE_IFRS9_CARTERA_VENCIDA,5.250000,porcentaje de saldos,banca comercial; incluye Sofomes ER subsidiarias de instituciones bancarias y grupos financieros; excluye CI Banco,gen2_banxico_imor_consumo_producto_mensual_2026t1_html
2018-12,Tarjetas de crédito,PRE_IFRS9_CARTERA_VENCIDA,5.090000,porcentaje de saldos,banca comercial; incluye Sofomes ER subsidiarias de instituciones bancarias y grupos financieros; excluye CI Banco,gen2_banxico_imor_consumo_producto_mensual_2026t1_html
2019-01,Tarjetas de crédito,PRE_IFRS9_CARTERA_VENCIDA,5.040000,porcentaje de saldos,banca comercial; incluye Sofomes ER subsidiarias de instituciones bancarias y grupos financieros; excluye CI Banco,gen2_banxico_imor_consumo_producto_mensual_2026t1_html
2019-02,Tarjetas de crédito,PRE_IFRS9_CARTERA_VENCIDA,5.290000,porcentaje de saldos,banca comercial; incluye Sofomes ER subsidiarias de instituciones bancarias y grupos financieros; excluye CI Banco,gen2_banxico_imor_consumo_producto_mensual_2026t1_html
2019-03,Tarjetas de crédito,PRE_IFRS9_CARTERA_VENCIDA,5.300000,porcentaje de saldos,banca comercial; incluye Sofomes ER subsidiarias de instituciones bancarias y grupos financieros; excluye CI Banco,gen2_banxico_imor_consumo_producto_mensual_2026t1_html
2019-04,Tarjetas de crédito,PRE_IFRS9_CARTERA_VENCIDA,5.360000,porcentaje de saldos,banca comercial; incluye Sofomes ER subsidiarias de instituciones bancarias y grupos financieros; excluye CI Banco,gen2_banxico_imor_consumo_producto_mensual_2026t1_html
2019-05,Tarjetas de crédito,PRE_IFRS9_CARTERA_VENCIDA,5.330000,porcentaje de saldos,banca comercial; incluye Sofomes ER subsidiarias de instituciones bancarias y grupos financieros; excluye CI Banco,gen2_banxico_imor_consumo_producto_mensual_2026t1_html
2019-06,Tarjetas de crédito,PRE_IFRS9_CARTERA_VENCIDA,5.230000,porcentaje de saldos,banca comercial; incluye Sofomes ER subsidiarias de instituciones bancarias y grupos financieros; excluye CI Banco,gen2_banxico_imor_consumo_producto_mensual_2026t1_html
2019-07,Tarjetas de crédito,PRE_IFRS9_CARTERA_VENCIDA,5.190000,porcentaje de saldos,banca comercial; incluye Sofomes ER subsidiarias de instituciones bancarias y grupos financieros; excluye CI Banco,gen2_banxico_imor_consumo_producto_mensual_2026t1_html
2019-08,Tarjetas de crédito,PRE_IFRS9_CARTERA_VENCIDA,5.110000,porcentaje de saldos,banca comercial; incluye Sofomes ER subsidiarias de instituciones bancarias y grupos financieros; excluye CI Banco,gen2_banxico_imor_consumo_producto_mensual_2026t1_html
2019-09,Tarjetas de crédito,PRE_IFRS9_CARTERA_VENCIDA,5.160000,porcentaje de saldos,banca comercial; incluye Sofomes ER subsidiarias de instituciones bancarias y grupos financieros; excluye CI Banco,gen2_banxico_imor_consumo_producto_mensual_2026t1_html
2019-10,Tarjetas de crédito,PRE_IFRS9_CARTERA_VENCIDA,5.240000,porcentaje de saldos,banca comercial; incluye Sofomes ER subsidiarias de instituciones bancarias y grupos financieros; excluye CI Banco,gen2_banxico_imor_consumo_producto_mensual_2026t1_html
2019-11,Tarjetas de crédito,PRE_IFRS9_CARTERA_VENCIDA,5.010000,porcentaje de saldos,banca comercial; incluye Sofomes ER subsidiarias de instituciones bancarias y grupos financieros; excluye CI Banco,gen2_banxico_imor_consumo_producto_mensual_2026t1_html
2019-12,Tarjetas de crédito,PRE_IFRS9_CARTERA_VENCIDA,4.850000,porcentaje de saldos,banca comercial; incluye Sofomes ER subsidiarias de instituciones bancarias y grupos financieros; excluye CI Banco,gen2_banxico_imor_consumo_producto_mensual_2026t1_html
2020-01,Tarjetas de crédito,PRE_IFRS9_CARTERA_VENCIDA,4.850000,porcentaje de saldos,banca comercial; incluye Sofomes ER subsidiarias de instituciones bancarias y grupos financieros; excluye CI Banco,gen2_banxico_imor_consumo_producto_mensual_2026t1_html
2020-02,Tarjetas de crédito,PRE_IFRS9_CARTERA_VENCIDA,4.920000,porcentaje de saldos,banca comercial; incluye Sofomes ER subsidiarias de instituciones bancarias y grupos financieros; excluye CI Banco,gen2_banxico_imor_consumo_producto_mensual_2026t1_html
2020-03,Tarjetas de crédito,PRE_IFRS9_CARTERA_VENCIDA,5.110000,porcentaje de saldos,banca comercial; incluye Sofomes ER subsidiarias de instituciones bancarias y grupos financieros; excluye CI Banco,gen2_banxico_imor_consumo_producto_mensual_2026t1_html
2020-04,Tarjetas de crédito,PRE_IFRS9_CARTERA_VENCIDA,5.550000,porcentaje de saldos,banca comercial; incluye Sofomes ER subsidiarias de instituciones bancarias y grupos financieros; excluye CI Banco,gen2_banxico_imor_consumo_producto_mensual_2026t1_html
2020-05,Tarjetas de crédito,PRE_IFRS9_CARTERA_VENCIDA,5.710000,porcentaje de saldos,banca comercial; incluye Sofomes ER subsidiarias de instituciones bancarias y grupos financieros; excluye CI Banco,gen2_banxico_imor_consumo_producto_mensual_2026t1_html
2020-06,Tarjetas de crédito,PRE_IFRS9_CARTERA_VENCIDA,5.340000,porcentaje de saldos,banca comercial; incluye Sofomes ER subsidiarias de instituciones bancarias y grupos financieros; excluye CI Banco,gen2_banxico_imor_consumo_producto_mensual_2026t1_html
2020-07,Tarjetas de crédito,PRE_IFRS9_CARTERA_VENCIDA,4.710000,porcentaje de saldos,banca comercial; incluye Sofomes ER subsidiarias de instituciones bancarias y grupos financieros; excluye CI Banco,gen2_banxico_imor_consumo_producto_mensual_2026t1_html
2020-08,Tarjetas de crédito,PRE_IFRS9_CARTERA_VENCIDA,3.980000,porcentaje de saldos,banca comercial; incluye Sofomes ER subsidiarias de instituciones bancarias y grupos financieros; excluye CI Banco,gen2_banxico_imor_consumo_producto_mensual_2026t1_html
2020-09,Tarjetas de crédito,PRE_IFRS9_CARTERA_VENCIDA,3.910000,porcentaje de saldos,banca comercial; incluye Sofomes ER subsidiarias de instituciones bancarias y grupos financieros; excluye CI Banco,gen2_banxico_imor_consumo_producto_mensual_2026t1_html
2020-10,Tarjetas de crédito,PRE_IFRS9_CARTERA_VENCIDA,4.880000,porcentaje de saldos,banca comercial; incluye Sofomes ER subsidiarias de instituciones bancarias y grupos financieros; excluye CI Banco,gen2_banxico_imor_consumo_producto_mensual_2026t1_html
2020-11,Tarjetas de crédito,PRE_IFRS9_CARTERA_VENCIDA,6.300000,porcentaje de saldos,banca comercial; incluye Sofomes ER subsidiarias de instituciones bancarias y grupos financieros; excluye CI Banco,gen2_banxico_imor_consumo_producto_mensual_2026t1_html
2020-12,Tarjetas de crédito,PRE_IFRS9_CARTERA_VENCIDA,6.920000,porcentaje de saldos,banca comercial; incluye Sofomes ER subsidiarias de instituciones bancarias y grupos financieros; excluye CI Banco,gen2_banxico_imor_consumo_producto_mensual_2026t1_html
2021-01,Tarjetas de crédito,PRE_IFRS9_CARTERA_VENCIDA,7.490000,porcentaje de saldos,banca comercial; incluye Sofomes ER subsidiarias de instituciones bancarias y grupos financieros; excluye CI Banco,gen2_banxico_imor_consumo_producto_mensual_2026t1_html
2021-02,Tarjetas de crédito,PRE_IFRS9_CARTERA_VENCIDA,7.040000,porcentaje de saldos,banca comercial; incluye Sofomes ER subsidiarias de instituciones bancarias y grupos financieros; excluye CI Banco,gen2_banxico_imor_consumo_producto_mensual_2026t1_html
2021-03,Tarjetas de crédito,PRE_IFRS9_CARTERA_VENCIDA,6.060000,porcentaje de saldos,banca comercial; incluye Sofomes ER subsidiarias de instituciones bancarias y grupos financieros; excluye CI Banco,gen2_banxico_imor_consumo_producto_mensual_2026t1_html
2021-04,Tarjetas de crédito,PRE_IFRS9_CARTERA_VENCIDA,5.570000,porcentaje de saldos,banca comercial; incluye Sofomes ER subsidiarias de instituciones bancarias y grupos financieros; excluye CI Banco,gen2_banxico_imor_consumo_producto_mensual_2026t1_html
2021-05,Tarjetas de crédito,PRE_IFRS9_CARTERA_VENCIDA,5.040000,porcentaje de saldos,banca comercial; incluye Sofomes ER subsidiarias de instituciones bancarias y grupos financieros; excluye CI Banco,gen2_banxico_imor_consumo_producto_mensual_2026t1_html
2021-06,Tarjetas de crédito,PRE_IFRS9_CARTERA_VENCIDA,4.530000,porcentaje de saldos,banca comercial; incluye Sofomes ER subsidiarias de instituciones bancarias y grupos financieros; excluye CI Banco,gen2_banxico_imor_consumo_producto_mensual_2026t1_html
2021-07,Tarjetas de crédito,PRE_IFRS9_CARTERA_VENCIDA,4.060000,porcentaje de saldos,banca comercial; incluye Sofomes ER subsidiarias de instituciones bancarias y grupos financieros; excluye CI Banco,gen2_banxico_imor_consumo_producto_mensual_2026t1_html
2021-08,Tarjetas de crédito,PRE_IFRS9_CARTERA_VENCIDA,3.840000,porcentaje de saldos,banca comercial; incluye Sofomes ER subsidiarias de instituciones bancarias y grupos financieros; excluye CI Banco,gen2_banxico_imor_consumo_producto_mensual_2026t1_html
2021-09,Tarjetas de crédito,PRE_IFRS9_CARTERA_VENCIDA,3.660000,porcentaje de saldos,banca comercial; incluye Sofomes ER subsidiarias de instituciones bancarias y grupos financieros; excluye CI Banco,gen2_banxico_imor_consumo_producto_mensual_2026t1_html
2021-10,Tarjetas de crédito,PRE_IFRS9_CARTERA_VENCIDA,3.600000,porcentaje de saldos,banca comercial; incluye Sofomes ER subsidiarias de instituciones bancarias y grupos financieros; excluye CI Banco,gen2_banxico_imor_consumo_producto_mensual_2026t1_html
2021-11,Tarjetas de crédito,PRE_IFRS9_CARTERA_VENCIDA,3.300000,porcentaje de saldos,banca comercial; incluye Sofomes ER subsidiarias de instituciones bancarias y grupos financieros; excluye CI Banco,gen2_banxico_imor_consumo_producto_mensual_2026t1_html
2021-12,Tarjetas de crédito,PRE_IFRS9_CARTERA_VENCIDA,3.280000,porcentaje de saldos,banca comercial; incluye Sofomes ER subsidiarias de instituciones bancarias y grupos financieros; excluye CI Banco,gen2_banxico_imor_consumo_producto_mensual_2026t1_html
2022-01,Tarjetas de crédito,IFRS9_ETAPA_3,2.510000,porcentaje de saldos,banca comercial; incluye Sofomes ER subsidiarias de instituciones bancarias y grupos financieros; excluye CI Banco,gen2_banxico_imor_consumo_producto_mensual_2026t1_html
2022-02,Tarjetas de crédito,IFRS9_ETAPA_3,2.650000,porcentaje de saldos,banca comercial; incluye Sofomes ER subsidiarias de instituciones bancarias y grupos financieros; excluye CI Banco,gen2_banxico_imor_consumo_producto_mensual_2026t1_html
2022-03,Tarjetas de crédito,IFRS9_ETAPA_3,2.670000,porcentaje de saldos,banca comercial; incluye Sofomes ER subsidiarias de instituciones bancarias y grupos financieros; excluye CI Banco,gen2_banxico_imor_consumo_producto_mensual_2026t1_html
2022-04,Tarjetas de crédito,IFRS9_ETAPA_3,2.700000,porcentaje de saldos,banca comercial; incluye Sofomes ER subsidiarias de instituciones bancarias y grupos financieros; excluye CI Banco,gen2_banxico_imor_consumo_producto_mensual_2026t1_html
2022-05,Tarjetas de crédito,IFRS9_ETAPA_3,2.850000,porcentaje de saldos,banca comercial; incluye Sofomes ER subsidiarias de instituciones bancarias y grupos financieros; excluye CI Banco,gen2_banxico_imor_consumo_producto_mensual_2026t1_html
2022-06,Tarjetas de crédito,IFRS9_ETAPA_3,2.550000,porcentaje de saldos,banca comercial; incluye Sofomes ER subsidiarias de instituciones bancarias y grupos financieros; excluye CI Banco,gen2_banxico_imor_consumo_producto_mensual_2026t1_html
2022-07,Tarjetas de crédito,IFRS9_ETAPA_3,2.570000,porcentaje de saldos,banca comercial; incluye Sofomes ER subsidiarias de instituciones bancarias y grupos financieros; excluye CI Banco,gen2_banxico_imor_consumo_producto_mensual_2026t1_html
2022-08,Tarjetas de crédito,IFRS9_ETAPA_3,2.600000,porcentaje de saldos,banca comercial; incluye Sofomes ER subsidiarias de instituciones bancarias y grupos financieros; excluye CI Banco,gen2_banxico_imor_consumo_producto_mensual_2026t1_html
2022-09,Tarjetas de crédito,IFRS9_ETAPA_3,2.580000,porcentaje de saldos,banca comercial; incluye Sofomes ER subsidiarias de instituciones bancarias y grupos financieros; excluye CI Banco,gen2_banxico_imor_consumo_producto_mensual_2026t1_html
2022-10,Tarjetas de crédito,IFRS9_ETAPA_3,2.670000,porcentaje de saldos,banca comercial; incluye Sofomes ER subsidiarias de instituciones bancarias y grupos financieros; excluye CI Banco,gen2_banxico_imor_consumo_producto_mensual_2026t1_html
2022-11,Tarjetas de crédito,IFRS9_ETAPA_3,2.570000,porcentaje de saldos,banca comercial; incluye Sofomes ER subsidiarias de instituciones bancarias y grupos financieros; excluye CI Banco,gen2_banxico_imor_consumo_producto_mensual_2026t1_html
2022-12,Tarjetas de crédito,IFRS9_ETAPA_3,2.610000,porcentaje de saldos,banca comercial; incluye Sofomes ER subsidiarias de instituciones bancarias y grupos financieros; excluye CI Banco,gen2_banxico_imor_consumo_producto_mensual_2026t1_html
2023-01,Tarjetas de crédito,IFRS9_ETAPA_3,2.730000,porcentaje de saldos,banca comercial; incluye Sofomes ER subsidiarias de instituciones bancarias y grupos financieros; excluye CI Banco,gen2_banxico_imor_consumo_producto_mensual_2026t1_html
2023-02,Tarjetas de crédito,IFRS9_ETAPA_3,2.760000,porcentaje de saldos,banca comercial; incluye Sofomes ER subsidiarias de instituciones bancarias y grupos financieros; excluye CI Banco,gen2_banxico_imor_consumo_producto_mensual_2026t1_html
2023-03,Tarjetas de crédito,IFRS9_ETAPA_3,2.810000,porcentaje de saldos,banca comercial; incluye Sofomes ER subsidiarias de instituciones bancarias y grupos financieros; excluye CI Banco,gen2_banxico_imor_consumo_producto_mensual_2026t1_html
2023-04,Tarjetas de crédito,IFRS9_ETAPA_3,2.840000,porcentaje de saldos,banca comercial; incluye Sofomes ER subsidiarias de instituciones bancarias y grupos financieros; excluye CI Banco,gen2_banxico_imor_consumo_producto_mensual_2026t1_html
2023-05,Tarjetas de crédito,IFRS9_ETAPA_3,3.010000,porcentaje de saldos,banca comercial; incluye Sofomes ER subsidiarias de instituciones bancarias y grupos financieros; excluye CI Banco,gen2_banxico_imor_consumo_producto_mensual_2026t1_html
2023-06,Tarjetas de crédito,IFRS9_ETAPA_3,3.040000,porcentaje de saldos,banca comercial; incluye Sofomes ER subsidiarias de instituciones bancarias y grupos financieros; excluye CI Banco,gen2_banxico_imor_consumo_producto_mensual_2026t1_html
2023-07,Tarjetas de crédito,IFRS9_ETAPA_3,3.170000,porcentaje de saldos,banca comercial; incluye Sofomes ER subsidiarias de instituciones bancarias y grupos financieros; excluye CI Banco,gen2_banxico_imor_consumo_producto_mensual_2026t1_html
2023-08,Tarjetas de crédito,IFRS9_ETAPA_3,3.230000,porcentaje de saldos,banca comercial; incluye Sofomes ER subsidiarias de instituciones bancarias y grupos financieros; excluye CI Banco,gen2_banxico_imor_consumo_producto_mensual_2026t1_html
2023-09,Tarjetas de crédito,IFRS9_ETAPA_3,3.310000,porcentaje de saldos,banca comercial; incluye Sofomes ER subsidiarias de instituciones bancarias y grupos financieros; excluye CI Banco,gen2_banxico_imor_consumo_producto_mensual_2026t1_html
2023-10,Tarjetas de crédito,IFRS9_ETAPA_3,3.460000,porcentaje de saldos,banca comercial; incluye Sofomes ER subsidiarias de instituciones bancarias y grupos financieros; excluye CI Banco,gen2_banxico_imor_consumo_producto_mensual_2026t1_html
2023-11,Tarjetas de crédito,IFRS9_ETAPA_3,3.340000,porcentaje de saldos,banca comercial; incluye Sofomes ER subsidiarias de instituciones bancarias y grupos financieros; excluye CI Banco,gen2_banxico_imor_consumo_producto_mensual_2026t1_html
2023-12,Tarjetas de crédito,IFRS9_ETAPA_3,3.550000,porcentaje de saldos,banca comercial; incluye Sofomes ER subsidiarias de instituciones bancarias y grupos financieros; excluye CI Banco,gen2_banxico_imor_consumo_producto_mensual_2026t1_html
2024-01,Tarjetas de crédito,IFRS9_ETAPA_3,3.600000,porcentaje de saldos,banca comercial; incluye Sofomes ER subsidiarias de instituciones bancarias y grupos financieros; excluye CI Banco,gen2_banxico_imor_consumo_producto_mensual_2026t1_html
2024-02,Tarjetas de crédito,IFRS9_ETAPA_3,3.510000,porcentaje de saldos,banca comercial; incluye Sofomes ER subsidiarias de instituciones bancarias y grupos financieros; excluye CI Banco,gen2_banxico_imor_consumo_producto_mensual_2026t1_html
2024-03,Tarjetas de crédito,IFRS9_ETAPA_3,3.390000,porcentaje de saldos,banca comercial; incluye Sofomes ER subsidiarias de instituciones bancarias y grupos financieros; excluye CI Banco,gen2_banxico_imor_consumo_producto_mensual_2026t1_html
2024-04,Tarjetas de crédito,IFRS9_ETAPA_3,3.330000,porcentaje de saldos,banca comercial; incluye Sofomes ER subsidiarias de instituciones bancarias y grupos financieros; excluye CI Banco,gen2_banxico_imor_consumo_producto_mensual_2026t1_html
2024-05,Tarjetas de crédito,IFRS9_ETAPA_3,3.320000,porcentaje de saldos,banca comercial; incluye Sofomes ER subsidiarias de instituciones bancarias y grupos financieros; excluye CI Banco,gen2_banxico_imor_consumo_producto_mensual_2026t1_html
2024-06,Tarjetas de crédito,IFRS9_ETAPA_3,3.310000,porcentaje de saldos,banca comercial; incluye Sofomes ER subsidiarias de instituciones bancarias y grupos financieros; excluye CI Banco,gen2_banxico_imor_consumo_producto_mensual_2026t1_html
2024-07,Tarjetas de crédito,IFRS9_ETAPA_3,3.380000,porcentaje de saldos,banca comercial; incluye Sofomes ER subsidiarias de instituciones bancarias y grupos financieros; excluye CI Banco,gen2_banxico_imor_consumo_producto_mensual_2026t1_html
2024-08,Tarjetas de crédito,IFRS9_ETAPA_3,3.400000,porcentaje de saldos,banca comercial; incluye Sofomes ER subsidiarias de instituciones bancarias y grupos financieros; excluye CI Banco,gen2_banxico_imor_consumo_producto_mensual_2026t1_html
2024-09,Tarjetas de crédito,IFRS9_ETAPA_3,3.470000,porcentaje de saldos,banca comercial; incluye Sofomes ER subsidiarias de instituciones bancarias y grupos financieros; excluye CI Banco,gen2_banxico_imor_consumo_producto_mensual_2026t1_html
2024-10,Tarjetas de crédito,IFRS9_ETAPA_3,3.540000,porcentaje de saldos,banca comercial; incluye Sofomes ER subsidiarias de instituciones bancarias y grupos financieros; excluye CI Banco,gen2_banxico_imor_consumo_producto_mensual_2026t1_html
2024-11,Tarjetas de crédito,IFRS9_ETAPA_3,3.340000,porcentaje de saldos,banca comercial; incluye Sofomes ER subsidiarias de instituciones bancarias y grupos financieros; excluye CI Banco,gen2_banxico_imor_consumo_producto_mensual_2026t1_html
2024-12,Tarjetas de crédito,IFRS9_ETAPA_3,3.420000,porcentaje de saldos,banca comercial; incluye Sofomes ER subsidiarias de instituciones bancarias y grupos financieros; excluye CI Banco,gen2_banxico_imor_consumo_producto_mensual_2026t1_html
2025-01,Tarjetas de crédito,IFRS9_ETAPA_3,3.400000,porcentaje de saldos,banca comercial; incluye Sofomes ER subsidiarias de instituciones bancarias y grupos financieros; excluye CI Banco,gen2_banxico_imor_consumo_producto_mensual_2026t1_html
2025-02,Tarjetas de crédito,IFRS9_ETAPA_3,3.320000,porcentaje de saldos,banca comercial; incluye Sofomes ER subsidiarias de instituciones bancarias y grupos financieros; excluye CI Banco,gen2_banxico_imor_consumo_producto_mensual_2026t1_html
2025-03,Tarjetas de crédito,IFRS9_ETAPA_3,2.970000,porcentaje de saldos,banca comercial; incluye Sofomes ER subsidiarias de instituciones bancarias y grupos financieros; excluye CI Banco,gen2_banxico_imor_consumo_producto_mensual_2026t1_html
2025-04,Tarjetas de crédito,IFRS9_ETAPA_3,3.220000,porcentaje de saldos,banca comercial; incluye Sofomes ER subsidiarias de instituciones bancarias y grupos financieros; excluye CI Banco,gen2_banxico_imor_consumo_producto_mensual_2026t1_html
2025-05,Tarjetas de crédito,IFRS9_ETAPA_3,3.310000,porcentaje de saldos,banca comercial; incluye Sofomes ER subsidiarias de instituciones bancarias y grupos financieros; excluye CI Banco,gen2_banxico_imor_consumo_producto_mensual_2026t1_html
2025-06,Tarjetas de crédito,IFRS9_ETAPA_3,3.300000,porcentaje de saldos,banca comercial; incluye Sofomes ER subsidiarias de instituciones bancarias y grupos financieros; excluye CI Banco,gen2_banxico_imor_consumo_producto_mensual_2026t1_html
2025-07,Tarjetas de crédito,IFRS9_ETAPA_3,3.270000,porcentaje de saldos,banca comercial; incluye Sofomes ER subsidiarias de instituciones bancarias y grupos financieros; excluye CI Banco,gen2_banxico_imor_consumo_producto_mensual_2026t1_html
2025-08,Tarjetas de crédito,IFRS9_ETAPA_3,3.230000,porcentaje de saldos,banca comercial; incluye Sofomes ER subsidiarias de instituciones bancarias y grupos financieros; excluye CI Banco,gen2_banxico_imor_consumo_producto_mensual_2026t1_html
2025-09,Tarjetas de crédito,IFRS9_ETAPA_3,3.250000,porcentaje de saldos,banca comercial; incluye Sofomes ER subsidiarias de instituciones bancarias y grupos financieros; excluye CI Banco,gen2_banxico_imor_consumo_producto_mensual_2026t1_html
2025-10,Tarjetas de crédito,IFRS9_ETAPA_3,3.320000,porcentaje de saldos,banca comercial; incluye Sofomes ER subsidiarias de instituciones bancarias y grupos financieros; excluye CI Banco,gen2_banxico_imor_consumo_producto_mensual_2026t1_html
2025-11,Tarjetas de crédito,IFRS9_ETAPA_3,3.200000,porcentaje de saldos,banca comercial; incluye Sofomes ER subsidiarias de instituciones bancarias y grupos financieros; excluye CI Banco,gen2_banxico_imor_consumo_producto_mensual_2026t1_html
2025-12,Tarjetas de crédito,IFRS9_ETAPA_3,3.440000,porcentaje de saldos,banca comercial; incluye Sofomes ER subsidiarias de instituciones bancarias y grupos financieros; excluye CI Banco,gen2_banxico_imor_consumo_producto_mensual_2026t1_html
2026-01,Tarjetas de crédito,IFRS9_ETAPA_3,3.430000,porcentaje de saldos,banca comercial; incluye Sofomes ER subsidiarias de instituciones bancarias y grupos financieros; excluye CI Banco,gen2_banxico_imor_consumo_producto_mensual_2026t1_html
2026-02,Tarjetas de crédito,IFRS9_ETAPA_3,3.380000,porcentaje de saldos,banca comercial; incluye Sofomes ER subsidiarias de instituciones bancarias y grupos financieros; excluye CI Banco,gen2_banxico_imor_consumo_producto_mensual_2026t1_html
2026-03,Tarjetas de crédito,IFRS9_ETAPA_3,3.350000,porcentaje de saldos,banca comercial; incluye Sofomes ER subsidiarias de instituciones bancarias y grupos financieros; excluye CI Banco,gen2_banxico_imor_consumo_producto_mensual_2026t1_html
2016-01,ABCD,PRE_IFRS9_CARTERA_VENCIDA,1.850000,porcentaje de saldos,banca comercial; incluye Sofomes ER subsidiarias de instituciones bancarias y grupos financieros; excluye CI Banco,gen2_banxico_imor_consumo_producto_mensual_2026t1_html
2016-02,ABCD,PRE_IFRS9_CARTERA_VENCIDA,1.780000,porcentaje de saldos,banca comercial; incluye Sofomes ER subsidiarias de instituciones bancarias y grupos financieros; excluye CI Banco,gen2_banxico_imor_consumo_producto_mensual_2026t1_html
2016-03,ABCD,PRE_IFRS9_CARTERA_VENCIDA,1.720000,porcentaje de saldos,banca comercial; incluye Sofomes ER subsidiarias de instituciones bancarias y grupos financieros; excluye CI Banco,gen2_banxico_imor_consumo_producto_mensual_2026t1_html
2016-04,ABCD,PRE_IFRS9_CARTERA_VENCIDA,1.700000,porcentaje de saldos,banca comercial; incluye Sofomes ER subsidiarias de instituciones bancarias y grupos financieros; excluye CI Banco,gen2_banxico_imor_consumo_producto_mensual_2026t1_html
2016-05,ABCD,PRE_IFRS9_CARTERA_VENCIDA,1.760000,porcentaje de saldos,banca comercial; incluye Sofomes ER subsidiarias de instituciones bancarias y grupos financieros; excluye CI Banco,gen2_banxico_imor_consumo_producto_mensual_2026t1_html
2016-06,ABCD,PRE_IFRS9_CARTERA_VENCIDA,1.710000,porcentaje de saldos,banca comercial; incluye Sofomes ER subsidiarias de instituciones bancarias y grupos financieros; excluye CI Banco,gen2_banxico_imor_consumo_producto_mensual_2026t1_html
2016-07,ABCD,PRE_IFRS9_CARTERA_VENCIDA,1.740000,porcentaje de saldos,banca comercial; incluye Sofomes ER subsidiarias de instituciones bancarias y grupos financieros; excluye CI Banco,gen2_banxico_imor_consumo_producto_mensual_2026t1_html
2016-08,ABCD,PRE_IFRS9_CARTERA_VENCIDA,1.760000,porcentaje de saldos,banca comercial; incluye Sofomes ER subsidiarias de instituciones bancarias y grupos financieros; excluye CI Banco,gen2_banxico_imor_consumo_producto_mensual_2026t1_html
2016-09,ABCD,PRE_IFRS9_CARTERA_VENCIDA,1.780000,porcentaje de saldos,banca comercial; incluye Sofomes ER subsidiarias de instituciones bancarias y grupos financieros; excluye CI Banco,gen2_banxico_imor_consumo_producto_mensual_2026t1_html
2016-10,ABCD,PRE_IFRS9_CARTERA_VENCIDA,1.840000,porcentaje de saldos,banca comercial; incluye Sofomes ER subsidiarias de instituciones bancarias y grupos financieros; excluye CI Banco,gen2_banxico_imor_consumo_producto_mensual_2026t1_html
2016-11,ABCD,PRE_IFRS9_CARTERA_VENCIDA,1.850000,porcentaje de saldos,banca comercial; incluye Sofomes ER subsidiarias de instituciones bancarias y grupos financieros; excluye CI Banco,gen2_banxico_imor_consumo_producto_mensual_2026t1_html
2016-12,ABCD,PRE_IFRS9_CARTERA_VENCIDA,1.770000,porcentaje de saldos,banca comercial; incluye Sofomes ER subsidiarias de instituciones bancarias y grupos financieros; excluye CI Banco,gen2_banxico_imor_consumo_producto_mensual_2026t1_html
2017-01,ABCD,PRE_IFRS9_CARTERA_VENCIDA,1.780000,porcentaje de saldos,banca comercial; incluye Sofomes ER subsidiarias de instituciones bancarias y grupos financieros; excluye CI Banco,gen2_banxico_imor_consumo_producto_mensual_2026t1_html
2017-02,ABCD,PRE_IFRS9_CARTERA_VENCIDA,1.740000,porcentaje de saldos,banca comercial; incluye Sofomes ER subsidiarias de instituciones bancarias y grupos financieros; excluye CI Banco,gen2_banxico_imor_consumo_producto_mensual_2026t1_html
2017-03,ABCD,PRE_IFRS9_CARTERA_VENCIDA,1.710000,porcentaje de saldos,banca comercial; incluye Sofomes ER subsidiarias de instituciones bancarias y grupos financieros; excluye CI Banco,gen2_banxico_imor_consumo_producto_mensual_2026t1_html
2017-04,ABCD,PRE_IFRS9_CARTERA_VENCIDA,1.770000,porcentaje de saldos,banca comercial; incluye Sofomes ER subsidiarias de instituciones bancarias y grupos financieros; excluye CI Banco,gen2_banxico_imor_consumo_producto_mensual_2026t1_html
2017-05,ABCD,PRE_IFRS9_CARTERA_VENCIDA,1.880000,porcentaje de saldos,banca comercial; incluye Sofomes ER subsidiarias de instituciones bancarias y grupos financieros; excluye CI Banco,gen2_banxico_imor_consumo_producto_mensual_2026t1_html
2017-06,ABCD,PRE_IFRS9_CARTERA_VENCIDA,1.840000,porcentaje de saldos,banca comercial; incluye Sofomes ER subsidiarias de instituciones bancarias y grupos financieros; excluye CI Banco,gen2_banxico_imor_consumo_producto_mensual_2026t1_html
2017-07,ABCD,PRE_IFRS9_CARTERA_VENCIDA,1.920000,porcentaje de saldos,banca comercial; incluye Sofomes ER subsidiarias de instituciones bancarias y grupos financieros; excluye CI Banco,gen2_banxico_imor_consumo_producto_mensual_2026t1_html
2017-08,ABCD,PRE_IFRS9_CARTERA_VENCIDA,1.950000,porcentaje de saldos,banca comercial; incluye Sofomes ER subsidiarias de instituciones bancarias y grupos financieros; excluye CI Banco,gen2_banxico_imor_consumo_producto_mensual_2026t1_html
2017-09,ABCD,PRE_IFRS9_CARTERA_VENCIDA,2.000000,porcentaje de saldos,banca comercial; incluye Sofomes ER subsidiarias de instituciones bancarias y grupos financieros; excluye CI Banco,gen2_banxico_imor_consumo_producto_mensual_2026t1_html
2017-10,ABCD,PRE_IFRS9_CARTERA_VENCIDA,2.150000,porcentaje de saldos,banca comercial; incluye Sofomes ER subsidiarias de instituciones bancarias y grupos financieros; excluye CI Banco,gen2_banxico_imor_consumo_producto_mensual_2026t1_html
2017-11,ABCD,PRE_IFRS9_CARTERA_VENCIDA,2.240000,porcentaje de saldos,banca comercial; incluye Sofomes ER subsidiarias de instituciones bancarias y grupos financieros; excluye CI Banco,gen2_banxico_imor_consumo_producto_mensual_2026t1_html
2017-12,ABCD,PRE_IFRS9_CARTERA_VENCIDA,2.250000,porcentaje de saldos,banca comercial; incluye Sofomes ER subsidiarias de instituciones bancarias y grupos financieros; excluye CI Banco,gen2_banxico_imor_consumo_producto_mensual_2026t1_html
2018-01,ABCD,PRE_IFRS9_CARTERA_VENCIDA,2.320000,porcentaje de saldos,banca comercial; incluye Sofomes ER subsidiarias de instituciones bancarias y grupos financieros; excluye CI Banco,gen2_banxico_imor_consumo_producto_mensual_2026t1_html
2018-02,ABCD,PRE_IFRS9_CARTERA_VENCIDA,2.320000,porcentaje de saldos,banca comercial; incluye Sofomes ER subsidiarias de instituciones bancarias y grupos financieros; excluye CI Banco,gen2_banxico_imor_consumo_producto_mensual_2026t1_html
2018-03,ABCD,PRE_IFRS9_CARTERA_VENCIDA,2.290000,porcentaje de saldos,banca comercial; incluye Sofomes ER subsidiarias de instituciones bancarias y grupos financieros; excluye CI Banco,gen2_banxico_imor_consumo_producto_mensual_2026t1_html
2018-04,ABCD,PRE_IFRS9_CARTERA_VENCIDA,2.330000,porcentaje de saldos,banca comercial; incluye Sofomes ER subsidiarias de instituciones bancarias y grupos financieros; excluye CI Banco,gen2_banxico_imor_consumo_producto_mensual_2026t1_html
2018-05,ABCD,PRE_IFRS9_CARTERA_VENCIDA,2.350000,porcentaje de saldos,banca comercial; incluye Sofomes ER subsidiarias de instituciones bancarias y grupos financieros; excluye CI Banco,gen2_banxico_imor_consumo_producto_mensual_2026t1_html
2018-06,ABCD,PRE_IFRS9_CARTERA_VENCIDA,2.250000,porcentaje de saldos,banca comercial; incluye Sofomes ER subsidiarias de instituciones bancarias y grupos financieros; excluye CI Banco,gen2_banxico_imor_consumo_producto_mensual_2026t1_html
2018-07,ABCD,PRE_IFRS9_CARTERA_VENCIDA,2.340000,porcentaje de saldos,banca comercial; incluye Sofomes ER subsidiarias de instituciones bancarias y grupos financieros; excluye CI Banco,gen2_banxico_imor_consumo_producto_mensual_2026t1_html
2018-08,ABCD,PRE_IFRS9_CARTERA_VENCIDA,2.370000,porcentaje de saldos,banca comercial; incluye Sofomes ER subsidiarias de instituciones bancarias y grupos financieros; excluye CI Banco,gen2_banxico_imor_consumo_producto_mensual_2026t1_html
2018-09,ABCD,PRE_IFRS9_CARTERA_VENCIDA,2.360000,porcentaje de saldos,banca comercial; incluye Sofomes ER subsidiarias de instituciones bancarias y grupos financieros; excluye CI Banco,gen2_banxico_imor_consumo_producto_mensual_2026t1_html
2018-10,ABCD,PRE_IFRS9_CARTERA_VENCIDA,2.430000,porcentaje de saldos,banca comercial; incluye Sofomes ER subsidiarias de instituciones bancarias y grupos financieros; excluye CI Banco,gen2_banxico_imor_consumo_producto_mensual_2026t1_html
2018-11,ABCD,PRE_IFRS9_CARTERA_VENCIDA,2.370000,porcentaje de saldos,banca comercial; incluye Sofomes ER subsidiarias de instituciones bancarias y grupos financieros; excluye CI Banco,gen2_banxico_imor_consumo_producto_mensual_2026t1_html
2018-12,ABCD,PRE_IFRS9_CARTERA_VENCIDA,2.310000,porcentaje de saldos,banca comercial; incluye Sofomes ER subsidiarias de instituciones bancarias y grupos financieros; excluye CI Banco,gen2_banxico_imor_consumo_producto_mensual_2026t1_html
2019-01,ABCD,PRE_IFRS9_CARTERA_VENCIDA,2.220000,porcentaje de saldos,banca comercial; incluye Sofomes ER subsidiarias de instituciones bancarias y grupos financieros; excluye CI Banco,gen2_banxico_imor_consumo_producto_mensual_2026t1_html
2019-02,ABCD,PRE_IFRS9_CARTERA_VENCIDA,2.180000,porcentaje de saldos,banca comercial; incluye Sofomes ER subsidiarias de instituciones bancarias y grupos financieros; excluye CI Banco,gen2_banxico_imor_consumo_producto_mensual_2026t1_html
2019-03,ABCD,PRE_IFRS9_CARTERA_VENCIDA,2.230000,porcentaje de saldos,banca comercial; incluye Sofomes ER subsidiarias de instituciones bancarias y grupos financieros; excluye CI Banco,gen2_banxico_imor_consumo_producto_mensual_2026t1_html
2019-04,ABCD,PRE_IFRS9_CARTERA_VENCIDA,2.290000,porcentaje de saldos,banca comercial; incluye Sofomes ER subsidiarias de instituciones bancarias y grupos financieros; excluye CI Banco,gen2_banxico_imor_consumo_producto_mensual_2026t1_html
2019-05,ABCD,PRE_IFRS9_CARTERA_VENCIDA,2.320000,porcentaje de saldos,banca comercial; incluye Sofomes ER subsidiarias de instituciones bancarias y grupos financieros; excluye CI Banco,gen2_banxico_imor_consumo_producto_mensual_2026t1_html
2019-06,ABCD,PRE_IFRS9_CARTERA_VENCIDA,2.280000,porcentaje de saldos,banca comercial; incluye Sofomes ER subsidiarias de instituciones bancarias y grupos financieros; excluye CI Banco,gen2_banxico_imor_consumo_producto_mensual_2026t1_html
2019-07,ABCD,PRE_IFRS9_CARTERA_VENCIDA,2.350000,porcentaje de saldos,banca comercial; incluye Sofomes ER subsidiarias de instituciones bancarias y grupos financieros; excluye CI Banco,gen2_banxico_imor_consumo_producto_mensual_2026t1_html
2019-08,ABCD,PRE_IFRS9_CARTERA_VENCIDA,2.380000,porcentaje de saldos,banca comercial; incluye Sofomes ER subsidiarias de instituciones bancarias y grupos financieros; excluye CI Banco,gen2_banxico_imor_consumo_producto_mensual_2026t1_html
2019-09,ABCD,PRE_IFRS9_CARTERA_VENCIDA,2.440000,porcentaje de saldos,banca comercial; incluye Sofomes ER subsidiarias de instituciones bancarias y grupos financieros; excluye CI Banco,gen2_banxico_imor_consumo_producto_mensual_2026t1_html
2019-10,ABCD,PRE_IFRS9_CARTERA_VENCIDA,2.470000,porcentaje de saldos,banca comercial; incluye Sofomes ER subsidiarias de instituciones bancarias y grupos financieros; excluye CI Banco,gen2_banxico_imor_consumo_producto_mensual_2026t1_html
2019-11,ABCD,PRE_IFRS9_CARTERA_VENCIDA,2.460000,porcentaje de saldos,banca comercial; incluye Sofomes ER subsidiarias de instituciones bancarias y grupos financieros; excluye CI Banco,gen2_banxico_imor_consumo_producto_mensual_2026t1_html
2019-12,ABCD,PRE_IFRS9_CARTERA_VENCIDA,2.480000,porcentaje de saldos,banca comercial; incluye Sofomes ER subsidiarias de instituciones bancarias y grupos financieros; excluye CI Banco,gen2_banxico_imor_consumo_producto_mensual_2026t1_html
2020-01,ABCD,PRE_IFRS9_CARTERA_VENCIDA,2.440000,porcentaje de saldos,banca comercial; incluye Sofomes ER subsidiarias de instituciones bancarias y grupos financieros; excluye CI Banco,gen2_banxico_imor_consumo_producto_mensual_2026t1_html
2020-02,ABCD,PRE_IFRS9_CARTERA_VENCIDA,2.430000,porcentaje de saldos,banca comercial; incluye Sofomes ER subsidiarias de instituciones bancarias y grupos financieros; excluye CI Banco,gen2_banxico_imor_consumo_producto_mensual_2026t1_html
2020-03,ABCD,PRE_IFRS9_CARTERA_VENCIDA,2.480000,porcentaje de saldos,banca comercial; incluye Sofomes ER subsidiarias de instituciones bancarias y grupos financieros; excluye CI Banco,gen2_banxico_imor_consumo_producto_mensual_2026t1_html
2020-04,ABCD,PRE_IFRS9_CARTERA_VENCIDA,2.610000,porcentaje de saldos,banca comercial; incluye Sofomes ER subsidiarias de instituciones bancarias y grupos financieros; excluye CI Banco,gen2_banxico_imor_consumo_producto_mensual_2026t1_html
2020-05,ABCD,PRE_IFRS9_CARTERA_VENCIDA,2.860000,porcentaje de saldos,banca comercial; incluye Sofomes ER subsidiarias de instituciones bancarias y grupos financieros; excluye CI Banco,gen2_banxico_imor_consumo_producto_mensual_2026t1_html
2020-06,ABCD,PRE_IFRS9_CARTERA_VENCIDA,3.120000,porcentaje de saldos,banca comercial; incluye Sofomes ER subsidiarias de instituciones bancarias y grupos financieros; excluye CI Banco,gen2_banxico_imor_consumo_producto_mensual_2026t1_html
2020-07,ABCD,PRE_IFRS9_CARTERA_VENCIDA,3.140000,porcentaje de saldos,banca comercial; incluye Sofomes ER subsidiarias de instituciones bancarias y grupos financieros; excluye CI Banco,gen2_banxico_imor_consumo_producto_mensual_2026t1_html
2020-08,ABCD,PRE_IFRS9_CARTERA_VENCIDA,3.030000,porcentaje de saldos,banca comercial; incluye Sofomes ER subsidiarias de instituciones bancarias y grupos financieros; excluye CI Banco,gen2_banxico_imor_consumo_producto_mensual_2026t1_html
2020-09,ABCD,PRE_IFRS9_CARTERA_VENCIDA,2.890000,porcentaje de saldos,banca comercial; incluye Sofomes ER subsidiarias de instituciones bancarias y grupos financieros; excluye CI Banco,gen2_banxico_imor_consumo_producto_mensual_2026t1_html
2020-10,ABCD,PRE_IFRS9_CARTERA_VENCIDA,2.760000,porcentaje de saldos,banca comercial; incluye Sofomes ER subsidiarias de instituciones bancarias y grupos financieros; excluye CI Banco,gen2_banxico_imor_consumo_producto_mensual_2026t1_html
2020-11,ABCD,PRE_IFRS9_CARTERA_VENCIDA,3.060000,porcentaje de saldos,banca comercial; incluye Sofomes ER subsidiarias de instituciones bancarias y grupos financieros; excluye CI Banco,gen2_banxico_imor_consumo_producto_mensual_2026t1_html
2020-12,ABCD,PRE_IFRS9_CARTERA_VENCIDA,3.380000,porcentaje de saldos,banca comercial; incluye Sofomes ER subsidiarias de instituciones bancarias y grupos financieros; excluye CI Banco,gen2_banxico_imor_consumo_producto_mensual_2026t1_html
2021-01,ABCD,PRE_IFRS9_CARTERA_VENCIDA,3.510000,porcentaje de saldos,banca comercial; incluye Sofomes ER subsidiarias de instituciones bancarias y grupos financieros; excluye CI Banco,gen2_banxico_imor_consumo_producto_mensual_2026t1_html
2021-02,ABCD,PRE_IFRS9_CARTERA_VENCIDA,3.680000,porcentaje de saldos,banca comercial; incluye Sofomes ER subsidiarias de instituciones bancarias y grupos financieros; excluye CI Banco,gen2_banxico_imor_consumo_producto_mensual_2026t1_html
2021-03,ABCD,PRE_IFRS9_CARTERA_VENCIDA,3.570000,porcentaje de saldos,banca comercial; incluye Sofomes ER subsidiarias de instituciones bancarias y grupos financieros; excluye CI Banco,gen2_banxico_imor_consumo_producto_mensual_2026t1_html
2021-04,ABCD,PRE_IFRS9_CARTERA_VENCIDA,3.370000,porcentaje de saldos,banca comercial; incluye Sofomes ER subsidiarias de instituciones bancarias y grupos financieros; excluye CI Banco,gen2_banxico_imor_consumo_producto_mensual_2026t1_html
2021-05,ABCD,PRE_IFRS9_CARTERA_VENCIDA,3.290000,porcentaje de saldos,banca comercial; incluye Sofomes ER subsidiarias de instituciones bancarias y grupos financieros; excluye CI Banco,gen2_banxico_imor_consumo_producto_mensual_2026t1_html
2021-06,ABCD,PRE_IFRS9_CARTERA_VENCIDA,3.090000,porcentaje de saldos,banca comercial; incluye Sofomes ER subsidiarias de instituciones bancarias y grupos financieros; excluye CI Banco,gen2_banxico_imor_consumo_producto_mensual_2026t1_html
2021-07,ABCD,PRE_IFRS9_CARTERA_VENCIDA,3.040000,porcentaje de saldos,banca comercial; incluye Sofomes ER subsidiarias de instituciones bancarias y grupos financieros; excluye CI Banco,gen2_banxico_imor_consumo_producto_mensual_2026t1_html
2021-08,ABCD,PRE_IFRS9_CARTERA_VENCIDA,3.020000,porcentaje de saldos,banca comercial; incluye Sofomes ER subsidiarias de instituciones bancarias y grupos financieros; excluye CI Banco,gen2_banxico_imor_consumo_producto_mensual_2026t1_html
2021-09,ABCD,PRE_IFRS9_CARTERA_VENCIDA,3.000000,porcentaje de saldos,banca comercial; incluye Sofomes ER subsidiarias de instituciones bancarias y grupos financieros; excluye CI Banco,gen2_banxico_imor_consumo_producto_mensual_2026t1_html
2021-10,ABCD,PRE_IFRS9_CARTERA_VENCIDA,3.010000,porcentaje de saldos,banca comercial; incluye Sofomes ER subsidiarias de instituciones bancarias y grupos financieros; excluye CI Banco,gen2_banxico_imor_consumo_producto_mensual_2026t1_html
2021-11,ABCD,PRE_IFRS9_CARTERA_VENCIDA,2.920000,porcentaje de saldos,banca comercial; incluye Sofomes ER subsidiarias de instituciones bancarias y grupos financieros; excluye CI Banco,gen2_banxico_imor_consumo_producto_mensual_2026t1_html
2021-12,ABCD,PRE_IFRS9_CARTERA_VENCIDA,2.800000,porcentaje de saldos,banca comercial; incluye Sofomes ER subsidiarias de instituciones bancarias y grupos financieros; excluye CI Banco,gen2_banxico_imor_consumo_producto_mensual_2026t1_html
2022-01,ABCD,IFRS9_ETAPA_3,2.550000,porcentaje de saldos,banca comercial; incluye Sofomes ER subsidiarias de instituciones bancarias y grupos financieros; excluye CI Banco,gen2_banxico_imor_consumo_producto_mensual_2026t1_html
2022-02,ABCD,IFRS9_ETAPA_3,2.380000,porcentaje de saldos,banca comercial; incluye Sofomes ER subsidiarias de instituciones bancarias y grupos financieros; excluye CI Banco,gen2_banxico_imor_consumo_producto_mensual_2026t1_html
2022-03,ABCD,IFRS9_ETAPA_3,2.230000,porcentaje de saldos,banca comercial; incluye Sofomes ER subsidiarias de instituciones bancarias y grupos financieros; excluye CI Banco,gen2_banxico_imor_consumo_producto_mensual_2026t1_html
2022-04,ABCD,IFRS9_ETAPA_3,2.150000,porcentaje de saldos,banca comercial; incluye Sofomes ER subsidiarias de instituciones bancarias y grupos financieros; excluye CI Banco,gen2_banxico_imor_consumo_producto_mensual_2026t1_html
2022-05,ABCD,IFRS9_ETAPA_3,2.170000,porcentaje de saldos,banca comercial; incluye Sofomes ER subsidiarias de instituciones bancarias y grupos financieros; excluye CI Banco,gen2_banxico_imor_consumo_producto_mensual_2026t1_html
2022-06,ABCD,IFRS9_ETAPA_3,2.120000,porcentaje de saldos,banca comercial; incluye Sofomes ER subsidiarias de instituciones bancarias y grupos financieros; excluye CI Banco,gen2_banxico_imor_consumo_producto_mensual_2026t1_html
2022-07,ABCD,IFRS9_ETAPA_3,2.070000,porcentaje de saldos,banca comercial; incluye Sofomes ER subsidiarias de instituciones bancarias y grupos financieros; excluye CI Banco,gen2_banxico_imor_consumo_producto_mensual_2026t1_html
2022-08,ABCD,IFRS9_ETAPA_3,2.050000,porcentaje de saldos,banca comercial; incluye Sofomes ER subsidiarias de instituciones bancarias y grupos financieros; excluye CI Banco,gen2_banxico_imor_consumo_producto_mensual_2026t1_html
2022-09,ABCD,IFRS9_ETAPA_3,1.950000,porcentaje de saldos,banca comercial; incluye Sofomes ER subsidiarias de instituciones bancarias y grupos financieros; excluye CI Banco,gen2_banxico_imor_consumo_producto_mensual_2026t1_html
2022-10,ABCD,IFRS9_ETAPA_3,1.990000,porcentaje de saldos,banca comercial; incluye Sofomes ER subsidiarias de instituciones bancarias y grupos financieros; excluye CI Banco,gen2_banxico_imor_consumo_producto_mensual_2026t1_html
2022-11,ABCD,IFRS9_ETAPA_3,1.880000,porcentaje de saldos,banca comercial; incluye Sofomes ER subsidiarias de instituciones bancarias y grupos financieros; excluye CI Banco,gen2_banxico_imor_consumo_producto_mensual_2026t1_html
2022-12,ABCD,IFRS9_ETAPA_3,1.830000,porcentaje de saldos,banca comercial; incluye Sofomes ER subsidiarias de instituciones bancarias y grupos financieros; excluye CI Banco,gen2_banxico_imor_consumo_producto_mensual_2026t1_html
2023-01,ABCD,IFRS9_ETAPA_3,1.800000,porcentaje de saldos,banca comercial; incluye Sofomes ER subsidiarias de instituciones bancarias y grupos financieros; excluye CI Banco,gen2_banxico_imor_consumo_producto_mensual_2026t1_html
2023-02,ABCD,IFRS9_ETAPA_3,1.770000,porcentaje de saldos,banca comercial; incluye Sofomes ER subsidiarias de instituciones bancarias y grupos financieros; excluye CI Banco,gen2_banxico_imor_consumo_producto_mensual_2026t1_html
2023-03,ABCD,IFRS9_ETAPA_3,1.670000,porcentaje de saldos,banca comercial; incluye Sofomes ER subsidiarias de instituciones bancarias y grupos financieros; excluye CI Banco,gen2_banxico_imor_consumo_producto_mensual_2026t1_html
2023-04,ABCD,IFRS9_ETAPA_3,1.660000,porcentaje de saldos,banca comercial; incluye Sofomes ER subsidiarias de instituciones bancarias y grupos financieros; excluye CI Banco,gen2_banxico_imor_consumo_producto_mensual_2026t1_html
2023-05,ABCD,IFRS9_ETAPA_3,1.700000,porcentaje de saldos,banca comercial; incluye Sofomes ER subsidiarias de instituciones bancarias y grupos financieros; excluye CI Banco,gen2_banxico_imor_consumo_producto_mensual_2026t1_html
2023-06,ABCD,IFRS9_ETAPA_3,1.670000,porcentaje de saldos,banca comercial; incluye Sofomes ER subsidiarias de instituciones bancarias y grupos financieros; excluye CI Banco,gen2_banxico_imor_consumo_producto_mensual_2026t1_html
2023-07,ABCD,IFRS9_ETAPA_3,1.640000,porcentaje de saldos,banca comercial; incluye Sofomes ER subsidiarias de instituciones bancarias y grupos financieros; excluye CI Banco,gen2_banxico_imor_consumo_producto_mensual_2026t1_html
2023-08,ABCD,IFRS9_ETAPA_3,1.640000,porcentaje de saldos,banca comercial; incluye Sofomes ER subsidiarias de instituciones bancarias y grupos financieros; excluye CI Banco,gen2_banxico_imor_consumo_producto_mensual_2026t1_html
2023-09,ABCD,IFRS9_ETAPA_3,1.610000,porcentaje de saldos,banca comercial; incluye Sofomes ER subsidiarias de instituciones bancarias y grupos financieros; excluye CI Banco,gen2_banxico_imor_consumo_producto_mensual_2026t1_html
2023-10,ABCD,IFRS9_ETAPA_3,1.660000,porcentaje de saldos,banca comercial; incluye Sofomes ER subsidiarias de instituciones bancarias y grupos financieros; excluye CI Banco,gen2_banxico_imor_consumo_producto_mensual_2026t1_html
2023-11,ABCD,IFRS9_ETAPA_3,1.630000,porcentaje de saldos,banca comercial; incluye Sofomes ER subsidiarias de instituciones bancarias y grupos financieros; excluye CI Banco,gen2_banxico_imor_consumo_producto_mensual_2026t1_html
2023-12,ABCD,IFRS9_ETAPA_3,1.610000,porcentaje de saldos,banca comercial; incluye Sofomes ER subsidiarias de instituciones bancarias y grupos financieros; excluye CI Banco,gen2_banxico_imor_consumo_producto_mensual_2026t1_html
2024-01,ABCD,IFRS9_ETAPA_3,1.590000,porcentaje de saldos,banca comercial; incluye Sofomes ER subsidiarias de instituciones bancarias y grupos financieros; excluye CI Banco,gen2_banxico_imor_consumo_producto_mensual_2026t1_html
2024-02,ABCD,IFRS9_ETAPA_3,1.540000,porcentaje de saldos,banca comercial; incluye Sofomes ER subsidiarias de instituciones bancarias y grupos financieros; excluye CI Banco,gen2_banxico_imor_consumo_producto_mensual_2026t1_html
2024-03,ABCD,IFRS9_ETAPA_3,1.480000,porcentaje de saldos,banca comercial; incluye Sofomes ER subsidiarias de instituciones bancarias y grupos financieros; excluye CI Banco,gen2_banxico_imor_consumo_producto_mensual_2026t1_html
2024-04,ABCD,IFRS9_ETAPA_3,1.370000,porcentaje de saldos,banca comercial; incluye Sofomes ER subsidiarias de instituciones bancarias y grupos financieros; excluye CI Banco,gen2_banxico_imor_consumo_producto_mensual_2026t1_html
2024-05,ABCD,IFRS9_ETAPA_3,1.360000,porcentaje de saldos,banca comercial; incluye Sofomes ER subsidiarias de instituciones bancarias y grupos financieros; excluye CI Banco,gen2_banxico_imor_consumo_producto_mensual_2026t1_html
2024-06,ABCD,IFRS9_ETAPA_3,1.370000,porcentaje de saldos,banca comercial; incluye Sofomes ER subsidiarias de instituciones bancarias y grupos financieros; excluye CI Banco,gen2_banxico_imor_consumo_producto_mensual_2026t1_html
2024-07,ABCD,IFRS9_ETAPA_3,1.380000,porcentaje de saldos,banca comercial; incluye Sofomes ER subsidiarias de instituciones bancarias y grupos financieros; excluye CI Banco,gen2_banxico_imor_consumo_producto_mensual_2026t1_html
2024-08,ABCD,IFRS9_ETAPA_3,1.390000,porcentaje de saldos,banca comercial; incluye Sofomes ER subsidiarias de instituciones bancarias y grupos financieros; excluye CI Banco,gen2_banxico_imor_consumo_producto_mensual_2026t1_html
2024-09,ABCD,IFRS9_ETAPA_3,1.460000,porcentaje de saldos,banca comercial; incluye Sofomes ER subsidiarias de instituciones bancarias y grupos financieros; excluye CI Banco,gen2_banxico_imor_consumo_producto_mensual_2026t1_html
2024-10,ABCD,IFRS9_ETAPA_3,1.480000,porcentaje de saldos,banca comercial; incluye Sofomes ER subsidiarias de instituciones bancarias y grupos financieros; excluye CI Banco,gen2_banxico_imor_consumo_producto_mensual_2026t1_html
2024-11,ABCD,IFRS9_ETAPA_3,1.370000,porcentaje de saldos,banca comercial; incluye Sofomes ER subsidiarias de instituciones bancarias y grupos financieros; excluye CI Banco,gen2_banxico_imor_consumo_producto_mensual_2026t1_html
2024-12,ABCD,IFRS9_ETAPA_3,1.430000,porcentaje de saldos,banca comercial; incluye Sofomes ER subsidiarias de instituciones bancarias y grupos financieros; excluye CI Banco,gen2_banxico_imor_consumo_producto_mensual_2026t1_html
2025-01,ABCD,IFRS9_ETAPA_3,1.450000,porcentaje de saldos,banca comercial; incluye Sofomes ER subsidiarias de instituciones bancarias y grupos financieros; excluye CI Banco,gen2_banxico_imor_consumo_producto_mensual_2026t1_html
2025-02,ABCD,IFRS9_ETAPA_3,1.450000,porcentaje de saldos,banca comercial; incluye Sofomes ER subsidiarias de instituciones bancarias y grupos financieros; excluye CI Banco,gen2_banxico_imor_consumo_producto_mensual_2026t1_html
2025-03,ABCD,IFRS9_ETAPA_3,1.440000,porcentaje de saldos,banca comercial; incluye Sofomes ER subsidiarias de instituciones bancarias y grupos financieros; excluye CI Banco,gen2_banxico_imor_consumo_producto_mensual_2026t1_html
2025-04,ABCD,IFRS9_ETAPA_3,1.430000,porcentaje de saldos,banca comercial; incluye Sofomes ER subsidiarias de instituciones bancarias y grupos financieros; excluye CI Banco,gen2_banxico_imor_consumo_producto_mensual_2026t1_html
2025-05,ABCD,IFRS9_ETAPA_3,1.470000,porcentaje de saldos,banca comercial; incluye Sofomes ER subsidiarias de instituciones bancarias y grupos financieros; excluye CI Banco,gen2_banxico_imor_consumo_producto_mensual_2026t1_html
2025-06,ABCD,IFRS9_ETAPA_3,1.510000,porcentaje de saldos,banca comercial; incluye Sofomes ER subsidiarias de instituciones bancarias y grupos financieros; excluye CI Banco,gen2_banxico_imor_consumo_producto_mensual_2026t1_html
2025-07,ABCD,IFRS9_ETAPA_3,1.560000,porcentaje de saldos,banca comercial; incluye Sofomes ER subsidiarias de instituciones bancarias y grupos financieros; excluye CI Banco,gen2_banxico_imor_consumo_producto_mensual_2026t1_html
2025-08,ABCD,IFRS9_ETAPA_3,1.550000,porcentaje de saldos,banca comercial; incluye Sofomes ER subsidiarias de instituciones bancarias y grupos financieros; excluye CI Banco,gen2_banxico_imor_consumo_producto_mensual_2026t1_html
2025-09,ABCD,IFRS9_ETAPA_3,1.610000,porcentaje de saldos,banca comercial; incluye Sofomes ER subsidiarias de instituciones bancarias y grupos financieros; excluye CI Banco,gen2_banxico_imor_consumo_producto_mensual_2026t1_html
2025-10,ABCD,IFRS9_ETAPA_3,1.630000,porcentaje de saldos,banca comercial; incluye Sofomes ER subsidiarias de instituciones bancarias y grupos financieros; excluye CI Banco,gen2_banxico_imor_consumo_producto_mensual_2026t1_html
2025-11,ABCD,IFRS9_ETAPA_3,1.680000,porcentaje de saldos,banca comercial; incluye Sofomes ER subsidiarias de instituciones bancarias y grupos financieros; excluye CI Banco,gen2_banxico_imor_consumo_producto_mensual_2026t1_html
2025-12,ABCD,IFRS9_ETAPA_3,1.730000,porcentaje de saldos,banca comercial; incluye Sofomes ER subsidiarias de instituciones bancarias y grupos financieros; excluye CI Banco,gen2_banxico_imor_consumo_producto_mensual_2026t1_html
2026-01,ABCD,IFRS9_ETAPA_3,1.790000,porcentaje de saldos,banca comercial; incluye Sofomes ER subsidiarias de instituciones bancarias y grupos financieros; excluye CI Banco,gen2_banxico_imor_consumo_producto_mensual_2026t1_html
2026-02,ABCD,IFRS9_ETAPA_3,1.890000,porcentaje de saldos,banca comercial; incluye Sofomes ER subsidiarias de instituciones bancarias y grupos financieros; excluye CI Banco,gen2_banxico_imor_consumo_producto_mensual_2026t1_html
2026-03,ABCD,IFRS9_ETAPA_3,1.880000,porcentaje de saldos,banca comercial; incluye Sofomes ER subsidiarias de instituciones bancarias y grupos financieros; excluye CI Banco,gen2_banxico_imor_consumo_producto_mensual_2026t1_html
2016-01,Nómina,PRE_IFRS9_CARTERA_VENCIDA,2.920000,porcentaje de saldos,banca comercial; incluye Sofomes ER subsidiarias de instituciones bancarias y grupos financieros; excluye CI Banco,gen2_banxico_imor_consumo_producto_mensual_2026t1_html
2016-02,Nómina,PRE_IFRS9_CARTERA_VENCIDA,2.930000,porcentaje de saldos,banca comercial; incluye Sofomes ER subsidiarias de instituciones bancarias y grupos financieros; excluye CI Banco,gen2_banxico_imor_consumo_producto_mensual_2026t1_html
2016-03,Nómina,PRE_IFRS9_CARTERA_VENCIDA,2.800000,porcentaje de saldos,banca comercial; incluye Sofomes ER subsidiarias de instituciones bancarias y grupos financieros; excluye CI Banco,gen2_banxico_imor_consumo_producto_mensual_2026t1_html
2016-04,Nómina,PRE_IFRS9_CARTERA_VENCIDA,2.720000,porcentaje de saldos,banca comercial; incluye Sofomes ER subsidiarias de instituciones bancarias y grupos financieros; excluye CI Banco,gen2_banxico_imor_consumo_producto_mensual_2026t1_html
2016-05,Nómina,PRE_IFRS9_CARTERA_VENCIDA,2.930000,porcentaje de saldos,banca comercial; incluye Sofomes ER subsidiarias de instituciones bancarias y grupos financieros; excluye CI Banco,gen2_banxico_imor_consumo_producto_mensual_2026t1_html
2016-06,Nómina,PRE_IFRS9_CARTERA_VENCIDA,3.090000,porcentaje de saldos,banca comercial; incluye Sofomes ER subsidiarias de instituciones bancarias y grupos financieros; excluye CI Banco,gen2_banxico_imor_consumo_producto_mensual_2026t1_html
2016-07,Nómina,PRE_IFRS9_CARTERA_VENCIDA,3.120000,porcentaje de saldos,banca comercial; incluye Sofomes ER subsidiarias de instituciones bancarias y grupos financieros; excluye CI Banco,gen2_banxico_imor_consumo_producto_mensual_2026t1_html
2016-08,Nómina,PRE_IFRS9_CARTERA_VENCIDA,3.140000,porcentaje de saldos,banca comercial; incluye Sofomes ER subsidiarias de instituciones bancarias y grupos financieros; excluye CI Banco,gen2_banxico_imor_consumo_producto_mensual_2026t1_html
2016-09,Nómina,PRE_IFRS9_CARTERA_VENCIDA,3.260000,porcentaje de saldos,banca comercial; incluye Sofomes ER subsidiarias de instituciones bancarias y grupos financieros; excluye CI Banco,gen2_banxico_imor_consumo_producto_mensual_2026t1_html
2016-10,Nómina,PRE_IFRS9_CARTERA_VENCIDA,3.330000,porcentaje de saldos,banca comercial; incluye Sofomes ER subsidiarias de instituciones bancarias y grupos financieros; excluye CI Banco,gen2_banxico_imor_consumo_producto_mensual_2026t1_html
2016-11,Nómina,PRE_IFRS9_CARTERA_VENCIDA,3.440000,porcentaje de saldos,banca comercial; incluye Sofomes ER subsidiarias de instituciones bancarias y grupos financieros; excluye CI Banco,gen2_banxico_imor_consumo_producto_mensual_2026t1_html
2016-12,Nómina,PRE_IFRS9_CARTERA_VENCIDA,3.400000,porcentaje de saldos,banca comercial; incluye Sofomes ER subsidiarias de instituciones bancarias y grupos financieros; excluye CI Banco,gen2_banxico_imor_consumo_producto_mensual_2026t1_html
2017-01,Nómina,PRE_IFRS9_CARTERA_VENCIDA,3.340000,porcentaje de saldos,banca comercial; incluye Sofomes ER subsidiarias de instituciones bancarias y grupos financieros; excluye CI Banco,gen2_banxico_imor_consumo_producto_mensual_2026t1_html
2017-02,Nómina,PRE_IFRS9_CARTERA_VENCIDA,3.180000,porcentaje de saldos,banca comercial; incluye Sofomes ER subsidiarias de instituciones bancarias y grupos financieros; excluye CI Banco,gen2_banxico_imor_consumo_producto_mensual_2026t1_html
2017-03,Nómina,PRE_IFRS9_CARTERA_VENCIDA,2.950000,porcentaje de saldos,banca comercial; incluye Sofomes ER subsidiarias de instituciones bancarias y grupos financieros; excluye CI Banco,gen2_banxico_imor_consumo_producto_mensual_2026t1_html
2017-04,Nómina,PRE_IFRS9_CARTERA_VENCIDA,2.970000,porcentaje de saldos,banca comercial; incluye Sofomes ER subsidiarias de instituciones bancarias y grupos financieros; excluye CI Banco,gen2_banxico_imor_consumo_producto_mensual_2026t1_html
2017-05,Nómina,PRE_IFRS9_CARTERA_VENCIDA,3.180000,porcentaje de saldos,banca comercial; incluye Sofomes ER subsidiarias de instituciones bancarias y grupos financieros; excluye CI Banco,gen2_banxico_imor_consumo_producto_mensual_2026t1_html
2017-06,Nómina,PRE_IFRS9_CARTERA_VENCIDA,2.960000,porcentaje de saldos,banca comercial; incluye Sofomes ER subsidiarias de instituciones bancarias y grupos financieros; excluye CI Banco,gen2_banxico_imor_consumo_producto_mensual_2026t1_html
2017-07,Nómina,PRE_IFRS9_CARTERA_VENCIDA,2.990000,porcentaje de saldos,banca comercial; incluye Sofomes ER subsidiarias de instituciones bancarias y grupos financieros; excluye CI Banco,gen2_banxico_imor_consumo_producto_mensual_2026t1_html
2017-08,Nómina,PRE_IFRS9_CARTERA_VENCIDA,2.900000,porcentaje de saldos,banca comercial; incluye Sofomes ER subsidiarias de instituciones bancarias y grupos financieros; excluye CI Banco,gen2_banxico_imor_consumo_producto_mensual_2026t1_html
2017-09,Nómina,PRE_IFRS9_CARTERA_VENCIDA,2.840000,porcentaje de saldos,banca comercial; incluye Sofomes ER subsidiarias de instituciones bancarias y grupos financieros; excluye CI Banco,gen2_banxico_imor_consumo_producto_mensual_2026t1_html
2017-10,Nómina,PRE_IFRS9_CARTERA_VENCIDA,2.960000,porcentaje de saldos,banca comercial; incluye Sofomes ER subsidiarias de instituciones bancarias y grupos financieros; excluye CI Banco,gen2_banxico_imor_consumo_producto_mensual_2026t1_html
2017-11,Nómina,PRE_IFRS9_CARTERA_VENCIDA,3.070000,porcentaje de saldos,banca comercial; incluye Sofomes ER subsidiarias de instituciones bancarias y grupos financieros; excluye CI Banco,gen2_banxico_imor_consumo_producto_mensual_2026t1_html
2017-12,Nómina,PRE_IFRS9_CARTERA_VENCIDA,3.030000,porcentaje de saldos,banca comercial; incluye Sofomes ER subsidiarias de instituciones bancarias y grupos financieros; excluye CI Banco,gen2_banxico_imor_consumo_producto_mensual_2026t1_html
2018-01,Nómina,PRE_IFRS9_CARTERA_VENCIDA,2.920000,porcentaje de saldos,banca comercial; incluye Sofomes ER subsidiarias de instituciones bancarias y grupos financieros; excluye CI Banco,gen2_banxico_imor_consumo_producto_mensual_2026t1_html
2018-02,Nómina,PRE_IFRS9_CARTERA_VENCIDA,2.720000,porcentaje de saldos,banca comercial; incluye Sofomes ER subsidiarias de instituciones bancarias y grupos financieros; excluye CI Banco,gen2_banxico_imor_consumo_producto_mensual_2026t1_html
2018-03,Nómina,PRE_IFRS9_CARTERA_VENCIDA,2.700000,porcentaje de saldos,banca comercial; incluye Sofomes ER subsidiarias de instituciones bancarias y grupos financieros; excluye CI Banco,gen2_banxico_imor_consumo_producto_mensual_2026t1_html
2018-04,Nómina,PRE_IFRS9_CARTERA_VENCIDA,2.800000,porcentaje de saldos,banca comercial; incluye Sofomes ER subsidiarias de instituciones bancarias y grupos financieros; excluye CI Banco,gen2_banxico_imor_consumo_producto_mensual_2026t1_html
2018-05,Nómina,PRE_IFRS9_CARTERA_VENCIDA,3.000000,porcentaje de saldos,banca comercial; incluye Sofomes ER subsidiarias de instituciones bancarias y grupos financieros; excluye CI Banco,gen2_banxico_imor_consumo_producto_mensual_2026t1_html
2018-06,Nómina,PRE_IFRS9_CARTERA_VENCIDA,2.970000,porcentaje de saldos,banca comercial; incluye Sofomes ER subsidiarias de instituciones bancarias y grupos financieros; excluye CI Banco,gen2_banxico_imor_consumo_producto_mensual_2026t1_html
2018-07,Nómina,PRE_IFRS9_CARTERA_VENCIDA,3.010000,porcentaje de saldos,banca comercial; incluye Sofomes ER subsidiarias de instituciones bancarias y grupos financieros; excluye CI Banco,gen2_banxico_imor_consumo_producto_mensual_2026t1_html
2018-08,Nómina,PRE_IFRS9_CARTERA_VENCIDA,3.000000,porcentaje de saldos,banca comercial; incluye Sofomes ER subsidiarias de instituciones bancarias y grupos financieros; excluye CI Banco,gen2_banxico_imor_consumo_producto_mensual_2026t1_html
2018-09,Nómina,PRE_IFRS9_CARTERA_VENCIDA,3.100000,porcentaje de saldos,banca comercial; incluye Sofomes ER subsidiarias de instituciones bancarias y grupos financieros; excluye CI Banco,gen2_banxico_imor_consumo_producto_mensual_2026t1_html
2018-10,Nómina,PRE_IFRS9_CARTERA_VENCIDA,3.030000,porcentaje de saldos,banca comercial; incluye Sofomes ER subsidiarias de instituciones bancarias y grupos financieros; excluye CI Banco,gen2_banxico_imor_consumo_producto_mensual_2026t1_html
2018-11,Nómina,PRE_IFRS9_CARTERA_VENCIDA,3.030000,porcentaje de saldos,banca comercial; incluye Sofomes ER subsidiarias de instituciones bancarias y grupos financieros; excluye CI Banco,gen2_banxico_imor_consumo_producto_mensual_2026t1_html
2018-12,Nómina,PRE_IFRS9_CARTERA_VENCIDA,3.050000,porcentaje de saldos,banca comercial; incluye Sofomes ER subsidiarias de instituciones bancarias y grupos financieros; excluye CI Banco,gen2_banxico_imor_consumo_producto_mensual_2026t1_html
2019-01,Nómina,PRE_IFRS9_CARTERA_VENCIDA,2.950000,porcentaje de saldos,banca comercial; incluye Sofomes ER subsidiarias de instituciones bancarias y grupos financieros; excluye CI Banco,gen2_banxico_imor_consumo_producto_mensual_2026t1_html
2019-02,Nómina,PRE_IFRS9_CARTERA_VENCIDA,2.830000,porcentaje de saldos,banca comercial; incluye Sofomes ER subsidiarias de instituciones bancarias y grupos financieros; excluye CI Banco,gen2_banxico_imor_consumo_producto_mensual_2026t1_html
2019-03,Nómina,PRE_IFRS9_CARTERA_VENCIDA,2.650000,porcentaje de saldos,banca comercial; incluye Sofomes ER subsidiarias de instituciones bancarias y grupos financieros; excluye CI Banco,gen2_banxico_imor_consumo_producto_mensual_2026t1_html
2019-04,Nómina,PRE_IFRS9_CARTERA_VENCIDA,2.680000,porcentaje de saldos,banca comercial; incluye Sofomes ER subsidiarias de instituciones bancarias y grupos financieros; excluye CI Banco,gen2_banxico_imor_consumo_producto_mensual_2026t1_html
2019-05,Nómina,PRE_IFRS9_CARTERA_VENCIDA,2.850000,porcentaje de saldos,banca comercial; incluye Sofomes ER subsidiarias de instituciones bancarias y grupos financieros; excluye CI Banco,gen2_banxico_imor_consumo_producto_mensual_2026t1_html
2019-06,Nómina,PRE_IFRS9_CARTERA_VENCIDA,2.950000,porcentaje de saldos,banca comercial; incluye Sofomes ER subsidiarias de instituciones bancarias y grupos financieros; excluye CI Banco,gen2_banxico_imor_consumo_producto_mensual_2026t1_html
2019-07,Nómina,PRE_IFRS9_CARTERA_VENCIDA,2.910000,porcentaje de saldos,banca comercial; incluye Sofomes ER subsidiarias de instituciones bancarias y grupos financieros; excluye CI Banco,gen2_banxico_imor_consumo_producto_mensual_2026t1_html
2019-08,Nómina,PRE_IFRS9_CARTERA_VENCIDA,2.800000,porcentaje de saldos,banca comercial; incluye Sofomes ER subsidiarias de instituciones bancarias y grupos financieros; excluye CI Banco,gen2_banxico_imor_consumo_producto_mensual_2026t1_html
2019-09,Nómina,PRE_IFRS9_CARTERA_VENCIDA,2.860000,porcentaje de saldos,banca comercial; incluye Sofomes ER subsidiarias de instituciones bancarias y grupos financieros; excluye CI Banco,gen2_banxico_imor_consumo_producto_mensual_2026t1_html
2019-10,Nómina,PRE_IFRS9_CARTERA_VENCIDA,2.840000,porcentaje de saldos,banca comercial; incluye Sofomes ER subsidiarias de instituciones bancarias y grupos financieros; excluye CI Banco,gen2_banxico_imor_consumo_producto_mensual_2026t1_html
2019-11,Nómina,PRE_IFRS9_CARTERA_VENCIDA,2.880000,porcentaje de saldos,banca comercial; incluye Sofomes ER subsidiarias de instituciones bancarias y grupos financieros; excluye CI Banco,gen2_banxico_imor_consumo_producto_mensual_2026t1_html
2019-12,Nómina,PRE_IFRS9_CARTERA_VENCIDA,2.990000,porcentaje de saldos,banca comercial; incluye Sofomes ER subsidiarias de instituciones bancarias y grupos financieros; excluye CI Banco,gen2_banxico_imor_consumo_producto_mensual_2026t1_html
2020-01,Nómina,PRE_IFRS9_CARTERA_VENCIDA,2.950000,porcentaje de saldos,banca comercial; incluye Sofomes ER subsidiarias de instituciones bancarias y grupos financieros; excluye CI Banco,gen2_banxico_imor_consumo_producto_mensual_2026t1_html
2020-02,Nómina,PRE_IFRS9_CARTERA_VENCIDA,2.900000,porcentaje de saldos,banca comercial; incluye Sofomes ER subsidiarias de instituciones bancarias y grupos financieros; excluye CI Banco,gen2_banxico_imor_consumo_producto_mensual_2026t1_html
2020-03,Nómina,PRE_IFRS9_CARTERA_VENCIDA,2.820000,porcentaje de saldos,banca comercial; incluye Sofomes ER subsidiarias de instituciones bancarias y grupos financieros; excluye CI Banco,gen2_banxico_imor_consumo_producto_mensual_2026t1_html
2020-04,Nómina,PRE_IFRS9_CARTERA_VENCIDA,2.820000,porcentaje de saldos,banca comercial; incluye Sofomes ER subsidiarias de instituciones bancarias y grupos financieros; excluye CI Banco,gen2_banxico_imor_consumo_producto_mensual_2026t1_html
2020-05,Nómina,PRE_IFRS9_CARTERA_VENCIDA,2.840000,porcentaje de saldos,banca comercial; incluye Sofomes ER subsidiarias de instituciones bancarias y grupos financieros; excluye CI Banco,gen2_banxico_imor_consumo_producto_mensual_2026t1_html
2020-06,Nómina,PRE_IFRS9_CARTERA_VENCIDA,2.720000,porcentaje de saldos,banca comercial; incluye Sofomes ER subsidiarias de instituciones bancarias y grupos financieros; excluye CI Banco,gen2_banxico_imor_consumo_producto_mensual_2026t1_html
2020-07,Nómina,PRE_IFRS9_CARTERA_VENCIDA,2.350000,porcentaje de saldos,banca comercial; incluye Sofomes ER subsidiarias de instituciones bancarias y grupos financieros; excluye CI Banco,gen2_banxico_imor_consumo_producto_mensual_2026t1_html
2020-08,Nómina,PRE_IFRS9_CARTERA_VENCIDA,1.990000,porcentaje de saldos,banca comercial; incluye Sofomes ER subsidiarias de instituciones bancarias y grupos financieros; excluye CI Banco,gen2_banxico_imor_consumo_producto_mensual_2026t1_html
2020-09,Nómina,PRE_IFRS9_CARTERA_VENCIDA,1.770000,porcentaje de saldos,banca comercial; incluye Sofomes ER subsidiarias de instituciones bancarias y grupos financieros; excluye CI Banco,gen2_banxico_imor_consumo_producto_mensual_2026t1_html
2020-10,Nómina,PRE_IFRS9_CARTERA_VENCIDA,1.920000,porcentaje de saldos,banca comercial; incluye Sofomes ER subsidiarias de instituciones bancarias y grupos financieros; excluye CI Banco,gen2_banxico_imor_consumo_producto_mensual_2026t1_html
2020-11,Nómina,PRE_IFRS9_CARTERA_VENCIDA,2.550000,porcentaje de saldos,banca comercial; incluye Sofomes ER subsidiarias de instituciones bancarias y grupos financieros; excluye CI Banco,gen2_banxico_imor_consumo_producto_mensual_2026t1_html
2020-12,Nómina,PRE_IFRS9_CARTERA_VENCIDA,3.090000,porcentaje de saldos,banca comercial; incluye Sofomes ER subsidiarias de instituciones bancarias y grupos financieros; excluye CI Banco,gen2_banxico_imor_consumo_producto_mensual_2026t1_html
2021-01,Nómina,PRE_IFRS9_CARTERA_VENCIDA,3.270000,porcentaje de saldos,banca comercial; incluye Sofomes ER subsidiarias de instituciones bancarias y grupos financieros; excluye CI Banco,gen2_banxico_imor_consumo_producto_mensual_2026t1_html
2021-02,Nómina,PRE_IFRS9_CARTERA_VENCIDA,3.180000,porcentaje de saldos,banca comercial; incluye Sofomes ER subsidiarias de instituciones bancarias y grupos financieros; excluye CI Banco,gen2_banxico_imor_consumo_producto_mensual_2026t1_html
2021-03,Nómina,PRE_IFRS9_CARTERA_VENCIDA,2.860000,porcentaje de saldos,banca comercial; incluye Sofomes ER subsidiarias de instituciones bancarias y grupos financieros; excluye CI Banco,gen2_banxico_imor_consumo_producto_mensual_2026t1_html
2021-04,Nómina,PRE_IFRS9_CARTERA_VENCIDA,2.600000,porcentaje de saldos,banca comercial; incluye Sofomes ER subsidiarias de instituciones bancarias y grupos financieros; excluye CI Banco,gen2_banxico_imor_consumo_producto_mensual_2026t1_html
2021-05,Nómina,PRE_IFRS9_CARTERA_VENCIDA,2.610000,porcentaje de saldos,banca comercial; incluye Sofomes ER subsidiarias de instituciones bancarias y grupos financieros; excluye CI Banco,gen2_banxico_imor_consumo_producto_mensual_2026t1_html
2021-06,Nómina,PRE_IFRS9_CARTERA_VENCIDA,2.510000,porcentaje de saldos,banca comercial; incluye Sofomes ER subsidiarias de instituciones bancarias y grupos financieros; excluye CI Banco,gen2_banxico_imor_consumo_producto_mensual_2026t1_html
2021-07,Nómina,PRE_IFRS9_CARTERA_VENCIDA,2.470000,porcentaje de saldos,banca comercial; incluye Sofomes ER subsidiarias de instituciones bancarias y grupos financieros; excluye CI Banco,gen2_banxico_imor_consumo_producto_mensual_2026t1_html
2021-08,Nómina,PRE_IFRS9_CARTERA_VENCIDA,2.370000,porcentaje de saldos,banca comercial; incluye Sofomes ER subsidiarias de instituciones bancarias y grupos financieros; excluye CI Banco,gen2_banxico_imor_consumo_producto_mensual_2026t1_html
2021-09,Nómina,PRE_IFRS9_CARTERA_VENCIDA,2.340000,porcentaje de saldos,banca comercial; incluye Sofomes ER subsidiarias de instituciones bancarias y grupos financieros; excluye CI Banco,gen2_banxico_imor_consumo_producto_mensual_2026t1_html
2021-10,Nómina,PRE_IFRS9_CARTERA_VENCIDA,2.280000,porcentaje de saldos,banca comercial; incluye Sofomes ER subsidiarias de instituciones bancarias y grupos financieros; excluye CI Banco,gen2_banxico_imor_consumo_producto_mensual_2026t1_html
2021-11,Nómina,PRE_IFRS9_CARTERA_VENCIDA,2.300000,porcentaje de saldos,banca comercial; incluye Sofomes ER subsidiarias de instituciones bancarias y grupos financieros; excluye CI Banco,gen2_banxico_imor_consumo_producto_mensual_2026t1_html
2021-12,Nómina,PRE_IFRS9_CARTERA_VENCIDA,2.360000,porcentaje de saldos,banca comercial; incluye Sofomes ER subsidiarias de instituciones bancarias y grupos financieros; excluye CI Banco,gen2_banxico_imor_consumo_producto_mensual_2026t1_html
2022-01,Nómina,IFRS9_ETAPA_3,2.830000,porcentaje de saldos,banca comercial; incluye Sofomes ER subsidiarias de instituciones bancarias y grupos financieros; excluye CI Banco,gen2_banxico_imor_consumo_producto_mensual_2026t1_html
2022-02,Nómina,IFRS9_ETAPA_3,2.650000,porcentaje de saldos,banca comercial; incluye Sofomes ER subsidiarias de instituciones bancarias y grupos financieros; excluye CI Banco,gen2_banxico_imor_consumo_producto_mensual_2026t1_html
2022-03,Nómina,IFRS9_ETAPA_3,2.570000,porcentaje de saldos,banca comercial; incluye Sofomes ER subsidiarias de instituciones bancarias y grupos financieros; excluye CI Banco,gen2_banxico_imor_consumo_producto_mensual_2026t1_html
2022-04,Nómina,IFRS9_ETAPA_3,2.540000,porcentaje de saldos,banca comercial; incluye Sofomes ER subsidiarias de instituciones bancarias y grupos financieros; excluye CI Banco,gen2_banxico_imor_consumo_producto_mensual_2026t1_html
2022-05,Nómina,IFRS9_ETAPA_3,2.830000,porcentaje de saldos,banca comercial; incluye Sofomes ER subsidiarias de instituciones bancarias y grupos financieros; excluye CI Banco,gen2_banxico_imor_consumo_producto_mensual_2026t1_html
2022-06,Nómina,IFRS9_ETAPA_3,2.880000,porcentaje de saldos,banca comercial; incluye Sofomes ER subsidiarias de instituciones bancarias y grupos financieros; excluye CI Banco,gen2_banxico_imor_consumo_producto_mensual_2026t1_html
2022-07,Nómina,IFRS9_ETAPA_3,2.670000,porcentaje de saldos,banca comercial; incluye Sofomes ER subsidiarias de instituciones bancarias y grupos financieros; excluye CI Banco,gen2_banxico_imor_consumo_producto_mensual_2026t1_html
2022-08,Nómina,IFRS9_ETAPA_3,2.860000,porcentaje de saldos,banca comercial; incluye Sofomes ER subsidiarias de instituciones bancarias y grupos financieros; excluye CI Banco,gen2_banxico_imor_consumo_producto_mensual_2026t1_html
2022-09,Nómina,IFRS9_ETAPA_3,2.920000,porcentaje de saldos,banca comercial; incluye Sofomes ER subsidiarias de instituciones bancarias y grupos financieros; excluye CI Banco,gen2_banxico_imor_consumo_producto_mensual_2026t1_html
2022-10,Nómina,IFRS9_ETAPA_3,3.020000,porcentaje de saldos,banca comercial; incluye Sofomes ER subsidiarias de instituciones bancarias y grupos financieros; excluye CI Banco,gen2_banxico_imor_consumo_producto_mensual_2026t1_html
2022-11,Nómina,IFRS9_ETAPA_3,2.790000,porcentaje de saldos,banca comercial; incluye Sofomes ER subsidiarias de instituciones bancarias y grupos financieros; excluye CI Banco,gen2_banxico_imor_consumo_producto_mensual_2026t1_html
2022-12,Nómina,IFRS9_ETAPA_3,2.860000,porcentaje de saldos,banca comercial; incluye Sofomes ER subsidiarias de instituciones bancarias y grupos financieros; excluye CI Banco,gen2_banxico_imor_consumo_producto_mensual_2026t1_html
2023-01,Nómina,IFRS9_ETAPA_3,2.890000,porcentaje de saldos,banca comercial; incluye Sofomes ER subsidiarias de instituciones bancarias y grupos financieros; excluye CI Banco,gen2_banxico_imor_consumo_producto_mensual_2026t1_html
2023-02,Nómina,IFRS9_ETAPA_3,2.810000,porcentaje de saldos,banca comercial; incluye Sofomes ER subsidiarias de instituciones bancarias y grupos financieros; excluye CI Banco,gen2_banxico_imor_consumo_producto_mensual_2026t1_html
2023-03,Nómina,IFRS9_ETAPA_3,2.670000,porcentaje de saldos,banca comercial; incluye Sofomes ER subsidiarias de instituciones bancarias y grupos financieros; excluye CI Banco,gen2_banxico_imor_consumo_producto_mensual_2026t1_html
2023-04,Nómina,IFRS9_ETAPA_3,2.670000,porcentaje de saldos,banca comercial; incluye Sofomes ER subsidiarias de instituciones bancarias y grupos financieros; excluye CI Banco,gen2_banxico_imor_consumo_producto_mensual_2026t1_html
2023-05,Nómina,IFRS9_ETAPA_3,2.820000,porcentaje de saldos,banca comercial; incluye Sofomes ER subsidiarias de instituciones bancarias y grupos financieros; excluye CI Banco,gen2_banxico_imor_consumo_producto_mensual_2026t1_html
2023-06,Nómina,IFRS9_ETAPA_3,2.830000,porcentaje de saldos,banca comercial; incluye Sofomes ER subsidiarias de instituciones bancarias y grupos financieros; excluye CI Banco,gen2_banxico_imor_consumo_producto_mensual_2026t1_html
2023-07,Nómina,IFRS9_ETAPA_3,2.930000,porcentaje de saldos,banca comercial; incluye Sofomes ER subsidiarias de instituciones bancarias y grupos financieros; excluye CI Banco,gen2_banxico_imor_consumo_producto_mensual_2026t1_html
2023-08,Nómina,IFRS9_ETAPA_3,2.940000,porcentaje de saldos,banca comercial; incluye Sofomes ER subsidiarias de instituciones bancarias y grupos financieros; excluye CI Banco,gen2_banxico_imor_consumo_producto_mensual_2026t1_html
2023-09,Nómina,IFRS9_ETAPA_3,3.000000,porcentaje de saldos,banca comercial; incluye Sofomes ER subsidiarias de instituciones bancarias y grupos financieros; excluye CI Banco,gen2_banxico_imor_consumo_producto_mensual_2026t1_html
2023-10,Nómina,IFRS9_ETAPA_3,3.100000,porcentaje de saldos,banca comercial; incluye Sofomes ER subsidiarias de instituciones bancarias y grupos financieros; excluye CI Banco,gen2_banxico_imor_consumo_producto_mensual_2026t1_html
2023-11,Nómina,IFRS9_ETAPA_3,3.140000,porcentaje de saldos,banca comercial; incluye Sofomes ER subsidiarias de instituciones bancarias y grupos financieros; excluye CI Banco,gen2_banxico_imor_consumo_producto_mensual_2026t1_html
2023-12,Nómina,IFRS9_ETAPA_3,3.170000,porcentaje de saldos,banca comercial; incluye Sofomes ER subsidiarias de instituciones bancarias y grupos financieros; excluye CI Banco,gen2_banxico_imor_consumo_producto_mensual_2026t1_html
2024-01,Nómina,IFRS9_ETAPA_3,3.110000,porcentaje de saldos,banca comercial; incluye Sofomes ER subsidiarias de instituciones bancarias y grupos financieros; excluye CI Banco,gen2_banxico_imor_consumo_producto_mensual_2026t1_html
2024-02,Nómina,IFRS9_ETAPA_3,3.020000,porcentaje de saldos,banca comercial; incluye Sofomes ER subsidiarias de instituciones bancarias y grupos financieros; excluye CI Banco,gen2_banxico_imor_consumo_producto_mensual_2026t1_html
2024-03,Nómina,IFRS9_ETAPA_3,2.760000,porcentaje de saldos,banca comercial; incluye Sofomes ER subsidiarias de instituciones bancarias y grupos financieros; excluye CI Banco,gen2_banxico_imor_consumo_producto_mensual_2026t1_html
2024-04,Nómina,IFRS9_ETAPA_3,2.740000,porcentaje de saldos,banca comercial; incluye Sofomes ER subsidiarias de instituciones bancarias y grupos financieros; excluye CI Banco,gen2_banxico_imor_consumo_producto_mensual_2026t1_html
2024-05,Nómina,IFRS9_ETAPA_3,2.750000,porcentaje de saldos,banca comercial; incluye Sofomes ER subsidiarias de instituciones bancarias y grupos financieros; excluye CI Banco,gen2_banxico_imor_consumo_producto_mensual_2026t1_html
2024-06,Nómina,IFRS9_ETAPA_3,2.700000,porcentaje de saldos,banca comercial; incluye Sofomes ER subsidiarias de instituciones bancarias y grupos financieros; excluye CI Banco,gen2_banxico_imor_consumo_producto_mensual_2026t1_html
2024-07,Nómina,IFRS9_ETAPA_3,2.680000,porcentaje de saldos,banca comercial; incluye Sofomes ER subsidiarias de instituciones bancarias y grupos financieros; excluye CI Banco,gen2_banxico_imor_consumo_producto_mensual_2026t1_html
2024-08,Nómina,IFRS9_ETAPA_3,2.630000,porcentaje de saldos,banca comercial; incluye Sofomes ER subsidiarias de instituciones bancarias y grupos financieros; excluye CI Banco,gen2_banxico_imor_consumo_producto_mensual_2026t1_html
2024-09,Nómina,IFRS9_ETAPA_3,2.740000,porcentaje de saldos,banca comercial; incluye Sofomes ER subsidiarias de instituciones bancarias y grupos financieros; excluye CI Banco,gen2_banxico_imor_consumo_producto_mensual_2026t1_html
2024-10,Nómina,IFRS9_ETAPA_3,2.760000,porcentaje de saldos,banca comercial; incluye Sofomes ER subsidiarias de instituciones bancarias y grupos financieros; excluye CI Banco,gen2_banxico_imor_consumo_producto_mensual_2026t1_html
2024-11,Nómina,IFRS9_ETAPA_3,2.780000,porcentaje de saldos,banca comercial; incluye Sofomes ER subsidiarias de instituciones bancarias y grupos financieros; excluye CI Banco,gen2_banxico_imor_consumo_producto_mensual_2026t1_html
2024-12,Nómina,IFRS9_ETAPA_3,2.890000,porcentaje de saldos,banca comercial; incluye Sofomes ER subsidiarias de instituciones bancarias y grupos financieros; excluye CI Banco,gen2_banxico_imor_consumo_producto_mensual_2026t1_html
2025-01,Nómina,IFRS9_ETAPA_3,2.930000,porcentaje de saldos,banca comercial; incluye Sofomes ER subsidiarias de instituciones bancarias y grupos financieros; excluye CI Banco,gen2_banxico_imor_consumo_producto_mensual_2026t1_html
2025-02,Nómina,IFRS9_ETAPA_3,2.940000,porcentaje de saldos,banca comercial; incluye Sofomes ER subsidiarias de instituciones bancarias y grupos financieros; excluye CI Banco,gen2_banxico_imor_consumo_producto_mensual_2026t1_html
2025-03,Nómina,IFRS9_ETAPA_3,2.810000,porcentaje de saldos,banca comercial; incluye Sofomes ER subsidiarias de instituciones bancarias y grupos financieros; excluye CI Banco,gen2_banxico_imor_consumo_producto_mensual_2026t1_html
2025-04,Nómina,IFRS9_ETAPA_3,2.730000,porcentaje de saldos,banca comercial; incluye Sofomes ER subsidiarias de instituciones bancarias y grupos financieros; excluye CI Banco,gen2_banxico_imor_consumo_producto_mensual_2026t1_html
2025-05,Nómina,IFRS9_ETAPA_3,2.820000,porcentaje de saldos,banca comercial; incluye Sofomes ER subsidiarias de instituciones bancarias y grupos financieros; excluye CI Banco,gen2_banxico_imor_consumo_producto_mensual_2026t1_html
2025-06,Nómina,IFRS9_ETAPA_3,2.850000,porcentaje de saldos,banca comercial; incluye Sofomes ER subsidiarias de instituciones bancarias y grupos financieros; excluye CI Banco,gen2_banxico_imor_consumo_producto_mensual_2026t1_html
2025-07,Nómina,IFRS9_ETAPA_3,2.790000,porcentaje de saldos,banca comercial; incluye Sofomes ER subsidiarias de instituciones bancarias y grupos financieros; excluye CI Banco,gen2_banxico_imor_consumo_producto_mensual_2026t1_html
2025-08,Nómina,IFRS9_ETAPA_3,2.690000,porcentaje de saldos,banca comercial; incluye Sofomes ER subsidiarias de instituciones bancarias y grupos financieros; excluye CI Banco,gen2_banxico_imor_consumo_producto_mensual_2026t1_html
2025-09,Nómina,IFRS9_ETAPA_3,2.730000,porcentaje de saldos,banca comercial; incluye Sofomes ER subsidiarias de instituciones bancarias y grupos financieros; excluye CI Banco,gen2_banxico_imor_consumo_producto_mensual_2026t1_html
2025-10,Nómina,IFRS9_ETAPA_3,2.770000,porcentaje de saldos,banca comercial; incluye Sofomes ER subsidiarias de instituciones bancarias y grupos financieros; excluye CI Banco,gen2_banxico_imor_consumo_producto_mensual_2026t1_html
2025-11,Nómina,IFRS9_ETAPA_3,2.850000,porcentaje de saldos,banca comercial; incluye Sofomes ER subsidiarias de instituciones bancarias y grupos financieros; excluye CI Banco,gen2_banxico_imor_consumo_producto_mensual_2026t1_html
2025-12,Nómina,IFRS9_ETAPA_3,2.960000,porcentaje de saldos,banca comercial; incluye Sofomes ER subsidiarias de instituciones bancarias y grupos financieros; excluye CI Banco,gen2_banxico_imor_consumo_producto_mensual_2026t1_html
2026-01,Nómina,IFRS9_ETAPA_3,3.010000,porcentaje de saldos,banca comercial; incluye Sofomes ER subsidiarias de instituciones bancarias y grupos financieros; excluye CI Banco,gen2_banxico_imor_consumo_producto_mensual_2026t1_html
2026-02,Nómina,IFRS9_ETAPA_3,2.950000,porcentaje de saldos,banca comercial; incluye Sofomes ER subsidiarias de instituciones bancarias y grupos financieros; excluye CI Banco,gen2_banxico_imor_consumo_producto_mensual_2026t1_html
2026-03,Nómina,IFRS9_ETAPA_3,2.770000,porcentaje de saldos,banca comercial; incluye Sofomes ER subsidiarias de instituciones bancarias y grupos financieros; excluye CI Banco,gen2_banxico_imor_consumo_producto_mensual_2026t1_html
2016-01,Personales,PRE_IFRS9_CARTERA_VENCIDA,4.620000,porcentaje de saldos,banca comercial; incluye Sofomes ER subsidiarias de instituciones bancarias y grupos financieros; excluye CI Banco,gen2_banxico_imor_consumo_producto_mensual_2026t1_html
2016-02,Personales,PRE_IFRS9_CARTERA_VENCIDA,4.600000,porcentaje de saldos,banca comercial; incluye Sofomes ER subsidiarias de instituciones bancarias y grupos financieros; excluye CI Banco,gen2_banxico_imor_consumo_producto_mensual_2026t1_html
2016-03,Personales,PRE_IFRS9_CARTERA_VENCIDA,4.450000,porcentaje de saldos,banca comercial; incluye Sofomes ER subsidiarias de instituciones bancarias y grupos financieros; excluye CI Banco,gen2_banxico_imor_consumo_producto_mensual_2026t1_html
2016-04,Personales,PRE_IFRS9_CARTERA_VENCIDA,4.360000,porcentaje de saldos,banca comercial; incluye Sofomes ER subsidiarias de instituciones bancarias y grupos financieros; excluye CI Banco,gen2_banxico_imor_consumo_producto_mensual_2026t1_html
2016-05,Personales,PRE_IFRS9_CARTERA_VENCIDA,4.450000,porcentaje de saldos,banca comercial; incluye Sofomes ER subsidiarias de instituciones bancarias y grupos financieros; excluye CI Banco,gen2_banxico_imor_consumo_producto_mensual_2026t1_html
2016-06,Personales,PRE_IFRS9_CARTERA_VENCIDA,4.360000,porcentaje de saldos,banca comercial; incluye Sofomes ER subsidiarias de instituciones bancarias y grupos financieros; excluye CI Banco,gen2_banxico_imor_consumo_producto_mensual_2026t1_html
2016-07,Personales,PRE_IFRS9_CARTERA_VENCIDA,4.380000,porcentaje de saldos,banca comercial; incluye Sofomes ER subsidiarias de instituciones bancarias y grupos financieros; excluye CI Banco,gen2_banxico_imor_consumo_producto_mensual_2026t1_html
2016-08,Personales,PRE_IFRS9_CARTERA_VENCIDA,4.410000,porcentaje de saldos,banca comercial; incluye Sofomes ER subsidiarias de instituciones bancarias y grupos financieros; excluye CI Banco,gen2_banxico_imor_consumo_producto_mensual_2026t1_html
2016-09,Personales,PRE_IFRS9_CARTERA_VENCIDA,4.390000,porcentaje de saldos,banca comercial; incluye Sofomes ER subsidiarias de instituciones bancarias y grupos financieros; excluye CI Banco,gen2_banxico_imor_consumo_producto_mensual_2026t1_html
2016-10,Personales,PRE_IFRS9_CARTERA_VENCIDA,4.440000,porcentaje de saldos,banca comercial; incluye Sofomes ER subsidiarias de instituciones bancarias y grupos financieros; excluye CI Banco,gen2_banxico_imor_consumo_producto_mensual_2026t1_html
2016-11,Personales,PRE_IFRS9_CARTERA_VENCIDA,4.640000,porcentaje de saldos,banca comercial; incluye Sofomes ER subsidiarias de instituciones bancarias y grupos financieros; excluye CI Banco,gen2_banxico_imor_consumo_producto_mensual_2026t1_html
2016-12,Personales,PRE_IFRS9_CARTERA_VENCIDA,4.590000,porcentaje de saldos,banca comercial; incluye Sofomes ER subsidiarias de instituciones bancarias y grupos financieros; excluye CI Banco,gen2_banxico_imor_consumo_producto_mensual_2026t1_html
2017-01,Personales,PRE_IFRS9_CARTERA_VENCIDA,4.910000,porcentaje de saldos,banca comercial; incluye Sofomes ER subsidiarias de instituciones bancarias y grupos financieros; excluye CI Banco,gen2_banxico_imor_consumo_producto_mensual_2026t1_html
2017-02,Personales,PRE_IFRS9_CARTERA_VENCIDA,4.890000,porcentaje de saldos,banca comercial; incluye Sofomes ER subsidiarias de instituciones bancarias y grupos financieros; excluye CI Banco,gen2_banxico_imor_consumo_producto_mensual_2026t1_html
2017-03,Personales,PRE_IFRS9_CARTERA_VENCIDA,4.780000,porcentaje de saldos,banca comercial; incluye Sofomes ER subsidiarias de instituciones bancarias y grupos financieros; excluye CI Banco,gen2_banxico_imor_consumo_producto_mensual_2026t1_html
2017-04,Personales,PRE_IFRS9_CARTERA_VENCIDA,4.730000,porcentaje de saldos,banca comercial; incluye Sofomes ER subsidiarias de instituciones bancarias y grupos financieros; excluye CI Banco,gen2_banxico_imor_consumo_producto_mensual_2026t1_html
2017-05,Personales,PRE_IFRS9_CARTERA_VENCIDA,4.830000,porcentaje de saldos,banca comercial; incluye Sofomes ER subsidiarias de instituciones bancarias y grupos financieros; excluye CI Banco,gen2_banxico_imor_consumo_producto_mensual_2026t1_html
2017-06,Personales,PRE_IFRS9_CARTERA_VENCIDA,5.150000,porcentaje de saldos,banca comercial; incluye Sofomes ER subsidiarias de instituciones bancarias y grupos financieros; excluye CI Banco,gen2_banxico_imor_consumo_producto_mensual_2026t1_html
2017-07,Personales,PRE_IFRS9_CARTERA_VENCIDA,5.240000,porcentaje de saldos,banca comercial; incluye Sofomes ER subsidiarias de instituciones bancarias y grupos financieros; excluye CI Banco,gen2_banxico_imor_consumo_producto_mensual_2026t1_html
2017-08,Personales,PRE_IFRS9_CARTERA_VENCIDA,5.250000,porcentaje de saldos,banca comercial; incluye Sofomes ER subsidiarias de instituciones bancarias y grupos financieros; excluye CI Banco,gen2_banxico_imor_consumo_producto_mensual_2026t1_html
2017-09,Personales,PRE_IFRS9_CARTERA_VENCIDA,5.220000,porcentaje de saldos,banca comercial; incluye Sofomes ER subsidiarias de instituciones bancarias y grupos financieros; excluye CI Banco,gen2_banxico_imor_consumo_producto_mensual_2026t1_html
2017-10,Personales,PRE_IFRS9_CARTERA_VENCIDA,5.440000,porcentaje de saldos,banca comercial; incluye Sofomes ER subsidiarias de instituciones bancarias y grupos financieros; excluye CI Banco,gen2_banxico_imor_consumo_producto_mensual_2026t1_html
2017-11,Personales,PRE_IFRS9_CARTERA_VENCIDA,5.580000,porcentaje de saldos,banca comercial; incluye Sofomes ER subsidiarias de instituciones bancarias y grupos financieros; excluye CI Banco,gen2_banxico_imor_consumo_producto_mensual_2026t1_html
2017-12,Personales,PRE_IFRS9_CARTERA_VENCIDA,5.640000,porcentaje de saldos,banca comercial; incluye Sofomes ER subsidiarias de instituciones bancarias y grupos financieros; excluye CI Banco,gen2_banxico_imor_consumo_producto_mensual_2026t1_html
2018-01,Personales,PRE_IFRS9_CARTERA_VENCIDA,5.850000,porcentaje de saldos,banca comercial; incluye Sofomes ER subsidiarias de instituciones bancarias y grupos financieros; excluye CI Banco,gen2_banxico_imor_consumo_producto_mensual_2026t1_html
2018-02,Personales,PRE_IFRS9_CARTERA_VENCIDA,5.820000,porcentaje de saldos,banca comercial; incluye Sofomes ER subsidiarias de instituciones bancarias y grupos financieros; excluye CI Banco,gen2_banxico_imor_consumo_producto_mensual_2026t1_html
2018-03,Personales,PRE_IFRS9_CARTERA_VENCIDA,5.890000,porcentaje de saldos,banca comercial; incluye Sofomes ER subsidiarias de instituciones bancarias y grupos financieros; excluye CI Banco,gen2_banxico_imor_consumo_producto_mensual_2026t1_html
2018-04,Personales,PRE_IFRS9_CARTERA_VENCIDA,6.060000,porcentaje de saldos,banca comercial; incluye Sofomes ER subsidiarias de instituciones bancarias y grupos financieros; excluye CI Banco,gen2_banxico_imor_consumo_producto_mensual_2026t1_html
2018-05,Personales,PRE_IFRS9_CARTERA_VENCIDA,6.160000,porcentaje de saldos,banca comercial; incluye Sofomes ER subsidiarias de instituciones bancarias y grupos financieros; excluye CI Banco,gen2_banxico_imor_consumo_producto_mensual_2026t1_html
2018-06,Personales,PRE_IFRS9_CARTERA_VENCIDA,6.030000,porcentaje de saldos,banca comercial; incluye Sofomes ER subsidiarias de instituciones bancarias y grupos financieros; excluye CI Banco,gen2_banxico_imor_consumo_producto_mensual_2026t1_html
2018-07,Personales,PRE_IFRS9_CARTERA_VENCIDA,5.970000,porcentaje de saldos,banca comercial; incluye Sofomes ER subsidiarias de instituciones bancarias y grupos financieros; excluye CI Banco,gen2_banxico_imor_consumo_producto_mensual_2026t1_html
2018-08,Personales,PRE_IFRS9_CARTERA_VENCIDA,5.900000,porcentaje de saldos,banca comercial; incluye Sofomes ER subsidiarias de instituciones bancarias y grupos financieros; excluye CI Banco,gen2_banxico_imor_consumo_producto_mensual_2026t1_html
2018-09,Personales,PRE_IFRS9_CARTERA_VENCIDA,5.870000,porcentaje de saldos,banca comercial; incluye Sofomes ER subsidiarias de instituciones bancarias y grupos financieros; excluye CI Banco,gen2_banxico_imor_consumo_producto_mensual_2026t1_html
2018-10,Personales,PRE_IFRS9_CARTERA_VENCIDA,5.890000,porcentaje de saldos,banca comercial; incluye Sofomes ER subsidiarias de instituciones bancarias y grupos financieros; excluye CI Banco,gen2_banxico_imor_consumo_producto_mensual_2026t1_html
2018-11,Personales,PRE_IFRS9_CARTERA_VENCIDA,5.670000,porcentaje de saldos,banca comercial; incluye Sofomes ER subsidiarias de instituciones bancarias y grupos financieros; excluye CI Banco,gen2_banxico_imor_consumo_producto_mensual_2026t1_html
2018-12,Personales,PRE_IFRS9_CARTERA_VENCIDA,5.560000,porcentaje de saldos,banca comercial; incluye Sofomes ER subsidiarias de instituciones bancarias y grupos financieros; excluye CI Banco,gen2_banxico_imor_consumo_producto_mensual_2026t1_html
2019-01,Personales,PRE_IFRS9_CARTERA_VENCIDA,5.550000,porcentaje de saldos,banca comercial; incluye Sofomes ER subsidiarias de instituciones bancarias y grupos financieros; excluye CI Banco,gen2_banxico_imor_consumo_producto_mensual_2026t1_html
2019-02,Personales,PRE_IFRS9_CARTERA_VENCIDA,5.530000,porcentaje de saldos,banca comercial; incluye Sofomes ER subsidiarias de instituciones bancarias y grupos financieros; excluye CI Banco,gen2_banxico_imor_consumo_producto_mensual_2026t1_html
2019-03,Personales,PRE_IFRS9_CARTERA_VENCIDA,5.390000,porcentaje de saldos,banca comercial; incluye Sofomes ER subsidiarias de instituciones bancarias y grupos financieros; excluye CI Banco,gen2_banxico_imor_consumo_producto_mensual_2026t1_html
2019-04,Personales,PRE_IFRS9_CARTERA_VENCIDA,5.370000,porcentaje de saldos,banca comercial; incluye Sofomes ER subsidiarias de instituciones bancarias y grupos financieros; excluye CI Banco,gen2_banxico_imor_consumo_producto_mensual_2026t1_html
2019-05,Personales,PRE_IFRS9_CARTERA_VENCIDA,5.360000,porcentaje de saldos,banca comercial; incluye Sofomes ER subsidiarias de instituciones bancarias y grupos financieros; excluye CI Banco,gen2_banxico_imor_consumo_producto_mensual_2026t1_html
2019-06,Personales,PRE_IFRS9_CARTERA_VENCIDA,5.380000,porcentaje de saldos,banca comercial; incluye Sofomes ER subsidiarias de instituciones bancarias y grupos financieros; excluye CI Banco,gen2_banxico_imor_consumo_producto_mensual_2026t1_html
2019-07,Personales,PRE_IFRS9_CARTERA_VENCIDA,5.490000,porcentaje de saldos,banca comercial; incluye Sofomes ER subsidiarias de instituciones bancarias y grupos financieros; excluye CI Banco,gen2_banxico_imor_consumo_producto_mensual_2026t1_html
2019-08,Personales,PRE_IFRS9_CARTERA_VENCIDA,5.470000,porcentaje de saldos,banca comercial; incluye Sofomes ER subsidiarias de instituciones bancarias y grupos financieros; excluye CI Banco,gen2_banxico_imor_consumo_producto_mensual_2026t1_html
2019-09,Personales,PRE_IFRS9_CARTERA_VENCIDA,5.550000,porcentaje de saldos,banca comercial; incluye Sofomes ER subsidiarias de instituciones bancarias y grupos financieros; excluye CI Banco,gen2_banxico_imor_consumo_producto_mensual_2026t1_html
2019-10,Personales,PRE_IFRS9_CARTERA_VENCIDA,5.520000,porcentaje de saldos,banca comercial; incluye Sofomes ER subsidiarias de instituciones bancarias y grupos financieros; excluye CI Banco,gen2_banxico_imor_consumo_producto_mensual_2026t1_html
2019-11,Personales,PRE_IFRS9_CARTERA_VENCIDA,5.510000,porcentaje de saldos,banca comercial; incluye Sofomes ER subsidiarias de instituciones bancarias y grupos financieros; excluye CI Banco,gen2_banxico_imor_consumo_producto_mensual_2026t1_html
2019-12,Personales,PRE_IFRS9_CARTERA_VENCIDA,5.500000,porcentaje de saldos,banca comercial; incluye Sofomes ER subsidiarias de instituciones bancarias y grupos financieros; excluye CI Banco,gen2_banxico_imor_consumo_producto_mensual_2026t1_html
2020-01,Personales,PRE_IFRS9_CARTERA_VENCIDA,5.480000,porcentaje de saldos,banca comercial; incluye Sofomes ER subsidiarias de instituciones bancarias y grupos financieros; excluye CI Banco,gen2_banxico_imor_consumo_producto_mensual_2026t1_html
2020-02,Personales,PRE_IFRS9_CARTERA_VENCIDA,5.450000,porcentaje de saldos,banca comercial; incluye Sofomes ER subsidiarias de instituciones bancarias y grupos financieros; excluye CI Banco,gen2_banxico_imor_consumo_producto_mensual_2026t1_html
2020-03,Personales,PRE_IFRS9_CARTERA_VENCIDA,5.420000,porcentaje de saldos,banca comercial; incluye Sofomes ER subsidiarias de instituciones bancarias y grupos financieros; excluye CI Banco,gen2_banxico_imor_consumo_producto_mensual_2026t1_html
2020-04,Personales,PRE_IFRS9_CARTERA_VENCIDA,5.570000,porcentaje de saldos,banca comercial; incluye Sofomes ER subsidiarias de instituciones bancarias y grupos financieros; excluye CI Banco,gen2_banxico_imor_consumo_producto_mensual_2026t1_html
2020-05,Personales,PRE_IFRS9_CARTERA_VENCIDA,5.970000,porcentaje de saldos,banca comercial; incluye Sofomes ER subsidiarias de instituciones bancarias y grupos financieros; excluye CI Banco,gen2_banxico_imor_consumo_producto_mensual_2026t1_html
2020-06,Personales,PRE_IFRS9_CARTERA_VENCIDA,5.970000,porcentaje de saldos,banca comercial; incluye Sofomes ER subsidiarias de instituciones bancarias y grupos financieros; excluye CI Banco,gen2_banxico_imor_consumo_producto_mensual_2026t1_html
2020-07,Personales,PRE_IFRS9_CARTERA_VENCIDA,6.010000,porcentaje de saldos,banca comercial; incluye Sofomes ER subsidiarias de instituciones bancarias y grupos financieros; excluye CI Banco,gen2_banxico_imor_consumo_producto_mensual_2026t1_html
2020-08,Personales,PRE_IFRS9_CARTERA_VENCIDA,5.840000,porcentaje de saldos,banca comercial; incluye Sofomes ER subsidiarias de instituciones bancarias y grupos financieros; excluye CI Banco,gen2_banxico_imor_consumo_producto_mensual_2026t1_html
2020-09,Personales,PRE_IFRS9_CARTERA_VENCIDA,5.740000,porcentaje de saldos,banca comercial; incluye Sofomes ER subsidiarias de instituciones bancarias y grupos financieros; excluye CI Banco,gen2_banxico_imor_consumo_producto_mensual_2026t1_html
2020-10,Personales,PRE_IFRS9_CARTERA_VENCIDA,5.690000,porcentaje de saldos,banca comercial; incluye Sofomes ER subsidiarias de instituciones bancarias y grupos financieros; excluye CI Banco,gen2_banxico_imor_consumo_producto_mensual_2026t1_html
2020-11,Personales,PRE_IFRS9_CARTERA_VENCIDA,6.790000,porcentaje de saldos,banca comercial; incluye Sofomes ER subsidiarias de instituciones bancarias y grupos financieros; excluye CI Banco,gen2_banxico_imor_consumo_producto_mensual_2026t1_html
2020-12,Personales,PRE_IFRS9_CARTERA_VENCIDA,7.390000,porcentaje de saldos,banca comercial; incluye Sofomes ER subsidiarias de instituciones bancarias y grupos financieros; excluye CI Banco,gen2_banxico_imor_consumo_producto_mensual_2026t1_html
2021-01,Personales,PRE_IFRS9_CARTERA_VENCIDA,7.600000,porcentaje de saldos,banca comercial; incluye Sofomes ER subsidiarias de instituciones bancarias y grupos financieros; excluye CI Banco,gen2_banxico_imor_consumo_producto_mensual_2026t1_html
2021-02,Personales,PRE_IFRS9_CARTERA_VENCIDA,7.580000,porcentaje de saldos,banca comercial; incluye Sofomes ER subsidiarias de instituciones bancarias y grupos financieros; excluye CI Banco,gen2_banxico_imor_consumo_producto_mensual_2026t1_html
2021-03,Personales,PRE_IFRS9_CARTERA_VENCIDA,6.970000,porcentaje de saldos,banca comercial; incluye Sofomes ER subsidiarias de instituciones bancarias y grupos financieros; excluye CI Banco,gen2_banxico_imor_consumo_producto_mensual_2026t1_html
2021-04,Personales,PRE_IFRS9_CARTERA_VENCIDA,6.570000,porcentaje de saldos,banca comercial; incluye Sofomes ER subsidiarias de instituciones bancarias y grupos financieros; excluye CI Banco,gen2_banxico_imor_consumo_producto_mensual_2026t1_html
2021-05,Personales,PRE_IFRS9_CARTERA_VENCIDA,6.370000,porcentaje de saldos,banca comercial; incluye Sofomes ER subsidiarias de instituciones bancarias y grupos financieros; excluye CI Banco,gen2_banxico_imor_consumo_producto_mensual_2026t1_html
2021-06,Personales,PRE_IFRS9_CARTERA_VENCIDA,6.000000,porcentaje de saldos,banca comercial; incluye Sofomes ER subsidiarias de instituciones bancarias y grupos financieros; excluye CI Banco,gen2_banxico_imor_consumo_producto_mensual_2026t1_html
2021-07,Personales,PRE_IFRS9_CARTERA_VENCIDA,5.750000,porcentaje de saldos,banca comercial; incluye Sofomes ER subsidiarias de instituciones bancarias y grupos financieros; excluye CI Banco,gen2_banxico_imor_consumo_producto_mensual_2026t1_html
2021-08,Personales,PRE_IFRS9_CARTERA_VENCIDA,5.420000,porcentaje de saldos,banca comercial; incluye Sofomes ER subsidiarias de instituciones bancarias y grupos financieros; excluye CI Banco,gen2_banxico_imor_consumo_producto_mensual_2026t1_html
2021-09,Personales,PRE_IFRS9_CARTERA_VENCIDA,5.220000,porcentaje de saldos,banca comercial; incluye Sofomes ER subsidiarias de instituciones bancarias y grupos financieros; excluye CI Banco,gen2_banxico_imor_consumo_producto_mensual_2026t1_html
2021-10,Personales,PRE_IFRS9_CARTERA_VENCIDA,5.260000,porcentaje de saldos,banca comercial; incluye Sofomes ER subsidiarias de instituciones bancarias y grupos financieros; excluye CI Banco,gen2_banxico_imor_consumo_producto_mensual_2026t1_html
2021-11,Personales,PRE_IFRS9_CARTERA_VENCIDA,5.280000,porcentaje de saldos,banca comercial; incluye Sofomes ER subsidiarias de instituciones bancarias y grupos financieros; excluye CI Banco,gen2_banxico_imor_consumo_producto_mensual_2026t1_html
2021-12,Personales,PRE_IFRS9_CARTERA_VENCIDA,5.200000,porcentaje de saldos,banca comercial; incluye Sofomes ER subsidiarias de instituciones bancarias y grupos financieros; excluye CI Banco,gen2_banxico_imor_consumo_producto_mensual_2026t1_html
2022-01,Personales,IFRS9_ETAPA_3,5.160000,porcentaje de saldos,banca comercial; incluye Sofomes ER subsidiarias de instituciones bancarias y grupos financieros; excluye CI Banco,gen2_banxico_imor_consumo_producto_mensual_2026t1_html
2022-02,Personales,IFRS9_ETAPA_3,4.760000,porcentaje de saldos,banca comercial; incluye Sofomes ER subsidiarias de instituciones bancarias y grupos financieros; excluye CI Banco,gen2_banxico_imor_consumo_producto_mensual_2026t1_html
2022-03,Personales,IFRS9_ETAPA_3,4.380000,porcentaje de saldos,banca comercial; incluye Sofomes ER subsidiarias de instituciones bancarias y grupos financieros; excluye CI Banco,gen2_banxico_imor_consumo_producto_mensual_2026t1_html
2022-04,Personales,IFRS9_ETAPA_3,4.250000,porcentaje de saldos,banca comercial; incluye Sofomes ER subsidiarias de instituciones bancarias y grupos financieros; excluye CI Banco,gen2_banxico_imor_consumo_producto_mensual_2026t1_html
2022-05,Personales,IFRS9_ETAPA_3,4.250000,porcentaje de saldos,banca comercial; incluye Sofomes ER subsidiarias de instituciones bancarias y grupos financieros; excluye CI Banco,gen2_banxico_imor_consumo_producto_mensual_2026t1_html
2022-06,Personales,IFRS9_ETAPA_3,4.210000,porcentaje de saldos,banca comercial; incluye Sofomes ER subsidiarias de instituciones bancarias y grupos financieros; excluye CI Banco,gen2_banxico_imor_consumo_producto_mensual_2026t1_html
2022-07,Personales,IFRS9_ETAPA_3,4.170000,porcentaje de saldos,banca comercial; incluye Sofomes ER subsidiarias de instituciones bancarias y grupos financieros; excluye CI Banco,gen2_banxico_imor_consumo_producto_mensual_2026t1_html
2022-08,Personales,IFRS9_ETAPA_3,4.250000,porcentaje de saldos,banca comercial; incluye Sofomes ER subsidiarias de instituciones bancarias y grupos financieros; excluye CI Banco,gen2_banxico_imor_consumo_producto_mensual_2026t1_html
2022-09,Personales,IFRS9_ETAPA_3,4.310000,porcentaje de saldos,banca comercial; incluye Sofomes ER subsidiarias de instituciones bancarias y grupos financieros; excluye CI Banco,gen2_banxico_imor_consumo_producto_mensual_2026t1_html
2022-10,Personales,IFRS9_ETAPA_3,4.540000,porcentaje de saldos,banca comercial; incluye Sofomes ER subsidiarias de instituciones bancarias y grupos financieros; excluye CI Banco,gen2_banxico_imor_consumo_producto_mensual_2026t1_html
2022-11,Personales,IFRS9_ETAPA_3,4.510000,porcentaje de saldos,banca comercial; incluye Sofomes ER subsidiarias de instituciones bancarias y grupos financieros; excluye CI Banco,gen2_banxico_imor_consumo_producto_mensual_2026t1_html
2022-12,Personales,IFRS9_ETAPA_3,4.630000,porcentaje de saldos,banca comercial; incluye Sofomes ER subsidiarias de instituciones bancarias y grupos financieros; excluye CI Banco,gen2_banxico_imor_consumo_producto_mensual_2026t1_html
2023-01,Personales,IFRS9_ETAPA_3,4.750000,porcentaje de saldos,banca comercial; incluye Sofomes ER subsidiarias de instituciones bancarias y grupos financieros; excluye CI Banco,gen2_banxico_imor_consumo_producto_mensual_2026t1_html
2023-02,Personales,IFRS9_ETAPA_3,4.800000,porcentaje de saldos,banca comercial; incluye Sofomes ER subsidiarias de instituciones bancarias y grupos financieros; excluye CI Banco,gen2_banxico_imor_consumo_producto_mensual_2026t1_html
2023-03,Personales,IFRS9_ETAPA_3,4.650000,porcentaje de saldos,banca comercial; incluye Sofomes ER subsidiarias de instituciones bancarias y grupos financieros; excluye CI Banco,gen2_banxico_imor_consumo_producto_mensual_2026t1_html
2023-04,Personales,IFRS9_ETAPA_3,4.680000,porcentaje de saldos,banca comercial; incluye Sofomes ER subsidiarias de instituciones bancarias y grupos financieros; excluye CI Banco,gen2_banxico_imor_consumo_producto_mensual_2026t1_html
2023-05,Personales,IFRS9_ETAPA_3,4.760000,porcentaje de saldos,banca comercial; incluye Sofomes ER subsidiarias de instituciones bancarias y grupos financieros; excluye CI Banco,gen2_banxico_imor_consumo_producto_mensual_2026t1_html
2023-06,Personales,IFRS9_ETAPA_3,4.770000,porcentaje de saldos,banca comercial; incluye Sofomes ER subsidiarias de instituciones bancarias y grupos financieros; excluye CI Banco,gen2_banxico_imor_consumo_producto_mensual_2026t1_html
2023-07,Personales,IFRS9_ETAPA_3,4.780000,porcentaje de saldos,banca comercial; incluye Sofomes ER subsidiarias de instituciones bancarias y grupos financieros; excluye CI Banco,gen2_banxico_imor_consumo_producto_mensual_2026t1_html
2023-08,Personales,IFRS9_ETAPA_3,4.740000,porcentaje de saldos,banca comercial; incluye Sofomes ER subsidiarias de instituciones bancarias y grupos financieros; excluye CI Banco,gen2_banxico_imor_consumo_producto_mensual_2026t1_html
2023-09,Personales,IFRS9_ETAPA_3,4.800000,porcentaje de saldos,banca comercial; incluye Sofomes ER subsidiarias de instituciones bancarias y grupos financieros; excluye CI Banco,gen2_banxico_imor_consumo_producto_mensual_2026t1_html
2023-10,Personales,IFRS9_ETAPA_3,4.870000,porcentaje de saldos,banca comercial; incluye Sofomes ER subsidiarias de instituciones bancarias y grupos financieros; excluye CI Banco,gen2_banxico_imor_consumo_producto_mensual_2026t1_html
2023-11,Personales,IFRS9_ETAPA_3,5.030000,porcentaje de saldos,banca comercial; incluye Sofomes ER subsidiarias de instituciones bancarias y grupos financieros; excluye CI Banco,gen2_banxico_imor_consumo_producto_mensual_2026t1_html
2023-12,Personales,IFRS9_ETAPA_3,5.140000,porcentaje de saldos,banca comercial; incluye Sofomes ER subsidiarias de instituciones bancarias y grupos financieros; excluye CI Banco,gen2_banxico_imor_consumo_producto_mensual_2026t1_html
2024-01,Personales,IFRS9_ETAPA_3,5.080000,porcentaje de saldos,banca comercial; incluye Sofomes ER subsidiarias de instituciones bancarias y grupos financieros; excluye CI Banco,gen2_banxico_imor_consumo_producto_mensual_2026t1_html
2024-02,Personales,IFRS9_ETAPA_3,4.920000,porcentaje de saldos,banca comercial; incluye Sofomes ER subsidiarias de instituciones bancarias y grupos financieros; excluye CI Banco,gen2_banxico_imor_consumo_producto_mensual_2026t1_html
2024-03,Personales,IFRS9_ETAPA_3,4.670000,porcentaje de saldos,banca comercial; incluye Sofomes ER subsidiarias de instituciones bancarias y grupos financieros; excluye CI Banco,gen2_banxico_imor_consumo_producto_mensual_2026t1_html
2024-04,Personales,IFRS9_ETAPA_3,4.380000,porcentaje de saldos,banca comercial; incluye Sofomes ER subsidiarias de instituciones bancarias y grupos financieros; excluye CI Banco,gen2_banxico_imor_consumo_producto_mensual_2026t1_html
2024-05,Personales,IFRS9_ETAPA_3,4.320000,porcentaje de saldos,banca comercial; incluye Sofomes ER subsidiarias de instituciones bancarias y grupos financieros; excluye CI Banco,gen2_banxico_imor_consumo_producto_mensual_2026t1_html
2024-06,Personales,IFRS9_ETAPA_3,4.380000,porcentaje de saldos,banca comercial; incluye Sofomes ER subsidiarias de instituciones bancarias y grupos financieros; excluye CI Banco,gen2_banxico_imor_consumo_producto_mensual_2026t1_html
2024-07,Personales,IFRS9_ETAPA_3,4.410000,porcentaje de saldos,banca comercial; incluye Sofomes ER subsidiarias de instituciones bancarias y grupos financieros; excluye CI Banco,gen2_banxico_imor_consumo_producto_mensual_2026t1_html
2024-08,Personales,IFRS9_ETAPA_3,4.400000,porcentaje de saldos,banca comercial; incluye Sofomes ER subsidiarias de instituciones bancarias y grupos financieros; excluye CI Banco,gen2_banxico_imor_consumo_producto_mensual_2026t1_html
2024-09,Personales,IFRS9_ETAPA_3,4.540000,porcentaje de saldos,banca comercial; incluye Sofomes ER subsidiarias de instituciones bancarias y grupos financieros; excluye CI Banco,gen2_banxico_imor_consumo_producto_mensual_2026t1_html
2024-10,Personales,IFRS9_ETAPA_3,4.510000,porcentaje de saldos,banca comercial; incluye Sofomes ER subsidiarias de instituciones bancarias y grupos financieros; excluye CI Banco,gen2_banxico_imor_consumo_producto_mensual_2026t1_html
2024-11,Personales,IFRS9_ETAPA_3,4.600000,porcentaje de saldos,banca comercial; incluye Sofomes ER subsidiarias de instituciones bancarias y grupos financieros; excluye CI Banco,gen2_banxico_imor_consumo_producto_mensual_2026t1_html
2024-12,Personales,IFRS9_ETAPA_3,4.620000,porcentaje de saldos,banca comercial; incluye Sofomes ER subsidiarias de instituciones bancarias y grupos financieros; excluye CI Banco,gen2_banxico_imor_consumo_producto_mensual_2026t1_html
2025-01,Personales,IFRS9_ETAPA_3,4.610000,porcentaje de saldos,banca comercial; incluye Sofomes ER subsidiarias de instituciones bancarias y grupos financieros; excluye CI Banco,gen2_banxico_imor_consumo_producto_mensual_2026t1_html
2025-02,Personales,IFRS9_ETAPA_3,4.620000,porcentaje de saldos,banca comercial; incluye Sofomes ER subsidiarias de instituciones bancarias y grupos financieros; excluye CI Banco,gen2_banxico_imor_consumo_producto_mensual_2026t1_html
2025-03,Personales,IFRS9_ETAPA_3,4.470000,porcentaje de saldos,banca comercial; incluye Sofomes ER subsidiarias de instituciones bancarias y grupos financieros; excluye CI Banco,gen2_banxico_imor_consumo_producto_mensual_2026t1_html
2025-04,Personales,IFRS9_ETAPA_3,4.360000,porcentaje de saldos,banca comercial; incluye Sofomes ER subsidiarias de instituciones bancarias y grupos financieros; excluye CI Banco,gen2_banxico_imor_consumo_producto_mensual_2026t1_html
2025-05,Personales,IFRS9_ETAPA_3,4.410000,porcentaje de saldos,banca comercial; incluye Sofomes ER subsidiarias de instituciones bancarias y grupos financieros; excluye CI Banco,gen2_banxico_imor_consumo_producto_mensual_2026t1_html
2025-06,Personales,IFRS9_ETAPA_3,4.450000,porcentaje de saldos,banca comercial; incluye Sofomes ER subsidiarias de instituciones bancarias y grupos financieros; excluye CI Banco,gen2_banxico_imor_consumo_producto_mensual_2026t1_html
2025-07,Personales,IFRS9_ETAPA_3,4.580000,porcentaje de saldos,banca comercial; incluye Sofomes ER subsidiarias de instituciones bancarias y grupos financieros; excluye CI Banco,gen2_banxico_imor_consumo_producto_mensual_2026t1_html
2025-08,Personales,IFRS9_ETAPA_3,4.630000,porcentaje de saldos,banca comercial; incluye Sofomes ER subsidiarias de instituciones bancarias y grupos financieros; excluye CI Banco,gen2_banxico_imor_consumo_producto_mensual_2026t1_html
2025-09,Personales,IFRS9_ETAPA_3,4.850000,porcentaje de saldos,banca comercial; incluye Sofomes ER subsidiarias de instituciones bancarias y grupos financieros; excluye CI Banco,gen2_banxico_imor_consumo_producto_mensual_2026t1_html
2025-10,Personales,IFRS9_ETAPA_3,5.370000,porcentaje de saldos,banca comercial; incluye Sofomes ER subsidiarias de instituciones bancarias y grupos financieros; excluye CI Banco,gen2_banxico_imor_consumo_producto_mensual_2026t1_html
2025-11,Personales,IFRS9_ETAPA_3,5.790000,porcentaje de saldos,banca comercial; incluye Sofomes ER subsidiarias de instituciones bancarias y grupos financieros; excluye CI Banco,gen2_banxico_imor_consumo_producto_mensual_2026t1_html
2025-12,Personales,IFRS9_ETAPA_3,6.000000,porcentaje de saldos,banca comercial; incluye Sofomes ER subsidiarias de instituciones bancarias y grupos financieros; excluye CI Banco,gen2_banxico_imor_consumo_producto_mensual_2026t1_html
2026-01,Personales,IFRS9_ETAPA_3,5.770000,porcentaje de saldos,banca comercial; incluye Sofomes ER subsidiarias de instituciones bancarias y grupos financieros; excluye CI Banco,gen2_banxico_imor_consumo_producto_mensual_2026t1_html
2026-02,Personales,IFRS9_ETAPA_3,5.510000,porcentaje de saldos,banca comercial; incluye Sofomes ER subsidiarias de instituciones bancarias y grupos financieros; excluye CI Banco,gen2_banxico_imor_consumo_producto_mensual_2026t1_html
2026-03,Personales,IFRS9_ETAPA_3,5.290000,porcentaje de saldos,banca comercial; incluye Sofomes ER subsidiarias de instituciones bancarias y grupos financieros; excluye CI Banco,gen2_banxico_imor_consumo_producto_mensual_2026t1_html
