"id"	"origen"	"linea"	"linea_fin"	"mapa_id"	"afirmacion"	"tipo"	"dictamen"	"razon_sin_cifra"	"argumento"	"evidencia"	"estado_adopcion"	"vigencia"	"cambio_editorial"
"REL-M001"	"mapa"	"9"	"9"	"ASTRA5-U0-RELIG-001"	"El catolicismo paso de 82.7% (2010) a 77.7% (2020, INEGI)."	"CIFRA-PUBLICADA"	"CONFIRMA"	""	"El cuadro primario INEGI publica ambos puntos con universo población total; confirma descenso descriptivo, no crisis causal institucional ni descreimiento."	"REL-S10;REL-E1;REL-E2"	"No adopción de tesis; RESULT citados adoptados por instrumento; propuesta editorial"	"corte 2c646cba93eebc9189a8135a5369bb45e8d29b89"	"Reemplazo por alcance acotado; literal GEN1 conservado en v1"
"REL-M002"	"mapa"	"9"	"9"	"ASTRA5-U0-RELIG-002"	"El estudio del Pew Research Center 'Catholicism Has Declined in Latin America Over the Past Decade' (21 de enero de 2026) situa a los catolicos adultos mexicanos en 67%, mientras la creencia en Dios permanece en 'alrededor de nueve de cada diez o mas adultos'."	"CIFRA-PUBLICADA"	"SIN-CIFRA"	"restricción del proyecto"	"La nota de cierre atribuye Pew 2026 a ola reservada 2025; el mapa atribuye campo 2024. No resolver leyendo tabulado. Se excluye su cifra hasta dictamen documental autorizado."	""	"No adopción de tesis; RESULT citados adoptados por instrumento; propuesta editorial"	"corte 2c646cba93eebc9189a8135a5369bb45e8d29b89"	"Reemplazo por alcance acotado; literal GEN1 conservado en v1"
"REL-M003"	"mapa"	"97"	"97"	"ASTRA5-U0-RELIG-003"	"Pew 2026 documenta que 15% de todos los adultos mexicanos fueron criados catolicos y hoy son 'sin religion', frente a apenas 4% que pasaron de catolicos a protestantes."	"CIFRA-PUBLICADA"	"SIN-CIFRA"	"restricción del proyecto"	"Switching depende del mismo informe potencialmente reservado; ninguna prevalencia de afiliación identifica flujos individuales."	""	"No adopción de tesis; RESULT citados adoptados por instrumento; propuesta editorial"	"corte 2c646cba93eebc9189a8135a5369bb45e8d29b89"	"Reemplazo por alcance acotado; literal GEN1 conservado en v1"
"REL-M004"	"mapa"	"11"	"11"	"ASTRA5-U0-RELIG-004"	"Segun ENCREER/RIFREM (2016), solo ~47.8% de los catolicos asisten semanalmente y apenas 6.5% diariamente."	"CIFRA-PUBLICADA"	"MATIZA"	""	"La asistencia mensual GEN2 es de todos los adultos válidos, no de católicos semanales. ENCREER requiere verificación del gráfico; no respalda llamar baja a toda práctica."	"GEN2-01;GEN2-04;REL-S6"	"No adopción de tesis; RESULT citados adoptados por instrumento; propuesta editorial"	"corte 2c646cba93eebc9189a8135a5369bb45e8d29b89"	"Reemplazo por alcance acotado; literal GEN1 conservado en v1"
"REL-M005"	"mapa"	"13"	"13"	"ASTRA5-U0-RELIG-005"	"El 53.5% de los evangelicos asisten a servicios diariamente frente al 6.5% de los catolicos (ENCREER)."	"CIFRA-PUBLICADA"	"SIN-CIFRA"	"adquisición"	"No se cotejó la tabla ENCREER con la categoría diariamente; no trasladar oración diaria a asistencia diaria ni intensidad a eficacia comunitaria."	"REL-S6"	"No adopción de tesis; RESULT citados adoptados por instrumento; propuesta editorial"	"corte 2c646cba93eebc9189a8135a5369bb45e8d29b89"	"Reemplazo por alcance acotado; literal GEN1 conservado en v1"
"REL-M006"	"mapa"	"15"	"15"	"ASTRA5-U0-RELIG-006"	"Chiapas es el estado menos catolico (53.9%) y con mas protestantes (32.4%); Zacatecas (92.3%), Guanajuato (90.8%), Michoacan (89.3%) y Jalisco (89.2%) siguen ultracatolicos."	"CIFRA-PUBLICADA"	"MATIZA"	""	"La presentación censal Chiapas confirma 53.9 católico y 32.4 protestante/cristiano evangélico. No se cotejaron aquí cifras de todo el Bajío ni superioridad política; dato regional existe, falta RESULT propio."	"REL-S11;REL-E5;REL-E6"	"No adopción de tesis; RESULT citados adoptados por instrumento; propuesta editorial"	"corte 2c646cba93eebc9189a8135a5369bb45e8d29b89"	"Reemplazo por alcance acotado; literal GEN1 conservado en v1"
"REL-M007"	"mapa"	"17"	"17"	"ASTRA5-U0-RELIG-007"	"Los 'sin religion' casi se duplicaron a 8.1% (10.2 millones); siete entidades (Edomex, CDMX, BC, Chiapas, Veracruz, NL y Chihuahua) reunen el 51.2% de esta poblacion."	"CIFRA-PUBLICADA"	"MATIZA"	""	"El cuadro INEGI confirma aumento sin religión 4.7 a 8.1 en población total. Latinobarómetro confirma gradiente adulto etario; concentración absoluta de siete entidades no prueba tasa urbana ni crecimiento de creencia."	"GEN2-02;REL-S10;REL-E3;REL-E4"	"No adopción de tesis; RESULT citados adoptados por instrumento; propuesta editorial"	"corte 2c646cba93eebc9189a8135a5369bb45e8d29b89"	"Reemplazo por alcance acotado; literal GEN1 conservado en v1"
"REL-M008"	"mapa"	"17"	"17"	"ASTRA5-U0-RELIG-008"	"El propio censo creo la categoria 'creyente sin adscripcion religiosa' (3.1 millones), inexistente en 2010."	"CIFRA-PUBLICADA"	"MATIZA"	""	"El cuadro Chiapas mantiene separado sin adscripción religiosa creyente y sin religión. Confirma distinción de categorías, no total nacional de 3.1 millones ni inexistencia de toda categoría previa."	"REL-S11"	"No adopción de tesis; RESULT citados adoptados por instrumento; propuesta editorial"	"corte 2c646cba93eebc9189a8135a5369bb45e8d29b89"	"Reemplazo por alcance acotado; literal GEN1 conservado en v1"
"REL-M009"	"mapa"	"19"	"19"	"ASTRA5-U0-RELIG-009"	"El auge evangelico responde tanto a incentivos racionales (disciplina, redes, sobriedad, movilidad) como a busqueda de sentido; la teologia de la prosperidad ofrece un marco de esperanza material."	"INTERPRETACION-DEL-REPORT"	"SIN-CIFRA"	"instrumento"	"Pluralidad de incentivos es mecanismo rival, no causa identificada de conversión. Un panel antes/después separaría selección de cambio."	""	"No adopción de tesis; RESULT citados adoptados por instrumento; propuesta editorial"	"corte 2c646cba93eebc9189a8135a5369bb45e8d29b89"	"Reemplazo por alcance acotado; literal GEN1 conservado en v1"
"REL-M010"	"mapa"	"77"	"77"	"ASTRA5-U0-RELIG-010"	"La experiencia migratoria Mexico-EE.UU. es catalizador de conversion: en estudios sobre mixtecos en Baja California y Santa Barbara, 'la mayoria de los integrantes de estas congregaciones cambio de religion despues de emigrar'."	"CONCLUSION-DE-ESTUDIO"	"SIN-CIFRA"	"adquisición"	"Estudio de congregaciones mixtecas no recuperado completo; temporalidad posterior a emigrar no identifica efecto migratorio ni representa a todos los migrantes."	""	"No adopción de tesis; RESULT citados adoptados por instrumento; propuesta editorial"	"corte 2c646cba93eebc9189a8135a5369bb45e8d29b89"	"Reemplazo por alcance acotado; literal GEN1 conservado en v1"
"REL-M011"	"mapa"	"71"	"71"	"ASTRA5-U0-RELIG-011"	"En Los Altos de Chiapas, la primera ruptura fue religiosa y enseguida la economica; las expulsiones de tsotsiles y tseltales (cerca de 30,000 personas) combinan conflicto religioso, politico y economico."	"CONCLUSION-DE-ESTUDIO"	"SIN-CIFRA"	"adquisición"	"Expulsiones requieren registro con ventana y unidad; tampoco prueba secuencia causal religiosa-económica para toda comunidad."	""	"No adopción de tesis; RESULT citados adoptados por instrumento; propuesta editorial"	"corte 2c646cba93eebc9189a8135a5369bb45e8d29b89"	"Reemplazo por alcance acotado; literal GEN1 conservado en v1"
"REL-M012"	"mapa"	"21"	"21"	"ASTRA5-U0-RELIG-012"	"La Basilica de Guadalupe recibio alrededor de 13 millones de personas entre el 5 y el 12 de diciembre de 2025 (cifra oficial de la Secretaria de Gobierno de la CDMX, Operativo Basilica 2025), que supero los ~12 millones de 2024."	"CIFRA-PUBLICADA"	"MATIZA"	""	"Comunicado primario reciente confirma afluencia masiva, no fieles únicos. No se confirmó el cierre de temporada ni ranking mundial y no usar flujo como porcentaje de población."	"REL-S5"	"No adopción de tesis; RESULT citados adoptados por instrumento; propuesta editorial"	"corte 2c646cba93eebc9189a8135a5369bb45e8d29b89"	"Reemplazo por alcance acotado; literal GEN1 conservado en v1"
"REL-M013"	"mapa"	"21"	"21"	"ASTRA5-U0-RELIG-013"	"San Judas Tadeo, con afluencias de ~120 mil personas el 28 de octubre de 2024 y expectativas de hasta 200 mil en 2025 en el Templo de San Hipolito, CDMX."	"CIFRA-PUBLICADA"	"SIN-CIFRA"	"adquisición"	"Una expectativa de operativo no es asistencia observada; cifras San Hipólito no cotejadas en fuente primaria."	""	"No adopción de tesis; RESULT citados adoptados por instrumento; propuesta editorial"	"corte 2c646cba93eebc9189a8135a5369bb45e8d29b89"	"Reemplazo por alcance acotado; literal GEN1 conservado en v1"
"REL-M014"	"mapa"	"21"	"21"	"ASTRA5-U0-RELIG-014"	"Andrew Chesnut (VCU), autor de 'Devoted to Death', estima 'unos 12 millones de seguidores [de la Santa Muerte], con 70% en Mexico, 15% en EE.UU. y 10% en Centroamerica', y la califica como el movimiento religioso nuevo de mas rapido crecimiento en Occidente."	"CIFRA-PUBLICADA"	"SIN-CIFRA"	"instrumento"	"Estimación experta sin marco muestral comparable no acredita total, composición ni ranking de crecimiento occidental; se retiran números."	""	"No adopción de tesis; RESULT citados adoptados por instrumento; propuesta editorial"	"corte 2c646cba93eebc9189a8135a5369bb45e8d29b89"	"Reemplazo por alcance acotado; literal GEN1 conservado en v1"
"REL-M015"	"mapa"	"35"	"35"	"ASTRA5-U0-RELIG-015"	"La Santa Muerte NO es 'solo del narco'; sus devotos son mayoritariamente pobres urbanos, mujeres y trabajadores precarios. Criminalizar la devocion es un error analitico y etico."	"RECOMENDACION"	"MATIZA"	""	"No estigmatizar es criterio de trato; el cuantificador mayoritariamente necesita muestra representativa. Diversidad de devotos no prueba su composición nacional."	""	"No adopción de tesis; RESULT citados adoptados por instrumento; propuesta editorial"	"corte 2c646cba93eebc9189a8135a5369bb45e8d29b89"	"Reemplazo por alcance acotado; literal GEN1 conservado en v1"
"REL-M016"	"mapa"	"25"	"25"	"ASTRA5-U0-RELIG-016"	"Lo que se etiqueta como 'fatalismo mexicano' se explica en parte sustancial -posiblemente mayoritaria- por barreras estructurales y baja confianza institucional, no por un rasgo religioso intrinseco."	"HIPOTESIS"	"MATIZA"	""	"Religión y fatalismo son constructos distintos; no hay descomposición que permita atribuir fracción sustancial o mayoritaria a estructura. Se conserva rival estructural como hipótesis."	"REL-S1;REL-S8"	"No adopción de tesis; RESULT citados adoptados por instrumento; propuesta editorial"	"corte 2c646cba93eebc9189a8135a5369bb45e8d29b89"	"Reemplazo por alcance acotado; literal GEN1 conservado en v1"
"REL-M017"	"mapa"	"147"	"147"	"ASTRA5-U0-RELIG-017"	"Pew (2014): ~40% de los mexicanos atribuyen el exito a fuerzas fuera de su control, con un claro gradiente educativo (menos escolaridad -> menor percepcion de control)."	"CIFRA-PUBLICADA"	"SIN-CIFRA"	"adquisición"	"Informe Pew 2014 no está medido en corpus y porcentaje/control individual no cotejados; tampoco equivalen a fatalismo religioso."	""	"No adopción de tesis; RESULT citados adoptados por instrumento; propuesta editorial"	"corte 2c646cba93eebc9189a8135a5369bb45e8d29b89"	"Reemplazo por alcance acotado; literal GEN1 conservado en v1"
"REL-M018"	"mapa"	"147"	"147"	"ASTRA5-U0-RELIG-018"	"Abraido-Lanza et al. (2007, Ethnicity & Disease) advierten formalmente contra confundir el 'fatalismo' con las barreras estructurales (baja educacion, pobreza, mal acceso a la salud) que enfrentan los latinos; un estudio previo comparando reclusas anglo e hispanoamericanas no hallo diferencias etnicas, y el nivel socioeconomico predijo mejor el afrontamiento activo que la cultura."	"CONCLUSION-DE-ESTUDIO"	"SIN-CIFRA"	"adquisición"	"Literatura latina de crítica debe transportarse como (b); muestra reclusas y barreras de salud no identifica explicación nacional mexicana."	""	"No adopción de tesis; RESULT citados adoptados por instrumento; propuesta editorial"	"corte 2c646cba93eebc9189a8135a5369bb45e8d29b89"	"Reemplazo por alcance acotado; literal GEN1 conservado en v1"
"REL-M019"	"mapa"	"149"	"149"	"ASTRA5-U0-RELIG-019"	"La revision de Espinosa de los Monteros & Gallo (2011) es mixta: 64% de los estudios hallan un efecto del fatalismo aun controlando la estructura."	"CONCLUSION-DE-ESTUDIO"	"SIN-CIFRA"	"adquisición"	"Proporción de estudios positivos sin revisión recuperada no es tamaño de efecto y puede reflejar publicación o medición desigual; se retira cifra."	""	"No adopción de tesis; RESULT citados adoptados por instrumento; propuesta editorial"	"corte 2c646cba93eebc9189a8135a5369bb45e8d29b89"	"Reemplazo por alcance acotado; literal GEN1 conservado en v1"
"REL-M020"	"mapa"	"27"	"27"	"ASTRA5-U0-RELIG-020"	"Octavio de la Torre, presidente de Concanaco Servytur, estimo una derrama de 45,318 millones de pesos por Dia de Muertos en 2024 (10% mas que los 41,198 mdp de 2023)."	"CIFRA-PUBLICADA"	"SIN-CIFRA"	"adquisición"	"Pronóstico de cámara comercial no es gasto observado ni estimador causal del calendario religioso; faltan método y universo."	""	"No adopción de tesis; RESULT citados adoptados por instrumento; propuesta editorial"	"corte 2c646cba93eebc9189a8135a5369bb45e8d29b89"	"Reemplazo por alcance acotado; literal GEN1 conservado en v1"
"REL-M021"	"mapa"	"69"	"69"	"ASTRA5-U0-RELIG-021"	"La Sectur estimo por separado 25,605 mdp en turismo por Dia de Muertos 2024, con 3.1 millones de turistas desplazados."	"CIFRA-PUBLICADA"	"SIN-CIFRA"	"adquisición"	"Estimación turística tiene otra unidad y cobertura que comercio; se excluye y no suma derramas."	""	"No adopción de tesis; RESULT citados adoptados por instrumento; propuesta editorial"	"corte 2c646cba93eebc9189a8135a5369bb45e8d29b89"	"Reemplazo por alcance acotado; literal GEN1 conservado en v1"
"REL-M022"	"mapa"	"31"	"31"	"ASTRA5-U0-RELIG-022"	"Brasil, segun el Censo IBGE 2022 (divulgado en junio de 2025), tiene 26.9% de evangelicos (47.4 millones) frente a 56.7% de catolicos (100.2 millones), y una bancada evangelica poderosa."	"CIFRA-PUBLICADA"	"MATIZA"	""	"IBGE publica religión de diez años o más, no población total ni adultos México; sólo contraste institucional cualitativo sin brecha numérica armonizada."	"REL-S4"	"No adopción de tesis; RESULT citados adoptados por instrumento; propuesta editorial"	"corte 2c646cba93eebc9189a8135a5369bb45e8d29b89"	"Reemplazo por alcance acotado; literal GEN1 conservado en v1"
"REL-M023"	"mapa"	"31"	"31"	"ASTRA5-U0-RELIG-023"	"Mexico retiene mayoria catolica absoluta y baja tasa de switching (12%, de las mas bajas de la region junto con Panama y Paraguay, segun Pew 2014)."	"CIFRA-PUBLICADA"	"SIN-CIFRA"	"adquisición"	"Tasa switching histórica no cotejada; composición actual no acredita baja transición individual ni estabilidad futura."	""	"No adopción de tesis; RESULT citados adoptados por instrumento; propuesta editorial"	"corte 2c646cba93eebc9189a8135a5369bb45e8d29b89"	"Reemplazo por alcance acotado; literal GEN1 conservado en v1"
"REL-M024"	"mapa"	"157"	"157"	"ASTRA5-U0-RELIG-024"	"La laicidad mexicana es excepcionalmente temprana y militante (Reforma juarista, Constitucion de 1917, Guerra Cristera 1926-1929); esta tension Iglesia-Estado explica por que la religiosidad mexicana se refugio en lo popular/domestico y por que la laicidad es hoy un valor constitucional fuerte."	"INTERPRETACION-DEL-REPORT"	"MATIZA"	""	"Historia de laicidad sirve como marco, no experimento identificador del refugio doméstico; faltan series regionales sobre oferta clerical/práctica."	""	"No adopción de tesis; RESULT citados adoptados por instrumento; propuesta editorial"	"corte 2c646cba93eebc9189a8135a5369bb45e8d29b89"	"Reemplazo por alcance acotado; literal GEN1 conservado en v1"
"REL-M025"	"mapa"	"157"	"157"	"ASTRA5-U0-RELIG-025"	"El catolicismo reputo tras la Cristiada (97.7% en 1930) pero cayo un punto en 1940 tras la aplicacion de leyes anticlericales al final de la cristiada."	"CIFRA-PUBLICADA"	"SIN-CIFRA"	"adquisición"	"Serie histórica y cambio por ley no cotejados; dos puntos censales no identifican efecto anticlerical."	""	"No adopción de tesis; RESULT citados adoptados por instrumento; propuesta editorial"	"corte 2c646cba93eebc9189a8135a5369bb45e8d29b89"	"Reemplazo por alcance acotado; literal GEN1 conservado en v1"
"REL-M026"	"mapa"	"165"	"165"	"ASTRA5-U0-RELIG-026"	"El reporte Ipsos 'Religion Global 2023' situa a la generacion Z mexicana como la menos propensa a identificarse como cristiana."	"CIFRA-PUBLICADA"	"MATIZA"	""	"GEN2 observa gradiente etario en no afiliación/importancia, pero edad no identifica generación ni efecto de acceso digital; Ipsos no cotejado."	"GEN2-02;GEN2-03"	"No adopción de tesis; RESULT citados adoptados por instrumento; propuesta editorial"	"corte 2c646cba93eebc9189a8135a5369bb45e8d29b89"	"Reemplazo por alcance acotado; literal GEN1 conservado en v1"
"REL-M027"	"mapa"	"29"	"29"	"ASTRA5-U0-RELIG-027"	"El Partido Encuentro Social (PES), aliado de Morena en 2018, movilizo 'voto evangelico' mediante predicadores-activistas, aunque perdio el registro en 2018 y de nuevo en 2021."	"CONCLUSION-DE-ESTUDIO"	"SIN-CIFRA"	"adquisición"	"Pérdida de registro y alianza partidaria no prueban movilización de votantes religiosos; falta fuente INE y evaluación de voto."	""	"No adopción de tesis; RESULT citados adoptados por instrumento; propuesta editorial"	"corte 2c646cba93eebc9189a8135a5369bb45e8d29b89"	"Reemplazo por alcance acotado; literal GEN1 conservado en v1"
"REL-M028"	"mapa"	"33"	"33"	"ASTRA5-U0-RELIG-028"	"El marianismo/guadalupanismo estructura scripts de genero y moral; pero 'el guadalupanismo une a todos' es una sobreinterpretacion: evangelicos y 'sin religion' no participan."	"INTERPRETACION-DEL-REPORT"	"MATIZA"	""	"Símbolo plural no garantiza unanimidad; tampoco todas las personas sin religión rechazan Guadalupe. Scripts de género requieren evidencia individual y contextual."	""	"No adopción de tesis; RESULT citados adoptados por instrumento; propuesta editorial"	"corte 2c646cba93eebc9189a8135a5369bb45e8d29b89"	"Reemplazo por alcance acotado; literal GEN1 conservado en v1"
"REL-M029"	"mapa"	"37"	"37"	"ASTRA5-U0-RELIG-029"	"12.9% de los catolicos ENCREER acude a limpias, curanderos, brujos, santeros o chamanes, lo que confirma un sincretismo continuo."	"CIFRA-PUBLICADA"	"MATIZA"	""	"RIFREM pregunta limpias y otras prácticas por grupo; proporción exacta y sincretismo longitudinal no cotejados. No usar diversidad de prácticas como crecimiento."	"REL-S7"	"No adopción de tesis; RESULT citados adoptados por instrumento; propuesta editorial"	"corte 2c646cba93eebc9189a8135a5369bb45e8d29b89"	"Reemplazo por alcance acotado; literal GEN1 conservado en v1"
"REL-M030"	"mapa"	"43"	"43"	"ASTRA5-U0-RELIG-030"	"Secularizacion revisitada (Berger/Bruce vs. desecularizacion), laicidad como transicion de legitimidad (Blancarte), creer-sin-pertenecer (Davie/Hervieu-Leger), mercado religioso (Stark/Finke, aplicado por Chesnut), religion vivida (De la Torre/Gutierrez Zuniga), afrontamiento religioso (Pargament)."	"MARCO-TEORICO"	"MATIZA"	""	"Marcos creer/pertenecer/practicar organizan medición, no leyes universales. Religiosidad y espiritualidad se separan empíricamente y secularización no tiene una única trayectoria."	"GEN2-01;REL-S1"	"No adopción de tesis; RESULT citados adoptados por instrumento; propuesta editorial"	"corte 2c646cba93eebc9189a8135a5369bb45e8d29b89"	"Reemplazo por alcance acotado; literal GEN1 conservado en v1"
"REL-M031"	"mapa"	"49"	"49"	"ASTRA5-U0-RELIG-031"	"Mexico 'siempre ha padecido de una endemica escasez de sacerdotes' -aproximadamente uno por cada 6,000 habitantes- lo que historicamente produjo 'ese catolicismo popular... con la ausencia real de un liderazgo religioso de tipo burocratico'."	"CIFRA-PUBLICADA"	"SIN-CIFRA"	"adquisición"	"Razón sacerdotes/habitante requiere fecha y registro; una densidad nacional no identifica oferta local ni causa del catolicismo popular."	""	"No adopción de tesis; RESULT citados adoptados por instrumento; propuesta editorial"	"corte 2c646cba93eebc9189a8135a5369bb45e8d29b89"	"Reemplazo por alcance acotado; literal GEN1 conservado en v1"
"REL-M032"	"mapa"	"23"	"23"	"ASTRA5-U0-RELIG-032"	"El afrontamiento religioso 'positivo/colaborativo' se asocia a resiliencia y menor estres; el 'negativo/delegante' a peores resultados. Estudios UAEM (adultos mayores, diabetes tipo 2) muestran mediacion entre estres y resiliencia; Pargament et al. (1988): colaborativo=control interno/autoestima alta, delegante='estilo disfuncional'."	"CONCLUSION-DE-ESTUDIO"	"MATIZA"	""	"Estudios recientes mexicanos aportan asociación, no efecto clínico. Espiritualidad, religiosidad y coping negativo divergen; delegación no se clasifica disfuncional automáticamente."	"REL-S1;REL-S2;REL-S3;REL-S8"	"No adopción de tesis; RESULT citados adoptados por instrumento; propuesta editorial"	"corte 2c646cba93eebc9189a8135a5369bb45e8d29b89"	"Reemplazo por alcance acotado; literal GEN1 conservado en v1"
"REL-M033"	"mapa"	"137"	"137"	"ASTRA5-U0-RELIG-033"	"El estudio de San Hipolito en la Revista de Ciencias Sociales muestra perfiles diversos de devotos de San Judas Tadeo y advierte contra el estigma de 'adictos y delincuentes'."	"CONCLUSION-DE-ESTUDIO"	"SIN-CIFRA"	"adquisición"	"Mapa identifica estudio de San Hipólito pero no se recuperó completo; no extender etnografía de un templo a perfil nacional."	""	"No adopción de tesis; RESULT citados adoptados por instrumento; propuesta editorial"	"corte 2c646cba93eebc9189a8135a5369bb45e8d29b89"	"Reemplazo por alcance acotado; literal GEN1 conservado en v1"
"REL-M034"	"mapa"	"209"	"209"	"ASTRA5-U0-RELIG-034"	"Integrar el marco espiritual del paciente cuando lo desea (oracion, sentido, comunidad) mejora la resiliencia; pero hay que vigilar el afrontamiento religioso negativo (culpa, estigma de la enfermedad mental como 'falta de fe')."	"RECOMENDACION"	"ROMPE"	""	"Afirmar mejora clínica tras integrar espiritualidad excede estudios transversales. Se reemplaza por preguntar preferencias y proponer ensayo, sin prometer eficacia."	"REL-S1;REL-S3"	"No adopción de tesis; RESULT citados adoptados por instrumento; propuesta editorial"	"corte 2c646cba93eebc9189a8135a5369bb45e8d29b89"	"Reemplazo por alcance acotado; literal GEN1 conservado en v1"
"REL-M035"	"mapa"	"211"	"211"	"ASTRA5-U0-RELIG-035"	"El Frente Nacional por la Familia (coalicion catolico-evangelica) movilizo a mas de un millon de personas contra el matrimonio igualitario en 2016 y presento al Senado una iniciativa respaldada por 240 mil firmas."	"CIFRA-PUBLICADA"	"SIN-CIFRA"	"adquisición"	"Mapa advierte conflación de FNF/Diputados y ConFamilia/Senado; no repetir asistencia ni firmas sin acta primaria recuperada."	""	"No adopción de tesis; RESULT citados adoptados por instrumento; propuesta editorial"	"corte 2c646cba93eebc9189a8135a5369bb45e8d29b89"	"Reemplazo por alcance acotado; literal GEN1 conservado en v1"
"REL-M036"	"mapa"	"211"	"211"	"ASTRA5-U0-RELIG-036"	"La 4T mantiene alianzas pragmaticas con los evangelicos pese al laicismo formal."	"INTERPRETACION-DEL-REPORT"	"SIN-CIFRA"	"instrumento"	"Alianza pragmática sin indicador no predice voto; registrar convenios por actor/fecha permitiría contraste."	""	"No adopción de tesis; RESULT citados adoptados por instrumento; propuesta editorial"	"corte 2c646cba93eebc9189a8135a5369bb45e8d29b89"	"Reemplazo por alcance acotado; literal GEN1 conservado en v1"
"REL-M037"	"mapa"	"213"	"213"	"ASTRA5-U0-RELIG-037"	"Recomendacion: segmentar por practica efectiva, no por identidad nominal; evitar estigmatizar devociones populares; un mensaje 'catolico generico' ya no representa a la mayoria."	"RECOMENDACION"	"MATIZA"	""	"Afiliación católica sigue siendo mayoría en WVS/LB; no prueba mayoría de adhesión al mensaje genérico. Segmentar por práctica es propuesta testeable, no eficacia observada."	"GEN2-01;GEN2-02"	"No adopción de tesis; RESULT citados adoptados por instrumento; propuesta editorial"	"corte 2c646cba93eebc9189a8135a5369bb45e8d29b89"	"Reemplazo por alcance acotado; literal GEN1 conservado en v1"
"REL-M038"	"mapa"	"119"	"119"	"ASTRA5-U0-RELIG-038"	"Pew documenta que mas de la mitad de los conversos [evangelicos en America Latina] dicen que su nueva iglesia los busco (proselitismo activo)."	"CIFRA-PUBLICADA"	"SIN-CIFRA"	"adquisición"	"Proselitismo regional no trasladable a México sin tabla por país/ola; no leer informe reservado para resolver."	""	"No adopción de tesis; RESULT citados adoptados por instrumento; propuesta editorial"	"corte 2c646cba93eebc9189a8135a5369bb45e8d29b89"	"Reemplazo por alcance acotado; literal GEN1 conservado en v1"
"REL-V005"	"v1"	"5"	"5"	"ASTRA5-U0-RELIG-001;ASTRA5-U0-RELIG-006;ASTRA5-U0-RELIG-007;ASTRA5-U0-RELIG-008"	"México dejó de ser un monolito católico y se convirtió en un mercado religioso plural y desinstitucionalizado: el catolicismo cayó de ~99% (1900) a 77.7% en el Censo 2020 (INEGI), mientras protestantes/evangélicos llegaron a 11.2% (14.1 millones) y los ""sin religión"" casi se duplicaron a 8.1% (10.2 millones) en una sola década. La tesis central de este reporte es que **la religiosidad funciona como lente explicativa de la moral, el afrontamiento y el consumo, pero solo si se separa rigurosamente identidad nominal de práctica efectiva, fe de fatalismo, e Iglesia institucional de religiosidad vivida.** Tratarla como dato de fondo (""México es católico"") desperdicia su poder explicativo; convertirla en variable exige desagregarla."	"UNIDAD-MATERIAL-V1"	"MATIZA"	""	"REL-M001: El cuadro primario INEGI publica ambos puntos con universo población total; confirma descenso descriptivo, no crisis causal institucional ni descreimiento. | REL-M006: La presentación censal Chiapas confirma 53.9 católico y 32.4 protestante/cristiano evangélico. No se cotejaron aquí cifras de todo el Bajío ni superioridad política; dato regional existe, falta RESULT propio. | REL-M007: El cuadro INEGI confirma aumento sin religión 4.7 a 8.1 en población total. Latinobarómetro confirma gradiente adulto etario; concentración absoluta de siete entidades no prueba tasa urbana ni crecimiento de creencia. | REL-M008: El cuadro Chiapas mantiene separado sin adscripción religiosa creyente y sin religión. Confirma distinción de categorías, no total nacional de 3.1 millones ni inexistencia de toda categoría previa. La cifra ~99% en 1900 no fue cotejada con tabla histórica; se retira. Religión como lente causal general pasa a marco de hipótesis con observables separados."	"GEN2-02;REL-E1;REL-E2;REL-E3;REL-E4;REL-E5;REL-E6;REL-S10;REL-S11"	"GEN1 histórico; nueva síntesis PROPUESTA-POR-EJECUTOR"	"corte 2c646cba"	"Unidad completa auditada; repeticiones conservan localizador propio"
"REL-V007"	"v1"	"7"	"7"	"ASTRA5-U0-RELIG-030"	"Hallazgos (con estatus de evidencia):"	"UNIDAD-MATERIAL-V1"	"MATIZA"	""	"REL-M030: Marcos creer/pertenecer/practicar organizan medición, no leyes universales. Religiosidad y espiritualidad se separan empíricamente y secularización no tiene una única trayectoria."	"GEN2-01;REL-S1"	"GEN1 histórico; nueva síntesis PROPUESTA-POR-EJECUTOR"	"corte 2c646cba"	"Unidad completa auditada; repeticiones conservan localizador propio"
"REL-V009"	"v1"	"9"	"9"	"ASTRA5-U0-RELIG-001;ASTRA5-U0-RELIG-002"	"1. **[FUERTE] El declive católico es real, pero es más una crisis de la Iglesia institucional que de la religiosidad.** El catolicismo pasó de 82.7% (2010) a 77.7% (2020, INEGI). El estudio del Pew Research Center ""Catholicism Has Declined in Latin America Over the Past Decade"" (Lesage et al., 21 de enero de 2026) sitúa a los católicos adultos mexicanos en 67%, mientras que la creencia en Dios permanece en ""alrededor de nueve de cada diez o más adultos"". Lo que se erosiona es la pertenencia institucional, no el creer."	"UNIDAD-MATERIAL-V1"	"MATIZA"	""	"REL-M001: El cuadro primario INEGI publica ambos puntos con universo población total; confirma descenso descriptivo, no crisis causal institucional ni descreimiento. | REL-M002: La nota de cierre atribuye Pew 2026 a ola reservada 2025; el mapa atribuye campo 2024. No resolver leyendo tabulado. Se excluye su cifra hasta dictamen documental autorizado."	"REL-E1;REL-E2;REL-S10"	"GEN1 histórico; nueva síntesis PROPUESTA-POR-EJECUTOR"	"corte 2c646cba"	"Unidad completa auditada; repeticiones conservan localizador propio"
"REL-V011"	"v1"	"11"	"11"	"ASTRA5-U0-RELIG-004"	"2. **[FUERTE] La identidad nominal ≠ práctica efectiva.** Según ENCREER/RIFREM (2016), solo ~47.8% de los católicos asisten semanalmente y apenas 6.5% diariamente. El nuncio apostólico Franco Coppola lo dijo en una homilía en la ordenación episcopal de Yucatán (julio 2017): ""los católicos los que vienen a la misa son menos del 10 por ciento… ¿y el restante 90 por ciento?… Es muy preocupante"". Un ""católico censal"" puede ser un secularizado no practicante. Este es el hallazgo más malinterpretado del corpus."	"UNIDAD-MATERIAL-V1"	"MATIZA"	""	"REL-M004: La asistencia mensual GEN2 es de todos los adultos válidos, no de católicos semanales. ENCREER requiere verificación del gráfico; no respalda llamar baja a toda práctica."	"GEN2-01;GEN2-04;REL-S6"	"GEN1 histórico; nueva síntesis PROPUESTA-POR-EJECUTOR"	"corte 2c646cba"	"Unidad completa auditada; repeticiones conservan localizador propio"
"REL-V013"	"v1"	"13"	"13"	"ASTRA5-U0-RELIG-005"	"3. **[FUERTE] Los evangélicos/pentecostales exhiben mucho mayor compromiso conductual que los católicos.** El 53.5% de los evangélicos asisten a servicios diariamente frente al 6.5% de los católicos (ENCREER). La diferencia católico-evangélico no es de ""cantidad de fe"" sino de intensidad de práctica y densidad comunitaria."	"UNIDAD-MATERIAL-V1"	"SIN-CIFRA"	"adquisición"	"REL-M005: No se cotejó la tabla ENCREER con la categoría diariamente; no trasladar oración diaria a asistencia diaria ni intensidad a eficacia comunitaria."	"REL-S6"	"GEN1 histórico; nueva síntesis PROPUESTA-POR-EJECUTOR"	"corte 2c646cba"	"Unidad completa auditada; repeticiones conservan localizador propio"
"REL-V015"	"v1"	"15"	"15"	"ASTRA5-U0-RELIG-006"	"4. **[FUERTE] El cambio es fuertemente regional.** Chiapas es el estado menos católico (53.9%) y con más protestantes (32.4%); le siguen Quintana Roo (54.7%), Campeche (60.1%), Baja California (62%) y Tabasco (62.2%). El Bajío sigue ultracatólico: Zacatecas (92.3%), Guanajuato (90.8%), Michoacán (89.3%) y Jalisco (89.2%). No existe ""un México religioso"" sino varios."	"UNIDAD-MATERIAL-V1"	"MATIZA"	""	"REL-M006: La presentación censal Chiapas confirma 53.9 católico y 32.4 protestante/cristiano evangélico. No se cotejaron aquí cifras de todo el Bajío ni superioridad política; dato regional existe, falta RESULT propio."	"REL-E5;REL-E6;REL-S11"	"GEN1 histórico; nueva síntesis PROPUESTA-POR-EJECUTOR"	"corte 2c646cba"	"Unidad completa auditada; repeticiones conservan localizador propio"
"REL-V017"	"v1"	"17"	"17"	"ASTRA5-U0-RELIG-007;ASTRA5-U0-RELIG-008"	"5. **[FUERTE] La secularización es generacional y urbana.** Los ""sin religión"" se concentran en jóvenes de zonas urbanas; siete entidades (Estado de México, CDMX, Baja California, Chiapas, Veracruz, Nuevo León y Chihuahua) reúnen el 51.2% de esta población. El fenómeno ""sin religión"" en México NO significa ateísmo: la mayoría sigue creyendo en Dios (""creer sin pertenecer""). El propio censo creó la categoría ""creyente sin adscripción religiosa"" (3.1 millones), inexistente en 2010."	"UNIDAD-MATERIAL-V1"	"MATIZA"	""	"REL-M007: El cuadro INEGI confirma aumento sin religión 4.7 a 8.1 en población total. Latinobarómetro confirma gradiente adulto etario; concentración absoluta de siete entidades no prueba tasa urbana ni crecimiento de creencia. | REL-M008: El cuadro Chiapas mantiene separado sin adscripción religiosa creyente y sin religión. Confirma distinción de categorías, no total nacional de 3.1 millones ni inexistencia de toda categoría previa."	"GEN2-02;REL-E3;REL-E4;REL-S10;REL-S11"	"GEN1 histórico; nueva síntesis PROPUESTA-POR-EJECUTOR"	"corte 2c646cba"	"Unidad completa auditada; repeticiones conservan localizador propio"
"REL-V019"	"v1"	"19"	"19"	"ASTRA5-U0-RELIG-009"	"6. **[MEDIA] El auge evangélico responde tanto a incentivos racionales como a búsqueda de sentido.** Disciplina, redes de apoyo mutuo, sobriedad, movilidad económica y comunidades densas explican conversiones tanto como la experiencia espiritual. La teología de la prosperidad ofrece un marco de esperanza material en contextos de precariedad."	"UNIDAD-MATERIAL-V1"	"SIN-CIFRA"	"instrumento"	"REL-M009: Pluralidad de incentivos es mecanismo rival, no causa identificada de conversión. Un panel antes/después separaría selección de cambio."	""	"GEN1 histórico; nueva síntesis PROPUESTA-POR-EJECUTOR"	"corte 2c646cba"	"Unidad completa auditada; repeticiones conservan localizador propio"
"REL-V021"	"v1"	"21"	"21"	"ASTRA5-U0-RELIG-012;ASTRA5-U0-RELIG-013;ASTRA5-U0-RELIG-014"	"7. **[FUERTE] La religiosidad popular y las devociones no oficiales son robustas y crecientes.** La Basílica de Guadalupe recibió alrededor de 13 millones de personas entre el 5 y el 12 de diciembre de 2025 (cifra oficial de la Secretaría de Gobierno de la CDMX, Operativo Basílica 2025, que superó los ~12 millones de 2024), consolidándose como el santuario más visitado del mundo; San Judas Tadeo (con afluencias de ~120 mil personas el 28 de octubre de 2024 y expectativas de hasta 200 mil en 2025 en el Templo de San Hipólito, CDMX); y la Santa Muerte operan en gran medida al margen o en tensión con la Iglesia institucional."	"UNIDAD-MATERIAL-V1"	"MATIZA"	""	"REL-M012: Comunicado primario reciente confirma afluencia masiva, no fieles únicos. No se confirmó el cierre de temporada ni ranking mundial y no usar flujo como porcentaje de población. | REL-M013: Una expectativa de operativo no es asistencia observada; cifras San Hipólito no cotejadas en fuente primaria. | REL-M014: Estimación experta sin marco muestral comparable no acredita total, composición ni ranking de crecimiento occidental; se retiran números."	"REL-S5"	"GEN1 histórico; nueva síntesis PROPUESTA-POR-EJECUTOR"	"corte 2c646cba"	"Unidad completa auditada; repeticiones conservan localizador propio"
"REL-V023"	"v1"	"23"	"23"	"ASTRA5-U0-RELIG-032"	"8. **[MEDIA→FUERTE] La religión es un recurso de afrontamiento (coping) medible.** El afrontamiento religioso ""positivo/colaborativo"" se asocia a resiliencia y menor estrés; el ""negativo/delegante"" a peores resultados. Esto tiene implicaciones directas para salud mental y búsqueda de ayuda."	"UNIDAD-MATERIAL-V1"	"MATIZA"	""	"REL-M032: Estudios recientes mexicanos aportan asociación, no efecto clínico. Espiritualidad, religiosidad y coping negativo divergen; delegación no se clasifica disfuncional automáticamente."	"REL-S1;REL-S2;REL-S3;REL-S8"	"GEN1 histórico; nueva síntesis PROPUESTA-POR-EJECUTOR"	"corte 2c646cba"	"Unidad completa auditada; repeticiones conservan localizador propio"
"REL-V025"	"v1"	"25"	"25"	"ASTRA5-U0-RELIG-016"	"9. **[HIPÓTESIS RAZONABLE, bien fundamentada] Fe ≠ fatalismo.** Lo que se etiqueta como ""fatalismo mexicano"" se explica en parte sustancial —posiblemente mayoritaria— por barreras estructurales y baja confianza institucional, no por un rasgo religioso intrínseco. Confundirlos es un error metodológico advertido por la propia literatura latina (Abraído-Lanza et al., 2007)."	"UNIDAD-MATERIAL-V1"	"MATIZA"	""	"REL-M016: Religión y fatalismo son constructos distintos; no hay descomposición que permita atribuir fracción sustancial o mayoritaria a estructura. Se conserva rival estructural como hipótesis."	"REL-S1;REL-S8"	"GEN1 histórico; nueva síntesis PROPUESTA-POR-EJECUTOR"	"corte 2c646cba"	"Unidad completa auditada; repeticiones conservan localizador propio"
"REL-V027"	"v1"	"27"	"27"	"ASTRA5-U0-RELIG-020"	"10. **[FUERTE] La economía festiva es enorme y estacional.** Octavio de la Torre, presidente de Concanaco Servytur, estimó una derrama de 45,318 millones de pesos por Día de Muertos en 2024 (10% más que los 41,198 mdp de 2023). El calendario religioso estructura picos de consumo."	"UNIDAD-MATERIAL-V1"	"SIN-CIFRA"	"adquisición"	"REL-M020: Pronóstico de cámara comercial no es gasto observado ni estimador causal del calendario religioso; faltan método y universo."	""	"GEN1 histórico; nueva síntesis PROPUESTA-POR-EJECUTOR"	"corte 2c646cba"	"Unidad completa auditada; repeticiones conservan localizador propio"
"REL-V029"	"v1"	"29"	"29"	"ASTRA5-U0-RELIG-027"	"11. **[MEDIA] Los evangélicos se organizan políticamente mejor que los católicos.** El Partido Encuentro Social (PES), aliado de Morena en 2018, movilizó ""voto evangélico"" mediante predicadores-activistas, aunque perdió el registro en 2018 y de nuevo en 2021."	"UNIDAD-MATERIAL-V1"	"SIN-CIFRA"	"adquisición"	"REL-M027: Pérdida de registro y alianza partidaria no prueban movilización de votantes religiosos; falta fuente INE y evaluación de voto."	""	"GEN1 histórico; nueva síntesis PROPUESTA-POR-EJECUTOR"	"corte 2c646cba"	"Unidad completa auditada; repeticiones conservan localizador propio"
"REL-V031"	"v1"	"31"	"31"	"ASTRA5-U0-RELIG-022;ASTRA5-U0-RELIG-023"	"12. **[FUERTE] Lo distintivamente mexicano frente a Brasil.** México retiene mayoría católica absoluta y baja tasa de switching (12%, de las más bajas de la región). Brasil, según el Censo IBGE 2022 (divulgado en junio de 2025), tiene 26.9% de evangélicos (47.4 millones) frente a 56.7% de católicos, y una bancada evangélica poderosa. El guadalupanismo y la fuerte laicidad juarista/1917 son rasgos específicamente mexicanos."	"UNIDAD-MATERIAL-V1"	"MATIZA"	""	"REL-M022: IBGE publica religión de diez años o más, no población total ni adultos México; sólo contraste institucional cualitativo sin brecha numérica armonizada. | REL-M023: Tasa switching histórica no cotejada; composición actual no acredita baja transición individual ni estabilidad futura."	"REL-S4"	"GEN1 histórico; nueva síntesis PROPUESTA-POR-EJECUTOR"	"corte 2c646cba"	"Unidad completa auditada; repeticiones conservan localizador propio"
"REL-V033"	"v1"	"33"	"33"	"ASTRA5-U0-RELIG-028"	"13. **[MEDIA] El marianismo/guadalupanismo estructura scripts de género y moral.** La Virgen de Guadalupe funciona como símbolo identitario nacional que trasciende la práctica religiosa, pero ""el guadalupanismo une a todos"" es una sobreinterpretación: evangélicos y ""sin religión"" no participan."	"UNIDAD-MATERIAL-V1"	"MATIZA"	""	"REL-M028: Símbolo plural no garantiza unanimidad; tampoco todas las personas sin religión rechazan Guadalupe. Scripts de género requieren evidencia individual y contextual."	""	"GEN1 histórico; nueva síntesis PROPUESTA-POR-EJECUTOR"	"corte 2c646cba"	"Unidad completa auditada; repeticiones conservan localizador propio"
"REL-V035"	"v1"	"35"	"35"	"ASTRA5-U0-RELIG-014;ASTRA5-U0-RELIG-015"	"14. **[FUERTE, advertencia] La Santa Muerte NO es ""solo del narco"".** Es el movimiento religioso de más rápido crecimiento en Occidente; sus devotos son mayoritariamente pobres urbanos, mujeres y trabajadores precarios. Criminalizar la devoción es un error analítico y ético."	"UNIDAD-MATERIAL-V1"	"MATIZA"	""	"REL-M014: Estimación experta sin marco muestral comparable no acredita total, composición ni ranking de crecimiento occidental; se retiran números. | REL-M015: No estigmatizar es criterio de trato; el cuantificador mayoritariamente necesita muestra representativa. Diversidad de devotos no prueba su composición nacional."	""	"GEN1 histórico; nueva síntesis PROPUESTA-POR-EJECUTOR"	"corte 2c646cba"	"Unidad completa auditada; repeticiones conservan localizador propio"
"REL-V037"	"v1"	"37"	"37"	"ASTRA5-U0-RELIG-029"	"15. **[MEDIA] La individualización religiosa (""religión a la carta"") es transversal.** Incluso católicos practicantes combinan misa con limpias, curanderos, energías y New Age (12.9% de los católicos ENCREER acude a limpias, curanderos, brujos, santeros o chamanes), lo que confirma un sincretismo continuo, no una ortodoxia."	"UNIDAD-MATERIAL-V1"	"MATIZA"	""	"REL-M029: RIFREM pregunta limpias y otras prácticas por grupo; proporción exacta y sincretismo longitudinal no cotejados. No usar diversidad de prácticas como crecimiento."	"REL-S7"	"GEN1 histórico; nueva síntesis PROPUESTA-POR-EJECUTOR"	"corte 2c646cba"	"Unidad completa auditada; repeticiones conservan localizador propio"
"REL-V045"	"v1"	"45"	"45"	"ASTRA5-U0-RELIG-030"	"Para convertir la religiosidad en variable explicativa se necesitan herramientas conceptuales que eviten importar acríticamente la teoría europea de la secularización."	"UNIDAD-MATERIAL-V1"	"MATIZA"	""	"REL-M030: Marcos creer/pertenecer/practicar organizan medición, no leyes universales. Religiosidad y espiritualidad se separan empíricamente y secularización no tiene una única trayectoria."	"GEN2-01;REL-S1"	"GEN1 histórico; nueva síntesis PROPUESTA-POR-EJECUTOR"	"corte 2c646cba"	"Unidad completa auditada; repeticiones conservan localizador propio"
"REL-V047"	"v1"	"47"	"47"	"ASTRA5-U0-RELIG-024;ASTRA5-U0-RELIG-030"	"**Secularización, revisitada.** La teoría clásica europea (Berger temprano, Bruce) postulaba que modernización = declive inevitable de la religión. El caso latinoamericano la refuta parcialmente: hay desinstitucionalización sin descreimiento. El propio Peter Berger revisó su tesis hacia la ""desecularización"". Para México, Roberto Blancarte define la laicidad no como ausencia de religión sino como ""la transición entre una legitimidad otorgada por lo sagrado a una forma de autoridad proveniente del pueblo"": un proceso, no un estado. México es un caso de **secularización de las instituciones (laicidad) coexistiendo con alta religiosidad popular.**"	"UNIDAD-MATERIAL-V1"	"MATIZA"	""	"REL-M024: Historia de laicidad sirve como marco, no experimento identificador del refugio doméstico; faltan series regionales sobre oferta clerical/práctica. | REL-M030: Marcos creer/pertenecer/practicar organizan medición, no leyes universales. Religiosidad y espiritualidad se separan empíricamente y secularización no tiene una única trayectoria."	"GEN2-01;REL-S1"	"GEN1 histórico; nueva síntesis PROPUESTA-POR-EJECUTOR"	"corte 2c646cba"	"Unidad completa auditada; repeticiones conservan localizador propio"
"REL-V049"	"v1"	"49"	"49"	"ASTRA5-U0-RELIG-031"	"**Un dato estructural clave (Blancarte).** México ""siempre ha padecido de una endémica escasez de sacerdotes"" —aproximadamente uno por cada 6,000 habitantes— lo que históricamente produjo ""ese catolicismo popular… con la ausencia real de un liderazgo religioso de tipo burocrático"". La debilidad institucional del clero es causa estructural de la fuerza de la religiosidad popular: donde no llega la Iglesia, florecen el santo, el altar doméstico y la costumbre."	"UNIDAD-MATERIAL-V1"	"SIN-CIFRA"	"adquisición"	"REL-M031: Razón sacerdotes/habitante requiere fecha y registro; una densidad nacional no identifica oferta local ni causa del catolicismo popular."	""	"GEN1 histórico; nueva síntesis PROPUESTA-POR-EJECUTOR"	"corte 2c646cba"	"Unidad completa auditada; repeticiones conservan localizador propio"
"REL-V051"	"v1"	"51"	"51"	"ASTRA5-U0-RELIG-030"	"**Distinción creer–pertenecer–practicar (Davie, Hervieu-Léger).** ""Creer sin pertenecer"" (believing without belonging) capta el patrón mexicano de jóvenes que creen en Dios pero rechazan la Iglesia. Es la clave para leer la categoría censal ""sin religión"", que en México incluye a millones de ""creyentes sin adscripción"". RIFREM ha adoptado este marco (Renée de la Torre cita explícitamente a Grace Davie)."	"UNIDAD-MATERIAL-V1"	"MATIZA"	""	"REL-M030: Marcos creer/pertenecer/practicar organizan medición, no leyes universales. Religiosidad y espiritualidad se separan empíricamente y secularización no tiene una única trayectoria."	"GEN2-01;REL-S1"	"GEN1 histórico; nueva síntesis PROPUESTA-POR-EJECUTOR"	"corte 2c646cba"	"Unidad completa auditada; repeticiones conservan localizador propio"
"REL-V053"	"v1"	"53"	"53"	"ASTRA5-U0-RELIG-009;ASTRA5-U0-RELIG-030"	"**Mercado religioso / elección racional (Stark, Finke; aplicado por Chesnut).** La pluralización religiosa se lee como competencia en un ""mercado"" donde pentecostalismo, Renovación Carismática Católica, religiones afrodiaspóricas y devociones populares compiten por fieles. Andrew Chesnut aplicó este marco a América Latina en *Competitive Spirits: Latin America's New Religious Economy* (2003)."	"UNIDAD-MATERIAL-V1"	"MATIZA"	""	"REL-M009: Pluralidad de incentivos es mecanismo rival, no causa identificada de conversión. Un panel antes/después separaría selección de cambio. | REL-M030: Marcos creer/pertenecer/practicar organizan medición, no leyes universales. Religiosidad y espiritualidad se separan empíricamente y secularización no tiene una única trayectoria."	"GEN2-01;REL-S1"	"GEN1 histórico; nueva síntesis PROPUESTA-POR-EJECUTOR"	"corte 2c646cba"	"Unidad completa auditada; repeticiones conservan localizador propio"
"REL-V055"	"v1"	"55"	"55"	"ASTRA5-U0-RELIG-030"	"**Religión vivida (lived religion; Renée de la Torre, Cristina Gutiérrez Zúñiga).** Desplaza el foco de la doctrina institucional a la práctica cotidiana: altares domésticos, exvotos, peregrinaciones, marcas urbanas. De la Torre estudia ""lo religioso no como institución sino como forma de significación que atraviesa lo cotidiano, lo simbólico y lo emocional""."	"UNIDAD-MATERIAL-V1"	"MATIZA"	""	"REL-M030: Marcos creer/pertenecer/practicar organizan medición, no leyes universales. Religiosidad y espiritualidad se separan empíricamente y secularización no tiene una única trayectoria."	"GEN2-01;REL-S1"	"GEN1 histórico; nueva síntesis PROPUESTA-POR-EJECUTOR"	"corte 2c646cba"	"Unidad completa auditada; repeticiones conservan localizador propio"
"REL-V057"	"v1"	"57"	"57"	"ASTRA5-U0-RELIG-030;ASTRA5-U0-RELIG-032"	"**Afrontamiento religioso (Pargament).** Tres estilos: colaborativo (partnership con Dios, asociado a control interno alto y autoestima alta), delegante/deferido (locus de control externo divino, que Pargament et al. (1988) describen como el ""estilo disfuncional"") y autodirigido. Esta tipología permite separar fe de fatalismo empíricamente."	"UNIDAD-MATERIAL-V1"	"MATIZA"	""	"REL-M030: Marcos creer/pertenecer/practicar organizan medición, no leyes universales. Religiosidad y espiritualidad se separan empíricamente y secularización no tiene una única trayectoria. | REL-M032: Estudios recientes mexicanos aportan asociación, no efecto clínico. Espiritualidad, religiosidad y coping negativo divergen; delegación no se clasifica disfuncional automáticamente."	"GEN2-01;REL-S1;REL-S2;REL-S3;REL-S8"	"GEN1 histórico; nueva síntesis PROPUESTA-POR-EJECUTOR"	"corte 2c646cba"	"Unidad completa auditada; repeticiones conservan localizador propio"
"REL-V063"	"v1"	"63"	"63"	"ASTRA5-U0-RELIG-001"	"**EVIDENCIA FUERTE:**"	"UNIDAD-MATERIAL-V1"	"CONFIRMA"	""	"REL-M001: El cuadro primario INEGI publica ambos puntos con universo población total; confirma descenso descriptivo, no crisis causal institucional ni descreimiento."	"REL-E1;REL-E2;REL-S10"	"GEN1 histórico; nueva síntesis PROPUESTA-POR-EJECUTOR"	"corte 2c646cba"	"Unidad completa auditada; repeticiones conservan localizador propio"
"REL-V064"	"v1"	"64"	"64"	"ASTRA5-U0-RELIG-006"	"- Serie temporal censal del declive católico (INEGI 1895-2020)."	"UNIDAD-MATERIAL-V1"	"MATIZA"	""	"REL-M006: La presentación censal Chiapas confirma 53.9 católico y 32.4 protestante/cristiano evangélico. No se cotejaron aquí cifras de todo el Bajío ni superioridad política; dato regional existe, falta RESULT propio."	"REL-E5;REL-E6;REL-S11"	"GEN1 histórico; nueva síntesis PROPUESTA-POR-EJECUTOR"	"corte 2c646cba"	"Unidad completa auditada; repeticiones conservan localizador propio"
"REL-V065"	"v1"	"65"	"65"	"ASTRA5-U0-RELIG-004;ASTRA5-U0-RELIG-005"	"- Distribución regional (Chiapas vs. Bajío)."	"UNIDAD-MATERIAL-V1"	"MATIZA"	""	"REL-M004: La asistencia mensual GEN2 es de todos los adultos válidos, no de católicos semanales. ENCREER requiere verificación del gráfico; no respalda llamar baja a toda práctica. | REL-M005: No se cotejó la tabla ENCREER con la categoría diariamente; no trasladar oración diaria a asistencia diaria ni intensidad a eficacia comunitaria."	"GEN2-01;GEN2-04;REL-S6"	"GEN1 histórico; nueva síntesis PROPUESTA-POR-EJECUTOR"	"corte 2c646cba"	"Unidad completa auditada; repeticiones conservan localizador propio"
"REL-V066"	"v1"	"66"	"66"	"ASTRA5-U0-RELIG-007"	"- Brecha de práctica católico/evangélico (ENCREER 2016)."	"UNIDAD-MATERIAL-V1"	"MATIZA"	""	"REL-M007: El cuadro INEGI confirma aumento sin religión 4.7 a 8.1 en población total. Latinobarómetro confirma gradiente adulto etario; concentración absoluta de siete entidades no prueba tasa urbana ni crecimiento de creencia."	"GEN2-02;REL-E3;REL-E4;REL-S10"	"GEN1 histórico; nueva síntesis PROPUESTA-POR-EJECUTOR"	"corte 2c646cba"	"Unidad completa auditada; repeticiones conservan localizador propio"
"REL-V067"	"v1"	"67"	"67"	"ASTRA5-U0-RELIG-012"	"- Crecimiento de ""sin religión"" generacional/urbano."	"UNIDAD-MATERIAL-V1"	"MATIZA"	""	"REL-M012: Comunicado primario reciente confirma afluencia masiva, no fieles únicos. No se confirmó el cierre de temporada ni ranking mundial y no usar flujo como porcentaje de población."	"REL-S5"	"GEN1 histórico; nueva síntesis PROPUESTA-POR-EJECUTOR"	"corte 2c646cba"	"Unidad completa auditada; repeticiones conservan localizador propio"
"REL-V068"	"v1"	"68"	"68"	"ASTRA5-U0-RELIG-020;ASTRA5-U0-RELIG-021"	"- Guadalupanismo masivo (cifras oficiales de peregrinación a la Basílica)."	"UNIDAD-MATERIAL-V1"	"SIN-CIFRA"	"adquisición"	"REL-M020: Pronóstico de cámara comercial no es gasto observado ni estimador causal del calendario religioso; faltan método y universo. | REL-M021: Estimación turística tiene otra unidad y cobertura que comercio; se excluye y no suma derramas."	""	"GEN1 histórico; nueva síntesis PROPUESTA-POR-EJECUTOR"	"corte 2c646cba"	"Unidad completa auditada; repeticiones conservan localizador propio"
"REL-V069"	"v1"	"69"	"69"	"ASTRA5-U0-RELIG-022"	"- Derrama económica festiva (Concanaco/Sectur)."	"UNIDAD-MATERIAL-V1"	"MATIZA"	""	"REL-M022: IBGE publica religión de diez años o más, no población total ni adultos México; sólo contraste institucional cualitativo sin brecha numérica armonizada."	"REL-S4"	"GEN1 histórico; nueva síntesis PROPUESTA-POR-EJECUTOR"	"corte 2c646cba"	"Unidad completa auditada; repeticiones conservan localizador propio"
"REL-V070"	"v1"	"70"	"70"	"ASTRA5-U0-RELIG-011"	"- Comparación con Brasil (Censo IBGE 2022) y con la región (Pew 2026)."	"UNIDAD-MATERIAL-V1"	"SIN-CIFRA"	"adquisición"	"REL-M011: Expulsiones requieren registro con ventana y unidad; tampoco prueba secuencia causal religiosa-económica para toda comunidad."	""	"GEN1 histórico; nueva síntesis PROPUESTA-POR-EJECUTOR"	"corte 2c646cba"	"Unidad completa auditada; repeticiones conservan localizador propio"
"REL-V071"	"v1"	"71"	"71"	"ASTRA5-U0-RELIG-011"	"- Expulsiones de Chiapas y sistema de cargos."	"UNIDAD-MATERIAL-V1"	"SIN-CIFRA"	"adquisición"	"REL-M011: Expulsiones requieren registro con ventana y unidad; tampoco prueba secuencia causal religiosa-económica para toda comunidad."	""	"GEN1 histórico; nueva síntesis PROPUESTA-POR-EJECUTOR"	"corte 2c646cba"	"Unidad completa auditada; repeticiones conservan localizador propio"
"REL-V073"	"v1"	"73"	"73"	"ASTRA5-U0-RELIG-030"	"**EVIDENCIA MEDIA:**"	"UNIDAD-MATERIAL-V1"	"MATIZA"	""	"REL-M030: Marcos creer/pertenecer/practicar organizan medición, no leyes universales. Religiosidad y espiritualidad se separan empíricamente y secularización no tiene una única trayectoria."	"GEN2-01;REL-S1"	"GEN1 histórico; nueva síntesis PROPUESTA-POR-EJECUTOR"	"corte 2c646cba"	"Unidad completa auditada; repeticiones conservan localizador propio"
"REL-V074"	"v1"	"74"	"74"	"ASTRA5-U0-RELIG-009"	"- Drivers de conversión evangélica (mezcla de racional y espiritual)."	"UNIDAD-MATERIAL-V1"	"SIN-CIFRA"	"instrumento"	"REL-M009: Pluralidad de incentivos es mecanismo rival, no causa identificada de conversión. Un panel antes/después separaría selección de cambio."	""	"GEN1 histórico; nueva síntesis PROPUESTA-POR-EJECUTOR"	"corte 2c646cba"	"Unidad completa auditada; repeticiones conservan localizador propio"
"REL-V075"	"v1"	"75"	"75"	"ASTRA5-U0-RELIG-032"	"- Afrontamiento religioso como recurso de salud mental (estudios mexicanos existen, con muestras acotadas)."	"UNIDAD-MATERIAL-V1"	"MATIZA"	""	"REL-M032: Estudios recientes mexicanos aportan asociación, no efecto clínico. Espiritualidad, religiosidad y coping negativo divergen; delegación no se clasifica disfuncional automáticamente."	"REL-S1;REL-S2;REL-S3;REL-S8"	"GEN1 histórico; nueva síntesis PROPUESTA-POR-EJECUTOR"	"corte 2c646cba"	"Unidad completa auditada; repeticiones conservan localizador propio"
"REL-V076"	"v1"	"76"	"76"	"ASTRA5-U0-RELIG-027"	"- Organización política evangélica (PES/Morena)."	"UNIDAD-MATERIAL-V1"	"SIN-CIFRA"	"adquisición"	"REL-M027: Pérdida de registro y alianza partidaria no prueban movilización de votantes religiosos; falta fuente INE y evaluación de voto."	""	"GEN1 histórico; nueva síntesis PROPUESTA-POR-EJECUTOR"	"corte 2c646cba"	"Unidad completa auditada; repeticiones conservan localizador propio"
"REL-V077"	"v1"	"77"	"77"	"ASTRA5-U0-RELIG-010"	"- Migración como catalizador de conversión."	"UNIDAD-MATERIAL-V1"	"SIN-CIFRA"	"adquisición"	"REL-M010: Estudio de congregaciones mixtecas no recuperado completo; temporalidad posterior a emigrar no identifica efecto migratorio ni representa a todos los migrantes."	""	"GEN1 histórico; nueva síntesis PROPUESTA-POR-EJECUTOR"	"corte 2c646cba"	"Unidad completa auditada; repeticiones conservan localizador propio"
"REL-V079"	"v1"	"79"	"79"	"ASTRA5-U0-RELIG-030"	"**HIPÓTESIS RAZONABLE:**"	"UNIDAD-MATERIAL-V1"	"MATIZA"	""	"REL-M030: Marcos creer/pertenecer/practicar organizan medición, no leyes universales. Religiosidad y espiritualidad se separan empíricamente y secularización no tiene una única trayectoria."	"GEN2-01;REL-S1"	"GEN1 histórico; nueva síntesis PROPUESTA-POR-EJECUTOR"	"corte 2c646cba"	"Unidad completa auditada; repeticiones conservan localizador propio"
"REL-V080"	"v1"	"80"	"80"	"ASTRA5-U0-RELIG-016"	"- Fe ≠ fatalismo (bien fundamentada, no consenso cerrado)."	"UNIDAD-MATERIAL-V1"	"MATIZA"	""	"REL-M016: Religión y fatalismo son constructos distintos; no hay descomposición que permita atribuir fracción sustancial o mayoritaria a estructura. Se conserva rival estructural como hipótesis."	"REL-S1;REL-S8"	"GEN1 histórico; nueva síntesis PROPUESTA-POR-EJECUTOR"	"corte 2c646cba"	"Unidad completa auditada; repeticiones conservan localizador propio"
"REL-V081"	"v1"	"81"	"81"	"ASTRA5-U0-RELIG-016"	"- Teología de la prosperidad como respuesta a la precariedad."	"UNIDAD-MATERIAL-V1"	"MATIZA"	""	"REL-M016: Religión y fatalismo son constructos distintos; no hay descomposición que permita atribuir fracción sustancial o mayoritaria a estructura. Se conserva rival estructural como hipótesis."	"REL-S1;REL-S8"	"GEN1 histórico; nueva síntesis PROPUESTA-POR-EJECUTOR"	"corte 2c646cba"	"Unidad completa auditada; repeticiones conservan localizador propio"
"REL-V082"	"v1"	"82"	"82"	"ASTRA5-U0-RELIG-009"	"- Individualización de la fe transversal a todas las adscripciones."	"UNIDAD-MATERIAL-V1"	"SIN-CIFRA"	"instrumento"	"REL-M009: Pluralidad de incentivos es mecanismo rival, no causa identificada de conversión. Un panel antes/después separaría selección de cambio."	""	"GEN1 histórico; nueva síntesis PROPUESTA-POR-EJECUTOR"	"corte 2c646cba"	"Unidad completa auditada; repeticiones conservan localizador propio"
"REL-V084"	"v1"	"84"	"84"	"ASTRA5-U0-RELIG-030"	"**NARRATIVA POPULAR (a tratar con cautela):**"	"UNIDAD-MATERIAL-V1"	"MATIZA"	""	"REL-M030: Marcos creer/pertenecer/practicar organizan medición, no leyes universales. Religiosidad y espiritualidad se separan empíricamente y secularización no tiene una única trayectoria."	"GEN2-01;REL-S1"	"GEN1 histórico; nueva síntesis PROPUESTA-POR-EJECUTOR"	"corte 2c646cba"	"Unidad completa auditada; repeticiones conservan localizador propio"
"REL-V085"	"v1"	"85"	"85"	"ASTRA5-U0-RELIG-037"	"- ""México es profundamente católico y ya."""	"UNIDAD-MATERIAL-V1"	"MATIZA"	""	"REL-M037: Afiliación católica sigue siendo mayoría en WVS/LB; no prueba mayoría de adhesión al mensaje genérico. Segmentar por práctica es propuesta testeable, no eficacia observada."	"GEN2-01;GEN2-02"	"GEN1 histórico; nueva síntesis PROPUESTA-POR-EJECUTOR"	"corte 2c646cba"	"Unidad completa auditada; repeticiones conservan localizador propio"
"REL-V086"	"v1"	"86"	"86"	"ASTRA5-U0-RELIG-037"	"- ""El guadalupanismo une a todos."""	"UNIDAD-MATERIAL-V1"	"MATIZA"	""	"REL-M037: Afiliación católica sigue siendo mayoría en WVS/LB; no prueba mayoría de adhesión al mensaje genérico. Segmentar por práctica es propuesta testeable, no eficacia observada."	"GEN2-01;GEN2-02"	"GEN1 histórico; nueva síntesis PROPUESTA-POR-EJECUTOR"	"corte 2c646cba"	"Unidad completa auditada; repeticiones conservan localizador propio"
"REL-V087"	"v1"	"87"	"87"	"ASTRA5-U0-RELIG-028"	"- ""La Santa Muerte es solo del narco."""	"UNIDAD-MATERIAL-V1"	"MATIZA"	""	"REL-M028: Símbolo plural no garantiza unanimidad; tampoco todas las personas sin religión rechazan Guadalupe. Scripts de género requieren evidencia individual y contextual."	""	"GEN1 histórico; nueva síntesis PROPUESTA-POR-EJECUTOR"	"corte 2c646cba"	"Unidad completa auditada; repeticiones conservan localizador propio"
"REL-V095"	"v1"	"95"	"95"	"ASTRA5-U0-RELIG-001;ASTRA5-U0-RELIG-002;ASTRA5-U0-RELIG-003"	"**Descripción.** La religiosidad mexicana se está desanclando de la Iglesia católica como institución sin que colapse la creencia. Cae la pertenencia y la obediencia doctrinal; se mantienen el creer y la práctica popular."	"UNIDAD-MATERIAL-V1"	"MATIZA"	""	"REL-M001: El cuadro primario INEGI publica ambos puntos con universo población total; confirma descenso descriptivo, no crisis causal institucional ni descreimiento. | REL-M002: La nota de cierre atribuye Pew 2026 a ola reservada 2025; el mapa atribuye campo 2024. No resolver leyendo tabulado. Se excluye su cifra hasta dictamen documental autorizado. | REL-M003: Switching depende del mismo informe potencialmente reservado; ninguna prevalencia de afiliación identifica flujos individuales."	"REL-E1;REL-E2;REL-S10"	"GEN1 histórico; nueva síntesis PROPUESTA-POR-EJECUTOR"	"corte 2c646cba"	"Unidad completa auditada; repeticiones conservan localizador propio"
"REL-V097"	"v1"	"97"	"97"	"ASTRA5-U0-RELIG-001;ASTRA5-U0-RELIG-002;ASTRA5-U0-RELIG-003;ASTRA5-U0-RELIG-004;ASTRA5-U0-RELIG-008"	"**Evidencia a favor.** Católicos 82.7%→77.7% (2010-2020, INEGI); Pew 2026 sitúa a los católicos adultos en 67% pero la creencia en Dios en ~90%. Solo ~47.8% de católicos asisten semanalmente; 6.5% diariamente (ENCREER). La categoría censal ""creyente sin adscripción religiosa"" (3.1 millones) captura exactamente este fenómeno. Pew 2026 documenta además que 15% de todos los adultos mexicanos fueron criados católicos y hoy son ""sin religión"", frente a apenas 4% que pasaron de católicos a protestantes: la fuga católica va más hacia el desanclaje que hacia otra iglesia."	"UNIDAD-MATERIAL-V1"	"MATIZA"	""	"REL-M001: El cuadro primario INEGI publica ambos puntos con universo población total; confirma descenso descriptivo, no crisis causal institucional ni descreimiento. | REL-M002: La nota de cierre atribuye Pew 2026 a ola reservada 2025; el mapa atribuye campo 2024. No resolver leyendo tabulado. Se excluye su cifra hasta dictamen documental autorizado. | REL-M003: Switching depende del mismo informe potencialmente reservado; ninguna prevalencia de afiliación identifica flujos individuales. | REL-M004: La asistencia mensual GEN2 es de todos los adultos válidos, no de católicos semanales. ENCREER requiere verificación del gráfico; no respalda llamar baja a toda práctica. | REL-M008: El cuadro Chiapas mantiene separado sin adscripción religiosa creyente y sin religión. Confirma distinción de categorías, no total nacional de 3.1 millones ni inexistencia de toda categoría previa."	"GEN2-01;GEN2-04;REL-E1;REL-E2;REL-S10;REL-S11;REL-S6"	"GEN1 histórico; nueva síntesis PROPUESTA-POR-EJECUTOR"	"corte 2c646cba"	"Unidad completa auditada; repeticiones conservan localizador propio"
"REL-V099"	"v1"	"99"	"99"	"ASTRA5-U0-RELIG-006"	"**Evidencia en contra.** En regiones del Bajío la práctica sigue siendo alta y la identidad católica robusta. La afirmación no aplica homogéneamente."	"UNIDAD-MATERIAL-V1"	"MATIZA"	""	"REL-M006: La presentación censal Chiapas confirma 53.9 católico y 32.4 protestante/cristiano evangélico. No se cotejaron aquí cifras de todo el Bajío ni superioridad política; dato regional existe, falta RESULT propio."	"REL-E5;REL-E6;REL-S11"	"GEN1 histórico; nueva síntesis PROPUESTA-POR-EJECUTOR"	"corte 2c646cba"	"Unidad completa auditada; repeticiones conservan localizador propio"
"REL-V101"	"v1"	"101"	"101"	"ASTRA5-U0-RELIG-007;ASTRA5-U0-RELIG-026"	"**Segmentos fuertes/débiles.** Fuerte en jóvenes urbanos, clases medias, CDMX y norte. Débil en el Bajío rural, adultos mayores, mujeres."	"UNIDAD-MATERIAL-V1"	"MATIZA"	""	"REL-M007: El cuadro INEGI confirma aumento sin religión 4.7 a 8.1 en población total. Latinobarómetro confirma gradiente adulto etario; concentración absoluta de siete entidades no prueba tasa urbana ni crecimiento de creencia. | REL-M026: GEN2 observa gradiente etario en no afiliación/importancia, pero edad no identifica generación ni efecto de acceso digital; Ipsos no cotejado."	"GEN2-02;GEN2-03;REL-E3;REL-E4;REL-S10"	"GEN1 histórico; nueva síntesis PROPUESTA-POR-EJECUTOR"	"corte 2c646cba"	"Unidad completa auditada; repeticiones conservan localizador propio"
"REL-V103"	"v1"	"103"	"103"	"ASTRA5-U0-RELIG-024;ASTRA5-U0-RELIG-031"	"**Causas plausibles.** Escándalos de abuso clerical (la propia Iglesia habló de un ""desgaste moral, por el mal ejemplo de algunos""); escasez histórica de sacerdotes; individualización cultural; acceso digital."	"UNIDAD-MATERIAL-V1"	"MATIZA"	""	"REL-M024: Historia de laicidad sirve como marco, no experimento identificador del refugio doméstico; faltan series regionales sobre oferta clerical/práctica. | REL-M031: Razón sacerdotes/habitante requiere fecha y registro; una densidad nacional no identifica oferta local ni causa del catolicismo popular."	""	"GEN1 histórico; nueva síntesis PROPUESTA-POR-EJECUTOR"	"corte 2c646cba"	"Unidad completa auditada; repeticiones conservan localizador propio"
"REL-V105"	"v1"	"105"	"105"	"ASTRA5-U0-RELIG-008"	"**Riesgo de mala interpretación.** Confundir la caída de ""católicos"" con un ascenso del ateísmo. Falso: la mayoría de los ""sin religión"" mexicanos siguen creyendo en Dios."	"UNIDAD-MATERIAL-V1"	"MATIZA"	""	"REL-M008: El cuadro Chiapas mantiene separado sin adscripción religiosa creyente y sin religión. Confirma distinción de categorías, no total nacional de 3.1 millones ni inexistencia de toda categoría previa."	"REL-S11"	"GEN1 histórico; nueva síntesis PROPUESTA-POR-EJECUTOR"	"corte 2c646cba"	"Unidad completa auditada; repeticiones conservan localizador propio"
"REL-V107"	"v1"	"107"	"107"	"ASTRA5-U0-RELIG-037"	"**Implicaciones prácticas.** Para marcas, salud pública y política: no asumir que ""católico"" implica valores tradicionales ni práctica. Segmentar por práctica efectiva, no por identidad nominal."	"UNIDAD-MATERIAL-V1"	"MATIZA"	""	"REL-M037: Afiliación católica sigue siendo mayoría en WVS/LB; no prueba mayoría de adhesión al mensaje genérico. Segmentar por práctica es propuesta testeable, no eficacia observada."	"GEN2-01;GEN2-02"	"GEN1 histórico; nueva síntesis PROPUESTA-POR-EJECUTOR"	"corte 2c646cba"	"Unidad completa auditada; repeticiones conservan localizador propio"
"REL-V111"	"v1"	"111"	"111"	"ASTRA5-U0-RELIG-005;ASTRA5-U0-RELIG-009"	"**Descripción.** Los evangélicos (11.2% nacional) crecen mediante alta intensidad de práctica, densidad comunitaria y disciplina conductual."	"UNIDAD-MATERIAL-V1"	"SIN-CIFRA"	"adquisición"	"REL-M005: No se cotejó la tabla ENCREER con la categoría diariamente; no trasladar oración diaria a asistencia diaria ni intensidad a eficacia comunitaria. | REL-M009: Pluralidad de incentivos es mecanismo rival, no causa identificada de conversión. Un panel antes/después separaría selección de cambio."	"REL-S6"	"GEN1 histórico; nueva síntesis PROPUESTA-POR-EJECUTOR"	"corte 2c646cba"	"Unidad completa auditada; repeticiones conservan localizador propio"
"REL-V113"	"v1"	"113"	"113"	"ASTRA5-U0-RELIG-005;ASTRA5-U0-RELIG-006"	"**Evidencia a favor.** 53.5% asisten diariamente a servicios (ENCREER); concentración en el sureste (Chiapas 32.4%). Pew documenta que los protestantes latinoamericanos muestran mayor compromiso religioso que los católicos en categorías demográficas comparables (asisten con más frecuencia, rezan más)."	"UNIDAD-MATERIAL-V1"	"MATIZA"	""	"REL-M005: No se cotejó la tabla ENCREER con la categoría diariamente; no trasladar oración diaria a asistencia diaria ni intensidad a eficacia comunitaria. | REL-M006: La presentación censal Chiapas confirma 53.9 católico y 32.4 protestante/cristiano evangélico. No se cotejaron aquí cifras de todo el Bajío ni superioridad política; dato regional existe, falta RESULT propio."	"REL-E5;REL-E6;REL-S11;REL-S6"	"GEN1 histórico; nueva síntesis PROPUESTA-POR-EJECUTOR"	"corte 2c646cba"	"Unidad completa auditada; repeticiones conservan localizador propio"
"REL-V115"	"v1"	"115"	"115"	"ASTRA5-U0-RELIG-002;ASTRA5-U0-RELIG-003"	"**Evidencia en contra.** Pew 2026 nota que en México los ""sin religión"" ya superan a los protestantes, y que el crecimiento protestante se ha estabilizado; el switching católico va más hacia ""nones"" (15%) que hacia el protestantismo (4%). El auge evangélico mexicano es real pero mucho más modesto que el centroamericano o brasileño."	"UNIDAD-MATERIAL-V1"	"SIN-CIFRA"	"restricción del proyecto"	"REL-M002: La nota de cierre atribuye Pew 2026 a ola reservada 2025; el mapa atribuye campo 2024. No resolver leyendo tabulado. Se excluye su cifra hasta dictamen documental autorizado. | REL-M003: Switching depende del mismo informe potencialmente reservado; ninguna prevalencia de afiliación identifica flujos individuales."	""	"GEN1 histórico; nueva síntesis PROPUESTA-POR-EJECUTOR"	"corte 2c646cba"	"Unidad completa auditada; repeticiones conservan localizador propio"
"REL-V117"	"v1"	"117"	"117"	"ASTRA5-U0-RELIG-006;ASTRA5-U0-RELIG-010"	"**Segmentos fuertes/débiles.** Fuerte en el sureste, zonas indígenas de Los Altos de Chiapas, frontera norte (Tijuana) y poblaciones migrantes. Débil en el Bajío."	"UNIDAD-MATERIAL-V1"	"MATIZA"	""	"REL-M006: La presentación censal Chiapas confirma 53.9 católico y 32.4 protestante/cristiano evangélico. No se cotejaron aquí cifras de todo el Bajío ni superioridad política; dato regional existe, falta RESULT propio. | REL-M010: Estudio de congregaciones mixtecas no recuperado completo; temporalidad posterior a emigrar no identifica efecto migratorio ni representa a todos los migrantes."	"REL-E5;REL-E6;REL-S11"	"GEN1 histórico; nueva síntesis PROPUESTA-POR-EJECUTOR"	"corte 2c646cba"	"Unidad completa auditada; repeticiones conservan localizador propio"
"REL-V119"	"v1"	"119"	"119"	"ASTRA5-U0-RELIG-009;ASTRA5-U0-RELIG-038"	"**Causas plausibles.** Redes de apoyo mutuo, ética de sobriedad (control del alcohol, del gasto), teología de la prosperidad, proselitismo activo (Pew: más de la mitad de los conversos dicen que su nueva iglesia los buscó)."	"UNIDAD-MATERIAL-V1"	"SIN-CIFRA"	"instrumento"	"REL-M009: Pluralidad de incentivos es mecanismo rival, no causa identificada de conversión. Un panel antes/después separaría selección de cambio. | REL-M038: Proselitismo regional no trasladable a México sin tabla por país/ola; no leer informe reservado para resolver."	""	"GEN1 histórico; nueva síntesis PROPUESTA-POR-EJECUTOR"	"corte 2c646cba"	"Unidad completa auditada; repeticiones conservan localizador propio"
"REL-V121"	"v1"	"121"	"121"	"ASTRA5-U0-RELIG-009"	"**Riesgo de mala interpretación.** Leer la conversión como puramente espiritual, ignorando su función de estrategia de movilidad y disciplina económica."	"UNIDAD-MATERIAL-V1"	"SIN-CIFRA"	"instrumento"	"REL-M009: Pluralidad de incentivos es mecanismo rival, no causa identificada de conversión. Un panel antes/después separaría selección de cambio."	""	"GEN1 histórico; nueva síntesis PROPUESTA-POR-EJECUTOR"	"corte 2c646cba"	"Unidad completa auditada; repeticiones conservan localizador propio"
"REL-V123"	"v1"	"123"	"123"	"ASTRA5-U0-RELIG-027;ASTRA5-U0-RELIG-037"	"**Implicaciones prácticas.** Los evangélicos constituyen un segmento de consumo, ahorro y voto distinto y más organizado."	"UNIDAD-MATERIAL-V1"	"MATIZA"	""	"REL-M027: Pérdida de registro y alianza partidaria no prueban movilización de votantes religiosos; falta fuente INE y evaluación de voto. | REL-M037: Afiliación católica sigue siendo mayoría en WVS/LB; no prueba mayoría de adhesión al mensaje genérico. Segmentar por práctica es propuesta testeable, no eficacia observada."	"GEN2-01;GEN2-02"	"GEN1 histórico; nueva síntesis PROPUESTA-POR-EJECUTOR"	"corte 2c646cba"	"Unidad completa auditada; repeticiones conservan localizador propio"
"REL-V127"	"v1"	"127"	"127"	"ASTRA5-U0-RELIG-014;ASTRA5-U0-RELIG-030"	"**Descripción.** Un vasto campo de devociones —Guadalupe, San Judas Tadeo, Santa Muerte, Jesús Malverde, Juan Soldado, Niño Fidencio— opera al margen o en tensión con la Iglesia institucional."	"UNIDAD-MATERIAL-V1"	"MATIZA"	""	"REL-M014: Estimación experta sin marco muestral comparable no acredita total, composición ni ranking de crecimiento occidental; se retiran números. | REL-M030: Marcos creer/pertenecer/practicar organizan medición, no leyes universales. Religiosidad y espiritualidad se separan empíricamente y secularización no tiene una única trayectoria."	"GEN2-01;REL-S1"	"GEN1 histórico; nueva síntesis PROPUESTA-POR-EJECUTOR"	"corte 2c646cba"	"Unidad completa auditada; repeticiones conservan localizador propio"
"REL-V129"	"v1"	"129"	"129"	"ASTRA5-U0-RELIG-012;ASTRA5-U0-RELIG-013;ASTRA5-U0-RELIG-014"	"**Evidencia a favor.** Basílica de Guadalupe: la Secretaría de Gobierno de la CDMX reportó el arribo de alrededor de 13 millones de personas entre el 5 y el 12 de diciembre de 2025 (Operativo Basílica 2025), cifra que superó los ~12 millones de 2024 y que representa más del 10% de la población nacional; es el santuario más visitado del mundo. San Judas Tadeo: el Templo de San Hipólito recibe multitudes cada día 28, con afluencias de ~120 mil personas el 28 de octubre de 2024 (Secretaría de Gobierno CDMX) y expectativas de hasta 200 mil en 2025; su devoción se concentra en jóvenes de la economía informal (""el santo detrás de la fe que sostiene a quienes viven de la economía informal""). Santa Muerte: Andrew Chesnut (VCU), autor de *Devoted to Death*, estima ""unos 12 millones de seguidores, con 70% en México, 15% en EE.UU. y 10% en Centroamérica"", y la califica como ""el movimiento religioso nuevo de más rápido crecimiento en Occidente"", desconocida por el 99% de los mexicanos antes de 2001."	"UNIDAD-MATERIAL-V1"	"MATIZA"	""	"REL-M012: Comunicado primario reciente confirma afluencia masiva, no fieles únicos. No se confirmó el cierre de temporada ni ranking mundial y no usar flujo como porcentaje de población. | REL-M013: Una expectativa de operativo no es asistencia observada; cifras San Hipólito no cotejadas en fuente primaria. | REL-M014: Estimación experta sin marco muestral comparable no acredita total, composición ni ranking de crecimiento occidental; se retiran números."	"REL-S5"	"GEN1 histórico; nueva síntesis PROPUESTA-POR-EJECUTOR"	"corte 2c646cba"	"Unidad completa auditada; repeticiones conservan localizador propio"
"REL-V131"	"v1"	"131"	"131"	"ASTRA5-U0-RELIG-028"	"**Evidencia en contra.** Estas devociones no son universales: los evangélicos las rechazan explícitamente; los secularizados no participan. Su crecimiento convive con la desinstitucionalización."	"UNIDAD-MATERIAL-V1"	"MATIZA"	""	"REL-M028: Símbolo plural no garantiza unanimidad; tampoco todas las personas sin religión rechazan Guadalupe. Scripts de género requieren evidencia individual y contextual."	""	"GEN1 histórico; nueva síntesis PROPUESTA-POR-EJECUTOR"	"corte 2c646cba"	"Unidad completa auditada; repeticiones conservan localizador propio"
"REL-V133"	"v1"	"133"	"133"	"ASTRA5-U0-RELIG-015;ASTRA5-U0-RELIG-028"	"**Segmentos.** San Judas y Santa Muerte: fuerte en clases populares urbanas, economía informal, jóvenes y población penitenciaria. Guadalupe: transversal, pero de intensidad decreciente en jóvenes urbanos."	"UNIDAD-MATERIAL-V1"	"MATIZA"	""	"REL-M015: No estigmatizar es criterio de trato; el cuantificador mayoritariamente necesita muestra representativa. Diversidad de devotos no prueba su composición nacional. | REL-M028: Símbolo plural no garantiza unanimidad; tampoco todas las personas sin religión rechazan Guadalupe. Scripts de género requieren evidencia individual y contextual."	""	"GEN1 histórico; nueva síntesis PROPUESTA-POR-EJECUTOR"	"corte 2c646cba"	"Unidad completa auditada; repeticiones conservan localizador propio"
"REL-V135"	"v1"	"135"	"135"	"ASTRA5-U0-RELIG-009;ASTRA5-U0-RELIG-015"	"**Causas plausibles.** Devociones ""cercanas"" que ""acompañan"" en la incertidumbre económica; santos que ""no juzgan"" (la Santa Muerte tolera lo que la Iglesia condena); función identitaria barrial."	"UNIDAD-MATERIAL-V1"	"MATIZA"	""	"REL-M009: Pluralidad de incentivos es mecanismo rival, no causa identificada de conversión. Un panel antes/después separaría selección de cambio. | REL-M015: No estigmatizar es criterio de trato; el cuantificador mayoritariamente necesita muestra representativa. Diversidad de devotos no prueba su composición nacional."	""	"GEN1 histórico; nueva síntesis PROPUESTA-POR-EJECUTOR"	"corte 2c646cba"	"Unidad completa auditada; repeticiones conservan localizador propio"
"REL-V137"	"v1"	"137"	"137"	"ASTRA5-U0-RELIG-015;ASTRA5-U0-RELIG-033"	"**Riesgo de mala interpretación.** Estigmatizar a la Santa Muerte como ""culto del narco"" o a los sanjuderos como ""adictos y delincuentes"". La investigación (p. ej., el estudio de San Hipólito en la *Revista de Ciencias Sociales*) muestra perfiles diversos y advierte contra el estigma."	"UNIDAD-MATERIAL-V1"	"MATIZA"	""	"REL-M015: No estigmatizar es criterio de trato; el cuantificador mayoritariamente necesita muestra representativa. Diversidad de devotos no prueba su composición nacional. | REL-M033: Mapa identifica estudio de San Hipólito pero no se recuperó completo; no extender etnografía de un templo a perfil nacional."	""	"GEN1 histórico; nueva síntesis PROPUESTA-POR-EJECUTOR"	"corte 2c646cba"	"Unidad completa auditada; repeticiones conservan localizador propio"
"REL-V139"	"v1"	"139"	"139"	"ASTRA5-U0-RELIG-020;ASTRA5-U0-RELIG-037"	"**Implicaciones prácticas.** Enorme mercado de velas, veladoras, imágenes, estampas y peregrinaciones. Diseño de servicios que respete (no instrumentalice cínicamente) estos marcos."	"UNIDAD-MATERIAL-V1"	"MATIZA"	""	"REL-M020: Pronóstico de cámara comercial no es gasto observado ni estimador causal del calendario religioso; faltan método y universo. | REL-M037: Afiliación católica sigue siendo mayoría en WVS/LB; no prueba mayoría de adhesión al mensaje genérico. Segmentar por práctica es propuesta testeable, no eficacia observada."	"GEN2-01;GEN2-02"	"GEN1 histórico; nueva síntesis PROPUESTA-POR-EJECUTOR"	"corte 2c646cba"	"Unidad completa auditada; repeticiones conservan localizador propio"
"REL-V143"	"v1"	"143"	"143"	"ASTRA5-U0-RELIG-016;ASTRA5-U0-RELIG-032"	"**Descripción.** La religión funciona como recurso psicológico de afrontamiento ante el estrés, la enfermedad y la precariedad, pero esto debe distinguirse del ""fatalismo""."	"UNIDAD-MATERIAL-V1"	"MATIZA"	""	"REL-M016: Religión y fatalismo son constructos distintos; no hay descomposición que permita atribuir fracción sustancial o mayoritaria a estructura. Se conserva rival estructural como hipótesis. | REL-M032: Estudios recientes mexicanos aportan asociación, no efecto clínico. Espiritualidad, religiosidad y coping negativo divergen; delegación no se clasifica disfuncional automáticamente."	"REL-S1;REL-S2;REL-S3;REL-S8"	"GEN1 histórico; nueva síntesis PROPUESTA-POR-EJECUTOR"	"corte 2c646cba"	"Unidad completa auditada; repeticiones conservan localizador propio"
"REL-V145"	"v1"	"145"	"145"	"ASTRA5-U0-RELIG-032"	"**Evidencia a favor.** Estudios mexicanos (UAEM, con adultos mayores y pacientes con diabetes tipo 2) muestran que el afrontamiento religioso positivo media entre estrés y resiliencia. Pargament et al. (1988): el estilo colaborativo se asocia a control interno alto y autoestima alta; el estilo delegante a control externo bajo y a ser ""el estilo disfuncional""."	"UNIDAD-MATERIAL-V1"	"MATIZA"	""	"REL-M032: Estudios recientes mexicanos aportan asociación, no efecto clínico. Espiritualidad, religiosidad y coping negativo divergen; delegación no se clasifica disfuncional automáticamente."	"REL-S1;REL-S2;REL-S3;REL-S8"	"GEN1 histórico; nueva síntesis PROPUESTA-POR-EJECUTOR"	"corte 2c646cba"	"Unidad completa auditada; repeticiones conservan localizador propio"
"REL-V147"	"v1"	"147"	"147"	"ASTRA5-U0-RELIG-016;ASTRA5-U0-RELIG-017;ASTRA5-U0-RELIG-018"	"**Sobre fe ≠ fatalismo.** Rogelio Díaz-Guerrero (1967; ""A Mexican psychology"", *American Psychologist*, 1977) describió un estilo de afrontamiento ""pasivo/autoafirmativo pasivo"" del mexicano (modificar el yo, no el entorno), mapeable al ""control secundario"" de Rothbaum, Weisz y Snyder (1982). PERO cuando esa hipótesis se probó empíricamente (comparando reclusas anglo e hispanoamericanas), no se hallaron diferencias étnicas y el nivel socioeconómico predijo el afrontamiento activo mejor que la cultura. Abraído-Lanza et al. (2007, *Ethnicity & Disease*) advierten formalmente contra confundir el ""fatalismo"" con las barreras estructurales (baja educación, pobreza, mal acceso a la salud) que enfrentan los latinos. Pew (2014): ~40% de los mexicanos atribuyen el éxito a fuerzas fuera de su control, con un claro gradiente educativo (menos escolaridad → menor percepción de control). Conclusión: el ""fatalismo"" es, en parte sustancial, adaptación racional a instituciones que fallan, no un rasgo religioso."	"UNIDAD-MATERIAL-V1"	"MATIZA"	""	"REL-M016: Religión y fatalismo son constructos distintos; no hay descomposición que permita atribuir fracción sustancial o mayoritaria a estructura. Se conserva rival estructural como hipótesis. | REL-M017: Informe Pew 2014 no está medido en corpus y porcentaje/control individual no cotejados; tampoco equivalen a fatalismo religioso. | REL-M018: Literatura latina de crítica debe transportarse como (b); muestra reclusas y barreras de salud no identifica explicación nacional mexicana."	"REL-S1;REL-S8"	"GEN1 histórico; nueva síntesis PROPUESTA-POR-EJECUTOR"	"corte 2c646cba"	"Unidad completa auditada; repeticiones conservan localizador propio"
"REL-V149"	"v1"	"149"	"149"	"ASTRA5-U0-RELIG-019"	"**Evidencia en contra.** La revisión de Espinosa de los Monteros & Gallo (2011) es mixta: 64% de los estudios hallan un efecto del fatalismo aun controlando la estructura. No es consenso cerrado; la formulación defendible es que el fatalismo se explica *en parte sustancial* por la estructura, no que sea *solo* un artefacto."	"UNIDAD-MATERIAL-V1"	"SIN-CIFRA"	"adquisición"	"REL-M019: Proporción de estudios positivos sin revisión recuperada no es tamaño de efecto y puede reflejar publicación o medición desigual; se retira cifra."	""	"GEN1 histórico; nueva síntesis PROPUESTA-POR-EJECUTOR"	"corte 2c646cba"	"Unidad completa auditada; repeticiones conservan localizador propio"
"REL-V151"	"v1"	"151"	"151"	"ASTRA5-U0-RELIG-034"	"**Implicaciones prácticas.** En salud mental, integrar el marco religioso del paciente (oración, sentido, comunidad) mejora la adherencia; pero hay que vigilar el afrontamiento religioso negativo (culpa, ""Dios castigador"", estigma de la enfermedad mental como ""falta de fe"" o ""influencia demoníaca""). Terapia y oración/consejería pastoral no son una dicotomía: pueden combinarse."	"UNIDAD-MATERIAL-V1"	"ROMPE"	""	"REL-M034: Afirmar mejora clínica tras integrar espiritualidad excede estudios transversales. Se reemplaza por preguntar preferencias y proponer ensayo, sin prometer eficacia."	"REL-S1;REL-S3"	"GEN1 histórico; nueva síntesis PROPUESTA-POR-EJECUTOR"	"corte 2c646cba"	"Unidad completa auditada; repeticiones conservan localizador propio"
"REL-V157"	"v1"	"157"	"157"	"ASTRA5-U0-RELIG-024;ASTRA5-U0-RELIG-025"	"**Historia institucional.** La laicidad mexicana es excepcionalmente temprana y militante: Reforma juarista (s. XIX), Constitución de 1917 (artículos anticlericales), Guerra Cristera (1926-1929). El catolicismo repuntó tras la Cristiada (97.7% en 1930) pero cayó un punto en 1940 tras la aplicación de leyes anticlericales al final de la cristiada. Esta tensión Iglesia-Estado explica por qué la religiosidad mexicana se refugió en lo popular/doméstico y por qué la laicidad es hoy un valor constitucional fuerte."	"UNIDAD-MATERIAL-V1"	"MATIZA"	""	"REL-M024: Historia de laicidad sirve como marco, no experimento identificador del refugio doméstico; faltan series regionales sobre oferta clerical/práctica. | REL-M025: Serie histórica y cambio por ley no cotejados; dos puntos censales no identifican efecto anticlerical."	""	"GEN1 histórico; nueva síntesis PROPUESTA-POR-EJECUTOR"	"corte 2c646cba"	"Unidad completa auditada; repeticiones conservan localizador propio"
"REL-V159"	"v1"	"159"	"159"	"ASTRA5-U0-RELIG-009;ASTRA5-U0-RELIG-015"	"**Estructura económica y precariedad.** El pentecostalismo se ha caracterizado como ""religión de la precariedad""; la teología de la prosperidad ofrece esperanza material y disciplina en contextos de informalidad. San Judas Tadeo es explícitamente el santo de ""quienes viven de la economía informal"": protección frente a la incertidumbre diaria, esperanza en la supervivencia económica, dignidad del esfuerzo."	"UNIDAD-MATERIAL-V1"	"MATIZA"	""	"REL-M009: Pluralidad de incentivos es mecanismo rival, no causa identificada de conversión. Un panel antes/después separaría selección de cambio. | REL-M015: No estigmatizar es criterio de trato; el cuantificador mayoritariamente necesita muestra representativa. Diversidad de devotos no prueba su composición nacional."	""	"GEN1 histórico; nueva síntesis PROPUESTA-POR-EJECUTOR"	"corte 2c646cba"	"Unidad completa auditada; repeticiones conservan localizador propio"
"REL-V161"	"v1"	"161"	"161"	"ASTRA5-U0-RELIG-009;ASTRA5-U0-RELIG-011"	"**Adaptación racional.** La conversión evangélica en Chiapas y en la migración funciona como estrategia: libera de las cargas económicas del sistema de cargos, crea redes de apoyo e impone sobriedad. En Los Altos de Chiapas, según la literatura de CIESAS/El Colef, ""la primera ruptura fue religiosa y enseguida la económica""; las expulsiones de tsotsiles y tseltales (cerca de 30,000 personas) combinan conflicto religioso, político y económico."	"UNIDAD-MATERIAL-V1"	"SIN-CIFRA"	"instrumento"	"REL-M009: Pluralidad de incentivos es mecanismo rival, no causa identificada de conversión. Un panel antes/después separaría selección de cambio. | REL-M011: Expulsiones requieren registro con ventana y unidad; tampoco prueba secuencia causal religiosa-económica para toda comunidad."	""	"GEN1 histórico; nueva síntesis PROPUESTA-POR-EJECUTOR"	"corte 2c646cba"	"Unidad completa auditada; repeticiones conservan localizador propio"
"REL-V163"	"v1"	"163"	"163"	"ASTRA5-U0-RELIG-010"	"**Migración.** La experiencia migratoria México-EE.UU. es un catalizador de conversión: en estudios sobre mixtecos en Baja California y Santa Bárbara, ""la mayoría de los integrantes de estas congregaciones cambió de religión después de emigrar, situación infrecuente en sus comunidades de origen""."	"UNIDAD-MATERIAL-V1"	"SIN-CIFRA"	"adquisición"	"REL-M010: Estudio de congregaciones mixtecas no recuperado completo; temporalidad posterior a emigrar no identifica efecto migratorio ni representa a todos los migrantes."	""	"GEN1 histórico; nueva síntesis PROPUESTA-POR-EJECUTOR"	"corte 2c646cba"	"Unidad completa auditada; repeticiones conservan localizador propio"
"REL-V165"	"v1"	"165"	"165"	"ASTRA5-U0-RELIG-007;ASTRA5-U0-RELIG-026"	"**Ciclo generacional y digital.** Los ""sin religión"" son jóvenes, urbanos y con acceso digital. La transmisión intergeneracional católica se debilita; el reporte Ipsos ""Religión Global 2023"" sitúa a la generación Z mexicana como la menos propensa a identificarse como cristiana."	"UNIDAD-MATERIAL-V1"	"MATIZA"	""	"REL-M007: El cuadro INEGI confirma aumento sin religión 4.7 a 8.1 en población total. Latinobarómetro confirma gradiente adulto etario; concentración absoluta de siete entidades no prueba tasa urbana ni crecimiento de creencia. | REL-M026: GEN2 observa gradiente etario en no afiliación/importancia, pero edad no identifica generación ni efecto de acceso digital; Ipsos no cotejado."	"GEN2-02;GEN2-03;REL-E3;REL-E4;REL-S10"	"GEN1 histórico; nueva síntesis PROPUESTA-POR-EJECUTOR"	"corte 2c646cba"	"Unidad completa auditada; repeticiones conservan localizador propio"
"REL-V171"	"v1"	"171"	"171"	"ASTRA5-U0-RELIG-006"	"- **Región:** Sureste evangélico (Chiapas 53.9% católico / 32.4% protestante; Tabasco, Campeche, Quintana Roo) vs. Bajío ultracatólico (Zacatecas 92.3%, Guanajuato 90.8%, Michoacán 89.3%, Jalisco 89.2%) vs. norte y centro urbano más secular."	"UNIDAD-MATERIAL-V1"	"MATIZA"	""	"REL-M006: La presentación censal Chiapas confirma 53.9 católico y 32.4 protestante/cristiano evangélico. No se cotejaron aquí cifras de todo el Bajío ni superioridad política; dato regional existe, falta RESULT propio."	"REL-E5;REL-E6;REL-S11"	"GEN1 histórico; nueva síntesis PROPUESTA-POR-EJECUTOR"	"corte 2c646cba"	"Unidad completa auditada; repeticiones conservan localizador propio"
"REL-V172"	"v1"	"172"	"172"	"ASTRA5-U0-RELIG-009;ASTRA5-U0-RELIG-015"	"- **Clase:** Pentecostalismo popular vs. neopentecostalismo de clases medias (distinción de Alberto Hernández y otros, que critican usar ""teología de la prosperidad"" como cajón único); devociones populares (San Judas, Santa Muerte) en clases populares urbanas."	"UNIDAD-MATERIAL-V1"	"MATIZA"	""	"REL-M009: Pluralidad de incentivos es mecanismo rival, no causa identificada de conversión. Un panel antes/después separaría selección de cambio. | REL-M015: No estigmatizar es criterio de trato; el cuantificador mayoritariamente necesita muestra representativa. Diversidad de devotos no prueba su composición nacional."	""	"GEN1 histórico; nueva síntesis PROPUESTA-POR-EJECUTOR"	"corte 2c646cba"	"Unidad completa auditada; repeticiones conservan localizador propio"
"REL-V173"	"v1"	"173"	"173"	"ASTRA5-U0-RELIG-026"	"- **Edad:** Secularización juvenil pronunciada; adultos mayores más católicos practicantes."	"UNIDAD-MATERIAL-V1"	"MATIZA"	""	"REL-M026: GEN2 observa gradiente etario en no afiliación/importancia, pero edad no identifica generación ni efecto de acceso digital; Ipsos no cotejado."	"GEN2-02;GEN2-03"	"GEN1 histórico; nueva síntesis PROPUESTA-POR-EJECUTOR"	"corte 2c646cba"	"Unidad completa auditada; repeticiones conservan localizador propio"
"REL-V174"	"v1"	"174"	"174"	"ASTRA5-U0-RELIG-028"	"- **Género:** Mujeres más religiosas y practicantes; marianismo/abnegación como script de género (Díaz-Guerrero: la abnegación ""presume que las mujeres sufren más en la vida""). Matiz importante: Pew no halla diferencias significativas por género en la identidad católica/protestante/nones en América Latina."	"UNIDAD-MATERIAL-V1"	"MATIZA"	""	"REL-M028: Símbolo plural no garantiza unanimidad; tampoco todas las personas sin religión rechazan Guadalupe. Scripts de género requieren evidencia individual y contextual."	""	"GEN1 histórico; nueva síntesis PROPUESTA-POR-EJECUTOR"	"corte 2c646cba"	"Unidad completa auditada; repeticiones conservan localizador propio"
"REL-V175"	"v1"	"175"	"175"	"ASTRA5-U0-RELIG-007;ASTRA5-U0-RELIG-017"	"- **Escolaridad:** Mayor escolaridad → mayor probabilidad de ser ""sin religión"" y de percibir control interno."	"UNIDAD-MATERIAL-V1"	"MATIZA"	""	"REL-M007: El cuadro INEGI confirma aumento sin religión 4.7 a 8.1 en población total. Latinobarómetro confirma gradiente adulto etario; concentración absoluta de siete entidades no prueba tasa urbana ni crecimiento de creencia. | REL-M017: Informe Pew 2014 no está medido en corpus y porcentaje/control individual no cotejados; tampoco equivalen a fatalismo religioso."	"GEN2-02;REL-E3;REL-E4;REL-S10"	"GEN1 histórico; nueva síntesis PROPUESTA-POR-EJECUTOR"	"corte 2c646cba"	"Unidad completa auditada; repeticiones conservan localizador propio"
"REL-V176"	"v1"	"176"	"176"	"ASTRA5-U0-RELIG-007"	"- **Urbanización:** ""Sin religión"" concentrado en CDMX, Estado de México, Baja California, Nuevo León y Chihuahua."	"UNIDAD-MATERIAL-V1"	"MATIZA"	""	"REL-M007: El cuadro INEGI confirma aumento sin religión 4.7 a 8.1 en población total. Latinobarómetro confirma gradiente adulto etario; concentración absoluta de siete entidades no prueba tasa urbana ni crecimiento de creencia."	"GEN2-02;REL-E3;REL-E4;REL-S10"	"GEN1 histórico; nueva síntesis PROPUESTA-POR-EJECUTOR"	"corte 2c646cba"	"Unidad completa auditada; repeticiones conservan localizador propio"
"REL-V177"	"v1"	"177"	"177"	"ASTRA5-U0-RELIG-010"	"- **Migración:** Migrantes y comunidades transnacionales con mayor tasa de conversión."	"UNIDAD-MATERIAL-V1"	"SIN-CIFRA"	"adquisición"	"REL-M010: Estudio de congregaciones mixtecas no recuperado completo; temporalidad posterior a emigrar no identifica efecto migratorio ni representa a todos los migrantes."	""	"GEN1 histórico; nueva síntesis PROPUESTA-POR-EJECUTOR"	"corte 2c646cba"	"Unidad completa auditada; repeticiones conservan localizador propio"
"REL-V178"	"v1"	"178"	"178"	"ASTRA5-U0-RELIG-029"	"- **Exposición global:** New Age, neomexicanidad y espiritualidades alternativas en clases medias urbanas (De la Torre, Gutiérrez Zúñiga)."	"UNIDAD-MATERIAL-V1"	"MATIZA"	""	"REL-M029: RIFREM pregunta limpias y otras prácticas por grupo; proporción exacta y sincretismo longitudinal no cotejados. No usar diversidad de prácticas como crecimiento."	"REL-S7"	"GEN1 histórico; nueva síntesis PROPUESTA-POR-EJECUTOR"	"corte 2c646cba"	"Unidad completa auditada; repeticiones conservan localizador propio"
"REL-V184"	"v1"	"184"	"184"	"ASTRA5-U0-RELIG-030"	"**Qué es distintivamente mexicano:**"	"UNIDAD-MATERIAL-V1"	"MATIZA"	""	"REL-M030: Marcos creer/pertenecer/practicar organizan medición, no leyes universales. Religiosidad y espiritualidad se separan empíricamente y secularización no tiene una única trayectoria."	"GEN2-01;REL-S1"	"GEN1 histórico; nueva síntesis PROPUESTA-POR-EJECUTOR"	"corte 2c646cba"	"Unidad completa auditada; repeticiones conservan localizador propio"
"REL-V185"	"v1"	"185"	"185"	"ASTRA5-U0-RELIG-012;ASTRA5-U0-RELIG-028"	"- Guadalupanismo como símbolo de identidad nacional (no solo religioso): la Basílica es el santuario más visitado del mundo."	"UNIDAD-MATERIAL-V1"	"MATIZA"	""	"REL-M012: Comunicado primario reciente confirma afluencia masiva, no fieles únicos. No se confirmó el cierre de temporada ni ranking mundial y no usar flujo como porcentaje de población. | REL-M028: Símbolo plural no garantiza unanimidad; tampoco todas las personas sin religión rechazan Guadalupe. Scripts de género requieren evidencia individual y contextual."	"REL-S5"	"GEN1 histórico; nueva síntesis PROPUESTA-POR-EJECUTOR"	"corte 2c646cba"	"Unidad completa auditada; repeticiones conservan localizador propio"
"REL-V186"	"v1"	"186"	"186"	"ASTRA5-U0-RELIG-024"	"- Laicidad juarista/1917 excepcionalmente militante y temprana."	"UNIDAD-MATERIAL-V1"	"MATIZA"	""	"REL-M024: Historia de laicidad sirve como marco, no experimento identificador del refugio doméstico; faltan series regionales sobre oferta clerical/práctica."	""	"GEN1 histórico; nueva síntesis PROPUESTA-POR-EJECUTOR"	"corte 2c646cba"	"Unidad completa auditada; repeticiones conservan localizador propio"
"REL-V187"	"v1"	"187"	"187"	"ASTRA5-U0-RELIG-023"	"- Retención de mayoría católica absoluta y baja tasa de switching (12%, de las más bajas de la región junto con Panamá y Paraguay, según Pew 2014)."	"UNIDAD-MATERIAL-V1"	"SIN-CIFRA"	"adquisición"	"REL-M023: Tasa switching histórica no cotejada; composición actual no acredita baja transición individual ni estabilidad futura."	""	"GEN1 histórico; nueva síntesis PROPUESTA-POR-EJECUTOR"	"corte 2c646cba"	"Unidad completa auditada; repeticiones conservan localizador propio"
"REL-V188"	"v1"	"188"	"188"	"ASTRA5-U0-RELIG-014"	"- La Santa Muerte como fenómeno mexicano exportado a EE.UU. y Centroamérica."	"UNIDAD-MATERIAL-V1"	"SIN-CIFRA"	"instrumento"	"REL-M014: Estimación experta sin marco muestral comparable no acredita total, composición ni ranking de crecimiento occidental; se retiran números."	""	"GEN1 histórico; nueva síntesis PROPUESTA-POR-EJECUTOR"	"corte 2c646cba"	"Unidad completa auditada; repeticiones conservan localizador propio"
"REL-V190"	"v1"	"190"	"190"	"ASTRA5-U0-RELIG-030"	"**Qué es patrón latinoamericano general:**"	"UNIDAD-MATERIAL-V1"	"MATIZA"	""	"REL-M030: Marcos creer/pertenecer/practicar organizan medición, no leyes universales. Religiosidad y espiritualidad se separan empíricamente y secularización no tiene una única trayectoria."	"GEN2-01;REL-S1"	"GEN1 histórico; nueva síntesis PROPUESTA-POR-EJECUTOR"	"corte 2c646cba"	"Unidad completa auditada; repeticiones conservan localizador propio"
"REL-V191"	"v1"	"191"	"191"	"ASTRA5-U0-RELIG-001;ASTRA5-U0-RELIG-002"	"- Declive católico y ascenso de ""nones"" y evangélicos (toda la región: Pew 2026 documenta caídas católicas de 9+ puntos en seis países)."	"UNIDAD-MATERIAL-V1"	"MATIZA"	""	"REL-M001: El cuadro primario INEGI publica ambos puntos con universo población total; confirma descenso descriptivo, no crisis causal institucional ni descreimiento. | REL-M002: La nota de cierre atribuye Pew 2026 a ola reservada 2025; el mapa atribuye campo 2024. No resolver leyendo tabulado. Se excluye su cifra hasta dictamen documental autorizado."	"REL-E1;REL-E2;REL-S10"	"GEN1 histórico; nueva síntesis PROPUESTA-POR-EJECUTOR"	"corte 2c646cba"	"Unidad completa auditada; repeticiones conservan localizador propio"
"REL-V192"	"v1"	"192"	"192"	"ASTRA5-U0-RELIG-009"	"- Pentecostalismo como religión de la precariedad."	"UNIDAD-MATERIAL-V1"	"SIN-CIFRA"	"instrumento"	"REL-M009: Pluralidad de incentivos es mecanismo rival, no causa identificada de conversión. Un panel antes/después separaría selección de cambio."	""	"GEN1 histórico; nueva síntesis PROPUESTA-POR-EJECUTOR"	"corte 2c646cba"	"Unidad completa auditada; repeticiones conservan localizador propio"
"REL-V193"	"v1"	"193"	"193"	"ASTRA5-U0-RELIG-029"	"- Sincretismo popular preexistente."	"UNIDAD-MATERIAL-V1"	"MATIZA"	""	"REL-M029: RIFREM pregunta limpias y otras prácticas por grupo; proporción exacta y sincretismo longitudinal no cotejados. No usar diversidad de prácticas como crecimiento."	"REL-S7"	"GEN1 histórico; nueva síntesis PROPUESTA-POR-EJECUTOR"	"corte 2c646cba"	"Unidad completa auditada; repeticiones conservan localizador propio"
"REL-V195"	"v1"	"195"	"195"	"ASTRA5-U0-RELIG-030"	"**Qué es propio de sociedades desiguales/de baja confianza:**"	"UNIDAD-MATERIAL-V1"	"MATIZA"	""	"REL-M030: Marcos creer/pertenecer/practicar organizan medición, no leyes universales. Religiosidad y espiritualidad se separan empíricamente y secularización no tiene una única trayectoria."	"GEN2-01;REL-S1"	"GEN1 histórico; nueva síntesis PROPUESTA-POR-EJECUTOR"	"corte 2c646cba"	"Unidad completa auditada; repeticiones conservan localizador propio"
"REL-V196"	"v1"	"196"	"196"	"ASTRA5-U0-RELIG-016"	"- El ""fatalismo"" como adaptación (no exclusivo de México; documentado en economía del desarrollo)."	"UNIDAD-MATERIAL-V1"	"MATIZA"	""	"REL-M016: Religión y fatalismo son constructos distintos; no hay descomposición que permita atribuir fracción sustancial o mayoritaria a estructura. Se conserva rival estructural como hipótesis."	"REL-S1;REL-S8"	"GEN1 histórico; nueva síntesis PROPUESTA-POR-EJECUTOR"	"corte 2c646cba"	"Unidad completa auditada; repeticiones conservan localizador propio"
"REL-V197"	"v1"	"197"	"197"	"ASTRA5-U0-RELIG-009"	"- Teología de la prosperidad ligada a informalidad."	"UNIDAD-MATERIAL-V1"	"SIN-CIFRA"	"instrumento"	"REL-M009: Pluralidad de incentivos es mecanismo rival, no causa identificada de conversión. Un panel antes/después separaría selección de cambio."	""	"GEN1 histórico; nueva síntesis PROPUESTA-POR-EJECUTOR"	"corte 2c646cba"	"Unidad completa auditada; repeticiones conservan localizador propio"
"REL-V199"	"v1"	"199"	"199"	"ASTRA5-U0-RELIG-022;ASTRA5-U0-RELIG-027"	"**Contraste con Brasil.** Brasil tiene 26.9% de evangélicos (Censo IBGE 2022, 47.4 millones), católicos en 56.7% (100.2 millones), y una poderosa bancada evangélica ligada a la IURD y al pentecostalismo (que ya elegía presidentes desde Collor en 1989). México va muy por detrás en evangelización (11.2%) y su partido confesional (PES) fracasó electoralmente dos veces (perdió el registro en 2018 y 2021). La politización evangélica mexicana es mucho más débil que la brasileña."	"UNIDAD-MATERIAL-V1"	"MATIZA"	""	"REL-M022: IBGE publica religión de diez años o más, no población total ni adultos México; sólo contraste institucional cualitativo sin brecha numérica armonizada. | REL-M027: Pérdida de registro y alianza partidaria no prueban movilización de votantes religiosos; falta fuente INE y evaluación de voto."	"REL-S4"	"GEN1 histórico; nueva síntesis PROPUESTA-POR-EJECUTOR"	"corte 2c646cba"	"Unidad completa auditada; repeticiones conservan localizador propio"
"REL-V201"	"v1"	"201"	"201"	"ASTRA5-U0-RELIG-016;ASTRA5-U0-RELIG-030"	"**Qué se malinterpreta desde marcos anglosajones/europeos.** La teoría clásica de la secularización europea no aplica: en México hay desinstitucionalización sin descreimiento. El marco honor/dignidad/face es ajeno; la cultura mexicana es de dignidad, no de honor. Las escalas de afrontamiento de Pargament, validadas mayormente en población anglo y afroamericana, requieren cautela."	"UNIDAD-MATERIAL-V1"	"MATIZA"	""	"REL-M016: Religión y fatalismo son constructos distintos; no hay descomposición que permita atribuir fracción sustancial o mayoritaria a estructura. Se conserva rival estructural como hipótesis. | REL-M030: Marcos creer/pertenecer/practicar organizan medición, no leyes universales. Religiosidad y espiritualidad se separan empíricamente y secularización no tiene una única trayectoria. La afirmación México cultura de dignidad, no honor carece de escala y contraste; se retira, no se sustituye por un atributo contrario."	"GEN2-01;REL-S1;REL-S8"	"GEN1 histórico; nueva síntesis PROPUESTA-POR-EJECUTOR"	"corte 2c646cba"	"Unidad completa auditada; repeticiones conservan localizador propio"
"REL-V207"	"v1"	"207"	"207"	"ASTRA5-U0-RELIG-012;ASTRA5-U0-RELIG-020;ASTRA5-U0-RELIG-021"	"**Consumo y calendario festivo.** El calendario religioso estructura la estacionalidad del gasto: Día de Muertos (derrama estimada de 45,318 millones de pesos en 2024 según Concanaco; la Sectur estimó por separado 25,605 mdp en turismo, con 3.1 millones de turistas desplazados), Guadalupe (12 de diciembre, el mayor evento religioso del país), Semana Santa, fiestas patronales y peregrinaciones. Mercados asociados: velas, veladoras, imágenes, flores (cempasúchil), pan de muerto. Las remesas festivas financian fiestas patronales en comunidades de origen. El turismo religioso es una industria en sí misma (la Basílica supera al Vaticano en visitantes)."	"UNIDAD-MATERIAL-V1"	"MATIZA"	""	"REL-M012: Comunicado primario reciente confirma afluencia masiva, no fieles únicos. No se confirmó el cierre de temporada ni ranking mundial y no usar flujo como porcentaje de población. | REL-M020: Pronóstico de cámara comercial no es gasto observado ni estimador causal del calendario religioso; faltan método y universo. | REL-M021: Estimación turística tiene otra unidad y cobertura que comercio; se excluye y no suma derramas."	"REL-S5"	"GEN1 histórico; nueva síntesis PROPUESTA-POR-EJECUTOR"	"corte 2c646cba"	"Unidad completa auditada; repeticiones conservan localizador propio"
"REL-V209"	"v1"	"209"	"209"	"ASTRA5-U0-RELIG-034"	"**Salud mental y afrontamiento.** La religión es un recurso de coping medible. Recomendación clínica: integrar el marco espiritual del paciente cuando lo desea (oración, sentido, comunidad), lo cual mejora la resiliencia; pero detectar el afrontamiento religioso negativo (culpa, estigma de la enfermedad mental como ""falta de fe"" o ""influencia demoníaca""). El estigma religioso puede retrasar la búsqueda de ayuda profesional. Terapia y consejería pastoral no son excluyentes."	"UNIDAD-MATERIAL-V1"	"ROMPE"	""	"REL-M034: Afirmar mejora clínica tras integrar espiritualidad excede estudios transversales. Se reemplaza por preguntar preferencias y proponer ensayo, sin prometer eficacia."	"REL-S1;REL-S3"	"GEN1 histórico; nueva síntesis PROPUESTA-POR-EJECUTOR"	"corte 2c646cba"	"Unidad completa auditada; repeticiones conservan localizador propio"
"REL-V211"	"v1"	"211"	"211"	"ASTRA5-U0-RELIG-027;ASTRA5-U0-RELIG-035;ASTRA5-U0-RELIG-036"	"**Política y voto religioso.** Los evangélicos se organizan mejor (predicadores-activistas, campañas en templos, capacidad de movilizar estructura). El PES movilizó voto evangélico para Morena en 2018; su dirigente Hugo Éric Flores Cervantes declaró que gracias al PES ""Dios regresaba a la vida pública del país"", aunque el partido perdió el registro. Temas calientes: aborto, matrimonio igualitario, ""ideología de género"". El Frente Nacional por la Familia (coalición católico-evangélica) movilizó a más de un millón de personas contra el matrimonio igualitario en 2016 y presentó al Senado una iniciativa respaldada por 240 mil firmas. La 4T mantiene alianzas pragmáticas con los evangélicos pese al laicismo formal."	"UNIDAD-MATERIAL-V1"	"SIN-CIFRA"	"adquisición"	"REL-M027: Pérdida de registro y alianza partidaria no prueban movilización de votantes religiosos; falta fuente INE y evaluación de voto. | REL-M035: Mapa advierte conflación de FNF/Diputados y ConFamilia/Senado; no repetir asistencia ni firmas sin acta primaria recuperada. | REL-M036: Alianza pragmática sin indicador no predice voto; registrar convenios por actor/fecha permitiría contraste."	""	"GEN1 histórico; nueva síntesis PROPUESTA-POR-EJECUTOR"	"corte 2c646cba"	"Unidad completa auditada; repeticiones conservan localizador propio"
"REL-V213"	"v1"	"213"	"213"	"ASTRA5-U0-RELIG-037"	"**Comunicación y diseño de servicios.** Respetar (no instrumentalizar cínicamente) los marcos religiosos. Segmentar por práctica efectiva, no por identidad nominal. Evitar estigmatizar devociones populares. Reconocer la diversidad interna: un mensaje ""católico genérico"" ya no representa a la mayoría."	"UNIDAD-MATERIAL-V1"	"MATIZA"	""	"REL-M037: Afiliación católica sigue siendo mayoría en WVS/LB; no prueba mayoría de adhesión al mensaje genérico. Segmentar por práctica es propuesta testeable, no eficacia observada."	"GEN2-01;GEN2-02"	"GEN1 histórico; nueva síntesis PROPUESTA-POR-EJECUTOR"	"corte 2c646cba"	"Unidad completa auditada; repeticiones conservan localizador propio"
"REL-V219"	"v1"	"219"	"219"	"ASTRA5-U0-RELIG-001;ASTRA5-U0-RELIG-004"	"- **""México es profundamente católico y ya.""** Falso: 22 de cada 100 ya no son católicos; la práctica católica es baja; el país es plural."	"UNIDAD-MATERIAL-V1"	"MATIZA"	""	"REL-M001: El cuadro primario INEGI publica ambos puntos con universo población total; confirma descenso descriptivo, no crisis causal institucional ni descreimiento. | REL-M004: La asistencia mensual GEN2 es de todos los adultos válidos, no de católicos semanales. ENCREER requiere verificación del gráfico; no respalda llamar baja a toda práctica."	"GEN2-01;GEN2-04;REL-E1;REL-E2;REL-S10;REL-S6"	"GEN1 histórico; nueva síntesis PROPUESTA-POR-EJECUTOR"	"corte 2c646cba"	"Unidad completa auditada; repeticiones conservan localizador propio"
"REL-V220"	"v1"	"220"	"220"	"ASTRA5-U0-RELIG-028"	"- **""El guadalupanismo une a todos.""** Sobreinterpretación: los evangélicos lo rechazan, los secularizados no participan y su intensidad decae en los jóvenes."	"UNIDAD-MATERIAL-V1"	"MATIZA"	""	"REL-M028: Símbolo plural no garantiza unanimidad; tampoco todas las personas sin religión rechazan Guadalupe. Scripts de género requieren evidencia individual y contextual."	""	"GEN1 histórico; nueva síntesis PROPUESTA-POR-EJECUTOR"	"corte 2c646cba"	"Unidad completa auditada; repeticiones conservan localizador propio"
"REL-V221"	"v1"	"221"	"221"	"ASTRA5-U0-RELIG-015"	"- **""La Santa Muerte es solo del narco.""** Falso y peligroso: sus millones de devotos son mayoritariamente pobres urbanos, mujeres y trabajadores; criminalizarlos es un error ético."	"UNIDAD-MATERIAL-V1"	"MATIZA"	""	"REL-M015: No estigmatizar es criterio de trato; el cuantificador mayoritariamente necesita muestra representativa. Diversidad de devotos no prueba su composición nacional."	""	"GEN1 histórico; nueva síntesis PROPUESTA-POR-EJECUTOR"	"corte 2c646cba"	"Unidad completa auditada; repeticiones conservan localizador propio"
"REL-V222"	"v1"	"222"	"222"	"ASTRA5-U0-RELIG-016"	"- **""El mexicano es fatalista por su religión.""** Confunde la adaptación racional a la precariedad con un rasgo religioso."	"UNIDAD-MATERIAL-V1"	"MATIZA"	""	"REL-M016: Religión y fatalismo son constructos distintos; no hay descomposición que permita atribuir fracción sustancial o mayoritaria a estructura. Se conserva rival estructural como hipótesis."	"REL-S1;REL-S8"	"GEN1 histórico; nueva síntesis PROPUESTA-POR-EJECUTOR"	"corte 2c646cba"	"Unidad completa auditada; repeticiones conservan localizador propio"
"REL-V223"	"v1"	"223"	"223"	"ASTRA5-U0-RELIG-008"	"- **""Los 'sin religión' son ateos.""** Falso: la mayoría cree en Dios (""creer sin pertenecer"")."	"UNIDAD-MATERIAL-V1"	"MATIZA"	""	"REL-M008: El cuadro Chiapas mantiene separado sin adscripción religiosa creyente y sin religión. Confirma distinción de categorías, no total nacional de 3.1 millones ni inexistencia de toda categoría previa."	"REL-S11"	"GEN1 histórico; nueva síntesis PROPUESTA-POR-EJECUTOR"	"corte 2c646cba"	"Unidad completa auditada; repeticiones conservan localizador propio"
"REL-V224"	"v1"	"224"	"224"	"ASTRA5-U0-RELIG-030"	"- **""La secularización europea llegará igual a México.""** Marco importado que no captura la desecularización popular."	"UNIDAD-MATERIAL-V1"	"MATIZA"	""	"REL-M030: Marcos creer/pertenecer/practicar organizan medición, no leyes universales. Religiosidad y espiritualidad se separan empíricamente y secularización no tiene una única trayectoria."	"GEN2-01;REL-S1"	"GEN1 histórico; nueva síntesis PROPUESTA-POR-EJECUTOR"	"corte 2c646cba"	"Unidad completa auditada; repeticiones conservan localizador propio"
"REL-V230"	"v1"	"230"	"230"	"ASTRA5-U0-RELIG-001;ASTRA5-U0-RELIG-005;ASTRA5-U0-RELIG-012;ASTRA5-U0-RELIG-032"	"**Top patrones:** (1) desinstitucionalización sin descreimiento; (2) auge evangélico de alta intensidad; (3) religiosidad popular robusta y no oficial; (4) fe como afrontamiento, separada del fatalismo."	"UNIDAD-MATERIAL-V1"	"MATIZA"	""	"REL-M001: El cuadro primario INEGI publica ambos puntos con universo población total; confirma descenso descriptivo, no crisis causal institucional ni descreimiento. | REL-M005: No se cotejó la tabla ENCREER con la categoría diariamente; no trasladar oración diaria a asistencia diaria ni intensidad a eficacia comunitaria. | REL-M012: Comunicado primario reciente confirma afluencia masiva, no fieles únicos. No se confirmó el cierre de temporada ni ranking mundial y no usar flujo como porcentaje de población. | REL-M032: Estudios recientes mexicanos aportan asociación, no efecto clínico. Espiritualidad, religiosidad y coping negativo divergen; delegación no se clasifica disfuncional automáticamente."	"REL-E1;REL-E2;REL-S1;REL-S10;REL-S2;REL-S3;REL-S5;REL-S6;REL-S8"	"GEN1 histórico; nueva síntesis PROPUESTA-POR-EJECUTOR"	"corte 2c646cba"	"Unidad completa auditada; repeticiones conservan localizador propio"
"REL-V232"	"v1"	"232"	"232"	"ASTRA5-U0-RELIG-004;ASTRA5-U0-RELIG-007;ASTRA5-U0-RELIG-024"	"**Top contradicciones:** identidad nominal católica altísima vs. práctica baja; secularización juvenil vs. persistencia del creer; laicidad constitucional fuerte vs. religiosidad pública vigorosa; declive católico vs. crecimiento de devociones populares."	"UNIDAD-MATERIAL-V1"	"MATIZA"	""	"REL-M004: La asistencia mensual GEN2 es de todos los adultos válidos, no de católicos semanales. ENCREER requiere verificación del gráfico; no respalda llamar baja a toda práctica. | REL-M007: El cuadro INEGI confirma aumento sin religión 4.7 a 8.1 en población total. Latinobarómetro confirma gradiente adulto etario; concentración absoluta de siete entidades no prueba tasa urbana ni crecimiento de creencia. | REL-M024: Historia de laicidad sirve como marco, no experimento identificador del refugio doméstico; faltan series regionales sobre oferta clerical/práctica."	"GEN2-01;GEN2-02;GEN2-04;REL-E3;REL-E4;REL-S10;REL-S6"	"GEN1 histórico; nueva síntesis PROPUESTA-POR-EJECUTOR"	"corte 2c646cba"	"Unidad completa auditada; repeticiones conservan localizador propio"
"REL-V234"	"v1"	"234"	"234"	"ASTRA5-U0-RELIG-015;ASTRA5-U0-RELIG-016;ASTRA5-U0-RELIG-030"	"**Top errores a evitar:** equiparar nominal con practicante; tratar la religiosidad como monolito católico; confundir fe con fatalismo; estigmatizar devociones populares; importar la secularización europea; extrapolar desde la clase media urbana digitalizada."	"UNIDAD-MATERIAL-V1"	"MATIZA"	""	"REL-M015: No estigmatizar es criterio de trato; el cuantificador mayoritariamente necesita muestra representativa. Diversidad de devotos no prueba su composición nacional. | REL-M016: Religión y fatalismo son constructos distintos; no hay descomposición que permita atribuir fracción sustancial o mayoritaria a estructura. Se conserva rival estructural como hipótesis. | REL-M030: Marcos creer/pertenecer/practicar organizan medición, no leyes universales. Religiosidad y espiritualidad se separan empíricamente y secularización no tiene una única trayectoria."	"GEN2-01;REL-S1;REL-S8"	"GEN1 histórico; nueva síntesis PROPUESTA-POR-EJECUTOR"	"corte 2c646cba"	"Unidad completa auditada; repeticiones conservan localizador propio"
"REL-V236"	"v1"	"236"	"236"	"ASTRA5-U0-RELIG-009;ASTRA5-U0-RELIG-020;ASTRA5-U0-RELIG-034;ASTRA5-U0-RELIG-037"	"**Top oportunidades:** segmentación fina por práctica efectiva; aprovechamiento respetuoso del calendario festivo; integración de marcos religiosos en salud mental; comprensión de la dimensión racional-económica de la conversión."	"UNIDAD-MATERIAL-V1"	"ROMPE"	""	"REL-M009: Pluralidad de incentivos es mecanismo rival, no causa identificada de conversión. Un panel antes/después separaría selección de cambio. | REL-M020: Pronóstico de cámara comercial no es gasto observado ni estimador causal del calendario religioso; faltan método y universo. | REL-M034: Afirmar mejora clínica tras integrar espiritualidad excede estudios transversales. Se reemplaza por preguntar preferencias y proponer ensayo, sin prometer eficacia. | REL-M037: Afiliación católica sigue siendo mayoría en WVS/LB; no prueba mayoría de adhesión al mensaje genérico. Segmentar por práctica es propuesta testeable, no eficacia observada."	"GEN2-01;GEN2-02;REL-S1;REL-S3"	"GEN1 histórico; nueva síntesis PROPUESTA-POR-EJECUTOR"	"corte 2c646cba"	"Unidad completa auditada; repeticiones conservan localizador propio"
"REL-V242"	"v1"	"242"	"242"	"ASTRA5-U0-RELIG-009;ASTRA5-U0-RELIG-015"	"**¿Qué parte confunde pobreza/desigualdad/violencia/informalidad con ""cultura religiosa""?** El riesgo mayor está en el Patrón 3 (Santa Muerte, San Judas) y en la teología de la prosperidad: la devoción de los precarios podría leerse como ""rasgo cultural"" cuando es respuesta a la informalidad y a la ausencia de redes de protección estatal. Lo he marcado explícitamente como adaptación, no como esencia."	"UNIDAD-MATERIAL-V1"	"MATIZA"	""	"REL-M009: Pluralidad de incentivos es mecanismo rival, no causa identificada de conversión. Un panel antes/después separaría selección de cambio. | REL-M015: No estigmatizar es criterio de trato; el cuantificador mayoritariamente necesita muestra representativa. Diversidad de devotos no prueba su composición nacional."	""	"GEN1 histórico; nueva síntesis PROPUESTA-POR-EJECUTOR"	"corte 2c646cba"	"Unidad completa auditada; repeticiones conservan localizador propio"
"REL-V244"	"v1"	"244"	"244"	"ASTRA5-U0-RELIG-009;ASTRA5-U0-RELIG-015"	"**¿Qué sobregeneraliza desde clases medias urbanas?** Los datos de ""sin religión"", secularización juvenil y New Age provienen desproporcionadamente de CDMX y clases medias. No deben extrapolarse al México rural, indígena y popular, donde la religiosidad sigue vigorosa."	"UNIDAD-MATERIAL-V1"	"MATIZA"	""	"REL-M009: Pluralidad de incentivos es mecanismo rival, no causa identificada de conversión. Un panel antes/después separaría selección de cambio. | REL-M015: No estigmatizar es criterio de trato; el cuantificador mayoritariamente necesita muestra representativa. Diversidad de devotos no prueba su composición nacional."	""	"GEN1 histórico; nueva síntesis PROPUESTA-POR-EJECUTOR"	"corte 2c646cba"	"Unidad completa auditada; repeticiones conservan localizador propio"
"REL-V246"	"v1"	"246"	"246"	"ASTRA5-U0-RELIG-007;ASTRA5-U0-RELIG-026"	"**¿Qué está sesgado por marcos estadounidenses/europeos?** La teoría de la secularización (Berger/Bruce), las escalas de afrontamiento de Pargament (validadas mayormente en población anglo/afroamericana) y los marcos de mercado religioso (Stark/Finke). Los uso críticamente, señalando sus límites."	"UNIDAD-MATERIAL-V1"	"MATIZA"	""	"REL-M007: El cuadro INEGI confirma aumento sin religión 4.7 a 8.1 en población total. Latinobarómetro confirma gradiente adulto etario; concentración absoluta de siete entidades no prueba tasa urbana ni crecimiento de creencia. | REL-M026: GEN2 observa gradiente etario en no afiliación/importancia, pero edad no identifica generación ni efecto de acceso digital; Ipsos no cotejado."	"GEN2-02;GEN2-03;REL-E3;REL-E4;REL-S10"	"GEN1 histórico; nueva síntesis PROPUESTA-POR-EJECUTOR"	"corte 2c646cba"	"Unidad completa auditada; repeticiones conservan localizador propio"
"REL-V248"	"v1"	"248"	"248"	"ASTRA5-U0-RELIG-030;ASTRA5-U0-RELIG-032"	"**¿Qué cambiaría con foco rural/indígena/popular?** Todo el peso se desplazaría al catolicismo indígena, la ""costumbre"", los sistemas de cargos, el sincretismo mesoamericano y las expulsiones religiosas de Chiapas. La conversión evangélica indígena se vería más como conflicto político-económico comunitario que como cambio de creencia individual."	"UNIDAD-MATERIAL-V1"	"MATIZA"	""	"REL-M030: Marcos creer/pertenecer/practicar organizan medición, no leyes universales. Religiosidad y espiritualidad se separan empíricamente y secularización no tiene una única trayectoria. | REL-M032: Estudios recientes mexicanos aportan asociación, no efecto clínico. Espiritualidad, religiosidad y coping negativo divergen; delegación no se clasifica disfuncional automáticamente."	"GEN2-01;REL-S1;REL-S2;REL-S3;REL-S8"	"GEN1 histórico; nueva síntesis PROPUESTA-POR-EJECUTOR"	"corte 2c646cba"	"Unidad completa auditada; repeticiones conservan localizador propio"
"REL-V250"	"v1"	"250"	"250"	"ASTRA5-U0-RELIG-011"	"**¿Qué parece espiritual pero es incentivo racional?** La conversión evangélica (movilidad, disciplina, redes, liberación de las cargas del sistema de cargos), la teología de la prosperidad (esperanza material) y buena parte del ""fatalismo"" (racional ante instituciones que fallan)."	"UNIDAD-MATERIAL-V1"	"SIN-CIFRA"	"adquisición"	"REL-M011: Expulsiones requieren registro con ventana y unidad; tampoco prueba secuencia causal religiosa-económica para toda comunidad."	""	"GEN1 histórico; nueva síntesis PROPUESTA-POR-EJECUTOR"	"corte 2c646cba"	"Unidad completa auditada; repeticiones conservan localizador propio"
"REL-V252"	"v1"	"252"	"252"	"ASTRA5-U0-RELIG-009;ASTRA5-U0-RELIG-016"	"**¿Dónde hay evidencia débil pero intuición social fuerte?** La afirmación ""fe ≠ fatalismo"" (intuición fuerte, evidencia mixta); el número de devotos de la Santa Muerte (estimación de un solo experto, sin censo); la conexión teología de la prosperidad↔neoliberalismo (más teórica que empírica)."	"UNIDAD-MATERIAL-V1"	"MATIZA"	""	"REL-M009: Pluralidad de incentivos es mecanismo rival, no causa identificada de conversión. Un panel antes/después separaría selección de cambio. | REL-M016: Religión y fatalismo son constructos distintos; no hay descomposición que permita atribuir fracción sustancial o mayoritaria a estructura. Se conserva rival estructural como hipótesis."	"REL-S1;REL-S8"	"GEN1 histórico; nueva síntesis PROPUESTA-POR-EJECUTOR"	"corte 2c646cba"	"Unidad completa auditada; repeticiones conservan localizador propio"
"REL-V254"	"v1"	"254"	"254"	"ASTRA5-U0-RELIG-014;ASTRA5-U0-RELIG-016"	"**¿Qué conclusiones serían peligrosas si se usaran simplistamente?** Estigmatizar/criminalizar a los fieles de la Santa Muerte; instrumentalizar cínicamente la fe en marketing; patologizar el ""fatalismo"" latino como déficit cultural; asumir que todo ""católico"" comparte valores conservadores. Todas se advierten explícitamente en el reporte."	"UNIDAD-MATERIAL-V1"	"MATIZA"	""	"REL-M014: Estimación experta sin marco muestral comparable no acredita total, composición ni ranking de crecimiento occidental; se retiran números. | REL-M016: Religión y fatalismo son constructos distintos; no hay descomposición que permita atribuir fracción sustancial o mayoritaria a estructura. Se conserva rival estructural como hipótesis."	"REL-S1;REL-S8"	"GEN1 histórico; nueva síntesis PROPUESTA-POR-EJECUTOR"	"corte 2c646cba"	"Unidad completa auditada; repeticiones conservan localizador propio"
"REL-V256"	"v1"	"256"	"256"	"ASTRA5-U0-RELIG-001;ASTRA5-U0-RELIG-002;ASTRA5-U0-RELIG-022"	"**Nota sobre la vigencia de los datos.** El Censo 2020 tiene ya cinco años y, dada la velocidad del cambio, probablemente subestima la caída católica y el crecimiento de ""sin religión"" a 2026. El Pew 2026 (67% de católicos adultos) sugiere que la erosión continúa. ENCREER data de 2016. Se señala en el texto cuándo un dato específico podría estar desactualizado."	"UNIDAD-MATERIAL-V1"	"MATIZA"	""	"El envejecimiento de un censo no demuestra dirección ni velocidad actual, y fuentes adultas no comparables no prueban subestimación censal. No se abre PEW potencialmente reservado; se retira inferencia de vigencia."	"REL-E1;REL-E2;REL-S10;REL-S4"	"GEN1 histórico; nueva síntesis PROPUESTA-POR-EJECUTOR"	"corte 2c646cba"	"Unidad completa auditada; repeticiones conservan localizador propio"
