propuesta_id	run_id	relacion_id	tarea_observacion_id	input_inspector_ref	input_inspector_sha256	reporte_neutral_ref	reporte_neutral_sha256	input_curador_ref	input_curador_sha256	activo_id	fuente	snapshot_t0_sha256	baseline_sha256	accion_curador	adjudicacion_propuesta	estado_cierre	accion_original	accion_original_sha256	input_requerido_original	reserva_original	evidencia_ref_original	criterio_cierre_individual	evidencia_ref_accion_original	evidencia_ref_evidencia_original	resultado_contrastado	expediente_integrable	modifica_baseline	reserva_curador
SEMPROP-0453beea027f88cc9f3400ae	SEMRUN-354ccb9dc1023a0bd420d48f	REL-00e7bd28c9c0db01fd89a3be	TOBS-SEM-c24d3b676e575f4c2d1600c7	data/curacion-registro/ejecucion-semantica/runs/SEMRUN-354ccb9dc1023a0bd420d48f/inputs-inspector/TOBS-SEM-c24d3b676e575f4c2d1600c7.json	07a09ee20de09d838e9f896f0cdfccc9fe09a9a71b34bab18d0e783bbbac4320	data/curacion-registro/ejecucion-semantica/runs/SEMRUN-354ccb9dc1023a0bd420d48f/reportes-neutrales/TOBS-SEM-c24d3b676e575f4c2d1600c7.json	659f2a1703c379e2c752e8265e7ffc012ade10d1971b0ea22e3d798b38767f39	data/curacion-registro/ejecucion-semantica/runs/SEMRUN-354ccb9dc1023a0bd420d48f/inputs-curador/TCUR-c24d3b676e575f4c2d1600c7.json	7f8eb0df9b2453ce83d255231e1aa613d651d29c2ec5232319b7d1f384d0274d	NO_DETERMINADO	ENIF	89f4c3a49c00c0e1ba1f07013e0af10bbc3289fdddc48dde816c37d3da1a742b	4dd527eb25bf9d4ed1047c7956d9ee51f20175361f9404315baae476c057cc76	NO_DETERMINADO	CANDIDATA	EJECUTADA_CON_RESULTADO	Mapear en el cuestionario y microdato ENIF los reactivos de la necesidad y el desenlace, y comprobar que comparten unidad de observación.	f0c6e2d9983312f245131a5b3d3bcff118ac88d5632537e514b0d78acf81ccd5	Revisión de equivalencia y codificación antes de parametrizar.	Escala/diseño/universo:	MAIN:forense/hitoE-campana-medicion-v2_0.md	EVIDENCIA_LOCALIZADA, NO_ACCESIBLE, NO_DETERMINADO o SIN_RUTA_VIABLE_ACTUAL tras máximo dos intentos.	MAIN:data/mapa-fuentes-2026-08-06.tsv:L14	MAIN:forense/hitoE-campana-medicion-v2_0.md	Se abrió al menos un objeto de datos/documentación y se registró su estructura literal; el juicio semántico permanece separado.	NO	NO	La ejecución produjo un terminal operativo, no evidencia suficiente para cambiar adjudicación; el baseline se conserva.
SEMPROP-c980316a1822449d84bc0bca	SEMRUN-354ccb9dc1023a0bd420d48f	REL-01ff8326fdbe3c0a4e299a02	TOBS-SEM-8fc99b4dfe73c86eb952c3fa	data/curacion-registro/ejecucion-semantica/runs/SEMRUN-354ccb9dc1023a0bd420d48f/inputs-inspector/TOBS-SEM-8fc99b4dfe73c86eb952c3fa.json	0b8ae1f8262d49114be16c74ae423fc8fe848ab8c853db127713708cfca1332c	data/curacion-registro/ejecucion-semantica/runs/SEMRUN-354ccb9dc1023a0bd420d48f/reportes-neutrales/TOBS-SEM-8fc99b4dfe73c86eb952c3fa.json	5266be9b66fa5b54d08fc0f8b199d3b28c1520021db1b9e437e11cfff088a2a0	data/curacion-registro/ejecucion-semantica/runs/SEMRUN-354ccb9dc1023a0bd420d48f/inputs-curador/TCUR-8fc99b4dfe73c86eb952c3fa.json	7b65ee18a1b9a6d428eea98b7fab8bf0ec6de41b41a3339ae7c77ec79dc1cc6a	NO_DETERMINADO	ENSAFI	89f4c3a49c00c0e1ba1f07013e0af10bbc3289fdddc48dde816c37d3da1a742b	4dd527eb25bf9d4ed1047c7956d9ee51f20175361f9404315baae476c057cc76	NO_DETERMINADO	CANDIDATA	EJECUTADA_CON_RESULTADO	Obtener diccionario oficial y comprobar texto/sentido.	f9d4398834967239d01f0525544b0a6f0656879627f44305f9162377cc3bb3fa	Revisión de equivalencia y codificación antes de parametrizar.	No se propagó el estado general de la necesidad; requiere evidencia fuente-específica.	MAIN:data/abrir4-variables-2026-08-08.tsv:L7	Propuesta semántica trazable o NO_DETERMINADO con supuesto faltante concreto.	MAIN:canon/glosario-v5_6.md;MAIN:canon/integrador-psicologia-mexicano.md;MAIN:canon/modelo-decision-v4_0.md;MAIN:corpus/reports/Autoridad_y_jerarquía_en_el_México_contemporáneo__anatomía_psicológica_de_un_sistema_dual.md	MAIN:data/abrir4-variables-2026-08-08.tsv:L7	Se abrió al menos un objeto de datos/documentación y se registró su estructura literal; el juicio semántico permanece separado.	NO	NO	La ejecución produjo un terminal operativo, no evidencia suficiente para cambiar adjudicación; el baseline se conserva.
SEMPROP-0aaba72fd658e63e606e4b30	SEMRUN-354ccb9dc1023a0bd420d48f	REL-02b8ee6d0e13dfb6dc7d3331	TOBS-SEM-ecb16833bd802925530281f5	data/curacion-registro/ejecucion-semantica/runs/SEMRUN-354ccb9dc1023a0bd420d48f/inputs-inspector/TOBS-SEM-ecb16833bd802925530281f5.json	525f8733de03e7d453f07f413030869d35cf440fbfc0e034841e0fd78f7c2653	data/curacion-registro/ejecucion-semantica/runs/SEMRUN-354ccb9dc1023a0bd420d48f/reportes-neutrales/TOBS-SEM-ecb16833bd802925530281f5.json	435c80dc956e11195b7c5a655f5b0e237d50f3fb1ea242c45098f6b3d9aeefe8	data/curacion-registro/ejecucion-semantica/runs/SEMRUN-354ccb9dc1023a0bd420d48f/inputs-curador/TCUR-ecb16833bd802925530281f5.json	7e592315b45a8ca597f2a8272663c555a07f11466d6747c3650a24327b93f67b	NO_DETERMINADO	CSES	89f4c3a49c00c0e1ba1f07013e0af10bbc3289fdddc48dde816c37d3da1a742b	4dd527eb25bf9d4ed1047c7956d9ee51f20175361f9404315baae476c057cc76	NO_DETERMINADO	CANDIDATA	NO_ALCANZO_TRAS_INTENTOS	Abrir codebook y cuestionario México 2018 y documentar variable, codificación y granularidad; cerrar si no aparece el diseño requerido.	68eb1fc86d0f1a425e1a5a7c259246ba20bdf33fa8731f12b32efd604b6d59f4	Revisión de equivalencia y codificación antes de parametrizar.	Escala/diseño/universo:	MAIN:data/mapa-ext-general-2026-08-06.tsv:L7	EVIDENCIA_LOCALIZADA, NO_ACCESIBLE, NO_DETERMINADO o SIN_RUTA_VIABLE_ACTUAL tras máximo dos intentos.	MAIN:data/mapa-ext-general-2026-08-06.tsv:L7	MAIN:data/mapa-ext-general-2026-08-06.tsv:L7	Los intentos reales terminaron sin HTTP 2xx; continuar solo con acceso alternativo autorizado o localizador corregido.	NO	NO	La ejecución produjo un terminal operativo, no evidencia suficiente para cambiar adjudicación; el baseline se conserva.
SEMPROP-54949c1c8a83b7cac9f789b1	SEMRUN-354ccb9dc1023a0bd420d48f	REL-02e6e4861871631dd29048bd	TOBS-SEM-e36c1b7dfa01a1ad8d24e81d	data/curacion-registro/ejecucion-semantica/runs/SEMRUN-354ccb9dc1023a0bd420d48f/inputs-inspector/TOBS-SEM-e36c1b7dfa01a1ad8d24e81d.json	db09f4696ee0f1721d563570ca0f977999796818e8c9df552ab5395be4a14ca2	data/curacion-registro/ejecucion-semantica/runs/SEMRUN-354ccb9dc1023a0bd420d48f/reportes-neutrales/TOBS-SEM-e36c1b7dfa01a1ad8d24e81d.json	6e662b12791929faeacc0916aeb35b7d19ae5437eaf49a2273cf54237a57f908	data/curacion-registro/ejecucion-semantica/runs/SEMRUN-354ccb9dc1023a0bd420d48f/inputs-curador/TCUR-e36c1b7dfa01a1ad8d24e81d.json	ddc4faa7bfed7060c260f72e0536ab13c5eb49656e911458d5d0ee7e9c44b93a	NO_DETERMINADO	02-	89f4c3a49c00c0e1ba1f07013e0af10bbc3289fdddc48dde816c37d3da1a742b	4dd527eb25bf9d4ed1047c7956d9ee51f20175361f9404315baae476c057cc76	NO_DETERMINADO	CANDIDATA	FUENTE_ABIERTA_SIN_OBJETO_REQUERIDO	Resolver ruta PDF.	b51271ab23ff866a3617b7cc659c7cef831925177d4d253277273e2c0b54b5d0	Revisión de equivalencia y codificación antes de parametrizar.	No se propagó el estado general de la necesidad; requiere evidencia fuente-específica.	MAIN:canon/modelo-decision-v4_0.md	Propuesta semántica trazable o NO_DETERMINADO con supuesto faltante concreto.	MAIN:canon/glosario-v5_6.md;MAIN:canon/integrador-psicologia-mexicano.md;MAIN:canon/modelo-decision-v4_0.md;MAIN:corpus/reports/Autoridad_y_jerarquía_en_el_México_contemporáneo__anatomía_psicológica_de_un_sistema_dual.md	MAIN:canon/modelo-decision-v4_0.md	Se abrió la fuente/referencia, pero no un objeto que cierre literalmente la acción individual; usar la receta y frontera registradas.	NO	NO	La ejecución produjo un terminal operativo, no evidencia suficiente para cambiar adjudicación; el baseline se conserva.
SEMPROP-20794add5020a90eebe72fa3	SEMRUN-354ccb9dc1023a0bd420d48f	REL-0692b43ca9c2f7bb608a2858	TOBS-SEM-afeca52f8a8a6ec250bd1a74	data/curacion-registro/ejecucion-semantica/runs/SEMRUN-354ccb9dc1023a0bd420d48f/inputs-inspector/TOBS-SEM-afeca52f8a8a6ec250bd1a74.json	9d40452870cbaf1e5aefa53118b999d56b1972063b32a1dc820864a5abc10c9a	data/curacion-registro/ejecucion-semantica/runs/SEMRUN-354ccb9dc1023a0bd420d48f/reportes-neutrales/TOBS-SEM-afeca52f8a8a6ec250bd1a74.json	6da842a7a3321fa88e5ef982bf3d5e77369af3ddd00f8e39ec4aba2f4483a045	data/curacion-registro/ejecucion-semantica/runs/SEMRUN-354ccb9dc1023a0bd420d48f/inputs-curador/TCUR-afeca52f8a8a6ec250bd1a74.json	daf9540901635ab24316a7d525bb7ec3fe844bba1001fa283e7cee949e022fcd	NO_DETERMINADO	EXPERIMENTO_DE_INFORMACION_ELECTORAL_2009	89f4c3a49c00c0e1ba1f07013e0af10bbc3289fdddc48dde816c37d3da1a742b	4dd527eb25bf9d4ed1047c7956d9ee51f20175361f9404315baae476c057cc76	NO_DETERMINADO	CANDIDATA	FUENTE_ABIERTA_SIN_OBJETO_REQUERIDO	Abrir índice/codebook del paquete y verificar nivel municipal, años y tipo de elección; mantener separado efecto experimental de serie municipal.	3b1cf5eeeaea6c339cdb9b0fe5f1f768efebef69c159a88630912cef77cb1f2a	Revisión de equivalencia y codificación antes de parametrizar.	No se propagó el estado general de la necesidad; requiere evidencia fuente-específica.	MAIN:canon/estado-programa-v1_10.md;MAIN:canon/modelo-decision-v4_0.md;MAIN:data/catalogo-fuentes-v2_0.md;MAIN:data/cola-aperturas-externas-2026-08-06.tsv	Propuesta semántica trazable o NO_DETERMINADO con supuesto faltante concreto.	MAIN:canon/estado-programa-v1_10.md;MAIN:canon/modelo-decision-v4_0.md;MAIN:data/catalogo-fuentes-v2_0.md;MAIN:data/cola-aperturas-externas-2026-08-06.tsv	MAIN:canon/estado-programa-v1_10.md;MAIN:canon/modelo-decision-v4_0.md;MAIN:data/catalogo-fuentes-v2_0.md;MAIN:data/cola-aperturas-externas-2026-08-06.tsv	Se abrió la fuente/referencia, pero no un objeto que cierre literalmente la acción individual; usar la receta y frontera registradas.	NO	NO	La ejecución produjo un terminal operativo, no evidencia suficiente para cambiar adjudicación; el baseline se conserva.
SEMPROP-ea0a49ce9dfe56506d5f9873	SEMRUN-354ccb9dc1023a0bd420d48f	REL-08af2a451bfb04d90902eec4	TOBS-SEM-7881289efec51ce9db7b0399	data/curacion-registro/ejecucion-semantica/runs/SEMRUN-354ccb9dc1023a0bd420d48f/inputs-inspector/TOBS-SEM-7881289efec51ce9db7b0399.json	195543f92f88217ccbd41ef9244094268d7e548c6c02583871fdf00d6d22e1c7	data/curacion-registro/ejecucion-semantica/runs/SEMRUN-354ccb9dc1023a0bd420d48f/reportes-neutrales/TOBS-SEM-7881289efec51ce9db7b0399.json	0a6155f92c50f867576b51f7cef89dc5c1af1b294b9732a2568f7e65cc6c5616	data/curacion-registro/ejecucion-semantica/runs/SEMRUN-354ccb9dc1023a0bd420d48f/inputs-curador/TCUR-7881289efec51ce9db7b0399.json	9e581cca9da94da9450fdecf5a5b2c477949e768ceddecc156977b2a62894b0d	NO_DETERMINADO	IMPACT_EVALUATION_OF_PARENTAL_EMPOWERMENT_PROGRAM	89f4c3a49c00c0e1ba1f07013e0af10bbc3289fdddc48dde816c37d3da1a742b	4dd527eb25bf9d4ed1047c7956d9ee51f20175361f9404315baae476c057cc76	NO_DETERMINADO	CANDIDATA	FUENTE_ABIERTA_SIN_OBJETO_REQUERIDO	Abrir DDI/codebook y datos; verificar asignación, llaves, participación parental y outcome escolar.	d1b8d3655181bb3199642e7d2f1940d0e1643dad32bf1711fca5ded9a7bbe909	Revisión de equivalencia y codificación antes de parametrizar.	Escala/diseño/universo:	MAIN:data/mapa-ext-academico-2026-08-06.tsv:L17	EVIDENCIA_LOCALIZADA, NO_ACCESIBLE, NO_DETERMINADO o SIN_RUTA_VIABLE_ACTUAL tras máximo dos intentos.	MAIN:data/mapa-ext-academico-2026-08-06.tsv:L17	MAIN:data/mapa-ext-academico-2026-08-06.tsv:L17	Se abrió la fuente/referencia, pero no un objeto que cierre literalmente la acción individual; usar la receta y frontera registradas.	NO	NO	La ejecución produjo un terminal operativo, no evidencia suficiente para cambiar adjudicación; el baseline se conserva.
SEMPROP-63aa470b73937f16a716b187	SEMRUN-354ccb9dc1023a0bd420d48f	REL-0a4bbf31b54c5ce3565ba753	TOBS-SEM-9e0b4d107a72775a16bde39e	data/curacion-registro/ejecucion-semantica/runs/SEMRUN-354ccb9dc1023a0bd420d48f/inputs-inspector/TOBS-SEM-9e0b4d107a72775a16bde39e.json	81a21dd685be4760a714da943f9439d8f1f1d8028909f22899eee695f9b148d9	data/curacion-registro/ejecucion-semantica/runs/SEMRUN-354ccb9dc1023a0bd420d48f/reportes-neutrales/TOBS-SEM-9e0b4d107a72775a16bde39e.json	f95086ab6ec13b1eea21327a51dc9052003c6bd1c9dbf1f174d9f08e9b86b9f7	data/curacion-registro/ejecucion-semantica/runs/SEMRUN-354ccb9dc1023a0bd420d48f/inputs-curador/TCUR-9e0b4d107a72775a16bde39e.json	2fb53dd7243ec336838c9d0b1f801ff6ef766248825f271879f32965854b3a2b	NO_DETERMINADO	PUB	89f4c3a49c00c0e1ba1f07013e0af10bbc3289fdddc48dde816c37d3da1a742b	4dd527eb25bf9d4ed1047c7956d9ee51f20175361f9404315baae476c057cc76	NO_DETERMINADO	CANDIDATA	FUENTE_ABIERTA_SIN_OBJETO_REQUERIDO	Localizar el payload oficial concreto del padrón y abrir diccionario/llaves antes de evaluar el vínculo causal o de participación.	2b7ed0e68fb946629d88d0196c0bd1fcd5217f16d9fe5a09a92704a06148ee0d	Revisión de equivalencia y codificación antes de parametrizar.	Escala/diseño/universo:	MAIN:data/mapa-fuentes-2026-08-06.tsv:L112	EVIDENCIA_LOCALIZADA, NO_ACCESIBLE, NO_DETERMINADO o SIN_RUTA_VIABLE_ACTUAL tras máximo dos intentos.	MAIN:data/mapa-fuentes-2026-08-06.tsv:L112	MAIN:data/mapa-fuentes-2026-08-06.tsv:L112	Se abrió la fuente/referencia, pero no un objeto que cierre literalmente la acción individual; usar la receta y frontera registradas.	NO	NO	La ejecución produjo un terminal operativo, no evidencia suficiente para cambiar adjudicación; el baseline se conserva.
SEMPROP-a225f9022424af33528d7e2b	SEMRUN-354ccb9dc1023a0bd420d48f	REL-0b0dac8dd04b5f25133518f8	TOBS-SEM-64fd5177eab03a121ff41d1c	data/curacion-registro/ejecucion-semantica/runs/SEMRUN-354ccb9dc1023a0bd420d48f/inputs-inspector/TOBS-SEM-64fd5177eab03a121ff41d1c.json	6a38c039bada515468bc56db03b13951cec2c87805675af7bbe912b4c98ba417	data/curacion-registro/ejecucion-semantica/runs/SEMRUN-354ccb9dc1023a0bd420d48f/reportes-neutrales/TOBS-SEM-64fd5177eab03a121ff41d1c.json	c9a2f22869179c0b00819349fbf1efddf7870e4b689a311ba28eccfcd99a9d37	data/curacion-registro/ejecucion-semantica/runs/SEMRUN-354ccb9dc1023a0bd420d48f/inputs-curador/TCUR-64fd5177eab03a121ff41d1c.json	69b50fab7972530d7eb41c7639248f6886ee93663b2a5d7f42387f8455d1e20e	NO_DETERMINADO	FINANZAS	89f4c3a49c00c0e1ba1f07013e0af10bbc3289fdddc48dde816c37d3da1a742b	4dd527eb25bf9d4ed1047c7956d9ee51f20175361f9404315baae476c057cc76	NO_DETERMINADO	CANDIDATA	FUENTE_ABIERTA_SIN_OBJETO_REQUERIDO	Resolver la etiqueta FINANZAS a una fuente canónica concreta ya reunida y abrir su instrumento contra el par requerido.	c5b344f3f2a9867317cc96ec459a437373e5f98668ace2f235f09acb7eb413b6	Revisión de equivalencia y codificación antes de parametrizar.	No se propagó el estado general de la necesidad; requiere evidencia fuente-específica.	MAIN:canon/estado-programa-v1_10.md;MAIN:canon/glosario-v5_6.md;MAIN:canon/integrador-psicologia-mexicano.md;MAIN:corpus/forense/Apuestas_Conductuales_sobre_el_Consumidor_Mexicano__Validación_Forense_de_Supuestos_contra_Desenlaces_Reales.md	Propuesta semántica trazable o NO_DETERMINADO con supuesto faltante concreto.	MAIN:canon/estado-programa-v1_10.md;MAIN:canon/glosario-v5_6.md;MAIN:canon/integrador-psicologia-mexicano.md;MAIN:corpus/forense/Apuestas_Conductuales_sobre_el_Consumidor_Mexicano__Validación_Forense_de_Supuestos_contra_Desenlaces_Reales.md	MAIN:canon/estado-programa-v1_10.md;MAIN:canon/glosario-v5_6.md;MAIN:canon/integrador-psicologia-mexicano.md;MAIN:corpus/forense/Apuestas_Conductuales_sobre_el_Consumidor_Mexicano__Validación_Forense_de_Supuestos_contra_Desenlaces_Reales.md	Se abrió la fuente/referencia, pero no un objeto que cierre literalmente la acción individual; usar la receta y frontera registradas.	NO	NO	La ejecución produjo un terminal operativo, no evidencia suficiente para cambiar adjudicación; el baseline se conserva.
SEMPROP-db31a46d02798bbd80d11495	SEMRUN-354ccb9dc1023a0bd420d48f	REL-0b6385436015c470992017f1	TOBS-SEM-e02239ccb05da1ffe4430c09	data/curacion-registro/ejecucion-semantica/runs/SEMRUN-354ccb9dc1023a0bd420d48f/inputs-inspector/TOBS-SEM-e02239ccb05da1ffe4430c09.json	fc6e134fb5444379ed487a239e76e23dc78f573dcf82bb686a34bc98ecefe573	data/curacion-registro/ejecucion-semantica/runs/SEMRUN-354ccb9dc1023a0bd420d48f/reportes-neutrales/TOBS-SEM-e02239ccb05da1ffe4430c09.json	9137c0263629009e1ae1ab420260b4181d4246049dc808203a0d575ca8b0bdc3	data/curacion-registro/ejecucion-semantica/runs/SEMRUN-354ccb9dc1023a0bd420d48f/inputs-curador/TCUR-e02239ccb05da1ffe4430c09.json	6e3339295bbcf944ca4317f4741ecbb53ea7a5366eb7724e78f29343f4d7287b	NO_DETERMINADO	ENSAFI	89f4c3a49c00c0e1ba1f07013e0af10bbc3289fdddc48dde816c37d3da1a742b	4dd527eb25bf9d4ed1047c7956d9ee51f20175361f9404315baae476c057cc76	NO_DETERMINADO	CANDIDATA	EJECUTADA_CON_RESULTADO	Abrir el cuestionario/diccionario ENSAFI correspondiente y verificar texto, codificación y desenlace coobservado.	3a813d43751817e97098da205f2b8038f6e96f35360b0820fa38723a5b7b1974	Revisión de equivalencia y codificación antes de parametrizar.	No se propagó el estado general de la necesidad; requiere evidencia fuente-específica.	MAIN:canon/glosario-v5_6.md	Propuesta semántica trazable o NO_DETERMINADO con supuesto faltante concreto.	MAIN:canon/glosario-v5_6.md;MAIN:canon/gobernanza-v1_15.md;MAIN:canon/modelo-decision-v4_0.md;MAIN:corpus/reports/La_familia_mexicana_como_sistema_psicológico__entre_el_afecto__la_obligación_y_la_adaptación_económica.md	MAIN:canon/glosario-v5_6.md	Se abrió al menos un objeto de datos/documentación y se registró su estructura literal; el juicio semántico permanece separado.	NO	NO	La ejecución produjo un terminal operativo, no evidencia suficiente para cambiar adjudicación; el baseline se conserva.
SEMPROP-e036016101c790af50382150	SEMRUN-354ccb9dc1023a0bd420d48f	REL-0c03e53054567fc014b50bc0	TOBS-SEM-446358bd49e949d216678c49	data/curacion-registro/ejecucion-semantica/runs/SEMRUN-354ccb9dc1023a0bd420d48f/inputs-inspector/TOBS-SEM-446358bd49e949d216678c49.json	933fabe9c1c6e63a77c8968163e1a391389ed52305b835194fc70f6a2596c1b9	data/curacion-registro/ejecucion-semantica/runs/SEMRUN-354ccb9dc1023a0bd420d48f/reportes-neutrales/TOBS-SEM-446358bd49e949d216678c49.json	bcb52c0f5d5785dd9460e40055848469dc3583adfeb0ea8e4f26e900ea554362	data/curacion-registro/ejecucion-semantica/runs/SEMRUN-354ccb9dc1023a0bd420d48f/inputs-curador/TCUR-446358bd49e949d216678c49.json	13162b35dedf1ecff883e64c17c0e2d16df139de3bcf40f8253cb8b63f164e16	NO_DETERMINADO	ENVIPE	89f4c3a49c00c0e1ba1f07013e0af10bbc3289fdddc48dde816c37d3da1a742b	4dd527eb25bf9d4ed1047c7956d9ee51f20175361f9404315baae476c057cc76	NO_DETERMINADO	CANDIDATA	EJECUTADA_CON_RESULTADO	Mapear unión exacta.	de812d3357fcf75a8af335c48796908ef3a13499d9475108b61b03006af2988a	Revisión de equivalencia y codificación antes de parametrizar.	No se propagó el estado general de la necesidad; requiere evidencia fuente-específica.	MAIN:forense/matriz-impacto-universal-2026-08-06.md:L82	Propuesta semántica trazable o NO_DETERMINADO con supuesto faltante concreto.	MAIN:canon/gobernanza-v1_15.md;MAIN:canon/integrador-psicologia-mexicano.md;MAIN:canon/modelo-decision-v4_0.md;MAIN:corpus/reports/El_Mexicano_y_el_Tiempo__Estructura__no_Cultura__en_la_Planeación_y_el_Compromiso_Temporal.md	MAIN:forense/matriz-impacto-universal-2026-08-06.md:L82	Se abrió al menos un objeto de datos/documentación y se registró su estructura literal; el juicio semántico permanece separado.	NO	NO	La ejecución produjo un terminal operativo, no evidencia suficiente para cambiar adjudicación; el baseline se conserva.
SEMPROP-bd2fb56a023532621f875d22	SEMRUN-354ccb9dc1023a0bd420d48f	REL-0ccb1f487408f4999004b321	TOBS-SEM-47d76d95481b813570a72c66	data/curacion-registro/ejecucion-semantica/runs/SEMRUN-354ccb9dc1023a0bd420d48f/inputs-inspector/TOBS-SEM-47d76d95481b813570a72c66.json	9fc651bb2263d81e541bc44e783b6020579a6a5de29795e26f2a02571d479518	data/curacion-registro/ejecucion-semantica/runs/SEMRUN-354ccb9dc1023a0bd420d48f/reportes-neutrales/TOBS-SEM-47d76d95481b813570a72c66.json	64229aeed9d69b960d18aa518d1ef612e6b58d0d6fcf224923656cd1a7f8fcb9	data/curacion-registro/ejecucion-semantica/runs/SEMRUN-354ccb9dc1023a0bd420d48f/inputs-curador/TCUR-47d76d95481b813570a72c66.json	f0b8c77d9610524161da680f8274a113994f0d6b73b11d036abc7e611ecd2634	NO_DETERMINADO	REPORTE_SOBRE_USO_Y_CONFIANZA_DE_SERVICIOS_FINANCIEROS_DIGITALES	89f4c3a49c00c0e1ba1f07013e0af10bbc3289fdddc48dde816c37d3da1a742b	4dd527eb25bf9d4ed1047c7956d9ee51f20175361f9404315baae476c057cc76	NO_DETERMINADO	CANDIDATA	FUENTE_ABIERTA_SIN_OBJETO_REQUERIDO	Recuperar el reporte canónico y localizar tabla, pregunta, muestra, periodo y codificación de confianza/uso.	93f79aab5c4486e985b86b55bd381e6b706e62ebde3d523f5497a4cca6ef5cb6	Revisión de equivalencia y codificación antes de parametrizar.	Escala/diseño/universo:	MAIN:data/mapa-fuentes-externas-consolidado-2026-08-06.tsv	EVIDENCIA_LOCALIZADA, NO_ACCESIBLE, NO_DETERMINADO o SIN_RUTA_VIABLE_ACTUAL tras máximo dos intentos.	MAIN:data/mapa-fuentes-externas-consolidado-2026-08-06.tsv:L4	MAIN:data/mapa-fuentes-externas-consolidado-2026-08-06.tsv	Se abrió la fuente/referencia, pero no un objeto que cierre literalmente la acción individual; usar la receta y frontera registradas.	NO	NO	La ejecución produjo un terminal operativo, no evidencia suficiente para cambiar adjudicación; el baseline se conserva.
SEMPROP-198ca508e22ac24cb4ad5827	SEMRUN-354ccb9dc1023a0bd420d48f	REL-0d9c76a2adedc9b9f59984cc	TOBS-SEM-dfb5fe672a0ac2f294bad22c	data/curacion-registro/ejecucion-semantica/runs/SEMRUN-354ccb9dc1023a0bd420d48f/inputs-inspector/TOBS-SEM-dfb5fe672a0ac2f294bad22c.json	25d4515d2bf22565417a43cc3ca4c6d4df2291f554b48066d2751397b411d79f	data/curacion-registro/ejecucion-semantica/runs/SEMRUN-354ccb9dc1023a0bd420d48f/reportes-neutrales/TOBS-SEM-dfb5fe672a0ac2f294bad22c.json	a5cb27b789d29e7b7e5a9ca8a9f1aea3d0e7c2f7dfb497b66d20a47e260c12ff	data/curacion-registro/ejecucion-semantica/runs/SEMRUN-354ccb9dc1023a0bd420d48f/inputs-curador/TCUR-dfb5fe672a0ac2f294bad22c.json	30a66207a5b5b9b8d9ec5aea890af11f287154b283ffcff8d399358f7e671433	NO_DETERMINADO	GDELT	89f4c3a49c00c0e1ba1f07013e0af10bbc3289fdddc48dde816c37d3da1a742b	4dd527eb25bf9d4ed1047c7956d9ee51f20175361f9404315baae476c057cc76	NO_DETERMINADO	CANDIDATA	FUENTE_ABIERTA_SIN_OBJETO_REQUERIDO	Extraer un universo México acotado, aplicar deduplicación documentada y mapear CAMEO/actores/respuesta al objeto.	c47b9de2d903b150a58012d8ab146ff3f7decaec78eb1b3830948fd76cd9e1bd	Revisión de equivalencia y codificación antes de parametrizar.	Escala/diseño/universo:	MAIN:data/mapa-fuentes-externas-consolidado-2026-08-06.tsv:L35	EVIDENCIA_LOCALIZADA, NO_ACCESIBLE, NO_DETERMINADO o SIN_RUTA_VIABLE_ACTUAL tras máximo dos intentos.	MAIN:data/mapa-fuentes-externas-consolidado-2026-08-06.tsv:L35	MAIN:data/mapa-fuentes-externas-consolidado-2026-08-06.tsv:L35	Se abrió la fuente/referencia, pero no un objeto que cierre literalmente la acción individual; usar la receta y frontera registradas.	NO	NO	La ejecución produjo un terminal operativo, no evidencia suficiente para cambiar adjudicación; el baseline se conserva.
SEMPROP-193039454e806f2528ea0539	SEMRUN-354ccb9dc1023a0bd420d48f	REL-0e3c2a3a6afd1dae2297740e	TOBS-SEM-a573035ee772604d1c23dff2	data/curacion-registro/ejecucion-semantica/runs/SEMRUN-354ccb9dc1023a0bd420d48f/inputs-inspector/TOBS-SEM-a573035ee772604d1c23dff2.json	b8113df3a950a38ad6ba34e20fd883ee03fa44cbfbd04e7341b22f89970e2a10	data/curacion-registro/ejecucion-semantica/runs/SEMRUN-354ccb9dc1023a0bd420d48f/reportes-neutrales/TOBS-SEM-a573035ee772604d1c23dff2.json	c7384ddd11d040d24ba0e751ccbc3df8bc7bb172b2b78d78fc1b01f364e68aba	data/curacion-registro/ejecucion-semantica/runs/SEMRUN-354ccb9dc1023a0bd420d48f/inputs-curador/TCUR-a573035ee772604d1c23dff2.json	1a1f410fb50249d9eca46bb457f7b78b0021dc7048cb1fd96113bb079235a357	NO_DETERMINADO	PRICE_AND_INFORMATION_TYPE_IN_LIFE_MICROINSURANCE_DEMAND	89f4c3a49c00c0e1ba1f07013e0af10bbc3289fdddc48dde816c37d3da1a742b	4dd527eb25bf9d4ed1047c7956d9ee51f20175361f9404315baae476c057cc76	NO_DETERMINADO	CANDIDATA	FUENTE_ABIERTA_SIN_OBJETO_REQUERIDO	Localizar anexos o codebook y verificar brazos, codificación de precio/información y compra efectiva.	62c5651e690a09c67e2782b7cd865104d4af86b74d3fe4d9e2ad27889247b2fd	Revisión de equivalencia y codificación antes de parametrizar.	Escala/diseño/universo:	MAIN:data/mapa-ext-academico-2026-08-06.tsv:L19	EVIDENCIA_LOCALIZADA, NO_ACCESIBLE, NO_DETERMINADO o SIN_RUTA_VIABLE_ACTUAL tras máximo dos intentos.	MAIN:data/mapa-ext-academico-2026-08-06.tsv:L19	MAIN:data/mapa-ext-academico-2026-08-06.tsv:L19	Se abrió la fuente/referencia, pero no un objeto que cierre literalmente la acción individual; usar la receta y frontera registradas.	NO	NO	La ejecución produjo un terminal operativo, no evidencia suficiente para cambiar adjudicación; el baseline se conserva.
SEMPROP-1a906a36e5d818379ac5dda3	SEMRUN-354ccb9dc1023a0bd420d48f	REL-0fc632a7b102c3b39b2f540c	TOBS-SEM-0ae31e43512a336b6bc77571	data/curacion-registro/ejecucion-semantica/runs/SEMRUN-354ccb9dc1023a0bd420d48f/inputs-inspector/TOBS-SEM-0ae31e43512a336b6bc77571.json	29556ab5a385c13bd2e057a129f800acfb0bbd7038525e141fb3f13fcbec41e7	data/curacion-registro/ejecucion-semantica/runs/SEMRUN-354ccb9dc1023a0bd420d48f/reportes-neutrales/TOBS-SEM-0ae31e43512a336b6bc77571.json	94203e8eb45a00680084bbd9ddd638ca055f20a53823d23e367b63fe200488a1	data/curacion-registro/ejecucion-semantica/runs/SEMRUN-354ccb9dc1023a0bd420d48f/inputs-curador/TCUR-0ae31e43512a336b6bc77571.json	c6b996733f8610d2909f3e51a772ec2453dae5e2d092e2bf08f0354792abd650	NO_DETERMINADO	GDELT	89f4c3a49c00c0e1ba1f07013e0af10bbc3289fdddc48dde816c37d3da1a742b	4dd527eb25bf9d4ed1047c7956d9ee51f20175361f9404315baae476c057cc76	NO_DETERMINADO	CANDIDATA	FUENTE_ABIERTA_SIN_OBJETO_REQUERIDO	Extraer un universo México acotado, aplicar deduplicación documentada y mapear CAMEO/actores/respuesta al objeto.	c47b9de2d903b150a58012d8ab146ff3f7decaec78eb1b3830948fd76cd9e1bd	Revisión de equivalencia y codificación antes de parametrizar.	Escala/diseño/universo:	MAIN:data/mapa-fuentes-externas-consolidado-2026-08-06.tsv:L35	EVIDENCIA_LOCALIZADA, NO_ACCESIBLE, NO_DETERMINADO o SIN_RUTA_VIABLE_ACTUAL tras máximo dos intentos.	MAIN:data/mapa-fuentes-externas-consolidado-2026-08-06.tsv:L35	MAIN:data/mapa-fuentes-externas-consolidado-2026-08-06.tsv:L35	Se abrió la fuente/referencia, pero no un objeto que cierre literalmente la acción individual; usar la receta y frontera registradas.	NO	NO	La ejecución produjo un terminal operativo, no evidencia suficiente para cambiar adjudicación; el baseline se conserva.
SEMPROP-16a8035287b71ea9bd6b158c	SEMRUN-354ccb9dc1023a0bd420d48f	REL-107500c8d4873fe4d05bb8e3	TOBS-SEM-76933346be1da282effa6a02	data/curacion-registro/ejecucion-semantica/runs/SEMRUN-354ccb9dc1023a0bd420d48f/inputs-inspector/TOBS-SEM-76933346be1da282effa6a02.json	e08fc2f53a8d613d393c88683f87196463ce35a9ccfd81d0adfa37246a485960	data/curacion-registro/ejecucion-semantica/runs/SEMRUN-354ccb9dc1023a0bd420d48f/reportes-neutrales/TOBS-SEM-76933346be1da282effa6a02.json	f32615fdeb56d2f41a4b097d6f9d293e84e31a97505080abd3f9db671f9d8c66	data/curacion-registro/ejecucion-semantica/runs/SEMRUN-354ccb9dc1023a0bd420d48f/inputs-curador/TCUR-76933346be1da282effa6a02.json	24c2b16d0abeee91645a31000a6a57c2bc1972028eafe3d4b7f65d306a90e108	NO_DETERMINADO	MASS_MOBILIZATION_PROTEST_DATA_MEXICO	89f4c3a49c00c0e1ba1f07013e0af10bbc3289fdddc48dde816c37d3da1a742b	4dd527eb25bf9d4ed1047c7956d9ee51f20175361f9404315baae476c057cc76	NO_DETERMINADO	CANDIDATA	FUENTE_ABIERTA_SIN_OBJETO_REQUERIDO	Obtener archivo/codebook.	02c72ddb81fc4dcb11d2369ff5e6cc76892dc28fd3b638a6b242e237ea25a1da	Revisión de equivalencia y codificación antes de parametrizar.	Escala/diseño/universo:	MAIN:data/mapa-fuentes-externas-consolidado-2026-08-06.tsv:L13	EVIDENCIA_LOCALIZADA, NO_ACCESIBLE, NO_DETERMINADO o SIN_RUTA_VIABLE_ACTUAL tras máximo dos intentos.	MAIN:data/mapa-fuentes-externas-consolidado-2026-08-06.tsv:L13	MAIN:data/mapa-fuentes-externas-consolidado-2026-08-06.tsv:L13	Se abrió la fuente/referencia, pero no un objeto que cierre literalmente la acción individual; usar la receta y frontera registradas.	NO	NO	La ejecución produjo un terminal operativo, no evidencia suficiente para cambiar adjudicación; el baseline se conserva.
SEMPROP-e54cc40b2e44f32343939cac	SEMRUN-354ccb9dc1023a0bd420d48f	REL-10b7203dd243231cb3602e47	TOBS-SEM-2249ce6901b1f203123d9197	data/curacion-registro/ejecucion-semantica/runs/SEMRUN-354ccb9dc1023a0bd420d48f/inputs-inspector/TOBS-SEM-2249ce6901b1f203123d9197.json	9e13e9c5d772eae8ef50cbbcb8426e6aba04cc8548e58672f4a0bf1ba4fdba4d	data/curacion-registro/ejecucion-semantica/runs/SEMRUN-354ccb9dc1023a0bd420d48f/reportes-neutrales/TOBS-SEM-2249ce6901b1f203123d9197.json	0cf6c78999bd2727e02dab94d79846a3ba3e3e572d3d02082eca3bbe21da472c	data/curacion-registro/ejecucion-semantica/runs/SEMRUN-354ccb9dc1023a0bd420d48f/inputs-curador/TCUR-2249ce6901b1f203123d9197.json	dc81ff409e54c78c7c63485435e3b988989b48dcd2258c252b8730cbe5e1cfe4	NO_DETERMINADO	INTERACTING_AS_EQUALS_REDUCES_PARTISAN_POLARIZATION_IN_MEXICO	89f4c3a49c00c0e1ba1f07013e0af10bbc3289fdddc48dde816c37d3da1a742b	4dd527eb25bf9d4ed1047c7956d9ee51f20175361f9404315baae476c057cc76	NO_DETERMINADO	CANDIDATA	FUENTE_ABIERTA_SIN_OBJETO_REQUERIDO	Abrir materiales suplementarios del estudio y localizar variable, tratamiento, resultado y muestra mexicanos pertinentes.	014db8569a22da88dffea08977f3ccd081816f03ec3ffc2a264502859b0796ba	Revisión de equivalencia y codificación antes de parametrizar.	Escala/diseño/universo:	MAIN:data/mapa-ext-academico-2026-08-06.tsv	EVIDENCIA_LOCALIZADA, NO_ACCESIBLE, NO_DETERMINADO o SIN_RUTA_VIABLE_ACTUAL tras máximo dos intentos.	MAIN:data/mapa-ext-academico-2026-08-06.tsv:L15	MAIN:data/mapa-ext-academico-2026-08-06.tsv	Se abrió la fuente/referencia, pero no un objeto que cierre literalmente la acción individual; usar la receta y frontera registradas.	NO	NO	La ejecución produjo un terminal operativo, no evidencia suficiente para cambiar adjudicación; el baseline se conserva.
SEMPROP-4ab4f68aea69d5b363c92c79	SEMRUN-354ccb9dc1023a0bd420d48f	REL-12b348704acbcdd4b811185b	TOBS-SEM-da41c3d453efb5fd12e8571e	data/curacion-registro/ejecucion-semantica/runs/SEMRUN-354ccb9dc1023a0bd420d48f/inputs-inspector/TOBS-SEM-da41c3d453efb5fd12e8571e.json	76c97f9a1c9d2d9f74c56d87e12dd2e2585a9261c72398b3484b37e7f02235d4	data/curacion-registro/ejecucion-semantica/runs/SEMRUN-354ccb9dc1023a0bd420d48f/reportes-neutrales/TOBS-SEM-da41c3d453efb5fd12e8571e.json	a7f6f255271b1f6012d1e080b00530e5814c6d3e8a1895d8199fc2b7867d7e98	data/curacion-registro/ejecucion-semantica/runs/SEMRUN-354ccb9dc1023a0bd420d48f/inputs-curador/TCUR-da41c3d453efb5fd12e8571e.json	9f4349a3d8ffdb21dd319403d1ffe037a2d1b4859b8a288eed0b41525c270afe	NO_DETERMINADO	ENSAFI	89f4c3a49c00c0e1ba1f07013e0af10bbc3289fdddc48dde816c37d3da1a742b	4dd527eb25bf9d4ed1047c7956d9ee51f20175361f9404315baae476c057cc76	NO_DETERMINADO	CANDIDATA	EJECUTADA_CON_RESULTADO	Abrir el cuestionario/diccionario ENSAFI correspondiente y verificar texto, codificación y desenlace coobservado.	3a813d43751817e97098da205f2b8038f6e96f35360b0820fa38723a5b7b1974	Revisión de equivalencia y codificación antes de parametrizar.	No se propagó el estado general de la necesidad; requiere evidencia fuente-específica.	MAIN:data/abrir4-variables-2026-08-08.tsv	Propuesta semántica trazable o NO_DETERMINADO con supuesto faltante concreto.	MAIN:data/abrir4-variables-2026-08-08.tsv;MAIN:data/abrir4-variables-2026-08-08.tsv:L2;MAIN:forense/encargos/2026-08-07-abrir-4.md;MAIN:forense/hitoE-campana-medicion-v2_0.md	MAIN:data/abrir4-variables-2026-08-08.tsv	Se abrió al menos un objeto de datos/documentación y se registró su estructura literal; el juicio semántico permanece separado.	NO	NO	La ejecución produjo un terminal operativo, no evidencia suficiente para cambiar adjudicación; el baseline se conserva.
SEMPROP-0f92f4a673f033c5418ac775	SEMRUN-354ccb9dc1023a0bd420d48f	REL-12f0d41801fa7f161510f61e	TOBS-SEM-4a2d4edafb5f63b95d2d2e4c	data/curacion-registro/ejecucion-semantica/runs/SEMRUN-354ccb9dc1023a0bd420d48f/inputs-inspector/TOBS-SEM-4a2d4edafb5f63b95d2d2e4c.json	5c2406ebd74869854eb8cf92124d1109510fc69a7acec728f9b6371378efb0cb	data/curacion-registro/ejecucion-semantica/runs/SEMRUN-354ccb9dc1023a0bd420d48f/reportes-neutrales/TOBS-SEM-4a2d4edafb5f63b95d2d2e4c.json	fa295771e2e15bc11f7c20add35ef3ef15b4aa43cc7db70aa137f26d8c441476	data/curacion-registro/ejecucion-semantica/runs/SEMRUN-354ccb9dc1023a0bd420d48f/inputs-curador/TCUR-4a2d4edafb5f63b95d2d2e4c.json	b719ce001e6677903fbff8daf11469f56d1232a9bcbe7ad0a99c706e0634fabe	NO_DETERMINADO	ENIF	89f4c3a49c00c0e1ba1f07013e0af10bbc3289fdddc48dde816c37d3da1a742b	4dd527eb25bf9d4ed1047c7956d9ee51f20175361f9404315baae476c057cc76	NO_DETERMINADO	CANDIDATA	EJECUTADA_CON_RESULTADO	Mapear en el cuestionario y microdato ENIF los reactivos de la necesidad y el desenlace, y comprobar que comparten unidad de observación.	f0c6e2d9983312f245131a5b3d3bcff118ac88d5632537e514b0d78acf81ccd5	Revisión de equivalencia y codificación antes de parametrizar.	No se propagó el estado general de la necesidad; requiere evidencia fuente-específica.	MAIN:forense/hitoE-campana-medicion-v2_0.md	Propuesta semántica trazable o NO_DETERMINADO con supuesto faltante concreto.	MAIN:canon/glosario-v5_6.md;MAIN:corpus/forense/Validación_Forense_del_Clientelismo_Electoral_en_México__Agencia_del_Votante__Programas_Sociales_y_Límites_de_la_Compra_de_Voto.md;MAIN:data/censo-raices-2026-08-06.tsv;MAIN:data/cola-aperturas-externas-2026-08-06.tsv	MAIN:forense/hitoE-campana-medicion-v2_0.md	Se abrió al menos un objeto de datos/documentación y se registró su estructura literal; el juicio semántico permanece separado.	NO	NO	La ejecución produjo un terminal operativo, no evidencia suficiente para cambiar adjudicación; el baseline se conserva.
SEMPROP-cbea1f10e4d3a241f0ee1218	SEMRUN-354ccb9dc1023a0bd420d48f	REL-162b116abdb2212886430f08	TOBS-SEM-2ce274b1c589fb857fba39c0	data/curacion-registro/ejecucion-semantica/runs/SEMRUN-354ccb9dc1023a0bd420d48f/inputs-inspector/TOBS-SEM-2ce274b1c589fb857fba39c0.json	047e000314c1e6d4103d57ae7770e794e831dca397de44815a58beb368ac26b3	data/curacion-registro/ejecucion-semantica/runs/SEMRUN-354ccb9dc1023a0bd420d48f/reportes-neutrales/TOBS-SEM-2ce274b1c589fb857fba39c0.json	ed755140f2f15d72a12979459270b950e0a0358202a8f03e6560f9b06cacb529	data/curacion-registro/ejecucion-semantica/runs/SEMRUN-354ccb9dc1023a0bd420d48f/inputs-curador/TCUR-2ce274b1c589fb857fba39c0.json	14a0c388b0450dcaaf0871737c6a327e12787220975ff003ff3f2ee523d96132	NO_DETERMINADO	CSES	89f4c3a49c00c0e1ba1f07013e0af10bbc3289fdddc48dde816c37d3da1a742b	4dd527eb25bf9d4ed1047c7956d9ee51f20175361f9404315baae476c057cc76	NO_DETERMINADO	CANDIDATA	NO_ALCANZO_TRAS_INTENTOS	Abrir codebook y cuestionario México 2018 y documentar variable, codificación y granularidad; cerrar si no aparece el diseño requerido.	68eb1fc86d0f1a425e1a5a7c259246ba20bdf33fa8731f12b32efd604b6d59f4	Revisión de equivalencia y codificación antes de parametrizar.	Escala/diseño/universo:	MAIN:data/mapa-fuentes-externas-consolidado-2026-08-06.tsv:L12	EVIDENCIA_LOCALIZADA, NO_ACCESIBLE, NO_DETERMINADO o SIN_RUTA_VIABLE_ACTUAL tras máximo dos intentos.	MAIN:data/mapa-fuentes-externas-consolidado-2026-08-06.tsv:L12	MAIN:data/mapa-fuentes-externas-consolidado-2026-08-06.tsv:L12	Los intentos reales terminaron sin HTTP 2xx; continuar solo con acceso alternativo autorizado o localizador corregido.	NO	NO	La ejecución produjo un terminal operativo, no evidencia suficiente para cambiar adjudicación; el baseline se conserva.
SEMPROP-440f9001584b54e23a03cfb0	SEMRUN-354ccb9dc1023a0bd420d48f	REL-1677b0003626a1bd5bf971cb	TOBS-SEM-d74349659cc2f1b21a6e6ea2	data/curacion-registro/ejecucion-semantica/runs/SEMRUN-354ccb9dc1023a0bd420d48f/inputs-inspector/TOBS-SEM-d74349659cc2f1b21a6e6ea2.json	4d7e078ffbb42d31dc85b81263922c0f6feaa623f95bb091181cd1df17ad8741	data/curacion-registro/ejecucion-semantica/runs/SEMRUN-354ccb9dc1023a0bd420d48f/reportes-neutrales/TOBS-SEM-d74349659cc2f1b21a6e6ea2.json	fc596431c672047d855b691b05b8afaf58a5653d2220160d87812845037cbbee	data/curacion-registro/ejecucion-semantica/runs/SEMRUN-354ccb9dc1023a0bd420d48f/inputs-curador/TCUR-d74349659cc2f1b21a6e6ea2.json	5c718d51c56d706367928cff8abf156e3165aefa24d5487c0cfdb44dd20be767	NO_DETERMINADO	ENIGH	89f4c3a49c00c0e1ba1f07013e0af10bbc3289fdddc48dde816c37d3da1a742b	4dd527eb25bf9d4ed1047c7956d9ee51f20175361f9404315baae476c057cc76	NO_DETERMINADO	CANDIDATA	EJECUTADA_CON_RESULTADO	Búsqueda dirigida en diccionarios.	effb634f3527f56afcf55b9ce67a10a6b7d0a83eb5d62fca40f3f50067b2541f	Revisión de equivalencia y codificación antes de parametrizar.	No se propagó el estado general de la necesidad; requiere evidencia fuente-específica.	MAIN:data/mapa-fuentes-2026-08-06.tsv:L3	Propuesta semántica trazable o NO_DETERMINADO con supuesto faltante concreto.	MAIN:canon/modelo-decision-v4_0.md;MAIN:corpus/reports/Autoridad_y_jerarquía_en_el_México_contemporáneo__anatomía_psicológica_de_un_sistema_dual.md;MAIN:corpus/reports/Psicología_Política_y_Comportamiento_Cívico_del_Mexicano_Contemporáneo__Una_Lectura_Anti-Esencialista_desde_Abajo__2026_.md;MAIN:forense/cobertura-motor.md	MAIN:data/mapa-fuentes-2026-08-06.tsv:L3	Se abrió al menos un objeto de datos/documentación y se registró su estructura literal; el juicio semántico permanece separado.	NO	NO	La ejecución produjo un terminal operativo, no evidencia suficiente para cambiar adjudicación; el baseline se conserva.
SEMPROP-2540901fd8ab3f5f8f5792f5	SEMRUN-354ccb9dc1023a0bd420d48f	REL-16d3c66af7fc856df2130139	TOBS-SEM-367e9b6c56c95d8f43ecd86e	data/curacion-registro/ejecucion-semantica/runs/SEMRUN-354ccb9dc1023a0bd420d48f/inputs-inspector/TOBS-SEM-367e9b6c56c95d8f43ecd86e.json	370042c5ff2073ce57446318d8e7b4c126dd862ac2849d5a9750e84ec0762439	data/curacion-registro/ejecucion-semantica/runs/SEMRUN-354ccb9dc1023a0bd420d48f/reportes-neutrales/TOBS-SEM-367e9b6c56c95d8f43ecd86e.json	ed70e8f6265d1fceb4e0c047e73455b2999bceb51d8f9cb52c7929e053fa6aa9	data/curacion-registro/ejecucion-semantica/runs/SEMRUN-354ccb9dc1023a0bd420d48f/inputs-curador/TCUR-367e9b6c56c95d8f43ecd86e.json	3a12a0d4f2d146156fccf00dee6f831a8c84f1c4fe588d91afa18104bf5e0d82	NO_DETERMINADO	ENFIH	89f4c3a49c00c0e1ba1f07013e0af10bbc3289fdddc48dde816c37d3da1a742b	4dd527eb25bf9d4ed1047c7956d9ee51f20175361f9404315baae476c057cc76	NO_DETERMINADO	CANDIDATA	EJECUTADA_CON_RESULTADO	Abrir el diccionario ENFIH y construir una tabla variable×constructo×desenlace para esta necesidad; verificar coobservación por llave de persona.	eba3e0df63b8ce6ed4d6ac7d49ae306643848764635e477c17ceebb3784f12b9	Revisión de equivalencia y codificación antes de parametrizar.	No se propagó el estado general de la necesidad; requiere evidencia fuente-específica.	MAIN:data/abrir4-variables-2026-08-08.tsv	Propuesta semántica trazable o NO_DETERMINADO con supuesto faltante concreto.	MAIN:canon/modelo-decision-v4_0.md;MAIN:data/abrir4-variables-2026-08-08.tsv;MAIN:data/abrir4-variables-2026-08-08.tsv:L11;MAIN:forense/REVERIFICACION-DEMANDA-vs-UNIVERSO-2026-08-07-v1_0.md	MAIN:data/abrir4-variables-2026-08-08.tsv	Se abrió al menos un objeto de datos/documentación y se registró su estructura literal; el juicio semántico permanece separado.	NO	NO	La ejecución produjo un terminal operativo, no evidencia suficiente para cambiar adjudicación; el baseline se conserva.
SEMPROP-05f4cb3a27c5be5bcc77e454	SEMRUN-354ccb9dc1023a0bd420d48f	REL-1867600f55b362380e728c4a	TOBS-SEM-6898d3c7c6fa1202e6836b28	data/curacion-registro/ejecucion-semantica/runs/SEMRUN-354ccb9dc1023a0bd420d48f/inputs-inspector/TOBS-SEM-6898d3c7c6fa1202e6836b28.json	2d6cba85c30e03268ec3169c23d30d9b13308fa5f9a2cc9679270a592556dd9b	data/curacion-registro/ejecucion-semantica/runs/SEMRUN-354ccb9dc1023a0bd420d48f/reportes-neutrales/TOBS-SEM-6898d3c7c6fa1202e6836b28.json	99db7a26cdf6b8cf2abae2e4ce82238781a5fce6d47da4aa1018ff09a7dbbb16	data/curacion-registro/ejecucion-semantica/runs/SEMRUN-354ccb9dc1023a0bd420d48f/inputs-curador/TCUR-6898d3c7c6fa1202e6836b28.json	fc22b030666299ff7a171898f8ede81b55f8842aa8fa3d76d3107ead4c9a7670	NO_DETERMINADO	SERIES_SPEI_CODI_BANXICO	89f4c3a49c00c0e1ba1f07013e0af10bbc3289fdddc48dde816c37d3da1a742b	4dd527eb25bf9d4ed1047c7956d9ee51f20175361f9404315baae476c057cc76	NO_DETERMINADO	CANDIDATA	FUENTE_ABIERTA_SIN_OBJETO_REQUERIDO	Abrir Informe Anual o catálogo SIE, registrar idSerie/idCuadro y extraer series comparables CoDi/SPEI.	627cdc48ecf33b06281e4c77f09111e07ffd02e6f95becd8bc41402851462de7	Revisión de equivalencia y codificación antes de parametrizar.	Escala/diseño/universo:	MAIN:data/mapa-fuentes-2026-08-06.tsv:L135	EVIDENCIA_LOCALIZADA, NO_ACCESIBLE, NO_DETERMINADO o SIN_RUTA_VIABLE_ACTUAL tras máximo dos intentos.	MAIN:data/mapa-fuentes-2026-08-06.tsv:L135	MAIN:data/mapa-fuentes-2026-08-06.tsv:L135	Se abrió la fuente/referencia, pero no un objeto que cierre literalmente la acción individual; usar la receta y frontera registradas.	NO	NO	La ejecución produjo un terminal operativo, no evidencia suficiente para cambiar adjudicación; el baseline se conserva.
SEMPROP-afba34ac124ac0f179da1a46	SEMRUN-354ccb9dc1023a0bd420d48f	REL-18976f4767e5da3c5e572877	TOBS-SEM-332233c676bdd722e8c82ef2	data/curacion-registro/ejecucion-semantica/runs/SEMRUN-354ccb9dc1023a0bd420d48f/inputs-inspector/TOBS-SEM-332233c676bdd722e8c82ef2.json	870e40ace7627fe578205a852a9a2019f8864a2e7bf5f9691e13cdb79e7a4390	data/curacion-registro/ejecucion-semantica/runs/SEMRUN-354ccb9dc1023a0bd420d48f/reportes-neutrales/TOBS-SEM-332233c676bdd722e8c82ef2.json	18361c40e3b339a73a9e5ddb7340b7b29bd3cf899d8315d0ee0df7ea8b4be798	data/curacion-registro/ejecucion-semantica/runs/SEMRUN-354ccb9dc1023a0bd420d48f/inputs-curador/TCUR-332233c676bdd722e8c82ef2.json	2867daab87b343b981cff5744879bafbdaafe81d79f67bb71551eb37bab9b46e	NO_DETERMINADO	FINANZAS	89f4c3a49c00c0e1ba1f07013e0af10bbc3289fdddc48dde816c37d3da1a742b	4dd527eb25bf9d4ed1047c7956d9ee51f20175361f9404315baae476c057cc76	NO_DETERMINADO	CANDIDATA	FUENTE_ABIERTA_SIN_OBJETO_REQUERIDO	Resolver la etiqueta FINANZAS a una fuente canónica concreta ya reunida y abrir su instrumento contra el par requerido.	c5b344f3f2a9867317cc96ec459a437373e5f98668ace2f235f09acb7eb413b6	Revisión de equivalencia y codificación antes de parametrizar.	No se propagó el estado general de la necesidad; requiere evidencia fuente-específica.	MAIN:canon/modelo-decision-v4_0.md;MAIN:data/abrir4-variables-2026-08-08.tsv;MAIN:data/mapa-ext-general-2026-08-06.tsv;MAIN:forense/REVERIFICACION-DEMANDA-vs-UNIVERSO-2026-08-07-v1_0.md	Propuesta semántica trazable o NO_DETERMINADO con supuesto faltante concreto.	MAIN:canon/modelo-decision-v4_0.md;MAIN:data/abrir4-variables-2026-08-08.tsv;MAIN:data/mapa-ext-general-2026-08-06.tsv;MAIN:forense/REVERIFICACION-DEMANDA-vs-UNIVERSO-2026-08-07-v1_0.md	MAIN:canon/modelo-decision-v4_0.md;MAIN:data/abrir4-variables-2026-08-08.tsv;MAIN:data/mapa-ext-general-2026-08-06.tsv;MAIN:forense/REVERIFICACION-DEMANDA-vs-UNIVERSO-2026-08-07-v1_0.md	Se abrió la fuente/referencia, pero no un objeto que cierre literalmente la acción individual; usar la receta y frontera registradas.	NO	NO	La ejecución produjo un terminal operativo, no evidencia suficiente para cambiar adjudicación; el baseline se conserva.
SEMPROP-595b107444723d411af7b81c	SEMRUN-354ccb9dc1023a0bd420d48f	REL-1d4ea097a836307f28dd2f49	TOBS-SEM-378d45ea90cfa8dbbf1daf86	data/curacion-registro/ejecucion-semantica/runs/SEMRUN-354ccb9dc1023a0bd420d48f/inputs-inspector/TOBS-SEM-378d45ea90cfa8dbbf1daf86.json	6c07925a7dc9d5fe4159f8bc773c5db404981a1594abadca8964abe11a1295ea	data/curacion-registro/ejecucion-semantica/runs/SEMRUN-354ccb9dc1023a0bd420d48f/reportes-neutrales/TOBS-SEM-378d45ea90cfa8dbbf1daf86.json	eb1fc91029ea2a4d40bb37ed20201a857bc16078191cf4455351f4dacb4cf118	data/curacion-registro/ejecucion-semantica/runs/SEMRUN-354ccb9dc1023a0bd420d48f/inputs-curador/TCUR-378d45ea90cfa8dbbf1daf86.json	f9b5e6f6cfe287cbf94e684ee00f695dbb97872350f4d27f6cdcbd45e1c952ab	NO_DETERMINADO	ENCOAP	89f4c3a49c00c0e1ba1f07013e0af10bbc3289fdddc48dde816c37d3da1a742b	4dd527eb25bf9d4ed1047c7956d9ee51f20175361f9404315baae476c057cc76	NO_DETERMINADO	CANDIDATA	BLOQUEADA_INPUT_FALTANTE	Abrir cuestionario y diccionario ENCOAP; localizar el reactivo y el desenlace exactos exigidos por la necesidad.	b8bdc9d6e9a1fb98030c092a30fba2d89ad270f5454126a743d3d1ff00a342ae	Revisión de equivalencia y codificación antes de parametrizar.	Escala/diseño/universo:	MAIN:data/mapa-fuentes-externas-consolidado-2026-08-06.tsv:L15	Resultado reproducible o NO_DETERMINADO por campo material faltante.	MAIN:data/mapa-fuentes-externas-consolidado-2026-08-06.tsv:L15	MAIN:data/mapa-fuentes-externas-consolidado-2026-08-06.tsv:L15	No existe especificación ejecutable: faltan estimando,poblacion,unidad,variables,codificacion,ponderacion,diseno,transformacion,incertidumbre	NO	NO	La ejecución produjo un terminal operativo, no evidencia suficiente para cambiar adjudicación; el baseline se conserva.
SEMPROP-c455a4331e1332b900b369a9	SEMRUN-354ccb9dc1023a0bd420d48f	REL-1d9d402e2e1aa77c9c01cb5f	TOBS-SEM-966292f4d0a0889ec766cfed	data/curacion-registro/ejecucion-semantica/runs/SEMRUN-354ccb9dc1023a0bd420d48f/inputs-inspector/TOBS-SEM-966292f4d0a0889ec766cfed.json	7b0bde9dc50339a9269639710985c9c06ae2654cd259c87a41ad81bb7cea84f6	data/curacion-registro/ejecucion-semantica/runs/SEMRUN-354ccb9dc1023a0bd420d48f/reportes-neutrales/TOBS-SEM-966292f4d0a0889ec766cfed.json	5f229dfe333d479e8db7e1c807178bc0abcc7c78a71c14b1edead1bdb85ca6f5	data/curacion-registro/ejecucion-semantica/runs/SEMRUN-354ccb9dc1023a0bd420d48f/inputs-curador/TCUR-966292f4d0a0889ec766cfed.json	e0c5607d87e8f60372d9455e08dbf2798fa7394a24c44b6e01172c2c2bc23a4d	NO_DETERMINADO	MASS_MOBILIZATION_DATA_PROJECT_EVENTOS_MEXICO	89f4c3a49c00c0e1ba1f07013e0af10bbc3289fdddc48dde816c37d3da1a742b	4dd527eb25bf9d4ed1047c7956d9ee51f20175361f9404315baae476c057cc76	NO_DETERMINADO	CANDIDATA	FUENTE_ABIERTA_SIN_OBJETO_REQUERIDO	Obtener archivo y codebook del proyecto; verificar evento, actor, demanda, respuesta, geografía y cobertura temporal para México.	9ad341e8331316a8cb8c8fda7ae8779a3c69b15482a8efcd5bccf545be8fe70b	Revisión de equivalencia y codificación antes de parametrizar.	Escala/diseño/universo:	MAIN:data/mapa-ext-academico-2026-08-06.tsv:L11	EVIDENCIA_LOCALIZADA, NO_ACCESIBLE, NO_DETERMINADO o SIN_RUTA_VIABLE_ACTUAL tras máximo dos intentos.	MAIN:data/mapa-ext-academico-2026-08-06.tsv:L11	MAIN:data/mapa-ext-academico-2026-08-06.tsv:L11	Se abrió la fuente/referencia, pero no un objeto que cierre literalmente la acción individual; usar la receta y frontera registradas.	NO	NO	La ejecución produjo un terminal operativo, no evidencia suficiente para cambiar adjudicación; el baseline se conserva.
SEMPROP-8bc00bc6b9d5f5928d857f8e	SEMRUN-354ccb9dc1023a0bd420d48f	REL-20c9e9445e7c52770b6c3b10	TOBS-SEM-04b8623c41b0949b9d8e3f67	data/curacion-registro/ejecucion-semantica/runs/SEMRUN-354ccb9dc1023a0bd420d48f/inputs-inspector/TOBS-SEM-04b8623c41b0949b9d8e3f67.json	d2df8daa79263f9afb08f106c0a734b357f6ebd5e65d678269b277160aa246bf	data/curacion-registro/ejecucion-semantica/runs/SEMRUN-354ccb9dc1023a0bd420d48f/reportes-neutrales/TOBS-SEM-04b8623c41b0949b9d8e3f67.json	b64170924b8aefafdbf377aa8e0f9ec457def45105962ddd9c83259e59526705	data/curacion-registro/ejecucion-semantica/runs/SEMRUN-354ccb9dc1023a0bd420d48f/inputs-curador/TCUR-04b8623c41b0949b9d8e3f67.json	565bdb22718266c73b497fb535deee737c11ffab9bf52fd8c7e8b0553d8ea446	NO_DETERMINADO	DOES_CORRUPTION_INFORMATION_INSPIRE_THE_FIGHT_OR_QUASH_THE_HOPE	89f4c3a49c00c0e1ba1f07013e0af10bbc3289fdddc48dde816c37d3da1a742b	4dd527eb25bf9d4ed1047c7956d9ee51f20175361f9404315baae476c057cc76	NO_DETERMINADO	CANDIDATA	EJECUTADA_CON_RESULTADO	Abrir instrumento y tablas del estudio; localizar tratamiento informativo, outcome y estimando pertinente.	7f036c47afc4a5bd11592b151d061aea99b8b28e82df65d53698b1eed5678ecb	Revisión de equivalencia y codificación antes de parametrizar.	Escala/diseño/universo:	MAIN:data/mapa-ext-academico-2026-08-06.tsv	EVIDENCIA_LOCALIZADA, NO_ACCESIBLE, NO_DETERMINADO o SIN_RUTA_VIABLE_ACTUAL tras máximo dos intentos.	MAIN:data/mapa-fuentes-externas-consolidado-2026-08-06.tsv:L6	MAIN:data/mapa-ext-academico-2026-08-06.tsv	Se abrió al menos un objeto de datos/documentación y se registró su estructura literal; el juicio semántico permanece separado.	NO	NO	La ejecución produjo un terminal operativo, no evidencia suficiente para cambiar adjudicación; el baseline se conserva.
SEMPROP-b9baa93a2eafa62a217b07ec	SEMRUN-354ccb9dc1023a0bd420d48f	REL-21e914d37dac786386bf91dc	TOBS-SEM-5f145948626259596e2f82ff	data/curacion-registro/ejecucion-semantica/runs/SEMRUN-354ccb9dc1023a0bd420d48f/inputs-inspector/TOBS-SEM-5f145948626259596e2f82ff.json	1e50ca66f28d5a214952923a026c323f2e019e8425154b2510a6e55977c7194e	data/curacion-registro/ejecucion-semantica/runs/SEMRUN-354ccb9dc1023a0bd420d48f/reportes-neutrales/TOBS-SEM-5f145948626259596e2f82ff.json	338284418a1764dea7bee1436b33f1219312357f3976cb9625e625370f220cb3	data/curacion-registro/ejecucion-semantica/runs/SEMRUN-354ccb9dc1023a0bd420d48f/inputs-curador/TCUR-5f145948626259596e2f82ff.json	bd08108fa1ff863a127ab7eee892e1d087fdf7f188d5b94c3b87bc4f50738274	NO_DETERMINADO	FINANZAS	89f4c3a49c00c0e1ba1f07013e0af10bbc3289fdddc48dde816c37d3da1a742b	4dd527eb25bf9d4ed1047c7956d9ee51f20175361f9404315baae476c057cc76	NO_DETERMINADO	CANDIDATA	FUENTE_ABIERTA_SIN_OBJETO_REQUERIDO	Resolver la etiqueta FINANZAS a una fuente canónica concreta ya reunida y abrir su instrumento contra el par requerido.	c5b344f3f2a9867317cc96ec459a437373e5f98668ace2f235f09acb7eb413b6	Revisión de equivalencia y codificación antes de parametrizar.	No se propagó el estado general de la necesidad; requiere evidencia fuente-específica.	MAIN:canon/gobernanza-v1_15.md;MAIN:canon/modelo-decision-v4_0.md;MAIN:corpus/reports/El_Mexicano_y_el_Tiempo__Estructura__no_Cultura__en_la_Planeación_y_el_Compromiso_Temporal.md;MAIN:corpus/reports/Health__Body__Food_and_Substance_Use_in_Mexico__The_Behavioral_Layer_of_Decisions__Environment_and_Structure.md	Propuesta semántica trazable o NO_DETERMINADO con supuesto faltante concreto.	MAIN:canon/gobernanza-v1_15.md;MAIN:canon/modelo-decision-v4_0.md;MAIN:corpus/reports/El_Mexicano_y_el_Tiempo__Estructura__no_Cultura__en_la_Planeación_y_el_Compromiso_Temporal.md;MAIN:corpus/reports/Health__Body__Food_and_Substance_Use_in_Mexico__The_Behavioral_Layer_of_Decisions__Environment_and_Structure.md	MAIN:canon/gobernanza-v1_15.md;MAIN:canon/modelo-decision-v4_0.md;MAIN:corpus/reports/El_Mexicano_y_el_Tiempo__Estructura__no_Cultura__en_la_Planeación_y_el_Compromiso_Temporal.md;MAIN:corpus/reports/Health__Body__Food_and_Substance_Use_in_Mexico__The_Behavioral_Layer_of_Decisions__Environment_and_Structure.md	Se abrió la fuente/referencia, pero no un objeto que cierre literalmente la acción individual; usar la receta y frontera registradas.	NO	NO	La ejecución produjo un terminal operativo, no evidencia suficiente para cambiar adjudicación; el baseline se conserva.
SEMPROP-c99bad0a7d75f084b3491b60	SEMRUN-354ccb9dc1023a0bd420d48f	REL-2230c5027c1ce5589c32d9b0	TOBS-SEM-5f00cf4f4974b8e03128189b	data/curacion-registro/ejecucion-semantica/runs/SEMRUN-354ccb9dc1023a0bd420d48f/inputs-inspector/TOBS-SEM-5f00cf4f4974b8e03128189b.json	828f2a1c809dbb5130df1ce04723bfb2e27aa32c268cd74147c22528cc207afe	data/curacion-registro/ejecucion-semantica/runs/SEMRUN-354ccb9dc1023a0bd420d48f/reportes-neutrales/TOBS-SEM-5f00cf4f4974b8e03128189b.json	b2e92e8a8903d8608ae5e7bac4dbfdbd4531bb75bb66da13828da06bfa84dd27	data/curacion-registro/ejecucion-semantica/runs/SEMRUN-354ccb9dc1023a0bd420d48f/inputs-curador/TCUR-5f00cf4f4974b8e03128189b.json	2e6f50d3597eab5a3612783c9a4c4d74ed3cca1e89950332930b026208f064f5	NO_DETERMINADO	LARGE_SCALE_FINANCIAL_EDUCATION_PROGRAM_IMPACT_EVALUATION_2011_2	89f4c3a49c00c0e1ba1f07013e0af10bbc3289fdddc48dde816c37d3da1a742b	4dd527eb25bf9d4ed1047c7956d9ee51f20175361f9404315baae476c057cc76	NO_DETERMINADO	CANDIDATA	FUENTE_ABIERTA_SIN_OBJETO_REQUERIDO	Recuperar el paquete canónico del estudio y revisar instrumento, diseño, outcomes y tablas de impacto.	188d651a6af2f033dc69c06c7aaf4437a579dbe7fd06babadb256bde77e0912c	Revisión de equivalencia y codificación antes de parametrizar.	Escala/diseño/universo:	MAIN:data/mapa-ext-academico-2026-08-06.tsv	EVIDENCIA_LOCALIZADA, NO_ACCESIBLE, NO_DETERMINADO o SIN_RUTA_VIABLE_ACTUAL tras máximo dos intentos.	MAIN:data/mapa-ext-academico-2026-08-06.tsv:L5	MAIN:data/mapa-ext-academico-2026-08-06.tsv	Se abrió la fuente/referencia, pero no un objeto que cierre literalmente la acción individual; usar la receta y frontera registradas.	NO	NO	La ejecución produjo un terminal operativo, no evidencia suficiente para cambiar adjudicación; el baseline se conserva.
SEMPROP-62b314e27014d173eb79d07d	SEMRUN-354ccb9dc1023a0bd420d48f	REL-235427b4ebd4727b5ccdeb98	TOBS-SEM-a88af75184a988d7f4957617	data/curacion-registro/ejecucion-semantica/runs/SEMRUN-354ccb9dc1023a0bd420d48f/inputs-inspector/TOBS-SEM-a88af75184a988d7f4957617.json	e5f1fb4c3b149086df311cae33c9cfaa8660b298d97e0e90d2a51004ac410cc3	data/curacion-registro/ejecucion-semantica/runs/SEMRUN-354ccb9dc1023a0bd420d48f/reportes-neutrales/TOBS-SEM-a88af75184a988d7f4957617.json	a44b275ad5ae641da207bb5aa34022223b48cea39656f5d986daca84ea11e5ff	data/curacion-registro/ejecucion-semantica/runs/SEMRUN-354ccb9dc1023a0bd420d48f/inputs-curador/TCUR-a88af75184a988d7f4957617.json	b7dd986ebb801faea8e143020f567726e5c4394d5be52d5cc2fefac237e7492a	NO_DETERMINADO	REPOSITORIOS_UNAM_COLMEX_ITAM_DATAVERSE_ICPSR	89f4c3a49c00c0e1ba1f07013e0af10bbc3289fdddc48dde816c37d3da1a742b	4dd527eb25bf9d4ed1047c7956d9ee51f20175361f9404315baae476c057cc76	NO_DETERMINADO	CANDIDATA	FUENTE_ABIERTA_SIN_OBJETO_REQUERIDO	Identificar un estudio concreto ya indexado, abrir protocolo/datos y verificar umbral, asignación y outcome electoral.	3bac30a99a9113aefd17f46b4a6e20793526c3229cc6c86d0111041fab2c5d51	Revisión de equivalencia y codificación antes de parametrizar.	No se propagó el estado general de la necesidad; requiere evidencia fuente-específica.	MAIN:canon/glosario-v5_6.md	Propuesta semántica trazable o NO_DETERMINADO con supuesto faltante concreto.	MAIN:canon/glosario-v5_6.md;MAIN:corpus/forense/Validación_Forense_del_Clientelismo_Electoral_en_México__Agencia_del_Votante__Programas_Sociales_y_Límites_de_la_Compra_de_Voto.md;MAIN:data/censo-raices-2026-08-06.tsv;MAIN:data/cola-aperturas-externas-2026-08-06.tsv	MAIN:canon/glosario-v5_6.md	Se abrió la fuente/referencia, pero no un objeto que cierre literalmente la acción individual; usar la receta y frontera registradas.	NO	NO	La ejecución produjo un terminal operativo, no evidencia suficiente para cambiar adjudicación; el baseline se conserva.
SEMPROP-7200dd2849f81618d1c6cded	SEMRUN-354ccb9dc1023a0bd420d48f	REL-2a1cc2aeaa3a0d0f5e1e49d2	TOBS-SEM-be389b408c606b6c7fcb528f	data/curacion-registro/ejecucion-semantica/runs/SEMRUN-354ccb9dc1023a0bd420d48f/inputs-inspector/TOBS-SEM-be389b408c606b6c7fcb528f.json	acf6f307c8320d542c2dca590eaeb89fb28b4664f26a2ae16665d0c3fe1699fc	data/curacion-registro/ejecucion-semantica/runs/SEMRUN-354ccb9dc1023a0bd420d48f/reportes-neutrales/TOBS-SEM-be389b408c606b6c7fcb528f.json	0a4306167b7c23e86c333d60f1a91daba501fdbb354e66a74f1d7d818736783d	data/curacion-registro/ejecucion-semantica/runs/SEMRUN-354ccb9dc1023a0bd420d48f/inputs-curador/TCUR-be389b408c606b6c7fcb528f.json	1198f04dcc8cf8c9ba3021a4c5c6790e6204b35597d05ae9b0c5690743341275	NO_DETERMINADO	UCDP	89f4c3a49c00c0e1ba1f07013e0af10bbc3289fdddc48dde816c37d3da1a742b	4dd527eb25bf9d4ed1047c7956d9ee51f20175361f9404315baae476c057cc76	NO_DETERMINADO	CANDIDATA	FUENTE_ABIERTA_SIN_OBJETO_REQUERIDO	Abrir GED codebook.	623a70ad87a08b2702c4109b04f42746a3983ae4b1a6f4de155544695aa5872e	Revisión de equivalencia y codificación antes de parametrizar.	Escala/diseño/universo:	MAIN:data/mapa-ext-general-2026-08-06.tsv:L14	EVIDENCIA_LOCALIZADA, NO_ACCESIBLE, NO_DETERMINADO o SIN_RUTA_VIABLE_ACTUAL tras máximo dos intentos.	MAIN:data/mapa-ext-general-2026-08-06.tsv:L14	MAIN:data/mapa-ext-general-2026-08-06.tsv:L14	Se abrió la fuente/referencia, pero no un objeto que cierre literalmente la acción individual; usar la receta y frontera registradas.	NO	NO	La ejecución produjo un terminal operativo, no evidencia suficiente para cambiar adjudicación; el baseline se conserva.
SEMPROP-853606a8d585666258b5a9b3	SEMRUN-354ccb9dc1023a0bd420d48f	REL-2d58abfc1b418484af3f2f7d	TOBS-SEM-43c56dbcb4646997818bdbf2	data/curacion-registro/ejecucion-semantica/runs/SEMRUN-354ccb9dc1023a0bd420d48f/inputs-inspector/TOBS-SEM-43c56dbcb4646997818bdbf2.json	c9b05ef09519ad9d8dce6ed5f46d7dc3a830b28fe3ee1b05bc4dc03ace187ee4	data/curacion-registro/ejecucion-semantica/runs/SEMRUN-354ccb9dc1023a0bd420d48f/reportes-neutrales/TOBS-SEM-43c56dbcb4646997818bdbf2.json	400650b791af29b32a9b60a63105c86a4d908b92236b87460bdf7199a6a758bd	data/curacion-registro/ejecucion-semantica/runs/SEMRUN-354ccb9dc1023a0bd420d48f/inputs-curador/TCUR-43c56dbcb4646997818bdbf2.json	df8f3156e6b49b577159d15e8b9b7291abd6f3722436976e08a794ce017a7507	NO_DETERMINADO	ENFIH	89f4c3a49c00c0e1ba1f07013e0af10bbc3289fdddc48dde816c37d3da1a742b	4dd527eb25bf9d4ed1047c7956d9ee51f20175361f9404315baae476c057cc76	NO_DETERMINADO	CANDIDATA	EJECUTADA_CON_RESULTADO	Abrir el diccionario ENFIH y construir una tabla variable×constructo×desenlace para esta necesidad; verificar coobservación por llave de persona.	eba3e0df63b8ce6ed4d6ac7d49ae306643848764635e477c17ceebb3784f12b9	Revisión de equivalencia y codificación antes de parametrizar.	No se propagó el estado general de la necesidad; requiere evidencia fuente-específica.	MAIN:data/abrir4-variables-2026-08-08.tsv	Propuesta semántica trazable o NO_DETERMINADO con supuesto faltante concreto.	MAIN:AGENTS.md;MAIN:canon/estado-programa-v1_10.md;MAIN:canon/glosario-v5_6.md;MAIN:canon/gobernanza-v1_15.md	MAIN:data/abrir4-variables-2026-08-08.tsv	Se abrió al menos un objeto de datos/documentación y se registró su estructura literal; el juicio semántico permanece separado.	NO	NO	La ejecución produjo un terminal operativo, no evidencia suficiente para cambiar adjudicación; el baseline se conserva.
SEMPROP-d9cc7c68235b62072d17e697	SEMRUN-354ccb9dc1023a0bd420d48f	REL-2fab7f66a0e6963788542b3a	TOBS-SEM-e08e77874f8fdee4962d27d3	data/curacion-registro/ejecucion-semantica/runs/SEMRUN-354ccb9dc1023a0bd420d48f/inputs-inspector/TOBS-SEM-e08e77874f8fdee4962d27d3.json	e31a0108a87505209d0cbd7586cc488f8e33f3b393733a9ed14fca6711a1e6ad	data/curacion-registro/ejecucion-semantica/runs/SEMRUN-354ccb9dc1023a0bd420d48f/reportes-neutrales/TOBS-SEM-e08e77874f8fdee4962d27d3.json	77b78696bdbc4c349c223337d1cecfafb5c0164b57fa519f5c4fba95eb05a838	data/curacion-registro/ejecucion-semantica/runs/SEMRUN-354ccb9dc1023a0bd420d48f/inputs-curador/TCUR-e08e77874f8fdee4962d27d3.json	caf8e1e793d180f70c4fbfe45a2369d29e6c54da2becd40b6ae04bda4eb77e83	NO_DETERMINADO	ENCOAP	89f4c3a49c00c0e1ba1f07013e0af10bbc3289fdddc48dde816c37d3da1a742b	4dd527eb25bf9d4ed1047c7956d9ee51f20175361f9404315baae476c057cc76	NO_DETERMINADO	CANDIDATA	FUENTE_ABIERTA_SIN_OBJETO_REQUERIDO	Abrir cuestionario y diccionario ENCOAP; localizar el reactivo y el desenlace exactos exigidos por la necesidad.	b8bdc9d6e9a1fb98030c092a30fba2d89ad270f5454126a743d3d1ff00a342ae	Revisión de equivalencia y codificación antes de parametrizar.	Escala/diseño/universo:	MAIN:data/mapa-ext-general-2026-08-06.tsv:L4	EVIDENCIA_LOCALIZADA, NO_ACCESIBLE, NO_DETERMINADO o SIN_RUTA_VIABLE_ACTUAL tras máximo dos intentos.	MAIN:data/mapa-ext-general-2026-08-06.tsv:L4	MAIN:data/mapa-ext-general-2026-08-06.tsv:L4	Se abrió la fuente/referencia, pero no un objeto que cierre literalmente la acción individual; usar la receta y frontera registradas.	NO	NO	La ejecución produjo un terminal operativo, no evidencia suficiente para cambiar adjudicación; el baseline se conserva.
SEMPROP-b99b04092dc73122b91e37dd	SEMRUN-354ccb9dc1023a0bd420d48f	REL-2fbf749b083e578d4462b842	TOBS-SEM-c0280be4c75f4b57c0967cb6	data/curacion-registro/ejecucion-semantica/runs/SEMRUN-354ccb9dc1023a0bd420d48f/inputs-inspector/TOBS-SEM-c0280be4c75f4b57c0967cb6.json	61c0afbb3891fa19205523ccc3d2310d1b232bad9af6f7a65e59e54bc9b5842c	data/curacion-registro/ejecucion-semantica/runs/SEMRUN-354ccb9dc1023a0bd420d48f/reportes-neutrales/TOBS-SEM-c0280be4c75f4b57c0967cb6.json	e9fb84f8bccdf53fd133dd391b2c71a02a7e275560ef5ee8b7f3764c13ae01e5	data/curacion-registro/ejecucion-semantica/runs/SEMRUN-354ccb9dc1023a0bd420d48f/inputs-curador/TCUR-c0280be4c75f4b57c0967cb6.json	9102c5df3fcfb264041a93cfada56449f2db6f2eec394ec035921d7fe5bcfac2	NO_DETERMINADO	FINANZAS	89f4c3a49c00c0e1ba1f07013e0af10bbc3289fdddc48dde816c37d3da1a742b	4dd527eb25bf9d4ed1047c7956d9ee51f20175361f9404315baae476c057cc76	NO_DETERMINADO	CANDIDATA	FUENTE_ABIERTA_SIN_OBJETO_REQUERIDO	Resolver la etiqueta FINANZAS a una fuente canónica concreta ya reunida y abrir su instrumento contra el par requerido.	c5b344f3f2a9867317cc96ec459a437373e5f98668ace2f235f09acb7eb413b6	Revisión de equivalencia y codificación antes de parametrizar.	No se propagó el estado general de la necesidad; requiere evidencia fuente-específica.	MAIN:canon/glosario-v5_6.md;MAIN:canon/integrador-psicologia-mexicano.md;MAIN:canon/modelo-decision-v4_0.md;MAIN:corpus/reports/Autoridad_y_jerarquía_en_el_México_contemporáneo__anatomía_psicológica_de_un_sistema_dual.md	Propuesta semántica trazable o NO_DETERMINADO con supuesto faltante concreto.	MAIN:canon/glosario-v5_6.md;MAIN:canon/integrador-psicologia-mexicano.md;MAIN:canon/modelo-decision-v4_0.md;MAIN:corpus/reports/Autoridad_y_jerarquía_en_el_México_contemporáneo__anatomía_psicológica_de_un_sistema_dual.md	MAIN:canon/glosario-v5_6.md;MAIN:canon/integrador-psicologia-mexicano.md;MAIN:canon/modelo-decision-v4_0.md;MAIN:corpus/reports/Autoridad_y_jerarquía_en_el_México_contemporáneo__anatomía_psicológica_de_un_sistema_dual.md	Se abrió la fuente/referencia, pero no un objeto que cierre literalmente la acción individual; usar la receta y frontera registradas.	NO	NO	La ejecución produjo un terminal operativo, no evidencia suficiente para cambiar adjudicación; el baseline se conserva.
SEMPROP-2906efe7c76c5bfa766b174b	SEMRUN-354ccb9dc1023a0bd420d48f	REL-32afb54be292bc8e3070dfca	TOBS-SEM-4271521b2dd8123304de22ad	data/curacion-registro/ejecucion-semantica/runs/SEMRUN-354ccb9dc1023a0bd420d48f/inputs-inspector/TOBS-SEM-4271521b2dd8123304de22ad.json	fd1b04c5cb2a3039579781baa9c15c9997069de585896b1641c126ac225575e2	data/curacion-registro/ejecucion-semantica/runs/SEMRUN-354ccb9dc1023a0bd420d48f/reportes-neutrales/TOBS-SEM-4271521b2dd8123304de22ad.json	ed114a2fabf3885d13b80a942a6745318795be4171e4382401f3389b82ba85a4	data/curacion-registro/ejecucion-semantica/runs/SEMRUN-354ccb9dc1023a0bd420d48f/inputs-curador/TCUR-4271521b2dd8123304de22ad.json	fd02b5e655fc997d1a6ea0722ca42017d538199fb767363e601ed639542eee67	NO_DETERMINADO	ENVIPE	89f4c3a49c00c0e1ba1f07013e0af10bbc3289fdddc48dde816c37d3da1a742b	4dd527eb25bf9d4ed1047c7956d9ee51f20175361f9404315baae476c057cc76	NO_DETERMINADO	CANDIDATA	EJECUTADA_CON_RESULTADO	Abrir reactivos conjuntos.	26b86d28d003715f1f89ac9cfafe46b35291f7befbaf05a2da3c0de37ad9289f	Revisión de equivalencia y codificación antes de parametrizar.	No se propagó el estado general de la necesidad; requiere evidencia fuente-específica.	MAIN:forense/matriz-impacto-universal-2026-08-06.md:L82	Propuesta semántica trazable o NO_DETERMINADO con supuesto faltante concreto.	MAIN:canon/estado-programa-v1_10.md;MAIN:canon/gobernanza-v1_15.md;MAIN:canon/modelo-decision-v4_0.md;MAIN:corpus/reports/Confianza_y_Desconfianza_en_México__Anatomía_Psicológica_de_una_Sociedad_Dual.md	MAIN:forense/matriz-impacto-universal-2026-08-06.md:L82	Se abrió al menos un objeto de datos/documentación y se registró su estructura literal; el juicio semántico permanece separado.	NO	NO	La ejecución produjo un terminal operativo, no evidencia suficiente para cambiar adjudicación; el baseline se conserva.
SEMPROP-da4028842472a23dc8ee5bb6	SEMRUN-354ccb9dc1023a0bd420d48f	REL-32d05d4dc466d048e2961f7b	TOBS-SEM-f3396d8cacc7f843fc26bef0	data/curacion-registro/ejecucion-semantica/runs/SEMRUN-354ccb9dc1023a0bd420d48f/inputs-inspector/TOBS-SEM-f3396d8cacc7f843fc26bef0.json	c7ba27e2e7f7344e0404cd848cf070200a4bf559f1325472e00396f105dd6f9f	data/curacion-registro/ejecucion-semantica/runs/SEMRUN-354ccb9dc1023a0bd420d48f/reportes-neutrales/TOBS-SEM-f3396d8cacc7f843fc26bef0.json	8e6db5bd0675f38e83fae7a3be4d28f11f24d60a337c252b730226f9ba60d843	data/curacion-registro/ejecucion-semantica/runs/SEMRUN-354ccb9dc1023a0bd420d48f/inputs-curador/TCUR-f3396d8cacc7f843fc26bef0.json	8fbbcaf71f53a23aef9df3ed9d35e20d21afe9a5a13e46c2e1c0775005fbc619	NO_DETERMINADO	MASS_MOBILIZATION_DATA_PROJECT_EVENTOS_MEXICO	89f4c3a49c00c0e1ba1f07013e0af10bbc3289fdddc48dde816c37d3da1a742b	4dd527eb25bf9d4ed1047c7956d9ee51f20175361f9404315baae476c057cc76	NO_DETERMINADO	CANDIDATA	FUENTE_ABIERTA_SIN_OBJETO_REQUERIDO	Obtener archivo y codebook del proyecto; verificar evento, actor, demanda, respuesta, geografía y cobertura temporal para México.	9ad341e8331316a8cb8c8fda7ae8779a3c69b15482a8efcd5bccf545be8fe70b	Revisión de equivalencia y codificación antes de parametrizar.	Escala/diseño/universo:	MAIN:data/mapa-ext-academico-2026-08-06.tsv:L11	EVIDENCIA_LOCALIZADA, NO_ACCESIBLE, NO_DETERMINADO o SIN_RUTA_VIABLE_ACTUAL tras máximo dos intentos.	MAIN:data/mapa-ext-academico-2026-08-06.tsv:L11	MAIN:data/mapa-ext-academico-2026-08-06.tsv:L11	Se abrió la fuente/referencia, pero no un objeto que cierre literalmente la acción individual; usar la receta y frontera registradas.	NO	NO	La ejecución produjo un terminal operativo, no evidencia suficiente para cambiar adjudicación; el baseline se conserva.
SEMPROP-2d1195bb41c0f07b6de0b508	SEMRUN-354ccb9dc1023a0bd420d48f	REL-350211bc943be8bae0c8eea2	TOBS-SEM-069a339311b89d89771969d2	data/curacion-registro/ejecucion-semantica/runs/SEMRUN-354ccb9dc1023a0bd420d48f/inputs-inspector/TOBS-SEM-069a339311b89d89771969d2.json	826573073f1e6b88bd6ec05ea535611594d4eaf1a646a8b32c9567355bf51638	data/curacion-registro/ejecucion-semantica/runs/SEMRUN-354ccb9dc1023a0bd420d48f/reportes-neutrales/TOBS-SEM-069a339311b89d89771969d2.json	98ef306647d79748b191abf43704ad80ed7f27bbd608fbcdc31de1c177bc34f4	data/curacion-registro/ejecucion-semantica/runs/SEMRUN-354ccb9dc1023a0bd420d48f/inputs-curador/TCUR-069a339311b89d89771969d2.json	4d7068b52c361446e09e045012e057f889961639bdbe0bc535325ffc9e63a203	NO_DETERMINADO	MEXICO_ENTERPRISE_SURVEYS_COMPONENTE_PANEL_CANDIDATO_2006_2010	89f4c3a49c00c0e1ba1f07013e0af10bbc3289fdddc48dde816c37d3da1a742b	4dd527eb25bf9d4ed1047c7956d9ee51f20175361f9404315baae476c057cc76	NO_DETERMINADO	CANDIDATA	FUENTE_ABIERTA_SIN_OBJETO_REQUERIDO	Abrir diccionario y archivo panel; comprobar dos observaciones por idPANEL2006 y mapear predictor y desenlace requeridos.	e6132f567607fb339cb3c907e9b29072e9c2d5d7cabb00cde3709c1779a00e4f	Revisión de equivalencia y codificación antes de parametrizar.	Escala/diseño/universo:	MAIN:data/mapa-fuentes-externas-consolidado-2026-08-06.tsv:L7	EVIDENCIA_LOCALIZADA, NO_ACCESIBLE, NO_DETERMINADO o SIN_RUTA_VIABLE_ACTUAL tras máximo dos intentos.	MAIN:data/mapa-fuentes-externas-consolidado-2026-08-06.tsv:L7	MAIN:data/mapa-fuentes-externas-consolidado-2026-08-06.tsv:L7	Se abrió la fuente/referencia, pero no un objeto que cierre literalmente la acción individual; usar la receta y frontera registradas.	NO	NO	La ejecución produjo un terminal operativo, no evidencia suficiente para cambiar adjudicación; el baseline se conserva.
SEMPROP-ea8f7be037fdab0720dba078	SEMRUN-354ccb9dc1023a0bd420d48f	REL-36cde7fa0d470608a94ddb1e	TOBS-SEM-eaf45b63f4e1169d529f7a60	data/curacion-registro/ejecucion-semantica/runs/SEMRUN-354ccb9dc1023a0bd420d48f/inputs-inspector/TOBS-SEM-eaf45b63f4e1169d529f7a60.json	ea8ae0627877561641a07f2a14cc84bc95699b95ef65ae83525e29f7fec71706	data/curacion-registro/ejecucion-semantica/runs/SEMRUN-354ccb9dc1023a0bd420d48f/reportes-neutrales/TOBS-SEM-eaf45b63f4e1169d529f7a60.json	b15bb8ecb415ba837905c7189574970f032c04aed89afdd353137841cd977f2a	data/curacion-registro/ejecucion-semantica/runs/SEMRUN-354ccb9dc1023a0bd420d48f/inputs-curador/TCUR-eaf45b63f4e1169d529f7a60.json	ea1214cb75aaddfe2644d42437bae6f6d92844992ce444f1d9e9910dabeb5b69	NO_DETERMINADO	ENFIH	89f4c3a49c00c0e1ba1f07013e0af10bbc3289fdddc48dde816c37d3da1a742b	4dd527eb25bf9d4ed1047c7956d9ee51f20175361f9404315baae476c057cc76	NO_DETERMINADO	CANDIDATA	EJECUTADA_CON_RESULTADO	Abrir el diccionario ENFIH y construir una tabla variable×constructo×desenlace para esta necesidad; verificar coobservación por llave de persona.	eba3e0df63b8ce6ed4d6ac7d49ae306643848764635e477c17ceebb3784f12b9	Revisión de equivalencia y codificación antes de parametrizar.	No se propagó el estado general de la necesidad; requiere evidencia fuente-específica.	MAIN:data/abrir4-variables-2026-08-08.tsv	Propuesta semántica trazable o NO_DETERMINADO con supuesto faltante concreto.	MAIN:canon/gobernanza-v1_15.md;MAIN:canon/modelo-decision-v4_0.md;MAIN:corpus/reports/El_Mexicano_y_el_Tiempo__Estructura__no_Cultura__en_la_Planeación_y_el_Compromiso_Temporal.md;MAIN:corpus/reports/Health__Body__Food_and_Substance_Use_in_Mexico__The_Behavioral_Layer_of_Decisions__Environment_and_Structure.md	MAIN:data/abrir4-variables-2026-08-08.tsv	Se abrió al menos un objeto de datos/documentación y se registró su estructura literal; el juicio semántico permanece separado.	NO	NO	La ejecución produjo un terminal operativo, no evidencia suficiente para cambiar adjudicación; el baseline se conserva.
SEMPROP-d0062343d23931114e70c313	SEMRUN-354ccb9dc1023a0bd420d48f	REL-374d073941162109bb37265b	TOBS-SEM-bbd25c063666c3bf534e1966	data/curacion-registro/ejecucion-semantica/runs/SEMRUN-354ccb9dc1023a0bd420d48f/inputs-inspector/TOBS-SEM-bbd25c063666c3bf534e1966.json	c9c8d6cd2b1ae37199acfd8a5f1b6b6d7f4f834c2069691011b520d952422158	data/curacion-registro/ejecucion-semantica/runs/SEMRUN-354ccb9dc1023a0bd420d48f/reportes-neutrales/TOBS-SEM-bbd25c063666c3bf534e1966.json	f179342cdc0bf2b90190faa2b34b73edd1e0b9ecf824554e84084f26935b80bf	data/curacion-registro/ejecucion-semantica/runs/SEMRUN-354ccb9dc1023a0bd420d48f/inputs-curador/TCUR-bbd25c063666c3bf534e1966.json	9710a0b44cd10b46f1c159cdaeda7a234901096218dc58109f0487288a19b1e5	NO_DETERMINADO	ELECTORAL_PRECINCT_LEVEL_DATABASE_FOR_MEXICAN_MUNICIPAL_ELECTION	89f4c3a49c00c0e1ba1f07013e0af10bbc3289fdddc48dde816c37d3da1a742b	4dd527eb25bf9d4ed1047c7956d9ee51f20175361f9404315baae476c057cc76	NO_DETERMINADO	CANDIDATA	NO_ALCANZO_TRAS_INTENTOS	Abrir codebook y verificar variables de sección, elección, tratamiento/exposición y resultado.	9957c47d3db955f1de333864ac17809f74852dce4e6be6b2e0c1b48699595c80	Revisión de equivalencia y codificación antes de parametrizar.	Escala/diseño/universo:	MAIN:data/mapa-ext-academico-2026-08-06.tsv	EVIDENCIA_LOCALIZADA, NO_ACCESIBLE, NO_DETERMINADO o SIN_RUTA_VIABLE_ACTUAL tras máximo dos intentos.	MAIN:data/mapa-ext-academico-2026-08-06.tsv:L21	MAIN:data/mapa-ext-academico-2026-08-06.tsv	Los intentos reales terminaron sin HTTP 2xx; continuar solo con acceso alternativo autorizado o localizador corregido.	NO	NO	La ejecución produjo un terminal operativo, no evidencia suficiente para cambiar adjudicación; el baseline se conserva.
SEMPROP-b0d4e365a7e0d0abaec504f1	SEMRUN-354ccb9dc1023a0bd420d48f	REL-382a1f202f13e8134f376a00	TOBS-SEM-fcc268997e86adb82f932976	data/curacion-registro/ejecucion-semantica/runs/SEMRUN-354ccb9dc1023a0bd420d48f/inputs-inspector/TOBS-SEM-fcc268997e86adb82f932976.json	cf56b996a1efdae575b2ab7873f0f6a2d1fb06773ec2d8d4b2cf32a3d07a41c5	data/curacion-registro/ejecucion-semantica/runs/SEMRUN-354ccb9dc1023a0bd420d48f/reportes-neutrales/TOBS-SEM-fcc268997e86adb82f932976.json	dd71917d56e4baf16b013f18bbb14b614a921e7283a132ecc37beca76408582d	data/curacion-registro/ejecucion-semantica/runs/SEMRUN-354ccb9dc1023a0bd420d48f/inputs-curador/TCUR-fcc268997e86adb82f932976.json	ffd5b6eeeafc41a0b218e153c23e821e8bb85be8fd52d89fe2098ca660bb903a	NO_DETERMINADO	MEXICO_PANEL_STUDY_2012	89f4c3a49c00c0e1ba1f07013e0af10bbc3289fdddc48dde816c37d3da1a742b	4dd527eb25bf9d4ed1047c7956d9ee51f20175361f9404315baae476c057cc76	NO_DETERMINADO	CANDIDATA	FUENTE_ABIERTA_SIN_OBJETO_REQUERIDO	Abrir cuestionario y codebook 2012 y localizar las variables exactas y su llave longitudinal.	ede6819bb1cd3ce12f58d9a0c61b51fb63a379c6261fdc7adc0f74514e4d87a9	Revisión de equivalencia y codificación antes de parametrizar.	Escala/diseño/universo:	MAIN:data/mapa-ext-general-2026-08-06.tsv	EVIDENCIA_LOCALIZADA, NO_ACCESIBLE, NO_DETERMINADO o SIN_RUTA_VIABLE_ACTUAL tras máximo dos intentos.	MAIN:data/mapa-ext-general-2026-08-06.tsv:L16	MAIN:data/mapa-ext-general-2026-08-06.tsv	Se abrió la fuente/referencia, pero no un objeto que cierre literalmente la acción individual; usar la receta y frontera registradas.	NO	NO	La ejecución produjo un terminal operativo, no evidencia suficiente para cambiar adjudicación; el baseline se conserva.
SEMPROP-9e3cf13e168413e10fe80781	SEMRUN-354ccb9dc1023a0bd420d48f	REL-3b746c49c7c051083df6ee81	TOBS-SEM-3425dde81a63cdf148a0bbac	data/curacion-registro/ejecucion-semantica/runs/SEMRUN-354ccb9dc1023a0bd420d48f/inputs-inspector/TOBS-SEM-3425dde81a63cdf148a0bbac.json	c2238f9b3be78501891fb732242742bdcc765c3de5d9a1814719095ae911be18	data/curacion-registro/ejecucion-semantica/runs/SEMRUN-354ccb9dc1023a0bd420d48f/reportes-neutrales/TOBS-SEM-3425dde81a63cdf148a0bbac.json	c876132b5b0088acffad56defe1a607b82114688bfabc7d92b6f294bf4b7f141	data/curacion-registro/ejecucion-semantica/runs/SEMRUN-354ccb9dc1023a0bd420d48f/inputs-curador/TCUR-3425dde81a63cdf148a0bbac.json	0497b90f02f966a5bf20f485c89903c7c3f3065ad137d02bb764d49134c86c50	NO_DETERMINADO	ENFIH	89f4c3a49c00c0e1ba1f07013e0af10bbc3289fdddc48dde816c37d3da1a742b	4dd527eb25bf9d4ed1047c7956d9ee51f20175361f9404315baae476c057cc76	NO_DETERMINADO	CANDIDATA	EJECUTADA_CON_RESULTADO	Abrir el diccionario ENFIH y construir una tabla variable×constructo×desenlace para esta necesidad; verificar coobservación por llave de persona.	eba3e0df63b8ce6ed4d6ac7d49ae306643848764635e477c17ceebb3784f12b9	Revisión de equivalencia y codificación antes de parametrizar.	No se propagó el estado general de la necesidad; requiere evidencia fuente-específica.	MAIN:data/abrir4-variables-2026-08-08.tsv	Propuesta semántica trazable o NO_DETERMINADO con supuesto faltante concreto.	MAIN:canon/estado-programa-v1_10.md;MAIN:canon/gobernanza-v1_15.md;MAIN:canon/modelo-decision-v4_0.md;MAIN:corpus/forense/Consumo_Aspiracional_en_México__Validación_Forense_del_Modelo_Anti-Esencialista.md	MAIN:data/abrir4-variables-2026-08-08.tsv	Se abrió al menos un objeto de datos/documentación y se registró su estructura literal; el juicio semántico permanece separado.	NO	NO	La ejecución produjo un terminal operativo, no evidencia suficiente para cambiar adjudicación; el baseline se conserva.
SEMPROP-4edddbadcc750ce5a4079c48	SEMRUN-354ccb9dc1023a0bd420d48f	REL-3d47f2e740a4b56741e9c6e2	TOBS-SEM-b463329c0abf1a4add11f117	data/curacion-registro/ejecucion-semantica/runs/SEMRUN-354ccb9dc1023a0bd420d48f/inputs-inspector/TOBS-SEM-b463329c0abf1a4add11f117.json	eceae582cc484e48d3d7194323a5a341123ca30e84cc574dd3e315cc3512c20f	data/curacion-registro/ejecucion-semantica/runs/SEMRUN-354ccb9dc1023a0bd420d48f/reportes-neutrales/TOBS-SEM-b463329c0abf1a4add11f117.json	ad5d84a5c8df29fd75fe19b615accd6be101e18717f7a6ebc128025b05349165	data/curacion-registro/ejecucion-semantica/runs/SEMRUN-354ccb9dc1023a0bd420d48f/inputs-curador/TCUR-b463329c0abf1a4add11f117.json	8a0ff3a3ad42486cca0393af984a19bd42516b19321a2991e155b39a6886efed	NO_DETERMINADO	GDELT	89f4c3a49c00c0e1ba1f07013e0af10bbc3289fdddc48dde816c37d3da1a742b	4dd527eb25bf9d4ed1047c7956d9ee51f20175361f9404315baae476c057cc76	NO_DETERMINADO	CANDIDATA	FUENTE_ABIERTA_SIN_OBJETO_REQUERIDO	Extraer un universo México acotado, aplicar deduplicación documentada y mapear CAMEO/actores/respuesta al objeto.	c47b9de2d903b150a58012d8ab146ff3f7decaec78eb1b3830948fd76cd9e1bd	Revisión de equivalencia y codificación antes de parametrizar.	Escala/diseño/universo:	MAIN:data/mapa-ext-general-2026-08-06.tsv:L8	EVIDENCIA_LOCALIZADA, NO_ACCESIBLE, NO_DETERMINADO o SIN_RUTA_VIABLE_ACTUAL tras máximo dos intentos.	MAIN:data/mapa-ext-general-2026-08-06.tsv:L8	MAIN:data/mapa-ext-general-2026-08-06.tsv:L8	Se abrió la fuente/referencia, pero no un objeto que cierre literalmente la acción individual; usar la receta y frontera registradas.	NO	NO	La ejecución produjo un terminal operativo, no evidencia suficiente para cambiar adjudicación; el baseline se conserva.
SEMPROP-23c4ec865b4407a8b4468643	SEMRUN-354ccb9dc1023a0bd420d48f	REL-3d6a985a8dafc13fdbd39e4a	TOBS-SEM-95ecb20a0512809ca939da05	data/curacion-registro/ejecucion-semantica/runs/SEMRUN-354ccb9dc1023a0bd420d48f/inputs-inspector/TOBS-SEM-95ecb20a0512809ca939da05.json	66f959b141f6a3a981208d7aca3a1149bc5a01a83728d59358507078b6b61b6e	data/curacion-registro/ejecucion-semantica/runs/SEMRUN-354ccb9dc1023a0bd420d48f/reportes-neutrales/TOBS-SEM-95ecb20a0512809ca939da05.json	a531e6af48b3cf0be648974d9532c8bc0a390d06448665afdac9bc73fa93ca7c	data/curacion-registro/ejecucion-semantica/runs/SEMRUN-354ccb9dc1023a0bd420d48f/inputs-curador/TCUR-95ecb20a0512809ca939da05.json	c2f80b688565bdb8beba3f9fa327cfa19c24a8fb2541a97456d4b7715fdf0fb6	NO_DETERMINADO	WVS	89f4c3a49c00c0e1ba1f07013e0af10bbc3289fdddc48dde816c37d3da1a742b	4dd527eb25bf9d4ed1047c7956d9ee51f20175361f9404315baae476c057cc76	NO_DETERMINADO	CANDIDATA	FUENTE_ABIERTA_SIN_OBJETO_REQUERIDO	Abrir cuestionario y codebook Wave 7 México; localizar reactivo, codificación y desenlace coobservado.	833bafb3e73736976b1c32e34ee3f932173db62df98d8ae6609255ee613e1873	Revisión de equivalencia y codificación antes de parametrizar.	Escala/diseño/universo:	MAIN:data/mapa-ext-general-2026-08-06.tsv:L17	EVIDENCIA_LOCALIZADA, NO_ACCESIBLE, NO_DETERMINADO o SIN_RUTA_VIABLE_ACTUAL tras máximo dos intentos.	MAIN:data/mapa-ext-general-2026-08-06.tsv:L17	MAIN:data/mapa-ext-general-2026-08-06.tsv:L17	Se abrió la fuente/referencia, pero no un objeto que cierre literalmente la acción individual; usar la receta y frontera registradas.	NO	NO	La ejecución produjo un terminal operativo, no evidencia suficiente para cambiar adjudicación; el baseline se conserva.
SEMPROP-d55648e33300923c84a07e81	SEMRUN-354ccb9dc1023a0bd420d48f	REL-3e153324c7506ed0e35a7a70	TOBS-SEM-6cd6a34ef3c6fd7f9148b5e4	data/curacion-registro/ejecucion-semantica/runs/SEMRUN-354ccb9dc1023a0bd420d48f/inputs-inspector/TOBS-SEM-6cd6a34ef3c6fd7f9148b5e4.json	6f818622dafe925f8e7555ad22c2d13993bacf57e7fb1ad2b383c499130e527b	data/curacion-registro/ejecucion-semantica/runs/SEMRUN-354ccb9dc1023a0bd420d48f/reportes-neutrales/TOBS-SEM-6cd6a34ef3c6fd7f9148b5e4.json	22b1c193ddbdae8e60717a942adcf61febb5f4db551ee540c76bb4bee6413981	data/curacion-registro/ejecucion-semantica/runs/SEMRUN-354ccb9dc1023a0bd420d48f/inputs-curador/TCUR-6cd6a34ef3c6fd7f9148b5e4.json	10f3e0ad7fbff21923a7b07bfbc5291064a5dcd9236edbb5b97920a22cbf4b29	NO_DETERMINADO	WORLD_BANK_ENTERPRISE_SURVEY_MEXICO_2023	89f4c3a49c00c0e1ba1f07013e0af10bbc3289fdddc48dde816c37d3da1a742b	4dd527eb25bf9d4ed1047c7956d9ee51f20175361f9404315baae476c057cc76	NO_DETERMINADO	CANDIDATA	FUENTE_ABIERTA_SIN_OBJETO_REQUERIDO	Abrir cuestionario.	39ee5ac3ba3c2cebc413638b07231b7e028d335a941707fa9e7498318de8a709	Revisión de equivalencia y codificación antes de parametrizar.	Escala/diseño/universo:	MAIN:data/mapa-ext-general-2026-08-06.tsv:L13	EVIDENCIA_LOCALIZADA, NO_ACCESIBLE, NO_DETERMINADO o SIN_RUTA_VIABLE_ACTUAL tras máximo dos intentos.	MAIN:data/mapa-ext-general-2026-08-06.tsv:L13	MAIN:data/mapa-ext-general-2026-08-06.tsv:L13	Se abrió la fuente/referencia, pero no un objeto que cierre literalmente la acción individual; usar la receta y frontera registradas.	NO	NO	La ejecución produjo un terminal operativo, no evidencia suficiente para cambiar adjudicación; el baseline se conserva.
SEMPROP-3ec6eba82762ab053a1d242c	SEMRUN-354ccb9dc1023a0bd420d48f	REL-435541bba7684694085356c2	TOBS-SEM-4393bc0202d3793dc368ca3f	data/curacion-registro/ejecucion-semantica/runs/SEMRUN-354ccb9dc1023a0bd420d48f/inputs-inspector/TOBS-SEM-4393bc0202d3793dc368ca3f.json	c2af03c278854354d64336b4a654a7ee015cc31e8a79d3e830d678e6e27b8714	data/curacion-registro/ejecucion-semantica/runs/SEMRUN-354ccb9dc1023a0bd420d48f/reportes-neutrales/TOBS-SEM-4393bc0202d3793dc368ca3f.json	b84ef0c87ac22980737f98687ca934b7769882986697c6366b276f510b26c5bf	data/curacion-registro/ejecucion-semantica/runs/SEMRUN-354ccb9dc1023a0bd420d48f/inputs-curador/TCUR-4393bc0202d3793dc368ca3f.json	6c1f2abe517a7913fae53753c54b0c0edf0f3e5a18d10ac63ca2b5aa1044c2af	NO_DETERMINADO	MASS_MOBILIZATION_PROTEST_DATA	89f4c3a49c00c0e1ba1f07013e0af10bbc3289fdddc48dde816c37d3da1a742b	4dd527eb25bf9d4ed1047c7956d9ee51f20175361f9404315baae476c057cc76	NO_DETERMINADO	CANDIDATA	FUENTE_ABIERTA_SIN_OBJETO_REQUERIDO	Abrir codebook y payload México; verificar campos completos y documentar explícitamente si existe algún vínculo con trámite o gobierno digital.	a359d8730c4106786103e3a28d953efd060494d50a0266f056159848d96464a2	Revisión de equivalencia y codificación antes de parametrizar.	Escala/diseño/universo:	MAIN:data/mapa-ext-general-2026-08-06.tsv:L9	EVIDENCIA_LOCALIZADA, NO_ACCESIBLE, NO_DETERMINADO o SIN_RUTA_VIABLE_ACTUAL tras máximo dos intentos.	MAIN:data/mapa-ext-general-2026-08-06.tsv:L9	MAIN:data/mapa-ext-general-2026-08-06.tsv:L9	Se abrió la fuente/referencia, pero no un objeto que cierre literalmente la acción individual; usar la receta y frontera registradas.	NO	NO	La ejecución produjo un terminal operativo, no evidencia suficiente para cambiar adjudicación; el baseline se conserva.
SEMPROP-7aef1578bd130fe16eb5e5be	SEMRUN-354ccb9dc1023a0bd420d48f	REL-4360d0a91e5f8be30916c2b9	TOBS-SEM-91e2ca67738c1d5d4780903f	data/curacion-registro/ejecucion-semantica/runs/SEMRUN-354ccb9dc1023a0bd420d48f/inputs-inspector/TOBS-SEM-91e2ca67738c1d5d4780903f.json	1004c27715fecdc577daf2f7d8638a75a2a991a032ccededca85e0ea0f4ab325	data/curacion-registro/ejecucion-semantica/runs/SEMRUN-354ccb9dc1023a0bd420d48f/reportes-neutrales/TOBS-SEM-91e2ca67738c1d5d4780903f.json	00fddf13a2d1e55771bafb2f77a736407722589dac078cd8de32058cf39f6b83	data/curacion-registro/ejecucion-semantica/runs/SEMRUN-354ccb9dc1023a0bd420d48f/inputs-curador/TCUR-91e2ca67738c1d5d4780903f.json	11e948f91ef7e963051b50a9f29eef24a140c5a7d689e6499ef48e1aac6b354d	NO_DETERMINADO	LATINOBARÓMETRO	89f4c3a49c00c0e1ba1f07013e0af10bbc3289fdddc48dde816c37d3da1a742b	4dd527eb25bf9d4ed1047c7956d9ee51f20175361f9404315baae476c057cc76	NO_DETERMINADO	CANDIDATA	EJECUTADA_CON_RESULTADO	Obtener el microdato bajo la licencia aplicable y mapear reactivo, codificación y desenlace para México.	895a660662f6e2aff564303d117da35585b981c90bf2f123407e2eb5912d9439	Revisión de equivalencia y codificación antes de parametrizar.	Escala/diseño/universo:	MAIN:forense/hitoE-campana-medicion-v2_0.md	EVIDENCIA_LOCALIZADA, NO_ACCESIBLE, NO_DETERMINADO o SIN_RUTA_VIABLE_ACTUAL tras máximo dos intentos.	MAIN:data/mapa-fuentes-2026-08-06.tsv:L11	MAIN:forense/hitoE-campana-medicion-v2_0.md	Se abrió al menos un objeto de datos/documentación y se registró su estructura literal; el juicio semántico permanece separado.	NO	NO	La ejecución produjo un terminal operativo, no evidencia suficiente para cambiar adjudicación; el baseline se conserva.
SEMPROP-601d31224a1cd54073060c70	SEMRUN-354ccb9dc1023a0bd420d48f	REL-45672e7d7c5ac7c69edaede4	TOBS-SEM-5387b712908d44e17c1ed68d	data/curacion-registro/ejecucion-semantica/runs/SEMRUN-354ccb9dc1023a0bd420d48f/inputs-inspector/TOBS-SEM-5387b712908d44e17c1ed68d.json	664edec040112c8084e4be7296003917b14125fe7a5e9fc22648854a5d91273f	data/curacion-registro/ejecucion-semantica/runs/SEMRUN-354ccb9dc1023a0bd420d48f/reportes-neutrales/TOBS-SEM-5387b712908d44e17c1ed68d.json	b9bdd5c94b57a3a30beeb0f33dbb58c2adfab9eba04e584a3622e9725dc76bdf	data/curacion-registro/ejecucion-semantica/runs/SEMRUN-354ccb9dc1023a0bd420d48f/inputs-curador/TCUR-5387b712908d44e17c1ed68d.json	2c1cc82f0e9d1739c6e0bf0e87da3e1aae17c75106e0895a3343b7442cbdaf41	NO_DETERMINADO	ENFIH	89f4c3a49c00c0e1ba1f07013e0af10bbc3289fdddc48dde816c37d3da1a742b	4dd527eb25bf9d4ed1047c7956d9ee51f20175361f9404315baae476c057cc76	NO_DETERMINADO	CANDIDATA	EJECUTADA_CON_RESULTADO	Abrir el diccionario ENFIH y construir una tabla variable×constructo×desenlace para esta necesidad; verificar coobservación por llave de persona.	eba3e0df63b8ce6ed4d6ac7d49ae306643848764635e477c17ceebb3784f12b9	Revisión de equivalencia y codificación antes de parametrizar.	No se propagó el estado general de la necesidad; requiere evidencia fuente-específica.	MAIN:data/abrir4-variables-2026-08-08.tsv	Propuesta semántica trazable o NO_DETERMINADO con supuesto faltante concreto.	MAIN:canon/modelo-decision-v4_0.md;MAIN:data/abrir4-variables-2026-08-08.tsv;MAIN:data/abrir4-variables-2026-08-08.tsv:L10;MAIN:data/mapa-ext-general-2026-08-06.tsv	MAIN:data/abrir4-variables-2026-08-08.tsv	Se abrió al menos un objeto de datos/documentación y se registró su estructura literal; el juicio semántico permanece separado.	NO	NO	La ejecución produjo un terminal operativo, no evidencia suficiente para cambiar adjudicación; el baseline se conserva.
SEMPROP-d5329888b5f8c60b4471f066	SEMRUN-354ccb9dc1023a0bd420d48f	REL-4773e33ebd7e704a595bbf07	TOBS-SEM-b0c3e8d05d0ca672247a3496	data/curacion-registro/ejecucion-semantica/runs/SEMRUN-354ccb9dc1023a0bd420d48f/inputs-inspector/TOBS-SEM-b0c3e8d05d0ca672247a3496.json	4f15a2850d7e0e9902d4f511d27ee623250eccd857d9caccdcc823f67bbdc015	data/curacion-registro/ejecucion-semantica/runs/SEMRUN-354ccb9dc1023a0bd420d48f/reportes-neutrales/TOBS-SEM-b0c3e8d05d0ca672247a3496.json	97755ee5ca894cdc77d442c7d7e5c1052cc31fc502b8c1200a93b6059e927d2d	data/curacion-registro/ejecucion-semantica/runs/SEMRUN-354ccb9dc1023a0bd420d48f/inputs-curador/TCUR-b0c3e8d05d0ca672247a3496.json	f69ce80ecc7f3dfac7a4287b353260c115b0824668be15413e59a3a72c9f531e	NO_DETERMINADO	ENNVIH	89f4c3a49c00c0e1ba1f07013e0af10bbc3289fdddc48dde816c37d3da1a742b	4dd527eb25bf9d4ed1047c7956d9ee51f20175361f9404315baae476c057cc76	NO_DETERMINADO	CANDIDATA	EJECUTADA_CON_RESULTADO	Abrir codebooks por ola y localizar indicador temporal, conducta financiera y llave individual longitudinal.	30f41045c01d499d3f9a6bb096c2b78a69c9248ef91505caad5543f4acb98e66	Revisión de equivalencia y codificación antes de parametrizar.	No se propagó el estado general de la necesidad; requiere evidencia fuente-específica.	MAIN:forense/matriz-impacto-universal-2026-08-06.md	Propuesta semántica trazable o NO_DETERMINADO con supuesto faltante concreto.	MAIN:canon/gobernanza-v1_15.md;MAIN:canon/modelo-decision-v4_0.md;MAIN:corpus/reports/El_Mexicano_y_el_Tiempo__Estructura__no_Cultura__en_la_Planeación_y_el_Compromiso_Temporal.md;MAIN:corpus/reports/Health__Body__Food_and_Substance_Use_in_Mexico__The_Behavioral_Layer_of_Decisions__Environment_and_Structure.md	MAIN:forense/matriz-impacto-universal-2026-08-06.md	Se abrió al menos un objeto de datos/documentación y se registró su estructura literal; el juicio semántico permanece separado.	NO	NO	La ejecución produjo un terminal operativo, no evidencia suficiente para cambiar adjudicación; el baseline se conserva.
SEMPROP-2dbf09cf944968bcf8b8591a	SEMRUN-354ccb9dc1023a0bd420d48f	REL-48285fd8e0a22a38147245ed	TOBS-SEM-77de625bce04437aa9bdd3d4	data/curacion-registro/ejecucion-semantica/runs/SEMRUN-354ccb9dc1023a0bd420d48f/inputs-inspector/TOBS-SEM-77de625bce04437aa9bdd3d4.json	4d7c778dc4ba14164d18b34a4ccf440417c08224a2ad6ff330b0aa789b001082	data/curacion-registro/ejecucion-semantica/runs/SEMRUN-354ccb9dc1023a0bd420d48f/reportes-neutrales/TOBS-SEM-77de625bce04437aa9bdd3d4.json	9cbdc1e1664da77cd011214c4a7157caa4b7e70630cdc9879ca2337d215045af	data/curacion-registro/ejecucion-semantica/runs/SEMRUN-354ccb9dc1023a0bd420d48f/inputs-curador/TCUR-77de625bce04437aa9bdd3d4.json	4f828c0d063b756e5779f6fc9a8dc4b8b3103116376762048941cfa73ab2bb4b	NO_DETERMINADO	CSES	89f4c3a49c00c0e1ba1f07013e0af10bbc3289fdddc48dde816c37d3da1a742b	4dd527eb25bf9d4ed1047c7956d9ee51f20175361f9404315baae476c057cc76	NO_DETERMINADO	CANDIDATA	NO_ALCANZO_TRAS_INTENTOS	Abrir codebook y payload canónico CSES México 2018; buscar literalmente variables de trámite/gobierno digital y documentar el universo revisado.	8ee078346b250f268e109cbd9fa96787f709ba657f922354e5b07c0308511ae5	Revisión de equivalencia y codificación antes de parametrizar.	Escala/diseño/universo:	MAIN:data/mapa-ext-general-2026-08-06.tsv:L7	EVIDENCIA_LOCALIZADA, NO_ACCESIBLE, NO_DETERMINADO o SIN_RUTA_VIABLE_ACTUAL tras máximo dos intentos.	MAIN:data/mapa-fuentes-externas-consolidado-2026-08-06.tsv:L12	MAIN:data/mapa-ext-general-2026-08-06.tsv:L7	Los intentos reales terminaron sin HTTP 2xx; continuar solo con acceso alternativo autorizado o localizador corregido.	NO	NO	La ejecución produjo un terminal operativo, no evidencia suficiente para cambiar adjudicación; el baseline se conserva.
SEMPROP-91085761b29f9fe38a02e572	SEMRUN-354ccb9dc1023a0bd420d48f	REL-4945113fd8870341191221b6	TOBS-SEM-d76f868cb61054be3ce40de8	data/curacion-registro/ejecucion-semantica/runs/SEMRUN-354ccb9dc1023a0bd420d48f/inputs-inspector/TOBS-SEM-d76f868cb61054be3ce40de8.json	a1cf25e7d0e31224d687cd8ae989ba2cd4b5f38faabb31ff685ebe942daa3f57	data/curacion-registro/ejecucion-semantica/runs/SEMRUN-354ccb9dc1023a0bd420d48f/reportes-neutrales/TOBS-SEM-d76f868cb61054be3ce40de8.json	d09f9fced56c289e70f69af8d86596cdf28188107c557e1791bc02006b2afce1	data/curacion-registro/ejecucion-semantica/runs/SEMRUN-354ccb9dc1023a0bd420d48f/inputs-curador/TCUR-d76f868cb61054be3ce40de8.json	9474d38d3fb9128ee1c2fc37aa7f3472b32c56f07923c30e855e1f8ecaaa58d5	NO_DETERMINADO	INE	89f4c3a49c00c0e1ba1f07013e0af10bbc3289fdddc48dde816c37d3da1a742b	4dd527eb25bf9d4ed1047c7956d9ee51f20175361f9404315baae476c057cc76	NO_DETERMINADO	CANDIDATA	FUENTE_ABIERTA_SIN_OBJETO_REQUERIDO	Precisar producto.	a2933ad267dd4f774af3cbb7a6ca82d0e0e7a619bba45e612406024ceffdb997	Revisión de equivalencia y codificación antes de parametrizar.	Escala/diseño/universo:	MAIN:data/mapa-fuentes-2026-08-06.tsv:L97	EVIDENCIA_LOCALIZADA, NO_ACCESIBLE, NO_DETERMINADO o SIN_RUTA_VIABLE_ACTUAL tras máximo dos intentos.	MAIN:data/mapa-fuentes-2026-08-06.tsv:L97	MAIN:data/mapa-fuentes-2026-08-06.tsv:L97	Se abrió la fuente/referencia, pero no un objeto que cierre literalmente la acción individual; usar la receta y frontera registradas.	NO	NO	La ejecución produjo un terminal operativo, no evidencia suficiente para cambiar adjudicación; el baseline se conserva.
SEMPROP-144cfe1cb22fb3cfdac7bbbe	SEMRUN-354ccb9dc1023a0bd420d48f	REL-4b4d25bbe2c702aed1884440	TOBS-SEM-c79825713f34236b086d0337	data/curacion-registro/ejecucion-semantica/runs/SEMRUN-354ccb9dc1023a0bd420d48f/inputs-inspector/TOBS-SEM-c79825713f34236b086d0337.json	c34f577ffcd1d2a3616b6fb312edea6cfa1b5f18fdc76e0ed48c35c2fd598def	data/curacion-registro/ejecucion-semantica/runs/SEMRUN-354ccb9dc1023a0bd420d48f/reportes-neutrales/TOBS-SEM-c79825713f34236b086d0337.json	5ee33fa0a35db53de1225e9acc3509fbd7b0a0fc335fe8c5401dd45671f71491	data/curacion-registro/ejecucion-semantica/runs/SEMRUN-354ccb9dc1023a0bd420d48f/inputs-curador/TCUR-c79825713f34236b086d0337.json	cd2f0d495c257e78df988a0ef3dc5f870b8a041cd52d5b353da7b7c020289b2b	NO_DETERMINADO	ENOE	89f4c3a49c00c0e1ba1f07013e0af10bbc3289fdddc48dde816c37d3da1a742b	4dd527eb25bf9d4ed1047c7956d9ee51f20175361f9404315baae476c057cc76	NO_DETERMINADO	CANDIDATA	EJECUTADA_CON_RESULTADO	Buscar de forma dirigida en diccionarios ENOE una variable explícita del constructo; si no existe, delimitar ausencia por módulos revisados.	a3b11c2eaa52aa88848a4f8d2b0a59f126510f46cb685a727c0c58c30d283e75	Revisión de equivalencia y codificación antes de parametrizar.	No se propagó el estado general de la necesidad; requiere evidencia fuente-específica.	MAIN:canon/modelo-decision-v4_0.md	Propuesta semántica trazable o NO_DETERMINADO con supuesto faltante concreto.	MAIN:canon/modelo-decision-v4_0.md;MAIN:corpus/reports/Autoridad_y_jerarquía_en_el_México_contemporáneo__anatomía_psicológica_de_un_sistema_dual.md;MAIN:corpus/reports/Psicología_Política_y_Comportamiento_Cívico_del_Mexicano_Contemporáneo__Una_Lectura_Anti-Esencialista_desde_Abajo__2026_.md;MAIN:forense/cobertura-motor.md	MAIN:canon/modelo-decision-v4_0.md	Se abrió al menos un objeto de datos/documentación y se registró su estructura literal; el juicio semántico permanece separado.	NO	NO	La ejecución produjo un terminal operativo, no evidencia suficiente para cambiar adjudicación; el baseline se conserva.
SEMPROP-07600174c6f1f2ff70890848	SEMRUN-354ccb9dc1023a0bd420d48f	REL-4fd0d54316a62b4b5c7a0048	TOBS-SEM-8ae9eed4130cf052f6a2dc7a	data/curacion-registro/ejecucion-semantica/runs/SEMRUN-354ccb9dc1023a0bd420d48f/inputs-inspector/TOBS-SEM-8ae9eed4130cf052f6a2dc7a.json	e8da111ecad18d2e19c5fc0387399b03dcd82c2ef5ffc4f731b418fedf9f7cf6	data/curacion-registro/ejecucion-semantica/runs/SEMRUN-354ccb9dc1023a0bd420d48f/reportes-neutrales/TOBS-SEM-8ae9eed4130cf052f6a2dc7a.json	4a1b90cedbd2b6d335f964922f878e40b5e66b4534c2bf27df7fb2d8fd456c37	data/curacion-registro/ejecucion-semantica/runs/SEMRUN-354ccb9dc1023a0bd420d48f/inputs-curador/TCUR-8ae9eed4130cf052f6a2dc7a.json	3bbd03d50699ccc8df311f7cb317907a063420f07868ffde9371f2e102035fbd	NO_DETERMINADO	GPS	89f4c3a49c00c0e1ba1f07013e0af10bbc3289fdddc48dde816c37d3da1a742b	4dd527eb25bf9d4ed1047c7956d9ee51f20175361f9404315baae476c057cc76	ESCALAR	CANDIDATA	REQUIERE_DECISION_HUMANA	Obtener autorización de licencia y abrir codebook/archivo México; localizar el par reactivo–desenlace exacto.	84d803994434985f361bc6efc9f311d9e27f320c7dab31f804d9296fb4f4a7ba	Revisión de equivalencia y codificación antes de parametrizar.	Escala/diseño/universo:	MAIN:data/mapa-ext-general-2026-08-06.tsv:L3	EVIDENCIA_LOCALIZADA, NO_ACCESIBLE, NO_DETERMINADO o SIN_RUTA_VIABLE_ACTUAL tras máximo dos intentos.	MAIN:data/mapa-ext-general-2026-08-06.tsv:L3	MAIN:data/mapa-ext-general-2026-08-06.tsv:L3	La acción exige autorización/licencia y no apareció un objeto descargable abierto en los intentos permitidos.	NO	NO	La ejecución produjo un terminal operativo, no evidencia suficiente para cambiar adjudicación; el baseline se conserva.
SEMPROP-15d4f5bc4847b9435adc08a6	SEMRUN-354ccb9dc1023a0bd420d48f	REL-50e6d069fd121a8a7cd64fc5	TOBS-SEM-64964bf750dc697de788f9df	data/curacion-registro/ejecucion-semantica/runs/SEMRUN-354ccb9dc1023a0bd420d48f/inputs-inspector/TOBS-SEM-64964bf750dc697de788f9df.json	d6698e51dc2bcedcbb6481a1b23b79988d2e8b4711b276491ed312a78be99438	data/curacion-registro/ejecucion-semantica/runs/SEMRUN-354ccb9dc1023a0bd420d48f/reportes-neutrales/TOBS-SEM-64964bf750dc697de788f9df.json	44356a1823d79f6ceb32484f0b90bfc30a3dbf825b9a9b2b090ea0b9e31848ec	data/curacion-registro/ejecucion-semantica/runs/SEMRUN-354ccb9dc1023a0bd420d48f/inputs-curador/TCUR-64964bf750dc697de788f9df.json	2adae933f92d8ec0f0b0433c2c1a8f3bceee8561b27973709ddc4448755bba9b	NO_DETERMINADO	ENFIH	89f4c3a49c00c0e1ba1f07013e0af10bbc3289fdddc48dde816c37d3da1a742b	4dd527eb25bf9d4ed1047c7956d9ee51f20175361f9404315baae476c057cc76	NO_DETERMINADO	CANDIDATA	EJECUTADA_CON_RESULTADO	Abrir el diccionario ENFIH y construir una tabla variable×constructo×desenlace para esta necesidad; verificar coobservación por llave de persona.	eba3e0df63b8ce6ed4d6ac7d49ae306643848764635e477c17ceebb3784f12b9	Revisión de equivalencia y codificación antes de parametrizar.	No se propagó el estado general de la necesidad; requiere evidencia fuente-específica.	MAIN:data/abrir4-variables-2026-08-08.tsv	Propuesta semántica trazable o NO_DETERMINADO con supuesto faltante concreto.	MAIN:canon/glosario-v5_6.md;MAIN:canon/integrador-psicologia-mexicano.md;MAIN:canon/modelo-decision-v4_0.md;MAIN:corpus/reports/Autoridad_y_jerarquía_en_el_México_contemporáneo__anatomía_psicológica_de_un_sistema_dual.md	MAIN:data/abrir4-variables-2026-08-08.tsv	Se abrió al menos un objeto de datos/documentación y se registró su estructura literal; el juicio semántico permanece separado.	NO	NO	La ejecución produjo un terminal operativo, no evidencia suficiente para cambiar adjudicación; el baseline se conserva.
SEMPROP-2840a9f2d360657b252d9213	SEMRUN-354ccb9dc1023a0bd420d48f	REL-51392f82de7f4c77d1bb75c1	TOBS-SEM-f213b050b725622998750324	data/curacion-registro/ejecucion-semantica/runs/SEMRUN-354ccb9dc1023a0bd420d48f/inputs-inspector/TOBS-SEM-f213b050b725622998750324.json	dc70bd08a5dca403f8fd3722ff9c5f4e4b0fc33dc2e41814ba3421b2528585ed	data/curacion-registro/ejecucion-semantica/runs/SEMRUN-354ccb9dc1023a0bd420d48f/reportes-neutrales/TOBS-SEM-f213b050b725622998750324.json	8011b5a72290e0fec8f7ef782d65669e9763bbd0d5a0370195a872a508343526	data/curacion-registro/ejecucion-semantica/runs/SEMRUN-354ccb9dc1023a0bd420d48f/inputs-curador/TCUR-f213b050b725622998750324.json	019dcf48f1caeaf19e177faaab7f70117e9ba9af9101ffa5a5fafbab963569d5	NO_DETERMINADO	ENBIARE	89f4c3a49c00c0e1ba1f07013e0af10bbc3289fdddc48dde816c37d3da1a742b	4dd527eb25bf9d4ed1047c7956d9ee51f20175361f9404315baae476c057cc76	NO_DETERMINADO	CANDIDATA	EJECUTADA_CON_RESULTADO	Abrir cuestionario/diccionario ENBIARE y localizar texto, codificación y llave del reactivo junto con el desenlace requerido.	b5b88ffc4e5d47a7af72b18249563a58676ecaf4cd51b8068fa3c6f309ad418c	Revisión de equivalencia y codificación antes de parametrizar.	No se propagó el estado general de la necesidad; requiere evidencia fuente-específica.	MAIN:forense/matriz-impacto-universal-2026-08-06.md	Propuesta semántica trazable o NO_DETERMINADO con supuesto faltante concreto.	MAIN:canon/glosario-v5_6.md;MAIN:canon/integrador-psicologia-mexicano.md;MAIN:canon/modelo-decision-v4_0.md;MAIN:corpus/reports/Autoridad_y_jerarquía_en_el_México_contemporáneo__anatomía_psicológica_de_un_sistema_dual.md	MAIN:forense/matriz-impacto-universal-2026-08-06.md	Se abrió al menos un objeto de datos/documentación y se registró su estructura literal; el juicio semántico permanece separado.	NO	NO	La ejecución produjo un terminal operativo, no evidencia suficiente para cambiar adjudicación; el baseline se conserva.
SEMPROP-d85cff358f476e1ecca6a7c8	SEMRUN-354ccb9dc1023a0bd420d48f	REL-523fe941f36eef5710d093ee	TOBS-SEM-a9edca79cbbcf8cfad02064f	data/curacion-registro/ejecucion-semantica/runs/SEMRUN-354ccb9dc1023a0bd420d48f/inputs-inspector/TOBS-SEM-a9edca79cbbcf8cfad02064f.json	bea71ae2342d086ad061a9dc6c9630a6d741ccda89b94d477e01ef8157699b1f	data/curacion-registro/ejecucion-semantica/runs/SEMRUN-354ccb9dc1023a0bd420d48f/reportes-neutrales/TOBS-SEM-a9edca79cbbcf8cfad02064f.json	1a038dad7c20f315a3e8203176c6dcaf881778912f838b65f6e131d3511be39c	data/curacion-registro/ejecucion-semantica/runs/SEMRUN-354ccb9dc1023a0bd420d48f/inputs-curador/TCUR-a9edca79cbbcf8cfad02064f.json	5fb76910cabcce64ba17644255f92268c287b41cfb67ea35ecb41ad749946f89	NO_DETERMINADO	SIN_CANDIDATO_IDENTIFICADO	89f4c3a49c00c0e1ba1f07013e0af10bbc3289fdddc48dde816c37d3da1a742b	4dd527eb25bf9d4ed1047c7956d9ee51f20175361f9404315baae476c057cc76	NO_DETERMINADO	CANDIDATA	FUENTE_ABIERTA_SIN_OBJETO_REQUERIDO	Requiere futura búsqueda dirigida autorizada.	faf1d6acd679ac3cf9afec8639e9d318a201dee9ae292d961781f44fc4b310dd	Revisión de equivalencia y codificación antes de parametrizar.	No se propagó el estado general de la necesidad; requiere evidencia fuente-específica.	MAIN:forense/REVERIFICACION-DEMANDA-vs-UNIVERSO-2026-08-07-v1_0.md	Propuesta semántica trazable o NO_DETERMINADO con supuesto faltante concreto.	MAIN:canon/estado-programa-v1_10.md;MAIN:forense/REVERIFICACION-DEMANDA-vs-UNIVERSO-2026-08-07-v1_0.md;MAIN:forense/cruce-catalogo-fichas-v1_0.md;MAIN:forense/cruce-catalogo-fichas-v2_0.md	MAIN:forense/REVERIFICACION-DEMANDA-vs-UNIVERSO-2026-08-07-v1_0.md	Se abrió la fuente/referencia, pero no un objeto que cierre literalmente la acción individual; usar la receta y frontera registradas.	NO	NO	La ejecución produjo un terminal operativo, no evidencia suficiente para cambiar adjudicación; el baseline se conserva.
SEMPROP-ce1a291dc9503f6535f02574	SEMRUN-354ccb9dc1023a0bd420d48f	REL-57df012cdba3e281563c1068	TOBS-SEM-73762680650393d6318e0fc7	data/curacion-registro/ejecucion-semantica/runs/SEMRUN-354ccb9dc1023a0bd420d48f/inputs-inspector/TOBS-SEM-73762680650393d6318e0fc7.json	7b4c35d9596ab72fdf1947e06ee33c01a63eab886bf21d1ba7effe7f1c525763	data/curacion-registro/ejecucion-semantica/runs/SEMRUN-354ccb9dc1023a0bd420d48f/reportes-neutrales/TOBS-SEM-73762680650393d6318e0fc7.json	8f8a3f6379a3ccd7b2d10a8b3c8460a4f1054830077fdb77d874554a823538a8	data/curacion-registro/ejecucion-semantica/runs/SEMRUN-354ccb9dc1023a0bd420d48f/inputs-curador/TCUR-73762680650393d6318e0fc7.json	181588e64e1e73cda2e91e0455a19ee376c91dafea6e4871ca3b6d417914000b	NO_DETERMINADO	WVS	89f4c3a49c00c0e1ba1f07013e0af10bbc3289fdddc48dde816c37d3da1a742b	4dd527eb25bf9d4ed1047c7956d9ee51f20175361f9404315baae476c057cc76	NO_DETERMINADO	CANDIDATA	FUENTE_ABIERTA_SIN_OBJETO_REQUERIDO	Abrir cuestionario y codebook Wave 7 México; localizar reactivo, codificación y desenlace coobservado.	833bafb3e73736976b1c32e34ee3f932173db62df98d8ae6609255ee613e1873	Revisión de equivalencia y codificación antes de parametrizar.	Escala/diseño/universo:	MAIN:data/mapa-ext-general-2026-08-06.tsv:L17	EVIDENCIA_LOCALIZADA, NO_ACCESIBLE, NO_DETERMINADO o SIN_RUTA_VIABLE_ACTUAL tras máximo dos intentos.	MAIN:data/mapa-ext-general-2026-08-06.tsv:L17	MAIN:data/mapa-ext-general-2026-08-06.tsv:L17	Se abrió la fuente/referencia, pero no un objeto que cierre literalmente la acción individual; usar la receta y frontera registradas.	NO	NO	La ejecución produjo un terminal operativo, no evidencia suficiente para cambiar adjudicación; el baseline se conserva.
SEMPROP-a5e096f6656ab39b659ad127	SEMRUN-354ccb9dc1023a0bd420d48f	REL-5fc50aa3d056d5b63f4e18df	TOBS-SEM-918e2e1c7a883fc1511d7cb1	data/curacion-registro/ejecucion-semantica/runs/SEMRUN-354ccb9dc1023a0bd420d48f/inputs-inspector/TOBS-SEM-918e2e1c7a883fc1511d7cb1.json	e8aef31c533e97625ea8854e0e67100bf00360e481f9c33b90a2f8a05d1027c0	data/curacion-registro/ejecucion-semantica/runs/SEMRUN-354ccb9dc1023a0bd420d48f/reportes-neutrales/TOBS-SEM-918e2e1c7a883fc1511d7cb1.json	fea2188f00d55e0fded176316f0ec7db78e72fb23b5d8faba4e2302c021f5103	data/curacion-registro/ejecucion-semantica/runs/SEMRUN-354ccb9dc1023a0bd420d48f/inputs-curador/TCUR-918e2e1c7a883fc1511d7cb1.json	531af1cc4b7cc6594f7cb7a9297948b1c044f42b8c7cd1f2e3829f9176f3dd9d	NO_DETERMINADO	OECD	89f4c3a49c00c0e1ba1f07013e0af10bbc3289fdddc48dde816c37d3da1a742b	4dd527eb25bf9d4ed1047c7956d9ee51f20175361f9404315baae476c057cc76	NO_DETERMINADO	CANDIDATA	NO_ALCANZO_TRAS_INTENTOS	Abrir cuestionario/tabla.	149460b64960dd1c2008af72df763b5514927a4fb7de9d44b98524316a265ff5	Revisión de equivalencia y codificación antes de parametrizar.	Escala/diseño/universo:	MAIN:data/mapa-ext-general-2026-08-06.tsv:L11	EVIDENCIA_LOCALIZADA, NO_ACCESIBLE, NO_DETERMINADO o SIN_RUTA_VIABLE_ACTUAL tras máximo dos intentos.	MAIN:data/mapa-ext-general-2026-08-06.tsv:L11	MAIN:data/mapa-ext-general-2026-08-06.tsv:L11	Los intentos reales terminaron sin HTTP 2xx; continuar solo con acceso alternativo autorizado o localizador corregido.	NO	NO	La ejecución produjo un terminal operativo, no evidencia suficiente para cambiar adjudicación; el baseline se conserva.
SEMPROP-f0d041590a0717bfed45cdc5	SEMRUN-354ccb9dc1023a0bd420d48f	REL-60e9df4e4ea6f51ca6e4ddc0	TOBS-SEM-5dd856c07993ba83027a0a02	data/curacion-registro/ejecucion-semantica/runs/SEMRUN-354ccb9dc1023a0bd420d48f/inputs-inspector/TOBS-SEM-5dd856c07993ba83027a0a02.json	891d53a1a617b0e91e1669a59dff46275b7d5baff8d1c46dc1fed473bea79b99	data/curacion-registro/ejecucion-semantica/runs/SEMRUN-354ccb9dc1023a0bd420d48f/reportes-neutrales/TOBS-SEM-5dd856c07993ba83027a0a02.json	855f7d34aa60ec8aafb38261b0424b9d62113e9a89b2ac04daca97ee97c852aa	data/curacion-registro/ejecucion-semantica/runs/SEMRUN-354ccb9dc1023a0bd420d48f/inputs-curador/TCUR-5dd856c07993ba83027a0a02.json	89cef2699e4c75f7b1a779d4f8c53c2976673b8392d98641970cbf1dce8b4b84	NO_DETERMINADO	ENCIG	89f4c3a49c00c0e1ba1f07013e0af10bbc3289fdddc48dde816c37d3da1a742b	4dd527eb25bf9d4ed1047c7956d9ee51f20175361f9404315baae476c057cc76	NO_DETERMINADO	CANDIDATA	EJECUTADA_CON_RESULTADO	Abrir diccionario/cuestionario ENCIG local y registrar variables, tabla, llave de unión y universo aplicable a esta necesidad.	d5daa38d61c25b511dcd49677d79575b6bf9a0bd05f6d6564d0a5ad22a9ec629	Revisión de equivalencia y codificación antes de parametrizar.	No se propagó el estado general de la necesidad; requiere evidencia fuente-específica.	MAIN:canon/gobernanza-v1_15.md;MAIN:canon/integrador-psicologia-mexicano.md;MAIN:canon/modelo-decision-v4_0.md;MAIN:corpus/reports/El_Mexicano_y_el_Tiempo__Estructura__no_Cultura__en_la_Planeación_y_el_Compromiso_Temporal.md	Propuesta semántica trazable o NO_DETERMINADO con supuesto faltante concreto.	MAIN:canon/gobernanza-v1_15.md;MAIN:canon/integrador-psicologia-mexicano.md;MAIN:canon/modelo-decision-v4_0.md;MAIN:corpus/reports/El_Mexicano_y_el_Tiempo__Estructura__no_Cultura__en_la_Planeación_y_el_Compromiso_Temporal.md	MAIN:canon/gobernanza-v1_15.md;MAIN:canon/integrador-psicologia-mexicano.md;MAIN:canon/modelo-decision-v4_0.md;MAIN:corpus/reports/El_Mexicano_y_el_Tiempo__Estructura__no_Cultura__en_la_Planeación_y_el_Compromiso_Temporal.md	Se abrió al menos un objeto de datos/documentación y se registró su estructura literal; el juicio semántico permanece separado.	NO	NO	La ejecución produjo un terminal operativo, no evidencia suficiente para cambiar adjudicación; el baseline se conserva.
SEMPROP-1a717a84be49cedf71a00c04	SEMRUN-354ccb9dc1023a0bd420d48f	REL-62c97ccb92d0e95c8120d776	TOBS-SEM-36e732ff898e0056c2afff36	data/curacion-registro/ejecucion-semantica/runs/SEMRUN-354ccb9dc1023a0bd420d48f/inputs-inspector/TOBS-SEM-36e732ff898e0056c2afff36.json	59726b754d46dd7ce7682c9100e274654f474b358b44cdde8f4683f902372c1b	data/curacion-registro/ejecucion-semantica/runs/SEMRUN-354ccb9dc1023a0bd420d48f/reportes-neutrales/TOBS-SEM-36e732ff898e0056c2afff36.json	0623e9abe7914501f3241d0452947ec2d2c7334ce7792f740f0fc223fec24e00	data/curacion-registro/ejecucion-semantica/runs/SEMRUN-354ccb9dc1023a0bd420d48f/inputs-curador/TCUR-36e732ff898e0056c2afff36.json	4ae5fddef1957675c984e0eca968890e96ae6b2c12b885f01dc13efbafa9a611	NO_DETERMINADO	ISSP	89f4c3a49c00c0e1ba1f07013e0af10bbc3289fdddc48dde816c37d3da1a742b	4dd527eb25bf9d4ed1047c7956d9ee51f20175361f9404315baae476c057cc76	NO_DETERMINADO	CANDIDATA	EJECUTADA_CON_RESULTADO	Abrir módulo exacto.	e423a1430632895bb40c42482d7a5b0d670b5b140f2d4ba753c25c2d0b188a93	Revisión de equivalencia y codificación antes de parametrizar.	Escala/diseño/universo:	MAIN:data/mapa-ext-general-2026-08-06.tsv:L5	EVIDENCIA_LOCALIZADA, NO_ACCESIBLE, NO_DETERMINADO o SIN_RUTA_VIABLE_ACTUAL tras máximo dos intentos.	MAIN:data/mapa-ext-general-2026-08-06.tsv:L5	MAIN:data/mapa-ext-general-2026-08-06.tsv:L5	Se abrió al menos un objeto de datos/documentación y se registró su estructura literal; el juicio semántico permanece separado.	NO	NO	La ejecución produjo un terminal operativo, no evidencia suficiente para cambiar adjudicación; el baseline se conserva.
SEMPROP-42a646b73adb3647408181bc	SEMRUN-354ccb9dc1023a0bd420d48f	REL-63835b1a27c62356495d6104	TOBS-SEM-da477e71608689e463ddf79b	data/curacion-registro/ejecucion-semantica/runs/SEMRUN-354ccb9dc1023a0bd420d48f/inputs-inspector/TOBS-SEM-da477e71608689e463ddf79b.json	16d87b51c471f35fccd134796f400a0d822a7db2fc94b906de24b802f2588fe9	data/curacion-registro/ejecucion-semantica/runs/SEMRUN-354ccb9dc1023a0bd420d48f/reportes-neutrales/TOBS-SEM-da477e71608689e463ddf79b.json	59a753ba5a6bdbf813ce0881d09b1ab4c235eaa0f4e1d5a2f2853acdda3bcca0	data/curacion-registro/ejecucion-semantica/runs/SEMRUN-354ccb9dc1023a0bd420d48f/inputs-curador/TCUR-da477e71608689e463ddf79b.json	af72fa8ccabdbcaac2fe26c4f54248caa516e380277f2de30a18d609742c33de	NO_DETERMINADO	ENCUESTA_ANUAL_DE_COMPETENCIAS_FINANCIERAS_DE_LA_POBLACION	89f4c3a49c00c0e1ba1f07013e0af10bbc3289fdddc48dde816c37d3da1a742b	4dd527eb25bf9d4ed1047c7956d9ee51f20175361f9404315baae476c057cc76	NO_DETERMINADO	CANDIDATA	FUENTE_ABIERTA_SIN_OBJETO_REQUERIDO	Abrir manual y microdato del año objetivo; verificar texto, codificación, comparabilidad y desenlace coobservado.	62c1b6a0763e040f43017c9ae2e9950ac395e6a86e930b4ba390a3253dfbb302	Revisión de equivalencia y codificación antes de parametrizar.	Escala/diseño/universo:	MAIN:data/mapa-ext-general-2026-08-06.tsv:L2	EVIDENCIA_LOCALIZADA, NO_ACCESIBLE, NO_DETERMINADO o SIN_RUTA_VIABLE_ACTUAL tras máximo dos intentos.	MAIN:data/mapa-ext-general-2026-08-06.tsv:L2	MAIN:data/mapa-ext-general-2026-08-06.tsv:L2	Se abrió la fuente/referencia, pero no un objeto que cierre literalmente la acción individual; usar la receta y frontera registradas.	NO	NO	La ejecución produjo un terminal operativo, no evidencia suficiente para cambiar adjudicación; el baseline se conserva.
SEMPROP-ce44724d0dc858b4294c0781	SEMRUN-354ccb9dc1023a0bd420d48f	REL-641a2435b0e68b2049b73d72	TOBS-SEM-d3ea14e2ea500ec0e97250e2	data/curacion-registro/ejecucion-semantica/runs/SEMRUN-354ccb9dc1023a0bd420d48f/inputs-inspector/TOBS-SEM-d3ea14e2ea500ec0e97250e2.json	e11d9b9dd4402825c20fb86d0db0ee20f5c132f989b0409ff4b32e13d4f36e1c	data/curacion-registro/ejecucion-semantica/runs/SEMRUN-354ccb9dc1023a0bd420d48f/reportes-neutrales/TOBS-SEM-d3ea14e2ea500ec0e97250e2.json	bde6de91f771aaaae836611d20281304dd593409ee44be91ba1e06fc8e89c989	data/curacion-registro/ejecucion-semantica/runs/SEMRUN-354ccb9dc1023a0bd420d48f/inputs-curador/TCUR-d3ea14e2ea500ec0e97250e2.json	0eb66aca60430cae917c0fcbf4af3f7ba0b00bcb53380d6af62a50118edac44a	NO_DETERMINADO	ENSAFI	89f4c3a49c00c0e1ba1f07013e0af10bbc3289fdddc48dde816c37d3da1a742b	4dd527eb25bf9d4ed1047c7956d9ee51f20175361f9404315baae476c057cc76	NO_DETERMINADO	CANDIDATA	EJECUTADA_CON_RESULTADO	Obtener diccionario oficial y desenlace conjunto.	6a6c1c81436cf35ae22fb7518560d973171724707fdb3eff0e37277c87a8a9a3	Revisión de equivalencia y codificación antes de parametrizar.	No se propagó el estado general de la necesidad; requiere evidencia fuente-específica.	MAIN:data/abrir4-variables-2026-08-08.tsv:L3	Propuesta semántica trazable o NO_DETERMINADO con supuesto faltante concreto.	MAIN:canon/estado-programa-v1_10.md;MAIN:canon/glosario-v5_6.md;MAIN:canon/gobernanza-v1_15.md;MAIN:canon/integrador-psicologia-mexicano.md	MAIN:data/abrir4-variables-2026-08-08.tsv:L3	Se abrió al menos un objeto de datos/documentación y se registró su estructura literal; el juicio semántico permanece separado.	NO	NO	La ejecución produjo un terminal operativo, no evidencia suficiente para cambiar adjudicación; el baseline se conserva.
SEMPROP-359146b433ac46061e7c9e94	SEMRUN-354ccb9dc1023a0bd420d48f	REL-655887a6745e8a139387cc90	TOBS-SEM-56558d4355e63c4579b58939	data/curacion-registro/ejecucion-semantica/runs/SEMRUN-354ccb9dc1023a0bd420d48f/inputs-inspector/TOBS-SEM-56558d4355e63c4579b58939.json	71e92e85bf88a1f97ec56ff40801d381ed26ecc0db6dcd04796eecae0ba2ef9f	data/curacion-registro/ejecucion-semantica/runs/SEMRUN-354ccb9dc1023a0bd420d48f/reportes-neutrales/TOBS-SEM-56558d4355e63c4579b58939.json	d45560b2e977a38d2974af399f158ef1672eb7620ca14903e0723a95d35a9e0d	data/curacion-registro/ejecucion-semantica/runs/SEMRUN-354ccb9dc1023a0bd420d48f/inputs-curador/TCUR-56558d4355e63c4579b58939.json	65aa147ce8b0f8fd8b193c8364f9064eb3b4e5674eb7334f0f496ab9d220c649	NO_DETERMINADO	GPS	89f4c3a49c00c0e1ba1f07013e0af10bbc3289fdddc48dde816c37d3da1a742b	4dd527eb25bf9d4ed1047c7956d9ee51f20175361f9404315baae476c057cc76	ESCALAR	CANDIDATA	REQUIERE_DECISION_HUMANA	Obtener autorización de licencia y abrir codebook/archivo México; localizar el par reactivo–desenlace exacto.	84d803994434985f361bc6efc9f311d9e27f320c7dab31f804d9296fb4f4a7ba	Revisión de equivalencia y codificación antes de parametrizar.	Escala/diseño/universo:	MAIN:data/mapa-ext-general-2026-08-06.tsv:L3	EVIDENCIA_LOCALIZADA, NO_ACCESIBLE, NO_DETERMINADO o SIN_RUTA_VIABLE_ACTUAL tras máximo dos intentos.	MAIN:data/mapa-ext-general-2026-08-06.tsv:L3	MAIN:data/mapa-ext-general-2026-08-06.tsv:L3	La acción exige autorización/licencia y no apareció un objeto descargable abierto en los intentos permitidos.	NO	NO	La ejecución produjo un terminal operativo, no evidencia suficiente para cambiar adjudicación; el baseline se conserva.
SEMPROP-b1e4442431cdecee9822c802	SEMRUN-354ccb9dc1023a0bd420d48f	REL-6b52ae9ea4b72a9f27f01260	TOBS-SEM-3669535243e9ee318df0502f	data/curacion-registro/ejecucion-semantica/runs/SEMRUN-354ccb9dc1023a0bd420d48f/inputs-inspector/TOBS-SEM-3669535243e9ee318df0502f.json	ee36ea6441232c1f0a5fe303c3317037434f4255aac7f5b4867e762ac85ba228	data/curacion-registro/ejecucion-semantica/runs/SEMRUN-354ccb9dc1023a0bd420d48f/reportes-neutrales/TOBS-SEM-3669535243e9ee318df0502f.json	7f85707514db90127bac6938bf2d538acc1e3e39a14408cdda4d3612351fb737	data/curacion-registro/ejecucion-semantica/runs/SEMRUN-354ccb9dc1023a0bd420d48f/inputs-curador/TCUR-3669535243e9ee318df0502f.json	44b46afcd9eef13a70e9864086514a2199cd2055632a8d4224f5b4940db3be50	NO_DETERMINADO	ENFIH	89f4c3a49c00c0e1ba1f07013e0af10bbc3289fdddc48dde816c37d3da1a742b	4dd527eb25bf9d4ed1047c7956d9ee51f20175361f9404315baae476c057cc76	NO_DETERMINADO	CANDIDATA	EJECUTADA_CON_RESULTADO	Abrir el diccionario ENFIH y construir una tabla variable×constructo×desenlace para esta necesidad; verificar coobservación por llave de persona.	eba3e0df63b8ce6ed4d6ac7d49ae306643848764635e477c17ceebb3784f12b9	Revisión de equivalencia y codificación antes de parametrizar.	No se propagó el estado general de la necesidad; requiere evidencia fuente-específica.	MAIN:data/abrir4-variables-2026-08-08.tsv	Propuesta semántica trazable o NO_DETERMINADO con supuesto faltante concreto.	MAIN:canon/glosario-v5_6.md;MAIN:canon/gobernanza-v1_15.md;MAIN:canon/modelo-decision-v4_0.md;MAIN:corpus/reports/La_familia_mexicana_como_sistema_psicológico__entre_el_afecto__la_obligación_y_la_adaptación_económica.md	MAIN:data/abrir4-variables-2026-08-08.tsv	Se abrió al menos un objeto de datos/documentación y se registró su estructura literal; el juicio semántico permanece separado.	NO	NO	La ejecución produjo un terminal operativo, no evidencia suficiente para cambiar adjudicación; el baseline se conserva.
SEMPROP-ca4ecc6b8f7dbb7e4f3faa40	SEMRUN-354ccb9dc1023a0bd420d48f	REL-6b71873b3adacde57117ad99	TOBS-SEM-18fb14c88e975967dd37fe89	data/curacion-registro/ejecucion-semantica/runs/SEMRUN-354ccb9dc1023a0bd420d48f/inputs-inspector/TOBS-SEM-18fb14c88e975967dd37fe89.json	83f71d6cf58c0c855e80fdf8fc80ca23853cdc06bd7eb38d7adc2de022ba88ac	data/curacion-registro/ejecucion-semantica/runs/SEMRUN-354ccb9dc1023a0bd420d48f/reportes-neutrales/TOBS-SEM-18fb14c88e975967dd37fe89.json	9024f5821dfff256be89e689e1d9a8136b73c813d3cd432789a58f84417f43ae	data/curacion-registro/ejecucion-semantica/runs/SEMRUN-354ccb9dc1023a0bd420d48f/inputs-curador/TCUR-18fb14c88e975967dd37fe89.json	91add8560b86e9eb3149d46aadaabecf3f911db9e4f5d400678fb19a8ff370e8	NO_DETERMINADO	ISSP	89f4c3a49c00c0e1ba1f07013e0af10bbc3289fdddc48dde816c37d3da1a742b	4dd527eb25bf9d4ed1047c7956d9ee51f20175361f9404315baae476c057cc76	NO_DETERMINADO	CANDIDATA	FUENTE_ABIERTA_SIN_OBJETO_REQUERIDO	Buscar reactivo literal.	75e75094ff8351f483de64b9d69b4e8ff3b39b79f81342c9aaf86bded7bcc378	Revisión de equivalencia y codificación antes de parametrizar.	Escala/diseño/universo:	MAIN:data/mapa-ext-general-2026-08-06.tsv:L15	EVIDENCIA_LOCALIZADA, NO_ACCESIBLE, NO_DETERMINADO o SIN_RUTA_VIABLE_ACTUAL tras máximo dos intentos.	MAIN:data/mapa-ext-general-2026-08-06.tsv:L15	MAIN:data/mapa-ext-general-2026-08-06.tsv:L15	Se abrió la fuente/referencia, pero no un objeto que cierre literalmente la acción individual; usar la receta y frontera registradas.	NO	NO	La ejecución produjo un terminal operativo, no evidencia suficiente para cambiar adjudicación; el baseline se conserva.
SEMPROP-55d6b5581baeed91943208d5	SEMRUN-354ccb9dc1023a0bd420d48f	REL-6c15fdac77dea33175ef25c5	TOBS-SEM-c0927d0bea2dd6d259ba948c	data/curacion-registro/ejecucion-semantica/runs/SEMRUN-354ccb9dc1023a0bd420d48f/inputs-inspector/TOBS-SEM-c0927d0bea2dd6d259ba948c.json	6d14c16ff74bab3272c83dfeac6f6f69555977f4a3ff943bc172fc0f514dea75	data/curacion-registro/ejecucion-semantica/runs/SEMRUN-354ccb9dc1023a0bd420d48f/reportes-neutrales/TOBS-SEM-c0927d0bea2dd6d259ba948c.json	9753e924d9a7b2eb868f2848cc1189e2c6c703cc10fd5c3d275948e774aadd87	data/curacion-registro/ejecucion-semantica/runs/SEMRUN-354ccb9dc1023a0bd420d48f/inputs-curador/TCUR-c0927d0bea2dd6d259ba948c.json	e424d15dabbedf82ffd0e37841f792f8fb95b811e5ce61e71d3a8dd5c4426071	NO_DETERMINADO	BASE_DE_EVENTOS_DE_PROTESTA_EN_MEXICO	89f4c3a49c00c0e1ba1f07013e0af10bbc3289fdddc48dde816c37d3da1a742b	4dd527eb25bf9d4ed1047c7956d9ee51f20175361f9404315baae476c057cc76	ESCALAR	CANDIDATA	REQUIERE_DECISION_HUMANA	Solicitar acceso puntual a la base y codebook; verificar fecha, actor, demanda, respuesta y geografía.	5959cee8bc9642cb0cf5571465361b738b08980458072b68fc90cd27b822a834	Revisión de equivalencia y codificación antes de parametrizar.	Escala/diseño/universo:	MAIN:data/mapa-fuentes-externas-consolidado-2026-08-06.tsv:L27	EVIDENCIA_LOCALIZADA, NO_ACCESIBLE, NO_DETERMINADO o SIN_RUTA_VIABLE_ACTUAL tras máximo dos intentos.	MAIN:data/mapa-fuentes-externas-consolidado-2026-08-06.tsv:L27	MAIN:data/mapa-fuentes-externas-consolidado-2026-08-06.tsv:L27	La acción exige autorización/licencia y no apareció un objeto descargable abierto en los intentos permitidos.	NO	NO	La ejecución produjo un terminal operativo, no evidencia suficiente para cambiar adjudicación; el baseline se conserva.
SEMPROP-f0865a072fe056ba1e5f5f08	SEMRUN-354ccb9dc1023a0bd420d48f	REL-6c97fe0c5cb528557054a838	TOBS-SEM-7baf662ad8ba364c5ad5f3f8	data/curacion-registro/ejecucion-semantica/runs/SEMRUN-354ccb9dc1023a0bd420d48f/inputs-inspector/TOBS-SEM-7baf662ad8ba364c5ad5f3f8.json	cd7d8cc75b04e17d245d97db86bc82084ecb5e480905f1e0cda53cb7d54cb130	data/curacion-registro/ejecucion-semantica/runs/SEMRUN-354ccb9dc1023a0bd420d48f/reportes-neutrales/TOBS-SEM-7baf662ad8ba364c5ad5f3f8.json	0a7ef1c4c77c690658abfb3b66fe3601322340f77039190164eeb7eeeaf41baa	data/curacion-registro/ejecucion-semantica/runs/SEMRUN-354ccb9dc1023a0bd420d48f/inputs-curador/TCUR-7baf662ad8ba364c5ad5f3f8.json	3078ed024f9f60e9b992abb03eb28dbf50b5ea798a147a9016f8ce542e58a4bf	NO_DETERMINADO	MICROCREDIT_IMPACTS_RANDOMIZED_MICROCREDIT_PROGRAM_PLACEMENT_EXP	89f4c3a49c00c0e1ba1f07013e0af10bbc3289fdddc48dde816c37d3da1a742b	4dd527eb25bf9d4ed1047c7956d9ee51f20175361f9404315baae476c057cc76	NO_DETERMINADO	CANDIDATA	NO_ALCANZO_TRAS_INTENTOS	Abrir codebook OpenICPSR y buscar el reactivo exacto de sensibilidad de estatus; no inferirlo desde gasto o bienestar.	397de622b167039c173f6e081d5412070ab9a9f2cfcf551626215adad0479a20	Revisión de equivalencia y codificación antes de parametrizar.	Escala/diseño/universo:	MAIN:data/mapa-ext-academico-2026-08-06.tsv:L4	EVIDENCIA_LOCALIZADA, NO_ACCESIBLE, NO_DETERMINADO o SIN_RUTA_VIABLE_ACTUAL tras máximo dos intentos.	MAIN:data/mapa-ext-academico-2026-08-06.tsv:L4	MAIN:data/mapa-ext-academico-2026-08-06.tsv:L4	Los intentos reales terminaron sin HTTP 2xx; continuar solo con acceso alternativo autorizado o localizador corregido.	NO	NO	La ejecución produjo un terminal operativo, no evidencia suficiente para cambiar adjudicación; el baseline se conserva.
SEMPROP-697986130ab499bc79ea6dee	SEMRUN-354ccb9dc1023a0bd420d48f	REL-6cd9055fa1486b7f8c8c5efa	TOBS-SEM-dcdbf02c7a18e231c556dca2	data/curacion-registro/ejecucion-semantica/runs/SEMRUN-354ccb9dc1023a0bd420d48f/inputs-inspector/TOBS-SEM-dcdbf02c7a18e231c556dca2.json	5d1142ce81dc2de72d0d653f72bfa5aa85a7b7ed5b455a318f1c0214e86c4848	data/curacion-registro/ejecucion-semantica/runs/SEMRUN-354ccb9dc1023a0bd420d48f/reportes-neutrales/TOBS-SEM-dcdbf02c7a18e231c556dca2.json	aac37e6a9623362982ab58452ab73eb16709e1327b9a0d1559b54f0cec308db3	data/curacion-registro/ejecucion-semantica/runs/SEMRUN-354ccb9dc1023a0bd420d48f/inputs-curador/TCUR-dcdbf02c7a18e231c556dca2.json	7f4bd38f497f80dcf144f0f8f51c01dfcec6acc9f13d96aea450e72ae85a6a8f	NO_DETERMINADO	FABLE	89f4c3a49c00c0e1ba1f07013e0af10bbc3289fdddc48dde816c37d3da1a742b	4dd527eb25bf9d4ed1047c7956d9ee51f20175361f9404315baae476c057cc76	NO_DETERMINADO	CANDIDATA	FUENTE_ABIERTA_SIN_OBJETO_REQUERIDO	Identificar instrumento exacto.	093540b960f0a6fcf2e3ba3cdb1fc249ade6bc56e87e5c562fc6b3acc1bb5ac6	Revisión de equivalencia y codificación antes de parametrizar.	No se propagó el estado general de la necesidad; requiere evidencia fuente-específica.	MAIN:canon/modelo-decision-v4_0.md	Propuesta semántica trazable o NO_DETERMINADO con supuesto faltante concreto.	MAIN:canon/gobernanza-v1_15.md;MAIN:canon/modelo-decision-v4_0.md;MAIN:corpus/reports/El_Mexicano_y_el_Tiempo__Estructura__no_Cultura__en_la_Planeación_y_el_Compromiso_Temporal.md;MAIN:corpus/reports/Health__Body__Food_and_Substance_Use_in_Mexico__The_Behavioral_Layer_of_Decisions__Environment_and_Structure.md	MAIN:canon/modelo-decision-v4_0.md	Se abrió la fuente/referencia, pero no un objeto que cierre literalmente la acción individual; usar la receta y frontera registradas.	NO	NO	La ejecución produjo un terminal operativo, no evidencia suficiente para cambiar adjudicación; el baseline se conserva.
SEMPROP-656c411e5e5d9f82ea1c9dd5	SEMRUN-354ccb9dc1023a0bd420d48f	REL-6e785044dd97d2658a495bb2	TOBS-SEM-0e6bc94a16c16135d25ea664	data/curacion-registro/ejecucion-semantica/runs/SEMRUN-354ccb9dc1023a0bd420d48f/inputs-inspector/TOBS-SEM-0e6bc94a16c16135d25ea664.json	b4aa25a0a105a599c98bcae6d6b8521b7e8c3bb2b91c3cc18f9d4cb048fc8c5d	data/curacion-registro/ejecucion-semantica/runs/SEMRUN-354ccb9dc1023a0bd420d48f/reportes-neutrales/TOBS-SEM-0e6bc94a16c16135d25ea664.json	ee8ece5d88368cbbc160877756af9b322d8793c68e7476072a10bd7bc9daabc3	data/curacion-registro/ejecucion-semantica/runs/SEMRUN-354ccb9dc1023a0bd420d48f/inputs-curador/TCUR-0e6bc94a16c16135d25ea664.json	c175dc0fc0cef8dee2d8487614acedc6abcfe9d8a8e7fbe9595fa86587e57049	NO_DETERMINADO	UCDP	89f4c3a49c00c0e1ba1f07013e0af10bbc3289fdddc48dde816c37d3da1a742b	4dd527eb25bf9d4ed1047c7956d9ee51f20175361f9404315baae476c057cc76	NO_DETERMINADO	CANDIDATA	FUENTE_ABIERTA_SIN_OBJETO_REQUERIDO	Abrir codebook.	cbaa94a86de1c4fec2a241af2976841d29dc2a9bf7f0427dae2b2da32280d080	Revisión de equivalencia y codificación antes de parametrizar.	Escala/diseño/universo:	MAIN:data/mapa-ext-general-2026-08-06.tsv:L14	EVIDENCIA_LOCALIZADA, NO_ACCESIBLE, NO_DETERMINADO o SIN_RUTA_VIABLE_ACTUAL tras máximo dos intentos.	MAIN:data/mapa-ext-general-2026-08-06.tsv:L14	MAIN:data/mapa-ext-general-2026-08-06.tsv:L14	Se abrió la fuente/referencia, pero no un objeto que cierre literalmente la acción individual; usar la receta y frontera registradas.	NO	NO	La ejecución produjo un terminal operativo, no evidencia suficiente para cambiar adjudicación; el baseline se conserva.
SEMPROP-ab363fc17bf4db4f9507c1dd	SEMRUN-354ccb9dc1023a0bd420d48f	REL-6ebc288cb21990e446f70262	TOBS-SEM-922b2e9c3384d6466cc42f93	data/curacion-registro/ejecucion-semantica/runs/SEMRUN-354ccb9dc1023a0bd420d48f/inputs-inspector/TOBS-SEM-922b2e9c3384d6466cc42f93.json	7d22f9d92735a5c5371cf7fc2c23a83e8301e9cf53d79b80f67a11e2a8832f8b	data/curacion-registro/ejecucion-semantica/runs/SEMRUN-354ccb9dc1023a0bd420d48f/reportes-neutrales/TOBS-SEM-922b2e9c3384d6466cc42f93.json	b4f9b2d3e60dc36b4f9e91211ed4ee12e93a9dee103cd215fcae46bdad3e807a	data/curacion-registro/ejecucion-semantica/runs/SEMRUN-354ccb9dc1023a0bd420d48f/inputs-curador/TCUR-922b2e9c3384d6466cc42f93.json	b3ba513e88b7c68d326024392ad7f3f7dd1701bb707e9837a83061228a6d7e3a	NO_DETERMINADO	PUB	89f4c3a49c00c0e1ba1f07013e0af10bbc3289fdddc48dde816c37d3da1a742b	4dd527eb25bf9d4ed1047c7956d9ee51f20175361f9404315baae476c057cc76	NO_DETERMINADO	CANDIDATA	FUENTE_ABIERTA_SIN_OBJETO_REQUERIDO	Localizar el payload oficial concreto del padrón y abrir diccionario/llaves antes de evaluar el vínculo causal o de participación.	2b7ed0e68fb946629d88d0196c0bd1fcd5217f16d9fe5a09a92704a06148ee0d	Revisión de equivalencia y codificación antes de parametrizar.	No se propagó el estado general de la necesidad; requiere evidencia fuente-específica.	MAIN:canon/integrador-psicologia-mexicano.md	Propuesta semántica trazable o NO_DETERMINADO con supuesto faltante concreto.	MAIN:canon/integrador-psicologia-mexicano.md;MAIN:corpus/reports/Non-Family_Social_Capital_in_Mexico__Cooperation__Trust__and_Collective_Action_Beyond_Kinship.md;MAIN:data/censo-raices-2026-08-06.tsv;MAIN:data/cola-ext-general-2026-08-06.tsv	MAIN:canon/integrador-psicologia-mexicano.md	Se abrió la fuente/referencia, pero no un objeto que cierre literalmente la acción individual; usar la receta y frontera registradas.	NO	NO	La ejecución produjo un terminal operativo, no evidencia suficiente para cambiar adjudicación; el baseline se conserva.
SEMPROP-9a5bf066eb8ab57f72b14706	SEMRUN-354ccb9dc1023a0bd420d48f	REL-6f1cef5066c5478632ac5045	TOBS-SEM-2e89e6e8039851500644f86c	data/curacion-registro/ejecucion-semantica/runs/SEMRUN-354ccb9dc1023a0bd420d48f/inputs-inspector/TOBS-SEM-2e89e6e8039851500644f86c.json	c0ab3c652934b383f4427f698638df18e064defd0a5a9fc76b2d87da00ee669b	data/curacion-registro/ejecucion-semantica/runs/SEMRUN-354ccb9dc1023a0bd420d48f/reportes-neutrales/TOBS-SEM-2e89e6e8039851500644f86c.json	463b31075607db9f7647c24929bf8011f7592452921f0ed03085d83706c4a197	data/curacion-registro/ejecucion-semantica/runs/SEMRUN-354ccb9dc1023a0bd420d48f/inputs-curador/TCUR-2e89e6e8039851500644f86c.json	b576514bdea3ea03d5f244c475e32d69ec29aa195af003f6689d6e658a383deb	NO_DETERMINADO	IMSS	89f4c3a49c00c0e1ba1f07013e0af10bbc3289fdddc48dde816c37d3da1a742b	4dd527eb25bf9d4ed1047c7956d9ee51f20175361f9404315baae476c057cc76	NO_DETERMINADO	CANDIDATA	FUENTE_ABIERTA_SIN_OBJETO_REQUERIDO	Resolver a un payload canónico local y abrir tabla/diccionario con unidad, periodo y variables de exposición y desenlace.	d037550cd1426688fd2abdfa16eb77e05f030000d4b29c15b046192bde2e8c55	Revisión de equivalencia y codificación antes de parametrizar.	No se propagó el estado general de la necesidad; requiere evidencia fuente-específica.	MAIN:canon/modelo-decision-v4_0.md;MAIN:corpus/reports/Autoridad_y_jerarquía_en_el_México_contemporáneo__anatomía_psicológica_de_un_sistema_dual.md;MAIN:corpus/reports/Psicología_Política_y_Comportamiento_Cívico_del_Mexicano_Contemporáneo__Una_Lectura_Anti-Esencialista_desde_Abajo__2026_.md;MAIN:forense/cobertura-motor.md	Propuesta semántica trazable o NO_DETERMINADO con supuesto faltante concreto.	MAIN:canon/modelo-decision-v4_0.md;MAIN:corpus/reports/Autoridad_y_jerarquía_en_el_México_contemporáneo__anatomía_psicológica_de_un_sistema_dual.md;MAIN:corpus/reports/Psicología_Política_y_Comportamiento_Cívico_del_Mexicano_Contemporáneo__Una_Lectura_Anti-Esencialista_desde_Abajo__2026_.md;MAIN:forense/cobertura-motor.md	MAIN:canon/modelo-decision-v4_0.md;MAIN:corpus/reports/Autoridad_y_jerarquía_en_el_México_contemporáneo__anatomía_psicológica_de_un_sistema_dual.md;MAIN:corpus/reports/Psicología_Política_y_Comportamiento_Cívico_del_Mexicano_Contemporáneo__Una_Lectura_Anti-Esencialista_desde_Abajo__2026_.md;MAIN:forense/cobertura-motor.md	Se abrió la fuente/referencia, pero no un objeto que cierre literalmente la acción individual; usar la receta y frontera registradas.	NO	NO	La ejecución produjo un terminal operativo, no evidencia suficiente para cambiar adjudicación; el baseline se conserva.
SEMPROP-bfee32383be56bc2ac8a9357	SEMRUN-354ccb9dc1023a0bd420d48f	REL-71d03c31e21a53076736dfd0	TOBS-SEM-2afc594c6bbdaabe79c4052b	data/curacion-registro/ejecucion-semantica/runs/SEMRUN-354ccb9dc1023a0bd420d48f/inputs-inspector/TOBS-SEM-2afc594c6bbdaabe79c4052b.json	b38abe50acdf88710aa22ddb75d6bf9f64344bc5d9afa82ace42d6a3cdc87afc	data/curacion-registro/ejecucion-semantica/runs/SEMRUN-354ccb9dc1023a0bd420d48f/reportes-neutrales/TOBS-SEM-2afc594c6bbdaabe79c4052b.json	6231da52b1e41b6834d36de7d1626884840dfda06a9ca779ab57a0a7a5ce3cd5	data/curacion-registro/ejecucion-semantica/runs/SEMRUN-354ccb9dc1023a0bd420d48f/inputs-curador/TCUR-2afc594c6bbdaabe79c4052b.json	c5ab542ec9eb859215fbde780bebfe1b68dc0d31d1be1fd56de25b5694642852	NO_DETERMINADO	INTERACTING_AS_EQUALS_REDUCES_PARTISAN_POLARIZATION_IN_MEXICO	89f4c3a49c00c0e1ba1f07013e0af10bbc3289fdddc48dde816c37d3da1a742b	4dd527eb25bf9d4ed1047c7956d9ee51f20175361f9404315baae476c057cc76	NO_DETERMINADO	CANDIDATA	FUENTE_ABIERTA_SIN_OBJETO_REQUERIDO	Abrir materiales suplementarios del estudio y localizar variable, tratamiento, resultado y muestra mexicanos pertinentes.	014db8569a22da88dffea08977f3ccd081816f03ec3ffc2a264502859b0796ba	Revisión de equivalencia y codificación antes de parametrizar.	Escala/diseño/universo:	MAIN:data/mapa-ext-academico-2026-08-06.tsv	EVIDENCIA_LOCALIZADA, NO_ACCESIBLE, NO_DETERMINADO o SIN_RUTA_VIABLE_ACTUAL tras máximo dos intentos.	MAIN:data/mapa-fuentes-externas-consolidado-2026-08-06.tsv:L22	MAIN:data/mapa-ext-academico-2026-08-06.tsv	Se abrió la fuente/referencia, pero no un objeto que cierre literalmente la acción individual; usar la receta y frontera registradas.	NO	NO	La ejecución produjo un terminal operativo, no evidencia suficiente para cambiar adjudicación; el baseline se conserva.
SEMPROP-128f1c16679e7183e7395ffe	SEMRUN-354ccb9dc1023a0bd420d48f	REL-72ff714a3ba6d0bab952e05f	TOBS-SEM-ce89bad5829d87356038337d	data/curacion-registro/ejecucion-semantica/runs/SEMRUN-354ccb9dc1023a0bd420d48f/inputs-inspector/TOBS-SEM-ce89bad5829d87356038337d.json	b5f8a118b942e315704ba341ee9003689ece1f5d46fda664ab7f65d9151ec5f4	data/curacion-registro/ejecucion-semantica/runs/SEMRUN-354ccb9dc1023a0bd420d48f/reportes-neutrales/TOBS-SEM-ce89bad5829d87356038337d.json	6e065f96ce9a0216794342c2ffde332216f3f8cc1a2f832586627c0a91c28adb	data/curacion-registro/ejecucion-semantica/runs/SEMRUN-354ccb9dc1023a0bd420d48f/inputs-curador/TCUR-ce89bad5829d87356038337d.json	397c57f3e2547aa336f831e6d6c6920292f660a7d55f3cf8931e789740032934	NO_DETERMINADO	ISSP	89f4c3a49c00c0e1ba1f07013e0af10bbc3289fdddc48dde816c37d3da1a742b	4dd527eb25bf9d4ed1047c7956d9ee51f20175361f9404315baae476c057cc76	NO_DETERMINADO	CANDIDATA	FUENTE_ABIERTA_SIN_OBJETO_REQUERIDO	Obtener codebook México 2017.	1113576c7d15b947d3a981093aebd8038e9c1170fded28b3c5afa935d91edca8	Revisión de equivalencia y codificación antes de parametrizar.	Escala/diseño/universo:	MAIN:data/mapa-ext-academico-2026-08-06.tsv:L8	EVIDENCIA_LOCALIZADA, NO_ACCESIBLE, NO_DETERMINADO o SIN_RUTA_VIABLE_ACTUAL tras máximo dos intentos.	MAIN:data/mapa-ext-academico-2026-08-06.tsv:L8	MAIN:data/mapa-ext-academico-2026-08-06.tsv:L8	Se abrió la fuente/referencia, pero no un objeto que cierre literalmente la acción individual; usar la receta y frontera registradas.	NO	NO	La ejecución produjo un terminal operativo, no evidencia suficiente para cambiar adjudicación; el baseline se conserva.
SEMPROP-e24c67bc11c84ee25d37bd5c	SEMRUN-354ccb9dc1023a0bd420d48f	REL-75b2ff53a19d8058eba2dbb7	TOBS-SEM-0cc2dcc09a88442d3ed6f491	data/curacion-registro/ejecucion-semantica/runs/SEMRUN-354ccb9dc1023a0bd420d48f/inputs-inspector/TOBS-SEM-0cc2dcc09a88442d3ed6f491.json	0d0c91e67c5b919e52f36e35f9ec83843e87d6ad6292ed2dea99dfa87d843bf8	data/curacion-registro/ejecucion-semantica/runs/SEMRUN-354ccb9dc1023a0bd420d48f/reportes-neutrales/TOBS-SEM-0cc2dcc09a88442d3ed6f491.json	8dc35130f1d333983c26655b8aa1dc13f369c168a29a92729e15930ab6a81d5b	data/curacion-registro/ejecucion-semantica/runs/SEMRUN-354ccb9dc1023a0bd420d48f/inputs-curador/TCUR-0cc2dcc09a88442d3ed6f491.json	5160e1f6e09ed09765e00274bff0b0da85a660ac07f442f01e240be94a78f1ac	NO_DETERMINADO	ISSP	89f4c3a49c00c0e1ba1f07013e0af10bbc3289fdddc48dde816c37d3da1a742b	4dd527eb25bf9d4ed1047c7956d9ee51f20175361f9404315baae476c057cc76	NO_DETERMINADO	CANDIDATA	EJECUTADA_CON_RESULTADO	Abrir módulo exacto.	e423a1430632895bb40c42482d7a5b0d670b5b140f2d4ba753c25c2d0b188a93	Revisión de equivalencia y codificación antes de parametrizar.	Escala/diseño/universo:	MAIN:data/mapa-ext-general-2026-08-06.tsv:L5	EVIDENCIA_LOCALIZADA, NO_ACCESIBLE, NO_DETERMINADO o SIN_RUTA_VIABLE_ACTUAL tras máximo dos intentos.	MAIN:data/mapa-ext-general-2026-08-06.tsv:L5	MAIN:data/mapa-ext-general-2026-08-06.tsv:L5	Se abrió al menos un objeto de datos/documentación y se registró su estructura literal; el juicio semántico permanece separado.	NO	NO	La ejecución produjo un terminal operativo, no evidencia suficiente para cambiar adjudicación; el baseline se conserva.
SEMPROP-955a7925d71546e919569436	SEMRUN-354ccb9dc1023a0bd420d48f	REL-75c66af2edc4b79afcb439c3	TOBS-SEM-8efebc75fe46505e8dd50018	data/curacion-registro/ejecucion-semantica/runs/SEMRUN-354ccb9dc1023a0bd420d48f/inputs-inspector/TOBS-SEM-8efebc75fe46505e8dd50018.json	c13b838945e79c5a8b2c2aff5fe39e27ddb129f4486b2646d5d22b38c34c6174	data/curacion-registro/ejecucion-semantica/runs/SEMRUN-354ccb9dc1023a0bd420d48f/reportes-neutrales/TOBS-SEM-8efebc75fe46505e8dd50018.json	64d60672dea14ba2a77c4e29f16130a23c94fca0061ae59c7d1b78fd0dfa724a	data/curacion-registro/ejecucion-semantica/runs/SEMRUN-354ccb9dc1023a0bd420d48f/inputs-curador/TCUR-8efebc75fe46505e8dd50018.json	a5ab960ae662826e630b8cf53f0e367f8fe283cf6622b681543104a3e5d3161f	NO_DETERMINADO	GPS	89f4c3a49c00c0e1ba1f07013e0af10bbc3289fdddc48dde816c37d3da1a742b	4dd527eb25bf9d4ed1047c7956d9ee51f20175361f9404315baae476c057cc76	ESCALAR	CANDIDATA	REQUIERE_DECISION_HUMANA	Obtener autorización de licencia y abrir codebook/archivo México; localizar el par reactivo–desenlace exacto.	84d803994434985f361bc6efc9f311d9e27f320c7dab31f804d9296fb4f4a7ba	Revisión de equivalencia y codificación antes de parametrizar.	Escala/diseño/universo:	MAIN:data/mapa-ext-general-2026-08-06.tsv:L3	EVIDENCIA_LOCALIZADA, NO_ACCESIBLE, NO_DETERMINADO o SIN_RUTA_VIABLE_ACTUAL tras máximo dos intentos.	MAIN:data/mapa-ext-general-2026-08-06.tsv:L3	MAIN:data/mapa-ext-general-2026-08-06.tsv:L3	La acción exige autorización/licencia y no apareció un objeto descargable abierto en los intentos permitidos.	NO	NO	La ejecución produjo un terminal operativo, no evidencia suficiente para cambiar adjudicación; el baseline se conserva.
SEMPROP-6eb95b5057506b88780b4637	SEMRUN-354ccb9dc1023a0bd420d48f	REL-75de72336ada4a506a3b5476	TOBS-SEM-96ba340533699c6b8c558b4e	data/curacion-registro/ejecucion-semantica/runs/SEMRUN-354ccb9dc1023a0bd420d48f/inputs-inspector/TOBS-SEM-96ba340533699c6b8c558b4e.json	eab9536c46ec02edda1f3d40399f0893500b86e9890d9682f0128afc9298ef50	data/curacion-registro/ejecucion-semantica/runs/SEMRUN-354ccb9dc1023a0bd420d48f/reportes-neutrales/TOBS-SEM-96ba340533699c6b8c558b4e.json	a5cfc4e47e1effe8b718bd8e432ac76c9555b57d4cf1057d6d896127b4090f03	data/curacion-registro/ejecucion-semantica/runs/SEMRUN-354ccb9dc1023a0bd420d48f/inputs-curador/TCUR-96ba340533699c6b8c558b4e.json	68100bd7d18f6ee87d27cf1e8c8cfefc236fdca7b2099b3dccf2421bd4f88f7f	NO_DETERMINADO	BIARE	89f4c3a49c00c0e1ba1f07013e0af10bbc3289fdddc48dde816c37d3da1a742b	4dd527eb25bf9d4ed1047c7956d9ee51f20175361f9404315baae476c057cc76	NO_DETERMINADO	CANDIDATA	FUENTE_ABIERTA_SIN_OBJETO_REQUERIDO	Resolver BIARE/ENBIARE.	cf539b3df598e43e6e5cc68a2a217c548ddefffc5a38ca9fb6e2655722f39ab1	Revisión de equivalencia y codificación antes de parametrizar.	No se propagó el estado general de la necesidad; requiere evidencia fuente-específica.	MAIN:canon/modelo-decision-v4_0.md	Propuesta semántica trazable o NO_DETERMINADO con supuesto faltante concreto.	MAIN:canon/estado-programa-v1_10.md;MAIN:canon/glosario-v5_6.md;MAIN:canon/gobernanza-v1_15.md;MAIN:corpus/reports/Mexican_Population_Genomics__2025-2026_Scientific_and_Market_Opportunity_Update.md	MAIN:canon/modelo-decision-v4_0.md	Se abrió la fuente/referencia, pero no un objeto que cierre literalmente la acción individual; usar la receta y frontera registradas.	NO	NO	La ejecución produjo un terminal operativo, no evidencia suficiente para cambiar adjudicación; el baseline se conserva.
SEMPROP-4c1259a2a2df32903ef67838	SEMRUN-354ccb9dc1023a0bd420d48f	REL-7751c832c7e30e4e4d7603cc	TOBS-SEM-6669ced48b6249621696bc81	data/curacion-registro/ejecucion-semantica/runs/SEMRUN-354ccb9dc1023a0bd420d48f/inputs-inspector/TOBS-SEM-6669ced48b6249621696bc81.json	c98db4d3fac7ac8c8ac13e509f89e6c3ac888273d514d2e7f661ba03516d63ba	data/curacion-registro/ejecucion-semantica/runs/SEMRUN-354ccb9dc1023a0bd420d48f/reportes-neutrales/TOBS-SEM-6669ced48b6249621696bc81.json	526741101e6a8e26effc99bb0b55383602417e7a29d821d25930ee7beb2602b6	data/curacion-registro/ejecucion-semantica/runs/SEMRUN-354ccb9dc1023a0bd420d48f/inputs-curador/TCUR-6669ced48b6249621696bc81.json	01e65498981addd0b6162dd0c5d96a18aa9c3a8624785e4d8691c4ee8707500c	NO_DETERMINADO	ISSP	89f4c3a49c00c0e1ba1f07013e0af10bbc3289fdddc48dde816c37d3da1a742b	4dd527eb25bf9d4ed1047c7956d9ee51f20175361f9404315baae476c057cc76	NO_DETERMINADO	CANDIDATA	NO_ALCANZO_TRAS_INTENTOS	Resolver edición.	8b39bc5ecb2c916103846a416600426dab91fea4aacbeecb95e746e8d7ab5971	Revisión de equivalencia y codificación antes de parametrizar.	Escala/diseño/universo:	MAIN:data/mapa-ext-general-2026-08-06.tsv:L6	EVIDENCIA_LOCALIZADA, NO_ACCESIBLE, NO_DETERMINADO o SIN_RUTA_VIABLE_ACTUAL tras máximo dos intentos.	MAIN:data/mapa-ext-general-2026-08-06.tsv:L6	MAIN:data/mapa-ext-general-2026-08-06.tsv:L6	Los intentos reales terminaron sin HTTP 2xx; continuar solo con acceso alternativo autorizado o localizador corregido.	NO	NO	La ejecución produjo un terminal operativo, no evidencia suficiente para cambiar adjudicación; el baseline se conserva.
SEMPROP-5bbc930107a5725545bf76bf	SEMRUN-354ccb9dc1023a0bd420d48f	REL-781037a17e27bb2b93e13a63	TOBS-SEM-fd3581cd746da1a56f77ab34	data/curacion-registro/ejecucion-semantica/runs/SEMRUN-354ccb9dc1023a0bd420d48f/inputs-inspector/TOBS-SEM-fd3581cd746da1a56f77ab34.json	72b2d87b3aa0a39a73e15c9eb4c9d11e57408830c678e8356625ecd2402b371e	data/curacion-registro/ejecucion-semantica/runs/SEMRUN-354ccb9dc1023a0bd420d48f/reportes-neutrales/TOBS-SEM-fd3581cd746da1a56f77ab34.json	65c600ba504706b88aa8623642cb1fbbbdbb682ce4f1ca087ba51d34d84fef7e	data/curacion-registro/ejecucion-semantica/runs/SEMRUN-354ccb9dc1023a0bd420d48f/inputs-curador/TCUR-fd3581cd746da1a56f77ab34.json	ce3c471182b328f2ab1e02edd6735faaf5f70e1ae57a5e1af78e1c58d370a42b	NO_DETERMINADO	RELLABORALES	89f4c3a49c00c0e1ba1f07013e0af10bbc3289fdddc48dde816c37d3da1a742b	4dd527eb25bf9d4ed1047c7956d9ee51f20175361f9404315baae476c057cc76	NO_DETERMINADO	CANDIDATA	FUENTE_ABIERTA_SIN_OBJETO_REQUERIDO	Resolver a un payload canónico local y abrir tabla/diccionario con unidad, periodo y variables de exposición y desenlace.	d037550cd1426688fd2abdfa16eb77e05f030000d4b29c15b046192bde2e8c55	Revisión de equivalencia y codificación antes de parametrizar.	No se propagó el estado general de la necesidad; requiere evidencia fuente-específica.	MAIN:canon/estado-programa-v1_10.md;MAIN:canon/glosario-v5_6.md;MAIN:canon/gobernanza-v1_15.md;MAIN:canon/integrador-psicologia-mexicano.md	Propuesta semántica trazable o NO_DETERMINADO con supuesto faltante concreto.	MAIN:canon/estado-programa-v1_10.md;MAIN:canon/glosario-v5_6.md;MAIN:canon/gobernanza-v1_15.md;MAIN:canon/integrador-psicologia-mexicano.md	MAIN:canon/estado-programa-v1_10.md;MAIN:canon/glosario-v5_6.md;MAIN:canon/gobernanza-v1_15.md;MAIN:canon/integrador-psicologia-mexicano.md	Se abrió la fuente/referencia, pero no un objeto que cierre literalmente la acción individual; usar la receta y frontera registradas.	NO	NO	La ejecución produjo un terminal operativo, no evidencia suficiente para cambiar adjudicación; el baseline se conserva.
SEMPROP-59d58f502fa543eb12323903	SEMRUN-354ccb9dc1023a0bd420d48f	REL-7a38c275915e890903752598	TOBS-SEM-1fc6d358ccb7f33668a1e983	data/curacion-registro/ejecucion-semantica/runs/SEMRUN-354ccb9dc1023a0bd420d48f/inputs-inspector/TOBS-SEM-1fc6d358ccb7f33668a1e983.json	0499420e78db2253cfe032743adf621de0b3108553627c0af28f80dea1bd1628	data/curacion-registro/ejecucion-semantica/runs/SEMRUN-354ccb9dc1023a0bd420d48f/reportes-neutrales/TOBS-SEM-1fc6d358ccb7f33668a1e983.json	fdaddd4da56ca1f05ff4476476896746ac3c4aa013c00f3d6cf836e45e2fced5	data/curacion-registro/ejecucion-semantica/runs/SEMRUN-354ccb9dc1023a0bd420d48f/inputs-curador/TCUR-1fc6d358ccb7f33668a1e983.json	5cb2eb68fb902425112ac4ce19eba096adf732fb52f88b3b5054e78e2d42a70a	NO_DETERMINADO	SERIES_SPEI_CODI_BANXICO	89f4c3a49c00c0e1ba1f07013e0af10bbc3289fdddc48dde816c37d3da1a742b	4dd527eb25bf9d4ed1047c7956d9ee51f20175361f9404315baae476c057cc76	NO_DETERMINADO	CANDIDATA	FUENTE_ABIERTA_SIN_OBJETO_REQUERIDO	Abrir Informe Anual o catálogo SIE, registrar idSerie/idCuadro y extraer series comparables CoDi/SPEI.	627cdc48ecf33b06281e4c77f09111e07ffd02e6f95becd8bc41402851462de7	Revisión de equivalencia y codificación antes de parametrizar.	Escala/diseño/universo:	MAIN:data/mapa-fuentes-2026-08-06.tsv:L135	EVIDENCIA_LOCALIZADA, NO_ACCESIBLE, NO_DETERMINADO o SIN_RUTA_VIABLE_ACTUAL tras máximo dos intentos.	MAIN:data/mapa-fuentes-2026-08-06.tsv:L135	MAIN:data/mapa-fuentes-2026-08-06.tsv:L135	Se abrió la fuente/referencia, pero no un objeto que cierre literalmente la acción individual; usar la receta y frontera registradas.	NO	NO	La ejecución produjo un terminal operativo, no evidencia suficiente para cambiar adjudicación; el baseline se conserva.
SEMPROP-1fc10d12201c29cd775a6d7f	SEMRUN-354ccb9dc1023a0bd420d48f	REL-7c92eca186a227ee718864e6	TOBS-SEM-b845751646740957b69ed664	data/curacion-registro/ejecucion-semantica/runs/SEMRUN-354ccb9dc1023a0bd420d48f/inputs-inspector/TOBS-SEM-b845751646740957b69ed664.json	9ef77ed6d6105f409edd9d7ecdac569626d9bf2e81feb71d4874e32551a9083a	data/curacion-registro/ejecucion-semantica/runs/SEMRUN-354ccb9dc1023a0bd420d48f/reportes-neutrales/TOBS-SEM-b845751646740957b69ed664.json	fa22497514229715c462a99810e7d421e07c285f960c2cffd041719b8e56e443	data/curacion-registro/ejecucion-semantica/runs/SEMRUN-354ccb9dc1023a0bd420d48f/inputs-curador/TCUR-b845751646740957b69ed664.json	6eb6a2e3fa7b7396bfe04444baf17feef6940cf7067aeca99b9ef6d185c0441d	NO_DETERMINADO	ENSAFI	89f4c3a49c00c0e1ba1f07013e0af10bbc3289fdddc48dde816c37d3da1a742b	4dd527eb25bf9d4ed1047c7956d9ee51f20175361f9404315baae476c057cc76	NO_DETERMINADO	CANDIDATA	EJECUTADA_CON_RESULTADO	Obtener diccionario y verificar outcome antes de adjudicar.	740e5e8c8c2d0f82cd98b6231481cf2cfa2cf8177c39ddb95fce6d901e8339b3	Revisión de equivalencia y codificación antes de parametrizar.	No se propagó el estado general de la necesidad; requiere evidencia fuente-específica.	MAIN:data/abrir4-variables-2026-08-08.tsv:L3	Propuesta semántica trazable o NO_DETERMINADO con supuesto faltante concreto.	MAIN:canon/modelo-decision-v4_0.md;MAIN:data/abrir4-variables-2026-08-08.tsv;MAIN:data/mapa-ext-general-2026-08-06.tsv;MAIN:forense/REVERIFICACION-DEMANDA-vs-UNIVERSO-2026-08-07-v1_0.md	MAIN:data/abrir4-variables-2026-08-08.tsv:L3	Se abrió al menos un objeto de datos/documentación y se registró su estructura literal; el juicio semántico permanece separado.	NO	NO	La ejecución produjo un terminal operativo, no evidencia suficiente para cambiar adjudicación; el baseline se conserva.
SEMPROP-6de72a9aa2c5570a521e7351	SEMRUN-354ccb9dc1023a0bd420d48f	REL-7da283a75f336e409f2ff88d	TOBS-SEM-c93a0ca2e9bcfbbc93712da0	data/curacion-registro/ejecucion-semantica/runs/SEMRUN-354ccb9dc1023a0bd420d48f/inputs-inspector/TOBS-SEM-c93a0ca2e9bcfbbc93712da0.json	56813b6eecc936b0a4d8d54f06008787feed5c4fb807e7196b2b563bcd8f7197	data/curacion-registro/ejecucion-semantica/runs/SEMRUN-354ccb9dc1023a0bd420d48f/reportes-neutrales/TOBS-SEM-c93a0ca2e9bcfbbc93712da0.json	3e3b4eb8cedb925c386ad9eaf08097a373fccf92526790a5e76956a829213e1e	data/curacion-registro/ejecucion-semantica/runs/SEMRUN-354ccb9dc1023a0bd420d48f/inputs-curador/TCUR-c93a0ca2e9bcfbbc93712da0.json	41230175cd2770b11a4a6db3c2da43d7ed640dc5a75e20c3029f50de17cbe612	NO_DETERMINADO	LAPOP	89f4c3a49c00c0e1ba1f07013e0af10bbc3289fdddc48dde816c37d3da1a742b	4dd527eb25bf9d4ed1047c7956d9ee51f20175361f9404315baae476c057cc76	NO_DETERMINADO	CANDIDATA	EJECUTADA_CON_RESULTADO	Identificar reactivos antes de solicitar datos.	b3985d645dbf65bb3f25cb7f4858e0f3c45dcb05ce91c061c64da471538a669b	Revisión de equivalencia y codificación antes de parametrizar.	Escala/diseño/universo:	MAIN:forense/notas/2026-08-05-p-lapop-microdato.md:L186	EVIDENCIA_LOCALIZADA, NO_ACCESIBLE, NO_DETERMINADO o SIN_RUTA_VIABLE_ACTUAL tras máximo dos intentos.	MAIN:data/mapa-fuentes-2026-08-06.tsv:L6	MAIN:forense/notas/2026-08-05-p-lapop-microdato.md:L186	Se abrió al menos un objeto de datos/documentación y se registró su estructura literal; el juicio semántico permanece separado.	NO	NO	La ejecución produjo un terminal operativo, no evidencia suficiente para cambiar adjudicación; el baseline se conserva.
SEMPROP-043cbf1e947a953e2b144122	SEMRUN-354ccb9dc1023a0bd420d48f	REL-7feec534a72e40bdf9b6b393	TOBS-SEM-75f05bc1c3c751ce6898f1db	data/curacion-registro/ejecucion-semantica/runs/SEMRUN-354ccb9dc1023a0bd420d48f/inputs-inspector/TOBS-SEM-75f05bc1c3c751ce6898f1db.json	ecc0227928bd1f34ffb1b773a2b0b4522c9a516246b71dc46fb0dde2dc17b9da	data/curacion-registro/ejecucion-semantica/runs/SEMRUN-354ccb9dc1023a0bd420d48f/reportes-neutrales/TOBS-SEM-75f05bc1c3c751ce6898f1db.json	94b0a5b820cce936e8168a472719068238d9f4f3563ca3a0db82f649a086303f	data/curacion-registro/ejecucion-semantica/runs/SEMRUN-354ccb9dc1023a0bd420d48f/inputs-curador/TCUR-75f05bc1c3c751ce6898f1db.json	52766ee241effa8b44e582197fb1b084d8f935c71a99796e3e32b53471327fdb	NO_DETERMINADO	PI	89f4c3a49c00c0e1ba1f07013e0af10bbc3289fdddc48dde816c37d3da1a742b	4dd527eb25bf9d4ed1047c7956d9ee51f20175361f9404315baae476c057cc76	NO_DETERMINADO	CANDIDATA	FUENTE_ABIERTA_SIN_OBJETO_REQUERIDO	Resolver el recurso canónico de PI y abrir la tabla/diccionario específico antes de adjudicar.	59e4f60988573e2695f0ff6c4ed8f32505f8e30549a7a2c4a6201dc76ee2a8b9	Revisión de equivalencia y codificación antes de parametrizar.	Escala/diseño/universo:	MAIN:data/mapa-fuentes-2026-08-06.tsv	EVIDENCIA_LOCALIZADA, NO_ACCESIBLE, NO_DETERMINADO o SIN_RUTA_VIABLE_ACTUAL tras máximo dos intentos.	MAIN:data/mapa-fuentes-2026-08-06.tsv:L110	MAIN:data/mapa-fuentes-2026-08-06.tsv	Se abrió la fuente/referencia, pero no un objeto que cierre literalmente la acción individual; usar la receta y frontera registradas.	NO	NO	La ejecución produjo un terminal operativo, no evidencia suficiente para cambiar adjudicación; el baseline se conserva.
SEMPROP-1138247b1a95fd1f8935a2b2	SEMRUN-354ccb9dc1023a0bd420d48f	REL-837d54e76ebe85170870493a	TOBS-SEM-97f5b97aaf860cae8ef8d3b3	data/curacion-registro/ejecucion-semantica/runs/SEMRUN-354ccb9dc1023a0bd420d48f/inputs-inspector/TOBS-SEM-97f5b97aaf860cae8ef8d3b3.json	77a5b2e94f5de3b66edf51165b825be3710d65534c12775763f5d63b44d3dae5	data/curacion-registro/ejecucion-semantica/runs/SEMRUN-354ccb9dc1023a0bd420d48f/reportes-neutrales/TOBS-SEM-97f5b97aaf860cae8ef8d3b3.json	418e4a6a6b60903adf2bab56558acea9ab73bc215b548a1cdcbf763bd36b9274	data/curacion-registro/ejecucion-semantica/runs/SEMRUN-354ccb9dc1023a0bd420d48f/inputs-curador/TCUR-97f5b97aaf860cae8ef8d3b3.json	ef5e90184a363bec9390753d2fa39e0036bcbe72cc1ef790a417b4497d4569a3	NO_DETERMINADO	AHORRO FINANCIERO Y FINANCIAMI	89f4c3a49c00c0e1ba1f07013e0af10bbc3289fdddc48dde816c37d3da1a742b	4dd527eb25bf9d4ed1047c7956d9ee51f20175361f9404315baae476c057cc76	NO_DETERMINADO	CANDIDATA	FUENTE_ABIERTA_SIN_OBJETO_REQUERIDO	Abrir tabla específica.	07192782f803140b7b5d5446a6398ec820513e0628a66f7b177d98912f800f79	Revisión de equivalencia y codificación antes de parametrizar.	Escala/diseño/universo:	MAIN:data/inventarios/inventario-fuentes-credito-ahorro-finanzas-hogar-mexico.md:L40	EVIDENCIA_LOCALIZADA, NO_ACCESIBLE, NO_DETERMINADO o SIN_RUTA_VIABLE_ACTUAL tras máximo dos intentos.	MAIN:data/mapa-fuentes-2026-08-06.tsv:L37	MAIN:data/inventarios/inventario-fuentes-credito-ahorro-finanzas-hogar-mexico.md:L40	Se abrió la fuente/referencia, pero no un objeto que cierre literalmente la acción individual; usar la receta y frontera registradas.	NO	NO	La ejecución produjo un terminal operativo, no evidencia suficiente para cambiar adjudicación; el baseline se conserva.
SEMPROP-755abb6f9f6fac4bc0cd2033	SEMRUN-354ccb9dc1023a0bd420d48f	REL-845a93bc24990147a394f897	TOBS-SEM-52463210d7eeb32c9eee8bbf	data/curacion-registro/ejecucion-semantica/runs/SEMRUN-354ccb9dc1023a0bd420d48f/inputs-inspector/TOBS-SEM-52463210d7eeb32c9eee8bbf.json	e40e3821a3582e368b45523851684405eca207bfef9ec2f23986d9b17206831c	data/curacion-registro/ejecucion-semantica/runs/SEMRUN-354ccb9dc1023a0bd420d48f/reportes-neutrales/TOBS-SEM-52463210d7eeb32c9eee8bbf.json	47beb1991b476aa838596519ef781a95a8dfe58983a1dd3c14c2bd4fb1ecbfec	data/curacion-registro/ejecucion-semantica/runs/SEMRUN-354ccb9dc1023a0bd420d48f/inputs-curador/TCUR-52463210d7eeb32c9eee8bbf.json	379e21f942f97082d31e8403e6111630d92472727663bd3374fa3822b301f1c9	NO_DETERMINADO	ISSP	89f4c3a49c00c0e1ba1f07013e0af10bbc3289fdddc48dde816c37d3da1a742b	4dd527eb25bf9d4ed1047c7956d9ee51f20175361f9404315baae476c057cc76	NO_DETERMINADO	CANDIDATA	EJECUTADA_CON_RESULTADO	Abrir codebook.	cbaa94a86de1c4fec2a241af2976841d29dc2a9bf7f0427dae2b2da32280d080	Revisión de equivalencia y codificación antes de parametrizar.	Escala/diseño/universo:	MAIN:data/mapa-ext-general-2026-08-06.tsv:L5	EVIDENCIA_LOCALIZADA, NO_ACCESIBLE, NO_DETERMINADO o SIN_RUTA_VIABLE_ACTUAL tras máximo dos intentos.	MAIN:data/mapa-ext-general-2026-08-06.tsv:L5	MAIN:data/mapa-ext-general-2026-08-06.tsv:L5	Se abrió al menos un objeto de datos/documentación y se registró su estructura literal; el juicio semántico permanece separado.	NO	NO	La ejecución produjo un terminal operativo, no evidencia suficiente para cambiar adjudicación; el baseline se conserva.
SEMPROP-9f233e7e55a484d4439fcf7e	SEMRUN-354ccb9dc1023a0bd420d48f	REL-87b4ab08a7e1b65f965ffb88	TOBS-SEM-498db14e3698b86d3b8fd854	data/curacion-registro/ejecucion-semantica/runs/SEMRUN-354ccb9dc1023a0bd420d48f/inputs-inspector/TOBS-SEM-498db14e3698b86d3b8fd854.json	e0d4c2d7b556f1220f206c3d21e7eeb092d98943a1cb52ef2b4ea2119095abcd	data/curacion-registro/ejecucion-semantica/runs/SEMRUN-354ccb9dc1023a0bd420d48f/reportes-neutrales/TOBS-SEM-498db14e3698b86d3b8fd854.json	9dfc47621f8e12384d0919954b692a65f5859d3679694b9b30494f78559ff355	data/curacion-registro/ejecucion-semantica/runs/SEMRUN-354ccb9dc1023a0bd420d48f/inputs-curador/TCUR-498db14e3698b86d3b8fd854.json	fb18ea545a8d531bb2c9a2c04c301e3b7304c8b89c6476b54eb9af3948500c26	NO_DETERMINADO	ENCUESTA_ANUAL_DE_COMPETENCIAS_FINANCIERAS_2019_2024	89f4c3a49c00c0e1ba1f07013e0af10bbc3289fdddc48dde816c37d3da1a742b	4dd527eb25bf9d4ed1047c7956d9ee51f20175361f9404315baae476c057cc76	NO_DETERMINADO	CANDIDATA	BLOQUEADA_INPUT_FALTANTE	Mapear cuestionario y tabulados 2019–2024 a la necesidad, con periodo, unidad y codificación.	3db2c3da6015f065a105aaa19edc47402835fdf0cc20d063724960adff03ec7d	Revisión de equivalencia y codificación antes de parametrizar.	Escala/diseño/universo:	MAIN:data/mapa-fuentes-externas-consolidado-2026-08-06.tsv	Resultado reproducible o NO_DETERMINADO por campo material faltante.	MAIN:data/mapa-fuentes-externas-consolidado-2026-08-06.tsv:L3	MAIN:data/mapa-fuentes-externas-consolidado-2026-08-06.tsv	No existe especificación ejecutable: faltan estimando,poblacion,unidad,variables,codificacion,ponderacion,diseno,transformacion,incertidumbre	NO	NO	La ejecución produjo un terminal operativo, no evidencia suficiente para cambiar adjudicación; el baseline se conserva.
SEMPROP-30a8087f141c3c28773c8694	SEMRUN-354ccb9dc1023a0bd420d48f	REL-894b3c5025557df7ef942f2a	TOBS-SEM-ebbc81083e49e2be1b5f5f98	data/curacion-registro/ejecucion-semantica/runs/SEMRUN-354ccb9dc1023a0bd420d48f/inputs-inspector/TOBS-SEM-ebbc81083e49e2be1b5f5f98.json	f78cbf38bf2d60f9184d021465781842d8cc1ca77889f715c9dbc61e6dfe520a	data/curacion-registro/ejecucion-semantica/runs/SEMRUN-354ccb9dc1023a0bd420d48f/reportes-neutrales/TOBS-SEM-ebbc81083e49e2be1b5f5f98.json	161e4edd2e56b2ae30cdd4f6a7c35e633172ce0f63cd802477f3044336f1e10f	data/curacion-registro/ejecucion-semantica/runs/SEMRUN-354ccb9dc1023a0bd420d48f/inputs-curador/TCUR-ebbc81083e49e2be1b5f5f98.json	900ba59bf4561f672b318e2e4728c92d442ef8de9038ac3b21d68aa41aac8e3f	NO_DETERMINADO	EARLY_CHILDHOOD_EDUCATION_PROGRAM_IMPACT_EVALUATION_2012_2014	89f4c3a49c00c0e1ba1f07013e0af10bbc3289fdddc48dde816c37d3da1a742b	4dd527eb25bf9d4ed1047c7956d9ee51f20175361f9404315baae476c057cc76	NO_DETERMINADO	CANDIDATA	FUENTE_ABIERTA_SIN_OBJETO_REQUERIDO	Obtener instrumentos.	cef21d4b27584a48612860c4563cbdbffff41cea1d4c000a0ac1bf70a59977d9	Revisión de equivalencia y codificación antes de parametrizar.	Escala/diseño/universo:	MAIN:data/mapa-ext-academico-2026-08-06.tsv:L6	EVIDENCIA_LOCALIZADA, NO_ACCESIBLE, NO_DETERMINADO o SIN_RUTA_VIABLE_ACTUAL tras máximo dos intentos.	MAIN:data/mapa-ext-academico-2026-08-06.tsv:L6	MAIN:data/mapa-ext-academico-2026-08-06.tsv:L6	Se abrió la fuente/referencia, pero no un objeto que cierre literalmente la acción individual; usar la receta y frontera registradas.	NO	NO	La ejecución produjo un terminal operativo, no evidencia suficiente para cambiar adjudicación; el baseline se conserva.
SEMPROP-9a8dfe9b319cd0c6871dab0b	SEMRUN-354ccb9dc1023a0bd420d48f	REL-89b5a730c80b52245609d460	TOBS-SEM-5f9f488ccf92800375ddd137	data/curacion-registro/ejecucion-semantica/runs/SEMRUN-354ccb9dc1023a0bd420d48f/inputs-inspector/TOBS-SEM-5f9f488ccf92800375ddd137.json	9cddf03208fe7ec9ae4e7ef10d06232dad45dc1883d6850881e9258906129d9e	data/curacion-registro/ejecucion-semantica/runs/SEMRUN-354ccb9dc1023a0bd420d48f/reportes-neutrales/TOBS-SEM-5f9f488ccf92800375ddd137.json	2ae7c912c478610f627de92b993c876493e7de4d6ae51ea129c4c876f5878132	data/curacion-registro/ejecucion-semantica/runs/SEMRUN-354ccb9dc1023a0bd420d48f/inputs-curador/TCUR-5f9f488ccf92800375ddd137.json	5c6fcb3209edd5addc6df249358ff3d23cf4914adbc241593e42caf4c2762913	NO_DETERMINADO	ENSAFI	89f4c3a49c00c0e1ba1f07013e0af10bbc3289fdddc48dde816c37d3da1a742b	4dd527eb25bf9d4ed1047c7956d9ee51f20175361f9404315baae476c057cc76	NO_DETERMINADO	CANDIDATA	EJECUTADA_CON_RESULTADO	Abrir el cuestionario/diccionario ENSAFI correspondiente y verificar texto, codificación y desenlace coobservado.	3a813d43751817e97098da205f2b8038f6e96f35360b0820fa38723a5b7b1974	Revisión de equivalencia y codificación antes de parametrizar.	No se propagó el estado general de la necesidad; requiere evidencia fuente-específica.	MAIN:canon/glosario-v5_6.md	Propuesta semántica trazable o NO_DETERMINADO con supuesto faltante concreto.	MAIN:canon/glosario-v5_6.md;MAIN:canon/gobernanza-v1_15.md;MAIN:canon/modelo-decision-v4_0.md;MAIN:corpus/reports/Health__Body__Food_and_Substance_Use_in_Mexico__The_Behavioral_Layer_of_Decisions__Environment_and_Structure.md	MAIN:canon/glosario-v5_6.md	Se abrió al menos un objeto de datos/documentación y se registró su estructura literal; el juicio semántico permanece separado.	NO	NO	La ejecución produjo un terminal operativo, no evidencia suficiente para cambiar adjudicación; el baseline se conserva.
SEMPROP-9d6849f77c74b5ba6aac36d6	SEMRUN-354ccb9dc1023a0bd420d48f	REL-8b5abcdb9a618f64c2639477	TOBS-SEM-9f595eb21acbf73c87aae864	data/curacion-registro/ejecucion-semantica/runs/SEMRUN-354ccb9dc1023a0bd420d48f/inputs-inspector/TOBS-SEM-9f595eb21acbf73c87aae864.json	4eca5aa5e6eff076b77d6b964f7368776a5b070660455ca95c7239c524f64c00	data/curacion-registro/ejecucion-semantica/runs/SEMRUN-354ccb9dc1023a0bd420d48f/reportes-neutrales/TOBS-SEM-9f595eb21acbf73c87aae864.json	7010e0bbdc9b4fc2bdaa497ebc2ea2e56fcac2d77360c0193bea5aa617c0222a	data/curacion-registro/ejecucion-semantica/runs/SEMRUN-354ccb9dc1023a0bd420d48f/inputs-curador/TCUR-9f595eb21acbf73c87aae864.json	b42a7ed4545b181879a5134f02be7b85c02fe8f3145b92a7f32a6fa18df7843a	NO_DETERMINADO	INE	89f4c3a49c00c0e1ba1f07013e0af10bbc3289fdddc48dde816c37d3da1a742b	4dd527eb25bf9d4ed1047c7956d9ee51f20175361f9404315baae476c057cc76	NO_DETERMINADO	CANDIDATA	FUENTE_ABIERTA_SIN_OBJETO_REQUERIDO	Precisar producto.	a2933ad267dd4f774af3cbb7a6ca82d0e0e7a619bba45e612406024ceffdb997	Revisión de equivalencia y codificación antes de parametrizar.	Escala/diseño/universo:	MAIN:data/mapa-fuentes-2026-08-06.tsv:L97	EVIDENCIA_LOCALIZADA, NO_ACCESIBLE, NO_DETERMINADO o SIN_RUTA_VIABLE_ACTUAL tras máximo dos intentos.	MAIN:data/mapa-fuentes-2026-08-06.tsv:L97	MAIN:data/mapa-fuentes-2026-08-06.tsv:L97	Se abrió la fuente/referencia, pero no un objeto que cierre literalmente la acción individual; usar la receta y frontera registradas.	NO	NO	La ejecución produjo un terminal operativo, no evidencia suficiente para cambiar adjudicación; el baseline se conserva.
SEMPROP-29dd59e03c85884b33b908b1	SEMRUN-354ccb9dc1023a0bd420d48f	REL-8b8dd24f3edbc5fd0b11d4a4	TOBS-SEM-e6713155b4e615bd21e9e286	data/curacion-registro/ejecucion-semantica/runs/SEMRUN-354ccb9dc1023a0bd420d48f/inputs-inspector/TOBS-SEM-e6713155b4e615bd21e9e286.json	cc497d2b0e4e15d2ef854d92163982de0c5879d0f6eb632d4b8a23249f70402b	data/curacion-registro/ejecucion-semantica/runs/SEMRUN-354ccb9dc1023a0bd420d48f/reportes-neutrales/TOBS-SEM-e6713155b4e615bd21e9e286.json	3055ca2ee43c0e19abbfdc30ea5b5b462512c2ea8462d4efa152281cb5ab4554	data/curacion-registro/ejecucion-semantica/runs/SEMRUN-354ccb9dc1023a0bd420d48f/inputs-curador/TCUR-e6713155b4e615bd21e9e286.json	05adbd40b80952aab4235840f7a5cab15de0725e70f0a8f364d05e8cd7d6fb7d	NO_DETERMINADO	BDIF	89f4c3a49c00c0e1ba1f07013e0af10bbc3289fdddc48dde816c37d3da1a742b	4dd527eb25bf9d4ed1047c7956d9ee51f20175361f9404315baae476c057cc76	NO_DETERMINADO	CANDIDATA	FUENTE_ABIERTA_SIN_OBJETO_REQUERIDO	Abrir tabla CNBV concreta y verificar denominador, institución, segmento, periodo y motivo de rechazo.	bdb55bf8373a4e3abfbf6d2c5a085c8f30a3341fd2d5f9badd5fe3aab31d996e	Revisión de equivalencia y codificación antes de parametrizar.	Escala/diseño/universo:	MAIN:data/mapa-fuentes-2026-08-06.tsv:L39	EVIDENCIA_LOCALIZADA, NO_ACCESIBLE, NO_DETERMINADO o SIN_RUTA_VIABLE_ACTUAL tras máximo dos intentos.	MAIN:data/mapa-fuentes-2026-08-06.tsv:L39	MAIN:data/mapa-fuentes-2026-08-06.tsv:L39	Se abrió la fuente/referencia, pero no un objeto que cierre literalmente la acción individual; usar la receta y frontera registradas.	NO	NO	La ejecución produjo un terminal operativo, no evidencia suficiente para cambiar adjudicación; el baseline se conserva.
SEMPROP-571a69bccd6138213978b04e	SEMRUN-354ccb9dc1023a0bd420d48f	REL-8d2952203ec3678f3bd0c473	TOBS-SEM-1a49ac4026e27ed901489468	data/curacion-registro/ejecucion-semantica/runs/SEMRUN-354ccb9dc1023a0bd420d48f/inputs-inspector/TOBS-SEM-1a49ac4026e27ed901489468.json	0f7165d7d2dddf5e9777408bddf384c56491b5ece1cfde68be31b81658e8adb0	data/curacion-registro/ejecucion-semantica/runs/SEMRUN-354ccb9dc1023a0bd420d48f/reportes-neutrales/TOBS-SEM-1a49ac4026e27ed901489468.json	6a7b1f1861125482c42064170624574e29dbb0ce0821aa733800f1390f4097e4	data/curacion-registro/ejecucion-semantica/runs/SEMRUN-354ccb9dc1023a0bd420d48f/inputs-curador/TCUR-1a49ac4026e27ed901489468.json	df26e993b941fb260cf927c806419ef2840a764175b545de5f20ab6b2701a8af	NO_DETERMINADO	ISSP	89f4c3a49c00c0e1ba1f07013e0af10bbc3289fdddc48dde816c37d3da1a742b	4dd527eb25bf9d4ed1047c7956d9ee51f20175361f9404315baae476c057cc76	NO_DETERMINADO	CANDIDATA	EJECUTADA_CON_RESULTADO	Abrir codebook.	cbaa94a86de1c4fec2a241af2976841d29dc2a9bf7f0427dae2b2da32280d080	Revisión de equivalencia y codificación antes de parametrizar.	Escala/diseño/universo:	MAIN:data/mapa-ext-general-2026-08-06.tsv:L5	EVIDENCIA_LOCALIZADA, NO_ACCESIBLE, NO_DETERMINADO o SIN_RUTA_VIABLE_ACTUAL tras máximo dos intentos.	MAIN:data/mapa-ext-general-2026-08-06.tsv:L5	MAIN:data/mapa-ext-general-2026-08-06.tsv:L5	Se abrió al menos un objeto de datos/documentación y se registró su estructura literal; el juicio semántico permanece separado.	NO	NO	La ejecución produjo un terminal operativo, no evidencia suficiente para cambiar adjudicación; el baseline se conserva.
SEMPROP-cfc2066aabd91a45cb050f5a	SEMRUN-354ccb9dc1023a0bd420d48f	REL-8d5ee427f92ae19be789b8d6	TOBS-SEM-0984cd636391d2e5c647dfb0	data/curacion-registro/ejecucion-semantica/runs/SEMRUN-354ccb9dc1023a0bd420d48f/inputs-inspector/TOBS-SEM-0984cd636391d2e5c647dfb0.json	3d9a0d11782506b785c35260e835216db94e384b4e6d09abea322b154f411f21	data/curacion-registro/ejecucion-semantica/runs/SEMRUN-354ccb9dc1023a0bd420d48f/reportes-neutrales/TOBS-SEM-0984cd636391d2e5c647dfb0.json	6e7166ef9d2c93dbc16454f48cb90100004f4d7f92031ae4ef721e4d180edc12	data/curacion-registro/ejecucion-semantica/runs/SEMRUN-354ccb9dc1023a0bd420d48f/inputs-curador/TCUR-0984cd636391d2e5c647dfb0.json	dc641d251e3a7b2e42730098313639dde3087169f3b27d7fd5dadc320b798525	NO_DETERMINADO	VOTAR_ENTRE_BALAS	89f4c3a49c00c0e1ba1f07013e0af10bbc3289fdddc48dde816c37d3da1a742b	4dd527eb25bf9d4ed1047c7956d9ee51f20175361f9404315baae476c057cc76	NO_DETERMINADO	CANDIDATA	FUENTE_ABIERTA_SIN_OBJETO_REQUERIDO	Abrir diccionario/descarga y mapear tipo de evento, actor, municipio, fecha y outcome electoral; declarar límite ecológico.	57a22c7261d7b0b21b8bc5f4c71c98f993bffd31214e4ba908e9f53a723c3c94	Revisión de equivalencia y codificación antes de parametrizar.	Escala/diseño/universo:	MAIN:data/mapa-fuentes-externas-consolidado-2026-08-06.tsv	EVIDENCIA_LOCALIZADA, NO_ACCESIBLE, NO_DETERMINADO o SIN_RUTA_VIABLE_ACTUAL tras máximo dos intentos.	MAIN:data/mapa-fuentes-externas-consolidado-2026-08-06.tsv:L14	MAIN:data/mapa-fuentes-externas-consolidado-2026-08-06.tsv	Se abrió la fuente/referencia, pero no un objeto que cierre literalmente la acción individual; usar la receta y frontera registradas.	NO	NO	La ejecución produjo un terminal operativo, no evidencia suficiente para cambiar adjudicación; el baseline se conserva.
SEMPROP-af508b0b64c3b880e3c3e2e9	SEMRUN-354ccb9dc1023a0bd420d48f	REL-8da82cf2f91efb7fe1958467	TOBS-SEM-97a6f8b693c267e3e06aa995	data/curacion-registro/ejecucion-semantica/runs/SEMRUN-354ccb9dc1023a0bd420d48f/inputs-inspector/TOBS-SEM-97a6f8b693c267e3e06aa995.json	90a14885629de905a371bd7cf8aed93d96f39cbf92004dfc4166e27e9cc47bfd	data/curacion-registro/ejecucion-semantica/runs/SEMRUN-354ccb9dc1023a0bd420d48f/reportes-neutrales/TOBS-SEM-97a6f8b693c267e3e06aa995.json	a6a95ef506cd7b95c3021e79eeed2651ad817a1affdfc603f1ad8c8f2139cb1d	data/curacion-registro/ejecucion-semantica/runs/SEMRUN-354ccb9dc1023a0bd420d48f/inputs-curador/TCUR-97a6f8b693c267e3e06aa995.json	942192d9ba984422b748bb8ca67816b9da94a2f4c8f0f913d7d6427c38fc1356	NO_DETERMINADO	ENCOAP	89f4c3a49c00c0e1ba1f07013e0af10bbc3289fdddc48dde816c37d3da1a742b	4dd527eb25bf9d4ed1047c7956d9ee51f20175361f9404315baae476c057cc76	NO_DETERMINADO	CANDIDATA	FUENTE_ABIERTA_SIN_OBJETO_REQUERIDO	Abrir cuestionario y diccionario ENCOAP; localizar el reactivo y el desenlace exactos exigidos por la necesidad.	b8bdc9d6e9a1fb98030c092a30fba2d89ad270f5454126a743d3d1ff00a342ae	Revisión de equivalencia y codificación antes de parametrizar.	No se propagó el estado general de la necesidad; requiere evidencia fuente-específica.	MAIN:canon/integrador-psicologia-mexicano.md	Propuesta semántica trazable o NO_DETERMINADO con supuesto faltante concreto.	MAIN:canon/integrador-psicologia-mexicano.md;MAIN:canon/modelo-decision-v4_0.md;MAIN:corpus/reports/Autoridad_y_jerarquía_en_el_México_contemporáneo__anatomía_psicológica_de_un_sistema_dual.md;MAIN:corpus/reports/La_arquitectura_invisible_de_la_interacción_social_en_México.md	MAIN:canon/integrador-psicologia-mexicano.md	Se abrió la fuente/referencia, pero no un objeto que cierre literalmente la acción individual; usar la receta y frontera registradas.	NO	NO	La ejecución produjo un terminal operativo, no evidencia suficiente para cambiar adjudicación; el baseline se conserva.
SEMPROP-6465a1796c39b1fb0f6cbbe5	SEMRUN-354ccb9dc1023a0bd420d48f	REL-8f6cc360dac1c16f2ea6c7ea	TOBS-SEM-48df4f52c797311cffda3906	data/curacion-registro/ejecucion-semantica/runs/SEMRUN-354ccb9dc1023a0bd420d48f/inputs-inspector/TOBS-SEM-48df4f52c797311cffda3906.json	562f0f31212a3a2c7cb2ac313e0be57aa7c10c3ef9786e7b6f35841f89877de6	data/curacion-registro/ejecucion-semantica/runs/SEMRUN-354ccb9dc1023a0bd420d48f/reportes-neutrales/TOBS-SEM-48df4f52c797311cffda3906.json	54909798398a16fc4269ca3e9e0cbcc4d16e0c7f25c5625a4d4113ee93ace52d	data/curacion-registro/ejecucion-semantica/runs/SEMRUN-354ccb9dc1023a0bd420d48f/inputs-curador/TCUR-48df4f52c797311cffda3906.json	77fac6674998ec000f77e86c976df16a0aa4bc08c70515a7bbe8b00c92f91fc2	NO_DETERMINADO	ENSAFI	89f4c3a49c00c0e1ba1f07013e0af10bbc3289fdddc48dde816c37d3da1a742b	4dd527eb25bf9d4ed1047c7956d9ee51f20175361f9404315baae476c057cc76	NO_DETERMINADO	CANDIDATA	EJECUTADA_CON_RESULTADO	Abrir el cuestionario/diccionario ENSAFI correspondiente y verificar texto, codificación y desenlace coobservado.	3a813d43751817e97098da205f2b8038f6e96f35360b0820fa38723a5b7b1974	Revisión de equivalencia y codificación antes de parametrizar.	No se propagó el estado general de la necesidad; requiere evidencia fuente-específica.	MAIN:AGENTS.md	Propuesta semántica trazable o NO_DETERMINADO con supuesto faltante concreto.	MAIN:AGENTS.md;MAIN:canon/estado-programa-v1_10.md;MAIN:canon/glosario-v5_6.md;MAIN:canon/gobernanza-v1_15.md	MAIN:AGENTS.md	Se abrió al menos un objeto de datos/documentación y se registró su estructura literal; el juicio semántico permanece separado.	NO	NO	La ejecución produjo un terminal operativo, no evidencia suficiente para cambiar adjudicación; el baseline se conserva.
SEMPROP-42de19bf6f781e311e449b10	SEMRUN-354ccb9dc1023a0bd420d48f	REL-928de62ad3c403adf193bfc4	TOBS-SEM-939f3aa39a8855ab203dc599	data/curacion-registro/ejecucion-semantica/runs/SEMRUN-354ccb9dc1023a0bd420d48f/inputs-inspector/TOBS-SEM-939f3aa39a8855ab203dc599.json	11df76059a90f51bce312091c90c7cb079ce84310bb553d81a82eaf42e0ad340	data/curacion-registro/ejecucion-semantica/runs/SEMRUN-354ccb9dc1023a0bd420d48f/reportes-neutrales/TOBS-SEM-939f3aa39a8855ab203dc599.json	b82c3cbd86c2ce0315a8ae51f2fdd727b34af496d7a78598ab83f263a203e5b9	data/curacion-registro/ejecucion-semantica/runs/SEMRUN-354ccb9dc1023a0bd420d48f/inputs-curador/TCUR-939f3aa39a8855ab203dc599.json	2cdb7c230cf1cbd329450f402291f9a5c0d80cae653972b954a7742ece5c7350	NO_DETERMINADO	ENFIH	89f4c3a49c00c0e1ba1f07013e0af10bbc3289fdddc48dde816c37d3da1a742b	4dd527eb25bf9d4ed1047c7956d9ee51f20175361f9404315baae476c057cc76	NO_DETERMINADO	CANDIDATA	EJECUTADA_CON_RESULTADO	Abrir el diccionario ENFIH y construir una tabla variable×constructo×desenlace para esta necesidad; verificar coobservación por llave de persona.	eba3e0df63b8ce6ed4d6ac7d49ae306643848764635e477c17ceebb3784f12b9	Revisión de equivalencia y codificación antes de parametrizar.	No se propagó el estado general de la necesidad; requiere evidencia fuente-específica.	MAIN:data/abrir4-variables-2026-08-08.tsv	Propuesta semántica trazable o NO_DETERMINADO con supuesto faltante concreto.	MAIN:corpus/reports/El_Efecto_Ambiental_de_la_Violencia_Crónica_en_México__Cómo_el_Miedo_Reorganiza_la_Conducta_Psicológica_de_la_Población.md;MAIN:data/mapa-ext-civil-2026-08-06.tsv;MAIN:data/mapa-ext-civil-2026-08-06.tsv:L20;MAIN:data/mapa-ext-civil-2026-08-06.tsv:L21	MAIN:data/abrir4-variables-2026-08-08.tsv	Se abrió al menos un objeto de datos/documentación y se registró su estructura literal; el juicio semántico permanece separado.	NO	NO	La ejecución produjo un terminal operativo, no evidencia suficiente para cambiar adjudicación; el baseline se conserva.
SEMPROP-6b004cb48f39d989c63931e4	SEMRUN-354ccb9dc1023a0bd420d48f	REL-987f01cb468fa0b51b2dffc6	TOBS-SEM-b522581a3dec61247ee96e17	data/curacion-registro/ejecucion-semantica/runs/SEMRUN-354ccb9dc1023a0bd420d48f/inputs-inspector/TOBS-SEM-b522581a3dec61247ee96e17.json	1353a588382b86a45a06c9084ae0bb138997c5edcf6805e2cf8af1fe27eb38ad	data/curacion-registro/ejecucion-semantica/runs/SEMRUN-354ccb9dc1023a0bd420d48f/reportes-neutrales/TOBS-SEM-b522581a3dec61247ee96e17.json	1b3787d244cbf82db99c23714501a5bef122166882fd5adec3fd003c30ee7e68	data/curacion-registro/ejecucion-semantica/runs/SEMRUN-354ccb9dc1023a0bd420d48f/inputs-curador/TCUR-b522581a3dec61247ee96e17.json	46c82b3eacca002e584874260725d8f692847127fdd126a5af1b87ee8536f672	NO_DETERMINADO	ENFIH	89f4c3a49c00c0e1ba1f07013e0af10bbc3289fdddc48dde816c37d3da1a742b	4dd527eb25bf9d4ed1047c7956d9ee51f20175361f9404315baae476c057cc76	NO_DETERMINADO	CANDIDATA	EJECUTADA_CON_RESULTADO	Abrir el diccionario ENFIH y construir una tabla variable×constructo×desenlace para esta necesidad; verificar coobservación por llave de persona.	eba3e0df63b8ce6ed4d6ac7d49ae306643848764635e477c17ceebb3784f12b9	Revisión de equivalencia y codificación antes de parametrizar.	No se propagó el estado general de la necesidad; requiere evidencia fuente-específica.	MAIN:data/abrir4-variables-2026-08-08.tsv	Propuesta semántica trazable o NO_DETERMINADO con supuesto faltante concreto.	MAIN:canon/estado-programa-v1_10.md;MAIN:canon/glosario-v5_6.md;MAIN:canon/gobernanza-v1_15.md;MAIN:canon/integrador-psicologia-mexicano.md	MAIN:data/abrir4-variables-2026-08-08.tsv	Se abrió al menos un objeto de datos/documentación y se registró su estructura literal; el juicio semántico permanece separado.	NO	NO	La ejecución produjo un terminal operativo, no evidencia suficiente para cambiar adjudicación; el baseline se conserva.
SEMPROP-937c516eda56dff53eb4a1b3	SEMRUN-354ccb9dc1023a0bd420d48f	REL-99525527adc1ae5960ac2055	TOBS-SEM-51a0096e8031fcc2ada42c06	data/curacion-registro/ejecucion-semantica/runs/SEMRUN-354ccb9dc1023a0bd420d48f/inputs-inspector/TOBS-SEM-51a0096e8031fcc2ada42c06.json	9bc2038204c261fc5ccd64e6c80c453b0a5b304588206bcd44c72cdaebfb4978	data/curacion-registro/ejecucion-semantica/runs/SEMRUN-354ccb9dc1023a0bd420d48f/reportes-neutrales/TOBS-SEM-51a0096e8031fcc2ada42c06.json	fa8c538144f28388ed387cfd940bdbf91a7bc0580e6cdf6aa722192f6fc74324	data/curacion-registro/ejecucion-semantica/runs/SEMRUN-354ccb9dc1023a0bd420d48f/inputs-curador/TCUR-51a0096e8031fcc2ada42c06.json	3b7a581a34d0052b6a94fda6ad51d50daaf134bb8ec2aa98c117296dc4583c79	NO_DETERMINADO	MASS_MOBILIZATION_PROTEST_DATA	89f4c3a49c00c0e1ba1f07013e0af10bbc3289fdddc48dde816c37d3da1a742b	4dd527eb25bf9d4ed1047c7956d9ee51f20175361f9404315baae476c057cc76	NO_DETERMINADO	CANDIDATA	FUENTE_ABIERTA_SIN_OBJETO_REQUERIDO	Abrir codebook y archivo México; comprobar localización, actor, respuesta y derivabilidad urbano/rural.	f56d5cf7f85dfd6c2028a279d4a141242b1e70450a33520b30be2210938306a7	Revisión de equivalencia y codificación antes de parametrizar.	Escala/diseño/universo:	MAIN:data/mapa-ext-general-2026-08-06.tsv:L9	EVIDENCIA_LOCALIZADA, NO_ACCESIBLE, NO_DETERMINADO o SIN_RUTA_VIABLE_ACTUAL tras máximo dos intentos.	MAIN:data/mapa-ext-general-2026-08-06.tsv:L9	MAIN:data/mapa-ext-general-2026-08-06.tsv:L9	Se abrió la fuente/referencia, pero no un objeto que cierre literalmente la acción individual; usar la receta y frontera registradas.	NO	NO	La ejecución produjo un terminal operativo, no evidencia suficiente para cambiar adjudicación; el baseline se conserva.
SEMPROP-80f72ca6c864c685c6c432fa	SEMRUN-354ccb9dc1023a0bd420d48f	REL-9ccac3c7a04b0040d317efb7	TOBS-SEM-06c6026245c8cd27120db435	data/curacion-registro/ejecucion-semantica/runs/SEMRUN-354ccb9dc1023a0bd420d48f/inputs-inspector/TOBS-SEM-06c6026245c8cd27120db435.json	6cadd83f179a6a45f75550f2fc73c1aefda195c937b29ecb7d15d76721b4628c	data/curacion-registro/ejecucion-semantica/runs/SEMRUN-354ccb9dc1023a0bd420d48f/reportes-neutrales/TOBS-SEM-06c6026245c8cd27120db435.json	daab0cfc440d2c67365fb7fa3b444a445afac1238660f339c71053376bdb5183	data/curacion-registro/ejecucion-semantica/runs/SEMRUN-354ccb9dc1023a0bd420d48f/inputs-curador/TCUR-06c6026245c8cd27120db435.json	3f518776a1849acbecab22878ded69093da540fc533394ad4ac87efaeac2fd08	NO_DETERMINADO	GDELT	89f4c3a49c00c0e1ba1f07013e0af10bbc3289fdddc48dde816c37d3da1a742b	4dd527eb25bf9d4ed1047c7956d9ee51f20175361f9404315baae476c057cc76	NO_DETERMINADO	CANDIDATA	FUENTE_ABIERTA_SIN_OBJETO_REQUERIDO	Extraer un universo México acotado, aplicar deduplicación documentada y mapear CAMEO/actores/respuesta al objeto.	c47b9de2d903b150a58012d8ab146ff3f7decaec78eb1b3830948fd76cd9e1bd	Revisión de equivalencia y codificación antes de parametrizar.	Escala/diseño/universo:	MAIN:data/mapa-ext-general-2026-08-06.tsv:L8	EVIDENCIA_LOCALIZADA, NO_ACCESIBLE, NO_DETERMINADO o SIN_RUTA_VIABLE_ACTUAL tras máximo dos intentos.	MAIN:data/mapa-ext-general-2026-08-06.tsv:L8	MAIN:data/mapa-ext-general-2026-08-06.tsv:L8	Se abrió la fuente/referencia, pero no un objeto que cierre literalmente la acción individual; usar la receta y frontera registradas.	NO	NO	La ejecución produjo un terminal operativo, no evidencia suficiente para cambiar adjudicación; el baseline se conserva.
SEMPROP-1f8463312e6a2380f1ecf97d	SEMRUN-354ccb9dc1023a0bd420d48f	REL-9dfab617c356df5594575a3c	TOBS-SEM-24ca81c50341d1dd036867b6	data/curacion-registro/ejecucion-semantica/runs/SEMRUN-354ccb9dc1023a0bd420d48f/inputs-inspector/TOBS-SEM-24ca81c50341d1dd036867b6.json	96c9b80a23c63ef1b07292b092344c72ec07019b043d3ee4cff9a4c43af44cab	data/curacion-registro/ejecucion-semantica/runs/SEMRUN-354ccb9dc1023a0bd420d48f/reportes-neutrales/TOBS-SEM-24ca81c50341d1dd036867b6.json	8e22895eefcdedefec27a8c3c374086200de1051a51d311469daca2a6b7c8b0f	data/curacion-registro/ejecucion-semantica/runs/SEMRUN-354ccb9dc1023a0bd420d48f/inputs-curador/TCUR-24ca81c50341d1dd036867b6.json	c891c2958cc73920022529ebeb47f71b78c6d5816766872b07611c06d03f3db8	NO_DETERMINADO	ISSP	89f4c3a49c00c0e1ba1f07013e0af10bbc3289fdddc48dde816c37d3da1a742b	4dd527eb25bf9d4ed1047c7956d9ee51f20175361f9404315baae476c057cc76	NO_DETERMINADO	CANDIDATA	FUENTE_ABIERTA_SIN_OBJETO_REQUERIDO	Obtener codebook.	5365ca824d1edd1e43902e24bcbcb96a3dab8739d978e80e0cf4dc2695299330	Revisión de equivalencia y codificación antes de parametrizar.	Escala/diseño/universo:	MAIN:data/mapa-ext-academico-2026-08-06.tsv:L8	EVIDENCIA_LOCALIZADA, NO_ACCESIBLE, NO_DETERMINADO o SIN_RUTA_VIABLE_ACTUAL tras máximo dos intentos.	MAIN:data/mapa-ext-academico-2026-08-06.tsv:L8	MAIN:data/mapa-ext-academico-2026-08-06.tsv:L8	Se abrió la fuente/referencia, pero no un objeto que cierre literalmente la acción individual; usar la receta y frontera registradas.	NO	NO	La ejecución produjo un terminal operativo, no evidencia suficiente para cambiar adjudicación; el baseline se conserva.
SEMPROP-68f26fd7dda88515bcc93a2a	SEMRUN-354ccb9dc1023a0bd420d48f	REL-a63dce9852d52046595e28f0	TOBS-SEM-1d17b3a8add1d87ba8aed92b	data/curacion-registro/ejecucion-semantica/runs/SEMRUN-354ccb9dc1023a0bd420d48f/inputs-inspector/TOBS-SEM-1d17b3a8add1d87ba8aed92b.json	04d0decbf06009cf702703275248441b078045ec18b8205ce8aaacf1ba08afbc	data/curacion-registro/ejecucion-semantica/runs/SEMRUN-354ccb9dc1023a0bd420d48f/reportes-neutrales/TOBS-SEM-1d17b3a8add1d87ba8aed92b.json	6fc4b9d0811ff1c0210825c8b44e830d31f46e6424ba71900790fadca8349426	data/curacion-registro/ejecucion-semantica/runs/SEMRUN-354ccb9dc1023a0bd420d48f/inputs-curador/TCUR-1d17b3a8add1d87ba8aed92b.json	200cfa35ca608279f7f9a3250c95fee2e7c0fea8aa07b084c8772f824f9a7a5b	NO_DETERMINADO	ENFIH	89f4c3a49c00c0e1ba1f07013e0af10bbc3289fdddc48dde816c37d3da1a742b	4dd527eb25bf9d4ed1047c7956d9ee51f20175361f9404315baae476c057cc76	NO_DETERMINADO	CANDIDATA	EJECUTADA_CON_RESULTADO	Abrir el diccionario ENFIH y construir una tabla variable×constructo×desenlace para esta necesidad; verificar coobservación por llave de persona.	eba3e0df63b8ce6ed4d6ac7d49ae306643848764635e477c17ceebb3784f12b9	Revisión de equivalencia y codificación antes de parametrizar.	No se propagó el estado general de la necesidad; requiere evidencia fuente-específica.	MAIN:data/abrir4-variables-2026-08-08.tsv	Propuesta semántica trazable o NO_DETERMINADO con supuesto faltante concreto.	MAIN:canon/glosario-v5_6.md;MAIN:canon/gobernanza-v1_15.md;MAIN:canon/modelo-decision-v4_0.md;MAIN:corpus/reports/Health__Body__Food_and_Substance_Use_in_Mexico__The_Behavioral_Layer_of_Decisions__Environment_and_Structure.md	MAIN:data/abrir4-variables-2026-08-08.tsv	Se abrió al menos un objeto de datos/documentación y se registró su estructura literal; el juicio semántico permanece separado.	NO	NO	La ejecución produjo un terminal operativo, no evidencia suficiente para cambiar adjudicación; el baseline se conserva.
SEMPROP-404e9c30b70b2144440420cd	SEMRUN-354ccb9dc1023a0bd420d48f	REL-a750d90d3d9e1e19938fa8c4	TOBS-SEM-1aef57dff356cf0c7dabff27	data/curacion-registro/ejecucion-semantica/runs/SEMRUN-354ccb9dc1023a0bd420d48f/inputs-inspector/TOBS-SEM-1aef57dff356cf0c7dabff27.json	7f276661f5d2dc9cbed799a28bb2a2fcd649ea716c4b4cad12c8289bf77192d6	data/curacion-registro/ejecucion-semantica/runs/SEMRUN-354ccb9dc1023a0bd420d48f/reportes-neutrales/TOBS-SEM-1aef57dff356cf0c7dabff27.json	965898a4e568d4381eaf4f3216fa6a0545732e8bbb2d2df11c621532021306c8	data/curacion-registro/ejecucion-semantica/runs/SEMRUN-354ccb9dc1023a0bd420d48f/inputs-curador/TCUR-1aef57dff356cf0c7dabff27.json	3424f50625ff9a1adb57769e6054af73b3d25f8ed605d263f467b5f4da188337	NO_DETERMINADO	ENBIARE	89f4c3a49c00c0e1ba1f07013e0af10bbc3289fdddc48dde816c37d3da1a742b	4dd527eb25bf9d4ed1047c7956d9ee51f20175361f9404315baae476c057cc76	NO_DETERMINADO	CANDIDATA	EJECUTADA_CON_RESULTADO	Abrir cuestionario/diccionario ENBIARE y localizar texto, codificación y llave del reactivo junto con el desenlace requerido.	b5b88ffc4e5d47a7af72b18249563a58676ecaf4cd51b8068fa3c6f309ad418c	Revisión de equivalencia y codificación antes de parametrizar.	No se propagó el estado general de la necesidad; requiere evidencia fuente-específica.	MAIN:forense/matriz-impacto-universal-2026-08-06.md	Propuesta semántica trazable o NO_DETERMINADO con supuesto faltante concreto.	MAIN:canon/glosario-v5_6.md;MAIN:canon/gobernanza-v1_15.md;MAIN:canon/modelo-decision-v4_0.md;MAIN:corpus/reports/Health__Body__Food_and_Substance_Use_in_Mexico__The_Behavioral_Layer_of_Decisions__Environment_and_Structure.md	MAIN:forense/matriz-impacto-universal-2026-08-06.md	Se abrió al menos un objeto de datos/documentación y se registró su estructura literal; el juicio semántico permanece separado.	NO	NO	La ejecución produjo un terminal operativo, no evidencia suficiente para cambiar adjudicación; el baseline se conserva.
SEMPROP-c6816718531598f6cde94b08	SEMRUN-354ccb9dc1023a0bd420d48f	REL-a8d0e6223c2d79b63a90b4f5	TOBS-SEM-fa6f610cb3bbe49bfc45e05f	data/curacion-registro/ejecucion-semantica/runs/SEMRUN-354ccb9dc1023a0bd420d48f/inputs-inspector/TOBS-SEM-fa6f610cb3bbe49bfc45e05f.json	2fa365134408eea126f84eb160093ade9f283076345f625c0dfdae0cb9cfe0ae	data/curacion-registro/ejecucion-semantica/runs/SEMRUN-354ccb9dc1023a0bd420d48f/reportes-neutrales/TOBS-SEM-fa6f610cb3bbe49bfc45e05f.json	051d13a48da47269c5f52338a108b0b639067fec8cfa5b7f51407e3113b8c18c	data/curacion-registro/ejecucion-semantica/runs/SEMRUN-354ccb9dc1023a0bd420d48f/inputs-curador/TCUR-fa6f610cb3bbe49bfc45e05f.json	5e3f95ccb0d2e12001bb3257f1930f179d574602bdf5a1cc6886da9ec6eb2df6	NO_DETERMINADO	RELLABORALESPRUEBA	89f4c3a49c00c0e1ba1f07013e0af10bbc3289fdddc48dde816c37d3da1a742b	4dd527eb25bf9d4ed1047c7956d9ee51f20175361f9404315baae476c057cc76	NO_DETERMINADO	CANDIDATA	FUENTE_ABIERTA_SIN_OBJETO_REQUERIDO	Resolver si es dataset o artefacto.	75172d1f12c2f64e0c2aba3be4f1b284bec275ef1decd7410a6755634a7c10b0	Revisión de equivalencia y codificación antes de parametrizar.	No se propagó el estado general de la necesidad; requiere evidencia fuente-específica.	MAIN:canon/gobernanza-v1_15.md	Propuesta semántica trazable o NO_DETERMINADO con supuesto faltante concreto.	MAIN:canon/estado-programa-v1_10.md;MAIN:canon/glosario-v5_6.md;MAIN:canon/gobernanza-v1_15.md;MAIN:canon/integrador-psicologia-mexicano.md	MAIN:canon/gobernanza-v1_15.md	Se abrió la fuente/referencia, pero no un objeto que cierre literalmente la acción individual; usar la receta y frontera registradas.	NO	NO	La ejecución produjo un terminal operativo, no evidencia suficiente para cambiar adjudicación; el baseline se conserva.
SEMPROP-2064e2603088586b3dca19d3	SEMRUN-354ccb9dc1023a0bd420d48f	REL-aaf9d3c2e0d9b3d294df4840	TOBS-SEM-277b279fc394b3aba4b63673	data/curacion-registro/ejecucion-semantica/runs/SEMRUN-354ccb9dc1023a0bd420d48f/inputs-inspector/TOBS-SEM-277b279fc394b3aba4b63673.json	597f60f9c29785b41494930a28135a8ed4f6de3967fc8b95b25f9e77da14e005	data/curacion-registro/ejecucion-semantica/runs/SEMRUN-354ccb9dc1023a0bd420d48f/reportes-neutrales/TOBS-SEM-277b279fc394b3aba4b63673.json	542dd96b31bc7492da53bdfe722e28cca05267ce486a08eebb8a7cd07c4a5bdf	data/curacion-registro/ejecucion-semantica/runs/SEMRUN-354ccb9dc1023a0bd420d48f/inputs-curador/TCUR-277b279fc394b3aba4b63673.json	ca4b6342929018a66285b68f8476961ac450321570d8e578d942c8217816f880	NO_DETERMINADO	FINANZAS	89f4c3a49c00c0e1ba1f07013e0af10bbc3289fdddc48dde816c37d3da1a742b	4dd527eb25bf9d4ed1047c7956d9ee51f20175361f9404315baae476c057cc76	NO_DETERMINADO	CANDIDATA	FUENTE_ABIERTA_SIN_OBJETO_REQUERIDO	Resolver la etiqueta FINANZAS a una fuente canónica concreta ya reunida y abrir su instrumento contra el par requerido.	c5b344f3f2a9867317cc96ec459a437373e5f98668ace2f235f09acb7eb413b6	Revisión de equivalencia y codificación antes de parametrizar.	No se propagó el estado general de la necesidad; requiere evidencia fuente-específica.	MAIN:canon/glosario-v5_6.md;MAIN:canon/modelo-decision-v4_0.md;MAIN:corpus/forense/Apuestas_Conductuales_sobre_el_Consumidor_Mexicano__Validación_Forense_de_Supuestos_contra_Desenlaces_Reales.md;MAIN:corpus/forense/Crédito_Fácil_y_Sobreendeudamiento_en_México__Escaneo_de_Indicadores_Adelantados_2025-2026.md	Propuesta semántica trazable o NO_DETERMINADO con supuesto faltante concreto.	MAIN:canon/glosario-v5_6.md;MAIN:canon/modelo-decision-v4_0.md;MAIN:corpus/forense/Apuestas_Conductuales_sobre_el_Consumidor_Mexicano__Validación_Forense_de_Supuestos_contra_Desenlaces_Reales.md;MAIN:corpus/forense/Crédito_Fácil_y_Sobreendeudamiento_en_México__Escaneo_de_Indicadores_Adelantados_2025-2026.md	MAIN:canon/glosario-v5_6.md;MAIN:canon/modelo-decision-v4_0.md;MAIN:corpus/forense/Apuestas_Conductuales_sobre_el_Consumidor_Mexicano__Validación_Forense_de_Supuestos_contra_Desenlaces_Reales.md;MAIN:corpus/forense/Crédito_Fácil_y_Sobreendeudamiento_en_México__Escaneo_de_Indicadores_Adelantados_2025-2026.md	Se abrió la fuente/referencia, pero no un objeto que cierre literalmente la acción individual; usar la receta y frontera registradas.	NO	NO	La ejecución produjo un terminal operativo, no evidencia suficiente para cambiar adjudicación; el baseline se conserva.
SEMPROP-1b7486e6480505d28e61ceee	SEMRUN-354ccb9dc1023a0bd420d48f	REL-abd2650bcf443274eb467a60	TOBS-SEM-191fa324b0e3df001f1aa3fe	data/curacion-registro/ejecucion-semantica/runs/SEMRUN-354ccb9dc1023a0bd420d48f/inputs-inspector/TOBS-SEM-191fa324b0e3df001f1aa3fe.json	bf64acec181b3224e5fed7c4230c86b4f6293c5e56697f922a5a3c1989ef1d70	data/curacion-registro/ejecucion-semantica/runs/SEMRUN-354ccb9dc1023a0bd420d48f/reportes-neutrales/TOBS-SEM-191fa324b0e3df001f1aa3fe.json	6f624aaf1a09292b2c82ab2b69434f3f12755cc35ef07dc06401c7535a106a1a	data/curacion-registro/ejecucion-semantica/runs/SEMRUN-354ccb9dc1023a0bd420d48f/inputs-curador/TCUR-191fa324b0e3df001f1aa3fe.json	039b4b206f324449ae439ee17f99acd3016c4301ebee4751f80acee38c8515fe	NO_DETERMINADO	MEXICO_ENTERPRISE_SURVEYS_COMPONENTE_PANEL_CANDIDATO_2006_2010	89f4c3a49c00c0e1ba1f07013e0af10bbc3289fdddc48dde816c37d3da1a742b	4dd527eb25bf9d4ed1047c7956d9ee51f20175361f9404315baae476c057cc76	NO_DETERMINADO	CANDIDATA	FUENTE_ABIERTA_SIN_OBJETO_REQUERIDO	Abrir diccionario y archivo panel; comprobar dos observaciones por idPANEL2006 y mapear predictor y desenlace requeridos.	e6132f567607fb339cb3c907e9b29072e9c2d5d7cabb00cde3709c1779a00e4f	Revisión de equivalencia y codificación antes de parametrizar.	Escala/diseño/universo:	MAIN:data/mapa-fuentes-externas-consolidado-2026-08-06.tsv:L7	EVIDENCIA_LOCALIZADA, NO_ACCESIBLE, NO_DETERMINADO o SIN_RUTA_VIABLE_ACTUAL tras máximo dos intentos.	MAIN:data/mapa-fuentes-externas-consolidado-2026-08-06.tsv:L7	MAIN:data/mapa-fuentes-externas-consolidado-2026-08-06.tsv:L7	Se abrió la fuente/referencia, pero no un objeto que cierre literalmente la acción individual; usar la receta y frontera registradas.	NO	NO	La ejecución produjo un terminal operativo, no evidencia suficiente para cambiar adjudicación; el baseline se conserva.
SEMPROP-a835507f6c1e067b190d2af1	SEMRUN-354ccb9dc1023a0bd420d48f	REL-b034b04e9ba040bd02e39b8b	TOBS-SEM-8bec8cdf4e68317ff2c0221a	data/curacion-registro/ejecucion-semantica/runs/SEMRUN-354ccb9dc1023a0bd420d48f/inputs-inspector/TOBS-SEM-8bec8cdf4e68317ff2c0221a.json	18b35647a176586b2e9de2530ea9c2a19833a7e743cdf87d88ffca62994d33e2	data/curacion-registro/ejecucion-semantica/runs/SEMRUN-354ccb9dc1023a0bd420d48f/reportes-neutrales/TOBS-SEM-8bec8cdf4e68317ff2c0221a.json	ade5cb54f991f0550460b1bd120101f91d1e0487a9ed05a7be413942d1225468	data/curacion-registro/ejecucion-semantica/runs/SEMRUN-354ccb9dc1023a0bd420d48f/inputs-curador/TCUR-8bec8cdf4e68317ff2c0221a.json	2b79b4533d2af9ba4e209ce056201bb1cd298ea0714daf3cd2ffe9ba35f1e68b	NO_DETERMINADO	ISSP	89f4c3a49c00c0e1ba1f07013e0af10bbc3289fdddc48dde816c37d3da1a742b	4dd527eb25bf9d4ed1047c7956d9ee51f20175361f9404315baae476c057cc76	NO_DETERMINADO	CANDIDATA	EJECUTADA_CON_RESULTADO	Abrir codebook.	cbaa94a86de1c4fec2a241af2976841d29dc2a9bf7f0427dae2b2da32280d080	Revisión de equivalencia y codificación antes de parametrizar.	Escala/diseño/universo:	MAIN:data/mapa-ext-general-2026-08-06.tsv:L5	EVIDENCIA_LOCALIZADA, NO_ACCESIBLE, NO_DETERMINADO o SIN_RUTA_VIABLE_ACTUAL tras máximo dos intentos.	MAIN:data/mapa-ext-general-2026-08-06.tsv:L5	MAIN:data/mapa-ext-general-2026-08-06.tsv:L5	Se abrió al menos un objeto de datos/documentación y se registró su estructura literal; el juicio semántico permanece separado.	NO	NO	La ejecución produjo un terminal operativo, no evidencia suficiente para cambiar adjudicación; el baseline se conserva.
SEMPROP-e61c4c1e1dd79f320614fab1	SEMRUN-354ccb9dc1023a0bd420d48f	REL-b8a1bd303f0aac03e3b1bdd7	TOBS-SEM-cc5e3fdbd98ba9f00c9deb7f	data/curacion-registro/ejecucion-semantica/runs/SEMRUN-354ccb9dc1023a0bd420d48f/inputs-inspector/TOBS-SEM-cc5e3fdbd98ba9f00c9deb7f.json	06debc40f113624b44dfaa924bbcf58e3e93eb0c4a53d1f769ca3f4117c665b5	data/curacion-registro/ejecucion-semantica/runs/SEMRUN-354ccb9dc1023a0bd420d48f/reportes-neutrales/TOBS-SEM-cc5e3fdbd98ba9f00c9deb7f.json	7804a56a5897f6c706afca6fa445cf17e7557e0e7adaac0a54a25c9ce1c1cc9c	data/curacion-registro/ejecucion-semantica/runs/SEMRUN-354ccb9dc1023a0bd420d48f/inputs-curador/TCUR-cc5e3fdbd98ba9f00c9deb7f.json	6bdca2382ed096a601c1d092abe44b22bd2a6bf270c06e7915d1a18bad32f6ae	NO_DETERMINADO	ENSAFI	89f4c3a49c00c0e1ba1f07013e0af10bbc3289fdddc48dde816c37d3da1a742b	4dd527eb25bf9d4ed1047c7956d9ee51f20175361f9404315baae476c057cc76	NO_DETERMINADO	CANDIDATA	EJECUTADA_CON_RESULTADO	Abrir el cuestionario/diccionario ENSAFI correspondiente y verificar texto, codificación y desenlace coobservado.	3a813d43751817e97098da205f2b8038f6e96f35360b0820fa38723a5b7b1974	Revisión de equivalencia y codificación antes de parametrizar.	No se propagó el estado general de la necesidad; requiere evidencia fuente-específica.	MAIN:canon/estado-programa-v1_10.md	Propuesta semántica trazable o NO_DETERMINADO con supuesto faltante concreto.	MAIN:canon/estado-programa-v1_10.md;MAIN:canon/glosario-v5_6.md;MAIN:canon/gobernanza-v1_15.md;MAIN:canon/integrador-psicologia-mexicano.md	MAIN:canon/estado-programa-v1_10.md	Se abrió al menos un objeto de datos/documentación y se registró su estructura literal; el juicio semántico permanece separado.	NO	NO	La ejecución produjo un terminal operativo, no evidencia suficiente para cambiar adjudicación; el baseline se conserva.
SEMPROP-0420341b6d48f710a6deeef4	SEMRUN-354ccb9dc1023a0bd420d48f	REL-bb570a7a7c72c881de31f75d	TOBS-SEM-75c2e32f4ee994e46217df03	data/curacion-registro/ejecucion-semantica/runs/SEMRUN-354ccb9dc1023a0bd420d48f/inputs-inspector/TOBS-SEM-75c2e32f4ee994e46217df03.json	16eda1e583734d3f1b939f056bfe97380ff906d6b8ffdb2cac120719c3e40d37	data/curacion-registro/ejecucion-semantica/runs/SEMRUN-354ccb9dc1023a0bd420d48f/reportes-neutrales/TOBS-SEM-75c2e32f4ee994e46217df03.json	411b59bd3ece01303462ab3227b698b710abcd4ff1ad55d238ca7e8cbfbbe027	data/curacion-registro/ejecucion-semantica/runs/SEMRUN-354ccb9dc1023a0bd420d48f/inputs-curador/TCUR-75c2e32f4ee994e46217df03.json	4ea1609f947c8b3e9ae7a9eeca6c4e4111506a1ac8a1ac927a51df3fa6277304	NO_DETERMINADO	DOES_CORRUPTION_INFORMATION_INSPIRE_THE_FIGHT_OR_QUASH_THE_HOPE	89f4c3a49c00c0e1ba1f07013e0af10bbc3289fdddc48dde816c37d3da1a742b	4dd527eb25bf9d4ed1047c7956d9ee51f20175361f9404315baae476c057cc76	NO_DETERMINADO	CANDIDATA	EJECUTADA_CON_RESULTADO	Abrir instrumento y tablas del estudio; localizar tratamiento informativo, outcome y estimando pertinente.	7f036c47afc4a5bd11592b151d061aea99b8b28e82df65d53698b1eed5678ecb	Revisión de equivalencia y codificación antes de parametrizar.	Escala/diseño/universo:	MAIN:data/mapa-ext-academico-2026-08-06.tsv	EVIDENCIA_LOCALIZADA, NO_ACCESIBLE, NO_DETERMINADO o SIN_RUTA_VIABLE_ACTUAL tras máximo dos intentos.	MAIN:data/mapa-ext-academico-2026-08-06.tsv:L2	MAIN:data/mapa-ext-academico-2026-08-06.tsv	Se abrió al menos un objeto de datos/documentación y se registró su estructura literal; el juicio semántico permanece separado.	NO	NO	La ejecución produjo un terminal operativo, no evidencia suficiente para cambiar adjudicación; el baseline se conserva.
SEMPROP-de466d0d4058dd434b5786f9	SEMRUN-354ccb9dc1023a0bd420d48f	REL-be38af5d3d025cfda97775c1	TOBS-SEM-5211d9cddf15a8eafed6c87a	data/curacion-registro/ejecucion-semantica/runs/SEMRUN-354ccb9dc1023a0bd420d48f/inputs-inspector/TOBS-SEM-5211d9cddf15a8eafed6c87a.json	d6f75b07faee999bea8c055c3e216b21a6df3f3850db8fb94171eaeef72c586b	data/curacion-registro/ejecucion-semantica/runs/SEMRUN-354ccb9dc1023a0bd420d48f/reportes-neutrales/TOBS-SEM-5211d9cddf15a8eafed6c87a.json	0800373f36218ff28aaeff2b2c14fa33f8f974120e6176f482de5c384823762b	data/curacion-registro/ejecucion-semantica/runs/SEMRUN-354ccb9dc1023a0bd420d48f/inputs-curador/TCUR-5211d9cddf15a8eafed6c87a.json	4e0afe01ecad51e68b1535d2d5ad192be0a3852e82e0b5d815671ffbf48d98c0	NO_DETERMINADO	BASE_DEL_OBSERVATORIO_DE_CONFLICTOS_POR_EL_AGUA	89f4c3a49c00c0e1ba1f07013e0af10bbc3289fdddc48dde816c37d3da1a742b	4dd527eb25bf9d4ed1047c7956d9ee51f20175361f9404315baae476c057cc76	NO_DETERMINADO	CANDIDATA	FUENTE_ABIERTA_SIN_OBJETO_REQUERIDO	Abrir diccionario y mapear evento, actor, repertorio, resultado, geografía y periodo.	66bf90c2e22b22db2e86c216e6fb2123dde2ef881a0c7e3e7d273f9540396e55	Revisión de equivalencia y codificación antes de parametrizar.	Escala/diseño/universo:	MAIN:data/mapa-fuentes-externas-consolidado-2026-08-06.tsv	EVIDENCIA_LOCALIZADA, NO_ACCESIBLE, NO_DETERMINADO o SIN_RUTA_VIABLE_ACTUAL tras máximo dos intentos.	MAIN:data/mapa-fuentes-externas-consolidado-2026-08-06.tsv:L25	MAIN:data/mapa-fuentes-externas-consolidado-2026-08-06.tsv	Se abrió la fuente/referencia, pero no un objeto que cierre literalmente la acción individual; usar la receta y frontera registradas.	NO	NO	La ejecución produjo un terminal operativo, no evidencia suficiente para cambiar adjudicación; el baseline se conserva.
SEMPROP-d808d257713c4ce33e185161	SEMRUN-354ccb9dc1023a0bd420d48f	REL-c065ff3c4b02af2b359a6a40	TOBS-SEM-405ac49148a2b472dc0765c2	data/curacion-registro/ejecucion-semantica/runs/SEMRUN-354ccb9dc1023a0bd420d48f/inputs-inspector/TOBS-SEM-405ac49148a2b472dc0765c2.json	a4ad04a30b90475f6669eae2d806a8b069a5450b99dd3130e58375107e6390e6	data/curacion-registro/ejecucion-semantica/runs/SEMRUN-354ccb9dc1023a0bd420d48f/reportes-neutrales/TOBS-SEM-405ac49148a2b472dc0765c2.json	45aac6bdddc48b389675dadba15aa12a87f81cd4386c900f2f17f9c02bc5ef44	data/curacion-registro/ejecucion-semantica/runs/SEMRUN-354ccb9dc1023a0bd420d48f/inputs-curador/TCUR-405ac49148a2b472dc0765c2.json	8299f1bf14ab68f200f00d88dc0437e20241202fbb5e5c6485dff19fc3c078c8	NO_DETERMINADO	ENSAFI	89f4c3a49c00c0e1ba1f07013e0af10bbc3289fdddc48dde816c37d3da1a742b	4dd527eb25bf9d4ed1047c7956d9ee51f20175361f9404315baae476c057cc76	NO_DETERMINADO	CANDIDATA	EJECUTADA_CON_RESULTADO	Abrir el cuestionario/diccionario ENSAFI correspondiente y verificar texto, codificación y desenlace coobservado.	3a813d43751817e97098da205f2b8038f6e96f35360b0820fa38723a5b7b1974	Revisión de equivalencia y codificación antes de parametrizar.	No se propagó el estado general de la necesidad; requiere evidencia fuente-específica.	MAIN:canon/glosario-v5_6.md	Propuesta semántica trazable o NO_DETERMINADO con supuesto faltante concreto.	MAIN:canon/glosario-v5_6.md;MAIN:canon/integrador-psicologia-mexicano.md;MAIN:canon/modelo-decision-v4_0.md;MAIN:corpus/reports/Autoridad_y_jerarquía_en_el_México_contemporáneo__anatomía_psicológica_de_un_sistema_dual.md	MAIN:canon/glosario-v5_6.md	Se abrió al menos un objeto de datos/documentación y se registró su estructura literal; el juicio semántico permanece separado.	NO	NO	La ejecución produjo un terminal operativo, no evidencia suficiente para cambiar adjudicación; el baseline se conserva.
SEMPROP-08c5aa485ac2e3bf42afa403	SEMRUN-354ccb9dc1023a0bd420d48f	REL-c0ffdbcc616f342880df820a	TOBS-SEM-3c87404291e3fd010df2fa91	data/curacion-registro/ejecucion-semantica/runs/SEMRUN-354ccb9dc1023a0bd420d48f/inputs-inspector/TOBS-SEM-3c87404291e3fd010df2fa91.json	44bc825b89ecd0eafe326741cc92f0f786e56895c3fb128b8eb07552e5aa2aa1	data/curacion-registro/ejecucion-semantica/runs/SEMRUN-354ccb9dc1023a0bd420d48f/reportes-neutrales/TOBS-SEM-3c87404291e3fd010df2fa91.json	524ed4889b665525adb4878389f25b4120e33714bee05af5e48c1fafdb8d596e	data/curacion-registro/ejecucion-semantica/runs/SEMRUN-354ccb9dc1023a0bd420d48f/inputs-curador/TCUR-3c87404291e3fd010df2fa91.json	d08cc7e6ead0d1d8776ca782f3143cc285b5702f649461eab150e7c75c3fe288	NO_DETERMINADO	CSES	89f4c3a49c00c0e1ba1f07013e0af10bbc3289fdddc48dde816c37d3da1a742b	4dd527eb25bf9d4ed1047c7956d9ee51f20175361f9404315baae476c057cc76	NO_DETERMINADO	CANDIDATA	NO_ALCANZO_TRAS_INTENTOS	Abrir codebook y cuestionario México 2018 y documentar variable, codificación y granularidad; cerrar si no aparece el diseño requerido.	68eb1fc86d0f1a425e1a5a7c259246ba20bdf33fa8731f12b32efd604b6d59f4	Revisión de equivalencia y codificación antes de parametrizar.	Escala/diseño/universo:	MAIN:data/mapa-ext-general-2026-08-06.tsv:L7	EVIDENCIA_LOCALIZADA, NO_ACCESIBLE, NO_DETERMINADO o SIN_RUTA_VIABLE_ACTUAL tras máximo dos intentos.	MAIN:data/mapa-ext-general-2026-08-06.tsv:L7	MAIN:data/mapa-ext-general-2026-08-06.tsv:L7	Los intentos reales terminaron sin HTTP 2xx; continuar solo con acceso alternativo autorizado o localizador corregido.	NO	NO	La ejecución produjo un terminal operativo, no evidencia suficiente para cambiar adjudicación; el baseline se conserva.
SEMPROP-d07621907d9e2a73a89f74cb	SEMRUN-354ccb9dc1023a0bd420d48f	REL-c3e1306bb304b019d0a94e4b	TOBS-SEM-d514d958d30ab3e514cffd9f	data/curacion-registro/ejecucion-semantica/runs/SEMRUN-354ccb9dc1023a0bd420d48f/inputs-inspector/TOBS-SEM-d514d958d30ab3e514cffd9f.json	8d2124045135de0a8e41a11997f02e842e883261c26ed4acaacbd57ad617d916	data/curacion-registro/ejecucion-semantica/runs/SEMRUN-354ccb9dc1023a0bd420d48f/reportes-neutrales/TOBS-SEM-d514d958d30ab3e514cffd9f.json	38528aa09c5388532772302253b8ee5adf6eab9cfcd389b8e939e4dd47ccc968	data/curacion-registro/ejecucion-semantica/runs/SEMRUN-354ccb9dc1023a0bd420d48f/inputs-curador/TCUR-d514d958d30ab3e514cffd9f.json	b7925e22dd16982825c2d1235000f966a705bc3c51fe18b1f09237da80111d8b	NO_DETERMINADO	01-	89f4c3a49c00c0e1ba1f07013e0af10bbc3289fdddc48dde816c37d3da1a742b	4dd527eb25bf9d4ed1047c7956d9ee51f20175361f9404315baae476c057cc76	NO_DETERMINADO	CANDIDATA	FUENTE_ABIERTA_SIN_OBJETO_REQUERIDO	Resolver a un payload canónico local y abrir tabla/diccionario con unidad, periodo y variables de exposición y desenlace.	d037550cd1426688fd2abdfa16eb77e05f030000d4b29c15b046192bde2e8c55	Revisión de equivalencia y codificación antes de parametrizar.	No se propagó el estado general de la necesidad; requiere evidencia fuente-específica.	MAIN:canon/glosario-v5_6.md;MAIN:canon/integrador-psicologia-mexicano.md;MAIN:canon/modelo-decision-v4_0.md;MAIN:corpus/reports/Autoridad_y_jerarquía_en_el_México_contemporáneo__anatomía_psicológica_de_un_sistema_dual.md	Propuesta semántica trazable o NO_DETERMINADO con supuesto faltante concreto.	MAIN:canon/glosario-v5_6.md;MAIN:canon/integrador-psicologia-mexicano.md;MAIN:canon/modelo-decision-v4_0.md;MAIN:corpus/reports/Autoridad_y_jerarquía_en_el_México_contemporáneo__anatomía_psicológica_de_un_sistema_dual.md	MAIN:canon/glosario-v5_6.md;MAIN:canon/integrador-psicologia-mexicano.md;MAIN:canon/modelo-decision-v4_0.md;MAIN:corpus/reports/Autoridad_y_jerarquía_en_el_México_contemporáneo__anatomía_psicológica_de_un_sistema_dual.md	Se abrió la fuente/referencia, pero no un objeto que cierre literalmente la acción individual; usar la receta y frontera registradas.	NO	NO	La ejecución produjo un terminal operativo, no evidencia suficiente para cambiar adjudicación; el baseline se conserva.
SEMPROP-f953ed05569dfd6b0477129a	SEMRUN-354ccb9dc1023a0bd420d48f	REL-c59edf3fce0cc17066bed9ee	TOBS-SEM-0bdd43331347c0e7a4a85107	data/curacion-registro/ejecucion-semantica/runs/SEMRUN-354ccb9dc1023a0bd420d48f/inputs-inspector/TOBS-SEM-0bdd43331347c0e7a4a85107.json	478d3080af812cfbdfddf38931269efc900882a9a1b99a7f96c3f993ece3f1e6	data/curacion-registro/ejecucion-semantica/runs/SEMRUN-354ccb9dc1023a0bd420d48f/reportes-neutrales/TOBS-SEM-0bdd43331347c0e7a4a85107.json	78bd7bfa7e86a8b20b99622b490fc6cfc1be306e4bb82b55750b82aba688b2b2	data/curacion-registro/ejecucion-semantica/runs/SEMRUN-354ccb9dc1023a0bd420d48f/inputs-curador/TCUR-0bdd43331347c0e7a4a85107.json	e6f12eeb8ca11fe9267853a7f0bd36c29b8bb68c5fa89950c7d2ad499e3caabc	NO_DETERMINADO	COMPARATIVE_STUDY_OF_ELECTORAL_SYSTEMS_MEXICO_2018	89f4c3a49c00c0e1ba1f07013e0af10bbc3289fdddc48dde816c37d3da1a742b	4dd527eb25bf9d4ed1047c7956d9ee51f20175361f9404315baae476c057cc76	NO_DETERMINADO	CANDIDATA	FUENTE_ABIERTA_SIN_OBJETO_REQUERIDO	Abrir codebook y cuestionario México 2018 y documentar variable, codificación y granularidad; cerrar si no aparece el diseño requerido.	68eb1fc86d0f1a425e1a5a7c259246ba20bdf33fa8731f12b32efd604b6d59f4	Revisión de equivalencia y codificación antes de parametrizar.	Escala/diseño/universo:	MAIN:data/mapa-ext-academico-2026-08-06.tsv:L10	EVIDENCIA_LOCALIZADA, NO_ACCESIBLE, NO_DETERMINADO o SIN_RUTA_VIABLE_ACTUAL tras máximo dos intentos.	MAIN:data/mapa-ext-academico-2026-08-06.tsv:L10	MAIN:data/mapa-ext-academico-2026-08-06.tsv:L10	Se abrió la fuente/referencia, pero no un objeto que cierre literalmente la acción individual; usar la receta y frontera registradas.	NO	NO	La ejecución produjo un terminal operativo, no evidencia suficiente para cambiar adjudicación; el baseline se conserva.
SEMPROP-2cdf47301952277023fd4e19	SEMRUN-354ccb9dc1023a0bd420d48f	REL-c6870668d94d02dded8c4126	TOBS-SEM-62eecdbd86a466771ad58b2e	data/curacion-registro/ejecucion-semantica/runs/SEMRUN-354ccb9dc1023a0bd420d48f/inputs-inspector/TOBS-SEM-62eecdbd86a466771ad58b2e.json	4462f86e7c481b78063f056ae8a9ead05657ba1c3198764f672cb221b24d245d	data/curacion-registro/ejecucion-semantica/runs/SEMRUN-354ccb9dc1023a0bd420d48f/reportes-neutrales/TOBS-SEM-62eecdbd86a466771ad58b2e.json	df907060a54a49006695b8800dc018fcbaca65f50125b6ba08182bd7d35a5af4	data/curacion-registro/ejecucion-semantica/runs/SEMRUN-354ccb9dc1023a0bd420d48f/inputs-curador/TCUR-62eecdbd86a466771ad58b2e.json	b246113e7c089809b6403c6430a115f2571c419e8520696e61b43a2b2b1f977f	NO_DETERMINADO	CCPV	89f4c3a49c00c0e1ba1f07013e0af10bbc3289fdddc48dde816c37d3da1a742b	4dd527eb25bf9d4ed1047c7956d9ee51f20175361f9404315baae476c057cc76	NO_DETERMINADO	CANDIDATA	FUENTE_ABIERTA_SIN_OBJETO_REQUERIDO	Abrir instrumento, ficha muestral y resultados CCPV; verificar cobertura geográfica y réplica del estimando original.	bc8839c9105b983c1ec7662da6e8685968d946b6441eea23ef00a090e26477db	Revisión de equivalencia y codificación antes de parametrizar.	No se propagó el estado general de la necesidad; requiere evidencia fuente-específica.	MAIN:forense/hitoE-campana-medicion-v2_0.md	Propuesta semántica trazable o NO_DETERMINADO con supuesto faltante concreto.	MAIN:canon/glosario-v5_6.md;MAIN:corpus/reports/El_México_Rural_e_Indígena_en_sus_Propios_Términos__Comunalidad__Autoridad_y_Reciprocidad_como_Sistemas_con_Lógica_Propia.md;MAIN:corpus/reports/La_arquitectura_invisible_de_la_interacción_social_en_México.md;MAIN:corpus/reports/Psychology_of_Mexico-US_Migration__Identity__Family__Aspiration__and_Wellbeing_in_2025.md	MAIN:forense/hitoE-campana-medicion-v2_0.md	Se abrió la fuente/referencia, pero no un objeto que cierre literalmente la acción individual; usar la receta y frontera registradas.	NO	NO	La ejecución produjo un terminal operativo, no evidencia suficiente para cambiar adjudicación; el baseline se conserva.
SEMPROP-5bc853b662e1b8f89a25ffff	SEMRUN-354ccb9dc1023a0bd420d48f	REL-c72dd30027c28df4603464d5	TOBS-SEM-4da3c96bdd885aa41809e8b9	data/curacion-registro/ejecucion-semantica/runs/SEMRUN-354ccb9dc1023a0bd420d48f/inputs-inspector/TOBS-SEM-4da3c96bdd885aa41809e8b9.json	30369aad64326559a1c635350da44aba75ac42ca5c7393246cc89d77637a27f8	data/curacion-registro/ejecucion-semantica/runs/SEMRUN-354ccb9dc1023a0bd420d48f/reportes-neutrales/TOBS-SEM-4da3c96bdd885aa41809e8b9.json	bdff31bc476fb35864bb6c7f7f36ec60fe6d49a421a62caa40546567ec2dab40	data/curacion-registro/ejecucion-semantica/runs/SEMRUN-354ccb9dc1023a0bd420d48f/inputs-curador/TCUR-4da3c96bdd885aa41809e8b9.json	54530f1d4d1f0ad5cf30e3d64dcb3646b0f65eddbcd418d2e24f449ed94b4643	NO_DETERMINADO	GPS	89f4c3a49c00c0e1ba1f07013e0af10bbc3289fdddc48dde816c37d3da1a742b	4dd527eb25bf9d4ed1047c7956d9ee51f20175361f9404315baae476c057cc76	ESCALAR	CANDIDATA	REQUIERE_DECISION_HUMANA	Obtener autorización de licencia y abrir codebook/archivo México; localizar el par reactivo–desenlace exacto.	84d803994434985f361bc6efc9f311d9e27f320c7dab31f804d9296fb4f4a7ba	Revisión de equivalencia y codificación antes de parametrizar.	No se propagó el estado general de la necesidad; requiere evidencia fuente-específica.	MAIN:canon/integrador-psicologia-mexicano.md;MAIN:canon/modelo-decision-v4_0.md;MAIN:corpus/reports/Autoridad_y_jerarquía_en_el_México_contemporáneo__anatomía_psicológica_de_un_sistema_dual.md;MAIN:corpus/reports/La_arquitectura_invisible_de_la_interacción_social_en_México.md	Propuesta semántica trazable o NO_DETERMINADO con supuesto faltante concreto.	MAIN:canon/integrador-psicologia-mexicano.md;MAIN:canon/modelo-decision-v4_0.md;MAIN:corpus/reports/Autoridad_y_jerarquía_en_el_México_contemporáneo__anatomía_psicológica_de_un_sistema_dual.md;MAIN:corpus/reports/La_arquitectura_invisible_de_la_interacción_social_en_México.md	MAIN:canon/integrador-psicologia-mexicano.md;MAIN:canon/modelo-decision-v4_0.md;MAIN:corpus/reports/Autoridad_y_jerarquía_en_el_México_contemporáneo__anatomía_psicológica_de_un_sistema_dual.md;MAIN:corpus/reports/La_arquitectura_invisible_de_la_interacción_social_en_México.md	La acción exige autorización/licencia y no apareció un objeto descargable abierto en los intentos permitidos.	NO	NO	La ejecución produjo un terminal operativo, no evidencia suficiente para cambiar adjudicación; el baseline se conserva.
SEMPROP-8d9533f88d3aa91083853a6f	SEMRUN-354ccb9dc1023a0bd420d48f	REL-c9a73bd2a8258784f9f08ea8	TOBS-SEM-4989def735c2d8e7a015ff7b	data/curacion-registro/ejecucion-semantica/runs/SEMRUN-354ccb9dc1023a0bd420d48f/inputs-inspector/TOBS-SEM-4989def735c2d8e7a015ff7b.json	5837ab94cbda4e93eb1b827df94026ec54c680de38513d9577b4654b8fcd2935	data/curacion-registro/ejecucion-semantica/runs/SEMRUN-354ccb9dc1023a0bd420d48f/reportes-neutrales/TOBS-SEM-4989def735c2d8e7a015ff7b.json	8bfe6ddb2ac8f55d4a45d6ef9e0f3cc6a0308258c03ea5ef4ad55de8b43a62ac	data/curacion-registro/ejecucion-semantica/runs/SEMRUN-354ccb9dc1023a0bd420d48f/inputs-curador/TCUR-4989def735c2d8e7a015ff7b.json	f1d13711923aadef042ef124930525b5abd9be42e01abb6053d44bdd10384170	NO_DETERMINADO	MICROCREDIT_IMPACTS_COMPARTAMOS_RCT	89f4c3a49c00c0e1ba1f07013e0af10bbc3289fdddc48dde816c37d3da1a742b	4dd527eb25bf9d4ed1047c7956d9ee51f20175361f9404315baae476c057cc76	NO_DETERMINADO	CANDIDATA	FUENTE_ABIERTA_SIN_OBJETO_REQUERIDO	Abrir codebook y buscar el reactivo literal de estatus; no inferirlo de gasto, crédito o bienestar.	88d6c00e835e31d094ac93a7f945fd3e8dae764f600f5a4778e6827e30be1c07	Revisión de equivalencia y codificación antes de parametrizar.	Escala/diseño/universo:	MAIN:data/mapa-fuentes-externas-consolidado-2026-08-06.tsv:L8	EVIDENCIA_LOCALIZADA, NO_ACCESIBLE, NO_DETERMINADO o SIN_RUTA_VIABLE_ACTUAL tras máximo dos intentos.	MAIN:data/mapa-fuentes-externas-consolidado-2026-08-06.tsv:L8	MAIN:data/mapa-fuentes-externas-consolidado-2026-08-06.tsv:L8	Se abrió la fuente/referencia, pero no un objeto que cierre literalmente la acción individual; usar la receta y frontera registradas.	NO	NO	La ejecución produjo un terminal operativo, no evidencia suficiente para cambiar adjudicación; el baseline se conserva.
SEMPROP-27fd560dd8c3c6a0d1d9d092	SEMRUN-354ccb9dc1023a0bd420d48f	REL-ca5ecbdfd4be3728df0e509f	TOBS-SEM-47b3d1ff0ef31288f235b2de	data/curacion-registro/ejecucion-semantica/runs/SEMRUN-354ccb9dc1023a0bd420d48f/inputs-inspector/TOBS-SEM-47b3d1ff0ef31288f235b2de.json	134147bb294f6a9aba6452b8e24ee2d4eb4f48d7dca13a4bb6c88d60ca458e56	data/curacion-registro/ejecucion-semantica/runs/SEMRUN-354ccb9dc1023a0bd420d48f/reportes-neutrales/TOBS-SEM-47b3d1ff0ef31288f235b2de.json	b34f6b7b82d0ca1613fc6f80ce2646fa8e9b71aed6d4a1a1d5bdba73171d95c1	data/curacion-registro/ejecucion-semantica/runs/SEMRUN-354ccb9dc1023a0bd420d48f/inputs-curador/TCUR-47b3d1ff0ef31288f235b2de.json	f1841491dd450d2d88e28503d3af7899e0c2a447619e9ba87d41e552fe1c8589	NO_DETERMINADO	GPS	89f4c3a49c00c0e1ba1f07013e0af10bbc3289fdddc48dde816c37d3da1a742b	4dd527eb25bf9d4ed1047c7956d9ee51f20175361f9404315baae476c057cc76	ESCALAR	CANDIDATA	REQUIERE_DECISION_HUMANA	Obtener autorización de licencia y abrir codebook/archivo México; localizar el par reactivo–desenlace exacto.	84d803994434985f361bc6efc9f311d9e27f320c7dab31f804d9296fb4f4a7ba	Revisión de equivalencia y codificación antes de parametrizar.	Escala/diseño/universo:	MAIN:data/mapa-ext-general-2026-08-06.tsv:L3	EVIDENCIA_LOCALIZADA, NO_ACCESIBLE, NO_DETERMINADO o SIN_RUTA_VIABLE_ACTUAL tras máximo dos intentos.	MAIN:data/mapa-ext-general-2026-08-06.tsv:L3	MAIN:data/mapa-ext-general-2026-08-06.tsv:L3	La acción exige autorización/licencia y no apareció un objeto descargable abierto en los intentos permitidos.	NO	NO	La ejecución produjo un terminal operativo, no evidencia suficiente para cambiar adjudicación; el baseline se conserva.
SEMPROP-15042de2f9f86dbffa83db9a	SEMRUN-354ccb9dc1023a0bd420d48f	REL-cc6596882b8f135c946ad0f4	TOBS-SEM-944c4ecb0ada0b70c1e85973	data/curacion-registro/ejecucion-semantica/runs/SEMRUN-354ccb9dc1023a0bd420d48f/inputs-inspector/TOBS-SEM-944c4ecb0ada0b70c1e85973.json	14002a456d1f5d9d56363511d8fa8213a019aa87ba7c11ad3d489d89266761eb	data/curacion-registro/ejecucion-semantica/runs/SEMRUN-354ccb9dc1023a0bd420d48f/reportes-neutrales/TOBS-SEM-944c4ecb0ada0b70c1e85973.json	18dea21ba8f1b4af1b829b73c9d97107306858ca7e099a0b8ca5632c869fafe6	data/curacion-registro/ejecucion-semantica/runs/SEMRUN-354ccb9dc1023a0bd420d48f/inputs-curador/TCUR-944c4ecb0ada0b70c1e85973.json	ede27dfe5f2e8db371e294a46c753c62380f84a9a6718b6fb3488c38f51a0ff3	NO_DETERMINADO	ENBIARE	89f4c3a49c00c0e1ba1f07013e0af10bbc3289fdddc48dde816c37d3da1a742b	4dd527eb25bf9d4ed1047c7956d9ee51f20175361f9404315baae476c057cc76	NO_DETERMINADO	CANDIDATA	EJECUTADA_CON_RESULTADO	Buscar en el diccionario ENBIARE abierto términos de desconocido, transacción, sanción y confianza; documentar ausencia delimitada si no aparecen.	88a0ef450eccdb0376c06b9e718634490585a35afbee7b1f2b42ee30a9bb31c4	Revisión de equivalencia y codificación antes de parametrizar.	No se propagó el estado general de la necesidad; requiere evidencia fuente-específica.	MAIN:canon/estado-programa-v1_10.md;MAIN:canon/glosario-v5_6.md;MAIN:canon/gobernanza-v1_15.md;MAIN:corpus/reports/Mexican_Population_Genomics__2025-2026_Scientific_and_Market_Opportunity_Update.md	Propuesta semántica trazable o NO_DETERMINADO con supuesto faltante concreto.	MAIN:canon/estado-programa-v1_10.md;MAIN:canon/glosario-v5_6.md;MAIN:canon/gobernanza-v1_15.md;MAIN:corpus/reports/Mexican_Population_Genomics__2025-2026_Scientific_and_Market_Opportunity_Update.md	MAIN:canon/estado-programa-v1_10.md;MAIN:canon/glosario-v5_6.md;MAIN:canon/gobernanza-v1_15.md;MAIN:corpus/reports/Mexican_Population_Genomics__2025-2026_Scientific_and_Market_Opportunity_Update.md	Se abrió al menos un objeto de datos/documentación y se registró su estructura literal; el juicio semántico permanece separado.	NO	NO	La ejecución produjo un terminal operativo, no evidencia suficiente para cambiar adjudicación; el baseline se conserva.
SEMPROP-560412d93ac4116e2c12716d	SEMRUN-354ccb9dc1023a0bd420d48f	REL-cd0d1c5fd7e85418603c73cd	TOBS-SEM-5786d01b96f19625781608ff	data/curacion-registro/ejecucion-semantica/runs/SEMRUN-354ccb9dc1023a0bd420d48f/inputs-inspector/TOBS-SEM-5786d01b96f19625781608ff.json	4112405bc85e837ec4d309d73d2f78b3b0f916209335747e056e1ccce4a0ed7f	data/curacion-registro/ejecucion-semantica/runs/SEMRUN-354ccb9dc1023a0bd420d48f/reportes-neutrales/TOBS-SEM-5786d01b96f19625781608ff.json	505b4b9e77119a0ddc749a1716aaf77a2930e7fbab0123d9d34c6e7a92e60581	data/curacion-registro/ejecucion-semantica/runs/SEMRUN-354ccb9dc1023a0bd420d48f/inputs-curador/TCUR-5786d01b96f19625781608ff.json	19817d8362eacf99926d6f20acae49687530b02a582e3fa495560a990b18f4aa	NO_DETERMINADO	ISSP	89f4c3a49c00c0e1ba1f07013e0af10bbc3289fdddc48dde816c37d3da1a742b	4dd527eb25bf9d4ed1047c7956d9ee51f20175361f9404315baae476c057cc76	NO_DETERMINADO	CANDIDATA	NO_ALCANZO_TRAS_INTENTOS	Consolidar codebook.	d4f4be4f3490f4f3f1099f5702f2daad43a081511d548e59a65707f41e713cd7	Revisión de equivalencia y codificación antes de parametrizar.	Escala/diseño/universo:	MAIN:data/mapa-ext-general-2026-08-06.tsv:L6	EVIDENCIA_LOCALIZADA, NO_ACCESIBLE, NO_DETERMINADO o SIN_RUTA_VIABLE_ACTUAL tras máximo dos intentos.	MAIN:data/mapa-ext-general-2026-08-06.tsv:L6	MAIN:data/mapa-ext-general-2026-08-06.tsv:L6	Los intentos reales terminaron sin HTTP 2xx; continuar solo con acceso alternativo autorizado o localizador corregido.	NO	NO	La ejecución produjo un terminal operativo, no evidencia suficiente para cambiar adjudicación; el baseline se conserva.
SEMPROP-2c70c3520e0ebb55cc7cb2a2	SEMRUN-354ccb9dc1023a0bd420d48f	REL-cf53a5e4bf5bf666390fa543	TOBS-SEM-0a4b4f9fe3338b76fd4498d9	data/curacion-registro/ejecucion-semantica/runs/SEMRUN-354ccb9dc1023a0bd420d48f/inputs-inspector/TOBS-SEM-0a4b4f9fe3338b76fd4498d9.json	a052ce15d583214f1dc1b14695b275997c537a8b205f9ca5210cb0852cb7bf35	data/curacion-registro/ejecucion-semantica/runs/SEMRUN-354ccb9dc1023a0bd420d48f/reportes-neutrales/TOBS-SEM-0a4b4f9fe3338b76fd4498d9.json	637270556be6f28fe1a4eb81932d35cc5aef64cb4b27fa8582cd0479732dd71e	data/curacion-registro/ejecucion-semantica/runs/SEMRUN-354ccb9dc1023a0bd420d48f/inputs-curador/TCUR-0a4b4f9fe3338b76fd4498d9.json	742e9361385bd43573d8326a7997ec77ea4b467de3062b771baaccd3fa5b383a	NO_DETERMINADO	ENSAFI	89f4c3a49c00c0e1ba1f07013e0af10bbc3289fdddc48dde816c37d3da1a742b	4dd527eb25bf9d4ed1047c7956d9ee51f20175361f9404315baae476c057cc76	NO_DETERMINADO	CANDIDATA	EJECUTADA_CON_RESULTADO	Abrir el cuestionario/diccionario ENSAFI correspondiente y verificar texto, codificación y desenlace coobservado.	3a813d43751817e97098da205f2b8038f6e96f35360b0820fa38723a5b7b1974	Revisión de equivalencia y codificación antes de parametrizar.	No se propagó el estado general de la necesidad; requiere evidencia fuente-específica.	MAIN:canon/modelo-decision-v4_0.md	Propuesta semántica trazable o NO_DETERMINADO con supuesto faltante concreto.	MAIN:canon/modelo-decision-v4_0.md;MAIN:data/abrir4-variables-2026-08-08.tsv;MAIN:data/abrir4-variables-2026-08-08.tsv:L3;MAIN:data/mapa-ext-general-2026-08-06.tsv	MAIN:canon/modelo-decision-v4_0.md	Se abrió al menos un objeto de datos/documentación y se registró su estructura literal; el juicio semántico permanece separado.	NO	NO	La ejecución produjo un terminal operativo, no evidencia suficiente para cambiar adjudicación; el baseline se conserva.
SEMPROP-4a2eacba0def4c7bc1b1238b	SEMRUN-354ccb9dc1023a0bd420d48f	REL-cf8f5979c73cdbe59cfaf5fd	TOBS-SEM-f0d04dcf58fab5e70f92fba7	data/curacion-registro/ejecucion-semantica/runs/SEMRUN-354ccb9dc1023a0bd420d48f/inputs-inspector/TOBS-SEM-f0d04dcf58fab5e70f92fba7.json	663f6ac5ac8e64baeb6cd854d59ef087b2fcdefd972babb5a2fd4051b12702b6	data/curacion-registro/ejecucion-semantica/runs/SEMRUN-354ccb9dc1023a0bd420d48f/reportes-neutrales/TOBS-SEM-f0d04dcf58fab5e70f92fba7.json	d7369cde92def46e174b93387584e713fc0e1a3b584c1f19024f321081ad9fe3	data/curacion-registro/ejecucion-semantica/runs/SEMRUN-354ccb9dc1023a0bd420d48f/inputs-curador/TCUR-f0d04dcf58fab5e70f92fba7.json	def7710e51be757561b15b28a7031ee720ceffd07d7da9750244fcfcca1243c6	NO_DETERMINADO	ENCIG	89f4c3a49c00c0e1ba1f07013e0af10bbc3289fdddc48dde816c37d3da1a742b	4dd527eb25bf9d4ed1047c7956d9ee51f20175361f9404315baae476c057cc76	NO_DETERMINADO	CANDIDATA	EJECUTADA_CON_RESULTADO	Abrir diccionario/cuestionario ENCIG local y registrar variables, tabla, llave de unión y universo aplicable a esta necesidad.	d5daa38d61c25b511dcd49677d79575b6bf9a0bd05f6d6564d0a5ad22a9ec629	Revisión de equivalencia y codificación antes de parametrizar.	No se propagó el estado general de la necesidad; requiere evidencia fuente-específica.	MAIN:README.md;MAIN:canon/estado-programa-v1_10.md;MAIN:canon/glosario-v5_6.md;MAIN:canon/gobernanza-v1_15.md	Propuesta semántica trazable o NO_DETERMINADO con supuesto faltante concreto.	MAIN:README.md;MAIN:canon/estado-programa-v1_10.md;MAIN:canon/glosario-v5_6.md;MAIN:canon/gobernanza-v1_15.md	MAIN:README.md;MAIN:canon/estado-programa-v1_10.md;MAIN:canon/glosario-v5_6.md;MAIN:canon/gobernanza-v1_15.md	Se abrió al menos un objeto de datos/documentación y se registró su estructura literal; el juicio semántico permanece separado.	NO	NO	La ejecución produjo un terminal operativo, no evidencia suficiente para cambiar adjudicación; el baseline se conserva.
SEMPROP-19e26c3e62108ea1ee98ab16	SEMRUN-354ccb9dc1023a0bd420d48f	REL-d630dc1ea394364e53631401	TOBS-SEM-9ed8411365fe2fb663697000	data/curacion-registro/ejecucion-semantica/runs/SEMRUN-354ccb9dc1023a0bd420d48f/inputs-inspector/TOBS-SEM-9ed8411365fe2fb663697000.json	a1851b69ec4f4f165db21f68e4c3b4af4862c028c5eaf586c309e30228e2daeb	data/curacion-registro/ejecucion-semantica/runs/SEMRUN-354ccb9dc1023a0bd420d48f/reportes-neutrales/TOBS-SEM-9ed8411365fe2fb663697000.json	cba86c042699c1a6d63c410dd25bdbd73d385f98836cfbbb3d42ace1b4a02d28	data/curacion-registro/ejecucion-semantica/runs/SEMRUN-354ccb9dc1023a0bd420d48f/inputs-curador/TCUR-9ed8411365fe2fb663697000.json	32b687d8a1572c8c709ddc1d343d91a2f439d0e6d5055bb0986f270a79fb6065	NO_DETERMINADO	ISSP	89f4c3a49c00c0e1ba1f07013e0af10bbc3289fdddc48dde816c37d3da1a742b	4dd527eb25bf9d4ed1047c7956d9ee51f20175361f9404315baae476c057cc76	NO_DETERMINADO	CANDIDATA	FUENTE_ABIERTA_SIN_OBJETO_REQUERIDO	Obtener codebook.	5365ca824d1edd1e43902e24bcbcb96a3dab8739d978e80e0cf4dc2695299330	Revisión de equivalencia y codificación antes de parametrizar.	Escala/diseño/universo:	MAIN:data/mapa-ext-academico-2026-08-06.tsv:L9	EVIDENCIA_LOCALIZADA, NO_ACCESIBLE, NO_DETERMINADO o SIN_RUTA_VIABLE_ACTUAL tras máximo dos intentos.	MAIN:data/mapa-ext-academico-2026-08-06.tsv:L9	MAIN:data/mapa-ext-academico-2026-08-06.tsv:L9	Se abrió la fuente/referencia, pero no un objeto que cierre literalmente la acción individual; usar la receta y frontera registradas.	NO	NO	La ejecución produjo un terminal operativo, no evidencia suficiente para cambiar adjudicación; el baseline se conserva.
SEMPROP-e856b15f68f13ff2d84ae413	SEMRUN-354ccb9dc1023a0bd420d48f	REL-d67770c443936b1d84304513	TOBS-SEM-927f614b030359d6a7f4248b	data/curacion-registro/ejecucion-semantica/runs/SEMRUN-354ccb9dc1023a0bd420d48f/inputs-inspector/TOBS-SEM-927f614b030359d6a7f4248b.json	b49cf7663f45f0d672765ebeb8826cb86c56ad2f23163c084d25ffd10debf6d4	data/curacion-registro/ejecucion-semantica/runs/SEMRUN-354ccb9dc1023a0bd420d48f/reportes-neutrales/TOBS-SEM-927f614b030359d6a7f4248b.json	43df568587522f588f01057ecff09f8c6e21d52f90b6555d4d49b9bf9c8ae855	data/curacion-registro/ejecucion-semantica/runs/SEMRUN-354ccb9dc1023a0bd420d48f/inputs-curador/TCUR-927f614b030359d6a7f4248b.json	c9acd7eedcb6cc58db635857d8f2def1365e379babc88570191d1b2e97f76a50	NO_DETERMINADO	ENAFIN	89f4c3a49c00c0e1ba1f07013e0af10bbc3289fdddc48dde816c37d3da1a742b	4dd527eb25bf9d4ed1047c7956d9ee51f20175361f9404315baae476c057cc76	NO_DETERMINADO	CANDIDATA	FUENTE_ABIERTA_SIN_OBJETO_REQUERIDO	Descargar el levantamiento y diccionario ENAFIN pertinente; mapear variable y desenlace concretos de la necesidad.	7cb863871fe49af869598ca1aa6fe02c65737dfa8015481d96c4500874549f2e	Revisión de equivalencia y codificación antes de parametrizar.	Escala/diseño/universo:	MAIN:data/mapa-fuentes-2026-08-06.tsv:L62	EVIDENCIA_LOCALIZADA, NO_ACCESIBLE, NO_DETERMINADO o SIN_RUTA_VIABLE_ACTUAL tras máximo dos intentos.	MAIN:data/mapa-fuentes-2026-08-06.tsv:L62	MAIN:data/mapa-fuentes-2026-08-06.tsv:L62	Se abrió la fuente/referencia, pero no un objeto que cierre literalmente la acción individual; usar la receta y frontera registradas.	NO	NO	La ejecución produjo un terminal operativo, no evidencia suficiente para cambiar adjudicación; el baseline se conserva.
SEMPROP-82399dc4befa1be7e90d3de5	SEMRUN-354ccb9dc1023a0bd420d48f	REL-d7d327e72f466b970d040e81	TOBS-SEM-3b33a263f48eda81649d760e	data/curacion-registro/ejecucion-semantica/runs/SEMRUN-354ccb9dc1023a0bd420d48f/inputs-inspector/TOBS-SEM-3b33a263f48eda81649d760e.json	10e1f3c3eccdd86ca15588ff01c39e231b99f2d458333e0387b4c517e88b7fca	data/curacion-registro/ejecucion-semantica/runs/SEMRUN-354ccb9dc1023a0bd420d48f/reportes-neutrales/TOBS-SEM-3b33a263f48eda81649d760e.json	a0d5930286bdbc31e11d222e2320efc9aa7adc260c2c8ba820c783d5fa0e9356	data/curacion-registro/ejecucion-semantica/runs/SEMRUN-354ccb9dc1023a0bd420d48f/inputs-curador/TCUR-3b33a263f48eda81649d760e.json	1f39d44055c10bd944c8736b4251b290f07583d546e782bfdac5c5b5bf91685f	NO_DETERMINADO	ENSAFI	89f4c3a49c00c0e1ba1f07013e0af10bbc3289fdddc48dde816c37d3da1a742b	4dd527eb25bf9d4ed1047c7956d9ee51f20175361f9404315baae476c057cc76	NO_DETERMINADO	CANDIDATA	EJECUTADA_CON_RESULTADO	Abrir el cuestionario/diccionario ENSAFI correspondiente y verificar texto, codificación y desenlace coobservado.	3a813d43751817e97098da205f2b8038f6e96f35360b0820fa38723a5b7b1974	Revisión de equivalencia y codificación antes de parametrizar.	No se propagó el estado general de la necesidad; requiere evidencia fuente-específica.	MAIN:canon/gobernanza-v1_15.md	Propuesta semántica trazable o NO_DETERMINADO con supuesto faltante concreto.	MAIN:canon/gobernanza-v1_15.md;MAIN:canon/modelo-decision-v4_0.md;MAIN:corpus/reports/El_Mexicano_y_el_Tiempo__Estructura__no_Cultura__en_la_Planeación_y_el_Compromiso_Temporal.md;MAIN:corpus/reports/Health__Body__Food_and_Substance_Use_in_Mexico__The_Behavioral_Layer_of_Decisions__Environment_and_Structure.md	MAIN:canon/gobernanza-v1_15.md	Se abrió al menos un objeto de datos/documentación y se registró su estructura literal; el juicio semántico permanece separado.	NO	NO	La ejecución produjo un terminal operativo, no evidencia suficiente para cambiar adjudicación; el baseline se conserva.
SEMPROP-147898b4a98ba86e9758b165	SEMRUN-354ccb9dc1023a0bd420d48f	REL-d82eb6cef055001e7587db31	TOBS-SEM-ec1c75f94e5e0359a7510eea	data/curacion-registro/ejecucion-semantica/runs/SEMRUN-354ccb9dc1023a0bd420d48f/inputs-inspector/TOBS-SEM-ec1c75f94e5e0359a7510eea.json	b7dc28169755da1dfc83e814074ba09e0aa30ef5c50ca656c817132b41d4e027	data/curacion-registro/ejecucion-semantica/runs/SEMRUN-354ccb9dc1023a0bd420d48f/reportes-neutrales/TOBS-SEM-ec1c75f94e5e0359a7510eea.json	da9526fb2e2b1638c33ad63aa8c6ba4a82bc896f3c7ea7af5d46abd7ed579b33	data/curacion-registro/ejecucion-semantica/runs/SEMRUN-354ccb9dc1023a0bd420d48f/inputs-curador/TCUR-ec1c75f94e5e0359a7510eea.json	79a97bc5a4434c1780406e060119cd72ab0022f32b85719fbaf8a25c108f85d3	NO_DETERMINADO	ENCOAP	89f4c3a49c00c0e1ba1f07013e0af10bbc3289fdddc48dde816c37d3da1a742b	4dd527eb25bf9d4ed1047c7956d9ee51f20175361f9404315baae476c057cc76	NO_DETERMINADO	CANDIDATA	FUENTE_ABIERTA_SIN_OBJETO_REQUERIDO	Abrir cuestionario y diccionario ENCOAP; localizar el reactivo y el desenlace exactos exigidos por la necesidad.	b8bdc9d6e9a1fb98030c092a30fba2d89ad270f5454126a743d3d1ff00a342ae	Revisión de equivalencia y codificación antes de parametrizar.	Escala/diseño/universo:	MAIN:data/mapa-ext-general-2026-08-06.tsv:L4	EVIDENCIA_LOCALIZADA, NO_ACCESIBLE, NO_DETERMINADO o SIN_RUTA_VIABLE_ACTUAL tras máximo dos intentos.	MAIN:data/mapa-ext-general-2026-08-06.tsv:L4	MAIN:data/mapa-ext-general-2026-08-06.tsv:L4	Se abrió la fuente/referencia, pero no un objeto que cierre literalmente la acción individual; usar la receta y frontera registradas.	NO	NO	La ejecución produjo un terminal operativo, no evidencia suficiente para cambiar adjudicación; el baseline se conserva.
SEMPROP-b4048e747b22dc5cafbe484a	SEMRUN-354ccb9dc1023a0bd420d48f	REL-da62a7c3cdb80080258aa148	TOBS-SEM-fbe1329c7b1664d0e21e8788	data/curacion-registro/ejecucion-semantica/runs/SEMRUN-354ccb9dc1023a0bd420d48f/inputs-inspector/TOBS-SEM-fbe1329c7b1664d0e21e8788.json	be0ce465f99e6510a58e53b9652ea3ab3ad1cd1004552368feb4b227e9e6819f	data/curacion-registro/ejecucion-semantica/runs/SEMRUN-354ccb9dc1023a0bd420d48f/reportes-neutrales/TOBS-SEM-fbe1329c7b1664d0e21e8788.json	4d604e2b32b5cf30c2c65195c42c098abd107a12e252ee60aac4b5b4881b6115	data/curacion-registro/ejecucion-semantica/runs/SEMRUN-354ccb9dc1023a0bd420d48f/inputs-curador/TCUR-fbe1329c7b1664d0e21e8788.json	0608a14d52a0e042c1ce4bf32f621c335094b25cccb91bd9c87aa13c1b6b0552	NO_DETERMINADO	ENFIH	89f4c3a49c00c0e1ba1f07013e0af10bbc3289fdddc48dde816c37d3da1a742b	4dd527eb25bf9d4ed1047c7956d9ee51f20175361f9404315baae476c057cc76	NO_DETERMINADO	CANDIDATA	EJECUTADA_CON_RESULTADO	Abrir el diccionario ENFIH y construir una tabla variable×constructo×desenlace para esta necesidad; verificar coobservación por llave de persona.	eba3e0df63b8ce6ed4d6ac7d49ae306643848764635e477c17ceebb3784f12b9	Revisión de equivalencia y codificación antes de parametrizar.	No se propagó el estado general de la necesidad; requiere evidencia fuente-específica.	MAIN:data/abrir4-variables-2026-08-08.tsv	Propuesta semántica trazable o NO_DETERMINADO con supuesto faltante concreto.	MAIN:data/abrir4-variables-2026-08-08.tsv;MAIN:data/abrir4-variables-2026-08-08.tsv:L9;MAIN:forense/encargos/2026-08-07-abrir-4.md;MAIN:forense/hitoE-campana-medicion-v2_0.md	MAIN:data/abrir4-variables-2026-08-08.tsv	Se abrió al menos un objeto de datos/documentación y se registró su estructura literal; el juicio semántico permanece separado.	NO	NO	La ejecución produjo un terminal operativo, no evidencia suficiente para cambiar adjudicación; el baseline se conserva.
SEMPROP-8e05c090af839659971e9cc1	SEMRUN-354ccb9dc1023a0bd420d48f	REL-dc5971db0730ed2876fdb5b3	TOBS-SEM-ea41fbae11a4da76ce899f9e	data/curacion-registro/ejecucion-semantica/runs/SEMRUN-354ccb9dc1023a0bd420d48f/inputs-inspector/TOBS-SEM-ea41fbae11a4da76ce899f9e.json	62062d836bcfe665e1544d27d398d16344cda97d3dc6b6d7bd4fa6ce8ae57eb2	data/curacion-registro/ejecucion-semantica/runs/SEMRUN-354ccb9dc1023a0bd420d48f/reportes-neutrales/TOBS-SEM-ea41fbae11a4da76ce899f9e.json	98ecf601050fe7329540c051816bb130f9a2bb07a2aa4ac2a5bccc743926bc25	data/curacion-registro/ejecucion-semantica/runs/SEMRUN-354ccb9dc1023a0bd420d48f/inputs-curador/TCUR-ea41fbae11a4da76ce899f9e.json	164b11d74b8bbf3969e9481b2487a796d1a9b32d0b72b7ed9fc6f72bad8b8649	NO_DETERMINADO	WORLD_BANK_ENTERPRISE_SURVEY_MEXICO_2023	89f4c3a49c00c0e1ba1f07013e0af10bbc3289fdddc48dde816c37d3da1a742b	4dd527eb25bf9d4ed1047c7956d9ee51f20175361f9404315baae476c057cc76	NO_DETERMINADO	CANDIDATA	FUENTE_ABIERTA_SIN_OBJETO_REQUERIDO	Abrir codebook.	cbaa94a86de1c4fec2a241af2976841d29dc2a9bf7f0427dae2b2da32280d080	Revisión de equivalencia y codificación antes de parametrizar.	Escala/diseño/universo:	MAIN:data/mapa-ext-general-2026-08-06.tsv:L13	EVIDENCIA_LOCALIZADA, NO_ACCESIBLE, NO_DETERMINADO o SIN_RUTA_VIABLE_ACTUAL tras máximo dos intentos.	MAIN:data/mapa-ext-general-2026-08-06.tsv:L13	MAIN:data/mapa-ext-general-2026-08-06.tsv:L13	Se abrió la fuente/referencia, pero no un objeto que cierre literalmente la acción individual; usar la receta y frontera registradas.	NO	NO	La ejecución produjo un terminal operativo, no evidencia suficiente para cambiar adjudicación; el baseline se conserva.
SEMPROP-a48da9edcf10be4741bb7fe7	SEMRUN-354ccb9dc1023a0bd420d48f	REL-dd07107a27bb1a5682a22176	TOBS-SEM-4ce5ae71f317b2de47ec1547	data/curacion-registro/ejecucion-semantica/runs/SEMRUN-354ccb9dc1023a0bd420d48f/inputs-inspector/TOBS-SEM-4ce5ae71f317b2de47ec1547.json	bff2bb4d74a191b9cb0ba6bdd915f97012175edca0609987204f1bbb3b3be414	data/curacion-registro/ejecucion-semantica/runs/SEMRUN-354ccb9dc1023a0bd420d48f/reportes-neutrales/TOBS-SEM-4ce5ae71f317b2de47ec1547.json	c5a9f32dffed7c472165f586a23a63cf4a682640e4f69857d1577ccbbf93bd9a	data/curacion-registro/ejecucion-semantica/runs/SEMRUN-354ccb9dc1023a0bd420d48f/inputs-curador/TCUR-4ce5ae71f317b2de47ec1547.json	7adeedc0fb48671e5c069f75222ca9d7f25bbafecb57ac3282d488a4727cdad9	NO_DETERMINADO	ENIF	89f4c3a49c00c0e1ba1f07013e0af10bbc3289fdddc48dde816c37d3da1a742b	4dd527eb25bf9d4ed1047c7956d9ee51f20175361f9404315baae476c057cc76	NO_DETERMINADO	CANDIDATA	EJECUTADA_CON_RESULTADO	Mapear en el cuestionario y microdato ENIF los reactivos de la necesidad y el desenlace, y comprobar que comparten unidad de observación.	f0c6e2d9983312f245131a5b3d3bcff118ac88d5632537e514b0d78acf81ccd5	Revisión de equivalencia y codificación antes de parametrizar.	No se propagó el estado general de la necesidad; requiere evidencia fuente-específica.	MAIN:forense/hitoE-campana-medicion-v2_0.md	Propuesta semántica trazable o NO_DETERMINADO con supuesto faltante concreto.	MAIN:canon/gobernanza-v1_15.md;MAIN:canon/modelo-decision-v4_0.md;MAIN:data/diseno-muestral.yaml;MAIN:forense/REVERIFICACION-DEMANDA-vs-UNIVERSO-2026-08-07-v1_0.md	MAIN:forense/hitoE-campana-medicion-v2_0.md	Se abrió al menos un objeto de datos/documentación y se registró su estructura literal; el juicio semántico permanece separado.	NO	NO	La ejecución produjo un terminal operativo, no evidencia suficiente para cambiar adjudicación; el baseline se conserva.
SEMPROP-4ccfb00e902ad35823c9bb74	SEMRUN-354ccb9dc1023a0bd420d48f	REL-ddc381f55d9879a6629a14d4	TOBS-SEM-3831d4c2a43ceb1cb3ec2f12	data/curacion-registro/ejecucion-semantica/runs/SEMRUN-354ccb9dc1023a0bd420d48f/inputs-inspector/TOBS-SEM-3831d4c2a43ceb1cb3ec2f12.json	347da8daa20f5dc8245a31702f0de6a5e275b5b30c83f5edd7e78712e41b2c04	data/curacion-registro/ejecucion-semantica/runs/SEMRUN-354ccb9dc1023a0bd420d48f/reportes-neutrales/TOBS-SEM-3831d4c2a43ceb1cb3ec2f12.json	353bbd1b9c9c09930e87e305542f56c7db0d251653fe8564c54f308677afde46	data/curacion-registro/ejecucion-semantica/runs/SEMRUN-354ccb9dc1023a0bd420d48f/inputs-curador/TCUR-3831d4c2a43ceb1cb3ec2f12.json	536de20fb654d49e7e61dfb0b4bc099250e51d23f7d84ac814941414a5e69511	NO_DETERMINADO	MEXICO_PANEL_STUDY_2012	89f4c3a49c00c0e1ba1f07013e0af10bbc3289fdddc48dde816c37d3da1a742b	4dd527eb25bf9d4ed1047c7956d9ee51f20175361f9404315baae476c057cc76	NO_DETERMINADO	CANDIDATA	FUENTE_ABIERTA_SIN_OBJETO_REQUERIDO	Abrir cuestionario y codebook 2012 y localizar las variables exactas y su llave longitudinal.	ede6819bb1cd3ce12f58d9a0c61b51fb63a379c6261fdc7adc0f74514e4d87a9	Revisión de equivalencia y codificación antes de parametrizar.	Escala/diseño/universo:	MAIN:data/mapa-ext-general-2026-08-06.tsv	EVIDENCIA_LOCALIZADA, NO_ACCESIBLE, NO_DETERMINADO o SIN_RUTA_VIABLE_ACTUAL tras máximo dos intentos.	MAIN:data/mapa-ext-general-2026-08-06.tsv:L16	MAIN:data/mapa-ext-general-2026-08-06.tsv	Se abrió la fuente/referencia, pero no un objeto que cierre literalmente la acción individual; usar la receta y frontera registradas.	NO	NO	La ejecución produjo un terminal operativo, no evidencia suficiente para cambiar adjudicación; el baseline se conserva.
SEMPROP-345e39af09c043c660500f3f	SEMRUN-354ccb9dc1023a0bd420d48f	REL-de059d547843c8fefa01197a	TOBS-SEM-617cb6705a958cc442a7ba1a	data/curacion-registro/ejecucion-semantica/runs/SEMRUN-354ccb9dc1023a0bd420d48f/inputs-inspector/TOBS-SEM-617cb6705a958cc442a7ba1a.json	6892eca394c8a88bbe53ff0267cd83646292fce89dd21d6a7c9bf166bec0b7ac	data/curacion-registro/ejecucion-semantica/runs/SEMRUN-354ccb9dc1023a0bd420d48f/reportes-neutrales/TOBS-SEM-617cb6705a958cc442a7ba1a.json	630ca157c865dbd597bb3beab6eb4b687fa2288fa23d28289841c1aff78bc809	data/curacion-registro/ejecucion-semantica/runs/SEMRUN-354ccb9dc1023a0bd420d48f/inputs-curador/TCUR-617cb6705a958cc442a7ba1a.json	3cb4f44433a54c2ab11f1ea5f47c78fcf9c667e98ae34260a649ab58e5ecdb6c	NO_DETERMINADO	ENCUP	89f4c3a49c00c0e1ba1f07013e0af10bbc3289fdddc48dde816c37d3da1a742b	4dd527eb25bf9d4ed1047c7956d9ee51f20175361f9404315baae476c057cc76	NO_DETERMINADO	CANDIDATA	EJECUTADA_CON_RESULTADO	Abrir cuestionario/base ENCUP solo para confirmar unidad geográfica y turnout; si no hay municipio×tipo de elección, cerrar esta relación.	e757a79abba5d75a2c85acfd52ca7470981a87a5bd346e2e0605133f62300537	Revisión de equivalencia y codificación antes de parametrizar.	Escala/diseño/universo:	MAIN:data/mapa-fuentes-2026-08-06.tsv:L26	EVIDENCIA_LOCALIZADA, NO_ACCESIBLE, NO_DETERMINADO o SIN_RUTA_VIABLE_ACTUAL tras máximo dos intentos.	MAIN:data/mapa-fuentes-2026-08-06.tsv:L26	MAIN:data/mapa-fuentes-2026-08-06.tsv:L26	Se abrió al menos un objeto de datos/documentación y se registró su estructura literal; el juicio semántico permanece separado.	NO	NO	La ejecución produjo un terminal operativo, no evidencia suficiente para cambiar adjudicación; el baseline se conserva.
SEMPROP-a5ee9fc735a56a2e2b8edea7	SEMRUN-354ccb9dc1023a0bd420d48f	REL-e10120bebb9ed07d210a3a86	TOBS-SEM-8e0fbca7714f4a96adbf8778	data/curacion-registro/ejecucion-semantica/runs/SEMRUN-354ccb9dc1023a0bd420d48f/inputs-inspector/TOBS-SEM-8e0fbca7714f4a96adbf8778.json	8c7340a43782078376a1058270d3ac2da6d83c107d3d5d7749b7acc117dbdd86	data/curacion-registro/ejecucion-semantica/runs/SEMRUN-354ccb9dc1023a0bd420d48f/reportes-neutrales/TOBS-SEM-8e0fbca7714f4a96adbf8778.json	c4fcd621ef55c6b443e73a8c1ddbfed4f65a4bb5045ab03e1ee59336626dec11	data/curacion-registro/ejecucion-semantica/runs/SEMRUN-354ccb9dc1023a0bd420d48f/inputs-curador/TCUR-8e0fbca7714f4a96adbf8778.json	815b0fd3e3695345222dbbd77fb032c278aa264377a4330bb21ffef7262db47e	NO_DETERMINADO	CNGMD	89f4c3a49c00c0e1ba1f07013e0af10bbc3289fdddc48dde816c37d3da1a742b	4dd527eb25bf9d4ed1047c7956d9ee51f20175361f9404315baae476c057cc76	NO_DETERMINADO	CANDIDATA	FUENTE_ABIERTA_SIN_OBJETO_REQUERIDO	Abrir cuestionarios de los módulos 2/7 y mapear variables; usar solo como contexto municipal si no existe unidad individual.	41c1af2a283a508fc2f5eae223b31fa2c140d67f04514aff207d90ba60d90ba7	Revisión de equivalencia y codificación antes de parametrizar.	Escala/diseño/universo:	MAIN:data/mapa-ext-general-2026-08-06.tsv:L12	EVIDENCIA_LOCALIZADA, NO_ACCESIBLE, NO_DETERMINADO o SIN_RUTA_VIABLE_ACTUAL tras máximo dos intentos.	MAIN:data/mapa-ext-general-2026-08-06.tsv:L12	MAIN:data/mapa-ext-general-2026-08-06.tsv:L12	Se abrió la fuente/referencia, pero no un objeto que cierre literalmente la acción individual; usar la receta y frontera registradas.	NO	NO	La ejecución produjo un terminal operativo, no evidencia suficiente para cambiar adjudicación; el baseline se conserva.
SEMPROP-849b44fd216fa37c2485d1ea	SEMRUN-354ccb9dc1023a0bd420d48f	REL-e2371e6b0d421f30c496d3da	TOBS-SEM-a7e4abba49020d2232feb785	data/curacion-registro/ejecucion-semantica/runs/SEMRUN-354ccb9dc1023a0bd420d48f/inputs-inspector/TOBS-SEM-a7e4abba49020d2232feb785.json	75830360a6d44b7cdcb4e06f2e941d30425c83abc69f0290ec371d5e80db6b2d	data/curacion-registro/ejecucion-semantica/runs/SEMRUN-354ccb9dc1023a0bd420d48f/reportes-neutrales/TOBS-SEM-a7e4abba49020d2232feb785.json	5fd4ea1124dee434be246f493fc1f771637dd4e58cca9407ee268a8142fe8805	data/curacion-registro/ejecucion-semantica/runs/SEMRUN-354ccb9dc1023a0bd420d48f/inputs-curador/TCUR-a7e4abba49020d2232feb785.json	9020deec817ae2424bca4c891b9773965bdee11a90e968105430b9b932237cf1	NO_DETERMINADO	MEXICO_ENTERPRISE_SURVEYS_COMPONENTE_PANEL_CANDIDATO_2006_2010	89f4c3a49c00c0e1ba1f07013e0af10bbc3289fdddc48dde816c37d3da1a742b	4dd527eb25bf9d4ed1047c7956d9ee51f20175361f9404315baae476c057cc76	NO_DETERMINADO	CANDIDATA	FUENTE_ABIERTA_SIN_OBJETO_REQUERIDO	Abrir diccionario y archivo panel; comprobar dos observaciones por idPANEL2006 y mapear predictor y desenlace requeridos.	e6132f567607fb339cb3c907e9b29072e9c2d5d7cabb00cde3709c1779a00e4f	Revisión de equivalencia y codificación antes de parametrizar.	Escala/diseño/universo:	MAIN:data/mapa-fuentes-externas-consolidado-2026-08-06.tsv:L7	EVIDENCIA_LOCALIZADA, NO_ACCESIBLE, NO_DETERMINADO o SIN_RUTA_VIABLE_ACTUAL tras máximo dos intentos.	MAIN:data/mapa-fuentes-externas-consolidado-2026-08-06.tsv:L7	MAIN:data/mapa-fuentes-externas-consolidado-2026-08-06.tsv:L7	Se abrió la fuente/referencia, pero no un objeto que cierre literalmente la acción individual; usar la receta y frontera registradas.	NO	NO	La ejecución produjo un terminal operativo, no evidencia suficiente para cambiar adjudicación; el baseline se conserva.
SEMPROP-0bef40bb5f8bd83f7bc03ed7	SEMRUN-354ccb9dc1023a0bd420d48f	REL-e247f2d5250d822fb74a0638	TOBS-SEM-df52f5f519c8ddcd4f209db4	data/curacion-registro/ejecucion-semantica/runs/SEMRUN-354ccb9dc1023a0bd420d48f/inputs-inspector/TOBS-SEM-df52f5f519c8ddcd4f209db4.json	b5f943370d1d19578aa943b43c8d8cdde1895f244b0a9beac3c07477fa10244c	data/curacion-registro/ejecucion-semantica/runs/SEMRUN-354ccb9dc1023a0bd420d48f/reportes-neutrales/TOBS-SEM-df52f5f519c8ddcd4f209db4.json	f147b9a81651a38f46eb8528e07f0be7909b7d9c8bcf0ae4dea2224fca5419cc	data/curacion-registro/ejecucion-semantica/runs/SEMRUN-354ccb9dc1023a0bd420d48f/inputs-curador/TCUR-df52f5f519c8ddcd4f209db4.json	79354f978654214edb1ff7d870b32d9b8cb9a6723a919919ec391463aefec5a1	NO_DETERMINADO	MASS_MOBILIZATION_PROTEST_DATA_MEXICO	89f4c3a49c00c0e1ba1f07013e0af10bbc3289fdddc48dde816c37d3da1a742b	4dd527eb25bf9d4ed1047c7956d9ee51f20175361f9404315baae476c057cc76	NO_DETERMINADO	CANDIDATA	FUENTE_ABIERTA_SIN_OBJETO_REQUERIDO	Obtener codebook.	5365ca824d1edd1e43902e24bcbcb96a3dab8739d978e80e0cf4dc2695299330	Revisión de equivalencia y codificación antes de parametrizar.	Escala/diseño/universo:	MAIN:data/mapa-fuentes-externas-consolidado-2026-08-06.tsv:L13	EVIDENCIA_LOCALIZADA, NO_ACCESIBLE, NO_DETERMINADO o SIN_RUTA_VIABLE_ACTUAL tras máximo dos intentos.	MAIN:data/mapa-fuentes-externas-consolidado-2026-08-06.tsv:L13	MAIN:data/mapa-fuentes-externas-consolidado-2026-08-06.tsv:L13	Se abrió la fuente/referencia, pero no un objeto que cierre literalmente la acción individual; usar la receta y frontera registradas.	NO	NO	La ejecución produjo un terminal operativo, no evidencia suficiente para cambiar adjudicación; el baseline se conserva.
SEMPROP-b6a6db57c9786e6710f0a502	SEMRUN-354ccb9dc1023a0bd420d48f	REL-e74ad11dd79c7485c9704116	TOBS-SEM-1c59a5117e675eec209a01c9	data/curacion-registro/ejecucion-semantica/runs/SEMRUN-354ccb9dc1023a0bd420d48f/inputs-inspector/TOBS-SEM-1c59a5117e675eec209a01c9.json	aeebebcbe92ad3ddcd75a3959754a775c67232aaf5efc5981756c9fc029f604c	data/curacion-registro/ejecucion-semantica/runs/SEMRUN-354ccb9dc1023a0bd420d48f/reportes-neutrales/TOBS-SEM-1c59a5117e675eec209a01c9.json	8be45efc4f7469e368ff26bda4f0fac79502b3ed670b95f197dca2dd655eeaea	data/curacion-registro/ejecucion-semantica/runs/SEMRUN-354ccb9dc1023a0bd420d48f/inputs-curador/TCUR-1c59a5117e675eec209a01c9.json	6e2a5d9148e53e54a9fc78863099b19784723ca1ecdedc3aa7e780dd79607df3	NO_DETERMINADO	ENCOAP	89f4c3a49c00c0e1ba1f07013e0af10bbc3289fdddc48dde816c37d3da1a742b	4dd527eb25bf9d4ed1047c7956d9ee51f20175361f9404315baae476c057cc76	NO_DETERMINADO	CANDIDATA	FUENTE_ABIERTA_SIN_OBJETO_REQUERIDO	Abrir cuestionario y diccionario ENCOAP; localizar el reactivo y el desenlace exactos exigidos por la necesidad.	b8bdc9d6e9a1fb98030c092a30fba2d89ad270f5454126a743d3d1ff00a342ae	Revisión de equivalencia y codificación antes de parametrizar.	No se propagó el estado general de la necesidad; requiere evidencia fuente-específica.	MAIN:canon/modelo-decision-v4_0.md	Propuesta semántica trazable o NO_DETERMINADO con supuesto faltante concreto.	MAIN:canon/modelo-decision-v4_0.md;MAIN:corpus/reports/Psicología_Política_y_Comportamiento_Cívico_del_Mexicano_Contemporáneo__Una_Lectura_Anti-Esencialista_desde_Abajo__2026_.md;MAIN:forense/censo-estimabilidad-coeficientes-v1_0.md;MAIN:forense/cobertura-motor.md	MAIN:canon/modelo-decision-v4_0.md	Se abrió la fuente/referencia, pero no un objeto que cierre literalmente la acción individual; usar la receta y frontera registradas.	NO	NO	La ejecución produjo un terminal operativo, no evidencia suficiente para cambiar adjudicación; el baseline se conserva.
SEMPROP-f044d18e32cc87920072b7ed	SEMRUN-354ccb9dc1023a0bd420d48f	REL-e86c10c4e19ea32e57b6a28d	TOBS-SEM-caf2408edd14259fc5037549	data/curacion-registro/ejecucion-semantica/runs/SEMRUN-354ccb9dc1023a0bd420d48f/inputs-inspector/TOBS-SEM-caf2408edd14259fc5037549.json	9d00791023bf754f1dc94a0619e7b2ae8dfc8732506a67a1ad30d478b351199f	data/curacion-registro/ejecucion-semantica/runs/SEMRUN-354ccb9dc1023a0bd420d48f/reportes-neutrales/TOBS-SEM-caf2408edd14259fc5037549.json	a8a8e09a75336ad85cdd6ec4e3828b1245903bc957130ca3996cae70fee3dffb	data/curacion-registro/ejecucion-semantica/runs/SEMRUN-354ccb9dc1023a0bd420d48f/inputs-curador/TCUR-caf2408edd14259fc5037549.json	cd0130f59be383c15a59de47dd03937ce22f88dfad39e30ec7b9d7c5c3905f52	NO_DETERMINADO	WORLD_BANK_ENTERPRISE_SURVEY_MEXICO_2023	89f4c3a49c00c0e1ba1f07013e0af10bbc3289fdddc48dde816c37d3da1a742b	4dd527eb25bf9d4ed1047c7956d9ee51f20175361f9404315baae476c057cc76	NO_DETERMINADO	CANDIDATA	FUENTE_ABIERTA_SIN_OBJETO_REQUERIDO	Abrir codebook.	cbaa94a86de1c4fec2a241af2976841d29dc2a9bf7f0427dae2b2da32280d080	Revisión de equivalencia y codificación antes de parametrizar.	Escala/diseño/universo:	MAIN:data/mapa-ext-general-2026-08-06.tsv:L13	EVIDENCIA_LOCALIZADA, NO_ACCESIBLE, NO_DETERMINADO o SIN_RUTA_VIABLE_ACTUAL tras máximo dos intentos.	MAIN:data/mapa-ext-general-2026-08-06.tsv:L13	MAIN:data/mapa-ext-general-2026-08-06.tsv:L13	Se abrió la fuente/referencia, pero no un objeto que cierre literalmente la acción individual; usar la receta y frontera registradas.	NO	NO	La ejecución produjo un terminal operativo, no evidencia suficiente para cambiar adjudicación; el baseline se conserva.
SEMPROP-956bfed3e61b733437d14ac5	SEMRUN-354ccb9dc1023a0bd420d48f	REL-e95e26820797a0f55c9246d7	TOBS-SEM-1c5ec2bd1920714e4a1cb611	data/curacion-registro/ejecucion-semantica/runs/SEMRUN-354ccb9dc1023a0bd420d48f/inputs-inspector/TOBS-SEM-1c5ec2bd1920714e4a1cb611.json	28ddcf607f5f65902b3ee7b15c63ac980cd9c787686d322bf5c25a284c6cb44d	data/curacion-registro/ejecucion-semantica/runs/SEMRUN-354ccb9dc1023a0bd420d48f/reportes-neutrales/TOBS-SEM-1c5ec2bd1920714e4a1cb611.json	f802b98e2f2c500821fd27b2766bff3a3a689820f87108cedafd3437de2a5698	data/curacion-registro/ejecucion-semantica/runs/SEMRUN-354ccb9dc1023a0bd420d48f/inputs-curador/TCUR-1c5ec2bd1920714e4a1cb611.json	cbf10e358905a09577223f7ea38787e987f2c7676dfeb1012a08f1c83891f62c	NO_DETERMINADO	ISSP	89f4c3a49c00c0e1ba1f07013e0af10bbc3289fdddc48dde816c37d3da1a742b	4dd527eb25bf9d4ed1047c7956d9ee51f20175361f9404315baae476c057cc76	NO_DETERMINADO	CANDIDATA	EJECUTADA_CON_RESULTADO	Abrir cuestionario.	39ee5ac3ba3c2cebc413638b07231b7e028d335a941707fa9e7498318de8a709	Revisión de equivalencia y codificación antes de parametrizar.	Escala/diseño/universo:	MAIN:data/mapa-ext-general-2026-08-06.tsv:L5	EVIDENCIA_LOCALIZADA, NO_ACCESIBLE, NO_DETERMINADO o SIN_RUTA_VIABLE_ACTUAL tras máximo dos intentos.	MAIN:data/mapa-ext-general-2026-08-06.tsv:L5	MAIN:data/mapa-ext-general-2026-08-06.tsv:L5	Se abrió al menos un objeto de datos/documentación y se registró su estructura literal; el juicio semántico permanece separado.	NO	NO	La ejecución produjo un terminal operativo, no evidencia suficiente para cambiar adjudicación; el baseline se conserva.
SEMPROP-ec3d7f1dafbf9e339a3ae75f	SEMRUN-354ccb9dc1023a0bd420d48f	REL-ea0dde2ebf4bd96af8e3e139	TOBS-SEM-1f395bbc5ab6343427bd7707	data/curacion-registro/ejecucion-semantica/runs/SEMRUN-354ccb9dc1023a0bd420d48f/inputs-inspector/TOBS-SEM-1f395bbc5ab6343427bd7707.json	e7a3f380b1aed6fa7cfb0cac9f6451a760b1fbb93bcc07d7fe489a134f7a99e1	data/curacion-registro/ejecucion-semantica/runs/SEMRUN-354ccb9dc1023a0bd420d48f/reportes-neutrales/TOBS-SEM-1f395bbc5ab6343427bd7707.json	904a1d888826d7fca8f2ee443e54ee58a2343cddcc7c9601a0c396945a16a240	data/curacion-registro/ejecucion-semantica/runs/SEMRUN-354ccb9dc1023a0bd420d48f/inputs-curador/TCUR-1f395bbc5ab6343427bd7707.json	03b4ceedac944790f78079f9b49762247871c6a3f884bf081e2fdee7cce5fbd1	NO_DETERMINADO	ENCIG	89f4c3a49c00c0e1ba1f07013e0af10bbc3289fdddc48dde816c37d3da1a742b	4dd527eb25bf9d4ed1047c7956d9ee51f20175361f9404315baae476c057cc76	NO_DETERMINADO	CANDIDATA	EJECUTADA_CON_RESULTADO	Abrir diccionario/cuestionario ENCIG local y registrar variables, tabla, llave de unión y universo aplicable a esta necesidad.	d5daa38d61c25b511dcd49677d79575b6bf9a0bd05f6d6564d0a5ad22a9ec629	Revisión de equivalencia y codificación antes de parametrizar.	No se propagó el estado general de la necesidad; requiere evidencia fuente-específica.	MAIN:canon/modelo-decision-v4_0.md;MAIN:corpus/reports/Psicología_Política_y_Comportamiento_Cívico_del_Mexicano_Contemporáneo__Una_Lectura_Anti-Esencialista_desde_Abajo__2026_.md;MAIN:forense/censo-estimabilidad-coeficientes-v1_0.md;MAIN:forense/cobertura-motor.md	Propuesta semántica trazable o NO_DETERMINADO con supuesto faltante concreto.	MAIN:canon/modelo-decision-v4_0.md;MAIN:corpus/reports/Psicología_Política_y_Comportamiento_Cívico_del_Mexicano_Contemporáneo__Una_Lectura_Anti-Esencialista_desde_Abajo__2026_.md;MAIN:forense/censo-estimabilidad-coeficientes-v1_0.md;MAIN:forense/cobertura-motor.md	MAIN:canon/modelo-decision-v4_0.md;MAIN:corpus/reports/Psicología_Política_y_Comportamiento_Cívico_del_Mexicano_Contemporáneo__Una_Lectura_Anti-Esencialista_desde_Abajo__2026_.md;MAIN:forense/censo-estimabilidad-coeficientes-v1_0.md;MAIN:forense/cobertura-motor.md	Se abrió al menos un objeto de datos/documentación y se registró su estructura literal; el juicio semántico permanece separado.	NO	NO	La ejecución produjo un terminal operativo, no evidencia suficiente para cambiar adjudicación; el baseline se conserva.
SEMPROP-cd1b171fdfca45cc362f3f5c	SEMRUN-354ccb9dc1023a0bd420d48f	REL-ed3674d93fbcd45914630569	TOBS-SEM-7903598fa491f55ba986b18a	data/curacion-registro/ejecucion-semantica/runs/SEMRUN-354ccb9dc1023a0bd420d48f/inputs-inspector/TOBS-SEM-7903598fa491f55ba986b18a.json	cccb1ad01280a57f0dd83c3eb63cdf11814ae9d4719800862f99ec4c44f8b70c	data/curacion-registro/ejecucion-semantica/runs/SEMRUN-354ccb9dc1023a0bd420d48f/reportes-neutrales/TOBS-SEM-7903598fa491f55ba986b18a.json	103f26902e1953696e9b9e5903b1238c25e1b6e9b974ebf558127fc289d178db	data/curacion-registro/ejecucion-semantica/runs/SEMRUN-354ccb9dc1023a0bd420d48f/inputs-curador/TCUR-7903598fa491f55ba986b18a.json	c999a6f28dfc33bca6c768288640ce97b3444cd2ff4dcff4913b1aa34ddea9ad	NO_DETERMINADO	ENSAFI	89f4c3a49c00c0e1ba1f07013e0af10bbc3289fdddc48dde816c37d3da1a742b	4dd527eb25bf9d4ed1047c7956d9ee51f20175361f9404315baae476c057cc76	NO_DETERMINADO	CANDIDATA	EJECUTADA_CON_RESULTADO	Abrir el cuestionario/diccionario ENSAFI correspondiente y verificar texto, codificación y desenlace coobservado.	3a813d43751817e97098da205f2b8038f6e96f35360b0820fa38723a5b7b1974	Revisión de equivalencia y codificación antes de parametrizar.	No se propagó el estado general de la necesidad; requiere evidencia fuente-específica.	MAIN:canon/estado-programa-v1_10.md	Propuesta semántica trazable o NO_DETERMINADO con supuesto faltante concreto.	MAIN:canon/estado-programa-v1_10.md;MAIN:canon/gobernanza-v1_15.md;MAIN:canon/modelo-decision-v4_0.md;MAIN:corpus/forense/Consumo_Aspiracional_en_México__Validación_Forense_del_Modelo_Anti-Esencialista.md	MAIN:canon/estado-programa-v1_10.md	Se abrió al menos un objeto de datos/documentación y se registró su estructura literal; el juicio semántico permanece separado.	NO	NO	La ejecución produjo un terminal operativo, no evidencia suficiente para cambiar adjudicación; el baseline se conserva.
SEMPROP-14ab0eee4252d90d456fd5d8	SEMRUN-354ccb9dc1023a0bd420d48f	REL-ee1e829631a8bb7de93bcfd3	TOBS-SEM-ae097b727fe5086898bd3367	data/curacion-registro/ejecucion-semantica/runs/SEMRUN-354ccb9dc1023a0bd420d48f/inputs-inspector/TOBS-SEM-ae097b727fe5086898bd3367.json	dc3ecc502f63812ba074cada30dde9f955870f361685b0d436dfdd7b1530f9d0	data/curacion-registro/ejecucion-semantica/runs/SEMRUN-354ccb9dc1023a0bd420d48f/reportes-neutrales/TOBS-SEM-ae097b727fe5086898bd3367.json	2c652ecb2926e0e25dbd2f4ee253599f304ecf1235698bea9187066a39b742f2	data/curacion-registro/ejecucion-semantica/runs/SEMRUN-354ccb9dc1023a0bd420d48f/inputs-curador/TCUR-ae097b727fe5086898bd3367.json	e844b0c8d071297d70ff698ff14e3b5ec6f1a4fb37efb9db31e38f04b1cefed7	NO_DETERMINADO	CSES	89f4c3a49c00c0e1ba1f07013e0af10bbc3289fdddc48dde816c37d3da1a742b	4dd527eb25bf9d4ed1047c7956d9ee51f20175361f9404315baae476c057cc76	NO_DETERMINADO	CANDIDATA	NO_ALCANZO_TRAS_INTENTOS	Abrir codebook y cuestionario México 2018 y documentar variable, codificación y granularidad; cerrar si no aparece el diseño requerido.	68eb1fc86d0f1a425e1a5a7c259246ba20bdf33fa8731f12b32efd604b6d59f4	Revisión de equivalencia y codificación antes de parametrizar.	Escala/diseño/universo:	MAIN:data/mapa-fuentes-externas-consolidado-2026-08-06.tsv:L12	EVIDENCIA_LOCALIZADA, NO_ACCESIBLE, NO_DETERMINADO o SIN_RUTA_VIABLE_ACTUAL tras máximo dos intentos.	MAIN:data/mapa-fuentes-externas-consolidado-2026-08-06.tsv:L12	MAIN:data/mapa-fuentes-externas-consolidado-2026-08-06.tsv:L12	Los intentos reales terminaron sin HTTP 2xx; continuar solo con acceso alternativo autorizado o localizador corregido.	NO	NO	La ejecución produjo un terminal operativo, no evidencia suficiente para cambiar adjudicación; el baseline se conserva.
SEMPROP-065946505dc4e74710f297b2	SEMRUN-354ccb9dc1023a0bd420d48f	REL-f07a221600f81a075ee85ac8	TOBS-SEM-09fa7280afae0967e9298e59	data/curacion-registro/ejecucion-semantica/runs/SEMRUN-354ccb9dc1023a0bd420d48f/inputs-inspector/TOBS-SEM-09fa7280afae0967e9298e59.json	47e674b463efab5fae3b255a0fb13b0d6b5bf1405daaefe4973a17664d82e840	data/curacion-registro/ejecucion-semantica/runs/SEMRUN-354ccb9dc1023a0bd420d48f/reportes-neutrales/TOBS-SEM-09fa7280afae0967e9298e59.json	916989030b4141bc708ae18c2a9b17ec67649bbb3fc7f96e617181c0013fd49a	data/curacion-registro/ejecucion-semantica/runs/SEMRUN-354ccb9dc1023a0bd420d48f/inputs-curador/TCUR-09fa7280afae0967e9298e59.json	3a78d8d4cfb633f181b9b2a8a22d63fe41f0b8c5d8cb8b4ef5c6ff05065aa461	NO_DETERMINADO	ENBIARE	89f4c3a49c00c0e1ba1f07013e0af10bbc3289fdddc48dde816c37d3da1a742b	4dd527eb25bf9d4ed1047c7956d9ee51f20175361f9404315baae476c057cc76	NO_DETERMINADO	CANDIDATA	EJECUTADA_CON_RESULTADO	Abrir cuestionario/diccionario ENBIARE y localizar texto, codificación y llave del reactivo junto con el desenlace requerido.	b5b88ffc4e5d47a7af72b18249563a58676ecaf4cd51b8068fa3c6f309ad418c	Revisión de equivalencia y codificación antes de parametrizar.	No se propagó el estado general de la necesidad; requiere evidencia fuente-específica.	MAIN:forense/matriz-impacto-universal-2026-08-06.md	Propuesta semántica trazable o NO_DETERMINADO con supuesto faltante concreto.	MAIN:canon/estado-programa-v1_10.md;MAIN:canon/glosario-v5_6.md;MAIN:canon/gobernanza-v1_15.md;MAIN:corpus/reports/Mexican_Population_Genomics__2025-2026_Scientific_and_Market_Opportunity_Update.md	MAIN:forense/matriz-impacto-universal-2026-08-06.md	Se abrió al menos un objeto de datos/documentación y se registró su estructura literal; el juicio semántico permanece separado.	NO	NO	La ejecución produjo un terminal operativo, no evidencia suficiente para cambiar adjudicación; el baseline se conserva.
SEMPROP-221a01ea06c098a960f11a65	SEMRUN-354ccb9dc1023a0bd420d48f	REL-f09043ef09997adc0bb4a3f2	TOBS-SEM-d7870d5638d2f65fb56c1187	data/curacion-registro/ejecucion-semantica/runs/SEMRUN-354ccb9dc1023a0bd420d48f/inputs-inspector/TOBS-SEM-d7870d5638d2f65fb56c1187.json	75805e4a6dd928c58b255e9d1d2af3400565b10f6a7f9d7e0b694faddcb4584a	data/curacion-registro/ejecucion-semantica/runs/SEMRUN-354ccb9dc1023a0bd420d48f/reportes-neutrales/TOBS-SEM-d7870d5638d2f65fb56c1187.json	ef60de1b445ddf08d7922560a45bf8afae97d679dd4162a199ac5abadf3d4257	data/curacion-registro/ejecucion-semantica/runs/SEMRUN-354ccb9dc1023a0bd420d48f/inputs-curador/TCUR-d7870d5638d2f65fb56c1187.json	f0f6ec8cccc6bdfa0fb5b00b051a6988e8c9e6253992156045513a6f2b1c3bc8	NO_DETERMINADO	LATINOBARÓMETRO	89f4c3a49c00c0e1ba1f07013e0af10bbc3289fdddc48dde816c37d3da1a742b	4dd527eb25bf9d4ed1047c7956d9ee51f20175361f9404315baae476c057cc76	NO_DETERMINADO	CANDIDATA	EJECUTADA_CON_RESULTADO	Obtener el microdato bajo la licencia aplicable y mapear reactivo, codificación y desenlace para México.	895a660662f6e2aff564303d117da35585b981c90bf2f123407e2eb5912d9439	Revisión de equivalencia y codificación antes de parametrizar.	No se propagó el estado general de la necesidad; requiere evidencia fuente-específica.	MAIN:forense/hitoE-campana-medicion-v2_0.md	Propuesta semántica trazable o NO_DETERMINADO con supuesto faltante concreto.	MAIN:canon/integrador-psicologia-mexicano.md;MAIN:canon/modelo-decision-v4_0.md;MAIN:corpus/reports/Autoridad_y_jerarquía_en_el_México_contemporáneo__anatomía_psicológica_de_un_sistema_dual.md;MAIN:corpus/reports/La_arquitectura_invisible_de_la_interacción_social_en_México.md	MAIN:forense/hitoE-campana-medicion-v2_0.md	Se abrió al menos un objeto de datos/documentación y se registró su estructura literal; el juicio semántico permanece separado.	NO	NO	La ejecución produjo un terminal operativo, no evidencia suficiente para cambiar adjudicación; el baseline se conserva.
SEMPROP-8a2e426752cef7aea99c30aa	SEMRUN-354ccb9dc1023a0bd420d48f	REL-f0cb8d6fa174935fae071144	TOBS-SEM-72c609edb4c19b295cb35b7b	data/curacion-registro/ejecucion-semantica/runs/SEMRUN-354ccb9dc1023a0bd420d48f/inputs-inspector/TOBS-SEM-72c609edb4c19b295cb35b7b.json	5ca3e27799a7afa052ccd05082ec771efbcf59a607d8ef5dfa2b9ea0feee9f84	data/curacion-registro/ejecucion-semantica/runs/SEMRUN-354ccb9dc1023a0bd420d48f/reportes-neutrales/TOBS-SEM-72c609edb4c19b295cb35b7b.json	821e332ef2ae7f64562c26c2b188b5c0181ba6351298d9531f293198316f5ddf	data/curacion-registro/ejecucion-semantica/runs/SEMRUN-354ccb9dc1023a0bd420d48f/inputs-curador/TCUR-72c609edb4c19b295cb35b7b.json	ca4ffc7ff2959267d6487f02e5b0b316971a1433f2564b8e14179fcc81b5c5b1	NO_DETERMINADO	INTERACTING_AS_EQUALS_REDUCES_PARTISAN_POLARIZATION_IN_MEXICO	89f4c3a49c00c0e1ba1f07013e0af10bbc3289fdddc48dde816c37d3da1a742b	4dd527eb25bf9d4ed1047c7956d9ee51f20175361f9404315baae476c057cc76	NO_DETERMINADO	CANDIDATA	FUENTE_ABIERTA_SIN_OBJETO_REQUERIDO	Abrir materiales suplementarios del estudio y localizar variable, tratamiento, resultado y muestra mexicanos pertinentes.	014db8569a22da88dffea08977f3ccd081816f03ec3ffc2a264502859b0796ba	Revisión de equivalencia y codificación antes de parametrizar.	Escala/diseño/universo:	MAIN:data/mapa-ext-academico-2026-08-06.tsv	EVIDENCIA_LOCALIZADA, NO_ACCESIBLE, NO_DETERMINADO o SIN_RUTA_VIABLE_ACTUAL tras máximo dos intentos.	MAIN:data/mapa-ext-academico-2026-08-06.tsv:L15	MAIN:data/mapa-ext-academico-2026-08-06.tsv	Se abrió la fuente/referencia, pero no un objeto que cierre literalmente la acción individual; usar la receta y frontera registradas.	NO	NO	La ejecución produjo un terminal operativo, no evidencia suficiente para cambiar adjudicación; el baseline se conserva.
SEMPROP-1c7ed9119d6a21380867c10d	SEMRUN-354ccb9dc1023a0bd420d48f	REL-f219eb1a0e1b71beb5a36f6f	TOBS-SEM-6974fc1119cd0acae5686ce1	data/curacion-registro/ejecucion-semantica/runs/SEMRUN-354ccb9dc1023a0bd420d48f/inputs-inspector/TOBS-SEM-6974fc1119cd0acae5686ce1.json	9f9151128fc540bb808310de26c8867935b256ba6be69374cfa733e78de1249f	data/curacion-registro/ejecucion-semantica/runs/SEMRUN-354ccb9dc1023a0bd420d48f/reportes-neutrales/TOBS-SEM-6974fc1119cd0acae5686ce1.json	13342f13036f8d3e98c8785a078a45d2b4a0f05bf91d304f31dc8d5ca7d0df23	data/curacion-registro/ejecucion-semantica/runs/SEMRUN-354ccb9dc1023a0bd420d48f/inputs-curador/TCUR-6974fc1119cd0acae5686ce1.json	c28a3b494043a0004e1955a5fd6884bef20228a0b9a4b26b8ea63a134af73c02	NO_DETERMINADO	ISSP	89f4c3a49c00c0e1ba1f07013e0af10bbc3289fdddc48dde816c37d3da1a742b	4dd527eb25bf9d4ed1047c7956d9ee51f20175361f9404315baae476c057cc76	NO_DETERMINADO	CANDIDATA	EJECUTADA_CON_RESULTADO	Obtener documentación.	43c33c75cb4c478fdd3a3c8ea2f3d12b8c4f07971e3f73717e71bd067fff4498	Revisión de equivalencia y codificación antes de parametrizar.	Escala/diseño/universo:	MAIN:data/mapa-fuentes-externas-consolidado-2026-08-06.tsv:L10	EVIDENCIA_LOCALIZADA, NO_ACCESIBLE, NO_DETERMINADO o SIN_RUTA_VIABLE_ACTUAL tras máximo dos intentos.	MAIN:data/mapa-fuentes-externas-consolidado-2026-08-06.tsv:L10	MAIN:data/mapa-fuentes-externas-consolidado-2026-08-06.tsv:L10	Se abrió al menos un objeto de datos/documentación y se registró su estructura literal; el juicio semántico permanece separado.	NO	NO	La ejecución produjo un terminal operativo, no evidencia suficiente para cambiar adjudicación; el baseline se conserva.
SEMPROP-702c45c469c344da872bd68f	SEMRUN-354ccb9dc1023a0bd420d48f	REL-f25c37290ef71e21d1d73760	TOBS-SEM-bdd090bf8b06bdff4b5b5ffc	data/curacion-registro/ejecucion-semantica/runs/SEMRUN-354ccb9dc1023a0bd420d48f/inputs-inspector/TOBS-SEM-bdd090bf8b06bdff4b5b5ffc.json	681d6a70444e0763bf4e27a18a60699eecee9cf8389a69ef0d459f2bc7b2ce6f	data/curacion-registro/ejecucion-semantica/runs/SEMRUN-354ccb9dc1023a0bd420d48f/reportes-neutrales/TOBS-SEM-bdd090bf8b06bdff4b5b5ffc.json	788fab73399f1dbaa2170abf84b217e25c8fd414dab661266ecf4594753d3a28	data/curacion-registro/ejecucion-semantica/runs/SEMRUN-354ccb9dc1023a0bd420d48f/inputs-curador/TCUR-bdd090bf8b06bdff4b5b5ffc.json	dc40564d4e6273a893aa07ca70aecf7ac8f33ad7e3308839d68431970aaa8a92	NO_DETERMINADO	GLOBAL_PREFERENCES_SURVEY	89f4c3a49c00c0e1ba1f07013e0af10bbc3289fdddc48dde816c37d3da1a742b	4dd527eb25bf9d4ed1047c7956d9ee51f20175361f9404315baae476c057cc76	NO_DETERMINADO	CANDIDATA	FUENTE_ABIERTA_SIN_OBJETO_REQUERIDO	Abrir cuestionario y datos México; buscar proxy de deferencia y outcome laboral/comunicacional en la misma muestra.	c176042a8be4a5b609ddaa8c31e950d685ce26fc1f963a58445bb74c2f2b7dc9	Revisión de equivalencia y codificación antes de parametrizar.	No se propagó el estado general de la necesidad; requiere evidencia fuente-específica.	MAIN:forense/hitoE-campana-medicion-v2_0.md	Propuesta semántica trazable o NO_DETERMINADO con supuesto faltante concreto.	MAIN:canon/integrador-psicologia-mexicano.md;MAIN:canon/modelo-decision-v4_0.md;MAIN:corpus/reports/Autoridad_y_jerarquía_en_el_México_contemporáneo__anatomía_psicológica_de_un_sistema_dual.md;MAIN:corpus/reports/La_arquitectura_invisible_de_la_interacción_social_en_México.md	MAIN:forense/hitoE-campana-medicion-v2_0.md	Se abrió la fuente/referencia, pero no un objeto que cierre literalmente la acción individual; usar la receta y frontera registradas.	NO	NO	La ejecución produjo un terminal operativo, no evidencia suficiente para cambiar adjudicación; el baseline se conserva.
SEMPROP-487b9dc2a1911aa0d15133a0	SEMRUN-354ccb9dc1023a0bd420d48f	REL-f586d39d7211922886da9f95	TOBS-SEM-2f16cf86eebc3a16fe7e15cd	data/curacion-registro/ejecucion-semantica/runs/SEMRUN-354ccb9dc1023a0bd420d48f/inputs-inspector/TOBS-SEM-2f16cf86eebc3a16fe7e15cd.json	6dade190b879a446d0cc6b20b8cd5cfa310ff4f356b2a6b13d1e4ce51c5bcc9f	data/curacion-registro/ejecucion-semantica/runs/SEMRUN-354ccb9dc1023a0bd420d48f/reportes-neutrales/TOBS-SEM-2f16cf86eebc3a16fe7e15cd.json	48911a52bac34e0cb460f21e2108dc6ad48dae64ac7fe6890c7c93643823b082	data/curacion-registro/ejecucion-semantica/runs/SEMRUN-354ccb9dc1023a0bd420d48f/inputs-curador/TCUR-2f16cf86eebc3a16fe7e15cd.json	db12d5eefa76d822448dcb47aa197e127a519998053e7642c4d850cacdefad42	NO_DETERMINADO	ENSAFI	89f4c3a49c00c0e1ba1f07013e0af10bbc3289fdddc48dde816c37d3da1a742b	4dd527eb25bf9d4ed1047c7956d9ee51f20175361f9404315baae476c057cc76	NO_DETERMINADO	CANDIDATA	EJECUTADA_CON_RESULTADO	Abrir el cuestionario/diccionario ENSAFI correspondiente y verificar texto, codificación y desenlace coobservado.	3a813d43751817e97098da205f2b8038f6e96f35360b0820fa38723a5b7b1974	Revisión de equivalencia y codificación antes de parametrizar.	No se propagó el estado general de la necesidad; requiere evidencia fuente-específica.	MAIN:canon/modelo-decision-v4_0.md	Propuesta semántica trazable o NO_DETERMINADO con supuesto faltante concreto.	MAIN:canon/modelo-decision-v4_0.md;MAIN:data/abrir4-variables-2026-08-08.tsv;MAIN:data/abrir4-variables-2026-08-08.tsv:L4;MAIN:forense/REVERIFICACION-DEMANDA-vs-UNIVERSO-2026-08-07-v1_0.md	MAIN:canon/modelo-decision-v4_0.md	Se abrió al menos un objeto de datos/documentación y se registró su estructura literal; el juicio semántico permanece separado.	NO	NO	La ejecución produjo un terminal operativo, no evidencia suficiente para cambiar adjudicación; el baseline se conserva.
SEMPROP-fe5938753ae860585ff883c0	SEMRUN-354ccb9dc1023a0bd420d48f	REL-f6d34c22618564c885af98e9	TOBS-SEM-d5eeaddbf8a73f2820bbf9e7	data/curacion-registro/ejecucion-semantica/runs/SEMRUN-354ccb9dc1023a0bd420d48f/inputs-inspector/TOBS-SEM-d5eeaddbf8a73f2820bbf9e7.json	79e638de1e23fe554dc4f9d771a0dbdda19c82803c674a86890a886b45661b0f	data/curacion-registro/ejecucion-semantica/runs/SEMRUN-354ccb9dc1023a0bd420d48f/reportes-neutrales/TOBS-SEM-d5eeaddbf8a73f2820bbf9e7.json	5d353dd0f8b17e596fb67541907904e83c6f82634da59a5e1b0414b782a4ad97	data/curacion-registro/ejecucion-semantica/runs/SEMRUN-354ccb9dc1023a0bd420d48f/inputs-curador/TCUR-d5eeaddbf8a73f2820bbf9e7.json	d8d999e591eecf7967cc15b58b06debbfcfa38b58dd1c39832145395f276d0e2	NO_DETERMINADO	ENIF	89f4c3a49c00c0e1ba1f07013e0af10bbc3289fdddc48dde816c37d3da1a742b	4dd527eb25bf9d4ed1047c7956d9ee51f20175361f9404315baae476c057cc76	NO_DETERMINADO	CANDIDATA	EJECUTADA_CON_RESULTADO	Mapear en el cuestionario y microdato ENIF los reactivos de la necesidad y el desenlace, y comprobar que comparten unidad de observación.	f0c6e2d9983312f245131a5b3d3bcff118ac88d5632537e514b0d78acf81ccd5	Revisión de equivalencia y codificación antes de parametrizar.	Escala/diseño/universo:	MAIN:forense/hitoE-campana-medicion-v2_0.md	EVIDENCIA_LOCALIZADA, NO_ACCESIBLE, NO_DETERMINADO o SIN_RUTA_VIABLE_ACTUAL tras máximo dos intentos.	MAIN:data/mapa-fuentes-2026-08-06.tsv:L14	MAIN:forense/hitoE-campana-medicion-v2_0.md	Se abrió al menos un objeto de datos/documentación y se registró su estructura literal; el juicio semántico permanece separado.	NO	NO	La ejecución produjo un terminal operativo, no evidencia suficiente para cambiar adjudicación; el baseline se conserva.
SEMPROP-68052247698358b7238a9e97	SEMRUN-354ccb9dc1023a0bd420d48f	REL-f721d49d739e759d00a9643b	TOBS-SEM-baf8e36c03cf045a94acb5ed	data/curacion-registro/ejecucion-semantica/runs/SEMRUN-354ccb9dc1023a0bd420d48f/inputs-inspector/TOBS-SEM-baf8e36c03cf045a94acb5ed.json	5e702b510738de92e423e425d4fe749097cff51af0a3ee0567d357eedf376a82	data/curacion-registro/ejecucion-semantica/runs/SEMRUN-354ccb9dc1023a0bd420d48f/reportes-neutrales/TOBS-SEM-baf8e36c03cf045a94acb5ed.json	e7143951b4c5c6c943063d7647b4d0a638ce3d572918e3f599d015eac226de53	data/curacion-registro/ejecucion-semantica/runs/SEMRUN-354ccb9dc1023a0bd420d48f/inputs-curador/TCUR-baf8e36c03cf045a94acb5ed.json	df161b79fa56e89bebe38b3bea5f2d3faf7b669aee23d09ac287f94827da4805	NO_DETERMINADO	VOTAR_ENTRE_BALAS	89f4c3a49c00c0e1ba1f07013e0af10bbc3289fdddc48dde816c37d3da1a742b	4dd527eb25bf9d4ed1047c7956d9ee51f20175361f9404315baae476c057cc76	NO_DETERMINADO	CANDIDATA	FUENTE_ABIERTA_SIN_OBJETO_REQUERIDO	Abrir diccionario/descarga y mapear tipo de evento, actor, municipio, fecha y outcome electoral; declarar límite ecológico.	57a22c7261d7b0b21b8bc5f4c71c98f993bffd31214e4ba908e9f53a723c3c94	Revisión de equivalencia y codificación antes de parametrizar.	No se propagó el estado general de la necesidad; requiere evidencia fuente-específica.	MAIN:data/mapa-fuentes-externas-consolidado-2026-08-06.tsv	Propuesta semántica trazable o NO_DETERMINADO con supuesto faltante concreto.	MAIN:canon/gobernanza-v1_15.md;MAIN:canon/integrador-psicologia-mexicano.md;MAIN:canon/modelo-decision-v4_0.md;MAIN:corpus/reports/El_Mexicano_y_el_Tiempo__Estructura__no_Cultura__en_la_Planeación_y_el_Compromiso_Temporal.md	MAIN:data/mapa-fuentes-externas-consolidado-2026-08-06.tsv	Se abrió la fuente/referencia, pero no un objeto que cierre literalmente la acción individual; usar la receta y frontera registradas.	NO	NO	La ejecución produjo un terminal operativo, no evidencia suficiente para cambiar adjudicación; el baseline se conserva.
SEMPROP-5c631c677b30feb5bdcc2356	SEMRUN-354ccb9dc1023a0bd420d48f	REL-f96e306aefb2bab19baafbcc	TOBS-SEM-f740b8a13b670f4a769675c8	data/curacion-registro/ejecucion-semantica/runs/SEMRUN-354ccb9dc1023a0bd420d48f/inputs-inspector/TOBS-SEM-f740b8a13b670f4a769675c8.json	c895e6619058e1e80326a6122ae17b06c1eccffd51870bce37649c46444b412b	data/curacion-registro/ejecucion-semantica/runs/SEMRUN-354ccb9dc1023a0bd420d48f/reportes-neutrales/TOBS-SEM-f740b8a13b670f4a769675c8.json	bd0fa1d65e2fcbc670e9ff2f4fa77585bb77bd30725808d6fc85cc67cadec3b5	data/curacion-registro/ejecucion-semantica/runs/SEMRUN-354ccb9dc1023a0bd420d48f/inputs-curador/TCUR-f740b8a13b670f4a769675c8.json	a76008194574f377193a2b1476300275aa64d8e2dd1f892d834a2716ec10a78f	NO_DETERMINADO	ENIF	89f4c3a49c00c0e1ba1f07013e0af10bbc3289fdddc48dde816c37d3da1a742b	4dd527eb25bf9d4ed1047c7956d9ee51f20175361f9404315baae476c057cc76	NO_DETERMINADO	CANDIDATA	EJECUTADA_CON_RESULTADO	Mapear en el cuestionario y microdato ENIF los reactivos de la necesidad y el desenlace, y comprobar que comparten unidad de observación.	f0c6e2d9983312f245131a5b3d3bcff118ac88d5632537e514b0d78acf81ccd5	Revisión de equivalencia y codificación antes de parametrizar.	No se propagó el estado general de la necesidad; requiere evidencia fuente-específica.	MAIN:forense/hitoE-campana-medicion-v2_0.md	Propuesta semántica trazable o NO_DETERMINADO con supuesto faltante concreto.	MAIN:corpus/reports/El_Efecto_Ambiental_de_la_Violencia_Crónica_en_México__Cómo_el_Miedo_Reorganiza_la_Conducta_Psicológica_de_la_Población.md;MAIN:data/mapa-ext-civil-2026-08-06.tsv;MAIN:data/mapa-ext-civil-2026-08-06.tsv:L20;MAIN:data/mapa-ext-civil-2026-08-06.tsv:L21	MAIN:forense/hitoE-campana-medicion-v2_0.md	Se abrió al menos un objeto de datos/documentación y se registró su estructura literal; el juicio semántico permanece separado.	NO	NO	La ejecución produjo un terminal operativo, no evidencia suficiente para cambiar adjudicación; el baseline se conserva.
SEMPROP-ac2c79bf85ff392fb7fa40f0	SEMRUN-354ccb9dc1023a0bd420d48f	REL-fb6a1baf579c6521a638b093	TOBS-SEM-0a7e53f5637ea276eaa99dcb	data/curacion-registro/ejecucion-semantica/runs/SEMRUN-354ccb9dc1023a0bd420d48f/inputs-inspector/TOBS-SEM-0a7e53f5637ea276eaa99dcb.json	bd0364859f658bc9f1a6cef16933d8a1c2059b5dc2c6bffa4a013561e47ca30d	data/curacion-registro/ejecucion-semantica/runs/SEMRUN-354ccb9dc1023a0bd420d48f/reportes-neutrales/TOBS-SEM-0a7e53f5637ea276eaa99dcb.json	6993d1af3ca188521d27a5c6a6a4f828a0e64aab9e64ffa4b1411618507238ff	data/curacion-registro/ejecucion-semantica/runs/SEMRUN-354ccb9dc1023a0bd420d48f/inputs-curador/TCUR-0a7e53f5637ea276eaa99dcb.json	6ec8c252d6d9225e5bf57bb2d62523d491d4885af755ca89dec685d5facdcf0d	NO_DETERMINADO	ENFIH	89f4c3a49c00c0e1ba1f07013e0af10bbc3289fdddc48dde816c37d3da1a742b	4dd527eb25bf9d4ed1047c7956d9ee51f20175361f9404315baae476c057cc76	NO_DETERMINADO	CANDIDATA	EJECUTADA_CON_RESULTADO	Abrir el diccionario ENFIH y localizar texto y codificación exactos para el constructo y su desenlace coobservado.	238724ce7e7be1e028ed3c636da908073026dfefdcf27a6b9c5f9944a52c0edd	Revisión de equivalencia y codificación antes de parametrizar.	No se propagó el estado general de la necesidad; requiere evidencia fuente-específica.	MAIN:canon/estado-programa-v1_10.md	Propuesta semántica trazable o NO_DETERMINADO con supuesto faltante concreto.	MAIN:canon/estado-programa-v1_10.md;MAIN:canon/glosario-v5_6.md;MAIN:canon/gobernanza-v1_15.md;MAIN:canon/integrador-psicologia-mexicano.md	MAIN:canon/estado-programa-v1_10.md	Se abrió al menos un objeto de datos/documentación y se registró su estructura literal; el juicio semántico permanece separado.	NO	NO	La ejecución produjo un terminal operativo, no evidencia suficiente para cambiar adjudicación; el baseline se conserva.
SEMPROP-f32dfa7d6fb6d4c859a720ed	SEMRUN-354ccb9dc1023a0bd420d48f	REL-fd8abdfbae6d8de6a94eb38c	TOBS-SEM-7cba8cba7caa80d12a5b77ab	data/curacion-registro/ejecucion-semantica/runs/SEMRUN-354ccb9dc1023a0bd420d48f/inputs-inspector/TOBS-SEM-7cba8cba7caa80d12a5b77ab.json	06ccc3ae2207c47bdee28f9a92e27ef1661b3c65639f7ae77b7cb9f08fa3f2a8	data/curacion-registro/ejecucion-semantica/runs/SEMRUN-354ccb9dc1023a0bd420d48f/reportes-neutrales/TOBS-SEM-7cba8cba7caa80d12a5b77ab.json	b0a10a1ac935178d1ac1321f5a60133041dca6ec7abaa3e67c86e57918d59c8f	data/curacion-registro/ejecucion-semantica/runs/SEMRUN-354ccb9dc1023a0bd420d48f/inputs-curador/TCUR-7cba8cba7caa80d12a5b77ab.json	7e6575b7ebad379f7210034801dbbdd9ed73c320024b8d87aaead4a0983d34e3	NO_DETERMINADO	SE	89f4c3a49c00c0e1ba1f07013e0af10bbc3289fdddc48dde816c37d3da1a742b	4dd527eb25bf9d4ed1047c7956d9ee51f20175361f9404315baae476c057cc76	NO_DETERMINADO	CANDIDATA	FUENTE_ABIERTA_SIN_OBJETO_REQUERIDO	Abrir el payload canónico ya identificado y localizar variable/tabla exacta, unidad, periodo, codificación y parte faltante.	386429f23f8eef84f018bf886875894d33afa04bd753b4c1726cb2e2af3fd4c0	Revisión de equivalencia y codificación antes de parametrizar.	No se propagó el estado general de la necesidad; requiere evidencia fuente-específica.	MAIN:canon/estado-programa-v1_10.md;MAIN:canon/glosario-v5_6.md;MAIN:canon/gobernanza-v1_15.md;MAIN:canon/modelo-decision-v4_0.md	Propuesta semántica trazable o NO_DETERMINADO con supuesto faltante concreto.	MAIN:canon/estado-programa-v1_10.md;MAIN:canon/glosario-v5_6.md;MAIN:canon/gobernanza-v1_15.md;MAIN:canon/modelo-decision-v4_0.md	MAIN:canon/estado-programa-v1_10.md;MAIN:canon/glosario-v5_6.md;MAIN:canon/gobernanza-v1_15.md;MAIN:canon/modelo-decision-v4_0.md	Se abrió la fuente/referencia, pero no un objeto que cierre literalmente la acción individual; usar la receta y frontera registradas.	NO	NO	La ejecución produjo un terminal operativo, no evidencia suficiente para cambiar adjudicación; el baseline se conserva.
SEMPROP-895dcf00eea01623c85e8f81	SEMRUN-354ccb9dc1023a0bd420d48f	REL-ff97af04e1d92981b386ac08	TOBS-SEM-ef5960e3b1501ddee318cfe9	data/curacion-registro/ejecucion-semantica/runs/SEMRUN-354ccb9dc1023a0bd420d48f/inputs-inspector/TOBS-SEM-ef5960e3b1501ddee318cfe9.json	5fe1d0e762d2b724fd854a5e3c743b06fd69458eecdbf5a21dd82babfd0b5c09	data/curacion-registro/ejecucion-semantica/runs/SEMRUN-354ccb9dc1023a0bd420d48f/reportes-neutrales/TOBS-SEM-ef5960e3b1501ddee318cfe9.json	bf4ae6961e9688525d318db086fdc6b46b4e0048db2ad5a2bbb879308543a18a	data/curacion-registro/ejecucion-semantica/runs/SEMRUN-354ccb9dc1023a0bd420d48f/inputs-curador/TCUR-ef5960e3b1501ddee318cfe9.json	ea0e6a7c8cdd28f85ef19702a9446bf63b7f2bd3ed00e97c64d2056bee76bcc2	NO_DETERMINADO	GPS	89f4c3a49c00c0e1ba1f07013e0af10bbc3289fdddc48dde816c37d3da1a742b	4dd527eb25bf9d4ed1047c7956d9ee51f20175361f9404315baae476c057cc76	ESCALAR	CANDIDATA	REQUIERE_DECISION_HUMANA	Con autorización de licencia, abrir codebook y payload GPS México; buscar variables de adopción CoDi/SPEI, coerción, riesgo fiscal y fricción.	058508c0a9285bf33bdc81c66bf41a1d03ff73edd157cd94f2a94517bd8201ac	Revisión de equivalencia y codificación antes de parametrizar.	Escala/diseño/universo:	MAIN:data/mapa-ext-general-2026-08-06.tsv:L3	EVIDENCIA_LOCALIZADA, NO_ACCESIBLE, NO_DETERMINADO o SIN_RUTA_VIABLE_ACTUAL tras máximo dos intentos.	MAIN:data/mapa-ext-general-2026-08-06.tsv:L3	MAIN:data/mapa-ext-general-2026-08-06.tsv:L3	La acción exige autorización/licencia y no apareció un objeto descargable abierto en los intentos permitidos.	NO	NO	La ejecución produjo un terminal operativo, no evidencia suficiente para cambiar adjudicación; el baseline se conserva.
