regla_id	rp_id	origen	fuentes	texto	tier_declarado	segmento	driver	dominio_catalogo	segmento_si	conducta_entonces	driver_porque	tier_declarado	disparadores	consumidor_motor	dictamen	resultado_id	calc	punto	ic95_inf	ic95_sup	unidad	detalle_dictamen	instrumento_sugerido	tier_evidenciado	procedencia	solo_b_o_c	firewall_genetico	incentivo_o_psicologia	sesgo_clase_media	correccion_propuesta	temporalidad
RG-9001d10bbb	RP-C3-001	TABLA-C3-1	corpus/reports-v2/Confianza_y_Desconfianza_en_México__Anatomía_Psicológica_de_una_Sociedad_Dual.md:133	SI se interpreta confianza generalizada, ENTONCES usar pregunta, ola y universo explícitos; PORQUE cambia el estimando [CONF-C42; CONF-C29].	Un enlace validado que haga intercambiables niveles; si no aparece, regla acotada a instrumentos actuales.	Fuerte descriptiva / mecanismo no identificado	cambia el estimando [CONF-C42	CONFIANZA	se interpreta confianza generalizada,	usar pregunta, ola y universo explícitos	cambia el estimando [CONF-C42	Un enlace validado que haga intercambiables niveles; si no aparece, regla acotada a instrumentos actuales.	Fuerte descriptiva / mecanismo no identificado	NINGUNO (grep milpa/)	SIN-CIFRA-GEN2							NO-CONSTRUIBLE: regla prescriptiva/metodológica (qué medir o cómo interpretar), no predice conducta observable. RETROSPECTIVO		fuerte	(a)+(c)	NO	NO-APLICA	regla de medición; no aplica	NO		RETROSPECTIVA
RG-f00751033a	RP-C3-002	TABLA-C3-1	corpus/reports-v2/Confianza_y_Desconfianza_en_México__Anatomía_Psicológica_de_una_Sociedad_Dual.md:134	SI se diseña cooperación fuera de familia, ENTONCES probar garantías y reputación verificable; PORQUE pueden reducir incertidumbre [CONF-C35; CONF-C32].	Igualar información/garantías sin cambio de conducta debilita el mecanismo; si mejora, corroboración local, no universal.	Fuerte gradiente / hipótesis	pueden reducir incertidumbre [CONF-C35	CAPITAL_SOCIAL	se diseña cooperación fuera de familia,	probar garantías y reputación verificable	pueden reducir incertidumbre [CONF-C35	Igualar información/garantías sin cambio de conducta debilita el mecanismo; si mejora, corroboración local, no universal.	Fuerte gradiente / hipótesis	NINGUNO (grep milpa/)	SIN-CIFRA-GEN2							NO-CONSTRUIBLE: efecto de garantías/reputación requiere experimento o variación exógena; catálogo solo marginales. RETROSPECTIVO	experimento de campo con garantía verificable (no hay reactivo INEGI)	hipótesis razonable	(c)	SI	NO-APLICA	incentivo (reducción de incertidumbre)	NO		RETROSPECTIVA
RG-ba5fb55ef1	RP-C3-003	TABLA-C3-1	corpus/reports-v2/Confianza_y_Desconfianza_en_México__Anatomía_Psicológica_de_una_Sociedad_Dual.md:135	SI se evalúa adopción digital, ENTONCES medir oferta/costo junto a confianza; PORQUE no uso no identifica rechazo psicológico [CONF-DIG25].	Con oferta equivalente, garantías creíbles sin mejora sostenida de adopción; no refutar solo acota al contexto.	Sin cifra de efecto / hipótesis	no uso no identifica rechazo psicológico [CONF-DIG25]	TECNOLOGIA	se evalúa adopción digital,	medir oferta/costo junto a confianza	no uso no identifica rechazo psicológico [CONF-DIG25]	Con oferta equivalente, garantías creíbles sin mejora sostenida de adopción; no refutar solo acota al contexto.	Sin cifra de efecto / hipótesis	NINGUNO (grep milpa/)	SIN-CIFRA-GEN2							NO-CONSTRUIBLE: prescriptiva; ENDUTIH mide uso y razones de no uso pero no la condición de oferta equivalente. RETROSPECTIVO	ENDUTIH (razones de no uso de internet) + ENIF (oferta/acceso)	hipótesis razonable	(a)+(c)	NO	NO-APLICA	oferta antes que preferencia	NO		RETROSPECTIVA
RG-b924562014	RP-C3-004	TABLA-C3-1	corpus/reports-v2/Confianza_y_Desconfianza_en_México__Anatomía_Psicológica_de_una_Sociedad_Dual.md:136	SI se evalúa confianza institucional, ENTONCES separar experiencia, identidad política e integridad; PORQUE pueden producir el mismo marginal [CONF-OECD24; CONF-CARBON24].	Cambio exógeno de servicio sin cambio de confianza en usuarios comparables debilita experiencia; un corte transversal no adjudica.	Fuerte descriptiva / media acotada a viñetas	pueden producir el mismo marginal [CONF-OECD24	CONFIANZA	se evalúa confianza institucional,	separar experiencia, identidad política e integridad	pueden producir el mismo marginal [CONF-OECD24	Cambio exógeno de servicio sin cambio de confianza en usuarios comparables debilita experiencia; un corte transversal no adjudica.	Fuerte descriptiva / media acotada a viñetas	NINGUNO (grep milpa/)	SIN-CIFRA-GEN2							NO-CONSTRUIBLE: regla prescriptiva/metodológica (qué medir o cómo interpretar), no predice conducta observable. RETROSPECTIVO		fuerte	(a)+(c)	NO	NO-APLICA	regla de medición; no aplica	NO		RETROSPECTIVA
RG-a4ed0259ce	RP-C3-005	TABLA-C3-1	corpus/reports-v2/Non-Family_Social_Capital_in_Mexico__Cooperation__Trust__and_Collective_Action_Beyond_Kinship.md:126	CAP-R01 · PROPUESTO-POR-EJECUTOR. SI Un comité de mantenimiento tiene autoridad reconocida y presupuesto transparente, ENTONCES Es plausible sostener aportaciones voluntarias; estimar aporte y continuidad por separado, PORQUE Rendición de cuentas reduce incertidumbre y arreglos fiscales sostienen coordinación. Tier de frecuencia: SIN-CIFRA para efecto; asistencia LAPOP descriptiva FUERTE; tier de mecanismo: MEDIA cualitativa localizada. Falsador: Asignación exógena de transparencia/acompañamiento: aportes y continuidad no mejoran, o exclusión/costo anulan el beneficio; si no refuta, corroboración solo local. Evidencia: CAP-C03, CAP-F01, CAP-F02.	SIN-CIFRA para efecto; asistencia LAPOP descriptiva FUERTE; tier de mecanismo: MEDIA cualitativa localizada	no declarado	Rendición de cuentas reduce incertidumbre y arreglos fiscales sostienen coordinación	CAPITAL_SOCIAL	Un comité de mantenimiento tiene autoridad reconocida y presupuesto transparente,	Es plausible sostener aportaciones voluntarias; estimar aporte y continuidad por separado	Rendición de cuentas reduce incertidumbre y arreglos fiscales sostienen coordinación	SIN-CIFRA para efecto; asistencia LAPOP descriptiva FUERTE; tier de mecanismo: MEDIA cualitativa localizada	no declarado	NINGUNO (grep milpa/)	MATIZA-SIN-CRUCE	RESULT-LAPOP-PISOS-CS-ASISTE-COMITE-MEJORAS-2019-TOTAL-TODOS-P	CALC-LAPOP-PISOS-CAPITAL-SOCIAL-0001	0.13584183673469388	0.11712662067456839	0.15582866518564867	persona	Solo marginal de asistencia a comités (13.6%); no hay cruce por autoridad/transparencia del comité; efecto no identificado. RETROSPECTIVO	LAPOP CP8 + módulo de transparencia de comité (no existe)	hipótesis razonable	(a)+(c)	NO	NO-APLICA	incentivo institucional (rendición de cuentas)	NO		RETROSPECTIVA
RG-33ece9e072	RP-C3-006	TABLA-C3-1	corpus/reports-v2/Non-Family_Social_Capital_in_Mexico__Cooperation__Trust__and_Collective_Action_Beyond_Kinship.md:128	CAP-R02 · PROPUESTO-POR-EJECUTOR. SI Se usa asistencia a comités por escolaridad para segmentar oferta de coordinación, ENTONCES No aplicar un gradiente educativo monótono por defecto, PORQUE Los marginales observados no crecen ordenadamente; no identifican educación como causa. Tier de frecuencia: FUERTE descriptiva LAPOP histórico; tier de mecanismo: SIN-CIFRA. Falsador: Mismo reactivo y universo en olas abiertas futuras muestra gradiente monotónico robusto con diseño; aun así no prueba mecanismo causal. Evidencia: CAP-C05, CAP-C06, CAP-C07, CAP-C08.	FUERTE descriptiva LAPOP histórico; tier de mecanismo: SIN-CIFRA	no declarado	Los marginales observados no crecen ordenadamente	CAPITAL_SOCIAL	Se usa asistencia a comités por escolaridad para segmentar oferta de coordinación,	No aplicar un gradiente educativo monótono por defecto	Los marginales observados no crecen ordenadamente	FUERTE descriptiva LAPOP histórico; tier de mecanismo: SIN-CIFRA	no declarado	NINGUNO (grep milpa/)	CONFIRMA	RESULT-LAPOP-PISOS-CS-ASISTE-COMITE-MEJORAS-2019-ESCOLARIDAD-SECUNDARIA-P	CALC-LAPOP-PISOS-CAPITAL-SOCIAL-0001	0.1084070796460177	0.0811454538793284	0.1384349173553719	persona	Asistencia por escolaridad no monótona en 2004/2006/2019 (2019: hasta primaria 0.169 [0.126,0.212], secundaria 0.108, media sup 0.129, superior 0.144); IC traslapan parcialmente; confirma solo la no-monotonía descriptiva; educación como causa no identificada. RETROSPECTIVO		media	(a)	NO	NO-APLICA	estructura (redes locales, clase) más que psicología	NO		RETROSPECTIVA
RG-e79a712c5a	RP-C3-007	TABLA-C3-1	corpus/reports-v2/Non-Family_Social_Capital_in_Mexico__Cooperation__Trust__and_Collective_Action_Beyond_Kinship.md:130	CAP-R03 · PROPUESTO-POR-EJECUTOR. SI Una plataforma propone organizar cooperación vecinal o ahorro colectivo, ENTONCES Separar alcance, permanencia, pérdidas y resultados del número de grupos creados, PORQUE Digitalización puede abaratar coordinación, pero no acredita confianza ni eficacia. Tier de frecuencia: SIN-CIFRA; tier de mecanismo: HIPÓTESIS. Falsador: Comparación de grupos equivalentes por acceso digital y exposición con inscripción previa de métricas y pérdidas; si no refuta, hipótesis acotada al diseño. Evidencia: CAP-F02.	SIN-CIFRA; tier de mecanismo: HIPÓTESIS	no declarado	Digitalización puede abaratar coordinación, pero no acredita confianza ni eficacia	TECNOLOGIA	Una plataforma propone organizar cooperación vecinal o ahorro colectivo,	Separar alcance, permanencia, pérdidas y resultados del número de grupos creados	Digitalización puede abaratar coordinación, pero no acredita confianza ni eficacia	SIN-CIFRA; tier de mecanismo: HIPÓTESIS	no declarado	NINGUNO (grep milpa/)	SIN-CIFRA-GEN2							NO-CONSTRUIBLE: regla prescriptiva/metodológica (qué medir o cómo interpretar), no predice conducta observable. RETROSPECTIVO		hipótesis razonable	(c)	SI	NO-APLICA	no aplica	NO		RETROSPECTIVA
RG-77b1cfad00	RP-C3-008	TABLA-C3-1	corpus/reports-v2/Religiosidad_y_Psicología_del_Mexicano_Contemporáneo__Moral__Afrontamiento__Consumo_e_Identidad_en_Transformación.md:128	PROPUESTO-POR-EJECUTOR; no adoptado. SI un servicio depende de preferencias espirituales, ENTONCES preguntarlas directamente y ofrecer apoyo optativo, PORQUE afiliación no equivale a preferencia de atención. Tier de frecuencia: (a) descriptivo; mecanismo/eficacia: propuesta. Falsador: ensayo de diseño que muestre ninguna mejora o daño en satisfacción/acceso frente a preguntar sólo afiliación.	(a) descriptivo; mecanismo/eficacia: propuesta	no declarado	afiliación no equivale a preferencia de atención	RELIGION	un servicio depende de preferencias espirituales	preguntarlas directamente y ofrecer apoyo optativo	afiliación no equivale a preferencia de atención	(a) descriptivo; mecanismo/eficacia: propuesta	NO-DECLARADO	NINGUNO (no hallado en catalogo-momentos ni tramite.yaml)	SIN-CIFRA-GEN2							NO-CONSTRUIBLE: prescripción de diseño de servicio; eficacia solo medible por ensayo de diseño, no hay RESULT GEN2 de preferencia espiritual vs afiliación	Ensayo de diseño en servicio (satisfacción/acceso); afiliación religiosa en Censo 2020 como marginal descriptivo	hipótesis razonable	(a)+(c)	NO	NO-APLICA	diseño de servicio; no psicológico	NO		RETROSPECTIVA
RG-20941ee86e	RP-C3-009	TABLA-C3-1	corpus/reports-v2/Religiosidad_y_Psicología_del_Mexicano_Contemporáneo__Moral__Afrontamiento__Consumo_e_Identidad_en_Transformación.md:130	PROPUESTO-POR-EJECUTOR; no adoptado. SI se usa un flujo de peregrinación para dimensionar servicios, ENTONCES conservar ventana y unidad operativa, PORQUE asistencia no equivale a personas únicas ni prevalencia. Frecuencia: primaria operativa auto-reportada; mecanismo: logística propuesta. Falsador: conteo validado que permita deduplicación y cambie demanda por hora/territorio.	no declarado	no declarado	asistencia no equivale a personas únicas ni prevalencia	RELIGION	se usa un flujo de peregrinación para dimensionar servicios	conservar ventana y unidad operativa	asistencia no equivale a personas únicas ni prevalencia	no declarado	NO-DECLARADO	NINGUNO (no hallado en catalogo-momentos ni tramite.yaml)	SIN-CIFRA-GEN2							NO-CONSTRUIBLE: regla de unidad (asistencia vs personas únicas); registro operativo de peregrinación sin deduplicación ni CALC	Conteo operativo validado con deduplicación (registro administrativo, no INEGI)	hipótesis razonable	(a)	NO	NO-APLICA	logística/medición	NO		RETROSPECTIVA
RG-0ab323d2a1	RP-C3-010	TABLA-C3-1	corpus/reports-v2/Religiosidad_y_Psicología_del_Mexicano_Contemporáneo__Moral__Afrontamiento__Consumo_e_Identidad_en_Transformación.md:132	PROPUESTO-POR-EJECUTOR; no adoptado. SI se propone que religión produce bienestar, ENTONCES medir espiritualidad, coping, apoyo y salud previa separadamente, PORQUE asociaciones pueden reflejar selección y solapamiento de escalas. Frecuencia/asociación: (a) acotada; mecanismo: no identificado. Falsador: diseño prospectivo o intervención que mantenga efecto cuando apoyo y bienestar basal son comparables; si no refuta, sólo corroboración acotada al universo estudiado.	no declarado	no declarado	asociaciones pueden reflejar selección y solapamiento de escalas	RELIGION	se propone que religión produce bienestar	medir espiritualidad, coping, apoyo y salud previa separadamente	asociaciones pueden reflejar selección y solapamiento de escalas	no declarado	NO-DECLARADO	NINGUNO (no hallado en catalogo-momentos ni tramite.yaml)	SIN-CIFRA-GEN2							NO-CONSTRUIBLE: regla metodológica sobre identificación religión→bienestar; catálogo no tiene cruce religiosidad×bienestar con coping/apoyo separados	ENBIARE (bienestar) + reactivo de religiosidad/coping en misma persona; diseño prospectivo	hipótesis razonable	mixta (a)+(c)	NO	NO-APLICA	confusión selección/apoyo social vs psicología	NO		RETROSPECTIVA
RG-95ff374039	RP-C3-011	TABLA-C3-1	corpus/reports-v2/Reconfiguración_de_los_Guiones_de_Género_en_México__Masculinidades__Feminidades_y_Violencia_a_través_de_Clase__Generación_y_Región.md:82	- GEN-R1. SI se usa un piso ENDIREH de pareja actual, ENTONCES emitir sólo sobre esa población/ventana — PORQUE el ámbito y la unión de actos definen el estimando — TIER frecuencia fuerte, mecanismo no identificado. Consumidor posible: redacción y segmentación del modelo. Falsador: spec o evidencia de universo distinto. No habilita predicción individual.	no declarado	redacción y segmentación del modelo	el ámbito y la unión de actos definen el estimando — TIER frecuencia fuerte, mecanismo no identificado	VIOLENCIA_GENERO	se usa un piso ENDIREH de pareja actual	emitir sólo sobre esa población/ventana	el ámbito y la unión de actos definen el estimando — TIER frecuencia fuerte, mecanismo no identificado	no declarado	NO-DECLARADO	NINGUNO (no hallado en catalogo-momentos ni tramite.yaml)	SIN-CIFRA-GEN2							NO-CONSTRUIBLE: regla de alcance de estimando (población/ventana ENDIREH); prescriptiva, no conducta observable	ENDIREH (pareja actual, últimos 12 meses) — spec del piso	fuerte	(a)	NO	NO-APLICA	medición	NO		RETROSPECTIVA
RG-ef9b850e7b	RP-C3-012	TABLA-C3-1	corpus/reports-v2/Reconfiguración_de_los_Guiones_de_Género_en_México__Masculinidades__Feminidades_y_Violencia_a_través_de_Clase__Generación_y_Región.md:83	- GEN-R2. SI se propone una intervención de reparto doméstico, ENTONCES tratar su efecto como hipótesis y medir oferta/uso/resultado — PORQUE SC-H2025 sólo establece asociación — TIER mecanismo medio como asociación. Consumidor posible: evaluación de RH/cuidados. Falsador: evaluación válida con resultado nulo/adverso o asociación no robusta; aplicabilidad restringida a población evaluada.	no declarado	evaluación de RH/cuidados	SC-H2025 sólo establece asociación — TIER mecanismo medio como asociación	GENERO_CUIDADOS	se propone una intervención de reparto doméstico	tratar su efecto como hipótesis y medir oferta/uso/resultado	SC-H2025 sólo establece asociación — TIER mecanismo medio como asociación	no declarado	NO-DECLARADO	NINGUNO (no hallado en catalogo-momentos ni tramite.yaml)	SIN-CIFRA-GEN2							NO-CONSTRUIBLE: efecto de intervención de reparto doméstico requiere evaluación; ENUT solo daría asociación	ENUT (horas de trabajo doméstico por sexo) + evaluación de intervención	hipótesis razonable	(a)	NO	NO-APLICA	estructura/oferta de cuidados vs guion	NO		RETROSPECTIVA
RG-c640ec5ced	RP-C3-013	TABLA-C3-1	corpus/reports-v2/Reconfiguración_de_los_Guiones_de_Género_en_México__Masculinidades__Feminidades_y_Violencia_a_través_de_Clase__Generación_y_Región.md:84	- GEN-R3. SI el consumidor pretende trasladar marginal ENDISEG a exposición a violencia, ENTONCES exigir medida conjunta y misma población — PORQUE identidad, orientación y experiencia son variables distintas — TIER frecuencia provisional; mecanismo sin identificar. Consumidor posible: control de inferencias. Falsador: instrumento conjunto validado; no adoptar el piso hasta firma de contenido.	no declarado	control de inferencias	identidad, orientación y experiencia son variables distintas — TIER frecuencia provisional	VIOLENCIA_GENERO	el consumidor pretende trasladar marginal ENDISEG a exposición a violencia	exigir medida conjunta y misma población	identidad, orientación y experiencia son variables distintas — TIER frecuencia provisional; mecanismo sin identificar	no declarado	NO-DECLARADO	NINGUNO (no hallado en catalogo-momentos ni tramite.yaml)	SIN-CIFRA-GEN2							NO-CONSTRUIBLE: exige medida conjunta identidad×violencia en misma población; ENDISEG no la trae como RESULT GEN2	ENDISEG 2021 (reactivos de discriminación/agresión) cruzados con orientación/identidad	media	(a)	NO	NO-APLICA	medición	NO		RETROSPECTIVA
RG-a2e972d3ed	RP-C3-014	TABLA-C3-1	corpus/reports-v2/El_Efecto_Ambiental_de_la_Violencia_Crónica_en_México__Cómo_el_Miedo_Reorganiza_la_Conducta_Psicológica_de_la_Población.md:103	SI la población usuaria declara inseguridad en su trayecto, ENTONCES RH/transporte evalúa una alternativa de horario o ruta — PORQUE la percepción puede restringir movilidad	Recuperación de movilidad sin aumento de exposición; si no cambia movilidad frente a comparación válida, retirar eficacia supuesta. No umbral ni probabilidad individual	Personas del trayecto y periodo investigados; frecuencia descriptiva (a), mecanismo por identificar	la percepción puede restringir movilidad	SEGURIDAD	la población usuaria declara inseguridad en su trayecto	RH/transporte evalúa una alternativa de horario o ruta	la percepción puede restringir movilidad	Recuperación de movilidad sin aumento de exposición; si no cambia movilidad frente a comparación válida, retirar eficacia supuesta. No umbral ni probabilidad individual	NO-DECLARADO	NINGUNO (no hallado en catalogo-momentos ni tramite.yaml)	SIN-CIFRA-GEN2							NO-CONSTRUIBLE: prescripción de RH/transporte; la eficacia de cambio de horario/ruta no es observable en catálogo (percepción de inseguridad en transporte sí es medible)	ENSU (percepción de inseguridad en transporte público) + ENVIPE hábitos (dejó de salir de noche) como marginal; eficacia por comparación válida	hipótesis razonable	(a)	NO	NO-APLICA	adaptación racional a riesgo, no rasgo	NO		RETROSPECTIVA
RG-77ea2841bb	RP-C3-015	TABLA-C3-1	corpus/reports-v2/El_Efecto_Ambiental_de_la_Violencia_Crónica_en_México__Cómo_el_Miedo_Reorganiza_la_Conducta_Psicológica_de_la_Población.md:104	SI un producto usa hábitos por miedo, ENTONCES su consumidor de medición distingue aplicables y No aplica antes de comparar olas	Recodificación y universo común que hagan equivalentes las cantidades; si falla, no publicar tendencia. Regla de medición, no conducta universal	Cuestionarios y bases equivalentes; ENVIPE/ENSU ilustran diferencia de estimandos	no declarado en la fila	SEGURIDAD	un producto usa hábitos por miedo	su consumidor de medición distingue aplicables y No aplica antes de comparar olas	no declarado en la fila	Recodificación y universo común que hagan equivalentes las cantidades; si falla, no publicar tendencia. Regla de medición, no conducta universal	NO-DECLARADO	NINGUNO (no hallado en catalogo-momentos ni tramite.yaml)	SIN-CIFRA-GEN2							NO-CONSTRUIBLE: regla de medición (aplica/No aplica antes de comparar olas), no conducta	ENVIPE/ENSU cuestionarios (filtro No aplica en hábitos por temor)	fuerte	(a)	NO	NO-APLICA	medición	NO		RETROSPECTIVA
RG-d5f9cd6118	RP-C3-016	TABLA-C3-1	corpus/reports-v2/El_Efecto_Ambiental_de_la_Violencia_Crónica_en_México__Cómo_el_Miedo_Reorganiza_la_Conducta_Psicológica_de_la_Población.md:105	SI una señal digital se usa para decidir recursos comunitarios, ENTONCES se exige validación con conducta o síntomas observados localmente	Señal no correlaciona de manera estable con medida validada en población destinataria; no clasificar personas ni inferir TEPT	Usuarios y plataforma concretos; proxy (a), mecanismo limitado	no declarado en la fila	SEGURIDAD	una señal digital se usa para decidir recursos comunitarios	se exige validación con conducta o síntomas observados localmente	no declarado en la fila	Señal no correlaciona de manera estable con medida validada en población destinataria; no clasificar personas ni inferir TEPT	NO-DECLARADO	NINGUNO (no hallado en catalogo-momentos ni tramite.yaml)	SIN-CIFRA-GEN2							NO-CONSTRUIBLE: validación de señal digital contra conducta local; no hay RESULT de señales digitales	Validación local señal digital vs ENSU/encuesta de síntomas	hipótesis razonable	(a)	NO	NO-APLICA	medición	NO		RETROSPECTIVA
RG-107a5897d0	RP-C3-017	TABLA-C3-1	corpus/reports-v2/Salud_Mental_en_México__Prevalencia__Estigma_y_la_Brecha_entre_Necesidad_y_Atención.md:116	SI una cifra es CESD-7 ENTONCES interpretar síntomas de semana previa, sin convertirla en diagnóstico	Fuerte descriptivo / no causal	Editor de salud; conservar edad/umbral/ola	no declarado en la fila	SALUD_MENTAL	una cifra es CESD-7	interpretar síntomas de semana previa, sin convertirla en diagnóstico	no declarado en la fila	Fuerte descriptivo / no causal	NO-DECLARADO	NINGUNO (no hallado en catalogo-momentos ni tramite.yaml)	SIN-CIFRA-GEN2							NO-CONSTRUIBLE como veredicto: regla interpretativa; el catálogo sí trae RESULT-ENBIARE-PISOS-BIENESTAR-DEPRESION-CESD7-2021-TOTAL-TODOS-P (proporción 0.184 IC [0.178,0.190]) que es síntoma CESD-7, consistente con la regla pero no la adjudica	ENBIARE 2021 CESD-7 (ya en catálogo)	fuerte	(a)	NO	NO-APLICA	medición	NO		RETROSPECTIVA
RG-dbb87c4a86	RP-C3-018	TABLA-C3-1	corpus/reports-v2/Salud_Mental_en_México__Prevalencia__Estigma_y_la_Brecha_entre_Necesidad_y_Atención.md:117	SI EDR carece de población comparable ENTONCES emitir conteo/composición provisional y abstenerse de tasa	Sellado descriptivo provisional / no causal	Reporte de mortalidad; RESULT sellado y firma abierta rotulados	no declarado en la fila	SALUD_MENTAL	EDR carece de población comparable	emitir conteo/composición provisional y abstenerse de tasa	no declarado en la fila	Sellado descriptivo provisional / no causal	NO-DECLARADO	NINGUNO (no hallado en catalogo-momentos ni tramite.yaml)	SIN-CIFRA-GEN2							NO-CONSTRUIBLE: regla de emisión (conteo vs tasa) para EDR sin denominador comparable	EDR (estadísticas de defunciones registradas) + CONAPO proyecciones como denominador	media	(a)	NO	NO-APLICA	medición	NO		RETROSPECTIVA
RG-43562fc6ff	RP-C3-019	TABLA-C3-1	corpus/reports-v2/Salud_Mental_en_México__Prevalencia__Estigma_y_la_Brecha_entre_Necesidad_y_Atención.md:118	SI bajo uso se interpreta como preferencia ENTONCES medir oferta y costo junto a actitud y necesidad	Demoras históricas / hipótesis de barrera	Evaluador de cobertura; universo y tiempo comunes	no declarado en la fila	SALUD_MENTAL	bajo uso se interpreta como preferencia	medir oferta y costo junto a actitud y necesidad	no declarado en la fila	Demoras históricas / hipótesis de barrera	NO-DECLARADO	NINGUNO (no hallado en catalogo-momentos ni tramite.yaml)	SIN-CIFRA-GEN2							NO-CONSTRUIBLE: prescribe medir oferta y costo junto a actitud; catálogo no tiene cruce necesidad×oferta×actitud en salud mental	ENBIARE/ENSANUT (necesidad y atención) + CLUES/oferta; reactivo de barrera de costo	hipótesis razonable	(a)	NO	NO-APLICA	oferta antes que preferencia	NO		RETROSPECTIVA
RG-66d05a49f4	RP-C3-020	TABLA-C3-1	corpus/reports-v2/Psicología_del_Trabajo_en_México__Un_Mapa_Basado_en_Evidencia.md:100	TRABAJO-R1 · PROPUESTO-POR-EJECUTOR. SI analista compara contrato e informalidad, ENTONCES mantener cantidades y denominadores separados, PORQUE subordinados elegibles no equivalen a todos los ocupados. Consumidor: lector de reports/analista laboral. Aplicabilidad: mismas definiciones, ola y población del registro. Frecuencia: (a) ENOE nacional retrospectiva adoptada; mecanismo: regla de medición, no efecto psicológico. Falsador: un contrato armonizado que defina exactamente el mismo universo y variable para ambas categorías. Si no refuta: alcance conservado, no causalidad acreditada. Límite: no determina preferencias.	no declarado	lector de reports/analista laboral	subordinados elegibles no equivalen a todos los ocupados	TRABAJO	lector de reports/analista laboral	TRABAJO-R1 · PROPUESTO-POR-EJECUTOR. SI analista compara contrato e informalidad, ENTONCES mantener cantidades y denominadores separados, PORQUE subordinados elegibles no equivalen a todos los ocupados. Consumidor: lector de reports/analista laboral. Aplicabilidad: mismas definiciones, ola y población del registro. Frecuencia: (a) ENOE nacional retrospectiva adoptada; mecanismo: regla de medición, no efecto psicológico. Falsador: un contrato armonizado que defina exactamente el mismo universo y variable para ambas categorías. Si no refuta: alcance conservado, no causalidad acreditada. Límite: no determina preferencias.	subordinados elegibles no equivalen a todos los ocupados	no declarado		NO-ENCONTRADO en milpa/catalogo-momentos-v0_1.tsv ni milpa/tramite.yaml (grep por regla_id)	SIN-CIFRA-GEN2							NO-CONSTRUIBLE: regla metodológica sobre denominadores; no hay conducta observable · RETROSPECTIVA		fuerte	(a)	NO	NO-APLICA	metodológica	NO		RETROSPECTIVA
RG-4fc3bce5d1	RP-C3-021	TABLA-C3-1	corpus/reports-v2/Psicología_del_Trabajo_en_México__Un_Mapa_Basado_en_Evidencia.md:102	TRABAJO-R2 · PROPUESTO-POR-EJECUTOR. SI se interpreta participación por sexo, ENTONCES describir cuidado, horarios y oferta antes de atribuir preferencia, PORQUE participación no identifica motivo. Consumidor: analista/planificación de empleos. Aplicabilidad: población 15+ y disponibilidad real. Frecuencia: (a) ENOE 2024T4 PROVISIONAL NO ADOPTADA; mecanismo: no identificado. Falsador: diseño que varíe oportunidad y mida preferencias en la misma persona separando alternativas. Si no refuta: mecanismo sigue indeterminado. Límite: no fija cuánto corresponde a cada causa.	no declarado	analista/planificación de empleos	participación no identifica motivo	TRABAJO	analista/planificación de empleos	TRABAJO-R2 · PROPUESTO-POR-EJECUTOR. SI se interpreta participación por sexo, ENTONCES describir cuidado, horarios y oferta antes de atribuir preferencia, PORQUE participación no identifica motivo. Consumidor: analista/planificación de empleos. Aplicabilidad: población 15+ y disponibilidad real. Frecuencia: (a) ENOE 2024T4 PROVISIONAL NO ADOPTADA; mecanismo: no identificado. Falsador: diseño que varíe oportunidad y mida preferencias en la misma persona separando alternativas. Si no refuta: mecanismo sigue indeterminado. Límite: no fija cuánto corresponde a cada causa.	participación no identifica motivo	no declarado		NO-ENCONTRADO en milpa/catalogo-momentos-v0_1.tsv ni milpa/tramite.yaml (grep por regla_id)	SIN-CIFRA-GEN2							NO-CONSTRUIBLE: regla de interpretación; motivo de no participación requiere reactivo de razones · RETROSPECTIVA	ENOE (razón de no buscar trabajo por cuidado); ENUT (horas de cuidado)	media	(a)	NO	NO-APLICA	oferta/restricción de tiempo antes que preferencia	NO		RETROSPECTIVA
RG-8e2516482c	RP-C3-022	TABLA-C3-1	corpus/reports-v2/Psicología_del_Trabajo_en_México__Un_Mapa_Basado_en_Evidencia.md:104	TRABAJO-R3 · PROPUESTO-POR-EJECUTOR. SI centro reporta horas largas y baja autonomía, ENTONCES evaluar cargas, control y organización del trabajo antes de diagnosticar personalidad, PORQUE son categorías de riesgo distintas de diagnóstico. Consumidor: responsable del centro/analista de organización. Aplicabilidad: solo con medición pertinente dentro del centro. Frecuencia: (a) ENOE nacional; norma primaria sin prevalencia; mecanismo: propuesta evaluable; efecto no identificado. Falsador: comparación que cambie carga/control y mida exposición y resultados sin cambios atribuibles, con precisión suficiente. Si no refuta: acotada al centro; falsador débil si precisión insuficiente. Límite: no diagnostica salud ni promete reducción causal de burnout.	no declarado	responsable del centro/analista de organización	son categorías de riesgo distintas de diagnóstico	TRABAJO	responsable del centro/analista de organización	TRABAJO-R3 · PROPUESTO-POR-EJECUTOR. SI centro reporta horas largas y baja autonomía, ENTONCES evaluar cargas, control y organización del trabajo antes de diagnosticar personalidad, PORQUE son categorías de riesgo distintas de diagnóstico. Consumidor: responsable del centro/analista de organización. Aplicabilidad: solo con medición pertinente dentro del centro. Frecuencia: (a) ENOE nacional; norma primaria sin prevalencia; mecanismo: propuesta evaluable; efecto no identificado. Falsador: comparación que cambie carga/control y mida exposición y resultados sin cambios atribuibles, con precisión suficiente. Si no refuta: acotada al centro; falsador débil si precisión insuficiente. Límite: no diagnostica salud ni promete reducción causal de burnout.	son categorías de riesgo distintas de diagnóstico	no declarado		NO-ENCONTRADO en milpa/catalogo-momentos-v0_1.tsv ni milpa/tramite.yaml (grep por regla_id)	SIN-CIFRA-GEN2							NO-CONSTRUIBLE: prescriptiva a nivel centro de trabajo; unidad empresa sin RESULT · RETROSPECTIVA	NOM-035 / encuesta de centro de trabajo (no en corpus GEN2)	hipótesis razonable	(a)+(c)	NO	NO-APLICA	organización del trabajo, no personalidad	NO		RETROSPECTIVA
RG-50ceb57f85	RP-C3-023	TABLA-C3-1	corpus/reports-v2/Mérito__Movilidad_Social_y_Desigualdad_en_México__Actualización_2025-2026.md:96	Se compara origen social con logro adulto → Usar transición origen/destino del mismo índice y cohorte; no usar Gini como sustituto. Porque: Escalas y estimandos distintos. Tier descriptivo: a, descripción nacional publicada; mecanismo: no identificado.	Consumidor: lector/editor/modelo solo tras adopción. Condición: instrumento retrospectivo y denominadores compatibles. Falsador: Instrumento validado demuestra enlace estable y calibrado entre ambos estimandos; sin enlace no convertir. Límite: No estima probabilidad individual futura.	MOV-R1 · PROPUESTO-POR-EJECUTOR	Escalas y estimandos distintos	MOVILIDAD	MOV-R1 · PROPUESTO-POR-EJECUTOR	Se compara origen social con logro adulto → Usar transición origen/destino del mismo índice y cohorte; no usar Gini como sustituto. Porque: Escalas y estimandos distintos. Tier descriptivo: a, descripción nacional publicada; mecanismo: no identificado.	Escalas y estimandos distintos	Consumidor: lector/editor/modelo solo tras adopción. Condición: instrumento retrospectivo y denominadores compatibles. Falsador: Instrumento validado demuestra enlace estable y calibrado entre ambos estimandos; sin enlace no convertir. Límite: No estima probabilidad individual futura.		NO-ENCONTRADO en milpa/catalogo-momentos-v0_1.tsv ni milpa/tramite.yaml (grep por regla_id)	SIN-CIFRA-GEN2							NO-CONSTRUIBLE: metodológica; la transición origen/destino no está en catálogo como matriz · RETROSPECTIVA	ESRU-EMOVI (matriz de transición por cohorte)	fuerte	(a)	NO	NO-APLICA	estructura	NO		RETROSPECTIVA
RG-7f3c34b433	RP-C3-024	TABLA-C3-1	corpus/reports-v2/Mérito__Movilidad_Social_y_Desigualdad_en_México__Actualización_2025-2026.md:97	Se evalúa una barrera de promoción de personas cuidadoras → Registrar oferta y uso de cuidados, costo, horas y elegibilidad antes de atribuir desinterés por carrera. Porque: Oferta y restricción de tiempo pueden producir el mismo comportamiento. Tier descriptivo: a, CEEY2026 asociación retrospectiva; mecanismo: hipótesis plausible, no causal.	Consumidor: RRHH/política de capacitación. Condición: personas con responsabilidades de cuidado, ofertas comparables. Falsador: Apoyo efectivo aleatorizado no cambia acceso/formación/promoción y preferencias previas explican patrón; requiere potencia. Límite: No fija tamaño de efecto ni garantiza ca	MOV-R2 · PROPUESTO-POR-EJECUTOR	Oferta y restricción de tiempo pueden producir el mismo comportamiento	FAMILIA_CUIDADOS	MOV-R2 · PROPUESTO-POR-EJECUTOR	Se evalúa una barrera de promoción de personas cuidadoras → Registrar oferta y uso de cuidados, costo, horas y elegibilidad antes de atribuir desinterés por carrera. Porque: Oferta y restricción de tiempo pueden producir el mismo comportamiento. Tier descriptivo: a, CEEY2026 asociación retrospectiva; mecanismo: hipótesis plausible, no causal.	Oferta y restricción de tiempo pueden producir el mismo comportamiento	Consumidor: RRHH/política de capacitación. Condición: personas con responsabilidades de cuidado, ofertas comparables. Falsador: Apoyo efectivo aleatorizado no cambia acceso/formación/promoción y preferencias previas explican patrón; requiere potencia. Límite: No fija tamaño de efecto ni garantiza ca		NO-ENCONTRADO en milpa/catalogo-momentos-v0_1.tsv ni milpa/tramite.yaml (grep por regla_id)	SIN-CIFRA-GEN2							NO-CONSTRUIBLE: prescriptiva; barrera de promoción no medida en catálogo · RETROSPECTIVA	ENUT/ENASIC (oferta y uso de cuidados, horas)	hipótesis razonable	(a)	NO	NO-APLICA	restricción de tiempo/oferta de cuidados	NO		RETROSPECTIVA
RG-17f265a76a	RP-C3-025	TABLA-C3-1	corpus/reports-v2/Mérito__Movilidad_Social_y_Desigualdad_en_México__Actualización_2025-2026.md:98	Una selección o promoción presenta brecha por tono u origen autoadscrito → Auditar requisitos, exposición y evaluación comparable; no asignar ética ni capacidad por categoría. Porque: Gradientes educativos no separan trato, origen y región. Tier descriptivo: a, MMSI provisional; mecanismo: no identificado.	Consumidor: RRHH/evaluación de equidad. Condición: clasificación voluntaria, desempeño y requisitos comparables. Falsador: Diseño con candidaturas equivalentes descarta trato desigual; entonces revisar canal educativo/territorial. Límite: Sin adopción del piso ni inferencia genética; no variable de	MOV-R3 · PROPUESTO-POR-EJECUTOR	Gradientes educativos no separan trato, origen y región	MOVILIDAD	MOV-R3 · PROPUESTO-POR-EJECUTOR	Una selección o promoción presenta brecha por tono u origen autoadscrito → Auditar requisitos, exposición y evaluación comparable; no asignar ética ni capacidad por categoría. Porque: Gradientes educativos no separan trato, origen y región. Tier descriptivo: a, MMSI provisional; mecanismo: no identificado.	Gradientes educativos no separan trato, origen y región	Consumidor: RRHH/evaluación de equidad. Condición: clasificación voluntaria, desempeño y requisitos comparables. Falsador: Diseño con candidaturas equivalentes descarta trato desigual; entonces revisar canal educativo/territorial. Límite: Sin adopción del piso ni inferencia genética; no variable de		NO-ENCONTRADO en milpa/catalogo-momentos-v0_1.tsv ni milpa/tramite.yaml (grep por regla_id)	SIN-CIFRA-GEN2							NO-CONSTRUIBLE: prescriptiva de auditoría; gradiente MMSI por tono no identifica trato · RETROSPECTIVA	MMSI 2016 educacion-superior eje TONO (descriptivo)	media	(a)	NO	NO-APLICA	estructura/discriminación, no capacidad	NO		RETROSPECTIVA
RG-a14e98486d	RP-C3-026	TABLA-C3-1	corpus/reports-v2/El_Clasemediero_Mexicano__Identidad__Ansiedad_de_Estatus_y_el_Miedo_Racional_a_Caer.md:97	Si un consumidor quiere usar NSE AMAI para segmentar hogares, entonces conserve instrumento, ola y unidad y mida por separado liquidez/autoposición/temor, porque clasificación material no identifica seguridad o emoción. Tier: fuerte para definición, hipótesis para vínculo conductual. Consumidor: investigación de producto/RH. Condición: aplicación del mismo esquema validado; falsador de la utilidad propuesta: medición conjunta que no aporte información adicional sobre el desenlace declarado. Limitación: no cambia motor ni adopta segmentos nuevos.	fuerte para definición, hipótesis para vínculo conductual	investigación de producto/RH	clasificación material no identifica seguridad o emoción	DINERO	investigación de producto/RH	Si un consumidor quiere usar NSE AMAI para segmentar hogares, entonces conserve instrumento, ola y unidad y mida por separado liquidez/autoposición/temor, porque clasificación material no identifica seguridad o emoción. Tier: fuerte para definición, hipótesis para vínculo conductual. Consumidor: investigación de producto/RH. Condición: aplicación del mismo esquema validado; falsador de la utilidad propuesta: medición conjunta que no aporte información adicional sobre el desenlace declarado. Limitación: no cambia motor ni adopta segmentos nuevos.	clasificación material no identifica seguridad o emoción	fuerte para definición, hipótesis para vínculo conductual		NO-ENCONTRADO en milpa/catalogo-momentos-v0_1.tsv ni milpa/tramite.yaml (grep por regla_id)	SIN-CIFRA-GEN2							NO-CONSTRUIBLE: regla metodológica de segmentación AMAI; vínculo conductual no medido · RETROSPECTIVA	ENIF 2024 por NSE (liquidez/ahorro)	fuerte	(a)	NO	NO-APLICA	metodológica	SI: NSE AMAI sobre-representa lógica urbana formal		RETROSPECTIVA
RG-040bd7c27e	RP-C3-027	TABLA-C3-1	corpus/reports-v2/El_Clasemediero_Mexicano__Identidad__Ansiedad_de_Estatus_y_el_Miedo_Racional_a_Caer.md:99	Si se propone protección anticaída para un segmento, entonces probar acceso, precio y reducción efectiva de daño antes de atribuir preferencia, porque riesgo observado no equivale a demanda solvente. Tier: propuesta, sin tasa estimada. Consumidor: piloto de política o producto autorizado por otro acto. Condición: alternativas accesibles y desenlace fijado antes; falsador: oferta adecuada sin beneficio o con daño neto. Sin refutación, sólo quedaría acotada al contexto probado; no se corroboraría una personalidad nacional.	propuesta, sin tasa estimada	piloto de política o producto autorizado por otro acto	riesgo observado no equivale a demanda solvente	CONSUMO	piloto de política o producto autorizado por otro acto	Si se propone protección anticaída para un segmento, entonces probar acceso, precio y reducción efectiva de daño antes de atribuir preferencia, porque riesgo observado no equivale a demanda solvente. Tier: propuesta, sin tasa estimada. Consumidor: piloto de política o producto autorizado por otro acto. Condición: alternativas accesibles y desenlace fijado antes; falsador: oferta adecuada sin beneficio o con daño neto. Sin refutación, sólo quedaría acotada al contexto probado; no se corroboraría una personalidad nacional.	riesgo observado no equivale a demanda solvente	propuesta, sin tasa estimada		NO-ENCONTRADO en milpa/catalogo-momentos-v0_1.tsv ni milpa/tramite.yaml (grep por regla_id)	SIN-CIFRA-GEN2							NO-CONSTRUIBLE: prescriptiva; demanda solvente de protección anticaída no medida · RETROSPECTIVA	ENIF (seguros: tenencia y razones de no tener)	hipótesis razonable	(a)	NO	NO-APLICA	oferta/precio antes que preferencia	SI		RETROSPECTIVA
RG-96a48f4369	RP-C3-028	TABLA-C3-1	corpus/reports-v2/Behavioral_Finance_Mexicano__Estructura__Adaptación_Racional_y_Cultura_en_el_Ahorro__Crédito_y_Riesgo.md:117	- SI se evalúa inclusión de ahorro ENTONCES registrar por separado cuenta, ahorro reciente, saldo disponible y resiliencia — PORQUE miden estados distintos — TIER descriptivo fuerte, mecanismo no identificado. Aplicable solo con preguntas y población explícitas. Falsador: una validación que demuestre equivalencia de indicadores en el universo contratado; fuera de él no se transporta. Consumidor: evaluación de producto.	no declarado	evaluación de producto	miden estados distintos — TIER descriptivo fuerte, mecanismo no identificado	DINERO	evaluación de producto	- SI se evalúa inclusión de ahorro ENTONCES registrar por separado cuenta, ahorro reciente, saldo disponible y resiliencia — PORQUE miden estados distintos — TIER descriptivo fuerte, mecanismo no identificado. Aplicable solo con preguntas y población explícitas. Falsador: una validación que demuestre equivalencia de indicadores en el universo contratado; fuera de él no se transporta. Consumidor: evaluación de producto.	miden estados distintos — TIER descriptivo fuerte, mecanismo no identificado	no declarado		NO-ENCONTRADO en milpa/catalogo-momentos-v0_1.tsv ni milpa/tramite.yaml (grep por regla_id)	SIN-CIFRA-GEN2							NO-CONSTRUIBLE: regla metodológica: separar estados de ahorro; no afirma conducta · RETROSPECTIVA	ENIF 2024 tiene_ahorros / ahorra_* / horizonte	fuerte	(a)	NO	NO-APLICA	metodológica	NO		RETROSPECTIVA
RG-3d4669ddc0	RP-C3-029	TABLA-C3-1	corpus/reports-v2/Behavioral_Finance_Mexicano__Estructura__Adaptación_Racional_y_Cultura_en_el_Ahorro__Crédito_y_Riesgo.md:118	- SI la población declara poca capacidad de cubrir gastos ENTONCES proponer opciones líquidas y ahorro reversible con consentimiento antes de metas rígidas — PORQUE la restricción de colchón puede aumentar costo de inmovilización — TIER hipótesis razonable, apoyada por descripción. Aplicable cuando costos y acceso estén medidos. Falsador: evaluación de bienestar/impagos que muestre daño o ninguna ventaja respecto de opciones flexibles existentes. Consumidor: piloto autorizado futuro, sin eficacia anunciada.	no declarado	piloto autorizado futuro, sin eficacia anunciada	la restricción de colchón puede aumentar costo de inmovilización — TIER hipótesis razonable, apoyada por descripción	DINERO	piloto autorizado futuro, sin eficacia anunciada	- SI la población declara poca capacidad de cubrir gastos ENTONCES proponer opciones líquidas y ahorro reversible con consentimiento antes de metas rígidas — PORQUE la restricción de colchón puede aumentar costo de inmovilización — TIER hipótesis razonable, apoyada por descripción. Aplicable cuando costos y acceso estén medidos. Falsador: evaluación de bienestar/impagos que muestre daño o ninguna ventaja respecto de opciones flexibles existentes. Consumidor: piloto autorizado futuro, sin eficacia anunciada.	la restricción de colchón puede aumentar costo de inmovilización — TIER hipótesis razonable, apoyada por descripción	no declarado		NO-ENCONTRADO en milpa/catalogo-momentos-v0_1.tsv ni milpa/tramite.yaml (grep por regla_id)	MATIZA-SIN-CRUCE	RESULT-TIENEAHORROS-A-P-NO-TIENE	CALC-TIENE-AHORROS-0001-v1_1	0.35792043341812185			VER-SPEC	marginal: 35.8% sin ahorros (sin IC en catálogo); la población con poco colchón existe pero el ENTONCES (opciones líquidas mejores) no tiene cruce ni ensayo; driver no identificado · RETROSPECTIVA	ENIF 2024 capacidad de cubrir gasto × tipo de ahorro	hipótesis razonable	(a)	NO	NO-APLICA	adaptación racional a restricción de liquidez	NO		RETROSPECTIVA
RG-3630353425	RP-C3-030	TABLA-C3-1	corpus/reports-v2/Behavioral_Finance_Mexicano__Estructura__Adaptación_Racional_y_Cultura_en_el_Ahorro__Crédito_y_Riesgo.md:119	- SI una oferta accesible tiene baja aceptación ENTONCES evaluar recordatorios claros y cumplimiento de promesas — PORQUE memoria/confianza pueden intervenir — TIER causal local para intervención en empresas (a); transporte a hogares no probado. Aplicable a oferta veraz, voluntaria y población comparable; no presión artificial. Falsador: ensayo local que no mejore aceptación informada o produzca daño. Consumidor: protocolo de comunicación, sin transportar tamaño del efecto.	no declarado	protocolo de comunicación, sin transportar tamaño del efecto	memoria/confianza pueden intervenir — TIER causal local para intervención en empresas (a)	DINERO	protocolo de comunicación, sin transportar tamaño del efecto	- SI una oferta accesible tiene baja aceptación ENTONCES evaluar recordatorios claros y cumplimiento de promesas — PORQUE memoria/confianza pueden intervenir — TIER causal local para intervención en empresas (a); transporte a hogares no probado. Aplicable a oferta veraz, voluntaria y población comparable; no presión artificial. Falsador: ensayo local que no mejore aceptación informada o produzca daño. Consumidor: protocolo de comunicación, sin transportar tamaño del efecto.	memoria/confianza pueden intervenir — TIER causal local para intervención en empresas (a)	no declarado		NO-ENCONTRADO en milpa/catalogo-momentos-v0_1.tsv ni milpa/tramite.yaml (grep por regla_id)	SIN-CIFRA-GEN2							NO-CONSTRUIBLE: efecto causal de recordatorios requiere ensayo; no hay RESULT · RETROSPECTIVA	ensayo aleatorio (fuera del corpus de encuestas)	media	(a)	NO	NO-APLICA	memoria/confianza (mecanismo local)	NO		RETROSPECTIVA
RG-7ff18c789b	RP-C3-031	TABLA-C3-1	corpus/reports-v2/Adopción_y_Resistencia_Tecnológica_en_México__La_Paradoja_de_la_Baja_Confianza_Institucional.md:106	PROPUESTO-POR-EJECUTOR · TEC-R1. SI un servicio digital se ofrece a una población con no uso observado, ENTONCES medir acceso y ofrecer asistencia antes de clasificar rechazo, PORQUE uso no identifica capacidad ni motivo. Tier de frecuencia (a) ENDUTIH; mecanismo no identificado. Consumidor posible: analista de servicios y diseño de atención. Aplicabilidad: misma población elegible, tarea y alternativa real. Falsador: una medición válida que pruebe oportunidad y habilidad suficientes y registre rechazo deliberado para todos los casos clasificados. Si no refuta, conserva prudencia descriptiva; no acredita causalidad. Sin parámetro numérico de intervención.	analista de servicios y diseño de atención	analista de servicios y diseño de atención	uso no identifica capacidad ni motivo	TECNOLOGIA	un servicio digital se ofrece a una población con no uso observado,	medir acceso y ofrecer asistencia antes de clasificar rechazo	uso no identifica capacidad ni motivo	analista de servicios y diseño de atención	analista de servicios y diseño de atención	NINGUNO (grep milpa/)	SIN-CIFRA-GEN2							NO-CONSTRUIBLE: regla prescriptiva/metodológica (qué medir o cómo interpretar), no predice conducta observable. RETROSPECTIVO	ENDUTIH (acceso y razones de no uso)	media	(a)	NO	NO-APLICA	oferta/capacidad antes que rechazo	NO		RETROSPECTIVA
RG-82db1481fd	RP-C3-032	TABLA-C3-1	corpus/reports-v2/Adopción_y_Resistencia_Tecnológica_en_México__La_Paradoja_de_la_Baja_Confianza_Institucional.md:108	PROPUESTO-POR-EJECUTOR · TEC-R2. SI se compara confianza y adopción, ENTONCES observarlas en la misma persona y producto y separar tarea, operador, mandato y oferta, PORQUE los agregados cruzados no identifican el mecanismo. Tier de frecuencia: no medido conjuntamente; mecanismo: restricción de inferencia. Consumidor posible: diseñador de encuesta/modelo de adopción. Aplicabilidad: toda tesis de efecto o predicción individual. Falsador: diseño causal o predictivo externo válido que identifique el estimando agregado pertinente y su conexión individual; el contraste fintech/biometría disponible no lo satisface. Sin adopción en motor.	no medido conjuntamente; mecanismo: restricción de inferencia	diseñador de encuesta/modelo de adopción	los agregados cruzados no identifican el mecanismo	TECNOLOGIA	se compara confianza y adopción,	observarlas en la misma persona y producto y separar tarea, operador, mandato y oferta	los agregados cruzados no identifican el mecanismo	no medido conjuntamente; mecanismo: restricción de inferencia	diseñador de encuesta/modelo de adopción	NINGUNO (grep milpa/)	SIN-CIFRA-GEN2							NO-CONSTRUIBLE: regla prescriptiva/metodológica (qué medir o cómo interpretar), no predice conducta observable. RETROSPECTIVO	ENIF (confianza y uso en misma persona)	fuerte	(a)+(c)	NO	NO-APLICA	restricción de inferencia	NO		RETROSPECTIVA
RG-b23232bb0d	RP-C3-033	TABLA-C3-1	corpus/reports-v2/Adopción_y_Resistencia_Tecnológica_en_México__La_Paradoja_de_la_Baja_Confianza_Institucional.md:110	PROPUESTO-POR-EJECUTOR · TEC-R3. SI un índice mide exposición de tareas, ENTONCES mantenerla separada de implementación y consecuencias laborales, PORQUE capacidad técnica potencial no determina decisiones empresariales. Tier (c) OIT 2025; mecanismo mexicano no identificado. Consumidor posible: analista laboral. Aplicabilidad: índices de exposición, no conteo observado de puestos eliminados. Falsador: evaluación longitudinal con adopción medida que pruebe equivalencia predictiva transportable y precisión suficiente. Si no refuta, no convierte exposición en reemplazo.	analista laboral	analista laboral	capacidad técnica potencial no determina decisiones empresariales	TRABAJO	un índice mide exposición de tareas,	mantenerla separada de implementación y consecuencias laborales	capacidad técnica potencial no determina decisiones empresariales	analista laboral	analista laboral	NINGUNO (grep milpa/)	SIN-CIFRA-GEN2							NO-CONSTRUIBLE: regla prescriptiva/metodológica (qué medir o cómo interpretar), no predice conducta observable. RETROSPECTIVO		media	(c)	SI	NO-APLICA	decisión empresarial (incentivo)	NO		RETROSPECTIVA
RG-aed3abb3c3	RP-C3-034	TABLA-C3-1	corpus/reports-v2/Report_26__The_Contemporary_Mexican_and_Knowledge__Expertise__Education_and_Information_as_Decision_Behavior.md:119	- SI un consumidor educativo usa PISA ENTONCES limitar el diagnóstico a desempeño de estudiantes elegibles — PORQUE su universo y constructo no son actitudes familiares — [FUERTE documental]. Consumidor: informe educativo. Disparador: intento de extrapolar a todos los jóvenes/adultos. Falsador: un instrumento directo de valoración identifica ese estimando; no basta correlación con puntaje. Si no lo refuta, se conserva el límite instrumental.	no declarado	informe educativo	su universo y constructo no son actitudes familiares — [FUERTE documental]	CONOCIMIENTO	informe educativo	- SI un consumidor educativo usa PISA ENTONCES limitar el diagnóstico a desempeño de estudiantes elegibles — PORQUE su universo y constructo no son actitudes familiares — [FUERTE documental]. Consumidor: informe educativo. Disparador: intento de extrapolar a todos los jóvenes/adultos. Falsador: un instrumento directo de valoración identifica ese estimando; no basta correlación con puntaje. Si no lo refuta, se conserva el límite instrumental.	su universo y constructo no son actitudes familiares — [FUERTE documental]	no declarado		NO-ENCONTRADO en milpa/catalogo-momentos-v0_1.tsv ni milpa/tramite.yaml (grep por regla_id)	SIN-CIFRA-GEN2							NO-CONSTRUIBLE: regla documental sobre universo PISA · RETROSPECTIVA		fuerte	(a)	NO	NO-APLICA	metodológica	NO		RETROSPECTIVA
RG-01bde5c154	RP-C3-035	TABLA-C3-1	corpus/reports-v2/Report_26__The_Contemporary_Mexican_and_Knowledge__Expertise__Education_and_Information_as_Decision_Behavior.md:120	- SI un producto comunica rendimientos educativos ENTONCES publicar prima observada con población, costos y carácter no causal — PORQUE selección y condiciones laborales impiden tratarla como garantía — [MEDIA asociación]. Consumidor: orientación escolar. Disparador: venta por retorno. Falsador: estudio causal mexicano por programa con costos completos permitiría una regla causal acotada; no refutación mantiene advertencia, sin calibrar premio al título.	no declarado	orientación escolar	selección y condiciones laborales impiden tratarla como garantía — [MEDIA asociación]	TRABAJO	orientación escolar	- SI un producto comunica rendimientos educativos ENTONCES publicar prima observada con población, costos y carácter no causal — PORQUE selección y condiciones laborales impiden tratarla como garantía — [MEDIA asociación]. Consumidor: orientación escolar. Disparador: venta por retorno. Falsador: estudio causal mexicano por programa con costos completos permitiría una regla causal acotada; no refutación mantiene advertencia, sin calibrar premio al título.	selección y condiciones laborales impiden tratarla como garantía — [MEDIA asociación]	no declarado		NO-ENCONTRADO en milpa/catalogo-momentos-v0_1.tsv ni milpa/tramite.yaml (grep por regla_id)	SIN-CIFRA-GEN2							NO-CONSTRUIBLE: prescriptiva; prima educativa no está como RESULT GEN2 en catálogo · RETROSPECTIVA	ENOE/ENIGH ingreso por escolaridad (asociación)	media	(a)	NO	NO-APLICA	selección y condiciones laborales	NO		RETROSPECTIVA
RG-f0bff5f022	RP-C3-036	TABLA-C3-1	corpus/reports-v2/Report_26__The_Contemporary_Mexican_and_Knowledge__Expertise__Education_and_Information_as_Decision_Behavior.md:121	- SI un módulo decide el canal de información ENTONCES separar acceso, confianza y exactitud — PORQUE el uso de una plataforma no observa credencia ni acierto — [MEDIA frecuencia; HIPÓTESIS mecanismo]. Consumidor: comunicación pública accesible. Disparador: atribuir confianza a reenvíos. Falsador: ensayo de emisor/contenido y evaluación de comprensión; resultado nulo acota la hipótesis de cercanía y obliga a revisar intervención, no prueba indiferencia cultural.	no declarado	comunicación pública accesible	el uso de una plataforma no observa credencia ni acierto — [MEDIA frecuencia	TECNOLOGIA	comunicación pública accesible	- SI un módulo decide el canal de información ENTONCES separar acceso, confianza y exactitud — PORQUE el uso de una plataforma no observa credencia ni acierto — [MEDIA frecuencia; HIPÓTESIS mecanismo]. Consumidor: comunicación pública accesible. Disparador: atribuir confianza a reenvíos. Falsador: ensayo de emisor/contenido y evaluación de comprensión; resultado nulo acota la hipótesis de cercanía y obliga a revisar intervención, no prueba indiferencia cultural.	el uso de una plataforma no observa credencia ni acierto — [MEDIA frecuencia	no declarado		NO-ENCONTRADO en milpa/catalogo-momentos-v0_1.tsv ni milpa/tramite.yaml (grep por regla_id)	SIN-CIFRA-GEN2							NO-CONSTRUIBLE: separar acceso/confianza/exactitud; exactitud no observada · RETROSPECTIVA	ENDUTIH (uso) + reactivo de confianza por fuente	media	(a)	NO	NO-APLICA	metodológica	NO		RETROSPECTIVA
RG-d33e24d0a9	RP-C3-037	TABLA-C3-1	corpus/reports-v2/Vejez_y_Cuidado_Intergeneracional_en_México__El_Debilitamiento_del_Seguro_Familiar.md:128	SI una persona60+ solicita apoyo, ENTONCES evaluar funcionalidad y tareas no cubiertas antes de clasificarla por hogar, PORQUE ayuda recibida y necesidad son distintas.	Si una clasificación residencial predijera suficientemente necesidades en validación externa y no perdiera casos, revisar valor añadido; no fija umbral diagnóstico.	Frecuencia descriptiva(a); ficha de atención municipal/primer nivel. Aplicar con consentimiento y ruta de respuesta.	ayuda recibida y necesidad son distintas	FAMILIA_CUIDADOS	una persona60+ solicita apoyo	evaluar funcionalidad y tareas no cubiertas antes de clasificarla por hogar	ayuda recibida y necesidad son distintas	Si una clasificación residencial predijera suficientemente necesidades en validación externa y no perdiera casos, revisar valor añadido; no fija umbral diagnóstico.	Frecuencia descriptiva(a); ficha de atención municipal/primer nivel. Aplicar con consentimiento y ruta de respuesta.	atención municipal/primer nivel	SIN-CIFRA-GEN2							NO-CONSTRUIBLE: regla prescriptiva de evaluación individual; la brecha ayuda-necesidad se mediría con ENASEM (ayuda con ABVD/AIVD recibida vs dificultad declarada) · RETROSPECTIVO	ENASEM: dificultad ABVD/AIVD x ayuda recibida	hipótesis razonable	(a)	NO	NO-APLICA	estructura de servicio, no psicología	NO		RETROSPECTIVA
RG-df62e016a7	RP-C3-038	TABLA-C3-1	corpus/reports-v2/Vejez_y_Cuidado_Intergeneracional_en_México__El_Debilitamiento_del_Seguro_Familiar.md:129	SI hay cuidador principal identificado, ENTONCES ofrecer evaluación de carga y coordinación a esa persona, PORQUE sexo y parentesco del receptor no identifican al proveedor.	Si la identificación no coincide con provisión real de tareas en validación, retirar regla de asignación; no presupone cuidadora mujer ni tasa nacional de malestar.	Frecuencia(a); diseño de servicio de apoyo. Pareo confirmado, contacto accesible y consentimiento.	sexo y parentesco del receptor no identifican al proveedor	FAMILIA_CUIDADOS	hay cuidador principal identificado	ofrecer evaluación de carga y coordinación a esa persona	sexo y parentesco del receptor no identifican al proveedor	Si la identificación no coincide con provisión real de tareas en validación, retirar regla de asignación; no presupone cuidadora mujer ni tasa nacional de malestar.	Frecuencia(a); diseño de servicio de apoyo. Pareo confirmado, contacto accesible y consentimiento.	servicio de apoyo a cuidadores	SIN-CIFRA-GEN2							NO-CONSTRUIBLE: regla de diseño de servicio; la no-identificación del proveedor por sexo/parentesco del receptor se mediría con ENASIC (pareo receptor-cuidador) · RETROSPECTIVO	ENASIC: módulo de cuidador principal pareado	hipótesis razonable	(a)	NO	NO-APLICA	estructura/adaptación del hogar	NO		RETROSPECTIVA
RG-9eb10ec629	RP-C3-039	TABLA-C3-1	corpus/reports-v2/Vejez_y_Cuidado_Intergeneracional_en_México__El_Debilitamiento_del_Seguro_Familiar.md:130	SI se usa dinero o remesa como indicador de protección, ENTONCES exigir un desenlace de suficiencia separado, PORQUE recursos y cuidado no son el mismo estimando.	Si el ingreso midiera consistentemente suficiencia en poblaciones comparables podría simplificarse; aquí no hay efecto causal ni tamaño propuesto.	Hipótesis razonable; ficha de medición/cola futura. Observar simultáneamente necesidad y destino/continuidad del apoyo.	recursos y cuidado no son el mismo estimando	FAMILIA_CUIDADOS	se usa dinero o remesa como indicador de protección	exigir un desenlace de suficiencia separado	recursos y cuidado no son el mismo estimando	Si el ingreso midiera consistentemente suficiencia en poblaciones comparables podría simplificarse; aquí no hay efecto causal ni tamaño propuesto.	Hipótesis razonable; ficha de medición/cola futura. Observar simultáneamente necesidad y destino/continuidad del apoyo.	ficha de medición	SIN-CIFRA-GEN2							NO-CONSTRUIBLE: regla metodológica (separar recursos y suficiencia de cuidado); exige observar simultáneamente necesidad y destino del apoyo · RETROSPECTIVO	ENASEM: transferencias recibidas x necesidad de cuidado cubierta	hipótesis razonable	(a)+(c)	NO	NO-APLICA	estructura económica vs cuidado	NO		RETROSPECTIVA
RG-7cae748adc	RP-C3-040	TABLA-C3-1	corpus/reports-v2/Psychology_of_Mexico-US_Migration__Identity__Family__Aspiration__and_Wellbeing_in_2025.md:110	SI un servicio atiende al hogar receptor ENTONCES separar regularidad y concentración del ingreso antes de ofrecer ahorro/crédito	Retirar si la segmentación no mejora comprensión/uso frente a información simple; no fijar umbral de solvencia desde R1	Producto financiero; R1 descriptivo, entrevista directa al hogar	no declarado en la fila	MIGRACION	un servicio atiende al hogar receptor	separar regularidad y concentración del ingreso antes de ofrecer ahorro/crédito	no declarado	Retirar si la segmentación no mejora comprensión/uso frente a información simple; no fijar umbral de solvencia desde R1	Producto financiero; R1 descriptivo, entrevista directa al hogar	producto financiero (hogar receptor)	SIN-CIFRA-GEN2							NO-CONSTRUIBLE: prescriptiva; regularidad y concentración de remesas en hogar receptor no están en el catálogo GEN2 · RETROSPECTIVO	ENIGH (remesas por perceptor) / ENIF (recepción de remesas); unidad hogar	hipótesis razonable	(a)	NO	NO-APLICA	oferta financiera e incentivo racional; oferta antes que preferencia	SI: producto financiero sesga a hogar bancarizado		RETROSPECTIVA
RG-79af04d65a	RP-C3-041	TABLA-C3-1	corpus/reports-v2/Psychology_of_Mexico-US_Migration__Identity__Family__Aspiration__and_Wellbeing_in_2025.md:111	SI una escuela atiende jóvenes con separación parental ENTONCES evaluar cuidado, comunicación y apoyo con participación del joven	Comparación prospectiva no mejora continuidad/apoyo o produce estigma; no presume diagnóstico	Diseño escolar; Y1 mecanismo exploratorio, aplicable tras diagnóstico local	no declarado en la fila	MIGRACION	una escuela atiende jóvenes con separación parental	evaluar cuidado, comunicación y apoyo con participación del joven	no declarado	Comparación prospectiva no mejora continuidad/apoyo o produce estigma; no presume diagnóstico	Diseño escolar; Y1 mecanismo exploratorio, aplicable tras diagnóstico local	diseño escolar	SIN-CIFRA-GEN2							NO-CONSTRUIBLE: regla de intervención escolar con mecanismo exploratorio; no hay RESULT de jóvenes con separación parental por migración · RETROSPECTIVO	EMIF/ENADID (hijos de migrantes) — sin reactivo de cuidado/comunicación	hipótesis razonable	mixta (a)+(b)	NO	NO-APLICA	estructura familiar y de separación, no rasgo	NO		RETROSPECTIVA
RG-c909f32be8	RP-C3-042	TABLA-C3-1	corpus/reports-v2/Psychology_of_Mexico-US_Migration__Identity__Family__Aspiration__and_Wellbeing_in_2025.md:112	SI un servicio en destino detecta temor migratorio ENTONCES indagar exposición y barreras incluso en familias ciudadanas	Datos locales no muestran barrera o la intervención no mejora acceso; no transportar tasa a México	Diseño de acceso; U1 en su universo estadounidense	no declarado en la fila	MIGRACION	un servicio en destino detecta temor migratorio	indagar exposición y barreras incluso en familias ciudadanas	no declarado	Datos locales no muestran barrera o la intervención no mejora acceso; no transportar tasa a México	Diseño de acceso; U1 en su universo estadounidense	servicio en destino (EE.UU.)	SIN-CIFRA-GEN2							NO-CONSTRUIBLE: universo estadounidense; no es evidencia sobre México · RETROSPECTIVO	ninguno en el corpus mexicano (universo EE.UU.)	hipótesis razonable	(b)	SI	NO-APLICA	barrera institucional/legal, no psicología	NO		RETROSPECTIVA
RG-76b3bbcba1	RP-C3-043	TABLA-C3-1	corpus/reports-v2/Elegir__Cortejar_y_Amar_en_el_México_de_Hoy__Díada_de_Pareja__Apps_de_Citas_y_Cambio_en_los_Guiones_de_Género.md:120	SI se requiere primera unión, ENTONCES preguntar historia; si se requiere situación actual, preguntar situación actual	Compatibilidad del estimando; FUERTE descriptivo con `RESULT-EDER-UNION-A-P-LIBRE`; no driver causal	P-R1 · formularios de atención/consulta	no declarado en la fila	FAMILIA_CUIDADOS	se requiere primera unión	preguntar historia; si se requiere situación actual, preguntar situación actual	no declarado	Compatibilidad del estimando; FUERTE descriptivo con `RESULT-EDER-UNION-A-P-LIBRE`; no driver causal	P-R1 · formularios de atención/consulta	formularios de atención/consulta	SIN-CIFRA-GEN2							NO-CONSTRUIBLE: regla de compatibilidad de estimando (primera unión vs situación actual); RESULT-EDER-UNION-A-P-LIBRE (CALC-EDER-0003, 0.481, sin IC) mide solo primera unión y es consistente con la distinción, no la pone a prueba · RETROSPECTIVO	EDER 2017 (historia de uniones) vs ENADID/ENOE (situación conyugal actual)	fuerte	(a)	NO	NO-APLICA	definición de estimando	NO		RETROSPECTIVA
RG-62fab363e9	RP-C3-044	TABLA-C3-1	corpus/reports-v2/Elegir__Cortejar_y_Amar_en_el_México_de_Hoy__Díada_de_Pareja__Apps_de_Citas_y_Cambio_en_los_Guiones_de_Género.md:121	SI se cita noviazgo juvenil, ENTONCES declarar selección, ventana y sexo de quienes respondieron	Coherencia de población; evidencia externa (a), propuesta sin tier FUERTE GEN2	P-R2 · analista de violencia/escuela	no declarado en la fila	GENERO_VIOLENCIA	se cita noviazgo juvenil	declarar selección, ventana y sexo de quienes respondieron	no declarado	Coherencia de población; evidencia externa (a), propuesta sin tier FUERTE GEN2	P-R2 · analista de violencia/escuela	analista de violencia/escuela	SIN-CIFRA-GEN2							NO-CONSTRUIBLE: regla de declaración de población (selección, ventana, sexo); metodológica · RETROSPECTIVO	ENDIREH (violencia en noviazgo, mujeres 15+)	hipótesis razonable	(a)	NO	NO-APLICA	definición de población	NO		RETROSPECTIVA
RG-0150076a4c	RP-C3-045	TABLA-C3-1	corpus/reports-v2/Elegir__Cortejar_y_Amar_en_el_México_de_Hoy__Díada_de_Pareja__Apps_de_Citas_y_Cambio_en_los_Guiones_de_Género.md:122	SI se mide actividad de usuarios, ENTONCES mantener denominador de usuarios y analizar exposición antes de segmentar	Selección/oferta; indicio comercial (a), mecanismo HIPÓTESIS	P-R3 · equipo de producto digital	no declarado en la fila	PAREJA_DIGITAL	se mide actividad de usuarios	mantener denominador de usuarios y analizar exposición antes de segmentar	no declarado	Selección/oferta; indicio comercial (a), mecanismo HIPÓTESIS	P-R3 · equipo de producto digital	equipo de producto digital	SIN-CIFRA-GEN2							NO-CONSTRUIBLE: denominador de usuarios de apps de citas; indicio comercial sin microdato público · RETROSPECTIVO	ninguno (datos de plataforma propietarios); ENDUTIH solo acceso	hipótesis razonable	(a)	NO	NO-APLICA	selección/oferta de la plataforma	SI: usuarios de apps sobre-representan clase media urbana		RETROSPECTIVA
RG-2d49162bc7	RP-C3-046	TABLA-C3-1	corpus/reports-v2/Elegir__Cortejar_y_Amar_en_el_México_de_Hoy__Díada_de_Pareja__Apps_de_Citas_y_Cambio_en_los_Guiones_de_Género.md:123	SI se reporta identidad/etnia, ENTONCES comprobar dirección de la probabilidad condicional	Definición de estimando; fuente externa (a), regla propuesta	P-R4 · comunicación inclusiva	no declarado en la fila	IDENTIDAD_ETNIA	se reporta identidad/etnia	comprobar dirección de la probabilidad condicional	no declarado	Definición de estimando; fuente externa (a), regla propuesta	P-R4 · comunicación inclusiva	comunicación inclusiva	SIN-CIFRA-GEN2							NO-CONSTRUIBLE: regla de definición de estimando (dirección de P(A|B) vs P(B|A)); metodológica · RETROSPECTIVO	Censo/Intercensal (autoadscripción) para cualquier condicional concreta	hipótesis razonable	(a)	NO	NO-APLICA	definición de estimando	NO		RETROSPECTIVA
RG-42aebc68bc	RP-C3-047	TABLA-C3-1	corpus/reports-v2/Autoridad_y_jerarquía_en_el_México_contemporáneo__anatomía_psicológica_de_un_sistema_dual.md:84	SI se modela respuesta ante un jefe ENTONCES registrar costo de discrepar y canal de voz antes de atribuir silencio a respeto	Hipótesis de mecanismo, tier bajo; no parámetro del motor	Diseño de encuesta laboral o intervención interna	no declarado en la fila	TRABAJO	se modela respuesta ante un jefe	registrar costo de discrepar y canal de voz antes de atribuir silencio a respeto		Hipótesis de mecanismo, tier bajo; no parámetro del motor	Diseño de encuesta laboral o intervención interna	NINGUNO (grep milpa/)	SIN-CIFRA-GEN2							NO-CONSTRUIBLE: regla prescriptiva/metodológica (qué medir o cómo interpretar), no predice conducta observable; mecanismo (costo de discrepar) no observable en catálogo. RETROSPECTIVO	encuesta laboral ad hoc (no existe reactivo INEGI)	hipótesis razonable	(c)	SI	NO-APLICA	incentivo (costo de voz) vs respeto	SI: supone empleo formal jerárquico		RETROSPECTIVA
RG-05cead6737	RP-C3-048	TABLA-C3-1	corpus/reports-v2/Autoridad_y_jerarquía_en_el_México_contemporáneo__anatomía_psicológica_de_un_sistema_dual.md:85	SI se compara confianza en autoridad ENTONCES fijar referente, escala, población y ola en cada contraste	Regla de interpretación, fuerte por diseño OCDE/ENCUCI	Report y evaluador de políticas	no declarado en la fila	CONFIANZA	se compara confianza en autoridad	fijar referente, escala, población y ola en cada contraste		Regla de interpretación, fuerte por diseño OCDE/ENCUCI	Report y evaluador de políticas	NINGUNO (grep milpa/)	SIN-CIFRA-GEN2							NO-CONSTRUIBLE: regla prescriptiva/metodológica (qué medir o cómo interpretar), no predice conducta observable. RETROSPECTIVO		fuerte	(a)+(c)	NO	NO-APLICA	regla de medición; no aplica	NO		RETROSPECTIVA
RG-731148d394	RP-C3-049	TABLA-C3-1	corpus/reports-v2/Autoridad_y_jerarquía_en_el_México_contemporáneo__anatomía_psicológica_de_un_sistema_dual.md:86	SI un trámite depende de intermediario ENTONCES probar tiempo y resultado con acceso formal comparable	Hipótesis aplicada; sin coeficiente causal	Servicio público local	no declarado en la fila	CONFIANZA	un trámite depende de intermediario	probar tiempo y resultado con acceso formal comparable		Hipótesis aplicada; sin coeficiente causal	Servicio público local	NINGUNO (grep milpa/)	SIN-CIFRA-GEN2							NO-CONSTRUIBLE: ENCIG no identifica uso de intermediario con acceso formal comparable. RETROSPECTIVO	ENCIG (trámites: uso de gestor/coyote si existiera reactivo)	hipótesis razonable	(a)+(c)	NO	NO-APLICA	incentivo (costo de acceso)	NO		RETROSPECTIVA
RG-00d80bd1cb	RP-C3-050	TABLA-C3-1	corpus/reports-v2/Psicología_Política_y_Comportamiento_Cívico_del_Mexicano_Contemporáneo__Una_Lectura_Anti-Esencialista_desde_Abajo__2026_.md:73	SI se compara participación de dos elecciones ENTONCES fijar cargo, lista nominal, corte y método antes de explicar el cambio.	Actas y denominadores idénticos que muestren que el contraste publicado cambia de sentido.	CIV-P1	no declarado en la fila	CONFIANZA	se compara participación de dos elecciones	fijar cargo, lista nominal, corte y método antes de explicar el cambio.		Actas y denominadores idénticos que muestren que el contraste publicado cambia de sentido.	CIV-P1	NINGUNO (grep milpa/)	SIN-CIFRA-GEN2							NO-CONSTRUIBLE: regla prescriptiva/metodológica (qué medir o cómo interpretar), no predice conducta observable. RETROSPECTIVO		fuerte	(a)+(c)	NO	NO-APLICA	regla de medición; no aplica	NO		RETROSPECTIVA
RG-ca63b16745	RP-C3-051	TABLA-C3-1	corpus/reports-v2/Psicología_Política_y_Comportamiento_Cívico_del_Mexicano_Contemporáneo__Una_Lectura_Anti-Esencialista_desde_Abajo__2026_.md:74	SI se usa cifra negra ENVIPE ENTONCES distinguir no denuncia de denuncia sin carpeta, y medir ambas etapas.	Una tabulación oficial que documente que en la ola y definición invocadas ambos conjuntos son idénticos.	CIV-P2	no declarado en la fila	CONFIANZA	se usa cifra negra ENVIPE	distinguir no denuncia de denuncia sin carpeta, y medir ambas etapas.		Una tabulación oficial que documente que en la ola y definición invocadas ambos conjuntos son idénticos.	CIV-P2	NINGUNO (grep milpa/)	SIN-CIFRA-GEN2							NO-CONSTRUIBLE: regla prescriptiva/metodológica (qué medir o cómo interpretar), no predice conducta observable. RETROSPECTIVO		fuerte	(a)+(c)	NO	NO-APLICA	regla de medición; no aplica	NO		RETROSPECTIVA
RG-c8c5b4f1f2	RP-C3-052	TABLA-C3-1	corpus/reports-v2/Psicología_Política_y_Comportamiento_Cívico_del_Mexicano_Contemporáneo__Una_Lectura_Anti-Esencialista_desde_Abajo__2026_.md:75	SI se atribuye voto a beneficio ENTONCES medir inscripción/intermediación, recepción, percepción de secreto y voto por separado.	Diseño de identificación creíble que muestre que omitir esas etapas no cambia el efecto ni su signo.	CIV-P3	no declarado en la fila	POLITICA	se atribuye voto a beneficio	medir inscripción/intermediación, recepción, percepción de secreto y voto por separado.		Diseño de identificación creíble que muestre que omitir esas etapas no cambia el efecto ni su signo.	CIV-P3	NINGUNO (grep milpa/)	SIN-CIFRA-GEN2							NO-CONSTRUIBLE: regla prescriptiva/metodológica (qué medir o cómo interpretar), no predice conducta observable. RETROSPECTIVO	ENCUCI (compra/coacción de voto)	media	(a)+(c)	NO	NO-APLICA	clientelismo como incentivo	NO		RETROSPECTIVA
RG-dd504e8baa	RP-C3-053	TABLA-C3-1	corpus/reports-v2/El_México_Rural_e_Indígena_en_sus_Propios_Términos__Comunalidad__Autoridad_y_Reciprocidad_como_Sistemas_con_Lógica_Propia.md:84	R-COM-1, módulo de consulta/servicios: SI un proyecto afecta un bien gobernado colectivamente, ENTONCES identificar por separado autoridad municipal, agraria y grupos afectados antes de elegir interlocutor.	Tier institucional medio; se refuta su utilidad si la cartografía de decisión no predice quién decide ni quién impugna.	Mapa local de derechos, actas y elegibilidad; no presume consentimiento.	no declarado en la fila	POLITICA	un proyecto afecta un bien gobernado colectivamente,	identificar por separado autoridad municipal, agraria y grupos afectados antes de elegir interlocutor.		Tier institucional medio; se refuta su utilidad si la cartografía de decisión no predice quién decide ni quién impugna.	Mapa local de derechos, actas y elegibilidad; no presume consentimiento.	NINGUNO (grep milpa/)	SIN-CIFRA-GEN2							NO-CONSTRUIBLE: regla prescriptiva/metodológica (qué medir o cómo interpretar), no predice conducta observable; institucional local. RETROSPECTIVO	Registro Agrario Nacional + actas municipales	media	(a)	NO	NO-APLICA	institución	NO		RETROSPECTIVA
RG-4c2161711c	RP-C3-054	TABLA-C3-1	corpus/reports-v2/El_México_Rural_e_Indígena_en_sus_Propios_Términos__Comunalidad__Autoridad_y_Reciprocidad_como_Sistemas_con_Lógica_Propia.md:85	R-COM-2, evaluación de programas: SI se atribuye a una transferencia un cambio en tequio, ENTONCES exigir registros previos y posteriores de participación, costos, beneficios e inversión pública.	Tier actual: hipótesis; se refuta la erosión si un diseño válido encuentra estabilidad o aumento relevante, o si el cambio antecede a la transferencia.	Comparación de comunidades y hogares con exposición medible, control de migración y conflicto.	no declarado en la fila	CAPITAL_SOCIAL	se atribuye a una transferencia un cambio en tequio,	exigir registros previos y posteriores de participación, costos, beneficios e inversión pública.		Tier actual: hipótesis; se refuta la erosión si un diseño válido encuentra estabilidad o aumento relevante, o si el cambio antecede a la transferencia.	Comparación de comunidades y hogares con exposición medible, control de migración y conflicto.	NINGUNO (grep milpa/)	SIN-CIFRA-GEN2							NO-CONSTRUIBLE: regla prescriptiva/metodológica (qué medir o cómo interpretar), no predice conducta observable. RETROSPECTIVO	panel comunitario (no existe en catálogo)	hipótesis razonable	(a)+(c)	NO	NO-APLICA	estructura/transferencias	NO		RETROSPECTIVA
RG-fee55f2e2f	RP-C3-055	TABLA-C3-1	corpus/reports-v2/El_México_Rural_e_Indígena_en_sus_Propios_Términos__Comunalidad__Autoridad_y_Reciprocidad_como_Sistemas_con_Lógica_Propia.md:86	R-COM-3, investigación de autoridad: SI un catálogo registra SNI, ENTONCES tratarlo como estatus electoral municipal y medir aparte voz y elegibilidad.	Tier alto para estatus, bajo para mecanismo; falsador: evidencia de que el registro reproduce de modo fiable participación individual inclusiva en el mismo periodo.	Aplicable a seguimiento institucional, sin inferir psicología individual.	no declarado en la fila	POLITICA	un catálogo registra SNI,	tratarlo como estatus electoral municipal y medir aparte voz y elegibilidad.		Tier alto para estatus, bajo para mecanismo; falsador: evidencia de que el registro reproduce de modo fiable participación individual inclusiva en el mismo periodo.	Aplicable a seguimiento institucional, sin inferir psicología individual.	NINGUNO (grep milpa/)	SIN-CIFRA-GEN2							NO-CONSTRUIBLE: regla prescriptiva/metodológica (qué medir o cómo interpretar), no predice conducta observable; registro institucional, no encuesta. RETROSPECTIVO	catálogo IEEs de SNI	fuerte	(a)	NO	NO-APLICA	institución	NO		RETROSPECTIVA
RG-00aa785c45	RP-C3-056	TABLA-C3-1	corpus/reports-v2/Health__Body__Food_and_Substance_Use_in_Mexico__The_Behavioral_Layer_of_Decisions__Environment_and_Structure.md:101	SI necesidad declarada, ENTONCES modelar búsqueda como transición separada de la declaración; consumidor: módulo de acceso a salud	Tier alto para frecuencia ENSANUT, bajo para motivo. Falsaría la calibración una ola comparable en que búsqueda condicional cambie fuera del intervalo de persistencia; no adjudica causa.	Simulación descriptiva de recorrido de atención con persona que declaró necesidad	no declarado en la fila	SALUD	necesidad declarada	modelar búsqueda como transición separada de la declaración; consumidor: módulo de acceso a salud	no declarado en la fila	Tier alto para frecuencia ENSANUT, bajo para motivo. Falsaría la calibración una ola comparable en que búsqueda condicional cambie fuera del intervalo de persistencia; no adjudica causa.	NO-DECLARADO	NINGUNO (no hallado en catalogo-momentos ni tramite.yaml)	SIN-CIFRA-GEN2							NO-CONSTRUIBLE: regla de modelado (transición necesidad→búsqueda); catálogo trae marginales ENSANUT de lugar de atención (p.ej. atencion-consultorio-farmacia 2021) pero no la transición condicional	ENSANUT 2021-2023 (necesidad declarada → búsqueda de atención, condicional)	media	(a)	NO	NO-APLICA	acceso/oferta	NO		RETROSPECTIVA
RG-1a39e1324d	RP-C3-057	TABLA-C3-1	corpus/reports-v2/Health__Body__Food_and_Substance_Use_in_Mexico__The_Behavioral_Layer_of_Decisions__Environment_and_Structure.md:102	SI sube precio efectivo de bebida gravada, ENTONCES considerar menor volumen comprado como escenario, con sustitución explícita; consumidor: escenario de compra alimentaria	Tier medio observacional. Falsador: panel con comparador y precios efectivos sin reducción de compras, o sustitución que anule reducción de azúcar adquirida. No es regla clínica.	Evaluación de política de bebidas en hogares urbanos comparables a los del panel	no declarado en la fila	SALUD	sube precio efectivo de bebida gravada	considerar menor volumen comprado como escenario, con sustitución explícita; consumidor: escenario de compra alimentaria	no declarado en la fila	Tier medio observacional. Falsador: panel con comparador y precios efectivos sin reducción de compras, o sustitución que anule reducción de azúcar adquirida. No es regla clínica.	NO-DECLARADO	NINGUNO (no hallado en catalogo-momentos ni tramite.yaml)	SIN-CIFRA-GEN2							NO-CONSTRUIBLE: elasticidad-precio de bebidas gravadas es unidad hogar/compra; no hay RESULT GEN2 de panel con precios efectivos	ENIGH (gasto en bebidas por hogar) + INPC precios; panel de compra	media	mixta (a)+(c)	NO	NO-APLICA	incentivo de precio, no psicología	NO		RETROSPECTIVA
RG-7f3dd3b137	RP-C3-058	TABLA-C3-1	corpus/reports-v2/Health__Body__Food_and_Substance_Use_in_Mexico__The_Behavioral_Layer_of_Decisions__Environment_and_Structure.md:103	SI se ofrece una alternativa pública con menor espera y continuidad verificable, ENTONCES probar cambio de lugar de atención, sin fijar probabilidad actual; consumidor: evaluación de servicios	Hipótesis. Falsador: evaluación con usuarios y elegibilidad comparables sin desplazamiento desde CAF.	Diseño de acceso a consulta de baja complejidad	no declarado en la fila	SALUD	se ofrece una alternativa pública con menor espera y continuidad verificable	probar cambio de lugar de atención, sin fijar probabilidad actual; consumidor: evaluación de servicios	no declarado en la fila	Hipótesis. Falsador: evaluación con usuarios y elegibilidad comparables sin desplazamiento desde CAF.	NO-DECLARADO	NINGUNO (no hallado en catalogo-momentos ni tramite.yaml)	SIN-CIFRA-GEN2							NO-CONSTRUIBLE: prescribe prueba de desplazamiento desde CAF ante alternativa pública; requiere evaluación	ENSANUT lugar de atención (marginal) + evaluación de servicio	hipótesis razonable	(a)	NO	NO-APLICA	incentivo racional (espera/costo)	NO		RETROSPECTIVA
RG-379e125f23	RP-C3-059	TABLA-C3-1	corpus/reports-v2/Psicología_de_la_Juventud_Mexicana_Contemporánea__Gen_Z_y_Millennials_Jóvenes_como_Cohorte_Divergente.md:113	SI una fuente entrega un corte de edad, ENTONCES reportarlo como diferencia por edad y periodo medidos, sin llamarlo efecto de cohorte	Descriptivo / mecanismo no identificado	Editor de reports; edad, ola y pregunta explícitas	no declarado en la fila	JUVENTUD	una fuente entrega un corte de edad	reportarlo como diferencia por edad y periodo medidos, sin llamarlo efecto de cohorte	no declarado	Descriptivo / mecanismo no identificado	Editor de reports; edad, ola y pregunta explícitas	editor de reports	SIN-CIFRA-GEN2							NO-CONSTRUIBLE: regla de rotulado (edad-periodo vs cohorte); un corte transversal no identifica cohorte por construcción · RETROSPECTIVO	series repetidas por cohorte sintética (ENOE, ENIGH) con modelo APC	fuerte	(a)+(c)	NO	NO-APLICA	identificación, no psicología	NO		RETROSPECTIVA
RG-8cfef06376	RP-C3-060	TABLA-C3-1	corpus/reports-v2/Psicología_de_la_Juventud_Mexicana_Contemporánea__Gen_Z_y_Millennials_Jóvenes_como_Cohorte_Divergente.md:114	SI se clasifica a alguien fuera de estudio y empleo, ENTONCES medir cuidados y búsqueda antes de interpretarlo	Hipótesis de segmentación / mecanismo no identificado	Diseño de empleo y cuidados; persona y ventana comunes	no declarado en la fila	JUVENTUD	se clasifica a alguien fuera de estudio y empleo	medir cuidados y búsqueda antes de interpretarlo	no declarado	Hipótesis de segmentación / mecanismo no identificado	Diseño de empleo y cuidados; persona y ventana comunes	diseño de empleo y cuidados	SIN-CIFRA-GEN2							NO-CONSTRUIBLE: prescriptiva; ENOE (cola ENOE NO-LANZAR-TODAVÍA) daría no-estudia-no-trabaja x trabajo de cuidados y búsqueda · RETROSPECTIVO	ENOE: condición de actividad, búsqueda, quehaceres/cuidados; ENUT	hipótesis razonable	(a)	NO	NO-APLICA	estructura laboral y de cuidados (sobre todo mujeres), no apatía	NO		RETROSPECTIVA
RG-788dcd89a0	RP-C3-061	TABLA-C3-1	corpus/reports-v2/Psicología_de_la_Juventud_Mexicana_Contemporánea__Gen_Z_y_Millennials_Jóvenes_como_Cohorte_Divergente.md:115	SI se usa ENDUTIH para una decisión juvenil, ENTONCES exigir corte etario y medir destreza aparte del acceso	RESULT agregado adoptado / destreza sin medición	Editor de inclusión digital; misma ola y población	no declarado en la fila	JUVENTUD	se usa ENDUTIH para una decisión juvenil	exigir corte etario y medir destreza aparte del acceso	no declarado	RESULT agregado adoptado / destreza sin medición	Editor de inclusión digital; misma ola y población	editor de inclusión digital	SIN-CIFRA-GEN2							NO-CONSTRUIBLE: destreza digital sin reactivo en ENDUTIH; la regla es metodológica (corte etario + destreza aparte) · RETROSPECTIVO	ENDUTIH (acceso/uso por edad); destreza: sin reactivo en el corpus	media	(a)	NO	NO-APLICA	acceso es oferta/infraestructura	SI: acceso digital sesgado a urbano		RETROSPECTIVA
RG-427143b34b	RP-C3-062	TABLA-C3-1	corpus/reports-v2/Psicología_de_la_Juventud_Mexicana_Contemporánea__Gen_Z_y_Millennials_Jóvenes_como_Cohorte_Divergente.md:116	SI se atribuye cambio a Jóvenes Construyendo el Futuro, ENTONCES exigir grupo comparable, exposición y rezagos	Serie agregada insuficiente / mecanismo no identificado	Evaluador del programa; estimando causal definido	no declarado en la fila	JUVENTUD	se atribuye cambio a Jóvenes Construyendo el Futuro	exigir grupo comparable, exposición y rezagos	no declarado	Serie agregada insuficiente / mecanismo no identificado	Evaluador del programa; estimando causal definido	evaluador de programa	SIN-CIFRA-GEN2							NO-CONSTRUIBLE: estimando causal de programa (JCF) exige grupo comparable; no observable en catálogo descriptivo · RETROSPECTIVO	registros administrativos JCF + ENOE con diseño de comparación	hipótesis razonable	(c)	NO	NO-APLICA	incentivo de programa (transferencia)	NO		RETROSPECTIVA
RG-31b23a57ef	RP-C3-063	TABLA-C3-1	corpus/reports-v2/El_Mexicano_y_el_Tiempo__Estructura__no_Cultura__en_la_Planeación_y_el_Compromiso_Temporal.md:59	T-R1, lector de análisis financiero: SI se invoca un indicador de ENIF para «planeación», ENTONCES declarar por separado meta, vía de ahorro y colchón.	Regla de medición; frecuencia (a) sólida, mecanismo no identificado. Falsador: instrumento que demuestre equivalencia empírica y conceptual de esos reactivos en mismo universo.	Regla de medición; frecuencia (a) sólida, mecanismo no identificado. Falsador: instrumento que demuestre equivalencia empírica y conceptual de esos reactivos en mismo universo.	no declarado en la fila	DINERO	Regla de medición; frecuencia (a) sólida, mecanismo no identificado. Falsador: instrumento que demuestre equivalencia empírica y conceptual de esos reactivos en mismo universo.	T-R1, lector de análisis financiero: SI se invoca un indicador de ENIF para «planeación», ENTONCES declarar por separado meta, vía de ahorro y colchón.	no declarado en la fila	Regla de medición; frecuencia (a) sólida, mecanismo no identificado. Falsador: instrumento que demuestre equivalencia empírica y conceptual de esos reactivos en mismo universo.		NO-ENCONTRADO en milpa/catalogo-momentos-v0_1.tsv ni milpa/tramite.yaml (grep por regla_id)	SIN-CIFRA-GEN2							NO-CONSTRUIBLE: regla metodológica de lectura de ENIF · RETROSPECTIVA	ENIF 2024 horizonte_corto / ahorra_*	fuerte	(a)	NO	NO-APLICA	metodológica	NO		RETROSPECTIVA
RG-88a9c0e531	RP-C3-064	TABLA-C3-1	corpus/reports-v2/El_Mexicano_y_el_Tiempo__Estructura__no_Cultura__en_la_Planeación_y_el_Compromiso_Temporal.md:60	T-R2, diseñador de citas: SI se interpreta «ahorita» o una aceptación social, ENTONCES confirmar una hora y registrar asistencia antes de inferir incumplimiento.	Propuesta operativa sin frecuencia nacional; falsador: estudio emparejado que muestre que la confirmación no aporta información ni cambia asistencia.	Propuesta operativa sin frecuencia nacional; falsador: estudio emparejado que muestre que la confirmación no aporta información ni cambia asistencia.	no declarado en la fila	CAPITAL_SOCIAL	Propuesta operativa sin frecuencia nacional; falsador: estudio emparejado que muestre que la confirmación no aporta información ni cambia asistencia.	T-R2, diseñador de citas: SI se interpreta «ahorita» o una aceptación social, ENTONCES confirmar una hora y registrar asistencia antes de inferir incumplimiento.	no declarado en la fila	Propuesta operativa sin frecuencia nacional; falsador: estudio emparejado que muestre que la confirmación no aporta información ni cambia asistencia.		NO-ENCONTRADO en milpa/catalogo-momentos-v0_1.tsv ni milpa/tramite.yaml (grep por regla_id)	SIN-CIFRA-GEN2							NO-CONSTRUIBLE: prescriptiva; asistencia tras «ahorita» no se observa en encuestas del corpus · RETROSPECTIVA	registro administrativo de asistencia a citas	hipótesis razonable	(c)	SI	NO-APLICA	ambigüedad social/cortesía	NO		RETROSPECTIVA
RG-56f645220c	RP-C3-065	TABLA-C3-1	corpus/reports-v2/El_Mexicano_y_el_Tiempo__Estructura__no_Cultura__en_la_Planeación_y_el_Compromiso_Temporal.md:61	T-R3, analista laboral: SI se comparan trabajadores con y sin seguridad social, ENTONCES tratar diferencias de resiliencia como descriptivas y ajustar diseño para selección antes de llamarlas efecto.	ENIF (a), asociación retrospectiva; falsador de hipótesis causal: cambio de protección exógeno sin cambio posterior en meta directamente medida.	ENIF (a), asociación retrospectiva; falsador de hipótesis causal: cambio de protección exógeno sin cambio posterior en meta directamente medida.	no declarado en la fila	DINERO	ENIF (a), asociación retrospectiva; falsador de hipótesis causal: cambio de protección exógeno sin cambio posterior en meta directamente medida.	T-R3, analista laboral: SI se comparan trabajadores con y sin seguridad social, ENTONCES tratar diferencias de resiliencia como descriptivas y ajustar diseño para selección antes de llamarlas efecto.	no declarado en la fila	ENIF (a), asociación retrospectiva; falsador de hipótesis causal: cambio de protección exógeno sin cambio posterior en meta directamente medida.		NO-ENCONTRADO en milpa/catalogo-momentos-v0_1.tsv ni milpa/tramite.yaml (grep por regla_id)	MATIZA	RESULT-ENIF-AHO-A-P-CORTO-SIN-P	CALC-ENIF-0001	0.541343	0.521597	0.561928	VER-SPEC	horizonte corto de ahorro 54.1% [52.2,56.2] sin seguridad social vs 37.3% [35.0,39.4] con: la diferencia existe y es descriptiva; selección no identificada, como la regla pide · RETROSPECTIVA	ENIF 2024 horizonte × seguridad social	fuerte	(a)	NO	NO-APLICA	estructura (formalidad) + selección	NO		RETROSPECTIVA
RG-1d157d2ce7	RP-C3-066	TABLA-C3-1	corpus/reports-v2/Ausencia_sin_certeza__duelo_y_pérdida_ambigua_en_familias_de_personas_desaparecidas_en_México.md:91	SI se comunica un stock de desaparición o de restos ENTONCES declarar unidad, fuente, fecha, estatus y regla de actualización	Administrativo específico / ninguno causal	Editor de reportes y tableros; lectura del registro primario	no declarado en la fila	DESAPARICION	se comunica un stock de desaparición o de restos	declarar unidad, fuente, fecha, estatus y regla de actualización	no declarado en la fila	Administrativo específico / ninguno causal	NO-DECLARADO	NINGUNO (no hallado en catalogo-momentos ni tramite.yaml)	SIN-CIFRA-GEN2							NO-CONSTRUIBLE: regla editorial de declaración de unidad/fuente de stock administrativo	RNPDNO (registro administrativo)	fuerte	(a)	NO	NO-APLICA	medición	NO		RETROSPECTIVA
RG-519d8837e4	RP-C3-067	TABLA-C3-1	corpus/reports-v2/Ausencia_sin_certeza__duelo_y_pérdida_ambigua_en_familias_de_personas_desaparecidas_en_México.md:92	SI una institución recibe aviso de desaparición ENTONCES no presentar 72 horas como requisito legal y evaluar inicio oportuno de búsqueda	Obligación normativa / implementación no estimada	Diseño de atención e investigación, sujeto al protocolo vigente	no declarado en la fila	DESAPARICION	una institución recibe aviso de desaparición	no presentar 72 horas como requisito legal y evaluar inicio oportuno de búsqueda	no declarado en la fila	Obligación normativa / implementación no estimada	NO-DECLARADO	NINGUNO (no hallado en catalogo-momentos ni tramite.yaml)	SIN-CIFRA-GEN2							NO-CONSTRUIBLE: obligación normativa (protocolo de búsqueda); implementación no medida	Protocolo Homologado de Búsqueda; registros de inicio de búsqueda	fuerte	(a)	NO	NO-APLICA	institucional	NO		RETROSPECTIVA
RG-960da0dcdc	RP-C3-068	TABLA-C3-1	corpus/reports-v2/Ausencia_sin_certeza__duelo_y_pérdida_ambigua_en_familias_de_personas_desaparecidas_en_México.md:93	SI se usa una escala de síntomas ENTONCES declarar instrumento, periodo, selección y universo antes de hablar de diagnóstico o prevalencia	Local o por estimar / no causal	Investigación y comunicación clínica	no declarado en la fila	DUELO	se usa una escala de síntomas	declarar instrumento, periodo, selección y universo antes de hablar de diagnóstico o prevalencia	no declarado en la fila	Local o por estimar / no causal	NO-DECLARADO	NINGUNO (no hallado en catalogo-momentos ni tramite.yaml)	SIN-CIFRA-GEN2							NO-CONSTRUIBLE: regla metodológica de declaración de instrumento/periodo antes de prevalencia	NO-APLICA	fuerte	(c)	SI	NO-APLICA	medición	NO		RETROSPECTIVA
RG-0a5a80496a	RP-C3-069	TABLA-C3-1	corpus/reports-v2/Ausencia_sin_certeza__duelo_y_pérdida_ambigua_en_familias_de_personas_desaparecidas_en_México.md:94	SI una propuesta atribuye beneficio o daño a buscar, esperar o identificar ENTONCES tratarla como hipótesis con elección y riesgo medidos	Sin frecuencia / mecanismo no identificado	Evaluación institucional con resguardo y consentimiento	no declarado en la fila	DUELO	una propuesta atribuye beneficio o daño a buscar, esperar o identificar	tratarla como hipótesis con elección y riesgo medidos	no declarado en la fila	Sin frecuencia / mecanismo no identificado	NO-DECLARADO	NINGUNO (no hallado en catalogo-momentos ni tramite.yaml)	SIN-CIFRA-GEN2							NO-CONSTRUIBLE: mecanismo (beneficio/daño de buscar/esperar) sin frecuencia ni diseño con elección medida	Estudio local con consentimiento; no hay encuesta nacional	hipótesis razonable	(a)+(c)	NO	NO-APLICA	no identificado	NO		RETROSPECTIVA
RG-f0604647f1	RP-C3-070	TABLA-C3-1	corpus/reports-v2/Mexican_Population_Genomics__2025-2026_Scientific_and_Market_Opportunity_Update.md:73	IF A buyer proposes a Mexican PRS THEN Require external calibration, discrimination and decision-curve benefit by intended population and setting	(a) local discovery plus (c) transport warning; clinical tier unproven. Falsifier: poor calibration or no net benefit.	consumidor implícito en la condición	no declarado en la fila	GENETICA	A buyer proposes a Mexican PRS	Require external calibration, discrimination and decision-curve benefit by intended population and setting	no declarado	(a) local discovery plus (c) transport warning; clinical tier unproven. Falsifier: poor calibration or no net benefit.	consumidor implícito en la condición	comprador de PRS	SIN-CIFRA-GEN2							NO-CONSTRUIBLE: regla de validación clínica de PRS; fuera del catálogo de encuestas · RETROSPECTIVO	cohortes biomédicas (MCPS, etc.), no encuestas INEGI	hipótesis razonable	mixta (a)+(c)	NO	RESPETA	no aplica (clínico)	NO		RETROSPECTIVA
RG-fbbb6a0d9c	RP-C3-071	TABLA-C3-1	corpus/reports-v2/Mexican_Population_Genomics__2025-2026_Scientific_and_Market_Opportunity_Update.md:74	IF A firm proposes cross-border genomic data services THEN Map consent, sensitive-data law, export rules, community agreements, U.S./Mexico authorizations and contracted demand	Legal acts plus commercial hypothesis; no revenue proof. Falsifier: missing lawful pathway or payer.	consumidor implícito en la condición	no declarado en la fila	GENETICA	A firm proposes cross-border genomic data services	Map consent, sensitive-data law, export rules, community agreements, U	no declarado	Legal acts plus commercial hypothesis; no revenue proof. Falsifier: missing lawful pathway or payer.	consumidor implícito en la condición	firma de datos genómicos	SIN-CIFRA-GEN2							NO-CONSTRUIBLE: regla legal/comercial; no hay conducta medible · RETROSPECTIVO	ninguno (marco legal)	hipótesis razonable	(c)	SI	RESPETA	regulación e incentivo comercial	NO		RETROSPECTIVA
RG-d5b675dd9e	RP-C3-072	TABLA-C3-1	forense/analisis/reports-v2/interaccion-emociones-humor-sancion-1/hoja-reglas-y-firma.md:18	SI se interpreta una aceptación verbal en negociación, ENTONCES pedir confirmación neutral de compromiso y fecha.	Sin frecuencia nacional / práctica a evaluar	Guía de comunicación de servicios	no declarado en la fila	INTERACCION	se interpreta una aceptación verbal en negociación,	pedir confirmación neutral de compromiso y fecha.		Sin frecuencia nacional / práctica a evaluar	Guía de comunicación de servicios	NINGUNO (grep milpa/)	SIN-CIFRA-GEN2							NO-CONSTRUIBLE: regla prescriptiva/metodológica (qué medir o cómo interpretar), no predice conducta observable. RETROSPECTIVO		hipótesis razonable	(c)	SI	NO-APLICA	ambiguo; no identificado	NO		RETROSPECTIVA
RG-518f87ad36	RP-C3-073	TABLA-C3-1	forense/analisis/reports-v2/interaccion-emociones-humor-sancion-1/hoja-reglas-y-firma.md:19	SI se estudia disenso jerárquico, ENTONCES medir por separado pares, superiores y costo esperado.	Local / mecanismo pendiente	Cola de medición de interacción	no declarado en la fila	INTERACCION	se estudia disenso jerárquico,	medir por separado pares, superiores y costo esperado.		Local / mecanismo pendiente	Cola de medición de interacción	NINGUNO (grep milpa/)	SIN-CIFRA-GEN2							NO-CONSTRUIBLE: regla prescriptiva/metodológica (qué medir o cómo interpretar), no predice conducta observable. RETROSPECTIVO		hipótesis razonable	(c)	SI	NO-APLICA	ambiguo; no identificado	NO		RETROSPECTIVA
RG-8c503e0afe	RP-C3-074	TABLA-C3-1	forense/analisis/reports-v2/interaccion-emociones-humor-sancion-1/hoja-reglas-y-firma.md:20	SI un encuentro invoca vergüenza, culpa o imagen, ENTONCES preguntar por audiencia, responsabilidad y consecuencia temida.	Sin frecuencia nacional / utilidad a evaluar	Guía clínica o de servicio	no declarado en la fila	INTERACCION	un encuentro invoca vergüenza, culpa o imagen,	preguntar por audiencia, responsabilidad y consecuencia temida.		Sin frecuencia nacional / utilidad a evaluar	Guía clínica o de servicio	NINGUNO (grep milpa/)	SIN-CIFRA-GEN2							NO-CONSTRUIBLE: regla prescriptiva/metodológica (qué medir o cómo interpretar), no predice conducta observable. RETROSPECTIVO		hipótesis razonable	(c)	SI	NO-APLICA	ambiguo; no identificado	NO		RETROSPECTIVA
RG-53f8df5061	RP-C3-075	TABLA-C3-1	forense/analisis/reports-v2/interaccion-emociones-humor-sancion-1/hoja-reglas-y-firma.md:21	SI se prueba el modelo dignidad/face/honor, ENTONCES medir norma percibida, valor personal y acción en la misma persona.	Universitarios para percepciones / mecanismo no identificado	Cola de medición moral	no declarado en la fila	INTERACCION	se prueba el modelo dignidad/face/honor,	medir norma percibida, valor personal y acción en la misma persona.		Universitarios para percepciones / mecanismo no identificado	Cola de medición moral	NINGUNO (grep milpa/)	SIN-CIFRA-GEN2							NO-CONSTRUIBLE: regla prescriptiva/metodológica (qué medir o cómo interpretar), no predice conducta observable. RETROSPECTIVO		hipótesis razonable	(c)	SI	NO-APLICA	ambiguo; no identificado	NO		RETROSPECTIVA
RG-211b48afb9	RP-C3-076	TABLA-C3-1	forense/analisis/reports-v2/interaccion-emociones-humor-sancion-1/hoja-reglas-y-firma.md:22	SI se pide prevalencia nacional de humor, ENTONCES diseñar reactivo de frecuencia, función y periodo en muestra probabilística.	Sin frecuencia / sin mecanismo	Cola de medición de humor	no declarado en la fila	CONFIANZA	se pide prevalencia nacional de humor,	diseñar reactivo de frecuencia, función y periodo en muestra probabilística.		Sin frecuencia / sin mecanismo	Cola de medición de humor	NINGUNO (grep milpa/)	SIN-CIFRA-GEN2							NO-CONSTRUIBLE: regla prescriptiva/metodológica (qué medir o cómo interpretar), no predice conducta observable. RETROSPECTIVO		fuerte	(a)+(c)	NO	NO-APLICA	regla de medición; no aplica	NO		RETROSPECTIVA
RG-5ab1ece3f4	RP-C3-077	TABLA-C3-1	forense/analisis/reports-v2/interaccion-emociones-humor-sancion-1/hoja-reglas-y-firma.md:23	SI se comparan EHV/ESSH por sexo, ENTONCES confirmar versión e invarianza pertinente antes de comparar latentes.	Muestras no probabilísticas / sin efecto causal	Investigación psicométrica	no declarado en la fila	CONFIANZA	se comparan EHV/ESSH por sexo,	confirmar versión e invarianza pertinente antes de comparar latentes.		Muestras no probabilísticas / sin efecto causal	Investigación psicométrica	NINGUNO (grep milpa/)	SIN-CIFRA-GEN2							NO-CONSTRUIBLE: regla prescriptiva/metodológica (qué medir o cómo interpretar), no predice conducta observable. RETROSPECTIVO		fuerte	(a)+(c)	NO	NO-APLICA	regla de medición; no aplica	NO		RETROSPECTIVA
RG-10b558615c	RP-C3-078	TABLA-C3-1	forense/analisis/reports-v2/interaccion-emociones-humor-sancion-1/hoja-reglas-y-firma.md:24	SI se atribuye alivio o daño al humor ante crisis, ENTONCES medir exposición, emoción anterior y desenlace posterior en la misma unidad.	Sin frecuencia / mecanismo hipotético	Diseño prospectivo de salud/comunicación	no declarado en la fila	INTERACCION	se atribuye alivio o daño al humor ante crisis,	medir exposición, emoción anterior y desenlace posterior en la misma unidad.		Sin frecuencia / mecanismo hipotético	Diseño prospectivo de salud/comunicación	NINGUNO (grep milpa/)	SIN-CIFRA-GEN2							NO-CONSTRUIBLE: regla prescriptiva/metodológica (qué medir o cómo interpretar), no predice conducta observable. RETROSPECTIVO		hipótesis razonable	(c)	SI	NO-APLICA	ambiguo; no identificado	NO		RETROSPECTIVA
RG-8007c50d9e	RP-C3-079	TABLA-C3-1	forense/analisis/reports-v2/interaccion-emociones-humor-sancion-1/hoja-reglas-y-firma.md:25	SI un caso vincula exposición patrimonial y amenaza, ENTONCES tratar discreción como posible gestión de seguridad.	ENSU/ENVE miden riesgo, no motivo / mecanismo por comprobar	Diagnóstico de seguridad	no declarado en la fila	VIOLENCIA	un caso vincula exposición patrimonial y amenaza,	tratar discreción como posible gestión de seguridad.		ENSU/ENVE miden riesgo, no motivo / mecanismo por comprobar	Diagnóstico de seguridad	NINGUNO (grep milpa/)	SIN-CIFRA-GEN2							NO-CONSTRUIBLE: ENSU/ENVE miden riesgo y conductas de protección, no motivo de discreción. RETROSPECTIVO	ENVIPE (cambio de hábitos por inseguridad)	hipótesis razonable	(a)+(c)	NO	NO-APLICA	gestión racional de seguridad	NO		RETROSPECTIVA
RG-d59be1c99b	RP-C3-080	TABLA-C3-1	forense/analisis/reports-v2/interaccion-emociones-humor-sancion-1/hoja-reglas-y-firma.md:26	SI una red documenta rumor, norma, blanco y consecuencia, ENTONCES clasificar sanción por efecto y legitimidad de denuncia.	Casos locales / mecanismo por comprobar	Investigación comunitaria u organizacional	no declarado en la fila	INTERACCION	una red documenta rumor, norma, blanco y consecuencia,	clasificar sanción por efecto y legitimidad de denuncia.		Casos locales / mecanismo por comprobar	Investigación comunitaria u organizacional	NINGUNO (grep milpa/)	SIN-CIFRA-GEN2							NO-CONSTRUIBLE: regla prescriptiva/metodológica (qué medir o cómo interpretar), no predice conducta observable. RETROSPECTIVO		hipótesis razonable	(c)	SI	NO-APLICA	ambiguo; no identificado	NO		RETROSPECTIVA
RG-800d1ed381	RP-C3-081	TABLA-C3-1	forense/analisis/reports-v2/sintesis-transcultural-1/hoja-reglas-propuestas.md:7	SI se usa confianza para elegir canal o contraparte, ENTONCES registrar referente, pregunta, escala, población y riesgo de esa decisión y evaluar el canal por conducta y resolución.	WVS 2018 `[CONF-C35/C41/C32/C42]`, Latinobarómetro 2023 `[CONF-C29]`, OCDE urbana 2023 `[CONF-E02]` en [report de confianza](../../../../corpus/reports-v2/Confianza_y_Desconfianza_en_México__Anatomía_Psicológica_de_una_Sociedad_Dual.md). Frecuencia ALTA dentro de instrumento; mecanismo de adopción N	S1 · Confianza por referente. Analista de servicio o investigación.	no declarado en la fila	CONFIANZA	SI se usa confianza para elegir canal o contraparte	registrar referente, pregunta, escala, población y riesgo de esa decisión y evaluar el canal por conducta y resolución.	no declarado en la fila	WVS 2018 `[CONF-C35/C41/C32/C42]`, Latinobarómetro 2023 `[CONF-C29]`, OCDE urbana 2023 `[CONF-E02]` en [report de confianza](../../../../corpus/reports-v2/Confianza_y_Desconfianza_en_México__Anatomía_Psicológica_de_una_Sociedad_Dual.md). Frecuencia ALTA dentro de instrumento; mecanismo de adopción N	S1 · Confianza por referente. Analista de servicio o investigación.	NINGUNO (no aparece en milpa/catalogo-momentos ni tramite.yaml; PROPUESTA)	SIN-CIFRA-GEN2							NO-CONSTRUIBLE: regla metodológica (registrar referente/escala de la confianza usada para decidir); no afirma conducta observable; RETROSPECTIVO	NO-APLICA	hipótesis razonable	mixta (a)+(c)	NO	NO-APLICA	prescripción de método	SI: segmento de diseño/servicio; evidencia nacional pero reglas redactadas desde analista urbano		RETROSPECTIVA
RG-e36683fb04	RP-C3-082	TABLA-C3-1	forense/analisis/reports-v2/sintesis-transcultural-1/hoja-reglas-propuestas.md:8	SI se propone usar familia o red comunitaria como soporte, ENTONCES medir ayuda efectiva, obligación, carga, consentimiento, salida y alternativa antes de asignar una función.	ENADID `[FAM-C03..C08]`, ENASIC `[FAM-C09]`, LAPOP `[CAP-C02/C03]`, [familia](../../../../corpus/reports-v2/La_familia_mexicana_como_sistema_psicológico__entre_el_afecto__la_obligación_y_la_adaptación_económica.md) y [capital no familiar](../../../../corpus/reports-v2/Non-Family_Social_Capital_in_Me	S2 · Redes con beneficio y costo. Diseño de apoyos y cuidados.	no declarado en la fila	FAMILIA	SI se propone usar familia o red comunitaria como soporte	medir ayuda efectiva, obligación, carga, consentimiento, salida y alternativa antes de asignar una función.	no declarado en la fila	ENADID `[FAM-C03..C08]`, ENASIC `[FAM-C09]`, LAPOP `[CAP-C02/C03]`, [familia](../../../../corpus/reports-v2/La_familia_mexicana_como_sistema_psicológico__entre_el_afecto__la_obligación_y_la_adaptación_económica.md) y [capital no familiar](../../../../corpus/reports-v2/Non-Family_Social_Capital_in_Me	S2 · Redes con beneficio y costo. Diseño de apoyos y cuidados.	NINGUNO (no aparece en milpa/catalogo-momentos ni tramite.yaml; PROPUESTA)	SIN-CIFRA-GEN2							NO-CONSTRUIBLE: prescripción de diseño de apoyos; la carga/consentimiento no son RESULT del catálogo; RETROSPECTIVO	ENASIC (carga de cuidado) / ENADID (redes de apoyo)	hipótesis razonable	mixta (a)+(c)	NO	NO-APLICA	prescripción; la obligación puede ser incentivo racional	NO		RETROSPECTIVA
RG-b6791b1f51	RP-C3-083	TABLA-C3-1	forense/analisis/reports-v2/sintesis-transcultural-1/hoja-reglas-propuestas.md:9	SI informalidad, jornada, corresidencia o no uso de un servicio se interpreta como preferencia cultural, ENTONCES documentar alternativas, costos, protección y oferta antes de asignar ese motivo.	ENOE 2024T3 `RESULT-ENOE-PISOS-TABLA`, ENADID y ENSANUT en [trabajo](../../../../corpus/reports-v2/Psicología_del_Trabajo_en_México__Un_Mapa_Basado_en_Evidencia.md), [familia](../../../../corpus/reports-v2/La_familia_mexicana_como_sistema_psicológico__entre_el_afecto__la_obligación_y_la_adaptación_e	S3 · Oportunidad antes de preferencia. Analista laboral o territorial.	no declarado en la fila	TRABAJO	SI informalidad, jornada, corresidencia o no uso de un servicio se interpreta como preferencia cultural	documentar alternativas, costos, protección y oferta antes de asignar ese motivo.	no declarado en la fila	ENOE 2024T3 `RESULT-ENOE-PISOS-TABLA`, ENADID y ENSANUT en [trabajo](../../../../corpus/reports-v2/Psicología_del_Trabajo_en_México__Un_Mapa_Basado_en_Evidencia.md), [familia](../../../../corpus/reports-v2/La_familia_mexicana_como_sistema_psicológico__entre_el_afecto__la_obligación_y_la_adaptación_e	S3 · Oportunidad antes de preferencia. Analista laboral o territorial.	NINGUNO (no aparece en milpa/catalogo-momentos ni tramite.yaml; PROPUESTA)	SIN-CIFRA-GEN2							NO-CONSTRUIBLE: regla de interpretación (oferta antes que preferencia); no predice conducta; RETROSPECTIVO	ENOE (condición de informalidad + motivo de no búsqueda)	media	(a)	NO	NO-APLICA	incentivo/oferta	NO		RETROSPECTIVA
RG-65d961e803	RP-C3-084	TABLA-C3-1	forense/analisis/reports-v2/sintesis-transcultural-1/hoja-reglas-propuestas.md:10	SI se usa percepción de inseguridad para modificar un trayecto o servicio, ENTONCES separar lugar, actividad aplicable, exposición, alternativa y cambio de uso.	ENVIPE 2024 `[Q01/Q06]` y ENSU 2025T3 `[Q07]` en [violencia](../../../../corpus/reports-v2/El_Efecto_Ambiental_de_la_Violencia_Crónica_en_México__Cómo_el_Miedo_Reorganiza_la_Conducta_Psicológica_de_la_Población.md); sellados PROVISIONALES al corte temático. Frecuencia ALTA descriptiva; mecanismo PRO	S4 · Restricción de movilidad situada. Servicio de seguridad, transporte o evaluación urbana.	no declarado en la fila	SEGURIDAD	SI se usa percepción de inseguridad para modificar un trayecto o servicio	separar lugar, actividad aplicable, exposición, alternativa y cambio de uso.	no declarado en la fila	ENVIPE 2024 `[Q01/Q06]` y ENSU 2025T3 `[Q07]` en [violencia](../../../../corpus/reports-v2/El_Efecto_Ambiental_de_la_Violencia_Crónica_en_México__Cómo_el_Miedo_Reorganiza_la_Conducta_Psicológica_de_la_Población.md); sellados PROVISIONALES al corte temático. Frecuencia ALTA descriptiva; mecanismo PRO	S4 · Restricción de movilidad situada. Servicio de seguridad, transporte o evaluación urbana.	NINGUNO (no aparece en milpa/catalogo-momentos ni tramite.yaml; PROPUESTA)	SIN-CIFRA-GEN2							NO-CONSTRUIBLE: prescripción de análisis; el cambio de uso por lugar exigiría cruce no emitido; RETROSPECTIVO	ENVIPE (dejó de hacer actividades por inseguridad) / ENSU	media	(a)	NO	NO-APLICA	adaptación racional a exposición	NO		RETROSPECTIVA
RG-0776bd2108	RP-C3-085	TABLA-C3-1	forense/analisis/reports-v2/genetica-genomica-1/hoja-reglas-propuestas.md:7	Si un modelo o informe intenta inferir conducta de una persona o grupo desde ascendencia, bloquear esa variable para esa finalidad y explicitar el firewall.	Regla de proyecto / asociación conductual no validada	Diseño de modelo, revisión editorial	no declarado en la fila	GENETICA	Si un modelo o informe intenta inferir conducta de una persona o grupo desde ascendencia	bloquear esa variable para esa finalidad y explicitar el firewall.	no declarado en la fila	Regla de proyecto / asociación conductual no validada	Diseño de modelo, revisión editorial	NINGUNO (no aparece en milpa/catalogo-momentos ni tramite.yaml; PROPUESTA)	SIN-CIFRA-GEN2							NO-CONSTRUIBLE: regla de gobernanza/firewall o de validación clínica; el catálogo no emite genotipos ni conducta por ascendencia (prohibido por firewall); RETROSPECTIVO	NO-APLICA	hipótesis razonable	(c)	SI	RESPETA	NO-APLICA	NO		RETROSPECTIVA
RG-1d784bd64b	RP-C3-086	TABLA-C3-1	forense/analisis/reports-v2/genetica-genomica-1/hoja-reglas-propuestas.md:8	Si se propone usar ADH1B como predictor de consumo, exigir población, genotipo, fenotipo, ajuste, calibración fuera de muestra y beneficio incremental antes de cualquier uso.	Asociación y mecanismo externos / utilidad clínica no demostrada	Investigación clínica, comunicación de evidencia	no declarado en la fila	GENETICA	Si se propone usar ADH1B como predictor de consumo	exigir población, genotipo, fenotipo, ajuste, calibración fuera de muestra y beneficio incremental antes de cualquier uso.	no declarado en la fila	Asociación y mecanismo externos / utilidad clínica no demostrada	Investigación clínica, comunicación de evidencia	NINGUNO (no aparece en milpa/catalogo-momentos ni tramite.yaml; PROPUESTA)	SIN-CIFRA-GEN2							NO-CONSTRUIBLE: regla de gobernanza/firewall o de validación clínica; el catálogo no emite genotipos ni conducta por ascendencia (prohibido por firewall); RETROSPECTIVO	NO-APLICA	hipótesis razonable	(c)	SI	RESPETA	NO-APLICA	NO		RETROSPECTIVA
RG-8fca7eb836	RP-C3-087	TABLA-C3-1	forense/analisis/reports-v2/genetica-genomica-1/hoja-reglas-propuestas.md:9	Si se propone usar CYP2A6 o NMR para elegir tratamiento de cesación, contrastar resultado clínico frente a atención estándar en el contexto de uso; distinguir alelo de biomarcador.	Mecanismo y ensayo importado / utilidad local pendiente	Cartera de investigación clínica	no declarado en la fila	GENETICA	Si se propone usar CYP2A6 o NMR para elegir tratamiento de cesación	contrastar resultado clínico frente a atención estándar en el contexto de uso; distinguir alelo de biomarcador.	no declarado en la fila	Mecanismo y ensayo importado / utilidad local pendiente	Cartera de investigación clínica	NINGUNO (no aparece en milpa/catalogo-momentos ni tramite.yaml; PROPUESTA)	SIN-CIFRA-GEN2							NO-CONSTRUIBLE: regla de gobernanza/firewall o de validación clínica; el catálogo no emite genotipos ni conducta por ascendencia (prohibido por firewall); RETROSPECTIVO	NO-APLICA	hipótesis razonable	(c)	SI	RESPETA	NO-APLICA	NO		RETROSPECTIVA
RG-82029ebb6e	RP-C3-088	TABLA-C3-1	forense/analisis/reports-v2/genetica-genomica-1/hoja-reglas-propuestas.md:10	Si un score conductual aparece en un producto, reportar R² incremental, intervalo, cohorte, desenlace y calibración fuera de muestra; impedir clasificación personal o grupal no validada.	Asociación poligénica / predicción dependiente de contexto	Informes, revisión de producto	no declarado en la fila	GENETICA	Si un score conductual aparece en un producto	reportar R² incremental, intervalo, cohorte, desenlace y calibración fuera de muestra; impedir clasificación personal o grupal no validada.	no declarado en la fila	Asociación poligénica / predicción dependiente de contexto	Informes, revisión de producto	NINGUNO (no aparece en milpa/catalogo-momentos ni tramite.yaml; PROPUESTA)	SIN-CIFRA-GEN2							NO-CONSTRUIBLE: regla de gobernanza/firewall o de validación clínica; el catálogo no emite genotipos ni conducta por ascendencia (prohibido por firewall); RETROSPECTIVO	NO-APLICA	hipótesis razonable	(c)	SI	RESPETA	NO-APLICA	NO		RETROSPECTIVA
RG-e01ef423c5	RP-C3-089	TABLA-C3-1	forense/analisis/reports-v2/genetica-genomica-1/hoja-reglas-propuestas.md:11	Si se diseña un panel farmacogenómico con frecuencias MexVar, definir primero variante, fármaco, decisión y población, y probar cobertura y beneficio frente al estándar local.	Frecuencia mexicana / utilidad clínica pendiente	Investigación clínica, compra de pruebas	no declarado en la fila	GENETICA	Si se diseña un panel farmacogenómico con frecuencias MexVar	definir primero variante, fármaco, decisión y población, y probar cobertura y beneficio frente al estándar local.	no declarado en la fila	Frecuencia mexicana / utilidad clínica pendiente	Investigación clínica, compra de pruebas	NINGUNO (no aparece en milpa/catalogo-momentos ni tramite.yaml; PROPUESTA)	SIN-CIFRA-GEN2							NO-CONSTRUIBLE: regla de gobernanza/firewall o de validación clínica; el catálogo no emite genotipos ni conducta por ascendencia (prohibido por firewall); RETROSPECTIVO	NO-APLICA	hipótesis razonable	(c)	SI	RESPETA	NO-APLICA	NO		RETROSPECTIVA
RG-58964056e6	RP-C3-090	TABLA-C3-1	forense/analisis/reports-v2/genetica-genomica-1/hoja-reglas-propuestas.md:12	Si se ofrece un panel de BRCA fundador como primera pasada, medir sensibilidad por indicación y población contra secuenciación completa, con ruta de reflejo de negativos.	Casos seleccionados / utilidad condicional	Oncología, laboratorio	no declarado en la fila	GENETICA	Si se ofrece un panel de BRCA fundador como primera pasada	medir sensibilidad por indicación y población contra secuenciación completa, con ruta de reflejo de negativos.	no declarado en la fila	Casos seleccionados / utilidad condicional	Oncología, laboratorio	NINGUNO (no aparece en milpa/catalogo-momentos ni tramite.yaml; PROPUESTA)	SIN-CIFRA-GEN2							NO-CONSTRUIBLE: regla de gobernanza/firewall o de validación clínica; el catálogo no emite genotipos ni conducta por ascendencia (prohibido por firewall); RETROSPECTIVO	NO-APLICA	hipótesis razonable	(c)	SI	RESPETA	NO-APLICA	NO		RETROSPECTIVA
RG-49a8a891ed	RP-C3-091	TABLA-C3-1	forense/analisis/reports-v2/genetica-genomica-1/hoja-reglas-propuestas.md:13	Si un proveedor invoca autorización FDA o proyección de mercado, cotejar producto, indicación, jurisdicción, fecha, fuente y demanda contratada antes de alegar beneficio clínico o ingresos.	Acto administrativo o estimación comercial / eficacia y ventas no demostradas	Revisión comercial y regulatoria	no declarado en la fila	GENETICA	Si un proveedor invoca autorización FDA o proyección de mercado	cotejar producto, indicación, jurisdicción, fecha, fuente y demanda contratada antes de alegar beneficio clínico o ingresos.	no declarado en la fila	Acto administrativo o estimación comercial / eficacia y ventas no demostradas	Revisión comercial y regulatoria	NINGUNO (no aparece en milpa/catalogo-momentos ni tramite.yaml; PROPUESTA)	SIN-CIFRA-GEN2							NO-CONSTRUIBLE: regla de gobernanza/firewall o de validación clínica; el catálogo no emite genotipos ni conducta por ascendencia (prohibido por firewall); RETROSPECTIVO	NO-APLICA	hipótesis razonable	(c)	SI	RESPETA	NO-APLICA	NO		RETROSPECTIVA
RG-d62dbe0b15	RP-C3-092	TABLA-C3-1	forense/analisis/reports-v2/consumo-familia-1/hoja-reglas-propuestas.md:7	SI venta exige pago digital, ENTONCES comprobar acceso, aceptación y entrega antes de interpretar rechazo; driver oferta/costo	Alta histórica / no identificado	no declarado (consumidor implícito)	oferta/costo	CONSUMO	SI venta exige pago digital	comprobar acceso, aceptación y entrega antes de interpretar rechazo; driver oferta/costo	oferta/costo	Alta histórica / no identificado	no declarado (consumidor implícito)	NINGUNO (no aparece en milpa/catalogo-momentos ni tramite.yaml; PROPUESTA)	SIN-CIFRA-GEN2							NO-CONSTRUIBLE: prescripción (comprobar acceso antes de interpretar rechazo); ENIGH part-efectivo-en-gasto-directo da contexto marginal sin identificar oferta; RETROSPECTIVO	ENIF (aceptación de pago digital en comercios; razones de no uso)	media	(a)	NO	NO-APLICA	oferta/costo	NO		RETROSPECTIVA
RG-709601ed63	RP-C3-093	TABLA-C3-1	forense/analisis/reports-v2/consumo-familia-1/hoja-reglas-propuestas.md:8	SI presupuesto alimentario pesa más en ingresos bajos, ENTONCES comparar canasta, presentaciones y costo total; driver restricción	Alta descriptiva / hipótesis media	no declarado (consumidor implícito)	restricción	CONSUMO	SI presupuesto alimentario pesa más en ingresos bajos	comparar canasta, presentaciones y costo total; driver restricción	restricción	Alta descriptiva / hipótesis media	no declarado (consumidor implícito)	NINGUNO (no aparece en milpa/catalogo-momentos ni tramite.yaml; PROPUESTA)	SIN-CIFRA-GEN2							NO-CONSTRUIBLE: prescripción; además el SI (participación alimentaria por decil) no está emitido en el catálogo v1_3; RETROSPECTIVO	ENIGH (gasto alimentario / gasto corriente por decil)	fuerte	(a)	NO	NO-APLICA	restricción presupuestal	NO		RETROSPECTIVA
RG-1164cd0457	RP-C3-094	TABLA-C3-1	forense/analisis/reports-v2/consumo-familia-1/hoja-reglas-propuestas.md:9	SI se evalúa marca alternativa, ENTONCES separar prueba/satisfacción/repetición; driver aprendizaje	Media comercial histórica / causal baja	no declarado (consumidor implícito)	aprendizaje	CONSUMO	SI se evalúa marca alternativa	separar prueba/satisfacción/repetición; driver aprendizaje	aprendizaje	Media comercial histórica / causal baja	no declarado (consumidor implícito)	NINGUNO (no aparece en milpa/catalogo-momentos ni tramite.yaml; PROPUESTA)	SIN-CIFRA-GEN2							NO-CONSTRUIBLE: prescripción de método comercial; sin instrumento público de prueba/repetición de marca; RETROSPECTIVO	NO-APLICA (panel comercial privado)	hipótesis razonable	(c)	SI	NO-APLICA	aprendizaje; no psicológico identificado	SI: segmento de diseño/servicio; evidencia nacional pero reglas redactadas desde analista urbano		RETROSPECTIVA
RG-a9d0339376	RP-C3-095	TABLA-C3-1	forense/analisis/reports-v2/consumo-familia-1/hoja-reglas-propuestas.md:10	SI se ofrece crédito o garantía, ENTONCES evaluar compra neta y pago sostenible; driver acceso/costo error	SIN-CIFRA eficacia / bajo	no declarado (consumidor implícito)	acceso/costo error	CONSUMO	SI se ofrece crédito o garantía	evaluar compra neta y pago sostenible; driver acceso/costo error	acceso/costo error	SIN-CIFRA eficacia / bajo	no declarado (consumidor implícito)	NINGUNO (no aparece en milpa/catalogo-momentos ni tramite.yaml; PROPUESTA)	SIN-CIFRA-GEN2							NO-CONSTRUIBLE: eficacia de crédito/garantía no observable en encuestas del catálogo; RETROSPECTIVO	ENIF (uso de crédito, sobreendeudamiento)	hipótesis razonable	(c)	SI	NO-APLICA	acceso/costo	NO		RETROSPECTIVA
RG-12bfd17cb4	RP-C3-096	TABLA-C3-1	forense/analisis/reports-v2/consumo-familia-1/hoja-reglas-propuestas.md:11	SI se propone señal social, ENTONCES medir incrementalidad por fuente y segmento; driver incertidumbre	SIN-CIFRA nacional / no identificado	no declarado (consumidor implícito)	incertidumbre	CONSUMO	SI se propone señal social	medir incrementalidad por fuente y segmento; driver incertidumbre	incertidumbre	SIN-CIFRA nacional / no identificado	no declarado (consumidor implícito)	NINGUNO (no aparece en milpa/catalogo-momentos ni tramite.yaml; PROPUESTA)	SIN-CIFRA-GEN2							NO-CONSTRUIBLE: incrementalidad de señal social exige experimento; ningún instrumento del corpus la da; RETROSPECTIVO	NO-APLICA	hipótesis razonable	(c)	SI	NO-APLICA	incertidumbre	SI: segmento de diseño/servicio; evidencia nacional pero reglas redactadas desde analista urbano		RETROSPECTIVA
RG-38e595497c	RP-C3-097	TABLA-C3-1	forense/analisis/reports-v2/consumo-familia-1/hoja-reglas-propuestas.md:12	SI unidad es hogar ampliado o hijo del jefe, ENTONCES describir composición y parentesco; driver límite instrumental	Alta ENADID abierta / no identificado	no declarado (consumidor implícito)	límite instrumental	FAMILIA	SI unidad es hogar ampliado o hijo del jefe	describir composición y parentesco; driver límite instrumental	límite instrumental	Alta ENADID abierta / no identificado	no declarado (consumidor implícito)	NINGUNO (no aparece en milpa/catalogo-momentos ni tramite.yaml; PROPUESTA)	SIN-CIFRA-GEN2							NO-CONSTRUIBLE: regla de descripción instrumental (composición/parentesco), no conducta; RETROSPECTIVO	ENADID / ENIGH (parentesco, tipo de hogar)	media	(a)	NO	NO-APLICA	límite instrumental	NO		RETROSPECTIVA
RG-2f7ee04996	RP-C3-098	TABLA-C3-1	forense/analisis/reports-v2/consumo-familia-1/hoja-reglas-propuestas.md:13	SI se diseña apoyo de cuidado, ENTONCES observar receptor/cuidador/carga/red antes de asignar por género; driver heterogeneidad	Alta con reserva ENASIC / propuesta	no declarado (consumidor implícito)	heterogeneidad	FAMILIA	SI se diseña apoyo de cuidado	observar receptor/cuidador/carga/red antes de asignar por género; driver heterogeneidad	heterogeneidad	Alta con reserva ENASIC / propuesta	no declarado (consumidor implícito)	NINGUNO (no aparece en milpa/catalogo-momentos ni tramite.yaml; PROPUESTA)	SIN-CIFRA-GEN2							NO-CONSTRUIBLE: prescripción de diseño; ENASIC con reserva; carga del cuidador no emitida como RESULT; RETROSPECTIVO	ENASIC (horas de cuidado por sexo del cuidador)	media	(a)	NO	NO-APLICA	heterogeneidad estructural	NO		RETROSPECTIVA
RG-0e48f4d92c	RP-C3-099	TABLA-C3-1	forense/analisis/reports-v2/consumo-familia-1/hoja-reglas-propuestas.md:14	SI participación familiar se considera en atención psicológica, ENTONCES comprobar consentimiento y barreras; driver apoyo ambivalente	SIN-CIFRA nacional / media cualitativa situada	no declarado (consumidor implícito)	apoyo ambivalente	FAMILIA	SI participación familiar se considera en atención psicológica	comprobar consentimiento y barreras; driver apoyo ambivalente	apoyo ambivalente	SIN-CIFRA nacional / media cualitativa situada	no declarado (consumidor implícito)	NINGUNO (no aparece en milpa/catalogo-momentos ni tramite.yaml; PROPUESTA)	SIN-CIFRA-GEN2							NO-CONSTRUIBLE: consentimiento/barreras en atención psicológica no medidos en instrumentos nacionales del corpus; RETROSPECTIVO	NO-APLICA	hipótesis razonable	mixta (a)+(c)	NO	NO-APLICA	apoyo ambivalente	NO		RETROSPECTIVA
RG-1b44cd81cc	RP-C3-100	TABLA-C3-1	forense/analisis/reports-v2/consumo-familia-2/hoja-reglas-propuestas.md:7	SI se ofrece pago digital, ENTONCES comprobar acceso, aceptación, precio y entrega antes de atribuir rechazo a preferencia; driver oferta/costo	Descripción histórica México / mecanismo no identificado	no declarado (consumidor implícito)	oferta/costo	CONSUMO	SI se ofrece pago digital	comprobar acceso, aceptación, precio y entrega antes de atribuir rechazo a preferencia; driver oferta/costo	oferta/costo	Descripción histórica México / mecanismo no identificado	no declarado (consumidor implícito)	NINGUNO (no aparece en milpa/catalogo-momentos ni tramite.yaml; PROPUESTA)	SIN-CIFRA-GEN2							NO-CONSTRUIBLE: prescripción (comprobar acceso antes de interpretar rechazo); ENIGH part-efectivo-en-gasto-directo da contexto marginal sin identificar oferta; RETROSPECTIVO	ENIF (aceptación de pago digital en comercios; razones de no uso)	media	(a)	NO	NO-APLICA	oferta/costo	NO		RETROSPECTIVA
RG-160683e479	RP-C3-101	TABLA-C3-1	forense/analisis/reports-v2/consumo-familia-2/hoja-reglas-propuestas.md:8	SI el presupuesto alimentario ocupa mayor parte del gasto en hogares de menor ingreso, ENTONCES evaluar costo total y canasta factible; driver restricción	Descriptivo ENIGH2022 / hipótesis de elección	no declarado (consumidor implícito)	restricción	CONSUMO	SI el presupuesto alimentario ocupa mayor parte del gasto en hogares de menor ingreso	evaluar costo total y canasta factible; driver restricción	restricción	Descriptivo ENIGH2022 / hipótesis de elección	no declarado (consumidor implícito)	NINGUNO (no aparece en milpa/catalogo-momentos ni tramite.yaml; PROPUESTA)	SIN-CIFRA-GEN2							NO-CONSTRUIBLE: prescripción; además el SI (participación alimentaria por decil) no está emitido en el catálogo v1_3; RETROSPECTIVO	ENIGH (gasto alimentario / gasto corriente por decil)	fuerte	(a)	NO	NO-APLICA	restricción presupuestal	NO		RETROSPECTIVA
RG-13dd6b4123	RP-C3-102	TABLA-C3-1	forense/analisis/reports-v2/consumo-familia-2/hoja-reglas-propuestas.md:9	SI se comparan regiones, ENTONCES mantener hogar, periodo de referencia y definición de compra/gasto, comunicar IC y separar mecanismo; driver heterogeneidad económica	Descriptivo por entidad / causal no identificado	no declarado (consumidor implícito)	heterogeneidad económica	CONSUMO	SI se comparan regiones	mantener hogar, periodo de referencia y definición de compra/gasto, comunicar IC y separar mecanismo; driver heterogeneidad económica	heterogeneidad económica	Descriptivo por entidad / causal no identificado	no declarado (consumidor implícito)	NINGUNO (no aparece en milpa/catalogo-momentos ni tramite.yaml; PROPUESTA)	SIN-CIFRA-GEN2							NO-CONSTRUIBLE: regla de comparabilidad (misma unidad y periodo), no conducta; RETROSPECTIVO	ENIGH (ENTIDAD, unidad hogar)	media	(a)	NO	NO-APLICA	heterogeneidad económica	NO		RETROSPECTIVA
RG-2ba6ad4a98	RP-C3-103	TABLA-C3-1	forense/analisis/reports-v2/consumo-familia-2/hoja-reglas-propuestas.md:10	SI se evalúa marca alternativa, ENTONCES separar prueba, satisfacción y repetición; driver aprendizaje	Encuestas comerciales históricas / hipótesis baja	no declarado (consumidor implícito)	aprendizaje	CONSUMO	SI se evalúa marca alternativa	separar prueba, satisfacción y repetición; driver aprendizaje	aprendizaje	Encuestas comerciales históricas / hipótesis baja	no declarado (consumidor implícito)	NINGUNO (no aparece en milpa/catalogo-momentos ni tramite.yaml; PROPUESTA)	SIN-CIFRA-GEN2							NO-CONSTRUIBLE: prescripción de método comercial; sin instrumento público de prueba/repetición de marca; RETROSPECTIVO	NO-APLICA (panel comercial privado)	hipótesis razonable	(c)	SI	NO-APLICA	aprendizaje; no psicológico identificado	SI: segmento de diseño/servicio; evidencia nacional pero reglas redactadas desde analista urbano		RETROSPECTIVA
RG-8a16580c3c	RP-C3-104	TABLA-C3-1	forense/analisis/reports-v2/consumo-familia-2/hoja-reglas-propuestas.md:11	SI se propone crédito, garantía o señal social, ENTONCES medir beneficio neto, costo y fuente de la señal; driver incertidumbre	SIN-CIFRA de eficacia México / hipótesis	no declarado (consumidor implícito)	incertidumbre	CONSUMO	SI se propone crédito, garantía o señal social	medir beneficio neto, costo y fuente de la señal; driver incertidumbre	incertidumbre	SIN-CIFRA de eficacia México / hipótesis	no declarado (consumidor implícito)	NINGUNO (no aparece en milpa/catalogo-momentos ni tramite.yaml; PROPUESTA)	SIN-CIFRA-GEN2							NO-CONSTRUIBLE: eficacia de crédito/garantía/señal social no observable en el corpus; RETROSPECTIVO	ENIF (crédito); señal social NO-APLICA	hipótesis razonable	(c)	SI	NO-APLICA	incertidumbre	SI: segmento de diseño/servicio; evidencia nacional pero reglas redactadas desde analista urbano		RETROSPECTIVA
RG-fd230aa7ac	RP-C3-105	TABLA-C3-1	forense/analisis/reports-v2/consumo-familia-2/hoja-reglas-propuestas.md:12	SI la unidad es hogar ampliado o hijo del jefe, ENTONCES describir composición y parentesco; driver límite instrumental	Descriptivo ENADID / motivos no identificados	no declarado (consumidor implícito)	límite instrumental	FAMILIA	SI la unidad es hogar ampliado o hijo del jefe	describir composición y parentesco; driver límite instrumental	límite instrumental	Descriptivo ENADID / motivos no identificados	no declarado (consumidor implícito)	NINGUNO (no aparece en milpa/catalogo-momentos ni tramite.yaml; PROPUESTA)	SIN-CIFRA-GEN2							NO-CONSTRUIBLE: regla de descripción instrumental (composición/parentesco), no conducta; RETROSPECTIVO	ENADID / ENIGH (parentesco, tipo de hogar)	media	(a)	NO	NO-APLICA	límite instrumental	NO		RETROSPECTIVA
RG-9bd2b4587c	RP-C3-106	TABLA-C3-1	forense/analisis/reports-v2/consumo-familia-2/hoja-reglas-propuestas.md:13	SI se diseña apoyo al cuidado, ENTONCES medir receptor, cuidador, carga y red antes de asignar por género; driver heterogeneidad	Descriptivo con reservas ENASIC / eficacia no identificada	no declarado (consumidor implícito)	heterogeneidad	FAMILIA	SI se diseña apoyo al cuidado	medir receptor, cuidador, carga y red antes de asignar por género; driver heterogeneidad	heterogeneidad	Descriptivo con reservas ENASIC / eficacia no identificada	no declarado (consumidor implícito)	NINGUNO (no aparece en milpa/catalogo-momentos ni tramite.yaml; PROPUESTA)	SIN-CIFRA-GEN2							NO-CONSTRUIBLE: prescripción de diseño; ENASIC con reserva; carga del cuidador no emitida como RESULT; RETROSPECTIVO	ENASIC (horas de cuidado por sexo del cuidador)	media	(a)	NO	NO-APLICA	heterogeneidad estructural	NO		RETROSPECTIVA
RG-0fd87ab78b	RP-C3-107	TABLA-C3-1	forense/analisis/reports-v2/consumo-familia-2/hoja-reglas-propuestas.md:14	SI se propone participación familiar en atención psicológica, ENTONCES comprobar consentimiento, seguridad y barreras; driver apoyo ambivalente	Evidencia cualitativa situada / transporte acotado	no declarado (consumidor implícito)	apoyo ambivalente	FAMILIA	SI se propone participación familiar en atención psicológica	comprobar consentimiento, seguridad y barreras; driver apoyo ambivalente	apoyo ambivalente	Evidencia cualitativa situada / transporte acotado	no declarado (consumidor implícito)	NINGUNO (no aparece en milpa/catalogo-momentos ni tramite.yaml; PROPUESTA)	SIN-CIFRA-GEN2							NO-CONSTRUIBLE: consentimiento/barreras en atención psicológica no medidos en instrumentos nacionales del corpus; RETROSPECTIVO	NO-APLICA	hipótesis razonable	mixta (a)+(c)	NO	NO-APLICA	apoyo ambivalente	NO		RETROSPECTIVA
RG-43fba4bafe		REPORT-V1	corpus/reports/El_Mexicano_y_el_Tiempo__Estructura__no_Cultura__en_la_Planeación_y_el_Compromiso_Temporal.md:193	## 10. Reglas de decisión (formato SI-ENTONCES)				NO-APLICA	## 10. Reglas de decisión (formato SI-ENTONCES)	## 10. Reglas de decisión (formato SI-ENTONCES)				NO-ENCONTRADO en milpa/catalogo-momentos-v0_1.tsv ni milpa/tramite.yaml (grep por regla_id)	SIN-CIFRA-GEN2							NO-CONSTRUIBLE: fila de encabezado/tabla, no es una regla SI-ENTONCES · RETROSPECTIVA		narrativa popular	NO-APLICA	NO	NO-APLICA	NO-APLICA	NO		RETROSPECTIVA
RG-5175a7ffab		REPORT-V1	corpus/reports/El_Mexicano_y_el_Tiempo__Estructura__no_Cultura__en_la_Planeación_y_el_Compromiso_Temporal.md:197	- SI [cita laboral formal, con checador/bono/jefe presente o dinero de por medio] ENTONCES [llega puntual, 5-10 min antes] — PORQUE [sanción creíble] — **[MEDIA]** (sondeo profesionistas urbanos).	MEDIA			TRABAJO	- SI [cita laboral formal, con checador/bono/jefe presente o dinero de por medio] ENTONCES [llega puntual, 5-10 min ante	- SI [cita laboral formal, con checador/bono/jefe presente o dinero de por medio] ENTONCES [llega puntual, 5-10 min antes] — PORQUE [sanción creíble] — **[MEDIA]** (sondeo profesionistas urbanos).		MEDIA		NO-ENCONTRADO en milpa/catalogo-momentos-v0_1.tsv ni milpa/tramite.yaml (grep por regla_id)	SIN-CIFRA-GEN2							NO-CONSTRUIBLE: puntualidad observada no existe en catálogo; fuente es sondeo de profesionistas urbanos · RETROSPECTIVA	ENUT (horarios) no mide puntualidad; requiere registro de checador	hipótesis razonable	(a) sondeo no probabilístico	NO	NO-APLICA	incentivo (sanción creíble)	SI: sondeo de profesionistas urbanos		RETROSPECTIVA
RG-c8ba29e079		REPORT-V1	corpus/reports/El_Mexicano_y_el_Tiempo__Estructura__no_Cultura__en_la_Planeación_y_el_Compromiso_Temporal.md:198 | corpus/reports/El_Mexicano_y_el_Tiempo__Estructura__no_Cultura__en_la_Planeación_y_el_Compromiso_Temporal.md:204 | corpus/reports/El_Mexicano_y_el_Tiempo__Estructura__no_Cultura__en_la_Planeación_y_el_Compromiso_Temporal.md:208 | corpus/reports/El_Mexicano_y_el_Tiempo__Estructura__no_Cultura__en_la_Planeación_y_el_Compromiso_Temporal.md:209 | corpus/reports/El_Mexicano_y_el_Tiempo__Estructura__no_Cultura__en_la_Planeación_y_el_Compromiso_Temporal.md:214 | corpus/reports/El_Mexicano_y_el_Tiempo__Estructura__no_Cultura__en_la_Planeación_y_el_Compromiso_Temporal.md:215 | corpus/reports/El_Mexicano_y_el_Tiempo__Estructura__no_Cultura__en_la_Planeación_y_el_Compromiso_Temporal.md:219 | corpus/reports/El_Mexicano_y_el_Tiempo__Estructura__no_Cultura__en_la_Planeación_y_el_Compromiso_Temporal.md:220 | corpus/reports/Health__Body__Food_and_Substance_Use_in_Mexico__The_Behavioral_Layer_of_Decisions__Environment_and_Structure.md:231 | corpus/reports/Health__Body__Food_and_Substance_Use_in_Mexico__The_Behavioral_Layer_of_Decisions__Environment_and_Structure.md:232 | corpus/reports/Health__Body__Food_and_Substance_Use_in_Mexico__The_Behavioral_Layer_of_Decisions__Environment_and_Structure.md:238 | corpus/reports/Health__Body__Food_and_Substance_Use_in_Mexico__The_Behavioral_Layer_of_Decisions__Environment_and_Structure.md:239 | corpus/reports/Health__Body__Food_and_Substance_Use_in_Mexico__The_Behavioral_Layer_of_Decisions__Environment_and_Structure.md:245 | corpus/reports/Health__Body__Food_and_Substance_Use_in_Mexico__The_Behavioral_Layer_of_Decisions__Environment_and_Structure.md:246 | corpus/reports/Health__Body__Food_and_Substance_Use_in_Mexico__The_Behavioral_Layer_of_Decisions__Environment_and_Structure.md:252 | corpus/reports/Health__Body__Food_and_Substance_Use_in_Mexico__The_Behavioral_Layer_of_Decisions__Environment_and_Structure.md:253 | corpus/reports/Health__Body__Food_and_Substance_Use_in_Mexico__The_Behavioral_Layer_of_Decisions__Environment_and_Structure.md:259 | corpus/reports/Health__Body__Food_and_Substance_Use_in_Mexico__The_Behavioral_Layer_of_Decisions__Environment_and_Structure.md:260	"- SI [reunión social/familiar sin sanción] ENTONCES [llega con holgura de 15-60 min, ""ahorita voy""] — PORQUE [norma de flexibilidad relacional] — **[MEDIA/HIPÓTESIS]**."	MEDIA			CAPITAL_SOCIAL	"- SI [reunión social/familiar sin sanción] ENTONCES [llega con holgura de 15-60 min, ""ahorita voy""] — PORQUE [norma de f"	"- SI [reunión social/familiar sin sanción] ENTONCES [llega con holgura de 15-60 min, ""ahorita voy""] — PORQUE [norma de flexibilidad relacional] — **[MEDIA/HIPÓTESIS]**."		MEDIA		NO-ENCONTRADO en milpa/catalogo-momentos-v0_1.tsv ni milpa/tramite.yaml (grep por regla_id)	SIN-CIFRA-GEN2							NO-CONSTRUIBLE: llegada tardía a reuniones no medida · RETROSPECTIVA	ninguno en corpus	narrativa popular	(c)	SI	NO-APLICA	norma relacional vs incentivo nulo	SI: evidencia anecdótica urbana		RETROSPECTIVA
RG-3b63acddbb		REPORT-V1	corpus/reports/El_Mexicano_y_el_Tiempo__Estructura__no_Cultura__en_la_Planeación_y_el_Compromiso_Temporal.md:203	"- SI [invitación social y decir ""no"" sería descortés] ENTONCES [dice ""sí voy"" aunque la asistencia sea incierta] — PORQUE [simpatía/quedar bien] — **[HIPÓTESIS RAZONABLE]** (no confundir con mentira)."	HIPÓTESIS RAZONABLE			CAPITAL_SOCIAL	"- SI [invitación social y decir ""no"" sería descortés] ENTONCES [dice ""sí voy"" aunque la asistencia sea incierta] — PORQU"	"- SI [invitación social y decir ""no"" sería descortés] ENTONCES [dice ""sí voy"" aunque la asistencia sea incierta] — PORQUE [simpatía/quedar bien] — **[HIPÓTESIS RAZONABLE]** (no confundir con mentira)."		HIPÓTESIS RAZONABLE		NO-ENCONTRADO en milpa/catalogo-momentos-v0_1.tsv ni milpa/tramite.yaml (grep por regla_id)	SIN-CIFRA-GEN2							NO-CONSTRUIBLE: aceptación verbal vs asistencia no observada; driver «simpatía» es marco (b)/(c) · RETROSPECTIVA	ninguno en corpus	narrativa popular	(b)+(c)	SI	NO-APLICA	script cultural (simpatía) no aislado de cortesía genérica	SI		RETROSPECTIVA
RG-1bd7c23d10		REPORT-V1	corpus/reports/El_Mexicano_y_el_Tiempo__Estructura__no_Cultura__en_la_Planeación_y_el_Compromiso_Temporal.md:223	- SI [alta percepción de inseguridad / zona de violencia] ENTONCES [evita salir de noche, cambia hábitos, prioriza corto plazo] — PORQUE [cálculo racional de costo-beneficio, hipervigilancia adaptativa] — **[HIPÓTESIS RAZONABLE]** (no dato duro; el corpus enmarca el cambio como adaptación racional, no como contracción medida del horizonte temporal).	HIPÓTESIS RAZONABLE			VIOLENCIA	- SI [alta percepción de inseguridad / zona de violencia] ENTONCES [evita salir de noche, cambia hábitos, prioriza corto	- SI [alta percepción de inseguridad / zona de violencia] ENTONCES [evita salir de noche, cambia hábitos, prioriza corto plazo] — PORQUE [cálculo racional de costo-beneficio, hipervigilancia adaptativa] — **[HIPÓTESIS RAZONABLE]** (no dato duro; el corpus enmarca el cambio como adaptación racional, no como contracción medida del horizonte temporal).		HIPÓTESIS RAZONABLE		NO-ENCONTRADO en milpa/catalogo-momentos-v0_1.tsv ni milpa/tramite.yaml (grep por regla_id)	MATIZA-SIN-CRUCE	RESULT-ENSU-SERIE-C10-HABITO-CAMINAR-NOCHE-2025T4-TOTAL-TODOS-P	CALC-ENSU-SERIE-0001	0.35755628002204765	0.34920946405800096	0.36647214104121256	proporcion (persona 18+ urbana)	marginal ENSU 2025T4: 35.8% [34.9,36.6] de adultos urbanos dejó de caminar de noche; sin cruce por percepción de inseguridad en catálogo; «prioriza corto plazo» e hipervigilancia no medidos · RETROSPECTIVA	ENSU/ENVIPE cambio de hábitos × percepción de inseguridad	media	(a)	NO	NO-APLICA	adaptación racional a riesgo	SI: ENSU solo urbana		RETROSPECTIVA
RG-a35e65e1e6		REPORT-V1	corpus/reports/Non-Family_Social_Capital_in_Mexico__Cooperation__Trust__and_Collective_Action_Beyond_Kinship.md:77	**Reglas de decisión (SI [contexto/segmento] ENTONCES [conducta esperada] PORQUE [driver]):**				NO-APLICA	[contexto/segmento]	[conducta esperada]	[driver]):**			NINGUNO (grep milpa/)	SIN-CIFRA-GEN2							NO-CONSTRUIBLE: encabezado de sección, no es regla SI-ENTONCES. RETROSPECTIVO		narrativa popular	NO-APLICA	NO	NO-APLICA	no aplica	NO		RETROSPECTIVA
RG-cc7bc4ae1a		REPORT-V1	corpus/reports/Non-Family_Social_Capital_in_Mexico__Cooperation__Trust__and_Collective_Action_Beyond_Kinship.md:79	1. **Contribuir a cuota/mantenimiento común:** SI hay comité con liderazgo confiable + monitoreo + sanción visible ENTONCES contribuye; SI no hay monitoreo ni sanción ENTONCES free-riding racional. *Driver: adaptación racional + institución.* **Umbral que cambia la conducta:** existencia de un mecanismo de sanción creíble y de un líder percibido como honesto.				CAPITAL_SOCIAL	hay comité con liderazgo confiable + monitoreo + sanción visible	contribuye; SI no hay monitoreo ni sanción ENTONCES free-riding racional. *Driver: adaptación racional + institución.* **Umbral que cambia la conducta:** existencia de un mecanismo de sanción creíble y de un líder percibido como honesto.				NINGUNO (grep milpa/)	MATIZA-SIN-CRUCE	RESULT-LAPOP-PISOS-CS-ASISTE-COMITE-MEJORAS-2019-TOTAL-TODOS-P	CALC-LAPOP-PISOS-CAPITAL-SOCIAL-0001	0.13584183673469388	0.11712662067456839	0.15582866518564867	persona	SI condicional (monitoreo+sanción) contra solo marginal de asistencia a comités (13.6% [11.7,15.6]); contribución monetaria no medida; free-riding no identificado. RETROSPECTIVO	ENIGH (cuotas de mantenimiento, gasto hogar) + LAPOP CP8	hipótesis razonable	(a)+(c)	NO	NO-APLICA	incentivo/institución (bien público)	SI: comités de condominio sobre-representan urbano formal		RETROSPECTIVA
RG-34a21bc6a2		REPORT-V1	corpus/reports/Non-Family_Social_Capital_in_Mexico__Cooperation__Trust__and_Collective_Action_Beyond_Kinship.md:81	2. **Entrar a una tanda:** SI conoce personalmente a la organizadora/miembros ENTONCES entra; SI es tanda de desconocidos (reclutada por redes sociales) ENTONCES alto riesgo de fraude, evita. *Driver: confianza personalizada como sustituto de enforcement legal.*				DINERO	conoce personalmente a la organizadora/miembros	entra; SI es tanda de desconocidos (reclutada por redes sociales) ENTONCES alto riesgo de fraude, evita. *Driver: confianza personalizada como sustituto de enforcement legal.*				NINGUNO (grep milpa/)	SIN-CIFRA-GEN2							Catálogo sin RESULT de tandas por tipo de organizador; ENIF pregunta ahorro informal (tandas) pero no conocimiento del organizador. RETROSPECTIVO	ENIF (ahorro informal: tanda) + reactivo de fraude	hipótesis razonable	(a)+(c)	NO	NO-APLICA	sustituto racional de enforcement	NO		RETROSPECTIVA
RG-b91375cbd5		REPORT-V1	corpus/reports/Non-Family_Social_Capital_in_Mexico__Cooperation__Trust__and_Collective_Action_Beyond_Kinship.md:83	3. **Sumarse a chat/organización vecinal:** SI clase media/alta con amenaza de inseguridad ENTONCES se suma (coordinación defensiva, a veces punitiva); SI barrio popular en crisis (sismo, pandemia) ENTONCES se suma (ayuda mutua). *Driver: estructura (inseguridad/impunidad) + adaptación.*				CAPITAL_SOCIAL	clase media/alta con amenaza de inseguridad	se suma (coordinación defensiva, a veces punitiva); SI barrio popular en crisis (sismo, pandemia) ENTONCES se suma (ayuda mutua). *Driver: estructura (inseguridad/impunidad) + adaptación.*				NINGUNO (grep milpa/)	SIN-CIFRA-GEN2							Sin RESULT de participación en chats/organización vecinal por clase ni por crisis. RETROSPECTIVO	ENVIPE (organización con vecinos por inseguridad) × estrato	hipótesis razonable	(a)+(c)	NO	NO-APLICA	estructura (inseguridad) + adaptación	SI: segmenta por clase; verificar		RETROSPECTIVA
RG-a215c82838		REPORT-V1	corpus/reports/Non-Family_Social_Capital_in_Mexico__Cooperation__Trust__and_Collective_Action_Beyond_Kinship.md:85	4. **Confiar en un desconocido recomendado:** SI hay un puente personal (conocido en común, correligionario, paisano) ENTONCES confía; SI no hay puente ENTONCES desconfía por defecto. *Driver: personalización de la confianza; la desconfianza es cálculo, no rasgo moral.*				CONFIANZA	hay un puente personal (conocido en común, correligionario, paisano)	confía; SI no hay puente ENTONCES desconfía por defecto. *Driver: personalización de la confianza; la desconfianza es cálculo, no rasgo moral.*				NINGUNO (grep milpa/)	MATIZA-SIN-CRUCE	RESULT-WVS-PISOS-2018-CONFIA-DESCONOCIDOS-2018-TOTAL-TODOS-P	CALC-WVS-PISOS-2018-0001	0.13110532911685885	0.11266704714307325	0.1488718461727753	persona	Marginal WVS 2018: confía en desconocidos 13.1% [11.3,14.9] vs conocidos 43.0% [40.4,45.4] (RESULT-WVS-PISOS-2018-CONFIA-CONOCIDOS-2018-TOTAL-TODOS-P): consistente con personalización, pero sin cruce por puente personal; cálculo vs rasgo no identificado. RETROSPECTIVO	WVS Q57-Q63	media	(a)+(c)	NO	NO-APLICA	cálculo racional (hipótesis)	NO		RETROSPECTIVA
RG-3920de961d		REPORT-V1	corpus/reports/Non-Family_Social_Capital_in_Mexico__Cooperation__Trust__and_Collective_Action_Beyond_Kinship.md:87	5. **Participar en faena/voluntariado:** SI comunidad rural/indígena con obligación normada y sanción (multa/exclusión/requisito para cargo) ENTONCES participa (coerción normativa); SI urbano sin sanción ENTONCES participación voluntaria baja. *Driver: sanción social horizontal / estructura institucional.*				CAPITAL_SOCIAL	comunidad rural/indígena con obligación normada y sanción (multa/exclusión/requisito para cargo)	participa (coerción normativa); SI urbano sin sanción ENTONCES participación voluntaria baja. *Driver: sanción social horizontal / estructura institucional.*				NINGUNO (grep milpa/)	SIN-CIFRA-GEN2							Sin RESULT de faena/tequio por rural-indígena ni sanción; LAPOP comité no equivale a faena. RETROSPECTIVO	LAPOP CP8 × tamaño de localidad; registros comunitarios	hipótesis razonable	(a)+(c)	NO	NO-APLICA	coerción normativa/institución	NO		RETROSPECTIVA
RG-7c6dd83a03		REPORT-V1	corpus/reports/Psicología_Política_y_Comportamiento_Cívico_del_Mexicano_Contemporáneo__Una_Lectura_Anti-Esencialista_desde_Abajo__2026_.md:255	- **SI** elección presidencial con provisión percibida y baja competitividad **ENTONCES** participación ~60% con voto oficialista transversal — PORQUE provisión + identidad — **[MEDIA-FUERTE]**.	MEDIA			POLITICA	elección presidencial con provisión percibida y baja competitividad	participación ~60% con voto oficialista transversal	provisión + identidad — **[MEDIA-FUERTE]**.	MEDIA		NINGUNO (grep milpa/)	SIN-CIFRA-GEN2							Participación ~60% sale de cómputos INE (unidad lista nominal/acta), no de RESULT GEN2 del catálogo; provisión+identidad no identificado. RETROSPECTIVO	INE cómputos distritales 2018/2024	media	(a)	NO	NO-APLICA	identidad + provisión (no identificado)	NO		RETROSPECTIVA
RG-b723d6e18b		REPORT-V1	corpus/reports/Psicología_Política_y_Comportamiento_Cívico_del_Mexicano_Contemporáneo__Una_Lectura_Anti-Esencialista_desde_Abajo__2026_.md:256	- **SI** elección técnica/judicial con boletas complejas y resultado percibido como decidido **ENTONCES** abstención >85% — PORQUE cálculo costo-beneficio — **[FUERTE]**.	FUERTE			POLITICA	elección técnica/judicial con boletas complejas y resultado percibido como decidido	abstención >85%	cálculo costo-beneficio — **[FUERTE]**.	FUERTE		NINGUNO (grep milpa/)	SIN-CIFRA-GEN2							Abstención judicial 2025 (~87%) es cómputo INE, no RESULT del catálogo; cálculo costo-beneficio no identificado. RETROSPECTIVO	INE cómputo elección judicial 2025	media	(a)	NO	NO-APLICA	cálculo racional (hipótesis)	NO		RETROSPECTIVA
RG-67c84a2224		REPORT-V1	corpus/reports/Psicología_Política_y_Comportamiento_Cívico_del_Mexicano_Contemporáneo__Una_Lectura_Anti-Esencialista_desde_Abajo__2026_.md:262	- **SI** transferencia directa universal no condicionada **ENTONCES** el ciudadano la vive como derecho/gratitud al líder pero conserva autonomía de voto — PORQUE no hay monitoreo ni broker — **[HIPÓTESIS RAZONABLE]**.	HIPÓTESIS RAZONABLE			POLITICA	transferencia directa universal no condicionada	el ciudadano la vive como derecho/gratitud al líder pero conserva autonomía de voto	no hay monitoreo ni broker — **[HIPÓTESIS RAZONABLE]**.	HIPÓTESIS RAZONABLE		NINGUNO (grep milpa/)	SIN-CIFRA-GEN2							NO-CONSTRUIBLE en catálogo: autonomía de voto y vivencia como derecho no medidas. RETROSPECTIVO	ENCUCI / encuesta de coacción de voto	hipótesis razonable	(a)+(c)	NO	NO-APLICA	incentivo (ausencia de monitoreo)	NO		RETROSPECTIVA
RG-97bd27956f		REPORT-V1	corpus/reports/Psicología_Política_y_Comportamiento_Cívico_del_Mexicano_Contemporáneo__Una_Lectura_Anti-Esencialista_desde_Abajo__2026_.md:268	- **SI** trámite presencial con funcionario discrecional y sin registro **ENTONCES** alta probabilidad de mordida — PORQUE trampa social — **[FUERTE]**.	FUERTE			CONFIANZA	trámite presencial con funcionario discrecional y sin registro	alta probabilidad de mordida	trampa social — **[FUERTE]**.	FUERTE		milpa/tramite.yaml: tramite.mordida.*	MATIZA	RESULT-ENCIG-MOR-B-P-PRE-SD	CALC-ENCIG-0001	0.1410407168724654	0.11638480925058145	0.1684784902533147	evento de trámite	ENCIG 2025, unidad evento de trámite: mordida presencial 14.1% [11.6,16.8] vs digital 3.0% [2.1,4.0] (RESULT-ENCIG-MOR-B-P-DIG-SD); dirección presencial>digital se sostiene, «alta probabilidad» no (≈1 de 7); discrecionalidad/registro no cruzados; trampa social no identificada. ENCUCI 2020 RESULT-ENCUCI-A-P-CUALQUIERA 12.6% es unidad persona, no se mezcla. RETROSPECTIVO	ENCIG sec 8 × tipo de trámite	media	(a)	NO	NO-APLICA	incentivo (discrecionalidad) más que cultura	NO		RETROSPECTIVA
RG-55c7a10915		REPORT-V1	corpus/reports/Psicología_Política_y_Comportamiento_Cívico_del_Mexicano_Contemporáneo__Una_Lectura_Anti-Esencialista_desde_Abajo__2026_.md:274	- **SI** delito sin cobertura de seguro y con agresor identificable **ENTONCES** no denuncia — PORQUE miedo + inutilidad percibida — **[FUERTE]**.	FUERTE			POLITICA	delito sin cobertura de seguro y con agresor identificable	no denuncia	miedo + inutilidad percibida — **[FUERTE]**.	FUERTE		milpa/tramite.yaml: civico.denuncia.con_seguro/sin_seguro	MATIZA	RESULT-PISOS-ENVIPE2024-V2-DENUNCIA-COBERTURA-SEGURO-NO-ASEGURADO-P	CALC-PISOS-ENVIPE2024-EJES-0002	0.6335238483178248	0.5849432161458518	0.6817866400934546	delito (robo total de vehículo; catálogo rotula persona)	Proporción que DENUNCIA en robo total de vehículo (unidad delito, BPCOD=01): no asegurado 63.4% [58.5,68.2] vs asegurado 77.4% [71.1,83.3] (RESULT-PISOS-ENVIPE2024-V2-DENUNCIA-COBERTURA-SEGURO-ASEGURADO-P): seguro sube denuncia (dirección sí) pero sin seguro la mayoría denuncia en este delito; agresor identificable no cruzado; acotado a robo de vehículo; miedo/inutilidad no identificados. RETROSPECTIVO	ENVIPE (razones de no denuncia × tipo de delito)	media	(a)	NO	NO-APLICA	incentivo (seguro exige denuncia)	NO		RETROSPECTIVA
RG-145b91d071		REPORT-V1	corpus/reports/Psicología_Política_y_Comportamiento_Cívico_del_Mexicano_Contemporáneo__Una_Lectura_Anti-Esencialista_desde_Abajo__2026_.md:280	- **SI** comunidad con ausencia de policía confiable + impunidad + red comunitaria fuerte **ENTONCES** emergencia de autodefensa o justicia comunitaria — PORQUE vacío de Estado + destructor selectivo — **[MEDIA-FUERTE]**.	MEDIA			VIOLENCIA	comunidad con ausencia de policía confiable + impunidad + red comunitaria fuerte	emergencia de autodefensa o justicia comunitaria	vacío de Estado + destructor selectivo — **[MEDIA-FUERTE]**.	MEDIA		NINGUNO (grep milpa/)	SIN-CIFRA-GEN2							Sin RESULT de autodefensa/justicia comunitaria; unidad comunidad. RETROSPECTIVO	registro de grupos de autodefensa (CNDH) + ENVIPE confianza policía por municipio	hipótesis razonable	(a)+(c)	NO	NO-APLICA	estructura (vacío de Estado)	NO		RETROSPECTIVA
RG-21c3d453f6		REPORT-V1	corpus/reports/Psicología_Política_y_Comportamiento_Cívico_del_Mexicano_Contemporáneo__Una_Lectura_Anti-Esencialista_desde_Abajo__2026_.md:286	"- **SI** norma percibida como inútil o extractiva y baja probabilidad de sanción **ENTONCES** evasión (""hacerse guaje"") — PORQUE cálculo ante institución de baja calidad — **[MEDIA]**."	MEDIA			CONFIANZA	norma percibida como inútil o extractiva y baja probabilidad de sanción	"evasión (""hacerse guaje"")"	cálculo ante institución de baja calidad — **[MEDIA]**.	MEDIA		NINGUNO (grep milpa/)	SIN-CIFRA-GEN2							Sin RESULT de evasión de norma × percepción de sanción. RETROSPECTIVO	ENCUCI (cumplimiento de normas) / ENCIG	hipótesis razonable	(a)+(c)	NO	NO-APLICA	cálculo ante institución débil	NO		RETROSPECTIVA
RG-b3349eadb3		REPORT-V1	corpus/reports/Report_26__The_Contemporary_Mexican_and_Knowledge__Expertise__Education_and_Information_as_Decision_Behavior.md:195	- *Regla:* **SI el riesgo percibido es alto Y hay un médico accesible/de confianza ENTONCES defiere al experto; SI el malestar es leve o el acceso es caro/lento ENTONCES se automedica o va a la farmacia — PORQUE domina el cálculo de costo/acceso — `[FUERTE]`**.	FUERTE			SALUD	- *Regla:* **SI el riesgo percibido es alto Y hay un médico accesible/de confianza ENTONCES defiere al experto; SI el ma	- *Regla:* **SI el riesgo percibido es alto Y hay un médico accesible/de confianza ENTONCES defiere al experto; SI el malestar es leve o el acceso es caro/lento ENTONCES se automedica o va a la farmacia — PORQUE domina el cálculo de costo/acceso — `[FUERTE]`**.		FUERTE		NO-ENCONTRADO en milpa/catalogo-momentos-v0_1.tsv ni milpa/tramite.yaml (grep por regla_id)	SIN-CIFRA-GEN2							NO-CONSTRUIBLE: automedicación × acceso/riesgo no está en catálogo GEN2 · RETROSPECTIVA	ENSANUT (utilización de servicios, lugar de atención, farmacia)	media	(a)	NO	NO-APLICA	incentivo de costo/acceso	NO		RETROSPECTIVA
RG-cc1c9ab8f1		REPORT-V1	corpus/reports/Report_26__The_Contemporary_Mexican_and_Knowledge__Expertise__Education_and_Information_as_Decision_Behavior.md:202	- *Regla:* **SI el hogar es clase media urbana con miedo a caer ENTONCES elige privada aunque duela el bolsillo — PORQUE la escuela privada opera como seguro anticaída y credencial — `[MEDIA]`**.	MEDIA			CONSUMO	- *Regla:* **SI el hogar es clase media urbana con miedo a caer ENTONCES elige privada aunque duela el bolsillo — PORQUE	- *Regla:* **SI el hogar es clase media urbana con miedo a caer ENTONCES elige privada aunque duela el bolsillo — PORQUE la escuela privada opera como seguro anticaída y credencial — `[MEDIA]`**.		MEDIA		NO-ENCONTRADO en milpa/catalogo-momentos-v0_1.tsv ni milpa/tramite.yaml (grep por regla_id)	SIN-CIFRA-GEN2							NO-CONSTRUIBLE: motivo «seguro anticaída» no observable; matrícula privada por NSE no está como RESULT · RETROSPECTIVA	ENIGH gasto en colegiaturas por decil	hipótesis razonable	(a)+(c)	NO	NO-APLICA	incentivo/estatus	SI: regla centrada en clase media urbana		RETROSPECTIVA
RG-6f79d79dc1		REPORT-V1	corpus/reports/Report_26__The_Contemporary_Mexican_and_Knowledge__Expertise__Education_and_Information_as_Decision_Behavior.md:209	- *Regla:* **SI la vacuna está disponible y la campaña llega ENTONCES la mayoría vacuna — PORQUE el default es aceptación y el problema es logístico — `[FUERTE]`**.	FUERTE			SALUD	- *Regla:* **SI la vacuna está disponible y la campaña llega ENTONCES la mayoría vacuna — PORQUE el default es aceptació	- *Regla:* **SI la vacuna está disponible y la campaña llega ENTONCES la mayoría vacuna — PORQUE el default es aceptación y el problema es logístico — `[FUERTE]`**.		FUERTE		NO-ENCONTRADO en milpa/catalogo-momentos-v0_1.tsv ni milpa/tramite.yaml (grep por regla_id)	MATIZA	RESULT-ENSANUT-A-P-LOGISTICA	CALC-ENSANUT-0001	0.7777616409222661			VER-SPEC	entre no vacunados, 77.8% da razón logística (sin IC en catálogo): sostiene que el obstáculo es mayormente logístico, pero el catálogo no trae tasa de vacunación con disponibilidad; «la mayoría vacuna» no queda medida · RETROSPECTIVA	ENSANUT 2024 cobertura por disponibilidad	media	(a)	NO	NO-APLICA	logística/oferta	NO		RETROSPECTIVA
RG-41d71be87f		REPORT-V1	corpus/reports/Report_26__The_Contemporary_Mexican_and_Knowledge__Expertise__Education_and_Information_as_Decision_Behavior.md:212	"- *Regla:* **SI el experto es accesible, cercano y asequible ENTONCES defiere; SI es caro, lejano o ya falló antes ENTONCES prevalece ""yo sé por experiencia"" y el consejo del allegado — PORQUE es adaptación racional, no anti-ciencia — `[FUERTE]`**."	FUERTE			SALUD	- *Regla:* **SI el experto es accesible, cercano y asequible ENTONCES defiere; SI es caro, lejano o ya falló antes ENTON	"- *Regla:* **SI el experto es accesible, cercano y asequible ENTONCES defiere; SI es caro, lejano o ya falló antes ENTONCES prevalece ""yo sé por experiencia"" y el consejo del allegado — PORQUE es adaptación racional, no anti-ciencia — `[FUERTE]`**."		FUERTE		NO-ENCONTRADO en milpa/catalogo-momentos-v0_1.tsv ni milpa/tramite.yaml (grep por regla_id)	SIN-CIFRA-GEN2							NO-CONSTRUIBLE: deferencia al experto por accesibilidad no medida · RETROSPECTIVA	ENSANUT (lugar de atención × distancia/costo)	hipótesis razonable	(a)+(c)	NO	NO-APLICA	adaptación racional	NO		RETROSPECTIVA
RG-efb825d504		REPORT-V1	corpus/reports/Report_26__The_Contemporary_Mexican_and_Knowledge__Expertise__Education_and_Information_as_Decision_Behavior.md:215	- *Regla:* **SI la familia es clase media con acceso a crédito/recursos ENTONCES invierte en título (retorno + estatus + seguro); SI el hogar es popular/informal con restricción de liquidez ENTONCES invierte en oficio/competencia informal — PORQUE ambos son cálculos racionales ante estructuras distintas — `[MEDIA]`**.	MEDIA			MOVILIDAD	- *Regla:* **SI la familia es clase media con acceso a crédito/recursos ENTONCES invierte en título (retorno + estatus +	- *Regla:* **SI la familia es clase media con acceso a crédito/recursos ENTONCES invierte en título (retorno + estatus + seguro); SI el hogar es popular/informal con restricción de liquidez ENTONCES invierte en oficio/competencia informal — PORQUE ambos son cálculos racionales ante estructuras distintas — `[MEDIA]`**.		MEDIA		NO-ENCONTRADO en milpa/catalogo-momentos-v0_1.tsv ni milpa/tramite.yaml (grep por regla_id)	SIN-CIFRA-GEN2							NO-CONSTRUIBLE: elección título vs oficio por liquidez no está como cruce; motivación no observable · RETROSPECTIVA	ENIGH/ENOE escolaridad de hijos × decil; ESRU-EMOVI	hipótesis razonable	(a)+(c)	NO	NO-APLICA	cálculo racional ante restricción	SI: dicotomía clase media/popular		RETROSPECTIVA
RG-e1e839463e		REPORT-V1	corpus/reports/Report_26__The_Contemporary_Mexican_and_Knowledge__Expertise__Education_and_Information_as_Decision_Behavior.md:218	- *Regla:* **SI la reenvía un allegado de confianza ENTONCES sube la credibilidad inicial, PERO si el tema es de alto riesgo una fracción verifica en otro medio — PORQUE la confianza radial fija el prior y la duda dispara la verificación — `[MEDIA]`**.	MEDIA			TECNOLOGIA	- *Regla:* **SI la reenvía un allegado de confianza ENTONCES sube la credibilidad inicial, PERO si el tema es de alto ri	- *Regla:* **SI la reenvía un allegado de confianza ENTONCES sube la credibilidad inicial, PERO si el tema es de alto riesgo una fracción verifica en otro medio — PORQUE la confianza radial fija el prior y la duda dispara la verificación — `[MEDIA]`**.		MEDIA		NO-ENCONTRADO en milpa/catalogo-momentos-v0_1.tsv ni milpa/tramite.yaml (grep por regla_id)	SIN-CIFRA-GEN2							NO-CONSTRUIBLE: credibilidad por fuente y verificación no medidas en catálogo · RETROSPECTIVA	ENDUTIH/encuesta de desinformación con reactivo de verificación	hipótesis razonable	(c)	SI	NO-APLICA	confianza radial (marco importado)	NO		RETROSPECTIVA
RG-1f65dd0fea		REPORT-V2	corpus/reports-v2/Adopción_y_Resistencia_Tecnológica_en_México__La_Paradoja_de_la_Baja_Confianza_Institucional.md:104	## Reglas SI-ENTONCES propuestas				NO-APLICA	-	propuestas				NINGUNO (grep milpa/)	SIN-CIFRA-GEN2							NO-CONSTRUIBLE: encabezado de sección, no es regla SI-ENTONCES. RETROSPECTIVO		narrativa popular	NO-APLICA	NO	NO-APLICA	no aplica	NO		RETROSPECTIVA
RG-db45767348		REPORT-V2	corpus/reports-v2/Autoridad_y_jerarquía_en_el_México_contemporáneo__anatomía_psicológica_de_un_sistema_dual.md:78 | corpus/reports-v2/Humor_in_Mexican_Psychological_Life__2023-2026_Update.md:60 | corpus/reports-v2/La_arquitectura_invisible_de_la_interacción_social_en_México.md:68 | corpus/reports-v2/Moral_Emotions_in_Mexico__Declared_Dignity__Relational_Face__and_Residual_Catholic_Guilt.md:67 | corpus/reports-v2/Psicología_de_la_Juventud_Mexicana_Contemporánea__Gen_Z_y_Millennials_Jóvenes_como_Cohorte_Divergente.md:107 | corpus/reports-v2/Sanción_Social_Horizontal_en_México__Chisme__Envidia_y_Mal_de_Ojo_como_Mecanismos_de_Nivelación.md:75	## Síntesis y reglas SI–ENTONCES propuestas				NO-APLICA	–	propuestas				NINGUNO (grep milpa/)	SIN-CIFRA-GEN2							NO-CONSTRUIBLE: encabezado de sección, no es regla SI-ENTONCES. RETROSPECTIVO		narrativa popular	NO-APLICA	NO	NO-APLICA	no aplica	NO		RETROSPECTIVA
RG-d2ad7254ee		REPORT-V2	corpus/reports-v2/El_Clasemediero_Mexicano__Identidad__Ansiedad_de_Estatus_y_el_Miedo_Racional_a_Caer.md:95 | corpus/reports-v2/Elegir__Cortejar_y_Amar_en_el_México_de_Hoy__Díada_de_Pareja__Apps_de_Citas_y_Cambio_en_los_Guiones_de_Género.md:114 | corpus/reports-v2/Reconfiguración_de_los_Guiones_de_Género_en_México__Masculinidades__Feminidades_y_Violencia_a_través_de_Clase__Generación_y_Región.md:80	## Reglas SI–ENTONCES — PROPUESTO-POR-EJECUTOR				NO-APLICA	## Reglas SI–ENTONCES — PROPUESTO-POR-EJECUTOR	## Reglas SI–ENTONCES — PROPUESTO-POR-EJECUTOR				NO-ENCONTRADO en milpa/catalogo-momentos-v0_1.tsv ni milpa/tramite.yaml (grep por regla_id)	SIN-CIFRA-GEN2							NO-CONSTRUIBLE: fila de encabezado/tabla, no es una regla SI-ENTONCES · RETROSPECTIVA		narrativa popular	NO-APLICA	NO	NO-APLICA	NO-APLICA	NO		RETROSPECTIVA
RG-3c8e3af80d		REPORT-V2	corpus/reports-v2/El_Efecto_Ambiental_de_la_Violencia_Crónica_en_México__Cómo_el_Miedo_Reorganiza_la_Conducta_Psicológica_de_la_Población.md:101	| Regla SI–ENTONCES y consumidor posible | Aplicabilidad y fundamento | Falsador y límite |	no declarado			SEGURIDAD				no declarado	NO-DECLARADO	NINGUNO (no hallado en catalogo-momentos ni tramite.yaml)	SIN-CIFRA-GEN2							NO-CONSTRUIBLE: fila de encabezado de tabla, no es regla	NO-APLICA	narrativa popular	(c)	SI	NO-APLICA	NO-APLICA	NO		RETROSPECTIVA
RG-1905f182c8		REPORT-V2	corpus/reports-v2/El_Mexicano_y_el_Tiempo__Estructura__no_Cultura__en_la_Planeación_y_el_Compromiso_Temporal.md:55	## Reglas SI–ENTONCES propuestas, sin adopción en motor				NO-APLICA	## Reglas SI–ENTONCES propuestas, sin adopción en motor	## Reglas SI–ENTONCES propuestas, sin adopción en motor				NO-ENCONTRADO en milpa/catalogo-momentos-v0_1.tsv ni milpa/tramite.yaml (grep por regla_id)	SIN-CIFRA-GEN2							NO-CONSTRUIBLE: fila de encabezado/tabla, no es una regla SI-ENTONCES · RETROSPECTIVA		narrativa popular	NO-APLICA	NO	NO-APLICA	NO-APLICA	NO		RETROSPECTIVA
RG-9318b213d4		REPORT-V2	corpus/reports-v2/El_México_Rural_e_Indígena_en_sus_Propios_Términos__Comunalidad__Autoridad_y_Reciprocidad_como_Sistemas_con_Lógica_Propia.md:80 | corpus/reports-v2/Psicología_Política_y_Comportamiento_Cívico_del_Mexicano_Contemporáneo__Una_Lectura_Anti-Esencialista_desde_Abajo__2026_.md:69	## Reglas SI–ENTONCES propuestas, sin adopción				NO-APLICA	–	propuestas, sin adopción				NINGUNO (grep milpa/)	SIN-CIFRA-GEN2							NO-CONSTRUIBLE: encabezado de sección, no es regla SI-ENTONCES. RETROSPECTIVO		narrativa popular	NO-APLICA	NO	NO-APLICA	no aplica	NO		RETROSPECTIVA
RG-19938aaa16		REPORT-V2	corpus/reports-v2/Genetica_y_Conducta_del_Mexicano_Contemporaneo__Canal_Individual_vs__Estructura.md:84	1. **SI** un consumidor de salud o política pide asignar conducta por ascendencia, **ENTONCES** bloquear esa variable como parámetro conductual y devolver «estimando no autorizado». *Tier:* regla de firewall, no resultado empírico. *Consumidor:* diseño de modelo y revisión editorial. *Falsador del hecho empírico asociado:* ninguno convierte automáticamente una asociación en permiso; cambiar la regla requiere decisión de mesa.	en texto de la fuente			GENETICA	un consumidor de salud o política pide asignar conducta por ascendencia	bloquear esa variable como parámetro conductual y devolver «estimando no autorizado»	no declarado	en texto de la fuente		diseño de modelo y revisión editorial	SIN-CIFRA-GEN2							NO-CONSTRUIBLE: regla de firewall (prohibición), no resultado empírico · RETROSPECTIVO	ninguno (norma §3)	fuerte	(c)	SI	RESPETA	norma de proceso	NO		RETROSPECTIVA
RG-7e6aecc22e		REPORT-V2	corpus/reports-v2/Genetica_y_Conducta_del_Mexicano_Contemporaneo__Canal_Individual_vs__Estructura.md:85	2. **SI** una propuesta clínica usa CYP2A6 o NMR, **ENTONCES** exigir ensayo o validación prospectiva en pacientes del contexto de uso que reporte abstinencia, daños, calibración y beneficio frente a atención estándar. *Tier:* hipótesis de utilidad clínica. *Consumidor:* cartera de investigación clínica. *Falsador:* beneficio neto nulo o negativo en validación local.	en texto de la fuente			GENETICA	una propuesta clínica usa CYP2A6 o NMR	exigir ensayo o validación prospectiva en pacientes del contexto de uso que reporte abstinencia, daños, calibración y beneficio frente a atención estándar	no declarado	en texto de la fuente		cartera de investigación clínica	SIN-CIFRA-GEN2							NO-CONSTRUIBLE: utilidad clínica CYP2A6/NMR exige ensayo prospectivo; canal individual molecular de efecto pequeño · RETROSPECTIVO	ensayo clínico; ENCODAT solo prevalencia de tabaquismo, sin genotipo	hipótesis razonable	mixta (a)+(c)	NO	RESPETA	canal individual molecular, no segmentación	NO		RETROSPECTIVA
RG-909b92c671		REPORT-V2	corpus/reports-v2/Genetica_y_Conducta_del_Mexicano_Contemporaneo__Canal_Individual_vs__Estructura.md:86	3. **SI** se reporta un PRS conductual, **ENTONCES** acompañar R² incremental, intervalo, desenlace, cohorte de entrenamiento y validación, sesgo de selección y calibración por contexto, sin convertirlo en clasificación personal. *Tier:* regla de comunicación de evidencia. *Consumidor:* informes y producto. *Falsador:* una validación preespecificada puede elevar o reducir la precisión estimada, no eliminar la necesidad de contexto.	en texto de la fuente			GENETICA	se reporta un PRS conductual	acompañar R² incremental, intervalo, desenlace, cohorte de entrenamiento y validación, sesgo de selección y calibración por contexto, sin convertirlo en clasificación personal	no declarado	en texto de la fuente		informes y producto	SIN-CIFRA-GEN2							NO-CONSTRUIBLE: regla de comunicación de evidencia de PRS conductual · RETROSPECTIVO	ninguno (norma de reporte)	hipótesis razonable	(c)	SI	RESPETA	norma de reporte	NO		RETROSPECTIVA
RG-485408ed80		REPORT-V2	corpus/reports-v2/Health__Body__Food_and_Substance_Use_in_Mexico__The_Behavioral_Layer_of_Decisions__Environment_and_Structure.md:97	## 7. Reglas SI–ENTONCES propuestas, sin adopción	no declarado			SALUD				no declarado	NO-DECLARADO	NINGUNO (no hallado en catalogo-momentos ni tramite.yaml)	SIN-CIFRA-GEN2							NO-CONSTRUIBLE: fila de título de sección, no es regla	NO-APLICA	narrativa popular	(c)	SI	NO-APLICA	NO-APLICA	NO		RETROSPECTIVA
RG-37e8859328		REPORT-V2	corpus/reports-v2/Humor_in_Mexican_Psychological_Life__2023-2026_Update.md:66	| **SI** un consumidor requiere prevalencia nacional de uso de humor, **ENTONCES** solicitar muestra probabilística y pregunta de frecuencia/función con periodo definido. | Propuesta metodológica; cola de medición. | Encuesta nacional comparable, ponderada y con reactivo explícito disponible. |	no declarado			HUMOR	un consumidor requiere prevalencia nacional de uso de humor	solicitar muestra probabilística y pregunta de frecuencia/función con periodo definido		no declarado	NO-DECLARADO	NINGUNO (no hallado en catalogo-momentos ni tramite.yaml)	SIN-CIFRA-GEN2							NO-CONSTRUIBLE: propuesta metodológica; no hay reactivo nacional de uso de humor	Encuesta probabilística con reactivo de frecuencia/función de humor (inexistente; cola de medición)	hipótesis razonable	(c)	SI	NO-APLICA	NO-APLICA	NO		RETROSPECTIVA
RG-29c577f1f3		REPORT-V2	corpus/reports-v2/Humor_in_Mexican_Psychological_Life__2023-2026_Update.md:67	| **SI** se compara humor declarado por sexo con EHV o ESSH, **ENTONCES** verificar invarianza pertinente y versión exacta antes de interpretar diferencia latente. | Tier A; análisis psicométrico. | Tablas o datos primarios aclaran el modelo, o una réplica falla el criterio preespecificado. |	no declarado			HUMOR	se compara humor declarado por sexo con EHV o ESSH	verificar invarianza pertinente y versión exacta antes de interpretar diferencia latente		no declarado	NO-DECLARADO	NINGUNO (no hallado en catalogo-momentos ni tramite.yaml)	SIN-CIFRA-GEN2							NO-CONSTRUIBLE: invarianza psicométrica EHV/ESSH por sexo; escalas no están en corpus GEN2	Datos primarios EHV/ESSH (muestras no probabilísticas)	media	mixta (a)+(c)	NO	NO-APLICA	medición	NO		RETROSPECTIVA
RG-6b3f86cac0		REPORT-V2	corpus/reports-v2/Humor_in_Mexican_Psychological_Life__2023-2026_Update.md:68	| **SI** se atribuye alivio o daño a humor ante crisis, **ENTONCES** medir exposición, emoción previa, resultado posterior y alternativas rivales en la misma unidad. | Hipótesis de mecanismo; diseño prospectivo. | Efecto nulo o de signo contrario con control temporal y selección. |	no declarado			HUMOR	se atribuye alivio o daño a humor ante crisis	medir exposición, emoción previa, resultado posterior y alternativas rivales en la misma unidad		no declarado	NO-DECLARADO	NINGUNO (no hallado en catalogo-momentos ni tramite.yaml)	SIN-CIFRA-GEN2							NO-CONSTRUIBLE: mecanismo alivio/daño del humor en crisis; requiere diseño prospectivo	NO-APLICA	hipótesis razonable	(c)	SI	NO-APLICA	no identificado	NO		RETROSPECTIVA
RG-7589e0d7ee		REPORT-V2	corpus/reports-v2/La_arquitectura_invisible_de_la_interacción_social_en_México.md:74	| SI se evalúa una aceptación verbal en una negociación, ENTONCES confirmar compromiso y fecha con una pregunta neutral. | Guía de comunicación de servicios | Propuesta de práctica; cualquier mercado y sin parámetro nacional | En prueba aleatoria, la confirmación no mejora comprensión o cumplimiento |	no declarado			INTERACCION	se evalúa una aceptación verbal en una negociación	confirmar compromiso y fecha con una pregunta neutral		no declarado	NO-DECLARADO	NINGUNO (no hallado en catalogo-momentos ni tramite.yaml)	SIN-CIFRA-GEN2							NO-CONSTRUIBLE: práctica de comunicación; solo prueba aleatoria la evalúa	Prueba aleatoria en servicio	hipótesis razonable	(c)	SI	NO-APLICA	costo de sanción/cortesía, posible incentivo	NO		RETROSPECTIVA
RG-588b71590b		REPORT-V2	corpus/reports-v2/La_arquitectura_invisible_de_la_interacción_social_en_México.md:75	| SI se estudia desacuerdo en una relación jerárquica, ENTONCES medir por separado disenso hacia pares y superiores y costo esperado de sanción. | Cola de medición de interacción | Media para plausibilidad, mecanismo pendiente | Misma tasa y forma de disenso ante ambos tras controlar situación y vínculo |	no declarado			INTERACCION	se estudia desacuerdo en una relación jerárquica	medir por separado disenso hacia pares y superiores y costo esperado de sanción		no declarado	NO-DECLARADO	NINGUNO (no hallado en catalogo-momentos ni tramite.yaml)	SIN-CIFRA-GEN2							NO-CONSTRUIBLE: prescribe medir disenso a pares vs superiores; sin reactivo en corpus	Módulo nuevo (ENCUESTA laboral/clima) con reactivo de disenso por jerarquía	media	(c)	SI	NO-APLICA	incentivo (costo esperado de sanción)	NO		RETROSPECTIVA
RG-192242b257		REPORT-V2	corpus/reports-v2/La_familia_mexicana_como_sistema_psicológico__entre_el_afecto__la_obligación_y_la_adaptación_económica.md:122	- **SI** el estimando usa hogar ampliado o hijo del jefe, **ENTONCES** describir composición y parentesco, **PORQUE** no observa preferencia ni motivo. Tier de frecuencia ALTA para ENADID abierto; mecanismo SIN IDENTIFICACIÓN. Disparador: inferencia residencial. Falsador: instrumento armonizado que mida motivo e identifique cambio bajo variación exógena; si no refuta, queda regla de límite, no «cultura corroborada».	en texto de la fuente			FAMILIA_CUIDADOS	el estimando usa hogar ampliado o hijo del jefe	describir composición y parentesco	no observa preferencia ni motivo	en texto de la fuente		inferencia residencial	SIN-CIFRA-GEN2							NO-CONSTRUIBLE: regla de rotulado (composición no observa preferencia); el mecanismo no se identifica. Hay RESULT ENADID de composición del hogar (unidad hogar) que describen composición sin motivo · RETROSPECTIVO	ENADID (parentesco/composición del hogar)	media	(a)	NO	NO-APLICA	estructura residencial/económica vs preferencia	NO		RETROSPECTIVA
RG-b57dbe6ebb		REPORT-V2	corpus/reports-v2/La_familia_mexicana_como_sistema_psicológico__entre_el_afecto__la_obligación_y_la_adaptación_económica.md:123	- **SI** se diseña apoyo para una familia con necesidades de cuidado, **ENTONCES** preguntar receptor, cuidador, carga y red antes de asignar tarea por género, **PORQUE** los universos y recursos varían. Tier de frecuencia ALTA/CON RESERVA en ENASIC según subgrupo; mecanismo PROPUESTO. Falsador: evaluación con reparto observado que no mejore identificación de necesidades frente a una alternativa simple; si no refuta, recomendación acotada, no efecto laboral probado.	en texto de la fuente			FAMILIA_CUIDADOS	se diseña apoyo para una familia con necesidades de cuidado	preguntar receptor, cuidador, carga y red antes de asignar tarea por género	los universos y recursos varían	en texto de la fuente		diseño de apoyo familiar	SIN-CIFRA-GEN2							NO-CONSTRUIBLE: prescriptiva; ENASIC da frecuencia de cuidadores por sexo pero la regla es de procedimiento de asignación · RETROSPECTIVO	ENASIC: cuidador principal x sexo x parentesco x carga	media	(a)	NO	NO-APLICA	división sexual del trabajo: estructura + scripts	NO		RETROSPECTIVA
RG-283352ce5f		REPORT-V2	corpus/reports-v2/La_familia_mexicana_como_sistema_psicológico__entre_el_afecto__la_obligación_y_la_adaptación_económica.md:124	- **SI** se considera participación familiar en ayuda psicológica, **ENTONCES** verificar consentimiento y barreras además de apoyo, **PORQUE** ambas funciones coexisten en evidencia local. Tier de mecanismo MEDIA cualitativa; frecuencia SIN CIFRA nacional. Falsador: seguimiento comparable que muestre que esa distinción no discrimina acceso o seguridad; si no refuta, hipótesis acotada a poblaciones observadas, nunca obligación de involucrar familia.	en texto de la fuente			SALUD_MENTAL	se considera participación familiar en ayuda psicológica	verificar consentimiento y barreras además de apoyo	ambas funciones coexisten en evidencia local	en texto de la fuente		servicios de salud mental	SIN-CIFRA-GEN2							NO-CONSTRUIBLE: evidencia cualitativa; frecuencia nacional sin cifra · RETROSPECTIVO	ninguno en catálogo; reactivo de apoyo/barrera familiar para atención psicológica no localizado	media	(a)	NO	NO-APLICA	mezcla de apoyo y control familiar	SI: evidencia cualitativa urbana		RETROSPECTIVA
RG-f15773fe22		REPORT-V2	corpus/reports-v2/Moral_Emotions_in_Mexico__Declared_Dignity__Relational_Face__and_Residual_Catholic_Guilt.md:73	| SI un encuentro clínico o de servicio invoca vergüenza, culpa o face, ENTONCES preguntar por separado audiencia, responsabilidad propia y consecuencia temida. | Guía de entrevista clínica/servicio | Propuesta metodológica, no parámetro de prevalencia mexicana | Las preguntas separadas no mejoran predicción ni utilidad en evaluación |	no declarado			EMOCIONES_MORALES	un encuentro clínico o de servicio invoca vergüenza, culpa o face	preguntar por separado audiencia, responsabilidad propia y consecuencia temida		no declarado	NO-DECLARADO	NINGUNO (no hallado en catalogo-momentos ni tramite.yaml)	SIN-CIFRA-GEN2							NO-CONSTRUIBLE: guía de entrevista clínica; sin parámetro de prevalencia	NO-APLICA	hipótesis razonable	(c)	SI	NO-APLICA	NO-APLICA	NO		RETROSPECTIVA
RG-f1e2645bc9		REPORT-V2	corpus/reports-v2/Moral_Emotions_in_Mexico__Declared_Dignity__Relational_Face__and_Residual_Catholic_Guilt.md:74	| SI una encuesta futura prueba dignidad/face/honor, ENTONCES medir norma percibida, valor personal y acción en las mismas personas, con validación local del lenguaje. | Cola de medición de emociones morales | Respuesta al alcance de Smith y ADR-29.a | Constructos indistinguibles o ítems sin validez local antes de modelar conducta |	no declarado			EMOCIONES_MORALES	una encuesta futura prueba dignidad/face/honor	medir norma percibida, valor personal y acción en las mismas personas, con validación local del lenguaje		no declarado	NO-DECLARADO	NINGUNO (no hallado en catalogo-momentos ni tramite.yaml)	SIN-CIFRA-GEN2							NO-CONSTRUIBLE: prescribe diseño de encuesta futura dignidad/face/honor; sin reactivo validado en México	Encuesta futura con validación local (cola de medición)	hipótesis razonable	(c)	SI	NO-APLICA	marco importado con crítica	NO		RETROSPECTIVA
RG-b55bf8e8fa		REPORT-V2	corpus/reports-v2/Mérito__Movilidad_Social_y_Desigualdad_en_México__Actualización_2025-2026.md:94	| Regla | SI → ENTONCES y driver | Aplicación, falsador y límite |				NO-APLICA	| Regla | SI → ENTONCES y driver | Aplicación, falsador y límite |	| Regla | SI → ENTONCES y driver | Aplicación, falsador y límite |				NO-ENCONTRADO en milpa/catalogo-momentos-v0_1.tsv ni milpa/tramite.yaml (grep por regla_id)	SIN-CIFRA-GEN2							NO-CONSTRUIBLE: fila de encabezado/tabla, no es una regla SI-ENTONCES · RETROSPECTIVA		narrativa popular	NO-APLICA	NO	NO-APLICA	NO-APLICA	NO		RETROSPECTIVA
RG-92ac2a8b10		REPORT-V2	corpus/reports-v2/Psicología_del_Consumidor_Mexicano__Patrones__Contradicciones_y_Estrategia.md:128	## Síntesis y reglas SI–ENTONCES				NO-APLICA	## Síntesis y reglas SI–ENTONCES	## Síntesis y reglas SI–ENTONCES				NO-ENCONTRADO en milpa/catalogo-momentos-v0_1.tsv ni milpa/tramite.yaml (grep por regla_id)	SIN-CIFRA-GEN2							NO-CONSTRUIBLE: fila de encabezado/tabla, no es una regla SI-ENTONCES · RETROSPECTIVA		narrativa popular	NO-APLICA	NO	NO-APLICA	NO-APLICA	NO		RETROSPECTIVA
RG-806ce20ffa		REPORT-V2	corpus/reports-v2/Psicología_del_Consumidor_Mexicano__Patrones__Contradicciones_y_Estrategia.md:136	| SI la oferta requiere pago digital, ENTONCES evaluar acceso y aceptación efectivos antes de interpretar no compra como rechazo. | Alto histórico / mecanismo no identificado | ENIGH 0002, CONS-EFECTIVO/TARJETA/INTERNET | Condicionar acceso, costo y entrega; si cambiar aceptación no cambia uso, descartar barrera de pago como explicación suficiente. |				CONSUMO	| SI la oferta requiere pago digital, ENTONCES evaluar acceso y aceptación efectivos antes de interpretar no compra como	| SI la oferta requiere pago digital, ENTONCES evaluar acceso y aceptación efectivos antes de interpretar no compra como rechazo. | Alto histórico / mecanismo no identificado | ENIGH 0002, CONS-EFECTIVO/TARJETA/INTERNET | Condicionar acceso, costo y entrega; si cambiar aceptación no cambia uso, descartar barrera de pago como explicación suficiente. |				NO-ENCONTRADO en milpa/catalogo-momentos-v0_1.tsv ni milpa/tramite.yaml (grep por regla_id)	MATIZA-SIN-CRUCE	RESULT-ENIGH-CONSUMO-PISOS-HOG-COMPRA-TARJETA-CREDITO-2022-TOTAL-TODOS-P	CALC-ENIGH-CONSUMO-PISOS-0002	0.0717398875397719	0.05731387161018831	0.08945240594405883	proporcion (hogar)	marginal ENIGH 2022: 7.2% [5.7,8.9] de hogares compra con tarjeta de crédito; acceso bajo sustenta el SI, pero sin cruce oferta×uso; aceptación del comercio no medida · RETROSPECTIVA	ENIGH forma de pago × tenencia de tarjeta/conexión por decil	media	(a)	NO	NO-APLICA	oferta/acceso antes que preferencia	NO		RETROSPECTIVA
RG-afa48731c6		REPORT-V2	corpus/reports-v2/Psicología_del_Consumidor_Mexicano__Patrones__Contradicciones_y_Estrategia.md:137	| SI hogares de menor ingreso reservan más gasto a alimentos, ENTONCES probar precios, presentaciones y costo total por canasta. | Alto descriptivo / medio como hipótesis de restricción | CONS-ALIMENTOS-D01/D10 | Contraste con calidad y disponibilidad constantes; si presupuesto no modifica elección, retirar esa explicación en categoría. |				CONSUMO	| SI hogares de menor ingreso reservan más gasto a alimentos, ENTONCES probar precios, presentaciones y costo total por 	| SI hogares de menor ingreso reservan más gasto a alimentos, ENTONCES probar precios, presentaciones y costo total por canasta. | Alto descriptivo / medio como hipótesis de restricción | CONS-ALIMENTOS-D01/D10 | Contraste con calidad y disponibilidad constantes; si presupuesto no modifica elección, retirar esa explicación en categoría. |				NO-ENCONTRADO en milpa/catalogo-momentos-v0_1.tsv ni milpa/tramite.yaml (grep por regla_id)	CONFIRMA	RESULT-ENIGH-CONSUMO-PISOS-PART-ALIMENTOS-2022-DECIL-D01-P	CALC-ENIGH-CONSUMO-PISOS-0002	0.5109678800394367	0.4829302490927925	0.5389366716426177	proporcion (hogar)	ENIGH 2022: participación de alimentos en gasto D01 51.1% [48.3,53.9] vs D10 28.3% [26.0,30.8] (RESULT-ENIGH-CONSUMO-PISOS-PART-ALIMENTOS-2022-DECIL-D10-P); IC disjuntos, gradiente monótono D01-D10: confirma el SI descriptivo (unidad hogar = hogar); el ENTONCES (probar precios) y el driver de restricción no quedan identificados · RETROSPECTIVA		fuerte	(a)	NO	NO-APLICA	estructura (Engel), no preferencia	NO		RETROSPECTIVA
RG-180510104c		REPORT-V2	corpus/reports-v2/Psicología_del_Consumidor_Mexicano__Patrones__Contradicciones_y_Estrategia.md:138	| SI se ofrece marca alternativa, ENTONCES separar ensayo, satisfacción y repetición antes de concluir inercia o afecto. | Medio histórico / bajo causal | MK2012/2023/2025 | Panel de compradores y prueba comparable: si satisfacción no genera repetición, aprendizaje no basta. |				CONSUMO	| SI se ofrece marca alternativa, ENTONCES separar ensayo, satisfacción y repetición antes de concluir inercia o afecto.	| SI se ofrece marca alternativa, ENTONCES separar ensayo, satisfacción y repetición antes de concluir inercia o afecto. | Medio histórico / bajo causal | MK2012/2023/2025 | Panel de compradores y prueba comparable: si satisfacción no genera repetición, aprendizaje no basta. |				NO-ENCONTRADO en milpa/catalogo-momentos-v0_1.tsv ni milpa/tramite.yaml (grep por regla_id)	SIN-CIFRA-GEN2							NO-CONSTRUIBLE: ensayo/satisfacción/repetición de marca requiere panel de compradores · RETROSPECTIVA	panel de hogares (Kantar/Nielsen; fuera del corpus GEN2)	hipótesis razonable	(a)+(c)	NO	NO-APLICA	aprendizaje vs inercia no aislados	SI		RETROSPECTIVA
RG-546578bbc9		REPORT-V2	corpus/reports-v2/Psicología_del_Consumidor_Mexicano__Patrones__Contradicciones_y_Estrategia.md:139	| SI se ofrece financiación o garantía, ENTONCES evaluar compras netas, devoluciones y pagos sostenibles. | SIN-CIFRA eficacia / bajo mecanismo | Hipótesis v1, información de acceso ENIGH | Ensayo o variación defendible con costos iguales; si no mejora resultado neto o aumenta mora/cancelación, retirar regla comercial. |				CONSUMO	| SI se ofrece financiación o garantía, ENTONCES evaluar compras netas, devoluciones y pagos sostenibles. | SIN-CIFRA ef	| SI se ofrece financiación o garantía, ENTONCES evaluar compras netas, devoluciones y pagos sostenibles. | SIN-CIFRA eficacia / bajo mecanismo | Hipótesis v1, información de acceso ENIGH | Ensayo o variación defendible con costos iguales; si no mejora resultado neto o aumenta mora/cancelación, retirar regla comercial. |				NO-ENCONTRADO en milpa/catalogo-momentos-v0_1.tsv ni milpa/tramite.yaml (grep por regla_id)	SIN-CIFRA-GEN2							NO-CONSTRUIBLE: eficacia de financiación requiere ensayo con costos iguales · RETROSPECTIVA	ensayo / datos administrativos de mora	hipótesis razonable	(a)	NO	NO-APLICA	incentivo/liquidez	NO		RETROSPECTIVA
RG-696f25c52b		REPORT-V2	corpus/reports-v2/Psicología_del_Consumidor_Mexicano__Patrones__Contradicciones_y_Estrategia.md:140	| SI se usa recomendación social, ENTONCES medir incrementalidad por fuente y segmento. | SIN-CIFRA nacional / mecanismo no identificado | CONS-013/014/019/020 | Variar señal con calidad/precio/entrega iguales; si compras no cambian frente a información técnica, no usar primacía social. |				CONSUMO	| SI se usa recomendación social, ENTONCES medir incrementalidad por fuente y segmento. | SIN-CIFRA nacional / mecanismo	| SI se usa recomendación social, ENTONCES medir incrementalidad por fuente y segmento. | SIN-CIFRA nacional / mecanismo no identificado | CONS-013/014/019/020 | Variar señal con calidad/precio/entrega iguales; si compras no cambian frente a información técnica, no usar primacía social. |				NO-ENCONTRADO en milpa/catalogo-momentos-v0_1.tsv ni milpa/tramite.yaml (grep por regla_id)	SIN-CIFRA-GEN2							NO-CONSTRUIBLE: incrementalidad por fuente requiere variación experimental · RETROSPECTIVA	ensayo comparable de señal social vs técnica	hipótesis razonable	(a)+(c)	NO	NO-APLICA	no aislado	NO		RETROSPECTIVA
RG-53a31e0aa9		REPORT-V2	corpus/reports-v2/Psychology_of_Mexico-US_Migration__Identity__Family__Aspiration__and_Wellbeing_in_2025.md:102	## 10. Síntesis y reglas SI–ENTONCES	en texto de la fuente			MIGRACION	## 10. Síntesis y reglas SI–ENTONCES		no declarado	en texto de la fuente		ninguno	SIN-CIFRA-GEN2							NO-CONSTRUIBLE: la fila es un encabezado de sección, no una regla SI-ENTONCES · RETROSPECTIVO	ninguno	narrativa popular	(a)	NO	NO-APLICA	no aplica	NO		RETROSPECTIVA
RG-a2acbecfa0		REPORT-V2	corpus/reports-v2/Sanción_Social_Horizontal_en_México__Chisme__Envidia_y_Mal_de_Ojo_como_Mecanismos_de_Nivelación.md:81	| **SI** un análisis de caso documenta amenaza delictiva ligada a exposición patrimonial, **ENTONCES** tratar discreción como posible gestión de seguridad | A descriptivo local; diagnóstico de seguridad | Registrar amenaza, periodo, unidad y comparación con otras razones de discreción | Conducta de ocultar no cambia con exposición/riesgo o se explica mejor por otro factor |	no declarado			SANCION_SOCIAL	un análisis de caso documenta amenaza delictiva ligada a exposición patrimonial	tratar discreción como posible gestión de seguridad		no declarado	NO-DECLARADO	NINGUNO (no hallado en catalogo-momentos ni tramite.yaml)	SIN-CIFRA-GEN2							NO-CONSTRUIBLE: análisis de caso local; discreción patrimonial como gestión de seguridad no tiene cruce en catálogo	ENVIPE (medidas de protección/ocultar bienes) como marginal; caso local	hipótesis razonable	(a)	NO	NO-APLICA	adaptación racional a riesgo delictivo	NO		RETROSPECTIVA
RG-a1237c671f		REPORT-V2	corpus/reports-v2/Sanción_Social_Horizontal_en_México__Chisme__Envidia_y_Mal_de_Ojo_como_Mecanismos_de_Nivelación.md:82	| **SI** una red documenta circulación de rumor, norma, blanco y consecuencia, **ENTONCES** clasificar la sanción por su efecto y por si hay denuncia legítima | A local; investigación organizacional/comunitaria | Evidencia de interacción y derecho de réplica | No hay consecuencia observable o la información verifica un abuso que exige rendición de cuentas |	no declarado			SANCION_SOCIAL	una red documenta circulación de rumor, norma, blanco y consecuencia	clasificar la sanción por su efecto y por si hay denuncia legítima		no declarado	NO-DECLARADO	NINGUNO (no hallado en catalogo-momentos ni tramite.yaml)	SIN-CIFRA-GEN2							NO-CONSTRUIBLE: clasificación de caso de rumor en red; evidencia local cualitativa	NO-APLICA	hipótesis razonable	(a)	NO	NO-APLICA	NO-APLICA	NO		RETROSPECTIVA
RG-8d7c882d67		REPORT-V2	corpus/reports-v2/Vejez_y_Cuidado_Intergeneracional_en_México__El_Debilitamiento_del_Seguro_Familiar.md:126	| SI · ENTONCES · PORQUE | Tier/consumidor/condición | Falsador y limitaciones |	en texto de la fuente			FAMILIA_CUIDADOS	·	·	| Tier/consumidor/condición | Falsador y limitaciones |	en texto de la fuente		ninguno	SIN-CIFRA-GEN2							NO-CONSTRUIBLE: la fila es un encabezado de tabla, no una regla SI-ENTONCES · RETROSPECTIVO	ninguno	narrativa popular	(a)	NO	NO-APLICA	no aplica	NO		RETROSPECTIVA
