id_manifiesto	archivo	raiz	tamano_bytes	usado_para_declara_uso	necesidades_que_lo_citan	tsv_de_apertura_que_lo_toca	estado	universo_declarado	consumo_detectado	consumo_universo_declarado	sha256_observado	representacion_id	estado_e0	grado_inspeccion	objetos_logicos	frontera_inspeccion	reporte_neutral_ref	contrato_sha256	reporte_sha256
1008973606mexico_lapop_final_2006_data_set_092906	[REDACTADO-PRIVACIDAD]	descargas_mx	430124	NO-DETERMINADO-W0	NO-DETERMINADO-W0	NO-APLICA	PRESENTE-INTEGRO	manifiesto.yaml@ee50b12c2c86	NO-DETERMINADO-W0	W0 material; semántica no evaluada	f43fcf78533febabe4eacb539f0ed03470c8320d606f29f54c220cda5abb3039	REP-055b07366ad918da80a22f9ce917f04ac4619a320608fe62575b940e5b9b90cf	PRESENTE-INTEGRO	E2	334	diccionario base, variables, formatos y value labels; extensiones no decodificadas quedan como excepción; observaciones no leídas	E2B-602c28df60faa95583a553bf9c326503c341d793cab56a079cffa7284106c1ca	1c96e3beff85f4829e8afa7a316a29ae13ec4643c468b12b9577ee24ba73acfe	86709aadd0de16b2c7e3836edfe509a853ffdfcd4c0df2a99969ae58091c6551
116334_v1	[REDACTADO-PRIVACIDAD]	descargas_mx	1404772	NO-DETERMINADO-W0	NO-DETERMINADO-W0	NO-APLICA	PRESENTE-INTEGRO	manifiesto.yaml@ee50b12c2c86	NO-DETERMINADO-W0	W0 material; semántica no evaluada	776d56bf91535beaecef9480c352b022c3aec1ec7fae36c969ccdf6c8cc89d1c	REP-b79742468b274360e744ce79761603a3b17bf2f51a38af89298d292e2974c657	PRESENTE-INTEGRO	E2	894	contenedor y miembros completos; anidados hasta profundidad 4	E2B-07674253fa1bf835758afb42cb6ddfedbf70f3ba224047c805cd3720a5a80ade	1c96e3beff85f4829e8afa7a316a29ae13ec4643c468b12b9577ee24ba73acfe	99225d1a378524e6635978784303e835cd4615c900ad79befb1f31aec781d90b
1390537077technical_information_mexico_2006	[REDACTADO-PRIVACIDAD]	descargas_mx	300398	NO-DETERMINADO-W0	NO-DETERMINADO-W0	NO-APLICA	PRESENTE-INTEGRO	manifiesto.yaml@ee50b12c2c86	NO-DETERMINADO-W0	W0 material; semántica no evaluada	521cba1bd010dedecbb1df0e9ad5ced7f57f21da1f47b56b2656be54b874af60	REP-e64e401ac5ec9cdc6bca61c4b7e81a95b3fe59b71c7fb857ef69777f593159dd	PRESENTE-INTEGRO	E2	1	apertura detenida en parser de formato: PermissionError	E2B-c8ff5d7e77c64b97d17ae9098b394ac7e4d5b24ce2d930ac0c4d7bee343720df	1c96e3beff85f4829e8afa7a316a29ae13ec4643c468b12b9577ee24ba73acfe	65804d80ad8ada8db2f141810f79002dd52b3e6e315392f7a6a8bf492715146a
1658622845mexico_2004_export_version	[REDACTADO-PRIVACIDAD]	descargas_mx	444655	NO-DETERMINADO-W0	NO-DETERMINADO-W0	NO-APLICA	PRESENTE-INTEGRO	manifiesto.yaml@ee50b12c2c86	NO-DETERMINADO-W0	W0 material; semántica no evaluada	e725383552753223d263a1d65e2aaf9549a59859eb1b5777b666f32728700c99	REP-0ca4e04aae8a90551facde0062e550daf176bb82bc650ad66130970f5bafa2db	PRESENTE-INTEGRO	E2	335	diccionario base, variables, formatos y value labels; extensiones no decodificadas quedan como excepción; observaciones no leídas	E2B-7ea562fbe01088506f1d9761e9ccdebe584088d1c7d60f79bf1a5efc7e080a13	1c96e3beff85f4829e8afa7a316a29ae13ec4643c468b12b9577ee24ba73acfe	8f6f63d8a12d8205c62bb76a3b026c0d0d830da723489c308f33eb67fe5d4796
1671516622cam_mexico_questionnaire_2004	[REDACTADO-PRIVACIDAD]	descargas_mx	2422589	NO-DETERMINADO-W0	NO-DETERMINADO-W0	NO-APLICA	PRESENTE-INTEGRO	manifiesto.yaml@ee50b12c2c86	NO-DETERMINADO-W0	W0 material; semántica no evaluada	452677a69fe522b8ae9f4eaa779bb62f1b9a8a7df0ca8a359d3028715dd55843	REP-17984244dd968e20d1fbe17f01c7830b86d1be3419cac4bca380ff003d5ff00d	PRESENTE-INTEGRO	E2	483	todas las páginas; texto no extraíble se declara por página	E2B-0e384ea6f6d1d725079d4c051cc3c991f45cbc035a3d083a6af6726307677948	1c96e3beff85f4829e8afa7a316a29ae13ec4643c468b12b9577ee24ba73acfe	308f38e0a1cc6d2df98be15d992d0a580008a4d6987aa8694671ef2bf2488a1b
1_vfinal_cuestionario_hogar_ensanut_2024_etiquetas_cuestionarios	[REDACTADO-PRIVACIDAD]	descargas_mx	662210	sin uso asignado — registro de inventario	NO-APLICA	NO-APLICA	SIN-DEMANDA	manifiesto.yaml+relaciones.tsv+abrir4-variables-2026-08-08.tsv+verif3-variables-2026-08-08.tsv @ dcc4f6a..5f90757 (sin cambio en estos 4 archivos en ese rango,	[REDACTADO-PRIVACIDAD]	buscado por ambas vias -- hash (produccion-modelo.tsv, 11 filas) y ruta (11 scripts de tests/, forense/notas/2026-08-13-cep-cotejo.md SS1-2) -- ninguna empata @	adc873843b79067a1a2212e25b1f90f6ecb916f8541ad0e42411fd933126c425	REP-b7c59f8d7924d0ac32b5a1c13c05d40f9304cdf0956d11390a31f6ec5687024b	PRESENTE-INTEGRO	E2	1165	todas las páginas; texto no extraíble se declara por página	E2B-c3b53fe8793e36b985c14f414558fe8b770a6a7caf05e02f82e3eb7f03d98a64	1c96e3beff85f4829e8afa7a316a29ae13ec4643c468b12b9577ee24ba73acfe	10f03a4a02f53702ad233331dc45e537677a5704bd6fc48dad77086944375b34
20260813130000_export_csv	[REDACTADO-PRIVACIDAD]	data_raw	85800	NO-DETERMINADO-W0	NO-DETERMINADO-W0	NO-APLICA	PRESENTE-INTEGRO	manifiesto.yaml@ee50b12c2c86	NO-DETERMINADO-W0	W0 material; semántica no evaluada	a42b4f86067ad358219201538f7da47385eaf16f1cd4b3dc8c8076543671ec7a	REP-3712d611eaa99f677839cad9e180158b2e2a0c54979a02626f85b5ceda0398ff	PRESENTE-INTEGRO	E2	63	contenedor y miembros completos; anidados hasta profundidad 4	E2B-e32ca338e3d799a5b8402fd05a419778330bb0aa8976c8affb1d9711d9e58bf0	1c96e3beff85f4829e8afa7a316a29ae13ec4643c468b12b9577ee24ba73acfe	25bb2f1bdfd9437278f507e21b5f9addcc5ca2fea05bb8b9c3043dbbc7947dd9
20260813131500_export_csv	[REDACTADO-PRIVACIDAD]	data_raw	70361	NO-DETERMINADO-W0	NO-DETERMINADO-W0	NO-APLICA	PRESENTE-INTEGRO	manifiesto.yaml@ee50b12c2c86	NO-DETERMINADO-W0	W0 material; semántica no evaluada	c9170239e63b8fc1d65517866a78cdfdcacda85331275da51f5a94497b30f0a9	REP-86138790e4cf647ad8650f4ec762ec3a04e7711910587f4f07e623c5d18a0dc9	PRESENTE-INTEGRO	E2	63	contenedor y miembros completos; anidados hasta profundidad 4	E2B-6c0c03bbbdc62c4d1e0485ab4f67b1900a5f06395c5ed8c9b84d457c136c1dac	1c96e3beff85f4829e8afa7a316a29ae13ec4643c468b12b9577ee24ba73acfe	0c51c8deeb7b2abb2444fffc9e9db4fe6e26ab6c651e6087ae7ffc25564709dc
20260813133000_export_csv	[REDACTADO-PRIVACIDAD]	data_raw	76573	NO-DETERMINADO-W0	NO-DETERMINADO-W0	NO-APLICA	PRESENTE-INTEGRO	manifiesto.yaml@ee50b12c2c86	NO-DETERMINADO-W0	W0 material; semántica no evaluada	b868d9fdaa3af749b637cebdf8fea18b3259e954e2e8ed0349d34f27ca05784a	REP-89bb360dd05887d68f40d04e5ed71c6410a6f5c38e0409ec2c668871ebcc094a	PRESENTE-INTEGRO	E2	63	contenedor y miembros completos; anidados hasta profundidad 4	E2B-5138b15a1be380b94fbb401f989c5377267fe46739abaf9b7dc105e553159214	1c96e3beff85f4829e8afa7a316a29ae13ec4643c468b12b9577ee24ba73acfe	50efa688582e5eea8f2d1784d10229b6db360af33f1e08b0da1d9631dd9f0976
20260813134500_export_csv	[REDACTADO-PRIVACIDAD]	data_raw	79726	NO-DETERMINADO-W0	NO-DETERMINADO-W0	NO-APLICA	PRESENTE-INTEGRO	manifiesto.yaml@ee50b12c2c86	NO-DETERMINADO-W0	W0 material; semántica no evaluada	787a8b5ecd276c0f1732d905db26adea0c716760bb36a5442ed0201b1ed6950b	REP-fcc7201871544a5f71cddfe6e16fc1ebc572b0e2ac0843390979b126fea427a4	PRESENTE-INTEGRO	E2	63	contenedor y miembros completos; anidados hasta profundidad 4	E2B-79f72d17a2d1f26f957a2bc44a6cadb7ff0a99a281dfa784f95efff590b563f6	1c96e3beff85f4829e8afa7a316a29ae13ec4643c468b12b9577ee24ba73acfe	0675165b64b50f0445b53bde86155088e2919edbd78806666ae3bc2674e89db4
20260813140000_export_csv	[REDACTADO-PRIVACIDAD]	data_raw	80188	NO-DETERMINADO-W0	NO-DETERMINADO-W0	NO-APLICA	PRESENTE-INTEGRO	manifiesto.yaml@ee50b12c2c86	NO-DETERMINADO-W0	W0 material; semántica no evaluada	432470af1be94196b19fe5dde9aa54cb2b2f749eba61e3236b6dcb19abaca1d7	REP-b02b2ee22c5d4b2f7a848228620ddb8b8152bca039b11a833d658cc004ef2e55	PRESENTE-INTEGRO	E2	63	contenedor y miembros completos; anidados hasta profundidad 4	E2B-94b612b0aadf0c31acb70a9769c5b3591756165378ac59a39155089076d84283	1c96e3beff85f4829e8afa7a316a29ae13ec4643c468b12b9577ee24ba73acfe	f32e800be4b4074266375abcf8e97d52a60c783c115bb39118163e5df284703a
20260813141500_export_csv	[REDACTADO-PRIVACIDAD]	data_raw	104838	NO-DETERMINADO-W0	NO-DETERMINADO-W0	NO-APLICA	PRESENTE-INTEGRO	manifiesto.yaml@ee50b12c2c86	NO-DETERMINADO-W0	W0 material; semántica no evaluada	f7204c7388fcda8c17ef4c042fb203afee099c9e110c4847a8cd248fac84a9ee	REP-e7687e19fe91344b390ef62335fd388f6ae5f8bd106ebdb2ba2d1ae469fb1e31	PRESENTE-INTEGRO	E2	63	contenedor y miembros completos; anidados hasta profundidad 4	E2B-4c35cfb968e91284e34e229e4c9f4c1af8f4af88957c694a449ba282b528e1b3	1c96e3beff85f4829e8afa7a316a29ae13ec4643c468b12b9577ee24ba73acfe	36a4323d42474a37cfca2ec130c577b5181bd616e794ed3c644195ec1de94dbe
20260813143000_export_csv	[REDACTADO-PRIVACIDAD]	data_raw	97035	NO-DETERMINADO-W0	NO-DETERMINADO-W0	NO-APLICA	PRESENTE-INTEGRO	manifiesto.yaml@ee50b12c2c86	NO-DETERMINADO-W0	W0 material; semántica no evaluada	2dd83b5f8df0a7604c5de58d30f302164b6162d02de48f4ad05566a5d2edeadc	REP-e4e224b857b458539f5393c13804194af4f4580419dbfbe9b8503a5014764cec	PRESENTE-INTEGRO	E2	63	contenedor y miembros completos; anidados hasta profundidad 4	E2B-32a9145067933ca67727910f571ea5e2b2b295f33d032d08eee6b6aadd86bc22	1c96e3beff85f4829e8afa7a316a29ae13ec4643c468b12b9577ee24ba73acfe	f39c63f47b03133724fa3912c1d6942e7c0185cf3b1042f3714f6846394f5b13
20260813144500_export_csv	[REDACTADO-PRIVACIDAD]	data_raw	96787	NO-DETERMINADO-W0	NO-DETERMINADO-W0	NO-APLICA	PRESENTE-INTEGRO	manifiesto.yaml@ee50b12c2c86	NO-DETERMINADO-W0	W0 material; semántica no evaluada	a27fabf5a81731ecf342df91a9caba12c9136be610bfce35d4bfb07a7007fa1c	REP-71db5b577991030fde36ac207c122a25dd7c4bb4f7e57384c8b26d0fde923f5a	PRESENTE-INTEGRO	E2	63	contenedor y miembros completos; anidados hasta profundidad 4	E2B-e17f0ee8cbc9a43a8988f04343c22629e22085e563b5bef16a8b7faeb2ba3805	1c96e3beff85f4829e8afa7a316a29ae13ec4643c468b12b9577ee24ba73acfe	65a28fe0c5a2bcf361717a4eb35b95848aed433d405fef3574677e3a24a70efc
20260813150000_export_csv	[REDACTADO-PRIVACIDAD]	data_raw	88079	NO-DETERMINADO-W0	NO-DETERMINADO-W0	NO-APLICA	PRESENTE-INTEGRO	manifiesto.yaml@ee50b12c2c86	NO-DETERMINADO-W0	W0 material; semántica no evaluada	16e1caf1bc1b251727802f2df6b1f9ab210cc898ab76d65d2828170d42e3ed50	REP-b3bc0403019c9a293caa4bd463270a834f84357c7212b6a223a655a380db6c62	PRESENTE-INTEGRO	E2	63	contenedor y miembros completos; anidados hasta profundidad 4	E2B-9bf829a0e92dc48b1934bd1fcd240aafafec8f4feb6d24aa3a6d94dc9bcb6811	1c96e3beff85f4829e8afa7a316a29ae13ec4643c468b12b9577ee24ba73acfe	bb84a7a9623275f68dd2561a73ed999ab57ed59eee3268982b10520da99325df
20260813151500_export_csv	[REDACTADO-PRIVACIDAD]	data_raw	90679	NO-DETERMINADO-W0	NO-DETERMINADO-W0	NO-APLICA	PRESENTE-INTEGRO	manifiesto.yaml@ee50b12c2c86	NO-DETERMINADO-W0	W0 material; semántica no evaluada	77ad2066fc0d043284d31a6a2c0138b7dc119b2ebdef195154ab0c7d3d15d28d	REP-3ebb38c24f8e3036e99742cffd23fb66a6d25238b1e748b5cdf2d0d524efae9d	PRESENTE-INTEGRO	E2	63	contenedor y miembros completos; anidados hasta profundidad 4	E2B-c0d9a21bc35f6fab2af43d74c41cd77b5354210d1156ca9d52527f58d0cde1e6	1c96e3beff85f4829e8afa7a316a29ae13ec4643c468b12b9577ee24ba73acfe	ba94b1ef0452da739977b77fe80786d54328e5d45d167c3ef2076123a4a356cb
20260813153000_export_csv	[REDACTADO-PRIVACIDAD]	data_raw	99325	NO-DETERMINADO-W0	NO-DETERMINADO-W0	NO-APLICA	PRESENTE-INTEGRO	manifiesto.yaml@ee50b12c2c86	NO-DETERMINADO-W0	W0 material; semántica no evaluada	98ead7b90c6e493f6908867ec437cd82215c98660bbe02b406b6e9e919eb6d8e	REP-575e23dd5830a9bc885fa0d3023dae4528b037038d1043458d3e045f663fed21	PRESENTE-INTEGRO	E2	63	contenedor y miembros completos; anidados hasta profundidad 4	E2B-0c9aab478520f2620eaf87c2ca36f35280d2c4df7d3fe96917e23147da5e39ab	1c96e3beff85f4829e8afa7a316a29ae13ec4643c468b12b9577ee24ba73acfe	7e458c8c4f58ddd2980e0624e88a620d1e0e71287edbacca7f1eb81ec7b42f29
20260813154500_export_csv	[REDACTADO-PRIVACIDAD]	data_raw	116106	NO-DETERMINADO-W0	NO-DETERMINADO-W0	NO-APLICA	PRESENTE-INTEGRO	manifiesto.yaml@ee50b12c2c86	NO-DETERMINADO-W0	W0 material; semántica no evaluada	172c7a33f52f52c7eb8cf55928317d7a558db976558f785f6cb0f3625fb54139	REP-0f64e3f6afc91446e480049947d6c4bea0a4def4013c00edb16617850806e8b9	PRESENTE-INTEGRO	E2	63	contenedor y miembros completos; anidados hasta profundidad 4	E2B-430cc666691f99bd1b08898ecabd37cb22522643617a8358a9ad9a9771bc2fcf	1c96e3beff85f4829e8afa7a316a29ae13ec4643c468b12b9577ee24ba73acfe	97cb1abd029438c30f13b2052af7f555e9bad2a8eecb87f7fbfbcd93f4a41b04
20260813160000_export_csv	[REDACTADO-PRIVACIDAD]	data_raw	98851	NO-DETERMINADO-W0	NO-DETERMINADO-W0	NO-APLICA	PRESENTE-INTEGRO	manifiesto.yaml@ee50b12c2c86	NO-DETERMINADO-W0	W0 material; semántica no evaluada	0ba5a6d4a5b44ebbc12cc44f93b113aa947cae4a8b6c461ad8bd2d413cce0077	REP-4a341a0a5180645cdeeecf716c8acceff784f60d13189450d6a46db1266164e8	PRESENTE-INTEGRO	E2	63	contenedor y miembros completos; anidados hasta profundidad 4	E2B-9680a8d06d07dd2fbc79d3d9c48b30d911af8022bc1431fda0069b1f9ed6e8b0	1c96e3beff85f4829e8afa7a316a29ae13ec4643c468b12b9577ee24ba73acfe	75f175b64d920fea077bed1bbdb655bdcd04e6e81ea8f2753efcebefef0c5b12
2_vfinal_cuestionario_nios_0_a_9_ensanut_2024_etiquetas_cuestionarios	2 VFINAL Cuestionario nios 0 a 9 ENSANUT 2024_ETIQUETAS.Cuestionarios.pdf	descargas_mx	518103	sin uso asignado — registro de inventario	NO-APLICA	NO-APLICA	SIN-DEMANDA	manifiesto.yaml+relaciones.tsv+abrir4-variables-2026-08-08.tsv+verif3-variables-2026-08-08.tsv @ dcc4f6a..5f90757 (sin cambio en estos 4 archivos en ese rango,	[REDACTADO-PRIVACIDAD]	buscado por ambas vias -- hash (produccion-modelo.tsv, 11 filas) y ruta (11 scripts de tests/, forense/notas/2026-08-13-cep-cotejo.md SS1-2) -- ninguna empata @	af65f922094c42a31d77cad5d8d889c0d7e597b925c7ef0efe1ae700fd66981c	REP-9bd65b24850c64ca1ea98ab13da6927a89364c33e60bdfb708cd6f804198e5be	PRESENTE-INTEGRO	E2	727	todas las páginas; texto no extraíble se declara por página	E2B-a0c432de695d5aa7c76b556fe68aa52289c1780fcf51d47a703a1c921fd33b6b	1c96e3beff85f4829e8afa7a316a29ae13ec4643c468b12b9577ee24ba73acfe	60f2d56ae6a7a0b8473496718f127f5ac30ed0358a39feee9d8170a7dc7abe22
3_vfinal_cuestionario_adolescentes_ensanut_2024_etiquetas_cuestionarios	3 VFINAL Cuestionario adolescentes ENSANUT 2024_ETIQUETAS.Cuestionarios.pdf	descargas_mx	479013	sin uso asignado — registro de inventario	NO-APLICA	NO-APLICA	SIN-DEMANDA	manifiesto.yaml+relaciones.tsv+abrir4-variables-2026-08-08.tsv+verif3-variables-2026-08-08.tsv @ dcc4f6a..5f90757 (sin cambio en estos 4 archivos en ese rango,	[REDACTADO-PRIVACIDAD]	buscado por ambas vias -- hash (produccion-modelo.tsv, 11 filas) y ruta (11 scripts de tests/, forense/notas/2026-08-13-cep-cotejo.md SS1-2) -- ninguna empata @	344f32ef0f873f86fb20faf1d6afd2bfa0bc3735656ea4fe4d71e39736faeeab	REP-8efbbb8372970c106d906bdab4e86ad5e9a0d8a9ae6babf7a14340b74155594c	PRESENTE-INTEGRO	E2	1040	todas las páginas; texto no extraíble se declara por página	E2B-e5e3c36c668bcfdd047febb2677f8ddf5c6d5a95dd69c622bcba412f46d0633a	1c96e3beff85f4829e8afa7a316a29ae13ec4643c468b12b9577ee24ba73acfe	e5e5d4ef221387dc4e2a2397869fd9a5472c0e170ffd8df33724a008586f169f
4_vfinal_cuestionario_adultos_ensanut_2024_etiquetas_cuestionarios	4 VFINAL Cuestionario adultos ENSANUT 2024_ETIQUETAS.Cuestionarios.pdf	descargas_mx	795644	sin uso asignado — registro de inventario	NO-APLICA	NO-APLICA	SIN-DEMANDA	manifiesto.yaml+relaciones.tsv+abrir4-variables-2026-08-08.tsv+verif3-variables-2026-08-08.tsv @ dcc4f6a..5f90757 (sin cambio en estos 4 archivos en ese rango,	[REDACTADO-PRIVACIDAD]	buscado por ambas vias -- hash (produccion-modelo.tsv, 11 filas) y ruta (11 scripts de tests/, forense/notas/2026-08-13-cep-cotejo.md SS1-2) -- ninguna empata @	0bc30c3b7f08bda0b1cfebb823eb2bfdd815581fd1d93ea956314bf6507f82d0	REP-37cc5a527be11064a79f2f3884a53034cbb5f4aabed8843c593bd35967ac1926	PRESENTE-INTEGRO	E2	1782	todas las páginas; texto no extraíble se declara por página	E2B-05a44e3213063e5de84fbc0ce1cd8487c5e325a182999bd92655e051532deabd	1c96e3beff85f4829e8afa7a316a29ae13ec4643c468b12b9577ee24ba73acfe	e0bac828a684410b0691d8e5357b31bc90e1edaac1b4db2d89bb8cbf4e166699
518939279mexico_lapop_final_2006_data_set_092906	[REDACTADO-PRIVACIDAD]	descargas_mx	416557	NO-DETERMINADO-W0	NO-DETERMINADO-W0	NO-APLICA	PRESENTE-INTEGRO	manifiesto.yaml@ee50b12c2c86	NO-DETERMINADO-W0	W0 material; semántica no evaluada	e426210067f9dba8aca87a0df2161bc7389cc5aaf9e5516aa7ebf9cb52f149fa	REP-d6ecee68971fe7d1d39b5fb4147fad069b164ced66d493f40a9b3c5e64a3844c	PRESENTE-INTEGRO	E2	226	metadatos completos; observaciones no persistidas	E2B-ff9d59b3546f589c8382f07cd7e95eb1117442298b8a2ef649ab5113decddcad	1c96e3beff85f4829e8afa7a316a29ae13ec4643c468b12b9577ee24ba73acfe	54f2d6505d17a43a2c1ef0f29baa99d157cef75bff3c68460f9ef8f4bf303e98
5_vfinal_cuestionario_utilizadores_ensanut_2024_etiquetas_cuestionarios	5 VFINAL Cuestionario utilizadores ENSANUT 2024_ETIQUETAS.Cuestionarios.pdf	descargas_mx	267996	sin uso asignado — registro de inventario	NO-APLICA	NO-APLICA	SIN-DEMANDA	manifiesto.yaml+relaciones.tsv+abrir4-variables-2026-08-08.tsv+verif3-variables-2026-08-08.tsv @ dcc4f6a..5f90757 (sin cambio en estos 4 archivos en ese rango,	[REDACTADO-PRIVACIDAD]	buscado por ambas vias -- hash (produccion-modelo.tsv, 11 filas) y ruta (11 scripts de tests/, forense/notas/2026-08-13-cep-cotejo.md SS1-2) -- ninguna empata @	004aacee3729009e79065ba7e2c4afacfc7f7c3e418e735c405f46e9189fafa6	REP-ac1020907d5bebd6b22880d0b3e0908e9be550696543dfb15960f5451377f371	PRESENTE-INTEGRO	E2	260	todas las páginas; texto no extraíble se declara por página	E2B-db4f3df527c9d4e6b3a24ecc274eb812b6e258501793382d23cb99a311658e4f	1c96e3beff85f4829e8afa7a316a29ae13ec4643c468b12b9577ee24ba73acfe	434bdf4a9b6e5d4650db5260992df6334e0331f430e2739eb1fd0f1c6a6568ee
642348348mexico_2004_export_version	[REDACTADO-PRIVACIDAD]	descargas_mx	429746	NO-DETERMINADO-W0	NO-DETERMINADO-W0	NO-APLICA	PRESENTE-INTEGRO	manifiesto.yaml@ee50b12c2c86	NO-DETERMINADO-W0	W0 material; semántica no evaluada	ef46b8f5a3c565c931d8ab1d173b2ee34f9f9459987159861ee4e24bf01b9880	REP-722ca9ae5b44b91f443ea2f1023ed0cb04f16e9beaf0006ae9d5614dd4d1f280	PRESENTE-INTEGRO	E2	236	metadatos completos; observaciones no persistidas	E2B-3a11dd27ea5600c75cf76b49a99c18374024ff6a46db3b7ee4f87397db19b7a1	1c96e3beff85f4829e8afa7a316a29ae13ec4643c468b12b9577ee24ba73acfe	f2436f3cd26e9c1a8ab991bc276d4480988aee2979ece3ebb4312da223d5e8bc
682647031technical_information_mexico_2004	[REDACTADO-PRIVACIDAD]	descargas_mx	37463	NO-DETERMINADO-W0	NO-DETERMINADO-W0	NO-APLICA	PRESENTE-INTEGRO	manifiesto.yaml@ee50b12c2c86	NO-DETERMINADO-W0	W0 material; semántica no evaluada	327716b8bc4eee1f4efe011cd41c18ef80c7416e279294807eedf3fffa48d8da	REP-5edfc305e7f4f95d4cb1233f4402d819d59065a006c96e9655def6be16167bc2	PRESENTE-INTEGRO	E2	1	apertura detenida en parser de formato: PermissionError	E2B-fcadd36995831cfa071ec9c0ae8cb0ae068a10aa91ae3f7ce478d297039aa62b	1c96e3beff85f4829e8afa7a316a29ae13ec4643c468b12b9577ee24ba73acfe	309386a2f956c4afa3ae4470c742782f6d8d4af384ccd1923960bd2cb90c161a
abmex18_v12_0_2_5_spa_190207_w	[REDACTADO-PRIVACIDAD]	descargas_mx	1435555	NO-DETERMINADO-W0	NO-DETERMINADO-W0	NO-APLICA	PRESENTE-INTEGRO	manifiesto.yaml@ee50b12c2c86	NO-DETERMINADO-W0	W0 material; semántica no evaluada	6319cfebeda635563cec7d70573430413e608e3366acf00fa35b61cc41362f5c	REP-9482c1563f04aa24637537267931c7c877fd73bba439d49ab529e661d1554591	PRESENTE-INTEGRO	E2	337	todas las páginas; texto no extraíble se declara por página	E2B-572c02f07584a1dfd7e8e1b85993ae52431e8f4c592a77c2199b83771c1f535d	1c96e3beff85f4829e8afa7a316a29ae13ec4643c468b12b9577ee24ba73acfe	dc2ea2374b611a67c35fe720611c9693800024bb1af110168c1a85d3f41f89c9
abmex2021_mexico_questionnaire_v17_2_5_2_spa_210420_w	[REDACTADO-PRIVACIDAD]	descargas_mx	1029836	NO-DETERMINADO-W0	NO-DETERMINADO-W0	NO-APLICA	PRESENTE-INTEGRO	manifiesto.yaml@ee50b12c2c86	NO-DETERMINADO-W0	W0 material; semántica no evaluada	50d983736dda6f98799ac8abb24bc43b446442ca884154078b5e68a6db77f95c	REP-5b6bb36fc28883e57cf23ad0708a6704502715a2697ad59972db363f9743d2e6	PRESENTE-INTEGRO	E2	218	todas las páginas; texto no extraíble se declara por página	E2B-d3ba2d81b25567a96f4dc09bc7cecac35846898567f1d937b8a5ce3f47c07709	1c96e3beff85f4829e8afa7a316a29ae13ec4643c468b12b9577ee24ba73acfe	0f2b145f7ca1720cce269b2dc2689e7fc331c5830f4f763b585123dc71e5303f
abmex2021_technical_report_v1_0_final_eng_110921	[REDACTADO-PRIVACIDAD]	descargas_mx	191445	NO-DETERMINADO-W0	NO-DETERMINADO-W0	NO-APLICA	PRESENTE-INTEGRO	manifiesto.yaml@ee50b12c2c86	NO-DETERMINADO-W0	W0 material; semántica no evaluada	485b9e37c0b845e56caf5dc9b4a37e2fa6271a82b41f709d960ccd8ab58ee2a2	REP-a332da9b44243afea0e0591c38336896bd794bf370fe65b0b2055a440dd1e2b4	PRESENTE-INTEGRO	E2	16	todas las páginas; texto no extraíble se declara por página	E2B-2a28cfc6edcf0bebd8d5c645876efb6c12d1aed1c5dd4a763ed1f4d61db23be6	1c96e3beff85f4829e8afa7a316a29ae13ec4643c468b12b9577ee24ba73acfe	083b60682795219dc071cc5fde775ad7de3777ae8647f45c65076c31e5f0fe67
abmex2023_technical_report_v4_0_final_eng_231117	[REDACTADO-PRIVACIDAD]	descargas_mx	222999	NO-DETERMINADO-W0	NO-DETERMINADO-W0	NO-APLICA	PRESENTE-INTEGRO	manifiesto.yaml@ee50b12c2c86	NO-DETERMINADO-W0	W0 material; semántica no evaluada	f12f33d7c957f2020eb3e7a2c49e9bc21fe0372b501f753fcbfcb929541e4b05	REP-55ff4f8206f0b491f48d41df0d11de26535a519549609596fe250714d16d541d	PRESENTE-INTEGRO	E2	12	todas las páginas; texto no extraíble se declara por página	E2B-7c2b36e3100c9c9bbe7db96784732720cd2530ce089610f1a3c062481ec65ca2	1c96e3beff85f4829e8afa7a316a29ae13ec4643c468b12b9577ee24ba73acfe	f757f1b7e28da639d33c7e8460fb897244afcbcb46868a39edda439f13a1d33b
adolescentes_ensanut2024_w_csv_csv	adolescentes_ensanut2024_w.csv.csv.zip	descargas_mx	416868	sin uso asignado — registro de inventario	NO-APLICA	NO-APLICA	SIN-DEMANDA	manifiesto.yaml+relaciones.tsv+abrir4-variables-2026-08-08.tsv+verif3-variables-2026-08-08.tsv @ dcc4f6a..5f90757 (sin cambio en estos 4 archivos en ese rango,	[REDACTADO-PRIVACIDAD]	buscado por ambas vias -- hash (produccion-modelo.tsv, 11 filas) y ruta (11 scripts de tests/, forense/notas/2026-08-13-cep-cotejo.md SS1-2) -- ninguna empata @	3c5f21ef6158ea0830cabc750ca31b45e0039b04fa93b9b9236b0fe6457d023b	REP-f0b5fe43ac9a695a9f3bf7457a4c3dafab1364918fe0cf175aabca1f855465b3	PRESENTE-INTEGRO	E2	480	contenedor y miembros completos; anidados hasta profundidad 4	E2B-2d214e8d58982b56524d10a5aae880cb8b47abef54248a6e6a79d6266db1e902	1c96e3beff85f4829e8afa7a316a29ae13ec4643c468b12b9577ee24ba73acfe	bea79be654fc783501c4e8492bb91afede7473e24baf0d19406381d6a4ed1ab3
adolescentes_ensanut2024_w_stata_stata	adolescentes_ensanut2024_w.stata.stata.zip	descargas_mx	798929	sin uso asignado — registro de inventario	NO-APLICA	NO-APLICA	SIN-DEMANDA	manifiesto.yaml+relaciones.tsv+abrir4-variables-2026-08-08.tsv+verif3-variables-2026-08-08.tsv @ dcc4f6a..5f90757 (sin cambio en estos 4 archivos en ese rango,	[REDACTADO-PRIVACIDAD]	buscado por ambas vias -- hash (produccion-modelo.tsv, 11 filas) y ruta (11 scripts de tests/, forense/notas/2026-08-13-cep-cotejo.md SS1-2) -- ninguna empata @	b528e00511ad931f2fda973c344299a73d245c11502d867cb9666f7c33824260	REP-4ad2658fabd20b83048c83644304177c6e867676f71081a868505905a0e0a388	PRESENTE-INTEGRO	E2	480	contenedor y miembros completos; anidados hasta profundidad 4	E2B-1a0c98f547c0f762d251ff7588151860efe38dcb194ddd008f613c7580948435	1c96e3beff85f4829e8afa7a316a29ae13ec4643c468b12b9577ee24ba73acfe	b4706ef77186bbcd93e08368a22d5109c4732603a3aab4b3461bd0cfe8ef2bd5
adultos_ensanut2024_w_catlogo	adultos_ensanut2024_w.Catlogo.xlsx	descargas_mx	247551	sin uso asignado — registro de inventario	NO-APLICA	NO-APLICA	SIN-DEMANDA	manifiesto.yaml+relaciones.tsv+abrir4-variables-2026-08-08.tsv+verif3-variables-2026-08-08.tsv @ dcc4f6a..5f90757 (sin cambio en estos 4 archivos en ese rango,	[REDACTADO-PRIVACIDAD]	buscado por ambas vias -- hash (produccion-modelo.tsv, 11 filas) y ruta (11 scripts de tests/, forense/notas/2026-08-13-cep-cotejo.md SS1-2) -- ninguna empata @	0ab22b7f0c3515d966e60634d6e06543a14f2839cda32e3e49895749d419df4c	REP-96120dd5206fdd6915b9ed53533cdcadb495f3a69875050367fda4ab9d3e5455	PRESENTE-INTEGRO	E2	851	todas las hojas/tablas y encabezados; celdas de observación no persistidas	E2B-1f02e285aad8a7dbd39cfcd4447a06b31d8e55de5585ebad5446c3dbd49732d5	1c96e3beff85f4829e8afa7a316a29ae13ec4643c468b12b9577ee24ba73acfe	d670113f98b42087d238c2c51a5cf3a4e4d5d15f28ac4e513538d87f9202240f
adultos_ensanut2024_w_catlogo_csv_csv	adultos_ensanut2024_w.Catlogo.csv.csv.zip	descargas_mx	234627	sin uso asignado — registro de inventario	NO-APLICA	NO-APLICA	SIN-DEMANDA	manifiesto.yaml+relaciones.tsv+abrir4-variables-2026-08-08.tsv+verif3-variables-2026-08-08.tsv @ dcc4f6a..5f90757 (sin cambio en estos 4 archivos en ese rango,	[REDACTADO-PRIVACIDAD]	buscado por ambas vias -- hash (produccion-modelo.tsv, 11 filas) y ruta (11 scripts de tests/, forense/notas/2026-08-13-cep-cotejo.md SS1-2) -- ninguna empata @	464a62daf5e9b0f991a500791e58eb4d2c5ec255acabd59f74ad67d71520ab7a	REP-31d4ecd596c94931303b8abb314d9b5b35bdcddb176b7695b0749c49ff6c3a1c	PRESENTE-INTEGRO	E2	852	contenedor y miembros completos; anidados hasta profundidad 4	E2B-4494a3da98cb1a8aac541fcf7e294f9094585a3582d19171885658f5ccedfeb4	1c96e3beff85f4829e8afa7a316a29ae13ec4643c468b12b9577ee24ba73acfe	e1b40efaa8dcc31988a12317b858cb2366427f13338dce98a38f0cecf841204a
ages_125_alumnos_10	[REDACTADO-PRIVACIDAD]	descargas_mx	662968	NO-DETERMINADO-W0	NO-DETERMINADO-W0	NO-APLICA	PRESENTE-INTEGRO	manifiesto.yaml@ee50b12c2c86	NO-DETERMINADO-W0	W0 material; semántica no evaluada	27af792f50294b987c6c06e18ae34c3edaa435305a351c673f049352b3d92dff	REP-8880514d09bdec02d6774971efcd0c1c766a6e0ea08fb7eb704abf94b18b500b	PRESENTE-INTEGRO	E2	165	todas las páginas; texto no extraíble se declara por página	E2B-e0d439b7e74086052440b492c41f4eee89f7da378f91caf26a06a52a27ceb51d	1c96e3beff85f4829e8afa7a316a29ae13ec4643c468b12b9577ee24ba73acfe	38cf5370b698f3f4a0c6b68aac275fc5badc098421a282dd3c66907111abe2b1
ages_125_directores_10	[REDACTADO-PRIVACIDAD]	descargas_mx	441376	NO-DETERMINADO-W0	NO-DETERMINADO-W0	NO-APLICA	PRESENTE-INTEGRO	manifiesto.yaml@ee50b12c2c86	NO-DETERMINADO-W0	W0 material; semántica no evaluada	3827e3d47e2a439e95ee99fde5c8fbc80dd77ce70bccdc9627d5922f5e23a058	REP-7f82594cee42a3c836f820eb478695c701f87932429a45c8b52c8523a0598c69	PRESENTE-INTEGRO	E2	313	todas las páginas; texto no extraíble se declara por página	E2B-0a9d291e0c41851bdfc4355d113ce1a79b766f19725c769bdea661f8159d6a49	1c96e3beff85f4829e8afa7a316a29ae13ec4643c468b12b9577ee24ba73acfe	121e0442a654b225a147756d79f7ea54626698f624f0381d4629d7129495002a
ages_125_maestros_10	[REDACTADO-PRIVACIDAD]	descargas_mx	436084	NO-DETERMINADO-W0	NO-DETERMINADO-W0	NO-APLICA	PRESENTE-INTEGRO	manifiesto.yaml@ee50b12c2c86	NO-DETERMINADO-W0	W0 material; semántica no evaluada	d6fa16934f75a66c5a59228001813a7fce9e439b188fdd6c86b4cb79f490e605	REP-ba417a25923459065904e1e9cb32959504f0a809490335455895d80979ce97ee	PRESENTE-INTEGRO	E2	309	todas las páginas; texto no extraíble se declara por página	E2B-6a742e4b1283411b791e3c8d04f0e1669547426f4c975dce750a476e1d171837	1c96e3beff85f4829e8afa7a316a29ae13ec4643c468b12b9577ee24ba73acfe	992a69d3926a968405538416a24a26208e68ea53bdd5c1032e3955ef6f6275e5
ages_125_padres_10	[REDACTADO-PRIVACIDAD]	descargas_mx	490676	NO-DETERMINADO-W0	NO-DETERMINADO-W0	NO-APLICA	PRESENTE-INTEGRO	manifiesto.yaml@ee50b12c2c86	NO-DETERMINADO-W0	W0 material; semántica no evaluada	83c1b7f7dc2aeda91ee872b7300a219a3e0432a0ce9a6dff203dca0d9e72a8a5	REP-5718e378366193cea00089d53aac481ff58aadb7d5d0c6596457a6951a6180eb	PRESENTE-INTEGRO	E2	272	todas las páginas; texto no extraíble se declara por página	E2B-14781bff53b16d2b5557154321166e704be9733e65238d70ddd961f076687293	1c96e3beff85f4829e8afa7a316a29ae13ec4643c468b12b9577ee24ba73acfe	44fed9121d4b8f049dd0fea5133ccdf3b8da8e9d5167c680f0ba30a701da786c
banxico_2013_17_crowding_out_70ymas	banxico-2013-17-crowding-out-70ymas.pdf	descargas_mx	253790	[REDACTADO-PRIVACIDAD]	NO-APLICA	NO-APLICA	SIN-DEMANDA	manifiesto.yaml+relaciones.tsv+abrir4-variables-2026-08-08.tsv+verif3-variables-2026-08-08.tsv @ dcc4f6a..5f90757 (sin cambio en estos 4 archivos en ese rango,	[REDACTADO-PRIVACIDAD]	buscado por ambas vias -- hash (produccion-modelo.tsv, 11 filas) y ruta (11 scripts de tests/, forense/notas/2026-08-13-cep-cotejo.md SS1-2) -- ninguna empata @	899dff850d1b23c74d803c026d1dd6306f4115b1b9427a74eb008114d4e99839	REP-9c63e57e1d3f02b4b1512e3a087fbc1caec9bfad387c931898a1b76ea41c67b2	PRESENTE-INTEGRO	E2	87	todas las páginas; texto no extraíble se declara por página	E2B-8086693a55e700766bf0a6b5d7d4e1b044a8435beb36f568a6a6c69eab3746f2	1c96e3beff85f4829e8afa7a316a29ae13ec4643c468b12b9577ee24ba73acfe	1eb4ddbcae960bdad7ac2e05c5aad66de16fc57e0a358ff370c4c5dc96dd00ae
banxico_codi_avances_2026	R3.4_Banxico_CoDi_SPEI/banxico_codi_avances_banco_mexico.html	data_raw	8271	MED-R3.4 -- confirma fecha real de actualizacion de la pagina de avances de implantacion (institucional, no cifras de usuario final)	NO-APLICA	NO-APLICA	SIN-DEMANDA	manifiesto.yaml+relaciones.tsv+abrir4-variables-2026-08-08.tsv+verif3-variables-2026-08-08.tsv @ dcc4f6a..5f90757 (sin cambio en estos 4 archivos en ese rango,	[REDACTADO-PRIVACIDAD]	buscado por ambas vias -- hash (produccion-modelo.tsv, 11 filas) y ruta (11 scripts de tests/, forense/notas/2026-08-13-cep-cotejo.md SS1-2) -- ninguna empata @	3052e7114cb2b100d7f170c2dc78549ca47174a7b2f9e581e36bea12bfb0252a	REP-a97d89f3557731f37f726edb8cc5db0dcac18711b4a4dd61e58781fcdd4f4721	PRESENTE-INTEGRO	E2	7	documento completo; enlaces no seguidos y scripts no ejecutados	E2B-c3bcbac2432af3423a06637c5531b90a369f53f8c2b0166626c33459b84b4c99	1c96e3beff85f4829e8afa7a316a29ae13ec4643c468b12b9577ee24ba73acfe	9f46a868218f4d6bab0679d1fdd4fc18346b93d72570dd67bbd573cf7876bcd3
banxico_codi_cuentas_validadas_x_mil_hab	R3.4_Banxico_CoDi_SPEI/banxico_codi_cuentas_validadas_x_mil_hab_trimestral.xlsx	data_raw	166771	MED-R3.4 -- descarga directa (no cuadro SIE) de cuentas validadas por cada mil habitantes, distribucion geografica trimestral. ACTUALIZADO 2026-08-08 (addendum	NO-APLICA	NO-APLICA	SIN-DEMANDA	manifiesto.yaml+relaciones.tsv+abrir4-variables-2026-08-08.tsv+verif3-variables-2026-08-08.tsv @ dcc4f6a..5f90757 (sin cambio en estos 4 archivos en ese rango,	[REDACTADO-PRIVACIDAD]	buscado por ambas vias -- hash (produccion-modelo.tsv, 11 filas) y ruta (11 scripts de tests/, forense/notas/2026-08-13-cep-cotejo.md SS1-2) -- ninguna empata @	7a8496df90cc9baa28090482836ac1815e0cab530c84047f92ba5de3bf6946b9	REP-aebbbc4a1947c2e8a6988c93a7f7bffa16da1fe246fc43d346977d2e9ad983ef	PRESENTE-INTEGRO	E2	14	todas las hojas/tablas y encabezados; celdas de observación no persistidas	E2B-fd45fbdb3e479301311c8b65185e0aeb59b28a53224001a8b80bfd472ec7c147	1c96e3beff85f4829e8afa7a316a29ae13ec4643c468b12b9577ee24ba73acfe	a243e372400b76db649efe01296a83f71000f330d77d668c7d5d9aac46c9823b
banxico_encuesta_competencias_financieras_2024	banxico_encuesta_competencias_financieras_2024.xlsx	data_raw	1210013	NO-DETERMINADO-W0	NO-DETERMINADO-W0	NO-APLICA	PRESENTE-INTEGRO	manifiesto.yaml@ee50b12c2c86	NO-DETERMINADO-W0	W0 material; semántica no evaluada	8745de04acee2137d4c130fa65e690d996f9b39fbc31315d238579b8352a5245	REP-c5f839d03b485ac107490ccb2681fb49d779edd645a0b2dd079604fe736e7079	PRESENTE-INTEGRO	E2	146	todas las hojas/tablas y encabezados; celdas de observación no persistidas	E2B-94e74d1b49ee7a1aae3070aea67cf0c20c5ec2f7cc9ea82ee7630bbe5fe49af4	1c96e3beff85f4829e8afa7a316a29ae13ec4643c468b12b9577ee24ba73acfe	742d4866dacbfa003bea2183c3ec7e7d853ef9b34d956011b91a9aeaf6ec499f
banxico_informe_anual_idmf_2019	R3.4_Banxico_CoDi_SPEI/informe_anual_IdMF_2019.pdf	data_raw	2494301	[REDACTADO-PRIVACIDAD]	NO-APLICA	NO-APLICA	SIN-DEMANDA	manifiesto.yaml+relaciones.tsv+abrir4-variables-2026-08-08.tsv+verif3-variables-2026-08-08.tsv @ dcc4f6a..5f90757 (sin cambio en estos 4 archivos en ese rango,	[REDACTADO-PRIVACIDAD]	buscado por ambas vias -- hash (produccion-modelo.tsv, 11 filas) y ruta (11 scripts de tests/, forense/notas/2026-08-13-cep-cotejo.md SS1-2) -- ninguna empata @	fc9ed33813a22cc143df21c9ce25cf499a2a5d2ec16b3fc6da451b4ec73a188a	REP-a0080ddcb70971b01a9d95a47f9e2b2bed68ac7051c640234847880a08f0b0fc	PRESENTE-INTEGRO	E2	172	todas las páginas; texto no extraíble se declara por página	E2B-d651817c495e0747d084443f87b617331e93d6d2c424df6acd2dbb4f86d3c1a7	1c96e3beff85f4829e8afa7a316a29ae13ec4643c468b12b9577ee24ba73acfe	4861d3c1d99597427c88245dce21e95b50f6503fc4e0bbe0e8e5a451ed37fb14
banxico_informe_anual_idmf_2020	R3.4_Banxico_CoDi_SPEI/informe_anual_IdMF_2020.pdf	data_raw	4010821	[REDACTADO-PRIVACIDAD]	NO-APLICA	NO-APLICA	SIN-DEMANDA	manifiesto.yaml+relaciones.tsv+abrir4-variables-2026-08-08.tsv+verif3-variables-2026-08-08.tsv @ dcc4f6a..5f90757 (sin cambio en estos 4 archivos en ese rango,	[REDACTADO-PRIVACIDAD]	buscado por ambas vias -- hash (produccion-modelo.tsv, 11 filas) y ruta (11 scripts de tests/, forense/notas/2026-08-13-cep-cotejo.md SS1-2) -- ninguna empata @	7634005053ecfcbc6ef79cfbf7a5af57e1e53eb6dab7e0fb3b36f090797e96f4	REP-58f38401078b397cf6291ad5f54857ccbf3312155f96a7fad6e2e0cbff90364b	PRESENTE-INTEGRO	E2	244	todas las páginas; texto no extraíble se declara por página	E2B-ff007c6ec8be1e8a7810b9cd0f04bf46959e20e17bd648140bddf17ca46f7b7d	1c96e3beff85f4829e8afa7a316a29ae13ec4643c468b12b9577ee24ba73acfe	8ad9f2b982385b0eb58bdbad5a4efcbc474f0f6f7fdb1859ca09b26b3f15f35c
banxico_informe_anual_idmf_2021	R3.4_Banxico_CoDi_SPEI/informe_anual_IdMF_2021.pdf	data_raw	3576969	[REDACTADO-PRIVACIDAD]	NO-APLICA	NO-APLICA	SIN-DEMANDA	manifiesto.yaml+relaciones.tsv+abrir4-variables-2026-08-08.tsv+verif3-variables-2026-08-08.tsv @ dcc4f6a..5f90757 (sin cambio en estos 4 archivos en ese rango,	[REDACTADO-PRIVACIDAD]	buscado por ambas vias -- hash (produccion-modelo.tsv, 11 filas) y ruta (11 scripts de tests/, forense/notas/2026-08-13-cep-cotejo.md SS1-2) -- ninguna empata @	63e3e08a71dcbdc918ad329bafdcedd446c795342ebebbfc0287ead9ca67cb95	REP-2cfb2e79e29c0578c5d3db4b7947d684fcf709aa2a63590c56177823cead9915	PRESENTE-INTEGRO	E2	227	todas las páginas; texto no extraíble se declara por página	E2B-581e4b56af78695631d150ebb9cd48c001c82fa3236096b30f9b91890b0e09fc	1c96e3beff85f4829e8afa7a316a29ae13ec4643c468b12b9577ee24ba73acfe	349936576bf9d6eb1c76957de3a9c00bf6755e7905fb2d284d4664635431c25d
banxico_informe_anual_idmf_2022	R3.4_Banxico_CoDi_SPEI/informe_anual_IdMF_2022.pdf	data_raw	3149823	[REDACTADO-PRIVACIDAD]	NO-APLICA	NO-APLICA	SIN-DEMANDA	manifiesto.yaml+relaciones.tsv+abrir4-variables-2026-08-08.tsv+verif3-variables-2026-08-08.tsv @ dcc4f6a..5f90757 (sin cambio en estos 4 archivos en ese rango,	[REDACTADO-PRIVACIDAD]	buscado por ambas vias -- hash (produccion-modelo.tsv, 11 filas) y ruta (11 scripts de tests/, forense/notas/2026-08-13-cep-cotejo.md SS1-2) -- ninguna empata @	c63ec824f4918a7b64c6b24c8c7c5dea10ce7e2e229d03770279e8b3326aa322	REP-617d2600701a05f0c08516a722645b63040797a897fa31f7735b1645f2976a75	PRESENTE-INTEGRO	E2	277	todas las páginas; texto no extraíble se declara por página	E2B-9ecdcd1099dda116b695448e3660e218c9ae289b0f2474d16c39699308b88e66	1c96e3beff85f4829e8afa7a316a29ae13ec4643c468b12b9577ee24ba73acfe	47e05dbfc2e5aabeb72113cce2b4c301fce73d0ee9a39545bc06f627835e87ba
banxico_informe_anual_idmf_2023	R3.4_Banxico_CoDi_SPEI/informe_anual_IdMF_2023.pdf	data_raw	3395130	[REDACTADO-PRIVACIDAD]	NO-APLICA	NO-APLICA	SIN-DEMANDA	manifiesto.yaml+relaciones.tsv+abrir4-variables-2026-08-08.tsv+verif3-variables-2026-08-08.tsv @ dcc4f6a..5f90757 (sin cambio en estos 4 archivos en ese rango,	[REDACTADO-PRIVACIDAD]	buscado por ambas vias -- hash (produccion-modelo.tsv, 11 filas) y ruta (11 scripts de tests/, forense/notas/2026-08-13-cep-cotejo.md SS1-2) -- ninguna empata @	efbcd28175c9d96b42032d5283e660971aee6ffff82c95a62a9fe1bff413047d	REP-c03382078a45a70b61ab9a49801a22a4f384693f621d1ea789e92a123fecf6b7	PRESENTE-INTEGRO	E2	313	todas las páginas; texto no extraíble se declara por página	E2B-16d2fde47183f387cfa666fd57c730e073ffb3c5dfe5bf7f4f441ca5931e903d	1c96e3beff85f4829e8afa7a316a29ae13ec4643c468b12b9577ee24ba73acfe	116fb7dfaa855e5c0c83195d224fb82ed2250a3c8a292dd767deffa74d7cb3a9
banxico_informe_anual_idmf_2024	R3.4_Banxico_CoDi_SPEI/informe_anual_IdMF_2024.pdf	data_raw	4304507	[REDACTADO-PRIVACIDAD]	NO-APLICA	NO-APLICA	SIN-DEMANDA	manifiesto.yaml+relaciones.tsv+abrir4-variables-2026-08-08.tsv+verif3-variables-2026-08-08.tsv @ dcc4f6a..5f90757 (sin cambio en estos 4 archivos en ese rango,	[REDACTADO-PRIVACIDAD]	buscado por ambas vias -- hash (produccion-modelo.tsv, 11 filas) y ruta (11 scripts de tests/, forense/notas/2026-08-13-cep-cotejo.md SS1-2) -- ninguna empata @	c164b91183402c0728f9799bf4c6889706c71158b45c40546b28a07ab2c78d6f	REP-928388bfaea72567547ec833e14168a361116208e65db1b30b75c9d356ee840b	PRESENTE-INTEGRO	E2	403	todas las páginas; texto no extraíble se declara por página	E2B-6c8bfd8d58970bdb2dc85813017cf0ace48d11009f533a2c716a7abaf42a1c8a	1c96e3beff85f4829e8afa7a316a29ae13ec4643c468b12b9577ee24ba73acfe	d0fce6346b55dd679e38de287b33d143319dfbf87a3c5c960b30d0039ebcd527
banxico_informe_anual_idmf_listado_ediciones	R3.4_Banxico_CoDi_SPEI/banxico_informe_anual_IdMF_listado_ediciones.html	data_raw	11067	[REDACTADO-PRIVACIDAD]	NO-APLICA	NO-APLICA	SIN-DEMANDA	manifiesto.yaml+relaciones.tsv+abrir4-variables-2026-08-08.tsv+verif3-variables-2026-08-08.tsv @ dcc4f6a..5f90757 (sin cambio en estos 4 archivos en ese rango,	[REDACTADO-PRIVACIDAD]	buscado por ambas vias -- hash (produccion-modelo.tsv, 11 filas) y ruta (11 scripts de tests/, forense/notas/2026-08-13-cep-cotejo.md SS1-2) -- ninguna empata @	ba11757f129f714c0ab1c65b0c1ee20681a8991935ba4933feaf954655639bff	REP-34ed30e1f1213888ad1573359094f90efe5dfbc2b7993377dcd9fac8b9ec80c2	PRESENTE-INTEGRO	E2	5	documento completo; enlaces no seguidos y scripts no ejecutados	E2B-80190d47268936a431fc04f47eccd9f9a6fe626e080357896e5754ab08e4bc66	1c96e3beff85f4829e8afa7a316a29ae13ec4643c468b12b9577ee24ba73acfe	936100633c1bdb2bff9b57eb664967163f6d8bd5558491635924aedf2e5a9f1f
banxico_infraestructuras_mercados_fin_landing	R3.4_Banxico_CoDi_SPEI/banxico_infraestructuras_mercados_fin_landing.html	data_raw	10267	[REDACTADO-PRIVACIDAD]	NO-APLICA	NO-APLICA	SIN-DEMANDA	manifiesto.yaml+relaciones.tsv+abrir4-variables-2026-08-08.tsv+verif3-variables-2026-08-08.tsv @ dcc4f6a..5f90757 (sin cambio en estos 4 archivos en ese rango,	[REDACTADO-PRIVACIDAD]	buscado por ambas vias -- hash (produccion-modelo.tsv, 11 filas) y ruta (11 scripts de tests/, forense/notas/2026-08-13-cep-cotejo.md SS1-2) -- ninguna empata @	f834b52c2ed053165c2ed6c107c953b3d81148d7461d95c2e32a11aea47e704c	REP-48f5f27d3211ed8a82967608b92f6aa0c39d96b288bcd82b9383051bc1a8c777	PRESENTE-INTEGRO	E2	7	documento completo; enlaces no seguidos y scripts no ejecutados	E2B-8e9d8686228d865757c9632e7aa429345e306b8b7ec2bef59dad7a5480786856	1c96e3beff85f4829e8afa7a316a29ae13ec4643c468b12b9577ee24ba73acfe	98c70abdd0fb039110f9b235c850817b40d490dba8ca6d8fef5b4752de20490c
banxico_sie_cf881_cuentas_validadas	R3.4_Banxico_CoDi_SPEI/banxico_sie_cuadro_CF881_cuentas_validadas.html	data_raw	467574	MED-R3.4 -- cuadro SIE CF881 'Total de cuentas validadas' por institucion, definicion propia de Banxico. Metrica 1 de 4 (cuentas registradas).	NO-APLICA	NO-APLICA	SIN-DEMANDA	manifiesto.yaml+relaciones.tsv+abrir4-variables-2026-08-08.tsv+verif3-variables-2026-08-08.tsv @ dcc4f6a..5f90757 (sin cambio en estos 4 archivos en ese rango,	[REDACTADO-PRIVACIDAD]	buscado por ambas vias -- hash (produccion-modelo.tsv, 11 filas) y ruta (11 scripts de tests/, forense/notas/2026-08-13-cep-cotejo.md SS1-2) -- ninguna empata @	1debc7f3cc65edde5ef8c48544c03bf7dd6244a836dd19ad299c138e25fc3f55	REP-68ccbe289f1c53c8f4a1830fbf556abab56b286cb4c0c8204e1ea88a5f76a404	PRESENTE-INTEGRO	E2	497	documento completo; enlaces no seguidos y scripts no ejecutados	E2B-a3864255421a63fc1330bb109c1b10be724a73a4641abb0948856ac5875ab063	1c96e3beff85f4829e8afa7a316a29ae13ec4643c468b12b9577ee24ba73acfe	741e9ebc56d87365a4e53bb79a7f5d26bf521b70c5678f716031682751546511
banxico_sie_cf882_cuentas_pago_cobro	R3.4_Banxico_CoDi_SPEI/banxico_sie_cuadro_CF882_cuentas_pago_cobro.html	data_raw	116399	MED-R3.4 -- cuadro SIE CF882, DOS series: 'Cuentas que han realizado al menos un pago' y '...un cobro'. Metrica 2 de 4 (cuentas con >=1 operacion), STOCK acumul	NO-APLICA	NO-APLICA	SIN-DEMANDA	manifiesto.yaml+relaciones.tsv+abrir4-variables-2026-08-08.tsv+verif3-variables-2026-08-08.tsv @ dcc4f6a..5f90757 (sin cambio en estos 4 archivos en ese rango,	[REDACTADO-PRIVACIDAD]	buscado por ambas vias -- hash (produccion-modelo.tsv, 11 filas) y ruta (11 scripts de tests/, forense/notas/2026-08-13-cep-cotejo.md SS1-2) -- ninguna empata @	05cec9b9a2937b22f8644e2f674c183559b86fd97b3235312f23b21ab99f4964	REP-4448aa086e4a38b69e8b76788f8dd370da4d21481439ed132f82d67563c466e4	PRESENTE-INTEGRO	E2	97	documento completo; enlaces no seguidos y scripts no ejecutados	E2B-53c2729846a0c339439ed93bc47eb60fa2834541fa4fdbc682d20987dc4adab1	1c96e3beff85f4829e8afa7a316a29ae13ec4643c468b12b9577ee24ba73acfe	523d4cec483ff49c581d44210409c8e02785fe283d5134cb9d21afd7392dc695
banxico_sie_cf883_dispositivos_enrolados	R3.4_Banxico_CoDi_SPEI/banxico_sie_cuadro_CF883_dispositivos_enrolados.html	data_raw	886364	MED-R3.4 -- cuadro SIE CF883, dos series 'Total de dispositivos Android enrolados' y '...iOS enrolados'. NO es ninguna de las 4 metricas que pide la ficha (es a	NO-APLICA	NO-APLICA	SIN-DEMANDA	manifiesto.yaml+relaciones.tsv+abrir4-variables-2026-08-08.tsv+verif3-variables-2026-08-08.tsv @ dcc4f6a..5f90757 (sin cambio en estos 4 archivos en ese rango,	[REDACTADO-PRIVACIDAD]	buscado por ambas vias -- hash (produccion-modelo.tsv, 11 filas) y ruta (11 scripts de tests/, forense/notas/2026-08-13-cep-cotejo.md SS1-2) -- ninguna empata @	f6456499e8ab2e498cf0995308f6a14250ae9529611fe9320a578642d85c5b1a	REP-80fe086b207ddc42a700f77c8be915f117167fb723ee87b242f5ceec6069b129	PRESENTE-INTEGRO	E2	969	documento completo; enlaces no seguidos y scripts no ejecutados	E2B-7753314cf2baff5679c38fc47aab0f759e5b5ca5a82166bfa4b45c0d0401feff	1c96e3beff85f4829e8afa7a316a29ae13ec4643c468b12b9577ee24ba73acfe	72536c247f1f47266887d3095cf3c51f003f210fc43cf31bc4984bb0a8d9bf9b
banxico_sie_cf884_operaciones	R3.4_Banxico_CoDi_SPEI/banxico_sie_cuadro_CF884_operaciones.html	data_raw	792297	MED-R3.4 -- cuadro SIE CF884 'Total de operaciones enviadas'. Metrica 3 de 4 (numero de operaciones), FLUJO diario.	NO-APLICA	NO-APLICA	SIN-DEMANDA	manifiesto.yaml+relaciones.tsv+abrir4-variables-2026-08-08.tsv+verif3-variables-2026-08-08.tsv @ dcc4f6a..5f90757 (sin cambio en estos 4 archivos en ese rango,	[REDACTADO-PRIVACIDAD]	buscado por ambas vias -- hash (produccion-modelo.tsv, 11 filas) y ruta (11 scripts de tests/, forense/notas/2026-08-13-cep-cotejo.md SS1-2) -- ninguna empata @	5bd31243e63fad1cb680728f1a3cfbddba6196506aa0f7779adbc6c8aaa5a5de	REP-b07d4961ff7b13c1bb1dcdd3989708369739b0b758f27886bf1d0c87ce79fdb6	PRESENTE-INTEGRO	E2	871	documento completo; enlaces no seguidos y scripts no ejecutados	E2B-e5aa0ac1a0a2d05d87944014ca9d3d42ef960eb9d9281e43dd3fb0e4d314fba1	1c96e3beff85f4829e8afa7a316a29ae13ec4643c468b12b9577ee24ba73acfe	f0a478a44b248b4dce1c9e759dcce6ba26fb5fa32a7714c6e6104bdad55cb64b
banxico_sie_cf885_monto	R3.4_Banxico_CoDi_SPEI/banxico_sie_cuadro_CF885_monto.html	data_raw	788382	MED-R3.4 -- cuadro SIE CF885 'Total de monto enviado' (pesos). Metrica 4 de 4 (importes), FLUJO diario.	NO-APLICA	NO-APLICA	SIN-DEMANDA	manifiesto.yaml+relaciones.tsv+abrir4-variables-2026-08-08.tsv+verif3-variables-2026-08-08.tsv @ dcc4f6a..5f90757 (sin cambio en estos 4 archivos en ese rango,	[REDACTADO-PRIVACIDAD]	buscado por ambas vias -- hash (produccion-modelo.tsv, 11 filas) y ruta (11 scripts de tests/, forense/notas/2026-08-13-cep-cotejo.md SS1-2) -- ninguna empata @	de7658bfa05dbab31166f681a3ad8b481ba3afebb16589d289ae58ac3e083748	REP-ca1fe1e40291bb862ac4af1fde32b7358605f686d471d3c2896bc39aa139efed	PRESENTE-INTEGRO	E2	871	documento completo; enlaces no seguidos y scripts no ejecutados	E2B-cde4de6b521b5996e6d4939d919606e042dc26197ffbd47546df280369108f9a	1c96e3beff85f4829e8afa7a316a29ae13ec4643c468b12b9577ee24ba73acfe	7062d5d4918b16aa088e72ee174a729e884f5a913bc5c5547555a3b54592d163
codi_org_mx_estadisticas_landing	R3.4_Banxico_CoDi_SPEI/codi_org_mx_estadisticas_landing.html	data_raw	17874	MED-R3.4 -- landing que expone los 5 cuadros SIE (CF881-CF885) separados por metrica: cuentas validadas, cuentas con pago, cuentas con cobro, operaciones, monto	NO-APLICA	NO-APLICA	SIN-DEMANDA	manifiesto.yaml+relaciones.tsv+abrir4-variables-2026-08-08.tsv+verif3-variables-2026-08-08.tsv @ dcc4f6a..5f90757 (sin cambio en estos 4 archivos en ese rango,	[REDACTADO-PRIVACIDAD]	buscado por ambas vias -- hash (produccion-modelo.tsv, 11 filas) y ruta (11 scripts de tests/, forense/notas/2026-08-13-cep-cotejo.md SS1-2) -- ninguna empata @	43119a1bbf066c426c0b40bb9c8f0fa851caed5a4df163cba99f8ea5b9ea5983	REP-a0f38a58a16ca8d155d1a3a3abc07beba7714edd5d46e641df1e34326772dd62	PRESENTE-INTEGRO	E2	12	documento completo; enlaces no seguidos y scripts no ejecutados	E2B-7bcffba5cab68c8188a92bc5b607d69a86df13e382d331d30550fddb58184f57	1c96e3beff85f4829e8afa7a316a29ae13ec4643c468b12b9577ee24ba73acfe	e7959277c9bbf793f1db47faf3d73c97ea67c029143cac31f80a388a8a1d18e6
conf17_r1_1_paa_componente_apoyo	R1_1_AGROASEMEX/PAA_componente_apoyo.csv	data_raw	210586	Candidata para R1.1 (Ficha 1) — verificación byte a byte por ENCARGO CONF-17. No promueve ni reabre el veredicto D.	NO-APLICA	NO-APLICA	SIN-DEMANDA	manifiesto.yaml+relaciones.tsv+abrir4-variables-2026-08-08.tsv+verif3-variables-2026-08-08.tsv @ dcc4f6a..5f90757 (sin cambio en estos 4 archivos en ese rango,	[REDACTADO-PRIVACIDAD]	buscado por ambas vias -- hash (produccion-modelo.tsv, 11 filas) y ruta (11 scripts de tests/, forense/notas/2026-08-13-cep-cotejo.md SS1-2) -- ninguna empata @	b9ff8a730ba7cefe818f34feae2e95eee9bb00944c0cb1d7a791dfdd19c27ec1	REP-279b5eb960165695721e4b4c4758d557b69e553b713a6ff6b26c70fbe9d2f0a9	PRESENTE-INTEGRO	E2	6	encabezado/esquema y conteo completo; filas no persistidas	E2B-fa8fcb0b417a05af736d6cbebc723269cbaa8ca3e2b99c0a8bcc9ac99908f38e	1c96e3beff85f4829e8afa7a316a29ae13ec4643c468b12b9577ee24ba73acfe	937b915ecb26ad29682b284c3741ef0a29f782b540f5e991675469893fdf882c
conf17_r1_1_paa_componente_subsidio_agricola	R1_1_AGROASEMEX/PAA_componente_subsidio_ramo_agricola.csv	data_raw	1553774	Candidata para R1.1 (Ficha 1) — verificación byte a byte por ENCARGO CONF-17. No promueve ni reabre el veredicto D.	NO-APLICA	NO-APLICA	SIN-DEMANDA	manifiesto.yaml+relaciones.tsv+abrir4-variables-2026-08-08.tsv+verif3-variables-2026-08-08.tsv @ dcc4f6a..5f90757 (sin cambio en estos 4 archivos en ese rango,	[REDACTADO-PRIVACIDAD]	buscado por ambas vias -- hash (produccion-modelo.tsv, 11 filas) y ruta (11 scripts de tests/, forense/notas/2026-08-13-cep-cotejo.md SS1-2) -- ninguna empata @	16aa1c8129eebeb6658d9ea6e5df94554a43e2f788213e1000dcbd9c6a1e88a7	REP-b7200a896dbd6e3c3b057f8a74758677428c15d1ffe4e62b00b38cc2ea4667cc	PRESENTE-INTEGRO	E2	8	encabezado/esquema y conteo completo; filas no persistidas	E2B-ca1216df2e400f2f6e17d7c35727245de58299fe5ef15e31604d1169000e6adf	1c96e3beff85f4829e8afa7a316a29ae13ec4643c468b12b9577ee24ba73acfe	a9623b97316574dc0a0d927436b996f07a796bb4604ee17ea6b794524c3d3fce
conf17_r1_1_paa_componente_subsidio_ganadero	R1_1_AGROASEMEX/PAA_componente_subsidio_ramo_ganadero.csv	data_raw	1153815	Candidata para R1.1 (Ficha 1) — verificación byte a byte por ENCARGO CONF-17. No promueve ni reabre el veredicto D.	NO-APLICA	NO-APLICA	SIN-DEMANDA	manifiesto.yaml+relaciones.tsv+abrir4-variables-2026-08-08.tsv+verif3-variables-2026-08-08.tsv @ dcc4f6a..5f90757 (sin cambio en estos 4 archivos en ese rango,	[REDACTADO-PRIVACIDAD]	buscado por ambas vias -- hash (produccion-modelo.tsv, 11 filas) y ruta (11 scripts de tests/, forense/notas/2026-08-13-cep-cotejo.md SS1-2) -- ninguna empata @	ccba2019639ea15b9f7cdc47acdfca8cae38dd0737c7a6b21acc496ebf0ccb4f	REP-ab90e120b01e0b007c16dc489eebac2eed5ccc91012558680878cbfe49c3f147	PRESENTE-INTEGRO	E2	9	encabezado/esquema y conteo completo; filas no persistidas	E2B-76c06ef83517cbc9764a79b5251575fa4466ccb1b53dfd80835067eb3e2d33bd	1c96e3beff85f4829e8afa7a316a29ae13ec4643c468b12b9577ee24ba73acfe	ff513aa9e666cc2bfbdd8c2f1dba788d8e8acdf3368eb41473c179d249abfc2d
conf17_r1_1_padron_fondos_agroasemex	R1_1_AGROASEMEX/padron_integrantes_sistema_nacional_aseguramiento_agropecuario.csv	data_raw	47848	Candidata para R1.1 (forense/notas/2026-08-05-barrido-publico-17-condiciones-no-existe.md, Ficha 1) — verificación byte a byte por ENCARGO CONF-17. No promueve	NO-APLICA	NO-APLICA	SIN-DEMANDA	manifiesto.yaml+relaciones.tsv+abrir4-variables-2026-08-08.tsv+verif3-variables-2026-08-08.tsv @ dcc4f6a..5f90757 (sin cambio en estos 4 archivos en ese rango,	[REDACTADO-PRIVACIDAD]	buscado por ambas vias -- hash (produccion-modelo.tsv, 11 filas) y ruta (11 scripts de tests/, forense/notas/2026-08-13-cep-cotejo.md SS1-2) -- ninguna empata @	d2cf2d33decdad3271476e6a840b561fc00b3227729a30f67f896ff5d542bf34	REP-6999c60c616353217e45f7a116e95dbb580dc6b2239f112b3d9ebbd668cb5a0a	PRESENTE-INTEGRO	E2	5	encabezado/esquema y conteo completo; filas no persistidas	E2B-d383fefd2a88c42e5ea0d9288dd84019ee8525d8e53f6cae27fe6caee5aac66d	1c96e3beff85f4829e8afa7a316a29ae13ec4643c468b12b9577ee24ba73acfe	cdd177d0e03f350f46d0b89150343655751cc9ed2c2b319872b915f80b566d26
conf17_r4_1_sestad_reporte_2021	R4_1_SESTAD_ESTAD/SESTAD_reporte_2021.pdf	data_raw	1006873	Candidata para R4.1 (Ficha 7, veredicto D ya sellado) — verificación byte a byte por ENCARGO CONF-17. No reabre el veredicto.	NO-APLICA	NO-APLICA	SIN-DEMANDA	manifiesto.yaml+relaciones.tsv+abrir4-variables-2026-08-08.tsv+verif3-variables-2026-08-08.tsv @ dcc4f6a..5f90757 (sin cambio en estos 4 archivos en ese rango,	[REDACTADO-PRIVACIDAD]	buscado por ambas vias -- hash (produccion-modelo.tsv, 11 filas) y ruta (11 scripts de tests/, forense/notas/2026-08-13-cep-cotejo.md SS1-2) -- ninguna empata @	f4383a277ad9653486c41a7e29e801df8f88e67b39dd6adfe46e7ecdb5627f95	REP-0b5f634145cfc0235e632fa0dd86c6ca815c781ed5ade776cc8778f59f81d65c	PRESENTE-INTEGRO	E2	397	todas las páginas; texto no extraíble se declara por página	E2B-17cc4be565ba0ad68a4e4ea171abc283cab35faeba0fad7d90a6056f1a520301	1c96e3beff85f4829e8afa7a316a29ae13ec4643c468b12b9577ee24ba73acfe	df41cd84c2f9ade1d26f7aec1fca0e423b1e7787fff831ae2146b94350aa043f
conf17_r9_1_ensanut_2018_cuestionario_utilizadores	R9_1_ENSANUT_utilizadores/ensanut_2018_utilizadores_servicios_salud.pdf	data_raw	930234	Candidata para R9.1 (Ficha 14, veredicto D ya sellado) — verificación byte a byte por ENCARGO CONF-17. No reabre el veredicto.	NO-APLICA	NO-APLICA	SIN-DEMANDA	manifiesto.yaml+relaciones.tsv+abrir4-variables-2026-08-08.tsv+verif3-variables-2026-08-08.tsv @ dcc4f6a..5f90757 (sin cambio en estos 4 archivos en ese rango,	[REDACTADO-PRIVACIDAD]	buscado por ambas vias -- hash (produccion-modelo.tsv, 11 filas) y ruta (11 scripts de tests/, forense/notas/2026-08-13-cep-cotejo.md SS1-2) -- ninguna empata @	164309f4742408b04cd0d561ef3cf4d78b1b82844569e469dec740e4f54fc721	REP-e639444e8fc382244eee92033b3821a39146b6d51c795555fbf28ea8a36986c4	PRESENTE-INTEGRO	E2	1	apertura detenida en parser de formato: PermissionError	E2B-90dfbb46a2ae989ec8168fe3d1280d40c7e98883559d3ceeddad39a8e22afe51	1c96e3beff85f4829e8afa7a316a29ae13ec4643c468b12b9577ee24ba73acfe	014e6f9505fcbe59377dee95b4b92298a31c85fdc655439179265420fc43b46a
cpv2020_caas_descriptor_bd_xlsx	Censo2020_CAAS_descriptor_bd.xlsx	data_raw	77167	documentación — descriptor de la base de datos CAAS (estructura de tablas/campos, no diccionario de variables de reactivo)	NO-APLICA	NO-APLICA	SIN-DEMANDA	manifiesto.yaml+relaciones.tsv+abrir4-variables-2026-08-08.tsv+verif3-variables-2026-08-08.tsv @ dcc4f6a..5f90757 (sin cambio en estos 4 archivos en ese rango,	[REDACTADO-PRIVACIDAD]	buscado por ambas vias -- hash (produccion-modelo.tsv, 11 filas) y ruta (11 scripts de tests/, forense/notas/2026-08-13-cep-cotejo.md SS1-2) -- ninguna empata @	ca169ac742c3cb683025e5e7933eaf8e11803a157981a8efbe6f09d38fb01dcd	REP-63fc28d5c3d1352a5ee2028b9358b4f46831b44794cbb6b91e04d0b41e2ddef9	PRESENTE-INTEGRO	E2	286	todas las hojas/tablas y encabezados; celdas de observación no persistidas	E2B-4832b11817e7795eebfa9dfcf1a1beb969eab1537c5edf97318bd63ce252d5e0	1c96e3beff85f4829e8afa7a316a29ae13ec4643c468b12b9577ee24ba73acfe	5375461ecaa2ba6bbc14ee27a3d0111af1f8a772d25e5f9863fae6fc92f1add0
cpv2020_caas_eum_csv	Censo2020_CAAS_eum_csv.zip	data_raw	1076224	[REDACTADO-PRIVACIDAD]	NO-APLICA	NO-APLICA	SIN-DEMANDA	manifiesto.yaml+relaciones.tsv+abrir4-variables-2026-08-08.tsv+verif3-variables-2026-08-08.tsv @ dcc4f6a..5f90757 (sin cambio en estos 4 archivos en ese rango,	[REDACTADO-PRIVACIDAD]	buscado por ambas vias -- hash (produccion-modelo.tsv, 11 filas) y ruta (11 scripts de tests/, forense/notas/2026-08-13-cep-cotejo.md SS1-2) -- ninguna empata @	10b56a3b724c14c000464f3a632a9eb845dd5fa0ffc800d16644840d74b7c125	REP-38ffadda2ff866e032cd5e18ac3e2ddb618194c2616a49dde6e3d4355bf3eb5d	PRESENTE-INTEGRO	E2	265	contenedor y miembros completos; anidados hasta profundidad 4	E2B-cedddf4a011218fd58d9548e5e1a271e2453fb069d41d24a94a0e1aad76572fa	1c96e3beff85f4829e8afa7a316a29ae13ec4643c468b12b9577ee24ba73acfe	e00e28fb9486f26dd6a8aec81eb4067ebeebbdd38d408328aae068b5dd4f3392
cpv2020_ceu_descriptor_bd_xlsx	Censo2020_CEU_descriptor_bd.xlsx	data_raw	52106	documentación — descriptor de la base de datos CEU (estructura de tablas/campos, no diccionario de variables de reactivo)	NO-APLICA	NO-APLICA	SIN-DEMANDA	manifiesto.yaml+relaciones.tsv+abrir4-variables-2026-08-08.tsv+verif3-variables-2026-08-08.tsv @ dcc4f6a..5f90757 (sin cambio en estos 4 archivos en ese rango,	[REDACTADO-PRIVACIDAD]	buscado por ambas vias -- hash (produccion-modelo.tsv, 11 filas) y ruta (11 scripts de tests/, forense/notas/2026-08-13-cep-cotejo.md SS1-2) -- ninguna empata @	b497acecd542c50379fcb505b84e4bf016caae99fb440bbd8655384372e5a87e	REP-1f5ad2b10582bd2b43041d3197e76eee0363930de197aad570ee5c9fa2eaf0c5	PRESENTE-INTEGRO	E2	136	todas las hojas/tablas y encabezados; celdas de observación no persistidas	E2B-4618ddb7b64380e892ea72a118cbb3eab8f8c74ed487fa4a53b7024f4457a56d	1c96e3beff85f4829e8afa7a316a29ae13ec4643c468b12b9577ee24ba73acfe	dcc514de4530a4e3cfb1387f16c69d4106efc914c691159682611bbbffe13765
cpv2020_ceu_eum_csv	Censo2020_CEU_eum_csv.zip	data_raw	135163712	[REDACTADO-PRIVACIDAD]	NO-APLICA	NO-APLICA	SIN-DEMANDA	manifiesto.yaml+relaciones.tsv+abrir4-variables-2026-08-08.tsv+verif3-variables-2026-08-08.tsv @ dcc4f6a..5f90757 (sin cambio en estos 4 archivos en ese rango,	[REDACTADO-PRIVACIDAD]	buscado por ambas vias -- hash (produccion-modelo.tsv, 11 filas) y ruta (11 scripts de tests/, forense/notas/2026-08-13-cep-cotejo.md SS1-2) -- ninguna empata @	49f2dd9563d9dda71f884b57655ecd1b34607c51acca72f8647403810a84d2cd	REP-5839eb993c486ecb68d7680ae63bfcfed0d2d1d75668b3761961d574ca04c278	PRESENTE-INTEGRO	E2	80	contenedor y miembros completos; anidados hasta profundidad 4	E2B-e82ada6556cf5caa0f4e77cffd2e9ddbee1619bf6b10ad1876ace4b4ee4c9ad7	1c96e3beff85f4829e8afa7a316a29ae13ec4643c468b12b9577ee24ba73acfe	c37a8941077de81140c89e4133195f628da942ca22e745cd4a060203cb7cb4ce
cpv2020_cuestionario_ampliado_pdf	Censo2020_cuest_ampliado.pdf	data_raw	986778	[REDACTADO-PRIVACIDAD]	NO-APLICA	NO-APLICA	SIN-DEMANDA	manifiesto.yaml+relaciones.tsv+abrir4-variables-2026-08-08.tsv+verif3-variables-2026-08-08.tsv @ dcc4f6a..5f90757 (sin cambio en estos 4 archivos en ese rango,	[REDACTADO-PRIVACIDAD]	buscado por ambas vias -- hash (produccion-modelo.tsv, 11 filas) y ruta (11 scripts de tests/, forense/notas/2026-08-13-cep-cotejo.md SS1-2) -- ninguna empata @	4a88b9b7a3e8c7dfae2804008ddb5082522a8f9e2bd63880fc34fdde1b972272	REP-22994ccf54b24ea4387959d35d1f3508d8e263ecdd810ec038d49e714fbd6a90	PRESENTE-INTEGRO	E2	1	apertura detenida en parser de formato: PermissionError	E2B-032855becc99d773575f0792476b545c1cb686834b01bf92b55357d9688db284	1c96e3beff85f4829e8afa7a316a29ae13ec4643c468b12b9577ee24ba73acfe	e892f405239d825cdef283627f22d1af42df6085d2a06cf98819c513eb74a5bd
cpv2020_diccionario_cuestionario_ampliado_xlsx	diccionario_cuestionario_ampliado_cpv2020.xlsx	data_raw	95642	[REDACTADO-PRIVACIDAD]	NO-APLICA	NO-APLICA	SIN-DEMANDA	manifiesto.yaml+relaciones.tsv+abrir4-variables-2026-08-08.tsv+verif3-variables-2026-08-08.tsv @ dcc4f6a..5f90757 (sin cambio en estos 4 archivos en ese rango,	[REDACTADO-PRIVACIDAD]	buscado por ambas vias -- hash (produccion-modelo.tsv, 11 filas) y ruta (11 scripts de tests/, forense/notas/2026-08-13-cep-cotejo.md SS1-2) -- ninguna empata @	e728cdac1872be856ba15c2902a77fb6c03e60c2d98619b7ae8988cc82afb6dc	REP-3abfab640abbe85a8187559224d319f86da6e03cd5adf64debfd3d097e3b2d23	PRESENTE-INTEGRO	E2	227	todas las hojas/tablas y encabezados; celdas de observación no persistidas	E2B-1e828ac8aa2f71e4d54878a1c5187e14a8b96e10c469c114f94c68073330d209	1c96e3beff85f4829e8afa7a316a29ae13ec4643c468b12b9577ee24ba73acfe	69a63d376b359bada475cd3382d60b100bd4681d2402c50c798392982b2c3709
cpv2020_fd_iter_pdf	fd_iter_cpv2020.pdf	data_raw	921352	documentación — ficha descriptiva de Iter (estructura de campos del agregado por localidad, no diccionario de reactivo)	NO-APLICA	NO-APLICA	SIN-DEMANDA	manifiesto.yaml+relaciones.tsv+abrir4-variables-2026-08-08.tsv+verif3-variables-2026-08-08.tsv @ dcc4f6a..5f90757 (sin cambio en estos 4 archivos en ese rango,	[REDACTADO-PRIVACIDAD]	buscado por ambas vias -- hash (produccion-modelo.tsv, 11 filas) y ruta (11 scripts de tests/, forense/notas/2026-08-13-cep-cotejo.md SS1-2) -- ninguna empata @	1b7ea20fb8f00b9ed248da725a43bda0c7bab6c96d4fe77d6ddf51b1876525eb	REP-f8c62b173b3b99a935f1c7408f22f8a8f00d501c19b0bcb8acee74cac6cefd38	PRESENTE-INTEGRO	E2	1	apertura detenida en parser de formato: PermissionError	E2B-e3deee55c93f232241856a25578fbfa72c275f5b2a35ce572c68a6b6fd1fb5c7	1c96e3beff85f4829e8afa7a316a29ae13ec4643c468b12b9577ee24ba73acfe	cb75bd87189dccb99d7559ad33d2be772ba8216b1f0a0566d815a7c63cf264a1
cpv2020_iter_nal_csv	ITER_NAL_2020_csv.zip	data_raw	36604573	microdatos — Iter (Iteración de localidad), agregados nacionales por localidad. Marginales que la síntesis IPU necesita (modelo §1.1).	NO-APLICA	NO-APLICA	SIN-DEMANDA	manifiesto.yaml+relaciones.tsv+abrir4-variables-2026-08-08.tsv+verif3-variables-2026-08-08.tsv @ dcc4f6a..5f90757 (sin cambio en estos 4 archivos en ese rango,	[REDACTADO-PRIVACIDAD]	buscado por ambas vias -- hash (produccion-modelo.tsv, 11 filas) y ruta (11 scripts de tests/, forense/notas/2026-08-13-cep-cotejo.md SS1-2) -- ninguna empata @	ff39bb1d1b6e6adcc6204622535d213d4cd04902bc6ab6e8345f244a6d5f85d6	REP-0e54053ae059310d236820279aefc08921a6ba306b0291014eafd6157a64ce24	PRESENTE-INTEGRO	E2	288	contenedor y miembros completos; anidados hasta profundidad 4	E2B-8efd9c32b035f95e5e70e6f33ee3eb371e5b695b715521aecdc29b92b813f35f	1c96e3beff85f4829e8afa7a316a29ae13ec4643c468b12b9577ee24ba73acfe	c22f2c238ab871ee4a304cf7f106cfbdba0358fd679a4491d2ceee6daedf9259
cses5_modulo5_2016_2021_codebook	cses5_codebook.zip	data_raw	593754	Ficha documental (codebook) del CSES Modulo 5 -- acompana cses5_modulo5_2016_2021_csv	NO-APLICA	NO-APLICA	SIN-DEMANDA	manifiesto.yaml+relaciones.tsv+abrir4-variables-2026-08-08.tsv+verif3-variables-2026-08-08.tsv @ dcc4f6a..5f90757 (sin cambio en estos 4 archivos en ese rango,	[REDACTADO-PRIVACIDAD]	buscado por ambas vias -- hash (produccion-modelo.tsv, 11 filas) y ruta (11 scripts de tests/, forense/notas/2026-08-13-cep-cotejo.md SS1-2) -- ninguna empata @	a012fd2d683603e77cb80abc82dbc076b29299359ea8ead561464fe271c24b57	REP-472eadceb42f627e02b5c8d2da19c586be175499b27762ce78c99c5849833d0a	PRESENTE-INTEGRO	E2	5612	contenedor y miembros completos; anidados hasta profundidad 4	E2B-33d674c7c02f3c6eaf747584f581262c05fb1fc7c0b3874197ff57980457a1db	1c96e3beff85f4829e8afa7a316a29ae13ec4643c468b12b9577ee24ba73acfe	8ea5c4648c5fa803f5f2c7042575ee25098fe80438ba7fcf530a63a274f6c701
cses5_modulo5_2016_2021_csv	cses5_csv.zip	data_raw	16604927	Microdato CSES Modulo 5 (2016-2021), candidato para N17/N25/N26/N27 (cola de adquisicion 2026-08-12, palanca 7) -- archivo pooled cross-nacional, un solo CSV de	NO-APLICA	NO-APLICA	SIN-DEMANDA	manifiesto.yaml+relaciones.tsv+abrir4-variables-2026-08-08.tsv+verif3-variables-2026-08-08.tsv @ dcc4f6a..5f90757 (sin cambio en estos 4 archivos en ese rango,	[REDACTADO-PRIVACIDAD]	buscado por ambas vias -- hash (produccion-modelo.tsv, 11 filas) y ruta (11 scripts de tests/, forense/notas/2026-08-13-cep-cotejo.md SS1-2) -- ninguna empata @	4e8bc74a9e62ec405f172346a1cfe28fecd66934d0176ea4a0493c3807fd7e13	REP-2da6c69e187c94cb40e7ee662e097e9421b9269f507c7d716ad503d21f0dc6ee	PRESENTE-INTEGRO	E2	607	contenedor y miembros completos; anidados hasta profundidad 4	E2B-9de211d507e77e4c8a2049426fa3e3bc86236df2f87dfe8e85323515fa03c91b	1c96e3beff85f4829e8afa7a316a29ae13ec4643c468b12b9577ee24ba73acfe	4bc454c3549947415f3fc2494daab23c3e89e6faa3baec67d2ddc2862d6bf7cb
cses5_modulo5_2016_2021_cuestionario	cses5_Questionnaire.txt	data_raw	117737	Ficha documental (cuestionario) del CSES Modulo 5	N17,N25,N26,N27	NO-APLICA	REFERENCIADO-NO-ABIERTO	manifiesto.yaml+relaciones.tsv+abrir4-variables-2026-08-08.tsv+verif3-variables-2026-08-08.tsv @ dcc4f6a..5f90757 (sin cambio en estos 4 archivos en ese rango,	[REDACTADO-PRIVACIDAD]	buscado por ambas vias -- hash (produccion-modelo.tsv, 11 filas) y ruta (11 scripts de tests/, forense/notas/2026-08-13-cep-cotejo.md SS1-2) -- ninguna empata @	d4deba9a038639871db1625158ef437fe476a3f8b2a0edc5a8041347528abc6c	REP-a3ae6523d18b5adb2bd245f06f130a2b7b5d716867552b410cc079dfca4a6a72	PRESENTE-INTEGRO	E2	801	clasificación segura y estructura; líneas ordinarias no persistidas	E2B-5eece0a136803daed31c0af00f23476126056f794d5efc123495bb5a58a11a63	1c96e3beff85f4829e8afa7a316a29ae13ec4643c468b12b9577ee24ba73acfe	cc22f4b20cb5ed46a67b18e22b49d34e7b3bcfeff0ddfd8dae135abbfd77cacc
datadetails	[REDACTADO-PRIVACIDAD]	descargas_mx	682496	NO-DETERMINADO-W0	NO-DETERMINADO-W0	NO-APLICA	PRESENTE-INTEGRO	manifiesto.yaml@ee50b12c2c86	NO-DETERMINADO-W0	W0 material; semántica no evaluada	2b88ef960078381b9ecdc439bd57a5f1c1e06da81cb9caac21f16b9cfca343c3	REP-99c1140e647ddc9f2275e34377fb9a442d273baf046d76b951bc3b60f891b5c8	PRESENTE-INTEGRO	E2	4	todas las hojas BIFF; celdas como excepción específica	E2B-783f27dc31637506896d27dfd656cdb1711f23c0d1c0d48a768caea093b8fc4c	1c96e3beff85f4829e8afa7a316a29ae13ec4643c468b12b9577ee24ba73acfe	1e239c8ff97343626043c8f09e5fa0011e7d5ae1f1f9cd51a344f887f1570bde
dataverse_files	[REDACTADO-PRIVACIDAD]	descargas_mx	9987996	NO-DETERMINADO-W0	NO-DETERMINADO-W0	NO-APLICA	PRESENTE-INTEGRO	manifiesto.yaml@ee50b12c2c86	NO-DETERMINADO-W0	W0 material; semántica no evaluada	6358fb5ef7aaafaa186940591c27bd4fc52c66ecca37e3e9381040c270a4096d	REP-a434b60075ee7f698b1d34fcf37697c2db2a84839c0c961e75778625ddb60e10	PRESENTE-INTEGRO	E2	87	contenedor y miembros completos; anidados hasta profundidad 4	E2B-5caf130ea34a6da2c8e27145ffe560b94496355e7c47cadcfa355607b93f8537	1c96e3beff85f4829e8afa7a316a29ae13ec4643c468b12b9577ee24ba73acfe	1f846d666d19a97150caf2a14b3a0b72d64bdd217d9fa3c2984bcdd3120cc85e
datosgobmx_ckan_enaproce_enestyc_cero	R2.1_R2.2_R10.2_RNM_microdato/datosgobmx_ckan_package_search_enaproce_enestyc_cero_resultados.json	data_raw	216	B.4 -- CKAN datos.gob.mx package_search para enaproce y enestyc, ambas cero resultados	NO-APLICA	NO-APLICA	SIN-DEMANDA	manifiesto.yaml+relaciones.tsv+abrir4-variables-2026-08-08.tsv+verif3-variables-2026-08-08.tsv @ dcc4f6a..5f90757 (sin cambio en estos 4 archivos en ese rango,	[REDACTADO-PRIVACIDAD]	buscado por ambas vias -- hash (produccion-modelo.tsv, 11 filas) y ruta (11 scripts de tests/, forense/notas/2026-08-13-cep-cotejo.md SS1-2) -- ninguna empata @	d26a2cdbc9fcbf8b1fb6f6d35464c83dce825a99591d9012fa21d45da6b832d9	REP-88c3ef00a9e53f02e43cb7fbf7281cf3abfa3d7728c12c1265613f635e3c7ac2	PRESENTE-INTEGRO	E2	9	estructura recursiva completa; valores no persistidos	E2B-c9f9d1da336e1c45997fad298ef20312dd716fefb7e5ec36b8f0b4b28948de92	1c96e3beff85f4829e8afa7a316a29ae13ec4643c468b12b9577ee24ba73acfe	279ef9ff9bc06fcf0eaaf8508f8b8f7907d2fe992b7081127b6850a3fe94dfda
ddi_documentation_english_microdata_2049	[REDACTADO-PRIVACIDAD]	descargas_mx	188156	NO-DETERMINADO-W0	NO-DETERMINADO-W0	NO-APLICA	PRESENTE-INTEGRO	manifiesto.yaml@ee50b12c2c86	NO-DETERMINADO-W0	W0 material; semántica no evaluada	8a52a2866e0cb19cf3e6b95d74c8e3edeaa75d386d7edd2dad7a8fb672e2216f	REP-a6085dd8c05ed0f4abd88ab53de01275742ffa19119f083c66ec63cdde886ca9	PRESENTE-INTEGRO	E2	179	todas las páginas; texto no extraíble se declara por página	E2B-6f26f54f4b07430d901d870895deccead69623dd93295acdcab02f08d84fbd52	1c96e3beff85f4829e8afa7a316a29ae13ec4643c468b12b9577ee24ba73acfe	a12ea01af2f883934e960aa50b402b10f33cbeddf227ca6b57cb93373f8c52b2
ddi_documentation_english_microdata_2661	[REDACTADO-PRIVACIDAD]	descargas_mx	350548	NO-DETERMINADO-W0	NO-DETERMINADO-W0	NO-APLICA	PRESENTE-INTEGRO	manifiesto.yaml@ee50b12c2c86	NO-DETERMINADO-W0	W0 material; semántica no evaluada	98e6a7af6f136f44aa70bacf3d9d861cbe013f7f04a6b2f54db53d39007eec68	REP-862d3233f6acdb9661f8a385d0edfeba1eb5bd3e97c4d899dbb37b98e159d100	PRESENTE-INTEGRO	E2	776	todas las páginas; texto no extraíble se declara por página	E2B-43bbf1987f0d8fed9d47927951db344ede0bb0751d3512f790cc09cf61830dee	1c96e3beff85f4829e8afa7a316a29ae13ec4643c468b12b9577ee24ba73acfe	dd39ac0d3a36f263c1665324707aca937d8f82772bf442b4463e138751445b94
descargamasiva_1382026_134046	[REDACTADO-PRIVACIDAD]	descargas_mx	603147	NO-DETERMINADO-W0	NO-DETERMINADO-W0	NO-APLICA	PRESENTE-INTEGRO	manifiesto.yaml@ee50b12c2c86	NO-DETERMINADO-W0	W0 material; semántica no evaluada	16813631ba7be8af0ed5a0bf023e767903087f5992a6f2a1bccac8c75afb71c1	REP-5d00c6bb87f8646f74f95580d98c8db8a9a9ab9a0502e67791160abcb1bf38ce	PRESENTE-INTEGRO	E2	97	contenedor y miembros completos; anidados hasta profundidad 4	E2B-545cac57566e9a98d3da813ea38b2e772207eb3a39b0834809f2d0f02326a43e	1c96e3beff85f4829e8afa7a316a29ae13ec4643c468b12b9577ee24ba73acfe	d86e67cd4109547561118a5b03d3ddf933c95517fadd0dd6fec894bffdc29967
descargamasiva_3072026_105543	DescargaMasiva_3072026_105543.zip	descargas_mx	602155	[REDACTADO-PRIVACIDAD]	NO-APLICA	NO-APLICA	SIN-DEMANDA	manifiesto.yaml+relaciones.tsv+abrir4-variables-2026-08-08.tsv+verif3-variables-2026-08-08.tsv @ dcc4f6a..5f90757 (sin cambio en estos 4 archivos en ese rango,	[REDACTADO-PRIVACIDAD]	buscado por ambas vias -- hash (produccion-modelo.tsv, 11 filas) y ruta (11 scripts de tests/, forense/notas/2026-08-13-cep-cotejo.md SS1-2) -- ninguna empata @	cbcd416a843f0a17419fb4c5be64800540c37dc2b575c69862a87f16de04e0d6	REP-16fe638724ac69259d996eecc8b91b5e4d3fec5e50a833f617c8c84b24d33f26	PRESENTE-INTEGRO	E2	13	contenedor y miembros completos; anidados hasta profundidad 4	E2B-aeadccd8ce7141e9fb2ef6308c9d8bcfe0d561c6d4e274d5bff1fcbabb90f70f	1c96e3beff85f4829e8afa7a316a29ae13ec4643c468b12b9577ee24ba73acfe	9ad85566e7e05feb080888888b7e91c53703d2bb8c61fa0058db5e205e338235
descargamasiva_3072026_10560	DescargaMasiva_3072026_10560.zip	descargas_mx	602154	[REDACTADO-PRIVACIDAD]	NO-APLICA	NO-APLICA	SIN-DEMANDA	manifiesto.yaml+relaciones.tsv+abrir4-variables-2026-08-08.tsv+verif3-variables-2026-08-08.tsv @ dcc4f6a..5f90757 (sin cambio en estos 4 archivos en ese rango,	[REDACTADO-PRIVACIDAD]	buscado por ambas vias -- hash (produccion-modelo.tsv, 11 filas) y ruta (11 scripts de tests/, forense/notas/2026-08-13-cep-cotejo.md SS1-2) -- ninguna empata @	a68da0e08403c2083a161491a908a36ae340c1a13db545bb22383577e6d0a7e9	REP-0573636fb0d1bf64deeeb7f3996a749d7aa281ef0ca2dda5abe221e25e0eb982	PRESENTE-INTEGRO	E2	13	contenedor y miembros completos; anidados hasta profundidad 4	E2B-6ed061f3e531cf55f3bccc71614854ecfdd44f66f6d71c21375998df6fbc7dcc	1c96e3beff85f4829e8afa7a316a29ae13ec4643c468b12b9577ee24ba73acfe	661a652e144a6bc288783e76a099a436ec9fcf069c0bceefb2ba7fc934270e32
descargamasiva_3072026_105617	DescargaMasiva_3072026_105617.zip	descargas_mx	602150	[REDACTADO-PRIVACIDAD]	NO-APLICA	NO-APLICA	SIN-DEMANDA	manifiesto.yaml+relaciones.tsv+abrir4-variables-2026-08-08.tsv+verif3-variables-2026-08-08.tsv @ dcc4f6a..5f90757 (sin cambio en estos 4 archivos en ese rango,	[REDACTADO-PRIVACIDAD]	buscado por ambas vias -- hash (produccion-modelo.tsv, 11 filas) y ruta (11 scripts de tests/, forense/notas/2026-08-13-cep-cotejo.md SS1-2) -- ninguna empata @	4ab75449ed7bc6e3576d3da6c85f81fcb8c2a462ccfdacc75e3761f8840f5240	REP-3d58d6ce7b61b72f7bbfed6828644d4ffa76d13c42ecda42fc0611db9e7111b5	PRESENTE-INTEGRO	E2	12	contenedor y miembros completos; anidados hasta profundidad 4	E2B-88ef21499ae1ea476f933e4e94dd11757ecee4defd1d598d13dfc1b5b7f45a1a	1c96e3beff85f4829e8afa7a316a29ae13ec4643c468b12b9577ee24ba73acfe	278534ae2951d6f28fd292db64264df4b63d5c92237b702574a7b0f2a4a8da9b
descargamasiva_3072026_105625	DescargaMasiva_3072026_105625.zip	descargas_mx	602154	[REDACTADO-PRIVACIDAD]	NO-APLICA	NO-APLICA	SIN-DEMANDA	manifiesto.yaml+relaciones.tsv+abrir4-variables-2026-08-08.tsv+verif3-variables-2026-08-08.tsv @ dcc4f6a..5f90757 (sin cambio en estos 4 archivos en ese rango,	[REDACTADO-PRIVACIDAD]	buscado por ambas vias -- hash (produccion-modelo.tsv, 11 filas) y ruta (11 scripts de tests/, forense/notas/2026-08-13-cep-cotejo.md SS1-2) -- ninguna empata @	b7af09f37e8215d9a092825b4f4ecdde4bae65a6f3fc5ec8f40086b61a245bfb	REP-a2a33261095196215633269211bd570f25e70d554f24f5c79666f88537bcf80a	PRESENTE-INTEGRO	E2	12	contenedor y miembros completos; anidados hasta profundidad 4	E2B-a0f47d774de78d5ab9aa91723fbca838616d7cd569e2f161293eef2628b88f66	1c96e3beff85f4829e8afa7a316a29ae13ec4643c468b12b9577ee24ba73acfe	5e0f31b38f7d8f669c71ee983ebbed5db5355884c4ea4c9196a0db3a5963f8e1
descargamasiva_3072026_10567	DescargaMasiva_3072026_10567.zip	descargas_mx	602152	[REDACTADO-PRIVACIDAD]	NO-APLICA	NO-APLICA	SIN-DEMANDA	manifiesto.yaml+relaciones.tsv+abrir4-variables-2026-08-08.tsv+verif3-variables-2026-08-08.tsv @ dcc4f6a..5f90757 (sin cambio en estos 4 archivos en ese rango,	[REDACTADO-PRIVACIDAD]	buscado por ambas vias -- hash (produccion-modelo.tsv, 11 filas) y ruta (11 scripts de tests/, forense/notas/2026-08-13-cep-cotejo.md SS1-2) -- ninguna empata @	e913e542b6f08fee3192d3881891e5a0163cd715d1d321b38d108dbda9aa2b25	REP-7bdcf7bf0672872569f80019dcd4715d8e488d66de7a6fb1b768df4ae0bccd7f	PRESENTE-INTEGRO	E2	12	contenedor y miembros completos; anidados hasta profundidad 4	E2B-bf15b3be07d06d46da3a2fbd8b0ecbaf9dae6f1d5c13a0c8fa25155387e12deb	1c96e3beff85f4829e8afa7a316a29ae13ec4643c468b12b9577ee24ba73acfe	69c68854e95daf8670ac49e82554bc52ef1c2648f491a0c788f3ca38d18bc377
descargamasiva_382026_131650_xml	DescargaMasivaOD_382026_131650.xml	data_raw	69763	[REDACTADO-PRIVACIDAD]	NO-APLICA	NO-APLICA	SIN-DEMANDA	manifiesto.yaml+relaciones.tsv+abrir4-variables-2026-08-08.tsv+verif3-variables-2026-08-08.tsv @ dcc4f6a..5f90757 (sin cambio en estos 4 archivos en ese rango,	[REDACTADO-PRIVACIDAD]	buscado por ambas vias -- hash (produccion-modelo.tsv, 11 filas) y ruta (11 scripts de tests/, forense/notas/2026-08-13-cep-cotejo.md SS1-2) -- ninguna empata @	97bdf1888b9c441860cc4bc49f445026fc35335695840c85fedab22f5d3fa46c	REP-35e62dcaa453909d87c6b61de3f5c688835526f450f833e25cd8d4430f98c31c	PRESENTE-INTEGRO	E2	579	todos los elementos; valores de texto/atributos no persistidos	E2B-d7ff2be8c109effc0059b168947c0b11af93ceab0682078513e149af55ac0382	1c96e3beff85f4829e8afa7a316a29ae13ec4643c468b12b9577ee24ba73acfe	704ded5f766e3ffd29725b19b24f65123836442c95799ae4117b240d59332528
ea3385cf_en	[REDACTADO-PRIVACIDAD]	descargas_mx	6433711	NO-DETERMINADO-W0	NO-DETERMINADO-W0	NO-APLICA	PRESENTE-INTEGRO	manifiesto.yaml@ee50b12c2c86	NO-DETERMINADO-W0	W0 material; semántica no evaluada	809f88f32a4ec886cab0dd60bb4be2ac278849947a4f9efad5f6bb5df1ebc10e	REP-d6a635f946ac683b190ad55323d1d2fd55adc6cedfe3068dac38b463382e3fc5	PRESENTE-INTEGRO	E2	423	todas las páginas; texto no extraíble se declara por página	E2B-2fbc2911cdfcde71ff6feb25a624811ed953486cb7e2c3cbcbf9b17dbd3b743c	1c96e3beff85f4829e8afa7a316a29ae13ec4643c468b12b9577ee24ba73acfe	09e7dca51dfa72e42405920eeb2b5539d277b3bf3f63758a65d0cc4f62797eb3
eder2025_bd_csv_zip	eder2025/eder2025_bases_csv.zip	data_raw	15399361	[REDACTADO-PRIVACIDAD]	NO-APLICA	NO-APLICA	SIN-DEMANDA	manifiesto.yaml+relaciones.tsv+abrir4-variables-2026-08-08.tsv+verif3-variables-2026-08-08.tsv @ dcc4f6a..5f90757 (sin cambio en estos 4 archivos en ese rango,	[REDACTADO-PRIVACIDAD]	buscado por ambas vias -- hash (produccion-modelo.tsv, 11 filas) y ruta (11 scripts de tests/, forense/notas/2026-08-13-cep-cotejo.md SS1-2) -- ninguna empata @	f6e953778392cd6814cc0ace7e222fc3e98cbbd02eff36510f37046ce7089970	REP-2839f923313596e79f981d1ef64424ac60ccb29dceaff52f76133f66e422c6bb	PRESENTE-INTEGRO	E2	501	contenedor y miembros completos; anidados hasta profundidad 4	E2B-13e397cf4795be5e93e11173d22b8f1f08b4426c25e669ff93fc34cb8aecc3d6	1c96e3beff85f4829e8afa7a316a29ae13ec4643c468b12b9577ee24ba73acfe	a644aae818721338d15c16d1e314c330beb77c30771924237ec7c1d611d0124b
eder2025_descripcion_bd_pdf	eder2025/eder2025_descripcion_bd.pdf	data_raw	4380365	[REDACTADO-PRIVACIDAD]	NO-APLICA	NO-APLICA	SIN-DEMANDA	manifiesto.yaml+relaciones.tsv+abrir4-variables-2026-08-08.tsv+verif3-variables-2026-08-08.tsv @ dcc4f6a..5f90757 (sin cambio en estos 4 archivos en ese rango,	[REDACTADO-PRIVACIDAD]	buscado por ambas vias -- hash (produccion-modelo.tsv, 11 filas) y ruta (11 scripts de tests/, forense/notas/2026-08-13-cep-cotejo.md SS1-2) -- ninguna empata @	9737a557c3f23340a4d21c43b213918a7961d102537d29c0139bd8ba9e8b69e6	REP-a494d738554745d2f0ad83427b28e7771626b91841d29a0d04642cc08e71a5a4	PRESENTE-INTEGRO	E2	1	apertura detenida en parser de formato: PermissionError	E2B-8b69a95f06dd8d7b7ef04d89895fc10ad5048832dd7971488229f29832050972	1c96e3beff85f4829e8afa7a316a29ae13ec4643c468b12b9577ee24ba73acfe	fefe5bbf326dab0b7416b0aa3155c47477f4790bb7c4de2d33c8985ce059c101
eder_2011_eder2011_bases_dbf	eder2011/eder2011_bases_dbf.zip	data_raw	10394938	[REDACTADO-PRIVACIDAD]	NO-APLICA	NO-APLICA	SIN-DEMANDA	manifiesto.yaml+relaciones.tsv+abrir4-variables-2026-08-08.tsv+verif3-variables-2026-08-08.tsv @ dcc4f6a..5f90757 (sin cambio en estos 4 archivos en ese rango,	[REDACTADO-PRIVACIDAD]	buscado por ambas vias -- hash (produccion-modelo.tsv, 11 filas) y ruta (11 scripts de tests/, forense/notas/2026-08-13-cep-cotejo.md SS1-2) -- ninguna empata @	c6f9f0a55c48bada7455d21fe70c415d7593bfd1517d7f508105df44db1fe82f	REP-9a28478a99a81513e6d34ec9fe6f2ddf453b3ec7088a78d9a68471cd24a223be	PRESENTE-INTEGRO	E2	15	contenedor y miembros completos; anidados hasta profundidad 4	E2B-08dac91ca7ed22b3245d78dde023cc681b1a5ae1c49a0f9841a021dbee5728f3	1c96e3beff85f4829e8afa7a316a29ae13ec4643c468b12b9577ee24ba73acfe	3eb54168662222d119d7dc38aa94eea50a93db317cbd54c6d44b344b95e4595f
eder_2011_eder2011_descripcion_de_archivos	eder2011/eder2011_descripcion_de_archivos.xls	data_raw	174080	[REDACTADO-PRIVACIDAD]	NO-APLICA	NO-APLICA	SIN-DEMANDA	manifiesto.yaml+relaciones.tsv+abrir4-variables-2026-08-08.tsv+verif3-variables-2026-08-08.tsv @ dcc4f6a..5f90757 (sin cambio en estos 4 archivos en ese rango,	[REDACTADO-PRIVACIDAD]	buscado por ambas vias -- hash (produccion-modelo.tsv, 11 filas) y ruta (11 scripts de tests/, forense/notas/2026-08-13-cep-cotejo.md SS1-2) -- ninguna empata @	f4387aaf94ae00c2a76b7cc216c132e8e1ac6afb5ce102a2e1b8740268d3a9c3	REP-015b900815287144c7751476f06ace90da00ae6514cb0c83db6d9fcad74f007e	PRESENTE-INTEGRO	E2	3	todas las hojas BIFF; celdas como excepción específica	E2B-22c8feab97e57aae9d798f5cc01daedef50c0f18bba15483dbf29c0d40708bcf	1c96e3beff85f4829e8afa7a316a29ae13ec4643c468b12b9577ee24ba73acfe	0312eee41b017e96da8c3b27ac093f7c189615282cd79b4bee08afef3cfd9dba
eder_2017_eder2017_bases_csv	eder2017/eder2017_bases_csv.zip	data_raw	13313736	[REDACTADO-PRIVACIDAD]	NO-APLICA	NO-APLICA	SIN-DEMANDA	manifiesto.yaml+relaciones.tsv+abrir4-variables-2026-08-08.tsv+verif3-variables-2026-08-08.tsv @ dcc4f6a..5f90757 (sin cambio en estos 4 archivos en ese rango,	[REDACTADO-PRIVACIDAD]	buscado por ambas vias -- hash (produccion-modelo.tsv, 11 filas) y ruta (11 scripts de tests/, forense/notas/2026-08-13-cep-cotejo.md SS1-2) -- ninguna empata @	bcc7eb90c2d016976fd8ba24528ce614bf4db0c29a1e3e0cf674bdfb024de0e3	REP-dbde79cb682c213d02ef0489c99cd6b3e21c5d48a4d49c9ee3f252e8d6cc79f5	PRESENTE-INTEGRO	E2	442	contenedor y miembros completos; anidados hasta profundidad 4	E2B-8a63ed08fcb9a5bea0c818d578594ccb261dfae3e56643cf8a8e64e05beefcd1	1c96e3beff85f4829e8afa7a316a29ae13ec4643c468b12b9577ee24ba73acfe	bb8a2e83775d619c4b442c7b8c26a73c9c5937fa0e147db48035b009a04adbda
eder_2017_eder2017_bases_dbf	eder2017/eder2017_bases_dbf.zip	data_raw	14614132	[REDACTADO-PRIVACIDAD]	NO-APLICA	NO-APLICA	SIN-DEMANDA	manifiesto.yaml+relaciones.tsv+abrir4-variables-2026-08-08.tsv+verif3-variables-2026-08-08.tsv @ dcc4f6a..5f90757 (sin cambio en estos 4 archivos en ese rango,	[REDACTADO-PRIVACIDAD]	buscado por ambas vias -- hash (produccion-modelo.tsv, 11 filas) y ruta (11 scripts de tests/, forense/notas/2026-08-13-cep-cotejo.md SS1-2) -- ninguna empata @	b5c8fa261032146ee9e0594848125254ca1c23bf337fc75154b9a8aacf4e3c01	REP-58c20c6f9b9d1ac80ec474020cd7579da9072fb8eda278182fc74091a5fcb8cd	PRESENTE-INTEGRO	E2	10	contenedor y miembros completos; anidados hasta profundidad 4	E2B-a546cf0d6a9f193ff0c6c2b9c777d3c135b07dfd3515744b3db9ef6dc8f109f9	1c96e3beff85f4829e8afa7a316a29ae13ec4643c468b12b9577ee24ba73acfe	18edf9f3f231fd0e8972ce1c69aaa971dd04701f2bbaa52673410b1fc404d797
eder_2017_eder2017_bases_dta	eder2017/eder2017_bases_dta.zip	data_raw	25511708	[REDACTADO-PRIVACIDAD]	NO-APLICA	NO-APLICA	SIN-DEMANDA	manifiesto.yaml+relaciones.tsv+abrir4-variables-2026-08-08.tsv+verif3-variables-2026-08-08.tsv @ dcc4f6a..5f90757 (sin cambio en estos 4 archivos en ese rango,	[REDACTADO-PRIVACIDAD]	buscado por ambas vias -- hash (produccion-modelo.tsv, 11 filas) y ruta (11 scripts de tests/, forense/notas/2026-08-13-cep-cotejo.md SS1-2) -- ninguna empata @	0b7e1ad846ba157e3a699ca16ea0c45a3b4f8866f6ca74c5e9be9b20812ee949	REP-f288c770b18af1b95baf1b2f1027db4a39dfaa0fdd40e704e822b0ebe760d438	PRESENTE-INTEGRO	E2	241	contenedor y miembros completos; anidados hasta profundidad 4	E2B-496fcf9810b23dd3509e16f67615ca48d1f00b0537f7db1dd2d1970f1a68226d	1c96e3beff85f4829e8afa7a316a29ae13ec4643c468b12b9577ee24ba73acfe	9477d6697d9bacfbb14165a200198e2e13abe4eb1cbb975508f5f715206ed40c
eder_2017_eder2017_bases_sav	eder2017/eder2017_bases_sav.zip	data_raw	58527314	[REDACTADO-PRIVACIDAD]	NO-APLICA	NO-APLICA	SIN-DEMANDA	manifiesto.yaml+relaciones.tsv+abrir4-variables-2026-08-08.tsv+verif3-variables-2026-08-08.tsv @ dcc4f6a..5f90757 (sin cambio en estos 4 archivos en ese rango,	[REDACTADO-PRIVACIDAD]	buscado por ambas vias -- hash (produccion-modelo.tsv, 11 filas) y ruta (11 scripts de tests/, forense/notas/2026-08-13-cep-cotejo.md SS1-2) -- ninguna empata @	3e076cd804e91b6a0190c49036b2096ad635882e36d7160abe941611c537b0ce	REP-6b931e5f8171c121042dde1771419f1ab87750bfc972d5363fb76111ba72c805	PRESENTE-INTEGRO	E2	377	contenedor y miembros completos; anidados hasta profundidad 4	E2B-a9b9774725dec7f5969f0d6f72787ac851c0340134cc307234eaa12332160ed0	1c96e3beff85f4829e8afa7a316a29ae13ec4643c468b12b9577ee24ba73acfe	9469699133a403b0adc8630e0fefd572d1b54641e2b27bb4218207242c9bc421
eder_2017_eder2017_descripcion_calculor	eder2017/eder2017_descripcion_calculoR.pdf	data_raw	878079	[REDACTADO-PRIVACIDAD]	NO-APLICA	NO-APLICA	SIN-DEMANDA	manifiesto.yaml+relaciones.tsv+abrir4-variables-2026-08-08.tsv+verif3-variables-2026-08-08.tsv @ dcc4f6a..5f90757 (sin cambio en estos 4 archivos en ese rango,	[REDACTADO-PRIVACIDAD]	buscado por ambas vias -- hash (produccion-modelo.tsv, 11 filas) y ruta (11 scripts de tests/, forense/notas/2026-08-13-cep-cotejo.md SS1-2) -- ninguna empata @	01c21e5e4879fb44e7da477ebbacc014f1e59ec145c551e912063eaaa6ff2e6f	REP-d1f98dea0eb931ab424095e686179c696ed52b7a7b7f66e2dcebac30779a0cd8	PRESENTE-INTEGRO	E2	1	apertura detenida en parser de formato: PermissionError	E2B-0a25c9f0e1539b92066087d74a35646089c8af7855ec49a56efb969d5509e9d3	1c96e3beff85f4829e8afa7a316a29ae13ec4643c468b12b9577ee24ba73acfe	926426d327b1e746001f814ec3b48c52b7d5200b9a282f13376170fa837295d2
eder_2017_eder2017_fd	eder2017/eder2017_fd.pdf	data_raw	2201081	[REDACTADO-PRIVACIDAD]	NO-APLICA	NO-APLICA	SIN-DEMANDA	manifiesto.yaml+relaciones.tsv+abrir4-variables-2026-08-08.tsv+verif3-variables-2026-08-08.tsv @ dcc4f6a..5f90757 (sin cambio en estos 4 archivos en ese rango,	[REDACTADO-PRIVACIDAD]	buscado por ambas vias -- hash (produccion-modelo.tsv, 11 filas) y ruta (11 scripts de tests/, forense/notas/2026-08-13-cep-cotejo.md SS1-2) -- ninguna empata @	dd4d93114a38e80192bbc29a4a4ab7fba6e4bce0067ecfcdbb4540ada5890541	REP-b50b07ff9ca30c16e8aa58389a04dc9c8ef86295f330455dfbaf1bd177324354	PRESENTE-INTEGRO	E2	1	apertura detenida en parser de formato: PermissionError	E2B-9b1b4c99aad474b10a174fcacc83ecc929dd48939748fd1552f44b5939549bbe	1c96e3beff85f4829e8afa7a316a29ae13ec4643c468b12b9577ee24ba73acfe	d4bad7ac15d2b5958cedd87c258ba163610110327889343ee5f51be35f13f101
eder_2025_889463930617	[REDACTADO-PRIVACIDAD]	data_raw	2447554	[REDACTADO-PRIVACIDAD]	NO-APLICA	NO-APLICA	SIN-DEMANDA	manifiesto.yaml+relaciones.tsv+abrir4-variables-2026-08-08.tsv+verif3-variables-2026-08-08.tsv @ dcc4f6a..5f90757 (sin cambio en estos 4 archivos en ese rango,	[REDACTADO-PRIVACIDAD]	buscado por ambas vias -- hash (produccion-modelo.tsv, 11 filas) y ruta (11 scripts de tests/, forense/notas/2026-08-13-cep-cotejo.md SS1-2) -- ninguna empata @	e0100959e1896c6bc1248ead07dd1993b5467636363953d144dfc6cff98cf171	REP-e153f49e6de5d6d6387df569e1ce46a9cf52dd190529981e250dbcc2433c54cb	PRESENTE-INTEGRO	E2	1	apertura detenida en parser de formato: PermissionError	E2B-992251703517d17fce4edb21e3f0ee615d5966982d34c66bc4272c57b239d674	1c96e3beff85f4829e8afa7a316a29ae13ec4643c468b12b9577ee24ba73acfe	54ac11f44a83b7ee9c9c657016ad8f06029fc2c3465adfa239cd1c93c529a0db
eder_2025_eder2025_bases_dbf	eder2025/eder2025_bases_dbf.zip	data_raw	12913322	[REDACTADO-PRIVACIDAD]	NO-APLICA	NO-APLICA	SIN-DEMANDA	manifiesto.yaml+relaciones.tsv+abrir4-variables-2026-08-08.tsv+verif3-variables-2026-08-08.tsv @ dcc4f6a..5f90757 (sin cambio en estos 4 archivos en ese rango,	[REDACTADO-PRIVACIDAD]	buscado por ambas vias -- hash (produccion-modelo.tsv, 11 filas) y ruta (11 scripts de tests/, forense/notas/2026-08-13-cep-cotejo.md SS1-2) -- ninguna empata @	34acdb1c0bb884ab2c7195e9019c9de83cc61015c524439a0f0a29836d5bfbbb	REP-0537e2f51d5adcd3a24707cf21ca9ae9b2c7aafd5dfd08655eab7c690367766d	PRESENTE-INTEGRO	E2	18	contenedor y miembros completos; anidados hasta profundidad 4	E2B-834f6db635d55c97a5ef940407b9177362591d044ef3082e348419247d1fe1ef	1c96e3beff85f4829e8afa7a316a29ae13ec4643c468b12b9577ee24ba73acfe	118ab31ae7b256b203d4ee069fde5a0433c0208340b461fc702fa2a08705236c
eder_2025_eder2025_bases_dta	eder2025/eder2025_bases_dta.zip	data_raw	13839819	[REDACTADO-PRIVACIDAD]	NO-APLICA	NO-APLICA	SIN-DEMANDA	manifiesto.yaml+relaciones.tsv+abrir4-variables-2026-08-08.tsv+verif3-variables-2026-08-08.tsv @ dcc4f6a..5f90757 (sin cambio en estos 4 archivos en ese rango,	[REDACTADO-PRIVACIDAD]	buscado por ambas vias -- hash (produccion-modelo.tsv, 11 filas) y ruta (11 scripts de tests/, forense/notas/2026-08-13-cep-cotejo.md SS1-2) -- ninguna empata @	e79a7d7f46036313ef1242545f4d1c580d70795dffbcbfe3d8011d901a129a14	REP-ceb82d0e85746ead6362d948bd7812b00816b72fbae3849dc7a3cce0197a5740	PRESENTE-INTEGRO	E2	501	contenedor y miembros completos; anidados hasta profundidad 4	E2B-95f2453d00611feee4fd6ca3f5ae7ab0c04a6221cf05744481803a7b58ea44e3	1c96e3beff85f4829e8afa7a316a29ae13ec4643c468b12b9577ee24ba73acfe	0efe47b7d05a4b2e0fca010c08824b5ec3931a1c2dad137e057e58b623075dc5
eder_2025_eder2025_bases_sav	eder2025/eder2025_bases_sav.zip	data_raw	32599022	[REDACTADO-PRIVACIDAD]	NO-APLICA	NO-APLICA	SIN-DEMANDA	manifiesto.yaml+relaciones.tsv+abrir4-variables-2026-08-08.tsv+verif3-variables-2026-08-08.tsv @ dcc4f6a..5f90757 (sin cambio en estos 4 archivos en ese rango,	[REDACTADO-PRIVACIDAD]	buscado por ambas vias -- hash (produccion-modelo.tsv, 11 filas) y ruta (11 scripts de tests/, forense/notas/2026-08-13-cep-cotejo.md SS1-2) -- ninguna empata @	c76664742a89079ae48859ee39cae20db0c65b24d19f991407d8bb56748e08d5	REP-b79c77317ee9ee03424d8302147ed1c8d5c96dfe495fb022ab96d64be724d664	PRESENTE-INTEGRO	E2	531	contenedor y miembros completos; anidados hasta profundidad 4	E2B-a816fe352f1fa41cdccee4da70c4df41fd83bd7694c0295b093bd0552a2d1ead	1c96e3beff85f4829e8afa7a316a29ae13ec4643c468b12b9577ee24ba73acfe	119ca87481ed8b2a65b3cc34a47330c851b77f182d61344dd150b7b800f6941d
edr2024_bd_dbf_zip	edr2024/defunciones_base_datos_2024_dbf.zip	data_raw	28238311	[REDACTADO-PRIVACIDAD]	NO-APLICA	NO-APLICA	SIN-DEMANDA	manifiesto.yaml+relaciones.tsv+abrir4-variables-2026-08-08.tsv+verif3-variables-2026-08-08.tsv @ dcc4f6a..5f90757 (sin cambio en estos 4 archivos en ese rango,	[REDACTADO-PRIVACIDAD]	buscado por ambas vias -- hash (produccion-modelo.tsv, 11 filas) y ruta (11 scripts de tests/, forense/notas/2026-08-13-cep-cotejo.md SS1-2) -- ninguna empata @	a8acb8f0f5aab9d06bf50e55db0f1c2de3e3c32597e0f0aa7c62d0530c17ee3b	REP-89c7a499fa18268ccfbd6161b8383c64d48ae37185081267618559fb01d82aac	PRESENTE-INTEGRO	E2	26	contenedor y miembros completos; anidados hasta profundidad 4	E2B-6fc2cbeeefc284258c472f2528ca5ef135eb1ffb63cf4eabb57f5321dee996eb	1c96e3beff85f4829e8afa7a316a29ae13ec4643c468b12b9577ee24ba73acfe	dea4e1a50d037dfddf6f781720642a4eab879e773f621484d764addf1a77e3ac
elcos2012_bd_dbf_zip	elcos2012/ELCOS_BD_dbf.zip	data_raw	3902958	[REDACTADO-PRIVACIDAD]	NO-APLICA	NO-APLICA	SIN-DEMANDA	manifiesto.yaml+relaciones.tsv+abrir4-variables-2026-08-08.tsv+verif3-variables-2026-08-08.tsv @ dcc4f6a..5f90757 (sin cambio en estos 4 archivos en ese rango,	[REDACTADO-PRIVACIDAD]	buscado por ambas vias -- hash (produccion-modelo.tsv, 11 filas) y ruta (11 scripts de tests/, forense/notas/2026-08-13-cep-cotejo.md SS1-2) -- ninguna empata @	925013378ceffc1cb800902dad2d0d090992d8ce7f5e6049a51b0605c85b30b5	REP-3ad4d4cf2d8fc31fd208d847694d34f82c83b2b90850c1516755a8a8c4b6d29e	PRESENTE-INTEGRO	E2	22	contenedor y miembros completos; anidados hasta profundidad 4	E2B-26da19dc607616ca9a56c3d546faa4d8582a742c1c372d2e96264ee520d42bdc	1c96e3beff85f4829e8afa7a316a29ae13ec4643c468b12b9577ee24ba73acfe	7a59a232182520880352332f87e49ad078cc1d923690908a49fa9066dc0006d7
elcos2012_fd_xls	elcos2012/elcos_fd.xls	data_raw	293376	Encargo B-3 (mesa #20): diccionario de archivos (FD) de ELCOS 2012, pareja de elcos2012_bd_dbf_zip. Formato .xls (Excel legado, no .xlsx) -- se comprobo que se	NO-APLICA	NO-APLICA	SIN-DEMANDA	manifiesto.yaml+relaciones.tsv+abrir4-variables-2026-08-08.tsv+verif3-variables-2026-08-08.tsv @ dcc4f6a..5f90757 (sin cambio en estos 4 archivos en ese rango,	[REDACTADO-PRIVACIDAD]	buscado por ambas vias -- hash (produccion-modelo.tsv, 11 filas) y ruta (11 scripts de tests/, forense/notas/2026-08-13-cep-cotejo.md SS1-2) -- ninguna empata @	5d93835e086b7d03863b80d394e0a6a006bfac27a8ee3cf8a6db1fe0140ec9c9	REP-c36c29e58ee9f3f14204d1e810e2797db4148839fbccc910e5f0bcbec37cfa38	PRESENTE-INTEGRO	E2	7	todas las hojas BIFF; celdas como excepción específica	E2B-b31df791b5d931f417cab1414dbf7279ca7b15c0d4bd398b3f7566a19dd173a3	1c96e3beff85f4829e8afa7a316a29ae13ec4643c468b12b9577ee24ba73acfe	ce3466103b9437ab75dd62ae571c798db97a6eb635b0124758097ed71d90ad09
enadid2023_base_datos_csv	base_datos_enadid23_csv.zip	data_raw	44922433	microdatos — ENADID 2023, base de datos completa. Eje de condición migratoria con referencia temporal explícita (cierra el límite que P1/ENIGH dejó anotado, for	NO-APLICA	NO-APLICA	SIN-DEMANDA	manifiesto.yaml+relaciones.tsv+abrir4-variables-2026-08-08.tsv+verif3-variables-2026-08-08.tsv @ dcc4f6a..5f90757 (sin cambio en estos 4 archivos en ese rango,	[REDACTADO-PRIVACIDAD]	buscado por ambas vias -- hash (produccion-modelo.tsv, 11 filas) y ruta (11 scripts de tests/, forense/notas/2026-08-13-cep-cotejo.md SS1-2) -- ninguna empata @	995d448ab298251d441e437fc4a368f84879a8b74fa7bc103dc189434cbfaa18	REP-30ab9b1d144852c7ae2b5d20f29ae86a002d0d38f01e43b68f1b57bc1a7dbdbd	PRESENTE-INTEGRO	E2	699	contenedor y miembros completos; anidados hasta profundidad 4	E2B-f5e2510a86785e51ee9e3718e08e5a7082c605cf565ae4d42b0cb4f39e1547bb	1c96e3beff85f4829e8afa7a316a29ae13ec4643c468b12b9577ee24ba73acfe	97fee7f7b06c26e7591c04a6d236c787119219cbe97a76ab5de2ec4575c9cf66
enadid2023_fd_xlsx	fd_enadid23.xlsx	data_raw	2085302	documentación — ficha descriptiva/diccionario de la base de datos ENADID 2023	NO-APLICA	NO-APLICA	SIN-DEMANDA	manifiesto.yaml+relaciones.tsv+abrir4-variables-2026-08-08.tsv+verif3-variables-2026-08-08.tsv @ dcc4f6a..5f90757 (sin cambio en estos 4 archivos en ese rango,	[REDACTADO-PRIVACIDAD]	buscado por ambas vias -- hash (produccion-modelo.tsv, 11 filas) y ruta (11 scripts de tests/, forense/notas/2026-08-13-cep-cotejo.md SS1-2) -- ninguna empata @	d56582b7ace04e2c13a1b9ea22aeea458d7b9cc02a21241e5fda29fe12b4f34c	REP-1140de568df16e96ba4805d4ce956b5fdfee7776388fe04be7d7b9f24101af10	PRESENTE-INTEGRO	E2	760	todas las hojas/tablas y encabezados; celdas de observación no persistidas	E2B-b20f729b6195342abb407962b0c05e1f8a10d0dbdc453f41df67fddf81077b07	1c96e3beff85f4829e8afa7a316a29ae13ec4643c468b12b9577ee24ba73acfe	0f0e4b6a14c6df992caca53bbf3503a30cde5e18af3d3b52206fd38c06304781
enadid2023_hogar_cuestionario_pdf	hogar_enadid23.pdf	data_raw	997178	documentación — instrumento, Cuestionario para el hogar de ENADID 2023	NO-APLICA	NO-APLICA	SIN-DEMANDA	manifiesto.yaml+relaciones.tsv+abrir4-variables-2026-08-08.tsv+verif3-variables-2026-08-08.tsv @ dcc4f6a..5f90757 (sin cambio en estos 4 archivos en ese rango,	[REDACTADO-PRIVACIDAD]	buscado por ambas vias -- hash (produccion-modelo.tsv, 11 filas) y ruta (11 scripts de tests/, forense/notas/2026-08-13-cep-cotejo.md SS1-2) -- ninguna empata @	8b046a68dc19e292522557e05d81952e8fb04c2d3a1375c93fa7192e857e3270	REP-e70af91791f20e3e08504563ed61cdfc11ed8108711cf20bb9bc470b47367d36	PRESENTE-INTEGRO	E2	1	apertura detenida en parser de formato: PermissionError	E2B-00b500ea25d1da900d5cf02e70776ebede94f6d3fb54a5db2057e5dd0265a686	1c96e3beff85f4829e8afa7a316a29ae13ec4643c468b12b9577ee24ba73acfe	fb1090a1a9af52ab34ee2f415665878c16325cc00a6c32277591e81d7e2f3e3c
enadid2023_mujer_modulo_cuestionario_pdf	mujer_enadid23.pdf	data_raw	943319	documentación — instrumento, Módulo para la mujer de ENADID 2023 (migración con referencia temporal explícita)	NO-APLICA	NO-APLICA	SIN-DEMANDA	manifiesto.yaml+relaciones.tsv+abrir4-variables-2026-08-08.tsv+verif3-variables-2026-08-08.tsv @ dcc4f6a..5f90757 (sin cambio en estos 4 archivos en ese rango,	[REDACTADO-PRIVACIDAD]	buscado por ambas vias -- hash (produccion-modelo.tsv, 11 filas) y ruta (11 scripts de tests/, forense/notas/2026-08-13-cep-cotejo.md SS1-2) -- ninguna empata @	005a9e83fff28a570a283429bcbb03f60a0b1aed7264631af237c5d9fa7226a2	REP-afdc777ccba4ba6f357ce2e8c034bf1670094a1a9fa92181d9a8b0e323e2848c	PRESENTE-INTEGRO	E2	1	apertura detenida en parser de formato: PermissionError	E2B-b47b1c78529238c7338e86df710152305e4e50d14f579b21cf10f1d875e1c56e	1c96e3beff85f4829e8afa7a316a29ae13ec4643c468b12b9577ee24ba73acfe	0ed7f788ae2c7b7eb754e4c40952fce13f3b009fc6d7d9c0684046e3821b20a5
enaproce_2015_ejem_base_micro_ciega_csv	enaproce2015/ejem_base_micro_ciega_csv.zip	data_raw	4006	[REDACTADO-PRIVACIDAD]	NO-APLICA	NO-APLICA	SIN-DEMANDA	manifiesto.yaml+relaciones.tsv+abrir4-variables-2026-08-08.tsv+verif3-variables-2026-08-08.tsv @ dcc4f6a..5f90757 (sin cambio en estos 4 archivos en ese rango,	[REDACTADO-PRIVACIDAD]	buscado por ambas vias -- hash (produccion-modelo.tsv, 11 filas) y ruta (11 scripts de tests/, forense/notas/2026-08-13-cep-cotejo.md SS1-2) -- ninguna empata @	01aafb888b447badb8506ef6cf7562a885a69c666561e61fccd178903d758623	REP-12281885cdf06156baf52a1ac9e99efd9a2fd82853dcac9f194fe19cf5808b97	PRESENTE-INTEGRO	E2	190	contenedor y miembros completos; anidados hasta profundidad 4	E2B-04cd9a10467bccc5362b446f051549ade36e35c258bd90fe6fef66a02c0671b0	1c96e3beff85f4829e8afa7a316a29ae13ec4643c468b12b9577ee24ba73acfe	d442ccfb3408b3870f01d9cc6fa4a347f5d1cd31270fe91e375d3edc32fcb350
enaproce_2015_ejem_base_micro_ciega_dbf	enaproce2015/ejem_base_micro_ciega_dbf.zip	data_raw	5466	[REDACTADO-PRIVACIDAD]	NO-APLICA	NO-APLICA	SIN-DEMANDA	manifiesto.yaml+relaciones.tsv+abrir4-variables-2026-08-08.tsv+verif3-variables-2026-08-08.tsv @ dcc4f6a..5f90757 (sin cambio en estos 4 archivos en ese rango,	[REDACTADO-PRIVACIDAD]	buscado por ambas vias -- hash (produccion-modelo.tsv, 11 filas) y ruta (11 scripts de tests/, forense/notas/2026-08-13-cep-cotejo.md SS1-2) -- ninguna empata @	a0bd6dc8a23cae32479fbd0dd8f986f79aec75799e1d8e82d548f362a007a710	REP-38aa4f784adbd881dde2b051bbe5d420280e19651d0f5c6b066ac0e4ee4c83e3	PRESENTE-INTEGRO	E2	2	contenedor y miembros completos; anidados hasta profundidad 4	E2B-431b1a9d1e802322f41a03e0b4b46c5f18199edbf1820a3e2be8c4352d3e81e8	1c96e3beff85f4829e8afa7a316a29ae13ec4643c468b12b9577ee24ba73acfe	b2b80c972a838ae43625cb37d65b29f907dc6a3cec3654465dcaaf933a1ef211
enaproce_2015_ejem_base_micro_ciega_dta	enaproce2015/ejem_base_micro_ciega_dta.zip	data_raw	4441	[REDACTADO-PRIVACIDAD]	NO-APLICA	NO-APLICA	SIN-DEMANDA	manifiesto.yaml+relaciones.tsv+abrir4-variables-2026-08-08.tsv+verif3-variables-2026-08-08.tsv @ dcc4f6a..5f90757 (sin cambio en estos 4 archivos en ese rango,	[REDACTADO-PRIVACIDAD]	buscado por ambas vias -- hash (produccion-modelo.tsv, 11 filas) y ruta (11 scripts de tests/, forense/notas/2026-08-13-cep-cotejo.md SS1-2) -- ninguna empata @	b0aea50fac6b454761436398e80c55f4a78024d43e8fa8c35116e582ae5c9435	REP-0d0f857776190bf779fb4d72daf31673ee7a4c08f43920f0c83a8b6a817bb04d	PRESENTE-INTEGRO	E2	190	contenedor y miembros completos; anidados hasta profundidad 4	E2B-c48d478f453a4bf4e1db6f440a0bb4eef5ee957235b1feb0d1af6e3f2943d43b	1c96e3beff85f4829e8afa7a316a29ae13ec4643c468b12b9577ee24ba73acfe	a967aff6ad3ea52e76247bd71d121177515e3fee67593171f085bed8c678625e
enaproce_2015_ejem_base_pyme_ciega_csv	enaproce2015/ejem_base_pyme_ciega_csv.zip	data_raw	4817	[REDACTADO-PRIVACIDAD]	NO-APLICA	NO-APLICA	SIN-DEMANDA	manifiesto.yaml+relaciones.tsv+abrir4-variables-2026-08-08.tsv+verif3-variables-2026-08-08.tsv @ dcc4f6a..5f90757 (sin cambio en estos 4 archivos en ese rango,	[REDACTADO-PRIVACIDAD]	buscado por ambas vias -- hash (produccion-modelo.tsv, 11 filas) y ruta (11 scripts de tests/, forense/notas/2026-08-13-cep-cotejo.md SS1-2) -- ninguna empata @	d43c404c321307a0bf12c24a6d3153c9f3bed9874b7a96dccec13629c62168cb	REP-7109ec2b1a19fed844b95a82506adaed49624cf6acd2b313bbf4e576ec395625	PRESENTE-INTEGRO	E2	237	contenedor y miembros completos; anidados hasta profundidad 4	E2B-6e70cd15fbc93dc2ba64067c8f75c07976e945e120ac0953c4fc7f36f4eac3fb	1c96e3beff85f4829e8afa7a316a29ae13ec4643c468b12b9577ee24ba73acfe	af68aba861bd6cfbfc5ea30d9aa84bcc7161a8f1227f82ed98115edfa05141f9
enaproce_2015_ejem_base_pyme_ciega_dbf	enaproce2015/ejem_base_pyme_ciega_dbf.zip	data_raw	6576	[REDACTADO-PRIVACIDAD]	NO-APLICA	NO-APLICA	SIN-DEMANDA	manifiesto.yaml+relaciones.tsv+abrir4-variables-2026-08-08.tsv+verif3-variables-2026-08-08.tsv @ dcc4f6a..5f90757 (sin cambio en estos 4 archivos en ese rango,	[REDACTADO-PRIVACIDAD]	buscado por ambas vias -- hash (produccion-modelo.tsv, 11 filas) y ruta (11 scripts de tests/, forense/notas/2026-08-13-cep-cotejo.md SS1-2) -- ninguna empata @	18944c01c9ecf4228e1f5bda02791483cd1a7b35a7ee61e48a88778cd3630cec	REP-2097b2d5c64266be16930d4eb92c6f150bb403ae1bb08ff0aebb4e1cbd3ed7f6	PRESENTE-INTEGRO	E2	2	contenedor y miembros completos; anidados hasta profundidad 4	E2B-1dbeceee81a93d7f3a6c82817ff6dc32f6f30b5f149b740306d69f7053359a30	1c96e3beff85f4829e8afa7a316a29ae13ec4643c468b12b9577ee24ba73acfe	c59557cdbdf075c42e7dd3215106d31dcf2ba594384824b338d7ebe70c4e06e5
enaproce_2015_ejem_base_pyme_ciega_dta	enaproce2015/ejem_base_pyme_ciega_dta.zip	data_raw	5263	[REDACTADO-PRIVACIDAD]	NO-APLICA	NO-APLICA	SIN-DEMANDA	manifiesto.yaml+relaciones.tsv+abrir4-variables-2026-08-08.tsv+verif3-variables-2026-08-08.tsv @ dcc4f6a..5f90757 (sin cambio en estos 4 archivos en ese rango,	[REDACTADO-PRIVACIDAD]	buscado por ambas vias -- hash (produccion-modelo.tsv, 11 filas) y ruta (11 scripts de tests/, forense/notas/2026-08-13-cep-cotejo.md SS1-2) -- ninguna empata @	f0c1e64c718a1df69b734f13e5bffc72ba6e268e634d764afaf557ca02c5f344	REP-45d5b473ae26defc0459f3ee9c606d4343389a3d1c86c7470c8a7ab2e46cbe6c	PRESENTE-INTEGRO	E2	237	contenedor y miembros completos; anidados hasta profundidad 4	E2B-9367654c8bcb6951867e78167639ae45e8b789da1602742224acf5cb979dcbba	1c96e3beff85f4829e8afa7a316a29ae13ec4643c468b12b9577ee24ba73acfe	7c6dd3960cadbd82cfeb556838a939f12c02fc8182db920f3f48ba77280f79a1
enaproce_2018_ejem_base_micro_ciega_sav	enaproce2018/ejem_base_micro_ciega_sav.zip	data_raw	9194	[REDACTADO-PRIVACIDAD]	NO-APLICA	NO-APLICA	SIN-DEMANDA	manifiesto.yaml+relaciones.tsv+abrir4-variables-2026-08-08.tsv+verif3-variables-2026-08-08.tsv @ dcc4f6a..5f90757 (sin cambio en estos 4 archivos en ese rango,	[REDACTADO-PRIVACIDAD]	buscado por ambas vias -- hash (produccion-modelo.tsv, 11 filas) y ruta (11 scripts de tests/, forense/notas/2026-08-13-cep-cotejo.md SS1-2) -- ninguna empata @	803948b8233fd3e03e85cfa2b7aa5a7950eb96ca0bbbe29548add891cd250e5c	REP-40d8cfa1af2126f30631e880e2ad138cd61ffec351dfde39988eb56f0abfc37d	PRESENTE-INTEGRO	E2	294	contenedor y miembros completos; anidados hasta profundidad 4	E2B-f3a36a392f0c38d840fe9ef216e5432cfa881bdd1b0bb45bb94a95a72b5939dd	1c96e3beff85f4829e8afa7a316a29ae13ec4643c468b12b9577ee24ba73acfe	befda8c1305bc497cd02a84a0200a856d21b90ad39cc8b9ce4c4fe3f785e5dd4
enaproce_2018_ejem_base_micro_ciega_xlsx	enaproce2018/ejem_base_micro_ciega_xlsx.zip	data_raw	23159	[REDACTADO-PRIVACIDAD]	NO-APLICA	NO-APLICA	SIN-DEMANDA	manifiesto.yaml+relaciones.tsv+abrir4-variables-2026-08-08.tsv+verif3-variables-2026-08-08.tsv @ dcc4f6a..5f90757 (sin cambio en estos 4 archivos en ese rango,	[REDACTADO-PRIVACIDAD]	buscado por ambas vias -- hash (produccion-modelo.tsv, 11 filas) y ruta (11 scripts de tests/, forense/notas/2026-08-13-cep-cotejo.md SS1-2) -- ninguna empata @	d4f3afec3d4b25c8cd9fcff8691632ddaca158c4c4a5cbbfd0ae2cc80ac19a15	REP-8ed8031d632fd55bc9612c734bebe2d722ad7d272a19ccb692fbc68807e73a0c	PRESENTE-INTEGRO	E2	2	contenedor y miembros completos; anidados hasta profundidad 4	E2B-8920fbfa69cbc7ddce22b1d870f94054ad6c5f8500ef0e4ab17439f547fbdf6a	1c96e3beff85f4829e8afa7a316a29ae13ec4643c468b12b9577ee24ba73acfe	82b713391e4dc22d804e11f83a671117d10f614a45f9cb3cffa19c0c7fa8af07
enaproce_2018_ejem_base_pyme_ciega_sav	enaproce2018/ejem_base_pyme_ciega_sav.zip	data_raw	11470	[REDACTADO-PRIVACIDAD]	NO-APLICA	NO-APLICA	SIN-DEMANDA	manifiesto.yaml+relaciones.tsv+abrir4-variables-2026-08-08.tsv+verif3-variables-2026-08-08.tsv @ dcc4f6a..5f90757 (sin cambio en estos 4 archivos en ese rango,	[REDACTADO-PRIVACIDAD]	buscado por ambas vias -- hash (produccion-modelo.tsv, 11 filas) y ruta (11 scripts de tests/, forense/notas/2026-08-13-cep-cotejo.md SS1-2) -- ninguna empata @	b23d46932c26d36c335acd680b9c78ca9ea88ee0aa14c278fc3f8dc17b128796	REP-a4e2b9b1ca829feb0b55e2769f7c8edc6ab7bee92ad9f5e118d0878be6796f7f	PRESENTE-INTEGRO	E2	373	contenedor y miembros completos; anidados hasta profundidad 4	E2B-92cf3996a06996f803765efbfdfdd800172944f4efbb68c8823996eb5e8a97c5	1c96e3beff85f4829e8afa7a316a29ae13ec4643c468b12b9577ee24ba73acfe	1358b99c7792e1ce2c22bc52167477a458936520c1b8a954c5ee4447e099d2ed
enaproce_2018_ejem_base_pyme_ciega_xlsx	enaproce2018/ejem_base_pyme_ciega_xlsx.zip	data_raw	33207	[REDACTADO-PRIVACIDAD]	NO-APLICA	NO-APLICA	SIN-DEMANDA	manifiesto.yaml+relaciones.tsv+abrir4-variables-2026-08-08.tsv+verif3-variables-2026-08-08.tsv @ dcc4f6a..5f90757 (sin cambio en estos 4 archivos en ese rango,	[REDACTADO-PRIVACIDAD]	buscado por ambas vias -- hash (produccion-modelo.tsv, 11 filas) y ruta (11 scripts de tests/, forense/notas/2026-08-13-cep-cotejo.md SS1-2) -- ninguna empata @	db5154a3bbfb8b84e2b1a6d0861e7cf7633f1ab932a5a8dac872d11916f9166f	REP-9d2691539e232448e1aae6c316cbee3951d1deabb3537edfac9940c616897863	PRESENTE-INTEGRO	E2	369	contenedor y miembros completos; anidados hasta profundidad 4	E2B-f1af8fc714b20526e9a852c35fb403a6f39a8a0406197ca1b346384561ff1334	1c96e3beff85f4829e8afa7a316a29ae13ec4643c468b12b9577ee24ba73acfe	431321b54444dd00407a94d1b475c34d444d1d8f1143da28746c3db3a424fca8
enasem2018_bd_csv_zip	enasem2018/enasem_2018_bd_csv.zip	data_raw	8767343	Encargo D-2 (mesa #20): microdatos ENASEM 2018, panel 50+, ola pre-reforma (flanquea reforma de pension de feb/2019 junto con 2021) -- ruta de diseno para R5.1	NO-APLICA	NO-APLICA	SIN-DEMANDA	manifiesto.yaml+relaciones.tsv+abrir4-variables-2026-08-08.tsv+verif3-variables-2026-08-08.tsv @ dcc4f6a..5f90757 (sin cambio en estos 4 archivos en ese rango,	[REDACTADO-PRIVACIDAD]	buscado por ambas vias -- hash (produccion-modelo.tsv, 11 filas) y ruta (11 scripts de tests/, forense/notas/2026-08-13-cep-cotejo.md SS1-2) -- ninguna empata @	bfd8ffd172e2728f7822a953e338bfbd47fd181f8f4725866d98a12b41c13a3b	REP-b018f1a54a8e4813bafec889c2875f65f4a6cf3f92cbfa1ad932228be81f2ed8	PRESENTE-INTEGRO	E2	2189	contenedor y miembros completos; anidados hasta profundidad 4	E2B-0c6fa7e6343a28e519c5ac3771697ff02550ccd0e65ed63f5d4e4110280e6f76	1c96e3beff85f4829e8afa7a316a29ae13ec4643c468b12b9577ee24ba73acfe	8081ef73a1eeed04fc4fb565c255a5683ddd4d0742ed25a61c2a3b5254a18d60
enasem2018_fd_xlsx	enasem2018/enasem_2018_fd.xlsx	data_raw	628677	Encargo D-2 (mesa #20): diccionario de archivos (FD) de ENASEM 2018, pareja de enasem2018_bd_csv_zip -- misma ruta de diseno para R5.1.	NO-APLICA	NO-APLICA	SIN-DEMANDA	manifiesto.yaml+relaciones.tsv+abrir4-variables-2026-08-08.tsv+verif3-variables-2026-08-08.tsv @ dcc4f6a..5f90757 (sin cambio en estos 4 archivos en ese rango,	[REDACTADO-PRIVACIDAD]	buscado por ambas vias -- hash (produccion-modelo.tsv, 11 filas) y ruta (11 scripts de tests/, forense/notas/2026-08-13-cep-cotejo.md SS1-2) -- ninguna empata @	00d1cd1ac75cf01ad401d36371ecfeb3cb41bb34221b158bf83e2d672befea17	REP-a5a3bcb149d7638605e850d778c80305111a191998020713024f44be620ad363	PRESENTE-INTEGRO	E2	2277	todas las hojas/tablas y encabezados; celdas de observación no persistidas	E2B-510efd764ffdbce380c4b652470faeb4ace4e1b4f4b1178271d4f40eb25c2d89	1c96e3beff85f4829e8afa7a316a29ae13ec4643c468b12b9577ee24ba73acfe	1bac9f443b775cab80dc8db6902901b24958f69f7b096eeefe58a7144a78940d
enasem2021_bd_csv_zip	enasem2021/enasem_2021_bd_csv.zip	data_raw	7438658	Encargo D-2 (mesa #20): microdatos ENASEM 2021, panel 50+, ola post-reforma (flanquea reforma de pension de feb/2019 junto con 2018) -- ruta de diseno para R5.1	NO-APLICA	NO-APLICA	SIN-DEMANDA	manifiesto.yaml+relaciones.tsv+abrir4-variables-2026-08-08.tsv+verif3-variables-2026-08-08.tsv @ dcc4f6a..5f90757 (sin cambio en estos 4 archivos en ese rango,	[REDACTADO-PRIVACIDAD]	buscado por ambas vias -- hash (produccion-modelo.tsv, 11 filas) y ruta (11 scripts de tests/, forense/notas/2026-08-13-cep-cotejo.md SS1-2) -- ninguna empata @	68b8f7ecbd55c2e857cb7449a3ead2b6edc2c87398d45667296d84b7c76db730	REP-1b11c98c5026836f63774ca62c17f2c5d3834a1e60065c6810746b1adc8862f9	PRESENTE-INTEGRO	E2	2104	contenedor y miembros completos; anidados hasta profundidad 4	E2B-09a1e027d20d1262d20d38ce97d215c9aae5c7b0bd9de238bb589a44677960a9	1c96e3beff85f4829e8afa7a316a29ae13ec4643c468b12b9577ee24ba73acfe	39fafc6a0cbd6045287bbd23343602030f79274f37effc09c173ee6e69a21bb9
enasem2021_fd_xlsx	enasem2021/enasem_2021_fd.xlsx	data_raw	633836	Encargo D-2 (mesa #20): diccionario de archivos (FD) de ENASEM 2021, pareja de enasem2021_bd_csv_zip -- misma ruta de diseno para R5.1.	NO-APLICA	NO-APLICA	SIN-DEMANDA	manifiesto.yaml+relaciones.tsv+abrir4-variables-2026-08-08.tsv+verif3-variables-2026-08-08.tsv @ dcc4f6a..5f90757 (sin cambio en estos 4 archivos en ese rango,	[REDACTADO-PRIVACIDAD]	buscado por ambas vias -- hash (produccion-modelo.tsv, 11 filas) y ruta (11 scripts de tests/, forense/notas/2026-08-13-cep-cotejo.md SS1-2) -- ninguna empata @	00f5dfaef8134f7bb840889622b03a2adc9cde6c7985245c161ed343524b7d08	REP-cc7ebae89dd69b4d1c495da124b95ff0c4cc7497ab1700a507e1f4a168c0a653	PRESENTE-INTEGRO	E2	2180	todas las hojas/tablas y encabezados; celdas de observación no persistidas	E2B-cf49c8ca2d3fd3c66bd649e48c0f5de326f652ce4aaadf278b95afe9f1b166b9	1c96e3beff85f4829e8afa7a316a29ae13ec4643c468b12b9577ee24ba73acfe	383b29470d44fe01dba6a9e3d79fad444b9b6db0371ab3515f021e5176bd0e2e
enasem2024_bd_csv_zip	enasem2024/enasem_2024_bd_csv.zip	data_raw	11929796	Encargo D-2 (mesa #20): microdatos ENASEM 2024, panel 50+ -- ola adicional traida por el mismo mecanismo/API que 2018 y 2021 (barata, ver encargo Sec.4: 'si hay	NO-APLICA	NO-APLICA	SIN-DEMANDA	manifiesto.yaml+relaciones.tsv+abrir4-variables-2026-08-08.tsv+verif3-variables-2026-08-08.tsv @ dcc4f6a..5f90757 (sin cambio en estos 4 archivos en ese rango,	[REDACTADO-PRIVACIDAD]	buscado por ambas vias -- hash (produccion-modelo.tsv, 11 filas) y ruta (11 scripts de tests/, forense/notas/2026-08-13-cep-cotejo.md SS1-2) -- ninguna empata @	6712f1b0cc5e15f70c7124c2de2f7d398e419d4d1e5adcf3c673363dfbd1c9a4	REP-dcf5e067769ae5aaa6cbe72d1ea8f9949aabab82efbe692a031e1856939394ba	PRESENTE-INTEGRO	E2	2232	contenedor y miembros completos; anidados hasta profundidad 4	E2B-d69296dc9cc69c77e3a6497b69fbedad0b3a2f4ae6063132dace3d1116aa1623	1c96e3beff85f4829e8afa7a316a29ae13ec4643c468b12b9577ee24ba73acfe	ba3964108c363a3fba987374d65633f20b21f457de96f9c7da4a81857f53179e
enasem2024_fd_xlsx	enasem2024/enasem_2024_fd.xlsx	data_raw	617009	Encargo D-2 (mesa #20): diccionario de archivos (FD) de ENASEM 2024, pareja de enasem2024_bd_csv_zip -- misma ola adicional barata (ver enasem2024_bd_csv_zip).	NO-APLICA	NO-APLICA	SIN-DEMANDA	manifiesto.yaml+relaciones.tsv+abrir4-variables-2026-08-08.tsv+verif3-variables-2026-08-08.tsv @ dcc4f6a..5f90757 (sin cambio en estos 4 archivos en ese rango,	[REDACTADO-PRIVACIDAD]	buscado por ambas vias -- hash (produccion-modelo.tsv, 11 filas) y ruta (11 scripts de tests/, forense/notas/2026-08-13-cep-cotejo.md SS1-2) -- ninguna empata @	79b02638baa74477f3e84f112b40635f6a60f5578cab0cef250d7f4f061ff065	REP-f449ada37f70cfc8eab88ac081b1423ff1184c1d8ac3304d9a91b022407f4d7a	PRESENTE-INTEGRO	E2	2312	todas las hojas/tablas y encabezados; celdas de observación no persistidas	E2B-498beadf3556c8c05ca77d0fb9ecb792d74b4e496120f36c6b31071f30110285	1c96e3beff85f4829e8afa7a316a29ae13ec4643c468b12b9577ee24ba73acfe	92b3f14db3d1c75cefdfcd9c911f0ae65113ec79092adf6016834dc039745b86
enasic2022_bd_csv_zip	enasic2022/enasic_2022_bd_csv.zip	data_raw	2289078	Encargo B-3 (mesa #20): microdatos ENASIC 2022, candidata a familismo_obligacion/familismo_apoyo (hoy solo con proxy via ENUT) -- forense/notas/2026-08-04-barri	NO-APLICA	NO-APLICA	SIN-DEMANDA	manifiesto.yaml+relaciones.tsv+abrir4-variables-2026-08-08.tsv+verif3-variables-2026-08-08.tsv @ dcc4f6a..5f90757 (sin cambio en estos 4 archivos en ese rango,	[REDACTADO-PRIVACIDAD]	via hash: data/curacion-registro/produccion-modelo.tsv (columna hash_microdato, 11 filas) x sha256 de data/manifiesto.yaml @ fd788a9, 13/ago/2026 -- 1 fila(s) d	8a5e8c5ed2dcda6e25dfe2dd630c0ac7273e0736e7b99662a15a4ef68c3ab36e	REP-fb56cfd5057ab86482e26dea98e3a830432760d17d6dae47f73f5a8ac4fb1c32	PRESENTE-INTEGRO	E2	1331	contenedor y miembros completos; anidados hasta profundidad 4	E2B-ec018e3666569abfcfd51e0478cdc6681858a743a9887a114e1bacf0218ef1bc	1c96e3beff85f4829e8afa7a316a29ae13ec4643c468b12b9577ee24ba73acfe	59af514286a679ff26803c2b915853086243dc7b8214eb2e97ae30801cfbfaa1
enasic2022_fd_xlsx	enasic2022/enasic_2022_fd.xlsx	data_raw	266488	Encargo B-3 (mesa #20): diccionario de archivos (FD) de ENASIC 2022, pareja de enasic2022_bd_csv_zip. Encargo M-3 (2026-08-05): descriptor abierto integro (6 ho	N3,N4,N10,N12,N13,N14	abrir4-variables-2026-08-08.tsv	EXPLOTADO	manifiesto.yaml+relaciones.tsv+abrir4-variables-2026-08-08.tsv+verif3-variables-2026-08-08.tsv @ dcc4f6a..5f90757 (sin cambio en estos 4 archivos en ese rango,	[REDACTADO-PRIVACIDAD]	buscado por ambas vias -- hash (produccion-modelo.tsv, 11 filas) y ruta (11 scripts de tests/, forense/notas/2026-08-13-cep-cotejo.md SS1-2) -- ninguna empata @	33c692e05bd7dbafb801a1594a819c7be0e7cf5c25822c66ea458dc9fe9c1370	REP-c21330ab8f8eb6477a7cb2d3325ff33c462a7db54879ef823d4211f883142212	PRESENTE-INTEGRO	E2	1361	todas las hojas/tablas y encabezados; celdas de observación no persistidas	E2B-e87caf2e2d710e7c3504bfbef106b3bcfcb86460445db948f5f5d8fc2b4d9837	1c96e3beff85f4829e8afa7a316a29ae13ec4643c468b12b9577ee24ba73acfe	897eff8b5dd3736f92a00e8d6c9f10881c0458ea1ccbd3738325d3c43a3fba48
enasic_2022_889463927082	[REDACTADO-PRIVACIDAD]	data_raw	1390271	[REDACTADO-PRIVACIDAD]	NO-APLICA	NO-APLICA	SIN-DEMANDA	manifiesto.yaml+relaciones.tsv+abrir4-variables-2026-08-08.tsv+verif3-variables-2026-08-08.tsv @ dcc4f6a..5f90757 (sin cambio en estos 4 archivos en ese rango,	[REDACTADO-PRIVACIDAD]	buscado por ambas vias -- hash (produccion-modelo.tsv, 11 filas) y ruta (11 scripts de tests/, forense/notas/2026-08-13-cep-cotejo.md SS1-2) -- ninguna empata @	2f51b5aaddf37c1c537141e46185ee3cec11b0aefc896d1fde3505aacabc41e9	REP-daee193398a66da7f909a24f12b3e8612205f04a29b9025e2a1bd3b746b23a0d	PRESENTE-INTEGRO	E2	1	apertura detenida en parser de formato: PermissionError	E2B-3c2302670746e1acfe1e6dfd21fa4b39b8752c02b9a0cb227e05805077465caa	1c96e3beff85f4829e8afa7a316a29ae13ec4643c468b12b9577ee24ba73acfe	073f57bf27653f1228b89a07ce2deb385bffc3332a23b76e5d96218f6e0cb51d
enbiare2021_bd_csv_zip	enbiare2021/enbiare_2021_base_de_datos_csv.zip	data_raw	5684658	Encargo B-3 (mesa #20): microdatos ENBIARE 2021, candidata a familismo_obligacion/familismo_apoyo (hoy solo con proxy via ENUT) -- forense/notas/2026-08-04-barr	NO-APLICA	NO-APLICA	SIN-DEMANDA	manifiesto.yaml+relaciones.tsv+abrir4-variables-2026-08-08.tsv+verif3-variables-2026-08-08.tsv @ dcc4f6a..5f90757 (sin cambio en estos 4 archivos en ese rango,	[REDACTADO-PRIVACIDAD]	via hash: data/curacion-registro/produccion-modelo.tsv (columna hash_microdato, 11 filas) x sha256 de data/manifiesto.yaml @ fd788a9, 13/ago/2026 -- 10 fila(s)	afe9013a4cc26538dfe81da686f0d09e756a7d0e2fc407cd22f596fd53c0f354	REP-f2af586f0554985036a98d1aaf9e89a3344df980c1a919ad1167a4f1b9978528	PRESENTE-INTEGRO	E2	357	contenedor y miembros completos; anidados hasta profundidad 4	E2B-20291dfb59d4e393aa72dcd2ae7e951b0ffc2b68278a200340f546998e96c3cc	1c96e3beff85f4829e8afa7a316a29ae13ec4643c468b12b9577ee24ba73acfe	01056c1e5302738104e96addb7c180d54c89bf2cd9711934781afee7d73e54a6
enbiare2021_fd_pdf	enbiare2021/enbiare_2021_fd.pdf	data_raw	997663	Encargo B-3 (mesa #20): diccionario de archivos (FD) de ENBIARE 2021, pareja de enbiare2021_bd_csv_zip. Encargo M-3 (2026-08-05): descriptor abierto integro (4	N3,N4,N10,N12,N13,N14	abrir4-variables-2026-08-08.tsv	EXPLOTADO	manifiesto.yaml+relaciones.tsv+abrir4-variables-2026-08-08.tsv+verif3-variables-2026-08-08.tsv @ dcc4f6a..5f90757 (sin cambio en estos 4 archivos en ese rango,	[REDACTADO-PRIVACIDAD]	buscado por ambas vias -- hash (produccion-modelo.tsv, 11 filas) y ruta (11 scripts de tests/, forense/notas/2026-08-13-cep-cotejo.md SS1-2) -- ninguna empata @	8a79265d8c1f761d9f3043c2d4837a9366679314b97aaebd8d189c6bcbc716a9	REP-09d14223894a8831f44405eff1e95fe67e00f1b43d1bc89acd4a422b8b86ac7b	PRESENTE-INTEGRO	E2	1	apertura detenida en parser de formato: PermissionError	E2B-8e354aa1dc48aaa8e75e0466acaccfc4385adbd1924f1d5d55174ecac60627d9	1c96e3beff85f4829e8afa7a316a29ae13ec4643c468b12b9577ee24ba73acfe	12e3e8abce87d6abd84d4074c946f96e7131dcbef21456ca39438288a9465757
encig2015_csv	encig2015_csv.zip	data_raw	13152080	candidata para R3.1 (trámite/mordida, misma familia que R3.2) -- serie histórica de ENCIG para lectura temporal, aún sin ficha ni ejecutar	NO-APLICA	NO-APLICA	SIN-DEMANDA	manifiesto.yaml+relaciones.tsv+abrir4-variables-2026-08-08.tsv+verif3-variables-2026-08-08.tsv @ dcc4f6a..5f90757 (sin cambio en estos 4 archivos en ese rango,	[REDACTADO-PRIVACIDAD]	buscado por ambas vias -- hash (produccion-modelo.tsv, 11 filas) y ruta (11 scripts de tests/, forense/notas/2026-08-13-cep-cotejo.md SS1-2) -- ninguna empata @	656b258288ab67a378af3ea358bb2b8325251247e30cf82123d851c726203a0e	REP-7caef6fdb5ecd75e5a8c2334c4b89408ba508bf5556af471c94616a610c9c885	PRESENTE-INTEGRO	E2	1730	contenedor y miembros completos; anidados hasta profundidad 4	E2B-2494c452e49201fb2edb98792f77d91480f3048a24755f73b588c7c3df311060	1c96e3beff85f4829e8afa7a316a29ae13ec4643c468b12b9577ee24ba73acfe	44f047be82e812d7fc86adeb2918ee2d0f96005431ceee63cfafc72295db9d12
encig2015_cuestionario_pdf	encig15_cuestionario.pdf	data_raw	1703035	documentación -- mapeo de reactivos a los seis componentes de confianza_institucional	NO-APLICA	NO-APLICA	SIN-DEMANDA	manifiesto.yaml+relaciones.tsv+abrir4-variables-2026-08-08.tsv+verif3-variables-2026-08-08.tsv @ dcc4f6a..5f90757 (sin cambio en estos 4 archivos en ese rango,	[REDACTADO-PRIVACIDAD]	buscado por ambas vias -- hash (produccion-modelo.tsv, 11 filas) y ruta (11 scripts de tests/, forense/notas/2026-08-13-cep-cotejo.md SS1-2) -- ninguna empata @	9a174ca282cd2eb472b6b19354b0267f0eef88cad10e6a3a3a3c6b485db4c0ec	REP-73800828a93d20fa52e441ed40590cdec6c4ba6fd5af1edbf3ccf63ca53ee980	PRESENTE-INTEGRO	E2	1	apertura detenida en parser de formato: PermissionError	E2B-c4b04e030e54632ea82722617afc4c39529d857c77922e7bfb260dc5f6feb61e	1c96e3beff85f4829e8afa7a316a29ae13ec4643c468b12b9577ee24ba73acfe	502ff22680e727cf0ac2ae761a2fadfb8e86cef740029f408f677890431b4b13
encig2015_estructura_base_datos_pdf	encig15_estructura_base_datos.pdf	data_raw	4340061	documentación -- mapeo de reactivos, sin ficha asignada	NO-APLICA	NO-APLICA	SIN-DEMANDA	manifiesto.yaml+relaciones.tsv+abrir4-variables-2026-08-08.tsv+verif3-variables-2026-08-08.tsv @ dcc4f6a..5f90757 (sin cambio en estos 4 archivos en ese rango,	[REDACTADO-PRIVACIDAD]	buscado por ambas vias -- hash (produccion-modelo.tsv, 11 filas) y ruta (11 scripts de tests/, forense/notas/2026-08-13-cep-cotejo.md SS1-2) -- ninguna empata @	1bcf65db52e8fb3b1ecd4806bd53fcde0cfa4ba0ed4a1e57abac27d5890382f4	REP-e7a258be9aaf17d07587741776e26d923f524a54e5c39f44ab0800422a6ec205	PRESENTE-INTEGRO	E2	1	apertura detenida en parser de formato: PermissionError	E2B-5b6316407dfe047482a1ea266a2ec02f98dc0e33bff65512157d07a9bb6b51d0	1c96e3beff85f4829e8afa7a316a29ae13ec4643c468b12b9577ee24ba73acfe	1f1f1c80b5b63280e1e88c16db76c31a6f8e063cd63ea1833bbd3fc570cc7536
encig2017_csv	encig2017_csv.zip	data_raw	35027186	candidata para R3.1 (misma familia que R3.2) -- serie histórica ENCIG	NO-APLICA	NO-APLICA	SIN-DEMANDA	manifiesto.yaml+relaciones.tsv+abrir4-variables-2026-08-08.tsv+verif3-variables-2026-08-08.tsv @ dcc4f6a..5f90757 (sin cambio en estos 4 archivos en ese rango,	[REDACTADO-PRIVACIDAD]	buscado por ambas vias -- hash (produccion-modelo.tsv, 11 filas) y ruta (11 scripts de tests/, forense/notas/2026-08-13-cep-cotejo.md SS1-2) -- ninguna empata @	fdc7f1c761bf871872bd04080d59c2b58f38f78d6e6384b4a7df82e909d33465	REP-b93d2d53b3ea832f6b8b66535c00672a450caa92f4e7bacd0666e8714d915578	PRESENTE-INTEGRO	E2	3523	contenedor y miembros completos; anidados hasta profundidad 4	E2B-a947e4890f885c77a5b2298318ee418989caa7803d1b0480cffed85c31ed73cc	1c96e3beff85f4829e8afa7a316a29ae13ec4643c468b12b9577ee24ba73acfe	6196bedf7299502c5e0ad779f15af50babda059b3c084e85013cc5b02fede7f8
encig2017_cuestionario_pdf	encig17_cuestionario.pdf	data_raw	1151457	documentación -- mapeo de reactivos a los seis componentes de confianza_institucional	NO-APLICA	NO-APLICA	SIN-DEMANDA	manifiesto.yaml+relaciones.tsv+abrir4-variables-2026-08-08.tsv+verif3-variables-2026-08-08.tsv @ dcc4f6a..5f90757 (sin cambio en estos 4 archivos en ese rango,	[REDACTADO-PRIVACIDAD]	buscado por ambas vias -- hash (produccion-modelo.tsv, 11 filas) y ruta (11 scripts de tests/, forense/notas/2026-08-13-cep-cotejo.md SS1-2) -- ninguna empata @	7a3e907097323dc3fe2850be0a7bea8aba836df0ab68deb78bffd56d2c2aae32	REP-ef82a0a7367340bbe84da4b097ad15a38727d5c7927e89052e90060c2a571a6a	PRESENTE-INTEGRO	E2	1	apertura detenida en parser de formato: PermissionError	E2B-9c78a952ed6b03b3dccfe95b98cb820f8085658ae3b2173f2d50ae6e836c5adb	1c96e3beff85f4829e8afa7a316a29ae13ec4643c468b12b9577ee24ba73acfe	de526cb7eeffb84cf2456e5ba51488516d9bc48203e52aeb1588983f495485f4
encig2017_estructura_base_datos_pdf	encig17_estructura_base_datos.pdf	data_raw	2116934	documentación -- mapeo de reactivos, sin ficha asignada	NO-APLICA	NO-APLICA	SIN-DEMANDA	manifiesto.yaml+relaciones.tsv+abrir4-variables-2026-08-08.tsv+verif3-variables-2026-08-08.tsv @ dcc4f6a..5f90757 (sin cambio en estos 4 archivos en ese rango,	[REDACTADO-PRIVACIDAD]	buscado por ambas vias -- hash (produccion-modelo.tsv, 11 filas) y ruta (11 scripts de tests/, forense/notas/2026-08-13-cep-cotejo.md SS1-2) -- ninguna empata @	89b967f4f59cce087b6c69da2d532f49b7b8180380c3afb1302dabba804e7210	REP-1d4892df1bc07b4a85fa02a055aaccde91a8f7dbba0c2b0e971a77b67f9a6fbe	PRESENTE-INTEGRO	E2	1	apertura detenida en parser de formato: PermissionError	E2B-6cffd004e39b82125ec8a9f1b4b3b037754eba68f1a93b33b21126be396d7e76	1c96e3beff85f4829e8afa7a316a29ae13ec4643c468b12b9577ee24ba73acfe	6e41af571934fe1db0913f6f98c73885a710a6e7d749e5a500f7adda3d0e5210
encig2019_csv	encig2019_csv.zip	data_raw	32632044	candidata para R3.1 (misma familia que R3.2) -- serie histórica ENCIG	NO-APLICA	NO-APLICA	SIN-DEMANDA	manifiesto.yaml+relaciones.tsv+abrir4-variables-2026-08-08.tsv+verif3-variables-2026-08-08.tsv @ dcc4f6a..5f90757 (sin cambio en estos 4 archivos en ese rango,	[REDACTADO-PRIVACIDAD]	buscado por ambas vias -- hash (produccion-modelo.tsv, 11 filas) y ruta (11 scripts de tests/, forense/notas/2026-08-13-cep-cotejo.md SS1-2) -- ninguna empata @	61f49f6149729a7f22c4a64310dd894ec645ebe8b40110cac3fb32125a6ed979	REP-d91ca8aba412e15c5d684f07496e162e62b65d38972f9b3481e1577c72f67314	PRESENTE-INTEGRO	E2	4475	contenedor y miembros completos; anidados hasta profundidad 4	E2B-31d3045c1b023367f3bc6199d8d2d3f4d1740e234ad54d8fffef6c8c82911361	1c96e3beff85f4829e8afa7a316a29ae13ec4643c468b12b9577ee24ba73acfe	92d0078c56a88c75f160e3dcadd0f10941c92724084759236fa0996b0e0ad1fc
encig2019_cuestionario_pdf	encig19_cuestionario.pdf	data_raw	1744074	documentación -- mapeo de reactivos a los seis componentes de confianza_institucional	NO-APLICA	NO-APLICA	SIN-DEMANDA	manifiesto.yaml+relaciones.tsv+abrir4-variables-2026-08-08.tsv+verif3-variables-2026-08-08.tsv @ dcc4f6a..5f90757 (sin cambio en estos 4 archivos en ese rango,	[REDACTADO-PRIVACIDAD]	buscado por ambas vias -- hash (produccion-modelo.tsv, 11 filas) y ruta (11 scripts de tests/, forense/notas/2026-08-13-cep-cotejo.md SS1-2) -- ninguna empata @	8ff04e1c60399633504b83a907af3b1bcf027e80dafca23e574d219920d868be	REP-e0a94cd6b6ac10912375960eaa60dad641eaeab7f5028fe2e6f6271457b102f8	PRESENTE-INTEGRO	E2	1	apertura detenida en parser de formato: PermissionError	E2B-14903115c2f5220591a7cf100ea7b2e9bb99e4eb0e40b178ea96beeeae79002f	1c96e3beff85f4829e8afa7a316a29ae13ec4643c468b12b9577ee24ba73acfe	49605d9bdec1d9d3bd82b091a404f6aa7f8c976c46e0cfd7c3ce35460b4bbb29
encig2019_fd_pdf	encig19_estructura_base_datos.pdf	data_raw	1634670	documentación -- mapeo de reactivos a los seis componentes de confianza_institucional	NO-APLICA	NO-APLICA	SIN-DEMANDA	manifiesto.yaml+relaciones.tsv+abrir4-variables-2026-08-08.tsv+verif3-variables-2026-08-08.tsv @ dcc4f6a..5f90757 (sin cambio en estos 4 archivos en ese rango,	[REDACTADO-PRIVACIDAD]	buscado por ambas vias -- hash (produccion-modelo.tsv, 11 filas) y ruta (11 scripts de tests/, forense/notas/2026-08-13-cep-cotejo.md SS1-2) -- ninguna empata @	1713d8536a0ac7473fd0f760dcd965e8e35bd0d1ff09eb63cd92a19c1258af13	REP-5b48703f636f1a912c863702fda0ead23a08a831503565ca8132833b8fb3d23d	PRESENTE-INTEGRO	E2	1	apertura detenida en parser de formato: PermissionError	E2B-1534453125f93584409f6a7f40159f19d04150647cdcf2f02c9324c72fb6bd95	1c96e3beff85f4829e8afa7a316a29ae13ec4643c468b12b9577ee24ba73acfe	e96a51d77827210115e69409824caf911946940b9889e99c81029e55398ac561
encig2021_csv	encig2021_csv.zip	data_raw	27752363	candidata para R3.1 (misma familia que R3.2) -- serie histórica ENCIG	NO-APLICA	NO-APLICA	SIN-DEMANDA	manifiesto.yaml+relaciones.tsv+abrir4-variables-2026-08-08.tsv+verif3-variables-2026-08-08.tsv @ dcc4f6a..5f90757 (sin cambio en estos 4 archivos en ese rango,	[REDACTADO-PRIVACIDAD]	buscado por ambas vias -- hash (produccion-modelo.tsv, 11 filas) y ruta (11 scripts de tests/, forense/notas/2026-08-13-cep-cotejo.md SS1-2) -- ninguna empata @	c92ea34c7c57237c49ca3d8d99382e340b5939c371ce820332876f7c4c62c56a	REP-725b32e8a899dc408d545074e35e32a8852232a353421e43bc6c346471796390	PRESENTE-INTEGRO	E2	4520	contenedor y miembros completos; anidados hasta profundidad 4	E2B-a825424fc8b85276c219906034e4f6e610d6a49ab9f7021c2eafc1e32060ea15	1c96e3beff85f4829e8afa7a316a29ae13ec4643c468b12b9577ee24ba73acfe	288c90d85d8648fa6b35e4b1ebcc5ce449863764c894a9bf2cd4ce15e87e72e6
encig2021_cuestionario_pdf	encig21_cuestionario.pdf	data_raw	1918370	documentación -- mapeo de reactivos a los seis componentes de confianza_institucional	NO-APLICA	NO-APLICA	SIN-DEMANDA	manifiesto.yaml+relaciones.tsv+abrir4-variables-2026-08-08.tsv+verif3-variables-2026-08-08.tsv @ dcc4f6a..5f90757 (sin cambio en estos 4 archivos en ese rango,	[REDACTADO-PRIVACIDAD]	buscado por ambas vias -- hash (produccion-modelo.tsv, 11 filas) y ruta (11 scripts de tests/, forense/notas/2026-08-13-cep-cotejo.md SS1-2) -- ninguna empata @	9ee829815e8dca5ebe562b26afb006dcec475840bf27a206a0b838534041e45a	REP-c7ac246ff17c4b794dd435ebd193bd0a7e42d470d0af75425e4d42dc5a20bf6b	PRESENTE-INTEGRO	E2	1	apertura detenida en parser de formato: PermissionError	E2B-67d30d31c34d88094074d9759c837eb090f9f0c85bb8528855bc380bff056e1d	1c96e3beff85f4829e8afa7a316a29ae13ec4643c468b12b9577ee24ba73acfe	6dd51e67daac883e056ba5101ea550e1d390f2bce48d7f05007b7a1aa1bbabdb
encig2021_estructura_base_datos_pdf	encig21_estructura_base_datos.pdf	data_raw	2612238	documentación -- mapeo de reactivos, sin ficha asignada	NO-APLICA	NO-APLICA	SIN-DEMANDA	manifiesto.yaml+relaciones.tsv+abrir4-variables-2026-08-08.tsv+verif3-variables-2026-08-08.tsv @ dcc4f6a..5f90757 (sin cambio en estos 4 archivos en ese rango,	[REDACTADO-PRIVACIDAD]	buscado por ambas vias -- hash (produccion-modelo.tsv, 11 filas) y ruta (11 scripts de tests/, forense/notas/2026-08-13-cep-cotejo.md SS1-2) -- ninguna empata @	365c031bf48af4c6d65a8e5422c6cf0362500efd37cd0e924e3c1fe38b965dd2	REP-a2a588abcdfe48336745ff8e0ae7c94e075c53975440e89a4eb268398b8bd3c8	PRESENTE-INTEGRO	E2	1	apertura detenida en parser de formato: PermissionError	E2B-62d2273c83fd383126ab1d58289c8f2f58f08f3851d912d1a7f9fc085886dd6a	1c96e3beff85f4829e8afa7a316a29ae13ec4643c468b12b9577ee24ba73acfe	beb35ee5c8c0d73b771df6ba4504cf423027fbbb41f32c730d2b7b4e1794feb4
encig2023_datosabiertos_csv	encig2023_datosabiertos_csv.zip	data_raw	26171769	candidata para R3.1/lectura temporal -- serie histórica ENCIG. Paquete 'datos abiertos' de la edición 2023, DISTINTO del ya registrado como encig23_base_datos_c	NO-APLICA	NO-APLICA	SIN-DEMANDA	manifiesto.yaml+relaciones.tsv+abrir4-variables-2026-08-08.tsv+verif3-variables-2026-08-08.tsv @ dcc4f6a..5f90757 (sin cambio en estos 4 archivos en ese rango,	[REDACTADO-PRIVACIDAD]	buscado por ambas vias -- hash (produccion-modelo.tsv, 11 filas) y ruta (11 scripts de tests/, forense/notas/2026-08-13-cep-cotejo.md SS1-2) -- ninguna empata @	4e3839cd90613fa7dd0f9a123d7636f017a2b8d08a98377a7a04459032bc2611	REP-ac5de2c38c724b7d5851240eca6915e4d5a7acde4ad8f04cd67d4b0562861282	PRESENTE-INTEGRO	E2	4238	contenedor y miembros completos; anidados hasta profundidad 4	E2B-7604bc649d3792ab73150b35e9643fb5cbb7a50fd1b7df2b30bc995995ca2830	1c96e3beff85f4829e8afa7a316a29ae13ec4643c468b12b9577ee24ba73acfe	da2d5b1e4322daff5140d2262debd91da8be5d828f77a372a3ffd4265c32fbc2
encig23_base_datos_csv	encig23_base_datos_csv.zip	data_raw	38309647	hitoD-R3.2 (forense/hitoD-R3_2-veredicto-v1_0.md) — falsador de modelo §3.3 / tramite.yaml (mordida por modalidad de trámite)	NO-APLICA	NO-APLICA	SIN-DEMANDA	manifiesto.yaml+relaciones.tsv+abrir4-variables-2026-08-08.tsv+verif3-variables-2026-08-08.tsv @ dcc4f6a..5f90757 (sin cambio en estos 4 archivos en ese rango,	[REDACTADO-PRIVACIDAD]	buscado por ambas vias -- hash (produccion-modelo.tsv, 11 filas) y ruta (11 scripts de tests/, forense/notas/2026-08-13-cep-cotejo.md SS1-2) -- ninguna empata @	af733d867a568cbb0dadef4a5a793b02488a71728d1157860f14501f3d4c393d	REP-661d369815eb8e3faf472039fc9426b97cc2577476d67fea948af48f336a852a	PRESENTE-INTEGRO	E2	478	contenedor y miembros completos; anidados hasta profundidad 4	E2B-23bcc8e1acfdc47e9897a57bb5e4b7ba1a8e3929e2fd278fb314f4d44935c233	1c96e3beff85f4829e8afa7a316a29ae13ec4643c468b12b9577ee24ba73acfe	6c3902d47c38a3924e90737f3e2b7deff1783cc6cd2e8f0c492ba52930236e3a
encig23_estructura_base_datos_pdf	encig23_estructura_base_datos.pdf	data_raw	3100802	hitoD-R3.2 — diccionario de datos / confirmación de esquema y ponderadores (FAC_TRA, FAC_P18), sustituto funcional del FD no localizado	NO-APLICA	NO-APLICA	SIN-DEMANDA	manifiesto.yaml+relaciones.tsv+abrir4-variables-2026-08-08.tsv+verif3-variables-2026-08-08.tsv @ dcc4f6a..5f90757 (sin cambio en estos 4 archivos en ese rango,	[REDACTADO-PRIVACIDAD]	buscado por ambas vias -- hash (produccion-modelo.tsv, 11 filas) y ruta (11 scripts de tests/, forense/notas/2026-08-13-cep-cotejo.md SS1-2) -- ninguna empata @	eb89820cd58af0d8799387a376b9e60b062ed59daea74cdbea7ff3b4ee13a906	REP-ea8fc51cbdb377fdc428891526b1572d0b774b63c6174c3a8741b16b67c51e7f	PRESENTE-INTEGRO	E2	1	apertura detenida en parser de formato: PermissionError	E2B-a97b3d892167be49abc3f5acec4ac4ee0eab47a4f7a4f1f6a3a83a2363b14ed9	1c96e3beff85f4829e8afa7a316a29ae13ec4643c468b12b9577ee24ba73acfe	eec6472245a97ccf880f9e7f9bc45ec6f48a1b099450af9b17c7aaf370671167
encig25_base_datos_csv	encig25_base_datos_csv.zip	data_raw	37624925	extensión de serie ENCIG (encargo B-4b-alpha) — no atribuido a condición nombrada, olas previas ya citadas en hitoD-R3.2	NO-APLICA	NO-APLICA	SIN-DEMANDA	manifiesto.yaml+relaciones.tsv+abrir4-variables-2026-08-08.tsv+verif3-variables-2026-08-08.tsv @ dcc4f6a..5f90757 (sin cambio en estos 4 archivos en ese rango,	[REDACTADO-PRIVACIDAD]	buscado por ambas vias -- hash (produccion-modelo.tsv, 11 filas) y ruta (11 scripts de tests/, forense/notas/2026-08-13-cep-cotejo.md SS1-2) -- ninguna empata @	47daf2f732366ad842b7f60c784be9d61db68a00ae1a693980ec6a683e0d9e12	REP-062b343fb235b7ca89846a5f797d4954c6d26fd302579dee515e227ff7670a5e	PRESENTE-INTEGRO	E2	495	contenedor y miembros completos; anidados hasta profundidad 4	E2B-14c9c9ccdf5d9190e79d441a3d9715002af9df8b96279ba670e9df3b0508ab2a	1c96e3beff85f4829e8afa7a316a29ae13ec4643c468b12b9577ee24ba73acfe	436bc4691f86268ecafd87599f884c1c83e15d681f470108f112f3f0d0ec44f9
encig25_estructura_base_datos_pdf	encig25_estructura_base_datos.pdf	data_raw	14820825	extensión de serie ENCIG (encargo B-4b-alpha) — descriptor de archivos / esquema, no atribuido a condición nombrada	NO-APLICA	NO-APLICA	SIN-DEMANDA	manifiesto.yaml+relaciones.tsv+abrir4-variables-2026-08-08.tsv+verif3-variables-2026-08-08.tsv @ dcc4f6a..5f90757 (sin cambio en estos 4 archivos en ese rango,	[REDACTADO-PRIVACIDAD]	buscado por ambas vias -- hash (produccion-modelo.tsv, 11 filas) y ruta (11 scripts de tests/, forense/notas/2026-08-13-cep-cotejo.md SS1-2) -- ninguna empata @	09e1b19bcb165979406865360bfdec95a9767640c58565b64d405ceb04e623a2	REP-a36d688b2ba6e8242fe72a6aa1eaf4f2735f4c43e84e4d1276a7592507bbc1e7	PRESENTE-INTEGRO	E2	1	apertura detenida en parser de formato: PermissionError	E2B-2b152245e91be5ade601989064e5b997676f0574a7a12618be08c2b0150a1bc3	1c96e3beff85f4829e8afa7a316a29ae13ec4643c468b12b9577ee24ba73acfe	c1dcaddf420bc9e931089881ab8bb5ac66d010aeb2fb57f80d8e43f67aa36222
encig_2011_base_datos_encig2011_dbf	encig2011/Base_datos_encig2011_dbf.zip	data_raw	4396245	[REDACTADO-PRIVACIDAD]	NO-APLICA	NO-APLICA	SIN-DEMANDA	manifiesto.yaml+relaciones.tsv+abrir4-variables-2026-08-08.tsv+verif3-variables-2026-08-08.tsv @ dcc4f6a..5f90757 (sin cambio en estos 4 archivos en ese rango,	[REDACTADO-PRIVACIDAD]	buscado por ambas vias -- hash (produccion-modelo.tsv, 11 filas) y ruta (11 scripts de tests/, forense/notas/2026-08-13-cep-cotejo.md SS1-2) -- ninguna empata @	5af6cb24a476a310e7906c42b1bb86d7084ba0a821226bac0bbbf4c0af6f7ca6	REP-ac54fde8bb4e9ae2de7bc9bc929f9b7e19fa8272614dce90b5d72d9a55bebd4c	PRESENTE-INTEGRO	E2	15	contenedor y miembros completos; anidados hasta profundidad 4	E2B-3f44fe12aa2b5ee3f8788157d4e2687c844179377090b09b8501f396a8505241	1c96e3beff85f4829e8afa7a316a29ae13ec4643c468b12b9577ee24ba73acfe	f0db925cab691fea705a8c93f47a96e6d70fc862c3f591f57325318aeb681ca0
encig_2011_fd_encig2011	encig2011/fd_encig2011.pdf	data_raw	273971	[REDACTADO-PRIVACIDAD]	NO-APLICA	NO-APLICA	SIN-DEMANDA	manifiesto.yaml+relaciones.tsv+abrir4-variables-2026-08-08.tsv+verif3-variables-2026-08-08.tsv @ dcc4f6a..5f90757 (sin cambio en estos 4 archivos en ese rango,	[REDACTADO-PRIVACIDAD]	buscado por ambas vias -- hash (produccion-modelo.tsv, 11 filas) y ruta (11 scripts de tests/, forense/notas/2026-08-13-cep-cotejo.md SS1-2) -- ninguna empata @	62923b38a66f6081166d9882042a816e7deaff3cdc0f3e755e10933ff68d1d8e	REP-d8f5a598bf7f30788094eb2171714a44ae4e56d8b72fd67de99572e1ebc756c5	PRESENTE-INTEGRO	E2	1	apertura detenida en parser de formato: PermissionError	E2B-2c95a459f2f826eb3498992700fd060eda39f4102df78d76fc32d4dc69c1b92c	1c96e3beff85f4829e8afa7a316a29ae13ec4643c468b12b9577ee24ba73acfe	62d5d975bca951f68ccd35b444855922dbe09731bdd0b2447bf4384356d301e4
encig_2013_encig13_base_datos_dbf	encig2013/encig13_base_datos_dbf.zip	data_raw	9621208	[REDACTADO-PRIVACIDAD]	NO-APLICA	NO-APLICA	SIN-DEMANDA	manifiesto.yaml+relaciones.tsv+abrir4-variables-2026-08-08.tsv+verif3-variables-2026-08-08.tsv @ dcc4f6a..5f90757 (sin cambio en estos 4 archivos en ese rango,	[REDACTADO-PRIVACIDAD]	buscado por ambas vias -- hash (produccion-modelo.tsv, 11 filas) y ruta (11 scripts de tests/, forense/notas/2026-08-13-cep-cotejo.md SS1-2) -- ninguna empata @	48d29d560d3836309af61c4a82d46d8338d58ecb9d14d04ffc947c1e087caf1a	REP-36ecb85de778bb7c8d360806f8043570ad09e8bf8019a8f15fb6a11cc6010f1f	PRESENTE-INTEGRO	E2	12	contenedor y miembros completos; anidados hasta profundidad 4	E2B-ae0cf6691e426274d9945750aab519fb60547b5e7044aace2cf36f3353850431	1c96e3beff85f4829e8afa7a316a29ae13ec4643c468b12b9577ee24ba73acfe	3ce43e68331bcfaf8984ee68ecc0071a07cec789b3e781803b3e6968d78294c3
encig_2013_encig13_descripcion_archivos	encig2013/encig13_descripcion_archivos.pdf	data_raw	1397463	[REDACTADO-PRIVACIDAD]	NO-APLICA	NO-APLICA	SIN-DEMANDA	manifiesto.yaml+relaciones.tsv+abrir4-variables-2026-08-08.tsv+verif3-variables-2026-08-08.tsv @ dcc4f6a..5f90757 (sin cambio en estos 4 archivos en ese rango,	[REDACTADO-PRIVACIDAD]	buscado por ambas vias -- hash (produccion-modelo.tsv, 11 filas) y ruta (11 scripts de tests/, forense/notas/2026-08-13-cep-cotejo.md SS1-2) -- ninguna empata @	12edd629b8a88c4c4ef9e344f821758db88a34c5d5f6c7fa9a2eabc8ed2119c7	REP-16e9b21550555791d573e9dd632473d7abd92e0ecbbfec7e4517a86ba07136c8	PRESENTE-INTEGRO	E2	1	apertura detenida en parser de formato: PermissionError	E2B-fbae0c400a81f8c2b92ae1b29fc008aad2a700021bc55023222ca268206ed594	1c96e3beff85f4829e8afa7a316a29ae13ec4643c468b12b9577ee24ba73acfe	34898f3c9e2d4596b0674aa9fc3c864880dfa2b2bb86272dfd218a79a2572f07
encig_2015_encig15_base_datos_dbf	encig2015/encig15_base_datos_dbf.zip	data_raw	15529099	[REDACTADO-PRIVACIDAD]	NO-APLICA	NO-APLICA	SIN-DEMANDA	manifiesto.yaml+relaciones.tsv+abrir4-variables-2026-08-08.tsv+verif3-variables-2026-08-08.tsv @ dcc4f6a..5f90757 (sin cambio en estos 4 archivos en ese rango,	[REDACTADO-PRIVACIDAD]	buscado por ambas vias -- hash (produccion-modelo.tsv, 11 filas) y ruta (11 scripts de tests/, forense/notas/2026-08-13-cep-cotejo.md SS1-2) -- ninguna empata @	3f588cb196663ebae9feb174fee870f0e2117aaad4936f34d714e1bf148baba4	REP-976993246666a2299adc1b9af97c240d850a2266c9bc10697fe44811ee2414d0	PRESENTE-INTEGRO	E2	8	contenedor y miembros completos; anidados hasta profundidad 4	E2B-95d497cda715051b23680f5ec60d4e10a8fe76324551acd8de9903c58640c0b3	1c96e3beff85f4829e8afa7a316a29ae13ec4643c468b12b9577ee24ba73acfe	45c02de97477e2f3354fa0674e8b0b11e99b43dcbdfec4e80360b4838254ffea
encig_2017_encig17_base_datos_dbf	encig2017/encig17_base_datos_dbf.zip	data_raw	40715724	[REDACTADO-PRIVACIDAD]	NO-APLICA	NO-APLICA	SIN-DEMANDA	manifiesto.yaml+relaciones.tsv+abrir4-variables-2026-08-08.tsv+verif3-variables-2026-08-08.tsv @ dcc4f6a..5f90757 (sin cambio en estos 4 archivos en ese rango,	[REDACTADO-PRIVACIDAD]	buscado por ambas vias -- hash (produccion-modelo.tsv, 11 filas) y ruta (11 scripts de tests/, forense/notas/2026-08-13-cep-cotejo.md SS1-2) -- ninguna empata @	801efc4c46d8a6e594215f4c0567ac5012b905a95c5f9c2639d53e6c566f4aee	REP-f17f518953bc7717536e1242159613104cc75eebb3e4c1b6f9440e53b115264e	PRESENTE-INTEGRO	E2	11	contenedor y miembros completos; anidados hasta profundidad 4	E2B-60e3623484622ddb1c6dbbeb27e042753e28cbe733bba275931e413532c1cb64	1c96e3beff85f4829e8afa7a316a29ae13ec4643c468b12b9577ee24ba73acfe	d59db94bdbf041f9a3fbbfda584f3f41dde65450f02afd12c42a830071281745
encig_2019_encig19_base_datos_dbf	encig2019/encig19_base_datos_dbf.zip	data_raw	37627091	[REDACTADO-PRIVACIDAD]	NO-APLICA	NO-APLICA	SIN-DEMANDA	manifiesto.yaml+relaciones.tsv+abrir4-variables-2026-08-08.tsv+verif3-variables-2026-08-08.tsv @ dcc4f6a..5f90757 (sin cambio en estos 4 archivos en ese rango,	[REDACTADO-PRIVACIDAD]	buscado por ambas vias -- hash (produccion-modelo.tsv, 11 filas) y ruta (11 scripts de tests/, forense/notas/2026-08-13-cep-cotejo.md SS1-2) -- ninguna empata @	626395c6b13a6f568d2986e1f2b7f0fc844e1bced9db09402b6c02cfb8954915	REP-042b8e41cfd1c40cb8e5bacdfa74cbcf3df9b62cd308e477bb7d3821b8ceb7e0	PRESENTE-INTEGRO	E2	12	contenedor y miembros completos; anidados hasta profundidad 4	E2B-add59f19b2e96dd1acf6ee632d981f2fea98f018a75cddbaf27848f5c6a261ac	1c96e3beff85f4829e8afa7a316a29ae13ec4643c468b12b9577ee24ba73acfe	ce4f5103a05b38e3c96c16fb2f8282304d6a755eae8cd988e318cc6d905f245a
encig_2021_encig21_base_datos_csv	encig2021/encig21_base_datos_csv.zip	data_raw	41216579	[REDACTADO-PRIVACIDAD]	NO-APLICA	NO-APLICA	SIN-DEMANDA	manifiesto.yaml+relaciones.tsv+abrir4-variables-2026-08-08.tsv+verif3-variables-2026-08-08.tsv @ dcc4f6a..5f90757 (sin cambio en estos 4 archivos en ese rango,	[REDACTADO-PRIVACIDAD]	buscado por ambas vias -- hash (produccion-modelo.tsv, 11 filas) y ruta (11 scripts de tests/, forense/notas/2026-08-13-cep-cotejo.md SS1-2) -- ninguna empata @	4463e585062961fa1bb200ec830a30d84f1d915f7a3fe4c8454d8198b516b62c	REP-8ddc5c294e346012343f4bc888e0ac6b871323371b4e0de778ef06b78aa69040	PRESENTE-INTEGRO	E2	453	contenedor y miembros completos; anidados hasta profundidad 4	E2B-6ace429f8827de04124cb9b853177a6c3af250e3b6b52ea9d231c5e8e9bd5457	1c96e3beff85f4829e8afa7a316a29ae13ec4643c468b12b9577ee24ba73acfe	0891352b74f45c85f306d753615da9c540d84adde25a0502f3892ee5054f144b
encig_2021_encig21_base_datos_dbf	encig2021/encig21_base_datos_dbf.zip	data_raw	36521524	[REDACTADO-PRIVACIDAD]	NO-APLICA	NO-APLICA	SIN-DEMANDA	manifiesto.yaml+relaciones.tsv+abrir4-variables-2026-08-08.tsv+verif3-variables-2026-08-08.tsv @ dcc4f6a..5f90757 (sin cambio en estos 4 archivos en ese rango,	[REDACTADO-PRIVACIDAD]	buscado por ambas vias -- hash (produccion-modelo.tsv, 11 filas) y ruta (11 scripts de tests/, forense/notas/2026-08-13-cep-cotejo.md SS1-2) -- ninguna empata @	8eb184f2675f56511d223e565f55ae9389bb7457ff973aa7a54dc73046d10a30	REP-3fb901747d7635b99b1ac7ab19c682490241f49d67d6cd43fb3798ab4d0e3290	PRESENTE-INTEGRO	E2	12	contenedor y miembros completos; anidados hasta profundidad 4	E2B-99b03f6568a9e3a5c56fdc012f1e1e8cfc4dd9eb32bbb07f03fc04e2973cdc93	1c96e3beff85f4829e8afa7a316a29ae13ec4643c468b12b9577ee24ba73acfe	ca6422139768e3c331a9898136ea4e7bb48c1c756f948e21a4150770959ae707
encig_2021_encig21_base_datos_dta	encig2021/encig21_base_datos_dta.zip	data_raw	30903819	[REDACTADO-PRIVACIDAD]	NO-APLICA	NO-APLICA	SIN-DEMANDA	manifiesto.yaml+relaciones.tsv+abrir4-variables-2026-08-08.tsv+verif3-variables-2026-08-08.tsv @ dcc4f6a..5f90757 (sin cambio en estos 4 archivos en ese rango,	[REDACTADO-PRIVACIDAD]	buscado por ambas vias -- hash (produccion-modelo.tsv, 11 filas) y ruta (11 scripts de tests/, forense/notas/2026-08-13-cep-cotejo.md SS1-2) -- ninguna empata @	311ebf9c338ea7435c1a703e7ca90e7cd3ecbdbe5aeffaa8d91498db23baa0bc	REP-6b2b45ef687e26c224b1d181843a865fea19a7fdbd3345f853363a0229b30884	PRESENTE-INTEGRO	E2	447	contenedor y miembros completos; anidados hasta profundidad 4	E2B-da242a2e3927acccb0baa25860da65b4b51b3d930f84eaa80561b3a2d4a1377c	1c96e3beff85f4829e8afa7a316a29ae13ec4643c468b12b9577ee24ba73acfe	ab64763b652bbfd6d217420994fc4aff388089cea5055fc8f714bff64f3b5352
encig_2021_encig21_base_datos_rdata	encig2021/encig21_base_datos_RData.zip	data_raw	20550259	[REDACTADO-PRIVACIDAD]	NO-APLICA	NO-APLICA	SIN-DEMANDA	manifiesto.yaml+relaciones.tsv+abrir4-variables-2026-08-08.tsv+verif3-variables-2026-08-08.tsv @ dcc4f6a..5f90757 (sin cambio en estos 4 archivos en ese rango,	[REDACTADO-PRIVACIDAD]	buscado por ambas vias -- hash (produccion-modelo.tsv, 11 filas) y ruta (11 scripts de tests/, forense/notas/2026-08-13-cep-cotejo.md SS1-2) -- ninguna empata @	592967d6496d566e979c9af78c08a780db2961171f5dcee72dec4b3941728156	REP-ab7778f26057084d8562e4724ca813284a32723ac65aa4d27aca053295e93965	PRESENTE-INTEGRO	E2	2	contenedor y miembros completos; anidados hasta profundidad 4	E2B-3abde27410388bc4c6cb2907e1ab7f7c46d4d346f6a7676a3bfb01757d2e086d	1c96e3beff85f4829e8afa7a316a29ae13ec4643c468b12b9577ee24ba73acfe	9cf70b81bb55080d4bd0844f448b3dc7cb9dd5ec40bbf2c741b56fdddd136323
encig_2021_encig21_base_datos_sav	encig2021/encig21_base_datos_sav.zip	data_raw	38625925	[REDACTADO-PRIVACIDAD]	NO-APLICA	NO-APLICA	SIN-DEMANDA	manifiesto.yaml+relaciones.tsv+abrir4-variables-2026-08-08.tsv+verif3-variables-2026-08-08.tsv @ dcc4f6a..5f90757 (sin cambio en estos 4 archivos en ese rango,	[REDACTADO-PRIVACIDAD]	buscado por ambas vias -- hash (produccion-modelo.tsv, 11 filas) y ruta (11 scripts de tests/, forense/notas/2026-08-13-cep-cotejo.md SS1-2) -- ninguna empata @	034e988984b77ec030f0ea589232a654549c60ab844960ae20a129191ae2e193	REP-fbee0ad531f730b095a02f033eb552006f566082ac9a9966d53be79ffe9a5d82	PRESENTE-INTEGRO	E2	477	contenedor y miembros completos; anidados hasta profundidad 4	E2B-4e192d133a25789d98d70f49f9fbfa0134c1a4deb572197ff01efade849bbd74	1c96e3beff85f4829e8afa7a316a29ae13ec4643c468b12b9577ee24ba73acfe	b03203491389a0798e3b1aa7df30f3b648a640050bf0b21eb150af93bbc744e3
encig_2023_encig23_base_datos_dbf	encig2023/encig23_base_datos_dbf.zip	data_raw	33236600	[REDACTADO-PRIVACIDAD]	NO-APLICA	NO-APLICA	SIN-DEMANDA	manifiesto.yaml+relaciones.tsv+abrir4-variables-2026-08-08.tsv+verif3-variables-2026-08-08.tsv @ dcc4f6a..5f90757 (sin cambio en estos 4 archivos en ese rango,	[REDACTADO-PRIVACIDAD]	buscado por ambas vias -- hash (produccion-modelo.tsv, 11 filas) y ruta (11 scripts de tests/, forense/notas/2026-08-13-cep-cotejo.md SS1-2) -- ninguna empata @	8512fc49f4cbac12e18d44c4d7d0d063214bbd3d01ff1b24cca4df7bf7285737	REP-47bf41123c25d09379b304dae5cb8cee347be1a4a1362810dcffc5e1f77c489a	PRESENTE-INTEGRO	E2	12	contenedor y miembros completos; anidados hasta profundidad 4	E2B-60e7a719b590733cb31779d66b2bbf8b9f327f4fd379231c389701ed0e5f05cb	1c96e3beff85f4829e8afa7a316a29ae13ec4643c468b12b9577ee24ba73acfe	b5f3cc67c54fbbd5293dcabf521bdec981409b073810eaae35b84bbbcb3905b3
encig_2023_encig23_base_datos_dta	encig2023/encig23_base_datos_dta.zip	data_raw	27965191	[REDACTADO-PRIVACIDAD]	NO-APLICA	NO-APLICA	SIN-DEMANDA	manifiesto.yaml+relaciones.tsv+abrir4-variables-2026-08-08.tsv+verif3-variables-2026-08-08.tsv @ dcc4f6a..5f90757 (sin cambio en estos 4 archivos en ese rango,	[REDACTADO-PRIVACIDAD]	buscado por ambas vias -- hash (produccion-modelo.tsv, 11 filas) y ruta (11 scripts de tests/, forense/notas/2026-08-13-cep-cotejo.md SS1-2) -- ninguna empata @	082253153ae48ebd0c6b31183b7a4e969ef2caa09825d32bc9396b04bc159c10	REP-5c04324547d46696e73cef30c5a0fc53d2f214ad9f8faaac627027be2469edf6	PRESENTE-INTEGRO	E2	472	contenedor y miembros completos; anidados hasta profundidad 4	E2B-e7ed55ed73ba9a359da4d65a75ada7a0cfc956bd344d146c6eddf4090037722f	1c96e3beff85f4829e8afa7a316a29ae13ec4643c468b12b9577ee24ba73acfe	7d191b379e6f637e90dad6eb88e3d1c684bb2d72d3e61cbb7c6a0aaa661cf4c9
encig_2023_encig23_base_datos_rdata	encig2023/encig23_base_datos_RData.zip	data_raw	14242874	[REDACTADO-PRIVACIDAD]	NO-APLICA	NO-APLICA	SIN-DEMANDA	manifiesto.yaml+relaciones.tsv+abrir4-variables-2026-08-08.tsv+verif3-variables-2026-08-08.tsv @ dcc4f6a..5f90757 (sin cambio en estos 4 archivos en ese rango,	[REDACTADO-PRIVACIDAD]	buscado por ambas vias -- hash (produccion-modelo.tsv, 11 filas) y ruta (11 scripts de tests/, forense/notas/2026-08-13-cep-cotejo.md SS1-2) -- ninguna empata @	6b16471bc765ac92e1903db3b1bcd5ca0247b59d007b151bd8762488171c09ef	REP-80f14966db975c6fd8f2bbc16e5e3dbfb1040533af794a0d7b4a1f9fcee6a31a	PRESENTE-INTEGRO	E2	2	contenedor y miembros completos; anidados hasta profundidad 4	E2B-0aa1dde55715152a0e96a1b7f0b6df7a9a96f03f75f54b3507600cff179784a7	1c96e3beff85f4829e8afa7a316a29ae13ec4643c468b12b9577ee24ba73acfe	c53e2868a82c070231f47acfe891fd8a7d5d8b7f3d836c9102c95714c63463af
encig_2023_encig23_base_datos_sav	encig2023/encig23_base_datos_sav.zip	data_raw	36696330	[REDACTADO-PRIVACIDAD]	NO-APLICA	NO-APLICA	SIN-DEMANDA	manifiesto.yaml+relaciones.tsv+abrir4-variables-2026-08-08.tsv+verif3-variables-2026-08-08.tsv @ dcc4f6a..5f90757 (sin cambio en estos 4 archivos en ese rango,	[REDACTADO-PRIVACIDAD]	buscado por ambas vias -- hash (produccion-modelo.tsv, 11 filas) y ruta (11 scripts de tests/, forense/notas/2026-08-13-cep-cotejo.md SS1-2) -- ninguna empata @	b4e01a08e1f1f71333df5978210ddeada744ef80bb56c2b380a43c962b173e89	REP-3e4295f2ba2fc792c009bbd3a6c93e42a06250f2d661adde41528f8d128a5c28	PRESENTE-INTEGRO	E2	502	contenedor y miembros completos; anidados hasta profundidad 4	E2B-8ad98a5e9cafc6156c66981226b72f568ebf8d4fdfbe6d8a902d44599f7df6f8	1c96e3beff85f4829e8afa7a316a29ae13ec4643c468b12b9577ee24ba73acfe	e9ea4e814f8ba5a7ac63749c90a3ede99b78d1558d02e26597a9fd10bd47daf2
encig_2025_encig25_base_datos_dbf	encig2025/encig25_base_datos_dbf.zip	data_raw	34460181	[REDACTADO-PRIVACIDAD]	NO-APLICA	NO-APLICA	SIN-DEMANDA	manifiesto.yaml+relaciones.tsv+abrir4-variables-2026-08-08.tsv+verif3-variables-2026-08-08.tsv @ dcc4f6a..5f90757 (sin cambio en estos 4 archivos en ese rango,	[REDACTADO-PRIVACIDAD]	buscado por ambas vias -- hash (produccion-modelo.tsv, 11 filas) y ruta (11 scripts de tests/, forense/notas/2026-08-13-cep-cotejo.md SS1-2) -- ninguna empata @	fa92a6ea4119ff1b64986a10b7939ccc1ef02b2af3c127a38c93bed830d6fe59	REP-0a06e93fef68035998acfb34a01c396f0e3ceff29ed0564acd07573488eedc9e	PRESENTE-INTEGRO	E2	12	contenedor y miembros completos; anidados hasta profundidad 4	E2B-6a27d7af6b6ae2d51d72f1cede875fef3c62138680975605c971967b0777f2c1	1c96e3beff85f4829e8afa7a316a29ae13ec4643c468b12b9577ee24ba73acfe	86a12e2a23eb356269de0071cf1f404e5796cd7259338716f65fa6e4097eb605
encig_2025_encig25_base_datos_dta	encig2025/encig25_base_datos_dta.zip	data_raw	27609358	[REDACTADO-PRIVACIDAD]	NO-APLICA	NO-APLICA	SIN-DEMANDA	manifiesto.yaml+relaciones.tsv+abrir4-variables-2026-08-08.tsv+verif3-variables-2026-08-08.tsv @ dcc4f6a..5f90757 (sin cambio en estos 4 archivos en ese rango,	[REDACTADO-PRIVACIDAD]	buscado por ambas vias -- hash (produccion-modelo.tsv, 11 filas) y ruta (11 scripts de tests/, forense/notas/2026-08-13-cep-cotejo.md SS1-2) -- ninguna empata @	39ad383736f4f1a8ef53892e814cdc252d7ff0409f3517b1e57cd3fbf35dac86	REP-a4800b964057dafb00fcc5021e772914d2ae31e530e5d106651540b9a15340f5	PRESENTE-INTEGRO	E2	489	contenedor y miembros completos; anidados hasta profundidad 4	E2B-22a793352c0b3cf253906494d8fccee2c513aab7293adb679d183bded7050fec	1c96e3beff85f4829e8afa7a316a29ae13ec4643c468b12b9577ee24ba73acfe	f29417db7fe69e8189a76f565339a868c8ed47828b1fd9aba821d3a46228a4f6
encig_2025_encig25_base_datos_rdata	encig2025/encig25_base_datos_RData.zip	data_raw	12802149	[REDACTADO-PRIVACIDAD]	NO-APLICA	NO-APLICA	SIN-DEMANDA	manifiesto.yaml+relaciones.tsv+abrir4-variables-2026-08-08.tsv+verif3-variables-2026-08-08.tsv @ dcc4f6a..5f90757 (sin cambio en estos 4 archivos en ese rango,	[REDACTADO-PRIVACIDAD]	buscado por ambas vias -- hash (produccion-modelo.tsv, 11 filas) y ruta (11 scripts de tests/, forense/notas/2026-08-13-cep-cotejo.md SS1-2) -- ninguna empata @	f185870dd73e0f1a7bef8c1645f19d8b42c713b802a2e52772831b602f8773f3	REP-d6e789d4953b22fe05a5f5884d3aee72c91ff2f8e7f414f5a759ccc2e93ad95e	PRESENTE-INTEGRO	E2	2	contenedor y miembros completos; anidados hasta profundidad 4	E2B-f5485c10bfcad6da760d49b8176af0065924d7dde9916a1f760d8a670d4b4b21	1c96e3beff85f4829e8afa7a316a29ae13ec4643c468b12b9577ee24ba73acfe	924e1b071ff0c88b3c7057ae417d58fc0c3b76fc71a2a731472665e14052a139
encig_2025_encig25_base_datos_sav	encig2025/encig25_base_datos_sav.zip	data_raw	36193534	[REDACTADO-PRIVACIDAD]	NO-APLICA	NO-APLICA	SIN-DEMANDA	manifiesto.yaml+relaciones.tsv+abrir4-variables-2026-08-08.tsv+verif3-variables-2026-08-08.tsv @ dcc4f6a..5f90757 (sin cambio en estos 4 archivos en ese rango,	[REDACTADO-PRIVACIDAD]	buscado por ambas vias -- hash (produccion-modelo.tsv, 11 filas) y ruta (11 scripts de tests/, forense/notas/2026-08-13-cep-cotejo.md SS1-2) -- ninguna empata @	908ab06ade709c570d7083421549a260c7781d7de8039cb2d33a0e21de7bae01	REP-9a7e3e6fe1b0134050dda4ee2eb31444edcb610f700169caafeb18fc709a8d0d	PRESENTE-INTEGRO	E2	519	contenedor y miembros completos; anidados hasta profundidad 4	E2B-993d5b2c76f2160c0d356b9d2e34b9f2430fed315e4eb605476758e95f4b3b26	1c96e3beff85f4829e8afa7a316a29ae13ec4643c468b12b9577ee24ba73acfe	eae09949e541efd0ae68eab82a50a06de3eee1601f3cc668f7db1583cc3e1085
encuci2020_bd_dbf	BD_ENCUCI2020_dbf.zip	data_raw	6913684	"hitoD-R8.3 (forense/hitoD-preregistro-v2_0.md) -- payload de microdatos. Corregido 2026-08-05 (Encargo M-2): la afirmación ""aún no explotado en ninguna ficha de"	NO-APLICA	NO-APLICA	SIN-DEMANDA	manifiesto.yaml+relaciones.tsv+abrir4-variables-2026-08-08.tsv+verif3-variables-2026-08-08.tsv @ dcc4f6a..5f90757 (sin cambio en estos 4 archivos en ese rango,	[REDACTADO-PRIVACIDAD]	via ruta: cita literal en tests/c06b_conf06_encuci.py,w1_p_policial.py,cal_conf_faseb_ola2.py,cal_conf_faseb_pos5_6.py (ver forense/notas/2026-08-13-cep-cotejo.	0414fd59e2afcc36294530687c721e8e86bd04e76ad95bfce4b7b2e70853f283	REP-b67ee82099617296b8df09c60b537d38d97b02f7864023094c50a241bd7b86f3	PRESENTE-INTEGRO	E2	10	contenedor y miembros completos; anidados hasta profundidad 4	E2B-199f5236b45b09620d4e17d62aa47d77def93b6053009c2f24a28f76870a6ef7	1c96e3beff85f4829e8afa7a316a29ae13ec4643c468b12b9577ee24ba73acfe	20b62cc57f1e957cbe942e0b4cfd5a120d9f48e486b950bf8123fd4394dda506
encuci2020_fd_pdf	FD_ENCUCI2020.pdf	data_raw	1758249	hitoD-R8.3 -- descriptor de archivos / diccionario de datos de encuci2020_bd_dbf. Corregido 2026-08-05 (Encargo M-2), misma corrección y misma razón que encuci2	NO-APLICA	NO-APLICA	SIN-DEMANDA	manifiesto.yaml+relaciones.tsv+abrir4-variables-2026-08-08.tsv+verif3-variables-2026-08-08.tsv @ dcc4f6a..5f90757 (sin cambio en estos 4 archivos en ese rango,	[REDACTADO-PRIVACIDAD]	buscado por ambas vias -- hash (produccion-modelo.tsv, 11 filas) y ruta (11 scripts de tests/, forense/notas/2026-08-13-cep-cotejo.md SS1-2) -- ninguna empata @	6cd6f7475a0b5db27a84cf0e047db5b7ed98f73c3480a9e64ea084bc7d475638	REP-c5f5e451a3fbb60caf977b5bb9e8ac2e2c2a2347c86ad6d094ed6f1673cf42d0	PRESENTE-INTEGRO	E2	1	apertura detenida en parser de formato: PermissionError	E2B-db42cb285bac0dc80c5926fbeb47d61f3925b395efdd6b15f265fde8e55aeeee	1c96e3beff85f4829e8afa7a316a29ae13ec4643c468b12b9577ee24ba73acfe	677375a78d1829c70ac24d493c9a0cf16cda0c46b3c078b93b3a9a01b67a857f
encup_2001_cuestionario_pdf	encup_2001_cuestionario_pdf.pdf	data_raw	147691	sin uso asignado -- registro de inventario. Candidata hitoE (forense/hitoE-campana-medicion-v2_0.md §292, posición 9 de la cola priorizada) a confianza_instituc	NO-APLICA	NO-APLICA	SIN-DEMANDA	manifiesto.yaml+relaciones.tsv+abrir4-variables-2026-08-08.tsv+verif3-variables-2026-08-08.tsv @ dcc4f6a..5f90757 (sin cambio en estos 4 archivos en ese rango,	[REDACTADO-PRIVACIDAD]	buscado por ambas vias -- hash (produccion-modelo.tsv, 11 filas) y ruta (11 scripts de tests/, forense/notas/2026-08-13-cep-cotejo.md SS1-2) -- ninguna empata @	bb33eeddc30bc8acfea43400c34b9d0e53ad3bb9d6c63d92fbc9f16c835f98cf	REP-6718a66f46ce29a34e3dfc204cae539fe125b24a7df91ad46ce797f55419b5cc	PRESENTE-INTEGRO	E2	406	todas las páginas; texto no extraíble se declara por página	E2B-5b6902497010fa194c48abfe69ad9e969385054f8a3fa52719502f3467eaefd1	1c96e3beff85f4829e8afa7a316a29ae13ec4643c468b12b9577ee24ba73acfe	27b29cbe2c2fb7f24140c013a1d15c19f61096954bf03645d8eb8ca3b87312e3
encup_2003_cuestionario_pdf	encup_2003_cuestionario_pdf.pdf	data_raw	233736	sin uso asignado -- registro de inventario. Candidata hitoE (forense/hitoE-campana-medicion-v2_0.md §292, posición 9 de la cola priorizada) a confianza_instituc	NO-APLICA	NO-APLICA	SIN-DEMANDA	manifiesto.yaml+relaciones.tsv+abrir4-variables-2026-08-08.tsv+verif3-variables-2026-08-08.tsv @ dcc4f6a..5f90757 (sin cambio en estos 4 archivos en ese rango,	[REDACTADO-PRIVACIDAD]	buscado por ambas vias -- hash (produccion-modelo.tsv, 11 filas) y ruta (11 scripts de tests/, forense/notas/2026-08-13-cep-cotejo.md SS1-2) -- ninguna empata @	acae1fe19bad780c6d9d7feda9a1739263a28118956011417cc357200270f24c	REP-f1a4b2380e0e83bdc54c3a03ffa2691d61b58fdbad2eff20d0af26a51b6033de	PRESENTE-INTEGRO	E2	602	todas las páginas; texto no extraíble se declara por página	E2B-f9a89c7fdfa8aef1853a2ea7b5242b2b82df169472998278fdf79fdc3f6574b5	1c96e3beff85f4829e8afa7a316a29ae13ec4643c468b12b9577ee24ba73acfe	70e1cd8a511ad524ed8c8e2150b6323f416ba0303731e220484e24ce672ae434
encup_2005_cuestionario_pdf	encup_2005_cuestionario_pdf.pdf	data_raw	116061	sin uso asignado -- registro de inventario. Candidata hitoE (forense/hitoE-campana-medicion-v2_0.md §292, posición 9 de la cola priorizada) a confianza_instituc	NO-APLICA	NO-APLICA	SIN-DEMANDA	manifiesto.yaml+relaciones.tsv+abrir4-variables-2026-08-08.tsv+verif3-variables-2026-08-08.tsv @ dcc4f6a..5f90757 (sin cambio en estos 4 archivos en ese rango,	[REDACTADO-PRIVACIDAD]	buscado por ambas vias -- hash (produccion-modelo.tsv, 11 filas) y ruta (11 scripts de tests/, forense/notas/2026-08-13-cep-cotejo.md SS1-2) -- ninguna empata @	c6f4a3c77002949fcda99be40f3342f27241916b60e1fd63d3a8a5e3dbb57562	REP-6f2aead6e4fbaf0702eb2137e1cd38bbb0302b7be747ee432927045a3b4a4a81	PRESENTE-INTEGRO	E2	529	todas las páginas; texto no extraíble se declara por página	E2B-018070aaf241f3ccaf1e3cd69e016b92f4b19eedc35485090504c73d1e8ab085	1c96e3beff85f4829e8afa7a316a29ae13ec4643c468b12b9577ee24ba73acfe	419987de46429726a7c734bdcf07e2a2c847fc58d71b244991f278d6f6d9c0d2
encup_2008_cuestionario_pdf	encup_2008_cuestionario_pdf.pdf	data_raw	396678	sin uso asignado -- registro de inventario. Candidata hitoE (forense/hitoE-campana-medicion-v2_0.md §292, posición 9 de la cola priorizada) a confianza_instituc	NO-APLICA	NO-APLICA	SIN-DEMANDA	manifiesto.yaml+relaciones.tsv+abrir4-variables-2026-08-08.tsv+verif3-variables-2026-08-08.tsv @ dcc4f6a..5f90757 (sin cambio en estos 4 archivos en ese rango,	[REDACTADO-PRIVACIDAD]	buscado por ambas vias -- hash (produccion-modelo.tsv, 11 filas) y ruta (11 scripts de tests/, forense/notas/2026-08-13-cep-cotejo.md SS1-2) -- ninguna empata @	df4337c8e95a3764b8c0c03a0c7dd6b91d97c30910a1042ec23a01749d3a5cbd	REP-914b40e6f6d65f8a99ec9ee55e645c76fd2ecfb0881decd4f16671e21b0b582d	PRESENTE-INTEGRO	E2	184	todas las páginas; texto no extraíble se declara por página	E2B-48b9beb49403083df1eabea5dd404fa407b12a5c392572419fb85e2d0c898f31	1c96e3beff85f4829e8afa7a316a29ae13ec4643c468b12b9577ee24ba73acfe	585c12588e38c48231ff9a2e14764c8a89fedad1dc2443bee779dfd25e3b471d
encup_2012_base_datos_xlsx	encup_2012_base_datos_xlsx.xlsx	data_raw	4814178	sin uso asignado -- registro de inventario. Candidata hitoE (forense/hitoE-campana-medicion-v2_0.md §292, posición 9 de la cola priorizada) a confianza_instituc	NO-APLICA	NO-APLICA	SIN-DEMANDA	manifiesto.yaml+relaciones.tsv+abrir4-variables-2026-08-08.tsv+verif3-variables-2026-08-08.tsv @ dcc4f6a..5f90757 (sin cambio en estos 4 archivos en ese rango,	[REDACTADO-PRIVACIDAD]	buscado por ambas vias -- hash (produccion-modelo.tsv, 11 filas) y ruta (11 scripts de tests/, forense/notas/2026-08-13-cep-cotejo.md SS1-2) -- ninguna empata @	50341d97a3e305e6ed3348757632e5b23ab2e87b2052304961905619d85612e4	REP-c6f818193e57894be889c8ffe37fe7b1376b52a6cb65af8dd299dfd6268db59e	PRESENTE-INTEGRO	E2	285	todas las hojas/tablas y encabezados; celdas de observación no persistidas	E2B-b1e48dd8a50609cc23575d59c1c8914cbaa67cf5f540ec9f06ad01a7f2e58527	1c96e3beff85f4829e8afa7a316a29ae13ec4643c468b12b9577ee24ba73acfe	4d2709ee1a3bc6a1be8ba3635eaa55013d381ba7bb96f6fb04c582ae91b1d27c
encup_2012_cuestionario_pdf	encup_2012_cuestionario_pdf.pdf	data_raw	1026475	sin uso asignado -- registro de inventario. Candidata hitoE (forense/hitoE-campana-medicion-v2_0.md §292, posición 9 de la cola priorizada) a confianza_instituc	NO-APLICA	NO-APLICA	SIN-DEMANDA	manifiesto.yaml+relaciones.tsv+abrir4-variables-2026-08-08.tsv+verif3-variables-2026-08-08.tsv @ dcc4f6a..5f90757 (sin cambio en estos 4 archivos en ese rango,	[REDACTADO-PRIVACIDAD]	buscado por ambas vias -- hash (produccion-modelo.tsv, 11 filas) y ruta (11 scripts de tests/, forense/notas/2026-08-13-cep-cotejo.md SS1-2) -- ninguna empata @	33be2b2192530dee6d916cb7dc517483d608e47b73f097ffe68899dcdd96e7c6	REP-d33aac05ac7edf324ba48aae1371206e44ae60b1f0762cac69740af7498fddeb	PRESENTE-INTEGRO	E2	275	todas las páginas; texto no extraíble se declara por página	E2B-562eded5b9c9d5f5e9dee5b84a30370eb2328fc15d3e5827c94de81999bdc783	1c96e3beff85f4829e8afa7a316a29ae13ec4643c468b12b9577ee24ba73acfe	eb83bd7ac00ece940ebb8ffa6c6e28339bc23ad07df5b82193dd45cc09ed63c3
endireh2021_bd_csv_zip	endireh2021/bd_endireh_2021_csv.zip	data_raw	78902567	Encargo E (mesa #18): tabla TB_VD para exposicion_violencia (U2 rama B) -- cruce con ejes de atributos	NO-APLICA	NO-APLICA	SIN-DEMANDA	manifiesto.yaml+relaciones.tsv+abrir4-variables-2026-08-08.tsv+verif3-variables-2026-08-08.tsv @ dcc4f6a..5f90757 (sin cambio en estos 4 archivos en ese rango,	[REDACTADO-PRIVACIDAD]	buscado por ambas vias -- hash (produccion-modelo.tsv, 11 filas) y ruta (11 scripts de tests/, forense/notas/2026-08-13-cep-cotejo.md SS1-2) -- ninguna empata @	e4f1e7b1898cc53b3126ed959a9089091afd2ffdd1439911f5419e6c99c6037e	REP-44e7a94e96d8d458367e5a12237e82b1d8127fd22e0b23b2f0fbe7f98f640e9a	PRESENTE-INTEGRO	E2	2772	contenedor y miembros completos; anidados hasta profundidad 4	E2B-c945e0946cce8f9c1a9c713876d78073da1374fad22d81c8e21d0a278201aea6	1c96e3beff85f4829e8afa7a316a29ae13ec4643c468b12b9577ee24ba73acfe	94fe49b66168eebfb12a1a7365c893ec860cabe26cc762cc393099a7e83b1a04
endireh2021_fd_pdf	endireh2021/endireh2021_fd.pdf	data_raw	10369637	encargo cal-conf-faseb-pos4 (ENDIREH paso 1) — busqueda de reactivo de exposicion_violencia, hitoE §14.3 fila 4 PENDIENTE DE VERIFICACIÓN	NO-APLICA	NO-APLICA	SIN-DEMANDA	manifiesto.yaml+relaciones.tsv+abrir4-variables-2026-08-08.tsv+verif3-variables-2026-08-08.tsv @ dcc4f6a..5f90757 (sin cambio en estos 4 archivos en ese rango,	[REDACTADO-PRIVACIDAD]	buscado por ambas vias -- hash (produccion-modelo.tsv, 11 filas) y ruta (11 scripts de tests/, forense/notas/2026-08-13-cep-cotejo.md SS1-2) -- ninguna empata @	5c30a3f7f88123ca672f1042ec3b5c37cc1d7989f07fd23ecbf088cca6dda180	REP-73711e52a116c2dd0857a650a4724535677c5818b4e5f2dd35a4229b0629bc7e	PRESENTE-INTEGRO	E2	1	apertura detenida en parser de formato: PermissionError	E2B-53f0f49dc698b1e26db7f4e66ba918a0d3ea3a128fb7a915157c9935bec4bf89	1c96e3beff85f4829e8afa7a316a29ae13ec4643c468b12b9577ee24ba73acfe	833e3bf339251ae9658a03e5685e71b315ecc303e42df9f4f4ded58db024d3b1
endireh_2003_bd_endireh_2003_csv	endireh2003/bd_endireh_2003_csv.zip	data_raw	9280251	[REDACTADO-PRIVACIDAD]	NO-APLICA	NO-APLICA	SIN-DEMANDA	manifiesto.yaml+relaciones.tsv+abrir4-variables-2026-08-08.tsv+verif3-variables-2026-08-08.tsv @ dcc4f6a..5f90757 (sin cambio en estos 4 archivos en ese rango,	[REDACTADO-PRIVACIDAD]	buscado por ambas vias -- hash (produccion-modelo.tsv, 11 filas) y ruta (11 scripts de tests/, forense/notas/2026-08-13-cep-cotejo.md SS1-2) -- ninguna empata @	fbdd25eed94251b6940566666714199e11fa1a965c5b96c63c52f6f54b3157ac	REP-85cbb0ba2f5847f2ae5203620dfa06da1f8352f5f4cd08fc3088ff98d680b543	PRESENTE-INTEGRO	E2	692	contenedor y miembros completos; anidados hasta profundidad 4	E2B-b1b78ffa04f97fae599646ddcce1d249b7cc3cc96828e10ec7279cf754735094	1c96e3beff85f4829e8afa7a316a29ae13ec4643c468b12b9577ee24ba73acfe	e61bfd623e0cb2c313c9a4e938a248a66e34aa317a27b51ae6843d8466c99189
endireh_2003_bd_endireh_2003_dbf	endireh2003/bd_endireh_2003_dbf.zip	data_raw	11680903	[REDACTADO-PRIVACIDAD]	NO-APLICA	NO-APLICA	SIN-DEMANDA	manifiesto.yaml+relaciones.tsv+abrir4-variables-2026-08-08.tsv+verif3-variables-2026-08-08.tsv @ dcc4f6a..5f90757 (sin cambio en estos 4 archivos en ese rango,	[REDACTADO-PRIVACIDAD]	buscado por ambas vias -- hash (produccion-modelo.tsv, 11 filas) y ruta (11 scripts de tests/, forense/notas/2026-08-13-cep-cotejo.md SS1-2) -- ninguna empata @	9c5143ff7ae57b1e60cb0049eba6addb4be65fdeb5fe4690c8648f23edb1cb6d	REP-903e9bc2841461f382d5ac754c007f10d6d0e8369e34855dde77a272feba7f6a	PRESENTE-INTEGRO	E2	39	contenedor y miembros completos; anidados hasta profundidad 4	E2B-beece4e7eb54fdada12c2e16e836c6d4918c89ec3643062fd4503f078ab27015	1c96e3beff85f4829e8afa7a316a29ae13ec4643c468b12b9577ee24ba73acfe	3d5fac6dd90f351fc35ff8e3fc8c66c6dd8a8c87ad816be20fe8cf3d22458435
endireh_2003_bd_endireh_2003_dta	endireh2003/bd_endireh_2003_dta.zip	data_raw	6455442	[REDACTADO-PRIVACIDAD]	NO-APLICA	NO-APLICA	SIN-DEMANDA	manifiesto.yaml+relaciones.tsv+abrir4-variables-2026-08-08.tsv+verif3-variables-2026-08-08.tsv @ dcc4f6a..5f90757 (sin cambio en estos 4 archivos en ese rango,	[REDACTADO-PRIVACIDAD]	buscado por ambas vias -- hash (produccion-modelo.tsv, 11 filas) y ruta (11 scripts de tests/, forense/notas/2026-08-13-cep-cotejo.md SS1-2) -- ninguna empata @	c6c70f218ccc511ee1c2b70fe6bafd3116f32b037a741a91547cff84fb00611b	REP-28ee82cca6fadf05c78819e0414c109fe51901d5eeb8084fee0d9ccae697090a	PRESENTE-INTEGRO	E2	692	contenedor y miembros completos; anidados hasta profundidad 4	E2B-e69466dc20a0e2690dca8bc8325b1258a7bdc8e427f319ec91ef5db1cb253cfd	1c96e3beff85f4829e8afa7a316a29ae13ec4643c468b12b9577ee24ba73acfe	140827f74ea8a887a061b23ecc14aff0aa1a128b1e426fd7848bc0103d4d32db
endireh_2003_bd_endireh_2003_rdata	endireh2003/bd_endireh_2003_RData.zip	data_raw	6618655	[REDACTADO-PRIVACIDAD]	NO-APLICA	NO-APLICA	SIN-DEMANDA	manifiesto.yaml+relaciones.tsv+abrir4-variables-2026-08-08.tsv+verif3-variables-2026-08-08.tsv @ dcc4f6a..5f90757 (sin cambio en estos 4 archivos en ese rango,	[REDACTADO-PRIVACIDAD]	buscado por ambas vias -- hash (produccion-modelo.tsv, 11 filas) y ruta (11 scripts de tests/, forense/notas/2026-08-13-cep-cotejo.md SS1-2) -- ninguna empata @	7acbdf50d043bf171eb0f6449c83640ac993bb802e56a8e7f3de6a9362b8eea9	REP-f14ed59764cc291644313ba264bbfd022fddfcb767097900e37c9f89011816d0	PRESENTE-INTEGRO	E2	31	contenedor y miembros completos; anidados hasta profundidad 4	E2B-74ba41894dca20a68835ce5f656b20e969c76305c9fb543de27001a4260644ee	1c96e3beff85f4829e8afa7a316a29ae13ec4643c468b12b9577ee24ba73acfe	5c73de63854159003de0da7de52b2c20bc05c88d4c15f2ea5feb07a5b3aa9339
endireh_2003_bd_endireh_2003_sav	endireh2003/bd_endireh_2003_sav.zip	data_raw	11346220	[REDACTADO-PRIVACIDAD]	NO-APLICA	NO-APLICA	SIN-DEMANDA	manifiesto.yaml+relaciones.tsv+abrir4-variables-2026-08-08.tsv+verif3-variables-2026-08-08.tsv @ dcc4f6a..5f90757 (sin cambio en estos 4 archivos en ese rango,	[REDACTADO-PRIVACIDAD]	buscado por ambas vias -- hash (produccion-modelo.tsv, 11 filas) y ruta (11 scripts de tests/, forense/notas/2026-08-13-cep-cotejo.md SS1-2) -- ninguna empata @	1d412c7f42d00461bbf0c24ee4a54ab500a1da6983f2a8e88a6b556b03685a1d	REP-ec97154d23d82d30022affed242ef325f7af285dae59543df93a57a11d3473e0	PRESENTE-INTEGRO	E2	717	contenedor y miembros completos; anidados hasta profundidad 4	E2B-e1a5c2aeb7077142604b4f4533cf93faf81f191cfb95616ad9f34cbdca330201	1c96e3beff85f4829e8afa7a316a29ae13ec4643c468b12b9577ee24ba73acfe	bfbedb8d3c4cbc6505a9ba9ca4a68191955082d860045033f0775b64c6f82a8a
endireh_2003_fd_endireh2003	endireh2003/fd_endireh2003.pdf	data_raw	27503	[REDACTADO-PRIVACIDAD]	NO-APLICA	NO-APLICA	SIN-DEMANDA	manifiesto.yaml+relaciones.tsv+abrir4-variables-2026-08-08.tsv+verif3-variables-2026-08-08.tsv @ dcc4f6a..5f90757 (sin cambio en estos 4 archivos en ese rango,	[REDACTADO-PRIVACIDAD]	buscado por ambas vias -- hash (produccion-modelo.tsv, 11 filas) y ruta (11 scripts de tests/, forense/notas/2026-08-13-cep-cotejo.md SS1-2) -- ninguna empata @	719da9d636da254732a0be1c31bffd21d06b7609b048f5396e5872c75345daf3	REP-66af84815db037e41b3336d6e47bf79bd47727cfbbd1d502e3f8f9463cb18412	PRESENTE-INTEGRO	E2	1	apertura detenida en parser de formato: PermissionError	E2B-d2944d66ef266beaf8c5f8bebbccc8031e1e9c7cd99ef4bf71ff2e744cec02de	1c96e3beff85f4829e8afa7a316a29ae13ec4643c468b12b9577ee24ba73acfe	ca2fe25c29dbf424368d58d49cf7b43f89dfd7fed9b814e43402f57091caa693
endireh_2006_bd_endireh_2006_csv	endireh2006/bd_endireh_2006_csv.zip	data_raw	25031008	[REDACTADO-PRIVACIDAD]	NO-APLICA	NO-APLICA	SIN-DEMANDA	manifiesto.yaml+relaciones.tsv+abrir4-variables-2026-08-08.tsv+verif3-variables-2026-08-08.tsv @ dcc4f6a..5f90757 (sin cambio en estos 4 archivos en ese rango,	[REDACTADO-PRIVACIDAD]	buscado por ambas vias -- hash (produccion-modelo.tsv, 11 filas) y ruta (11 scripts de tests/, forense/notas/2026-08-13-cep-cotejo.md SS1-2) -- ninguna empata @	e6529c97b6355e01fa48c15ae0aee398090f4a094dd84b42cfc112e929d938f0	REP-797a47c65485aebee5b26abdfe79fc13cb4c3b09158ab9d980c929a05aef4e54	PRESENTE-INTEGRO	E2	1479	contenedor y miembros completos; anidados hasta profundidad 4	E2B-da2973e280d8bbe951cc2e1f17d69e851fd78ceedf95077c9558d9799241da3c	1c96e3beff85f4829e8afa7a316a29ae13ec4643c468b12b9577ee24ba73acfe	9f34e36ae5365ced66413f21703977cb2428efd783d9ba7e0e532dd915a068d3
endireh_2006_bd_endireh_2006_dbf	endireh2006/bd_endireh_2006_dbf.zip	data_raw	29314566	[REDACTADO-PRIVACIDAD]	NO-APLICA	NO-APLICA	SIN-DEMANDA	manifiesto.yaml+relaciones.tsv+abrir4-variables-2026-08-08.tsv+verif3-variables-2026-08-08.tsv @ dcc4f6a..5f90757 (sin cambio en estos 4 archivos en ese rango,	[REDACTADO-PRIVACIDAD]	buscado por ambas vias -- hash (produccion-modelo.tsv, 11 filas) y ruta (11 scripts de tests/, forense/notas/2026-08-13-cep-cotejo.md SS1-2) -- ninguna empata @	cda0f30221e4e4168cc1a8edab1cd0053401b007844ca9d65c5cdc5344d6ba0c	REP-7336b3ca979cf8ae96fdc0e6ab9af7114b5172f80bb4aab87eab2622c408e50a	PRESENTE-INTEGRO	E2	58	contenedor y miembros completos; anidados hasta profundidad 4	E2B-f8a8aed588fe2e6fa9b70b4b01fcf3ab7a963e9e733fcc07366193850dd67863	1c96e3beff85f4829e8afa7a316a29ae13ec4643c468b12b9577ee24ba73acfe	4dbd90ff715b2e51c09166facf9f41928da5ec6dc1a8618cd0cd8af59257f130
endireh_2006_bd_endireh_2006_dta	endireh2006/bd_endireh_2006_dta.zip	data_raw	18126128	[REDACTADO-PRIVACIDAD]	NO-APLICA	NO-APLICA	SIN-DEMANDA	manifiesto.yaml+relaciones.tsv+abrir4-variables-2026-08-08.tsv+verif3-variables-2026-08-08.tsv @ dcc4f6a..5f90757 (sin cambio en estos 4 archivos en ese rango,	[REDACTADO-PRIVACIDAD]	buscado por ambas vias -- hash (produccion-modelo.tsv, 11 filas) y ruta (11 scripts de tests/, forense/notas/2026-08-13-cep-cotejo.md SS1-2) -- ninguna empata @	8e893e58e933a6c6be0418d49810e71c47e3c67aae8b7447f2508796464883bc	REP-2d97d30f3117ce1dedf6b31b0f6c46e77a440efd6fe1ec44f13d009daad54ac0	PRESENTE-INTEGRO	E2	1479	contenedor y miembros completos; anidados hasta profundidad 4	E2B-9e64549d001ffcfbf49167dd297eb1fc1dae292ed5892e3ed1c1c6fcef39f30d	1c96e3beff85f4829e8afa7a316a29ae13ec4643c468b12b9577ee24ba73acfe	f28cc49e922b77988a51e232b488bb7ed01ba264dcf000afd54cd713ba1c8a15
endireh_2006_bd_endireh_2006_rdata	endireh2006/bd_endireh_2006_RData.zip	data_raw	18614575	[REDACTADO-PRIVACIDAD]	NO-APLICA	NO-APLICA	SIN-DEMANDA	manifiesto.yaml+relaciones.tsv+abrir4-variables-2026-08-08.tsv+verif3-variables-2026-08-08.tsv @ dcc4f6a..5f90757 (sin cambio en estos 4 archivos en ese rango,	[REDACTADO-PRIVACIDAD]	buscado por ambas vias -- hash (produccion-modelo.tsv, 11 filas) y ruta (11 scripts de tests/, forense/notas/2026-08-13-cep-cotejo.md SS1-2) -- ninguna empata @	e3456fb7c551c527e83bfc2fc1e2d33007e54b5db5821f8733b303468fb31596	REP-cdb84505c85d0b6e9e75738faf718732b40802f6c8f93a84db013a779c1c9d1c	PRESENTE-INTEGRO	E2	42	contenedor y miembros completos; anidados hasta profundidad 4	E2B-8e859f64b6beb774b7dc5c738f1c67627c518337c7350fec4ca65f263de6fb8c	1c96e3beff85f4829e8afa7a316a29ae13ec4643c468b12b9577ee24ba73acfe	04843040e70bcbd2be5a850da6d0103429ca2433b0b73a2e2f01a1f82887642e
endireh_2006_bd_endireh_2006_sav	endireh2006/bd_endireh_2006_sav.zip	data_raw	30695882	[REDACTADO-PRIVACIDAD]	NO-APLICA	NO-APLICA	SIN-DEMANDA	manifiesto.yaml+relaciones.tsv+abrir4-variables-2026-08-08.tsv+verif3-variables-2026-08-08.tsv @ dcc4f6a..5f90757 (sin cambio en estos 4 archivos en ese rango,	[REDACTADO-PRIVACIDAD]	buscado por ambas vias -- hash (produccion-modelo.tsv, 11 filas) y ruta (11 scripts de tests/, forense/notas/2026-08-13-cep-cotejo.md SS1-2) -- ninguna empata @	d09ea5e3f7c788683934ed2234c725ef884129cf6c68ffd2b9c887aa678df2c9	REP-ceba6ae6ad01162abc0fbfb7b8295cd96bcbb823bada42c85eb0410bfc9428e2	PRESENTE-INTEGRO	E2	1524	contenedor y miembros completos; anidados hasta profundidad 4	E2B-93dc76a97f2b534f09c096f8242cad2854c988ee608be1f0df6d34567882546a	1c96e3beff85f4829e8afa7a316a29ae13ec4643c468b12b9577ee24ba73acfe	67fe37051f5c13f3694cfc4cccd29f3e9be99f4c9ce4f35c0cdd65d8f6947c96
endireh_2006_fd_endireh06	endireh2006/fd_endireh06.xls	data_raw	312320	[REDACTADO-PRIVACIDAD]	NO-APLICA	NO-APLICA	SIN-DEMANDA	manifiesto.yaml+relaciones.tsv+abrir4-variables-2026-08-08.tsv+verif3-variables-2026-08-08.tsv @ dcc4f6a..5f90757 (sin cambio en estos 4 archivos en ese rango,	[REDACTADO-PRIVACIDAD]	buscado por ambas vias -- hash (produccion-modelo.tsv, 11 filas) y ruta (11 scripts de tests/, forense/notas/2026-08-13-cep-cotejo.md SS1-2) -- ninguna empata @	019b47033407762dc48a849643b35a8d924ee5a6cc391221f8fd2ae79be83e4c	REP-fbc9262d9b476820e7e9db302526ab16656e159d5922d2f0b5828b0214f9cb87	PRESENTE-INTEGRO	E2	9	todas las hojas BIFF; celdas como excepción específica	E2B-c44eeef4b565eefa34d39fe4c7d6a96b861764f491a9bb014b161de24dfc2fd2	1c96e3beff85f4829e8afa7a316a29ae13ec4643c468b12b9577ee24ba73acfe	d91bb58f302a3bcdaac776fdce9dd05e8c043f2b71aceeb202dc16c24a011f98
endireh_2011_bd_endireh_2011_csv	endireh2011/bd_endireh_2011_csv.zip	data_raw	28241643	[REDACTADO-PRIVACIDAD]	NO-APLICA	NO-APLICA	SIN-DEMANDA	manifiesto.yaml+relaciones.tsv+abrir4-variables-2026-08-08.tsv+verif3-variables-2026-08-08.tsv @ dcc4f6a..5f90757 (sin cambio en estos 4 archivos en ese rango,	[REDACTADO-PRIVACIDAD]	buscado por ambas vias -- hash (produccion-modelo.tsv, 11 filas) y ruta (11 scripts de tests/, forense/notas/2026-08-13-cep-cotejo.md SS1-2) -- ninguna empata @	8ece557b2ac1d78dc0bfdee1d8f9743b2da1e44184be340d22967d60b10d52e5	REP-7ddfa110e4b4e1a057643dd868e809bbc6f68f626541bec5ecca4c15fe502151	PRESENTE-INTEGRO	E2	1897	contenedor y miembros completos; anidados hasta profundidad 4	E2B-9ef7693b91c99d93ad5776bae971e621af56b4b0750412a78acf5b3aa720ee6a	1c96e3beff85f4829e8afa7a316a29ae13ec4643c468b12b9577ee24ba73acfe	face27f2b614c54627edc9fac182485ee18e0d5cbab0295e4f5f55c47b4f2868
endireh_2011_bd_endireh_2011_dbf	endireh2011/bd_endireh_2011_dbf.zip	data_raw	34968488	[REDACTADO-PRIVACIDAD]	NO-APLICA	NO-APLICA	SIN-DEMANDA	manifiesto.yaml+relaciones.tsv+abrir4-variables-2026-08-08.tsv+verif3-variables-2026-08-08.tsv @ dcc4f6a..5f90757 (sin cambio en estos 4 archivos en ese rango,	[REDACTADO-PRIVACIDAD]	buscado por ambas vias -- hash (produccion-modelo.tsv, 11 filas) y ruta (11 scripts de tests/, forense/notas/2026-08-13-cep-cotejo.md SS1-2) -- ninguna empata @	6fbaec591716eaf646c4452cdcd87033eb54e4a42ba507f44e9d3394c0c72259	REP-011f414ce60995cd8eff14c86958b5a3b2588023fbbf099dff0ed2fad9d784cc	PRESENTE-INTEGRO	E2	43	contenedor y miembros completos; anidados hasta profundidad 4	E2B-d7f3569ec2e47a039b73e9b7b4922a763dc83813b7ddf422ccb31ba48ee4a8e9	1c96e3beff85f4829e8afa7a316a29ae13ec4643c468b12b9577ee24ba73acfe	bb2192c4e946263be68ff234045f8184882122c4558a062e9d7a4b2d13b11e57
endireh_2011_bd_endireh_2011_dta	endireh2011/bd_endireh_2011_dta.zip	data_raw	30383196	[REDACTADO-PRIVACIDAD]	NO-APLICA	NO-APLICA	SIN-DEMANDA	manifiesto.yaml+relaciones.tsv+abrir4-variables-2026-08-08.tsv+verif3-variables-2026-08-08.tsv @ dcc4f6a..5f90757 (sin cambio en estos 4 archivos en ese rango,	[REDACTADO-PRIVACIDAD]	buscado por ambas vias -- hash (produccion-modelo.tsv, 11 filas) y ruta (11 scripts de tests/, forense/notas/2026-08-13-cep-cotejo.md SS1-2) -- ninguna empata @	5bf6f4828709953558aac077afe9150c5254e06ac59d0ede3e4148241df580af	REP-41a2b522f66734291c1cb8b9e6bbe8d9a08bb461d7bac85152eeb3f1a421f3a3	PRESENTE-INTEGRO	E2	1174	contenedor y miembros completos; anidados hasta profundidad 4	E2B-74ba561b4b0c7520432462c5fa67dd325c6edecd5d65da20684455f8af64239d	1c96e3beff85f4829e8afa7a316a29ae13ec4643c468b12b9577ee24ba73acfe	910ad2a16f2d40c298a6ed06f39521c7cc733342abff15bfb7b0d1a12fe84132
endireh_2011_bd_endireh_2011_rdata	endireh2011/bd_endireh_2011_RData.zip	data_raw	19922788	[REDACTADO-PRIVACIDAD]	NO-APLICA	NO-APLICA	SIN-DEMANDA	manifiesto.yaml+relaciones.tsv+abrir4-variables-2026-08-08.tsv+verif3-variables-2026-08-08.tsv @ dcc4f6a..5f90757 (sin cambio en estos 4 archivos en ese rango,	[REDACTADO-PRIVACIDAD]	buscado por ambas vias -- hash (produccion-modelo.tsv, 11 filas) y ruta (11 scripts de tests/, forense/notas/2026-08-13-cep-cotejo.md SS1-2) -- ninguna empata @	fe864778df66d7a95ec4664d31cad719d7dad8317c559de047c2ddbb6ee4929f	REP-55f1599169e45bbbf2a94f570cd4f41129602ddb71cb207aa20db0de9ac119aa	PRESENTE-INTEGRO	E2	23	contenedor y miembros completos; anidados hasta profundidad 4	E2B-26cf55df9c4d727802ec1c8a332961b4baaf2b19ddad7fe5ba86784e6fc10bc0	1c96e3beff85f4829e8afa7a316a29ae13ec4643c468b12b9577ee24ba73acfe	0806d8cb7d2c068159b415a6923c2103e9a30b83dd7ec37aa800daff726791e9
endireh_2011_bd_endireh_2011_sav	endireh2011/bd_endireh_2011_sav.zip	data_raw	34423435	[REDACTADO-PRIVACIDAD]	NO-APLICA	NO-APLICA	SIN-DEMANDA	manifiesto.yaml+relaciones.tsv+abrir4-variables-2026-08-08.tsv+verif3-variables-2026-08-08.tsv @ dcc4f6a..5f90757 (sin cambio en estos 4 archivos en ese rango,	[REDACTADO-PRIVACIDAD]	buscado por ambas vias -- hash (produccion-modelo.tsv, 11 filas) y ruta (11 scripts de tests/, forense/notas/2026-08-13-cep-cotejo.md SS1-2) -- ninguna empata @	19bbb1d6bb926738d11e99e674bd8a776d852a9bc8d1e1f558fb7905fdf75084	REP-62abc5de583a25dc69deb63daaaad475cc2abdece05eb94013ca76d3d692b517	PRESENTE-INTEGRO	E2	1952	contenedor y miembros completos; anidados hasta profundidad 4	E2B-ddf08a28a01c1a321f19fd6aac0cf902fc6da0ba632263aaf44497bae4db4d76	1c96e3beff85f4829e8afa7a316a29ae13ec4643c468b12b9577ee24ba73acfe	346707bcc2e6de1926c4c5f6adc99c94e7aad97c1457967a1e6dda03f1f05bde
endireh_2011_fd_endireh11	endireh2011/fd_endireh11.xls	data_raw	1061376	[REDACTADO-PRIVACIDAD]	NO-APLICA	NO-APLICA	SIN-DEMANDA	manifiesto.yaml+relaciones.tsv+abrir4-variables-2026-08-08.tsv+verif3-variables-2026-08-08.tsv @ dcc4f6a..5f90757 (sin cambio en estos 4 archivos en ese rango,	[REDACTADO-PRIVACIDAD]	buscado por ambas vias -- hash (produccion-modelo.tsv, 11 filas) y ruta (11 scripts de tests/, forense/notas/2026-08-13-cep-cotejo.md SS1-2) -- ninguna empata @	b038c66d69bce990d9bd71cfc76dd19b5320532b3bba4efbb083b8b1ddc4755e	REP-8772fcd98c9b12d48bf61184ce912955fb57a96fda6eb36bfed89c7bad3f4a6a	PRESENTE-INTEGRO	E2	11	todas las hojas BIFF; celdas como excepción específica	E2B-0e56e92e53a93864f5e240976362f7acc01168892d7cae45caaac825c0df0ccc	1c96e3beff85f4829e8afa7a316a29ae13ec4643c468b12b9577ee24ba73acfe	61aa6d2e0c2163e976b086b743e3b6b197454a728cae62291340244ceaa1eece
endireh_2016_bd_mujeres_endireh2016_sitioinegi_csv	endireh2016/bd_mujeres_endireh2016_sitioinegi_csv.zip	data_raw	100845928	[REDACTADO-PRIVACIDAD]	NO-APLICA	NO-APLICA	SIN-DEMANDA	manifiesto.yaml+relaciones.tsv+abrir4-variables-2026-08-08.tsv+verif3-variables-2026-08-08.tsv @ dcc4f6a..5f90757 (sin cambio en estos 4 archivos en ese rango,	[REDACTADO-PRIVACIDAD]	buscado por ambas vias -- hash (produccion-modelo.tsv, 11 filas) y ruta (11 scripts de tests/, forense/notas/2026-08-13-cep-cotejo.md SS1-2) -- ninguna empata @	02c06ab73a53942ddb575e3e35d8c1dd775406277b74e0605735e3eced4e6f10	REP-960d138ea4651d87ff1b412e07f7c70fd6780a19435546767689afbf542d28be	PRESENTE-INTEGRO	E2	2709	contenedor y miembros completos; anidados hasta profundidad 4	E2B-2478f6c65e299702a7b738000ab424d4a9df6a57ed40da30f15c12303ca34429	1c96e3beff85f4829e8afa7a316a29ae13ec4643c468b12b9577ee24ba73acfe	4753d738bc40ca53d7c3befe88c4e4446c40ed81f56350e208005ce051bc9499
endireh_2016_bd_mujeres_endireh2016_sitioinegi_dbf	endireh2016/bd_mujeres_endireh2016_sitioinegi_dbf.zip	data_raw	2895872	[REDACTADO-PRIVACIDAD]	NO-APLICA	NO-APLICA	SIN-DEMANDA	manifiesto.yaml+relaciones.tsv+abrir4-variables-2026-08-08.tsv+verif3-variables-2026-08-08.tsv @ dcc4f6a..5f90757 (sin cambio en estos 4 archivos en ese rango,	[REDACTADO-PRIVACIDAD]	buscado por ambas vias -- hash (produccion-modelo.tsv, 11 filas) y ruta (11 scripts de tests/, forense/notas/2026-08-13-cep-cotejo.md SS1-2) -- ninguna empata @	a990a007f2b63f8276c4b57bce86def1f2d1770934e54a4f6312ca867189e275	REP-2367650e024e62d935498b68653f12ede091afc528b450cee73eca1060839d2a	PRESENTE-HASH-DIVERGENTE	E2	50	contenedor y miembros completos; anidados hasta profundidad 4	E2B-402ba01805dd576bfa2eb04957da004721372e38eed7b316b5d3cd9be7681260	1c96e3beff85f4829e8afa7a316a29ae13ec4643c468b12b9577ee24ba73acfe	e3868a0acbadae1247ee4ace757ecb8893e2bc21bf8c7f93c472a2dae9470b6b
endireh_2016_bd_mujeres_endireh2016_sitioinegi_dbf_redescarga	endireh2016/bd_mujeres_endireh2016_sitioinegi_dbf.zip	data_raw	102349631	[REDACTADO-PRIVACIDAD]	NO-APLICA	NO-APLICA	SIN-DEMANDA	manifiesto.yaml+relaciones.tsv+abrir4-variables-2026-08-08.tsv+verif3-variables-2026-08-08.tsv @ dcc4f6a..5f90757 (sin cambio en estos 4 archivos en ese rango,	[REDACTADO-PRIVACIDAD]	buscado por ambas vias -- hash (produccion-modelo.tsv, 11 filas) y ruta (11 scripts de tests/, forense/notas/2026-08-13-cep-cotejo.md SS1-2) -- ninguna empata @	a990a007f2b63f8276c4b57bce86def1f2d1770934e54a4f6312ca867189e275	REP-2367650e024e62d935498b68653f12ede091afc528b450cee73eca1060839d2a	PRESENTE-INTEGRO	E2	50	contenedor y miembros completos; anidados hasta profundidad 4	E2B-402ba01805dd576bfa2eb04957da004721372e38eed7b316b5d3cd9be7681260	1c96e3beff85f4829e8afa7a316a29ae13ec4643c468b12b9577ee24ba73acfe	e3868a0acbadae1247ee4ace757ecb8893e2bc21bf8c7f93c472a2dae9470b6b
endireh_2016_bd_mujeres_endireh2016_sitioinegi_rdata	endireh2016/bd_mujeres_endireh2016_sitioinegi_RData.zip	data_raw	73131647	[REDACTADO-PRIVACIDAD]	NO-APLICA	NO-APLICA	SIN-DEMANDA	manifiesto.yaml+relaciones.tsv+abrir4-variables-2026-08-08.tsv+verif3-variables-2026-08-08.tsv @ dcc4f6a..5f90757 (sin cambio en estos 4 archivos en ese rango,	[REDACTADO-PRIVACIDAD]	buscado por ambas vias -- hash (produccion-modelo.tsv, 11 filas) y ruta (11 scripts de tests/, forense/notas/2026-08-13-cep-cotejo.md SS1-2) -- ninguna empata @	8173a019b5c9df676b36b048a7290959c418eff710e58cd2b3d02f2c4d0b6f01	REP-21276cd0d5715c2437bf6d40d61bc0b72738b1998d8717a9b49efc160be1a054	PRESENTE-INTEGRO	E2	4	contenedor y miembros completos; anidados hasta profundidad 4	E2B-871e8e5e9988763f4ae41dfd98de938efe5cd0ea1bf2bcd55f6821459347f19c	1c96e3beff85f4829e8afa7a316a29ae13ec4643c468b12b9577ee24ba73acfe	8e63b077fd493b5d93bce46bf190dfb818db9922a87d5f401a6128fb586e7477
endireh_2016_bd_mujeres_endireh2016_sitioinegi_spss	endireh2016/bd_mujeres_endireh2016_sitioinegi_spss.zip	data_raw	54518871	[REDACTADO-PRIVACIDAD]	NO-APLICA	NO-APLICA	SIN-DEMANDA	manifiesto.yaml+relaciones.tsv+abrir4-variables-2026-08-08.tsv+verif3-variables-2026-08-08.tsv @ dcc4f6a..5f90757 (sin cambio en estos 4 archivos en ese rango,	[REDACTADO-PRIVACIDAD]	buscado por ambas vias -- hash (produccion-modelo.tsv, 11 filas) y ruta (11 scripts de tests/, forense/notas/2026-08-13-cep-cotejo.md SS1-2) -- ninguna empata @	d198b9022d5727d24cddccdfd019c749ca42acc5d3f3e86a5d67e40ebe6eff3a	REP-5f48b4bafe834a76078f7ad566a82ce845d4d675603d2078936b8d9a056ba037	PRESENTE-INTEGRO	E2	4280	contenedor y miembros completos; anidados hasta profundidad 4	E2B-a14a3c3480e545ad8f52f3fa32a01195bc9b3e8482a465f8f4991203c6e707ce	1c96e3beff85f4829e8afa7a316a29ae13ec4643c468b12b9577ee24ba73acfe	55672efc93e5df94112eea203224a8db3dbed5393e780539ccc53d7c666e82b0
endireh_2016_bd_mujeres_endireh2016_sitioinegi_stata	endireh2016/bd_mujeres_endireh2016_sitioinegi_stata.zip	data_raw	58918856	[REDACTADO-PRIVACIDAD]	NO-APLICA	NO-APLICA	SIN-DEMANDA	manifiesto.yaml+relaciones.tsv+abrir4-variables-2026-08-08.tsv+verif3-variables-2026-08-08.tsv @ dcc4f6a..5f90757 (sin cambio en estos 4 archivos en ese rango,	[REDACTADO-PRIVACIDAD]	buscado por ambas vias -- hash (produccion-modelo.tsv, 11 filas) y ruta (11 scripts de tests/, forense/notas/2026-08-13-cep-cotejo.md SS1-2) -- ninguna empata @	6f6a80e31717da6d83e8512e977d3bf4915a12b728a62dbffe4a23dc770b03b2	REP-f8e7c54966226f60ffcc5fbdbde7745ac0481b67162e8b82cb61e67a20f70cb0	PRESENTE-INTEGRO	E2	3	contenedor y miembros completos; anidados hasta profundidad 4	E2B-453b55bbcea0b7d2274687975bb5fc12aef910bfd2562599fd7419d66036d8a5	1c96e3beff85f4829e8afa7a316a29ae13ec4643c468b12b9577ee24ba73acfe	a9a533ed42e806dc1f8ac56bbb252fabc7d91cfa5eb12329bc54354bb2310fee
endireh_2016_bd_sd_endireh2016_sitioinegi_csv	endireh2016/bd_sd_endireh2016_sitioinegi_csv.zip	data_raw	17568947	[REDACTADO-PRIVACIDAD]	NO-APLICA	NO-APLICA	SIN-DEMANDA	manifiesto.yaml+relaciones.tsv+abrir4-variables-2026-08-08.tsv+verif3-variables-2026-08-08.tsv @ dcc4f6a..5f90757 (sin cambio en estos 4 archivos en ese rango,	[REDACTADO-PRIVACIDAD]	buscado por ambas vias -- hash (produccion-modelo.tsv, 11 filas) y ruta (11 scripts de tests/, forense/notas/2026-08-13-cep-cotejo.md SS1-2) -- ninguna empata @	5acfef81ea6c31a1d2321e75cd442726f1b58eab49666e36596f8e13e4f09ec3	REP-67190e4ea5d16d0656c07b88eb86e98d46d308500ac210e014eab93147fa5509	PRESENTE-INTEGRO	E2	46	contenedor y miembros completos; anidados hasta profundidad 4	E2B-e39acf563e0d31782d6d27fd56920afd8de57aaf848bfe31566566f9a6a73564	1c96e3beff85f4829e8afa7a316a29ae13ec4643c468b12b9577ee24ba73acfe	c397e1d4dfd9b738cc97c9b74285de3f54efe5fb88ead91de14e41fc6d524e71
endireh_2016_bd_sd_endireh2016_sitioinegi_dbf	endireh2016/bd_sd_endireh2016_sitioinegi_dbf.zip	data_raw	15766111	[REDACTADO-PRIVACIDAD]	NO-APLICA	NO-APLICA	SIN-DEMANDA	manifiesto.yaml+relaciones.tsv+abrir4-variables-2026-08-08.tsv+verif3-variables-2026-08-08.tsv @ dcc4f6a..5f90757 (sin cambio en estos 4 archivos en ese rango,	[REDACTADO-PRIVACIDAD]	buscado por ambas vias -- hash (produccion-modelo.tsv, 11 filas) y ruta (11 scripts de tests/, forense/notas/2026-08-13-cep-cotejo.md SS1-2) -- ninguna empata @	7717d961281ce7a01a43039d2329347ffd11a278edde02403c116f86425e8511	REP-9e659021eb8787c3fd52febe18d17e77cf21aa1e056c18de0e4776dd0e454e9c	PRESENTE-INTEGRO	E2	4	contenedor y miembros completos; anidados hasta profundidad 4	E2B-bc37135daad41525797dd2be19b31da92180fab27cb6277a62281bf4255df434	1c96e3beff85f4829e8afa7a316a29ae13ec4643c468b12b9577ee24ba73acfe	e100880b01f85744dab6f44fbcdb19a7a37457d38b765485e4324c375ab38289
endireh_2016_bd_sd_endireh2016_sitioinegi_rdata	endireh2016/bd_sd_endireh2016_sitioinegi_RData.zip	data_raw	16291192	[REDACTADO-PRIVACIDAD]	NO-APLICA	NO-APLICA	SIN-DEMANDA	manifiesto.yaml+relaciones.tsv+abrir4-variables-2026-08-08.tsv+verif3-variables-2026-08-08.tsv @ dcc4f6a..5f90757 (sin cambio en estos 4 archivos en ese rango,	[REDACTADO-PRIVACIDAD]	buscado por ambas vias -- hash (produccion-modelo.tsv, 11 filas) y ruta (11 scripts de tests/, forense/notas/2026-08-13-cep-cotejo.md SS1-2) -- ninguna empata @	c01d8ba9c56a796d89ddc2950b6dae459bfc76f3a73da409cd73c2f90582e5d0	REP-af9eb7e62dda9c0a7a470fffd474365ecdd4e9f4e63a19da282b1a45da325fa1	PRESENTE-INTEGRO	E2	4	contenedor y miembros completos; anidados hasta profundidad 4	E2B-e2179ffc8478241df2e9a68f9b95c8c063359832c1b5730a1df3ee0da95a5139	1c96e3beff85f4829e8afa7a316a29ae13ec4643c468b12b9577ee24ba73acfe	0875d837425647c273783755650c08128352aef5f5f3ac0c78eaeab718c9413a
endireh_2016_bd_sd_endireh2016_sitioinegi_spss	endireh2016/bd_sd_endireh2016_sitioinegi_spss.zip	data_raw	19961366	[REDACTADO-PRIVACIDAD]	NO-APLICA	NO-APLICA	SIN-DEMANDA	manifiesto.yaml+relaciones.tsv+abrir4-variables-2026-08-08.tsv+verif3-variables-2026-08-08.tsv @ dcc4f6a..5f90757 (sin cambio en estos 4 archivos en ese rango,	[REDACTADO-PRIVACIDAD]	buscado por ambas vias -- hash (produccion-modelo.tsv, 11 filas) y ruta (11 scripts de tests/, forense/notas/2026-08-13-cep-cotejo.md SS1-2) -- ninguna empata @	b856b37f22d947affc32dbd175e9a84267d759483dc08b1cc814cd9019178ea6	REP-edb4f05726e9877e0bc62bb62edbb18f06618612dfd355d1f2447dbef3b91f08	PRESENTE-INTEGRO	E2	95	contenedor y miembros completos; anidados hasta profundidad 4	E2B-1a64d833716aeabbc30bbfd21b506de19e9f1ae4814d727261215be3556819eb	1c96e3beff85f4829e8afa7a316a29ae13ec4643c468b12b9577ee24ba73acfe	19b9118f6641e5c9571660cdc4ec5452f3bc38411822db5ffe72f53c6f736c21
endireh_2016_bd_sd_endireh2016_sitioinegi_stata	endireh2016/bd_sd_endireh2016_sitioinegi_stata.zip	data_raw	10966606	[REDACTADO-PRIVACIDAD]	NO-APLICA	NO-APLICA	SIN-DEMANDA	manifiesto.yaml+relaciones.tsv+abrir4-variables-2026-08-08.tsv+verif3-variables-2026-08-08.tsv @ dcc4f6a..5f90757 (sin cambio en estos 4 archivos en ese rango,	[REDACTADO-PRIVACIDAD]	buscado por ambas vias -- hash (produccion-modelo.tsv, 11 filas) y ruta (11 scripts de tests/, forense/notas/2026-08-13-cep-cotejo.md SS1-2) -- ninguna empata @	aff33a1b4a460b7f13b70540eeda1f7f165e3e5889d53e59b7816a0c12e7dd65	REP-acc295b7f1a0554c83afd886ecb6ac4fdbe2a69e15e87ba0076f23cb607f0060	PRESENTE-INTEGRO	E2	58	contenedor y miembros completos; anidados hasta profundidad 4	E2B-c50cf011401785afaa9a0f93b1775f44e60ae2e512c5e35fd18acfcaae917c7a	1c96e3beff85f4829e8afa7a316a29ae13ec4643c468b12b9577ee24ba73acfe	44031ee1295e77eb06ddafcc217438968eb0117eefc852cef17b2e4bf30c59d5
endireh_2016_bd_viviendas_endireh2016_sitioinegi_csv	endireh2016/bd_viviendas_endireh2016_sitioinegi_csv.zip	data_raw	7116133	[REDACTADO-PRIVACIDAD]	NO-APLICA	NO-APLICA	SIN-DEMANDA	manifiesto.yaml+relaciones.tsv+abrir4-variables-2026-08-08.tsv+verif3-variables-2026-08-08.tsv @ dcc4f6a..5f90757 (sin cambio en estos 4 archivos en ese rango,	[REDACTADO-PRIVACIDAD]	buscado por ambas vias -- hash (produccion-modelo.tsv, 11 filas) y ruta (11 scripts de tests/, forense/notas/2026-08-13-cep-cotejo.md SS1-2) -- ninguna empata @	c9473cdd1ae45b6bb51ace10e3c73389dc03b220c3df1abf5144e0e88811e872	REP-ed4db1dcd6ed4e366067de2d9a96b763a975909ef0d30ce2559b807e7ea0d84c	PRESENTE-INTEGRO	E2	40	contenedor y miembros completos; anidados hasta profundidad 4	E2B-7e17d62740f89bc763b616d99a46a0749232061279db87e933cec711aaf0100d	1c96e3beff85f4829e8afa7a316a29ae13ec4643c468b12b9577ee24ba73acfe	e6833b033da6b874cea23383b18ca678a383abbbe1ee19be86e109fec71e308d
endireh_2016_bd_viviendas_endireh2016_sitioinegi_dbf	endireh2016/bd_viviendas_endireh2016_sitioinegi_dbf.zip	data_raw	7161378	[REDACTADO-PRIVACIDAD]	NO-APLICA	NO-APLICA	SIN-DEMANDA	manifiesto.yaml+relaciones.tsv+abrir4-variables-2026-08-08.tsv+verif3-variables-2026-08-08.tsv @ dcc4f6a..5f90757 (sin cambio en estos 4 archivos en ese rango,	[REDACTADO-PRIVACIDAD]	buscado por ambas vias -- hash (produccion-modelo.tsv, 11 filas) y ruta (11 scripts de tests/, forense/notas/2026-08-13-cep-cotejo.md SS1-2) -- ninguna empata @	20e6f540d872191a4401acb715a3a60650ecacebb8dfc26f064a207716e4202f	REP-bf3b8e90284d724b21576597bd020188b663f042d50ac62904af6b6da2a7198e	PRESENTE-INTEGRO	E2	4	contenedor y miembros completos; anidados hasta profundidad 4	E2B-2157c9ffe047edcc7db7cfa2d5de7da3f690141d0c237cf9e57080165d602113	1c96e3beff85f4829e8afa7a316a29ae13ec4643c468b12b9577ee24ba73acfe	e1cb629461b9971d1e1ecf0c0b9be807c2d63480a0e58ad25ee49e15db544ec7
endireh_2016_bd_viviendas_endireh2016_sitioinegi_rdata	endireh2016/bd_viviendas_endireh2016_sitioinegi_RData.zip	data_raw	6146133	[REDACTADO-PRIVACIDAD]	NO-APLICA	NO-APLICA	SIN-DEMANDA	manifiesto.yaml+relaciones.tsv+abrir4-variables-2026-08-08.tsv+verif3-variables-2026-08-08.tsv @ dcc4f6a..5f90757 (sin cambio en estos 4 archivos en ese rango,	[REDACTADO-PRIVACIDAD]	buscado por ambas vias -- hash (produccion-modelo.tsv, 11 filas) y ruta (11 scripts de tests/, forense/notas/2026-08-13-cep-cotejo.md SS1-2) -- ninguna empata @	acb9dfac7799cf99c3f2aae20a0427cb8b0713ac672c96f799eabf61f54abf69	REP-f48def59001fc161651597fb457a0610799ae1fb2122d4155dd74dce9ec8a70c	PRESENTE-INTEGRO	E2	4	contenedor y miembros completos; anidados hasta profundidad 4	E2B-252d2bb738e76ddf83a34137f6fff12230f9d8010fa26ac5b26643f67e3be5e9	1c96e3beff85f4829e8afa7a316a29ae13ec4643c468b12b9577ee24ba73acfe	106648f1edf4f18c0f87308c9ac639a8ad07e1a2b3e8788ee2ee9ca20d9436a3
endireh_2016_bd_viviendas_endireh2016_sitioinegi_spss	endireh2016/bd_viviendas_endireh2016_sitioinegi_spss.zip	data_raw	5053953	[REDACTADO-PRIVACIDAD]	NO-APLICA	NO-APLICA	SIN-DEMANDA	manifiesto.yaml+relaciones.tsv+abrir4-variables-2026-08-08.tsv+verif3-variables-2026-08-08.tsv @ dcc4f6a..5f90757 (sin cambio en estos 4 archivos en ese rango,	[REDACTADO-PRIVACIDAD]	buscado por ambas vias -- hash (produccion-modelo.tsv, 11 filas) y ruta (11 scripts de tests/, forense/notas/2026-08-13-cep-cotejo.md SS1-2) -- ninguna empata @	169804df37f0fce7cc45e5b39fb865876adfdc9757269c9294e509931c2a6059	REP-21962f77045ac0c7a9cac82d67e1293736b99965753f8efe840b6a8a01d24b60	PRESENTE-INTEGRO	E2	68	contenedor y miembros completos; anidados hasta profundidad 4	E2B-708a9de45c750bd249c4cc6e6faf8b730c38b7ab899e8ac103689f8444982eb4	1c96e3beff85f4829e8afa7a316a29ae13ec4643c468b12b9577ee24ba73acfe	61b711a646065e32d242bd36ab649d6843d135f49dd7f617d137aa63dbb4fa9e
endireh_2016_bd_viviendas_endireh2016_sitioinegi_stata	endireh2016/bd_viviendas_endireh2016_sitioinegi_stata.zip	data_raw	3046355	[REDACTADO-PRIVACIDAD]	NO-APLICA	NO-APLICA	SIN-DEMANDA	manifiesto.yaml+relaciones.tsv+abrir4-variables-2026-08-08.tsv+verif3-variables-2026-08-08.tsv @ dcc4f6a..5f90757 (sin cambio en estos 4 archivos en ese rango,	[REDACTADO-PRIVACIDAD]	buscado por ambas vias -- hash (produccion-modelo.tsv, 11 filas) y ruta (11 scripts de tests/, forense/notas/2026-08-13-cep-cotejo.md SS1-2) -- ninguna empata @	1efc5669f8069a29f124192e65de75585ce6d10772da53f6366ea64cb8bf4e46	REP-3dcb9a666b8b3d79fbdc29298cd048ff12bc5ba28cc1055657f1e8ad542a3610	PRESENTE-INTEGRO	E2	40	contenedor y miembros completos; anidados hasta profundidad 4	E2B-bcd7ed669c0183afbde0789fb474db8b817cfb125927288a6a97fc7e257150d9	1c96e3beff85f4829e8afa7a316a29ae13ec4643c468b12b9577ee24ba73acfe	fe2f4e2cf7c4ee55bd1e9f05c0363ee6114d2e7057bdbebd79b16672f80c72e1
endireh_2021_bd_endireh_2021_dbf	endireh2021/bd_endireh_2021_dbf.zip	data_raw	100982152	[REDACTADO-PRIVACIDAD]	NO-APLICA	NO-APLICA	SIN-DEMANDA	manifiesto.yaml+relaciones.tsv+abrir4-variables-2026-08-08.tsv+verif3-variables-2026-08-08.tsv @ dcc4f6a..5f90757 (sin cambio en estos 4 archivos en ese rango,	[REDACTADO-PRIVACIDAD]	buscado por ambas vias -- hash (produccion-modelo.tsv, 11 filas) y ruta (11 scripts de tests/, forense/notas/2026-08-13-cep-cotejo.md SS1-2) -- ninguna empata @	d9d087e0087bea0e0c848c8d39b761af5e8ddf8efe95f2b0604387f21e4a28af	REP-cf5079ccfcdc1e2a4d559eb1cb7cb113fe8c8b84a3d36ab3f753ca4a7fa49828	PRESENTE-INTEGRO	E2	56	contenedor y miembros completos; anidados hasta profundidad 4	E2B-48b42bf898d0ff14a5b15ddcac023f23bd9bac6e39eadc5b35ed78ab09c25719	1c96e3beff85f4829e8afa7a316a29ae13ec4643c468b12b9577ee24ba73acfe	70d23915edf54cfa160edcd47e3327f04d6c90f02afbfecac750aec9e5462a4d
endireh_2021_bd_endireh_2021_dta	endireh2021/bd_endireh_2021_dta.zip	data_raw	44836129	[REDACTADO-PRIVACIDAD]	NO-APLICA	NO-APLICA	SIN-DEMANDA	manifiesto.yaml+relaciones.tsv+abrir4-variables-2026-08-08.tsv+verif3-variables-2026-08-08.tsv @ dcc4f6a..5f90757 (sin cambio en estos 4 archivos en ese rango,	[REDACTADO-PRIVACIDAD]	buscado por ambas vias -- hash (produccion-modelo.tsv, 11 filas) y ruta (11 scripts de tests/, forense/notas/2026-08-13-cep-cotejo.md SS1-2) -- ninguna empata @	f803b6d01d74aeb8d208bef20b52190bbac7f8da69e9b34fc6fd825f2667cbc7	REP-557d441b4b601d3c7b386c0461241dcd544d2d44f5112d3ce8717056ff31e0c4	PRESENTE-INTEGRO	E2	104	contenedor y miembros completos; anidados hasta profundidad 4	E2B-46974f8bfdbddd93611ecae9766f23bd7208fed41289d6c5e55e1f9642dc1236	1c96e3beff85f4829e8afa7a316a29ae13ec4643c468b12b9577ee24ba73acfe	26d202a45d6647d1afe2830b09d6bade425d26c4beef4839dbb83bfa33c5e7ac
endireh_2021_bd_endireh_2021_rdata	endireh2021/bd_endireh_2021_RData.zip	data_raw	36646028	[REDACTADO-PRIVACIDAD]	NO-APLICA	NO-APLICA	SIN-DEMANDA	manifiesto.yaml+relaciones.tsv+abrir4-variables-2026-08-08.tsv+verif3-variables-2026-08-08.tsv @ dcc4f6a..5f90757 (sin cambio en estos 4 archivos en ese rango,	[REDACTADO-PRIVACIDAD]	buscado por ambas vias -- hash (produccion-modelo.tsv, 11 filas) y ruta (11 scripts de tests/, forense/notas/2026-08-13-cep-cotejo.md SS1-2) -- ninguna empata @	a29e50210700a8e4ea3a1fddd07be90e046ed66dcf42a00cff49e8b8ae5b3129	REP-386630544b9ac0f3e8404159c9a112b4aeeafa85c2b76fceab216b9b2e725c1b	PRESENTE-INTEGRO	E2	2	contenedor y miembros completos; anidados hasta profundidad 4	E2B-cf9b5b9ed264917151551dbaed58cce6d34464cea8b591e69beedb419dd129c4	1c96e3beff85f4829e8afa7a316a29ae13ec4643c468b12b9577ee24ba73acfe	266ae353e971af4ace6678e5c88f4b2d0af6a2755779dc81aaadffed757477b6
endireh_2021_bd_endireh_2021_sav	endireh2021/bd_endireh_2021_sav.zip	data_raw	67324204	[REDACTADO-PRIVACIDAD]	NO-APLICA	NO-APLICA	SIN-DEMANDA	manifiesto.yaml+relaciones.tsv+abrir4-variables-2026-08-08.tsv+verif3-variables-2026-08-08.tsv @ dcc4f6a..5f90757 (sin cambio en estos 4 archivos en ese rango,	[REDACTADO-PRIVACIDAD]	buscado por ambas vias -- hash (produccion-modelo.tsv, 11 filas) y ruta (11 scripts de tests/, forense/notas/2026-08-13-cep-cotejo.md SS1-2) -- ninguna empata @	bc048cd843eb5c00b987d95b4d95660d3bb8e12ae836f88f2e495b6831c20674	REP-115b2cbcbce0cdd3b7e0dac5d802865b3d7ece68f1c50463a7afdd17735bf30c	PRESENTE-INTEGRO	E2	2350	contenedor y miembros completos; anidados hasta profundidad 4	E2B-4661d6876695d6c762216d8f4794b30bf60429be8da49d7bd7a60ddd80d244e7	1c96e3beff85f4829e8afa7a316a29ae13ec4643c468b12b9577ee24ba73acfe	07179253a24ba59b244c46b4229f029d92e44ba4b48bae741385b7d61d0fd003
endireh_2021_endireh2021_calc_r	endireh2021/endireh2021_calc_r.pdf	data_raw	1255297	[REDACTADO-PRIVACIDAD]	NO-APLICA	NO-APLICA	SIN-DEMANDA	manifiesto.yaml+relaciones.tsv+abrir4-variables-2026-08-08.tsv+verif3-variables-2026-08-08.tsv @ dcc4f6a..5f90757 (sin cambio en estos 4 archivos en ese rango,	[REDACTADO-PRIVACIDAD]	buscado por ambas vias -- hash (produccion-modelo.tsv, 11 filas) y ruta (11 scripts de tests/, forense/notas/2026-08-13-cep-cotejo.md SS1-2) -- ninguna empata @	07b82584d1da70d16010c1d8083d656c58887bb87a5bf5196a1a11aac02697da	REP-81bde523dbd5f382a7fe7b5907caa666d8e3654354bb8e87e0957b0a5648e38b	PRESENTE-INTEGRO	E2	1	apertura detenida en parser de formato: PermissionError	E2B-bb116d34fcff39f9af06de85eefe1a2070772e8e53873b08225822ba48a0a2e9	1c96e3beff85f4829e8afa7a316a29ae13ec4643c468b12b9577ee24ba73acfe	600d2500296359df3fbb9548aae091c074caabe1993914591bb3ce653dc369cb
endutih2024_bd_dbf_zip	endutih2024/endutih2024_bd_dbf.zip	data_raw	8823853	Encargo E (mesa #18): microdatos para eje acceso_digital	NO-APLICA	NO-APLICA	SIN-DEMANDA	manifiesto.yaml+relaciones.tsv+abrir4-variables-2026-08-08.tsv+verif3-variables-2026-08-08.tsv @ dcc4f6a..5f90757 (sin cambio en estos 4 archivos en ese rango,	[REDACTADO-PRIVACIDAD]	buscado por ambas vias -- hash (produccion-modelo.tsv, 11 filas) y ruta (11 scripts de tests/, forense/notas/2026-08-13-cep-cotejo.md SS1-2) -- ninguna empata @	ef723ed125c81c4a9036b74fab67f520de007a2d52c5e0b03d4ebec509e1ae87	REP-6f69a4c7591dc4a1a16ac137a2770b11e6871e8cb6a667130be9310e6e429b98	PRESENTE-INTEGRO	E2	10	contenedor y miembros completos; anidados hasta profundidad 4	E2B-f4175f37585fb50d43e54970f6642397b32b28226bbccd1c99ca8b59ee02a9ab	1c96e3beff85f4829e8afa7a316a29ae13ec4643c468b12b9577ee24ba73acfe	82d4010f9456c588e93172fc38768b2b8b5bb2c34c7b02ba7893dae09871e112
endutih2024_fd_xlsx	endutih2024/fd_endutih2024.xlsx	data_raw	155075	Encargo D-2 (mesa #20): diccionario de archivos (FD) de ENDUTIH 2024, requerido por R1.3 (canal de confianza personal -> adopcion financiera) para nombrar varia	NO-APLICA	NO-APLICA	SIN-DEMANDA	manifiesto.yaml+relaciones.tsv+abrir4-variables-2026-08-08.tsv+verif3-variables-2026-08-08.tsv @ dcc4f6a..5f90757 (sin cambio en estos 4 archivos en ese rango,	[REDACTADO-PRIVACIDAD]	buscado por ambas vias -- hash (produccion-modelo.tsv, 11 filas) y ruta (11 scripts de tests/, forense/notas/2026-08-13-cep-cotejo.md SS1-2) -- ninguna empata @	ecdf95924b0b31e2593fdfabe69cf88ecbc5c90a40b3fa3caa9f8427147a96de	REP-22b5f9fb7b41df1de1ea582d586ecac7476d76aaf8f5f4b7b555ac2f830d7a3b	PRESENTE-INTEGRO	E2	528	todas las hojas/tablas y encabezados; celdas de observación no persistidas	E2B-4b1d1c6c08d5cc5c2bd9376e9fab649955e32676f3b7edd98118141da1aae034	1c96e3beff85f4829e8afa7a316a29ae13ec4643c468b12b9577ee24ba73acfe	9cc1633a8e21ce88f4002fd2245e2f4cfbb1b1956cfe208ec32e4baacd466b3b
endutih_2023_endutih2023_bd_dbf	endutih2023/endutih2023_bd_dbf.zip	data_raw	9877009	[REDACTADO-PRIVACIDAD]	NO-APLICA	NO-APLICA	SIN-DEMANDA	manifiesto.yaml+relaciones.tsv+abrir4-variables-2026-08-08.tsv+verif3-variables-2026-08-08.tsv @ dcc4f6a..5f90757 (sin cambio en estos 4 archivos en ese rango,	[REDACTADO-PRIVACIDAD]	buscado por ambas vias -- hash (produccion-modelo.tsv, 11 filas) y ruta (11 scripts de tests/, forense/notas/2026-08-13-cep-cotejo.md SS1-2) -- ninguna empata @	29d195082796c2692bfeb688348de3ed792848781ff7575f91b7da68119f9696	REP-ae6da8a6385ff65d1061f416845f33c659747eb3cf224a6a4f50d3749640307e	PRESENTE-INTEGRO	E2	10	contenedor y miembros completos; anidados hasta profundidad 4	E2B-958c721ea1d4d2d99f8b849a8baa2c6a4524695258b280c6285d47ccbe06ef59	1c96e3beff85f4829e8afa7a316a29ae13ec4643c468b12b9577ee24ba73acfe	a5ae5fd114a473b346fc94c2295183984c24019ccb1bbe8d2c88590daae5f96d
endutih_2023_fd_endutih2023	endutih2023/FD_ENDUTIH2023.xlsx	data_raw	140760	[REDACTADO-PRIVACIDAD]	NO-APLICA	NO-APLICA	SIN-DEMANDA	manifiesto.yaml+relaciones.tsv+abrir4-variables-2026-08-08.tsv+verif3-variables-2026-08-08.tsv @ dcc4f6a..5f90757 (sin cambio en estos 4 archivos en ese rango,	[REDACTADO-PRIVACIDAD]	buscado por ambas vias -- hash (produccion-modelo.tsv, 11 filas) y ruta (11 scripts de tests/, forense/notas/2026-08-13-cep-cotejo.md SS1-2) -- ninguna empata @	0f78146a6d61b0b5cd4d84056aa77e0f1bf1b25a9a126e8813215eada4da62c2	REP-cffb0211098abf5eab16cdc0929a11fdec58d30c656a00abbaef107fa080be4b	PRESENTE-INTEGRO	E2	516	todas las hojas/tablas y encabezados; celdas de observación no persistidas	E2B-17b6df2a9c12cb77d3470c3a11062075837a0aab2394d64d77cdd98b64c70935	1c96e3beff85f4829e8afa7a316a29ae13ec4643c468b12b9577ee24ba73acfe	6332c603b466b851193fe25c019f2b64d90ac95b82f56bd8318b5549046fa448
endutih_2025_endutih2025_bd_dbf	endutih2025/endutih2025_bd_dbf.zip	data_raw	9041121	[REDACTADO-PRIVACIDAD]	NO-APLICA	NO-APLICA	SIN-DEMANDA	manifiesto.yaml+relaciones.tsv+abrir4-variables-2026-08-08.tsv+verif3-variables-2026-08-08.tsv @ dcc4f6a..5f90757 (sin cambio en estos 4 archivos en ese rango,	[REDACTADO-PRIVACIDAD]	buscado por ambas vias -- hash (produccion-modelo.tsv, 11 filas) y ruta (11 scripts de tests/, forense/notas/2026-08-13-cep-cotejo.md SS1-2) -- ninguna empata @	a927528779c56b4565aae8b83bfaf119f50178bb4c7e7df4eaceee992f86ee1c	REP-7ab2711da26f731ae097da98e79b95e7706b2d177fb2e438d09716c25c3fc536	PRESENTE-INTEGRO	E2	10	contenedor y miembros completos; anidados hasta profundidad 4	E2B-bbc844e2edbe6e16a3cc61f26728e950687c70836d61a6b033de518b94c56118	1c96e3beff85f4829e8afa7a316a29ae13ec4643c468b12b9577ee24ba73acfe	162d903ab8e8c74ea81500f67a325b83cdae8581dc0be8a5a5e9c39fca45f580
endutih_2025_fd_endutih2025	endutih2025/fd_endutih2025.xlsx	data_raw	162469	[REDACTADO-PRIVACIDAD]	NO-APLICA	NO-APLICA	SIN-DEMANDA	manifiesto.yaml+relaciones.tsv+abrir4-variables-2026-08-08.tsv+verif3-variables-2026-08-08.tsv @ dcc4f6a..5f90757 (sin cambio en estos 4 archivos en ese rango,	[REDACTADO-PRIVACIDAD]	buscado por ambas vias -- hash (produccion-modelo.tsv, 11 filas) y ruta (11 scripts de tests/, forense/notas/2026-08-13-cep-cotejo.md SS1-2) -- ninguna empata @	d02caecea044fa5f5089760586e4f1fa6d91341a0462fe19fdc70caefab1a9ce	REP-df41f0c10b1e5c047cf21bc5caf759b130801ee4f66fee14ed1780d9e64634b9	PRESENTE-INTEGRO	E2	550	todas las hojas/tablas y encabezados; celdas de observación no persistidas	E2B-b9fd483ad5cc1ec446bf637488dfcc9194d08688163db01a052aef8b477f121f	1c96e3beff85f4829e8afa7a316a29ae13ec4643c468b12b9577ee24ba73acfe	5db8c0df81385fc6ea14bb546e1497e3f1ff2a3516180e08c468723b2c7a8041
enestyc_1992_ejemplobd_enestyc_1992_dbf	ejemplobd_enestyc_1992_dbf.zip	data_raw	9390	[REDACTADO-PRIVACIDAD]	NO-APLICA	NO-APLICA	SIN-DEMANDA	manifiesto.yaml+relaciones.tsv+abrir4-variables-2026-08-08.tsv+verif3-variables-2026-08-08.tsv @ dcc4f6a..5f90757 (sin cambio en estos 4 archivos en ese rango,	[REDACTADO-PRIVACIDAD]	buscado por ambas vias -- hash (produccion-modelo.tsv, 11 filas) y ruta (11 scripts de tests/, forense/notas/2026-08-13-cep-cotejo.md SS1-2) -- ninguna empata @	5cb644cabc2fecf0d085175a1f18f17ae79646ae72cc29e9ee3b293dfd0c088c	REP-a084b63c8a2e33233d8bcbd4f02c3ae9f04e1e8e59e9789c79f22bd5fc4bc0fe	PRESENTE-INTEGRO	E2	8	contenedor y miembros completos; anidados hasta profundidad 4	E2B-ff6d517e721b7428b799bc1e302d583c21778a77585d20872da3fe3177f4caf6	1c96e3beff85f4829e8afa7a316a29ae13ec4643c468b12b9577ee24ba73acfe	b7e1baa506b3b75cd68a83955ac96adcba264f826b432bf954ed8ecc6ba5236c
enestyc_1992_ejemplobd_enestyc_1992_stata	ejemplobd_enestyc_1992_stata.zip	data_raw	7337	[REDACTADO-PRIVACIDAD]	NO-APLICA	NO-APLICA	SIN-DEMANDA	manifiesto.yaml+relaciones.tsv+abrir4-variables-2026-08-08.tsv+verif3-variables-2026-08-08.tsv @ dcc4f6a..5f90757 (sin cambio en estos 4 archivos en ese rango,	[REDACTADO-PRIVACIDAD]	buscado por ambas vias -- hash (produccion-modelo.tsv, 11 filas) y ruta (11 scripts de tests/, forense/notas/2026-08-13-cep-cotejo.md SS1-2) -- ninguna empata @	852ef3ee45c58f80c5a3dc30b896cea9585768efab6df3c31ee741e53ca9789f	REP-b8bb984fc7263d8f43c75f6a109a5d5d2e369f57c0c73604b62964919f46be2e	PRESENTE-INTEGRO	E2	843	contenedor y miembros completos; anidados hasta profundidad 4	E2B-f5cd0d038312b6255fef802e8040f581957eb7dfebad8a8f8984863e80d407f2	1c96e3beff85f4829e8afa7a316a29ae13ec4643c468b12b9577ee24ba73acfe	6d09db3cf71bb75e0fe030dd95625de4c705364bb35b18bcb903817348bd4acf
enestyc_1992_ejemplobd_enestyc_1992_xlsx	ejemplobd_enestyc_1992_xlsx.zip	data_raw	29014	[REDACTADO-PRIVACIDAD]	NO-APLICA	NO-APLICA	SIN-DEMANDA	manifiesto.yaml+relaciones.tsv+abrir4-variables-2026-08-08.tsv+verif3-variables-2026-08-08.tsv @ dcc4f6a..5f90757 (sin cambio en estos 4 archivos en ese rango,	[REDACTADO-PRIVACIDAD]	buscado por ambas vias -- hash (produccion-modelo.tsv, 11 filas) y ruta (11 scripts de tests/, forense/notas/2026-08-13-cep-cotejo.md SS1-2) -- ninguna empata @	0b421bf4618402ea6f06f84d949e0401ddee796e56df304e9013884eecc8dd3e	REP-cf2528e01c4e3205521e696e2b7ac792a4d6e60011312ee98d9321f05c73601d	PRESENTE-INTEGRO	E2	8	contenedor y miembros completos; anidados hasta profundidad 4	E2B-3d7af8e10b1b3968a57740c0746b20b6e35f1ab702ac0dbfe75b0b731c7d545f	1c96e3beff85f4829e8afa7a316a29ae13ec4643c468b12b9577ee24ba73acfe	989b272d59f713f3dba2811b7b0a421079ea287c1f295e5c34bfdd9739d715be
enestyc_1995_ejemplobd_enestyc_1995_dbf	ejemplobd_enestyc_1995_dbf.zip	data_raw	5405	[REDACTADO-PRIVACIDAD]	NO-APLICA	NO-APLICA	SIN-DEMANDA	manifiesto.yaml+relaciones.tsv+abrir4-variables-2026-08-08.tsv+verif3-variables-2026-08-08.tsv @ dcc4f6a..5f90757 (sin cambio en estos 4 archivos en ese rango,	[REDACTADO-PRIVACIDAD]	buscado por ambas vias -- hash (produccion-modelo.tsv, 11 filas) y ruta (11 scripts de tests/, forense/notas/2026-08-13-cep-cotejo.md SS1-2) -- ninguna empata @	94b8a908a9ca1a7db211a216f65df1a612973917f8c98389de7a3252c62d6bf2	REP-5a5527742a6203f9b53f6c8d1d9624b77793de0e0a1f6289695f699daf72fad2	PRESENTE-INTEGRO	E2	8	contenedor y miembros completos; anidados hasta profundidad 4	E2B-fcaf39cee731d4ddd5a4090a44ffdc1e161536d2b7aaa68540e172d8d7dfc237	1c96e3beff85f4829e8afa7a316a29ae13ec4643c468b12b9577ee24ba73acfe	80a344ea271c22852f7daf961271acc6752171bc92188d4e9ec6fa1134a1a513
enestyc_1995_ejemplobd_enestyc_1995_stata	ejemplobd_enestyc_1995_stata.zip	data_raw	4371	[REDACTADO-PRIVACIDAD]	NO-APLICA	NO-APLICA	SIN-DEMANDA	manifiesto.yaml+relaciones.tsv+abrir4-variables-2026-08-08.tsv+verif3-variables-2026-08-08.tsv @ dcc4f6a..5f90757 (sin cambio en estos 4 archivos en ese rango,	[REDACTADO-PRIVACIDAD]	buscado por ambas vias -- hash (produccion-modelo.tsv, 11 filas) y ruta (11 scripts de tests/, forense/notas/2026-08-13-cep-cotejo.md SS1-2) -- ninguna empata @	d2e13fc5d99fefbbfccb568c18c2d9a7cc6d981d5969ffcec036893cb357b66e	REP-87f0c9a4a1ce59d8376675c41740680c41d0e9eae21e9420542d4d6709fa5cc3	PRESENTE-INTEGRO	E2	364	contenedor y miembros completos; anidados hasta profundidad 4	E2B-0e5e17f38f34f07b5a5d1eca2fe28db1d28d3c787adb8925710502259820d02a	1c96e3beff85f4829e8afa7a316a29ae13ec4643c468b12b9577ee24ba73acfe	2af5f7cfec500167cf8390e0630d58995f0cf9e84bcee8c68e313212da67caf9
enestyc_1995_ejemplobd_enestyc_1995_xlsx	ejemplobd_enestyc_1995_xlsx.zip	data_raw	24199	[REDACTADO-PRIVACIDAD]	NO-APLICA	NO-APLICA	SIN-DEMANDA	manifiesto.yaml+relaciones.tsv+abrir4-variables-2026-08-08.tsv+verif3-variables-2026-08-08.tsv @ dcc4f6a..5f90757 (sin cambio en estos 4 archivos en ese rango,	[REDACTADO-PRIVACIDAD]	buscado por ambas vias -- hash (produccion-modelo.tsv, 11 filas) y ruta (11 scripts de tests/, forense/notas/2026-08-13-cep-cotejo.md SS1-2) -- ninguna empata @	66fa0e336729cfba6e3a4decdf013366c1db77c46f160982d30326a34c01ed5d	REP-f2a151c597407fb428e87d3d4a703577c371ad47f1a0aab1fa647e1a728b994b	PRESENTE-INTEGRO	E2	8	contenedor y miembros completos; anidados hasta profundidad 4	E2B-5da27b7a5227607a749f79e44e6d8887b17b60bbb796aa5ed76478bfbaa41918	1c96e3beff85f4829e8afa7a316a29ae13ec4643c468b12b9577ee24ba73acfe	cbcfb32b44fdc64cacd51e167f8a372731c7181ad7fc38084d264e9c573f569c
enestyc_1999_ejemplobd_enestyc_1999_dbf	ejemplobd_enestyc_1999_dbf.zip	data_raw	7895	[REDACTADO-PRIVACIDAD]	NO-APLICA	NO-APLICA	SIN-DEMANDA	manifiesto.yaml+relaciones.tsv+abrir4-variables-2026-08-08.tsv+verif3-variables-2026-08-08.tsv @ dcc4f6a..5f90757 (sin cambio en estos 4 archivos en ese rango,	[REDACTADO-PRIVACIDAD]	buscado por ambas vias -- hash (produccion-modelo.tsv, 11 filas) y ruta (11 scripts de tests/, forense/notas/2026-08-13-cep-cotejo.md SS1-2) -- ninguna empata @	8fc3ee404b7ba361367aef72a75701466235724344021f431b7b7e6375a1c57e	REP-82a58f1b9979ea617426dc886d168e0a866dd8b32b8eb7dcbb65e96d8554ce0c	PRESENTE-INTEGRO	E2	6	contenedor y miembros completos; anidados hasta profundidad 4	E2B-100eabd5c9bb63a2e5fe61b9bf96712592c418fb3ad3f53d19dc60d519b873c9	1c96e3beff85f4829e8afa7a316a29ae13ec4643c468b12b9577ee24ba73acfe	ef0dac0aa43cd59def77d40d7545ba4f8a8aefc8a8f9db807462b494b0aa8ee4
enestyc_1999_ejemplobd_enestyc_1999_stata	ejemplobd_enestyc_1999_stata.zip	data_raw	6033	[REDACTADO-PRIVACIDAD]	NO-APLICA	NO-APLICA	SIN-DEMANDA	manifiesto.yaml+relaciones.tsv+abrir4-variables-2026-08-08.tsv+verif3-variables-2026-08-08.tsv @ dcc4f6a..5f90757 (sin cambio en estos 4 archivos en ese rango,	[REDACTADO-PRIVACIDAD]	buscado por ambas vias -- hash (produccion-modelo.tsv, 11 filas) y ruta (11 scripts de tests/, forense/notas/2026-08-13-cep-cotejo.md SS1-2) -- ninguna empata @	f19c9021c587f4f6403b71d8b0b177b270afc0e65c3065e87fbefddab39f4cea	REP-1b34f7112207cacd3ec7ac6734b3f9649f57432f5b4892821bf7e1bf76074354	PRESENTE-INTEGRO	E2	576	contenedor y miembros completos; anidados hasta profundidad 4	E2B-5c384d44fad987fffb2d87adc12fefed2eb8d00a4939d76afe61829de449bfcc	1c96e3beff85f4829e8afa7a316a29ae13ec4643c468b12b9577ee24ba73acfe	e1324278e3638646c3ecdbd72d57a4f55cbe37fd4b19111b2d42222918898dee
enestyc_1999_ejemplobd_enestyc_1999_xlsx	ejemplobd_enestyc_1999_xlsx.zip	data_raw	22096	[REDACTADO-PRIVACIDAD]	NO-APLICA	NO-APLICA	SIN-DEMANDA	manifiesto.yaml+relaciones.tsv+abrir4-variables-2026-08-08.tsv+verif3-variables-2026-08-08.tsv @ dcc4f6a..5f90757 (sin cambio en estos 4 archivos en ese rango,	[REDACTADO-PRIVACIDAD]	buscado por ambas vias -- hash (produccion-modelo.tsv, 11 filas) y ruta (11 scripts de tests/, forense/notas/2026-08-13-cep-cotejo.md SS1-2) -- ninguna empata @	6e4f8130902dc6cd669e42cbb934dafac6704d6298641f2a35f2709340eb863d	REP-a2b3651ab9acf15babf33bb0faa7c928942833b944d90fc77e60fe27f25ed82a	PRESENTE-INTEGRO	E2	6	contenedor y miembros completos; anidados hasta profundidad 4	E2B-1e17386bb7e6282be5e6581905c5a0e37b6eca891f99973adf9147b0ddffbac5	1c96e3beff85f4829e8afa7a316a29ae13ec4643c468b12b9577ee24ba73acfe	9ad5fcfd61c2f4d2acf34c794d6e3140ac1bca81ca0d4d1d39e3507c0151bb27
enestyc_2001_ejemplobd_enestyc_2001_dbf	ejemplobd_enestyc_2001_dbf.zip	data_raw	7648	[REDACTADO-PRIVACIDAD]	NO-APLICA	NO-APLICA	SIN-DEMANDA	manifiesto.yaml+relaciones.tsv+abrir4-variables-2026-08-08.tsv+verif3-variables-2026-08-08.tsv @ dcc4f6a..5f90757 (sin cambio en estos 4 archivos en ese rango,	[REDACTADO-PRIVACIDAD]	buscado por ambas vias -- hash (produccion-modelo.tsv, 11 filas) y ruta (11 scripts de tests/, forense/notas/2026-08-13-cep-cotejo.md SS1-2) -- ninguna empata @	5ebafbc4b51967db3165f932c37165f78d28ab703064f7db1a63cddbdb718169	REP-74e8fe74ec72ca70a25d18531deed98b457b1e2042b0c233c277a3b21c2a0361	PRESENTE-INTEGRO	E2	6	contenedor y miembros completos; anidados hasta profundidad 4	E2B-4701b8366954fb05d8657539f6f50ce49d8ed6247ae9fe5188076a365a262706	1c96e3beff85f4829e8afa7a316a29ae13ec4643c468b12b9577ee24ba73acfe	644c2f39ec2c51b93df4aa45b125ca642a681ce21b78967e78e81219dea79634
enestyc_2001_ejemplobd_enestyc_2001_stata	ejemplobd_enestyc_2001_stata.zip	data_raw	5781	[REDACTADO-PRIVACIDAD]	NO-APLICA	NO-APLICA	SIN-DEMANDA	manifiesto.yaml+relaciones.tsv+abrir4-variables-2026-08-08.tsv+verif3-variables-2026-08-08.tsv @ dcc4f6a..5f90757 (sin cambio en estos 4 archivos en ese rango,	[REDACTADO-PRIVACIDAD]	buscado por ambas vias -- hash (produccion-modelo.tsv, 11 filas) y ruta (11 scripts de tests/, forense/notas/2026-08-13-cep-cotejo.md SS1-2) -- ninguna empata @	817ccfc2d48d7b55c0b0021d9d6bd94dfd36c0e27696cd63d866ff33effdedb6	REP-46fa1358f0ea5faf8cac794d70fe2373834bad15f5f3922b70c17b1572f42af4	PRESENTE-INTEGRO	E2	672	contenedor y miembros completos; anidados hasta profundidad 4	E2B-d7dc796de013497ce90d71f5c1a1a38c454e960d52258399b0a6fec917bc5f9f	1c96e3beff85f4829e8afa7a316a29ae13ec4643c468b12b9577ee24ba73acfe	7e72de9d71e05906f47bac3d77cd0f2bbd563fb8fbbdfc866d68fc3070c21f1c
enestyc_2001_ejemplobd_enestyc_2001_xlsx	ejemplobd_enestyc_2001_xlsx.zip	data_raw	21896	[REDACTADO-PRIVACIDAD]	NO-APLICA	NO-APLICA	SIN-DEMANDA	manifiesto.yaml+relaciones.tsv+abrir4-variables-2026-08-08.tsv+verif3-variables-2026-08-08.tsv @ dcc4f6a..5f90757 (sin cambio en estos 4 archivos en ese rango,	[REDACTADO-PRIVACIDAD]	buscado por ambas vias -- hash (produccion-modelo.tsv, 11 filas) y ruta (11 scripts de tests/, forense/notas/2026-08-13-cep-cotejo.md SS1-2) -- ninguna empata @	ce851437457f03ec9b56bdb90377791aec0303ce47f5bb6338712d18102c498d	REP-fa6a94205d5198c293fc617e94709276fcf7a8118e27a877a6471639bcff9076	PRESENTE-INTEGRO	E2	6	contenedor y miembros completos; anidados hasta profundidad 4	E2B-c8823e03aa576eaade419c15ad4a7a310cc499312d6061ccafa7e07385fe5a95	1c96e3beff85f4829e8afa7a316a29ae13ec4643c468b12b9577ee24ba73acfe	b41b7bc0ba67912304663fb52506a25fcc0191dd01f0358d41e0615c49de04fe
enestyc_2005_ejemplobd_enestyc_2005_dbf	ejemplobd_enestyc_2005_dbf.zip	data_raw	16512	[REDACTADO-PRIVACIDAD]	NO-APLICA	NO-APLICA	SIN-DEMANDA	manifiesto.yaml+relaciones.tsv+abrir4-variables-2026-08-08.tsv+verif3-variables-2026-08-08.tsv @ dcc4f6a..5f90757 (sin cambio en estos 4 archivos en ese rango,	[REDACTADO-PRIVACIDAD]	buscado por ambas vias -- hash (produccion-modelo.tsv, 11 filas) y ruta (11 scripts de tests/, forense/notas/2026-08-13-cep-cotejo.md SS1-2) -- ninguna empata @	8415df5113376e2c181152c3b78b77877d135599f7fea0306658b79f76e6dd3c	REP-cb93476783c390445d1a6aad53fb8b81da215d7d7938a15512a8b669299046e8	PRESENTE-INTEGRO	E2	16	contenedor y miembros completos; anidados hasta profundidad 4	E2B-fc5fe2541a247a5174c0eb027c220d678716b506f9aaacb6e0a8f43658b1d2af	1c96e3beff85f4829e8afa7a316a29ae13ec4643c468b12b9577ee24ba73acfe	9a482babe3c56ee378fc0adf7daca762679d6e8f994445301581b11b65117b20
enestyc_2005_ejemplobd_enestyc_2005_stata	ejemplobd_enestyc_2005_stata.zip	data_raw	12439	[REDACTADO-PRIVACIDAD]	NO-APLICA	NO-APLICA	SIN-DEMANDA	manifiesto.yaml+relaciones.tsv+abrir4-variables-2026-08-08.tsv+verif3-variables-2026-08-08.tsv @ dcc4f6a..5f90757 (sin cambio en estos 4 archivos en ese rango,	[REDACTADO-PRIVACIDAD]	buscado por ambas vias -- hash (produccion-modelo.tsv, 11 filas) y ruta (11 scripts de tests/, forense/notas/2026-08-13-cep-cotejo.md SS1-2) -- ninguna empata @	b7407ec98b833d2d1bd4d671464d7a287ec1d477b9061191fa2e06852f5bde8a	REP-df3b1b706ec9c9a9c4073a2770e9d9f273c696a2d99f9dd14987eb186304e93d	PRESENTE-INTEGRO	E2	1536	contenedor y miembros completos; anidados hasta profundidad 4	E2B-d874a6aef9771dcfdd1bd64a6698e997a3699305a7ced215b9d63333f75e8651	1c96e3beff85f4829e8afa7a316a29ae13ec4643c468b12b9577ee24ba73acfe	0107b2f32a7dd6951550685b7084a7b20b8c2c08cd0459f2b75609d021cef169
enestyc_2005_ejemplobd_enestyc_2005_xlsx	ejemplobd_enestyc_2005_xlsx.zip	data_raw	63561	[REDACTADO-PRIVACIDAD]	NO-APLICA	NO-APLICA	SIN-DEMANDA	manifiesto.yaml+relaciones.tsv+abrir4-variables-2026-08-08.tsv+verif3-variables-2026-08-08.tsv @ dcc4f6a..5f90757 (sin cambio en estos 4 archivos en ese rango,	[REDACTADO-PRIVACIDAD]	buscado por ambas vias -- hash (produccion-modelo.tsv, 11 filas) y ruta (11 scripts de tests/, forense/notas/2026-08-13-cep-cotejo.md SS1-2) -- ninguna empata @	2e134ecc658733583be3b7290fbe4a6fa532a517c7980c89f2139f0794f3f7a0	REP-82be2148e2054a05cba5042b16904bdc74a1ea146ab25c486992a68d4df4abf5	PRESENTE-INTEGRO	E2	16	contenedor y miembros completos; anidados hasta profundidad 4	E2B-cceed2bfba8ab15c38d4ad9bbf668a7abca3e807b7a396f19f05aea39fca69b0	1c96e3beff85f4829e8afa7a316a29ae13ec4643c468b12b9577ee24ba73acfe	73a6ea6809e1133578ea938e391778db08fa52965b4d8d0f37a8918f105aa601
enfih2019_bd_csv_zip	enfih2019/enfih_2019_base_de_datos_csv.zip	data_raw	4404049	[REDACTADO-PRIVACIDAD]	NO-APLICA	NO-APLICA	SIN-DEMANDA	manifiesto.yaml+relaciones.tsv+abrir4-variables-2026-08-08.tsv+verif3-variables-2026-08-08.tsv @ dcc4f6a..5f90757 (sin cambio en estos 4 archivos en ese rango,	[REDACTADO-PRIVACIDAD]	buscado por ambas vias -- hash (produccion-modelo.tsv, 11 filas) y ruta (11 scripts de tests/, forense/notas/2026-08-13-cep-cotejo.md SS1-2) -- ninguna empata @	be372533d5043920892142e8bf792b7293a5f20ab466a6441bc89925b42ef4d5	REP-84d45be3c21bcf3ef54d32ad3122cb76a7eb10beef0f0584715b1d224fffaf58	PRESENTE-INTEGRO	E2	696	contenedor y miembros completos; anidados hasta profundidad 4	E2B-60c3ee794748bfdb5be1168b3a5dbe1e160a2df2d734d734da4aef018e15d894	1c96e3beff85f4829e8afa7a316a29ae13ec4643c468b12b9577ee24ba73acfe	b62d6e8d1be7d8a05abb80fe53e9edfebd7f1d5121e8190071fa39b29de136df
enfih2019_fd_xlsx	enfih2019/enfih_2019_fd.xlsx	data_raw	202396	Encargo B-3 (mesa #20): diccionario de archivos (FD) de ENFIH 2019, pareja de enfih2019_bd_csv_zip. Encargo M-3 (2026-08-05): descriptor abierto integro (16 hoj	N3,N4,N10,N12,N13,N14	abrir4-variables-2026-08-08.tsv	EXPLOTADO	manifiesto.yaml+relaciones.tsv+abrir4-variables-2026-08-08.tsv+verif3-variables-2026-08-08.tsv @ dcc4f6a..5f90757 (sin cambio en estos 4 archivos en ese rango,	[REDACTADO-PRIVACIDAD]	buscado por ambas vias -- hash (produccion-modelo.tsv, 11 filas) y ruta (11 scripts de tests/, forense/notas/2026-08-13-cep-cotejo.md SS1-2) -- ninguna empata @	326b68b342797de45a7a4eb3dbf04f3790d11035df2611d7f9153d1ae12a48e1	REP-9be3804a6acd764b4a3b41efb3f84da57cc420a18e2002eecfdc23d3d7a6b69f	PRESENTE-INTEGRO	E2	776	todas las hojas/tablas y encabezados; celdas de observación no persistidas	E2B-a786121c046f5e2168bcffe7db08ca49f32fc1a72caa49c8a41e23d0dde9bffa	1c96e3beff85f4829e8afa7a316a29ae13ec4643c468b12b9577ee24ba73acfe	1bed713c8fff12100c1e7301b41241ffd4ea3be0d6a072fea6c9d1fdcd9745a6
engasto2012_gasto_dbf	engasto2012/gasto_dbf.zip	data_raw	72445247	[REDACTADO-PRIVACIDAD]	NO-APLICA	NO-APLICA	SIN-DEMANDA	manifiesto.yaml+relaciones.tsv+abrir4-variables-2026-08-08.tsv+verif3-variables-2026-08-08.tsv @ dcc4f6a..5f90757 (sin cambio en estos 4 archivos en ese rango,	[REDACTADO-PRIVACIDAD]	buscado por ambas vias -- hash (produccion-modelo.tsv, 11 filas) y ruta (11 scripts de tests/, forense/notas/2026-08-13-cep-cotejo.md SS1-2) -- ninguna empata @	38d2d3238d4d9533c817e3d2c30ea113b16678acea74d0027d596114401aa4c4	REP-30cb95f9cffcb734de23a62fe5b0709a1d7042f089c9df7bf5728b161c03c0ae	PRESENTE-INTEGRO	E2	2	contenedor y miembros completos; anidados hasta profundidad 4	E2B-30d043f3ea830346a4d69edc50d97160ff8f45018c5d76aadede0fc08edf2ef9	1c96e3beff85f4829e8afa7a316a29ae13ec4643c468b12b9577ee24ba73acfe	a847ec3de723d8ea96dfdf165e1d530a9c24977413cfa4836e06c9a1820ad4c5
engasto2012_gasto_de_consumo_ajustado_constante_dbf	engasto2012/gasto_de_consumo_ajustado_constante_dbf.zip	data_raw	39914206	[REDACTADO-PRIVACIDAD]	NO-APLICA	NO-APLICA	SIN-DEMANDA	manifiesto.yaml+relaciones.tsv+abrir4-variables-2026-08-08.tsv+verif3-variables-2026-08-08.tsv @ dcc4f6a..5f90757 (sin cambio en estos 4 archivos en ese rango,	[REDACTADO-PRIVACIDAD]	buscado por ambas vias -- hash (produccion-modelo.tsv, 11 filas) y ruta (11 scripts de tests/, forense/notas/2026-08-13-cep-cotejo.md SS1-2) -- ninguna empata @	48a47e6ca7e2cc0add060ad60e54548c521400e4cde8cbc76a8a56989d8d56a6	REP-14916fcdb4cc37c955bfb045318f0eaccaf14f4d39bbdf96bd29718a92ea88d5	PRESENTE-INTEGRO	E2	2	contenedor y miembros completos; anidados hasta profundidad 4	E2B-e47790df09228b8c1893975f38d6b373f0c03bdc697995ef9591539d33efdb67	1c96e3beff85f4829e8afa7a316a29ae13ec4643c468b12b9577ee24ba73acfe	cb15c7df225382fd8b4422ca44857389919136decb00dbc48bcbeba730c2202f
engasto2012_gasto_de_consumo_ajustado_constante_dta	engasto2012/gasto_de_consumo_ajustado_constante_dta.zip	data_raw	47831192	[REDACTADO-PRIVACIDAD]	NO-APLICA	NO-APLICA	SIN-DEMANDA	manifiesto.yaml+relaciones.tsv+abrir4-variables-2026-08-08.tsv+verif3-variables-2026-08-08.tsv @ dcc4f6a..5f90757 (sin cambio en estos 4 archivos en ese rango,	[REDACTADO-PRIVACIDAD]	buscado por ambas vias -- hash (produccion-modelo.tsv, 11 filas) y ruta (11 scripts de tests/, forense/notas/2026-08-13-cep-cotejo.md SS1-2) -- ninguna empata @	ce0e07931f965a48c42cd9f1ca9dd0a2d27fbfc7b8769c0f399156e95abc8b7c	REP-da58e7c098a971e1e410ddba23d2060809753e2b46d54afbd331a5c35de08e05	PRESENTE-INTEGRO	E2	2	contenedor y miembros completos; anidados hasta profundidad 4	E2B-87419c7866bb253a9ca73ee4292b6a091a61a3286c12d2e7829e4ab68fc0676e	1c96e3beff85f4829e8afa7a316a29ae13ec4643c468b12b9577ee24ba73acfe	6d0122a43ee19d08f8fc5ccd195191472cf17e664e2c977bdb99b552b9353d32
engasto2012_gasto_de_consumo_ajustado_constante_sav	engasto2012/gasto_de_consumo_ajustado_constante_sav.zip	data_raw	81263908	[REDACTADO-PRIVACIDAD]	NO-APLICA	NO-APLICA	SIN-DEMANDA	manifiesto.yaml+relaciones.tsv+abrir4-variables-2026-08-08.tsv+verif3-variables-2026-08-08.tsv @ dcc4f6a..5f90757 (sin cambio en estos 4 archivos en ese rango,	[REDACTADO-PRIVACIDAD]	buscado por ambas vias -- hash (produccion-modelo.tsv, 11 filas) y ruta (11 scripts de tests/, forense/notas/2026-08-13-cep-cotejo.md SS1-2) -- ninguna empata @	67864acb791e3044e497df1fcb3d82bd81569c8b3408c6e57be1ecc5bc6dd01e	REP-1718bc98d567ce2fc0ff86aa3858db582bb9b2b19310408279baf0294062243b	PRESENTE-INTEGRO	E2	1	contenedor y miembros completos; anidados hasta profundidad 4	E2B-def971ef3887e2ebd8f0f6abb3733fe8ee22884d060dfff260a0831ebfda2490	1c96e3beff85f4829e8afa7a316a29ae13ec4643c468b12b9577ee24ba73acfe	73261a66cf8dfa5dc77dcc7476c9195694ad9c984d72fdac504f7864578dd930
engasto2012_gasto_de_consumo_ajustado_dbf	engasto2012/gasto_de_consumo_ajustado_dbf.zip	data_raw	35762073	[REDACTADO-PRIVACIDAD]	NO-APLICA	NO-APLICA	SIN-DEMANDA	manifiesto.yaml+relaciones.tsv+abrir4-variables-2026-08-08.tsv+verif3-variables-2026-08-08.tsv @ dcc4f6a..5f90757 (sin cambio en estos 4 archivos en ese rango,	[REDACTADO-PRIVACIDAD]	buscado por ambas vias -- hash (produccion-modelo.tsv, 11 filas) y ruta (11 scripts de tests/, forense/notas/2026-08-13-cep-cotejo.md SS1-2) -- ninguna empata @	87da7f281dacffd90a00d6da3d834b88310d2ea71f3df60123c2e89ee1eead40	REP-ee130bb1e966ac2be70136a9e9176e4f3b4ef688db75f62d63e7c80f7dc7a7eb	PRESENTE-INTEGRO	E2	2	contenedor y miembros completos; anidados hasta profundidad 4	E2B-d6c5d97b96b2c2493c7e9410f9bc6a30327b2893367d3e9f96a451a23a0e0bd2	1c96e3beff85f4829e8afa7a316a29ae13ec4643c468b12b9577ee24ba73acfe	797e1b8403f8d996049bffea6bc352c4ffa6710dfa757b005c989e9044b12a46
engasto2012_gasto_de_consumo_ajustado_dta	engasto2012/gasto_de_consumo_ajustado_dta.zip	data_raw	37585691	[REDACTADO-PRIVACIDAD]	NO-APLICA	NO-APLICA	SIN-DEMANDA	manifiesto.yaml+relaciones.tsv+abrir4-variables-2026-08-08.tsv+verif3-variables-2026-08-08.tsv @ dcc4f6a..5f90757 (sin cambio en estos 4 archivos en ese rango,	[REDACTADO-PRIVACIDAD]	buscado por ambas vias -- hash (produccion-modelo.tsv, 11 filas) y ruta (11 scripts de tests/, forense/notas/2026-08-13-cep-cotejo.md SS1-2) -- ninguna empata @	baa12eb4f1b32dec19f1627d6f7abf82ec11cb8a1b755f1a981312891fff97e1	REP-32ff36586694e4d72753e3ff56cd4222d14e7df9d3dadedc6fae254ae5bc563a	PRESENTE-INTEGRO	E2	2	contenedor y miembros completos; anidados hasta profundidad 4	E2B-7d652cba1abf61119095390b8b9f3a4039600d187570c60b70da58406b63254d	1c96e3beff85f4829e8afa7a316a29ae13ec4643c468b12b9577ee24ba73acfe	49ce5919ad372d2aa84f8baa7ddffb8ba3bda9e3f403c5b76a34ecc981b458b9
engasto2012_gasto_de_consumo_ajustado_sav	engasto2012/gasto_de_consumo_ajustado_sav.zip	data_raw	68104386	[REDACTADO-PRIVACIDAD]	NO-APLICA	NO-APLICA	SIN-DEMANDA	manifiesto.yaml+relaciones.tsv+abrir4-variables-2026-08-08.tsv+verif3-variables-2026-08-08.tsv @ dcc4f6a..5f90757 (sin cambio en estos 4 archivos en ese rango,	[REDACTADO-PRIVACIDAD]	buscado por ambas vias -- hash (produccion-modelo.tsv, 11 filas) y ruta (11 scripts de tests/, forense/notas/2026-08-13-cep-cotejo.md SS1-2) -- ninguna empata @	df537940dcacadd09b14a7c917a2c6ebd8e2cc7222a86d52917c2c21398ca6a4	REP-e4a3e3ce06d4bcf8ce80f86200806d0d8fec4e665cf98bb3613d91ca925fa8d8	PRESENTE-INTEGRO	E2	1	contenedor y miembros completos; anidados hasta profundidad 4	E2B-3ec8b3b93df7b562a941a1014576dd0573d5937e70695b83dd6631a1e8bcaaba	1c96e3beff85f4829e8afa7a316a29ae13ec4643c468b12b9577ee24ba73acfe	98e598429822995fd0c64c757e3119fbd55188c3cde64bd6225bcc66bf4f233f
engasto2012_gasto_dta	engasto2012/gasto_dta.zip	data_raw	68499377	[REDACTADO-PRIVACIDAD]	NO-APLICA	NO-APLICA	SIN-DEMANDA	manifiesto.yaml+relaciones.tsv+abrir4-variables-2026-08-08.tsv+verif3-variables-2026-08-08.tsv @ dcc4f6a..5f90757 (sin cambio en estos 4 archivos en ese rango,	[REDACTADO-PRIVACIDAD]	buscado por ambas vias -- hash (produccion-modelo.tsv, 11 filas) y ruta (11 scripts de tests/, forense/notas/2026-08-13-cep-cotejo.md SS1-2) -- ninguna empata @	03f8ed295658a4ba93cc10cfcee3c2067e06372ed9c60fbe8e581f06e807022f	REP-03dc8fd65e4b113aa2757b117c980d2baf6b27e65c9897fd4bb3276005da7d57	PRESENTE-INTEGRO	E2	2	contenedor y miembros completos; anidados hasta profundidad 4	E2B-05325bb3ca4465b403c6a97028268e193be3eea5f3e5fe6042367262c77008ea	1c96e3beff85f4829e8afa7a316a29ae13ec4643c468b12b9577ee24ba73acfe	9433f4290df968dc2f0a7b8ef569f48e6b4e3a2abae96453a9f8a31f2039366b
engasto2012_gasto_mujeres_dbf	engasto2012/gasto_mujeres_dbf.zip	data_raw	2301803	[REDACTADO-PRIVACIDAD]	NO-APLICA	NO-APLICA	SIN-DEMANDA	manifiesto.yaml+relaciones.tsv+abrir4-variables-2026-08-08.tsv+verif3-variables-2026-08-08.tsv @ dcc4f6a..5f90757 (sin cambio en estos 4 archivos en ese rango,	[REDACTADO-PRIVACIDAD]	buscado por ambas vias -- hash (produccion-modelo.tsv, 11 filas) y ruta (11 scripts de tests/, forense/notas/2026-08-13-cep-cotejo.md SS1-2) -- ninguna empata @	02062f81a772bf3c006613dcd4ce6672d55699f921bd3060e0c31ba93524b17c	REP-c651e402f3ec53bd1b2dc7a2bd1907cc8673baec8964ff619788a9539b959a63	PRESENTE-INTEGRO	E2	2	contenedor y miembros completos; anidados hasta profundidad 4	E2B-8f2a1a8079afd3a79dfd42f1dbe5cba7f7bf2d27c93d2e6b7a089e0e2d3a13e7	1c96e3beff85f4829e8afa7a316a29ae13ec4643c468b12b9577ee24ba73acfe	6ebb827433a13dc7f81a19f1462ae97f42fb7bcae02994eef159f7157450e38d
engasto2012_gasto_mujeres_dta	engasto2012/gasto_mujeres_dta.zip	data_raw	2225480	[REDACTADO-PRIVACIDAD]	NO-APLICA	NO-APLICA	SIN-DEMANDA	manifiesto.yaml+relaciones.tsv+abrir4-variables-2026-08-08.tsv+verif3-variables-2026-08-08.tsv @ dcc4f6a..5f90757 (sin cambio en estos 4 archivos en ese rango,	[REDACTADO-PRIVACIDAD]	buscado por ambas vias -- hash (produccion-modelo.tsv, 11 filas) y ruta (11 scripts de tests/, forense/notas/2026-08-13-cep-cotejo.md SS1-2) -- ninguna empata @	bbbaaf97cdf2a4c6a7495124b49644ee63be9663a0fe38c6d397b35eca5b62ef	REP-ddd5384e51e6818727cc5aebeafbe9ec55831d1852ed563a7ae6e21de9b4af62	PRESENTE-INTEGRO	E2	2	contenedor y miembros completos; anidados hasta profundidad 4	E2B-5c522383f8ff48a31be5fadfb17a04eabf0e442753398aa94a69eb27b91e1122	1c96e3beff85f4829e8afa7a316a29ae13ec4643c468b12b9577ee24ba73acfe	b485d41926ae0fe4406bf7fca3fa8740b9b3f64046dc4859df8cae3dd60ba9f9
engasto2012_gasto_mujeres_sav	engasto2012/gasto_mujeres_sav.zip	data_raw	4295690	[REDACTADO-PRIVACIDAD]	NO-APLICA	NO-APLICA	SIN-DEMANDA	manifiesto.yaml+relaciones.tsv+abrir4-variables-2026-08-08.tsv+verif3-variables-2026-08-08.tsv @ dcc4f6a..5f90757 (sin cambio en estos 4 archivos en ese rango,	[REDACTADO-PRIVACIDAD]	buscado por ambas vias -- hash (produccion-modelo.tsv, 11 filas) y ruta (11 scripts de tests/, forense/notas/2026-08-13-cep-cotejo.md SS1-2) -- ninguna empata @	a67e8254e64b7e0f6f3647e4fd634c8ab29a423ae3c2e991f2749b8b77a84500	REP-9989ec57ecac75568df218ff718b28a4fdbd92ed06700b623c2ed396bb8ee327	PRESENTE-INTEGRO	E2	23	contenedor y miembros completos; anidados hasta profundidad 4	E2B-d768e7a0f730bea3e69d02991644aaf5d4199f9026b27a3be522dfd53c2ea2de	1c96e3beff85f4829e8afa7a316a29ae13ec4643c468b12b9577ee24ba73acfe	34bda30b268c17e72ca5badea554fb781650d4547a7f1c034b29d1960f9f54e1
engasto2012_gasto_sav	engasto2012/gasto_sav.zip	data_raw	94192018	[REDACTADO-PRIVACIDAD]	NO-APLICA	NO-APLICA	SIN-DEMANDA	manifiesto.yaml+relaciones.tsv+abrir4-variables-2026-08-08.tsv+verif3-variables-2026-08-08.tsv @ dcc4f6a..5f90757 (sin cambio en estos 4 archivos en ese rango,	[REDACTADO-PRIVACIDAD]	buscado por ambas vias -- hash (produccion-modelo.tsv, 11 filas) y ruta (11 scripts de tests/, forense/notas/2026-08-13-cep-cotejo.md SS1-2) -- ninguna empata @	c9dfb0fe65aa98dfa35d26ca29f8f192306d9844bbab2adf75ea801227f3cc98	REP-291f785dc2507f34e33b3037bb06aa944539596e9ac5590736771bdfb9f7f34c	PRESENTE-INTEGRO	E2	1	contenedor y miembros completos; anidados hasta profundidad 4	E2B-98524038b7fc3fba6348fc1ec96bbd4a520cb372166d81522778f1bfce5f16a7	1c96e3beff85f4829e8afa7a316a29ae13ec4643c468b12b9577ee24ba73acfe	bd52da3785f4b653ea63f465347d857a5abde4e17c499b7e1b4fa4c60a3e50fa
engasto2012_hogar_dbf	engasto2012/hogar_dbf.zip	data_raw	1768812	[REDACTADO-PRIVACIDAD]	NO-APLICA	NO-APLICA	SIN-DEMANDA	manifiesto.yaml+relaciones.tsv+abrir4-variables-2026-08-08.tsv+verif3-variables-2026-08-08.tsv @ dcc4f6a..5f90757 (sin cambio en estos 4 archivos en ese rango,	[REDACTADO-PRIVACIDAD]	buscado por ambas vias -- hash (produccion-modelo.tsv, 11 filas) y ruta (11 scripts de tests/, forense/notas/2026-08-13-cep-cotejo.md SS1-2) -- ninguna empata @	4b7b4b77e137c9e71730efb423bbf702e54cd70d97d3f7854b3166bab859638b	REP-44341b18ba4c0690442db6417f321347a43bdb239ed5af370e217d80b1148263	PRESENTE-INTEGRO	E2	2	contenedor y miembros completos; anidados hasta profundidad 4	E2B-e70196e8578381346e0c627abf807ce8b86b5edb0df850ca797e904dcbe83ee3	1c96e3beff85f4829e8afa7a316a29ae13ec4643c468b12b9577ee24ba73acfe	349fd453125df679a0f4893c4789f2d0241dbd83e5b40a151c42975990254a2f
engasto2012_hogar_dta	engasto2012/hogar_dta.zip	data_raw	1673532	[REDACTADO-PRIVACIDAD]	NO-APLICA	NO-APLICA	SIN-DEMANDA	manifiesto.yaml+relaciones.tsv+abrir4-variables-2026-08-08.tsv+verif3-variables-2026-08-08.tsv @ dcc4f6a..5f90757 (sin cambio en estos 4 archivos en ese rango,	[REDACTADO-PRIVACIDAD]	buscado por ambas vias -- hash (produccion-modelo.tsv, 11 filas) y ruta (11 scripts de tests/, forense/notas/2026-08-13-cep-cotejo.md SS1-2) -- ninguna empata @	03c47fdeae7d93d840250628f8935fd8035eb65de54e4080dd296eeca2b2acee	REP-57f2fbd81f3dbe33eb2b36dc71bcbbfbb41a30e049d6928e7da7772c18fdd5c6	PRESENTE-INTEGRO	E2	2	contenedor y miembros completos; anidados hasta profundidad 4	E2B-2246fe476c0c9de7c80953a07335a2db97b6bf023fcf73761fd5c4685d28283c	1c96e3beff85f4829e8afa7a316a29ae13ec4643c468b12b9577ee24ba73acfe	91b657c6dcf2930043e547ee0d873e7874025d14a2c673b00dd1cfc94df86865
engasto2012_hogar_sav	engasto2012/hogar_sav.zip	data_raw	3435401	[REDACTADO-PRIVACIDAD]	NO-APLICA	NO-APLICA	SIN-DEMANDA	manifiesto.yaml+relaciones.tsv+abrir4-variables-2026-08-08.tsv+verif3-variables-2026-08-08.tsv @ dcc4f6a..5f90757 (sin cambio en estos 4 archivos en ese rango,	[REDACTADO-PRIVACIDAD]	buscado por ambas vias -- hash (produccion-modelo.tsv, 11 filas) y ruta (11 scripts de tests/, forense/notas/2026-08-13-cep-cotejo.md SS1-2) -- ninguna empata @	dd5a758fa5806c58f58a4b16070d0b9c2326e13ded369c05bee54538af5d0daa	REP-586fa0a8b4ec9fc1070c8120cd4f5d5dc91e2978963c1b596adb8c0f58efcdb2	PRESENTE-INTEGRO	E2	210	contenedor y miembros completos; anidados hasta profundidad 4	E2B-6e03e09c37e5a2e644b98d13e6118d45b8a32f7b2760b79c30bb9db1bcad9ef8	1c96e3beff85f4829e8afa7a316a29ae13ec4643c468b12b9577ee24ba73acfe	a9d7aacdf14b00cad4e10a7848cf5a94cbe6bba9c9c798552aff9fc89876b7d6
engasto2012_persona_dbf	engasto2012/persona_dbf.zip	data_raw	2415139	[REDACTADO-PRIVACIDAD]	NO-APLICA	NO-APLICA	SIN-DEMANDA	manifiesto.yaml+relaciones.tsv+abrir4-variables-2026-08-08.tsv+verif3-variables-2026-08-08.tsv @ dcc4f6a..5f90757 (sin cambio en estos 4 archivos en ese rango,	[REDACTADO-PRIVACIDAD]	buscado por ambas vias -- hash (produccion-modelo.tsv, 11 filas) y ruta (11 scripts de tests/, forense/notas/2026-08-13-cep-cotejo.md SS1-2) -- ninguna empata @	12fc666aa8d3071aace09240c110a7c3d602dafba8483059a5000c9a3b626f74	REP-509de8577182a1b2418cc1dafb31c1ea38a5beee8f4f736c3ba3b8cbedd43041	PRESENTE-INTEGRO	E2	2	contenedor y miembros completos; anidados hasta profundidad 4	E2B-ef48bc8a8669bbfe4f7c9f159e74a15673bf9ff4c2f48004f603aa9e6bd95781	1c96e3beff85f4829e8afa7a316a29ae13ec4643c468b12b9577ee24ba73acfe	dc3cee2ac8812a7b970687557fff8468e6c4e3bb3ce63bb531c4c23f039ba746
engasto2012_persona_dta	engasto2012/persona_dta.zip	data_raw	2350036	[REDACTADO-PRIVACIDAD]	NO-APLICA	NO-APLICA	SIN-DEMANDA	manifiesto.yaml+relaciones.tsv+abrir4-variables-2026-08-08.tsv+verif3-variables-2026-08-08.tsv @ dcc4f6a..5f90757 (sin cambio en estos 4 archivos en ese rango,	[REDACTADO-PRIVACIDAD]	buscado por ambas vias -- hash (produccion-modelo.tsv, 11 filas) y ruta (11 scripts de tests/, forense/notas/2026-08-13-cep-cotejo.md SS1-2) -- ninguna empata @	22816da6fd51f86c48f72c87b0e42acff8d5a0e1e7f61cd1424bbebce6aeb987	REP-ec36b98ed117d197b9a70db4d6e8a0bc6542cabc2fe4ded8222912ce2d62e1bb	PRESENTE-INTEGRO	E2	2	contenedor y miembros completos; anidados hasta profundidad 4	E2B-c509d8c8b55ca2993168edf1b3a94ed50d5f185f6dfcc176e7f17cf4136a2ff8	1c96e3beff85f4829e8afa7a316a29ae13ec4643c468b12b9577ee24ba73acfe	5102de65e15d8a3b01406fad7203c1de482bedb22d76082b07a72331f6762b61
engasto2012_persona_sav	engasto2012/persona_sav.zip	data_raw	6872669	[REDACTADO-PRIVACIDAD]	NO-APLICA	NO-APLICA	SIN-DEMANDA	manifiesto.yaml+relaciones.tsv+abrir4-variables-2026-08-08.tsv+verif3-variables-2026-08-08.tsv @ dcc4f6a..5f90757 (sin cambio en estos 4 archivos en ese rango,	[REDACTADO-PRIVACIDAD]	buscado por ambas vias -- hash (produccion-modelo.tsv, 11 filas) y ruta (11 scripts de tests/, forense/notas/2026-08-13-cep-cotejo.md SS1-2) -- ninguna empata @	4904f4f347d94e2157a7a318cf3dc1ac39eca46c1aa99d16eacb90140a17f6b2	REP-9fbcb568cb78c24eea731db8aae3b9edbc8a78f6df1d1107b8b2be33c0ceb7b8	PRESENTE-INTEGRO	E2	73	contenedor y miembros completos; anidados hasta profundidad 4	E2B-b4141f47704139ca42b62225eaac8a7556ead379b72bcb319c270056d342039d	1c96e3beff85f4829e8afa7a316a29ae13ec4643c468b12b9577ee24ba73acfe	e1b3e7a2443af949f600d9999f0cf7fa324f4acd54f8ee295698517f314b1d22
engasto_2012_engasto12_fd	engasto2012/engasto12_fd.pdf	data_raw	1461889	[REDACTADO-PRIVACIDAD]	NO-APLICA	NO-APLICA	SIN-DEMANDA	manifiesto.yaml+relaciones.tsv+abrir4-variables-2026-08-08.tsv+verif3-variables-2026-08-08.tsv @ dcc4f6a..5f90757 (sin cambio en estos 4 archivos en ese rango,	[REDACTADO-PRIVACIDAD]	buscado por ambas vias -- hash (produccion-modelo.tsv, 11 filas) y ruta (11 scripts de tests/, forense/notas/2026-08-13-cep-cotejo.md SS1-2) -- ninguna empata @	aabc23ca59246bb534180c1970951dd99d055f951f6d1917656ad92a598e667a	REP-99d5d4b5af8b49c76b338501dafdf32ebc146adf6985143342a326bf28bb4b46	PRESENTE-INTEGRO	E2	1	apertura detenida en parser de formato: PermissionError	E2B-a21283f95d372bb07b34afb6cf65c313aa574a99c3f3626a0032ec1cd31b794a	1c96e3beff85f4829e8afa7a316a29ae13ec4643c468b12b9577ee24ba73acfe	cee287237214f9b1f880181796e51832088f2cc6da89d85cce28208f05435148
engasto_2012_gasto_dbf	engasto2013/gasto_dbf.zip	data_raw	60663633	[REDACTADO-PRIVACIDAD]	NO-APLICA	NO-APLICA	SIN-DEMANDA	manifiesto.yaml+relaciones.tsv+abrir4-variables-2026-08-08.tsv+verif3-variables-2026-08-08.tsv @ dcc4f6a..5f90757 (sin cambio en estos 4 archivos en ese rango,	[REDACTADO-PRIVACIDAD]	buscado por ambas vias -- hash (produccion-modelo.tsv, 11 filas) y ruta (11 scripts de tests/, forense/notas/2026-08-13-cep-cotejo.md SS1-2) -- ninguna empata @	422ef16e6b80682fa78fec4a464e43dc000af2207a22a2fee04cbcfe4b1f6887	REP-0d5f2092c43bee445d12e4a23f965aa688140aed8ab1e4ba51ef1db0910147f5	PRESENTE-INTEGRO	E2	2	contenedor y miembros completos; anidados hasta profundidad 4	E2B-15e6a99d7f8a8022e728c3ab1134c0441e89aace55a2181190cfb28a766d516f	1c96e3beff85f4829e8afa7a316a29ae13ec4643c468b12b9577ee24ba73acfe	9ec72c1be2ab1198da796f0fd4bf965231591eaa39e88dac08f156934dfd3928
engasto_2012_gasto_de_consumo_ajustado_constante_dbf	engasto2013/gasto_de_consumo_ajustado_constante_dbf.zip	data_raw	63269584	[REDACTADO-PRIVACIDAD]	NO-APLICA	NO-APLICA	SIN-DEMANDA	manifiesto.yaml+relaciones.tsv+abrir4-variables-2026-08-08.tsv+verif3-variables-2026-08-08.tsv @ dcc4f6a..5f90757 (sin cambio en estos 4 archivos en ese rango,	[REDACTADO-PRIVACIDAD]	buscado por ambas vias -- hash (produccion-modelo.tsv, 11 filas) y ruta (11 scripts de tests/, forense/notas/2026-08-13-cep-cotejo.md SS1-2) -- ninguna empata @	80473e363e158dcaedd15a443107f8e9909f88d670fc06758a5897004bd8cc73	REP-04e577d196c11e30c1789f8a2a46d8debafb9c57f04e65cf2a922a4af14e49f5	PRESENTE-INTEGRO	E2	1	contenedor y miembros completos; anidados hasta profundidad 4	E2B-ec4889588de7c26237808b7add6ff325fa6d723e1f579fe779bbcc150fc26bcd	1c96e3beff85f4829e8afa7a316a29ae13ec4643c468b12b9577ee24ba73acfe	a3e4ebd249d54afda0ed457c39d284845e0b5a38d90ebc407f09a9d86b61d086
engasto_2012_gasto_de_consumo_ajustado_constante_dta	engasto2013/gasto_de_consumo_ajustado_constante_dta.zip	data_raw	49248833	[REDACTADO-PRIVACIDAD]	NO-APLICA	NO-APLICA	SIN-DEMANDA	manifiesto.yaml+relaciones.tsv+abrir4-variables-2026-08-08.tsv+verif3-variables-2026-08-08.tsv @ dcc4f6a..5f90757 (sin cambio en estos 4 archivos en ese rango,	[REDACTADO-PRIVACIDAD]	buscado por ambas vias -- hash (produccion-modelo.tsv, 11 filas) y ruta (11 scripts de tests/, forense/notas/2026-08-13-cep-cotejo.md SS1-2) -- ninguna empata @	5e63fcaa909157bfea1b1669ca7631aebed03a96ab0f58d82fd0cfbadb53a181	REP-f653f0120b48f3bee2800bfde601a74f36f31c93735a81cf4ebc9adb777840b2	PRESENTE-INTEGRO	E2	2	contenedor y miembros completos; anidados hasta profundidad 4	E2B-c939f4cc19c1a43f34a344ae347c1555822ad6266c699e7a176c9c5e6a2cf910	1c96e3beff85f4829e8afa7a316a29ae13ec4643c468b12b9577ee24ba73acfe	64f5d9b4a93fe5e2856c67c176dbb70cc1d8feda87f20c9329fc31ec67558fed
engasto_2012_gasto_de_consumo_ajustado_constante_sav	engasto2013/gasto_de_consumo_ajustado_constante_sav.zip	data_raw	79293283	[REDACTADO-PRIVACIDAD]	NO-APLICA	NO-APLICA	SIN-DEMANDA	manifiesto.yaml+relaciones.tsv+abrir4-variables-2026-08-08.tsv+verif3-variables-2026-08-08.tsv @ dcc4f6a..5f90757 (sin cambio en estos 4 archivos en ese rango,	[REDACTADO-PRIVACIDAD]	buscado por ambas vias -- hash (produccion-modelo.tsv, 11 filas) y ruta (11 scripts de tests/, forense/notas/2026-08-13-cep-cotejo.md SS1-2) -- ninguna empata @	afde0a418546576a93267c1e92af54ff57524c70bac25b1da472b5eb16750b69	REP-fec41e05ffb5743d2c30b7eae9a48221c0e0dbcc912469db67f2925de1b7d24c	PRESENTE-INTEGRO	E2	1	contenedor y miembros completos; anidados hasta profundidad 4	E2B-8a17faf34048eb1c8ebd66801995438c798d0839749bcf079950185713902c37	1c96e3beff85f4829e8afa7a316a29ae13ec4643c468b12b9577ee24ba73acfe	f7ebfab597da471512967ec1ba8a37d4024dd7fdecf6575bc6b7afd14342bd72
engasto_2012_gasto_de_consumo_ajustado_dbf	engasto2013/gasto_de_consumo_ajustado_dbf.zip	data_raw	32947499	[REDACTADO-PRIVACIDAD]	NO-APLICA	NO-APLICA	SIN-DEMANDA	manifiesto.yaml+relaciones.tsv+abrir4-variables-2026-08-08.tsv+verif3-variables-2026-08-08.tsv @ dcc4f6a..5f90757 (sin cambio en estos 4 archivos en ese rango,	[REDACTADO-PRIVACIDAD]	buscado por ambas vias -- hash (produccion-modelo.tsv, 11 filas) y ruta (11 scripts de tests/, forense/notas/2026-08-13-cep-cotejo.md SS1-2) -- ninguna empata @	afeea4b978067b1c56c966872428052a4b4c16caddc4f1dd6d2f10c54603f26a	REP-ff5eed5aa19fe98c7c788a2314faf48cae4d5e959dc5ee1a546e2a81bfeb52cc	PRESENTE-INTEGRO	E2	2	contenedor y miembros completos; anidados hasta profundidad 4	E2B-ab7ee5e503d6d1099548f8bad3719311b3dc2be911a55f927acb8b14504d463d	1c96e3beff85f4829e8afa7a316a29ae13ec4643c468b12b9577ee24ba73acfe	d5e257fe458c84689a1bebf0d453746f3fa08e809d1718581f4989ad5738f850
engasto_2012_gasto_de_consumo_ajustado_dta	engasto2013/gasto_de_consumo_ajustado_dta.zip	data_raw	38953823	[REDACTADO-PRIVACIDAD]	NO-APLICA	NO-APLICA	SIN-DEMANDA	manifiesto.yaml+relaciones.tsv+abrir4-variables-2026-08-08.tsv+verif3-variables-2026-08-08.tsv @ dcc4f6a..5f90757 (sin cambio en estos 4 archivos en ese rango,	[REDACTADO-PRIVACIDAD]	buscado por ambas vias -- hash (produccion-modelo.tsv, 11 filas) y ruta (11 scripts de tests/, forense/notas/2026-08-13-cep-cotejo.md SS1-2) -- ninguna empata @	8b12ef504548157c463eaa0374c833da34bfd92623d077201b3cf3bd99158dca	REP-79a8cf11eaacf24d0154c11fe49919f283c9e7688a92a1e0c79022e4b32ea4a9	PRESENTE-INTEGRO	E2	2	contenedor y miembros completos; anidados hasta profundidad 4	E2B-928ce55cadafa9b0e68127ca96a2e5d4a2a513166cf8ad0e3638ce5d5c71ca06	1c96e3beff85f4829e8afa7a316a29ae13ec4643c468b12b9577ee24ba73acfe	ced2082657daa64f181484dd1580a593a54cf412b53e81d5b6469d13eeed68fe
engasto_2012_gasto_de_consumo_ajustado_sav	engasto2013/gasto_de_consumo_ajustado_sav.zip	data_raw	69821790	[REDACTADO-PRIVACIDAD]	NO-APLICA	NO-APLICA	SIN-DEMANDA	manifiesto.yaml+relaciones.tsv+abrir4-variables-2026-08-08.tsv+verif3-variables-2026-08-08.tsv @ dcc4f6a..5f90757 (sin cambio en estos 4 archivos en ese rango,	[REDACTADO-PRIVACIDAD]	buscado por ambas vias -- hash (produccion-modelo.tsv, 11 filas) y ruta (11 scripts de tests/, forense/notas/2026-08-13-cep-cotejo.md SS1-2) -- ninguna empata @	c75ed5c6eaf96366ba6884e112886653a6f46853f0fcbf42e638bee9bccf15a4	REP-c3254a90467e48823c3a0605827b03e656fad4856b2952b4f521bda52d43f62e	PRESENTE-INTEGRO	E2	1	contenedor y miembros completos; anidados hasta profundidad 4	E2B-706b317888a8ac5361a06933d4c9e944a8c3d5949391fe38dc79f6b774c9606f	1c96e3beff85f4829e8afa7a316a29ae13ec4643c468b12b9577ee24ba73acfe	d09615f643de1fa005b1814418eac0b86611a5e95a583d1e7335b5e17baa94e1
engasto_2012_gasto_dta	engasto2013/gasto_dta.zip	data_raw	67727910	[REDACTADO-PRIVACIDAD]	NO-APLICA	NO-APLICA	SIN-DEMANDA	manifiesto.yaml+relaciones.tsv+abrir4-variables-2026-08-08.tsv+verif3-variables-2026-08-08.tsv @ dcc4f6a..5f90757 (sin cambio en estos 4 archivos en ese rango,	[REDACTADO-PRIVACIDAD]	buscado por ambas vias -- hash (produccion-modelo.tsv, 11 filas) y ruta (11 scripts de tests/, forense/notas/2026-08-13-cep-cotejo.md SS1-2) -- ninguna empata @	f39609ddae3b13957bfa605e64cb94b41aef636036672e997e601b6675655fc4	REP-bba17b74f1b446bc2f89f401bc1f362bd08e5dc1993e8f2d0df707ca74ab32ca	PRESENTE-INTEGRO	E2	2	contenedor y miembros completos; anidados hasta profundidad 4	E2B-7c4028e7d85968e1f796bb0f300e7f33a09cb5c1712b79cb48ef56c9e105d5fb	1c96e3beff85f4829e8afa7a316a29ae13ec4643c468b12b9577ee24ba73acfe	757335f7e79c536b9dae2b6182052ec4ae62e4f7e3af45787f55a977f5463c5a
engasto_2012_gasto_mujeres_dbf	engasto2013/gasto_mujeres_dbf.zip	data_raw	2209389	[REDACTADO-PRIVACIDAD]	NO-APLICA	NO-APLICA	SIN-DEMANDA	manifiesto.yaml+relaciones.tsv+abrir4-variables-2026-08-08.tsv+verif3-variables-2026-08-08.tsv @ dcc4f6a..5f90757 (sin cambio en estos 4 archivos en ese rango,	[REDACTADO-PRIVACIDAD]	buscado por ambas vias -- hash (produccion-modelo.tsv, 11 filas) y ruta (11 scripts de tests/, forense/notas/2026-08-13-cep-cotejo.md SS1-2) -- ninguna empata @	2d092d36e8a23b3b7a7561f3e0d6648bcedd9265ec398dc5711419e00bd5a379	REP-159f67e720685b135a4d98a520aee9cd5d9e4002c1bd750e6e39fd412e20d50f	PRESENTE-INTEGRO	E2	2	contenedor y miembros completos; anidados hasta profundidad 4	E2B-cf4e5a6f4df795b87f58143d0f901188a17256d8c340235d5e42a70df650e733	1c96e3beff85f4829e8afa7a316a29ae13ec4643c468b12b9577ee24ba73acfe	b7e6458fa9e6001746661e6a061e80af2cde140543196ecf53a9fcf32bda3a56
engasto_2012_gasto_mujeres_dta	engasto2013/gasto_mujeres_dta.zip	data_raw	2321430	[REDACTADO-PRIVACIDAD]	NO-APLICA	NO-APLICA	SIN-DEMANDA	manifiesto.yaml+relaciones.tsv+abrir4-variables-2026-08-08.tsv+verif3-variables-2026-08-08.tsv @ dcc4f6a..5f90757 (sin cambio en estos 4 archivos en ese rango,	[REDACTADO-PRIVACIDAD]	buscado por ambas vias -- hash (produccion-modelo.tsv, 11 filas) y ruta (11 scripts de tests/, forense/notas/2026-08-13-cep-cotejo.md SS1-2) -- ninguna empata @	86202b12ec0211ac13de4f7f04623b422670835b00fe5e3dc1cad0aaa165f06b	REP-34c3527ff0f359818ef80a1646508fc6e37b8a78158f8d98f6ffc31d0f52dea3	PRESENTE-INTEGRO	E2	2	contenedor y miembros completos; anidados hasta profundidad 4	E2B-39700b9645c0ccf1aed2a821f903675973a6a2172ebdf39cbab820db36f686ea	1c96e3beff85f4829e8afa7a316a29ae13ec4643c468b12b9577ee24ba73acfe	5b4868c94905dc29d93bb741271628699868464cb18314ada80584f6c6ac8829
engasto_2012_gasto_mujeres_sav	engasto2013/gasto_mujeres_sav.zip	data_raw	4328522	[REDACTADO-PRIVACIDAD]	NO-APLICA	NO-APLICA	SIN-DEMANDA	manifiesto.yaml+relaciones.tsv+abrir4-variables-2026-08-08.tsv+verif3-variables-2026-08-08.tsv @ dcc4f6a..5f90757 (sin cambio en estos 4 archivos en ese rango,	[REDACTADO-PRIVACIDAD]	buscado por ambas vias -- hash (produccion-modelo.tsv, 11 filas) y ruta (11 scripts de tests/, forense/notas/2026-08-13-cep-cotejo.md SS1-2) -- ninguna empata @	c4830397a4f401e36fb67a723e8fceace62a04ca84a6dabc0239c016e226766c	REP-1b0f379b8c7ddd9c80ea9f26382ef015ca8f1af514c17002108d458df85243c9	PRESENTE-INTEGRO	E2	28	contenedor y miembros completos; anidados hasta profundidad 4	E2B-23ce2fb5dce3b0ca16cbc08356ac77ae2c3cc5aa0d949e895a561148df96657b	1c96e3beff85f4829e8afa7a316a29ae13ec4643c468b12b9577ee24ba73acfe	31ad96edeb9db81a2d48ca261fa883ee7f6abe4306d707984270d1b9515b53f3
engasto_2012_gasto_sav	engasto2013/gasto_sav.zip	data_raw	123772438	[REDACTADO-PRIVACIDAD]	NO-APLICA	NO-APLICA	SIN-DEMANDA	manifiesto.yaml+relaciones.tsv+abrir4-variables-2026-08-08.tsv+verif3-variables-2026-08-08.tsv @ dcc4f6a..5f90757 (sin cambio en estos 4 archivos en ese rango,	[REDACTADO-PRIVACIDAD]	buscado por ambas vias -- hash (produccion-modelo.tsv, 11 filas) y ruta (11 scripts de tests/, forense/notas/2026-08-13-cep-cotejo.md SS1-2) -- ninguna empata @	985328b065ee811f224802ad88bf19cc06993bcfcf600d66667f1e3813dc788b	REP-3388b0a43f44433481010d1c0b3016d1407a7025b4b697c85a662b40af360388	PRESENTE-INTEGRO	E2	1	contenedor y miembros completos; anidados hasta profundidad 4	E2B-e38c8f71746dddfc7ec3f96af043a4fa0f7fff043f2fc847cda7b760bfd258d0	1c96e3beff85f4829e8afa7a316a29ae13ec4643c468b12b9577ee24ba73acfe	4e8d385ee04a0760c703abef4ce82ba491c916ae67475e1b5bbe3fc027380640
engasto_2012_hogar_dbf	engasto2013/hogar_dbf.zip	data_raw	1674648	[REDACTADO-PRIVACIDAD]	NO-APLICA	NO-APLICA	SIN-DEMANDA	manifiesto.yaml+relaciones.tsv+abrir4-variables-2026-08-08.tsv+verif3-variables-2026-08-08.tsv @ dcc4f6a..5f90757 (sin cambio en estos 4 archivos en ese rango,	[REDACTADO-PRIVACIDAD]	buscado por ambas vias -- hash (produccion-modelo.tsv, 11 filas) y ruta (11 scripts de tests/, forense/notas/2026-08-13-cep-cotejo.md SS1-2) -- ninguna empata @	d17bb1d64afd08e23ec91b8f745b4d9cfb8ae963339049c522da64db3d6b7bf5	REP-e100d943d9ece865416d9823a944cea05e7c3ff41305f1c15fe0066c30ab1c59	PRESENTE-INTEGRO	E2	2	contenedor y miembros completos; anidados hasta profundidad 4	E2B-89a2e4a462f8566349b4627a7ca5e9cb5acaabbf8e1d98a7ea311645389ac4f3	1c96e3beff85f4829e8afa7a316a29ae13ec4643c468b12b9577ee24ba73acfe	89a37e0ff88d85ad9b9a2c097124d3dc14dc59ad07e2ab66b558c25703e8c994
engasto_2012_hogar_dta	engasto2013/hogar_dta.zip	data_raw	1837082	[REDACTADO-PRIVACIDAD]	NO-APLICA	NO-APLICA	SIN-DEMANDA	manifiesto.yaml+relaciones.tsv+abrir4-variables-2026-08-08.tsv+verif3-variables-2026-08-08.tsv @ dcc4f6a..5f90757 (sin cambio en estos 4 archivos en ese rango,	[REDACTADO-PRIVACIDAD]	buscado por ambas vias -- hash (produccion-modelo.tsv, 11 filas) y ruta (11 scripts de tests/, forense/notas/2026-08-13-cep-cotejo.md SS1-2) -- ninguna empata @	bb17939d883175c1cb31d82ad951bc13c1b4b3713974142d7a3233169d7440ae	REP-8d75188a17b92d8f22180cb2a36761e13b51ac82c37c342d11d0b867aa8fd071	PRESENTE-INTEGRO	E2	2	contenedor y miembros completos; anidados hasta profundidad 4	E2B-6b1cd44b904863a4663af0c6835206bc79a708787bfcb2e1769972689d38eb26	1c96e3beff85f4829e8afa7a316a29ae13ec4643c468b12b9577ee24ba73acfe	58718eb35841fe9bc41c3ae07113befb79420a74bf98b47a65c8facc4e5dd6a1
engasto_2012_hogar_sav	engasto2013/hogar_sav.zip	data_raw	3861844	[REDACTADO-PRIVACIDAD]	NO-APLICA	NO-APLICA	SIN-DEMANDA	manifiesto.yaml+relaciones.tsv+abrir4-variables-2026-08-08.tsv+verif3-variables-2026-08-08.tsv @ dcc4f6a..5f90757 (sin cambio en estos 4 archivos en ese rango,	[REDACTADO-PRIVACIDAD]	buscado por ambas vias -- hash (produccion-modelo.tsv, 11 filas) y ruta (11 scripts de tests/, forense/notas/2026-08-13-cep-cotejo.md SS1-2) -- ninguna empata @	e2149c27ef13dddefc74e43e9d624fac1ebeecc7d4efc687af065eed0a937ad0	REP-0b2b84de9c7f0c8e0cce8e551a996a235ffd2bf43fc4fe33155b405071702c73	PRESENTE-INTEGRO	E2	229	contenedor y miembros completos; anidados hasta profundidad 4	E2B-27b244e1d80cf93c59159659c1f0d4fb3a2dc373cbc2329341c28d5fa3b24e7d	1c96e3beff85f4829e8afa7a316a29ae13ec4643c468b12b9577ee24ba73acfe	891d0504ed7a37c55beb4fd84958126b5f8989d1f7f870348a7f49748d795037
engasto_2012_lugar_compra_dbf	engasto2012/lugar_compra_dbf.zip	data_raw	2011528	[REDACTADO-PRIVACIDAD]	NO-APLICA	NO-APLICA	SIN-DEMANDA	manifiesto.yaml+relaciones.tsv+abrir4-variables-2026-08-08.tsv+verif3-variables-2026-08-08.tsv @ dcc4f6a..5f90757 (sin cambio en estos 4 archivos en ese rango,	[REDACTADO-PRIVACIDAD]	buscado por ambas vias -- hash (produccion-modelo.tsv, 11 filas) y ruta (11 scripts de tests/, forense/notas/2026-08-13-cep-cotejo.md SS1-2) -- ninguna empata @	b0b646ee6585ed4606432df6b0480317b8a4e51adefb596a26d5fb2ef179542b	REP-1f66d3b7ca99d2479ae8ae20cd157d8e2c386035688cd2e4bec3d44d729d9882	PRESENTE-INTEGRO	E2	2	contenedor y miembros completos; anidados hasta profundidad 4	E2B-c077d7762adc17bfcf4977892f8a8fcd420a2bedcdde264a7d42681d848e9187	1c96e3beff85f4829e8afa7a316a29ae13ec4643c468b12b9577ee24ba73acfe	8b6230af6fe35d2e2756866714905285bd375f4a23380b67c6ef966b2cbdf9d4
engasto_2012_lugar_compra_dta	engasto2012/lugar_compra_dta.zip	data_raw	2006599	[REDACTADO-PRIVACIDAD]	NO-APLICA	NO-APLICA	SIN-DEMANDA	manifiesto.yaml+relaciones.tsv+abrir4-variables-2026-08-08.tsv+verif3-variables-2026-08-08.tsv @ dcc4f6a..5f90757 (sin cambio en estos 4 archivos en ese rango,	[REDACTADO-PRIVACIDAD]	buscado por ambas vias -- hash (produccion-modelo.tsv, 11 filas) y ruta (11 scripts de tests/, forense/notas/2026-08-13-cep-cotejo.md SS1-2) -- ninguna empata @	33a7cab7835ba38e2f1f3bf6dcd534c85b7517681a7df5c84d0daa5e159127d3	REP-66eb4f3e5b17ea3504a4cf83b5bad0d35759be21604c96f240556c21513f0e62	PRESENTE-INTEGRO	E2	2	contenedor y miembros completos; anidados hasta profundidad 4	E2B-0fe7036067f978723e35256bad742322d890fd4ca11f2a7e715b75e82c6e570a	1c96e3beff85f4829e8afa7a316a29ae13ec4643c468b12b9577ee24ba73acfe	f6b60b3da9ee70d99c5a3a9cef62f114b6b093bff5921420d301691ff800b994
engasto_2012_lugar_compra_sav	engasto2012/lugar_compra_sav.zip	data_raw	3621305	[REDACTADO-PRIVACIDAD]	NO-APLICA	NO-APLICA	SIN-DEMANDA	manifiesto.yaml+relaciones.tsv+abrir4-variables-2026-08-08.tsv+verif3-variables-2026-08-08.tsv @ dcc4f6a..5f90757 (sin cambio en estos 4 archivos en ese rango,	[REDACTADO-PRIVACIDAD]	buscado por ambas vias -- hash (produccion-modelo.tsv, 11 filas) y ruta (11 scripts de tests/, forense/notas/2026-08-13-cep-cotejo.md SS1-2) -- ninguna empata @	bff8b55b2c59d9f2431030a75797cba8037c64b21a4248555fceb87e86ede70f	REP-d8695f807b69b788cc3519761d524cbb863d66f4d17ce6ee9a955c2755481287	PRESENTE-INTEGRO	E2	90	contenedor y miembros completos; anidados hasta profundidad 4	E2B-f64f698477cc1c2f18024a12ca238935c8fa541fe8f6feacc0b7aa408e8af339	1c96e3beff85f4829e8afa7a316a29ae13ec4643c468b12b9577ee24ba73acfe	593b4e386a46068f6a64231aef83c68ef4f423b3be1b4a5b4c1158f4588a6a8a
engasto_2012_persona_dbf	engasto2013/persona_dbf.zip	data_raw	2201256	[REDACTADO-PRIVACIDAD]	NO-APLICA	NO-APLICA	SIN-DEMANDA	manifiesto.yaml+relaciones.tsv+abrir4-variables-2026-08-08.tsv+verif3-variables-2026-08-08.tsv @ dcc4f6a..5f90757 (sin cambio en estos 4 archivos en ese rango,	[REDACTADO-PRIVACIDAD]	buscado por ambas vias -- hash (produccion-modelo.tsv, 11 filas) y ruta (11 scripts de tests/, forense/notas/2026-08-13-cep-cotejo.md SS1-2) -- ninguna empata @	fc177b94e8d382d4510f61100c7184254201e30a66749c8873283eb3b0aed2db	REP-7fd36f028bc73e9ac8b83564edf8a0cf883081bc52da47432d8aaf05d845993e	PRESENTE-INTEGRO	E2	2	contenedor y miembros completos; anidados hasta profundidad 4	E2B-82b3c1d153b37ff9a13618a61ad523a7051deb09f0e290fb45c1e2c8be9a641a	1c96e3beff85f4829e8afa7a316a29ae13ec4643c468b12b9577ee24ba73acfe	c1414e37a68830a2338d0f5db1d3d5c9dc86c9db694acf5b16fc4f1557749ed9
engasto_2012_persona_dta	engasto2013/persona_dta.zip	data_raw	2345020	[REDACTADO-PRIVACIDAD]	NO-APLICA	NO-APLICA	SIN-DEMANDA	manifiesto.yaml+relaciones.tsv+abrir4-variables-2026-08-08.tsv+verif3-variables-2026-08-08.tsv @ dcc4f6a..5f90757 (sin cambio en estos 4 archivos en ese rango,	[REDACTADO-PRIVACIDAD]	buscado por ambas vias -- hash (produccion-modelo.tsv, 11 filas) y ruta (11 scripts de tests/, forense/notas/2026-08-13-cep-cotejo.md SS1-2) -- ninguna empata @	8de915f904fad1d40b73566b3db60506f98a1cc926e58319488a1a34310425d2	REP-bd84d2ae471cebae9812969c61e1b25f89504ac092d84f549464738b8ea3d021	PRESENTE-INTEGRO	E2	2	contenedor y miembros completos; anidados hasta profundidad 4	E2B-b05bdeb4f054747e0d2a1f5606ffc0b98db555cff1c11430d028dc190f091d30	1c96e3beff85f4829e8afa7a316a29ae13ec4643c468b12b9577ee24ba73acfe	89507fd1cc9443f704b9cf5e05c5543765295c0107bfd1982c472127f25028c3
engasto_2012_persona_sav	engasto2013/persona_sav.zip	data_raw	6847171	[REDACTADO-PRIVACIDAD]	NO-APLICA	NO-APLICA	SIN-DEMANDA	manifiesto.yaml+relaciones.tsv+abrir4-variables-2026-08-08.tsv+verif3-variables-2026-08-08.tsv @ dcc4f6a..5f90757 (sin cambio en estos 4 archivos en ese rango,	[REDACTADO-PRIVACIDAD]	buscado por ambas vias -- hash (produccion-modelo.tsv, 11 filas) y ruta (11 scripts de tests/, forense/notas/2026-08-13-cep-cotejo.md SS1-2) -- ninguna empata @	8e85eab54028831c00f02d8a7841fa887d60e998b6700983d69a2fd99f29491c	REP-db07f5f870574e685f3efbe17f6ac75cb42d5d8106dfc688f23ba69dde6d4928	PRESENTE-INTEGRO	E2	76	contenedor y miembros completos; anidados hasta profundidad 4	E2B-2a777aebe361efdd24f8f34e432b7fae11beb20f8e57ecc298a46739da34b0b1	1c96e3beff85f4829e8afa7a316a29ae13ec4643c468b12b9577ee24ba73acfe	f7375a8d1e92b165d69d494403e73da296e05c1b806265805ecb42ff6e1c5290
engasto_2012_vivienda_dbf	engasto2012/vivienda_dbf.zip	data_raw	1073475	[REDACTADO-PRIVACIDAD]	NO-APLICA	NO-APLICA	SIN-DEMANDA	manifiesto.yaml+relaciones.tsv+abrir4-variables-2026-08-08.tsv+verif3-variables-2026-08-08.tsv @ dcc4f6a..5f90757 (sin cambio en estos 4 archivos en ese rango,	[REDACTADO-PRIVACIDAD]	buscado por ambas vias -- hash (produccion-modelo.tsv, 11 filas) y ruta (11 scripts de tests/, forense/notas/2026-08-13-cep-cotejo.md SS1-2) -- ninguna empata @	e66f04e7ed66b354aaa64f809f999d665091638fbf6de4fd995b40a5bc367f60	REP-2a57d594c0b2fac10c7f85b4be4bcb4f80a8306d4dfbc5f5186ff3d07c9328b6	PRESENTE-INTEGRO	E2	2	contenedor y miembros completos; anidados hasta profundidad 4	E2B-40d1b8c6f7f25ab8e57246d6155b70b6dfb03ffc8c62795e2fc15129fe810d94	1c96e3beff85f4829e8afa7a316a29ae13ec4643c468b12b9577ee24ba73acfe	0d4971e1835e244bb5084c39d84c4b8a7d20098498b3cb6561bb509037e0bc3a
engasto_2012_vivienda_dta	engasto2012/vivienda_dta.zip	data_raw	1181477	[REDACTADO-PRIVACIDAD]	NO-APLICA	NO-APLICA	SIN-DEMANDA	manifiesto.yaml+relaciones.tsv+abrir4-variables-2026-08-08.tsv+verif3-variables-2026-08-08.tsv @ dcc4f6a..5f90757 (sin cambio en estos 4 archivos en ese rango,	[REDACTADO-PRIVACIDAD]	buscado por ambas vias -- hash (produccion-modelo.tsv, 11 filas) y ruta (11 scripts de tests/, forense/notas/2026-08-13-cep-cotejo.md SS1-2) -- ninguna empata @	97ebeae2423ffafe1f568ec0a0f6e1e68e853e0cb11bc3cb42fd0e830995fd4a	REP-302b8653d563d27da5f8860f40ed01b3b6f261912e576e94d53aa73321e2d9de	PRESENTE-INTEGRO	E2	71	contenedor y miembros completos; anidados hasta profundidad 4	E2B-1daa3e550c750856944ee1768057bccf29e634e5185bb7cf8582bce7ee3c9c89	1c96e3beff85f4829e8afa7a316a29ae13ec4643c468b12b9577ee24ba73acfe	3efca4e3406d91f13facd5cea805ab59fee36d6881fe647be1667afb5a16375c
engasto_2012_vivienda_sav	engasto2012/vivienda_sav.zip	data_raw	2529775	[REDACTADO-PRIVACIDAD]	NO-APLICA	NO-APLICA	SIN-DEMANDA	manifiesto.yaml+relaciones.tsv+abrir4-variables-2026-08-08.tsv+verif3-variables-2026-08-08.tsv @ dcc4f6a..5f90757 (sin cambio en estos 4 archivos en ese rango,	[REDACTADO-PRIVACIDAD]	buscado por ambas vias -- hash (produccion-modelo.tsv, 11 filas) y ruta (11 scripts de tests/, forense/notas/2026-08-13-cep-cotejo.md SS1-2) -- ninguna empata @	4c7509bc4bc273c2851ef2defe726e90b632001aa0c43e5ae51567460ea05b1c	REP-9e8b165df7db01c67997531085e975917761d4497f940851dbd716cf657e0c3e	PRESENTE-INTEGRO	E2	100	contenedor y miembros completos; anidados hasta profundidad 4	E2B-42a31f7dae5c0fa4f5629d03ff232e6b9716298a59b0aad9435de5dc13569f08	1c96e3beff85f4829e8afa7a316a29ae13ec4643c468b12b9577ee24ba73acfe	863074307b2b7681a23c79ab29c6b59680fc9818b47cca24303b370ba6d70b9c
engasto_2013_viviendas_dbf	engasto2013/viviendas_dbf.zip	data_raw	1082772	[REDACTADO-PRIVACIDAD]	NO-APLICA	NO-APLICA	SIN-DEMANDA	manifiesto.yaml+relaciones.tsv+abrir4-variables-2026-08-08.tsv+verif3-variables-2026-08-08.tsv @ dcc4f6a..5f90757 (sin cambio en estos 4 archivos en ese rango,	[REDACTADO-PRIVACIDAD]	buscado por ambas vias -- hash (produccion-modelo.tsv, 11 filas) y ruta (11 scripts de tests/, forense/notas/2026-08-13-cep-cotejo.md SS1-2) -- ninguna empata @	bd1fa799ef23b02328b9a5ac5beb65a76d9b5ab2207423b4da49bb67a4aeaa93	REP-609d11e419a08383e001fa3ca121d0b10fc9996abd23dc3764c7028948207b8e	PRESENTE-INTEGRO	E2	2	contenedor y miembros completos; anidados hasta profundidad 4	E2B-8cce2e62c0413fa44cbfe1d081d8ea768c1fa3f3e470fdb5c976b47fa57dd892	1c96e3beff85f4829e8afa7a316a29ae13ec4643c468b12b9577ee24ba73acfe	09deda48f8057a199e971767f973c44208bc97d10baea9d68c85d78dc6d07208
engasto_2013_viviendas_dta	engasto2013/viviendas_dta.zip	data_raw	1250776	[REDACTADO-PRIVACIDAD]	NO-APLICA	NO-APLICA	SIN-DEMANDA	manifiesto.yaml+relaciones.tsv+abrir4-variables-2026-08-08.tsv+verif3-variables-2026-08-08.tsv @ dcc4f6a..5f90757 (sin cambio en estos 4 archivos en ese rango,	[REDACTADO-PRIVACIDAD]	buscado por ambas vias -- hash (produccion-modelo.tsv, 11 filas) y ruta (11 scripts de tests/, forense/notas/2026-08-13-cep-cotejo.md SS1-2) -- ninguna empata @	3e7d5da238523b0107ad37e965d4cc5908219586e3322ac530be5295a7960978	REP-0e5cead0ae968a60bfa8c6deba6e701252a210f7dbe4104ec9f95b67c7d42821	PRESENTE-INTEGRO	E2	74	contenedor y miembros completos; anidados hasta profundidad 4	E2B-75074db2a1d9e1867a571feed4b3ff6f36e02132b4dba7057f74f0fbc1240ec5	1c96e3beff85f4829e8afa7a316a29ae13ec4643c468b12b9577ee24ba73acfe	5e4a1a48d5631f4609685f15552349f4d706212bdc1c5d92f12a87086e54924a
engasto_2013_viviendas_sav	engasto2013/viviendas_sav.zip	data_raw	2308548	[REDACTADO-PRIVACIDAD]	NO-APLICA	NO-APLICA	SIN-DEMANDA	manifiesto.yaml+relaciones.tsv+abrir4-variables-2026-08-08.tsv+verif3-variables-2026-08-08.tsv @ dcc4f6a..5f90757 (sin cambio en estos 4 archivos en ese rango,	[REDACTADO-PRIVACIDAD]	buscado por ambas vias -- hash (produccion-modelo.tsv, 11 filas) y ruta (11 scripts de tests/, forense/notas/2026-08-13-cep-cotejo.md SS1-2) -- ninguna empata @	be6d7c6cfc6b35817c8f522be21030b96ed0bd8a28097a1ea1adf3d41fe933ce	REP-a6c5c594b3e5d5a33a69adabfdc932fc41e48bc7863bc07ed2883dd3401d0903	PRESENTE-INTEGRO	E2	103	contenedor y miembros completos; anidados hasta profundidad 4	E2B-e69c27c7ec96260d4ad8f484c4ff97507fdd2c14d15b66c308539a3a38d44b4e	1c96e3beff85f4829e8afa7a316a29ae13ec4643c468b12b9577ee24ba73acfe	df7c7a7d37499d3effb802c2a310178043f841d7752449359cf380e5f284c75a
enif2018_csv	enif2018_csv.zip	data_raw	4450312	candidata para R1.2 (estabilidad->planeación larga, dato CONSAR/ENIF) -- serie histórica ENIF	NO-APLICA	NO-APLICA	SIN-DEMANDA	manifiesto.yaml+relaciones.tsv+abrir4-variables-2026-08-08.tsv+verif3-variables-2026-08-08.tsv @ dcc4f6a..5f90757 (sin cambio en estos 4 archivos en ese rango,	[REDACTADO-PRIVACIDAD]	buscado por ambas vias -- hash (produccion-modelo.tsv, 11 filas) y ruta (11 scripts de tests/, forense/notas/2026-08-13-cep-cotejo.md SS1-2) -- ninguna empata @	51f33ec74ccd596dc74b695587310d02e651923467255520aadc4d9fe13461d5	REP-ed102a4d3d171122890cbaad695e50d0750c2a6e850f2fb7b03d6866e7a5446a	PRESENTE-INTEGRO	E2	2313	contenedor y miembros completos; anidados hasta profundidad 4	E2B-99c54e7339564c3cc2055f886fde9a5e19773aaa725b2c918980560fa732cd1b	1c96e3beff85f4829e8afa7a316a29ae13ec4643c468b12b9577ee24ba73acfe	5cb5357e9cb359c680ea7d5b6a55b3a8bc489782cc079d18d5b3076f1089537b
enif2018_cuestionario_pdf	enif_2018_cuestionario.pdf	data_raw	1688866	documentación -- mapeo de reactivos a los seis componentes de confianza_institucional	NO-APLICA	NO-APLICA	SIN-DEMANDA	manifiesto.yaml+relaciones.tsv+abrir4-variables-2026-08-08.tsv+verif3-variables-2026-08-08.tsv @ dcc4f6a..5f90757 (sin cambio en estos 4 archivos en ese rango,	[REDACTADO-PRIVACIDAD]	buscado por ambas vias -- hash (produccion-modelo.tsv, 11 filas) y ruta (11 scripts de tests/, forense/notas/2026-08-13-cep-cotejo.md SS1-2) -- ninguna empata @	cda9a0283a39514e404c53aacb1d0200b68b38f29d8e06b4cd2386a4b8b558e9	REP-0c67100a9fa8998c742c53875b0ec45d2cdff0bad993fd1383583da974333158	PRESENTE-INTEGRO	E2	1	apertura detenida en parser de formato: PermissionError	E2B-b44ddc14eb662b295575cfe5ca7b6b38b18a8f24015e5e179b3784ac8f52d844	1c96e3beff85f4829e8afa7a316a29ae13ec4643c468b12b9577ee24ba73acfe	3424692e7dd6222960b0dbe4b74d44699f9f0ae82623c8182772d1772f364137
enif2018_fd_xlsx	enif_2018_fd.xlsx	data_raw	246905	documentación -- mapeo de reactivos a los seis componentes de confianza_institucional	NO-APLICA	NO-APLICA	SIN-DEMANDA	manifiesto.yaml+relaciones.tsv+abrir4-variables-2026-08-08.tsv+verif3-variables-2026-08-08.tsv @ dcc4f6a..5f90757 (sin cambio en estos 4 archivos en ese rango,	[REDACTADO-PRIVACIDAD]	buscado por ambas vias -- hash (produccion-modelo.tsv, 11 filas) y ruta (11 scripts de tests/, forense/notas/2026-08-13-cep-cotejo.md SS1-2) -- ninguna empata @	dd8d5c92a7a031505d95da3ee6f00b670f90d5fd5cbd94c744393ffe81b4f6d7	REP-e062ab8b50b8de3c99ef6c8857eefc3004a2943e0617d2db8c287097c202c7e8	PRESENTE-INTEGRO	E2	424	todas las hojas/tablas y encabezados; celdas de observación no persistidas	E2B-0486cf27ceedda60fabcfd6c5b4623a15642d3b4c60ad00795303c66c9904d29	1c96e3beff85f4829e8afa7a316a29ae13ec4643c468b12b9577ee24ba73acfe	ffd846ac202cf0b54e6fd83cc4c9a44261db00bd3bea5f685b0859f004f40dd0
enif2021_csv	enif2021_csv.zip	data_raw	2511357	candidata para R1.2 -- serie histórica ENIF	NO-APLICA	NO-APLICA	SIN-DEMANDA	manifiesto.yaml+relaciones.tsv+abrir4-variables-2026-08-08.tsv+verif3-variables-2026-08-08.tsv @ dcc4f6a..5f90757 (sin cambio en estos 4 archivos en ese rango,	[REDACTADO-PRIVACIDAD]	buscado por ambas vias -- hash (produccion-modelo.tsv, 11 filas) y ruta (11 scripts de tests/, forense/notas/2026-08-13-cep-cotejo.md SS1-2) -- ninguna empata @	0f314fa3733b4b5519486ed4015fca1c9e0864840bcd5944aa7de27796fe5cd9	REP-fd9ac094289cd2d3f96bb1c5bd05287caa3f6363976a7a0f6bff379aef89219e	PRESENTE-INTEGRO	E2	2402	contenedor y miembros completos; anidados hasta profundidad 4	E2B-723df6a4e412c0052586ef26818c5622dc612b369aafe1f9425ced90244402dd	1c96e3beff85f4829e8afa7a316a29ae13ec4643c468b12b9577ee24ba73acfe	862bea894840c472e61f40ee2c0988281fee20f9d7828b0c48e8c8cf18d89b3f
enif2021_cuestionario_pdf	enif_2021_cuestionario.pdf	data_raw	1214633	documentación -- mapeo de reactivos a los seis componentes de confianza_institucional	NO-APLICA	NO-APLICA	SIN-DEMANDA	manifiesto.yaml+relaciones.tsv+abrir4-variables-2026-08-08.tsv+verif3-variables-2026-08-08.tsv @ dcc4f6a..5f90757 (sin cambio en estos 4 archivos en ese rango,	[REDACTADO-PRIVACIDAD]	buscado por ambas vias -- hash (produccion-modelo.tsv, 11 filas) y ruta (11 scripts de tests/, forense/notas/2026-08-13-cep-cotejo.md SS1-2) -- ninguna empata @	2fe495a58f2eae73aa3f583d2859de3aa062c4d925453cb6522939c1fea81e16	REP-caf46c736c65763b1fc19270d16d5201b2b1dc665708ebb2f7357e7a3be98fa8	PRESENTE-INTEGRO	E2	1	apertura detenida en parser de formato: PermissionError	E2B-06de1942b7c86fa3f7caa42cc23cd9f6035cb53962a2ee6b4f12abf0c2b1f5c1	1c96e3beff85f4829e8afa7a316a29ae13ec4643c468b12b9577ee24ba73acfe	abeca123ff1ffe0437cc79e82d1031258f8f4deb3a013e93ad9bd9155f41e6ef
enif2021_fd_zip	enif_2021_fd_pdf.zip	data_raw	1229311	documentación -- mapeo de reactivos a los seis componentes de confianza_institucional	NO-APLICA	NO-APLICA	SIN-DEMANDA	manifiesto.yaml+relaciones.tsv+abrir4-variables-2026-08-08.tsv+verif3-variables-2026-08-08.tsv @ dcc4f6a..5f90757 (sin cambio en estos 4 archivos en ese rango,	[REDACTADO-PRIVACIDAD]	buscado por ambas vias -- hash (produccion-modelo.tsv, 11 filas) y ruta (11 scripts de tests/, forense/notas/2026-08-13-cep-cotejo.md SS1-2) -- ninguna empata @	6f4e3aab705ddb6910607be15aa711eca56ef5060dcc60bc941d201ef3079457	REP-d9cd4710c1292461b69eda1dd5896858ffbdcc408ff6f99131de4f9e53c4d3ff	PRESENTE-INTEGRO	E2	451	contenedor y miembros completos; anidados hasta profundidad 4	E2B-bc82a5f7428eaece4199cd8aebfbca97b4589cefc92971ae0590283a90cfd979	1c96e3beff85f4829e8afa7a316a29ae13ec4643c468b12b9577ee24ba73acfe	0b8253167ca65ca40e90dc4e868d5159ac802afe8075059f65773383ab3d863f
enif2024_csv	enif2024_csv.zip	data_raw	3086077	candidata para R1.2 -- serie histórica ENIF	NO-APLICA	NO-APLICA	SIN-DEMANDA	manifiesto.yaml+relaciones.tsv+abrir4-variables-2026-08-08.tsv+verif3-variables-2026-08-08.tsv @ dcc4f6a..5f90757 (sin cambio en estos 4 archivos en ese rango,	[REDACTADO-PRIVACIDAD]	via ruta: cita literal en tests/cal_conf_faseb_pos5_6.py (ver forense/notas/2026-08-13-cep-cotejo.md SS2) x campo archivo de data/manifiesto.yaml @ fd788a9, 13/	a3507b4038888247f565f1640a718ef552bb8fc363378e3372a5bf2796bb2e4c	REP-5bf81261d6c09fe30216d5dd283cc465f31bbf265fe40082ab3b6414a372e96a	PRESENTE-INTEGRO	E2	2567	contenedor y miembros completos; anidados hasta profundidad 4	E2B-66545f39f43c2b9711960fef58461a527ad8d9b86e1a0d4f88f9099f463e2cb6	1c96e3beff85f4829e8afa7a316a29ae13ec4643c468b12b9577ee24ba73acfe	c95a94eaa962904fda50e2e8e202d9c74e1b0b889d8496b0c344a4e69e756c2f
enif2024_cuestionario_pdf	enif_2024_cuestionario.pdf	data_raw	1228366	documentación -- mapeo de reactivos a los seis componentes de confianza_institucional	NO-APLICA	NO-APLICA	SIN-DEMANDA	manifiesto.yaml+relaciones.tsv+abrir4-variables-2026-08-08.tsv+verif3-variables-2026-08-08.tsv @ dcc4f6a..5f90757 (sin cambio en estos 4 archivos en ese rango,	[REDACTADO-PRIVACIDAD]	buscado por ambas vias -- hash (produccion-modelo.tsv, 11 filas) y ruta (11 scripts de tests/, forense/notas/2026-08-13-cep-cotejo.md SS1-2) -- ninguna empata @	32e37cc13da38691dee20fbffcef3637aeb87b8dac194e64f83bebed8b57ef8b	REP-1859ae400fa82903ba87e72e19a5d95932c4c83857589d4150ab0a05615453cb	PRESENTE-INTEGRO	E2	1	apertura detenida en parser de formato: PermissionError	E2B-87f5fc0a4d3c24d32aae1c41a1197f09208c66d9a091dd47867471973973ef11	1c96e3beff85f4829e8afa7a316a29ae13ec4643c468b12b9577ee24ba73acfe	3c73c42ed422f3242a70f5db51c251349f14b2dc703585fa9bba7d797fd49bb8
enif2024_fd_xlsx	enif_2024_fd.xlsx	data_raw	122271	documentación -- mapeo de reactivos a los seis componentes de confianza_institucional	NO-APLICA	NO-APLICA	SIN-DEMANDA	manifiesto.yaml+relaciones.tsv+abrir4-variables-2026-08-08.tsv+verif3-variables-2026-08-08.tsv @ dcc4f6a..5f90757 (sin cambio en estos 4 archivos en ese rango,	[REDACTADO-PRIVACIDAD]	buscado por ambas vias -- hash (produccion-modelo.tsv, 11 filas) y ruta (11 scripts de tests/, forense/notas/2026-08-13-cep-cotejo.md SS1-2) -- ninguna empata @	17e2ad86ce9e4fd5783ee54e9b51ee436b934e002d5736b82094070c74a25db2	REP-126c1547f5cf6fe9957d6c8a9f1cc1363c33f1d9bddd07074b96bb20d0bd809b	PRESENTE-INTEGRO	E2	471	todas las hojas/tablas y encabezados; celdas de observación no persistidas	E2B-91b334b5b62c0f8517c527b7b46c975b40567008fc17b13ca56e1f7e769bdad1	1c96e3beff85f4829e8afa7a316a29ae13ec4643c468b12b9577ee24ba73acfe	b8cbbb54a66539c66ba3c85b86e943c920abf9d2b528cb2eef5ae7fd6a8a0460
enif_2012_bases_enif2012_dbf	bases_enif2012_dbf.zip	data_raw	527249	[REDACTADO-PRIVACIDAD]	NO-APLICA	NO-APLICA	SIN-DEMANDA	manifiesto.yaml+relaciones.tsv+abrir4-variables-2026-08-08.tsv+verif3-variables-2026-08-08.tsv @ dcc4f6a..5f90757 (sin cambio en estos 4 archivos en ese rango,	[REDACTADO-PRIVACIDAD]	buscado por ambas vias -- hash (produccion-modelo.tsv, 11 filas) y ruta (11 scripts de tests/, forense/notas/2026-08-13-cep-cotejo.md SS1-2) -- ninguna empata @	7bafcf6fdd3747bf330099dd752f2010441e0cd18fe942c35b15249d98092e55	REP-c4293f32804dc36754f621d9fbfcacee5aacd645258d74850b7435779ec72e70	PRESENTE-INTEGRO	E2	8	contenedor y miembros completos; anidados hasta profundidad 4	E2B-d74ea2164ee4b9852b687962a86d207b4629e89b3a4a9e2cd25fec36f5ab9e6c	1c96e3beff85f4829e8afa7a316a29ae13ec4643c468b12b9577ee24ba73acfe	99a5aaf6e637ba670d34c5421559fc33696c8919f4a538c713b4c7a9bde319b0
enif_2012_bases_enif2012_sav	bases_enif2012_sav.zip	data_raw	1352284	[REDACTADO-PRIVACIDAD]	NO-APLICA	NO-APLICA	SIN-DEMANDA	manifiesto.yaml+relaciones.tsv+abrir4-variables-2026-08-08.tsv+verif3-variables-2026-08-08.tsv @ dcc4f6a..5f90757 (sin cambio en estos 4 archivos en ese rango,	[REDACTADO-PRIVACIDAD]	buscado por ambas vias -- hash (produccion-modelo.tsv, 11 filas) y ruta (11 scripts de tests/, forense/notas/2026-08-13-cep-cotejo.md SS1-2) -- ninguna empata @	9f1d6eb7301bc74b7e7094d4b4c59e23294c016dca52a734544cf68160a05750	REP-ee680278bba1c157f7bb7441c0592ebf736cea29a71df90e198df5080cd091c3	PRESENTE-INTEGRO	E2	381	contenedor y miembros completos; anidados hasta profundidad 4	E2B-44e1eaefa0a8192843ddb604c8e48900f8a3ffd9296e0dd546a81eb0c4c83e9c	1c96e3beff85f4829e8afa7a316a29ae13ec4643c468b12b9577ee24ba73acfe	afe7825a011bb90e3fa77ba04f7619876212cc81a5f060daba444f96adf8f8d1
enif_2012_fd_enif2012	fd_enif2012.xlsx	data_raw	148265	[REDACTADO-PRIVACIDAD]	NO-APLICA	NO-APLICA	SIN-DEMANDA	manifiesto.yaml+relaciones.tsv+abrir4-variables-2026-08-08.tsv+verif3-variables-2026-08-08.tsv @ dcc4f6a..5f90757 (sin cambio en estos 4 archivos en ese rango,	[REDACTADO-PRIVACIDAD]	buscado por ambas vias -- hash (produccion-modelo.tsv, 11 filas) y ruta (11 scripts de tests/, forense/notas/2026-08-13-cep-cotejo.md SS1-2) -- ninguna empata @	f03d8e7c82f511e7a3045fd698843782fc6069b6dea3c8d596662e517478e900	REP-8bd8966c88fa313286c8556db7c0f5fe04c74828b85e41230c466eff6834298f	PRESENTE-INTEGRO	E2	377	todas las hojas/tablas y encabezados; celdas de observación no persistidas	E2B-06d7bbfd19bd7b77c9ada9e1d458249f02c82504d9692578283418f830d73731	1c96e3beff85f4829e8afa7a316a29ae13ec4643c468b12b9577ee24ba73acfe	39843915fe74756f9d3094964809eb3041c0160876a1ca8c90705e1e61e3b02f
enif_2012_modelo_enif2012	modelo_enif2012.pdf	data_raw	17754	[REDACTADO-PRIVACIDAD]	NO-APLICA	NO-APLICA	SIN-DEMANDA	manifiesto.yaml+relaciones.tsv+abrir4-variables-2026-08-08.tsv+verif3-variables-2026-08-08.tsv @ dcc4f6a..5f90757 (sin cambio en estos 4 archivos en ese rango,	[REDACTADO-PRIVACIDAD]	buscado por ambas vias -- hash (produccion-modelo.tsv, 11 filas) y ruta (11 scripts de tests/, forense/notas/2026-08-13-cep-cotejo.md SS1-2) -- ninguna empata @	77a9b05ed53f243d9c301a902dcd9b10e1588498964c352c35e8e9d261b0264e	REP-29b82e07309f1909f5120c8e147b9633dea78d9d25bd02f3ee9bb040b95ac592	PRESENTE-INTEGRO	E2	1	apertura detenida en parser de formato: PermissionError	E2B-8aa48127c5de34e87611845b6753600679cb3328d67fb8e6645f42c5f156d789	1c96e3beff85f4829e8afa7a316a29ae13ec4643c468b12b9577ee24ba73acfe	efb0d34927bb0d5c22bbd57b3072779f2a66d1e60d9bd76f0779d5627faf7115
enif_2015_enif_2015_bd_dbf	enif_2015_bd_dbf.zip	data_raw	1312686	[REDACTADO-PRIVACIDAD]	NO-APLICA	NO-APLICA	SIN-DEMANDA	manifiesto.yaml+relaciones.tsv+abrir4-variables-2026-08-08.tsv+verif3-variables-2026-08-08.tsv @ dcc4f6a..5f90757 (sin cambio en estos 4 archivos en ese rango,	[REDACTADO-PRIVACIDAD]	buscado por ambas vias -- hash (produccion-modelo.tsv, 11 filas) y ruta (11 scripts de tests/, forense/notas/2026-08-13-cep-cotejo.md SS1-2) -- ninguna empata @	284e8a0c57f92256efc9743785c756986fb118fff424061bdb991f28779ce5fd	REP-d9745768797c0cdafd24503c2cef0a8461b3c93c622042cfa0af2486184116f9	PRESENTE-INTEGRO	E2	10	contenedor y miembros completos; anidados hasta profundidad 4	E2B-c6d483ce4431ba49f734efcc80925071506e1bfb8317b5459388c1d62dc4c92d	1c96e3beff85f4829e8afa7a316a29ae13ec4643c468b12b9577ee24ba73acfe	15449fc08ae9f85bc646ca1b122e9d322fbb6b267a54ce19e4f5260ea9801930
enif_2015_enif_2015_bd_sav	enif_2015_bd_sav.zip	data_raw	2060313	[REDACTADO-PRIVACIDAD]	NO-APLICA	NO-APLICA	SIN-DEMANDA	manifiesto.yaml+relaciones.tsv+abrir4-variables-2026-08-08.tsv+verif3-variables-2026-08-08.tsv @ dcc4f6a..5f90757 (sin cambio en estos 4 archivos en ese rango,	[REDACTADO-PRIVACIDAD]	buscado por ambas vias -- hash (produccion-modelo.tsv, 11 filas) y ruta (11 scripts de tests/, forense/notas/2026-08-13-cep-cotejo.md SS1-2) -- ninguna empata @	e785205ca9aace206d57e78350e2e3ba4b1b1827d6791d11e2716f5063ca6859	REP-586838e04472805f97668db195f36c34c5cc7c8379c27b2b62d83fc9b3d65f13	PRESENTE-INTEGRO	E2	808	contenedor y miembros completos; anidados hasta profundidad 4	E2B-94aee656bf3c3cd7360b75b2bddc44818939e55ca3198f7ab58dec7eb241e0f7	1c96e3beff85f4829e8afa7a316a29ae13ec4643c468b12b9577ee24ba73acfe	42b0e1397b50a91acbbc4387a963bd79535b70ac7938fbfc72e23fb373bc62a8
enif_2015_enif_2015_fd	enif_2015_fd.xlsx	data_raw	219503	[REDACTADO-PRIVACIDAD]	NO-APLICA	NO-APLICA	SIN-DEMANDA	manifiesto.yaml+relaciones.tsv+abrir4-variables-2026-08-08.tsv+verif3-variables-2026-08-08.tsv @ dcc4f6a..5f90757 (sin cambio en estos 4 archivos en ese rango,	[REDACTADO-PRIVACIDAD]	buscado por ambas vias -- hash (produccion-modelo.tsv, 11 filas) y ruta (11 scripts de tests/, forense/notas/2026-08-13-cep-cotejo.md SS1-2) -- ninguna empata @	8233cf53f59049660aa894d6a0bb93412f5a484fa96ede80c8f018ed3a250cc5	REP-2457b894923e9ec1ef2a92248f83ec824272ba9b86b3bc4ecaadf2c397261b25	PRESENTE-INTEGRO	E2	632	todas las hojas/tablas y encabezados; celdas de observación no persistidas	E2B-f6b34579ba1c8ff784a72282c174f97fbf5c77ecd941a473ff476d56b8f03ad6	1c96e3beff85f4829e8afa7a316a29ae13ec4643c468b12b9577ee24ba73acfe	18b951b0976490f86608ba22671b7ff0e93f5187685c50c8b3a321a2a0aacb8f
enif_2015_enif_2015_modelo_datos	enif_2015_modelo_datos.pdf	data_raw	981987	[REDACTADO-PRIVACIDAD]	NO-APLICA	NO-APLICA	SIN-DEMANDA	manifiesto.yaml+relaciones.tsv+abrir4-variables-2026-08-08.tsv+verif3-variables-2026-08-08.tsv @ dcc4f6a..5f90757 (sin cambio en estos 4 archivos en ese rango,	[REDACTADO-PRIVACIDAD]	buscado por ambas vias -- hash (produccion-modelo.tsv, 11 filas) y ruta (11 scripts de tests/, forense/notas/2026-08-13-cep-cotejo.md SS1-2) -- ninguna empata @	ad534b036e7365324d92274d066eafbe179d49671fca9d3c3c2bbe05ccd8ac2b	REP-f51990391122743a465b539a97356f281a4116f155c33383186f400115834c40	PRESENTE-INTEGRO	E2	1	apertura detenida en parser de formato: PermissionError	E2B-ddd9fd3bab32e01dabbdae6a12eab1afb13d105f965c144565e4fcda3b405205	1c96e3beff85f4829e8afa7a316a29ae13ec4643c468b12b9577ee24ba73acfe	9521f402fd6e0e3c9ab0e964dc00ed2b3806bfa5e70cc15bf5e7c9acec14dce7
enif_2018_enif_2018_bd_dbf	enif_2018_bd_dbf.zip	data_raw	1243434	[REDACTADO-PRIVACIDAD]	NO-APLICA	NO-APLICA	SIN-DEMANDA	manifiesto.yaml+relaciones.tsv+abrir4-variables-2026-08-08.tsv+verif3-variables-2026-08-08.tsv @ dcc4f6a..5f90757 (sin cambio en estos 4 archivos en ese rango,	[REDACTADO-PRIVACIDAD]	buscado por ambas vias -- hash (produccion-modelo.tsv, 11 filas) y ruta (11 scripts de tests/, forense/notas/2026-08-13-cep-cotejo.md SS1-2) -- ninguna empata @	7addedd5ab0f62ecca59aa3de5e92b622de530cdeae323df41d53902aedb9511	REP-760282295b7e8bb36b6d2b2341e10eb966889207e62b314ed2e0fc1516efe0e5	PRESENTE-INTEGRO	E2	8	contenedor y miembros completos; anidados hasta profundidad 4	E2B-e6bc062a63f2a0d26468d56086133d5fe1c4ad1de1ebfdfec42dd45a63bddb33	1c96e3beff85f4829e8afa7a316a29ae13ec4643c468b12b9577ee24ba73acfe	fdeecce6d9e8959d581850493576873081bb5e102ee0057cac80b7aeba02d954
enif_2021_enif_2021_bd_csv	enif_2021_bd_csv.zip	data_raw	1981657	[REDACTADO-PRIVACIDAD]	NO-APLICA	NO-APLICA	SIN-DEMANDA	manifiesto.yaml+relaciones.tsv+abrir4-variables-2026-08-08.tsv+verif3-variables-2026-08-08.tsv @ dcc4f6a..5f90757 (sin cambio en estos 4 archivos en ese rango,	[REDACTADO-PRIVACIDAD]	buscado por ambas vias -- hash (produccion-modelo.tsv, 11 filas) y ruta (11 scripts de tests/, forense/notas/2026-08-13-cep-cotejo.md SS1-2) -- ninguna empata @	769c3828ce11338379bdeb8f54b1a5b0f98d3e7b6a8cd4941815ca6d6e905e39	REP-9d0c49bfa0f3f45df4804fdb7ccf505d4de1d5ed99cfbbc1edb2c0b8585de57f	PRESENTE-INTEGRO	E2	428	contenedor y miembros completos; anidados hasta profundidad 4	E2B-d621e5f31626023674b62afa667a3cd8ba96f30a6ac2f31bd19af2b6de23eac0	1c96e3beff85f4829e8afa7a316a29ae13ec4643c468b12b9577ee24ba73acfe	cb0bdbca0890d4d9d4b0327d287ece035c785d019c68b795541de82c18399151
enif_2021_enif_2021_modelo_er_pdf	enif_2021_modelo_er_pdf.zip	data_raw	153624	[REDACTADO-PRIVACIDAD]	NO-APLICA	NO-APLICA	SIN-DEMANDA	manifiesto.yaml+relaciones.tsv+abrir4-variables-2026-08-08.tsv+verif3-variables-2026-08-08.tsv @ dcc4f6a..5f90757 (sin cambio en estos 4 archivos en ese rango,	[REDACTADO-PRIVACIDAD]	buscado por ambas vias -- hash (produccion-modelo.tsv, 11 filas) y ruta (11 scripts de tests/, forense/notas/2026-08-13-cep-cotejo.md SS1-2) -- ninguna empata @	3d63ecabb38448b8fb34af637a498119eb43e0ef66429be9c38d36ccc012ef52	REP-7b99fd8a3aa278b78fe2dd8bb0c89265c18a662500d2f5a7ad348cc4dcf11e0e	PRESENTE-INTEGRO	E2	4	contenedor y miembros completos; anidados hasta profundidad 4	E2B-343b2a8e71dd8db04c3226d3b363f835772fade40da6ced3eaa1b20048938176	1c96e3beff85f4829e8afa7a316a29ae13ec4643c468b12b9577ee24ba73acfe	0a241fa1ffc6b19e467920f5de24ad953430cd9e809fd245c3ebe72e8e99e6f7
enif_2024_enif_2024_bd_csv	enif_2024_bd_csv.zip	data_raw	3131148	[REDACTADO-PRIVACIDAD]	NO-APLICA	NO-APLICA	SIN-DEMANDA	manifiesto.yaml+relaciones.tsv+abrir4-variables-2026-08-08.tsv+verif3-variables-2026-08-08.tsv @ dcc4f6a..5f90757 (sin cambio en estos 4 archivos en ese rango,	[REDACTADO-PRIVACIDAD]	buscado por ambas vias -- hash (produccion-modelo.tsv, 11 filas) y ruta (11 scripts de tests/, forense/notas/2026-08-13-cep-cotejo.md SS1-2) -- ninguna empata @	00e4b0b42775276b2da236a5bba8c64dc5a92c289908a4727dec93dc7684f039	REP-33ebd245c6223ed52aab48c468907be1042eb7cdf4a17fa682e1ab47ea3ead7d	PRESENTE-INTEGRO	E2	451	contenedor y miembros completos; anidados hasta profundidad 4	E2B-2584512579cf789cadb5ba3db0479ae11e1bf3b2e44b0e147a76dd6859d7b4c7	1c96e3beff85f4829e8afa7a316a29ae13ec4643c468b12b9577ee24ba73acfe	15dbb2a41574653ef852d6cbfc1ea64d037a4baa765f27774953854c0d6af6af
enif_2024_enif_2024_modelo_logico_pdf	enif_2024_modelo_logico_pdf.zip	data_raw	124392	[REDACTADO-PRIVACIDAD]	NO-APLICA	NO-APLICA	SIN-DEMANDA	manifiesto.yaml+relaciones.tsv+abrir4-variables-2026-08-08.tsv+verif3-variables-2026-08-08.tsv @ dcc4f6a..5f90757 (sin cambio en estos 4 archivos en ese rango,	[REDACTADO-PRIVACIDAD]	buscado por ambas vias -- hash (produccion-modelo.tsv, 11 filas) y ruta (11 scripts de tests/, forense/notas/2026-08-13-cep-cotejo.md SS1-2) -- ninguna empata @	0556d09b8e3b8ca515f5f9d6183f7c708a87b611b49260663536fa0d7de3b468	REP-4d22806d12eb2f1367bd482944baeaaf8384c60c77a63854a717924f4ca15cfa	PRESENTE-INTEGRO	E2	4	contenedor y miembros completos; anidados hasta profundidad 4	E2B-3111a5c22b98895499828fa06bb669c181b7cdfeb8cbf5ec7b0de746b32ae8a0	1c96e3beff85f4829e8afa7a316a29ae13ec4643c468b12b9577ee24ba73acfe	e2e925b45397fb702ad5ac6a64fcbb9cee65edfab0dea75471ca84d3a08cd0ce
enigh2012_nc_csv	enigh2012_nc_csv.zip	data_raw	25396190	candidata para R5.1 (volatilidad + ausencia de Estado -> familia como seguro; si ENIGH no permite identificar beneficiarios) -- serie histórica ENIGH nueva cons	NO-APLICA	NO-APLICA	SIN-DEMANDA	manifiesto.yaml+relaciones.tsv+abrir4-variables-2026-08-08.tsv+verif3-variables-2026-08-08.tsv @ dcc4f6a..5f90757 (sin cambio en estos 4 archivos en ese rango,	[REDACTADO-PRIVACIDAD]	via ruta: cita literal en tests/r5_1_pension_bienestar.py (ver forense/notas/2026-08-13-cep-cotejo.md SS2) x campo archivo de data/manifiesto.yaml @ fd788a9, 13	2ed45acfb402cbcf21ecc3197555d343a484e6ffcf59be2a0d54878d1dda5e44	REP-e4e4b67b178e7da6259964c6d68455609852837a40fb2f560296ecaaede78540	PRESENTE-INTEGRO	E2	16397	contenedor y miembros completos; anidados hasta profundidad 4	E2B-6eeb8cdba566fb63751dbaf85f66074e75ea9b92ac08d9af87152a70c90a4291	1c96e3beff85f4829e8afa7a316a29ae13ec4643c468b12b9577ee24ba73acfe	5ca32118be1db0e803b32dde22f0b5f6800ba034669cbe51d144cdc9089147c1
enigh2014_nc_csv	enigh2014_nc_csv.zip	data_raw	39555490	candidata para R5.1 (volatilidad + ausencia de Estado -> familia como seguro; si ENIGH no permite identificar beneficiarios) -- serie histórica ENIGH nueva cons	NO-APLICA	NO-APLICA	SIN-DEMANDA	manifiesto.yaml+relaciones.tsv+abrir4-variables-2026-08-08.tsv+verif3-variables-2026-08-08.tsv @ dcc4f6a..5f90757 (sin cambio en estos 4 archivos en ese rango,	[REDACTADO-PRIVACIDAD]	via ruta: cita literal en tests/r5_1_pension_bienestar.py (ver forense/notas/2026-08-13-cep-cotejo.md SS2) x campo archivo de data/manifiesto.yaml @ fd788a9, 13	fffec78d722e010229af7cc241592653163766f4216cb73a27c4fd87a11ada7e	REP-74ebe7c02b4c4b9379b1dafd2bc65e5c7002018e9318b45f93ecda452484c802	PRESENTE-INTEGRO	E2	14002	contenedor y miembros completos; anidados hasta profundidad 4	E2B-ea12fc7310ebdb7390f941275effd3ad7dd24f77eab22a2e8568e5dcb7b71502	1c96e3beff85f4829e8afa7a316a29ae13ec4643c468b12b9577ee24ba73acfe	1c4b311741fab9b4ebce22c77f43b8b234c663753ac733526b2665596dd00cae
enigh2016_nc_csv	enigh2016_nc_csv.zip	data_raw	40991826	candidata para R5.1 (volatilidad + ausencia de Estado -> familia como seguro; si ENIGH no permite identificar beneficiarios) -- serie histórica ENIGH nueva cons	NO-APLICA	NO-APLICA	SIN-DEMANDA	manifiesto.yaml+relaciones.tsv+abrir4-variables-2026-08-08.tsv+verif3-variables-2026-08-08.tsv @ dcc4f6a..5f90757 (sin cambio en estos 4 archivos en ese rango,	[REDACTADO-PRIVACIDAD]	via ruta: cita literal en tests/r5_1_pension_bienestar.py (ver forense/notas/2026-08-13-cep-cotejo.md SS2) x campo archivo de data/manifiesto.yaml @ fd788a9, 13	95e30780dfff83305fd1293945a0a5ed04c4e4daed4b0d45b66343db09e8eca1	REP-5216988cd5a088df6e7f1fa063504e485dc4c09f8a5c4f8ff36deda7db59808d	PRESENTE-INTEGRO	E2	2174	contenedor y miembros completos; anidados hasta profundidad 4	E2B-87ef87fd278996a72ef0e18fdced89672ab939a0d120a802abd2888f1b568e07	1c96e3beff85f4829e8afa7a316a29ae13ec4643c468b12b9577ee24ba73acfe	5a7b421e081a2f527f26a932ffe813f2d99d4c0ce6fa789aba4776edba3d97a0
enigh2018_nc_csv	enigh2018_nc_csv.zip	data_raw	43339807	candidata para R5.1 (volatilidad + ausencia de Estado -> familia como seguro; si ENIGH no permite identificar beneficiarios) -- serie histórica ENIGH nueva cons	NO-APLICA	NO-APLICA	SIN-DEMANDA	manifiesto.yaml+relaciones.tsv+abrir4-variables-2026-08-08.tsv+verif3-variables-2026-08-08.tsv @ dcc4f6a..5f90757 (sin cambio en estos 4 archivos en ese rango,	[REDACTADO-PRIVACIDAD]	via ruta: cita literal en tests/r5_1_pension_bienestar.py (ver forense/notas/2026-08-13-cep-cotejo.md SS2) x campo archivo de data/manifiesto.yaml @ fd788a9, 13	5026cd951c109ac01c466aa22066beb7c6cbdcf7ecfc213967bd961d1243d636	REP-1391d4f2307712cf6823e1a6fc0b0a2424201548b56419ba6ba76f6841f01a52	PRESENTE-INTEGRO	E2	2370	contenedor y miembros completos; anidados hasta profundidad 4	E2B-3c53be140ded8361911dd468a522fad65bbd46f301462708561b059d908e1110	1c96e3beff85f4829e8afa7a316a29ae13ec4643c468b12b9577ee24ba73acfe	868bcbbf746cb5e982e24cc4572ee80db9eae0ee798749454b07ecb4839591b1
enigh2020_nc_csv	enigh2020_nc_csv.zip	data_raw	93711908	candidata para R5.1 (volatilidad + ausencia de Estado -> familia como seguro; si ENIGH no permite identificar beneficiarios) -- serie histórica ENIGH nueva cons	NO-APLICA	NO-APLICA	SIN-DEMANDA	manifiesto.yaml+relaciones.tsv+abrir4-variables-2026-08-08.tsv+verif3-variables-2026-08-08.tsv @ dcc4f6a..5f90757 (sin cambio en estos 4 archivos en ese rango,	[REDACTADO-PRIVACIDAD]	via ruta: cita literal en tests/r5_1_pension_bienestar.py (ver forense/notas/2026-08-13-cep-cotejo.md SS2) x campo archivo de data/manifiesto.yaml @ fd788a9, 13	47417cac13da7dce3a710d86c5767564101086a51666ec674acf27740e0701d4	REP-daedf8f14162a221f0e395c4d5e8f2d4bb1bd613c8117324f6e00f710ec6c6c0	PRESENTE-INTEGRO	E2	1870	contenedor y miembros completos; anidados hasta profundidad 4	E2B-537487b466aa91875d9b69db97ef02f4a59f97d30866eae67720e8a9f075ef63	1c96e3beff85f4829e8afa7a316a29ae13ec4643c468b12b9577ee24ba73acfe	98e5a2d58b28a8bcae4c64a33cd4ba50ec8e6cac595f82e716cc6be7a0bc44a4
enigh2022_nc_csv	enigh2022_nc_csv.zip	data_raw	90030937	candidata para R5.1 (volatilidad + ausencia de Estado -> familia como seguro; si ENIGH no permite identificar beneficiarios) -- serie histórica ENIGH nueva cons	NO-APLICA	NO-APLICA	SIN-DEMANDA	manifiesto.yaml+relaciones.tsv+abrir4-variables-2026-08-08.tsv+verif3-variables-2026-08-08.tsv @ dcc4f6a..5f90757 (sin cambio en estos 4 archivos en ese rango,	[REDACTADO-PRIVACIDAD]	via ruta: cita literal en tests/r5_1_pension_bienestar.py,p3_lca_data.py (ver forense/notas/2026-08-13-cep-cotejo.md SS2) x campo archivo de data/manifiesto.yam	3b2b0bc9c95323b470608113d2902ff3a832764367135f136270b4ce092c9e06	REP-5cfbefbd3d45406f1e181c0e6879932bd75678809a13f2be188de17ed63ffd9c	PRESENTE-INTEGRO	E2	1901	contenedor y miembros completos; anidados hasta profundidad 4	E2B-494a56e93fa8b677e6b05b0606f6490047f3400a588fd9b9c48a1026c42e87ac	1c96e3beff85f4829e8afa7a316a29ae13ec4643c468b12b9577ee24ba73acfe	bb5c48ae80ce247918fea35e1ee4b8e136208c5f4295499bd69722e9ccaee909
ennvih1_2002_guia	ennvih/guiausuariov1.pdf	data_raw	483275	CAL-G3 (forense/hitoD-preregistro-v2_0.md, Nota 7 + Adenda 1) — estimación propia de la elasticidad formalidad→composición del ahorro del hogar en el panel ENNV	NO-APLICA	NO-APLICA	SIN-DEMANDA	manifiesto.yaml+relaciones.tsv+abrir4-variables-2026-08-08.tsv+verif3-variables-2026-08-08.tsv @ dcc4f6a..5f90757 (sin cambio en estos 4 archivos en ese rango,	[REDACTADO-PRIVACIDAD]	buscado por ambas vias -- hash (produccion-modelo.tsv, 11 filas) y ruta (11 scripts de tests/, forense/notas/2026-08-13-cep-cotejo.md SS1-2) -- ninguna empata @	d38ee15b9c6b4681364e75fefeed27a26b216c5974a2a5d5c4c7c213e2eede53	REP-4b0f4b4ff2aab1c8e30add4b0f494a6d5a92cf7972cd4ff50eb1861e4e89bdd5	PRESENTE-INTEGRO	E2	387	todas las páginas; texto no extraíble se declara por página	E2B-6ed5c5a7d4b3a9055278306fa9185463e59477c712290a0960fadf04db368686	1c96e3beff85f4829e8afa7a316a29ae13ec4643c468b12b9577ee24ba73acfe	95d765b54e254fefaa26df0c59eca5c04ff84d77f238cdfdb0feec9ba225085c
ennvih1_2002_hogar_cb	ennvih/ehh02cb_all.zip	data_raw	2195863	CAL-G3 (forense/hitoD-preregistro-v2_0.md, Nota 7 + Adenda 1) — estimación propia de la elasticidad formalidad→composición del ahorro del hogar en el panel ENNV	NO-APLICA	NO-APLICA	SIN-DEMANDA	manifiesto.yaml+relaciones.tsv+abrir4-variables-2026-08-08.tsv+verif3-variables-2026-08-08.tsv @ dcc4f6a..5f90757 (sin cambio en estos 4 archivos en ese rango,	[REDACTADO-PRIVACIDAD]	buscado por ambas vias -- hash (produccion-modelo.tsv, 11 filas) y ruta (11 scripts de tests/, forense/notas/2026-08-13-cep-cotejo.md SS1-2) -- ninguna empata @	a3220412505d6684e50548bdd1e01ce816d3af99ed846e4e27f30f35e9b506b2	REP-5003a132de2b8d7718df7dc12db3767f4b82e8fb2532074d825582d6b1315c20	PRESENTE-INTEGRO	E2	2263	contenedor y miembros completos; anidados hasta profundidad 4	E2B-32dec1d9b82aeea8f9871ee461b06301f497fa44ea693fc604671d1a0f8bd731	1c96e3beff85f4829e8afa7a316a29ae13ec4643c468b12b9577ee24ba73acfe	0c6713b9b251fa04803a6213ab04ea2e6b97ad8bef685f8febfabc4af16a0bec
ennvih1_2002_hogar_dta	ennvih/ehh02dta_all.zip	data_raw	17534918	CAL-G3 (forense/hitoD-preregistro-v2_0.md, Nota 7 + Adenda 1) — estimación propia de la elasticidad formalidad→composición del ahorro del hogar en el panel ENNV	NO-APLICA	NO-APLICA	SIN-DEMANDA	manifiesto.yaml+relaciones.tsv+abrir4-variables-2026-08-08.tsv+verif3-variables-2026-08-08.tsv @ dcc4f6a..5f90757 (sin cambio en estos 4 archivos en ese rango,	[REDACTADO-PRIVACIDAD]	buscado por ambas vias -- hash (produccion-modelo.tsv, 11 filas) y ruta (11 scripts de tests/, forense/notas/2026-08-13-cep-cotejo.md SS1-2) -- ninguna empata @	8b9b51904ca8790421d82a8a81f7f4edbce9a296cba2ce86fef74f8f379b5923	REP-c2d4e9d2d25289904a3c71863e8270a6ba4b01f67e5a08a5f3adbbbab7570f69	PRESENTE-INTEGRO	E2	5710	contenedor y miembros completos; anidados hasta profundidad 4	E2B-b1afe7b49fa92581c8c09ec2a7281c1de8a271181132437e6865f3ab84817223	1c96e3beff85f4829e8afa7a316a29ae13ec4643c468b12b9577ee24ba73acfe	32b07f7c7f70f683be2cc1b1bf228670048af0a81145e5c14b6e038fae03d10d
ennvih1_2002_hogar_q	ennvih/ehh02q_all.zip	data_raw	3750632	CAL-G3 (forense/hitoD-preregistro-v2_0.md, Nota 7 + Adenda 1) — estimación propia de la elasticidad formalidad→composición del ahorro del hogar en el panel ENNV	NO-APLICA	NO-APLICA	SIN-DEMANDA	manifiesto.yaml+relaciones.tsv+abrir4-variables-2026-08-08.tsv+verif3-variables-2026-08-08.tsv @ dcc4f6a..5f90757 (sin cambio en estos 4 archivos en ese rango,	[REDACTADO-PRIVACIDAD]	buscado por ambas vias -- hash (produccion-modelo.tsv, 11 filas) y ruta (11 scripts de tests/, forense/notas/2026-08-13-cep-cotejo.md SS1-2) -- ninguna empata @	40af29bd864e967200dbbde2c9744795b33c0a23cdbb19902dd2ecdb7beb3cac	REP-806c93a77311cbb92b5d92b34154f6659a0eed8c8aec70e88eacd5f04acc273f	PRESENTE-INTEGRO	E2	3284	contenedor y miembros completos; anidados hasta profundidad 4	E2B-2c0a5658f1ce9b6ecad97f03e422ecb484561ed3379b5d5c87ddbdd521810c69	1c96e3beff85f4829e8afa7a316a29ae13ec4643c468b12b9577ee24ba73acfe	e99014912dacf12ac15b09e6b237d1eb8e6e6a1f5d0190305934bcd8850a0b13
ennvih1_2002_local_cb	ennvih/eloc02cb_all.zip	data_raw	901067	CAL-G3 (forense/hitoD-preregistro-v2_0.md, Nota 7 + Adenda 1) — estimación propia de la elasticidad formalidad→composición del ahorro del hogar en el panel ENNV	NO-APLICA	NO-APLICA	SIN-DEMANDA	manifiesto.yaml+relaciones.tsv+abrir4-variables-2026-08-08.tsv+verif3-variables-2026-08-08.tsv @ dcc4f6a..5f90757 (sin cambio en estos 4 archivos en ese rango,	[REDACTADO-PRIVACIDAD]	buscado por ambas vias -- hash (produccion-modelo.tsv, 11 filas) y ruta (11 scripts de tests/, forense/notas/2026-08-13-cep-cotejo.md SS1-2) -- ninguna empata @	29bedbaecf229e15e6af1dd6410533bc2ecfa740334cdf9a9cd7043e925ea2e6	REP-847cea9cb0dd9c507cd61703a209e599fa147f581af046413a4cab9529001b6d	PRESENTE-INTEGRO	E2	8	contenedor y miembros completos; anidados hasta profundidad 4	E2B-1ade7aae5b2185bf208ffab6bdd06c5bbeeedd8b4680baef597ad38b78c74237	1c96e3beff85f4829e8afa7a316a29ae13ec4643c468b12b9577ee24ba73acfe	c967e3f24caf81a077ecf00923ccaebb770462b825de281bd63fec20a137a941
ennvih1_2002_local_dta	ennvih/eloc02dta_all.zip	data_raw	1591239	CAL-G3 (forense/hitoD-preregistro-v2_0.md, Nota 7 + Adenda 1) — estimación propia de la elasticidad formalidad→composición del ahorro del hogar en el panel ENNV	NO-APLICA	NO-APLICA	SIN-DEMANDA	manifiesto.yaml+relaciones.tsv+abrir4-variables-2026-08-08.tsv+verif3-variables-2026-08-08.tsv @ dcc4f6a..5f90757 (sin cambio en estos 4 archivos en ese rango,	[REDACTADO-PRIVACIDAD]	buscado por ambas vias -- hash (produccion-modelo.tsv, 11 filas) y ruta (11 scripts de tests/, forense/notas/2026-08-13-cep-cotejo.md SS1-2) -- ninguna empata @	7d3f350a7e7146528822f046f721afbfa1fdd62e0fa2a0781ca54a45181f894e	REP-5fd2df152180b314808086c3c8c40748b7b8725479d22a9efdbdb9cd1b087b9c	PRESENTE-INTEGRO	E2	196	contenedor y miembros completos; anidados hasta profundidad 4	E2B-1f0c679aae9e8bc41c934465df064ee9366c39eca47e29a6a2509d7531aaa78a	1c96e3beff85f4829e8afa7a316a29ae13ec4643c468b12b9577ee24ba73acfe	e8228748c90fd62729c9d211b76b85b9a8c8a0a8944772b89fbc9db41a7ae2f3
ennvih1_2002_local_q	ennvih/eloc02q_all.zip	data_raw	5995112	CAL-G3 (forense/hitoD-preregistro-v2_0.md, Nota 7 + Adenda 1) — estimación propia de la elasticidad formalidad→composición del ahorro del hogar en el panel ENNV	NO-APLICA	NO-APLICA	SIN-DEMANDA	manifiesto.yaml+relaciones.tsv+abrir4-variables-2026-08-08.tsv+verif3-variables-2026-08-08.tsv @ dcc4f6a..5f90757 (sin cambio en estos 4 archivos en ese rango,	[REDACTADO-PRIVACIDAD]	buscado por ambas vias -- hash (produccion-modelo.tsv, 11 filas) y ruta (11 scripts de tests/, forense/notas/2026-08-13-cep-cotejo.md SS1-2) -- ninguna empata @	e8a28cdd05def8e0a9b89c86b6ba5574e8cd819de7ab86780a22c9f473d46d97	REP-09f35c2afdc1225e45cc54adbf4d150198d598f6e02cc29ae3d3d25baa524893	PRESENTE-INTEGRO	E2	8	contenedor y miembros completos; anidados hasta profundidad 4	E2B-9c7a5d88e487e0b73cc95a021f0fb3c292d1645bde9be3e156f97c0c87f4028d	1c96e3beff85f4829e8afa7a316a29ae13ec4643c468b12b9577ee24ba73acfe	dc3b3b2cff0ce3ed34606d4b8c873f32f95933459c02fd9154eb64d3d47686e2
ennvih1_2002_ponderador	ennvih/ehh02w_all.zip	data_raw	755310	CAL-G3 (forense/hitoD-preregistro-v2_0.md, Nota 7 + Adenda 1) — estimación propia de la elasticidad formalidad→composición del ahorro del hogar en el panel ENNV	NO-APLICA	NO-APLICA	SIN-DEMANDA	manifiesto.yaml+relaciones.tsv+abrir4-variables-2026-08-08.tsv+verif3-variables-2026-08-08.tsv @ dcc4f6a..5f90757 (sin cambio en estos 4 archivos en ese rango,	[REDACTADO-PRIVACIDAD]	buscado por ambas vias -- hash (produccion-modelo.tsv, 11 filas) y ruta (11 scripts de tests/, forense/notas/2026-08-13-cep-cotejo.md SS1-2) -- ninguna empata @	bbe8006844f715c19b724ebb74f1408c4cfa07e2efdfe7d6748b5182ef214587	REP-efb077b1d19b662c43196bdba7e52a8145b5cb70559e86073dbe5cd66d577eb2	PRESENTE-INTEGRO	E2	54	contenedor y miembros completos; anidados hasta profundidad 4	E2B-f42dac5a74f8069ee23f33d2288c0cfc81bf9f73f0a362373148caf6b8aaa80d	1c96e3beff85f4829e8afa7a316a29ae13ec4643c468b12b9577ee24ba73acfe	bc0b0c46f51066a9984f02890e36a04bf0db0a8ef7529a748c12d19df790bcd5
ennvih2_2005_guia	ennvih/guiausuariov2.pdf	data_raw	307528	CAL-G3 (forense/hitoD-preregistro-v2_0.md, Nota 7 + Adenda 1) — estimación propia de la elasticidad formalidad→composición del ahorro del hogar en el panel ENNV	NO-APLICA	NO-APLICA	SIN-DEMANDA	manifiesto.yaml+relaciones.tsv+abrir4-variables-2026-08-08.tsv+verif3-variables-2026-08-08.tsv @ dcc4f6a..5f90757 (sin cambio en estos 4 archivos en ese rango,	[REDACTADO-PRIVACIDAD]	buscado por ambas vias -- hash (produccion-modelo.tsv, 11 filas) y ruta (11 scripts de tests/, forense/notas/2026-08-13-cep-cotejo.md SS1-2) -- ninguna empata @	6d3334e77e1d417bf7be997715c4e38b0c0047e595a948d7bbcd8295255f0ddc	REP-254419b4a7e70bbb6b7c0eca0441c3f07c1eb32037a2613d2a87e18ceedb0fd2	PRESENTE-INTEGRO	E2	128	todas las páginas; texto no extraíble se declara por página	E2B-d55477e19ac5122a2dc4d12a8cbe67391fd9c8b98bd6c7058efae3cc83cda68b	1c96e3beff85f4829e8afa7a316a29ae13ec4643c468b12b9577ee24ba73acfe	5f81f87579f1fe8b620a8c568a2d0a112f413ead5e35950831251aec3a9de97b
ennvih2_2005_hogar_cb	ennvih/ehh05cb_all.zip	data_raw	1184711	CAL-G3 (forense/hitoD-preregistro-v2_0.md, Nota 7 + Adenda 1) — estimación propia de la elasticidad formalidad→composición del ahorro del hogar en el panel ENNV	NO-APLICA	NO-APLICA	SIN-DEMANDA	manifiesto.yaml+relaciones.tsv+abrir4-variables-2026-08-08.tsv+verif3-variables-2026-08-08.tsv @ dcc4f6a..5f90757 (sin cambio en estos 4 archivos en ese rango,	[REDACTADO-PRIVACIDAD]	buscado por ambas vias -- hash (produccion-modelo.tsv, 11 filas) y ruta (11 scripts de tests/, forense/notas/2026-08-13-cep-cotejo.md SS1-2) -- ninguna empata @	1bbbb7ee97bd8d1273213e0d4d2ee616198405d32bc145df9236efa2940f210b	REP-7730fa3b3a4c9b470808da4ce8e335fd4c2523fe70f5a19ca55741cb34f1777f	PRESENTE-INTEGRO	E2	21971	contenedor y miembros completos; anidados hasta profundidad 4	E2B-f76f2c480803522a2601df0c3ad2691ca2130da595821a1c5eb2520c285e3fbd	1c96e3beff85f4829e8afa7a316a29ae13ec4643c468b12b9577ee24ba73acfe	3d0d76e6822d858ddb907c20ed3ea7a96824b35bd1b1245fc3a53e630151d5cd
ennvih2_2005_hogar_dta	ennvih/ehh05dta_all.zip	data_raw	20198874	CAL-G3 (forense/hitoD-preregistro-v2_0.md, Nota 7 + Adenda 1) — estimación propia de la elasticidad formalidad→composición del ahorro del hogar en el panel ENNV	NO-APLICA	NO-APLICA	SIN-DEMANDA	manifiesto.yaml+relaciones.tsv+abrir4-variables-2026-08-08.tsv+verif3-variables-2026-08-08.tsv @ dcc4f6a..5f90757 (sin cambio en estos 4 archivos en ese rango,	[REDACTADO-PRIVACIDAD]	via ruta: cita literal en tests/calg3_fasec.py,idg3_corrida.py (ver forense/notas/2026-08-13-cep-cotejo.md SS2) x campo archivo de data/manifiesto.yaml @ fd788a	fc4ea4ae7d0cf4bc906bb46ad5e1e7444b9c24f8e0c569ae3f6e5a9b72453c1a	REP-4d048e1b2d1e0075c55ea06dcd5de432bfd348b5aacece47c7af2259b802a6ac	PRESENTE-INTEGRO	E2	6298	contenedor y miembros completos; anidados hasta profundidad 4	E2B-3a9653063733c2f06c441f92acfd6e57b59a679dd9167819edcc914ffb9ae48b	1c96e3beff85f4829e8afa7a316a29ae13ec4643c468b12b9577ee24ba73acfe	57c786834280662a007afb7cb429ae179d7ee8fec490e7d2c7bacf5f68bd2a36
ennvih2_2005_hogar_q	ennvih/ehh05q_all.zip	data_raw	2913036	CAL-G3 (forense/hitoD-preregistro-v2_0.md, Nota 7 + Adenda 1) — estimación propia de la elasticidad formalidad→composición del ahorro del hogar en el panel ENNV	NO-APLICA	NO-APLICA	SIN-DEMANDA	manifiesto.yaml+relaciones.tsv+abrir4-variables-2026-08-08.tsv+verif3-variables-2026-08-08.tsv @ dcc4f6a..5f90757 (sin cambio en estos 4 archivos en ese rango,	[REDACTADO-PRIVACIDAD]	buscado por ambas vias -- hash (produccion-modelo.tsv, 11 filas) y ruta (11 scripts de tests/, forense/notas/2026-08-13-cep-cotejo.md SS1-2) -- ninguna empata @	e73709d1de16f4c79cd20a48080dca7ea6ec3a2dcca491837d7f79a00928e894	REP-c8604de9b5a2f8a99793af594a8d8a57c137ea7ca82f57a5ab120f7e8eced302	PRESENTE-INTEGRO	E2	20138	contenedor y miembros completos; anidados hasta profundidad 4	E2B-0f0ce1766f6c8257f975502facc9e811d4ccba80a5ae7e483cf1cacdfccd58bc	1c96e3beff85f4829e8afa7a316a29ae13ec4643c468b12b9577ee24ba73acfe	ea786259d965dae71fcea95c922f1b65ec73592094c0ebc5fc5eaa5dd160bf61
ennvih2_2005_local_cb	ennvih/eloc05cb_all.zip	data_raw	166796	CAL-G3 (forense/hitoD-preregistro-v2_0.md, Nota 7 + Adenda 1) — estimación propia de la elasticidad formalidad→composición del ahorro del hogar en el panel ENNV	NO-APLICA	NO-APLICA	SIN-DEMANDA	manifiesto.yaml+relaciones.tsv+abrir4-variables-2026-08-08.tsv+verif3-variables-2026-08-08.tsv @ dcc4f6a..5f90757 (sin cambio en estos 4 archivos en ese rango,	[REDACTADO-PRIVACIDAD]	buscado por ambas vias -- hash (produccion-modelo.tsv, 11 filas) y ruta (11 scripts de tests/, forense/notas/2026-08-13-cep-cotejo.md SS1-2) -- ninguna empata @	e793a63ba5b39bd5599c9340f64129e6ab380a7c67fc87c0721a04283fff2d7b	REP-54aff30b79a9e3d0177da9f67a1285e17826b0f61e25da223c8039ad4e52a788	PRESENTE-INTEGRO	E2	2855	contenedor y miembros completos; anidados hasta profundidad 4	E2B-9a39d59007fe8c40137d81ade09d4ba9c0bc2c998234c9840db5249a426f677b	1c96e3beff85f4829e8afa7a316a29ae13ec4643c468b12b9577ee24ba73acfe	ce0f64956a13e4e8e4b63ed5f0b9912a773b264f91df8e46df142bd527582ac5
ennvih2_2005_local_dta	ennvih/eloc05dta_all.zip	data_raw	417340	CAL-G3 (forense/hitoD-preregistro-v2_0.md, Nota 7 + Adenda 1) — estimación propia de la elasticidad formalidad→composición del ahorro del hogar en el panel ENNV	NO-APLICA	NO-APLICA	SIN-DEMANDA	manifiesto.yaml+relaciones.tsv+abrir4-variables-2026-08-08.tsv+verif3-variables-2026-08-08.tsv @ dcc4f6a..5f90757 (sin cambio en estos 4 archivos en ese rango,	[REDACTADO-PRIVACIDAD]	buscado por ambas vias -- hash (produccion-modelo.tsv, 11 filas) y ruta (11 scripts de tests/, forense/notas/2026-08-13-cep-cotejo.md SS1-2) -- ninguna empata @	fd7c1888d33a81d0269675654f3fc8f32b442d80a70b0164080fa19859cda1e0	REP-d84be74d0438e70eb9d81826d58ee394be991995c2e839b743cac516f431f362	PRESENTE-INTEGRO	E2	1113	contenedor y miembros completos; anidados hasta profundidad 4	E2B-2e3672898f6d0fce7149a879b702a9b89d6b068e57988da0dd5fc0b0f651efd9	1c96e3beff85f4829e8afa7a316a29ae13ec4643c468b12b9577ee24ba73acfe	3efed0920cdfa66a9a1814ab740041610a52dcec2084f1eeaaa950518e14e150
ennvih2_2005_local_q	ennvih/eloc05q_all.zip	data_raw	642097	CAL-G3 (forense/hitoD-preregistro-v2_0.md, Nota 7 + Adenda 1) — estimación propia de la elasticidad formalidad→composición del ahorro del hogar en el panel ENNV	NO-APLICA	NO-APLICA	SIN-DEMANDA	manifiesto.yaml+relaciones.tsv+abrir4-variables-2026-08-08.tsv+verif3-variables-2026-08-08.tsv @ dcc4f6a..5f90757 (sin cambio en estos 4 archivos en ese rango,	[REDACTADO-PRIVACIDAD]	buscado por ambas vias -- hash (produccion-modelo.tsv, 11 filas) y ruta (11 scripts de tests/, forense/notas/2026-08-13-cep-cotejo.md SS1-2) -- ninguna empata @	eb9aee58ebeb3206f77f7d75931fb298d8b50b03a0f8d793300f9dfbcaa06f2c	REP-bc39bc7a7aacf309b5d6d45ba72f5431992c668523fdbc75cee6ce3b9bc6d3eb	PRESENTE-INTEGRO	E2	8922	contenedor y miembros completos; anidados hasta profundidad 4	E2B-2fa389989466d498274850a6447df482878310730d06b5ce75e6bfb2f82dc3fa	1c96e3beff85f4829e8afa7a316a29ae13ec4643c468b12b9577ee24ba73acfe	2607777febb7bc72bf1f13cfa6a5cbd500b738a311db1670abc312fd77c5ccab
ennvih2_2005_ponderador_longitudinal	ennvih/ehh05lw_all.zip	data_raw	698559	CAL-G3 (forense/hitoD-preregistro-v2_0.md, Nota 7 + Adenda 1) — estimación propia de la elasticidad formalidad→composición del ahorro del hogar en el panel ENNV	NO-APLICA	NO-APLICA	SIN-DEMANDA	manifiesto.yaml+relaciones.tsv+abrir4-variables-2026-08-08.tsv+verif3-variables-2026-08-08.tsv @ dcc4f6a..5f90757 (sin cambio en estos 4 archivos en ese rango,	[REDACTADO-PRIVACIDAD]	via ruta: cita literal en tests/calg3_fasec.py (ver forense/notas/2026-08-13-cep-cotejo.md SS2) x campo archivo de data/manifiesto.yaml @ fd788a9, 13/ago/2026	6567bcbf3386b04b3d77c0ac0eb564d5be752b0090bb9caa31ccb1e077a745bf	REP-fd3e422b4396e07e4b04e582e4371a857cfb412b08f4c19a18f7222c747118e6	PRESENTE-INTEGRO	E2	54	contenedor y miembros completos; anidados hasta profundidad 4	E2B-194d0e05c8fef2029aeff84cd8c5791475b9c83863ef240297ee08f1042121e1	1c96e3beff85f4829e8afa7a316a29ae13ec4643c468b12b9577ee24ba73acfe	1b9953213a7cf5fc77955361c5bbe8da0f427e53735ea607b91d9b095b85c99b
ennvih2_2005_ponderador_transversal	ennvih/ehh05w_all.zip	data_raw	759009	CAL-G3 (forense/hitoD-preregistro-v2_0.md, Nota 7 + Adenda 1) — estimación propia de la elasticidad formalidad→composición del ahorro del hogar en el panel ENNV	NO-APLICA	NO-APLICA	SIN-DEMANDA	manifiesto.yaml+relaciones.tsv+abrir4-variables-2026-08-08.tsv+verif3-variables-2026-08-08.tsv @ dcc4f6a..5f90757 (sin cambio en estos 4 archivos en ese rango,	[REDACTADO-PRIVACIDAD]	buscado por ambas vias -- hash (produccion-modelo.tsv, 11 filas) y ruta (11 scripts de tests/, forense/notas/2026-08-13-cep-cotejo.md SS1-2) -- ninguna empata @	34ee12b0c0d71e76676197089b5fd6048c0fdaa590a220f440d95526b1f4713b	REP-2ce41ac1415eb58690f1acbfe166dd99387a36a8bfe32ca1243c09812972b7a2	PRESENTE-INTEGRO	E2	54	contenedor y miembros completos; anidados hasta profundidad 4	E2B-7deab8069cadb93e2458d45a208677a90074606f0585b36db80c2a322c9098f9	1c96e3beff85f4829e8afa7a316a29ae13ec4643c468b12b9577ee24ba73acfe	b3e7d1ad3c1cb56f05993ccbff9dfbff9214ff36fe461eccc2c7b1903d3e167b
ennvih3_2009_factores_exp	ennvih/calculo-de-factores-de-expansion.pdf	data_raw	337947	CAL-G3 (forense/hitoD-preregistro-v2_0.md, Nota 7 + Adenda 1) — estimación propia de la elasticidad formalidad→composición del ahorro del hogar en el panel ENNV	NO-APLICA	NO-APLICA	SIN-DEMANDA	manifiesto.yaml+relaciones.tsv+abrir4-variables-2026-08-08.tsv+verif3-variables-2026-08-08.tsv @ dcc4f6a..5f90757 (sin cambio en estos 4 archivos en ese rango,	[REDACTADO-PRIVACIDAD]	buscado por ambas vias -- hash (produccion-modelo.tsv, 11 filas) y ruta (11 scripts de tests/, forense/notas/2026-08-13-cep-cotejo.md SS1-2) -- ninguna empata @	cc297561caa5e963fd5a7cd88a8ab0a45726b997015eafbcdac7bcf088fe214d	REP-aa7647cd19bb14b0d991bbab1a636ed412facdd1969e37a8b55595bb55747c57	PRESENTE-INTEGRO	E2	49	todas las páginas; texto no extraíble se declara por página	E2B-46a4780b7fe36a56aa0f1501d18e6398cabc42dcb10edf58cb32c2cc5c0ede3e	1c96e3beff85f4829e8afa7a316a29ae13ec4643c468b12b9577ee24ba73acfe	ec466059eff51db147b6e8a80a3f5aeac1265ab1277487c16689304b7398375f
ennvih3_2009_guia	ennvih/guia_de_usuario_ennvih-3.pdf	data_raw	774086	CAL-G3 (forense/hitoD-preregistro-v2_0.md, Nota 7 + Adenda 1) — estimación propia de la elasticidad formalidad→composición del ahorro del hogar en el panel ENNV	NO-APLICA	NO-APLICA	SIN-DEMANDA	manifiesto.yaml+relaciones.tsv+abrir4-variables-2026-08-08.tsv+verif3-variables-2026-08-08.tsv @ dcc4f6a..5f90757 (sin cambio en estos 4 archivos en ese rango,	[REDACTADO-PRIVACIDAD]	buscado por ambas vias -- hash (produccion-modelo.tsv, 11 filas) y ruta (11 scripts de tests/, forense/notas/2026-08-13-cep-cotejo.md SS1-2) -- ninguna empata @	f5e884eb6d923211ea21bf98c5584d87cb04e7540c62d59d6812bbaa28401ba8	REP-f1640f2600d20bfc85e8b8a643c568edcd9abd53ba12e788b41784d9b30bf005	PRESENTE-INTEGRO	E2	441	todas las páginas; texto no extraíble se declara por página	E2B-8d10fcd0c9a293d503c9564c837413a6ae815a7715e345097b54db067cb19915	1c96e3beff85f4829e8afa7a316a29ae13ec4643c468b12b9577ee24ba73acfe	46963da85ccd00da24147dc2e409879e08b03ce4b1520988b2271d93d3c6966c
ennvih3_2009_hogar_cb	ennvih/ehh09cb_all.zip	data_raw	10077598	CAL-G3 (forense/hitoD-preregistro-v2_0.md, Nota 7 + Adenda 1) — estimación propia de la elasticidad formalidad→composición del ahorro del hogar en el panel ENNV	NO-APLICA	NO-APLICA	SIN-DEMANDA	manifiesto.yaml+relaciones.tsv+abrir4-variables-2026-08-08.tsv+verif3-variables-2026-08-08.tsv @ dcc4f6a..5f90757 (sin cambio en estos 4 archivos en ese rango,	[REDACTADO-PRIVACIDAD]	buscado por ambas vias -- hash (produccion-modelo.tsv, 11 filas) y ruta (11 scripts de tests/, forense/notas/2026-08-13-cep-cotejo.md SS1-2) -- ninguna empata @	1e23ee82ac16f1f977daa78f017753045a459dc468ba599c1ec4011cc08ef059	REP-810c9377243aa5ba5132eb99dbe4555095633bdc0b98fa7a819b5531cb1e24d3	PRESENTE-INTEGRO	E2	22155	contenedor y miembros completos; anidados hasta profundidad 4	E2B-2453f0dcc36a52af09e147c00904e2ddd7386584387dd3f89a078b58c1373183	1c96e3beff85f4829e8afa7a316a29ae13ec4643c468b12b9577ee24ba73acfe	24bd2690d91d4bea317211644b22004ef0f0be7baf0b54973f6eced206ca4eb0
ennvih3_2009_hogar_dta	ennvih/ehh09dta_all.zip	data_raw	26376091	CAL-G3 (forense/hitoD-preregistro-v2_0.md, Nota 7 + Adenda 1) — estimación propia de la elasticidad formalidad→composición del ahorro del hogar en el panel ENNV	NO-APLICA	NO-APLICA	SIN-DEMANDA	manifiesto.yaml+relaciones.tsv+abrir4-variables-2026-08-08.tsv+verif3-variables-2026-08-08.tsv @ dcc4f6a..5f90757 (sin cambio en estos 4 archivos en ese rango,	[REDACTADO-PRIVACIDAD]	via ruta: cita literal en tests/calg3_fasec.py,idg3_corrida.py (ver forense/notas/2026-08-13-cep-cotejo.md SS2) x campo archivo de data/manifiesto.yaml @ fd788a	00a7649a1839a3523be22612c2fa3555d5e743cf5329d6bcdc432b901e98bd15	REP-aceaad9a5d461d345e7f37bd915fe8fd712131797826590f83167b398eb8d761	PRESENTE-INTEGRO	E2	5801	contenedor y miembros completos; anidados hasta profundidad 4	E2B-d158a98dd0af4484124aec48ae5a897bb3929a67205550df4aefdad24efb5fb9	1c96e3beff85f4829e8afa7a316a29ae13ec4643c468b12b9577ee24ba73acfe	08dec28f73fdf741998d3a33c74c8c653f0664819042c6424c4a43ee8a7f06f2
ennvih3_2009_hogar_q	ennvih/ehh09q_all.zip	data_raw	6156032	CAL-G3 (forense/hitoD-preregistro-v2_0.md, Nota 7 + Adenda 1) — estimación propia de la elasticidad formalidad→composición del ahorro del hogar en el panel ENNV	NO-APLICA	NO-APLICA	SIN-DEMANDA	manifiesto.yaml+relaciones.tsv+abrir4-variables-2026-08-08.tsv+verif3-variables-2026-08-08.tsv @ dcc4f6a..5f90757 (sin cambio en estos 4 archivos en ese rango,	[REDACTADO-PRIVACIDAD]	buscado por ambas vias -- hash (produccion-modelo.tsv, 11 filas) y ruta (11 scripts de tests/, forense/notas/2026-08-13-cep-cotejo.md SS1-2) -- ninguna empata @	4eaed9c07a638fdd388901cd84692b9de2f8503ccf5d54da524b660b46fb5340	REP-31088dcedc95dd7327bbad684fce7130b806b2886f01f2a92dadd917bd1623a7	PRESENTE-INTEGRO	E2	20152	contenedor y miembros completos; anidados hasta profundidad 4	E2B-ef2e41c9d4259e72dc19622e7c7c7a1d6580814e45c0222eb739104b8f8ad092	1c96e3beff85f4829e8afa7a316a29ae13ec4643c468b12b9577ee24ba73acfe	4a0d417e63367561a8d737b5cce6c00b5e690776102c6e380740496d2af360e0
ennvih3_2009_local_cb	ennvih/eloc09cb_all.zip	data_raw	1796199	CAL-G3 (forense/hitoD-preregistro-v2_0.md, Nota 7 + Adenda 1) — estimación propia de la elasticidad formalidad→composición del ahorro del hogar en el panel ENNV	NO-APLICA	NO-APLICA	SIN-DEMANDA	manifiesto.yaml+relaciones.tsv+abrir4-variables-2026-08-08.tsv+verif3-variables-2026-08-08.tsv @ dcc4f6a..5f90757 (sin cambio en estos 4 archivos en ese rango,	[REDACTADO-PRIVACIDAD]	buscado por ambas vias -- hash (produccion-modelo.tsv, 11 filas) y ruta (11 scripts de tests/, forense/notas/2026-08-13-cep-cotejo.md SS1-2) -- ninguna empata @	1e319818bf0abaa4c6ae076c91500c94ac0daa50f6c5c8517b1e297734a46d5e	REP-2f6c20a46ffd40a6d1b6eedb42e58cba769abe9b0749319318a7475b43039cfa	PRESENTE-INTEGRO	E2	4239	contenedor y miembros completos; anidados hasta profundidad 4	E2B-e66aa349e0e4df874c65d10f71cf6d8584e604a83a4fe496f0127f4bd1448f25	1c96e3beff85f4829e8afa7a316a29ae13ec4643c468b12b9577ee24ba73acfe	0d2b716e4c2bf17aa34113418ab336e299d05960ce88442165839f6b28517b98
ennvih3_2009_local_dta	ennvih/eloc09dta_all.zip	data_raw	423878	CAL-G3 (forense/hitoD-preregistro-v2_0.md, Nota 7 + Adenda 1) — estimación propia de la elasticidad formalidad→composición del ahorro del hogar en el panel ENNV	NO-APLICA	NO-APLICA	SIN-DEMANDA	manifiesto.yaml+relaciones.tsv+abrir4-variables-2026-08-08.tsv+verif3-variables-2026-08-08.tsv @ dcc4f6a..5f90757 (sin cambio en estos 4 archivos en ese rango,	[REDACTADO-PRIVACIDAD]	buscado por ambas vias -- hash (produccion-modelo.tsv, 11 filas) y ruta (11 scripts de tests/, forense/notas/2026-08-13-cep-cotejo.md SS1-2) -- ninguna empata @	da3d4d6f80943d85d481f021b50771956bedaec3a8c257753d46e31b65000406	REP-f8720958f9d1e45ecb31a61352b62d80551faad1dcdd66b5292f08db7799567c	PRESENTE-INTEGRO	E2	1515	contenedor y miembros completos; anidados hasta profundidad 4	E2B-3b342366ff44ccd1a476760e70a9bb30b1376371bc8903ad1df6d867e047bab8	1c96e3beff85f4829e8afa7a316a29ae13ec4643c468b12b9577ee24ba73acfe	c728f50027ded58a59524f224733cc306c664d50e1007e01a0b78c87f93fb23a
ennvih3_2009_local_q	ennvih/eloc09q_all.zip	data_raw	2618552	CAL-G3 (forense/hitoD-preregistro-v2_0.md, Nota 7 + Adenda 1) — estimación propia de la elasticidad formalidad→composición del ahorro del hogar en el panel ENNV	NO-APLICA	NO-APLICA	SIN-DEMANDA	manifiesto.yaml+relaciones.tsv+abrir4-variables-2026-08-08.tsv+verif3-variables-2026-08-08.tsv @ dcc4f6a..5f90757 (sin cambio en estos 4 archivos en ese rango,	[REDACTADO-PRIVACIDAD]	buscado por ambas vias -- hash (produccion-modelo.tsv, 11 filas) y ruta (11 scripts de tests/, forense/notas/2026-08-13-cep-cotejo.md SS1-2) -- ninguna empata @	7740382889fdc5b6d634c888bd35cee541e50a875b991952f299ae0881b36379	REP-30ab9c381b7f681e5d3c91c61e3429cfd6c00b12d7533fee1fed59770863f4ea	PRESENTE-INTEGRO	E2	14648	contenedor y miembros completos; anidados hasta profundidad 4	E2B-7639b760705481621086f00f65930960b202106223993f68cf9a82c18630f5af	1c96e3beff85f4829e8afa7a316a29ae13ec4643c468b12b9577ee24ba73acfe	553c67b24ca6668eb4fb8e46a425cbd8f017de257b6073f33171323f18691ac1
ennvih3_2009_ponderador_longitudinal	ennvih/ehh09lw_all.zip	data_raw	655349	CAL-G3 (forense/hitoD-preregistro-v2_0.md, Nota 7 + Adenda 1) — estimación propia de la elasticidad formalidad→composición del ahorro del hogar en el panel ENNV	NO-APLICA	NO-APLICA	SIN-DEMANDA	manifiesto.yaml+relaciones.tsv+abrir4-variables-2026-08-08.tsv+verif3-variables-2026-08-08.tsv @ dcc4f6a..5f90757 (sin cambio en estos 4 archivos en ese rango,	[REDACTADO-PRIVACIDAD]	via ruta: cita literal en tests/calg3_fasec.py (ver forense/notas/2026-08-13-cep-cotejo.md SS2) x campo archivo de data/manifiesto.yaml @ fd788a9, 13/ago/2026	52472e0c648c5c35e00bf11b546c9b60beadec93f01290771b67adece3903833	REP-c3873984d7f9e8943695caecbff7bd5631c70eb014e284f1a5e4dbda853cc942	PRESENTE-INTEGRO	E2	54	contenedor y miembros completos; anidados hasta profundidad 4	E2B-c2b006014d2661c36d22301da4dfc62493ef590cf8f94e07b78f3a0e8bd88d59	1c96e3beff85f4829e8afa7a316a29ae13ec4643c468b12b9577ee24ba73acfe	2213ae0008d5f7b6022adfd32e8a8c77f84e0fd9c36d0383c6f8ed999a9c8313
ennvih3_2009_ponderador_transversal	ennvih/ehh09w_all.zip	data_raw	876722	CAL-G3 (forense/hitoD-preregistro-v2_0.md, Nota 7 + Adenda 1) — estimación propia de la elasticidad formalidad→composición del ahorro del hogar en el panel ENNV	NO-APLICA	NO-APLICA	SIN-DEMANDA	manifiesto.yaml+relaciones.tsv+abrir4-variables-2026-08-08.tsv+verif3-variables-2026-08-08.tsv @ dcc4f6a..5f90757 (sin cambio en estos 4 archivos en ese rango,	[REDACTADO-PRIVACIDAD]	buscado por ambas vias -- hash (produccion-modelo.tsv, 11 filas) y ruta (11 scripts de tests/, forense/notas/2026-08-13-cep-cotejo.md SS1-2) -- ninguna empata @	e7929b49a7cd4f1eae5aa17da77c7eea4794d0f26265fbd40dde5e9c8e3ef8b8	REP-dec8631cf34c7b0891a50c0857667774769f0d185ca077825a9b827598da619d	PRESENTE-INTEGRO	E2	54	contenedor y miembros completos; anidados hasta profundidad 4	E2B-ddf6e89a2f003905f05f39831bd1a421335394244d6b492a6f0eeb150c211d91	1c96e3beff85f4829e8afa7a316a29ae13ec4643c468b12b9577ee24ba73acfe	7a25c7b30ac12afe8387373891540ccb07107a26b8e1b41d31c5414bd9cb69aa
enoe_2019_1t_csv	conjunto_de_datos_enoe_2019_1t_csv.zip	data_raw	44252554	CAL-G3 / horizonte_temporal -- pendiente de pre-registro	NO-APLICA	NO-APLICA	SIN-DEMANDA	manifiesto.yaml+relaciones.tsv+abrir4-variables-2026-08-08.tsv+verif3-variables-2026-08-08.tsv @ dcc4f6a..5f90757 (sin cambio en estos 4 archivos en ese rango,	[REDACTADO-PRIVACIDAD]	buscado por ambas vias -- hash (produccion-modelo.tsv, 11 filas) y ruta (11 scripts de tests/, forense/notas/2026-08-13-cep-cotejo.md SS1-2) -- ninguna empata @	fffc14c0b6e7f1e3ea33ce587dad4716820313fc6de9c5c34542c6495175ed4b	REP-c27d0441f2d08ebe4f46a31b855a8e3d4f23a61a912ef3758d19fc5f6b1b8b72	PRESENTE-INTEGRO	E2	2473	contenedor y miembros completos; anidados hasta profundidad 4	E2B-25b73fe4faa2f1441ac96d7b18e79b3aeeedce83473a6b9051e26c46abf6a02f	1c96e3beff85f4829e8afa7a316a29ae13ec4643c468b12b9577ee24ba73acfe	6adec609636e095966fa314f3b35b29a0521888a1811be9ae16b119434b56244
enoe_2019_2t_csv	conjunto_de_datos_enoe_2019_2t_csv.zip	data_raw	44295173	CAL-G3 / horizonte_temporal -- pendiente de pre-registro	NO-APLICA	NO-APLICA	SIN-DEMANDA	manifiesto.yaml+relaciones.tsv+abrir4-variables-2026-08-08.tsv+verif3-variables-2026-08-08.tsv @ dcc4f6a..5f90757 (sin cambio en estos 4 archivos en ese rango,	[REDACTADO-PRIVACIDAD]	buscado por ambas vias -- hash (produccion-modelo.tsv, 11 filas) y ruta (11 scripts de tests/, forense/notas/2026-08-13-cep-cotejo.md SS1-2) -- ninguna empata @	939eea79c9b1f6777af991af0f1966e63ce642976abb0cd5886eb396f3ad903e	REP-49764e079853093c695a28af253239eb81f5d60dac105e9e5b9479d24c065e33	PRESENTE-INTEGRO	E2	2079	contenedor y miembros completos; anidados hasta profundidad 4	E2B-7aee55e505ede546cb68911c914aecb562bf630de1e494d26f3fddecd241a855	1c96e3beff85f4829e8afa7a316a29ae13ec4643c468b12b9577ee24ba73acfe	5ec9aa43627f2aba1f6ab9567e5dd09d00aa6d8b50ccb324d8ac48211a0b0cf7
enoe_2019_3t_csv	conjunto_de_datos_enoe_2019_3t_csv.zip	data_raw	44134773	CAL-G3 / horizonte_temporal -- pendiente de pre-registro	NO-APLICA	NO-APLICA	SIN-DEMANDA	manifiesto.yaml+relaciones.tsv+abrir4-variables-2026-08-08.tsv+verif3-variables-2026-08-08.tsv @ dcc4f6a..5f90757 (sin cambio en estos 4 archivos en ese rango,	[REDACTADO-PRIVACIDAD]	buscado por ambas vias -- hash (produccion-modelo.tsv, 11 filas) y ruta (11 scripts de tests/, forense/notas/2026-08-13-cep-cotejo.md SS1-2) -- ninguna empata @	3dee3611fa30f76e557afd819a60c6e0bc5bc156006053ebb0a688451b9037cc	REP-de87164b530924860d27cd321570345c5b1827df52e97612cb35169d69c574fc	PRESENTE-INTEGRO	E2	2074	contenedor y miembros completos; anidados hasta profundidad 4	E2B-25302e6b33ced5da4f380fb952409f04f713778c27e71a7988bd5b0b2610917d	1c96e3beff85f4829e8afa7a316a29ae13ec4643c468b12b9577ee24ba73acfe	773f02bb0588d23a6a9ca0c5a2f23227bd99aa3a27967e8cf8b3bf65ab81d755
enoe_2019_4t_csv	conjunto_de_datos_enoe_2019_4t_csv.zip	data_raw	39117268	CAL-G3 / horizonte_temporal -- pendiente de pre-registro	NO-APLICA	NO-APLICA	SIN-DEMANDA	manifiesto.yaml+relaciones.tsv+abrir4-variables-2026-08-08.tsv+verif3-variables-2026-08-08.tsv @ dcc4f6a..5f90757 (sin cambio en estos 4 archivos en ese rango,	[REDACTADO-PRIVACIDAD]	buscado por ambas vias -- hash (produccion-modelo.tsv, 11 filas) y ruta (11 scripts de tests/, forense/notas/2026-08-13-cep-cotejo.md SS1-2) -- ninguna empata @	5cdbc8ac79f8366f59f7062ec83bf72cc5140c00b53f4d4cc8f5afe2e07c5efe	REP-7b81c6d654b182671aec6727be8c119823aae2393987f97f5666641e726b6821	PRESENTE-INTEGRO	E2	2069	contenedor y miembros completos; anidados hasta profundidad 4	E2B-1810dccdcad9ff64115cec70963ff7ac0c14bf7fea08263f99911822647a5068	1c96e3beff85f4829e8afa7a316a29ae13ec4643c468b12b9577ee24ba73acfe	f10edd1b0f581f229f27be398a6f722e1a9d01fc02b2dda5362730a0c16df206
enoe_2020_1t_csv	conjunto_de_datos_enoe_2020_1t_csv.zip	data_raw	43904494	CAL-G3 / horizonte_temporal -- pendiente de pre-registro	NO-APLICA	NO-APLICA	SIN-DEMANDA	manifiesto.yaml+relaciones.tsv+abrir4-variables-2026-08-08.tsv+verif3-variables-2026-08-08.tsv @ dcc4f6a..5f90757 (sin cambio en estos 4 archivos en ese rango,	[REDACTADO-PRIVACIDAD]	buscado por ambas vias -- hash (produccion-modelo.tsv, 11 filas) y ruta (11 scripts de tests/, forense/notas/2026-08-13-cep-cotejo.md SS1-2) -- ninguna empata @	df69c6653909cdd98c501b176dc9b2eb7cc2e0498e238f289a41b6803f7f457f	REP-fb6012593658d2610b3f18dd2f3ad6d89cf17429296d03f79a7eec447d04c81c	PRESENTE-INTEGRO	E2	2469	contenedor y miembros completos; anidados hasta profundidad 4	E2B-48ff2e606a08a1936e56af86778c5f1c413915d32c7bbd4cd733943b6f0ec613	1c96e3beff85f4829e8afa7a316a29ae13ec4643c468b12b9577ee24ba73acfe	6be17531095946380e42796f378460d110e760c88c2622c3b0890df5565ad397
enoe_2023_1t_csv	conjunto_de_datos_enoe_2023_1t_csv.zip	data_raw	41532376	CAL-G3 / horizonte_temporal -- pendiente de pre-registro	NO-APLICA	NO-APLICA	SIN-DEMANDA	manifiesto.yaml+relaciones.tsv+abrir4-variables-2026-08-08.tsv+verif3-variables-2026-08-08.tsv @ dcc4f6a..5f90757 (sin cambio en estos 4 archivos en ese rango,	[REDACTADO-PRIVACIDAD]	buscado por ambas vias -- hash (produccion-modelo.tsv, 11 filas) y ruta (11 scripts de tests/, forense/notas/2026-08-13-cep-cotejo.md SS1-2) -- ninguna empata @	138e737d3644512d21c4704be32ab31fcd6c5f64c0a0fb30a96df12c9c305773	REP-89ace6e7a41d1b83e6408df64b2a1d88fcc87df098cee1aadf79371dc81db582	PRESENTE-INTEGRO	E2	2581	contenedor y miembros completos; anidados hasta profundidad 4	E2B-8bb148931e81d64f8d678eb2e739c88c03237eedfa6c08a1c4f8bad64bf267ef	1c96e3beff85f4829e8afa7a316a29ae13ec4643c468b12b9577ee24ba73acfe	9ae1c4c0130511c41b9423532a2f30ba9e980a682fd8a3a86d5ad00408d82254
enoe_2023_2t_csv	conjunto_de_datos_enoe_2023_2t_csv.zip	data_raw	42728491	CAL-G3 / horizonte_temporal -- pendiente de pre-registro	NO-APLICA	NO-APLICA	SIN-DEMANDA	manifiesto.yaml+relaciones.tsv+abrir4-variables-2026-08-08.tsv+verif3-variables-2026-08-08.tsv @ dcc4f6a..5f90757 (sin cambio en estos 4 archivos en ese rango,	[REDACTADO-PRIVACIDAD]	buscado por ambas vias -- hash (produccion-modelo.tsv, 11 filas) y ruta (11 scripts de tests/, forense/notas/2026-08-13-cep-cotejo.md SS1-2) -- ninguna empata @	b5efd0e94be25a9aaad852e652e4653bd2eaafef4df92e3fd206d5f3e0046b10	REP-8a810138002d1d0d9fc3b8867ea8bdc15620ede8b13ba7f8d81523c28bc3a34b	PRESENTE-INTEGRO	E2	2172	contenedor y miembros completos; anidados hasta profundidad 4	E2B-56df6e34b598d4af78ea2278a241955cfeb7190b225a9fec4dae23831a01e0d0	1c96e3beff85f4829e8afa7a316a29ae13ec4643c468b12b9577ee24ba73acfe	4659de27ce1d6451205fd0c57feb47816ed4a6e7923ccabd1ec99a9261acf0ba
enoe_2023_3t_csv	conjunto_de_datos_enoe_2023_3t_csv.zip	data_raw	44005595	CAL-G3 / horizonte_temporal -- pendiente de pre-registro	NO-APLICA	NO-APLICA	SIN-DEMANDA	manifiesto.yaml+relaciones.tsv+abrir4-variables-2026-08-08.tsv+verif3-variables-2026-08-08.tsv @ dcc4f6a..5f90757 (sin cambio en estos 4 archivos en ese rango,	[REDACTADO-PRIVACIDAD]	buscado por ambas vias -- hash (produccion-modelo.tsv, 11 filas) y ruta (11 scripts de tests/, forense/notas/2026-08-13-cep-cotejo.md SS1-2) -- ninguna empata @	e40824bfcb0b6a99b23dd33171e472406258dfdcfc2bbd0f614e7f2e66a165a6	REP-1de9ecff5b49e5b86dbc6b614cc76f405dc4d5eada0da3456f0239ff000458f7	PRESENTE-INTEGRO	E2	2172	contenedor y miembros completos; anidados hasta profundidad 4	E2B-c13cf6037e6557d155033386f48089471a1796863c000602de26c26a58a5527b	1c96e3beff85f4829e8afa7a316a29ae13ec4643c468b12b9577ee24ba73acfe	2811b2ede086258e0215c52b1ce97d3b26fe5c554f2c0c1fbfe2c55e366757ed
enoe_2023_4t_csv	conjunto_de_datos_enoe_2023_4t_csv.zip	data_raw	43788274	CAL-G3 / horizonte_temporal -- pendiente de pre-registro	NO-APLICA	NO-APLICA	SIN-DEMANDA	manifiesto.yaml+relaciones.tsv+abrir4-variables-2026-08-08.tsv+verif3-variables-2026-08-08.tsv @ dcc4f6a..5f90757 (sin cambio en estos 4 archivos en ese rango,	[REDACTADO-PRIVACIDAD]	buscado por ambas vias -- hash (produccion-modelo.tsv, 11 filas) y ruta (11 scripts de tests/, forense/notas/2026-08-13-cep-cotejo.md SS1-2) -- ninguna empata @	add63ea0f5ae2649bfc726b7bc0040304674bab11e31ef6e3c26af6274d0bfa5	REP-bbbf364d4824ebfc08c67aff4d9a0bf23523b7027076fea612fb8ef57bed17cb	PRESENTE-INTEGRO	E2	2172	contenedor y miembros completos; anidados hasta profundidad 4	E2B-d06833dea90892bea0bee86b691dab697bf7a770707676a783d3fa2d8999b50f	1c96e3beff85f4829e8afa7a316a29ae13ec4643c468b12b9577ee24ba73acfe	44421863b41ee709d4784af13d64cade352d4c7be1b817b12962e52d6a4017b0
enoe_2024_1t_csv	conjunto_de_datos_enoe_2024_1t_csv.zip	data_raw	55944351	CAL-G3 / horizonte_temporal -- pendiente de pre-registro	NO-APLICA	NO-APLICA	SIN-DEMANDA	manifiesto.yaml+relaciones.tsv+abrir4-variables-2026-08-08.tsv+verif3-variables-2026-08-08.tsv @ dcc4f6a..5f90757 (sin cambio en estos 4 archivos en ese rango,	[REDACTADO-PRIVACIDAD]	buscado por ambas vias -- hash (produccion-modelo.tsv, 11 filas) y ruta (11 scripts de tests/, forense/notas/2026-08-13-cep-cotejo.md SS1-2) -- ninguna empata @	0beed808bf4f1457d6ec13600a8bdd3ca8db7e7276ab14675a44e74e6a33592c	REP-58319701b5f95b63c26414abef99a57b41db805620e6677f8c4ea4faef8fd635	PRESENTE-INTEGRO	E2	2566	contenedor y miembros completos; anidados hasta profundidad 4	E2B-18dc8e477a3f4fc63301cef337907c897e4f7effaf118bc2c48dffc4241f635f	1c96e3beff85f4829e8afa7a316a29ae13ec4643c468b12b9577ee24ba73acfe	369af360614d5843e243b80d434487d6b811fe02faea5774dfeb9f7c648181ef
enoe_2024_2t_csv	conjunto_de_datos_enoe_2024_2t_csv.zip	data_raw	41777459	CAL-G3 / horizonte_temporal -- pendiente de pre-registro	NO-APLICA	NO-APLICA	SIN-DEMANDA	manifiesto.yaml+relaciones.tsv+abrir4-variables-2026-08-08.tsv+verif3-variables-2026-08-08.tsv @ dcc4f6a..5f90757 (sin cambio en estos 4 archivos en ese rango,	[REDACTADO-PRIVACIDAD]	buscado por ambas vias -- hash (produccion-modelo.tsv, 11 filas) y ruta (11 scripts de tests/, forense/notas/2026-08-13-cep-cotejo.md SS1-2) -- ninguna empata @	19a0a9f0e30bd699c2b538f1af52654c0aef09b640e0e3b1081a9369ad363647	REP-17c6f822abcb8db361e5dda7e391a91b48f2e9c04c02429f939f3c484adab048	PRESENTE-INTEGRO	E2	2172	contenedor y miembros completos; anidados hasta profundidad 4	E2B-481a37c7d72a15167442267d96aae8b94cba5340168960cbc134f7267f40682b	1c96e3beff85f4829e8afa7a316a29ae13ec4643c468b12b9577ee24ba73acfe	98b9a76eb95543e72a8f9577fa0e828fed25388d081ac676edea8838c984c17d
enoe_2024_3t_csv	conjunto_de_datos_enoe_2024_3t_csv.zip	data_raw	53958272	CAL-G3 / horizonte_temporal -- pendiente de pre-registro	NO-APLICA	NO-APLICA	SIN-DEMANDA	manifiesto.yaml+relaciones.tsv+abrir4-variables-2026-08-08.tsv+verif3-variables-2026-08-08.tsv @ dcc4f6a..5f90757 (sin cambio en estos 4 archivos en ese rango,	[REDACTADO-PRIVACIDAD]	buscado por ambas vias -- hash (produccion-modelo.tsv, 11 filas) y ruta (11 scripts de tests/, forense/notas/2026-08-13-cep-cotejo.md SS1-2) -- ninguna empata @	f384a1b8872e051856ed2241289400302b13a8701489b1c596390452c183cd01	REP-46e3e646887099e46e078864899fb9d2c5f50b29367b4abb7340d79480b6ef77	PRESENTE-INTEGRO	E2	2190	contenedor y miembros completos; anidados hasta profundidad 4	E2B-fa64a9fd70d3cae975ded367aa282c1e692101aff0693266d967904bd2b6f6aa	1c96e3beff85f4829e8afa7a316a29ae13ec4643c468b12b9577ee24ba73acfe	61ec64b69edfc7c26c933a3d2d6891fccf058df5dfb6994a36ec6fb6229a151a
enoe_2024_4t_csv	conjunto_de_datos_enoe_2024_4t_csv.zip	data_raw	54101479	CAL-G3 / horizonte_temporal -- pendiente de pre-registro	NO-APLICA	NO-APLICA	SIN-DEMANDA	manifiesto.yaml+relaciones.tsv+abrir4-variables-2026-08-08.tsv+verif3-variables-2026-08-08.tsv @ dcc4f6a..5f90757 (sin cambio en estos 4 archivos en ese rango,	[REDACTADO-PRIVACIDAD]	buscado por ambas vias -- hash (produccion-modelo.tsv, 11 filas) y ruta (11 scripts de tests/, forense/notas/2026-08-13-cep-cotejo.md SS1-2) -- ninguna empata @	bb6d958c9bca11672d367d2c051cd08bf1654c471c2f32c8e21992c126a3b426	REP-40d18b20a13e7ab6bc391258b48f049356f3105655078b20256889aec09b52b7	PRESENTE-INTEGRO	E2	2191	contenedor y miembros completos; anidados hasta profundidad 4	E2B-7a8b83ba14398d02e58c2e63400f5273c2b738986465018ba88bd40302915d01	1c96e3beff85f4829e8afa7a316a29ae13ec4643c468b12b9577ee24ba73acfe	69761c6ad1efbcfe476d3ee0497ed0bf3081a57d4f02b35a833702a29551da2a
enoe_2025_1t_csv	conjunto_de_datos_enoe_2025_1t_csv.zip	data_raw	61038674	CAL-G3 / horizonte_temporal -- pendiente de pre-registro	NO-APLICA	NO-APLICA	SIN-DEMANDA	manifiesto.yaml+relaciones.tsv+abrir4-variables-2026-08-08.tsv+verif3-variables-2026-08-08.tsv @ dcc4f6a..5f90757 (sin cambio en estos 4 archivos en ese rango,	[REDACTADO-PRIVACIDAD]	buscado por ambas vias -- hash (produccion-modelo.tsv, 11 filas) y ruta (11 scripts de tests/, forense/notas/2026-08-13-cep-cotejo.md SS1-2) -- ninguna empata @	3931e7c9242147da6ebf9badb1e2b9a59d43d95a9811e077232be406c4ce6691	REP-cc78ca4a4f1af238c49853d774eebb345d8500dfb47cb16167373ecd96bb157c	PRESENTE-INTEGRO	E2	2551	contenedor y miembros completos; anidados hasta profundidad 4	E2B-756c85c183bba7592ccab3d91cd8244dae6f440b3cf591401dbff249e25b2103	1c96e3beff85f4829e8afa7a316a29ae13ec4643c468b12b9577ee24ba73acfe	4bc244c8e37a4a737d3e30e00848ceae2b905d9659545fc330f70801b8642c9a
enoe_2025_2t_csv	conjunto_de_datos_enoe_2025_2t_csv.zip	data_raw	53803168	CAL-G3 / horizonte_temporal -- pendiente de pre-registro	NO-APLICA	NO-APLICA	SIN-DEMANDA	manifiesto.yaml+relaciones.tsv+abrir4-variables-2026-08-08.tsv+verif3-variables-2026-08-08.tsv @ dcc4f6a..5f90757 (sin cambio en estos 4 archivos en ese rango,	[REDACTADO-PRIVACIDAD]	buscado por ambas vias -- hash (produccion-modelo.tsv, 11 filas) y ruta (11 scripts de tests/, forense/notas/2026-08-13-cep-cotejo.md SS1-2) -- ninguna empata @	9530a017e3defb0658418b73a47a6039eeb54abf11342fa10693374736515127	REP-c255547108c44a6a8620e7ca7045452ad6c623c0c811f082cf58ceaf41c34246	PRESENTE-INTEGRO	E2	2172	contenedor y miembros completos; anidados hasta profundidad 4	E2B-7612d2ef8fb2602e088a2d8ba78b36d8c18a73e9fe33e1f93636c27609a54fde	1c96e3beff85f4829e8afa7a316a29ae13ec4643c468b12b9577ee24ba73acfe	bd85e45e58996b5113c5da227d1d86753a1f3687c7a1fdc5c09e88c8d54c0c1c
enoe_2025_3t_csv	conjunto_de_datos_enoe_2025_3t_csv.zip	data_raw	46026887	CAL-G3 / horizonte_temporal -- pendiente de pre-registro	NO-APLICA	NO-APLICA	SIN-DEMANDA	manifiesto.yaml+relaciones.tsv+abrir4-variables-2026-08-08.tsv+verif3-variables-2026-08-08.tsv @ dcc4f6a..5f90757 (sin cambio en estos 4 archivos en ese rango,	[REDACTADO-PRIVACIDAD]	buscado por ambas vias -- hash (produccion-modelo.tsv, 11 filas) y ruta (11 scripts de tests/, forense/notas/2026-08-13-cep-cotejo.md SS1-2) -- ninguna empata @	7138b2bfabc740a9805b83b3fd0dae28287fc2aab3781a596a741b8fc7861566	REP-6fb6d28b8c1e2ca33b024a21d4470fc166a7b9f1b907daf3b1e1f7b7b5a2db42	PRESENTE-INTEGRO	E2	2183	contenedor y miembros completos; anidados hasta profundidad 4	E2B-0fe6530c9a0b61ff41906aac8f6eb17e715a0d6b9647a1c70261b0dedca0e779	1c96e3beff85f4829e8afa7a316a29ae13ec4643c468b12b9577ee24ba73acfe	6ea6047a36354bb0b134e770150ba52d8c663a4dc05d4093e52d42d6274f4e73
enoe_2025_4t_csv	conjunto_de_datos_enoe_2025_4t_csv.zip	data_raw	54060030	CAL-G3 / horizonte_temporal -- pendiente de pre-registro	NO-APLICA	NO-APLICA	SIN-DEMANDA	manifiesto.yaml+relaciones.tsv+abrir4-variables-2026-08-08.tsv+verif3-variables-2026-08-08.tsv @ dcc4f6a..5f90757 (sin cambio en estos 4 archivos en ese rango,	[REDACTADO-PRIVACIDAD]	buscado por ambas vias -- hash (produccion-modelo.tsv, 11 filas) y ruta (11 scripts de tests/, forense/notas/2026-08-13-cep-cotejo.md SS1-2) -- ninguna empata @	e4d4284cc9924a40c39544a5530715f320a5627cd81997214c0430827616d9d6	REP-851989886940ed9ca6490bb01a93b5ec753b8b1031fda449d126ffd6d9357796	PRESENTE-INTEGRO	E2	2183	contenedor y miembros completos; anidados hasta profundidad 4	E2B-ea4627ebfdb39e073d44fadbb7bef5ddc095df4d34bed90cd133463f39da0391	1c96e3beff85f4829e8afa7a316a29ae13ec4643c468b12b9577ee24ba73acfe	513ca21c5527b92e7c535f3f0d5bc97eeb4c23d1748e9396925bf671f3730db6
enoe_2026_1t_csv	conjunto_de_datos_enoe_2026_1t_csv.zip	data_raw	42978855	CAL-G3 / horizonte_temporal -- pendiente de pre-registro	NO-APLICA	NO-APLICA	SIN-DEMANDA	manifiesto.yaml+relaciones.tsv+abrir4-variables-2026-08-08.tsv+verif3-variables-2026-08-08.tsv @ dcc4f6a..5f90757 (sin cambio en estos 4 archivos en ese rango,	[REDACTADO-PRIVACIDAD]	buscado por ambas vias -- hash (produccion-modelo.tsv, 11 filas) y ruta (11 scripts de tests/, forense/notas/2026-08-13-cep-cotejo.md SS1-2) -- ninguna empata @	429c288af46e408de743e5dfb92750f668df7e42789be5824f7cdf1c5ff56580	REP-fc4990d1386ccdaef605e821acb1f532468c9949a5532a608ecff6cfd4a053f0	PRESENTE-INTEGRO	E2	2589	contenedor y miembros completos; anidados hasta profundidad 4	E2B-9c23db8c4a2a040171ba94044d71dec561b748083d48d364c57e9755f39a1ca4	1c96e3beff85f4829e8afa7a316a29ae13ec4643c468b12b9577ee24ba73acfe	d8b9b4fc6ebfb3c3e707944d510bc76cda51e1127ff570de22ae6cdf354a7a89
enoe_con_basedatos_proy2010_pdf	con_basedatos_proy2010.pdf	data_raw	2517892	CAL-G3 / horizonte_temporal -- pendiente de pre-registro	NO-APLICA	NO-APLICA	SIN-DEMANDA	manifiesto.yaml+relaciones.tsv+abrir4-variables-2026-08-08.tsv+verif3-variables-2026-08-08.tsv @ dcc4f6a..5f90757 (sin cambio en estos 4 archivos en ese rango,	[REDACTADO-PRIVACIDAD]	buscado por ambas vias -- hash (produccion-modelo.tsv, 11 filas) y ruta (11 scripts de tests/, forense/notas/2026-08-13-cep-cotejo.md SS1-2) -- ninguna empata @	6e70a3a910d3c6b2885ef4c72a9dbab0a50b974d403f10ef34eac437372877f5	REP-6aa44abe91f152c1c71fc67b2a354d5159e5e2e7fc43698f2ccccacd74872f69	PRESENTE-INTEGRO	E2	1	apertura detenida en parser de formato: PermissionError	E2B-74d53eabd48fbff3cce87cb9137ed5c8783d0d1f17c72cafc2d81810ef6b2fde	1c96e3beff85f4829e8afa7a316a29ae13ec4643c468b12b9577ee24ba73acfe	fa8850f34609fd7e5498e9ce77eba2af21db7f9be86f1a3261a7be413318bdaf
enoe_cuestionario_ampliado_v5_pdf	c_amp_v5.pdf	data_raw	1074087	CAL-G3 / horizonte_temporal -- pendiente de pre-registro	NO-APLICA	NO-APLICA	SIN-DEMANDA	manifiesto.yaml+relaciones.tsv+abrir4-variables-2026-08-08.tsv+verif3-variables-2026-08-08.tsv @ dcc4f6a..5f90757 (sin cambio en estos 4 archivos en ese rango,	[REDACTADO-PRIVACIDAD]	buscado por ambas vias -- hash (produccion-modelo.tsv, 11 filas) y ruta (11 scripts de tests/, forense/notas/2026-08-13-cep-cotejo.md SS1-2) -- ninguna empata @	4de904621507815e5b7c5af6262fe3202f5df4a0f3c4985d738d9f971dd70491	REP-5b840ff750ef874d91c323ca8b82a58ec656b688d93c0ca749d335a47d059dd4	PRESENTE-INTEGRO	E2	1	apertura detenida en parser de formato: PermissionError	E2B-90af8a7e815217b28cbb3a6baca77b31a522b54c9635fd6472d5368eecc42d8e	1c96e3beff85f4829e8afa7a316a29ae13ec4643c468b12b9577ee24ba73acfe	762a4a7f3648ff2ff9522d58d9ec9a88e1fe482d7ba3844f7cd1d16c20a7b9f3
enoe_cuestionario_ampliado_v6a_pdf	c_amp_v6a.pdf	data_raw	610436	CAL-G3 / horizonte_temporal -- pendiente de pre-registro	NO-APLICA	NO-APLICA	SIN-DEMANDA	manifiesto.yaml+relaciones.tsv+abrir4-variables-2026-08-08.tsv+verif3-variables-2026-08-08.tsv @ dcc4f6a..5f90757 (sin cambio en estos 4 archivos en ese rango,	[REDACTADO-PRIVACIDAD]	buscado por ambas vias -- hash (produccion-modelo.tsv, 11 filas) y ruta (11 scripts de tests/, forense/notas/2026-08-13-cep-cotejo.md SS1-2) -- ninguna empata @	5e0cc786566fa6c891c53bb14f7e110ce205ff7da43c25a5f781d6b38218046c	REP-06edd85715520918b8dfa43756dbe910b21bcfdce5999e3e51e29c789852a21c	PRESENTE-INTEGRO	E2	1	apertura detenida en parser de formato: PermissionError	E2B-6b9ac3437456bfa1fc9e2dcb9d5596abd026dc7a47dd67385f9d662a9ee23de4	1c96e3beff85f4829e8afa7a316a29ae13ec4643c468b12b9577ee24ba73acfe	7ef98eaf80ab52700ba97356ab1e53b7f50bddc2fb4ec304d533c796d95ee630
enoe_cuestionario_basico_v5_pdf	c_bas_v5.pdf	data_raw	1057071	CAL-G3 / horizonte_temporal -- pendiente de pre-registro	NO-APLICA	NO-APLICA	SIN-DEMANDA	manifiesto.yaml+relaciones.tsv+abrir4-variables-2026-08-08.tsv+verif3-variables-2026-08-08.tsv @ dcc4f6a..5f90757 (sin cambio en estos 4 archivos en ese rango,	[REDACTADO-PRIVACIDAD]	buscado por ambas vias -- hash (produccion-modelo.tsv, 11 filas) y ruta (11 scripts de tests/, forense/notas/2026-08-13-cep-cotejo.md SS1-2) -- ninguna empata @	1ab575a4d098991cca2e5a5355b32eb1f91a24d7625ec1778164693532287a3f	REP-d11e542f9a427ff7269476500529d103622fac7caaa76cacf3f0b9bb566fb253	PRESENTE-INTEGRO	E2	1	apertura detenida en parser de formato: PermissionError	E2B-0dc9c88fe175322469a497a779a0134bcd4a8b39bd634a6a96234011e4d6aea7	1c96e3beff85f4829e8afa7a316a29ae13ec4643c468b12b9577ee24ba73acfe	4343026c26728f2cde055b19555f3466fdccd713bf997f1069654e7efd207bbc
enoe_cuestionario_basico_v7_pdf	c_bas_v7.pdf	data_raw	591203	CAL-G3 / horizonte_temporal -- pendiente de pre-registro	NO-APLICA	NO-APLICA	SIN-DEMANDA	manifiesto.yaml+relaciones.tsv+abrir4-variables-2026-08-08.tsv+verif3-variables-2026-08-08.tsv @ dcc4f6a..5f90757 (sin cambio en estos 4 archivos en ese rango,	[REDACTADO-PRIVACIDAD]	buscado por ambas vias -- hash (produccion-modelo.tsv, 11 filas) y ruta (11 scripts de tests/, forense/notas/2026-08-13-cep-cotejo.md SS1-2) -- ninguna empata @	7ee25f114a493cd4136bb086f7fa3a2f6db1fe7300dc5839ec2a7de9c3efa698	REP-3db94bb6148424e4d5d5f74ea74905115e0b7a97428b6a01753db6215251e96a	PRESENTE-INTEGRO	E2	1	apertura detenida en parser de formato: PermissionError	E2B-f163a10cf2c02042df3977be77ccd1716c34394494b260cbfbc4e8d515c16b35	1c96e3beff85f4829e8afa7a316a29ae13ec4643c468b12b9577ee24ba73acfe	98dee1dec9c92565323f9101e73452cbe9d07bcff7036cb40d72fa163980034e
enoe_cuestionario_sociodemografico_v4_pdf	c_sdem_v4.pdf	data_raw	916902	CAL-G3 / horizonte_temporal -- pendiente de pre-registro	NO-APLICA	NO-APLICA	SIN-DEMANDA	manifiesto.yaml+relaciones.tsv+abrir4-variables-2026-08-08.tsv+verif3-variables-2026-08-08.tsv @ dcc4f6a..5f90757 (sin cambio en estos 4 archivos en ese rango,	[REDACTADO-PRIVACIDAD]	buscado por ambas vias -- hash (produccion-modelo.tsv, 11 filas) y ruta (11 scripts de tests/, forense/notas/2026-08-13-cep-cotejo.md SS1-2) -- ninguna empata @	0c918e799a8ed1d3764b1e0a390a868138228cbec82b5aa723f4b3a2e2f2d00f	REP-cbfe582d6c9a2f17ff79d5040012cebaace5260c824ffc6b2f27650672b7148d	PRESENTE-INTEGRO	E2	1	apertura detenida en parser de formato: PermissionError	E2B-54daca6edafd5dc5491ec2f5f249501ab3db268366f13a23d565a598e4ae240e	1c96e3beff85f4829e8afa7a316a29ae13ec4643c468b12b9577ee24ba73acfe	fd15567316e49244dc19dbbac16d4a4c63f0116f3f1beb9aa3a0cf656c77a559
enoe_cuestionario_sociodemografico_v5a_pdf	c_sdem_v5a.pdf	data_raw	698586	CAL-G3 / horizonte_temporal -- pendiente de pre-registro	NO-APLICA	NO-APLICA	SIN-DEMANDA	manifiesto.yaml+relaciones.tsv+abrir4-variables-2026-08-08.tsv+verif3-variables-2026-08-08.tsv @ dcc4f6a..5f90757 (sin cambio en estos 4 archivos en ese rango,	[REDACTADO-PRIVACIDAD]	buscado por ambas vias -- hash (produccion-modelo.tsv, 11 filas) y ruta (11 scripts de tests/, forense/notas/2026-08-13-cep-cotejo.md SS1-2) -- ninguna empata @	e306c67a6551c08c3c4d65586a09cee1356e7017699c54deed6fdfe9c73708cf	REP-d6a82d9e84f91d9a78eb615a236f421ece70c2e39f9daddfdc423f6c0e86c16b	PRESENTE-INTEGRO	E2	1	apertura detenida en parser de formato: PermissionError	E2B-6e256bd27a37cabbe2486e0211365974c8b539017e7cfc7a322c44790e9035cc	1c96e3beff85f4829e8afa7a316a29ae13ec4643c468b12b9577ee24ba73acfe	e29e38a273c659ace43654b80102c55f13df62db868ed60e8ef54aa58921858b
enoen_2020_3t_csv	conjunto_de_datos_enoen_2020_3t_csv.zip	data_raw	34070549	CAL-G3 / horizonte_temporal -- pendiente de pre-registro	NO-APLICA	NO-APLICA	SIN-DEMANDA	manifiesto.yaml+relaciones.tsv+abrir4-variables-2026-08-08.tsv+verif3-variables-2026-08-08.tsv @ dcc4f6a..5f90757 (sin cambio en estos 4 archivos en ese rango,	[REDACTADO-PRIVACIDAD]	buscado por ambas vias -- hash (produccion-modelo.tsv, 11 filas) y ruta (11 scripts de tests/, forense/notas/2026-08-13-cep-cotejo.md SS1-2) -- ninguna empata @	e07984bfc96bd75a1eeed09c122a636ea7a1d7300b44d88577116a781a49068a	REP-8a3ed0789f5043fee2fb180b43f8a8d59863863b6d0bb3a890d1f47d7f11c754	PRESENTE-INTEGRO	E2	2185	contenedor y miembros completos; anidados hasta profundidad 4	E2B-51b87d87947f879ec8b133b4c28ac133ee9b88414ae53c9199107625acdb9a0d	1c96e3beff85f4829e8afa7a316a29ae13ec4643c468b12b9577ee24ba73acfe	51979cc1bdeb34b13d18345ed799b1a342dc3d37bdf96e58456049fb85a46ef3
enoen_2020_4t_csv	conjunto_de_datos_enoen_2020_4t_csv.zip	data_raw	42038767	CAL-G3 / horizonte_temporal -- pendiente de pre-registro	NO-APLICA	NO-APLICA	SIN-DEMANDA	manifiesto.yaml+relaciones.tsv+abrir4-variables-2026-08-08.tsv+verif3-variables-2026-08-08.tsv @ dcc4f6a..5f90757 (sin cambio en estos 4 archivos en ese rango,	[REDACTADO-PRIVACIDAD]	buscado por ambas vias -- hash (produccion-modelo.tsv, 11 filas) y ruta (11 scripts de tests/, forense/notas/2026-08-13-cep-cotejo.md SS1-2) -- ninguna empata @	c80d258fcd8a0975be4dcb49b0c4162ba46c1caa9a1f2af158b08a9195c62962	REP-cc57df2cc83847e78a7006b7415dfb61a023f207bb3dc7ba219ee6b152b30249	PRESENTE-INTEGRO	E2	2185	contenedor y miembros completos; anidados hasta profundidad 4	E2B-c9527baf6667c142a2fd7fe364966a68ca1300fbb72133d5aadfffbc37b03cdf	1c96e3beff85f4829e8afa7a316a29ae13ec4643c468b12b9577ee24ba73acfe	182efeccdfccb322c23733b55582cdcc7b71d7d2ef778226d847a4edeed74ab7
enoen_2021_1t_csv	conjunto_de_datos_enoen_2021_1t_csv.zip	data_raw	45815136	CAL-G3 / horizonte_temporal -- pendiente de pre-registro	NO-APLICA	NO-APLICA	SIN-DEMANDA	manifiesto.yaml+relaciones.tsv+abrir4-variables-2026-08-08.tsv+verif3-variables-2026-08-08.tsv @ dcc4f6a..5f90757 (sin cambio en estos 4 archivos en ese rango,	[REDACTADO-PRIVACIDAD]	buscado por ambas vias -- hash (produccion-modelo.tsv, 11 filas) y ruta (11 scripts de tests/, forense/notas/2026-08-13-cep-cotejo.md SS1-2) -- ninguna empata @	b92ab5c27ccaf4cc15dd76f715f1022c44af0b844d2fb4ebf3d1ec5bb1a16461	REP-54387cda6f28ca51f28a1458d34e845ce46143438fcaa502c4717b8b63330728	PRESENTE-INTEGRO	E2	2590	contenedor y miembros completos; anidados hasta profundidad 4	E2B-925c6a68535eee7f2d30c325fc67551595aa9d432e6ac7fffb91a16f1a0870cf	1c96e3beff85f4829e8afa7a316a29ae13ec4643c468b12b9577ee24ba73acfe	573e21167e5b5276f829c47cc61264c9b1afd01f5387060c9554ac1978a0f9af
enoen_2021_2t_csv	conjunto_de_datos_enoen_2021_2t_csv.zip	data_raw	33876717	CAL-G3 / horizonte_temporal -- pendiente de pre-registro	NO-APLICA	NO-APLICA	SIN-DEMANDA	manifiesto.yaml+relaciones.tsv+abrir4-variables-2026-08-08.tsv+verif3-variables-2026-08-08.tsv @ dcc4f6a..5f90757 (sin cambio en estos 4 archivos en ese rango,	[REDACTADO-PRIVACIDAD]	buscado por ambas vias -- hash (produccion-modelo.tsv, 11 filas) y ruta (11 scripts de tests/, forense/notas/2026-08-13-cep-cotejo.md SS1-2) -- ninguna empata @	b047edf42e703cce20106ad53f27edc97c2b6bda6e3928d9ed905f41072e208c	REP-0934a8d10df844ab600e68ec0fa3ffcaee56b86d24f9808509c71ffa05281f88	PRESENTE-INTEGRO	E2	2185	contenedor y miembros completos; anidados hasta profundidad 4	E2B-953d79e60938eb4a92c81a9e7868d257730e12be14f54fe6fd5b323d40594cd5	1c96e3beff85f4829e8afa7a316a29ae13ec4643c468b12b9577ee24ba73acfe	1086acb6f765dbda189515661d01a10c417bdf9cb923974d165ac98594d54207
enoen_2021_3t_csv	conjunto_de_datos_enoen_2021_3t_csv.zip	data_raw	51070919	CAL-G3 / horizonte_temporal -- pendiente de pre-registro	NO-APLICA	NO-APLICA	SIN-DEMANDA	manifiesto.yaml+relaciones.tsv+abrir4-variables-2026-08-08.tsv+verif3-variables-2026-08-08.tsv @ dcc4f6a..5f90757 (sin cambio en estos 4 archivos en ese rango,	[REDACTADO-PRIVACIDAD]	buscado por ambas vias -- hash (produccion-modelo.tsv, 11 filas) y ruta (11 scripts de tests/, forense/notas/2026-08-13-cep-cotejo.md SS1-2) -- ninguna empata @	909a2d027a9688710c41710903d0835def5fe01a122dde7f5adb36a50320dc84	REP-96cab860a35a19cb6945a94cae144d0d2ffde87d6e375db977a9a4ba8cf8a5fe	PRESENTE-INTEGRO	E2	2181	contenedor y miembros completos; anidados hasta profundidad 4	E2B-2196ce7d208697aa391b99e3a30a24461668eb039960ef92e694d1861d1bb2a0	1c96e3beff85f4829e8afa7a316a29ae13ec4643c468b12b9577ee24ba73acfe	28cbbaf0764b13a5495445589186d38c4d68d76e143adea00e75a305e96c26e4
enoen_2021_4t_csv	conjunto_de_datos_enoen_2021_4t_csv.zip	data_raw	43112416	CAL-G3 / horizonte_temporal -- pendiente de pre-registro	NO-APLICA	NO-APLICA	SIN-DEMANDA	manifiesto.yaml+relaciones.tsv+abrir4-variables-2026-08-08.tsv+verif3-variables-2026-08-08.tsv @ dcc4f6a..5f90757 (sin cambio en estos 4 archivos en ese rango,	[REDACTADO-PRIVACIDAD]	buscado por ambas vias -- hash (produccion-modelo.tsv, 11 filas) y ruta (11 scripts de tests/, forense/notas/2026-08-13-cep-cotejo.md SS1-2) -- ninguna empata @	74c6173ee16c14b5d23e0546041642e4eb766417921d844f84b26977a4e5859e	REP-1515bea813dc3b15ebfd483e30e93abd87564915b87ea4b0c36e7196ae6ef0d1	PRESENTE-INTEGRO	E2	2154	contenedor y miembros completos; anidados hasta profundidad 4	E2B-4ef9aaa90cf5e4f9305b06548189246d0e5346d9b0cd29df7f6c62131cb86716	1c96e3beff85f4829e8afa7a316a29ae13ec4643c468b12b9577ee24ba73acfe	94e5e0294da921522d18f69a5ed6d599bbdf2638175da1d1e2d15c81800b0a81
enoen_2022_1t_csv	conjunto_de_datos_enoen_2022_1t_csv.zip	data_raw	44630600	CAL-G3 / horizonte_temporal -- pendiente de pre-registro	NO-APLICA	NO-APLICA	SIN-DEMANDA	manifiesto.yaml+relaciones.tsv+abrir4-variables-2026-08-08.tsv+verif3-variables-2026-08-08.tsv @ dcc4f6a..5f90757 (sin cambio en estos 4 archivos en ese rango,	[REDACTADO-PRIVACIDAD]	buscado por ambas vias -- hash (produccion-modelo.tsv, 11 filas) y ruta (11 scripts de tests/, forense/notas/2026-08-13-cep-cotejo.md SS1-2) -- ninguna empata @	7b91b51494239d5c0458fada84872e1745e4115c8e924be7511fc5a0d1c48ca9	REP-8f886ee2ceaa846c2cacb8aa50fa93ec269002718ce15f44a60e66e0278be44c	PRESENTE-INTEGRO	E2	2567	contenedor y miembros completos; anidados hasta profundidad 4	E2B-95cde1f9add9cb9ddfd2cd14eb59cc22e2a8ff03f94da3e396b4b01cc098592a	1c96e3beff85f4829e8afa7a316a29ae13ec4643c468b12b9577ee24ba73acfe	ac7ed51a3f3b5a67b0845efd6a565fce07e21181860c82ebb3aa3792ac0e46e0
enoen_2022_2t_csv	conjunto_de_datos_enoen_2022_2t_csv.zip	data_raw	41272360	CAL-G3 / horizonte_temporal -- pendiente de pre-registro	NO-APLICA	NO-APLICA	SIN-DEMANDA	manifiesto.yaml+relaciones.tsv+abrir4-variables-2026-08-08.tsv+verif3-variables-2026-08-08.tsv @ dcc4f6a..5f90757 (sin cambio en estos 4 archivos en ese rango,	[REDACTADO-PRIVACIDAD]	buscado por ambas vias -- hash (produccion-modelo.tsv, 11 filas) y ruta (11 scripts de tests/, forense/notas/2026-08-13-cep-cotejo.md SS1-2) -- ninguna empata @	454154e53a5fc3d42842bac54d53b463cf898674460ff6162364f86cb6c7b287	REP-1313b21e50507b6ec06612fc0970aec8747a7617313de621a521fd29bced4717	PRESENTE-INTEGRO	E2	2141	contenedor y miembros completos; anidados hasta profundidad 4	E2B-5daa4ceb2520d13a0bd39b7a0c3d6e30db7857cd857006dac13a3c8e4cae5270	1c96e3beff85f4829e8afa7a316a29ae13ec4643c468b12b9577ee24ba73acfe	90581e04958d6359487ba8e05d1a1ec26f5f4e17e933ccc0d7def57cb5a7b31b
enoen_2022_3t_csv	conjunto_de_datos_enoen_2022_3t_csv.zip	data_raw	40289417	CAL-G3 / horizonte_temporal -- pendiente de pre-registro	NO-APLICA	NO-APLICA	SIN-DEMANDA	manifiesto.yaml+relaciones.tsv+abrir4-variables-2026-08-08.tsv+verif3-variables-2026-08-08.tsv @ dcc4f6a..5f90757 (sin cambio en estos 4 archivos en ese rango,	[REDACTADO-PRIVACIDAD]	buscado por ambas vias -- hash (produccion-modelo.tsv, 11 filas) y ruta (11 scripts de tests/, forense/notas/2026-08-13-cep-cotejo.md SS1-2) -- ninguna empata @	61d09993bd4daf894236c5618779c93ec8d77c08e38ced59aa049c6c3b1bb7ab	REP-e956ad85cd6349df2100b984f766653cd15c5aa77570569e4ea8b35f439264de	PRESENTE-INTEGRO	E2	2141	contenedor y miembros completos; anidados hasta profundidad 4	E2B-fc9ef082c840d83ffc8a56c46820a0f27c77fa7b563aed1faa777a79126a539a	1c96e3beff85f4829e8afa7a316a29ae13ec4643c468b12b9577ee24ba73acfe	ed7b922cdc20993b0e2bf975cae8c5f78b8f17cc7efb3fbec339de68a24ab09c
enoen_2022_4t_csv	conjunto_de_datos_enoen_2022_4t_csv.zip	data_raw	40388980	CAL-G3 / horizonte_temporal -- pendiente de pre-registro	NO-APLICA	NO-APLICA	SIN-DEMANDA	manifiesto.yaml+relaciones.tsv+abrir4-variables-2026-08-08.tsv+verif3-variables-2026-08-08.tsv @ dcc4f6a..5f90757 (sin cambio en estos 4 archivos en ese rango,	[REDACTADO-PRIVACIDAD]	buscado por ambas vias -- hash (produccion-modelo.tsv, 11 filas) y ruta (11 scripts de tests/, forense/notas/2026-08-13-cep-cotejo.md SS1-2) -- ninguna empata @	e0d897b28539b79c00e2a9e32df5d7045cf5dcbeda08afde2fbae5b0c819a937	REP-32fc7db2043f2d13229f8d4c2ae55c8be4b330927bbbff1fab9b538a005f0bf0	PRESENTE-INTEGRO	E2	2136	contenedor y miembros completos; anidados hasta profundidad 4	E2B-1eacbf86d5a95a429d3d144b18ea691097b64ae7004aeac0b3060dc6a7a003b8	1c96e3beff85f4829e8afa7a316a29ae13ec4643c468b12b9577ee24ba73acfe	631f5c6412ed69fbcf690626601759db543b32f0971acb5d3a448e511a093612
enoen_trim3_2020_trim4_2022_documentacion_zip	enoe_n_trim3_2020-trim4_2022.zip	data_raw	167598763	CAL-G3 / horizonte_temporal -- pendiente de pre-registro	NO-APLICA	NO-APLICA	SIN-DEMANDA	manifiesto.yaml+relaciones.tsv+abrir4-variables-2026-08-08.tsv+verif3-variables-2026-08-08.tsv @ dcc4f6a..5f90757 (sin cambio en estos 4 archivos en ese rango,	[REDACTADO-PRIVACIDAD]	buscado por ambas vias -- hash (produccion-modelo.tsv, 11 filas) y ruta (11 scripts de tests/, forense/notas/2026-08-13-cep-cotejo.md SS1-2) -- ninguna empata @	2a25ab364e282cf1caff5a45b29ba104a26a38d7fda88fe1720b89ae299f7ed1	REP-9561f337c981a7361a71b34b988d4318f1ef4631779a53f2aa5f6412a998f274	PRESENTE-INTEGRO	E2	239	contenedor y miembros completos; anidados hasta profundidad 4	E2B-d4ac7d7ab903ffb64475512b3cae1c968c285e0f2b33506409dd9f9d045260ec	1c96e3beff85f4829e8afa7a316a29ae13ec4643c468b12b9577ee24ba73acfe	f4bd78a15b2e9d13f82389ca546eac4a4767383bf08c6ae275df1a25305a08b3
enpol2021_bd_csv_zip	enpol2021/bd_enpol_2021_csv.zip	data_raw	35914746	[REDACTADO-PRIVACIDAD]	NO-APLICA	NO-APLICA	SIN-DEMANDA	manifiesto.yaml+relaciones.tsv+abrir4-variables-2026-08-08.tsv+verif3-variables-2026-08-08.tsv @ dcc4f6a..5f90757 (sin cambio en estos 4 archivos en ese rango,	[REDACTADO-PRIVACIDAD]	buscado por ambas vias -- hash (produccion-modelo.tsv, 11 filas) y ruta (11 scripts de tests/, forense/notas/2026-08-13-cep-cotejo.md SS1-2) -- ninguna empata @	8307f9e4542093f8d1b2aac5676956c939551c42ce3ae5d08bdcb22bc5e06cfb	REP-a790a908734a80bf9792de16977b79dbe85642de67158b278575d023313cca09	PRESENTE-INTEGRO	E2	1279	contenedor y miembros completos; anidados hasta profundidad 4	E2B-bd7885559769a3d966380cf1b9c309c534f260de07446e91ff5a2287c8884fcc	1c96e3beff85f4829e8afa7a316a29ae13ec4643c468b12b9577ee24ba73acfe	a9372a4f25882690cfade9494eb9cd53639032a6324ab7c13e364f22abffc3b5
enpol2021_fd_pdf	enpol2021/fd_enpol2021.pdf	data_raw	3945038	Encargo B-3 (mesa #20): diccionario de archivos (FD) de ENPOL 2021, pareja de enpol2021_bd_csv_zip. Encargo M-3 (2026-08-05): descriptor abierto integro (7 tabl	NO-APLICA	NO-APLICA	SIN-DEMANDA	manifiesto.yaml+relaciones.tsv+abrir4-variables-2026-08-08.tsv+verif3-variables-2026-08-08.tsv @ dcc4f6a..5f90757 (sin cambio en estos 4 archivos en ese rango,	[REDACTADO-PRIVACIDAD]	buscado por ambas vias -- hash (produccion-modelo.tsv, 11 filas) y ruta (11 scripts de tests/, forense/notas/2026-08-13-cep-cotejo.md SS1-2) -- ninguna empata @	7f3a23e15782d9df9a3e5da65b4fda9d9c9fc76ca1acfdf4f4347702ec6f06db	REP-593188b9a8b54cd6537e909ea6cec9c019e7730c3f2f768179caaa0b912ff126	PRESENTE-INTEGRO	E2	1	apertura detenida en parser de formato: PermissionError	E2B-905013ed5fae2fa32be6c55b0823a97e5c487a2b5575a21da5013cb558b45251	1c96e3beff85f4829e8afa7a316a29ae13ec4643c468b12b9577ee24ba73acfe	adb97f72a19022c1137dcd3260314f591c47276820eec3289f6cd440da1b56e8
ensafi2023_bd_csv_zip	ensafi2023/ensafi_2023_bd_csv.zip	data_raw	5027338	[REDACTADO-PRIVACIDAD]	N3,N4,N10,N12,N13,N14	abrir4-variables-2026-08-08.tsv	EXPLOTADO	manifiesto.yaml+relaciones.tsv+abrir4-variables-2026-08-08.tsv+verif3-variables-2026-08-08.tsv @ dcc4f6a..5f90757 (sin cambio en estos 4 archivos en ese rango,	[REDACTADO-PRIVACIDAD]	buscado por ambas vias -- hash (produccion-modelo.tsv, 11 filas) y ruta (11 scripts de tests/, forense/notas/2026-08-13-cep-cotejo.md SS1-2) -- ninguna empata @	c0594079ddf4733d4f574d00f5e84290c62c5330eab0567dd867c26d42fafacd	REP-de65c996e2c07f18cdabb0c730ca6bfdadb8e7ffae281518a6912d9b0afb8e0c	PRESENTE-INTEGRO	E2	377	contenedor y miembros completos; anidados hasta profundidad 4	E2B-7efcf104920935c037270b1e23c8e20be5b6006f38d8ad4ee9060ae736291a7a	1c96e3beff85f4829e8afa7a316a29ae13ec4643c468b12b9577ee24ba73acfe	c5fc870e087d6eb7cbfbea5633bfc3309755e924bfd33b4e905053b43509c5b3
ensu2025_bd_csv_zip	ensu2025/ensu_bd_2025_csv.zip	data_raw	12332522	[REDACTADO-PRIVACIDAD]	NO-APLICA	NO-APLICA	SIN-DEMANDA	manifiesto.yaml+relaciones.tsv+abrir4-variables-2026-08-08.tsv+verif3-variables-2026-08-08.tsv @ dcc4f6a..5f90757 (sin cambio en estos 4 archivos en ese rango,	[REDACTADO-PRIVACIDAD]	buscado por ambas vias -- hash (produccion-modelo.tsv, 11 filas) y ruta (11 scripts de tests/, forense/notas/2026-08-13-cep-cotejo.md SS1-2) -- ninguna empata @	317ed14f2f2f43c9f8280e491f7592d0cf95a0392aaa641b66822569444b121c	REP-1fbc072397b6e3c5dd06bbc32534b160f63dc8de465ff299d563582ea8d8e2b0	PRESENTE-INTEGRO	E2	998	contenedor y miembros completos; anidados hasta profundidad 4	E2B-58bd736cef81d6630e27458762956848f39b520d51de4ffef35f8a4ca22bbaa9	1c96e3beff85f4829e8afa7a316a29ae13ec4643c468b12b9577ee24ba73acfe	56393264e8cefc2f767ce771a59ba8e4179207925840e4ab30ef12625416e588
enti2022_bd_dbf_zip	enti2022/enti_2022_bd_dbf.zip	data_raw	18671874	[REDACTADO-PRIVACIDAD]	NO-APLICA	NO-APLICA	SIN-DEMANDA	manifiesto.yaml+relaciones.tsv+abrir4-variables-2026-08-08.tsv+verif3-variables-2026-08-08.tsv @ dcc4f6a..5f90757 (sin cambio en estos 4 archivos en ese rango,	[REDACTADO-PRIVACIDAD]	buscado por ambas vias -- hash (produccion-modelo.tsv, 11 filas) y ruta (11 scripts de tests/, forense/notas/2026-08-13-cep-cotejo.md SS1-2) -- ninguna empata @	9443db5e0970d73795925766fe5bccd8c56687d3fe5b8946a9b67b4e10bceaf5	REP-0a53ccfb79e3b76adecea63dbb6e14d1e5720594d921474f694980921315c110	PRESENTE-INTEGRO	E2	16	contenedor y miembros completos; anidados hasta profundidad 4	E2B-d0389c0994bccb798bbcab2532fc2dbdb95a495b15ce89ab908ad365eb14ac19	1c96e3beff85f4829e8afa7a316a29ae13ec4643c468b12b9577ee24ba73acfe	d4a356c2d574df8dd6b24a1a95451263d50ab8f9e1a7309c71e1e3f7e1743e41
enti2022_fd_pdf	enti2022/enti_2022_fd.pdf	data_raw	1760381	Encargo B-3 (mesa #20): diccionario de archivos (FD) de ENTI 2022, pareja de enti2022_bd_dbf_zip. Encargo M-3 (2026-08-05): descriptor abierto integro (7 tablas	NO-APLICA	NO-APLICA	SIN-DEMANDA	manifiesto.yaml+relaciones.tsv+abrir4-variables-2026-08-08.tsv+verif3-variables-2026-08-08.tsv @ dcc4f6a..5f90757 (sin cambio en estos 4 archivos en ese rango,	[REDACTADO-PRIVACIDAD]	buscado por ambas vias -- hash (produccion-modelo.tsv, 11 filas) y ruta (11 scripts de tests/, forense/notas/2026-08-13-cep-cotejo.md SS1-2) -- ninguna empata @	40b570551e125c334a671f1bdbd46c1334b2b8fbd721b7c2797503968b6ac4be	REP-3265c74623ed8f12a375dab0abeab8e0d41e9f7c9263060c9c9bf92fe9fb93c2	PRESENTE-INTEGRO	E2	1	apertura detenida en parser de formato: PermissionError	E2B-020768f2478aa3732088e4e99b483bca84f4973265de4cc59103ea608f41ffc1	1c96e3beff85f4829e8afa7a316a29ae13ec4643c468b12b9577ee24ba73acfe	82824d1cf34b4df83f1aacc103bc19afd4610161e0abff47f1bfbd73a620509a
enut2002_bd_dbf	enut2002_bd_dbf.zip	data_raw	2667594	documentación / microdato — ENUT, constructo pendiente de asignar en el cruce de Hito E	NO-APLICA	NO-APLICA	SIN-DEMANDA	manifiesto.yaml+relaciones.tsv+abrir4-variables-2026-08-08.tsv+verif3-variables-2026-08-08.tsv @ dcc4f6a..5f90757 (sin cambio en estos 4 archivos en ese rango,	[REDACTADO-PRIVACIDAD]	buscado por ambas vias -- hash (produccion-modelo.tsv, 11 filas) y ruta (11 scripts de tests/, forense/notas/2026-08-13-cep-cotejo.md SS1-2) -- ninguna empata @	61c2de5a9296758a30a2066a21fe58f361a854a38a82f4370d6065cac46c1fad	REP-cb6920c8ac0e4e7b674bbdee172828cb2159b8257026fdf30d2ac63665cd4cd1	PRESENTE-INTEGRO	E2	20	contenedor y miembros completos; anidados hasta profundidad 4	E2B-d54c8fe1208b184694e0d7ed360a3be2db8cbab6658da689a10f3cb8bf3fcf04	1c96e3beff85f4829e8afa7a316a29ae13ec4643c468b12b9577ee24ba73acfe	7c55c47b52f4d77dc2b65311b2f33c1f754aa9b7d7a7a0d9da1d31580ff21425
enut2002_fd_pdf	enut2002_fd.pdf	data_raw	239525	documentación / microdato — ENUT, constructo pendiente de asignar en el cruce de Hito E	NO-APLICA	NO-APLICA	SIN-DEMANDA	manifiesto.yaml+relaciones.tsv+abrir4-variables-2026-08-08.tsv+verif3-variables-2026-08-08.tsv @ dcc4f6a..5f90757 (sin cambio en estos 4 archivos en ese rango,	[REDACTADO-PRIVACIDAD]	buscado por ambas vias -- hash (produccion-modelo.tsv, 11 filas) y ruta (11 scripts de tests/, forense/notas/2026-08-13-cep-cotejo.md SS1-2) -- ninguna empata @	b2073ec7cdba45b297130d021ec0465750b5ea94df6599f09971332d7a3491d6	REP-37b3e4dff0c057273de29cabd56c0379c2a7d0cbfc56d8587187e4ad96cd76d4	PRESENTE-INTEGRO	E2	1	apertura detenida en parser de formato: PermissionError	E2B-61642e1f2091c80919674d24e8b98c224ea1fb94059b82bf5d8eeea3e24f739e	1c96e3beff85f4829e8afa7a316a29ae13ec4643c468b12b9577ee24ba73acfe	2a44bd4dd0617cf97964e4f6f82603d1e273e8edfa89c3c23319bcc4ac3bfe70
enut2009_bd_dbf	enut2009_bd_dbf.zip	data_raw	5249774	documentación / microdato — ENUT, constructo pendiente de asignar en el cruce de Hito E	NO-APLICA	NO-APLICA	SIN-DEMANDA	manifiesto.yaml+relaciones.tsv+abrir4-variables-2026-08-08.tsv+verif3-variables-2026-08-08.tsv @ dcc4f6a..5f90757 (sin cambio en estos 4 archivos en ese rango,	[REDACTADO-PRIVACIDAD]	buscado por ambas vias -- hash (produccion-modelo.tsv, 11 filas) y ruta (11 scripts de tests/, forense/notas/2026-08-13-cep-cotejo.md SS1-2) -- ninguna empata @	ae1bbbaf12ec4eb6eb314099101257fe5d778ff65adb223219369bc9378aaafa	REP-fca9d47d257cabef0b31e69491559429e283f7efa6eb04530fcba9b308cd1aec	PRESENTE-INTEGRO	E2	297	contenedor y miembros completos; anidados hasta profundidad 4	E2B-8eda5b7ac11510b8ccf6b59aa728a03d60ed2283252235ff148b7d41bc628aa9	1c96e3beff85f4829e8afa7a316a29ae13ec4643c468b12b9577ee24ba73acfe	dbdc935588eb10736a295335418073267c36732bae3064d4dbcb1a1b702b105a
enut2009_diccionario_variables_html	enut2009_diccionario_variables.html	data_raw	32841	documentación / microdato — ENUT, constructo pendiente de asignar en el cruce de Hito E	NO-APLICA	NO-APLICA	SIN-DEMANDA	manifiesto.yaml+relaciones.tsv+abrir4-variables-2026-08-08.tsv+verif3-variables-2026-08-08.tsv @ dcc4f6a..5f90757 (sin cambio en estos 4 archivos en ese rango,	[REDACTADO-PRIVACIDAD]	buscado por ambas vias -- hash (produccion-modelo.tsv, 11 filas) y ruta (11 scripts de tests/, forense/notas/2026-08-13-cep-cotejo.md SS1-2) -- ninguna empata @	ccd1eb3e762d8b4c9075450da9ec2c8bb97496ab2794476c4a124b284591b6a8	REP-8024bcd0ca49ba94374e926f3b4fcae2cabfa3a36b0047c2485bd4650e16083e	PRESENTE-INTEGRO	E2	11	documento completo; enlaces no seguidos y scripts no ejecutados	E2B-5a27ab24fd4f10434e20b3853507d2634213f0389681875e0f4a038814370b39	1c96e3beff85f4829e8afa7a316a29ae13ec4643c468b12b9577ee24ba73acfe	5a211cc472f313dce855f75244cca63e4d45b4d5ba7a399f126461cd4e4fe3ee
enut2009_fd_pdf	enut2009_fd.pdf	data_raw	187410	documentación / microdato — ENUT, constructo pendiente de asignar en el cruce de Hito E	NO-APLICA	NO-APLICA	SIN-DEMANDA	manifiesto.yaml+relaciones.tsv+abrir4-variables-2026-08-08.tsv+verif3-variables-2026-08-08.tsv @ dcc4f6a..5f90757 (sin cambio en estos 4 archivos en ese rango,	[REDACTADO-PRIVACIDAD]	buscado por ambas vias -- hash (produccion-modelo.tsv, 11 filas) y ruta (11 scripts de tests/, forense/notas/2026-08-13-cep-cotejo.md SS1-2) -- ninguna empata @	7f51369ae14244f7ceae91a22a697b63e48abc23b55a761afd272998dcb43376	REP-7bd99a18a65d916f1285a022e648757f171676b2fedf20afef27972521d4dd7b	PRESENTE-INTEGRO	E2	1	apertura detenida en parser de formato: PermissionError	E2B-8ddebc92f9e4a87aba51cc79fd9532864aea6bd5cd0b6d86b14e9889c17b4f69	1c96e3beff85f4829e8afa7a316a29ae13ec4643c468b12b9577ee24ba73acfe	e7be77eab502868b91cd6b1797973f4ec602d808178d93bf4dc201a6328aef94
enut2014_bd_dbf	enut2014_bd_dbf.zip	data_raw	5624461	documentación / microdato — ENUT, constructo pendiente de asignar en el cruce de Hito E	NO-APLICA	NO-APLICA	SIN-DEMANDA	manifiesto.yaml+relaciones.tsv+abrir4-variables-2026-08-08.tsv+verif3-variables-2026-08-08.tsv @ dcc4f6a..5f90757 (sin cambio en estos 4 archivos en ese rango,	[REDACTADO-PRIVACIDAD]	buscado por ambas vias -- hash (produccion-modelo.tsv, 11 filas) y ruta (11 scripts de tests/, forense/notas/2026-08-13-cep-cotejo.md SS1-2) -- ninguna empata @	96edba74fa5a1ec2cdfd64e7fc973bb9b16b0948a39cefef0e4d8314f8c4f2e3	REP-2bf7d9410646635bc9e33d9d57d55d8b4a6eba7503b51808699844284955bcd6	PRESENTE-INTEGRO	E2	32	contenedor y miembros completos; anidados hasta profundidad 4	E2B-3925b95d1f049fad3154279d086ead3a926ecfbd6130b3298290146029a19711	1c96e3beff85f4829e8afa7a316a29ae13ec4643c468b12b9577ee24ba73acfe	ed35cb8d079199d5c4d7825bbad2a3744fbb1331d3b398f54e7e4c9029a6d679
enut2014_diccionario_variables_html	enut2014_diccionario_variables.html	data_raw	50445	documentación / microdato — ENUT, constructo pendiente de asignar en el cruce de Hito E	NO-APLICA	NO-APLICA	SIN-DEMANDA	manifiesto.yaml+relaciones.tsv+abrir4-variables-2026-08-08.tsv+verif3-variables-2026-08-08.tsv @ dcc4f6a..5f90757 (sin cambio en estos 4 archivos en ese rango,	[REDACTADO-PRIVACIDAD]	buscado por ambas vias -- hash (produccion-modelo.tsv, 11 filas) y ruta (11 scripts de tests/, forense/notas/2026-08-13-cep-cotejo.md SS1-2) -- ninguna empata @	db9c9f75b47a2842fd1d5f0a4d7b950ccd1036f1456eb8511d55e0f223163cda	REP-d5605d482be406e4f7a6592a368e6a3f8d83ce6e118d120f52df5a8e89c78e93	PRESENTE-INTEGRO	E2	11	documento completo; enlaces no seguidos y scripts no ejecutados	E2B-4844d03b8839c4cb8c3fa0cee8046bd09874226eeb66edcfcca5083dac4d9d82	1c96e3beff85f4829e8afa7a316a29ae13ec4643c468b12b9577ee24ba73acfe	412dc1160c661e858b1b6cf9dbba190675f22e10bffe3e474d352369c2459311
enut2014_fd_xls	enut2014_fd.xls	data_raw	334336	documentación / microdato — ENUT, constructo pendiente de asignar en el cruce de Hito E	NO-APLICA	NO-APLICA	SIN-DEMANDA	manifiesto.yaml+relaciones.tsv+abrir4-variables-2026-08-08.tsv+verif3-variables-2026-08-08.tsv @ dcc4f6a..5f90757 (sin cambio en estos 4 archivos en ese rango,	[REDACTADO-PRIVACIDAD]	buscado por ambas vias -- hash (produccion-modelo.tsv, 11 filas) y ruta (11 scripts de tests/, forense/notas/2026-08-13-cep-cotejo.md SS1-2) -- ninguna empata @	032c504c100241d592af8b3b3cc7e219f8aba9a2c81aabdfe395cc20025b3add	REP-423ef41b668e45a23854654ae97ea6c708ee732fadd1e45d160f27d8a757877d	PRESENTE-INTEGRO	E2	7	todas las hojas BIFF; celdas como excepción específica	E2B-27ce3c4ea808986d50bc9102ac7440eeece0d7f7ece7050ed69d07aa806e5bc5	1c96e3beff85f4829e8afa7a316a29ae13ec4643c468b12b9577ee24ba73acfe	ab9af792b67246cbd8105599de5af5cf2f12442577255c0080298e91a5509588
enut2019_bd_csv	enut2019_bd_csv.zip	data_raw	11086174	"documentación / microdato — ENUT. Corregido 2026-08-05 (Encargo M-2): ""constructo pendiente de asignar"" desactualizado desde el 2026-08-04 -- `TMODULO.csv` de e"	NO-APLICA	NO-APLICA	SIN-DEMANDA	manifiesto.yaml+relaciones.tsv+abrir4-variables-2026-08-08.tsv+verif3-variables-2026-08-08.tsv @ dcc4f6a..5f90757 (sin cambio en estos 4 archivos en ese rango,	[REDACTADO-PRIVACIDAD]	buscado por ambas vias -- hash (produccion-modelo.tsv, 11 filas) y ruta (11 scripts de tests/, forense/notas/2026-08-13-cep-cotejo.md SS1-2) -- ninguna empata @	d3da76a02cdd36229ab8d744a951b18b545e261959d9b8f1ca1161591bd5856d	REP-977cface03f4eaf1d3e7ae4f4c10a91b0e425161a8185715a7fd76f8b09a5ef5	PRESENTE-INTEGRO	E2	1323	contenedor y miembros completos; anidados hasta profundidad 4	E2B-f7c07613259b3e990bad1904eb4f38239ffcc0e92f29d1f1ebcec6e5b096f55c	1c96e3beff85f4829e8afa7a316a29ae13ec4643c468b12b9577ee24ba73acfe	acf594f60c0348ffc8761c53fc76d9de54e69be6f036df9c3804eb458def48c1
enut2019_der_zip	enut2019_der.zip	data_raw	83679	documentación / microdato — ENUT, constructo pendiente de asignar en el cruce de Hito E	NO-APLICA	NO-APLICA	SIN-DEMANDA	manifiesto.yaml+relaciones.tsv+abrir4-variables-2026-08-08.tsv+verif3-variables-2026-08-08.tsv @ dcc4f6a..5f90757 (sin cambio en estos 4 archivos en ese rango,	[REDACTADO-PRIVACIDAD]	buscado por ambas vias -- hash (produccion-modelo.tsv, 11 filas) y ruta (11 scripts de tests/, forense/notas/2026-08-13-cep-cotejo.md SS1-2) -- ninguna empata @	4cf74d141629ac78f2023f49cbcd6bff5fc5c8d778a1c4a346ba2cf7f0a5674d	REP-efb2ae56ba58845ebe07927cb21451c103d6c1aba8bc2677effc0e5010485d66	PRESENTE-INTEGRO	E2	2	contenedor y miembros completos; anidados hasta profundidad 4	E2B-2783212253b49880485ce06b83834523ecc4b3bd4920a9eeaa863ddf2e343706	1c96e3beff85f4829e8afa7a316a29ae13ec4643c468b12b9577ee24ba73acfe	0c490e6cf5823ab86c6311df23d7b62a530f2ca7a3b32345dc408569a835f645
enut2019_diccionario_variables_html	enut2019_diccionario_variables.html	data_raw	46879	"documentación / microdato — ENUT. Corregido 2026-08-05 (Encargo M-2): ""constructo pendiente de asignar"" desactualizado -- leída (landing RNM, estructura de tabl"	NO-APLICA	NO-APLICA	SIN-DEMANDA	manifiesto.yaml+relaciones.tsv+abrir4-variables-2026-08-08.tsv+verif3-variables-2026-08-08.tsv @ dcc4f6a..5f90757 (sin cambio en estos 4 archivos en ese rango,	[REDACTADO-PRIVACIDAD]	buscado por ambas vias -- hash (produccion-modelo.tsv, 11 filas) y ruta (11 scripts de tests/, forense/notas/2026-08-13-cep-cotejo.md SS1-2) -- ninguna empata @	3c47a1341092fdd16e1d7621fc69e744dfdd753247c3e5b24561c05e4905758a	REP-c84c6d6e7a294cbfd65055e35e68f90d0672789bf3a34f023d6593a72c0695a2	PRESENTE-INTEGRO	E2	11	documento completo; enlaces no seguidos y scripts no ejecutados	E2B-d17b6a0f16387b89446ead3dcde17ead0ad70bd690ae0457625bf05c06d40ab1	1c96e3beff85f4829e8afa7a316a29ae13ec4643c468b12b9577ee24ba73acfe	6cdc4e6ba699280820375d320635efe9923925e6e608f51176d820835ae73c7c
enut2019_fd_xlsx	enut2019_fd.xlsx	data_raw	116279	"documentación / microdato — ENUT. Corregido 2026-08-05 (Encargo M-2): ""constructo pendiente de asignar"" desactualizado -- workbook parseado íntegro (hoja por ta"	NO-APLICA	NO-APLICA	SIN-DEMANDA	manifiesto.yaml+relaciones.tsv+abrir4-variables-2026-08-08.tsv+verif3-variables-2026-08-08.tsv @ dcc4f6a..5f90757 (sin cambio en estos 4 archivos en ese rango,	[REDACTADO-PRIVACIDAD]	buscado por ambas vias -- hash (produccion-modelo.tsv, 11 filas) y ruta (11 scripts de tests/, forense/notas/2026-08-13-cep-cotejo.md SS1-2) -- ninguna empata @	8577edc8e1f2b0011fc1f668c019d175cf489179daaa6dbd03be02ad1dbaa6fa	REP-728ef875a8174a653fd27ae0caca5c2c0d9af27e628f323b9d8dce9dd923a212	PRESENTE-INTEGRO	E2	684	todas las hojas/tablas y encabezados; celdas de observación no persistidas	E2B-94d12ddfaedc1127d3ac2c80ade41c6a204789b25e4b7d40e2a725ae6f3e4bb8	1c96e3beff85f4829e8afa7a316a29ae13ec4643c468b12b9577ee24ba73acfe	2c88c347108e1b2bca80db411161e6fe48c7f1592436e2f003cd23e838aa2bd0
enut2024_bd_csv	enut2024_bd_csv.zip	data_raw	17934681	"Encargo Y — R5.2 (cuidado -> mujeres 40+), forense/notas/2026-08-04-y5-veredicto-r5-2.md. Corregido 2026-08-05 (Encargo M-2): ""constructo pendiente de asignar"""	NO-APLICA	NO-APLICA	SIN-DEMANDA	manifiesto.yaml+relaciones.tsv+abrir4-variables-2026-08-08.tsv+verif3-variables-2026-08-08.tsv @ dcc4f6a..5f90757 (sin cambio en estos 4 archivos en ese rango,	[REDACTADO-PRIVACIDAD]	buscado por ambas vias -- hash (produccion-modelo.tsv, 11 filas) y ruta (11 scripts de tests/, forense/notas/2026-08-13-cep-cotejo.md SS1-2) -- ninguna empata @	25f35626464053441b367b24001d255dbca408b5f576e614e0e09ac58691c4ba	REP-13615d5dedaa9a42970f6822bb79e354f1cd584f5dfbc8824dc793c11f44237f	PRESENTE-INTEGRO	E2	908	contenedor y miembros completos; anidados hasta profundidad 4	E2B-2e9b2ef265f00e80312f4cabc27e7a79d391eabc4d885b28731da5d5cf440808	1c96e3beff85f4829e8afa7a316a29ae13ec4643c468b12b9577ee24ba73acfe	d5e0ae4590038120b53597da57bb0afd12a0a220ab1233dc76098fe8c2112660
enut2024_der_zip	enut2024_der.zip	data_raw	227361	documentación / microdato — ENUT, constructo pendiente de asignar en el cruce de Hito E	NO-APLICA	NO-APLICA	SIN-DEMANDA	manifiesto.yaml+relaciones.tsv+abrir4-variables-2026-08-08.tsv+verif3-variables-2026-08-08.tsv @ dcc4f6a..5f90757 (sin cambio en estos 4 archivos en ese rango,	[REDACTADO-PRIVACIDAD]	buscado por ambas vias -- hash (produccion-modelo.tsv, 11 filas) y ruta (11 scripts de tests/, forense/notas/2026-08-13-cep-cotejo.md SS1-2) -- ninguna empata @	b91284dc32246423603a688ab8015a5d5336220d3fb0b26fa8e56a43fbeff247	REP-921af4014852d0e30bf245cbd9d55983becb8b337d6af10c9b393301764064b1	PRESENTE-INTEGRO	E2	2	contenedor y miembros completos; anidados hasta profundidad 4	E2B-f4fbd007285148488872512435e90cce85c21f18c937ae623214e2fc0f3ffd79	1c96e3beff85f4829e8afa7a316a29ae13ec4643c468b12b9577ee24ba73acfe	b2ee703f9ab04a40ed1731b4be32b291adfc25c9ec38379ed57d81573d46c11d
enut2024_diccionario_variables_html	enut2024_diccionario_variables.html	data_raw	40533	"documentación / microdato — ENUT. Corregido 2026-08-05 (Encargo M-2): ""constructo pendiente de asignar"" desactualizado -- leída (landing RNM, estructura de tabl"	NO-APLICA	NO-APLICA	SIN-DEMANDA	manifiesto.yaml+relaciones.tsv+abrir4-variables-2026-08-08.tsv+verif3-variables-2026-08-08.tsv @ dcc4f6a..5f90757 (sin cambio en estos 4 archivos en ese rango,	[REDACTADO-PRIVACIDAD]	buscado por ambas vias -- hash (produccion-modelo.tsv, 11 filas) y ruta (11 scripts de tests/, forense/notas/2026-08-13-cep-cotejo.md SS1-2) -- ninguna empata @	f9a2e32bc7673946b521e0bdde4b6786318a3dfbaba046d658e26e745e28b422	REP-4586b43bf18db27566ff85943fccd564db0e7b30a3abda980764fce9176351db	PRESENTE-INTEGRO	E2	11	documento completo; enlaces no seguidos y scripts no ejecutados	E2B-65fb6dfd4a7c8eb5affb44a04f2860cdc050799b931011d69b5017b75bd2fa5a	1c96e3beff85f4829e8afa7a316a29ae13ec4643c468b12b9577ee24ba73acfe	dd7557f2f16bddba4a716882d726dccc20e46dc2886ac7dce92399f8faea4a50
enut2024_fd_xlsx	enut2024_fd.xlsx	data_raw	162690	"documentación / microdato — ENUT. Corregido 2026-08-05 (Encargo M-2): ""constructo pendiente de asignar"" desactualizado -- workbook parseado íntegro (hoja por ta"	NO-APLICA	NO-APLICA	SIN-DEMANDA	manifiesto.yaml+relaciones.tsv+abrir4-variables-2026-08-08.tsv+verif3-variables-2026-08-08.tsv @ dcc4f6a..5f90757 (sin cambio en estos 4 archivos en ese rango,	[REDACTADO-PRIVACIDAD]	buscado por ambas vias -- hash (produccion-modelo.tsv, 11 filas) y ruta (11 scripts de tests/, forense/notas/2026-08-13-cep-cotejo.md SS1-2) -- ninguna empata @	4a7dddf1bc0612f5e72694b146848804edc47d8f00c86e7d34d1cfb8f5ec3f58	REP-d6184a1bb7cb53e7a8b4704e1082945a8a102ffa78a2a2c4d25b1c7235cc8f18	PRESENTE-INTEGRO	E2	920	todas las hojas/tablas y encabezados; celdas de observación no persistidas	E2B-b8cc18a61677ba3352856cc334aff52bb9c248a07069e2f650c0ce476e1a83ce	1c96e3beff85f4829e8afa7a316a29ae13ec4643c468b12b9577ee24ba73acfe	13cbad9d5918c72a631c62dd9ba4b1d1099012020e2adff25b9b4372868f9192
envipe2018_csv	envipe2018_csv.zip	data_raw	24337809	candidata para R7.2 (delito sin seguro -> no denuncia, ENVIPE desagregada por delito x cobertura) -- serie histórica ENVIPE	NO-APLICA	NO-APLICA	SIN-DEMANDA	manifiesto.yaml+relaciones.tsv+abrir4-variables-2026-08-08.tsv+verif3-variables-2026-08-08.tsv @ dcc4f6a..5f90757 (sin cambio en estos 4 archivos en ese rango,	[REDACTADO-PRIVACIDAD]	via ruta: cita literal en tests/hitoD_r7_2_ocho_olas.py (ver forense/notas/2026-08-13-cep-cotejo.md SS2) x campo archivo de data/manifiesto.yaml @ fd788a9, 13/a	aa279993bfeaaa0bf0d821e964887140ef444f6e695e4e1767f6512e4d2c4723	REP-43139131c6a9c5d1c94811a9291730c0b1200674994c814bf61eed2e26ee4ac9	PRESENTE-INTEGRO	E2	4435	contenedor y miembros completos; anidados hasta profundidad 4	E2B-676e02854d5c1f2b771530fdaf83f7e9893abd523712d285a84b265c808f6fbe	1c96e3beff85f4829e8afa7a316a29ae13ec4643c468b12b9577ee24ba73acfe	849adfb5b70ad7fc2c500107993d98a44b27a945cc54c511f21ff5ebc511d7c1
envipe2018_cuest_modulo_pdf	cuest_modulo_envipe2018.pdf	data_raw	1427717	documentación -- mapeo de reactivos a los seis componentes de confianza_institucional	NO-APLICA	NO-APLICA	SIN-DEMANDA	manifiesto.yaml+relaciones.tsv+abrir4-variables-2026-08-08.tsv+verif3-variables-2026-08-08.tsv @ dcc4f6a..5f90757 (sin cambio en estos 4 archivos en ese rango,	[REDACTADO-PRIVACIDAD]	buscado por ambas vias -- hash (produccion-modelo.tsv, 11 filas) y ruta (11 scripts de tests/, forense/notas/2026-08-13-cep-cotejo.md SS1-2) -- ninguna empata @	547115b60aeaf6b52deb1bc51cd3d04bc451f7485c07466396a8f5c0c96ff5d4	REP-74cbc9986b2809e3f12ae91a7a81b0db2b5f7deee551eddfa9a0f6d609520c71	PRESENTE-INTEGRO	E2	1	apertura detenida en parser de formato: PermissionError	E2B-a211b48e8a2d96579b082b3bc9e2122fb4fc6c165739f680fb929bbeb7bd9ad9	1c96e3beff85f4829e8afa7a316a29ae13ec4643c468b12b9577ee24ba73acfe	1b5bb3353de993f8668d78a9850548d115203cc1ec8f5768d5d5c3dbc1609847
envipe2018_cuest_principal_pdf	cuest_principal_envipe2018.pdf	data_raw	1601730	documentación -- mapeo de reactivos a los seis componentes de confianza_institucional	NO-APLICA	NO-APLICA	SIN-DEMANDA	manifiesto.yaml+relaciones.tsv+abrir4-variables-2026-08-08.tsv+verif3-variables-2026-08-08.tsv @ dcc4f6a..5f90757 (sin cambio en estos 4 archivos en ese rango,	[REDACTADO-PRIVACIDAD]	buscado por ambas vias -- hash (produccion-modelo.tsv, 11 filas) y ruta (11 scripts de tests/, forense/notas/2026-08-13-cep-cotejo.md SS1-2) -- ninguna empata @	904549846a81dd605e60c5ec99dd42bdf2308b325ba4eb30a94bf06a9a9b3fb7	REP-b6206b7ff67454aa36ebe6584f1ea3d4972d4b0d98a016efbf557aa82d103739	PRESENTE-INTEGRO	E2	1	apertura detenida en parser de formato: PermissionError	E2B-e093cd94ecf691d16aa94186d88c349d82addd9e5e01f1370a29f659bc094fa3	1c96e3beff85f4829e8afa7a316a29ae13ec4643c468b12b9577ee24ba73acfe	2de0dcddaba371dc8f2bd1e22cf94ebba197e669bf6b451dc9954b67f1a244d4
envipe2018_fd_pdf	fd_envipe2018.pdf	data_raw	1901994	documentación -- mapeo de reactivos a los seis componentes de confianza_institucional	NO-APLICA	NO-APLICA	SIN-DEMANDA	manifiesto.yaml+relaciones.tsv+abrir4-variables-2026-08-08.tsv+verif3-variables-2026-08-08.tsv @ dcc4f6a..5f90757 (sin cambio en estos 4 archivos en ese rango,	[REDACTADO-PRIVACIDAD]	buscado por ambas vias -- hash (produccion-modelo.tsv, 11 filas) y ruta (11 scripts de tests/, forense/notas/2026-08-13-cep-cotejo.md SS1-2) -- ninguna empata @	30f78e99e5459cf4e6a0425801c7814990b7957dfc52e990a72920219a6a1665	REP-3958f75cc02c211b46ff85b79b976c930cd817fb3af1a8250e5373e0aaa7c21e	PRESENTE-INTEGRO	E2	1	apertura detenida en parser de formato: PermissionError	E2B-4dbe17d2361bb769db8187cde760224f8955b2676d23202feaf795a54183b411	1c96e3beff85f4829e8afa7a316a29ae13ec4643c468b12b9577ee24ba73acfe	2b6250e92d8bf8c1ca634a929012eacf11a1da591d49d8615439ac745f7c3dba
envipe2019_csv	envipe2019_csv.zip	data_raw	19146940	candidata para R7.2 (delito sin seguro -> no denuncia, ENVIPE desagregada por delito x cobertura) -- serie histórica ENVIPE	NO-APLICA	NO-APLICA	SIN-DEMANDA	manifiesto.yaml+relaciones.tsv+abrir4-variables-2026-08-08.tsv+verif3-variables-2026-08-08.tsv @ dcc4f6a..5f90757 (sin cambio en estos 4 archivos en ese rango,	[REDACTADO-PRIVACIDAD]	via ruta: cita literal en tests/hitoD_r7_2_ocho_olas.py (ver forense/notas/2026-08-13-cep-cotejo.md SS2) x campo archivo de data/manifiesto.yaml @ fd788a9, 13/a	24bb83987f2ba57912a3f55c8ff3bb48e5f39f2292cd167997312c1fd77207f3	REP-48edf897a0acc2d4cb0e4a3a2a5a0e5c53160832d13beb92cdf55fa4a940a09a	PRESENTE-INTEGRO	E2	4663	contenedor y miembros completos; anidados hasta profundidad 4	E2B-fbe2c9c07c18af0dca7f9de875b2ca3465fd510c0cc3f971aefdca7ff2925e1d	1c96e3beff85f4829e8afa7a316a29ae13ec4643c468b12b9577ee24ba73acfe	f92a981086e6273dc74ca9bb1450cb5cf9f35b1df14f574ad3deb07a210ccc48
envipe2019_cuest_modulo_pdf	cuest_modulo_envipe2019.pdf	data_raw	936504	documentación -- mapeo de reactivos a los seis componentes de confianza_institucional	NO-APLICA	NO-APLICA	SIN-DEMANDA	manifiesto.yaml+relaciones.tsv+abrir4-variables-2026-08-08.tsv+verif3-variables-2026-08-08.tsv @ dcc4f6a..5f90757 (sin cambio en estos 4 archivos en ese rango,	[REDACTADO-PRIVACIDAD]	buscado por ambas vias -- hash (produccion-modelo.tsv, 11 filas) y ruta (11 scripts de tests/, forense/notas/2026-08-13-cep-cotejo.md SS1-2) -- ninguna empata @	95f78fc6f788dfe01abc34d7af7ff06446dd00e5a6c0fd62c63d0c942cf3fb42	REP-eaf9564783429cbf9e22b8a0a16fb33e6e7b825f2af055b091f47f6c2b33fc21	PRESENTE-INTEGRO	E2	1	apertura detenida en parser de formato: PermissionError	E2B-c0338bf250e91f4619e29f94b932673fccc2711c16d21441859a5fb1ec3aaa3d	1c96e3beff85f4829e8afa7a316a29ae13ec4643c468b12b9577ee24ba73acfe	43f5acd4f7b946b9ba067e8ede7d635ef158040ca982d6d9eee93d09b94d6dde
envipe2019_cuest_principal_pdf	cuest_principal_envipe2019.pdf	data_raw	1132943	documentación -- mapeo de reactivos a los seis componentes de confianza_institucional	NO-APLICA	NO-APLICA	SIN-DEMANDA	manifiesto.yaml+relaciones.tsv+abrir4-variables-2026-08-08.tsv+verif3-variables-2026-08-08.tsv @ dcc4f6a..5f90757 (sin cambio en estos 4 archivos en ese rango,	[REDACTADO-PRIVACIDAD]	buscado por ambas vias -- hash (produccion-modelo.tsv, 11 filas) y ruta (11 scripts de tests/, forense/notas/2026-08-13-cep-cotejo.md SS1-2) -- ninguna empata @	12abd4afc9e3f8df87a4011671aa25c0650c84923cc5733a9df9236489239938	REP-1999655665d78eab479c45558d27cf0b122b5a55629149a6827e80c46d8cef43	PRESENTE-INTEGRO	E2	1	apertura detenida en parser de formato: PermissionError	E2B-e13c74bf7cd117c3e1ba3cae3729c109d75ed24f18b1ed39a98a928e86dc9436	1c96e3beff85f4829e8afa7a316a29ae13ec4643c468b12b9577ee24ba73acfe	72820c5060045b78ef9dccb95f95c0db2b32a5eac0d2fe6a7c2f9b56c5a392ff
envipe2019_fd_pdf	fd_envipe2019.pdf	data_raw	1918379	documentación -- mapeo de reactivos a los seis componentes de confianza_institucional	NO-APLICA	NO-APLICA	SIN-DEMANDA	manifiesto.yaml+relaciones.tsv+abrir4-variables-2026-08-08.tsv+verif3-variables-2026-08-08.tsv @ dcc4f6a..5f90757 (sin cambio en estos 4 archivos en ese rango,	[REDACTADO-PRIVACIDAD]	buscado por ambas vias -- hash (produccion-modelo.tsv, 11 filas) y ruta (11 scripts de tests/, forense/notas/2026-08-13-cep-cotejo.md SS1-2) -- ninguna empata @	47d58f6c38b705121e76895254a861448c728b8b25fff9c0ca1aca4ca34113d7	REP-d515134e159710dd28783a2658074318123c8904e101c0a6c77453e88f81794f	PRESENTE-INTEGRO	E2	1	apertura detenida en parser de formato: PermissionError	E2B-8fbe5e2d35a96988a756d224f92bed0fcf5fcbb81a2b913d461f22e4f8601517	1c96e3beff85f4829e8afa7a316a29ae13ec4643c468b12b9577ee24ba73acfe	e33f8007059916348c8713598d9b2e0cd48bc551575f9480e74be4a1204cd8de
envipe2020_csv	envipe2020_csv.zip	data_raw	20253728	candidata para R7.2 (delito sin seguro -> no denuncia, ENVIPE desagregada por delito x cobertura) -- serie histórica ENVIPE	NO-APLICA	NO-APLICA	SIN-DEMANDA	manifiesto.yaml+relaciones.tsv+abrir4-variables-2026-08-08.tsv+verif3-variables-2026-08-08.tsv @ dcc4f6a..5f90757 (sin cambio en estos 4 archivos en ese rango,	[REDACTADO-PRIVACIDAD]	via ruta: cita literal en tests/hitoD_r7_2_ocho_olas.py (ver forense/notas/2026-08-13-cep-cotejo.md SS2) x campo archivo de data/manifiesto.yaml @ fd788a9, 13/a	26f468da631bfdb94994a9e5051fa973468608f0da56612b6897df16a2797b9d	REP-464f6e33f91fc2a79056c311007b6f872e64715d8845bc5301cee0e77ad6aba9	PRESENTE-INTEGRO	E2	4898	contenedor y miembros completos; anidados hasta profundidad 4	E2B-d64e86cd6ff5d5f13e05ba9f4b485fa98d228fdadbbcc65ef6186dd96cee774b	1c96e3beff85f4829e8afa7a316a29ae13ec4643c468b12b9577ee24ba73acfe	c8c1c583fdda6bc955df21eda0755909a6b9925f53103088c12af7a0844f512a
envipe2020_cuest_modulo_pdf	cuest_modulo_envipe2020.pdf	data_raw	904277	documentación -- mapeo de reactivos a los seis componentes de confianza_institucional	NO-APLICA	NO-APLICA	SIN-DEMANDA	manifiesto.yaml+relaciones.tsv+abrir4-variables-2026-08-08.tsv+verif3-variables-2026-08-08.tsv @ dcc4f6a..5f90757 (sin cambio en estos 4 archivos en ese rango,	[REDACTADO-PRIVACIDAD]	buscado por ambas vias -- hash (produccion-modelo.tsv, 11 filas) y ruta (11 scripts de tests/, forense/notas/2026-08-13-cep-cotejo.md SS1-2) -- ninguna empata @	c2453c14a5ae81a2fb96c4c979df334d3360595230484cf469192a8fa78545ef	REP-5a62c0f97644ac65ea3cdb1d204583cbdb31cd530cbfe8a3ccfff79fee07e19b	PRESENTE-INTEGRO	E2	1	apertura detenida en parser de formato: PermissionError	E2B-6a83cdfe097075977456ac98ad46f6f9946286c4e1db402314420e1e8af8c0a4	1c96e3beff85f4829e8afa7a316a29ae13ec4643c468b12b9577ee24ba73acfe	bf5aa098108d2e5ab9154fd118c5b8fbf6f2478f537060eb0c4d6986678a68b2
envipe2020_cuest_principal_pdf	cuest_principal_envipe2020.pdf	data_raw	1093270	documentación -- mapeo de reactivos a los seis componentes de confianza_institucional	NO-APLICA	NO-APLICA	SIN-DEMANDA	manifiesto.yaml+relaciones.tsv+abrir4-variables-2026-08-08.tsv+verif3-variables-2026-08-08.tsv @ dcc4f6a..5f90757 (sin cambio en estos 4 archivos en ese rango,	[REDACTADO-PRIVACIDAD]	buscado por ambas vias -- hash (produccion-modelo.tsv, 11 filas) y ruta (11 scripts de tests/, forense/notas/2026-08-13-cep-cotejo.md SS1-2) -- ninguna empata @	f91885ce93df070f928f40c06b8d6a5580c82eec05b026688c6d4e5548969d1b	REP-7beb6b74ef72801b8cf70e894450e9566bd528f260043cb71fb7c9c82c279ac7	PRESENTE-INTEGRO	E2	1	apertura detenida en parser de formato: PermissionError	E2B-a26e0a825a8de4fe429e00470fe50b87b4ad110a032b7136da82ed00211598bc	1c96e3beff85f4829e8afa7a316a29ae13ec4643c468b12b9577ee24ba73acfe	42945efdd4933f0329bda0f8a5ce9b50b0e55bf053d77bc0acc69fc5686c4f25
envipe2020_fd_pdf	fd_envipe2020.pdf	data_raw	1969912	documentación -- mapeo de reactivos a los seis componentes de confianza_institucional	NO-APLICA	NO-APLICA	SIN-DEMANDA	manifiesto.yaml+relaciones.tsv+abrir4-variables-2026-08-08.tsv+verif3-variables-2026-08-08.tsv @ dcc4f6a..5f90757 (sin cambio en estos 4 archivos en ese rango,	[REDACTADO-PRIVACIDAD]	buscado por ambas vias -- hash (produccion-modelo.tsv, 11 filas) y ruta (11 scripts de tests/, forense/notas/2026-08-13-cep-cotejo.md SS1-2) -- ninguna empata @	94bcf0b012b9cd3eb5387b2d5605b809269579b5e04c492ccea025e0cbbb0a64	REP-3c20ee60fe010f0048394c4d8ed3b3f9d7bc834a0c8d412f30585e8c62e110ab	PRESENTE-INTEGRO	E2	1	apertura detenida en parser de formato: PermissionError	E2B-4e33863523d50027505da7c177ef5c0562cb53695a5f59de2ff07b976fa50379	1c96e3beff85f4829e8afa7a316a29ae13ec4643c468b12b9577ee24ba73acfe	432621eb7384c6ecdccc3b140ea8107ee4e1174d08788c26ed3f01999470b282
envipe2021_csv	envipe2021_csv.zip	data_raw	22334244	candidata para R7.2 (delito sin seguro -> no denuncia, ENVIPE desagregada por delito x cobertura) -- serie histórica ENVIPE	NO-APLICA	NO-APLICA	SIN-DEMANDA	manifiesto.yaml+relaciones.tsv+abrir4-variables-2026-08-08.tsv+verif3-variables-2026-08-08.tsv @ dcc4f6a..5f90757 (sin cambio en estos 4 archivos en ese rango,	[REDACTADO-PRIVACIDAD]	via ruta: cita literal en tests/hitoD_r7_2_ocho_olas.py (ver forense/notas/2026-08-13-cep-cotejo.md SS2) x campo archivo de data/manifiesto.yaml @ fd788a9, 13/a	88153c67ff3666be511dab3f3b483226a0af9f0e8683bd8dbfba8d616ddbfdd1	REP-bdf72af0eb4f53074a310face9a4a284bd6bc95d5c73446d42ac4c9bce176530	PRESENTE-INTEGRO	E2	4596	contenedor y miembros completos; anidados hasta profundidad 4	E2B-04cd7efb2edfd324f327dfdcb52accc87f9ad80537509aeb9606de251738543e	1c96e3beff85f4829e8afa7a316a29ae13ec4643c468b12b9577ee24ba73acfe	d5f66e58f57ba4107a9542c2f0c8ce487b27f886b2518e42e414be87440f0362
envipe2021_cuest_modulo_pdf	cuest_modulo_envipe2021.pdf	data_raw	911976	documentación -- mapeo de reactivos a los seis componentes de confianza_institucional	NO-APLICA	NO-APLICA	SIN-DEMANDA	manifiesto.yaml+relaciones.tsv+abrir4-variables-2026-08-08.tsv+verif3-variables-2026-08-08.tsv @ dcc4f6a..5f90757 (sin cambio en estos 4 archivos en ese rango,	[REDACTADO-PRIVACIDAD]	buscado por ambas vias -- hash (produccion-modelo.tsv, 11 filas) y ruta (11 scripts de tests/, forense/notas/2026-08-13-cep-cotejo.md SS1-2) -- ninguna empata @	390ef00ec15cabb9dcdf86d9fa79e108cea4ef1a2e8fdfcf4f4c409794636e0c	REP-0d797817d75dbcec87357687b294ae6016d66bda63a3e89961a7a36b7ed494d8	PRESENTE-INTEGRO	E2	1	apertura detenida en parser de formato: PermissionError	E2B-1e59332a5c5cf5bc46706b128d797b85691ac36937e394b057b59a0086343680	1c96e3beff85f4829e8afa7a316a29ae13ec4643c468b12b9577ee24ba73acfe	33cc43dfb054c4e8096dc6e1972fbb6085c699d53fda96785adb861e7eb8bbe0
envipe2021_cuest_principal_pdf	cuest_principal_envipe2021.pdf	data_raw	1121593	documentación -- mapeo de reactivos a los seis componentes de confianza_institucional	NO-APLICA	NO-APLICA	SIN-DEMANDA	manifiesto.yaml+relaciones.tsv+abrir4-variables-2026-08-08.tsv+verif3-variables-2026-08-08.tsv @ dcc4f6a..5f90757 (sin cambio en estos 4 archivos en ese rango,	[REDACTADO-PRIVACIDAD]	buscado por ambas vias -- hash (produccion-modelo.tsv, 11 filas) y ruta (11 scripts de tests/, forense/notas/2026-08-13-cep-cotejo.md SS1-2) -- ninguna empata @	7de26a9906a66519210c7082a737fce30ef56b5b482629e8a725e9699a256fa9	REP-825bed11d6c33d903cf99aad11203985f41553245cd7609e9a99b5503d4cea2d	PRESENTE-INTEGRO	E2	1	apertura detenida en parser de formato: PermissionError	E2B-1096156fe60d337dc9d1fcb6b7dfc83f03e485c232160cd853fb8786a4c38096	1c96e3beff85f4829e8afa7a316a29ae13ec4643c468b12b9577ee24ba73acfe	d4e8a6f18183f602a7fe19685b9a35ebcda4ead9552f1e17b02a827ad0185996
envipe2021_fd_pdf	fd_envipe2021.pdf	data_raw	1758289	documentación -- mapeo de reactivos a los seis componentes de confianza_institucional	NO-APLICA	NO-APLICA	SIN-DEMANDA	manifiesto.yaml+relaciones.tsv+abrir4-variables-2026-08-08.tsv+verif3-variables-2026-08-08.tsv @ dcc4f6a..5f90757 (sin cambio en estos 4 archivos en ese rango,	[REDACTADO-PRIVACIDAD]	buscado por ambas vias -- hash (produccion-modelo.tsv, 11 filas) y ruta (11 scripts de tests/, forense/notas/2026-08-13-cep-cotejo.md SS1-2) -- ninguna empata @	d85775241d6f427d6dd6643bce973ed0bdbfca4e0b0d6a9b02265e8327179945	REP-3cdbc7591ff41926cedf75f2824e495ec8787d31142af35b79de02c22491b61b	PRESENTE-INTEGRO	E2	1	apertura detenida en parser de formato: PermissionError	E2B-6c2caab2b5e0c3f14c11ef52699fae911960da04107c622aae122330bc8f72cd	1c96e3beff85f4829e8afa7a316a29ae13ec4643c468b12b9577ee24ba73acfe	0c0d032302dc62ebf0d40ad7fa20b22b80907b485bae0dbe9ec8aa3359190daa
envipe2022_csv	envipe2022_csv.zip	data_raw	18858955	candidata para R7.2 (delito sin seguro -> no denuncia, ENVIPE desagregada por delito x cobertura) -- serie histórica ENVIPE	NO-APLICA	NO-APLICA	SIN-DEMANDA	manifiesto.yaml+relaciones.tsv+abrir4-variables-2026-08-08.tsv+verif3-variables-2026-08-08.tsv @ dcc4f6a..5f90757 (sin cambio en estos 4 archivos en ese rango,	[REDACTADO-PRIVACIDAD]	via ruta: cita literal en tests/hitoD_r7_2_ocho_olas.py (ver forense/notas/2026-08-13-cep-cotejo.md SS2) x campo archivo de data/manifiesto.yaml @ fd788a9, 13/a	3a6e0f3a05dd4120efe8072de519402a39f4ed1690593433a68bb2ee137e77bb	REP-983a4cd3739c248c411f176a623a0d46b716ccf966dbb42761fcc6f3ba7b6240	PRESENTE-INTEGRO	E2	4604	contenedor y miembros completos; anidados hasta profundidad 4	E2B-7e3d9f0e50cf4c932fad47199870bb9042bfef4e23377b50a0c5df57f9b563dc	1c96e3beff85f4829e8afa7a316a29ae13ec4643c468b12b9577ee24ba73acfe	40ed24d90c39491e7ead080a361f62df8bfc7c1e20624f2fa839b9298658bca6
envipe2022_cuest_modulo_pdf	cuest_modulo_envipe2022.pdf	data_raw	948921	documentación -- mapeo de reactivos a los seis componentes de confianza_institucional	NO-APLICA	NO-APLICA	SIN-DEMANDA	manifiesto.yaml+relaciones.tsv+abrir4-variables-2026-08-08.tsv+verif3-variables-2026-08-08.tsv @ dcc4f6a..5f90757 (sin cambio en estos 4 archivos en ese rango,	[REDACTADO-PRIVACIDAD]	buscado por ambas vias -- hash (produccion-modelo.tsv, 11 filas) y ruta (11 scripts de tests/, forense/notas/2026-08-13-cep-cotejo.md SS1-2) -- ninguna empata @	ff0d161dccc342716ee85a1b7ffa395e811ca400bbe2cfb72c005191bf8e041e	REP-9375eb10c2b6f61a9b14c2a8552ddf731f38cc3a782364efdd711809b6e98d04	PRESENTE-INTEGRO	E2	1	apertura detenida en parser de formato: PermissionError	E2B-dbfc50e644bb2ba23e801e08cf2a195a6c574650d9a77b8200d7c7c18264b599	1c96e3beff85f4829e8afa7a316a29ae13ec4643c468b12b9577ee24ba73acfe	3b0a2e6c5d02d0543e0bd8144ee788bf121d683936e6cb1ec3965e9f0dd49ef6
envipe2022_cuest_principal_pdf	cuest_principal_envipe2022.pdf	data_raw	1263461	documentación -- mapeo de reactivos a los seis componentes de confianza_institucional	NO-APLICA	NO-APLICA	SIN-DEMANDA	manifiesto.yaml+relaciones.tsv+abrir4-variables-2026-08-08.tsv+verif3-variables-2026-08-08.tsv @ dcc4f6a..5f90757 (sin cambio en estos 4 archivos en ese rango,	[REDACTADO-PRIVACIDAD]	buscado por ambas vias -- hash (produccion-modelo.tsv, 11 filas) y ruta (11 scripts de tests/, forense/notas/2026-08-13-cep-cotejo.md SS1-2) -- ninguna empata @	5028852294be700e614ed1de57e4511ca6a1bdbb1ea8882e09421889b0bd608c	REP-e70991ac72b394ce5928532fcb1ccd3be59da751ce17d32e77c24cf746d48a4c	PRESENTE-INTEGRO	E2	1	apertura detenida en parser de formato: PermissionError	E2B-3bec88b35e99fbc1302d967c42777264e8ba7272e825bc58e6fabcb565e18fa4	1c96e3beff85f4829e8afa7a316a29ae13ec4643c468b12b9577ee24ba73acfe	14188c18fa6d2a50335dd12243b16f81ff2ee659333745efe63de18d225030c2
envipe2022_fd_pdf	fd_envipe2022.pdf	data_raw	2910338	documentación -- mapeo de reactivos a los seis componentes de confianza_institucional	NO-APLICA	NO-APLICA	SIN-DEMANDA	manifiesto.yaml+relaciones.tsv+abrir4-variables-2026-08-08.tsv+verif3-variables-2026-08-08.tsv @ dcc4f6a..5f90757 (sin cambio en estos 4 archivos en ese rango,	[REDACTADO-PRIVACIDAD]	buscado por ambas vias -- hash (produccion-modelo.tsv, 11 filas) y ruta (11 scripts de tests/, forense/notas/2026-08-13-cep-cotejo.md SS1-2) -- ninguna empata @	8082959fa01777467f5ff239af67ef24e3539f9c82b6f4919b437c4c78f0b651	REP-bdc6edb49b06db17c53325c044fcad0086b640d3284eb72cc9e3871106d19673	PRESENTE-INTEGRO	E2	1	apertura detenida en parser de formato: PermissionError	E2B-9c218a6362c1c8fb72272188060fa2147a5395ce4d55f1ecbcc7837c9df5edd7	1c96e3beff85f4829e8afa7a316a29ae13ec4643c468b12b9577ee24ba73acfe	6a0b8ffafd62e5931c98f5caeeaecfa6403c039c2ae98cc6e38dde9f64021b77
envipe2023_csv	envipe2023_csv.zip	data_raw	17728995	candidata para R7.2 (delito sin seguro -> no denuncia, ENVIPE desagregada por delito x cobertura) -- serie histórica ENVIPE	NO-APLICA	NO-APLICA	SIN-DEMANDA	manifiesto.yaml+relaciones.tsv+abrir4-variables-2026-08-08.tsv+verif3-variables-2026-08-08.tsv @ dcc4f6a..5f90757 (sin cambio en estos 4 archivos en ese rango,	[REDACTADO-PRIVACIDAD]	via ruta: cita literal en tests/hitoD_r7_2_ocho_olas.py (ver forense/notas/2026-08-13-cep-cotejo.md SS2) x campo archivo de data/manifiesto.yaml @ fd788a9, 13/a	0dcc00a7fc37b79806f1bf1b85b12cd090b5ecc8e76983a3a1a861f2ef3fb404	REP-e460dbb403ceb08fdbc7f1c52e4c3608deef2cbd040d328cd8002750ebf5f0b2	PRESENTE-INTEGRO	E2	4857	contenedor y miembros completos; anidados hasta profundidad 4	E2B-1cceba85a80d94f476f29ceed03bb886cc520c193d8ec482ce8eec2f84548370	1c96e3beff85f4829e8afa7a316a29ae13ec4643c468b12b9577ee24ba73acfe	c84024c3a21d78929fcada2e4a44a7680ab151b5de548ed4764b90d6265ac110
envipe2023_cuest_modulo_pdf	cuest_modulo_envipe2023.pdf	data_raw	947099	documentación -- mapeo de reactivos a los seis componentes de confianza_institucional	NO-APLICA	NO-APLICA	SIN-DEMANDA	manifiesto.yaml+relaciones.tsv+abrir4-variables-2026-08-08.tsv+verif3-variables-2026-08-08.tsv @ dcc4f6a..5f90757 (sin cambio en estos 4 archivos en ese rango,	[REDACTADO-PRIVACIDAD]	buscado por ambas vias -- hash (produccion-modelo.tsv, 11 filas) y ruta (11 scripts de tests/, forense/notas/2026-08-13-cep-cotejo.md SS1-2) -- ninguna empata @	98d3c632cc038c4a9a1ff129efb63f6d1ac786f46e4886aaaf5aff92b4cdf5b4	REP-b213ba07bb4e0524e389bd28aa75c3dfb28d2e9785268165ff5c388cb98ed7fb	PRESENTE-INTEGRO	E2	1	apertura detenida en parser de formato: PermissionError	E2B-512b737d3d27d33df2aaa6fe6be8441792bdcd3d2bc26af44a8973d7014f5ddf	1c96e3beff85f4829e8afa7a316a29ae13ec4643c468b12b9577ee24ba73acfe	b37bc35ff1ee6e1a62d1636fb123f1b9900876fb77904e524d4342a8f714ff4f
envipe2023_cuest_principal_pdf	cuest_principal_envipe2023.pdf	data_raw	1257728	documentación -- mapeo de reactivos a los seis componentes de confianza_institucional	NO-APLICA	NO-APLICA	SIN-DEMANDA	manifiesto.yaml+relaciones.tsv+abrir4-variables-2026-08-08.tsv+verif3-variables-2026-08-08.tsv @ dcc4f6a..5f90757 (sin cambio en estos 4 archivos en ese rango,	[REDACTADO-PRIVACIDAD]	buscado por ambas vias -- hash (produccion-modelo.tsv, 11 filas) y ruta (11 scripts de tests/, forense/notas/2026-08-13-cep-cotejo.md SS1-2) -- ninguna empata @	976dee498f909e1c6e2d764359822749adf94cc3d909bbfa5ade509cfe863b62	REP-cf4918b66af512668ea933bdcf229e05a7f4011ce323b9372c6909ea70a2f946	PRESENTE-INTEGRO	E2	1	apertura detenida en parser de formato: PermissionError	E2B-976793f5e31e23bc650a8dbad25dc78802f2c6fe306b81bd69072c737969ed36	1c96e3beff85f4829e8afa7a316a29ae13ec4643c468b12b9577ee24ba73acfe	3c1f03595d0b0b04e3f32dcc8e252f400e858a594bc430f6d62f131bbc1756aa
envipe2023_fd_pdf	fd_envipe2023.pdf	data_raw	2980669	documentación -- mapeo de reactivos a los seis componentes de confianza_institucional	NO-APLICA	NO-APLICA	SIN-DEMANDA	manifiesto.yaml+relaciones.tsv+abrir4-variables-2026-08-08.tsv+verif3-variables-2026-08-08.tsv @ dcc4f6a..5f90757 (sin cambio en estos 4 archivos en ese rango,	[REDACTADO-PRIVACIDAD]	buscado por ambas vias -- hash (produccion-modelo.tsv, 11 filas) y ruta (11 scripts de tests/, forense/notas/2026-08-13-cep-cotejo.md SS1-2) -- ninguna empata @	743c260e89a6c5d6f2fcc6eac0f1884c40bc6b437164b34e13ba6fe1caf1be63	REP-84c4e8b8e0126bbc36853ffc13effe0bc449576e5a6a19d77b847a7abd293589	PRESENTE-INTEGRO	E2	1	apertura detenida en parser de formato: PermissionError	E2B-4a62741716f4bf9b8aea92a87281c4e7cf1c0e00ebf9eaf715da2d6c35d711e4	1c96e3beff85f4829e8afa7a316a29ae13ec4643c468b12b9577ee24ba73acfe	0051c6172ee6fbe1699f4a2e8c9a643ee0eb9636c7913d2b00c719253a581cab
envipe2024_csv	envipe2024_csv.zip	data_raw	17837779	candidata para R7.2 (delito sin seguro -> no denuncia, ENVIPE desagregada por delito x cobertura) -- serie histórica ENVIPE	NO-APLICA	NO-APLICA	SIN-DEMANDA	manifiesto.yaml+relaciones.tsv+abrir4-variables-2026-08-08.tsv+verif3-variables-2026-08-08.tsv @ dcc4f6a..5f90757 (sin cambio en estos 4 archivos en ese rango,	[REDACTADO-PRIVACIDAD]	via ruta: cita literal en tests/hitoD_r7_2_ocho_olas.py (ver forense/notas/2026-08-13-cep-cotejo.md SS2) x campo archivo de data/manifiesto.yaml @ fd788a9, 13/a	90776b2fab6e3666dad1cb5f5f3eb7d6a7699dbfefd4f8f04f07fb01e61a6fb2	REP-15a0ea2e77016aa8e1cabeb7b230a7434a8b1f33e2f52b7de4e883bbe9975bd2	PRESENTE-INTEGRO	E2	5298	contenedor y miembros completos; anidados hasta profundidad 4	E2B-26f6a39fa30c063d463e2ded93e2c4820af09f0cc630aeeaeeeabcc2272bbd66	1c96e3beff85f4829e8afa7a316a29ae13ec4643c468b12b9577ee24ba73acfe	cf8a4647d0c347b993697ff0e9daf1d46b5e99ada312314dc7724c18e6212d0a
envipe2024_cuest_modulo_pdf	cuest_modulo_envipe2024.pdf	data_raw	933605	documentación -- mapeo de reactivos a los seis componentes de confianza_institucional	NO-APLICA	NO-APLICA	SIN-DEMANDA	manifiesto.yaml+relaciones.tsv+abrir4-variables-2026-08-08.tsv+verif3-variables-2026-08-08.tsv @ dcc4f6a..5f90757 (sin cambio en estos 4 archivos en ese rango,	[REDACTADO-PRIVACIDAD]	buscado por ambas vias -- hash (produccion-modelo.tsv, 11 filas) y ruta (11 scripts de tests/, forense/notas/2026-08-13-cep-cotejo.md SS1-2) -- ninguna empata @	7628127d5e9bd4424737f7a8cb60bbded28e21c2242d1f412c86367e03836e28	REP-cc2e6cbbf6f70e43188ba892b869f1beaf65ee8cbf46bddbb6f4c45513ea19b7	PRESENTE-INTEGRO	E2	1	apertura detenida en parser de formato: PermissionError	E2B-9a4073630daee04825cd1ca477c53e6d5ba40ed2b95db7e2b1bc6faff0442063	1c96e3beff85f4829e8afa7a316a29ae13ec4643c468b12b9577ee24ba73acfe	b28c56d530de69894fc8647bca435b1711137e0325aa05e5d7dd00b85d8de1be
envipe2024_cuest_principal_pdf	cuest_principal_envipe2024.pdf	data_raw	1308710	documentación -- mapeo de reactivos a los seis componentes de confianza_institucional	NO-APLICA	NO-APLICA	SIN-DEMANDA	manifiesto.yaml+relaciones.tsv+abrir4-variables-2026-08-08.tsv+verif3-variables-2026-08-08.tsv @ dcc4f6a..5f90757 (sin cambio en estos 4 archivos en ese rango,	[REDACTADO-PRIVACIDAD]	buscado por ambas vias -- hash (produccion-modelo.tsv, 11 filas) y ruta (11 scripts de tests/, forense/notas/2026-08-13-cep-cotejo.md SS1-2) -- ninguna empata @	39a0d899fdef7fb6a5ffce617ed59754055e6cfa2250c23d73b830d41975694f	REP-a7469b33f4014c65d8a9cb3f5f3a32e8fd25b75959d4bb85490ea1c53ac18daa	PRESENTE-INTEGRO	E2	1	apertura detenida en parser de formato: PermissionError	E2B-4b7bdcaf09c2e8b890ccf67daefd318566826cbb009c62d80b059c1b07146389	1c96e3beff85f4829e8afa7a316a29ae13ec4643c468b12b9577ee24ba73acfe	6842ccad55f920e3b4611943f351a2923f5ebf444ba26e445742001d953280fc
envipe2024_fd_pdf	fd_envipe2024.pdf	data_raw	3087144	documentación -- mapeo de reactivos a los seis componentes de confianza_institucional	NO-APLICA	NO-APLICA	SIN-DEMANDA	manifiesto.yaml+relaciones.tsv+abrir4-variables-2026-08-08.tsv+verif3-variables-2026-08-08.tsv @ dcc4f6a..5f90757 (sin cambio en estos 4 archivos en ese rango,	[REDACTADO-PRIVACIDAD]	buscado por ambas vias -- hash (produccion-modelo.tsv, 11 filas) y ruta (11 scripts de tests/, forense/notas/2026-08-13-cep-cotejo.md SS1-2) -- ninguna empata @	f8d72038595746ceac21e5096462b277e757d7501bd3a1b61ac86bf9fc0d57d5	REP-acc80aa7a01d2f033599168272e870aff5c0fc5ac8d59b62298bc9148f3fa1e8	PRESENTE-INTEGRO	E2	1	apertura detenida en parser de formato: PermissionError	E2B-37d5cd842a7a20515ae822537f8dc96e22dead3bfef9b9c8601f6521f222b4dc	1c96e3beff85f4829e8afa7a316a29ae13ec4643c468b12b9577ee24ba73acfe	9f680b6876aa818e9d14ce4aacf5b41011a23a3ba5c8ccb6be84e53f9b2d5188
envipe2025_csv	envipe2025_csv.zip	data_raw	17600019	candidata para R7.2 (delito sin seguro -> no denuncia, ENVIPE desagregada por delito x cobertura) -- serie histórica ENVIPE	NO-APLICA	NO-APLICA	SIN-DEMANDA	manifiesto.yaml+relaciones.tsv+abrir4-variables-2026-08-08.tsv+verif3-variables-2026-08-08.tsv @ dcc4f6a..5f90757 (sin cambio en estos 4 archivos en ese rango,	[REDACTADO-PRIVACIDAD]	via ruta: cita literal en tests/hitoD_r7_2_ocho_olas.py,cal_conf_faseb_ola2.py,cal_conf_faseb_pos4.py (ver forense/notas/2026-08-13-cep-cotejo.md SS2) x campo a	8a7a99fd90ce9d03229759ba0ad84db4fba98b5bb1f5c85eef7d718b007816fa	REP-3176695b7023d5a59d2e8850324ba8d7416b1ef8523786e25f0cfdfa69aac325	PRESENTE-INTEGRO	E2	5285	contenedor y miembros completos; anidados hasta profundidad 4	E2B-42590c4ac97108c4585bdc6e1919c1d9ddc1e95edf0f1833fc7791f410ec349f	1c96e3beff85f4829e8afa7a316a29ae13ec4643c468b12b9577ee24ba73acfe	45dc18487f7ac15e1ed2866ca4414725031af978046732aeac1499429a03fd31
envipe2025_cuest_modulo_pdf	cuest_modulo_envipe2025.pdf	data_raw	930409	documentación -- mapeo de reactivos a los seis componentes de confianza_institucional	NO-APLICA	NO-APLICA	SIN-DEMANDA	manifiesto.yaml+relaciones.tsv+abrir4-variables-2026-08-08.tsv+verif3-variables-2026-08-08.tsv @ dcc4f6a..5f90757 (sin cambio en estos 4 archivos en ese rango,	[REDACTADO-PRIVACIDAD]	buscado por ambas vias -- hash (produccion-modelo.tsv, 11 filas) y ruta (11 scripts de tests/, forense/notas/2026-08-13-cep-cotejo.md SS1-2) -- ninguna empata @	21df38610b21c481382dfb05cf8061e87216d97557c665b2e6e50aacaa216d27	REP-21b8fe973f5f63bb3ab41b333fde56ac00aca621b1f825fc04a2c3bfd333e776	PRESENTE-INTEGRO	E2	1	apertura detenida en parser de formato: PermissionError	E2B-9429e00a5b5b51e62a179279f4a87a119385a15c867c3cdd5f1e4d16a64e8955	1c96e3beff85f4829e8afa7a316a29ae13ec4643c468b12b9577ee24ba73acfe	818938e416a65d2b6612968b64ccfca9c3ea233206f6ea58e4d1f13bc077517f
envipe2025_cuest_principal_pdf	cuest_principal_envipe2025.pdf	data_raw	1264383	documentación -- mapeo de reactivos a los seis componentes de confianza_institucional	NO-APLICA	NO-APLICA	SIN-DEMANDA	manifiesto.yaml+relaciones.tsv+abrir4-variables-2026-08-08.tsv+verif3-variables-2026-08-08.tsv @ dcc4f6a..5f90757 (sin cambio en estos 4 archivos en ese rango,	[REDACTADO-PRIVACIDAD]	buscado por ambas vias -- hash (produccion-modelo.tsv, 11 filas) y ruta (11 scripts de tests/, forense/notas/2026-08-13-cep-cotejo.md SS1-2) -- ninguna empata @	a3e08bd496cefd75b17265828a4a9edade0ddbac467a4d71363488d13a8f7228	REP-fc36a613ffddfa19d1bdf0cde770cb1f0184e892243794fbf66ce9ad775e9aff	PRESENTE-INTEGRO	E2	1	apertura detenida en parser de formato: PermissionError	E2B-fbe18a424ddfdc33069b17186763cc4443e6f86cb4fdd7ac814223377d243c9f	1c96e3beff85f4829e8afa7a316a29ae13ec4643c468b12b9577ee24ba73acfe	0b143d666d3967824cdf04f09843b31c497c97d86732705f121307cffe2475d7
envipe2025_fd_pdf	fd_envipe2025.pdf	data_raw	2284580	documentación -- mapeo de reactivos a los seis componentes de confianza_institucional	NO-APLICA	NO-APLICA	SIN-DEMANDA	manifiesto.yaml+relaciones.tsv+abrir4-variables-2026-08-08.tsv+verif3-variables-2026-08-08.tsv @ dcc4f6a..5f90757 (sin cambio en estos 4 archivos en ese rango,	[REDACTADO-PRIVACIDAD]	buscado por ambas vias -- hash (produccion-modelo.tsv, 11 filas) y ruta (11 scripts de tests/, forense/notas/2026-08-13-cep-cotejo.md SS1-2) -- ninguna empata @	83fe02467b661d64e8638d882b242b0e534b8383e683a3fcbeadd66ead777fad	REP-8b9e97445b5b44b661e2f7466f6713433c7778d8f126b4309fce2132f1cc5025	PRESENTE-INTEGRO	E2	1	apertura detenida en parser de formato: PermissionError	E2B-ed76be25fa1f75bfa7fadb2bcded848c80a9a4226cf4e2421862c9e78d6d149d	1c96e3beff85f4829e8afa7a316a29ae13ec4643c468b12b9577ee24ba73acfe	e8dfc74373c24bd766285b53451fe0e916ee46e2999cb8818ec82abc6ad0d41a
envipe_2011_base_de_datos_envipe_2011_dbf	envipe2011/base_de_datos_envipe_2011_dbf.zip	data_raw	8956716	[REDACTADO-PRIVACIDAD]	NO-APLICA	NO-APLICA	SIN-DEMANDA	manifiesto.yaml+relaciones.tsv+abrir4-variables-2026-08-08.tsv+verif3-variables-2026-08-08.tsv @ dcc4f6a..5f90757 (sin cambio en estos 4 archivos en ese rango,	[REDACTADO-PRIVACIDAD]	buscado por ambas vias -- hash (produccion-modelo.tsv, 11 filas) y ruta (11 scripts de tests/, forense/notas/2026-08-13-cep-cotejo.md SS1-2) -- ninguna empata @	d6c660f00ca2179dcabf59a9af166d7605793eed48c6eb84bcd8d24f39bd2ce4	REP-996e14f9d45250e1a39a5dec3b3e1a709debffd842f7512fad48d44b19fc330e	PRESENTE-INTEGRO	E2	22	contenedor y miembros completos; anidados hasta profundidad 4	E2B-7dc58d9caebecf3f724184ecf31511f82e62ef1520665572273b934ebf0da2eb	1c96e3beff85f4829e8afa7a316a29ae13ec4643c468b12b9577ee24ba73acfe	dab771aa095e6359ff6577a1070a61194f7bf040464dd9b3e9748e53aae603a1
envipe_2011_fd_envipe2011	envipe2011/fd_envipe2011.xls	data_raw	459264	[REDACTADO-PRIVACIDAD]	NO-APLICA	NO-APLICA	SIN-DEMANDA	manifiesto.yaml+relaciones.tsv+abrir4-variables-2026-08-08.tsv+verif3-variables-2026-08-08.tsv @ dcc4f6a..5f90757 (sin cambio en estos 4 archivos en ese rango,	[REDACTADO-PRIVACIDAD]	buscado por ambas vias -- hash (produccion-modelo.tsv, 11 filas) y ruta (11 scripts de tests/, forense/notas/2026-08-13-cep-cotejo.md SS1-2) -- ninguna empata @	d296c9f18cdb6f89b6d589f3b3665dbe88c2b3ebe50b7c9b955041d76b0fb99a	REP-3e41412f702d2e8aa7da644d8fcda37207ebb26cd1fe100a40d3de9938f89a29	PRESENTE-INTEGRO	E2	7	todas las hojas BIFF; celdas como excepción específica	E2B-50032dc6b7d52f62e1b536ac3cc40a640c88db53087d8774e652e782d0699638	1c96e3beff85f4829e8afa7a316a29ae13ec4643c468b12b9577ee24ba73acfe	92f89904ad222ad7c192724e2e5a796f8f3298d1f80da731cd44220d508fab14
envipe_2012_base_de_datos_envipe_2012_dbf	envipe2012/base_de_datos_envipe_2012_dbf.zip	data_raw	10171572	[REDACTADO-PRIVACIDAD]	NO-APLICA	NO-APLICA	SIN-DEMANDA	manifiesto.yaml+relaciones.tsv+abrir4-variables-2026-08-08.tsv+verif3-variables-2026-08-08.tsv @ dcc4f6a..5f90757 (sin cambio en estos 4 archivos en ese rango,	[REDACTADO-PRIVACIDAD]	buscado por ambas vias -- hash (produccion-modelo.tsv, 11 filas) y ruta (11 scripts de tests/, forense/notas/2026-08-13-cep-cotejo.md SS1-2) -- ninguna empata @	d7caa74ea4264d59fecfc1d1959824051adfe43613514e2e5ca22f24f31548f5	REP-236d4c562bffe3bf28814d0e72dd03adc4932684967a1d65dfeeb4513bc9baba	PRESENTE-INTEGRO	E2	21	contenedor y miembros completos; anidados hasta profundidad 4	E2B-bafae22d4c663d0130e75e083d818575c6a68e1b0708d1c3dfc9bc05b6d15d67	1c96e3beff85f4829e8afa7a316a29ae13ec4643c468b12b9577ee24ba73acfe	7f10bfb5475117a049716e056e32de3e11f547d5e37ac5c417b65885c7fa2b7b
envipe_2012_fd_envipe2012	envipe2012/fd_envipe2012.xls	data_raw	415744	[REDACTADO-PRIVACIDAD]	NO-APLICA	NO-APLICA	SIN-DEMANDA	manifiesto.yaml+relaciones.tsv+abrir4-variables-2026-08-08.tsv+verif3-variables-2026-08-08.tsv @ dcc4f6a..5f90757 (sin cambio en estos 4 archivos en ese rango,	[REDACTADO-PRIVACIDAD]	buscado por ambas vias -- hash (produccion-modelo.tsv, 11 filas) y ruta (11 scripts de tests/, forense/notas/2026-08-13-cep-cotejo.md SS1-2) -- ninguna empata @	dcca5373391cbcee1529c78ab4fd46a172321e77502b624f87061679b25e7a99	REP-ac5f0f0e988d91fc2f0e62debb9c39819483eee7611b5f79722b0ddedf8b8ae3	PRESENTE-INTEGRO	E2	6	todas las hojas BIFF; celdas como excepción específica	E2B-0cec90fa9486de502280a76085c0235e3b2a4b7f0ce83807f7dc87d4e167c997	1c96e3beff85f4829e8afa7a316a29ae13ec4643c468b12b9577ee24ba73acfe	3238c50d7b6758e88f44287312a5ec8a73053ee89b02934635f5b6e8aa540502
envipe_2013_bd_envipe13_dbf	envipe2013/bd_envipe13_dbf.zip	data_raw	10433209	[REDACTADO-PRIVACIDAD]	NO-APLICA	NO-APLICA	SIN-DEMANDA	manifiesto.yaml+relaciones.tsv+abrir4-variables-2026-08-08.tsv+verif3-variables-2026-08-08.tsv @ dcc4f6a..5f90757 (sin cambio en estos 4 archivos en ese rango,	[REDACTADO-PRIVACIDAD]	buscado por ambas vias -- hash (produccion-modelo.tsv, 11 filas) y ruta (11 scripts de tests/, forense/notas/2026-08-13-cep-cotejo.md SS1-2) -- ninguna empata @	b0b9fd1d1dafc12c22162bf695aa3c95ad4c8e86bf00171f082f69e79b54f890	REP-948745df3724ed6505845a87cb4cc133ef334fe54c1889e3a480ddc448bc1299	PRESENTE-INTEGRO	E2	465	contenedor y miembros completos; anidados hasta profundidad 4	E2B-5f76bfa4534524986807b217c7f7af7ab1c09a5f737f7ea7bd53450ae58a86b3	1c96e3beff85f4829e8afa7a316a29ae13ec4643c468b12b9577ee24ba73acfe	36ad17ca74dec28444b71c9cdeac981403b72aa6fe9181a3df26158e5491bfe1
envipe_2013_fd_envipe2013	envipe2013/fd_envipe2013.xlsx	data_raw	192702	[REDACTADO-PRIVACIDAD]	NO-APLICA	NO-APLICA	SIN-DEMANDA	manifiesto.yaml+relaciones.tsv+abrir4-variables-2026-08-08.tsv+verif3-variables-2026-08-08.tsv @ dcc4f6a..5f90757 (sin cambio en estos 4 archivos en ese rango,	[REDACTADO-PRIVACIDAD]	buscado por ambas vias -- hash (produccion-modelo.tsv, 11 filas) y ruta (11 scripts de tests/, forense/notas/2026-08-13-cep-cotejo.md SS1-2) -- ninguna empata @	7e842826e3f7aaa91bc3e217a731d9ed5205a5c4859259827aa94fbf1db20ec1	REP-a6ca026620225797f9ec88b95477d0758c9660c0fee8c9464f1a6c6e4707fbe8	PRESENTE-INTEGRO	E2	449	todas las hojas/tablas y encabezados; celdas de observación no persistidas	E2B-fc6d8d43b74e5a60e9fad1c4f58f74d1c6c5f0676dd12bcb2a032ca3130675c4	1c96e3beff85f4829e8afa7a316a29ae13ec4643c468b12b9577ee24ba73acfe	a443d9fbcbacdb4b2988322750abd8abdac139796cdc057644d56618a866a99e
envipe_2014_bd_envipe2014_dbf	envipe2014/bd_envipe2014_dbf.zip	data_raw	11506651	[REDACTADO-PRIVACIDAD]	NO-APLICA	NO-APLICA	SIN-DEMANDA	manifiesto.yaml+relaciones.tsv+abrir4-variables-2026-08-08.tsv+verif3-variables-2026-08-08.tsv @ dcc4f6a..5f90757 (sin cambio en estos 4 archivos en ese rango,	[REDACTADO-PRIVACIDAD]	buscado por ambas vias -- hash (produccion-modelo.tsv, 11 filas) y ruta (11 scripts de tests/, forense/notas/2026-08-13-cep-cotejo.md SS1-2) -- ninguna empata @	8f1d0eb519a0ceabe36d187d9a49734dbef97f219b86eea9084ebd1818973f77	REP-c88d33bb5b9c8f50254f0b370376c47b9454d891ce625da8bd5b04d3feabb5e7	PRESENTE-INTEGRO	E2	18	contenedor y miembros completos; anidados hasta profundidad 4	E2B-4b76cc37836cc6c5828d6e6395517c38ddc7104cc3d02bdda108430383bed652	1c96e3beff85f4829e8afa7a316a29ae13ec4643c468b12b9577ee24ba73acfe	168b02b71e1c988d4ee3b8583aed5bfe29d7943657ec458ad7901ca5ccf23752
envipe_2014_fd_envipe2014	envipe2014/fd_envipe2014.pdf	data_raw	1836970	[REDACTADO-PRIVACIDAD]	NO-APLICA	NO-APLICA	SIN-DEMANDA	manifiesto.yaml+relaciones.tsv+abrir4-variables-2026-08-08.tsv+verif3-variables-2026-08-08.tsv @ dcc4f6a..5f90757 (sin cambio en estos 4 archivos en ese rango,	[REDACTADO-PRIVACIDAD]	buscado por ambas vias -- hash (produccion-modelo.tsv, 11 filas) y ruta (11 scripts de tests/, forense/notas/2026-08-13-cep-cotejo.md SS1-2) -- ninguna empata @	b72ed2be77d4768ded839d47a58bc6d64abacb2bbdda15bb7e53b2d4d3a8b680	REP-702eeae97391ae9bcb4e444cc49696ca7a4ac447dba0bb63a1d89d71b53ec218	PRESENTE-INTEGRO	E2	1	apertura detenida en parser de formato: PermissionError	E2B-864a5ff4b4a239e6da32e2fed4a3aed8798323910b9a5ce6f752d4504dcc3822	1c96e3beff85f4829e8afa7a316a29ae13ec4643c468b12b9577ee24ba73acfe	c68522612fb630b5e361e22c4c8d4ce1d68b0f7ca8e80e34fe3e30aee90fd75d
envipe_2015_bd_envipe2015_dbf	envipe2015/bd_envipe2015_dbf.zip	data_raw	15422694	[REDACTADO-PRIVACIDAD]	NO-APLICA	NO-APLICA	SIN-DEMANDA	manifiesto.yaml+relaciones.tsv+abrir4-variables-2026-08-08.tsv+verif3-variables-2026-08-08.tsv @ dcc4f6a..5f90757 (sin cambio en estos 4 archivos en ese rango,	[REDACTADO-PRIVACIDAD]	buscado por ambas vias -- hash (produccion-modelo.tsv, 11 filas) y ruta (11 scripts de tests/, forense/notas/2026-08-13-cep-cotejo.md SS1-2) -- ninguna empata @	6c2fcb165a179b0ca5e7d956a3673b375d26309be5a4748eabc31545add66a8d	REP-7792a6bbfb74f0b4da39ed15eec2f626e53dd2604bb794947f031500fe024317	PRESENTE-INTEGRO	E2	19	contenedor y miembros completos; anidados hasta profundidad 4	E2B-bb88620ecae03b1698547608ceaf43b6fc24b1a18f8d3b6e8b4c9a3f89d87b22	1c96e3beff85f4829e8afa7a316a29ae13ec4643c468b12b9577ee24ba73acfe	7d0b4e820cf0ce756b32a960258cea864360fafa61b53c4189ed756dfcff4b01
envipe_2015_fd_envipe2015	envipe2015/fd_envipe2015.pdf	data_raw	1852255	[REDACTADO-PRIVACIDAD]	NO-APLICA	NO-APLICA	SIN-DEMANDA	manifiesto.yaml+relaciones.tsv+abrir4-variables-2026-08-08.tsv+verif3-variables-2026-08-08.tsv @ dcc4f6a..5f90757 (sin cambio en estos 4 archivos en ese rango,	[REDACTADO-PRIVACIDAD]	buscado por ambas vias -- hash (produccion-modelo.tsv, 11 filas) y ruta (11 scripts de tests/, forense/notas/2026-08-13-cep-cotejo.md SS1-2) -- ninguna empata @	1042ab57b015e6de72d92184f44cfa4b1cca2ad54ceb6d60573e6800fc1c858b	REP-bafc85f1cf1a831726d46d7fd23de7bb095989771c684fe5fb3d4075bbb36bb7	PRESENTE-INTEGRO	E2	1	apertura detenida en parser de formato: PermissionError	E2B-f2270ca4b7eeefbdb16950fb74f76d494cfb8c66b26cd7c3d0f8ee1fcc025276	1c96e3beff85f4829e8afa7a316a29ae13ec4643c468b12b9577ee24ba73acfe	5a4b3be36c5577deb2304ba96524f15ef9b42a582bcc526df9a28c36d5b74d89
envipe_2016_bd_envipe2016_dbf	envipe2016/bd_envipe2016_dbf.zip	data_raw	18625348	[REDACTADO-PRIVACIDAD]	NO-APLICA	NO-APLICA	SIN-DEMANDA	manifiesto.yaml+relaciones.tsv+abrir4-variables-2026-08-08.tsv+verif3-variables-2026-08-08.tsv @ dcc4f6a..5f90757 (sin cambio en estos 4 archivos en ese rango,	[REDACTADO-PRIVACIDAD]	buscado por ambas vias -- hash (produccion-modelo.tsv, 11 filas) y ruta (11 scripts de tests/, forense/notas/2026-08-13-cep-cotejo.md SS1-2) -- ninguna empata @	8c939550590bbb7941c65a2c9a3d87d8654cfe529e969f51265fe65974ef68a4	REP-fe4fb9ba29e28569d90a591ebe1f4e4d957260d86d2b0e873bbb950d603d3d7c	PRESENTE-INTEGRO	E2	12	contenedor y miembros completos; anidados hasta profundidad 4	E2B-3c7789e519b770f4897b9aaa9912acbe2b3d6ac7e9f2719672c8ec90a99389a2	1c96e3beff85f4829e8afa7a316a29ae13ec4643c468b12b9577ee24ba73acfe	5e0b1bcf8c48852a007b73d482e6cc67ed5d8c72550b4636021f6e8010494535
envipe_2016_calculo_indicadores_r_envipe2016	envipe2016/calculo_indicadores_r_envipe2016.pdf	data_raw	1010455	[REDACTADO-PRIVACIDAD]	NO-APLICA	NO-APLICA	SIN-DEMANDA	manifiesto.yaml+relaciones.tsv+abrir4-variables-2026-08-08.tsv+verif3-variables-2026-08-08.tsv @ dcc4f6a..5f90757 (sin cambio en estos 4 archivos en ese rango,	[REDACTADO-PRIVACIDAD]	buscado por ambas vias -- hash (produccion-modelo.tsv, 11 filas) y ruta (11 scripts de tests/, forense/notas/2026-08-13-cep-cotejo.md SS1-2) -- ninguna empata @	acfc3a09bcb8b014e640b2df2a3114b82c3447a8c380a7a86ed65760cd1a4940	REP-06cf5b2cc01e981d7f9ffda64d8df6a28455b98668eff22b99311f93d20d93b6	PRESENTE-INTEGRO	E2	1	apertura detenida en parser de formato: PermissionError	E2B-5ad82f3577121d4d14dd8ff76613b4587ebb0159b6ec6415bad4db12d1b34640	1c96e3beff85f4829e8afa7a316a29ae13ec4643c468b12b9577ee24ba73acfe	7e888ffe9d4caa20397dd5cffc379f81f4ce45067024cc1f7f6bdbd6b54656e5
envipe_2016_fd_envipe2016	envipe2016/fd_envipe2016.pdf	data_raw	2423007	[REDACTADO-PRIVACIDAD]	NO-APLICA	NO-APLICA	SIN-DEMANDA	manifiesto.yaml+relaciones.tsv+abrir4-variables-2026-08-08.tsv+verif3-variables-2026-08-08.tsv @ dcc4f6a..5f90757 (sin cambio en estos 4 archivos en ese rango,	[REDACTADO-PRIVACIDAD]	buscado por ambas vias -- hash (produccion-modelo.tsv, 11 filas) y ruta (11 scripts de tests/, forense/notas/2026-08-13-cep-cotejo.md SS1-2) -- ninguna empata @	e21428e021a61718f6e5836ab903da8422cd461646c94201f038c5a9adb1a462	REP-80a626a6971995bbd51c380f409bdea72265beaca4b88f1f383006ddc0aa7728	PRESENTE-INTEGRO	E2	1	apertura detenida en parser de formato: PermissionError	E2B-89fd0c790cc1d9248b538538270796c9a6a5397c4d2dece2155956e5f8dd4675	1c96e3beff85f4829e8afa7a316a29ae13ec4643c468b12b9577ee24ba73acfe	3f73986f3b00eebdb1820010b8af4b2bbb9b75211c1e23e4ff84d29099142c7d
envipe_2017_bd_envipe2017_dbf	envipe2017/bd_envipe2017_dbf.zip	data_raw	18932534	[REDACTADO-PRIVACIDAD]	NO-APLICA	NO-APLICA	SIN-DEMANDA	manifiesto.yaml+relaciones.tsv+abrir4-variables-2026-08-08.tsv+verif3-variables-2026-08-08.tsv @ dcc4f6a..5f90757 (sin cambio en estos 4 archivos en ese rango,	[REDACTADO-PRIVACIDAD]	buscado por ambas vias -- hash (produccion-modelo.tsv, 11 filas) y ruta (11 scripts de tests/, forense/notas/2026-08-13-cep-cotejo.md SS1-2) -- ninguna empata @	86df9910dae338d4c4487e6760e8e3ba1a752c8a8fcda967a8af152ad49d8f74	REP-6e60f59e117d13e2d035a3c7e0538a6c917a015932efa32f7e0727240bf505de	PRESENTE-INTEGRO	E2	12	contenedor y miembros completos; anidados hasta profundidad 4	E2B-802a8c32bb87f7010730a099b298b1160c55501e42398292eeb18d6c8b5bd526	1c96e3beff85f4829e8afa7a316a29ae13ec4643c468b12b9577ee24ba73acfe	7b86bf7fe5ff42295efcab9bdb5e30b801f7a485fcd0945936d66f92b95a89d6
envipe_2017_calculo_indicadores_r_envipe2017	envipe2017/calculo_indicadores_r_envipe2017.pdf	data_raw	1471628	[REDACTADO-PRIVACIDAD]	NO-APLICA	NO-APLICA	SIN-DEMANDA	manifiesto.yaml+relaciones.tsv+abrir4-variables-2026-08-08.tsv+verif3-variables-2026-08-08.tsv @ dcc4f6a..5f90757 (sin cambio en estos 4 archivos en ese rango,	[REDACTADO-PRIVACIDAD]	buscado por ambas vias -- hash (produccion-modelo.tsv, 11 filas) y ruta (11 scripts de tests/, forense/notas/2026-08-13-cep-cotejo.md SS1-2) -- ninguna empata @	334fceeb4aeee9378ba8eca34defb906efa4d6ddf7a1c6bedd8a25fa90b2fc26	REP-1f825d7a14d35f705a29f58ed6a52f07003281499b59324ea56199e9c32f86f2	PRESENTE-INTEGRO	E2	1	apertura detenida en parser de formato: PermissionError	E2B-608749ec9e3aa2c8e70cf65fa801ee3dfe6dbd1b79820fca54d937d9f8c4c70c	1c96e3beff85f4829e8afa7a316a29ae13ec4643c468b12b9577ee24ba73acfe	8bacd55002f53bf9ef4e02b3a98ff6a5483ebf3e98375b636b8253bcf7af1667
envipe_2017_fd_envipe2017	envipe2017/fd_envipe2017.pdf	data_raw	1878707	[REDACTADO-PRIVACIDAD]	NO-APLICA	NO-APLICA	SIN-DEMANDA	manifiesto.yaml+relaciones.tsv+abrir4-variables-2026-08-08.tsv+verif3-variables-2026-08-08.tsv @ dcc4f6a..5f90757 (sin cambio en estos 4 archivos en ese rango,	[REDACTADO-PRIVACIDAD]	buscado por ambas vias -- hash (produccion-modelo.tsv, 11 filas) y ruta (11 scripts de tests/, forense/notas/2026-08-13-cep-cotejo.md SS1-2) -- ninguna empata @	a633224e86cd6c19fdedfb898303ab36e2e68df7b71894ab6d18c72bec669538	REP-9e3b4651f5050acbfd79076628faf7614f1f1712a3b6177ef2b7f83b61afa41b	PRESENTE-INTEGRO	E2	1	apertura detenida en parser de formato: PermissionError	E2B-27104063d624a04de69735aa34f452f6cac0bddcd694ce4bd0f41d1241399b38	1c96e3beff85f4829e8afa7a316a29ae13ec4643c468b12b9577ee24ba73acfe	33974cd9f11e1baa6d0c5da002d74e738c697aea22a72eec627cb6b76b042500
envipe_2018_bd_envipe2018_dbf	envipe2018/bd_envipe2018_dbf.zip	data_raw	26205205	[REDACTADO-PRIVACIDAD]	NO-APLICA	NO-APLICA	SIN-DEMANDA	manifiesto.yaml+relaciones.tsv+abrir4-variables-2026-08-08.tsv+verif3-variables-2026-08-08.tsv @ dcc4f6a..5f90757 (sin cambio en estos 4 archivos en ese rango,	[REDACTADO-PRIVACIDAD]	buscado por ambas vias -- hash (produccion-modelo.tsv, 11 filas) y ruta (11 scripts de tests/, forense/notas/2026-08-13-cep-cotejo.md SS1-2) -- ninguna empata @	8f0b102637183047f9123972e369fade1bf056f8f0a19801d36798f290b37cfb	REP-02f9faff68a1685c4072a4ec52d2a0020043cce65bb74321b4f7c6340fe08ec2	PRESENTE-INTEGRO	E2	12	contenedor y miembros completos; anidados hasta profundidad 4	E2B-90570e2d5d7a89ffe90f27e95ccf1fd081da51637124895fefff7bfb22e3b3e8	1c96e3beff85f4829e8afa7a316a29ae13ec4643c468b12b9577ee24ba73acfe	4ab80f489794f31ae101daa28db6c1f71dc08874bb0550c7080ec1498d18e91b
envipe_2019_bd_envipe2019_dbf	envipe2019/bd_envipe2019_dbf.zip	data_raw	26082327	[REDACTADO-PRIVACIDAD]	NO-APLICA	NO-APLICA	SIN-DEMANDA	manifiesto.yaml+relaciones.tsv+abrir4-variables-2026-08-08.tsv+verif3-variables-2026-08-08.tsv @ dcc4f6a..5f90757 (sin cambio en estos 4 archivos en ese rango,	[REDACTADO-PRIVACIDAD]	buscado por ambas vias -- hash (produccion-modelo.tsv, 11 filas) y ruta (11 scripts de tests/, forense/notas/2026-08-13-cep-cotejo.md SS1-2) -- ninguna empata @	f7cb0d6f3317cfa0ad1beb071704267da17ecd8b7e8faeb9e7942a27c86c0046	REP-9a5be4c3c17502db27f4405d080cd663ccdde6f45d180ba6856a1ff63c56e123	PRESENTE-INTEGRO	E2	12	contenedor y miembros completos; anidados hasta profundidad 4	E2B-848f76cdecb6b9074415e580b8f985058b7b0675751b4be4e93899ca1a93dc4e	1c96e3beff85f4829e8afa7a316a29ae13ec4643c468b12b9577ee24ba73acfe	3ebd73506105958e016e44ce82f6fe7855a3b8cd8182b3ee039fd9012c87062e
envipe_2020_bd_envipe_2020_dbf	envipe2020/bd_envipe_2020_dbf.zip	data_raw	27600154	[REDACTADO-PRIVACIDAD]	NO-APLICA	NO-APLICA	SIN-DEMANDA	manifiesto.yaml+relaciones.tsv+abrir4-variables-2026-08-08.tsv+verif3-variables-2026-08-08.tsv @ dcc4f6a..5f90757 (sin cambio en estos 4 archivos en ese rango,	[REDACTADO-PRIVACIDAD]	buscado por ambas vias -- hash (produccion-modelo.tsv, 11 filas) y ruta (11 scripts de tests/, forense/notas/2026-08-13-cep-cotejo.md SS1-2) -- ninguna empata @	8d12bb0f71f13693367320c35cabfc1f7734a455ab43918856b16f83afb75348	REP-e8102bf68a4029ced71e690794a78cfb5055be5f77d397d465699a9b29c42a7c	PRESENTE-INTEGRO	E2	12	contenedor y miembros completos; anidados hasta profundidad 4	E2B-0f899d75d4078d66473c23eb9cfed899f062b649358b875166ccbb378e05a2f4	1c96e3beff85f4829e8afa7a316a29ae13ec4643c468b12b9577ee24ba73acfe	72186928687088a7d8ed6d0d38822ffdc5853281bc0b182a384af9d0bd1292af
envipe_2021_bd_envipe_2021_csv	envipe2021/bd_envipe_2021_csv.zip	data_raw	25767952	[REDACTADO-PRIVACIDAD]	NO-APLICA	NO-APLICA	SIN-DEMANDA	manifiesto.yaml+relaciones.tsv+abrir4-variables-2026-08-08.tsv+verif3-variables-2026-08-08.tsv @ dcc4f6a..5f90757 (sin cambio en estos 4 archivos en ese rango,	[REDACTADO-PRIVACIDAD]	buscado por ambas vias -- hash (produccion-modelo.tsv, 11 filas) y ruta (11 scripts de tests/, forense/notas/2026-08-13-cep-cotejo.md SS1-2) -- ninguna empata @	4e81832dbb8f0a94488edf63c6212fa9fe383c799d15f797618cc79c913fed27	REP-686c6477dbebf2693910c7279bdb4ca3742810968b685e27351ede1ed28aa7c1	PRESENTE-INTEGRO	E2	540	contenedor y miembros completos; anidados hasta profundidad 4	E2B-6fe73a4ba16292ab777d3605552472233202019798092163f6c9f537b6b0aae5	1c96e3beff85f4829e8afa7a316a29ae13ec4643c468b12b9577ee24ba73acfe	aeb4819ab4c1e67f8679525c603250185ebe588c657772dec29f7b64f2e6f84e
envipe_2021_bd_envipe_2021_dbf	envipe2021/bd_envipe_2021_dbf.zip	data_raw	29296800	[REDACTADO-PRIVACIDAD]	NO-APLICA	NO-APLICA	SIN-DEMANDA	manifiesto.yaml+relaciones.tsv+abrir4-variables-2026-08-08.tsv+verif3-variables-2026-08-08.tsv @ dcc4f6a..5f90757 (sin cambio en estos 4 archivos en ese rango,	[REDACTADO-PRIVACIDAD]	buscado por ambas vias -- hash (produccion-modelo.tsv, 11 filas) y ruta (11 scripts de tests/, forense/notas/2026-08-13-cep-cotejo.md SS1-2) -- ninguna empata @	ad7857c0696ddc5cdd209fa09f28bffa149394a229b459e0aff43badf53cdce9	REP-e83c8fb58d7f49acdecb0333062f20ff59f0a1e079827128f8beb618e3a5fdd1	PRESENTE-INTEGRO	E2	12	contenedor y miembros completos; anidados hasta profundidad 4	E2B-326b64dcb187dc34ff86f9b5295fe6ef37c91855e1d4d68a2c15c68184f7ca6a	1c96e3beff85f4829e8afa7a316a29ae13ec4643c468b12b9577ee24ba73acfe	f0d699ecf396c8346572f0fd7352d10d2f3333996660e739313f8bf4584b3a46
envipe_2021_bd_envipe_2021_dta	envipe2021/bd_envipe_2021_dta.zip	data_raw	18740198	[REDACTADO-PRIVACIDAD]	NO-APLICA	NO-APLICA	SIN-DEMANDA	manifiesto.yaml+relaciones.tsv+abrir4-variables-2026-08-08.tsv+verif3-variables-2026-08-08.tsv @ dcc4f6a..5f90757 (sin cambio en estos 4 archivos en ese rango,	[REDACTADO-PRIVACIDAD]	buscado por ambas vias -- hash (produccion-modelo.tsv, 11 filas) y ruta (11 scripts de tests/, forense/notas/2026-08-13-cep-cotejo.md SS1-2) -- ninguna empata @	0b63313207b6e2d22e376784bbc7534b99c2f48c0e2536b045116c507c79321b	REP-0e633b81bc7d7519b9f9c2cfafb0b9341d1c92a3b99c8ab0c521928b8d6449ce	PRESENTE-INTEGRO	E2	534	contenedor y miembros completos; anidados hasta profundidad 4	E2B-6e8afd098492e40691f3f3f9659283c09595856de634ea817950220a88b36464	1c96e3beff85f4829e8afa7a316a29ae13ec4643c468b12b9577ee24ba73acfe	ae6e30866c592f1cb096048244a812d15a426f28fb364412e628db673eac93a0
envipe_2021_bd_envipe_2021_rdata	envipe2021/bd_envipe_2021_RData.zip	data_raw	18802198	[REDACTADO-PRIVACIDAD]	NO-APLICA	NO-APLICA	SIN-DEMANDA	manifiesto.yaml+relaciones.tsv+abrir4-variables-2026-08-08.tsv+verif3-variables-2026-08-08.tsv @ dcc4f6a..5f90757 (sin cambio en estos 4 archivos en ese rango,	[REDACTADO-PRIVACIDAD]	buscado por ambas vias -- hash (produccion-modelo.tsv, 11 filas) y ruta (11 scripts de tests/, forense/notas/2026-08-13-cep-cotejo.md SS1-2) -- ninguna empata @	167df80f9b18086cfeb4f64605fce04fcb5dc6255e32dda1ec5f2fe874c5a868	REP-b991ad242ca68c5f2d55ddb40fc5bcdf58e1e8354cde4535834fe9bee7210bf9	PRESENTE-INTEGRO	E2	2	contenedor y miembros completos; anidados hasta profundidad 4	E2B-feb38360297eb81b6a7f1e744bf7f400941cef5b33bde998ffaaa886c1680b52	1c96e3beff85f4829e8afa7a316a29ae13ec4643c468b12b9577ee24ba73acfe	b8717f33a1af612c7df9d48535734659fbbe06e5ad53b9ee32c42305d9ee2af3
envipe_2021_bd_envipe_2021_sav	envipe2021/bd_envipe_2021_sav.zip	data_raw	30277683	[REDACTADO-PRIVACIDAD]	NO-APLICA	NO-APLICA	SIN-DEMANDA	manifiesto.yaml+relaciones.tsv+abrir4-variables-2026-08-08.tsv+verif3-variables-2026-08-08.tsv @ dcc4f6a..5f90757 (sin cambio en estos 4 archivos en ese rango,	[REDACTADO-PRIVACIDAD]	buscado por ambas vias -- hash (produccion-modelo.tsv, 11 filas) y ruta (11 scripts de tests/, forense/notas/2026-08-13-cep-cotejo.md SS1-2) -- ninguna empata @	967203123bf946904ccc42408460ae180ddd3198c70a58de5639f878f738c963	REP-6cde3c92e72a6a8648911602c0be4181f900fc17f9fc77f09fc631fe7f475f75	PRESENTE-INTEGRO	E2	564	contenedor y miembros completos; anidados hasta profundidad 4	E2B-bb2232095657142cb241f6ccb92f0b1e88a3c90706515bb2606cc5ca2a55e667	1c96e3beff85f4829e8afa7a316a29ae13ec4643c468b12b9577ee24ba73acfe	e0318d079c8fcaba8e2b3ed420f9c4533f74c7aa1aff92e121d065be49612aba
envipe_2022_bd_envipe_2022_csv	envipe2022/bd_envipe_2022_csv.zip	data_raw	24387033	[REDACTADO-PRIVACIDAD]	NO-APLICA	NO-APLICA	SIN-DEMANDA	manifiesto.yaml+relaciones.tsv+abrir4-variables-2026-08-08.tsv+verif3-variables-2026-08-08.tsv @ dcc4f6a..5f90757 (sin cambio en estos 4 archivos en ese rango,	[REDACTADO-PRIVACIDAD]	buscado por ambas vias -- hash (produccion-modelo.tsv, 11 filas) y ruta (11 scripts de tests/, forense/notas/2026-08-13-cep-cotejo.md SS1-2) -- ninguna empata @	03b0d1cfccee9ef0f429552e8aafd1ddd6aca97bb7b08b0b03e8fef331c6d14f	REP-edc515518dd3902bc92a7384accc2eb96e84110859adda568e954c200a51c97c	PRESENTE-INTEGRO	E2	541	contenedor y miembros completos; anidados hasta profundidad 4	E2B-ca7b0fd10ba84ee8dd9ddb59a049d44805988a6614806088183c80b1e409bd9f	1c96e3beff85f4829e8afa7a316a29ae13ec4643c468b12b9577ee24ba73acfe	6f5f1501072a69dee454f729542fff81eeb46342c15e78a1c079e41cdc1e6091
envipe_2022_bd_envipe_2022_dbf	envipe2022/bd_envipe_2022_dbf.zip	data_raw	27251407	[REDACTADO-PRIVACIDAD]	NO-APLICA	NO-APLICA	SIN-DEMANDA	manifiesto.yaml+relaciones.tsv+abrir4-variables-2026-08-08.tsv+verif3-variables-2026-08-08.tsv @ dcc4f6a..5f90757 (sin cambio en estos 4 archivos en ese rango,	[REDACTADO-PRIVACIDAD]	buscado por ambas vias -- hash (produccion-modelo.tsv, 11 filas) y ruta (11 scripts de tests/, forense/notas/2026-08-13-cep-cotejo.md SS1-2) -- ninguna empata @	70ce4e2a0056660d5dd94cd611ae7832b21cf1892c196fa9ee0ef2cc9236729a	REP-babcf5c56531cda3852f926f0f156dc0bfe239a546f1bbf7ed75ff17314d5e5e	PRESENTE-INTEGRO	E2	12	contenedor y miembros completos; anidados hasta profundidad 4	E2B-bd3b352757a576dc9bd7ae0ed6ebe78b75b71933777f983516d6891971faeb42	1c96e3beff85f4829e8afa7a316a29ae13ec4643c468b12b9577ee24ba73acfe	3cb3a4fa0622858a56c7d4409b0120102de5bd301b22dbcd6ddcd79a8e3b6347
envipe_2022_bd_envipe_2022_dta	envipe2022/bd_envipe_2022_dta.zip	data_raw	17530262	[REDACTADO-PRIVACIDAD]	NO-APLICA	NO-APLICA	SIN-DEMANDA	manifiesto.yaml+relaciones.tsv+abrir4-variables-2026-08-08.tsv+verif3-variables-2026-08-08.tsv @ dcc4f6a..5f90757 (sin cambio en estos 4 archivos en ese rango,	[REDACTADO-PRIVACIDAD]	buscado por ambas vias -- hash (produccion-modelo.tsv, 11 filas) y ruta (11 scripts de tests/, forense/notas/2026-08-13-cep-cotejo.md SS1-2) -- ninguna empata @	bca872005497181918b2ad3c76650a9bca22c04390b76092f699b52cb36db5b9	REP-1525ffacce3f1479f6f28ae94cd7b44f07736de7d7c719bb074f704bf1d512c8	PRESENTE-INTEGRO	E2	535	contenedor y miembros completos; anidados hasta profundidad 4	E2B-7f7ffc04b1aaf97cdd70bb15b447a859a0b97f57a594c1cfba2657a149347cb5	1c96e3beff85f4829e8afa7a316a29ae13ec4643c468b12b9577ee24ba73acfe	361a256ccfe0fe45b8f305810b38c872ac88ebe78dfe2c290c76460044d1c086
envipe_2022_bd_envipe_2022_rdata	envipe2022/bd_envipe_2022_RData.zip	data_raw	17290935	[REDACTADO-PRIVACIDAD]	NO-APLICA	NO-APLICA	SIN-DEMANDA	manifiesto.yaml+relaciones.tsv+abrir4-variables-2026-08-08.tsv+verif3-variables-2026-08-08.tsv @ dcc4f6a..5f90757 (sin cambio en estos 4 archivos en ese rango,	[REDACTADO-PRIVACIDAD]	buscado por ambas vias -- hash (produccion-modelo.tsv, 11 filas) y ruta (11 scripts de tests/, forense/notas/2026-08-13-cep-cotejo.md SS1-2) -- ninguna empata @	46ee6cd1f5986be658dba72f2b23897d02fe4d5961802570e0dcab47e6684d65	REP-6c4b2361be4868d400c8963f7757365d5818e229d29b50b0f5cca0298e8ea964	PRESENTE-INTEGRO	E2	2	contenedor y miembros completos; anidados hasta profundidad 4	E2B-8057319481031337b8d84b251a0fd5e806b213274a3a5d3259dcf46ec0cb7c20	1c96e3beff85f4829e8afa7a316a29ae13ec4643c468b12b9577ee24ba73acfe	328c61075763ae15d95db3b77a43ab3302b89eda92f7426f9897cc92f08c5f02
envipe_2022_bd_envipe_2022_sav	envipe2022/bd_envipe_2022_sav.zip	data_raw	28573124	[REDACTADO-PRIVACIDAD]	NO-APLICA	NO-APLICA	SIN-DEMANDA	manifiesto.yaml+relaciones.tsv+abrir4-variables-2026-08-08.tsv+verif3-variables-2026-08-08.tsv @ dcc4f6a..5f90757 (sin cambio en estos 4 archivos en ese rango,	[REDACTADO-PRIVACIDAD]	buscado por ambas vias -- hash (produccion-modelo.tsv, 11 filas) y ruta (11 scripts de tests/, forense/notas/2026-08-13-cep-cotejo.md SS1-2) -- ninguna empata @	0791da9c11739db835a0c33d55dd5457c7aef970809db2c40a174bad9a0e1ad9	REP-0653bc250aaaa569ca56980056938b7ff0c71c40c6f51ad559c17022716e4619	PRESENTE-INTEGRO	E2	565	contenedor y miembros completos; anidados hasta profundidad 4	E2B-47e6c67ff626ea0105970a9f0b8f0cbd734c177e7d493f23f4e1b67bab52d546	1c96e3beff85f4829e8afa7a316a29ae13ec4643c468b12b9577ee24ba73acfe	a8a6d98183871aa88783c338723ef103549fca8ed4425ea9d01fb4ac46cf9e42
envipe_2023_bd_envipe_2023_csv	envipe2023/bd_envipe_2023_csv.zip	data_raw	23113239	[REDACTADO-PRIVACIDAD]	NO-APLICA	NO-APLICA	SIN-DEMANDA	manifiesto.yaml+relaciones.tsv+abrir4-variables-2026-08-08.tsv+verif3-variables-2026-08-08.tsv @ dcc4f6a..5f90757 (sin cambio en estos 4 archivos en ese rango,	[REDACTADO-PRIVACIDAD]	buscado por ambas vias -- hash (produccion-modelo.tsv, 11 filas) y ruta (11 scripts de tests/, forense/notas/2026-08-13-cep-cotejo.md SS1-2) -- ninguna empata @	030548137ee96eabe73c2de63a59678e7b857aa98889b8df1ccd7a48d0fb7018	REP-3aeff63340bfe8fe79d5d58a069a70c15c66e9a49d939a7d01e236c73977a730	PRESENTE-INTEGRO	E2	542	contenedor y miembros completos; anidados hasta profundidad 4	E2B-431e83731b555a8c8031fa5494848518f34d2c38423bf195db51d8737ff18052	1c96e3beff85f4829e8afa7a316a29ae13ec4643c468b12b9577ee24ba73acfe	5a006bb2e6f4da18c5b5653414f9d26f68476fbaa5ac0ffdb66809408a74ae81
envipe_2023_bd_envipe_2023_dbf	envipe2023/bd_envipe_2023_dbf.zip	data_raw	25485140	[REDACTADO-PRIVACIDAD]	NO-APLICA	NO-APLICA	SIN-DEMANDA	manifiesto.yaml+relaciones.tsv+abrir4-variables-2026-08-08.tsv+verif3-variables-2026-08-08.tsv @ dcc4f6a..5f90757 (sin cambio en estos 4 archivos en ese rango,	[REDACTADO-PRIVACIDAD]	buscado por ambas vias -- hash (produccion-modelo.tsv, 11 filas) y ruta (11 scripts de tests/, forense/notas/2026-08-13-cep-cotejo.md SS1-2) -- ninguna empata @	829806a21611df053ea05cc5fa804bbbe7ba701a91601a2c52f3e312d5175b53	REP-2869b86eb63af4d639c18673a9bc348343c82b64b26078073ff85d43173bf43d	PRESENTE-INTEGRO	E2	12	contenedor y miembros completos; anidados hasta profundidad 4	E2B-154c5723049134d757a5ce7a4a9fea17285110cff9986442b09950e0d5c1cb68	1c96e3beff85f4829e8afa7a316a29ae13ec4643c468b12b9577ee24ba73acfe	167f96857f155466288db825596d8b26810de721c37bdb57d1f0efa252ff8994
envipe_2023_bd_envipe_2023_dta	envipe2023/bd_envipe_2023_dta.zip	data_raw	16221003	[REDACTADO-PRIVACIDAD]	NO-APLICA	NO-APLICA	SIN-DEMANDA	manifiesto.yaml+relaciones.tsv+abrir4-variables-2026-08-08.tsv+verif3-variables-2026-08-08.tsv @ dcc4f6a..5f90757 (sin cambio en estos 4 archivos en ese rango,	[REDACTADO-PRIVACIDAD]	buscado por ambas vias -- hash (produccion-modelo.tsv, 11 filas) y ruta (11 scripts de tests/, forense/notas/2026-08-13-cep-cotejo.md SS1-2) -- ninguna empata @	4a7110bea2f23a83a914a13d464c946d87ec17b24b4e5833a0a06adde5d44be7	REP-81f5fd85855c937e14697e53fe5e1564f48f2e9e7c085a7699f69f0d39a06de3	PRESENTE-INTEGRO	E2	536	contenedor y miembros completos; anidados hasta profundidad 4	E2B-98cac691e34bff723a0610368dacc2e68939eabbb076cc66549897637ab3907c	1c96e3beff85f4829e8afa7a316a29ae13ec4643c468b12b9577ee24ba73acfe	7d351426b6eeee70cd8c01d5b41b9a4d5cea85ac8adf480e7ece9cacf64fb57d
envipe_2023_bd_envipe_2023_rdata	envipe2023/bd_envipe_2023_RData.zip	data_raw	15447717	[REDACTADO-PRIVACIDAD]	NO-APLICA	NO-APLICA	SIN-DEMANDA	manifiesto.yaml+relaciones.tsv+abrir4-variables-2026-08-08.tsv+verif3-variables-2026-08-08.tsv @ dcc4f6a..5f90757 (sin cambio en estos 4 archivos en ese rango,	[REDACTADO-PRIVACIDAD]	buscado por ambas vias -- hash (produccion-modelo.tsv, 11 filas) y ruta (11 scripts de tests/, forense/notas/2026-08-13-cep-cotejo.md SS1-2) -- ninguna empata @	ec54a7763706d447840cae2bcf4487964640aefd1e0bcd69db4adca78f1988a7	REP-d4c65a69a890542ee26ef3cb748fcece2e639b65dd491e8d3032ad37ed7acc28	PRESENTE-INTEGRO	E2	2	contenedor y miembros completos; anidados hasta profundidad 4	E2B-5aa928a438d2b7473ddfbc5678dc1e1ea6a1fe7499fec94d220f8262f78825e8	1c96e3beff85f4829e8afa7a316a29ae13ec4643c468b12b9577ee24ba73acfe	b2b309d56da7f48ec2e61036e5697d628f98e89299a5f62bb7d18fccf8575ad7
envipe_2023_bd_envipe_2023_sav	envipe2023/bd_envipe_2023_sav.zip	data_raw	26786689	[REDACTADO-PRIVACIDAD]	NO-APLICA	NO-APLICA	SIN-DEMANDA	manifiesto.yaml+relaciones.tsv+abrir4-variables-2026-08-08.tsv+verif3-variables-2026-08-08.tsv @ dcc4f6a..5f90757 (sin cambio en estos 4 archivos en ese rango,	[REDACTADO-PRIVACIDAD]	buscado por ambas vias -- hash (produccion-modelo.tsv, 11 filas) y ruta (11 scripts de tests/, forense/notas/2026-08-13-cep-cotejo.md SS1-2) -- ninguna empata @	9c8da8e7e0b44c3d55e6373fed2aedb27111c73953c1c9b9a435edbda7178c9c	REP-01ffd70d6178fb0796a821172ecfbc565e3a69482e6e3adb5f796ad261f1c0b8	PRESENTE-INTEGRO	E2	566	contenedor y miembros completos; anidados hasta profundidad 4	E2B-66608ab84bee19c2f5da14ef3ac9aa5258b97d6757c00b599d2a8856d86a1005	1c96e3beff85f4829e8afa7a316a29ae13ec4643c468b12b9577ee24ba73acfe	063304a4254fdfd460f3ba348c52bb9a852bc8a1d06f1b6be5ff2bd245388c0f
envipe_2024_bd_envipe_2024_csv	envipe2024/bd_envipe_2024_csv.zip	data_raw	23430232	[REDACTADO-PRIVACIDAD]	NO-APLICA	NO-APLICA	SIN-DEMANDA	manifiesto.yaml+relaciones.tsv+abrir4-variables-2026-08-08.tsv+verif3-variables-2026-08-08.tsv @ dcc4f6a..5f90757 (sin cambio en estos 4 archivos en ese rango,	[REDACTADO-PRIVACIDAD]	buscado por ambas vias -- hash (produccion-modelo.tsv, 11 filas) y ruta (11 scripts de tests/, forense/notas/2026-08-13-cep-cotejo.md SS1-2) -- ninguna empata @	0af555fad17edd3b5379f0183bbbe553ce805f431a8971393cb1135419040393	REP-10234753e00ee03af192b3727e4fb6055a1aa67332963324cd231f4751077460	PRESENTE-INTEGRO	E2	591	contenedor y miembros completos; anidados hasta profundidad 4	E2B-deb0bf3adfb1541bf183efb6f397e3bbcdd2d57116659973b146e9aba13fe53e	1c96e3beff85f4829e8afa7a316a29ae13ec4643c468b12b9577ee24ba73acfe	1b7dfc99ad3eeb63bf4d77c6f03e99177bdf708e1bbb9f9d262ee75a0435ebb2
envipe_2024_bd_envipe_2024_dbf	envipe2024/bd_envipe_2024_dbf.zip	data_raw	33648165	[REDACTADO-PRIVACIDAD]	NO-APLICA	NO-APLICA	SIN-DEMANDA	manifiesto.yaml+relaciones.tsv+abrir4-variables-2026-08-08.tsv+verif3-variables-2026-08-08.tsv @ dcc4f6a..5f90757 (sin cambio en estos 4 archivos en ese rango,	[REDACTADO-PRIVACIDAD]	buscado por ambas vias -- hash (produccion-modelo.tsv, 11 filas) y ruta (11 scripts de tests/, forense/notas/2026-08-13-cep-cotejo.md SS1-2) -- ninguna empata @	ece8512747e7c6035e77d5c077a41e5cb433431a37a4cbcfa5ad1eeb7c8c5578	REP-f606d3ef319026b7964beaf6d854691dfb920a8a7656922656cafcc2e9575be4	PRESENTE-INTEGRO	E2	12	contenedor y miembros completos; anidados hasta profundidad 4	E2B-f7e445edd631e2b5591dc29ae1fe5015367009db130c5613c57b31d7ca3d8ca5	1c96e3beff85f4829e8afa7a316a29ae13ec4643c468b12b9577ee24ba73acfe	6cba7c529643b76bda51f27fad293ca0d98ef347e9f451131691c654434e976b
envipe_2024_bd_envipe_2024_dta	envipe2024/bd_envipe_2024_dta.zip	data_raw	22669258	[REDACTADO-PRIVACIDAD]	NO-APLICA	NO-APLICA	SIN-DEMANDA	manifiesto.yaml+relaciones.tsv+abrir4-variables-2026-08-08.tsv+verif3-variables-2026-08-08.tsv @ dcc4f6a..5f90757 (sin cambio en estos 4 archivos en ese rango,	[REDACTADO-PRIVACIDAD]	buscado por ambas vias -- hash (produccion-modelo.tsv, 11 filas) y ruta (11 scripts de tests/, forense/notas/2026-08-13-cep-cotejo.md SS1-2) -- ninguna empata @	e2f5c57cd9103524dacf27c9d13b2c33c7dc0476daa8fc028aae5efb913a8b18	REP-94ef1242b4e2a26b15a882963d64be8dc6add355ff1a1587110c5ca5c863b070	PRESENTE-INTEGRO	E2	585	contenedor y miembros completos; anidados hasta profundidad 4	E2B-1624f0c2be9bf03e25ef4c546fbdc02a86a1ae1534666d9b49304f59c7b9c398	1c96e3beff85f4829e8afa7a316a29ae13ec4643c468b12b9577ee24ba73acfe	e2576f5812f9a75c3e9ffe5fef109e49a0ac9f0343cb02d99de6e0a7f8b03a66
envipe_2024_bd_envipe_2024_rdata	envipe2024/bd_envipe_2024_RData.zip	data_raw	17337721	[REDACTADO-PRIVACIDAD]	NO-APLICA	NO-APLICA	SIN-DEMANDA	manifiesto.yaml+relaciones.tsv+abrir4-variables-2026-08-08.tsv+verif3-variables-2026-08-08.tsv @ dcc4f6a..5f90757 (sin cambio en estos 4 archivos en ese rango,	[REDACTADO-PRIVACIDAD]	buscado por ambas vias -- hash (produccion-modelo.tsv, 11 filas) y ruta (11 scripts de tests/, forense/notas/2026-08-13-cep-cotejo.md SS1-2) -- ninguna empata @	b1217ac453b5c4c52c9bce4d050f3ea852a57577f99fbe3e9adffc45bf17b2b4	REP-762226a5f36e99fe972476fe74b43ec53aefb2f03581336237782999c944a96c	PRESENTE-INTEGRO	E2	2	contenedor y miembros completos; anidados hasta profundidad 4	E2B-5b04156d7002a09d3b044d4b35b78c783e365ae49ad78fa3de8d18ee97a86694	1c96e3beff85f4829e8afa7a316a29ae13ec4643c468b12b9577ee24ba73acfe	56144c45d5ce85cb1938a2ae15a494cad696217c65168f729d8021a5736dc453
envipe_2024_bd_envipe_2024_sav	envipe2024/bd_envipe_2024_sav.zip	data_raw	23160739	[REDACTADO-PRIVACIDAD]	NO-APLICA	NO-APLICA	SIN-DEMANDA	manifiesto.yaml+relaciones.tsv+abrir4-variables-2026-08-08.tsv+verif3-variables-2026-08-08.tsv @ dcc4f6a..5f90757 (sin cambio en estos 4 archivos en ese rango,	[REDACTADO-PRIVACIDAD]	buscado por ambas vias -- hash (produccion-modelo.tsv, 11 filas) y ruta (11 scripts de tests/, forense/notas/2026-08-13-cep-cotejo.md SS1-2) -- ninguna empata @	2af741d8d1ee16c957315b995518ac51b962d94d22a342b2ff65152e87de1ecc	REP-cb6febe82025ccbafd51d1fd52f7742d5e0befdfd89cffafd52fb6148c75c21a	PRESENTE-INTEGRO	E2	615	contenedor y miembros completos; anidados hasta profundidad 4	E2B-7ffa6edf89b802d5e3571b5feb16aa37d76f3ec842773e713757a82c3f1fb0e5	1c96e3beff85f4829e8afa7a316a29ae13ec4643c468b12b9577ee24ba73acfe	23afd3a6d886e4dfc57b36e49ca8aafe8c3e79ee96ee2b6522165389a9b82c94
envipe_2025_bd_envipe_2025_csv	envipe2025/bd_envipe_2025_csv.zip	data_raw	18933389	[REDACTADO-PRIVACIDAD]	NO-APLICA	NO-APLICA	SIN-DEMANDA	manifiesto.yaml+relaciones.tsv+abrir4-variables-2026-08-08.tsv+verif3-variables-2026-08-08.tsv @ dcc4f6a..5f90757 (sin cambio en estos 4 archivos en ese rango,	[REDACTADO-PRIVACIDAD]	buscado por ambas vias -- hash (produccion-modelo.tsv, 11 filas) y ruta (11 scripts de tests/, forense/notas/2026-08-13-cep-cotejo.md SS1-2) -- ninguna empata @	ecb39b8624b7c22fdedcec0e7802437769f22b1e3516841b82ee43bc721ceba3	REP-e97a1169f082cf4fb8aa8caa8e3c457e4ffdfd7b3e74b66832b39537d39fd1bf	PRESENTE-INTEGRO	E2	608	contenedor y miembros completos; anidados hasta profundidad 4	E2B-cda5e0b434d64009e26cc1cf4021f95737a301f8caf7d172cee2a61479a7aef3	1c96e3beff85f4829e8afa7a316a29ae13ec4643c468b12b9577ee24ba73acfe	535b1083c04987cc54ba02d72115454bc75bf2b842cd272e1bdf9584bb5d6660
envipe_2025_bd_envipe_2025_dbf	envipe2025/bd_envipe_2025_dbf.zip	data_raw	25443823	[REDACTADO-PRIVACIDAD]	NO-APLICA	NO-APLICA	SIN-DEMANDA	manifiesto.yaml+relaciones.tsv+abrir4-variables-2026-08-08.tsv+verif3-variables-2026-08-08.tsv @ dcc4f6a..5f90757 (sin cambio en estos 4 archivos en ese rango,	[REDACTADO-PRIVACIDAD]	buscado por ambas vias -- hash (produccion-modelo.tsv, 11 filas) y ruta (11 scripts de tests/, forense/notas/2026-08-13-cep-cotejo.md SS1-2) -- ninguna empata @	e83c22c5d08b9adcb6b77ecbf7086db479e39d7186a886b72b12b338335e4f91	REP-bf80c3b0c2e21941b1c56dd6aa0312cad87b2dc5bc2786c83b5ba4234498258c	PRESENTE-INTEGRO	E2	12	contenedor y miembros completos; anidados hasta profundidad 4	E2B-8448b12d52e5d4b853cf2272cccff97559332fbab4bd0dcf5b5c48e635c1e2d1	1c96e3beff85f4829e8afa7a316a29ae13ec4643c468b12b9577ee24ba73acfe	8a3ca68a8babd500770516ed947797ad2fe5f4ca155bf332514f1ff37f14f7de
envipe_2025_bd_envipe_2025_dta	envipe2025/bd_envipe_2025_dta.zip	data_raw	20577128	[REDACTADO-PRIVACIDAD]	NO-APLICA	NO-APLICA	SIN-DEMANDA	manifiesto.yaml+relaciones.tsv+abrir4-variables-2026-08-08.tsv+verif3-variables-2026-08-08.tsv @ dcc4f6a..5f90757 (sin cambio en estos 4 archivos en ese rango,	[REDACTADO-PRIVACIDAD]	buscado por ambas vias -- hash (produccion-modelo.tsv, 11 filas) y ruta (11 scripts de tests/, forense/notas/2026-08-13-cep-cotejo.md SS1-2) -- ninguna empata @	0beede6230be70e48274b2abc29799dc88c549d10ca97478c86126f909c148e3	REP-4fe429afee911e19ae64c1a30dea03e1a4259103b213c68c81275d41c7ec6b23	PRESENTE-INTEGRO	E2	602	contenedor y miembros completos; anidados hasta profundidad 4	E2B-effa5d675a69aa22820dd6a71be3db4c159b4cff2ccd29a9dc3395569f58c963	1c96e3beff85f4829e8afa7a316a29ae13ec4643c468b12b9577ee24ba73acfe	d0aa00dd03df13bf3f2905d6640c7fdc9542848b4dee19a3710b0e790c598866
envipe_2025_bd_envipe_2025_rdata	envipe2025/bd_envipe_2025_RData.zip	data_raw	16419635	[REDACTADO-PRIVACIDAD]	NO-APLICA	NO-APLICA	SIN-DEMANDA	manifiesto.yaml+relaciones.tsv+abrir4-variables-2026-08-08.tsv+verif3-variables-2026-08-08.tsv @ dcc4f6a..5f90757 (sin cambio en estos 4 archivos en ese rango,	[REDACTADO-PRIVACIDAD]	buscado por ambas vias -- hash (produccion-modelo.tsv, 11 filas) y ruta (11 scripts de tests/, forense/notas/2026-08-13-cep-cotejo.md SS1-2) -- ninguna empata @	4a7683284d2998e68045206dd19348b81891030a39c581a69569e07263c80266	REP-a226e15389073c4d6bd2ad8d8d85c731e9b0703451a34960319c569137a868a7	PRESENTE-INTEGRO	E2	2	contenedor y miembros completos; anidados hasta profundidad 4	E2B-d2b8541160a66a5c6434c01dd134f37f75c7beb5443e13be96bc503c51f067da	1c96e3beff85f4829e8afa7a316a29ae13ec4643c468b12b9577ee24ba73acfe	b417b9be205e738ef703807675787bd67f92ad8f43b826fadbdd83a63a1de2f3
envipe_2025_bd_envipe_2025_sav	envipe2025/bd_envipe_2025_sav.zip	data_raw	17346809	[REDACTADO-PRIVACIDAD]	NO-APLICA	NO-APLICA	SIN-DEMANDA	manifiesto.yaml+relaciones.tsv+abrir4-variables-2026-08-08.tsv+verif3-variables-2026-08-08.tsv @ dcc4f6a..5f90757 (sin cambio en estos 4 archivos en ese rango,	[REDACTADO-PRIVACIDAD]	buscado por ambas vias -- hash (produccion-modelo.tsv, 11 filas) y ruta (11 scripts de tests/, forense/notas/2026-08-13-cep-cotejo.md SS1-2) -- ninguna empata @	30f9d2c28a17aec2f7ee548616ef5cb0cc7d0386d5700a699f251395d65e1772	REP-a259da7cbf104095a0f211e199508dc0103d916872647251c71e998ea723542e	PRESENTE-INTEGRO	E2	632	contenedor y miembros completos; anidados hasta profundidad 4	E2B-1a3d3ef1a6fc7d41ed18faf8efb0a5b5ea4d438eba7a374212eca96cb4cfaa90	1c96e3beff85f4829e8afa7a316a29ae13ec4643c468b12b9577ee24ba73acfe	88693476c87e551321da7a6262dcf66974b40c322cfde4425f8af616a2466179
f00006635_wvs7_questionnaire_mexico_2018_spanish	F00006635-WVS7_Questionnaire_Mexico_2018_Spanish.pdf	descargas_mx	96941	WVS7 Mexico 2018 -- cuestionario (espanol), doc. N5/N15	N5,N15	NO-APLICA	REFERENCIADO-NO-ABIERTO	manifiesto.yaml+relaciones.tsv+abrir4-variables-2026-08-08.tsv+verif3-variables-2026-08-08.tsv @ dcc4f6a..5f90757 (sin cambio en estos 4 archivos en ese rango,	[REDACTADO-PRIVACIDAD]	buscado por ambas vias -- hash (produccion-modelo.tsv, 11 filas) y ruta (11 scripts de tests/, forense/notas/2026-08-13-cep-cotejo.md SS1-2) -- ninguna empata @	d84607c68d30985f537a18048c5c903b2f5b73e57420f37689ab67758bac387d	REP-e8dd52436ef959bd5c969fcd1c6715b861dfa64fe4934e66191fba372ca59b25	PRESENTE-INTEGRO	E2	369	todas las páginas; texto no extraíble se declara por página	E2B-aa34eb24a3f46bb6a014f298ae21ade62734f8d8e52bc81af7a6bae56c12130c	1c96e3beff85f4829e8afa7a316a29ae13ec4643c468b12b9577ee24ba73acfe	41d28213175c5ff6162b109cd198a72e161a7f2f215165181b04689a9ca9d6d7
f00008602_wvs7_methodology_report_mexico_2018	F00008602-WVS7_Methodology_Report_Mexico_2018.pdf	descargas_mx	320171	WVS7 Mexico 2018 -- informe de metodologia, doc. N5/N15	NO-APLICA	NO-APLICA	SIN-DEMANDA	manifiesto.yaml+relaciones.tsv+abrir4-variables-2026-08-08.tsv+verif3-variables-2026-08-08.tsv @ dcc4f6a..5f90757 (sin cambio en estos 4 archivos en ese rango,	[REDACTADO-PRIVACIDAD]	buscado por ambas vias -- hash (produccion-modelo.tsv, 11 filas) y ruta (11 scripts de tests/, forense/notas/2026-08-13-cep-cotejo.md SS1-2) -- ninguna empata @	ba4ebdd333ca4e46bb79b0ac7f8988eb4a2475ba82ec61ba87542082fe9c95ee	REP-6eb16756fa4592a1309c7385a7d7fe5185a94d8bee34208457051c2917ef244b	PRESENTE-INTEGRO	E2	152	todas las páginas; texto no extraíble se declara por página	E2B-851dcd155df38755b5b0b2ae5ebe016d04aa9222bbc0e5030e9f692fa65db361	1c96e3beff85f4829e8afa7a316a29ae13ec4643c468b12b9577ee24ba73acfe	25e262866380f9c32e4546d810d0fda59c91c30081b6db0be4f38585661384b4
f00010700_wvs7_information_about_the_team_mexico_2018	F00010700-WVS7_Information_about_the_team_Mexico_2018.pdf	descargas_mx	84609	WVS7 Mexico 2018 -- ficha del equipo ejecutor	NO-APLICA	NO-APLICA	SIN-DEMANDA	manifiesto.yaml+relaciones.tsv+abrir4-variables-2026-08-08.tsv+verif3-variables-2026-08-08.tsv @ dcc4f6a..5f90757 (sin cambio en estos 4 archivos en ese rango,	[REDACTADO-PRIVACIDAD]	buscado por ambas vias -- hash (produccion-modelo.tsv, 11 filas) y ruta (11 scripts de tests/, forense/notas/2026-08-13-cep-cotejo.md SS1-2) -- ninguna empata @	fd2d50c0cb9b7b7001f16c6d3cd45b10c73b0684ec525544e9a5ff0636e2e884	REP-2c66108adef86771a7454cdccf14d484b143cfd4226ffa4aa622e85a2a82bfbc	PRESENTE-INTEGRO	E2	1	todas las páginas; texto no extraíble se declara por página	E2B-7b92338c5d6d01a01adf7e90ed7adf7512194b97e9ce7c13eb83c59acf99451a	1c96e3beff85f4829e8afa7a316a29ae13ec4643c468b12b9577ee24ba73acfe	462db941286cb034a67798b6c13e13dfb303cdca17c063aa25785db9389bd41f
f00010701_wvs7_sample_design_mexico_2018	F00010701-WVS7_Sample_Design_Mexico_2018.pdf	descargas_mx	209667	WVS7 Mexico 2018 -- diseno muestral, doc. N5/N15	NO-APLICA	NO-APLICA	SIN-DEMANDA	manifiesto.yaml+relaciones.tsv+abrir4-variables-2026-08-08.tsv+verif3-variables-2026-08-08.tsv @ dcc4f6a..5f90757 (sin cambio en estos 4 archivos en ese rango,	[REDACTADO-PRIVACIDAD]	buscado por ambas vias -- hash (produccion-modelo.tsv, 11 filas) y ruta (11 scripts de tests/, forense/notas/2026-08-13-cep-cotejo.md SS1-2) -- ninguna empata @	148b41f4315af1060a434fe35a76e874fdae87a2db40425f679ece29f6df8b66	REP-d88406b2e7276af2bb19110c9d4bc50047c237377fd9425fa1b915b8a778fcb7	PRESENTE-INTEGRO	E2	2	todas las páginas; texto no extraíble se declara por página	E2B-3f947c962f9190352ab1eb30efe59c0cfbcc1ee57253dbd95da45bcf87a7cf91	1c96e3beff85f4829e8afa7a316a29ae13ec4643c468b12b9577ee24ba73acfe	c8a4a22ed9a753e1f93f41fa2075abf42ceca4faa4eb87ec0b742e5927f9930f
f00011928_world_values_survey_wave_7_2017_2020_mexico_v3_0	F00011928-World_Values_Survey_Wave_7_2017-2020_Mexico_v3.0.pdf	descargas_mx	3064693	WVS7 Mexico 2018 -- codebook/resultados v3.0, doc. N5/N15	NO-APLICA	NO-APLICA	SIN-DEMANDA	manifiesto.yaml+relaciones.tsv+abrir4-variables-2026-08-08.tsv+verif3-variables-2026-08-08.tsv @ dcc4f6a..5f90757 (sin cambio en estos 4 archivos en ese rango,	[REDACTADO-PRIVACIDAD]	buscado por ambas vias -- hash (produccion-modelo.tsv, 11 filas) y ruta (11 scripts de tests/, forense/notas/2026-08-13-cep-cotejo.md SS1-2) -- ninguna empata @	faee54eeaff1ca170bc86b3f26c0593df99b576d035d44055f08470f97b03005	REP-a6a3870d569b7143987963199a623cb340d3df23e8f67c6ee52eed39989981d2	PRESENTE-INTEGRO	E2	1178	todas las páginas; texto no extraíble se declara por página	E2B-385a94cbf22e8ee295b8f35a9a9ae5ce43b2424809556216c383c0c5eaae1041	1c96e3beff85f4829e8afa7a316a29ae13ec4643c468b12b9577ee24ba73acfe	a1c44e32bb1e8371f041ab494839e8656614ce9d8e74a6801b2b10b137281e44
f00013032_wvs_wave_7_mexico_spss_v5_1	F00013032-WVS_Wave_7_Mexico_Spss_v5.1.zip	descargas_mx	407655	Microdato WVS7 Mexico 2018, formato SPSS v5.1, cand. N5/N15	NO-APLICA	NO-APLICA	SIN-DEMANDA	manifiesto.yaml+relaciones.tsv+abrir4-variables-2026-08-08.tsv+verif3-variables-2026-08-08.tsv @ dcc4f6a..5f90757 (sin cambio en estos 4 archivos en ese rango,	[REDACTADO-PRIVACIDAD]	buscado por ambas vias -- hash (produccion-modelo.tsv, 11 filas) y ruta (11 scripts de tests/, forense/notas/2026-08-13-cep-cotejo.md SS1-2) -- ninguna empata @	4b5f387199ded46d22c760ef1aa65ce82f38d77efc1c75db5fc174856bdc364d	REP-17cb422eb502a0c729b899c766f45e44cca6f33863fb7e64e046a9648b14b80e	PRESENTE-INTEGRO	E2	748	contenedor y miembros completos; anidados hasta profundidad 4	E2B-505ce29ac45c1c95cbe96842e8b6243fc6966d9ab454fe8d91dc295f11073768	1c96e3beff85f4829e8afa7a316a29ae13ec4643c468b12b9577ee24ba73acfe	ffe799f60226fbf6d81ec267847d91e972d9c623a3eac2a623084454c26d8cee
f00013084_wvs_wave_7_mexico_stata_v5_1	F00013084-WVS_Wave_7_Mexico_Stata_v5.1.zip	descargas_mx	412519	Microdato WVS7 Mexico 2018, formato Stata v5.1, cand. N5/N15	NO-APLICA	NO-APLICA	SIN-DEMANDA	manifiesto.yaml+relaciones.tsv+abrir4-variables-2026-08-08.tsv+verif3-variables-2026-08-08.tsv @ dcc4f6a..5f90757 (sin cambio en estos 4 archivos en ese rango,	[REDACTADO-PRIVACIDAD]	buscado por ambas vias -- hash (produccion-modelo.tsv, 11 filas) y ruta (11 scripts de tests/, forense/notas/2026-08-13-cep-cotejo.md SS1-2) -- ninguna empata @	a676a7601e25cb15a670828d8bf2990d8a73958c7367118c3a5293c6ae84d9a4	REP-d021ad7c7eb5473ec47000d548aa5b3af78452e6fba9369506d4d5ee1e345a4f	PRESENTE-INTEGRO	E2	405	contenedor y miembros completos; anidados hasta profundidad 4	E2B-416c6e069875b92470b187ccc8fcbc6533c3f82b129cb450cfb4b0f02fc6e7c1	1c96e3beff85f4829e8afa7a316a29ae13ec4643c468b12b9577ee24ba73acfe	fda5b22c6372605fb4e83d042ea8b9efa8991df225c3a29212f22d79a38c5996
f00013146_wvs_wave_7_mexico_csv_v5_1	F00013146-WVS_Wave_7_Mexico_Csv_v5.1.zip	descargas_mx	443663	Microdato WVS7 Mexico 2018, formato CSV v5.1, cand. N5/N15	NO-APLICA	NO-APLICA	SIN-DEMANDA	manifiesto.yaml+relaciones.tsv+abrir4-variables-2026-08-08.tsv+verif3-variables-2026-08-08.tsv @ dcc4f6a..5f90757 (sin cambio en estos 4 archivos en ese rango,	[REDACTADO-PRIVACIDAD]	buscado por ambas vias -- hash (produccion-modelo.tsv, 11 filas) y ruta (11 scripts de tests/, forense/notas/2026-08-13-cep-cotejo.md SS1-2) -- ninguna empata @	cf0b774e1f6611b5531cfb66db982a8c3443e658bb0befcb1ef053d790ca4afe	REP-6ffee0ff70248c1135b4d1967b60d2e9e430559798d5c74ffb19c296df49c75d	PRESENTE-INTEGRO	E2	405	contenedor y miembros completos; anidados hasta profundidad 4	E2B-911277a19c3476bbea1d30063b5256a9a02914b3ab21d96042522183e6213978	1c96e3beff85f4829e8afa7a316a29ae13ec4643c468b12b9577ee24ba73acfe	a432a8355fa519753ec7f31974b45fcc1723c0d48462ce886b55a3f5249029bf
f00013203_wvs_wave_7_mexico_excel_v5_1	F00013203-WVS_Wave_7_Mexico_Excel_v5.1.xlsx	descargas_mx	2373291	Microdato WVS7 Mexico 2018, formato Excel v5.1, cand. N5/N15	NO-APLICA	NO-APLICA	SIN-DEMANDA	manifiesto.yaml+relaciones.tsv+abrir4-variables-2026-08-08.tsv+verif3-variables-2026-08-08.tsv @ dcc4f6a..5f90757 (sin cambio en estos 4 archivos en ese rango,	[REDACTADO-PRIVACIDAD]	buscado por ambas vias -- hash (produccion-modelo.tsv, 11 filas) y ruta (11 scripts de tests/, forense/notas/2026-08-13-cep-cotejo.md SS1-2) -- ninguna empata @	b7665211531d4dbda82640ea78f1b92b2b53820f69b1674a27018a2c7e31f200	REP-d2341197590f5a18fdb42d0128f7ea6b72481fd3c67c671c55bea453014a3180	PRESENTE-INTEGRO	E2	404	todas las hojas/tablas y encabezados; celdas de observación no persistidas	E2B-15f8e8efc519c3ecb37e7fd95b3c04ad91ecb01adea3bb0011fac59e943f9c16	1c96e3beff85f4829e8afa7a316a29ae13ec4643c468b12b9577ee24ba73acfe	75e3f963f1a65c491667a001f76d444376307617c42d50123c8a51277ef7dae4
f00013259_wvs_wave_7_mexico_exceltxt_v5_0	F00013259-WVS_Wave_7_Mexico_ExcelTxt_v5.0.xlsx	descargas_mx	2696219	Microdato WVS7 Mexico 2018, formato ExcelTxt v5.0, cand. N5/N15	NO-APLICA	NO-APLICA	SIN-DEMANDA	manifiesto.yaml+relaciones.tsv+abrir4-variables-2026-08-08.tsv+verif3-variables-2026-08-08.tsv @ dcc4f6a..5f90757 (sin cambio en estos 4 archivos en ese rango,	[REDACTADO-PRIVACIDAD]	buscado por ambas vias -- hash (produccion-modelo.tsv, 11 filas) y ruta (11 scripts de tests/, forense/notas/2026-08-13-cep-cotejo.md SS1-2) -- ninguna empata @	a2272e83db5a1ad9c6cb28fbf085a2e5b42bb0bb30764e1c2c4ab9abf72bc4d0	REP-60b649dfc9f123940a14611cf9f7038880cfe41241765ef8ed68ebcd7f3e2266	PRESENTE-INTEGRO	E2	404	todas las hojas/tablas y encabezados; celdas de observación no persistidas	E2B-40170b0d3705728b23c2ddc0867de07f80a3f92cd5308f7f7e241729c4087f1c	1c96e3beff85f4829e8afa7a316a29ae13ec4643c468b12b9577ee24ba73acfe	32ed9081e0cb18e883e556b65b313da21e83b82cf397b15aecca3734f5c98fe7
f00013316_wvs_wave_7_mexico_csvtext_v5_1	F00013316-WVS_Wave_7_Mexico_CsvText_v5.1.zip	descargas_mx	1013749	Microdato WVS7 Mexico 2018, formato CsvText v5.1, cand. N5/N15	NO-APLICA	NO-APLICA	SIN-DEMANDA	manifiesto.yaml+relaciones.tsv+abrir4-variables-2026-08-08.tsv+verif3-variables-2026-08-08.tsv @ dcc4f6a..5f90757 (sin cambio en estos 4 archivos en ese rango,	[REDACTADO-PRIVACIDAD]	buscado por ambas vias -- hash (produccion-modelo.tsv, 11 filas) y ruta (11 scripts de tests/, forense/notas/2026-08-13-cep-cotejo.md SS1-2) -- ninguna empata @	2cb902597fd6164f075b446c684fcfba16ff4969f3719a13f2f80d769005b726	REP-c043736ab55cf32ac4fb6c544b45f404575d84a2feee98f4f4338d8a2d322342	PRESENTE-INTEGRO	E2	405	contenedor y miembros completos; anidados hasta profundidad 4	E2B-d4a79098c07199fbcc161238e80a580b825c1ee9353b2654d49cc7166e78b50b	1c96e3beff85f4829e8afa7a316a29ae13ec4643c468b12b9577ee24ba73acfe	3804c812286a2decfb6ec60c2ec48f8d33a0d7567cf0937a5d22d54a269794ec
gps_dataset	[REDACTADO-PRIVACIDAD]	descargas_mx	6109324	NO-DETERMINADO-W0	NO-DETERMINADO-W0	NO-APLICA	PRESENTE-INTEGRO	manifiesto.yaml@ee50b12c2c86	NO-DETERMINADO-W0	W0 material; semántica no evaluada	00bbf0b335df3a6ec2d55e98c364c271ade4da6afda16cc6fa41f1605e51da44	REP-5ad487d9a9a00d55fd712b3e18a03554aa6b0743536c07dd4b46228f94ffb0ed	PRESENTE-INTEGRO	E2	64	contenedor y miembros completos; anidados hasta profundidad 4	E2B-12f8c8ac5cde535d19909c5f31c63241081b2c9f3e9578ec184fc7b66f8f6f65	1c96e3beff85f4829e8afa7a316a29ae13ec4643c468b12b9577ee24ba73acfe	8ee44d8e408172d497f120e6b85ca515410c62387ff19fd43db9fba40cb58304
gps_dataset_country_level	[REDACTADO-PRIVACIDAD]	descargas_mx	19034	NO-DETERMINADO-W0	NO-DETERMINADO-W0	NO-APLICA	PRESENTE-INTEGRO	manifiesto.yaml@ee50b12c2c86	NO-DETERMINADO-W0	W0 material; semántica no evaluada	6f453e8dffdf41b2f854e4ef287b377651ae8de6a9da93439b03f927e21e4074	REP-e4d8808ea1a57b812a33c453464b0a846e767defc9e844353acb8138cec7fa6a	PRESENTE-INTEGRO	E2	22	contenedor y miembros completos; anidados hasta profundidad 4	E2B-23d226f842de27ff34e1635fdab5627af4f39267999d71f657cb3786dae7655f	1c96e3beff85f4829e8afa7a316a29ae13ec4643c468b12b9577ee24ba73acfe	3a4396a1cf1ba4ac03a8095555dcce6c5b9fcbe36f6781a4ab1c03deb48b9892
gps_do_files_country_level	GPS_do-files_country_level.zip	data_raw	1362	[REDACTADO-PRIVACIDAD]	NO-APLICA	NO-APLICA	SIN-DEMANDA	manifiesto.yaml+relaciones.tsv+abrir4-variables-2026-08-08.tsv+verif3-variables-2026-08-08.tsv @ dcc4f6a..5f90757 (sin cambio en estos 4 archivos en ese rango,	[REDACTADO-PRIVACIDAD]	buscado por ambas vias -- hash (produccion-modelo.tsv, 11 filas) y ruta (11 scripts de tests/, forense/notas/2026-08-13-cep-cotejo.md SS1-2) -- ninguna empata @	1c6da5b663cfdf126b475a4e95a80eba9b42819f372d08567b0630fd8a9c90c6	REP-0e4b71d7add0bb49b938e60b47d1e66c9c937fee11150109791cd92f515a396c	PRESENTE-INTEGRO	E2	10	contenedor y miembros completos; anidados hasta profundidad 4	E2B-c8aacefd2c915d412e944bc8ffba4c519857606d9ff6b11720afc3163f84a3ce	1c96e3beff85f4829e8afa7a316a29ae13ec4643c468b12b9577ee24ba73acfe	66f57c324e96b4a70a7e11720ebff1ea210b146bdd95450a8aef60426342b01d
gps_do_files_individual_level	GPS_do-files_individual_level.zip	data_raw	3627	misma nota que gps_do_files_country_level, nivel individuo	NO-APLICA	NO-APLICA	SIN-DEMANDA	manifiesto.yaml+relaciones.tsv+abrir4-variables-2026-08-08.tsv+verif3-variables-2026-08-08.tsv @ dcc4f6a..5f90757 (sin cambio en estos 4 archivos en ese rango,	[REDACTADO-PRIVACIDAD]	buscado por ambas vias -- hash (produccion-modelo.tsv, 11 filas) y ruta (11 scripts de tests/, forense/notas/2026-08-13-cep-cotejo.md SS1-2) -- ninguna empata @	5cb6663719ebfebf2f38a2e5ff88cde530334ca050730bb32dba1d56a2d4254e	REP-8ca6fe8e5fb76fcc29f675954899e60532c29de77b64d7b09f1b4856d56c8cd1	PRESENTE-INTEGRO	E2	12	contenedor y miembros completos; anidados hasta profundidad 4	E2B-ce7ddd732ae219e177a82f6d7936a54a79ab841479d989363778c26a7a62bb6c	1c96e3beff85f4829e8afa7a316a29ae13ec4643c468b12b9577ee24ba73acfe	a8567c53770f4ecbab44e4600b6983298f630be273e096158be02e6ac6f803e1
gps_questionnaires	[REDACTADO-PRIVACIDAD]	descargas_mx	287039	NO-DETERMINADO-W0	NO-DETERMINADO-W0	NO-APLICA	PRESENTE-INTEGRO	manifiesto.yaml@ee50b12c2c86	NO-DETERMINADO-W0	W0 material; semántica no evaluada	ef0b2070e8d837cd2fa8200441b087a5e5a024a9351c1b0a5ed9becf08b80e41	REP-a7a2137f89501f579283e7880ac2674d4342bdbb8352c2b2d3c34fe86298409c	PRESENTE-INTEGRO	E2	233	contenedor y miembros completos; anidados hasta profundidad 4	E2B-df678c45a4c3b60c27a7ec65a2d26d262e8a6af5e122fd2906fbe70f40b6c97d	1c96e3beff85f4829e8afa7a316a29ae13ec4643c468b12b9577ee24ba73acfe	07cc0f6a078929a2ef52051f85639342e4dd29af79a86e5729b7f1b10cb6ce78
hogar_ensanut2024_w_icb_catlogo	hogar_ensanut2024_w_ICB.Catlogo.xlsx	descargas_mx	162227	sin uso asignado — registro de inventario	NO-APLICA	NO-APLICA	SIN-DEMANDA	manifiesto.yaml+relaciones.tsv+abrir4-variables-2026-08-08.tsv+verif3-variables-2026-08-08.tsv @ dcc4f6a..5f90757 (sin cambio en estos 4 archivos en ese rango,	[REDACTADO-PRIVACIDAD]	buscado por ambas vias -- hash (produccion-modelo.tsv, 11 filas) y ruta (11 scripts de tests/, forense/notas/2026-08-13-cep-cotejo.md SS1-2) -- ninguna empata @	b5b9792e92287091a89e57f13f13a4b89aab4b27a060c4ea7e1cd375041716fd	REP-e41964424e5ecd16de466c86462c785734e3bc57d6f167184c8ac098f1f80246	PRESENTE-INTEGRO	E2	212	todas las hojas/tablas y encabezados; celdas de observación no persistidas	E2B-3112e818f06cd8be34a85341a2c83b418c3f54ef9cbe22a1afc56e5356d54188	1c96e3beff85f4829e8afa7a316a29ae13ec4643c468b12b9577ee24ba73acfe	16257bed0d0469af9e9336369e3bdb17fc0655c430dc1e4d6b26cb85f0fc9751
hogar_ensanut2024_w_icb_csv_csv	hogar_ensanut2024_w_ICB.csv.csv.zip	descargas_mx	996094	sin uso asignado — registro de inventario	NO-APLICA	NO-APLICA	SIN-DEMANDA	manifiesto.yaml+relaciones.tsv+abrir4-variables-2026-08-08.tsv+verif3-variables-2026-08-08.tsv @ dcc4f6a..5f90757 (sin cambio en estos 4 archivos en ese rango,	[REDACTADO-PRIVACIDAD]	buscado por ambas vias -- hash (produccion-modelo.tsv, 11 filas) y ruta (11 scripts de tests/, forense/notas/2026-08-13-cep-cotejo.md SS1-2) -- ninguna empata @	fb27bb64c3fbd2344ff8966ad69c4675d2c0a0f86b87225b0c6899bc8b2b4212	REP-5dceea3178c2d7a8f466c593ac588897d9b220fa25d678902cdf301a3f644850	PRESENTE-INTEGRO	E2	205	contenedor y miembros completos; anidados hasta profundidad 4	E2B-4319217c7d73a02fe9ed2aec2663901ce24dadd8ab8c789c7765245a35d9dd10	1c96e3beff85f4829e8afa7a316a29ae13ec4643c468b12b9577ee24ba73acfe	639f1579bf4e9510ac48dc15386e6a471f405736d3248718cfe130061da248df
indice_de_bienestar_cuestionarios	Indice de Bienestar.Cuestionarios.docx	descargas_mx	13255	documentación — cuestionario, Índice de Bienestar	NO-APLICA	NO-APLICA	SIN-DEMANDA	manifiesto.yaml+relaciones.tsv+abrir4-variables-2026-08-08.tsv+verif3-variables-2026-08-08.tsv @ dcc4f6a..5f90757 (sin cambio en estos 4 archivos en ese rango,	[REDACTADO-PRIVACIDAD]	buscado por ambas vias -- hash (produccion-modelo.tsv, 11 filas) y ruta (11 scripts de tests/, forense/notas/2026-08-13-cep-cotejo.md SS1-2) -- ninguna empata @	6913725196ae2a3b52f11a1d8d3d650336a13840ad5279daecce0d89048d93f5	REP-040f9511280a653ff74894e148578c5c469fc6f65d642e18ea5b4deccea74a95	PRESENTE-INTEGRO	E2	6	todos los párrafos y tablas; texto depurado	E2B-71b1e185bdeea0df2793ac7f973718d5d513c19847099b85a44fe9d923bd3647	1c96e3beff85f4829e8afa7a316a29ae13ec4643c468b12b9577ee24ba73acfe	9746d14c2853af6a83c2339104d6bb62300dcdd04b5c03b2dce6966f7211bbee
inegi_encoap_2023_csv	inegi_encoap_2023_csv.zip	data_raw	420306	NO-DETERMINADO-W0	NO-DETERMINADO-W0	NO-APLICA	PRESENTE-INTEGRO	manifiesto.yaml@ee50b12c2c86	NO-DETERMINADO-W0	W0 material; semántica no evaluada	04d31a66a3c5122dc31858097ecb06a79a1b3d46eb2395fb6a62095f340eb108	REP-f83caa7f69b10c62a6a53b0f7019136baa1be8d7b231ae4175024365618c83bb	PRESENTE-INTEGRO	E2	246	contenedor y miembros completos; anidados hasta profundidad 4	E2B-b3746cb5a640b05a5bddd8170b19604820992464f53ce91ec0f20669f884f044	1c96e3beff85f4829e8afa7a316a29ae13ec4643c468b12b9577ee24ba73acfe	02fa4c2792f183c694b9aeca43bbbc2985e3200c78a7e2a4579add5bf047f5d5
inegi_laboratorio_microdatos_solicitud_uso	R2.1_R2.2_R10.2_RNM_microdato/inegi_laboratorio_microdatos_solicitud_uso.pdf	data_raw	467097	B.5 -- condicion exacta de acceso al Laboratorio de Microdatos INEGI, tramite para el carril del usuario (no automatizable, dias-semanas)	NO-APLICA	NO-APLICA	SIN-DEMANDA	manifiesto.yaml+relaciones.tsv+abrir4-variables-2026-08-08.tsv+verif3-variables-2026-08-08.tsv @ dcc4f6a..5f90757 (sin cambio en estos 4 archivos en ese rango,	[REDACTADO-PRIVACIDAD]	buscado por ambas vias -- hash (produccion-modelo.tsv, 11 filas) y ruta (11 scripts de tests/, forense/notas/2026-08-13-cep-cotejo.md SS1-2) -- ninguna empata @	5a5d041da5edbe1d17ef608c9eb4d072f34a0b7811c20c368c223cf08bb15c19	REP-d0e9637bca824500c682ed53c248d7a6305fc4ab8b394c206435f05e763d0b0e	PRESENTE-INTEGRO	E2	1	apertura detenida en parser de formato: PermissionError	E2B-b19f7d5c56a60f34a9b60bafe4cc853a9aac0afd0bea24ae9852b15bb9499b30	1c96e3beff85f4829e8afa7a316a29ae13ec4643c468b12b9577ee24ba73acfe	c4484bcb528cc754e049cba5a4133aaebbc5754462fe9cd7e7f8d31ecff4af5d
inegi_rnm_518_download_19219	R2.1_R2.2_R10.2_RNM_microdato/inegi_rnm_518_download_19219_informe_final_levantamiento.pdf	data_raw	3942875	B.1 -- que es realmente catalog/518/download/19219 (uno de los dos enlaces sin resolver que dejo EXPLORA-1)	NO-APLICA	NO-APLICA	SIN-DEMANDA	manifiesto.yaml+relaciones.tsv+abrir4-variables-2026-08-08.tsv+verif3-variables-2026-08-08.tsv @ dcc4f6a..5f90757 (sin cambio en estos 4 archivos en ese rango,	[REDACTADO-PRIVACIDAD]	buscado por ambas vias -- hash (produccion-modelo.tsv, 11 filas) y ruta (11 scripts de tests/, forense/notas/2026-08-13-cep-cotejo.md SS1-2) -- ninguna empata @	ccde5597f5afe98464a4af1298d37223c69641a25b12d0d1b51f4cf91f30fa24	REP-e87a32257abf2b4e38fd720e6653a314e2d661ce669898ca5c4373b1a4bb6166	PRESENTE-INTEGRO	E2	77	todas las páginas; texto no extraíble se declara por página	E2B-c64a8fb073500ea48758737d944717b4feff730429ba88e3ea19bb4cadc5f18f	1c96e3beff85f4829e8afa7a316a29ae13ec4643c468b12b9577ee24ba73acfe	b1bbcd7347c9a4d483505e63922d3d6e7fb7a4cc40d11eae567fd2ca8580b20f
inegi_rnm_catalog_330_enaproce2015	R2.1_R2.2_R10.2_RNM_microdato/inegi_rnm_catalog_330_enaproce2015.html	data_raw	147583	R2.1/R2.2/R10.2 y ENAPROCE en general -- pagina completa del catalogo RNM 330, incluye seccion #metadata-data_access con politica de acceso literal	NO-APLICA	NO-APLICA	SIN-DEMANDA	manifiesto.yaml+relaciones.tsv+abrir4-variables-2026-08-08.tsv+verif3-variables-2026-08-08.tsv @ dcc4f6a..5f90757 (sin cambio en estos 4 archivos en ese rango,	[REDACTADO-PRIVACIDAD]	buscado por ambas vias -- hash (produccion-modelo.tsv, 11 filas) y ruta (11 scripts de tests/, forense/notas/2026-08-13-cep-cotejo.md SS1-2) -- ninguna empata @	25d01ec9153514adb967c76979923e1ac4a195bb5d4f4361496f7c46e6854881	REP-b4a11c1b78215c8fe861f7b6756cdbff00a9831a9144241526b334f72dbbd290	PRESENTE-INTEGRO	E2	54	documento completo; enlaces no seguidos y scripts no ejecutados	E2B-5c623004b9c9d06e258201159afb522b47dc7dfef720ce01dca41510edc07f41	1c96e3beff85f4829e8afa7a316a29ae13ec4643c468b12b9577ee24ba73acfe	d3cd6d81fbe33da96ef16123ea2c02c67b38ea419d6e6f4996bb0c64a98d623b
inegi_rnm_catalog_518_enaproce2018	R2.1_R2.2_R10.2_RNM_microdato/inegi_rnm_catalog_518_enaproce2018.html	data_raw	167071	R2.1/R2.2/R10.2 -- pagina completa del catalogo RNM 518, incluye los dos enlaces download/13137 y download/19219, y la politica de acceso literal	NO-APLICA	NO-APLICA	SIN-DEMANDA	manifiesto.yaml+relaciones.tsv+abrir4-variables-2026-08-08.tsv+verif3-variables-2026-08-08.tsv @ dcc4f6a..5f90757 (sin cambio en estos 4 archivos en ese rango,	[REDACTADO-PRIVACIDAD]	buscado por ambas vias -- hash (produccion-modelo.tsv, 11 filas) y ruta (11 scripts de tests/, forense/notas/2026-08-13-cep-cotejo.md SS1-2) -- ninguna empata @	67dac48414d11adfcaf2b0fd25c1848a54f3233b33194dbc5eccbdf3ad7b1ffd	REP-deb0bcce7078059e85136f295b13c304ee90dac792e3c3e3991de0a45bc15860	PRESENTE-INTEGRO	E2	56	documento completo; enlaces no seguidos y scripts no ejecutados	E2B-06cff67d709a656c33ddd4868c3548f731dfd344be18953fbb91c1ba0488ac31	1c96e3beff85f4829e8afa7a316a29ae13ec4643c468b12b9577ee24ba73acfe	ecd2d6ff05c55efc64d147940b8afdae6148d308d6f44d0f959fc71e1c1a275b
inegi_rnm_search_intento_param	R2.1_R2.2_R10.2_RNM_microdato/inegi_rnm_catalog_search_intento_search_param.html	data_raw	30145	B.3 -- evidencia de que el buscador interno RNM no se deja filtrar por query string simple	NO-APLICA	NO-APLICA	SIN-DEMANDA	manifiesto.yaml+relaciones.tsv+abrir4-variables-2026-08-08.tsv+verif3-variables-2026-08-08.tsv @ dcc4f6a..5f90757 (sin cambio en estos 4 archivos en ese rango,	[REDACTADO-PRIVACIDAD]	buscado por ambas vias -- hash (produccion-modelo.tsv, 11 filas) y ruta (11 scripts de tests/, forense/notas/2026-08-13-cep-cotejo.md SS1-2) -- ninguna empata @	a466058ec91f9acf31e3cff06278f1618adedf9ec72c7c81adc7e7fe63c4c428	REP-7504eec13cd60888ed9dc53ab406a45f73adf9915791b5ca18eaa3b482dd9522	PRESENTE-INTEGRO	E2	18	documento completo; enlaces no seguidos y scripts no ejecutados	E2B-d940ad05c6619595af535ade47ee7dc53bcaaa14ad47177c14ecc46bf6e7da79	1c96e3beff85f4829e8afa7a316a29ae13ec4643c468b12b9577ee24ba73acfe	c609291b612b095a6ead2eb8b83d27850861d8f8da34a5f2eb06ec96c603c086
integrantes_ensanut2024_w_icb_catlogo	integrantes_ensanut2024_w_ICB.Catlogo.xlsx	descargas_mx	197249	sin uso asignado — registro de inventario	NO-APLICA	NO-APLICA	SIN-DEMANDA	manifiesto.yaml+relaciones.tsv+abrir4-variables-2026-08-08.tsv+verif3-variables-2026-08-08.tsv @ dcc4f6a..5f90757 (sin cambio en estos 4 archivos en ese rango,	[REDACTADO-PRIVACIDAD]	buscado por ambas vias -- hash (produccion-modelo.tsv, 11 filas) y ruta (11 scripts de tests/, forense/notas/2026-08-13-cep-cotejo.md SS1-2) -- ninguna empata @	d0acf24dd918f07c4462ade607171933a2756f4ff6a2fa8fff64193ea4566448	REP-b1a9a617af4bab0303ef059c01f032059d58d158fc89ef62a6b75b397021ff6a	PRESENTE-INTEGRO	E2	269	todas las hojas/tablas y encabezados; celdas de observación no persistidas	E2B-4b7f9611225dbb26870a6cd06d859fba172b0f76e9f517f2f01e18beeb0617ba	1c96e3beff85f4829e8afa7a316a29ae13ec4643c468b12b9577ee24ba73acfe	b4c796958e6ca1769ca5c26b981f767750cfd3131eb8bcf7be93a0364f6f486c
integrantes_ensanut2024_w_icb_csv_csv	integrantes_ensanut2024_w_ICB.csv.csv.zip	descargas_mx	1858331	sin uso asignado — registro de inventario	NO-APLICA	NO-APLICA	SIN-DEMANDA	manifiesto.yaml+relaciones.tsv+abrir4-variables-2026-08-08.tsv+verif3-variables-2026-08-08.tsv @ dcc4f6a..5f90757 (sin cambio en estos 4 archivos en ese rango,	[REDACTADO-PRIVACIDAD]	buscado por ambas vias -- hash (produccion-modelo.tsv, 11 filas) y ruta (11 scripts de tests/, forense/notas/2026-08-13-cep-cotejo.md SS1-2) -- ninguna empata @	1dc1277b38b131a5768acffc6679aa30f3c873be5fd695c61da93e126d2f07da	REP-a2174b4906010d05fa38980c90eb996d96dd653095f06adcd01575f84b11688d	PRESENTE-INTEGRO	E2	262	contenedor y miembros completos; anidados hasta profundidad 4	E2B-bedb895521645f1f07387e899228b57bf28bf52a905e863df022785bce6efc79	1c96e3beff85f4829e8afa7a316a29ae13ec4643c468b12b9577ee24ba73acfe	40e5e094969044cd53c5d5fa46029582f3f222cd4e8d9d304e188b8d558102a8
lapop_abmex2023_cuestionario_mexico	lapop_abmex2023_cuestionario.pdf	data_raw	627114	C-bis: búsqueda de reactivo de deferencia jerárquica (forense/notas/2026-08-03-cbis-deferencia-externas.md)	NO-APLICA	NO-APLICA	SIN-DEMANDA	manifiesto.yaml+relaciones.tsv+abrir4-variables-2026-08-08.tsv+verif3-variables-2026-08-08.tsv @ dcc4f6a..5f90757 (sin cambio en estos 4 archivos en ese rango,	[REDACTADO-PRIVACIDAD]	buscado por ambas vias -- hash (produccion-modelo.tsv, 11 filas) y ruta (11 scripts de tests/, forense/notas/2026-08-13-cep-cotejo.md SS1-2) -- ninguna empata @	0cf179c783d74f779eb7b0f0d880a59d6bfbd0c4ae53e394563f7a26c954b2d2	REP-e0d9efe3ec34ba35ddf26d291e02c59b4f44350599b1425ba7e2d3e483ecfb3a	PRESENTE-INTEGRO	E2	1152	todas las páginas; texto no extraíble se declara por página	E2B-c3b0e84795065fd4951841d406c7d699ebfeaf9f6323218b05c49c9b6c338b55	1c96e3beff85f4829e8afa7a316a29ae13ec4643c468b12b9577ee24ba73acfe	fbcdaf6db15497fa9e79371a75f5ce4f9242fa7ff90b03df26b759ad2aeca95b
latinobarometro2024_bd_stata	latinobarometro2024_bd_stata.zip	data_raw	6691592	[REDACTADO-PRIVACIDAD]	NO-APLICA	NO-APLICA	SIN-DEMANDA	manifiesto.yaml+relaciones.tsv+abrir4-variables-2026-08-08.tsv+verif3-variables-2026-08-08.tsv @ dcc4f6a..5f90757 (sin cambio en estos 4 archivos en ese rango,	[REDACTADO-PRIVACIDAD]	buscado por ambas vias -- hash (produccion-modelo.tsv, 11 filas) y ruta (11 scripts de tests/, forense/notas/2026-08-13-cep-cotejo.md SS1-2) -- ninguna empata @	469a94c55395b36c4d1f013851a7e79d0619620640a64653eca79afce21f5e97	REP-e7d01dc6c40d14d5c1b0fb229f46ff4f97d080c402468cc448aa62166a00214f	PRESENTE-INTEGRO	E2	1331	contenedor y miembros completos; anidados hasta profundidad 4	E2B-ac34f27dbebc3055ef3282ee0fd2fd03ed6f046d98110d8a4acca398d490c9af	1c96e3beff85f4829e8afa7a316a29ae13ec4643c468b12b9577ee24ba73acfe	37b04fa7101986309babd492f648e7e55806cdd48f72ddf6d5ea79b477452567
latinobarometro2024_cuestionario_esp	latinobarometro2024_cuestionario_esp.pdf	data_raw	430128	C-bis: búsqueda de reactivo de deferencia jerárquica (forense/notas/2026-08-03-cbis-deferencia-externas.md)	NO-APLICA	NO-APLICA	SIN-DEMANDA	manifiesto.yaml+relaciones.tsv+abrir4-variables-2026-08-08.tsv+verif3-variables-2026-08-08.tsv @ dcc4f6a..5f90757 (sin cambio en estos 4 archivos en ese rango,	[REDACTADO-PRIVACIDAD]	buscado por ambas vias -- hash (produccion-modelo.tsv, 11 filas) y ruta (11 scripts de tests/, forense/notas/2026-08-13-cep-cotejo.md SS1-2) -- ninguna empata @	f1fe995d24081906d91ff7646aa4afa7ecdf0e1728c3192d1dd264b89172fb7b	REP-e2967859f52b342105c708b6a697ac0beef5aa73d2bb7daf66e8e871153ab40b	PRESENTE-INTEGRO	E2	321	todas las páginas; texto no extraíble se declara por página	E2B-04e240299cc7bda7b0bb7a29e071cd1b1f7f2c1aa17ace0d372cc87477996448	1c96e3beff85f4829e8afa7a316a29ae13ec4643c468b12b9577ee24ba73acfe	554f6eaba79b36b803413f07f76787c880b8637825cdb5d6b145a13fb7cfc320
latinobarometro2024_fichas_tecnicas	latinobarometro2024_fichas_tecnicas.pdf	data_raw	16325	C-bis: confirmar país-año-n de la muestra mexicana 2024 para el ítem P4NOIJ (forense/notas/2026-08-03-cbis-deferencia-externas.md)	NO-APLICA	NO-APLICA	SIN-DEMANDA	manifiesto.yaml+relaciones.tsv+abrir4-variables-2026-08-08.tsv+verif3-variables-2026-08-08.tsv @ dcc4f6a..5f90757 (sin cambio en estos 4 archivos en ese rango,	[REDACTADO-PRIVACIDAD]	buscado por ambas vias -- hash (produccion-modelo.tsv, 11 filas) y ruta (11 scripts de tests/, forense/notas/2026-08-13-cep-cotejo.md SS1-2) -- ninguna empata @	e5dc667acbb2ba3d8518462ba669bcfaa66e01d6acc13e46239c5af7d20bfbca	REP-a2466c24d64b43c2292f5a7dbb65f2153b19c348d9c25107b86355289a10a382	PRESENTE-INTEGRO	E2	42	todas las páginas; texto no extraíble se declara por página	E2B-4257c85683ddca467cbc8db74e986f32f105c1a65994b552078851559f2fc961	1c96e3beff85f4829e8afa7a316a29ae13ec4643c468b12b9577ee24ba73acfe	c4837017e27b2b96f93ff0d159f49954fab2fb1859993657e97f3fb57e2e4682
license	[REDACTADO-PRIVACIDAD]	descargas_mx	14974	NO-DETERMINADO-W0	NO-DETERMINADO-W0	NO-APLICA	PRESENTE-INTEGRO	manifiesto.yaml@ee50b12c2c86	NO-DETERMINADO-W0	W0 material; semántica no evaluada	df9617509f34b9cbe7e8112356cb9f2a3152daeea5921c6c31df17b98518c0c2	REP-8e7fda83f194e6ed56d6c7beb82d950bf8d911a8e5dfcaa1e7582b45d138cf91	PRESENTE-INTEGRO	E2	5	clasificación segura y estructura; líneas ordinarias no persistidas	E2B-1a1f6d18cc66ad9f0db7da5567dc970dd96b1bdc621b683dad0ed531b703c65a	1c96e3beff85f4829e8afa7a316a29ae13ec4643c468b12b9577ee24ba73acfe	e2f4065c8f62b6d018a7e82fe984ffc2b23c4c97355ac1ce9ac15fbecd64d24a
menores_ensanut2024_w_catlogo	menores_ensanut2024_w.Catlogo.xlsx	descargas_mx	197357	sin uso asignado — registro de inventario	NO-APLICA	NO-APLICA	SIN-DEMANDA	manifiesto.yaml+relaciones.tsv+abrir4-variables-2026-08-08.tsv+verif3-variables-2026-08-08.tsv @ dcc4f6a..5f90757 (sin cambio en estos 4 archivos en ese rango,	[REDACTADO-PRIVACIDAD]	buscado por ambas vias -- hash (produccion-modelo.tsv, 11 filas) y ruta (11 scripts de tests/, forense/notas/2026-08-13-cep-cotejo.md SS1-2) -- ninguna empata @	2aa89c4b97ecf310e96f4c6ab9b23388194353c30f3bba371b5aad0f71c660a6	REP-cc2e80b04c367d9e577cc78204a4b699314a69b58a72989cac210b5bf33f7892	PRESENTE-INTEGRO	E2	492	todas las hojas/tablas y encabezados; celdas de observación no persistidas	E2B-be2ac9c0d7dea0fd3ca4ab04c34854d851ad829aed2b350147f04c62b7c267c2	1c96e3beff85f4829e8afa7a316a29ae13ec4643c468b12b9577ee24ba73acfe	35d6c1a8b45be724d32947f11299a89f22e5f08a9fbcd4ea5d73aa62f5f04a34
menores_ensanut2024_w_csv_csv	menores_ensanut2024_w.csv.csv.zip	descargas_mx	617777	sin uso asignado — registro de inventario	NO-APLICA	NO-APLICA	SIN-DEMANDA	manifiesto.yaml+relaciones.tsv+abrir4-variables-2026-08-08.tsv+verif3-variables-2026-08-08.tsv @ dcc4f6a..5f90757 (sin cambio en estos 4 archivos en ese rango,	[REDACTADO-PRIVACIDAD]	buscado por ambas vias -- hash (produccion-modelo.tsv, 11 filas) y ruta (11 scripts de tests/, forense/notas/2026-08-13-cep-cotejo.md SS1-2) -- ninguna empata @	df07aa31dfc8838869d098d9e128a9800262cc713218a4e470bed35cbd88809f	REP-4182e26d412c9628e4f5ff9542433d4edb289bf5d0f52557eebc62df3c120daf	PRESENTE-INTEGRO	E2	485	contenedor y miembros completos; anidados hasta profundidad 4	E2B-8797fac67aa50aac8d206690b206103337e6350746567d43018129f22df9b5cc	1c96e3beff85f4829e8afa7a316a29ae13ec4643c468b12b9577ee24ba73acfe	e7119edb83f2fa00806b2570c6125349c33e055ab802faa045d6741118880771
menores_ensanut2024_w_stata_stata	menores_ensanut2024_w.stata.stata.zip	descargas_mx	1133030	sin uso asignado — registro de inventario	NO-APLICA	NO-APLICA	SIN-DEMANDA	manifiesto.yaml+relaciones.tsv+abrir4-variables-2026-08-08.tsv+verif3-variables-2026-08-08.tsv @ dcc4f6a..5f90757 (sin cambio en estos 4 archivos en ese rango,	[REDACTADO-PRIVACIDAD]	buscado por ambas vias -- hash (produccion-modelo.tsv, 11 filas) y ruta (11 scripts de tests/, forense/notas/2026-08-13-cep-cotejo.md SS1-2) -- ninguna empata @	cadf52a7127a6feeb2b37b4b299c96ab559e1eb78c1ee7022db58618ff0442bb	REP-6d509a3b50b008e3b3baddeb8b0ee27d1620958e3f54e52d63c61d84cee8bcbc	PRESENTE-INTEGRO	E2	485	contenedor y miembros completos; anidados hasta profundidad 4	E2B-a951f8de4ff2bfb57c6f8cb2743249c757a3cc6690a15ebe456bcdc59ac9de42	1c96e3beff85f4829e8afa7a316a29ae13ec4643c468b12b9577ee24ba73acfe	cbfd73b674f789d914d343a890fe87ce16289ad234cb239b6d49123ddc9ca25e
mex_2010_iepep_v01_m_v01_a_puf	[REDACTADO-PRIVACIDAD]	descargas_mx	1634808	NO-DETERMINADO-W0	NO-DETERMINADO-W0	NO-APLICA	PRESENTE-INTEGRO	manifiesto.yaml@ee50b12c2c86	NO-DETERMINADO-W0	W0 material; semántica no evaluada	1be3954374452925c0687f8277536cb9a2756f7eabf24eefe5463cd74a552e7b	REP-e4fef125a3dc2f5ced6792d830bd07a0b541912063972716f354231bad0b3c57	PRESENTE-INTEGRO	E2	50307	todos los elementos; valores de texto/atributos no persistidos	E2B-3c554e1b609c5b6ad3180aad3b500ba893aefc94a8b7403d233c78e4f972b037	1c96e3beff85f4829e8afa7a316a29ae13ec4643c468b12b9577ee24ba73acfe	dccb7768a90c0549f81ea4d3897a940babd89d6cc9a551cf99c9f0325129a226
mex_2010_iepep_v01_m_v01_a_puf_ascii_sas	[REDACTADO-PRIVACIDAD]	descargas_mx	1247226	NO-DETERMINADO-W0	NO-DETERMINADO-W0	NO-APLICA	PRESENTE-INTEGRO	manifiesto.yaml@ee50b12c2c86	NO-DETERMINADO-W0	W0 material; semántica no evaluada	8e245bd56744407ed9730abc1f01db7fdfa5ef1c0710988653c4f721ca10782b	REP-e0c4dd254961410d15c899f36c1ed1bada67a2fdf5f4899cff97aa19e61afead	PRESENTE-INTEGRO	E2	14871	contenedor y miembros completos; anidados hasta profundidad 4	E2B-2294762e1b69fabca537d83cee53602adc120202f98f4d98d0fe9ce2233409f2	1c96e3beff85f4829e8afa7a316a29ae13ec4643c468b12b9577ee24ba73acfe	3e9ee3f5b8510f4baf477d8e9f05cb93a2a1f32fc20f9216a440eafc56012849
mex_2010_iepep_v01_m_v01_a_puf_ascii_spss	[REDACTADO-PRIVACIDAD]	descargas_mx	1241470	NO-DETERMINADO-W0	NO-DETERMINADO-W0	NO-APLICA	PRESENTE-INTEGRO	manifiesto.yaml@ee50b12c2c86	NO-DETERMINADO-W0	W0 material; semántica no evaluada	6a214a241bcb70e5d08123771e3a070eb213064a76d9764b008fd57ac30e5331	REP-18682fedf58e42bb517eb715bb4ee8638e0f5bce822870c8e31a8836743d2865	PRESENTE-INTEGRO	E2	14871	contenedor y miembros completos; anidados hasta profundidad 4	E2B-edce4ac63837d30fb7ed433dc384869ef329c729e0613d4081c77294ad2f9d2d	1c96e3beff85f4829e8afa7a316a29ae13ec4643c468b12b9577ee24ba73acfe	3e4d22c366590251d9b2e29e89d0d8cea720d412fbf02194882adc67081af68f
mex_2010_iepep_v01_m_v01_a_puf_spss	[REDACTADO-PRIVACIDAD]	descargas_mx	1296385	NO-DETERMINADO-W0	NO-DETERMINADO-W0	NO-APLICA	PRESENTE-INTEGRO	manifiesto.yaml@ee50b12c2c86	NO-DETERMINADO-W0	W0 material; semántica no evaluada	567e024217b6ff3a095ba2e9cd92cddba7e45e1b4c56bcaa7cec8ac7e3959dc6	REP-7f8cdcb2ee07892a92b9aebf01bce845b5432304069518570f4be562e6db3a5e	PRESENTE-INTEGRO	E2	1547	contenedor y miembros completos; anidados hasta profundidad 4	E2B-f06c5352a61465d26e531337808141889be3129763c009243634e15046e35283	1c96e3beff85f4829e8afa7a316a29ae13ec4643c468b12b9577ee24ba73acfe	4f95af81af103b5572e72e8ffc93c39db9d970740be6d142f63dc6f5d5986782
mex_2010_iepep_v01_m_v01_a_puf_stata8	[REDACTADO-PRIVACIDAD]	descargas_mx	1225843	NO-DETERMINADO-W0	NO-DETERMINADO-W0	NO-APLICA	PRESENTE-INTEGRO	manifiesto.yaml@ee50b12c2c86	NO-DETERMINADO-W0	W0 material; semántica no evaluada	9b1777f4cc49d69381bd911f87ed770e33a351eb0dd44a174796b783b1ce6c43	REP-29f09f0a76c992af7ad0bfa54060c29fb49d60e12cdf7c20109b459d516a04de	PRESENTE-INTEGRO	E2	1297	contenedor y miembros completos; anidados hasta profundidad 4	E2B-5ddd5f3bf85bb13a68e11cb4356fbebb2cfff8221bdc035f5e3a424e58f692e6	1c96e3beff85f4829e8afa7a316a29ae13ec4643c468b12b9577ee24ba73acfe	a8a4dcab7db7986e49f7213c44dd429c605cc829e0f652a2ce17c2b243d1fb2e
mex_2011_lfepie_v01_m	[REDACTADO-PRIVACIDAD]	descargas_mx	317584	NO-DETERMINADO-W0	NO-DETERMINADO-W0	NO-APLICA	PRESENTE-INTEGRO	manifiesto.yaml@ee50b12c2c86	NO-DETERMINADO-W0	W0 material; semántica no evaluada	c7ae3180b897a65982aa2c49fdbc96671687867e54d69487f3771ff9545461f4	REP-815ac8c6bf4390eb29293378793023720c41a0b78154b89704489922276a649e	PRESENTE-INTEGRO	E2	8432	todos los elementos; valores de texto/atributos no persistidos	E2B-fe35ea6bc440a1296fb9ed9a7352864b500b85457d491a6c66fb1805b1ffbe52	1c96e3beff85f4829e8afa7a316a29ae13ec4643c468b12b9577ee24ba73acfe	61357d702621258caa0c79b746f665633dd1bef6ccf884aca4bb529b43f35ece
mex_2011_lfepie_v01_m_ascii_sas_spss	[REDACTADO-PRIVACIDAD]	descargas_mx	223372	NO-DETERMINADO-W0	NO-DETERMINADO-W0	NO-APLICA	PRESENTE-INTEGRO	manifiesto.yaml@ee50b12c2c86	NO-DETERMINADO-W0	W0 material; semántica no evaluada	5d6dcb6137344c0ab041a4627561ba4a74b4dd060089980e68bec4eba986fe01	REP-9399680b5f081b2a415e1cd6057774cf526a8c692c91271ec3e69aaa1ae56202	PRESENTE-INTEGRO	E2	16	contenedor y miembros completos; anidados hasta profundidad 4	E2B-730d3c0a38aa4a38987670b7053dbf0668f51a4541d29aaf72f0bc1942ccf6ae	1c96e3beff85f4829e8afa7a316a29ae13ec4643c468b12b9577ee24ba73acfe	9e8d21bcccea59909661851bb2ec73577b9acffcfc0afebb90edb22a4d6b27f8
mex_2011_lfepie_v01_m_spss	[REDACTADO-PRIVACIDAD]	descargas_mx	192837	NO-DETERMINADO-W0	NO-DETERMINADO-W0	NO-APLICA	PRESENTE-INTEGRO	manifiesto.yaml@ee50b12c2c86	NO-DETERMINADO-W0	W0 material; semántica no evaluada	cbebbf0faf1375ea2cf7d2e73ed995f11288e6ab6969dc1ddcbbdfbe6289a69c	REP-57a2b9c9a38fe94c5afe0768966db9f1a5236266a8eb1373d7b2afbb0ae91592	PRESENTE-INTEGRO	E2	227	contenedor y miembros completos; anidados hasta profundidad 4	E2B-6cdc979e71ddf9d0ec597dabe6eb20aeda097dcae7a6136b6b8a0bbb88ebbc19	1c96e3beff85f4829e8afa7a316a29ae13ec4643c468b12b9577ee24ba73acfe	2e0f4fd6c5189b7d3b8db10b86e3a3e7a221098588277e24a32a6fe58e22a2f8
mex_2011_lfepie_v01_m_stata8	[REDACTADO-PRIVACIDAD]	descargas_mx	245845	NO-DETERMINADO-W0	NO-DETERMINADO-W0	NO-APLICA	PRESENTE-INTEGRO	manifiesto.yaml@ee50b12c2c86	NO-DETERMINADO-W0	W0 material; semántica no evaluada	765dc43b7d556723ca358002e4b479f774f7b6e502ea086c8e182f76382efb8b	REP-eea738cbbd2827df7aa35798db8aa1f4e23296fa7cf292bfd8a2f08dfda71bea	PRESENTE-INTEGRO	E2	178	contenedor y miembros completos; anidados hasta profundidad 4	E2B-de8b6845ec071803da46c00d24a9cb74a24950919c1612ab2c0f7e55bb14f199	1c96e3beff85f4829e8afa7a316a29ae13ec4643c468b12b9577ee24ba73acfe	49e0b747842c4f4a03f38638f206642fecbd59c4cd2e84502f74a73be43da76c
mex_2012_2014_ecepie_v01_m_v01_a_puf	[REDACTADO-PRIVACIDAD]	descargas_mx	1258485	NO-DETERMINADO-W0	NO-DETERMINADO-W0	NO-APLICA	PRESENTE-INTEGRO	manifiesto.yaml@ee50b12c2c86	NO-DETERMINADO-W0	W0 material; semántica no evaluada	714056e1f36d52bc08236cf3c0a6fe084055db1fa3d9bb86d6b9903c954b33cf	REP-3393734fd46d7ddff863ce5189b3a86aaf232d1bb90b8de5cb54d338ab4d7ec8	PRESENTE-INTEGRO	E2	34307	todos los elementos; valores de texto/atributos no persistidos	E2B-fd2bd51efc200ceebae4d730f6134d09e7cfa33448baf33639644fa6460a7aff	1c96e3beff85f4829e8afa7a316a29ae13ec4643c468b12b9577ee24ba73acfe	82c890e26124183034eeabc40bc3d945b3eaf4d9ab618c90113127ddafefa0f5
mex_2012_2014_ecepie_v01_m_v01_a_puf_sas_spss_ascii	[REDACTADO-PRIVACIDAD]	descargas_mx	1147259	NO-DETERMINADO-W0	NO-DETERMINADO-W0	NO-APLICA	PRESENTE-INTEGRO	manifiesto.yaml@ee50b12c2c86	NO-DETERMINADO-W0	W0 material; semántica no evaluada	c528dce803fae07b8439c61e4c5068bae4583144ce1f2199cbfe033ac34ef086	REP-2af83d2afc70f9bbe398ad444989f470f069f45f3fa34a5d56d29379e344c91b	PRESENTE-INTEGRO	E2	16	contenedor y miembros completos; anidados hasta profundidad 4	E2B-1b4dab233875b08bc359d05ddab11aa22eb785d74bf7eab388196e790b826d67	1c96e3beff85f4829e8afa7a316a29ae13ec4643c468b12b9577ee24ba73acfe	63c072ea5ff7003c1fa88efbe437ffeff25d0b483a96b7f0411b329bace5bc57
mex_2012_2014_ecepie_v01_m_v01_a_puf_spss	[REDACTADO-PRIVACIDAD]	descargas_mx	1252117	NO-DETERMINADO-W0	NO-DETERMINADO-W0	NO-APLICA	PRESENTE-INTEGRO	manifiesto.yaml@ee50b12c2c86	NO-DETERMINADO-W0	W0 material; semántica no evaluada	2e6cf60b874b261e9831a1ae6b32c4f193788a1a7416bf6587d2a420c8ccde91	REP-70392a10979e42275c1880e2d54e88718c9b3335a384482a687fc8acf42ed5d8	PRESENTE-INTEGRO	E2	688	contenedor y miembros completos; anidados hasta profundidad 4	E2B-056b0e0f6f62d168f22e65ab170c3c13d2287c2ae06974da34aeac4c9b8fc1fb	1c96e3beff85f4829e8afa7a316a29ae13ec4643c468b12b9577ee24ba73acfe	97013afc52f0c10a9e3cc83b507ed8ff09c9059321c450a7e1d05284c44cefd4
mex_2012_2014_ecepie_v01_m_v01_a_puf_stata12_with_unique_spanish_characters	[REDACTADO-PRIVACIDAD]	descargas_mx	1669994	NO-DETERMINADO-W0	NO-DETERMINADO-W0	NO-APLICA	PRESENTE-INTEGRO	manifiesto.yaml@ee50b12c2c86	NO-DETERMINADO-W0	W0 material; semántica no evaluada	e2d9c865a83d6e411d9058f8a00f63171ee6bf601231d4c46559c134a3f74134	REP-ff859de6ee776c88bccbc5f69c11dcfafa066aac58a082bbf20fd99c4c9ef472	PRESENTE-INTEGRO	E2	561	contenedor y miembros completos; anidados hasta profundidad 4	E2B-e02d191b5a54b71142828229d4a0b89a12eb60cb95fd4c72c5490e776df2a98e	1c96e3beff85f4829e8afa7a316a29ae13ec4643c468b12b9577ee24ba73acfe	28d40e4180d65b8261a54b0901857e7916d7b2c8eecf4867ef5c64798021ae4b
mex_2012_2014_ecepie_v01_m_v01_a_puf_stata12_without_unique_spanish_characters	[REDACTADO-PRIVACIDAD]	descargas_mx	1447314	NO-DETERMINADO-W0	NO-DETERMINADO-W0	NO-APLICA	PRESENTE-INTEGRO	manifiesto.yaml@ee50b12c2c86	NO-DETERMINADO-W0	W0 material; semántica no evaluada	7ad557106f1cb1e5c57ec2a96c4375a53fb5acd134b31c8d7e677493b732009f	REP-29ed67f3612e3fc1391f0de8170c4c6d582f76fa8f3342e50b8f5bd86e98a2d9	PRESENTE-INTEGRO	E2	561	contenedor y miembros completos; anidados hasta profundidad 4	E2B-fe0dd9ae373332e1e8b318c24d7b1ca7a03f535b050ae6c408710d03744d69ae	1c96e3beff85f4829e8afa7a316a29ae13ec4643c468b12b9577ee24ba73acfe	50929366e03f4c2b9b7587e85681a939c331e4f8ad7ae86c7ba38b2e4d0a0548
mex_2021_lapop_americasbarometer_v1_2_w	[REDACTADO-PRIVACIDAD]	descargas_mx	1687348	NO-DETERMINADO-W0	NO-DETERMINADO-W0	NO-APLICA	PRESENTE-INTEGRO	manifiesto.yaml@ee50b12c2c86	NO-DETERMINADO-W0	W0 material; semántica no evaluada	153fb0f81acfffb41bbe247b7fce81159350e1fdfcb342a14bb034bcb7d95566	REP-f1150cba5288b6f9bff9cb690ac19aa874a1494d0af5b6be87199a401b00f930	PRESENTE-INTEGRO	E2	263	metadatos completos; observaciones no persistidas	E2B-f38c5056e3bba84570798035408d6f180349ba6cdae6226d05aad2563fc7314e	1c96e3beff85f4829e8afa7a316a29ae13ec4643c468b12b9577ee24ba73acfe	123d6121120b7cdf8e434f053ead2abb5866d36a8a4a4dd06823ad65f30234d1
mex_2023_lapop_americasbarometer_v1_0_w	[REDACTADO-PRIVACIDAD]	descargas_mx	1136219	NO-DETERMINADO-W0	NO-DETERMINADO-W0	NO-APLICA	PRESENTE-INTEGRO	manifiesto.yaml@ee50b12c2c86	NO-DETERMINADO-W0	W0 material; semántica no evaluada	4a9410a53cde9d11edeb23465bdbadce8a6abcc18330b6eebe2a4493be6e765c	REP-7a1d28aff008b9c3c9f2525f9adf5bebf5c0733c03f43a91954b3e3727297593	PRESENTE-INTEGRO	E2	196	metadatos completos; observaciones no persistidas	E2B-956143515339d70128d145a9707eb37170baafc780a0de1ccc7bd6fc12e2f275	1c96e3beff85f4829e8afa7a316a29ae13ec4643c468b12b9577ee24ba73acfe	de6564fca7d986ae5ac04ff60af4f0a86678237d9b33803d5f2023e54bcfd446
mex_2023_lapop_americasbarometer_v1_0_w_2	[REDACTADO-PRIVACIDAD]	descargas_mx	859299	NO-DETERMINADO-W0	NO-DETERMINADO-W0	NO-APLICA	PRESENTE-INTEGRO	manifiesto.yaml@ee50b12c2c86	NO-DETERMINADO-W0	W0 material; semántica no evaluada	a355e4ca93476d66a4138ec7f565574214fbba517de219d71ff1c2851a61fa2a	REP-a5fc2ac712904cbe8479880cc877ea3e60a17fd2ce5d279ccfc5593e500ba2f5	PRESENTE-INTEGRO	E2	397	diccionario base, variables, formatos y value labels; extensiones no decodificadas quedan como excepción; observaciones no leídas	E2B-7269543e1dbccbbca58087a87390f9ce5a8b50d3bbbd541bb9ac4d5fa4f68f3e	1c96e3beff85f4829e8afa7a316a29ae13ec4643c468b12b9577ee24ba73acfe	4731884b1fea58591635660ada8c7194ad71512903823b538dba49f7a1e12acb
mex_pilp_tb_v1	[REDACTADO-PRIVACIDAD]	descargas_mx	17139	NO-DETERMINADO-W0	NO-DETERMINADO-W0	NO-APLICA	PRESENTE-INTEGRO	manifiesto.yaml@ee50b12c2c86	NO-DETERMINADO-W0	W0 material; semántica no evaluada	240986e507bc445592da2641a5d640360e8204c3ed65b09ca60922100d97fae7	REP-36cb138273b9644dfa9653cf1316eafda7966bfce7e63ed5dee6789024ce94b3	PRESENTE-INTEGRO	E2	2	todas las hojas/tablas y encabezados; celdas de observación no persistidas	E2B-8876c39bb2a64c969efa409c350bb648b095efb748655a3d3581ee94cbc498ec	1c96e3beff85f4829e8afa7a316a29ae13ec4643c468b12b9577ee24ba73acfe	b2e5193a508e290c9618ba37a5049c54d64549ed627b56985758b44769fd5e2c
mexico_americasbarometer_2018_19_technical_report_w_100919	[REDACTADO-PRIVACIDAD]	descargas_mx	340084	NO-DETERMINADO-W0	NO-DETERMINADO-W0	NO-APLICA	PRESENTE-INTEGRO	manifiesto.yaml@ee50b12c2c86	NO-DETERMINADO-W0	W0 material; semántica no evaluada	35aa8f4b2f2a2aae613ae6e4b7e0ee47278bfc33869568e84f708da9affb544f	REP-5c5d5840c91d6cd7076e5204e03d2861eeeeb765f9d55eaafa6d1747ed4379c5	PRESENTE-INTEGRO	E2	19	todas las páginas; texto no extraíble se declara por página	E2B-372d3288a6c4faad5c5a581d89b2f6957ede90ef98f8fde6c88014d9c4589584	1c96e3beff85f4829e8afa7a316a29ae13ec4643c468b12b9577ee24ba73acfe	a48f6d6c15cc9b9e62bbb794930a0b24aab13ed2211c69acc861aa0735ce89d7
mexico_lapop_americasbarometer_2019_codebook_v1_0_w	[REDACTADO-PRIVACIDAD]	descargas_mx	246587	NO-DETERMINADO-W0	NO-DETERMINADO-W0	NO-APLICA	PRESENTE-INTEGRO	manifiesto.yaml@ee50b12c2c86	NO-DETERMINADO-W0	W0 material; semántica no evaluada	4efa5809c3fde487516a60acf782f013444889a775bf368745c8da577cba75ce	REP-00a55f4b4bbc7602adf6c1cafd8130edb858090fe7bd44050bf3455d3c621e1b	PRESENTE-INTEGRO	E2	326	todas las páginas; texto no extraíble se declara por página	E2B-3aacda2d9aad80e25244abc53bd3101a11a4b0c3a0d487f269b144710b00ab9e	1c96e3beff85f4829e8afa7a316a29ae13ec4643c468b12b9577ee24ba73acfe	945b5b3b137d4abb37113478fcf580c0af12a2580d609e64d3a896628a9eae1b
mexico_lapop_americasbarometer_2019_v1_0_w	[REDACTADO-PRIVACIDAD]	descargas_mx	832946	NO-DETERMINADO-W0	NO-DETERMINADO-W0	NO-APLICA	PRESENTE-INTEGRO	manifiesto.yaml@ee50b12c2c86	NO-DETERMINADO-W0	W0 material; semántica no evaluada	c88f79ebb8e73c473cd78d894eb093261f172e736a35bd7bc677b4e8b1454a57	REP-38f312925bce6cb1bdb986e27b7c097068ca7583ba11290ecfd58df3b3be845c	PRESENTE-INTEGRO	E2	222	metadatos completos; observaciones no persistidas	E2B-7ca03242c73017dd6313323bfd197be0e22c47a0a7888e125a16dff9b543c6b4	1c96e3beff85f4829e8afa7a316a29ae13ec4643c468b12b9577ee24ba73acfe	5df2a6f36c7ae8288b71e143ab24888b55bba366ddf898d21981a73fe63baddd
mexico_synthesisreport	[REDACTADO-PRIVACIDAD]	descargas_mx	126444	NO-DETERMINADO-W0	NO-DETERMINADO-W0	NO-APLICA	PRESENTE-INTEGRO	manifiesto.yaml@ee50b12c2c86	NO-DETERMINADO-W0	W0 material; semántica no evaluada	e00f981f5f15eb1e11721c05950d5aa922c8a53fe7a4aa0172f1aa953a4d3446	REP-193d4e4d4b19c2016eff01a92c6f7043beff56f8b6adb433d728c5d21f67cee9	PRESENTE-INTEGRO	E2	40	todas las páginas; texto no extraíble se declara por página	E2B-b5375aced4b68c4b9337fece0a960cfffe979d1f9e5b2aaaf50fe915d8805fe3	1c96e3beff85f4829e8afa7a316a29ae13ec4643c468b12b9577ee24ba73acfe	186a6891cf03ff628e3731b21b9eedda5bde2bf02f2484dc1181aeac7fbe709b
mm_users_manual_0515	[REDACTADO-PRIVACIDAD]	descargas_mx	122934	NO-DETERMINADO-W0	NO-DETERMINADO-W0	NO-APLICA	PRESENTE-INTEGRO	manifiesto.yaml@ee50b12c2c86	NO-DETERMINADO-W0	W0 material; semántica no evaluada	03541007078e661e4df11863f5c62fbe9adb3f745e91547446d05737fcf7cd45	REP-26b9e9e1caa2dbdf486ab36199ae29a40d25efea2fe59947cb62321976ab3f66	PRESENTE-INTEGRO	E2	20	todas las páginas; texto no extraíble se declara por página	E2B-6f6fce36aa1fe0b868957d899e66c16e048f61d763a57e74a59329055bba0565	1c96e3beff85f4829e8afa7a316a29ae13ec4643c468b12b9577ee24ba73acfe	cc8f78c872ff27c2c18b40aae8214eda911aed5ac10fe6bc4be03b7cb6401293
mmsi_2016_cuestionario	inegi_mmsi_2016/cuestionario_mmsi_2016.pdf	data_raw	705908	[REDACTADO-PRIVACIDAD]	NO-APLICA	NO-APLICA	SIN-DEMANDA	manifiesto.yaml+relaciones.tsv+abrir4-variables-2026-08-08.tsv+verif3-variables-2026-08-08.tsv @ dcc4f6a..5f90757 (sin cambio en estos 4 archivos en ese rango,	[REDACTADO-PRIVACIDAD]	buscado por ambas vias -- hash (produccion-modelo.tsv, 11 filas) y ruta (11 scripts de tests/, forense/notas/2026-08-13-cep-cotejo.md SS1-2) -- ninguna empata @	48d59dfc6f26354e9c7be635fe1e79624c5974924f31f8a13a5392e2574cdcab	REP-59aacc35d78d6ad5c0444f60ef8b7d9c17d8580f49cd426f6e65d3359b79b1a1	PRESENTE-INTEGRO	E2	1	apertura detenida en parser de formato: PermissionError	E2B-f2f00724ee8f80a6b7ac64a1ef56551488cfe7369e61eb18d80d0d94e7cae21a	1c96e3beff85f4829e8afa7a316a29ae13ec4643c468b12b9577ee24ba73acfe	84592725765d7e8ea6048cdeb71c94ce34d6f61514be3d27eb3438a375ad7ee5
mmsi_2016_manual_entrevistador	inegi_mmsi_2016/manual_entrevistador_mmsi_2016.pdf	data_raw	5388442	[REDACTADO-PRIVACIDAD]	NO-APLICA	NO-APLICA	SIN-DEMANDA	manifiesto.yaml+relaciones.tsv+abrir4-variables-2026-08-08.tsv+verif3-variables-2026-08-08.tsv @ dcc4f6a..5f90757 (sin cambio en estos 4 archivos en ese rango,	[REDACTADO-PRIVACIDAD]	buscado por ambas vias -- hash (produccion-modelo.tsv, 11 filas) y ruta (11 scripts de tests/, forense/notas/2026-08-13-cep-cotejo.md SS1-2) -- ninguna empata @	c46d79eb6efe3dd174d258856b2b3e951d09b499eb83f804a7348f06e3554993	REP-94be889984cabe2272c6265ed632ee6b37d01da055ed8f81fc8e30da753158a3	PRESENTE-INTEGRO	E2	1	apertura detenida en parser de formato: PermissionError	E2B-0a9f52e24aabf423d357c5dc43fe1223e7cac82714fe2f291201f608a9f5b897	1c96e3beff85f4829e8afa7a316a29ae13ec4643c468b12b9577ee24ba73acfe	8bf1c37a1f173f054cadae51ab5746cfd04687e4621089589f2f9aca208f1ac2
mociba2024_bd_csv_zip	mociba2024/mociba2024_bd_csv.zip	data_raw	1500882	Encargo E (mesa #18): microdatos para eje acceso_digital	NO-APLICA	NO-APLICA	SIN-DEMANDA	manifiesto.yaml+relaciones.tsv+abrir4-variables-2026-08-08.tsv+verif3-variables-2026-08-08.tsv @ dcc4f6a..5f90757 (sin cambio en estos 4 archivos en ese rango,	[REDACTADO-PRIVACIDAD]	buscado por ambas vias -- hash (produccion-modelo.tsv, 11 filas) y ruta (11 scripts de tests/, forense/notas/2026-08-13-cep-cotejo.md SS1-2) -- ninguna empata @	105e2e266134be538d33b5685e24bd41247eec5156f27b11ada7a3bb50f0a7ab	REP-d3ae1a8911f862d8e82b1eca359124bb0cf19b0e5c2d2acfc49a660f1fa68a91	PRESENTE-INTEGRO	E2	286	contenedor y miembros completos; anidados hasta profundidad 4	E2B-d9d1aeaedda4d1a86c790d78cb4b0e0928b73b9655f2335663bc9dfb448fb71a	1c96e3beff85f4829e8afa7a316a29ae13ec4643c468b12b9577ee24ba73acfe	d4d770f36d7f9487298cf1023db8afed005bd5b9f203d014bb15fcc2d72d99f5
mociba2024_fd_xlsx	mociba2024/mociba2024_fd.xlsx	data_raw	139012	Encargo D-2 (mesa #20): diccionario de archivos (FD) de MOCIBA 2024, mismo eje acceso_digital que ENDUTIH, para R1.3; sin FD no se puede nombrar una variable so	NO-APLICA	NO-APLICA	SIN-DEMANDA	manifiesto.yaml+relaciones.tsv+abrir4-variables-2026-08-08.tsv+verif3-variables-2026-08-08.tsv @ dcc4f6a..5f90757 (sin cambio en estos 4 archivos en ese rango,	[REDACTADO-PRIVACIDAD]	buscado por ambas vias -- hash (produccion-modelo.tsv, 11 filas) y ruta (11 scripts de tests/, forense/notas/2026-08-13-cep-cotejo.md SS1-2) -- ninguna empata @	9d6fb1979576f30b5aee0f61f11ab7afefd56d5b77c596df95cf11103b35d080	REP-ef38c1f2292d49df5dd837993abf784417fb13a049c09c13759b991459f52047	PRESENTE-INTEGRO	E2	292	todas las hojas/tablas y encabezados; celdas de observación no persistidas	E2B-fbe731914d290879da741eb4282bfda8430ce0a13dbdb0a06c8a7f056d0e66a0	1c96e3beff85f4829e8afa7a316a29ae13ec4643c468b12b9577ee24ba73acfe	9f125ffe605f4826604561f2ede8e5580aadedb56c6d7c5768abbac530d88d91
mociba_2015_mociba2015_bd_dbf	mociba2015/mociba2015_bd_dbf.zip	data_raw	2756809	[REDACTADO-PRIVACIDAD]	NO-APLICA	NO-APLICA	SIN-DEMANDA	manifiesto.yaml+relaciones.tsv+abrir4-variables-2026-08-08.tsv+verif3-variables-2026-08-08.tsv @ dcc4f6a..5f90757 (sin cambio en estos 4 archivos en ese rango,	[REDACTADO-PRIVACIDAD]	buscado por ambas vias -- hash (produccion-modelo.tsv, 11 filas) y ruta (11 scripts de tests/, forense/notas/2026-08-13-cep-cotejo.md SS1-2) -- ninguna empata @	2e55f731d7e164337e6be15651b7e8e3848084502c5d3169e69a2fe4211e7faa	REP-c90e1d7adc6bf3752a9f0031fff9e943934bcaee9867d77673094d0c7218c9ed	PRESENTE-INTEGRO	E2	2	contenedor y miembros completos; anidados hasta profundidad 4	E2B-b748bb7c79ae044f438618f194238f5cbdf93e663826c570a44c6e15e66ebf5c	1c96e3beff85f4829e8afa7a316a29ae13ec4643c468b12b9577ee24ba73acfe	a7cb234ec5879db42b2fcd4bec86f8711bd1efabd3839487e8926ec38fefd33b
mociba_2015_mociba2015_bd_spss	mociba2015/mociba2015_bd_spss.zip	data_raw	3058486	[REDACTADO-PRIVACIDAD]	NO-APLICA	NO-APLICA	SIN-DEMANDA	manifiesto.yaml+relaciones.tsv+abrir4-variables-2026-08-08.tsv+verif3-variables-2026-08-08.tsv @ dcc4f6a..5f90757 (sin cambio en estos 4 archivos en ese rango,	[REDACTADO-PRIVACIDAD]	buscado por ambas vias -- hash (produccion-modelo.tsv, 11 filas) y ruta (11 scripts de tests/, forense/notas/2026-08-13-cep-cotejo.md SS1-2) -- ninguna empata @	53a372cab2d89d193c7fdc9f71724112779c8e28621f5f7f859df3ab05c98826	REP-0b16c01a9728220e5493cffe29e09113b3a167c798b1dbc6319066d25f19b923	PRESENTE-INTEGRO	E2	211	contenedor y miembros completos; anidados hasta profundidad 4	E2B-75633b77fb05f42dbe424fab407054fa9a0d7858b0189409bdc34a6d7dd1e6ba	1c96e3beff85f4829e8afa7a316a29ae13ec4643c468b12b9577ee24ba73acfe	83657f3a6979e51f2366e098988fd15d02d1713fd9c6630e1d1e9b92341e7e7a
mociba_2015_mociba2015_fd	mociba2015/mociba2015_fd.xlsx	data_raw	292304	[REDACTADO-PRIVACIDAD]	NO-APLICA	NO-APLICA	SIN-DEMANDA	manifiesto.yaml+relaciones.tsv+abrir4-variables-2026-08-08.tsv+verif3-variables-2026-08-08.tsv @ dcc4f6a..5f90757 (sin cambio en estos 4 archivos en ese rango,	[REDACTADO-PRIVACIDAD]	buscado por ambas vias -- hash (produccion-modelo.tsv, 11 filas) y ruta (11 scripts de tests/, forense/notas/2026-08-13-cep-cotejo.md SS1-2) -- ninguna empata @	d22b978b21b40464727e4218fcb42b2a7d255f7e418451e9144883962e6743d2	REP-5766358881b8d8ac7d6d860548e0b71066303fd2116e242cd36e3625361a065a	PRESENTE-INTEGRO	E2	171	todas las hojas/tablas y encabezados; celdas de observación no persistidas	E2B-f5922b0820ca14ca4fdf581c1c09ffd664d6664b1ea2f11c5abcc24a1f6c2b73	1c96e3beff85f4829e8afa7a316a29ae13ec4643c468b12b9577ee24ba73acfe	4c97570657448c51bf0bd59aede51410b680aca70204e41a2f3c9c7314171257
mociba_2016_mociba2016_bd_dbf	mociba2016/mociba2016_bd_dbf.zip	data_raw	1251420	[REDACTADO-PRIVACIDAD]	NO-APLICA	NO-APLICA	SIN-DEMANDA	manifiesto.yaml+relaciones.tsv+abrir4-variables-2026-08-08.tsv+verif3-variables-2026-08-08.tsv @ dcc4f6a..5f90757 (sin cambio en estos 4 archivos en ese rango,	[REDACTADO-PRIVACIDAD]	buscado por ambas vias -- hash (produccion-modelo.tsv, 11 filas) y ruta (11 scripts de tests/, forense/notas/2026-08-13-cep-cotejo.md SS1-2) -- ninguna empata @	29941a375e0f23c1bec26c6e82c6e8cac4a4421055cc7dfee6d23874ede2dfa8	REP-4227277c9ac3241ef274b6dd2f684e2315249fb18cdd27768b8389513edca67a	PRESENTE-INTEGRO	E2	2	contenedor y miembros completos; anidados hasta profundidad 4	E2B-4e89ca93849e2d2497304606a675921e273bb1034349696fabe253023405c917	1c96e3beff85f4829e8afa7a316a29ae13ec4643c468b12b9577ee24ba73acfe	68e25fb5105809899bd5dba6f96d5bc943a251a9eeb5e0bd2eff6b8a8e74aed5
mociba_2016_mociba2016_bd_sav	mociba2016/mociba2016_bd_sav.zip	data_raw	2845571	[REDACTADO-PRIVACIDAD]	NO-APLICA	NO-APLICA	SIN-DEMANDA	manifiesto.yaml+relaciones.tsv+abrir4-variables-2026-08-08.tsv+verif3-variables-2026-08-08.tsv @ dcc4f6a..5f90757 (sin cambio en estos 4 archivos en ese rango,	[REDACTADO-PRIVACIDAD]	buscado por ambas vias -- hash (produccion-modelo.tsv, 11 filas) y ruta (11 scripts de tests/, forense/notas/2026-08-13-cep-cotejo.md SS1-2) -- ninguna empata @	30300c65a2e565aa723e3c09faf5c439561e186e54cca539be862c6941179346	REP-f58a789c3209ae328e931b7cbaa7b65ac5fbe79a95cd242a574d86897d1e9dd4	PRESENTE-INTEGRO	E2	217	contenedor y miembros completos; anidados hasta profundidad 4	E2B-df159ad6ffec7b83c23b6c729a2f540f01ff766cceac7270ea5c430e7cc2fc3d	1c96e3beff85f4829e8afa7a316a29ae13ec4643c468b12b9577ee24ba73acfe	b2e6c8f740946c438bd47356f9cee70b2c9ba825a5910a6e99e5efc092e4b128
mociba_2016_mociba2016_fd	mociba2016/mociba2016_fd.xlsx	data_raw	149330	[REDACTADO-PRIVACIDAD]	NO-APLICA	NO-APLICA	SIN-DEMANDA	manifiesto.yaml+relaciones.tsv+abrir4-variables-2026-08-08.tsv+verif3-variables-2026-08-08.tsv @ dcc4f6a..5f90757 (sin cambio en estos 4 archivos en ese rango,	[REDACTADO-PRIVACIDAD]	buscado por ambas vias -- hash (produccion-modelo.tsv, 11 filas) y ruta (11 scripts de tests/, forense/notas/2026-08-13-cep-cotejo.md SS1-2) -- ninguna empata @	bf54150e6b7ed408390c2f2d392177a071bde236e5efeea2a17e72c95c33f5c0	REP-4a6c15b006421b7c93d1a62533de05a58f754e63188d883d7f5641100d629f5b	PRESENTE-INTEGRO	E2	221	todas las hojas/tablas y encabezados; celdas de observación no persistidas	E2B-f6d4f063595a1784ffffe1fc32ffefd8eab8caba7054bb044171ec432baec532	1c96e3beff85f4829e8afa7a316a29ae13ec4643c468b12b9577ee24ba73acfe	026a853c02adbd39e094d2f242cdacbf0b54ac93d0df5b05fe75e4d1024b0946
mociba_2017_mociba2017_bd_dbf	mociba2017/mociba2017_bd_dbf.zip	data_raw	526927	[REDACTADO-PRIVACIDAD]	NO-APLICA	NO-APLICA	SIN-DEMANDA	manifiesto.yaml+relaciones.tsv+abrir4-variables-2026-08-08.tsv+verif3-variables-2026-08-08.tsv @ dcc4f6a..5f90757 (sin cambio en estos 4 archivos en ese rango,	[REDACTADO-PRIVACIDAD]	buscado por ambas vias -- hash (produccion-modelo.tsv, 11 filas) y ruta (11 scripts de tests/, forense/notas/2026-08-13-cep-cotejo.md SS1-2) -- ninguna empata @	1ffde5f48966f51d665ee40e79be0d81ce6a4b87aed9247ef9f41445be8548ec	REP-cba04a39c5c0de3ff87252fe0e8657e884b706162360eac6196de1f1b0666d8f	PRESENTE-INTEGRO	E2	2	contenedor y miembros completos; anidados hasta profundidad 4	E2B-d584e27444f647fac8fcba687f358b30a1f929be9c6b07bfdf17441e9d88a98f	1c96e3beff85f4829e8afa7a316a29ae13ec4643c468b12b9577ee24ba73acfe	f3b40cf7db18bc56dd16ed24e65804531aa9363b74a02713c94b4e177b2c20f0
mociba_2017_mociba2017_bd_sav	mociba2017/mociba2017_bd_sav.zip	data_raw	1043304	[REDACTADO-PRIVACIDAD]	NO-APLICA	NO-APLICA	SIN-DEMANDA	manifiesto.yaml+relaciones.tsv+abrir4-variables-2026-08-08.tsv+verif3-variables-2026-08-08.tsv @ dcc4f6a..5f90757 (sin cambio en estos 4 archivos en ese rango,	[REDACTADO-PRIVACIDAD]	buscado por ambas vias -- hash (produccion-modelo.tsv, 11 filas) y ruta (11 scripts de tests/, forense/notas/2026-08-13-cep-cotejo.md SS1-2) -- ninguna empata @	f55cd9d4852f3d93f800d7e9825e32803147124db72f4648b7d03e73f9900d14	REP-009ade8f7b93b1d9764cbeb81b8cafeb04ab16b7934ae110074342d70c3a4ea9	PRESENTE-INTEGRO	E2	180	contenedor y miembros completos; anidados hasta profundidad 4	E2B-df79cc02b2a2ceac78a7427793e0c287093d0a2744185e645554159577719a42	1c96e3beff85f4829e8afa7a316a29ae13ec4643c468b12b9577ee24ba73acfe	0df9e8fbff784398768a09af6558ce07bfc6187dd9987ac212eb27f62e054120
mociba_2017_mociba2017_fd	mociba2017/mociba2017_fd.xlsx	data_raw	115580	[REDACTADO-PRIVACIDAD]	NO-APLICA	NO-APLICA	SIN-DEMANDA	manifiesto.yaml+relaciones.tsv+abrir4-variables-2026-08-08.tsv+verif3-variables-2026-08-08.tsv @ dcc4f6a..5f90757 (sin cambio en estos 4 archivos en ese rango,	[REDACTADO-PRIVACIDAD]	buscado por ambas vias -- hash (produccion-modelo.tsv, 11 filas) y ruta (11 scripts de tests/, forense/notas/2026-08-13-cep-cotejo.md SS1-2) -- ninguna empata @	636f2df5f630bb0b894c20d7082628a91c626826528aead3c12880eff9179537	REP-3bade9449891346472ad4c3d8dfdaf0dfac75ba78dff15268cde54606cd00c0c	PRESENTE-INTEGRO	E2	184	todas las hojas/tablas y encabezados; celdas de observación no persistidas	E2B-475487035a3e0a054069d31c7636f412902c23ec105bb7a1e89bc1eaa93c7bac	1c96e3beff85f4829e8afa7a316a29ae13ec4643c468b12b9577ee24ba73acfe	e43a1921e946089959f86ec95f66d52048145bd7708863515264afdb718515b1
mociba_2019_mociba2019_bd_dbf	mociba2019/mociba2019_bd_dbf.zip	data_raw	543734	[REDACTADO-PRIVACIDAD]	NO-APLICA	NO-APLICA	SIN-DEMANDA	manifiesto.yaml+relaciones.tsv+abrir4-variables-2026-08-08.tsv+verif3-variables-2026-08-08.tsv @ dcc4f6a..5f90757 (sin cambio en estos 4 archivos en ese rango,	[REDACTADO-PRIVACIDAD]	buscado por ambas vias -- hash (produccion-modelo.tsv, 11 filas) y ruta (11 scripts de tests/, forense/notas/2026-08-13-cep-cotejo.md SS1-2) -- ninguna empata @	69887fee476168cdcd0e301f249c5c976e6518fc2690eab96ffa90f3c4cb4920	REP-28a11ce9005b33a97c2a52dba1cc7d04b2f298eb08876576862e28222f337ecb	PRESENTE-INTEGRO	E2	2	contenedor y miembros completos; anidados hasta profundidad 4	E2B-194a25bcb150dcfbe89100c24db5aacc2f04b4727c3a6fd6c3997b18ecd4c3d9	1c96e3beff85f4829e8afa7a316a29ae13ec4643c468b12b9577ee24ba73acfe	6cf8d038970bcedc2908cf6fddf3979d9eed0dc5e167a3637d5fceca28443134
mociba_2019_mociba2019_bd_sav	mociba2019/mociba2019_bd_sav.zip	data_raw	389231	[REDACTADO-PRIVACIDAD]	NO-APLICA	NO-APLICA	SIN-DEMANDA	manifiesto.yaml+relaciones.tsv+abrir4-variables-2026-08-08.tsv+verif3-variables-2026-08-08.tsv @ dcc4f6a..5f90757 (sin cambio en estos 4 archivos en ese rango,	[REDACTADO-PRIVACIDAD]	buscado por ambas vias -- hash (produccion-modelo.tsv, 11 filas) y ruta (11 scripts de tests/, forense/notas/2026-08-13-cep-cotejo.md SS1-2) -- ninguna empata @	80a839471df9e2f591233d2ba1f0d0643f73029350d6f8f7e511e10dd579e557	REP-fdac1551d1ed24218394bd66687a939a767fac58255366e3b5ab2dc30dfd7a3c	PRESENTE-INTEGRO	E2	183	contenedor y miembros completos; anidados hasta profundidad 4	E2B-6adf052639bb6d48d8391c858c0685e33d7e52054f44b017fca9d7ffa8730352	1c96e3beff85f4829e8afa7a316a29ae13ec4643c468b12b9577ee24ba73acfe	b956f25d683b6db7da4533a68c38f58e974656b9cccb8e95a5a7269d73da5b49
mociba_2019_mociba2019_fd	mociba2019/mociba2019_fd.xlsx	data_raw	195143	[REDACTADO-PRIVACIDAD]	NO-APLICA	NO-APLICA	SIN-DEMANDA	manifiesto.yaml+relaciones.tsv+abrir4-variables-2026-08-08.tsv+verif3-variables-2026-08-08.tsv @ dcc4f6a..5f90757 (sin cambio en estos 4 archivos en ese rango,	[REDACTADO-PRIVACIDAD]	buscado por ambas vias -- hash (produccion-modelo.tsv, 11 filas) y ruta (11 scripts de tests/, forense/notas/2026-08-13-cep-cotejo.md SS1-2) -- ninguna empata @	ca5e5ff0272f1ce4d7545fda9ee3ac24843aba617582fa31dfe5788ac9091d27	REP-cb0f86714cb9cb1a298120b1d6ee7ea9c9e0d27b1bd4ff359f6e3c07083e4dd6	PRESENTE-INTEGRO	E2	190	todas las hojas/tablas y encabezados; celdas de observación no persistidas	E2B-2319ce9f4254a23c474414045f7250aa86ecf1591d5c4329a9cdf0df45a4827d	1c96e3beff85f4829e8afa7a316a29ae13ec4643c468b12b9577ee24ba73acfe	12a0630a4073941cff0fd6d241b5ddcb54391933ea15548df982d85e69227328
mociba_2020_mociba2020_bd_csv	mociba2020/mociba2020_bd_csv.zip	data_raw	1184107	[REDACTADO-PRIVACIDAD]	NO-APLICA	NO-APLICA	SIN-DEMANDA	manifiesto.yaml+relaciones.tsv+abrir4-variables-2026-08-08.tsv+verif3-variables-2026-08-08.tsv @ dcc4f6a..5f90757 (sin cambio en estos 4 archivos en ese rango,	[REDACTADO-PRIVACIDAD]	buscado por ambas vias -- hash (produccion-modelo.tsv, 11 filas) y ruta (11 scripts de tests/, forense/notas/2026-08-13-cep-cotejo.md SS1-2) -- ninguna empata @	a976ec071dfdf250e4eb0163b3e200c00bc9c4aa2e99f9821c131fea7431bd9f	REP-b32c0d15dc17bb845f17c2ff87f33aa4b331f4f25b933dcb10fdbcc445a75f1f	PRESENTE-INTEGRO	E2	230	contenedor y miembros completos; anidados hasta profundidad 4	E2B-3f8b809e880b21eb064c1813fc719c939f94339596e832890d9da2cf7d9ebe25	1c96e3beff85f4829e8afa7a316a29ae13ec4643c468b12b9577ee24ba73acfe	f99de5c2a656da431ce82139a8a226f5c2a79864b03bd7ac3fb97215acc117bd
mociba_2020_mociba2020_bd_dbf	mociba2020/mociba2020_bd_dbf.zip	data_raw	1757737	[REDACTADO-PRIVACIDAD]	NO-APLICA	NO-APLICA	SIN-DEMANDA	manifiesto.yaml+relaciones.tsv+abrir4-variables-2026-08-08.tsv+verif3-variables-2026-08-08.tsv @ dcc4f6a..5f90757 (sin cambio en estos 4 archivos en ese rango,	[REDACTADO-PRIVACIDAD]	buscado por ambas vias -- hash (produccion-modelo.tsv, 11 filas) y ruta (11 scripts de tests/, forense/notas/2026-08-13-cep-cotejo.md SS1-2) -- ninguna empata @	f45b6a1634c32c783d3a6d30059d2e51c83ae3d30d19fa94783d7e26843b73b0	REP-25bd4f7a779266d88495d65d3d4904668848832fadca0d660c6d3cb51fbb3437	PRESENTE-INTEGRO	E2	2	contenedor y miembros completos; anidados hasta profundidad 4	E2B-191c20188326ef00d5dc7404b30e59e25114c996152f28a0b80f4d2904bf56aa	1c96e3beff85f4829e8afa7a316a29ae13ec4643c468b12b9577ee24ba73acfe	5f26ff4d1e2e7a63bc055831274483b142c1567f0417e7fb561f26c984c6a480
mociba_2020_mociba2020_bd_dta	mociba2020/mociba2020_bd_dta.zip	data_raw	1036646	[REDACTADO-PRIVACIDAD]	NO-APLICA	NO-APLICA	SIN-DEMANDA	manifiesto.yaml+relaciones.tsv+abrir4-variables-2026-08-08.tsv+verif3-variables-2026-08-08.tsv @ dcc4f6a..5f90757 (sin cambio en estos 4 archivos en ese rango,	[REDACTADO-PRIVACIDAD]	buscado por ambas vias -- hash (produccion-modelo.tsv, 11 filas) y ruta (11 scripts de tests/, forense/notas/2026-08-13-cep-cotejo.md SS1-2) -- ninguna empata @	be387987f07ffc863a1c899c5a73960dd4540b68ca20b3c177a5391f20c02957	REP-7debffd0e975f8223fedd94c19b86462c9f634e8b9bbb1dbd97f5c6d09b7c039	PRESENTE-INTEGRO	E2	2	contenedor y miembros completos; anidados hasta profundidad 4	E2B-cb23cbf8c2eb745561720958f2209bc43ccb7045e12969db819cff0ab9df3af9	1c96e3beff85f4829e8afa7a316a29ae13ec4643c468b12b9577ee24ba73acfe	0d7615e9ad05a9c54202f85ab31ffe81e212cf9646c19f92eb93803ecb666c42
mociba_2020_mociba2020_bd_rdata	mociba2020/mociba2020_bd_RData.zip	data_raw	1292082	[REDACTADO-PRIVACIDAD]	NO-APLICA	NO-APLICA	SIN-DEMANDA	manifiesto.yaml+relaciones.tsv+abrir4-variables-2026-08-08.tsv+verif3-variables-2026-08-08.tsv @ dcc4f6a..5f90757 (sin cambio en estos 4 archivos en ese rango,	[REDACTADO-PRIVACIDAD]	buscado por ambas vias -- hash (produccion-modelo.tsv, 11 filas) y ruta (11 scripts de tests/, forense/notas/2026-08-13-cep-cotejo.md SS1-2) -- ninguna empata @	087d65999d23a4e220b611f49099f9b1c85d6011a973f03faa544a69fd7ddc7a	REP-a066b52b4fe705fbfbaa69daaf09e49657b3d79b9ceb80e2b00e007b692b9735	PRESENTE-INTEGRO	E2	2	contenedor y miembros completos; anidados hasta profundidad 4	E2B-11eabbad10dcf34d659ca049917fceb96b73a08902dbdd5a66d7ed54533efcfc	1c96e3beff85f4829e8afa7a316a29ae13ec4643c468b12b9577ee24ba73acfe	4452d00549a79ee0b7b5b40b52a562d57d983bdfea7494d07c45246753c6d1a6
mociba_2020_mociba2020_bd_sav	mociba2020/mociba2020_bd_sav.zip	data_raw	1903720	[REDACTADO-PRIVACIDAD]	NO-APLICA	NO-APLICA	SIN-DEMANDA	manifiesto.yaml+relaciones.tsv+abrir4-variables-2026-08-08.tsv+verif3-variables-2026-08-08.tsv @ dcc4f6a..5f90757 (sin cambio en estos 4 archivos en ese rango,	[REDACTADO-PRIVACIDAD]	buscado por ambas vias -- hash (produccion-modelo.tsv, 11 filas) y ruta (11 scripts de tests/, forense/notas/2026-08-13-cep-cotejo.md SS1-2) -- ninguna empata @	f388098bfd0f25b77d6bdcae2374f64ad7064247372bbd949fefd566de3d2fe3	REP-1a18f44a4350ff9a10d4699381f42d44ea260cd222c45a5478d82af556733930	PRESENTE-INTEGRO	E2	235	contenedor y miembros completos; anidados hasta profundidad 4	E2B-123db23a0ef1ad21fcbddb230cc075e5da5efcb0b8385037e874ff7d20a86905	1c96e3beff85f4829e8afa7a316a29ae13ec4643c468b12b9577ee24ba73acfe	831b024ec442b786cb491640f554b0b73e339e19454f827545b59ed40008f6be
mociba_2020_mociba2020_fd	mociba2020/mociba2020_fd.xlsx	data_raw	273223	[REDACTADO-PRIVACIDAD]	NO-APLICA	NO-APLICA	SIN-DEMANDA	manifiesto.yaml+relaciones.tsv+abrir4-variables-2026-08-08.tsv+verif3-variables-2026-08-08.tsv @ dcc4f6a..5f90757 (sin cambio en estos 4 archivos en ese rango,	[REDACTADO-PRIVACIDAD]	buscado por ambas vias -- hash (produccion-modelo.tsv, 11 filas) y ruta (11 scripts de tests/, forense/notas/2026-08-13-cep-cotejo.md SS1-2) -- ninguna empata @	71fa73cbbdbea98a9d8e3abcf27a34325207e88ec4ac57ff9d5f5cc4cb800134	REP-bfe6ea8a166b85a71dbf97a88160db85d44f02ddd16bc31ed22519e6ee614dca	PRESENTE-INTEGRO	E2	235	todas las hojas/tablas y encabezados; celdas de observación no persistidas	E2B-3e8145d0bb3079e26fef9913b6bab7d2f15deb349d890bc053f2a789882a6cb8	1c96e3beff85f4829e8afa7a316a29ae13ec4643c468b12b9577ee24ba73acfe	113cdeb92b57d8311b57483d56264938b31d89d43b653fcb5d8769486dbc58c1
mociba_2021_mociba2021_bd_csv	mociba2021/mociba2021_bd_csv.zip	data_raw	1300049	[REDACTADO-PRIVACIDAD]	NO-APLICA	NO-APLICA	SIN-DEMANDA	manifiesto.yaml+relaciones.tsv+abrir4-variables-2026-08-08.tsv+verif3-variables-2026-08-08.tsv @ dcc4f6a..5f90757 (sin cambio en estos 4 archivos en ese rango,	[REDACTADO-PRIVACIDAD]	buscado por ambas vias -- hash (produccion-modelo.tsv, 11 filas) y ruta (11 scripts de tests/, forense/notas/2026-08-13-cep-cotejo.md SS1-2) -- ninguna empata @	bf04c254fb4f2ab2a14a42f535f6d8df615bbcbeb119ce72631c0bc17103d312	REP-fbccd502a3b85271571a08c0a4e4c981fd0d99b146709604c90c51462691b998	PRESENTE-INTEGRO	E2	279	contenedor y miembros completos; anidados hasta profundidad 4	E2B-11e44cbab03671df778e1fc8c6bd205e9940c05c741907579807d208286d32ee	1c96e3beff85f4829e8afa7a316a29ae13ec4643c468b12b9577ee24ba73acfe	ecad47c27fdf1e4797139affa96bb26fd0967827f11078a5d5a6ff88c47ce523
mociba_2021_mociba2021_bd_dbf	mociba2021/mociba2021_bd_dbf.zip	data_raw	1907694	[REDACTADO-PRIVACIDAD]	NO-APLICA	NO-APLICA	SIN-DEMANDA	manifiesto.yaml+relaciones.tsv+abrir4-variables-2026-08-08.tsv+verif3-variables-2026-08-08.tsv @ dcc4f6a..5f90757 (sin cambio en estos 4 archivos en ese rango,	[REDACTADO-PRIVACIDAD]	buscado por ambas vias -- hash (produccion-modelo.tsv, 11 filas) y ruta (11 scripts de tests/, forense/notas/2026-08-13-cep-cotejo.md SS1-2) -- ninguna empata @	38ebc56541e5735cda086c1518338c6f8adc3885cd2ec2473ae032c3f5faef85	REP-f8343602568d5cca4a9bf2eb31cdc3b1927e4770be3f429a491ef0150f93bd18	PRESENTE-INTEGRO	E2	2	contenedor y miembros completos; anidados hasta profundidad 4	E2B-cc4a08399c9dea16146804968b6d0f3f199289bca0ad07188a2187c5b7992fea	1c96e3beff85f4829e8afa7a316a29ae13ec4643c468b12b9577ee24ba73acfe	d7442ff96e0c9c7321f4509051aa7fecd633b6ceb33417ff61d901084bcc0a22
mociba_2021_mociba2021_bd_dta	mociba2021/mociba2021_bd_dta.zip	data_raw	1059137	[REDACTADO-PRIVACIDAD]	NO-APLICA	NO-APLICA	SIN-DEMANDA	manifiesto.yaml+relaciones.tsv+abrir4-variables-2026-08-08.tsv+verif3-variables-2026-08-08.tsv @ dcc4f6a..5f90757 (sin cambio en estos 4 archivos en ese rango,	[REDACTADO-PRIVACIDAD]	buscado por ambas vias -- hash (produccion-modelo.tsv, 11 filas) y ruta (11 scripts de tests/, forense/notas/2026-08-13-cep-cotejo.md SS1-2) -- ninguna empata @	e876808fa71ccb0f423a6331b16d4b1a5449d73a68dec2be9d8036d6c8d17f58	REP-b9c8c20fb0fa3c398b019344a76ec286a17623fe830eee047f896d68698c61ea	PRESENTE-INTEGRO	E2	2	contenedor y miembros completos; anidados hasta profundidad 4	E2B-b33029d40decb01fb809f09fcdb495e5cb104ec8bc51d3582fa5b7c7f87f81c4	1c96e3beff85f4829e8afa7a316a29ae13ec4643c468b12b9577ee24ba73acfe	ceb113a12dd52847a91dbdb9716c0f26214ccaba36bb3366b83146e5ef7c161d
mociba_2021_mociba2021_bd_rdata	mociba2021/mociba2021_bd_RData.zip	data_raw	1195723	[REDACTADO-PRIVACIDAD]	NO-APLICA	NO-APLICA	SIN-DEMANDA	manifiesto.yaml+relaciones.tsv+abrir4-variables-2026-08-08.tsv+verif3-variables-2026-08-08.tsv @ dcc4f6a..5f90757 (sin cambio en estos 4 archivos en ese rango,	[REDACTADO-PRIVACIDAD]	buscado por ambas vias -- hash (produccion-modelo.tsv, 11 filas) y ruta (11 scripts de tests/, forense/notas/2026-08-13-cep-cotejo.md SS1-2) -- ninguna empata @	b6abcf46ebb541b1aee1e980db34e51db76eb7c36f708e92ffa4f229d01fcd36	REP-becb91e41e9ff7d34f17f76a55e188f9412393915298f7ebc11cadb5e2126d18	PRESENTE-INTEGRO	E2	2	contenedor y miembros completos; anidados hasta profundidad 4	E2B-95856cfe4700068d60d10a1816bef3c01d2d8cc8db1b146d776440950bea851b	1c96e3beff85f4829e8afa7a316a29ae13ec4643c468b12b9577ee24ba73acfe	02b308aa35fc4ad14f51858be7cc6d3343783903a817e4e2047129125d0f99d5
mociba_2021_mociba2021_bd_sav	mociba2021/mociba2021_bd_sav.zip	data_raw	2130265	[REDACTADO-PRIVACIDAD]	NO-APLICA	NO-APLICA	SIN-DEMANDA	manifiesto.yaml+relaciones.tsv+abrir4-variables-2026-08-08.tsv+verif3-variables-2026-08-08.tsv @ dcc4f6a..5f90757 (sin cambio en estos 4 archivos en ese rango,	[REDACTADO-PRIVACIDAD]	buscado por ambas vias -- hash (produccion-modelo.tsv, 11 filas) y ruta (11 scripts de tests/, forense/notas/2026-08-13-cep-cotejo.md SS1-2) -- ninguna empata @	f525136631b36507b63644bca38d671b5df70487dfb1b5ce51d31c255386faae	REP-8fa075321839390fa78541f3a3689e86de6c89bbe4f2f9a9279e29b61eff429f	PRESENTE-INTEGRO	E2	284	contenedor y miembros completos; anidados hasta profundidad 4	E2B-f403b4f2a4f2e79e6db583dc4d5d56f7a7c48e4ae3803593086ee5d2c53d75eb	1c96e3beff85f4829e8afa7a316a29ae13ec4643c468b12b9577ee24ba73acfe	965378e1861ddff253f2b79048a763ae8b780fe005a4d32c8a1a6b74d2effc4c
mociba_2021_mociba2021_fd	mociba2021/mociba2021_fd.xlsx	data_raw	129886	[REDACTADO-PRIVACIDAD]	NO-APLICA	NO-APLICA	SIN-DEMANDA	manifiesto.yaml+relaciones.tsv+abrir4-variables-2026-08-08.tsv+verif3-variables-2026-08-08.tsv @ dcc4f6a..5f90757 (sin cambio en estos 4 archivos en ese rango,	[REDACTADO-PRIVACIDAD]	buscado por ambas vias -- hash (produccion-modelo.tsv, 11 filas) y ruta (11 scripts de tests/, forense/notas/2026-08-13-cep-cotejo.md SS1-2) -- ninguna empata @	375bf7c1bcdbcc9b0716cd3b63fe940906a97783a3b69f2afad35f35950b1e25	REP-d5528d424c13053703a4949d4969ff097b9d22b59b46e8ae16df342a6f3d2e43	PRESENTE-INTEGRO	E2	285	todas las hojas/tablas y encabezados; celdas de observación no persistidas	E2B-cf3ed8a0a59d994ad6c0a2ff61f48bb5b749a4bed8632b14168bb801814ae79a	1c96e3beff85f4829e8afa7a316a29ae13ec4643c468b12b9577ee24ba73acfe	580f8ac38de96585c7d8fadde08125f74efef1fd9f690073f502e556286819b5
mociba_2022_mociba2022_bd_csv	mociba2022/mociba2022_bd_csv.zip	data_raw	1303159	[REDACTADO-PRIVACIDAD]	NO-APLICA	NO-APLICA	SIN-DEMANDA	manifiesto.yaml+relaciones.tsv+abrir4-variables-2026-08-08.tsv+verif3-variables-2026-08-08.tsv @ dcc4f6a..5f90757 (sin cambio en estos 4 archivos en ese rango,	[REDACTADO-PRIVACIDAD]	buscado por ambas vias -- hash (produccion-modelo.tsv, 11 filas) y ruta (11 scripts de tests/, forense/notas/2026-08-13-cep-cotejo.md SS1-2) -- ninguna empata @	df186f09f6ccb2791a4e638672b8aba272b7ffe36cd6262d066da73ef9f0126d	REP-4c5ed2019ab7fd2aeb7f657ebfc18e74acf0fe138fefd1c824fbee4dc4a75e3f	PRESENTE-INTEGRO	E2	279	contenedor y miembros completos; anidados hasta profundidad 4	E2B-c9481fd2cee7e2a84b01affec20379be6025b1b6f9633529f2f8bc41bc748c78	1c96e3beff85f4829e8afa7a316a29ae13ec4643c468b12b9577ee24ba73acfe	d19094b545957d955428a649edf9d520093b1d115c55d79cb94dfb60ead28038
mociba_2022_mociba2022_bd_dbf	mociba2022/mociba2022_bd_dbf.zip	data_raw	1949398	[REDACTADO-PRIVACIDAD]	NO-APLICA	NO-APLICA	SIN-DEMANDA	manifiesto.yaml+relaciones.tsv+abrir4-variables-2026-08-08.tsv+verif3-variables-2026-08-08.tsv @ dcc4f6a..5f90757 (sin cambio en estos 4 archivos en ese rango,	[REDACTADO-PRIVACIDAD]	buscado por ambas vias -- hash (produccion-modelo.tsv, 11 filas) y ruta (11 scripts de tests/, forense/notas/2026-08-13-cep-cotejo.md SS1-2) -- ninguna empata @	45b325d96f04a78d7e37f228e1a4fb687555c6d9bff4bd845023d0db2f321913	REP-06f98f7872b91bdc3766b315dc8e3e4edce1c1efc784f1881855c9f257430474	PRESENTE-INTEGRO	E2	2	contenedor y miembros completos; anidados hasta profundidad 4	E2B-eaaec370da0d88768686ab7f0a309c099ad0d14b6668ca7dd3069bdd903f7120	1c96e3beff85f4829e8afa7a316a29ae13ec4643c468b12b9577ee24ba73acfe	5fbd2dd87796d4611ff15a4f5cc306d875c755961a30bcf3d13dfb81c9f16617
mociba_2022_mociba2022_bd_dta	mociba2022/mociba2022_bd_dta.zip	data_raw	1098647	[REDACTADO-PRIVACIDAD]	NO-APLICA	NO-APLICA	SIN-DEMANDA	manifiesto.yaml+relaciones.tsv+abrir4-variables-2026-08-08.tsv+verif3-variables-2026-08-08.tsv @ dcc4f6a..5f90757 (sin cambio en estos 4 archivos en ese rango,	[REDACTADO-PRIVACIDAD]	buscado por ambas vias -- hash (produccion-modelo.tsv, 11 filas) y ruta (11 scripts de tests/, forense/notas/2026-08-13-cep-cotejo.md SS1-2) -- ninguna empata @	2ee4c484aaa9fa3d3b6df9e1b0bb413f0bf7e63b37b08dfa2cc94aa98c79d644	REP-1dc9cf18dfab37ca806ddb9dc957e7103b4e59fa48beb7fc8fd62ca9d3daec39	PRESENTE-INTEGRO	E2	2	contenedor y miembros completos; anidados hasta profundidad 4	E2B-9a489d2f2f74c4096cf9e8d7d8298a9529f32c3384451c505bb1827050363971	1c96e3beff85f4829e8afa7a316a29ae13ec4643c468b12b9577ee24ba73acfe	e8e791c1a6fd0d6497e0d100ec3a190fffeda88bde2212d2b622d21de11b4ace
mociba_2022_mociba2022_bd_rdata	mociba2022/mociba2022_bd_RData.zip	data_raw	1227243	[REDACTADO-PRIVACIDAD]	NO-APLICA	NO-APLICA	SIN-DEMANDA	manifiesto.yaml+relaciones.tsv+abrir4-variables-2026-08-08.tsv+verif3-variables-2026-08-08.tsv @ dcc4f6a..5f90757 (sin cambio en estos 4 archivos en ese rango,	[REDACTADO-PRIVACIDAD]	buscado por ambas vias -- hash (produccion-modelo.tsv, 11 filas) y ruta (11 scripts de tests/, forense/notas/2026-08-13-cep-cotejo.md SS1-2) -- ninguna empata @	e6202603b988ba5bc08b0e01d5fb49109518636e1523763ea98b6d2d10e1f78c	REP-954a2494671727bcdc00f237fe2d6d6b89e9109564e7b90c573eeb34dcbb7192	PRESENTE-INTEGRO	E2	2	contenedor y miembros completos; anidados hasta profundidad 4	E2B-c08be55e9f31275d3b04b4a73a4886bac07740fcfe3d28bf0f0baacb46c2f9a0	1c96e3beff85f4829e8afa7a316a29ae13ec4643c468b12b9577ee24ba73acfe	3c5bdd8f80589b7f6aaf716c046025752870864e762db62f3f9bd190e79672a3
mociba_2022_mociba2022_bd_sav	mociba2022/mociba2022_bd_sav.zip	data_raw	1838006	[REDACTADO-PRIVACIDAD]	NO-APLICA	NO-APLICA	SIN-DEMANDA	manifiesto.yaml+relaciones.tsv+abrir4-variables-2026-08-08.tsv+verif3-variables-2026-08-08.tsv @ dcc4f6a..5f90757 (sin cambio en estos 4 archivos en ese rango,	[REDACTADO-PRIVACIDAD]	buscado por ambas vias -- hash (produccion-modelo.tsv, 11 filas) y ruta (11 scripts de tests/, forense/notas/2026-08-13-cep-cotejo.md SS1-2) -- ninguna empata @	251bb224c1a02f94371d6ea04dd0040fc78155f05a19b2bb445199ebeeeb8058	REP-0b1975315e14340bc9430535c6abba9f83fba0b251576eacffd3209725fa4077	PRESENTE-INTEGRO	E2	284	contenedor y miembros completos; anidados hasta profundidad 4	E2B-ad3dc37c76ae2a4a2edeebd11b3db1955e6023a8a8a2404fa3c11bd18d7c6032	1c96e3beff85f4829e8afa7a316a29ae13ec4643c468b12b9577ee24ba73acfe	f26dd54f93b53986be401c7c6ed6d22ba9b1b5fec73813c2a2a078fb7b8fcae7
mociba_2022_mociba2022_fd	mociba2022/mociba2022_fd.xlsx	data_raw	136935	[REDACTADO-PRIVACIDAD]	NO-APLICA	NO-APLICA	SIN-DEMANDA	manifiesto.yaml+relaciones.tsv+abrir4-variables-2026-08-08.tsv+verif3-variables-2026-08-08.tsv @ dcc4f6a..5f90757 (sin cambio en estos 4 archivos en ese rango,	[REDACTADO-PRIVACIDAD]	buscado por ambas vias -- hash (produccion-modelo.tsv, 11 filas) y ruta (11 scripts de tests/, forense/notas/2026-08-13-cep-cotejo.md SS1-2) -- ninguna empata @	923fa85a665219200d6c87d1f5af25090870bf91957d16f1008726e78edc396e	REP-efe404ceba1e2c5c83f592c217abb4570bd9ac36ba5f4543123ca4aca8ca3547	PRESENTE-INTEGRO	E2	285	todas las hojas/tablas y encabezados; celdas de observación no persistidas	E2B-220e8b4dfe87a7d36c66cbd255c68c0d3a0487e0876e05d2811b512885cf1096	1c96e3beff85f4829e8afa7a316a29ae13ec4643c468b12b9577ee24ba73acfe	776a14832462dc363d1f836d06f949c9c118061f37ec916337c6bb5c152fb1e0
mociba_2023_mociba2023_bd_csv	mociba2023/mociba2023_bd_csv.zip	data_raw	1411045	[REDACTADO-PRIVACIDAD]	NO-APLICA	NO-APLICA	SIN-DEMANDA	manifiesto.yaml+relaciones.tsv+abrir4-variables-2026-08-08.tsv+verif3-variables-2026-08-08.tsv @ dcc4f6a..5f90757 (sin cambio en estos 4 archivos en ese rango,	[REDACTADO-PRIVACIDAD]	buscado por ambas vias -- hash (produccion-modelo.tsv, 11 filas) y ruta (11 scripts de tests/, forense/notas/2026-08-13-cep-cotejo.md SS1-2) -- ninguna empata @	3514972146248efbb1fee9e1bc325cd6954a1122f98a09cf6383b5025bd2dc15	REP-951535e8d7cc6fb7e5e03c993f1af0a7aa44e9f02bac6203f4c98a5412da380e	PRESENTE-INTEGRO	E2	286	contenedor y miembros completos; anidados hasta profundidad 4	E2B-bded0ff7e75f31e32ca47536fea9fe80ec381d3f11015ac582997a6604f1117a	1c96e3beff85f4829e8afa7a316a29ae13ec4643c468b12b9577ee24ba73acfe	d3ddbd7a9657500d973d99f3943724c01f341dd773ba15376869fe6b8d7c53a6
mociba_2023_mociba2023_bd_dbf	mociba2023/mociba2023_bd_dbf.zip	data_raw	2099957	[REDACTADO-PRIVACIDAD]	NO-APLICA	NO-APLICA	SIN-DEMANDA	manifiesto.yaml+relaciones.tsv+abrir4-variables-2026-08-08.tsv+verif3-variables-2026-08-08.tsv @ dcc4f6a..5f90757 (sin cambio en estos 4 archivos en ese rango,	[REDACTADO-PRIVACIDAD]	buscado por ambas vias -- hash (produccion-modelo.tsv, 11 filas) y ruta (11 scripts de tests/, forense/notas/2026-08-13-cep-cotejo.md SS1-2) -- ninguna empata @	9e65b84d7a33f0b2c6095bba7a6deaa1e8936549884b9caa7592f5ce39d17616	REP-fa87a8a9197b96752f6340631b6a80db6942eab8557369df350ee24d50687413	PRESENTE-INTEGRO	E2	2	contenedor y miembros completos; anidados hasta profundidad 4	E2B-da23962644e2942cec3f286620764c60936c557174d2dfc9cbb4c40b04f71498	1c96e3beff85f4829e8afa7a316a29ae13ec4643c468b12b9577ee24ba73acfe	54a6fc67e04ddc9c40d62ab9b2ed1ffb71611026392b447b85e64ce49611ae60
mociba_2023_mociba2023_bd_dta	mociba2023/mociba2023_bd_dta.zip	data_raw	1196041	[REDACTADO-PRIVACIDAD]	NO-APLICA	NO-APLICA	SIN-DEMANDA	manifiesto.yaml+relaciones.tsv+abrir4-variables-2026-08-08.tsv+verif3-variables-2026-08-08.tsv @ dcc4f6a..5f90757 (sin cambio en estos 4 archivos en ese rango,	[REDACTADO-PRIVACIDAD]	buscado por ambas vias -- hash (produccion-modelo.tsv, 11 filas) y ruta (11 scripts de tests/, forense/notas/2026-08-13-cep-cotejo.md SS1-2) -- ninguna empata @	8669bc65bd72f9291d7eb900eddd7edb40b11fb02bc311e76c2d901a673cf6fd	REP-2f35822a35be4dcbd76930b56e199dd131dd20d87300c63c1ccdd790576dd13c	PRESENTE-INTEGRO	E2	2	contenedor y miembros completos; anidados hasta profundidad 4	E2B-1a2168f052530910b9674fe404478c4bcaafea10117f9609f8f8700ce1c806c8	1c96e3beff85f4829e8afa7a316a29ae13ec4643c468b12b9577ee24ba73acfe	ebebfbd35937cac3afa429cf9319c631d4e25dfd8ece7180387376bb8268cb9f
mociba_2023_mociba2023_bd_rdata	mociba2023/mociba2023_bd_RData.zip	data_raw	1236848	[REDACTADO-PRIVACIDAD]	NO-APLICA	NO-APLICA	SIN-DEMANDA	manifiesto.yaml+relaciones.tsv+abrir4-variables-2026-08-08.tsv+verif3-variables-2026-08-08.tsv @ dcc4f6a..5f90757 (sin cambio en estos 4 archivos en ese rango,	[REDACTADO-PRIVACIDAD]	buscado por ambas vias -- hash (produccion-modelo.tsv, 11 filas) y ruta (11 scripts de tests/, forense/notas/2026-08-13-cep-cotejo.md SS1-2) -- ninguna empata @	7860c46a622134665054b45d65b2e0a2992587451cb1076ec75e01e96edd92aa	REP-e9d1383f862d52f25ce02cef4ec554c8b4b4c19c860e87fdd75c242d2540ab95	PRESENTE-INTEGRO	E2	2	contenedor y miembros completos; anidados hasta profundidad 4	E2B-9677700d512361197057ba20a44f1f6030f5826d8af54b0ec8b2c46833a9b5a1	1c96e3beff85f4829e8afa7a316a29ae13ec4643c468b12b9577ee24ba73acfe	540a72b8a2c732006f00bfcdc47f616e6ed477091e3a445fefc5d2b63a5891ae
mociba_2023_mociba2023_bd_sav	mociba2023/mociba2023_bd_sav.zip	data_raw	1936747	[REDACTADO-PRIVACIDAD]	NO-APLICA	NO-APLICA	SIN-DEMANDA	manifiesto.yaml+relaciones.tsv+abrir4-variables-2026-08-08.tsv+verif3-variables-2026-08-08.tsv @ dcc4f6a..5f90757 (sin cambio en estos 4 archivos en ese rango,	[REDACTADO-PRIVACIDAD]	buscado por ambas vias -- hash (produccion-modelo.tsv, 11 filas) y ruta (11 scripts de tests/, forense/notas/2026-08-13-cep-cotejo.md SS1-2) -- ninguna empata @	9e2c11e4d4d4f7cc7c2b4bddb0561d1a82250d74b5840941950b41cbad9f941a	REP-df9af904960e96834c3ab2a0ec73780eed6080b5cdaf45a3057dddf8ed391152	PRESENTE-INTEGRO	E2	291	contenedor y miembros completos; anidados hasta profundidad 4	E2B-b113afa2d0275394b1f21337391d06c8775e5d77ebf0eece66d888fa550f7596	1c96e3beff85f4829e8afa7a316a29ae13ec4643c468b12b9577ee24ba73acfe	5ffca2e255eeceb6c2131f2529a4e6170251391c2d04116a9ff7852398439cb0
mociba_2023_mociba2023_fd	mociba2023/mociba2023_fd.xlsx	data_raw	138846	[REDACTADO-PRIVACIDAD]	NO-APLICA	NO-APLICA	SIN-DEMANDA	manifiesto.yaml+relaciones.tsv+abrir4-variables-2026-08-08.tsv+verif3-variables-2026-08-08.tsv @ dcc4f6a..5f90757 (sin cambio en estos 4 archivos en ese rango,	[REDACTADO-PRIVACIDAD]	buscado por ambas vias -- hash (produccion-modelo.tsv, 11 filas) y ruta (11 scripts de tests/, forense/notas/2026-08-13-cep-cotejo.md SS1-2) -- ninguna empata @	f4a5d24cd9b8664ef4f2965547090da115948e82796851f97b0a47b59303dea4	REP-069817d58f30e0813a37e7431c6d8c21576fb3a3dcd6da0486b4af9424ebf356	PRESENTE-INTEGRO	E2	292	todas las hojas/tablas y encabezados; celdas de observación no persistidas	E2B-ca9a8bc4ff63f77c3c27a809e05d163e51a1569a8b66682abcb520110530d3ea	1c96e3beff85f4829e8afa7a316a29ae13ec4643c468b12b9577ee24ba73acfe	02b59926cc6d0c73304fdad0a937df6834cf1c206f1cf8d309f85a06bc9f73dc
mociba_2024_mociba2024_bd_dbf	mociba2024/mociba2024_bd_dbf.zip	data_raw	2245140	[REDACTADO-PRIVACIDAD]	NO-APLICA	NO-APLICA	SIN-DEMANDA	manifiesto.yaml+relaciones.tsv+abrir4-variables-2026-08-08.tsv+verif3-variables-2026-08-08.tsv @ dcc4f6a..5f90757 (sin cambio en estos 4 archivos en ese rango,	[REDACTADO-PRIVACIDAD]	buscado por ambas vias -- hash (produccion-modelo.tsv, 11 filas) y ruta (11 scripts de tests/, forense/notas/2026-08-13-cep-cotejo.md SS1-2) -- ninguna empata @	023a0e1ac28266cc896266e868c78e770c14ff4fc7cf5af2ed57705ea8ccebb6	REP-9b40a69972122381dc4b7dadb93288a6af017881ab412d6e12c0b25076e82694	PRESENTE-INTEGRO	E2	2	contenedor y miembros completos; anidados hasta profundidad 4	E2B-b07fec413d48a671315e3181814e036c77e761b8fffde9422b2c14d4430b84af	1c96e3beff85f4829e8afa7a316a29ae13ec4643c468b12b9577ee24ba73acfe	2bbfdbd5838fa63e0395cde3a0a41a751c90736fa439c90447a0f4d8ba7e7386
mociba_2024_mociba2024_bd_dta	mociba2024/mociba2024_bd_dta.zip	data_raw	1271152	[REDACTADO-PRIVACIDAD]	NO-APLICA	NO-APLICA	SIN-DEMANDA	manifiesto.yaml+relaciones.tsv+abrir4-variables-2026-08-08.tsv+verif3-variables-2026-08-08.tsv @ dcc4f6a..5f90757 (sin cambio en estos 4 archivos en ese rango,	[REDACTADO-PRIVACIDAD]	buscado por ambas vias -- hash (produccion-modelo.tsv, 11 filas) y ruta (11 scripts de tests/, forense/notas/2026-08-13-cep-cotejo.md SS1-2) -- ninguna empata @	1228f9f4188284ce4d1420309b57802cbad640046977d3ce945337a5d0b39fb7	REP-86a074fc5584bd5d87f007ba7692ce262a61f288fa83e13a3ef10c2b9486cc34	PRESENTE-INTEGRO	E2	2	contenedor y miembros completos; anidados hasta profundidad 4	E2B-9e0ca424c625669c97c79684352b7b2c2bbca868c21cc6306ec790fba7329617	1c96e3beff85f4829e8afa7a316a29ae13ec4643c468b12b9577ee24ba73acfe	92ffe685c333de7ff8faaac5331c1f5068ad06d947a652455ef9aee2ef999f4c
mociba_2024_mociba2024_bd_rdata	mociba2024/mociba2024_bd_RData.zip	data_raw	1341731	[REDACTADO-PRIVACIDAD]	NO-APLICA	NO-APLICA	SIN-DEMANDA	manifiesto.yaml+relaciones.tsv+abrir4-variables-2026-08-08.tsv+verif3-variables-2026-08-08.tsv @ dcc4f6a..5f90757 (sin cambio en estos 4 archivos en ese rango,	[REDACTADO-PRIVACIDAD]	buscado por ambas vias -- hash (produccion-modelo.tsv, 11 filas) y ruta (11 scripts de tests/, forense/notas/2026-08-13-cep-cotejo.md SS1-2) -- ninguna empata @	3b09ea6eb52466f9ebbdb3109de8cd19ee88f2383fdbf3300f39ceba889bc0f6	REP-9943947959c756926ca0d755f555f99738f2940792b5b79c49ca3208b68f0132	PRESENTE-INTEGRO	E2	2	contenedor y miembros completos; anidados hasta profundidad 4	E2B-c7aba70952653be4bc3556a93aefc58932c150b7302a2b1807970bd8bf6332eb	1c96e3beff85f4829e8afa7a316a29ae13ec4643c468b12b9577ee24ba73acfe	6c273ed580c9004ee27d90cb7fe53af6fe5959536007edd0ac12c925de0817ab
mociba_2024_mociba2024_bd_sav	mociba2024/mociba2024_bd_sav.zip	data_raw	2056547	[REDACTADO-PRIVACIDAD]	NO-APLICA	NO-APLICA	SIN-DEMANDA	manifiesto.yaml+relaciones.tsv+abrir4-variables-2026-08-08.tsv+verif3-variables-2026-08-08.tsv @ dcc4f6a..5f90757 (sin cambio en estos 4 archivos en ese rango,	[REDACTADO-PRIVACIDAD]	buscado por ambas vias -- hash (produccion-modelo.tsv, 11 filas) y ruta (11 scripts de tests/, forense/notas/2026-08-13-cep-cotejo.md SS1-2) -- ninguna empata @	f72d09139646a50fea0cd0647bc5b2f5ab2ffe43b0cd4b4a0a6aa9195731551c	REP-592399dd050a7d054273a06932ebc177070e703373a3392d77784676bfa86a79	PRESENTE-INTEGRO	E2	291	contenedor y miembros completos; anidados hasta profundidad 4	E2B-5aa42b25dfb21b62532be48707c7592c4b39e1543f89c3e81f0e02562f7c2b50	1c96e3beff85f4829e8afa7a316a29ae13ec4643c468b12b9577ee24ba73acfe	1e07c95a02c4491cc893ba130a66099bdebd550bd816afef9f172942ba59ac5f
mociba_2025_mociba2025_bd_csv	mociba2025/mociba2025_bd_csv.zip	data_raw	1541603	[REDACTADO-PRIVACIDAD]	NO-APLICA	NO-APLICA	SIN-DEMANDA	manifiesto.yaml+relaciones.tsv+abrir4-variables-2026-08-08.tsv+verif3-variables-2026-08-08.tsv @ dcc4f6a..5f90757 (sin cambio en estos 4 archivos en ese rango,	[REDACTADO-PRIVACIDAD]	buscado por ambas vias -- hash (produccion-modelo.tsv, 11 filas) y ruta (11 scripts de tests/, forense/notas/2026-08-13-cep-cotejo.md SS1-2) -- ninguna empata @	bc700919a67ae2ced10abdda770cc2262414a8a70d4f510f3c2cd0a67ef3a39d	REP-c5465b7f69127f5728fe53dd3b8e481166326f76b5f09c45d8ddcd7f1a6bd54a	PRESENTE-INTEGRO	E2	288	contenedor y miembros completos; anidados hasta profundidad 4	E2B-b795394c663ac65702b2d3a7d995508a8e5095f55ab3a18546018f4ce9a30944	1c96e3beff85f4829e8afa7a316a29ae13ec4643c468b12b9577ee24ba73acfe	2e20848886e684e81a0e54e5b77e3a7db4a7cd58f863d668fd68bc2f644f619a
mociba_2025_mociba2025_bd_dbf	mociba2025/mociba2025_bd_dbf.zip	data_raw	2268896	[REDACTADO-PRIVACIDAD]	NO-APLICA	NO-APLICA	SIN-DEMANDA	manifiesto.yaml+relaciones.tsv+abrir4-variables-2026-08-08.tsv+verif3-variables-2026-08-08.tsv @ dcc4f6a..5f90757 (sin cambio en estos 4 archivos en ese rango,	[REDACTADO-PRIVACIDAD]	buscado por ambas vias -- hash (produccion-modelo.tsv, 11 filas) y ruta (11 scripts de tests/, forense/notas/2026-08-13-cep-cotejo.md SS1-2) -- ninguna empata @	a5e91efa27b898062f7bf09e91003295a4d68d9affe3f250d0387c7200e8a6fe	REP-63053c93abd822696c7541521a61b1eaec42bf725398a954322bbca8384d06c4	PRESENTE-INTEGRO	E2	2	contenedor y miembros completos; anidados hasta profundidad 4	E2B-a9183a8b458b9397c9b64661aaf5f528d13221d8bad6a2d70c5663562fdb31d9	1c96e3beff85f4829e8afa7a316a29ae13ec4643c468b12b9577ee24ba73acfe	1fb5c67299a9fe1898257873380aba4cafd850e1d7f8872abef0ebdfbca4edd0
mociba_2025_mociba2025_bd_dta	mociba2025/mociba2025_bd_dta.zip	data_raw	1295707	[REDACTADO-PRIVACIDAD]	NO-APLICA	NO-APLICA	SIN-DEMANDA	manifiesto.yaml+relaciones.tsv+abrir4-variables-2026-08-08.tsv+verif3-variables-2026-08-08.tsv @ dcc4f6a..5f90757 (sin cambio en estos 4 archivos en ese rango,	[REDACTADO-PRIVACIDAD]	buscado por ambas vias -- hash (produccion-modelo.tsv, 11 filas) y ruta (11 scripts de tests/, forense/notas/2026-08-13-cep-cotejo.md SS1-2) -- ninguna empata @	dd7e83e949b609ebb5fa9664908122c73015fff00d0d29b7e45bbcecebb4cfc6	REP-444807b3d740dd567deaa35d401ed06862bfc2703a90c708f2d3877451883159	PRESENTE-INTEGRO	E2	2	contenedor y miembros completos; anidados hasta profundidad 4	E2B-57f361a1ea7d074be9959b9a40cb98a1ec6e8bd228b46f008a18df4d62315b26	1c96e3beff85f4829e8afa7a316a29ae13ec4643c468b12b9577ee24ba73acfe	64a899f34a26ced0f7ffbd2cb83cf8be81636f6b8e173f1385c6964ab8399cc3
mociba_2025_mociba2025_bd_rdata	mociba2025/mociba2025_bd_RData.zip	data_raw	1339899	[REDACTADO-PRIVACIDAD]	NO-APLICA	NO-APLICA	SIN-DEMANDA	manifiesto.yaml+relaciones.tsv+abrir4-variables-2026-08-08.tsv+verif3-variables-2026-08-08.tsv @ dcc4f6a..5f90757 (sin cambio en estos 4 archivos en ese rango,	[REDACTADO-PRIVACIDAD]	buscado por ambas vias -- hash (produccion-modelo.tsv, 11 filas) y ruta (11 scripts de tests/, forense/notas/2026-08-13-cep-cotejo.md SS1-2) -- ninguna empata @	3b37b59014d8e3e5e4340b3779eaf9617c288d507d70130491cce0e1f7398d42	REP-19db6037574d5d7b5df2cd03e82cb165d33f92ab0f8b7e1589893f1840618781	PRESENTE-INTEGRO	E2	2	contenedor y miembros completos; anidados hasta profundidad 4	E2B-005b43e171a29a0ee614af10e222fbf59d0dc6590919313c2fd74b34a206f6d2	1c96e3beff85f4829e8afa7a316a29ae13ec4643c468b12b9577ee24ba73acfe	7fcafa2cf3a8846cb28f42960576779c13c0a4cc7dc20a3a17d208474c98eca9
mociba_2025_mociba2025_bd_sav	mociba2025/mociba2025_bd_sav.zip	data_raw	2116403	[REDACTADO-PRIVACIDAD]	NO-APLICA	NO-APLICA	SIN-DEMANDA	manifiesto.yaml+relaciones.tsv+abrir4-variables-2026-08-08.tsv+verif3-variables-2026-08-08.tsv @ dcc4f6a..5f90757 (sin cambio en estos 4 archivos en ese rango,	[REDACTADO-PRIVACIDAD]	buscado por ambas vias -- hash (produccion-modelo.tsv, 11 filas) y ruta (11 scripts de tests/, forense/notas/2026-08-13-cep-cotejo.md SS1-2) -- ninguna empata @	a5a7897f02593e609bc7735c0c18d791deae32860996c8628075cd6b3695e9fb	REP-cce4dc5446274a70775f588596c64e1ddcbeda523f00d0d4997994ec7366a673	PRESENTE-INTEGRO	E2	293	contenedor y miembros completos; anidados hasta profundidad 4	E2B-914dca712bd302b8f9e334ea3fed1708d70c1f09f4638e186863a25f538d94d4	1c96e3beff85f4829e8afa7a316a29ae13ec4643c468b12b9577ee24ba73acfe	fad1d443815e1eeaa2f96850f21779159fd374bbe890952642cf421ddce170b1
mociba_2025_mociba2025_fd	mociba2025/mociba2025_fd.xlsx	data_raw	143098	[REDACTADO-PRIVACIDAD]	NO-APLICA	NO-APLICA	SIN-DEMANDA	manifiesto.yaml+relaciones.tsv+abrir4-variables-2026-08-08.tsv+verif3-variables-2026-08-08.tsv @ dcc4f6a..5f90757 (sin cambio en estos 4 archivos en ese rango,	[REDACTADO-PRIVACIDAD]	buscado por ambas vias -- hash (produccion-modelo.tsv, 11 filas) y ruta (11 scripts de tests/, forense/notas/2026-08-13-cep-cotejo.md SS1-2) -- ninguna empata @	6807df722b6c464676f3493407bc01758020deae88f6559bceee821c3d3222e0	REP-ea7c9015ee3f39d65799f813d8a41df2b520a6977937a90984f5b1bf760d7f36	PRESENTE-INTEGRO	E2	296	todas las hojas/tablas y encabezados; celdas de observación no persistidas	E2B-1aa1aa0d265b2983bcced9460923766c7e6895ac381e99b4fc5b0d598500893a	1c96e3beff85f4829e8afa7a316a29ae13ec4643c468b12b9577ee24ba73acfe	dacc36e976d6d0a86ad5bb7dc4e238afd9db692694b43eff1fab4a8d0741dca3
nse_hogar_ensanut_2024_catlogo	NSE_Hogar_ENSANUT_2024.Catlogo.xlsx	descargas_mx	137855	sin uso asignado — registro de inventario	NO-APLICA	NO-APLICA	SIN-DEMANDA	manifiesto.yaml+relaciones.tsv+abrir4-variables-2026-08-08.tsv+verif3-variables-2026-08-08.tsv @ dcc4f6a..5f90757 (sin cambio en estos 4 archivos en ese rango,	[REDACTADO-PRIVACIDAD]	buscado por ambas vias -- hash (produccion-modelo.tsv, 11 filas) y ruta (11 scripts de tests/, forense/notas/2026-08-13-cep-cotejo.md SS1-2) -- ninguna empata @	ed1be4e10d76b065f2c6ad67e4ab3fb9f5af3ce5d5877aea28ffe4382f5ccc1a	REP-317f1c363b306a100cbde28ab84e23c23a6b92173940defd1a8be32d9f4ff8ed	PRESENTE-INTEGRO	E2	13	todas las hojas/tablas y encabezados; celdas de observación no persistidas	E2B-540dbc6bfb63d9c61300837ffa8118c22e9785548599b0b625f52fcc91c0aec9	1c96e3beff85f4829e8afa7a316a29ae13ec4643c468b12b9577ee24ba73acfe	638280d8b91aba45c8e0daf95e624bef8c09b5e2ac429c509b3fa1b38b6039d4
nse_hogar_ensanut_2024_csv_csv	NSE_Hogar_ENSANUT_2024.csv.csv.zip	descargas_mx	83570	sin uso asignado — registro de inventario	NO-APLICA	NO-APLICA	SIN-DEMANDA	manifiesto.yaml+relaciones.tsv+abrir4-variables-2026-08-08.tsv+verif3-variables-2026-08-08.tsv @ dcc4f6a..5f90757 (sin cambio en estos 4 archivos en ese rango,	[REDACTADO-PRIVACIDAD]	buscado por ambas vias -- hash (produccion-modelo.tsv, 11 filas) y ruta (11 scripts de tests/, forense/notas/2026-08-13-cep-cotejo.md SS1-2) -- ninguna empata @	685e33d003ca100b06501c377de13abce8f56b46b3705f7a6fa0effaf4db28af	REP-3ed3f76e47dbe0bcd3313c9c984c5e3085d082bcb0401ead02fdff1d291e0882	PRESENTE-INTEGRO	E2	6	contenedor y miembros completos; anidados hasta profundidad 4	E2B-0cde50c933cab3d0e25e97ffe9c0eb9d974c5f57c3017aff18005f13298ea246	1c96e3beff85f4829e8afa7a316a29ae13ec4643c468b12b9577ee24ba73acfe	35b688baf4c7fe1fd190b98b15ac21084927eda4487658abe172310661ae8fd2
nse_integrantes_ensanut_2024_catlogo	NSE_Integrantes_ENSANUT_2024.Catlogo.xlsx	descargas_mx	138387	sin uso asignado — registro de inventario	NO-APLICA	NO-APLICA	SIN-DEMANDA	manifiesto.yaml+relaciones.tsv+abrir4-variables-2026-08-08.tsv+verif3-variables-2026-08-08.tsv @ dcc4f6a..5f90757 (sin cambio en estos 4 archivos en ese rango,	[REDACTADO-PRIVACIDAD]	buscado por ambas vias -- hash (produccion-modelo.tsv, 11 filas) y ruta (11 scripts de tests/, forense/notas/2026-08-13-cep-cotejo.md SS1-2) -- ninguna empata @	6d2425ad899ab5beaa9c4ea016d9cadebb17ae4827fa847090b5c32ebc7bf8b0	REP-9b15f2a15fd37736a0b193acd601423d515e27750607fc4922b947d0da7214a5	PRESENTE-INTEGRO	E2	19	todas las hojas/tablas y encabezados; celdas de observación no persistidas	E2B-67051df63dc8b76b79ce553729bb32c851107bf54068dcb2ba783c9ce55b22f4	1c96e3beff85f4829e8afa7a316a29ae13ec4643c468b12b9577ee24ba73acfe	8c90286f5e97610dc02ea89e95997aedc394c81029599b771bb7c1946eb8612e
nse_integrantes_ensanut_2024_csv_csv	NSE_Integrantes_ENSANUT_2024.csv.csv.zip	descargas_mx	256745	sin uso asignado — registro de inventario	NO-APLICA	NO-APLICA	SIN-DEMANDA	manifiesto.yaml+relaciones.tsv+abrir4-variables-2026-08-08.tsv+verif3-variables-2026-08-08.tsv @ dcc4f6a..5f90757 (sin cambio en estos 4 archivos en ese rango,	[REDACTADO-PRIVACIDAD]	buscado por ambas vias -- hash (produccion-modelo.tsv, 11 filas) y ruta (11 scripts de tests/, forense/notas/2026-08-13-cep-cotejo.md SS1-2) -- ninguna empata @	0315bc625b262ec14f818c4b3858a387a022911e527af059ac3c6923f46e6ff0	REP-33f120ceb00c2dc70a37ebca27955ae9e928dc7f971322245235a2c4a1542d0b	PRESENTE-INTEGRO	E2	8	contenedor y miembros completos; anidados hasta profundidad 4	E2B-349acadb070dcca992bd0039a0a3821a7bc946548cae3effa4f497b9bd5fc944	1c96e3beff85f4829e8afa7a316a29ae13ec4643c468b12b9577ee24ba73acfe	f60e52046935c1fbc318df4ac4098033b00b97e1618b6235c5e2f12492750873
osf_iae_2018_see_pre_nal_mun	osf_interacting_as_equals/2018_SEE_PRE_NAL_MUN.xlsx	data_raw	464098	NO-DETERMINADO-W0	NO-DETERMINADO-W0	NO-APLICA	PRESENTE-INTEGRO	manifiesto.yaml@ee50b12c2c86	NO-DETERMINADO-W0	W0 material; semántica no evaluada	2b7fa5e6a63872e453341bffe53a8457d88771bd72205319a68e71e5968a478a	REP-8b204c2cf90ec02d480cc6bb8a432b25b12ad0cac81140e79f0a7e71c7236d42	PRESENTE-INTEGRO	E2	34	todas las hojas/tablas y encabezados; celdas de observación no persistidas	E2B-906b1c0a045ead4c5505ab19fbeb865de6b019e1601423699c11c7d3604bfbdb	1c96e3beff85f4829e8afa7a316a29ae13ec4643c468b12b9577ee24ba73acfe	7744297c28da321c9546b3705a117c8e528d27c0954e3ca618816bfb067d2b28
osf_iae_binscatter_morena_pobreza	osf_interacting_as_equals/binscatter_morena_pobreza.csv	data_raw	917	NO-DETERMINADO-W0	NO-DETERMINADO-W0	NO-APLICA	PRESENTE-INTEGRO	manifiesto.yaml@ee50b12c2c86	NO-DETERMINADO-W0	W0 material; semántica no evaluada	ebf14687022506b9125d68819cb7b307653cd63ebe73e2d5b067bcc4b1e99f22	REP-05187dbb52a597b62cf47a3742932612299f7186858b5262d67e23441e53b7e5	PRESENTE-INTEGRO	E2	5	encabezado/esquema y conteo completo; filas no persistidas	E2B-938c00504dd55e2a30820fe55753400ce2500ed1155f4086b39d46ef94bba77e	1c96e3beff85f4829e8afa7a316a29ae13ec4643c468b12b9577ee24ba73acfe	d7208d17b7e63b8ec1237cd6b32ec41172e89dfea31ca92fd0ce1d6d03e36c91
osf_iae_concentrado_indicadores_de_pobreza_2020_modificado	osf_interacting_as_equals/Concentrado_indicadores_de_pobreza_2020_modificado.dta	data_raw	323536	NO-DETERMINADO-W0	NO-DETERMINADO-W0	NO-APLICA	PRESENTE-INTEGRO	manifiesto.yaml@ee50b12c2c86	NO-DETERMINADO-W0	W0 material; semántica no evaluada	27cbc8e889c8c232c3642bf1af37c3a945d7eaadecfa549881682ec1db600466	REP-5b1b40103be71e94bf37d3ffd01ae82dcfff9ab5835cae9f58b7d9cbe4aad7fd	PRESENTE-INTEGRO	E2	8	metadatos completos; observaciones no persistidas	E2B-94c7d252cf602ee11328ba5354dc6fd2ae40836d93d189551a37b4378f360a8e	1c96e3beff85f4829e8afa7a316a29ae13ec4643c468b12b9577ee24ba73acfe	21b7002fc846abb95d4104b6a232451cc221fd5b024d901ae99deeb9d196f855
osf_iae_data_si_f9	osf_interacting_as_equals/Data_SI_F9.dta	data_raw	193728	NO-DETERMINADO-W0	NO-DETERMINADO-W0	NO-APLICA	PRESENTE-INTEGRO	manifiesto.yaml@ee50b12c2c86	NO-DETERMINADO-W0	W0 material; semántica no evaluada	5804a97238ceabbe851c7270c923d9ec1a6cc5596a766c5b3f3b71471a8cee04	REP-0846fdae9fe465b86edf6fe06426415a4af9eacecb5ec542da64181a312b95cc	PRESENTE-INTEGRO	E2	17	metadatos completos; observaciones no persistidas	E2B-769faf9aa0c75398a58bc49b3df3a4cc10393d05a71137ee385799b8797889d9	1c96e3beff85f4829e8afa7a316a29ae13ec4643c468b12b9577ee24ba73acfe	fed377be7c089723b90a83367f9cd019e4bae23d00b91ff6855121e742bbfa64
osf_iae_dip_municipality_2021	osf_interacting_as_equals/Dip_Municipality_2021.dta	data_raw	24326	NO-DETERMINADO-W0	NO-DETERMINADO-W0	NO-APLICA	PRESENTE-INTEGRO	manifiesto.yaml@ee50b12c2c86	NO-DETERMINADO-W0	W0 material; semántica no evaluada	df3536d216decc162480d8e86f95363690d6d62d06d1f69745bacbee2970c9d4	REP-60e49c274f2f2e0358cb29939878fb64f0e37b3b581b19fb630da8a0ee642d92	PRESENTE-INTEGRO	E2	3	metadatos completos; observaciones no persistidas	E2B-d4a080e6c8f68e100d9feda169ca7f9e44a870a9168b86e83a064a2245c0c175	1c96e3beff85f4829e8afa7a316a29ae13ec4643c468b12b9577ee24ba73acfe	01417bae4a0186d579dceac235216c7c65c868abc5b9f1cf587740701779bc0d
osf_iae_master_data	[REDACTADO-PRIVACIDAD]	data_raw	1290938	NO-DETERMINADO-W0	NO-DETERMINADO-W0	NO-APLICA	PRESENTE-INTEGRO	manifiesto.yaml@ee50b12c2c86	NO-DETERMINADO-W0	W0 material; semántica no evaluada	473539bededa89b17095fe54ac9cebc66c57e91f4d1139dc56138eb206d1616c	REP-297f77efad50d85fffb00958a81906cc9b662811be621d31bcdc705cc109f417	PRESENTE-INTEGRO	E2	112	metadatos completos; observaciones no persistidas	E2B-fa28852c6bab49e267e3bb8ccaf1ca8add8cab24e15ca7e4e5d3a34c6d8272de	1c96e3beff85f4829e8afa7a316a29ae13ec4643c468b12b9577ee24ba73acfe	7bc200bfe815f3b424dfafba992c24109ed921acee4e019db53d8ae6732593aa
osf_iae_si_f9_results	osf_interacting_as_equals/SI_F9_results.dta	data_raw	6470	NO-DETERMINADO-W0	NO-DETERMINADO-W0	NO-APLICA	PRESENTE-INTEGRO	manifiesto.yaml@ee50b12c2c86	NO-DETERMINADO-W0	W0 material; semántica no evaluada	0196ce6b2e1dc30e4d3efc32426f38e254b563a38ae368bece70ab6cb04718e2	REP-fcd06a30c5b649270a469ca31e017afde783e5915d00a41fdfeaedddd6a109fd	PRESENTE-INTEGRO	E2	9	metadatos completos; observaciones no persistidas	E2B-49455081b0b0754f80cfc6eb99bbb340384c26a2f32e3653babec5bbbe5dced5	1c96e3beff85f4829e8afa7a316a29ae13ec4643c468b12b9577ee24ba73acfe	a60eed6a31f284478e5c1e71a6c2c554ece97f86c4d37fd4f8514fba7acb4d47
osf_iae_si_f9_results_combined	osf_interacting_as_equals/SI_F9_results_combined.dta	data_raw	10443	NO-DETERMINADO-W0	NO-DETERMINADO-W0	NO-APLICA	PRESENTE-INTEGRO	manifiesto.yaml@ee50b12c2c86	NO-DETERMINADO-W0	W0 material; semántica no evaluada	c3d7803053d8fbdc6154db26af795c79da62f29afa7a90ff1eb89b042a46ce38	REP-604bab57853e70de4c16f38268d6796a0a56051884db04b86bbc9bd3b5cb0aee	PRESENTE-INTEGRO	E2	7	metadatos completos; observaciones no persistidas	E2B-b074310249d1a7908b316f3b8d555a4cae30196dd9084b4978dc1001e8d24b0c	1c96e3beff85f4829e8afa7a316a29ae13ec4643c468b12b9577ee24ba73acfe	a7020887eaa71083a6f38d6917e8488114a8f16c2805eb26d3fbe6a88463b727
osf_iae_si_f9_results_pid	osf_interacting_as_equals/SI_F9_results_pid.dta	data_raw	3511	NO-DETERMINADO-W0	NO-DETERMINADO-W0	NO-APLICA	PRESENTE-INTEGRO	manifiesto.yaml@ee50b12c2c86	NO-DETERMINADO-W0	W0 material; semántica no evaluada	2b2fc85dc6fdb3ec16fec136e065dfa3cb0f069de97aaa3be58b2f7bfcc5beec	REP-46a265c7dd61432c1c885441804f366b9d4e26efafce98f699cfd7f2f61171de	PRESENTE-INTEGRO	E2	5	metadatos completos; observaciones no persistidas	E2B-722780c180a0d3e83bbde25ecb630bb6d5411e14b5accbc56fb5f504723159a0	1c96e3beff85f4829e8afa7a316a29ae13ec4643c468b12b9577ee24ba73acfe	9319c027404c8ffc8dfcc7ff9f91ef09d8600221aa52f76b3530af75cba8cae8
osf_iae_si_f9_results_vote	osf_interacting_as_equals/SI_F9_results_vote.dta	data_raw	3511	NO-DETERMINADO-W0	NO-DETERMINADO-W0	NO-APLICA	PRESENTE-INTEGRO	manifiesto.yaml@ee50b12c2c86	NO-DETERMINADO-W0	W0 material; semántica no evaluada	0b4be03d50674d00673255e6168711805c8170cd58087771b24321a79e0f1b63	REP-ddb123b43356e3d75eb177c90327f2c678621020751514788c313aef80e2e170	PRESENTE-INTEGRO	E2	5	metadatos completos; observaciones no persistidas	E2B-ed594ff074ddc4c8cba10eaba579bf35b9e8ab5ddb742cdc4776258b19119248	1c96e3beff85f4829e8afa7a316a29ae13ec4643c468b12b9577ee24ba73acfe	eb59fa7536cb5a5575ed39b30025e93a4dd6636911bd8d0c3307f1880f09053e
r2_1_ecco_reporte_se_2023	R2.1_ECCO/SE_REPORTE_GENERAL_ECCO_2023.pdf	data_raw	2407229	R2.1 (encargo CONF-17) — verificación byte a byte de si el reporte agregado de ECCO cruza el ítem de confianza en el proceso de denuncia (factor 116, ítem 405)	NO-APLICA	verif3-variables-2026-08-08.tsv	ABIERTO-SIN-HALLAZGO	manifiesto.yaml+relaciones.tsv+abrir4-variables-2026-08-08.tsv+verif3-variables-2026-08-08.tsv @ dcc4f6a..5f90757 (sin cambio en estos 4 archivos en ese rango,	[REDACTADO-PRIVACIDAD]	buscado por ambas vias -- hash (produccion-modelo.tsv, 11 filas) y ruta (11 scripts de tests/, forense/notas/2026-08-13-cep-cotejo.md SS1-2) -- ninguna empata @	ec47822d2a7b08327eebc70d4cb9bb1da947b04ca565c55768958b1243b866ea	REP-266beb52835ee0d27f087727a84c45b11757808df7ba68d51b802daa0f516fa6	PRESENTE-INTEGRO	E2	369	todas las páginas; texto no extraíble se declara por página	E2B-cc68c62f90f42dcf9043a7d05a3dd3ce6a7fb91e3aeeb43d40ca8155b5df2a57	1c96e3beff85f4829e8afa7a316a29ae13ec4643c468b12b9577ee24ba73acfe	32722df963bd1436306afed908bbbeba431c225b9bf5d47e6a2985af5e82a96d
r7_3_pub_beneficiarios_bienestar_csv	R7.3_PUB_Bienestar/padron_unico_bienestar.csv	data_raw	114046	[REDACTADO-PRIVACIDAD]	NO-APLICA	verif3-variables-2026-08-08.tsv	ABIERTO-SIN-HALLAZGO	manifiesto.yaml+relaciones.tsv+abrir4-variables-2026-08-08.tsv+verif3-variables-2026-08-08.tsv @ dcc4f6a..5f90757 (sin cambio en estos 4 archivos en ese rango,	[REDACTADO-PRIVACIDAD]	buscado por ambas vias -- hash (produccion-modelo.tsv, 11 filas) y ruta (11 scripts de tests/, forense/notas/2026-08-13-cep-cotejo.md SS1-2) -- ninguna empata @	89e46568abd3b17d110ae5b772fb80b5fde47669ce2e12020e8e877f270883bd	REP-83d5fb001852c33eb1d8fa064c85bbc17a44548fb38e64a44ac99e44dedead78	PRESENTE-INTEGRO	E2	15	encabezado/esquema y conteo completo; filas no persistidas	E2B-4a02f324f0319906a19f2918af27d986a4c724dde7418c52f2fb146e9eda452d	1c96e3beff85f4829e8afa7a316a29ae13ec4643c468b12b9577ee24ba73acfe	63001a3e008400614a2d89a8271edefc3cedff5dec98b0a316d7c9845c1b381a
r7_4_r7_5_acled_hdx_demonstration_events	R7.4_R7.5_ACLED_HDX/mexico_demonstration_events_by_month-year.xlsx	data_raw	9075	R7.4/R7.5 (encargo CONF-17) — verificación byte a byte de la granularidad real del recurso ACLED gratuito (sin registro) en HDX. Confirmado: agregado MES×AÑO (C	NO-APLICA	verif3-variables-2026-08-08.tsv	ABIERTO-SIN-HALLAZGO	manifiesto.yaml+relaciones.tsv+abrir4-variables-2026-08-08.tsv+verif3-variables-2026-08-08.tsv @ dcc4f6a..5f90757 (sin cambio en estos 4 archivos en ese rango,	[REDACTADO-PRIVACIDAD]	buscado por ambas vias -- hash (produccion-modelo.tsv, 11 filas) y ruta (11 scripts de tests/, forense/notas/2026-08-13-cep-cotejo.md SS1-2) -- ninguna empata @	376bdf04ca9c319950ede74c1711c9f8f3c55df52d3ef45afd07175bd157e8f6	REP-5ac987a8843197d7046900222f5d65af76fcb792b0f80db1f773eaedc5235666	PRESENTE-INTEGRO	E2	7	todas las hojas/tablas y encabezados; celdas de observación no persistidas	E2B-4ef60d1a5363d94ef5a1278f1548822dd491dbed02b7d16b3aa35ab0501f75fd	1c96e3beff85f4829e8afa7a316a29ae13ec4643c468b12b9577ee24ba73acfe	52dc773713b319f6f55d14a28b8386f93b8863322d607876b7242ce41336b0eb
r8_1_contraloria_social_2019_2025_csv	R8.1_contraloria_social/contraloria_social_2019_2025.csv	data_raw	520	[REDACTADO-PRIVACIDAD]	NO-APLICA	verif3-variables-2026-08-08.tsv	ABIERTO-SIN-HALLAZGO	manifiesto.yaml+relaciones.tsv+abrir4-variables-2026-08-08.tsv+verif3-variables-2026-08-08.tsv @ dcc4f6a..5f90757 (sin cambio en estos 4 archivos en ese rango,	[REDACTADO-PRIVACIDAD]	buscado por ambas vias -- hash (produccion-modelo.tsv, 11 filas) y ruta (11 scripts de tests/, forense/notas/2026-08-13-cep-cotejo.md SS1-2) -- ninguna empata @	3b5a77751a8cdd52405b5145a7596047c48bfdee3967c753171f8598deb2a1d3	REP-289eebd2d1338239ba41cbedf48bdd580ffbe4e16a03ec515800f6182a048594	PRESENTE-INTEGRO	E2	10	encabezado/esquema y conteo completo; filas no persistidas	E2B-c1fd2d75719aceb57ff0e4b965f481becd2610b6468eb9ce70721b60ae614f01	1c96e3beff85f4829e8afa7a316a29ae13ec4643c468b12b9577ee24ba73acfe	b3bc7f4624c0035a3bea4225405074360bbca06b9661b1abdce53a9ada2ab26f
ucdp_ged261_codebook	ucdp_ged261_codebook.pdf	data_raw	917038	NO-DETERMINADO-W0	NO-DETERMINADO-W0	NO-APLICA	PRESENTE-INTEGRO	manifiesto.yaml@ee50b12c2c86	NO-DETERMINADO-W0	W0 material; semántica no evaluada	f767380ebbf365aec7586f98b6d100cafb69fb54010a908604d53bd9ad655972	REP-d7211c875121b70cd6fb7f2a4339b522d0070afc9958384178960ffb066be42f	PRESENTE-INTEGRO	E2	143	todas las páginas; texto no extraíble se declara por página	E2B-50fe8657c34816988d921173472b96cef0dd55c79df051b4ab1c5a188bd0412b	1c96e3beff85f4829e8afa7a316a29ae13ec4643c468b12b9577ee24ba73acfe	1ea424efcb84f115ee658a5d2cf03eb6c900a9e629a370c05e7620a2eee25f20
ucdp_ged261_csv	ucdp_ged261_csv.zip	data_raw	39122522	NO-DETERMINADO-W0	NO-DETERMINADO-W0	NO-APLICA	PRESENTE-INTEGRO	manifiesto.yaml@ee50b12c2c86	NO-DETERMINADO-W0	W0 material; semántica no evaluada	8c941d84954e555ee2e54f40fa04d9203bf1e2f962203d0a9930966c4947c667	REP-7cc5010da10f6db57d4310a3449f06bea8de49b78de111ce8cccaf860a7f260a	PRESENTE-INTEGRO	E2	51	contenedor y miembros completos; anidados hasta profundidad 4	E2B-ab0c7d88c4735b085d18e2cf5b32a4cec6b38acc67b87b92ea829ca1ba5a9c15	1c96e3beff85f4829e8afa7a316a29ae13ec4643c468b12b9577ee24ba73acfe	9d061d8abd34d1bbdd7f74ca8a4c4275474371fa346fd4a8396c1baf94c6975d
utilizadores_ensanut2024_w_catlogo	utilizadores_ensanut2024_w.Catlogo.xlsx	descargas_mx	153149	sin uso asignado — registro de inventario	NO-APLICA	NO-APLICA	SIN-DEMANDA	manifiesto.yaml+relaciones.tsv+abrir4-variables-2026-08-08.tsv+verif3-variables-2026-08-08.tsv @ dcc4f6a..5f90757 (sin cambio en estos 4 archivos en ese rango,	[REDACTADO-PRIVACIDAD]	buscado por ambas vias -- hash (produccion-modelo.tsv, 11 filas) y ruta (11 scripts de tests/, forense/notas/2026-08-13-cep-cotejo.md SS1-2) -- ninguna empata @	81928f1d470126174e135df17749cfa82e3ef43fffe7ee7568ccb0752ef3ed3e	REP-6dd4bbf90bcc91c9c8c03c88d2239dcc6aa6cb25da319d86d1cf7c3f3ecc063f	PRESENTE-INTEGRO	E2	130	todas las hojas/tablas y encabezados; celdas de observación no persistidas	E2B-5cc8c6304e5280bca7743caf2f30c29a46e42da626d85e138146e0d7225429a1	1c96e3beff85f4829e8afa7a316a29ae13ec4643c468b12b9577ee24ba73acfe	d54caa087ce37a0e5179002595946321323f9d5adeadf62d01aef5be3c74af97
utilizadores_ensanut2024_w_csv_csv	utilizadores_ensanut2024_w.csv.csv.zip	descargas_mx	284328	sin uso asignado — registro de inventario	NO-APLICA	NO-APLICA	SIN-DEMANDA	manifiesto.yaml+relaciones.tsv+abrir4-variables-2026-08-08.tsv+verif3-variables-2026-08-08.tsv @ dcc4f6a..5f90757 (sin cambio en estos 4 archivos en ese rango,	[REDACTADO-PRIVACIDAD]	buscado por ambas vias -- hash (produccion-modelo.tsv, 11 filas) y ruta (11 scripts de tests/, forense/notas/2026-08-13-cep-cotejo.md SS1-2) -- ninguna empata @	2836f15464e01ebbd42e282cac1b2bf18cf98c2262e360c346c5ebd6cfae27ea	REP-cc8b1e3e293230dfa4afc5731dbcba5cfacd90ec157605c3cbceab469bf0fdc4	PRESENTE-INTEGRO	E2	123	contenedor y miembros completos; anidados hasta profundidad 4	E2B-f7be4fa040d09cba5724090c01d093079b68482d4e0b1e23c41882543a31c8fa	1c96e3beff85f4829e8afa7a316a29ae13ec4643c468b12b9577ee24ba73acfe	dc5c72b003c78edf01154ccf0c5de8e30673d460d4e46f1ccdf49d6b383125d7
utilizadores_ensanut2024_w_stata_stata	utilizadores_ensanut2024_w.stata.stata.zip	descargas_mx	424623	sin uso asignado — registro de inventario	NO-APLICA	NO-APLICA	SIN-DEMANDA	manifiesto.yaml+relaciones.tsv+abrir4-variables-2026-08-08.tsv+verif3-variables-2026-08-08.tsv @ dcc4f6a..5f90757 (sin cambio en estos 4 archivos en ese rango,	[REDACTADO-PRIVACIDAD]	buscado por ambas vias -- hash (produccion-modelo.tsv, 11 filas) y ruta (11 scripts de tests/, forense/notas/2026-08-13-cep-cotejo.md SS1-2) -- ninguna empata @	1fb44754452e5cbf8d8b195385cd4b052cde80b4784ac38193527682f8ceb482	REP-985998a0932f3d0185fdd59e814bcae43c1f42135de5122bfbf5c4eddb65b40f	PRESENTE-INTEGRO	E2	123	contenedor y miembros completos; anidados hasta profundidad 4	E2B-397c5534bb34f7b21f614ee3b1b43f0110385b8feed54f717ad874e0e91b14c0	1c96e3beff85f4829e8afa7a316a29ae13ec4643c468b12b9577ee24ba73acfe	a6db24583c0f041872505b8978aefc907ee972d68111a5cf051bdcebde9ec23b
wb2661_asq_questionnaires	wb2661_ASQ_Questionnaires.zip	data_raw	7573363	[REDACTADO-PRIVACIDAD]	NO-APLICA	NO-APLICA	SIN-DEMANDA	manifiesto.yaml+relaciones.tsv+abrir4-variables-2026-08-08.tsv+verif3-variables-2026-08-08.tsv @ dcc4f6a..5f90757 (sin cambio en estos 4 archivos en ese rango,	[REDACTADO-PRIVACIDAD]	buscado por ambas vias -- hash (produccion-modelo.tsv, 11 filas) y ruta (11 scripts de tests/, forense/notas/2026-08-13-cep-cotejo.md SS1-2) -- ninguna empata @	3ea807864522a499f2611e2936693e8b64263472d34a5c1fb2efe21ac6d669de	REP-dc0351362a6aa09ee1c961fbc056af1a90b8542d375afe4dba4cb69667c459b9	PRESENTE-INTEGRO	E2	43	contenedor y miembros completos; anidados hasta profundidad 4	E2B-51a9e801e8a38d22ebbd2c320c3d214b0f6b8a6de931f2715d6943b0fcb0f30d	1c96e3beff85f4829e8afa7a316a29ae13ec4643c468b12b9577ee24ba73acfe	87a4ad1da0a67f70039855b056dd2c1632daabd5fe8fc72f94c2f632e06c3e08
wb2661_baseline_instrumentos	wb2661_Baseline.zip	data_raw	1706187	[REDACTADO-PRIVACIDAD]	NO-APLICA	NO-APLICA	SIN-DEMANDA	manifiesto.yaml+relaciones.tsv+abrir4-variables-2026-08-08.tsv+verif3-variables-2026-08-08.tsv @ dcc4f6a..5f90757 (sin cambio en estos 4 archivos en ese rango,	[REDACTADO-PRIVACIDAD]	buscado por ambas vias -- hash (produccion-modelo.tsv, 11 filas) y ruta (11 scripts de tests/, forense/notas/2026-08-13-cep-cotejo.md SS1-2) -- ninguna empata @	dc3ea30471830e0c894a089ebcc7d36e3e102ce53c21cb5f024b8b46c411b485	REP-557c4d9968de37301f9f50b9940213395965d54fd4fa9103dae329a474736a87	PRESENTE-INTEGRO	E2	1047	contenedor y miembros completos; anidados hasta profundidad 4	E2B-e5ba01f8d62f6057666b4dea4a83878943a13b31696fde2ffeefe3620ab09855	1c96e3beff85f4829e8afa7a316a29ae13ec4643c468b12b9577ee24ba73acfe	5b13acb2cead9b70c513db4de182c9f42129e047ea69d9002d3eda02bb104854
wb2661_baseline_report	wb2661_Baseline_Report.pdf	data_raw	1602946	[REDACTADO-PRIVACIDAD]	NO-APLICA	NO-APLICA	SIN-DEMANDA	manifiesto.yaml+relaciones.tsv+abrir4-variables-2026-08-08.tsv+verif3-variables-2026-08-08.tsv @ dcc4f6a..5f90757 (sin cambio en estos 4 archivos en ese rango,	[REDACTADO-PRIVACIDAD]	buscado por ambas vias -- hash (produccion-modelo.tsv, 11 filas) y ruta (11 scripts de tests/, forense/notas/2026-08-13-cep-cotejo.md SS1-2) -- ninguna empata @	66e7d4065260f09ea74292b41f3e1f2480ea1064316f4785689d3d84fb429a2f	REP-3f18c2abf5c43ad57758816940db6f8fb35e1a3a84be23587b6d75e2c8bea207	PRESENTE-INTEGRO	E2	236	todas las páginas; texto no extraíble se declara por página	E2B-fa1bd0058d9b44940f5ba2b179ad1263c6bb84d3a1749bac7916d3208b26c25d	1c96e3beff85f4829e8afa7a316a29ae13ec4643c468b12b9577ee24ba73acfe	ec99ea0a4b467977dd8208b52fa4be3fb8ec22144f97c041edba22e2448444e4
wb2661_endline_instrumentos	wb2661_Endline.zip	data_raw	1742099	[REDACTADO-PRIVACIDAD]	NO-APLICA	NO-APLICA	SIN-DEMANDA	manifiesto.yaml+relaciones.tsv+abrir4-variables-2026-08-08.tsv+verif3-variables-2026-08-08.tsv @ dcc4f6a..5f90757 (sin cambio en estos 4 archivos en ese rango,	[REDACTADO-PRIVACIDAD]	buscado por ambas vias -- hash (produccion-modelo.tsv, 11 filas) y ruta (11 scripts de tests/, forense/notas/2026-08-13-cep-cotejo.md SS1-2) -- ninguna empata @	64b070a3a5a8389bb3a7c53fb49c51018df666431972a90838c34924be42e88d	REP-aa090cad640fe798024f61a27f07436dfcda49676493d26ddf95792d9cfa5523	PRESENTE-INTEGRO	E2	1178	contenedor y miembros completos; anidados hasta profundidad 4	E2B-f1a6a3a7784b78a1039e7b0828dee41e184022c8bdff70b852acc13f196f496c	1c96e3beff85f4829e8afa7a316a29ae13ec4643c468b12b9577ee24ba73acfe	1c1fb9633b0c9ce6862d3706f0f663a73397ca10723f1b352fc50e79031d7517
wb2661_endline_report	wb2661_Endline_Report.pdf	data_raw	798886	[REDACTADO-PRIVACIDAD]	NO-APLICA	NO-APLICA	SIN-DEMANDA	manifiesto.yaml+relaciones.tsv+abrir4-variables-2026-08-08.tsv+verif3-variables-2026-08-08.tsv @ dcc4f6a..5f90757 (sin cambio en estos 4 archivos en ese rango,	[REDACTADO-PRIVACIDAD]	buscado por ambas vias -- hash (produccion-modelo.tsv, 11 filas) y ruta (11 scripts de tests/, forense/notas/2026-08-13-cep-cotejo.md SS1-2) -- ninguna empata @	08c83c951c539f798598dee2ab563c71406fddc93cc4ad7365d8180e8e4ac012	REP-eee276772914f0649c85834cf22d5f0c59e801936adf0d14d735e6e16d0b9476	PRESENTE-INTEGRO	E2	275	todas las páginas; texto no extraíble se declara por página	E2B-512b2caf3402d613e7b2d1ce166d040e5dcc4852a2ce8877f2f655a3877c0317	1c96e3beff85f4829e8afa7a316a29ae13ec4643c468b12b9577ee24ba73acfe	6e708decdc82a58789f7e65782e34070d8f57163e19ea2872362cdd8fc19d0b0
wb2661_year1_instrumentos	wb2661_Year1.zip	data_raw	1747196	[REDACTADO-PRIVACIDAD]	NO-APLICA	NO-APLICA	SIN-DEMANDA	manifiesto.yaml+relaciones.tsv+abrir4-variables-2026-08-08.tsv+verif3-variables-2026-08-08.tsv @ dcc4f6a..5f90757 (sin cambio en estos 4 archivos en ese rango,	[REDACTADO-PRIVACIDAD]	buscado por ambas vias -- hash (produccion-modelo.tsv, 11 filas) y ruta (11 scripts de tests/, forense/notas/2026-08-13-cep-cotejo.md SS1-2) -- ninguna empata @	0b51ea015257ed5c32a9fe4676157f9230ebb23b32da1db80745c4ba9c2f69df	REP-3d8463d73bb718a04e1b05fa82a78ac72662856b75b4cf4eab09299b75cfc6ce	PRESENTE-INTEGRO	E2	1177	contenedor y miembros completos; anidados hasta profundidad 4	E2B-4f5531b3b53ec068f34e9d1b8e4b1af03e0bf72b25e0d5cfce92171775e31ebb	1c96e3beff85f4829e8afa7a316a29ae13ec4643c468b12b9577ee24ba73acfe	76762d0c910fd7dedff746426ae3ed8bc186bd5baff65d5130392ab19f286bb2
wb2661_year1_report	wb2661_Year1_Report.pdf	data_raw	566030	[REDACTADO-PRIVACIDAD]	NO-APLICA	NO-APLICA	SIN-DEMANDA	manifiesto.yaml+relaciones.tsv+abrir4-variables-2026-08-08.tsv+verif3-variables-2026-08-08.tsv @ dcc4f6a..5f90757 (sin cambio en estos 4 archivos en ese rango,	[REDACTADO-PRIVACIDAD]	buscado por ambas vias -- hash (produccion-modelo.tsv, 11 filas) y ruta (11 scripts de tests/, forense/notas/2026-08-13-cep-cotejo.md SS1-2) -- ninguna empata @	d3c725cc2fd809b2bcf18fc545de924de4338af95ba6b2429eb2b72ca3dfc8cc	REP-613f7ada192fd68266db669f2082fe99eeff852e1e9d904eb41934fdbe4bc172	PRESENTE-INTEGRO	E2	136	todas las páginas; texto no extraíble se declara por página	E2B-c53f30427cf0906bd3a9400ac6fc1684bea494482f354e6312f231a32246fb41	1c96e3beff85f4829e8afa7a316a29ae13ec4643c468b12b9577ee24ba73acfe	08ce82750ee77e15b339301e28b0e39436f43196783d714b37796a8afa820b88
za5900_backgroundvar_mx	ZA5900_backgroundvar_mx.pdf	descargas_mx	668385	[REDACTADO-PRIVACIDAD]	NO-APLICA	NO-APLICA	SIN-DEMANDA	manifiesto.yaml+relaciones.tsv+abrir4-variables-2026-08-08.tsv+verif3-variables-2026-08-08.tsv @ dcc4f6a..5f90757 (sin cambio en estos 4 archivos en ese rango,	[REDACTADO-PRIVACIDAD]	buscado por ambas vias -- hash (produccion-modelo.tsv, 11 filas) y ruta (11 scripts de tests/, forense/notas/2026-08-13-cep-cotejo.md SS1-2) -- ninguna empata @	a7f6a3438eebcf355ea80013bb6965ca86ae8126289c3a6392fc78c46b720a39	REP-2e4438c8e9793f8420f12e000791d8747d9cb059f14d07e55ed235298a437f3b	PRESENTE-INTEGRO	E2	1019	todas las páginas; texto no extraíble se declara por página	E2B-12c025f25196ef1764e65aaa0b2b6908f71767ba042bb998e8c4d83b518534c6	1c96e3beff85f4829e8afa7a316a29ae13ec4643c468b12b9577ee24ba73acfe	38cf363d02101aed865ac56b8967325ec29251623199f667885e09dba2c57bae
za5900_bq	ZA5900_bq.pdf	descargas_mx	500702	[REDACTADO-PRIVACIDAD]	NO-APLICA	NO-APLICA	SIN-DEMANDA	manifiesto.yaml+relaciones.tsv+abrir4-variables-2026-08-08.tsv+verif3-variables-2026-08-08.tsv @ dcc4f6a..5f90757 (sin cambio en estos 4 archivos en ese rango,	[REDACTADO-PRIVACIDAD]	buscado por ambas vias -- hash (produccion-modelo.tsv, 11 filas) y ruta (11 scripts de tests/, forense/notas/2026-08-13-cep-cotejo.md SS1-2) -- ninguna empata @	434dd01051c416f5379489c5bd8a368b5e561ecd89e6e9a1b96b3568fa2f36d0	REP-3173a5317939c73ae89d059aaa394b17364b7733566a3d5cb15b2e08ce078a33	PRESENTE-INTEGRO	E2	102	todas las páginas; texto no extraíble se declara por página	E2B-f9bb68d4ad7a1370d2fbf9edadc626cd4c8ce069526ecd1b5f152b469350943c	1c96e3beff85f4829e8afa7a316a29ae13ec4643c468b12b9577ee24ba73acfe	e030889e62cb0191872eb5d89dec4bccf679642bd9a9d8edf8568533eef9aaaf
za5900_cdb	ZA5900_cdb.pdf	descargas_mx	5971210	[REDACTADO-PRIVACIDAD]	NO-APLICA	NO-APLICA	SIN-DEMANDA	manifiesto.yaml+relaciones.tsv+abrir4-variables-2026-08-08.tsv+verif3-variables-2026-08-08.tsv @ dcc4f6a..5f90757 (sin cambio en estos 4 archivos en ese rango,	[REDACTADO-PRIVACIDAD]	buscado por ambas vias -- hash (produccion-modelo.tsv, 11 filas) y ruta (11 scripts de tests/, forense/notas/2026-08-13-cep-cotejo.md SS1-2) -- ninguna empata @	5c288f3c0872e85161fefe4faeb2d43ad98fb7ab7f5a114190b78975135aa81c	REP-d0f0c0c2ffece25db16fc10822a97220e71c23bee0826729c022fac6f17a0f61	PRESENTE-INTEGRO	E2	1	apertura detenida en parser de formato: PermissionError	E2B-82f09ed977995eda020434ed69bbcbc7d635e94adc6d7bc4ee6293e013076c7f	1c96e3beff85f4829e8afa7a316a29ae13ec4643c468b12b9577ee24ba73acfe	40d1732acf1ff966772d5327223e9168ef2eb0c6677471727eaa218e816ef5ae
za5900_mr	ZA5900_mr.pdf	descargas_mx	319274	[REDACTADO-PRIVACIDAD]	NO-APLICA	NO-APLICA	SIN-DEMANDA	manifiesto.yaml+relaciones.tsv+abrir4-variables-2026-08-08.tsv+verif3-variables-2026-08-08.tsv @ dcc4f6a..5f90757 (sin cambio en estos 4 archivos en ese rango,	[REDACTADO-PRIVACIDAD]	buscado por ambas vias -- hash (produccion-modelo.tsv, 11 filas) y ruta (11 scripts de tests/, forense/notas/2026-08-13-cep-cotejo.md SS1-2) -- ninguna empata @	d191e7c2967f52ca18004130038cda7c297d7a81b5a6233d74cb52739d908744	REP-1b785c229712cc9fc9ae03a6da1d6fe08839d404ef904dd53db5a8fa649382cf	PRESENTE-INTEGRO	E2	2344	todas las páginas; texto no extraíble se declara por página	E2B-6e0a4a68f8437e1e90cc41dda828bea0ae2814cbb7e2f1947693fd3964a6d464	1c96e3beff85f4829e8afa7a316a29ae13ec4643c468b12b9577ee24ba73acfe	52ca3623dec333a37700ce06883a38f1c3cfb2f017efb773a9f62275fbc58986
za5900_overview	ZA5900_overview.pdf	descargas_mx	231846	[REDACTADO-PRIVACIDAD]	NO-APLICA	NO-APLICA	SIN-DEMANDA	manifiesto.yaml+relaciones.tsv+abrir4-variables-2026-08-08.tsv+verif3-variables-2026-08-08.tsv @ dcc4f6a..5f90757 (sin cambio en estos 4 archivos en ese rango,	[REDACTADO-PRIVACIDAD]	buscado por ambas vias -- hash (produccion-modelo.tsv, 11 filas) y ruta (11 scripts de tests/, forense/notas/2026-08-13-cep-cotejo.md SS1-2) -- ninguna empata @	1bfbd19be390dcdd32f2c6b3b16e3743196c88687cd1c28bfa3a974f90b6efb4	REP-4d79c59a5bd586534ff66013c56d4b81c39117bad63f9b5b6bd0769cdfae0f9f	PRESENTE-INTEGRO	E2	171	todas las páginas; texto no extraíble se declara por página	E2B-8e100d6a073fea0dd3b33f567120c3fee5549f5aa0c3c9355aea6d1321f9ff21	1c96e3beff85f4829e8afa7a316a29ae13ec4643c468b12b9577ee24ba73acfe	8f4b57bb9473ec35c533edf4f6a02430ae17c67e75e1f0f8975adf3d413921f0
za5900_q_mx	ZA5900_q_mx.pdf	descargas_mx	228950	[REDACTADO-PRIVACIDAD]	N12,N13,N30	NO-APLICA	REFERENCIADO-NO-ABIERTO	manifiesto.yaml+relaciones.tsv+abrir4-variables-2026-08-08.tsv+verif3-variables-2026-08-08.tsv @ dcc4f6a..5f90757 (sin cambio en estos 4 archivos en ese rango,	[REDACTADO-PRIVACIDAD]	buscado por ambas vias -- hash (produccion-modelo.tsv, 11 filas) y ruta (11 scripts de tests/, forense/notas/2026-08-13-cep-cotejo.md SS1-2) -- ninguna empata @	d8fe53baeb29455b8ec9aa772a63eae4eb8308456aa1e1986d2c96b5067e5375	REP-237bf36a80fbb04453c130b25fed5eaadf795381408e3b2d18ee31755053c7e6	PRESENTE-INTEGRO	E2	97	todas las páginas; texto no extraíble se declara por página	E2B-479a4728ce4aa60460a12e767dea657e3be27ab51c43da4c6cbc0489473b89c6	1c96e3beff85f4829e8afa7a316a29ae13ec4643c468b12b9577ee24ba73acfe	4a2fed126e64bbbc2f307612b54dd1bbb2ee3ac563fca89002526f18cb40d775
za5900_questionnaire_development_report	ZA5900_questionnaire_development_report.pdf	descargas_mx	2339766	[REDACTADO-PRIVACIDAD]	NO-APLICA	NO-APLICA	SIN-DEMANDA	manifiesto.yaml+relaciones.tsv+abrir4-variables-2026-08-08.tsv+verif3-variables-2026-08-08.tsv @ dcc4f6a..5f90757 (sin cambio en estos 4 archivos en ese rango,	[REDACTADO-PRIVACIDAD]	buscado por ambas vias -- hash (produccion-modelo.tsv, 11 filas) y ruta (11 scripts de tests/, forense/notas/2026-08-13-cep-cotejo.md SS1-2) -- ninguna empata @	909a71504d235cd09ec821df25ba9d7ad7abf7e7e704e92a345cb81d552273a1	REP-3756d6ca0e7f796ae474686b2f8814c26cd4403003aa6848602f1dd2a65a88f7	PRESENTE-INTEGRO	E2	516	todas las páginas; texto no extraíble se declara por página	E2B-948c43784252a7168cbc9efda2b8719e19065fd941487188c0736d5b329d7b27	1c96e3beff85f4829e8afa7a316a29ae13ec4643c468b12b9577ee24ba73acfe	516b13d1d4a7008ac4dddd480efb30c947a76f1c9c6796f1046ad675af47bf15
za5900_v4_0_0_dta	ZA5900_v4-0-0.dta.zip	descargas_mx	4916181	[REDACTADO-PRIVACIDAD]	NO-APLICA	NO-APLICA	SIN-DEMANDA	manifiesto.yaml+relaciones.tsv+abrir4-variables-2026-08-08.tsv+verif3-variables-2026-08-08.tsv @ dcc4f6a..5f90757 (sin cambio en estos 4 archivos en ese rango,	[REDACTADO-PRIVACIDAD]	buscado por ambas vias -- hash (produccion-modelo.tsv, 11 filas) y ruta (11 scripts de tests/, forense/notas/2026-08-13-cep-cotejo.md SS1-2) -- ninguna empata @	ed7d7781f9ccc4cfc947188ba18e4169434c022db17637af75d2b5612509db33	REP-3e62b92e669699c5668f4d7cf8bd9a5c13e4bbb3ff3ebe60fb2253ad8a660869	PRESENTE-INTEGRO	E2	424	contenedor y miembros completos; anidados hasta profundidad 4	E2B-150a89b258e483e928f2e725d35e6c7277e721ca55ce02aad6bbd90dccecbd4f	1c96e3beff85f4829e8afa7a316a29ae13ec4643c468b12b9577ee24ba73acfe	984d3a46e0d445bffcfaa87e3f10740ad6cb070fd718632e992b97519156fc7c
za5900_v4_0_0_por	ZA5900_v4-0-0.por.zip	descargas_mx	9881561	[REDACTADO-PRIVACIDAD]	NO-APLICA	NO-APLICA	SIN-DEMANDA	manifiesto.yaml+relaciones.tsv+abrir4-variables-2026-08-08.tsv+verif3-variables-2026-08-08.tsv @ dcc4f6a..5f90757 (sin cambio en estos 4 archivos en ese rango,	[REDACTADO-PRIVACIDAD]	buscado por ambas vias -- hash (produccion-modelo.tsv, 11 filas) y ruta (11 scripts de tests/, forense/notas/2026-08-13-cep-cotejo.md SS1-2) -- ninguna empata @	47ad77b2b5db45554b53dfccb00728c3e17d7fe15ff2668e949fd0441f2db660	REP-9ff6bf13c89249dae82574532c04851f2fca8aeaaa65f0ee2e010b9128ff43c6	PRESENTE-INTEGRO	E2	2	contenedor y miembros completos; anidados hasta profundidad 4	E2B-4d0e2ced06b40d980e7d382e56166009b93543ba8d8dd69ee51e3ba87f259327	1c96e3beff85f4829e8afa7a316a29ae13ec4643c468b12b9577ee24ba73acfe	17d25b660a6d52f4f8969be5391681bdd156e49d31ce388b8bdc95caa4d5f1c7
za5900_v4_0_0_sav	ZA5900_v4-0-0.sav.zip	descargas_mx	9521151	[REDACTADO-PRIVACIDAD]	NO-APLICA	NO-APLICA	SIN-DEMANDA	manifiesto.yaml+relaciones.tsv+abrir4-variables-2026-08-08.tsv+verif3-variables-2026-08-08.tsv @ dcc4f6a..5f90757 (sin cambio en estos 4 archivos en ese rango,	[REDACTADO-PRIVACIDAD]	buscado por ambas vias -- hash (produccion-modelo.tsv, 11 filas) y ruta (11 scripts de tests/, forense/notas/2026-08-13-cep-cotejo.md SS1-2) -- ninguna empata @	21a1e85603e142f6848211c5fe0932ed8eee77e50efd9e2c4bfe4470782d0934	REP-4beae7730fe8fd3e5742aebb087d28392892b427bc21e93cfaa97268b51fc0c8	PRESENTE-INTEGRO	E2	845	contenedor y miembros completos; anidados hasta profundidad 4	E2B-bac896efd9a71f72ceb0e1b897bd24bbe8fff7a4584916e8fc52b1d70cbb8ca5	1c96e3beff85f4829e8afa7a316a29ae13ec4643c468b12b9577ee24ba73acfe	4c8360afe7473d0ba7395efb5ee7debf7f34a395734965174c9c35fce10ae7db
za6980_backgroundvar_mx	ZA6980_backgroundvar_mx.pdf	descargas_mx	220092	[REDACTADO-PRIVACIDAD]	NO-APLICA	NO-APLICA	SIN-DEMANDA	manifiesto.yaml+relaciones.tsv+abrir4-variables-2026-08-08.tsv+verif3-variables-2026-08-08.tsv @ dcc4f6a..5f90757 (sin cambio en estos 4 archivos en ese rango,	[REDACTADO-PRIVACIDAD]	buscado por ambas vias -- hash (produccion-modelo.tsv, 11 filas) y ruta (11 scripts de tests/, forense/notas/2026-08-13-cep-cotejo.md SS1-2) -- ninguna empata @	6004c300ca1331bfd15f163c4deaa726c71b66b46ae9e05361f40ae8cc26ca5f	REP-43ec56a6014f8bb6a5b8015784c6a97d694c07871cde30957655c7f6426aba31	PRESENTE-INTEGRO	E2	905	todas las páginas; texto no extraíble se declara por página	E2B-cd29a34b01b73e6fcc7bcac9f510f11f202c14f4621b64b4eed723a46c804906	1c96e3beff85f4829e8afa7a316a29ae13ec4643c468b12b9577ee24ba73acfe	5dcdc6459f7bf550218f13d25509fac863277c19109d45b25bd8b1172d6096b6
za6980_q_mx	ZA6980_q_mx.pdf	descargas_mx	247978	[REDACTADO-PRIVACIDAD]	N2,N12,N13,N14,N28,N30	NO-APLICA	REFERENCIADO-NO-ABIERTO	manifiesto.yaml+relaciones.tsv+abrir4-variables-2026-08-08.tsv+verif3-variables-2026-08-08.tsv @ dcc4f6a..5f90757 (sin cambio en estos 4 archivos en ese rango,	[REDACTADO-PRIVACIDAD]	buscado por ambas vias -- hash (produccion-modelo.tsv, 11 filas) y ruta (11 scripts de tests/, forense/notas/2026-08-13-cep-cotejo.md SS1-2) -- ninguna empata @	61bc0c80415521965ec1b2546fbe3b2400cfacb2e6b0b542583304821544f2ed	REP-2deae857ae2a86fa1786098500102eaa1712ff0b94a1abb90059bd96e8332067	PRESENTE-INTEGRO	E2	106	todas las páginas; texto no extraíble se declara por página	E2B-9165a2e122aea665813655f5b7f22d09d54ce7b2c235859e736abd48ccff327f	1c96e3beff85f4829e8afa7a316a29ae13ec4643c468b12b9577ee24ba73acfe	ed56b817fb8400b2f041a0ae427ccfe9ef173085a5263ea6019bf14238a13e7a
za6980_v2_0_0_dta	ZA6980_v2-0-0.dta.zip	descargas_mx	3144289	[REDACTADO-PRIVACIDAD]	NO-APLICA	NO-APLICA	SIN-DEMANDA	manifiesto.yaml+relaciones.tsv+abrir4-variables-2026-08-08.tsv+verif3-variables-2026-08-08.tsv @ dcc4f6a..5f90757 (sin cambio en estos 4 archivos en ese rango,	[REDACTADO-PRIVACIDAD]	buscado por ambas vias -- hash (produccion-modelo.tsv, 11 filas) y ruta (11 scripts de tests/, forense/notas/2026-08-13-cep-cotejo.md SS1-2) -- ninguna empata @	aa3bfcbcc1dc20a2735e8e9d2d3d47a72d909dade66e8c4623b910965dc227de	REP-35dbe73dee4089ea575a15a639ce6e44597f286ceffc1d6cb5350674d529f482	PRESENTE-INTEGRO	E2	360	contenedor y miembros completos; anidados hasta profundidad 4	E2B-6b10bc49c5f62183e2b07ca706a383e2689ea5dc1232b142c610a264554fa7f7	1c96e3beff85f4829e8afa7a316a29ae13ec4643c468b12b9577ee24ba73acfe	da5e0bdeacee5ac6a0a57807b81ee84795770b66c4de41a90c73742a905846b8
za6980_v2_0_0_sav	ZA6980_v2-0-0.sav.zip	descargas_mx	5278278	[REDACTADO-PRIVACIDAD]	NO-APLICA	NO-APLICA	SIN-DEMANDA	manifiesto.yaml+relaciones.tsv+abrir4-variables-2026-08-08.tsv+verif3-variables-2026-08-08.tsv @ dcc4f6a..5f90757 (sin cambio en estos 4 archivos en ese rango,	[REDACTADO-PRIVACIDAD]	buscado por ambas vias -- hash (produccion-modelo.tsv, 11 filas) y ruta (11 scripts de tests/, forense/notas/2026-08-13-cep-cotejo.md SS1-2) -- ninguna empata @	20a1420f4aa8f8dcb30f7de61879796d20b7c3042805e7925e56c30b4ae97ca5	REP-36041e8c34dcac1d81c3e828d120c133905ee04f469ccfa71074e235040edae9	PRESENTE-INTEGRO	E2	717	contenedor y miembros completos; anidados hasta profundidad 4	E2B-9fa8a2b5bd1fd6cc930e804a09d964bdd8a03ad7ee32e6d278cd4703b5808355	1c96e3beff85f4829e8afa7a316a29ae13ec4643c468b12b9577ee24ba73acfe	04a0f3097e336e5cc3cbe95976db36471aa8f3ee530f75671508da306eedddec
za7600_v3_0_0_dta	ZA7600_v3-0-0.dta.zip	descargas_mx	3990845	[REDACTADO-PRIVACIDAD]	NO-APLICA	NO-APLICA	SIN-DEMANDA	manifiesto.yaml+relaciones.tsv+abrir4-variables-2026-08-08.tsv+verif3-variables-2026-08-08.tsv @ dcc4f6a..5f90757 (sin cambio en estos 4 archivos en ese rango,	[REDACTADO-PRIVACIDAD]	buscado por ambas vias -- hash (produccion-modelo.tsv, 11 filas) y ruta (11 scripts de tests/, forense/notas/2026-08-13-cep-cotejo.md SS1-2) -- ninguna empata @	19e93ee8998505e3d98d8e9db09c9159f574883ea8161d3ada8bd28c79bd9717	REP-5afcce8f143a23fcdc40bfcf8b8fd9c52e7082e170d2c309f71ce47c7a4a40c3	PRESENTE-INTEGRO	E2	361	contenedor y miembros completos; anidados hasta profundidad 4	E2B-bb949963dca60d88db4c81dde6813f49a6bf38eb1c7c1f8beb885f56736e1488	1c96e3beff85f4829e8afa7a316a29ae13ec4643c468b12b9577ee24ba73acfe	4ff8ee08653d4ce23bcb19a7092dade691985f2697558dfcf80706f9e28ccd2d
za7600_v3_0_0_sav	ZA7600_v3-0-0.sav.zip	descargas_mx	4611332	[REDACTADO-PRIVACIDAD]	NO-APLICA	NO-APLICA	SIN-DEMANDA	manifiesto.yaml+relaciones.tsv+abrir4-variables-2026-08-08.tsv+verif3-variables-2026-08-08.tsv @ dcc4f6a..5f90757 (sin cambio en estos 4 archivos en ese rango,	[REDACTADO-PRIVACIDAD]	buscado por ambas vias -- hash (produccion-modelo.tsv, 11 filas) y ruta (11 scripts de tests/, forense/notas/2026-08-13-cep-cotejo.md SS1-2) -- ninguna empata @	d71954fe95ba139ccfad31d14e0069670de69420dfbbc4e09d2a59e99ed2a1f7	REP-157bdee838cb205c1820a059920730f21c8e78de882f660154fefd5a2ecc0b4f	PRESENTE-INTEGRO	E2	720	contenedor y miembros completos; anidados hasta profundidad 4	E2B-6c287df6b1f0145b5511071a671e88a76053c666d3f1113e2183f9929e2e77e8	1c96e3beff85f4829e8afa7a316a29ae13ec4643c468b12b9577ee24ba73acfe	cd98b6b87d6d6b751539aa9b089af07a84262902091e6acde83da0eb9247c1df
zenodo_electoral_precinct_level_mexico_municipal	zenodo_electoral_precinct_level_mexico_municipal.zip	data_raw	739952144	NO-DETERMINADO-W0	NO-DETERMINADO-W0	NO-APLICA	PRESENTE-INTEGRO	manifiesto.yaml@ee50b12c2c86	NO-DETERMINADO-W0	W0 material; semántica no evaluada	8998b4dca1712216a3aa871138afc9a6a06c907191cc4a750771f274250f1acf	REP-b5318ac90ceb853aae692d4ef84d66bec00c8e39feb61eb589d39cf79ca8bcb3	PRESENTE-INTEGRO	E2	628539	contenedor y miembros completos; anidados hasta profundidad 4	E2B-1d4952c09b0262dd3a7f8ef5bd5432dd4a6502745f0a8621d6e64818f621b6d6	1c96e3beff85f4829e8afa7a316a29ae13ec4643c468b12b9577ee24ba73acfe	7e6cf96938b8fd633dd1458b8a644acf6e1bc0010f5a1c677997fc0815563340
