# data/emparejamiento-motor-v1_2.tsv -- ACTO MAESTRA32-E4 · RE-EMPAREJA, COMMIT-2
# Re-corrida VERBATIM de la especificacion congelada de MAESTRA32-E2
# (forense/notas/2026-08-28-empareja-spec.md, COMMIT-1), elevada a
# tools/reempareja.py desde el bloque de ACTO MAESTRA32-E6 (dentro de
# forense/notas/2026-08-30-etiqueta-v1_2-cierre.md), sobre el universo
# ampliado de este acto: data/inventario-reactivos-v1_2.tsv UNION
# data/inventario-reactivos-ext-v1_0.tsv (ACTO MAESTRA32-E3 v2), mas
# data/inventario-fd-v1_1.tsv. Ningun termino/criterio de
# CANDIDATO/circularidad/co-observacion/prioridad cambio frente a E2/E6.
# Detalle de la re-corrida y de las tres tablas: forense/notas/2026-08-30-reempareja-spec.md,
# forense/notas/2026-08-30-reempareja-cierre.md.
gen	coef	lado	variable_id	instrumento	texto	via	veredicto_candidato	razon	tabla	termino
G5	familismo_apoyo	theta	financia_8	eder2017	Préstamo familiar	texto	CANDIDATO		inventario-reactivos-ext-v1_0	préstamo familiar
G5	familismo_apoyo	theta	financia_8	eder2017	Préstamo familiar	texto	CANDIDATO		inventario-reactivos-ext-v1_0	préstamo familiar
G5	familismo_apoyo	theta	p4_8_2	endireh2016	4.8.2. Actualmente, ¿usted recibe dinero de familiares o conocidos que viven en Estados Unidos de América...?	texto	CANDIDATO		inventario-reactivos-ext-v1_0	dinero de familiares
G5	familismo_apoyo	theta	p4_8_3	endireh2016	4.8.3. Actualmente, ¿usted recibe dinero de familiares o conocidos dentro del país...?	texto	CANDIDATO		inventario-reactivos-ext-v1_0	dinero de familiares
G5	familismo_apoyo	theta	P10_1_3	enfih2019	10.1 De octubre del 2018 a la fecha, ¿usted recibió dinero de familiares o conocidos que viven en el país?	texto	CANDIDATO		inventario-fd-v1_1	dinero de familiares
G5	familismo_apoyo	theta	P10_1_4	enfih2019	10.1 De octubre del 2018 a la fecha, ¿usted recibió dinero de familiares o conocidos que viven fuera del país?	texto	CANDIDATO		inventario-fd-v1_1	dinero de familiares
G5	familismo_apoyo	theta	P9_2	enif2015	9.2 En el último año de julio del año pasado a la fecha, ¿usted ha recibido dinero de familiares o conocidos que viven en otro país?	texto	CANDIDATO		inventario-fd-v1_1	dinero de familiares
G5	familismo_apoyo	theta	P7_5	enif2024	7.5 En los últimos 12 meses, de junio de 2023 a la fecha, ¿usted ha recibido dinero de familiares o personas conocidas que viven en otro país?	texto	CANDIDATO		inventario-fd-v1_1	dinero de familiares
G5	familismo_apoyo	theta	P2_4_2	enut2019	2.4 Durante el mes pasado, ¿las personas de este hogar recibieron dinero de familiares o conocidos que viven en el país?	texto	CANDIDATO		inventario-fd-v1_1	dinero de familiares
G5	familismo_apoyo	theta	P2_4_3	enut2019	2.4 Durante el mes pasado, ¿las personas de este hogar recibieron dinero de familiares o conocidos que viven fuera del país?	texto	CANDIDATO		inventario-fd-v1_1	dinero de familiares
G5	familismo_apoyo	theta	P3_20_3	enut2024	3.20 Durante los últimos tres meses, ¿las personas de este hogar recibieron dinero de familiares o amistades que viven o se fueron a trabajar a otro país?	texto	CANDIDATO		inventario-fd-v1_1	dinero de familiares
G5	familismo_apoyo	theta	P3_20_4	enut2024	3.20 Durante los últimos tres meses, ¿las personas de este hogar recibieron dinero de familiares o amistades que viven en el país?	texto	CANDIDATO		inventario-fd-v1_1	dinero de familiares
G5	familismo_apoyo	desenlace	NCUIDADORA	elcos2012		id	CANDIDATO		inventario-reactivos-v1_2	cuidador
G5	familismo_apoyo	desenlace	P28B. Dígame si está usted de acuerdo o en desacuerdo con las siguientes frases Si uno no se cuida a sí mismo la gente se aprovechará	encup2012		id	DESCARTADO-con-razón	"homónimo: ítem de autocuidado/confianza generalizada (""si uno no se cuida a sí mismo la gente se aprovechará""), no carga de cuidado familiar"	inventario-reactivos-v1_2	cuida a
G5	familismo_apoyo	desenlace	cuid_perso	eder2017	Niñero o cuidador de ancianos	texto	CANDIDATO		inventario-reactivos-ext-v1_0	cuidador
G5	familismo_apoyo	desenlace	padre_cor	eder2017	Corresidencia con el padre	texto	CANDIDATO		inventario-reactivos-ext-v1_0	corresidencia
G5	familismo_apoyo	desenlace	madre_cor	eder2017	Corresidencia con la madre	texto	CANDIDATO		inventario-reactivos-ext-v1_0	corresidencia
G5	familismo_apoyo	desenlace	hnos_cor	eder2017	Corresidencia con los hermanos	texto	CANDIDATO		inventario-reactivos-ext-v1_0	corresidencia
G5	familismo_apoyo	desenlace	parien_cor	eder2017	Corresidencia algún familiar	texto	CANDIDATO		inventario-reactivos-ext-v1_0	corresidencia
G5	familismo_apoyo	desenlace	cor_union1	eder2017	Corresidencia primera unión	texto	CANDIDATO		inventario-reactivos-ext-v1_0	corresidencia
G5	familismo_apoyo	desenlace	cor_union2	eder2017	Corresidencia segunda unión	texto	CANDIDATO		inventario-reactivos-ext-v1_0	corresidencia
G5	familismo_apoyo	desenlace	cor_union3	eder2017	Corresidencia tercera unión	texto	CANDIDATO		inventario-reactivos-ext-v1_0	corresidencia
G5	familismo_apoyo	desenlace	cor_union4	eder2017	Corresidencia cuarta unión	texto	CANDIDATO		inventario-reactivos-ext-v1_0	corresidencia
G5	familismo_apoyo	desenlace	cor_union5	eder2017	Corresidencia quinta unión	texto	CANDIDATO		inventario-reactivos-ext-v1_0	corresidencia
G5	familismo_apoyo	desenlace	cor_union6	eder2017	Corresidencia sexta unión	texto	CANDIDATO		inventario-reactivos-ext-v1_0	corresidencia
G5	familismo_apoyo	desenlace	suegro_cor	eder2017	Corresidencia con el suegro	texto	CANDIDATO		inventario-reactivos-ext-v1_0	corresidencia
G5	familismo_apoyo	desenlace	suegra_cor	eder2017	Corresidencia con el suegra	texto	CANDIDATO		inventario-reactivos-ext-v1_0	corresidencia
G5	familismo_apoyo	desenlace	familia_c	eder2017	Corresidencia familia política	texto	CANDIDATO		inventario-reactivos-ext-v1_0	corresidencia
G5	familismo_apoyo	desenlace	hij_cor_1	eder2017	Corresidencia con primer hijo	texto	CANDIDATO		inventario-reactivos-ext-v1_0	corresidencia
G5	familismo_apoyo	desenlace	hij_cor_2	eder2017	Corresidencia con segundo hijo	texto	CANDIDATO		inventario-reactivos-ext-v1_0	corresidencia
G5	familismo_apoyo	desenlace	hij_cor_3	eder2017	Corresidencia con tercer hijo	texto	CANDIDATO		inventario-reactivos-ext-v1_0	corresidencia
G5	familismo_apoyo	desenlace	hij_cor_4	eder2017	Corresidencia con cuarto hijo	texto	CANDIDATO		inventario-reactivos-ext-v1_0	corresidencia
G5	familismo_apoyo	desenlace	hij_cor_5	eder2017	Corresidencia con quinto hijo	texto	CANDIDATO		inventario-reactivos-ext-v1_0	corresidencia
G5	familismo_apoyo	desenlace	hij_cor_6	eder2017	Corresidencia con sexto hijo	texto	CANDIDATO		inventario-reactivos-ext-v1_0	corresidencia
G5	familismo_apoyo	desenlace	hij_cor_7	eder2017	Corresidencia con séptimo hijo	texto	CANDIDATO		inventario-reactivos-ext-v1_0	corresidencia
G5	familismo_apoyo	desenlace	hij_cor_8	eder2017	Corresidencia con octavo hijo	texto	CANDIDATO		inventario-reactivos-ext-v1_0	corresidencia
G5	familismo_apoyo	desenlace	hij_cor_9	eder2017	Corresidencia con noveno hijo	texto	CANDIDATO		inventario-reactivos-ext-v1_0	corresidencia
G5	familismo_apoyo	desenlace	hij_cor_10	eder2017	Corresidencia con décimo hijo	texto	CANDIDATO		inventario-reactivos-ext-v1_0	corresidencia
G5	familismo_apoyo	desenlace	hij_cor_11	eder2017	Corresidencia con onceavo hijo	texto	CANDIDATO		inventario-reactivos-ext-v1_0	corresidencia
G5	familismo_apoyo	desenlace	hij_cor_12	eder2017	Corresidencia con doceavo hijo	texto	CANDIDATO		inventario-reactivos-ext-v1_0	corresidencia
G5	familismo_apoyo	desenlace	hij_cor_13	eder2017	Corresidencia con treceavo hijo	texto	CANDIDATO		inventario-reactivos-ext-v1_0	corresidencia
G5	familismo_apoyo	desenlace	hij_cor_14	eder2017	Corresidencia con catorceavo hijo	texto	CANDIDATO		inventario-reactivos-ext-v1_0	corresidencia
G5	familismo_apoyo	desenlace	hij_cor_15	eder2017	Corresidencia con quinceavo hijo	texto	CANDIDATO		inventario-reactivos-ext-v1_0	corresidencia
G5	familismo_apoyo	desenlace	cuid_perso	eder2017	Niñero o cuidador de ancianos	texto	CANDIDATO		inventario-reactivos-ext-v1_0	cuidador
G5	familismo_apoyo	desenlace	padre_cor	eder2017	Corresidencia con el padre	texto	CANDIDATO		inventario-reactivos-ext-v1_0	corresidencia
G5	familismo_apoyo	desenlace	madre_cor	eder2017	Corresidencia con la madre	texto	CANDIDATO		inventario-reactivos-ext-v1_0	corresidencia
G5	familismo_apoyo	desenlace	hnos_cor	eder2017	Corresidencia con los hermanos	texto	CANDIDATO		inventario-reactivos-ext-v1_0	corresidencia
G5	familismo_apoyo	desenlace	parien_cor	eder2017	Corresidencia algún familiar	texto	CANDIDATO		inventario-reactivos-ext-v1_0	corresidencia
G5	familismo_apoyo	desenlace	cor_union1	eder2017	Corresidencia primera unión	texto	CANDIDATO		inventario-reactivos-ext-v1_0	corresidencia
G5	familismo_apoyo	desenlace	cor_union2	eder2017	Corresidencia segunda unión	texto	CANDIDATO		inventario-reactivos-ext-v1_0	corresidencia
G5	familismo_apoyo	desenlace	cor_union3	eder2017	Corresidencia tercera unión	texto	CANDIDATO		inventario-reactivos-ext-v1_0	corresidencia
G5	familismo_apoyo	desenlace	cor_union4	eder2017	Corresidencia cuarta unión	texto	CANDIDATO		inventario-reactivos-ext-v1_0	corresidencia
G5	familismo_apoyo	desenlace	cor_union5	eder2017	Corresidencia quinta unión	texto	CANDIDATO		inventario-reactivos-ext-v1_0	corresidencia
G5	familismo_apoyo	desenlace	cor_union6	eder2017	Corresidencia sexta unión	texto	CANDIDATO		inventario-reactivos-ext-v1_0	corresidencia
G5	familismo_apoyo	desenlace	suegro_cor	eder2017	Corresidencia con el suegro	texto	CANDIDATO		inventario-reactivos-ext-v1_0	corresidencia
G5	familismo_apoyo	desenlace	suegra_cor	eder2017	Corresidencia con el suegra	texto	CANDIDATO		inventario-reactivos-ext-v1_0	corresidencia
G5	familismo_apoyo	desenlace	familia_c	eder2017	Corresidencia familia política	texto	CANDIDATO		inventario-reactivos-ext-v1_0	corresidencia
G5	familismo_apoyo	desenlace	hij_cor_1	eder2017	Corresidencia con primer hijo	texto	CANDIDATO		inventario-reactivos-ext-v1_0	corresidencia
G5	familismo_apoyo	desenlace	hij_cor_2	eder2017	Corresidencia con segundo hijo	texto	CANDIDATO		inventario-reactivos-ext-v1_0	corresidencia
G5	familismo_apoyo	desenlace	hij_cor_3	eder2017	Corresidencia con tercer hijo	texto	CANDIDATO		inventario-reactivos-ext-v1_0	corresidencia
G5	familismo_apoyo	desenlace	hij_cor_4	eder2017	Corresidencia con cuarto hijo	texto	CANDIDATO		inventario-reactivos-ext-v1_0	corresidencia
G5	familismo_apoyo	desenlace	hij_cor_5	eder2017	Corresidencia con quinto hijo	texto	CANDIDATO		inventario-reactivos-ext-v1_0	corresidencia
G5	familismo_apoyo	desenlace	hij_cor_6	eder2017	Corresidencia con sexto hijo	texto	CANDIDATO		inventario-reactivos-ext-v1_0	corresidencia
G5	familismo_apoyo	desenlace	hij_cor_7	eder2017	Corresidencia con séptimo hijo	texto	CANDIDATO		inventario-reactivos-ext-v1_0	corresidencia
G5	familismo_apoyo	desenlace	hij_cor_8	eder2017	Corresidencia con octavo hijo	texto	CANDIDATO		inventario-reactivos-ext-v1_0	corresidencia
G5	familismo_apoyo	desenlace	hij_cor_9	eder2017	Corresidencia con noveno hijo	texto	CANDIDATO		inventario-reactivos-ext-v1_0	corresidencia
G5	familismo_apoyo	desenlace	hij_cor_10	eder2017	Corresidencia con décimo hijo	texto	CANDIDATO		inventario-reactivos-ext-v1_0	corresidencia
G5	familismo_apoyo	desenlace	hij_cor_11	eder2017	Corresidencia con onceavo hijo	texto	CANDIDATO		inventario-reactivos-ext-v1_0	corresidencia
G5	familismo_apoyo	desenlace	hij_cor_12	eder2017	Corresidencia con doceavo hijo	texto	CANDIDATO		inventario-reactivos-ext-v1_0	corresidencia
G5	familismo_apoyo	desenlace	hij_cor_13	eder2017	Corresidencia con treceavo hijo	texto	CANDIDATO		inventario-reactivos-ext-v1_0	corresidencia
G5	familismo_apoyo	desenlace	hij_cor_14	eder2017	Corresidencia con catorceavo hijo	texto	CANDIDATO		inventario-reactivos-ext-v1_0	corresidencia
G5	familismo_apoyo	desenlace	hij_cor_15	eder2017	Corresidencia con quinceavo hijo	texto	CANDIDATO		inventario-reactivos-ext-v1_0	corresidencia
G5	familismo_apoyo	desenlace	p3_2	endireh2016	3.2. ¿Su actual esposo o pareja vive con usted?	texto	CANDIDATO		inventario-reactivos-ext-v1_0	vive con
G5	familismo_apoyo	desenlace	p4ab_2	endireh2016	4AB.2. ¿Desde hace cuánto tiempo su esposo o pareja NO vive con usted?	texto	CANDIDATO		inventario-reactivos-ext-v1_0	vive con
G5	familismo_apoyo	desenlace	p18_4	endireh2016	18.4. ¿Usted cuida a sus nietos(as) o sobrinos(as)…	texto	CANDIDATO		inventario-reactivos-ext-v1_0	cuida a
G5	familismo_apoyo	desenlace	p3_2	endireh2016	3.2. ¿Su actual esposo o pareja vive con usted?	texto	CANDIDATO		inventario-reactivos-ext-v1_0	vive con
G5	familismo_apoyo	desenlace	tp27m_1b	(sin-instrumento-derivable)	MADRE VIVE CON CONYUGE	texto	CANDIDATO		inventario-reactivos-ext-v1_0	vive con
G5	familismo_apoyo	desenlace	tp27m_1c	(sin-instrumento-derivable)	MADRE VIVE CON HIJA	texto	CANDIDATO		inventario-reactivos-ext-v1_0	vive con
G5	familismo_apoyo	desenlace	tp27m_1d	(sin-instrumento-derivable)	MADRE VIVE CON HIJO	texto	CANDIDATO		inventario-reactivos-ext-v1_0	vive con
G5	familismo_apoyo	desenlace	tp27m_1e	(sin-instrumento-derivable)	MADRE VIVE CON CUNADO	texto	CANDIDATO		inventario-reactivos-ext-v1_0	vive con
G5	familismo_apoyo	desenlace	tp27m_1f	(sin-instrumento-derivable)	MADRE VIVE CON HERMANA	texto	CANDIDATO		inventario-reactivos-ext-v1_0	vive con
G5	familismo_apoyo	desenlace	tp27m_1g	(sin-instrumento-derivable)	MADRE VIVE CON HERMANO	texto	CANDIDATO		inventario-reactivos-ext-v1_0	vive con
G5	familismo_apoyo	desenlace	tp27m_1h	(sin-instrumento-derivable)	MADRE VIVE CON NIETO	texto	CANDIDATO		inventario-reactivos-ext-v1_0	vive con
G5	familismo_apoyo	desenlace	tp27m_1i	(sin-instrumento-derivable)	MADRE VIVE CON PADRES	texto	CANDIDATO		inventario-reactivos-ext-v1_0	vive con
G5	familismo_apoyo	desenlace	tp27m_1j	(sin-instrumento-derivable)	MADRE VIVE CON OTROS	texto	CANDIDATO		inventario-reactivos-ext-v1_0	vive con
G5	familismo_apoyo	desenlace	tp27p_1b	(sin-instrumento-derivable)	PADRE VIVE CON CONYUGE	texto	CANDIDATO		inventario-reactivos-ext-v1_0	vive con
G5	familismo_apoyo	desenlace	tp27p_1c	(sin-instrumento-derivable)	PADRE VIVE CON HIJA	texto	CANDIDATO		inventario-reactivos-ext-v1_0	vive con
G5	familismo_apoyo	desenlace	tp27p_1d	(sin-instrumento-derivable)	PADRE VIVE CON HIJO	texto	CANDIDATO		inventario-reactivos-ext-v1_0	vive con
G5	familismo_apoyo	desenlace	tp27p_1e	(sin-instrumento-derivable)	PADRE VIVE CON CUNADO	texto	CANDIDATO		inventario-reactivos-ext-v1_0	vive con
G5	familismo_apoyo	desenlace	tp27p_1f	(sin-instrumento-derivable)	PADRE VIVE CON HERMANA	texto	CANDIDATO		inventario-reactivos-ext-v1_0	vive con
G5	familismo_apoyo	desenlace	tp27p_1g	(sin-instrumento-derivable)	PADRE VIVE CON HERMANO	texto	CANDIDATO		inventario-reactivos-ext-v1_0	vive con
G5	familismo_apoyo	desenlace	tp27p_1h	(sin-instrumento-derivable)	PADRE VIVE CON NIETO	texto	CANDIDATO		inventario-reactivos-ext-v1_0	vive con
G5	familismo_apoyo	desenlace	tp27p_1i	(sin-instrumento-derivable)	PADRE VIVE CON PADRES	texto	CANDIDATO		inventario-reactivos-ext-v1_0	vive con
G5	familismo_apoyo	desenlace	tp27p_1j	(sin-instrumento-derivable)	PADRE VIVE CON OTROS	texto	CANDIDATO		inventario-reactivos-ext-v1_0	vive con
G5	familismo_apoyo	desenlace	res02	(sin-instrumento-derivable)	HIJOS VIVOS VIVE CON USTED?	texto	CANDIDATO		inventario-reactivos-ext-v1_0	vive con
G5	familismo_apoyo	desenlace	ls08	(sin-instrumento-derivable)	CUIDA AL MENOR	texto	CANDIDATO		inventario-reactivos-ext-v1_0	cuida a
G5	familismo_apoyo	desenlace	tp27m_1b	(sin-instrumento-derivable)	MADRE VIVE CON CONYUGE	texto	CANDIDATO		inventario-reactivos-ext-v1_0	vive con
G5	familismo_apoyo	desenlace	tp27m_1c	(sin-instrumento-derivable)	MADRE VIVE CON HIJA	texto	CANDIDATO		inventario-reactivos-ext-v1_0	vive con
G5	familismo_apoyo	desenlace	tp27m_1d	(sin-instrumento-derivable)	MADRE VIVE CON HIJO	texto	CANDIDATO		inventario-reactivos-ext-v1_0	vive con
G5	familismo_apoyo	desenlace	tp27m_1e	(sin-instrumento-derivable)	MADRE VIVE CON CUNADO/A	texto	CANDIDATO		inventario-reactivos-ext-v1_0	vive con
G5	familismo_apoyo	desenlace	tp27m_1f	(sin-instrumento-derivable)	MADRE VIVE CON HERMANA	texto	CANDIDATO		inventario-reactivos-ext-v1_0	vive con
G5	familismo_apoyo	desenlace	tp27m_1g	(sin-instrumento-derivable)	MADRE VIVE CON HERMANO	texto	CANDIDATO		inventario-reactivos-ext-v1_0	vive con
G5	familismo_apoyo	desenlace	tp27m_1h	(sin-instrumento-derivable)	MADRE VIVE CON NIETO/A	texto	CANDIDATO		inventario-reactivos-ext-v1_0	vive con
G5	familismo_apoyo	desenlace	tp27m_1i	(sin-instrumento-derivable)	MADRE VIVE CON SU MADRE/MADRE	texto	CANDIDATO		inventario-reactivos-ext-v1_0	vive con
G5	familismo_apoyo	desenlace	tp27m_1j	(sin-instrumento-derivable)	MADRE VIVE CON OTRO	texto	CANDIDATO		inventario-reactivos-ext-v1_0	vive con
G5	familismo_apoyo	desenlace	tp27p_1b	(sin-instrumento-derivable)	PADRE VIVE CON CONYUGE	texto	CANDIDATO		inventario-reactivos-ext-v1_0	vive con
G5	familismo_apoyo	desenlace	tp27p_1c	(sin-instrumento-derivable)	PADRE VIVE CON HIJA	texto	CANDIDATO		inventario-reactivos-ext-v1_0	vive con
G5	familismo_apoyo	desenlace	tp27p_1d	(sin-instrumento-derivable)	PADRE VIVE CON HIJO	texto	CANDIDATO		inventario-reactivos-ext-v1_0	vive con
G5	familismo_apoyo	desenlace	tp27p_1e	(sin-instrumento-derivable)	PADRE VIVE CON CUNADO/A	texto	CANDIDATO		inventario-reactivos-ext-v1_0	vive con
G5	familismo_apoyo	desenlace	tp27p_1f	(sin-instrumento-derivable)	PADRE VIVE CON HERMANA	texto	CANDIDATO		inventario-reactivos-ext-v1_0	vive con
G5	familismo_apoyo	desenlace	tp27p_1g	(sin-instrumento-derivable)	PADRE VIVE CON HERMANO	texto	CANDIDATO		inventario-reactivos-ext-v1_0	vive con
G5	familismo_apoyo	desenlace	tp27p_1h	(sin-instrumento-derivable)	PADRE VIVE CON NIETO/A	texto	CANDIDATO		inventario-reactivos-ext-v1_0	vive con
G5	familismo_apoyo	desenlace	tp27p_1i	(sin-instrumento-derivable)	PADRE VIVE CON SU PADRE/MADRE	texto	CANDIDATO		inventario-reactivos-ext-v1_0	vive con
G5	familismo_apoyo	desenlace	tp27p_1j	(sin-instrumento-derivable)	PADRE VIVE CON OTRO	texto	CANDIDATO		inventario-reactivos-ext-v1_0	vive con
G5	familismo_apoyo	desenlace	tp27m_1b	(sin-instrumento-derivable)	MADRE VIVE CON CONYUGE	texto	CANDIDATO		inventario-reactivos-ext-v1_0	vive con
G5	familismo_apoyo	desenlace	tp27m_1c	(sin-instrumento-derivable)	MADRE VIVE CON HIJA	texto	CANDIDATO		inventario-reactivos-ext-v1_0	vive con
G5	familismo_apoyo	desenlace	tp27m_1d	(sin-instrumento-derivable)	MADRE VIVE CON HIJO	texto	CANDIDATO		inventario-reactivos-ext-v1_0	vive con
G5	familismo_apoyo	desenlace	tp27m_1e	(sin-instrumento-derivable)	MADRE VIVE CON CUNADO(A)	texto	CANDIDATO		inventario-reactivos-ext-v1_0	vive con
G5	familismo_apoyo	desenlace	tp27m_1f	(sin-instrumento-derivable)	MADRE VIVE CON HERMANA	texto	CANDIDATO		inventario-reactivos-ext-v1_0	vive con
G5	familismo_apoyo	desenlace	tp27m_1g	(sin-instrumento-derivable)	MADRE VIVE CON HERMANO	texto	CANDIDATO		inventario-reactivos-ext-v1_0	vive con
G5	familismo_apoyo	desenlace	tp27m_1h	(sin-instrumento-derivable)	MADRE VIVE CON NIETO	texto	CANDIDATO		inventario-reactivos-ext-v1_0	vive con
G5	familismo_apoyo	desenlace	tp27m_1i	(sin-instrumento-derivable)	MADRE VIVE CON PADRES	texto	CANDIDATO		inventario-reactivos-ext-v1_0	vive con
G5	familismo_apoyo	desenlace	tp27m_1j	(sin-instrumento-derivable)	MADRE VIVE CON OTROS	texto	CANDIDATO		inventario-reactivos-ext-v1_0	vive con
G5	familismo_apoyo	desenlace	tp27p_1b	(sin-instrumento-derivable)	PADRE VIVE CON CONYUGE	texto	CANDIDATO		inventario-reactivos-ext-v1_0	vive con
G5	familismo_apoyo	desenlace	tp27p_1c	(sin-instrumento-derivable)	PADRE VIVE CON HIJA	texto	CANDIDATO		inventario-reactivos-ext-v1_0	vive con
G5	familismo_apoyo	desenlace	tp27p_1d	(sin-instrumento-derivable)	PADRE VIVE CON HIJO	texto	CANDIDATO		inventario-reactivos-ext-v1_0	vive con
G5	familismo_apoyo	desenlace	tp27p_1e	(sin-instrumento-derivable)	PADRE VIVE CON CUNADO(A)	texto	CANDIDATO		inventario-reactivos-ext-v1_0	vive con
G5	familismo_apoyo	desenlace	tp27p_1f	(sin-instrumento-derivable)	PADRE VIVE CON HERMANA	texto	CANDIDATO		inventario-reactivos-ext-v1_0	vive con
G5	familismo_apoyo	desenlace	tp27p_1g	(sin-instrumento-derivable)	PADRE VIVE CON HERMANO	texto	CANDIDATO		inventario-reactivos-ext-v1_0	vive con
G5	familismo_apoyo	desenlace	tp27p_1h	(sin-instrumento-derivable)	PADRE VIVE CON NIETO	texto	CANDIDATO		inventario-reactivos-ext-v1_0	vive con
G5	familismo_apoyo	desenlace	tp27p_1i	(sin-instrumento-derivable)	PADRE VIVE CON PADRES	texto	CANDIDATO		inventario-reactivos-ext-v1_0	vive con
G5	familismo_apoyo	desenlace	tp27p_1j	(sin-instrumento-derivable)	PADRE VIVE CON OTROS	texto	CANDIDATO		inventario-reactivos-ext-v1_0	vive con
G5	familismo_apoyo	desenlace	res02	(sin-instrumento-derivable)	HIJOS VIVOS VIVE CON USTED?	texto	CANDIDATO		inventario-reactivos-ext-v1_0	vive con
G5	familismo_apoyo	desenlace	ls08	(sin-instrumento-derivable)	CUIDA AL MENOR	texto	CANDIDATO		inventario-reactivos-ext-v1_0	cuida a
G5	familismo_apoyo	desenlace	tp27m_1b	(sin-instrumento-derivable)	MADRE VIVE CON CONYUGE	texto	CANDIDATO		inventario-reactivos-ext-v1_0	vive con
G5	familismo_apoyo	desenlace	tp27m_1c	(sin-instrumento-derivable)	MADRE VIVE CON HIJA	texto	CANDIDATO		inventario-reactivos-ext-v1_0	vive con
G5	familismo_apoyo	desenlace	tp27m_1d	(sin-instrumento-derivable)	MADRE VIVE CON HIJO	texto	CANDIDATO		inventario-reactivos-ext-v1_0	vive con
G5	familismo_apoyo	desenlace	tp27m_1e	(sin-instrumento-derivable)	MADRE VIVE CON CUNADO/A	texto	CANDIDATO		inventario-reactivos-ext-v1_0	vive con
G5	familismo_apoyo	desenlace	tp27m_1f	(sin-instrumento-derivable)	MADRE VIVE CON HERMANA	texto	CANDIDATO		inventario-reactivos-ext-v1_0	vive con
G5	familismo_apoyo	desenlace	tp27m_1g	(sin-instrumento-derivable)	MADRE VIVE CON HERMANO	texto	CANDIDATO		inventario-reactivos-ext-v1_0	vive con
G5	familismo_apoyo	desenlace	tp27m_1h	(sin-instrumento-derivable)	MADRE VIVE CON NIETO/A	texto	CANDIDATO		inventario-reactivos-ext-v1_0	vive con
G5	familismo_apoyo	desenlace	tp27m_1i	(sin-instrumento-derivable)	MADRE VIVE CON SU MADRE/MADRE	texto	CANDIDATO		inventario-reactivos-ext-v1_0	vive con
G5	familismo_apoyo	desenlace	tp27m_1j	(sin-instrumento-derivable)	MADRE VIVE CON OTRO	texto	CANDIDATO		inventario-reactivos-ext-v1_0	vive con
G5	familismo_apoyo	desenlace	tp27p_1b	(sin-instrumento-derivable)	PADRE VIVE CON CONYUGE	texto	CANDIDATO		inventario-reactivos-ext-v1_0	vive con
G5	familismo_apoyo	desenlace	tp27p_1c	(sin-instrumento-derivable)	PADRE VIVE CON HIJA	texto	CANDIDATO		inventario-reactivos-ext-v1_0	vive con
G5	familismo_apoyo	desenlace	tp27p_1d	(sin-instrumento-derivable)	PADRE VIVE CON HIJO	texto	CANDIDATO		inventario-reactivos-ext-v1_0	vive con
G5	familismo_apoyo	desenlace	tp27p_1e	(sin-instrumento-derivable)	PADRE VIVE CON CUNADO/A	texto	CANDIDATO		inventario-reactivos-ext-v1_0	vive con
G5	familismo_apoyo	desenlace	tp27p_1f	(sin-instrumento-derivable)	PADRE VIVE CON HERMANA	texto	CANDIDATO		inventario-reactivos-ext-v1_0	vive con
G5	familismo_apoyo	desenlace	tp27p_1g	(sin-instrumento-derivable)	PADRE VIVE CON HERMANO	texto	CANDIDATO		inventario-reactivos-ext-v1_0	vive con
G5	familismo_apoyo	desenlace	tp27p_1h	(sin-instrumento-derivable)	PADRE VIVE CON NIETO/A	texto	CANDIDATO		inventario-reactivos-ext-v1_0	vive con
G5	familismo_apoyo	desenlace	tp27p_1i	(sin-instrumento-derivable)	PADRE VIVE CON SU PADRE/MADRE	texto	CANDIDATO		inventario-reactivos-ext-v1_0	vive con
G5	familismo_apoyo	desenlace	tp27p_1j	(sin-instrumento-derivable)	PADRE VIVE CON OTRO	texto	CANDIDATO		inventario-reactivos-ext-v1_0	vive con
G5	familismo_apoyo	desenlace	U_POB_ELAB_CUL	censo2020	Población usuaria de 12 a 130 años que elabora o cultiva productos o cuida animales	texto	DESCARTADO-con-razón	homónimo: cuidado de animales/cultivo agrícola, no cuidado de personas -- re-clavado de '(raiz)' a 'censo2020' (ACTO MAESTRA32-E6, Censo2020_CAAS_descriptor_bd.xlsx ya resuelto por la regla v1_1 aplicada por primera vez a la capa FD)	inventario-fd-v1_1	cuida a
G5	familismo_apoyo	desenlace	CUIDA_ADULTO_18	enasem2018	Uso del tiempo: Cuida a un adulto enfermo o discapacitado 2018	texto	CANDIDATO		inventario-fd-v1_1	cuida a
G5	familismo_apoyo	desenlace	CUIDA_MENOR_18	enasem2018	Uso del tiempo: Cuida a niños menores de 12 años 2018	texto	CANDIDATO		inventario-fd-v1_1	cuida a
G5	familismo_apoyo	desenlace	CUIDA_ADULTO_18	enasem2021	Uso del tiempo: Cuida a un adulto enfermo o discapacitado 2021	texto	CANDIDATO		inventario-fd-v1_1	cuida a
G5	familismo_apoyo	desenlace	CUIDA_MENOR_18	enasem2021	Uso del tiempo: Cuida a niños menores de 12 años 2021	texto	CANDIDATO		inventario-fd-v1_1	cuida a
G5	familismo_apoyo	desenlace	CUIDA_ADULTO_24	enasem2024	Uso del tiempo: Cuida a un adulto enfermo o discapacitado 2024	texto	CANDIDATO		inventario-fd-v1_1	cuida a
G5	familismo_apoyo	desenlace	CUIDA_MENOR_24	enasem2024	Uso del tiempo: Cuida a niños menores de 12 años 2024	texto	CANDIDATO		inventario-fd-v1_1	cuida a
G5	familismo_apoyo	desenlace	P4_14_1	enasic2022	4.14.1 ¿Este tiempo o cuidados para (NOMBRE) lo complementarían con el apoyo de una enfermera(o) o persona cuidadora?	texto	CANDIDATO		inventario-fd-v1_1	cuidador
G5	familismo_apoyo	desenlace	P4_18	enasic2022	4.18 (Aunque en la semana pasada nadie del hogar la(o) cuidó), ¿quién es la cuidadora o cuidador principal de (NOMBRE) en el hogar?	texto	CANDIDATO		inventario-fd-v1_1	cuidador
G5	familismo_apoyo	desenlace	P4_18A	enasic2022	4.18a El (la) cuidador(a) principal ¿qué es de (NOMBRE)	texto	CANDIDATO		inventario-fd-v1_1	cuidador
G5	familismo_apoyo	desenlace	P4_29	enasic2022	4.29 (Aunque en la semana pasada nadie del hogar la(o) cuidó), ¿quién es la cuidadora o cuidador principal de (NOMBRE) en el hogar?	texto	CANDIDATO		inventario-fd-v1_1	cuidador
G5	familismo_apoyo	desenlace	P4_29A	enasic2022	4.29a El (la) cuidador(a) principal ¿qué es de (NOMBRE)?	texto	CANDIDATO		inventario-fd-v1_1	cuidador
G5	familismo_apoyo	desenlace	P4_3	enasic2022	4.3 (Aunque en la semana pasada nadie del hogar la(o) cuidó), ¿quién es la cuidadora o cuidador principal de (NOMBRE) en el hogar?	texto	CANDIDATO		inventario-fd-v1_1	cuidador
G5	familismo_apoyo	desenlace	P4_3A	enasic2022	4.3a El (la) cuidador(a) principal ¿qué es de (NOMBRE)?	texto	CANDIDATO		inventario-fd-v1_1	cuidador
G5	familismo_apoyo	desenlace	P4_44	enasic2022	4.44 (Aunque en la semana pasada nadie del hogar la(o) cuidó), ¿quién es la cuidadora o cuidador principal de (NOMBRE) en el hogar?	texto	CANDIDATO		inventario-fd-v1_1	cuidador
G5	familismo_apoyo	desenlace	P4_44A	enasic2022	4.44a El (la) cuidador(a) principal ¿qué es de (NOMBRE)?	texto	CANDIDATO		inventario-fd-v1_1	cuidador
G5	familismo_apoyo	desenlace	P4_55_2	enasic2022	4.55.2 ¿Este tiempo o cuidados que le faltan a (NOMBRE) si pudiera los cubriría con el apoyo o atención de personal de enfermería o persona cuidadora?	texto	CANDIDATO		inventario-fd-v1_1	cuidador
G5	familismo_apoyo	desenlace	P4_60	enasic2022	4.60 (Aunque en la semana pasada nadie del hogar la(o) cuidó), ¿quién es la cuidadora o cuidador principal de (NOMBRE) en el hogar?	texto	CANDIDATO		inventario-fd-v1_1	cuidador
G5	familismo_apoyo	desenlace	P4_60A	enasic2022	4.60a El (la) cuidador(a) principal ¿qué es de (NOMBRE)?	texto	CANDIDATO		inventario-fd-v1_1	cuidador
G5	familismo_apoyo	desenlace	P4_69NA	enasic2022	4.69.NA IDENTIFICACIÓN DE POBLACIÓN OBJETIVO DE 15 AÑOS Y MÁS - NO APLICA (NO ES PERSONA ELEGIDA, NI CUIDADORA Y NO PERTENECE A UN HOGAR UNIPERSONAL)	texto	CANDIDATO		inventario-fd-v1_1	cuidador
G5	familismo_apoyo	desenlace	P2_4_4	enasic2022	2.4.4 ¿En este hogar contratan personas cuidadoras de niñas, niños, de personas adultas mayores o con alguna discapacidad o enfermedad?	texto	CANDIDATO		inventario-fd-v1_1	cuidador
G5	familismo_apoyo	desenlace	FILTRO5_6	enasic2022	FILTRO 5.6: ¿CUIDA A OTROS HOGARES? (4.69 = 6 EN EL RENGLÓN DE LA PERSONA ENTREVISTADA)	texto	CANDIDATO		inventario-fd-v1_1	cuida a
G5	familismo_apoyo	desenlace	P6_47	enasic2022	6.47 Si a usted le pagaran, ¿le gustaría ser cuidador(a) profesional de personas?	texto	CANDIDATO		inventario-fd-v1_1	cuidador
G5	familismo_apoyo	desenlace	P6_48	enasic2022	6.48 ¿Usted estaría dispuesta(o) a capacitarse para ser cuidador(a) de personas?	texto	CANDIDATO		inventario-fd-v1_1	cuidador
G5	familismo_apoyo	desenlace	P7_9_01	enasic2022	7.9.01 (ENTREGUE TARJETA 4) En la siguiente pregunta, por favor use las respuestas que vienen en la tarjeta. En su opinión, ¿cuáles son las tres características principales que deben tener las reside…	texto	CANDIDATO		inventario-fd-v1_1	cuidador
G5	familismo_apoyo	desenlace	FILTRO5_6	enasic2022	FILTRO 5.6: ¿CUIDA A OTROS HOGARES? (4.69 = 6 EN EL RENGLÓN DE LA PERSONA ENTREVISTADA)	texto	CANDIDATO		inventario-fd-v1_1	cuida a
G5	familismo_apoyo	desenlace	P6_47	enasic2022	6.47 Si a usted le pagaran, ¿le gustaría ser cuidador(a) profesional de personas?	texto	CANDIDATO		inventario-fd-v1_1	cuidador
G5	familismo_apoyo	desenlace	P6_48	enasic2022	6.48 ¿Usted estaría dispuesta(o) a capacitarse para ser cuidador(a) de personas?	texto	CANDIDATO		inventario-fd-v1_1	cuidador
G5	familismo_apoyo	desenlace	P7_9_01	enasic2022	7.9.01 (ENTREGUE TARJETA 4) En la siguiente pregunta, por favor use las respuestas que vienen en la tarjeta. En su opinión, ¿cuáles son las tres características principales que deben tener las reside…	texto	CANDIDATO		inventario-fd-v1_1	cuidador
G5	familismo_apoyo	desenlace	EDAD	enasic2022	Edad de la persona cuidadora	texto	CANDIDATO		inventario-fd-v1_1	cuidador
G5	familismo_apoyo	desenlace	FILTRO5_6	enasic2022	FILTRO 5.6: ¿CUIDA A OTROS HOGARES? (4.69 = 6 EN EL RENGLÓN DE LA PERSONA ENTREVISTADA)	texto	CANDIDATO		inventario-fd-v1_1	cuida a
G5	familismo_apoyo	desenlace	FILTRO6_10	enasic2022	FILTRO 6.10: ¿LA (EL) INFORMANTE ES CUIDADOR(A) DE PERSONAS DE SU HOGAR Y/O DE OTROS HOGARES? (6.1 = 1 Y/O 6.13 = 1 Y/O 6.15 = 1 Y/O 6.17 = 1 Y/O 6.19 = 1 Y/O 6.21 = 1 Y/O (6.32 = ALGÚN CÓDIGO 1 EN O…	texto	CANDIDATO		inventario-fd-v1_1	cuidador
G5	familismo_apoyo	desenlace	LLAVEMOD	enasic2022	Llave de identificación de la persona cuidadora	texto	CANDIDATO		inventario-fd-v1_1	cuidador
G5	familismo_apoyo	desenlace	P6_47	enasic2022	6.47 Si a usted le pagaran, ¿le gustaría ser cuidador(a) profesional de personas?	texto	CANDIDATO		inventario-fd-v1_1	cuidador
G5	familismo_apoyo	desenlace	P6_48	enasic2022	6.48 ¿Usted estaría dispuesta(o) a capacitarse para ser cuidador(a) de personas?	texto	CANDIDATO		inventario-fd-v1_1	cuidador
G5	familismo_apoyo	desenlace	P7_9_01	enasic2022	7.9.01 (ENTREGUE TARJETA 4) En la siguiente pregunta, por favor use las respuestas que vienen en la tarjeta. En su opinión, ¿cuáles son las tres características principales que deben tener las reside…	texto	CANDIDATO		inventario-fd-v1_1	cuidador
G5	familismo_apoyo	desenlace	SEXO	enasic2022	Sexo de la persona cuidadora	texto	CANDIDATO		inventario-fd-v1_1	cuidador
G5	familismo_apoyo	desenlace	P2_6_3	enut2019	2.6 ¿En este hogar contratan enfermeras(os) o cuidadoras(es) de niñas, niños o de personas mayores o con alguna discapacidad o enfermedad?	texto	DESCARTADO-con-razón	"mide contratación de cuidador(a) remunerado(a) externo (sustituye a la familia), polo opuesto de ""carga de cuidado"" recayendo en la familia -- re-clavado de '(raiz)' a 'enut2019' (ACTO MAESTRA32-E6, enut2019_fd.xlsx ya resuelto por la regla v1_1 aplicada por primera vez a la capa FD)"	inventario-fd-v1_1	cuidador
G5	radio_confianza	theta	P30_1. En una escala de calificación de 0 a 10 donde 0 es nada y 10 es mucho, por favor dígame ¿Qué tanto confía en…? La radio	encup2012		id	CANDIDATO		inventario-reactivos-v1_2	confía en
G5	radio_confianza	theta	P30_10. En una escala de calificación de 0 a 10 donde 0 es nada y 10 es mucho, por favor dígame ¿Qué tanto confía en…? Los vecinos	encup2012		id	CANDIDATO		inventario-reactivos-v1_2	confía en
G5	radio_confianza	theta	P30_11. En una escala de calificación de 0 a 10 donde 0 es nada y 10 es mucho, por favor dígame ¿Qué tanto confía en…? La familia	encup2012		id	CANDIDATO		inventario-reactivos-v1_2	confía en
G5	radio_confianza	theta	P30_12. En una escala de calificación de 0 a 10 donde 0 es nada y 10 es mucho, por favor dígame ¿Qué tanto confía en…? El gobierno	encup2012		id	CANDIDATO		inventario-reactivos-v1_2	confía en
G5	radio_confianza	theta	P30_13. En una escala de calificación de 0 a 10 donde 0 es nada y 10 es mucho, por favor dígame ¿Qué tanto confía en…? Las organizaciones de ciudadanos3	encup2012		id	CANDIDATO		inventario-reactivos-v1_2	confía en
G5	radio_confianza	theta	P30_14. En una escala de calificación de 0 a 10 donde 0 es nada y 10 es mucho, por favor dígame ¿Qué tanto confía en…? El Presidente de la República	encup2012		id	CANDIDATO		inventario-reactivos-v1_2	confía en
G5	radio_confianza	theta	P30_15. En una escala de calificación de 0 a 10 donde 0 es nada y 10 es mucho, por favor dígame ¿Qué tanto confía en…? El Instituto Federal Electoral	encup2012		id	CANDIDATO		inventario-reactivos-v1_2	confía en
G5	radio_confianza	theta	P30_16. En una escala de calificación de 0 a 10 donde 0 es nada y 10 es mucho, por favor dígame ¿Qué tanto confía en…? La Comisión Nacional de Derechos Humanos	encup2012		id	CANDIDATO		inventario-reactivos-v1_2	confía en
G5	radio_confianza	theta	P30_17. En una escala de calificación de 0 a 10 donde 0 es nada y 10 es mucho, por favor dígame ¿Qué tanto confía en…? Los jueces	encup2012		id	CANDIDATO		inventario-reactivos-v1_2	confía en
G5	radio_confianza	theta	P30_18. En una escala de calificación de 0 a 10 donde 0 es nada y 10 es mucho, por favor dígame ¿Qué tanto confía en…? La Suprema Corte de Justicia	encup2012		id	CANDIDATO		inventario-reactivos-v1_2	confía en
G5	radio_confianza	theta	P30_19. En una escala de calificación de 0 a 10 donde 0 es nada y 10 es mucho, por favor dígame ¿Qué tanto confía en…? Los diputados	encup2012		id	CANDIDATO		inventario-reactivos-v1_2	confía en
G5	radio_confianza	theta	P30_2. En una escala de calificación de 0 a 10 donde 0 es nada y 10 es mucho, por favor dígame ¿Qué tanto confía en…? La prensa	encup2012		id	CANDIDATO		inventario-reactivos-v1_2	confía en
G5	radio_confianza	theta	P30_20. En una escala de calificación de 0 a 10 donde 0 es nada y 10 es mucho, por favor dígame ¿Qué tanto confía en…? Los senadores	encup2012		id	CANDIDATO		inventario-reactivos-v1_2	confía en
G5	radio_confianza	theta	P30_21. En una escala de calificación de 0 a 10 donde 0 es nada y 10 es mucho, por favor dígame ¿Qué tanto confía en…? Los gobernadores estatales o jefe de gobierno	encup2012		id	CANDIDATO		inventario-reactivos-v1_2	confía en
G5	radio_confianza	theta	P30_22. En una escala de calificación de 0 a 10 donde 0 es nada y 10 es mucho, por favor dígame ¿Qué tanto confía en…? Los presidentes municipales o Jefes delegacionales	encup2012		id	CANDIDATO		inventario-reactivos-v1_2	confía en
G5	radio_confianza	theta	P30_23. En una escala de calificación de 0 a 10 donde 0 es nada y 10 es mucho, por favor dígame ¿Qué tanto confía en…? La Policía	encup2012		id	CANDIDATO		inventario-reactivos-v1_2	confía en
G5	radio_confianza	theta	P30_24. En una escala de calificación de 0 a 10 donde 0 es nada y 10 es mucho, por favor dígame ¿Qué tanto confía en…? El Ejército	encup2012		id	CANDIDATO		inventario-reactivos-v1_2	confía en
G5	radio_confianza	theta	P30_25. En una escala de calificación de 0 a 10 donde 0 es nada y 10 es mucho, por favor dígame ¿Qué tanto confía en…? Los militares	encup2012		id	CANDIDATO		inventario-reactivos-v1_2	confía en
G5	radio_confianza	theta	P30_26. En una escala de calificación de 0 a 10 donde 0 es nada y 10 es mucho, por favor dígame ¿Qué tanto confía en…? Los partidos políticos	encup2012		id	CANDIDATO		inventario-reactivos-v1_2	confía en
G5	radio_confianza	theta	P30_27. En una escala de calificación de 0 a 10 donde 0 es nada y 10 es mucho, por favor dígame ¿Qué tanto confía en…? Las organizaciones indígenas y campesina	encup2012		id	CANDIDATO		inventario-reactivos-v1_2	confía en
G5	radio_confianza	theta	P30_3. En una escala de calificación de 0 a 10 donde 0 es nada y 10 es mucho, por favor dígame ¿Qué tanto confía en…? La televisión	encup2012		id	CANDIDATO		inventario-reactivos-v1_2	confía en
G5	radio_confianza	theta	P30_4. En una escala de calificación de 0 a 10 donde 0 es nada y 10 es mucho, por favor dígame ¿Qué tanto confía en…? Las redes sociales	encup2012		id	CANDIDATO		inventario-reactivos-v1_2	confía en
G5	radio_confianza	theta	P30_5. En una escala de calificación de 0 a 10 donde 0 es nada y 10 es mucho, por favor dígame ¿Qué tanto confía en…? Los empresarios	encup2012		id	CANDIDATO		inventario-reactivos-v1_2	confía en
G5	radio_confianza	theta	P30_6. En una escala de calificación de 0 a 10 donde 0 es nada y 10 es mucho, por favor dígame ¿Qué tanto confía en…? La iglesia	encup2012		id	CANDIDATO		inventario-reactivos-v1_2	confía en
G5	radio_confianza	theta	P30_7. En una escala de calificación de 0 a 10 donde 0 es nada y 10 es mucho, por favor dígame ¿Qué tanto confía en…? Los maestros	encup2012		id	CANDIDATO		inventario-reactivos-v1_2	confía en
G5	radio_confianza	theta	P30_8. En una escala de calificación de 0 a 10 donde 0 es nada y 10 es mucho, por favor dígame ¿Qué tanto confía en…? Los médicos	encup2012		id	CANDIDATO		inventario-reactivos-v1_2	confía en
G5	radio_confianza	theta	P30_9. En una escala de calificación de 0 a 10 donde 0 es nada y 10 es mucho, por favor dígame ¿Qué tanto confía en…? Los sindicatos	encup2012		id	CANDIDATO		inventario-reactivos-v1_2	confía en
G5	radio_confianza	theta	p6_24_10	endireh2016	6.24.10. No acudió a una autoridad o institución no confía en las autoridades del gobierno	texto	CANDIDATO		inventario-reactivos-ext-v1_0	confía en
G5	radio_confianza	theta	p7_27_10	endireh2016	7.27.10. No acudió a una autoridad o institución no confía en las autoridades del gobierno	texto	CANDIDATO		inventario-reactivos-ext-v1_0	confía en
G5	radio_confianza	theta	p8_19_10	endireh2016	8.19.10. No acudió a una autoridad o institución no confía en las autoridades del gobierno	texto	CANDIDATO		inventario-reactivos-ext-v1_0	confía en
G5	radio_confianza	theta	p10_15_10	endireh2016	10.15.10. No acudió a una autoridad o institución no confía en las autoridades del gobierno	texto	CANDIDATO		inventario-reactivos-ext-v1_0	confía en
G5	radio_confianza	theta	p13_21_13	endireh2016	13.21.13. No acudió a una autoridad o institución no confía en las autoridades	texto	CANDIDATO		inventario-reactivos-ext-v1_0	confía en
G5	radio_confianza	theta	P5_7_2	enif2015	no confía en las instituciones financieras o le dan mal servicio?	texto	CANDIDATO		inventario-fd-v1_1	confía en
G5	radio_confianza	theta	P6_6_3	enif2015	no confía en las instituciones financieras o le dan mal servicio?	texto	CANDIDATO		inventario-fd-v1_1	confía en
G5	radio_confianza	theta	P7_3_5	enif2015	¿No confía en las aseguradoras?	texto	CANDIDATO		inventario-fd-v1_1	confía en
G5	radio_confianza	theta	P5_4_5	enif2012	No confía en los bancos	texto	CANDIDATO		inventario-fd-v1_1	confía en
G5	radio_confianza	theta	P6_5_3	enif2012	No confía en los bancos o le dan mal servicio	texto	CANDIDATO		inventario-fd-v1_1	confía en
G5	radio_confianza	theta	P2_1	mociba2016	2. La situación de (Que una persona lo(a) registre en un servicio o sitio para ser blanco de spam, virus y/o contacto con desconocidos), principalmente, ¿a través de qué medio se dio?	texto	DESCARTADO-con-razón	homónimo: exposición a spam/virus/contacto de desconocidos en internet (uso de TIC), no radio de confianza interpersonal	inventario-fd-v1_1	desconocidos
G5	radio_confianza	desenlace	NCUIDADORA	elcos2012		id	CANDIDATO		inventario-reactivos-v1_2	cuidador
G5	radio_confianza	desenlace	P28B. Dígame si está usted de acuerdo o en desacuerdo con las siguientes frases Si uno no se cuida a sí mismo la gente se aprovechará	encup2012		id	DESCARTADO-con-razón	"homónimo: ítem de autocuidado/confianza generalizada (""si uno no se cuida a sí mismo la gente se aprovechará""), no carga de cuidado familiar"	inventario-reactivos-v1_2	cuida a
G5	radio_confianza	desenlace	cuid_perso	eder2017	Niñero o cuidador de ancianos	texto	CANDIDATO		inventario-reactivos-ext-v1_0	cuidador
G5	radio_confianza	desenlace	padre_cor	eder2017	Corresidencia con el padre	texto	CANDIDATO		inventario-reactivos-ext-v1_0	corresidencia
G5	radio_confianza	desenlace	madre_cor	eder2017	Corresidencia con la madre	texto	CANDIDATO		inventario-reactivos-ext-v1_0	corresidencia
G5	radio_confianza	desenlace	hnos_cor	eder2017	Corresidencia con los hermanos	texto	CANDIDATO		inventario-reactivos-ext-v1_0	corresidencia
G5	radio_confianza	desenlace	parien_cor	eder2017	Corresidencia algún familiar	texto	CANDIDATO		inventario-reactivos-ext-v1_0	corresidencia
G5	radio_confianza	desenlace	cor_union1	eder2017	Corresidencia primera unión	texto	CANDIDATO		inventario-reactivos-ext-v1_0	corresidencia
G5	radio_confianza	desenlace	cor_union2	eder2017	Corresidencia segunda unión	texto	CANDIDATO		inventario-reactivos-ext-v1_0	corresidencia
G5	radio_confianza	desenlace	cor_union3	eder2017	Corresidencia tercera unión	texto	CANDIDATO		inventario-reactivos-ext-v1_0	corresidencia
G5	radio_confianza	desenlace	cor_union4	eder2017	Corresidencia cuarta unión	texto	CANDIDATO		inventario-reactivos-ext-v1_0	corresidencia
G5	radio_confianza	desenlace	cor_union5	eder2017	Corresidencia quinta unión	texto	CANDIDATO		inventario-reactivos-ext-v1_0	corresidencia
G5	radio_confianza	desenlace	cor_union6	eder2017	Corresidencia sexta unión	texto	CANDIDATO		inventario-reactivos-ext-v1_0	corresidencia
G5	radio_confianza	desenlace	suegro_cor	eder2017	Corresidencia con el suegro	texto	CANDIDATO		inventario-reactivos-ext-v1_0	corresidencia
G5	radio_confianza	desenlace	suegra_cor	eder2017	Corresidencia con el suegra	texto	CANDIDATO		inventario-reactivos-ext-v1_0	corresidencia
G5	radio_confianza	desenlace	familia_c	eder2017	Corresidencia familia política	texto	CANDIDATO		inventario-reactivos-ext-v1_0	corresidencia
G5	radio_confianza	desenlace	hij_cor_1	eder2017	Corresidencia con primer hijo	texto	CANDIDATO		inventario-reactivos-ext-v1_0	corresidencia
G5	radio_confianza	desenlace	hij_cor_2	eder2017	Corresidencia con segundo hijo	texto	CANDIDATO		inventario-reactivos-ext-v1_0	corresidencia
G5	radio_confianza	desenlace	hij_cor_3	eder2017	Corresidencia con tercer hijo	texto	CANDIDATO		inventario-reactivos-ext-v1_0	corresidencia
G5	radio_confianza	desenlace	hij_cor_4	eder2017	Corresidencia con cuarto hijo	texto	CANDIDATO		inventario-reactivos-ext-v1_0	corresidencia
G5	radio_confianza	desenlace	hij_cor_5	eder2017	Corresidencia con quinto hijo	texto	CANDIDATO		inventario-reactivos-ext-v1_0	corresidencia
G5	radio_confianza	desenlace	hij_cor_6	eder2017	Corresidencia con sexto hijo	texto	CANDIDATO		inventario-reactivos-ext-v1_0	corresidencia
G5	radio_confianza	desenlace	hij_cor_7	eder2017	Corresidencia con séptimo hijo	texto	CANDIDATO		inventario-reactivos-ext-v1_0	corresidencia
G5	radio_confianza	desenlace	hij_cor_8	eder2017	Corresidencia con octavo hijo	texto	CANDIDATO		inventario-reactivos-ext-v1_0	corresidencia
G5	radio_confianza	desenlace	hij_cor_9	eder2017	Corresidencia con noveno hijo	texto	CANDIDATO		inventario-reactivos-ext-v1_0	corresidencia
G5	radio_confianza	desenlace	hij_cor_10	eder2017	Corresidencia con décimo hijo	texto	CANDIDATO		inventario-reactivos-ext-v1_0	corresidencia
G5	radio_confianza	desenlace	hij_cor_11	eder2017	Corresidencia con onceavo hijo	texto	CANDIDATO		inventario-reactivos-ext-v1_0	corresidencia
G5	radio_confianza	desenlace	hij_cor_12	eder2017	Corresidencia con doceavo hijo	texto	CANDIDATO		inventario-reactivos-ext-v1_0	corresidencia
G5	radio_confianza	desenlace	hij_cor_13	eder2017	Corresidencia con treceavo hijo	texto	CANDIDATO		inventario-reactivos-ext-v1_0	corresidencia
G5	radio_confianza	desenlace	hij_cor_14	eder2017	Corresidencia con catorceavo hijo	texto	CANDIDATO		inventario-reactivos-ext-v1_0	corresidencia
G5	radio_confianza	desenlace	hij_cor_15	eder2017	Corresidencia con quinceavo hijo	texto	CANDIDATO		inventario-reactivos-ext-v1_0	corresidencia
G5	radio_confianza	desenlace	cuid_perso	eder2017	Niñero o cuidador de ancianos	texto	CANDIDATO		inventario-reactivos-ext-v1_0	cuidador
G5	radio_confianza	desenlace	padre_cor	eder2017	Corresidencia con el padre	texto	CANDIDATO		inventario-reactivos-ext-v1_0	corresidencia
G5	radio_confianza	desenlace	madre_cor	eder2017	Corresidencia con la madre	texto	CANDIDATO		inventario-reactivos-ext-v1_0	corresidencia
G5	radio_confianza	desenlace	hnos_cor	eder2017	Corresidencia con los hermanos	texto	CANDIDATO		inventario-reactivos-ext-v1_0	corresidencia
G5	radio_confianza	desenlace	parien_cor	eder2017	Corresidencia algún familiar	texto	CANDIDATO		inventario-reactivos-ext-v1_0	corresidencia
G5	radio_confianza	desenlace	cor_union1	eder2017	Corresidencia primera unión	texto	CANDIDATO		inventario-reactivos-ext-v1_0	corresidencia
G5	radio_confianza	desenlace	cor_union2	eder2017	Corresidencia segunda unión	texto	CANDIDATO		inventario-reactivos-ext-v1_0	corresidencia
G5	radio_confianza	desenlace	cor_union3	eder2017	Corresidencia tercera unión	texto	CANDIDATO		inventario-reactivos-ext-v1_0	corresidencia
G5	radio_confianza	desenlace	cor_union4	eder2017	Corresidencia cuarta unión	texto	CANDIDATO		inventario-reactivos-ext-v1_0	corresidencia
G5	radio_confianza	desenlace	cor_union5	eder2017	Corresidencia quinta unión	texto	CANDIDATO		inventario-reactivos-ext-v1_0	corresidencia
G5	radio_confianza	desenlace	cor_union6	eder2017	Corresidencia sexta unión	texto	CANDIDATO		inventario-reactivos-ext-v1_0	corresidencia
G5	radio_confianza	desenlace	suegro_cor	eder2017	Corresidencia con el suegro	texto	CANDIDATO		inventario-reactivos-ext-v1_0	corresidencia
G5	radio_confianza	desenlace	suegra_cor	eder2017	Corresidencia con el suegra	texto	CANDIDATO		inventario-reactivos-ext-v1_0	corresidencia
G5	radio_confianza	desenlace	familia_c	eder2017	Corresidencia familia política	texto	CANDIDATO		inventario-reactivos-ext-v1_0	corresidencia
G5	radio_confianza	desenlace	hij_cor_1	eder2017	Corresidencia con primer hijo	texto	CANDIDATO		inventario-reactivos-ext-v1_0	corresidencia
G5	radio_confianza	desenlace	hij_cor_2	eder2017	Corresidencia con segundo hijo	texto	CANDIDATO		inventario-reactivos-ext-v1_0	corresidencia
G5	radio_confianza	desenlace	hij_cor_3	eder2017	Corresidencia con tercer hijo	texto	CANDIDATO		inventario-reactivos-ext-v1_0	corresidencia
G5	radio_confianza	desenlace	hij_cor_4	eder2017	Corresidencia con cuarto hijo	texto	CANDIDATO		inventario-reactivos-ext-v1_0	corresidencia
G5	radio_confianza	desenlace	hij_cor_5	eder2017	Corresidencia con quinto hijo	texto	CANDIDATO		inventario-reactivos-ext-v1_0	corresidencia
G5	radio_confianza	desenlace	hij_cor_6	eder2017	Corresidencia con sexto hijo	texto	CANDIDATO		inventario-reactivos-ext-v1_0	corresidencia
G5	radio_confianza	desenlace	hij_cor_7	eder2017	Corresidencia con séptimo hijo	texto	CANDIDATO		inventario-reactivos-ext-v1_0	corresidencia
G5	radio_confianza	desenlace	hij_cor_8	eder2017	Corresidencia con octavo hijo	texto	CANDIDATO		inventario-reactivos-ext-v1_0	corresidencia
G5	radio_confianza	desenlace	hij_cor_9	eder2017	Corresidencia con noveno hijo	texto	CANDIDATO		inventario-reactivos-ext-v1_0	corresidencia
G5	radio_confianza	desenlace	hij_cor_10	eder2017	Corresidencia con décimo hijo	texto	CANDIDATO		inventario-reactivos-ext-v1_0	corresidencia
G5	radio_confianza	desenlace	hij_cor_11	eder2017	Corresidencia con onceavo hijo	texto	CANDIDATO		inventario-reactivos-ext-v1_0	corresidencia
G5	radio_confianza	desenlace	hij_cor_12	eder2017	Corresidencia con doceavo hijo	texto	CANDIDATO		inventario-reactivos-ext-v1_0	corresidencia
G5	radio_confianza	desenlace	hij_cor_13	eder2017	Corresidencia con treceavo hijo	texto	CANDIDATO		inventario-reactivos-ext-v1_0	corresidencia
G5	radio_confianza	desenlace	hij_cor_14	eder2017	Corresidencia con catorceavo hijo	texto	CANDIDATO		inventario-reactivos-ext-v1_0	corresidencia
G5	radio_confianza	desenlace	hij_cor_15	eder2017	Corresidencia con quinceavo hijo	texto	CANDIDATO		inventario-reactivos-ext-v1_0	corresidencia
G5	radio_confianza	desenlace	p3_2	endireh2016	3.2. ¿Su actual esposo o pareja vive con usted?	texto	CANDIDATO		inventario-reactivos-ext-v1_0	vive con
G5	radio_confianza	desenlace	p4ab_2	endireh2016	4AB.2. ¿Desde hace cuánto tiempo su esposo o pareja NO vive con usted?	texto	CANDIDATO		inventario-reactivos-ext-v1_0	vive con
G5	radio_confianza	desenlace	p18_4	endireh2016	18.4. ¿Usted cuida a sus nietos(as) o sobrinos(as)…	texto	CANDIDATO		inventario-reactivos-ext-v1_0	cuida a
G5	radio_confianza	desenlace	p3_2	endireh2016	3.2. ¿Su actual esposo o pareja vive con usted?	texto	CANDIDATO		inventario-reactivos-ext-v1_0	vive con
G5	radio_confianza	desenlace	tp27m_1b	(sin-instrumento-derivable)	MADRE VIVE CON CONYUGE	texto	CANDIDATO		inventario-reactivos-ext-v1_0	vive con
G5	radio_confianza	desenlace	tp27m_1c	(sin-instrumento-derivable)	MADRE VIVE CON HIJA	texto	CANDIDATO		inventario-reactivos-ext-v1_0	vive con
G5	radio_confianza	desenlace	tp27m_1d	(sin-instrumento-derivable)	MADRE VIVE CON HIJO	texto	CANDIDATO		inventario-reactivos-ext-v1_0	vive con
G5	radio_confianza	desenlace	tp27m_1e	(sin-instrumento-derivable)	MADRE VIVE CON CUNADO	texto	CANDIDATO		inventario-reactivos-ext-v1_0	vive con
G5	radio_confianza	desenlace	tp27m_1f	(sin-instrumento-derivable)	MADRE VIVE CON HERMANA	texto	CANDIDATO		inventario-reactivos-ext-v1_0	vive con
G5	radio_confianza	desenlace	tp27m_1g	(sin-instrumento-derivable)	MADRE VIVE CON HERMANO	texto	CANDIDATO		inventario-reactivos-ext-v1_0	vive con
G5	radio_confianza	desenlace	tp27m_1h	(sin-instrumento-derivable)	MADRE VIVE CON NIETO	texto	CANDIDATO		inventario-reactivos-ext-v1_0	vive con
G5	radio_confianza	desenlace	tp27m_1i	(sin-instrumento-derivable)	MADRE VIVE CON PADRES	texto	CANDIDATO		inventario-reactivos-ext-v1_0	vive con
G5	radio_confianza	desenlace	tp27m_1j	(sin-instrumento-derivable)	MADRE VIVE CON OTROS	texto	CANDIDATO		inventario-reactivos-ext-v1_0	vive con
G5	radio_confianza	desenlace	tp27p_1b	(sin-instrumento-derivable)	PADRE VIVE CON CONYUGE	texto	CANDIDATO		inventario-reactivos-ext-v1_0	vive con
G5	radio_confianza	desenlace	tp27p_1c	(sin-instrumento-derivable)	PADRE VIVE CON HIJA	texto	CANDIDATO		inventario-reactivos-ext-v1_0	vive con
G5	radio_confianza	desenlace	tp27p_1d	(sin-instrumento-derivable)	PADRE VIVE CON HIJO	texto	CANDIDATO		inventario-reactivos-ext-v1_0	vive con
G5	radio_confianza	desenlace	tp27p_1e	(sin-instrumento-derivable)	PADRE VIVE CON CUNADO	texto	CANDIDATO		inventario-reactivos-ext-v1_0	vive con
G5	radio_confianza	desenlace	tp27p_1f	(sin-instrumento-derivable)	PADRE VIVE CON HERMANA	texto	CANDIDATO		inventario-reactivos-ext-v1_0	vive con
G5	radio_confianza	desenlace	tp27p_1g	(sin-instrumento-derivable)	PADRE VIVE CON HERMANO	texto	CANDIDATO		inventario-reactivos-ext-v1_0	vive con
G5	radio_confianza	desenlace	tp27p_1h	(sin-instrumento-derivable)	PADRE VIVE CON NIETO	texto	CANDIDATO		inventario-reactivos-ext-v1_0	vive con
G5	radio_confianza	desenlace	tp27p_1i	(sin-instrumento-derivable)	PADRE VIVE CON PADRES	texto	CANDIDATO		inventario-reactivos-ext-v1_0	vive con
G5	radio_confianza	desenlace	tp27p_1j	(sin-instrumento-derivable)	PADRE VIVE CON OTROS	texto	CANDIDATO		inventario-reactivos-ext-v1_0	vive con
G5	radio_confianza	desenlace	res02	(sin-instrumento-derivable)	HIJOS VIVOS VIVE CON USTED?	texto	CANDIDATO		inventario-reactivos-ext-v1_0	vive con
G5	radio_confianza	desenlace	ls08	(sin-instrumento-derivable)	CUIDA AL MENOR	texto	CANDIDATO		inventario-reactivos-ext-v1_0	cuida a
G5	radio_confianza	desenlace	tp27m_1b	(sin-instrumento-derivable)	MADRE VIVE CON CONYUGE	texto	CANDIDATO		inventario-reactivos-ext-v1_0	vive con
G5	radio_confianza	desenlace	tp27m_1c	(sin-instrumento-derivable)	MADRE VIVE CON HIJA	texto	CANDIDATO		inventario-reactivos-ext-v1_0	vive con
G5	radio_confianza	desenlace	tp27m_1d	(sin-instrumento-derivable)	MADRE VIVE CON HIJO	texto	CANDIDATO		inventario-reactivos-ext-v1_0	vive con
G5	radio_confianza	desenlace	tp27m_1e	(sin-instrumento-derivable)	MADRE VIVE CON CUNADO/A	texto	CANDIDATO		inventario-reactivos-ext-v1_0	vive con
G5	radio_confianza	desenlace	tp27m_1f	(sin-instrumento-derivable)	MADRE VIVE CON HERMANA	texto	CANDIDATO		inventario-reactivos-ext-v1_0	vive con
G5	radio_confianza	desenlace	tp27m_1g	(sin-instrumento-derivable)	MADRE VIVE CON HERMANO	texto	CANDIDATO		inventario-reactivos-ext-v1_0	vive con
G5	radio_confianza	desenlace	tp27m_1h	(sin-instrumento-derivable)	MADRE VIVE CON NIETO/A	texto	CANDIDATO		inventario-reactivos-ext-v1_0	vive con
G5	radio_confianza	desenlace	tp27m_1i	(sin-instrumento-derivable)	MADRE VIVE CON SU MADRE/MADRE	texto	CANDIDATO		inventario-reactivos-ext-v1_0	vive con
G5	radio_confianza	desenlace	tp27m_1j	(sin-instrumento-derivable)	MADRE VIVE CON OTRO	texto	CANDIDATO		inventario-reactivos-ext-v1_0	vive con
G5	radio_confianza	desenlace	tp27p_1b	(sin-instrumento-derivable)	PADRE VIVE CON CONYUGE	texto	CANDIDATO		inventario-reactivos-ext-v1_0	vive con
G5	radio_confianza	desenlace	tp27p_1c	(sin-instrumento-derivable)	PADRE VIVE CON HIJA	texto	CANDIDATO		inventario-reactivos-ext-v1_0	vive con
G5	radio_confianza	desenlace	tp27p_1d	(sin-instrumento-derivable)	PADRE VIVE CON HIJO	texto	CANDIDATO		inventario-reactivos-ext-v1_0	vive con
G5	radio_confianza	desenlace	tp27p_1e	(sin-instrumento-derivable)	PADRE VIVE CON CUNADO/A	texto	CANDIDATO		inventario-reactivos-ext-v1_0	vive con
G5	radio_confianza	desenlace	tp27p_1f	(sin-instrumento-derivable)	PADRE VIVE CON HERMANA	texto	CANDIDATO		inventario-reactivos-ext-v1_0	vive con
G5	radio_confianza	desenlace	tp27p_1g	(sin-instrumento-derivable)	PADRE VIVE CON HERMANO	texto	CANDIDATO		inventario-reactivos-ext-v1_0	vive con
G5	radio_confianza	desenlace	tp27p_1h	(sin-instrumento-derivable)	PADRE VIVE CON NIETO/A	texto	CANDIDATO		inventario-reactivos-ext-v1_0	vive con
G5	radio_confianza	desenlace	tp27p_1i	(sin-instrumento-derivable)	PADRE VIVE CON SU PADRE/MADRE	texto	CANDIDATO		inventario-reactivos-ext-v1_0	vive con
G5	radio_confianza	desenlace	tp27p_1j	(sin-instrumento-derivable)	PADRE VIVE CON OTRO	texto	CANDIDATO		inventario-reactivos-ext-v1_0	vive con
G5	radio_confianza	desenlace	tp27m_1b	(sin-instrumento-derivable)	MADRE VIVE CON CONYUGE	texto	CANDIDATO		inventario-reactivos-ext-v1_0	vive con
G5	radio_confianza	desenlace	tp27m_1c	(sin-instrumento-derivable)	MADRE VIVE CON HIJA	texto	CANDIDATO		inventario-reactivos-ext-v1_0	vive con
G5	radio_confianza	desenlace	tp27m_1d	(sin-instrumento-derivable)	MADRE VIVE CON HIJO	texto	CANDIDATO		inventario-reactivos-ext-v1_0	vive con
G5	radio_confianza	desenlace	tp27m_1e	(sin-instrumento-derivable)	MADRE VIVE CON CUNADO(A)	texto	CANDIDATO		inventario-reactivos-ext-v1_0	vive con
G5	radio_confianza	desenlace	tp27m_1f	(sin-instrumento-derivable)	MADRE VIVE CON HERMANA	texto	CANDIDATO		inventario-reactivos-ext-v1_0	vive con
G5	radio_confianza	desenlace	tp27m_1g	(sin-instrumento-derivable)	MADRE VIVE CON HERMANO	texto	CANDIDATO		inventario-reactivos-ext-v1_0	vive con
G5	radio_confianza	desenlace	tp27m_1h	(sin-instrumento-derivable)	MADRE VIVE CON NIETO	texto	CANDIDATO		inventario-reactivos-ext-v1_0	vive con
G5	radio_confianza	desenlace	tp27m_1i	(sin-instrumento-derivable)	MADRE VIVE CON PADRES	texto	CANDIDATO		inventario-reactivos-ext-v1_0	vive con
G5	radio_confianza	desenlace	tp27m_1j	(sin-instrumento-derivable)	MADRE VIVE CON OTROS	texto	CANDIDATO		inventario-reactivos-ext-v1_0	vive con
G5	radio_confianza	desenlace	tp27p_1b	(sin-instrumento-derivable)	PADRE VIVE CON CONYUGE	texto	CANDIDATO		inventario-reactivos-ext-v1_0	vive con
G5	radio_confianza	desenlace	tp27p_1c	(sin-instrumento-derivable)	PADRE VIVE CON HIJA	texto	CANDIDATO		inventario-reactivos-ext-v1_0	vive con
G5	radio_confianza	desenlace	tp27p_1d	(sin-instrumento-derivable)	PADRE VIVE CON HIJO	texto	CANDIDATO		inventario-reactivos-ext-v1_0	vive con
G5	radio_confianza	desenlace	tp27p_1e	(sin-instrumento-derivable)	PADRE VIVE CON CUNADO(A)	texto	CANDIDATO		inventario-reactivos-ext-v1_0	vive con
G5	radio_confianza	desenlace	tp27p_1f	(sin-instrumento-derivable)	PADRE VIVE CON HERMANA	texto	CANDIDATO		inventario-reactivos-ext-v1_0	vive con
G5	radio_confianza	desenlace	tp27p_1g	(sin-instrumento-derivable)	PADRE VIVE CON HERMANO	texto	CANDIDATO		inventario-reactivos-ext-v1_0	vive con
G5	radio_confianza	desenlace	tp27p_1h	(sin-instrumento-derivable)	PADRE VIVE CON NIETO	texto	CANDIDATO		inventario-reactivos-ext-v1_0	vive con
G5	radio_confianza	desenlace	tp27p_1i	(sin-instrumento-derivable)	PADRE VIVE CON PADRES	texto	CANDIDATO		inventario-reactivos-ext-v1_0	vive con
G5	radio_confianza	desenlace	tp27p_1j	(sin-instrumento-derivable)	PADRE VIVE CON OTROS	texto	CANDIDATO		inventario-reactivos-ext-v1_0	vive con
G5	radio_confianza	desenlace	res02	(sin-instrumento-derivable)	HIJOS VIVOS VIVE CON USTED?	texto	CANDIDATO		inventario-reactivos-ext-v1_0	vive con
G5	radio_confianza	desenlace	ls08	(sin-instrumento-derivable)	CUIDA AL MENOR	texto	CANDIDATO		inventario-reactivos-ext-v1_0	cuida a
G5	radio_confianza	desenlace	tp27m_1b	(sin-instrumento-derivable)	MADRE VIVE CON CONYUGE	texto	CANDIDATO		inventario-reactivos-ext-v1_0	vive con
G5	radio_confianza	desenlace	tp27m_1c	(sin-instrumento-derivable)	MADRE VIVE CON HIJA	texto	CANDIDATO		inventario-reactivos-ext-v1_0	vive con
G5	radio_confianza	desenlace	tp27m_1d	(sin-instrumento-derivable)	MADRE VIVE CON HIJO	texto	CANDIDATO		inventario-reactivos-ext-v1_0	vive con
G5	radio_confianza	desenlace	tp27m_1e	(sin-instrumento-derivable)	MADRE VIVE CON CUNADO/A	texto	CANDIDATO		inventario-reactivos-ext-v1_0	vive con
G5	radio_confianza	desenlace	tp27m_1f	(sin-instrumento-derivable)	MADRE VIVE CON HERMANA	texto	CANDIDATO		inventario-reactivos-ext-v1_0	vive con
G5	radio_confianza	desenlace	tp27m_1g	(sin-instrumento-derivable)	MADRE VIVE CON HERMANO	texto	CANDIDATO		inventario-reactivos-ext-v1_0	vive con
G5	radio_confianza	desenlace	tp27m_1h	(sin-instrumento-derivable)	MADRE VIVE CON NIETO/A	texto	CANDIDATO		inventario-reactivos-ext-v1_0	vive con
G5	radio_confianza	desenlace	tp27m_1i	(sin-instrumento-derivable)	MADRE VIVE CON SU MADRE/MADRE	texto	CANDIDATO		inventario-reactivos-ext-v1_0	vive con
G5	radio_confianza	desenlace	tp27m_1j	(sin-instrumento-derivable)	MADRE VIVE CON OTRO	texto	CANDIDATO		inventario-reactivos-ext-v1_0	vive con
G5	radio_confianza	desenlace	tp27p_1b	(sin-instrumento-derivable)	PADRE VIVE CON CONYUGE	texto	CANDIDATO		inventario-reactivos-ext-v1_0	vive con
G5	radio_confianza	desenlace	tp27p_1c	(sin-instrumento-derivable)	PADRE VIVE CON HIJA	texto	CANDIDATO		inventario-reactivos-ext-v1_0	vive con
G5	radio_confianza	desenlace	tp27p_1d	(sin-instrumento-derivable)	PADRE VIVE CON HIJO	texto	CANDIDATO		inventario-reactivos-ext-v1_0	vive con
G5	radio_confianza	desenlace	tp27p_1e	(sin-instrumento-derivable)	PADRE VIVE CON CUNADO/A	texto	CANDIDATO		inventario-reactivos-ext-v1_0	vive con
G5	radio_confianza	desenlace	tp27p_1f	(sin-instrumento-derivable)	PADRE VIVE CON HERMANA	texto	CANDIDATO		inventario-reactivos-ext-v1_0	vive con
G5	radio_confianza	desenlace	tp27p_1g	(sin-instrumento-derivable)	PADRE VIVE CON HERMANO	texto	CANDIDATO		inventario-reactivos-ext-v1_0	vive con
G5	radio_confianza	desenlace	tp27p_1h	(sin-instrumento-derivable)	PADRE VIVE CON NIETO/A	texto	CANDIDATO		inventario-reactivos-ext-v1_0	vive con
G5	radio_confianza	desenlace	tp27p_1i	(sin-instrumento-derivable)	PADRE VIVE CON SU PADRE/MADRE	texto	CANDIDATO		inventario-reactivos-ext-v1_0	vive con
G5	radio_confianza	desenlace	tp27p_1j	(sin-instrumento-derivable)	PADRE VIVE CON OTRO	texto	CANDIDATO		inventario-reactivos-ext-v1_0	vive con
G5	radio_confianza	desenlace	U_POB_ELAB_CUL	censo2020	Población usuaria de 12 a 130 años que elabora o cultiva productos o cuida animales	texto	DESCARTADO-con-razón	homónimo: cuidado de animales/cultivo agrícola, no cuidado de personas -- re-clavado de '(raiz)' a 'censo2020' (ACTO MAESTRA32-E6, Censo2020_CAAS_descriptor_bd.xlsx ya resuelto por la regla v1_1 aplicada por primera vez a la capa FD)	inventario-fd-v1_1	cuida a
G5	radio_confianza	desenlace	CUIDA_ADULTO_18	enasem2018	Uso del tiempo: Cuida a un adulto enfermo o discapacitado 2018	texto	CANDIDATO		inventario-fd-v1_1	cuida a
G5	radio_confianza	desenlace	CUIDA_MENOR_18	enasem2018	Uso del tiempo: Cuida a niños menores de 12 años 2018	texto	CANDIDATO		inventario-fd-v1_1	cuida a
G5	radio_confianza	desenlace	CUIDA_ADULTO_18	enasem2021	Uso del tiempo: Cuida a un adulto enfermo o discapacitado 2021	texto	CANDIDATO		inventario-fd-v1_1	cuida a
G5	radio_confianza	desenlace	CUIDA_MENOR_18	enasem2021	Uso del tiempo: Cuida a niños menores de 12 años 2021	texto	CANDIDATO		inventario-fd-v1_1	cuida a
G5	radio_confianza	desenlace	CUIDA_ADULTO_24	enasem2024	Uso del tiempo: Cuida a un adulto enfermo o discapacitado 2024	texto	CANDIDATO		inventario-fd-v1_1	cuida a
G5	radio_confianza	desenlace	CUIDA_MENOR_24	enasem2024	Uso del tiempo: Cuida a niños menores de 12 años 2024	texto	CANDIDATO		inventario-fd-v1_1	cuida a
G5	radio_confianza	desenlace	P4_14_1	enasic2022	4.14.1 ¿Este tiempo o cuidados para (NOMBRE) lo complementarían con el apoyo de una enfermera(o) o persona cuidadora?	texto	CANDIDATO		inventario-fd-v1_1	cuidador
G5	radio_confianza	desenlace	P4_18	enasic2022	4.18 (Aunque en la semana pasada nadie del hogar la(o) cuidó), ¿quién es la cuidadora o cuidador principal de (NOMBRE) en el hogar?	texto	CANDIDATO		inventario-fd-v1_1	cuidador
G5	radio_confianza	desenlace	P4_18A	enasic2022	4.18a El (la) cuidador(a) principal ¿qué es de (NOMBRE)	texto	CANDIDATO		inventario-fd-v1_1	cuidador
G5	radio_confianza	desenlace	P4_29	enasic2022	4.29 (Aunque en la semana pasada nadie del hogar la(o) cuidó), ¿quién es la cuidadora o cuidador principal de (NOMBRE) en el hogar?	texto	CANDIDATO		inventario-fd-v1_1	cuidador
G5	radio_confianza	desenlace	P4_29A	enasic2022	4.29a El (la) cuidador(a) principal ¿qué es de (NOMBRE)?	texto	CANDIDATO		inventario-fd-v1_1	cuidador
G5	radio_confianza	desenlace	P4_3	enasic2022	4.3 (Aunque en la semana pasada nadie del hogar la(o) cuidó), ¿quién es la cuidadora o cuidador principal de (NOMBRE) en el hogar?	texto	CANDIDATO		inventario-fd-v1_1	cuidador
G5	radio_confianza	desenlace	P4_3A	enasic2022	4.3a El (la) cuidador(a) principal ¿qué es de (NOMBRE)?	texto	CANDIDATO		inventario-fd-v1_1	cuidador
G5	radio_confianza	desenlace	P4_44	enasic2022	4.44 (Aunque en la semana pasada nadie del hogar la(o) cuidó), ¿quién es la cuidadora o cuidador principal de (NOMBRE) en el hogar?	texto	CANDIDATO		inventario-fd-v1_1	cuidador
G5	radio_confianza	desenlace	P4_44A	enasic2022	4.44a El (la) cuidador(a) principal ¿qué es de (NOMBRE)?	texto	CANDIDATO		inventario-fd-v1_1	cuidador
G5	radio_confianza	desenlace	P4_55_2	enasic2022	4.55.2 ¿Este tiempo o cuidados que le faltan a (NOMBRE) si pudiera los cubriría con el apoyo o atención de personal de enfermería o persona cuidadora?	texto	CANDIDATO		inventario-fd-v1_1	cuidador
G5	radio_confianza	desenlace	P4_60	enasic2022	4.60 (Aunque en la semana pasada nadie del hogar la(o) cuidó), ¿quién es la cuidadora o cuidador principal de (NOMBRE) en el hogar?	texto	CANDIDATO		inventario-fd-v1_1	cuidador
G5	radio_confianza	desenlace	P4_60A	enasic2022	4.60a El (la) cuidador(a) principal ¿qué es de (NOMBRE)?	texto	CANDIDATO		inventario-fd-v1_1	cuidador
G5	radio_confianza	desenlace	P4_69NA	enasic2022	4.69.NA IDENTIFICACIÓN DE POBLACIÓN OBJETIVO DE 15 AÑOS Y MÁS - NO APLICA (NO ES PERSONA ELEGIDA, NI CUIDADORA Y NO PERTENECE A UN HOGAR UNIPERSONAL)	texto	CANDIDATO		inventario-fd-v1_1	cuidador
G5	radio_confianza	desenlace	P2_4_4	enasic2022	2.4.4 ¿En este hogar contratan personas cuidadoras de niñas, niños, de personas adultas mayores o con alguna discapacidad o enfermedad?	texto	CANDIDATO		inventario-fd-v1_1	cuidador
G5	radio_confianza	desenlace	FILTRO5_6	enasic2022	FILTRO 5.6: ¿CUIDA A OTROS HOGARES? (4.69 = 6 EN EL RENGLÓN DE LA PERSONA ENTREVISTADA)	texto	CANDIDATO		inventario-fd-v1_1	cuida a
G5	radio_confianza	desenlace	P6_47	enasic2022	6.47 Si a usted le pagaran, ¿le gustaría ser cuidador(a) profesional de personas?	texto	CANDIDATO		inventario-fd-v1_1	cuidador
G5	radio_confianza	desenlace	P6_48	enasic2022	6.48 ¿Usted estaría dispuesta(o) a capacitarse para ser cuidador(a) de personas?	texto	CANDIDATO		inventario-fd-v1_1	cuidador
G5	radio_confianza	desenlace	P7_9_01	enasic2022	7.9.01 (ENTREGUE TARJETA 4) En la siguiente pregunta, por favor use las respuestas que vienen en la tarjeta. En su opinión, ¿cuáles son las tres características principales que deben tener las reside…	texto	CANDIDATO		inventario-fd-v1_1	cuidador
G5	radio_confianza	desenlace	FILTRO5_6	enasic2022	FILTRO 5.6: ¿CUIDA A OTROS HOGARES? (4.69 = 6 EN EL RENGLÓN DE LA PERSONA ENTREVISTADA)	texto	CANDIDATO		inventario-fd-v1_1	cuida a
G5	radio_confianza	desenlace	P6_47	enasic2022	6.47 Si a usted le pagaran, ¿le gustaría ser cuidador(a) profesional de personas?	texto	CANDIDATO		inventario-fd-v1_1	cuidador
G5	radio_confianza	desenlace	P6_48	enasic2022	6.48 ¿Usted estaría dispuesta(o) a capacitarse para ser cuidador(a) de personas?	texto	CANDIDATO		inventario-fd-v1_1	cuidador
G5	radio_confianza	desenlace	P7_9_01	enasic2022	7.9.01 (ENTREGUE TARJETA 4) En la siguiente pregunta, por favor use las respuestas que vienen en la tarjeta. En su opinión, ¿cuáles son las tres características principales que deben tener las reside…	texto	CANDIDATO		inventario-fd-v1_1	cuidador
G5	radio_confianza	desenlace	EDAD	enasic2022	Edad de la persona cuidadora	texto	CANDIDATO		inventario-fd-v1_1	cuidador
G5	radio_confianza	desenlace	FILTRO5_6	enasic2022	FILTRO 5.6: ¿CUIDA A OTROS HOGARES? (4.69 = 6 EN EL RENGLÓN DE LA PERSONA ENTREVISTADA)	texto	CANDIDATO		inventario-fd-v1_1	cuida a
G5	radio_confianza	desenlace	FILTRO6_10	enasic2022	FILTRO 6.10: ¿LA (EL) INFORMANTE ES CUIDADOR(A) DE PERSONAS DE SU HOGAR Y/O DE OTROS HOGARES? (6.1 = 1 Y/O 6.13 = 1 Y/O 6.15 = 1 Y/O 6.17 = 1 Y/O 6.19 = 1 Y/O 6.21 = 1 Y/O (6.32 = ALGÚN CÓDIGO 1 EN O…	texto	CANDIDATO		inventario-fd-v1_1	cuidador
G5	radio_confianza	desenlace	LLAVEMOD	enasic2022	Llave de identificación de la persona cuidadora	texto	CANDIDATO		inventario-fd-v1_1	cuidador
G5	radio_confianza	desenlace	P6_47	enasic2022	6.47 Si a usted le pagaran, ¿le gustaría ser cuidador(a) profesional de personas?	texto	CANDIDATO		inventario-fd-v1_1	cuidador
G5	radio_confianza	desenlace	P6_48	enasic2022	6.48 ¿Usted estaría dispuesta(o) a capacitarse para ser cuidador(a) de personas?	texto	CANDIDATO		inventario-fd-v1_1	cuidador
G5	radio_confianza	desenlace	P7_9_01	enasic2022	7.9.01 (ENTREGUE TARJETA 4) En la siguiente pregunta, por favor use las respuestas que vienen en la tarjeta. En su opinión, ¿cuáles son las tres características principales que deben tener las reside…	texto	CANDIDATO		inventario-fd-v1_1	cuidador
G5	radio_confianza	desenlace	SEXO	enasic2022	Sexo de la persona cuidadora	texto	CANDIDATO		inventario-fd-v1_1	cuidador
G5	radio_confianza	desenlace	P2_6_3	enut2019	2.6 ¿En este hogar contratan enfermeras(os) o cuidadoras(es) de niñas, niños o de personas mayores o con alguna discapacidad o enfermedad?	texto	DESCARTADO-con-razón	"mide contratación de cuidador(a) remunerado(a) externo (sustituye a la familia), polo opuesto de ""carga de cuidado"" recayendo en la familia -- re-clavado de '(raiz)' a 'enut2019' (ACTO MAESTRA32-E6, enut2019_fd.xlsx ya resuelto por la regla v1_1 aplicada por primera vez a la capa FD)"	inventario-fd-v1_1	cuidador
G5	familismo_obligacion	desenlace	NCUIDADORA	elcos2012		id	CANDIDATO		inventario-reactivos-v1_2	cuidador
G5	familismo_obligacion	desenlace	P28B. Dígame si está usted de acuerdo o en desacuerdo con las siguientes frases Si uno no se cuida a sí mismo la gente se aprovechará	encup2012		id	DESCARTADO-con-razón	"homónimo: ítem de autocuidado/confianza generalizada (""si uno no se cuida a sí mismo la gente se aprovechará""), no carga de cuidado familiar"	inventario-reactivos-v1_2	cuida a
G5	familismo_obligacion	desenlace	cuid_perso	eder2017	Niñero o cuidador de ancianos	texto	CANDIDATO		inventario-reactivos-ext-v1_0	cuidador
G5	familismo_obligacion	desenlace	padre_cor	eder2017	Corresidencia con el padre	texto	CANDIDATO		inventario-reactivos-ext-v1_0	corresidencia
G5	familismo_obligacion	desenlace	madre_cor	eder2017	Corresidencia con la madre	texto	CANDIDATO		inventario-reactivos-ext-v1_0	corresidencia
G5	familismo_obligacion	desenlace	hnos_cor	eder2017	Corresidencia con los hermanos	texto	CANDIDATO		inventario-reactivos-ext-v1_0	corresidencia
G5	familismo_obligacion	desenlace	parien_cor	eder2017	Corresidencia algún familiar	texto	CANDIDATO		inventario-reactivos-ext-v1_0	corresidencia
G5	familismo_obligacion	desenlace	cor_union1	eder2017	Corresidencia primera unión	texto	CANDIDATO		inventario-reactivos-ext-v1_0	corresidencia
G5	familismo_obligacion	desenlace	cor_union2	eder2017	Corresidencia segunda unión	texto	CANDIDATO		inventario-reactivos-ext-v1_0	corresidencia
G5	familismo_obligacion	desenlace	cor_union3	eder2017	Corresidencia tercera unión	texto	CANDIDATO		inventario-reactivos-ext-v1_0	corresidencia
G5	familismo_obligacion	desenlace	cor_union4	eder2017	Corresidencia cuarta unión	texto	CANDIDATO		inventario-reactivos-ext-v1_0	corresidencia
G5	familismo_obligacion	desenlace	cor_union5	eder2017	Corresidencia quinta unión	texto	CANDIDATO		inventario-reactivos-ext-v1_0	corresidencia
G5	familismo_obligacion	desenlace	cor_union6	eder2017	Corresidencia sexta unión	texto	CANDIDATO		inventario-reactivos-ext-v1_0	corresidencia
G5	familismo_obligacion	desenlace	suegro_cor	eder2017	Corresidencia con el suegro	texto	CANDIDATO		inventario-reactivos-ext-v1_0	corresidencia
G5	familismo_obligacion	desenlace	suegra_cor	eder2017	Corresidencia con el suegra	texto	CANDIDATO		inventario-reactivos-ext-v1_0	corresidencia
G5	familismo_obligacion	desenlace	familia_c	eder2017	Corresidencia familia política	texto	CANDIDATO		inventario-reactivos-ext-v1_0	corresidencia
G5	familismo_obligacion	desenlace	hij_cor_1	eder2017	Corresidencia con primer hijo	texto	CANDIDATO		inventario-reactivos-ext-v1_0	corresidencia
G5	familismo_obligacion	desenlace	hij_cor_2	eder2017	Corresidencia con segundo hijo	texto	CANDIDATO		inventario-reactivos-ext-v1_0	corresidencia
G5	familismo_obligacion	desenlace	hij_cor_3	eder2017	Corresidencia con tercer hijo	texto	CANDIDATO		inventario-reactivos-ext-v1_0	corresidencia
G5	familismo_obligacion	desenlace	hij_cor_4	eder2017	Corresidencia con cuarto hijo	texto	CANDIDATO		inventario-reactivos-ext-v1_0	corresidencia
G5	familismo_obligacion	desenlace	hij_cor_5	eder2017	Corresidencia con quinto hijo	texto	CANDIDATO		inventario-reactivos-ext-v1_0	corresidencia
G5	familismo_obligacion	desenlace	hij_cor_6	eder2017	Corresidencia con sexto hijo	texto	CANDIDATO		inventario-reactivos-ext-v1_0	corresidencia
G5	familismo_obligacion	desenlace	hij_cor_7	eder2017	Corresidencia con séptimo hijo	texto	CANDIDATO		inventario-reactivos-ext-v1_0	corresidencia
G5	familismo_obligacion	desenlace	hij_cor_8	eder2017	Corresidencia con octavo hijo	texto	CANDIDATO		inventario-reactivos-ext-v1_0	corresidencia
G5	familismo_obligacion	desenlace	hij_cor_9	eder2017	Corresidencia con noveno hijo	texto	CANDIDATO		inventario-reactivos-ext-v1_0	corresidencia
G5	familismo_obligacion	desenlace	hij_cor_10	eder2017	Corresidencia con décimo hijo	texto	CANDIDATO		inventario-reactivos-ext-v1_0	corresidencia
G5	familismo_obligacion	desenlace	hij_cor_11	eder2017	Corresidencia con onceavo hijo	texto	CANDIDATO		inventario-reactivos-ext-v1_0	corresidencia
G5	familismo_obligacion	desenlace	hij_cor_12	eder2017	Corresidencia con doceavo hijo	texto	CANDIDATO		inventario-reactivos-ext-v1_0	corresidencia
G5	familismo_obligacion	desenlace	hij_cor_13	eder2017	Corresidencia con treceavo hijo	texto	CANDIDATO		inventario-reactivos-ext-v1_0	corresidencia
G5	familismo_obligacion	desenlace	hij_cor_14	eder2017	Corresidencia con catorceavo hijo	texto	CANDIDATO		inventario-reactivos-ext-v1_0	corresidencia
G5	familismo_obligacion	desenlace	hij_cor_15	eder2017	Corresidencia con quinceavo hijo	texto	CANDIDATO		inventario-reactivos-ext-v1_0	corresidencia
G5	familismo_obligacion	desenlace	cuid_perso	eder2017	Niñero o cuidador de ancianos	texto	CANDIDATO		inventario-reactivos-ext-v1_0	cuidador
G5	familismo_obligacion	desenlace	padre_cor	eder2017	Corresidencia con el padre	texto	CANDIDATO		inventario-reactivos-ext-v1_0	corresidencia
G5	familismo_obligacion	desenlace	madre_cor	eder2017	Corresidencia con la madre	texto	CANDIDATO		inventario-reactivos-ext-v1_0	corresidencia
G5	familismo_obligacion	desenlace	hnos_cor	eder2017	Corresidencia con los hermanos	texto	CANDIDATO		inventario-reactivos-ext-v1_0	corresidencia
G5	familismo_obligacion	desenlace	parien_cor	eder2017	Corresidencia algún familiar	texto	CANDIDATO		inventario-reactivos-ext-v1_0	corresidencia
G5	familismo_obligacion	desenlace	cor_union1	eder2017	Corresidencia primera unión	texto	CANDIDATO		inventario-reactivos-ext-v1_0	corresidencia
G5	familismo_obligacion	desenlace	cor_union2	eder2017	Corresidencia segunda unión	texto	CANDIDATO		inventario-reactivos-ext-v1_0	corresidencia
G5	familismo_obligacion	desenlace	cor_union3	eder2017	Corresidencia tercera unión	texto	CANDIDATO		inventario-reactivos-ext-v1_0	corresidencia
G5	familismo_obligacion	desenlace	cor_union4	eder2017	Corresidencia cuarta unión	texto	CANDIDATO		inventario-reactivos-ext-v1_0	corresidencia
G5	familismo_obligacion	desenlace	cor_union5	eder2017	Corresidencia quinta unión	texto	CANDIDATO		inventario-reactivos-ext-v1_0	corresidencia
G5	familismo_obligacion	desenlace	cor_union6	eder2017	Corresidencia sexta unión	texto	CANDIDATO		inventario-reactivos-ext-v1_0	corresidencia
G5	familismo_obligacion	desenlace	suegro_cor	eder2017	Corresidencia con el suegro	texto	CANDIDATO		inventario-reactivos-ext-v1_0	corresidencia
G5	familismo_obligacion	desenlace	suegra_cor	eder2017	Corresidencia con el suegra	texto	CANDIDATO		inventario-reactivos-ext-v1_0	corresidencia
G5	familismo_obligacion	desenlace	familia_c	eder2017	Corresidencia familia política	texto	CANDIDATO		inventario-reactivos-ext-v1_0	corresidencia
G5	familismo_obligacion	desenlace	hij_cor_1	eder2017	Corresidencia con primer hijo	texto	CANDIDATO		inventario-reactivos-ext-v1_0	corresidencia
G5	familismo_obligacion	desenlace	hij_cor_2	eder2017	Corresidencia con segundo hijo	texto	CANDIDATO		inventario-reactivos-ext-v1_0	corresidencia
G5	familismo_obligacion	desenlace	hij_cor_3	eder2017	Corresidencia con tercer hijo	texto	CANDIDATO		inventario-reactivos-ext-v1_0	corresidencia
G5	familismo_obligacion	desenlace	hij_cor_4	eder2017	Corresidencia con cuarto hijo	texto	CANDIDATO		inventario-reactivos-ext-v1_0	corresidencia
G5	familismo_obligacion	desenlace	hij_cor_5	eder2017	Corresidencia con quinto hijo	texto	CANDIDATO		inventario-reactivos-ext-v1_0	corresidencia
G5	familismo_obligacion	desenlace	hij_cor_6	eder2017	Corresidencia con sexto hijo	texto	CANDIDATO		inventario-reactivos-ext-v1_0	corresidencia
G5	familismo_obligacion	desenlace	hij_cor_7	eder2017	Corresidencia con séptimo hijo	texto	CANDIDATO		inventario-reactivos-ext-v1_0	corresidencia
G5	familismo_obligacion	desenlace	hij_cor_8	eder2017	Corresidencia con octavo hijo	texto	CANDIDATO		inventario-reactivos-ext-v1_0	corresidencia
G5	familismo_obligacion	desenlace	hij_cor_9	eder2017	Corresidencia con noveno hijo	texto	CANDIDATO		inventario-reactivos-ext-v1_0	corresidencia
G5	familismo_obligacion	desenlace	hij_cor_10	eder2017	Corresidencia con décimo hijo	texto	CANDIDATO		inventario-reactivos-ext-v1_0	corresidencia
G5	familismo_obligacion	desenlace	hij_cor_11	eder2017	Corresidencia con onceavo hijo	texto	CANDIDATO		inventario-reactivos-ext-v1_0	corresidencia
G5	familismo_obligacion	desenlace	hij_cor_12	eder2017	Corresidencia con doceavo hijo	texto	CANDIDATO		inventario-reactivos-ext-v1_0	corresidencia
G5	familismo_obligacion	desenlace	hij_cor_13	eder2017	Corresidencia con treceavo hijo	texto	CANDIDATO		inventario-reactivos-ext-v1_0	corresidencia
G5	familismo_obligacion	desenlace	hij_cor_14	eder2017	Corresidencia con catorceavo hijo	texto	CANDIDATO		inventario-reactivos-ext-v1_0	corresidencia
G5	familismo_obligacion	desenlace	hij_cor_15	eder2017	Corresidencia con quinceavo hijo	texto	CANDIDATO		inventario-reactivos-ext-v1_0	corresidencia
G5	familismo_obligacion	desenlace	p3_2	endireh2016	3.2. ¿Su actual esposo o pareja vive con usted?	texto	CANDIDATO		inventario-reactivos-ext-v1_0	vive con
G5	familismo_obligacion	desenlace	p4ab_2	endireh2016	4AB.2. ¿Desde hace cuánto tiempo su esposo o pareja NO vive con usted?	texto	CANDIDATO		inventario-reactivos-ext-v1_0	vive con
G5	familismo_obligacion	desenlace	p18_4	endireh2016	18.4. ¿Usted cuida a sus nietos(as) o sobrinos(as)…	texto	CANDIDATO		inventario-reactivos-ext-v1_0	cuida a
G5	familismo_obligacion	desenlace	p3_2	endireh2016	3.2. ¿Su actual esposo o pareja vive con usted?	texto	CANDIDATO		inventario-reactivos-ext-v1_0	vive con
G5	familismo_obligacion	desenlace	tp27m_1b	(sin-instrumento-derivable)	MADRE VIVE CON CONYUGE	texto	CANDIDATO		inventario-reactivos-ext-v1_0	vive con
G5	familismo_obligacion	desenlace	tp27m_1c	(sin-instrumento-derivable)	MADRE VIVE CON HIJA	texto	CANDIDATO		inventario-reactivos-ext-v1_0	vive con
G5	familismo_obligacion	desenlace	tp27m_1d	(sin-instrumento-derivable)	MADRE VIVE CON HIJO	texto	CANDIDATO		inventario-reactivos-ext-v1_0	vive con
G5	familismo_obligacion	desenlace	tp27m_1e	(sin-instrumento-derivable)	MADRE VIVE CON CUNADO	texto	CANDIDATO		inventario-reactivos-ext-v1_0	vive con
G5	familismo_obligacion	desenlace	tp27m_1f	(sin-instrumento-derivable)	MADRE VIVE CON HERMANA	texto	CANDIDATO		inventario-reactivos-ext-v1_0	vive con
G5	familismo_obligacion	desenlace	tp27m_1g	(sin-instrumento-derivable)	MADRE VIVE CON HERMANO	texto	CANDIDATO		inventario-reactivos-ext-v1_0	vive con
G5	familismo_obligacion	desenlace	tp27m_1h	(sin-instrumento-derivable)	MADRE VIVE CON NIETO	texto	CANDIDATO		inventario-reactivos-ext-v1_0	vive con
G5	familismo_obligacion	desenlace	tp27m_1i	(sin-instrumento-derivable)	MADRE VIVE CON PADRES	texto	CANDIDATO		inventario-reactivos-ext-v1_0	vive con
G5	familismo_obligacion	desenlace	tp27m_1j	(sin-instrumento-derivable)	MADRE VIVE CON OTROS	texto	CANDIDATO		inventario-reactivos-ext-v1_0	vive con
G5	familismo_obligacion	desenlace	tp27p_1b	(sin-instrumento-derivable)	PADRE VIVE CON CONYUGE	texto	CANDIDATO		inventario-reactivos-ext-v1_0	vive con
G5	familismo_obligacion	desenlace	tp27p_1c	(sin-instrumento-derivable)	PADRE VIVE CON HIJA	texto	CANDIDATO		inventario-reactivos-ext-v1_0	vive con
G5	familismo_obligacion	desenlace	tp27p_1d	(sin-instrumento-derivable)	PADRE VIVE CON HIJO	texto	CANDIDATO		inventario-reactivos-ext-v1_0	vive con
G5	familismo_obligacion	desenlace	tp27p_1e	(sin-instrumento-derivable)	PADRE VIVE CON CUNADO	texto	CANDIDATO		inventario-reactivos-ext-v1_0	vive con
G5	familismo_obligacion	desenlace	tp27p_1f	(sin-instrumento-derivable)	PADRE VIVE CON HERMANA	texto	CANDIDATO		inventario-reactivos-ext-v1_0	vive con
G5	familismo_obligacion	desenlace	tp27p_1g	(sin-instrumento-derivable)	PADRE VIVE CON HERMANO	texto	CANDIDATO		inventario-reactivos-ext-v1_0	vive con
G5	familismo_obligacion	desenlace	tp27p_1h	(sin-instrumento-derivable)	PADRE VIVE CON NIETO	texto	CANDIDATO		inventario-reactivos-ext-v1_0	vive con
G5	familismo_obligacion	desenlace	tp27p_1i	(sin-instrumento-derivable)	PADRE VIVE CON PADRES	texto	CANDIDATO		inventario-reactivos-ext-v1_0	vive con
G5	familismo_obligacion	desenlace	tp27p_1j	(sin-instrumento-derivable)	PADRE VIVE CON OTROS	texto	CANDIDATO		inventario-reactivos-ext-v1_0	vive con
G5	familismo_obligacion	desenlace	res02	(sin-instrumento-derivable)	HIJOS VIVOS VIVE CON USTED?	texto	CANDIDATO		inventario-reactivos-ext-v1_0	vive con
G5	familismo_obligacion	desenlace	ls08	(sin-instrumento-derivable)	CUIDA AL MENOR	texto	CANDIDATO		inventario-reactivos-ext-v1_0	cuida a
G5	familismo_obligacion	desenlace	tp27m_1b	(sin-instrumento-derivable)	MADRE VIVE CON CONYUGE	texto	CANDIDATO		inventario-reactivos-ext-v1_0	vive con
G5	familismo_obligacion	desenlace	tp27m_1c	(sin-instrumento-derivable)	MADRE VIVE CON HIJA	texto	CANDIDATO		inventario-reactivos-ext-v1_0	vive con
G5	familismo_obligacion	desenlace	tp27m_1d	(sin-instrumento-derivable)	MADRE VIVE CON HIJO	texto	CANDIDATO		inventario-reactivos-ext-v1_0	vive con
G5	familismo_obligacion	desenlace	tp27m_1e	(sin-instrumento-derivable)	MADRE VIVE CON CUNADO/A	texto	CANDIDATO		inventario-reactivos-ext-v1_0	vive con
G5	familismo_obligacion	desenlace	tp27m_1f	(sin-instrumento-derivable)	MADRE VIVE CON HERMANA	texto	CANDIDATO		inventario-reactivos-ext-v1_0	vive con
G5	familismo_obligacion	desenlace	tp27m_1g	(sin-instrumento-derivable)	MADRE VIVE CON HERMANO	texto	CANDIDATO		inventario-reactivos-ext-v1_0	vive con
G5	familismo_obligacion	desenlace	tp27m_1h	(sin-instrumento-derivable)	MADRE VIVE CON NIETO/A	texto	CANDIDATO		inventario-reactivos-ext-v1_0	vive con
G5	familismo_obligacion	desenlace	tp27m_1i	(sin-instrumento-derivable)	MADRE VIVE CON SU MADRE/MADRE	texto	CANDIDATO		inventario-reactivos-ext-v1_0	vive con
G5	familismo_obligacion	desenlace	tp27m_1j	(sin-instrumento-derivable)	MADRE VIVE CON OTRO	texto	CANDIDATO		inventario-reactivos-ext-v1_0	vive con
G5	familismo_obligacion	desenlace	tp27p_1b	(sin-instrumento-derivable)	PADRE VIVE CON CONYUGE	texto	CANDIDATO		inventario-reactivos-ext-v1_0	vive con
G5	familismo_obligacion	desenlace	tp27p_1c	(sin-instrumento-derivable)	PADRE VIVE CON HIJA	texto	CANDIDATO		inventario-reactivos-ext-v1_0	vive con
G5	familismo_obligacion	desenlace	tp27p_1d	(sin-instrumento-derivable)	PADRE VIVE CON HIJO	texto	CANDIDATO		inventario-reactivos-ext-v1_0	vive con
G5	familismo_obligacion	desenlace	tp27p_1e	(sin-instrumento-derivable)	PADRE VIVE CON CUNADO/A	texto	CANDIDATO		inventario-reactivos-ext-v1_0	vive con
G5	familismo_obligacion	desenlace	tp27p_1f	(sin-instrumento-derivable)	PADRE VIVE CON HERMANA	texto	CANDIDATO		inventario-reactivos-ext-v1_0	vive con
G5	familismo_obligacion	desenlace	tp27p_1g	(sin-instrumento-derivable)	PADRE VIVE CON HERMANO	texto	CANDIDATO		inventario-reactivos-ext-v1_0	vive con
G5	familismo_obligacion	desenlace	tp27p_1h	(sin-instrumento-derivable)	PADRE VIVE CON NIETO/A	texto	CANDIDATO		inventario-reactivos-ext-v1_0	vive con
G5	familismo_obligacion	desenlace	tp27p_1i	(sin-instrumento-derivable)	PADRE VIVE CON SU PADRE/MADRE	texto	CANDIDATO		inventario-reactivos-ext-v1_0	vive con
G5	familismo_obligacion	desenlace	tp27p_1j	(sin-instrumento-derivable)	PADRE VIVE CON OTRO	texto	CANDIDATO		inventario-reactivos-ext-v1_0	vive con
G5	familismo_obligacion	desenlace	tp27m_1b	(sin-instrumento-derivable)	MADRE VIVE CON CONYUGE	texto	CANDIDATO		inventario-reactivos-ext-v1_0	vive con
G5	familismo_obligacion	desenlace	tp27m_1c	(sin-instrumento-derivable)	MADRE VIVE CON HIJA	texto	CANDIDATO		inventario-reactivos-ext-v1_0	vive con
G5	familismo_obligacion	desenlace	tp27m_1d	(sin-instrumento-derivable)	MADRE VIVE CON HIJO	texto	CANDIDATO		inventario-reactivos-ext-v1_0	vive con
G5	familismo_obligacion	desenlace	tp27m_1e	(sin-instrumento-derivable)	MADRE VIVE CON CUNADO(A)	texto	CANDIDATO		inventario-reactivos-ext-v1_0	vive con
G5	familismo_obligacion	desenlace	tp27m_1f	(sin-instrumento-derivable)	MADRE VIVE CON HERMANA	texto	CANDIDATO		inventario-reactivos-ext-v1_0	vive con
G5	familismo_obligacion	desenlace	tp27m_1g	(sin-instrumento-derivable)	MADRE VIVE CON HERMANO	texto	CANDIDATO		inventario-reactivos-ext-v1_0	vive con
G5	familismo_obligacion	desenlace	tp27m_1h	(sin-instrumento-derivable)	MADRE VIVE CON NIETO	texto	CANDIDATO		inventario-reactivos-ext-v1_0	vive con
G5	familismo_obligacion	desenlace	tp27m_1i	(sin-instrumento-derivable)	MADRE VIVE CON PADRES	texto	CANDIDATO		inventario-reactivos-ext-v1_0	vive con
G5	familismo_obligacion	desenlace	tp27m_1j	(sin-instrumento-derivable)	MADRE VIVE CON OTROS	texto	CANDIDATO		inventario-reactivos-ext-v1_0	vive con
G5	familismo_obligacion	desenlace	tp27p_1b	(sin-instrumento-derivable)	PADRE VIVE CON CONYUGE	texto	CANDIDATO		inventario-reactivos-ext-v1_0	vive con
G5	familismo_obligacion	desenlace	tp27p_1c	(sin-instrumento-derivable)	PADRE VIVE CON HIJA	texto	CANDIDATO		inventario-reactivos-ext-v1_0	vive con
G5	familismo_obligacion	desenlace	tp27p_1d	(sin-instrumento-derivable)	PADRE VIVE CON HIJO	texto	CANDIDATO		inventario-reactivos-ext-v1_0	vive con
G5	familismo_obligacion	desenlace	tp27p_1e	(sin-instrumento-derivable)	PADRE VIVE CON CUNADO(A)	texto	CANDIDATO		inventario-reactivos-ext-v1_0	vive con
G5	familismo_obligacion	desenlace	tp27p_1f	(sin-instrumento-derivable)	PADRE VIVE CON HERMANA	texto	CANDIDATO		inventario-reactivos-ext-v1_0	vive con
G5	familismo_obligacion	desenlace	tp27p_1g	(sin-instrumento-derivable)	PADRE VIVE CON HERMANO	texto	CANDIDATO		inventario-reactivos-ext-v1_0	vive con
G5	familismo_obligacion	desenlace	tp27p_1h	(sin-instrumento-derivable)	PADRE VIVE CON NIETO	texto	CANDIDATO		inventario-reactivos-ext-v1_0	vive con
G5	familismo_obligacion	desenlace	tp27p_1i	(sin-instrumento-derivable)	PADRE VIVE CON PADRES	texto	CANDIDATO		inventario-reactivos-ext-v1_0	vive con
G5	familismo_obligacion	desenlace	tp27p_1j	(sin-instrumento-derivable)	PADRE VIVE CON OTROS	texto	CANDIDATO		inventario-reactivos-ext-v1_0	vive con
G5	familismo_obligacion	desenlace	res02	(sin-instrumento-derivable)	HIJOS VIVOS VIVE CON USTED?	texto	CANDIDATO		inventario-reactivos-ext-v1_0	vive con
G5	familismo_obligacion	desenlace	ls08	(sin-instrumento-derivable)	CUIDA AL MENOR	texto	CANDIDATO		inventario-reactivos-ext-v1_0	cuida a
G5	familismo_obligacion	desenlace	tp27m_1b	(sin-instrumento-derivable)	MADRE VIVE CON CONYUGE	texto	CANDIDATO		inventario-reactivos-ext-v1_0	vive con
G5	familismo_obligacion	desenlace	tp27m_1c	(sin-instrumento-derivable)	MADRE VIVE CON HIJA	texto	CANDIDATO		inventario-reactivos-ext-v1_0	vive con
G5	familismo_obligacion	desenlace	tp27m_1d	(sin-instrumento-derivable)	MADRE VIVE CON HIJO	texto	CANDIDATO		inventario-reactivos-ext-v1_0	vive con
G5	familismo_obligacion	desenlace	tp27m_1e	(sin-instrumento-derivable)	MADRE VIVE CON CUNADO/A	texto	CANDIDATO		inventario-reactivos-ext-v1_0	vive con
G5	familismo_obligacion	desenlace	tp27m_1f	(sin-instrumento-derivable)	MADRE VIVE CON HERMANA	texto	CANDIDATO		inventario-reactivos-ext-v1_0	vive con
G5	familismo_obligacion	desenlace	tp27m_1g	(sin-instrumento-derivable)	MADRE VIVE CON HERMANO	texto	CANDIDATO		inventario-reactivos-ext-v1_0	vive con
G5	familismo_obligacion	desenlace	tp27m_1h	(sin-instrumento-derivable)	MADRE VIVE CON NIETO/A	texto	CANDIDATO		inventario-reactivos-ext-v1_0	vive con
G5	familismo_obligacion	desenlace	tp27m_1i	(sin-instrumento-derivable)	MADRE VIVE CON SU MADRE/MADRE	texto	CANDIDATO		inventario-reactivos-ext-v1_0	vive con
G5	familismo_obligacion	desenlace	tp27m_1j	(sin-instrumento-derivable)	MADRE VIVE CON OTRO	texto	CANDIDATO		inventario-reactivos-ext-v1_0	vive con
G5	familismo_obligacion	desenlace	tp27p_1b	(sin-instrumento-derivable)	PADRE VIVE CON CONYUGE	texto	CANDIDATO		inventario-reactivos-ext-v1_0	vive con
G5	familismo_obligacion	desenlace	tp27p_1c	(sin-instrumento-derivable)	PADRE VIVE CON HIJA	texto	CANDIDATO		inventario-reactivos-ext-v1_0	vive con
G5	familismo_obligacion	desenlace	tp27p_1d	(sin-instrumento-derivable)	PADRE VIVE CON HIJO	texto	CANDIDATO		inventario-reactivos-ext-v1_0	vive con
G5	familismo_obligacion	desenlace	tp27p_1e	(sin-instrumento-derivable)	PADRE VIVE CON CUNADO/A	texto	CANDIDATO		inventario-reactivos-ext-v1_0	vive con
G5	familismo_obligacion	desenlace	tp27p_1f	(sin-instrumento-derivable)	PADRE VIVE CON HERMANA	texto	CANDIDATO		inventario-reactivos-ext-v1_0	vive con
G5	familismo_obligacion	desenlace	tp27p_1g	(sin-instrumento-derivable)	PADRE VIVE CON HERMANO	texto	CANDIDATO		inventario-reactivos-ext-v1_0	vive con
G5	familismo_obligacion	desenlace	tp27p_1h	(sin-instrumento-derivable)	PADRE VIVE CON NIETO/A	texto	CANDIDATO		inventario-reactivos-ext-v1_0	vive con
G5	familismo_obligacion	desenlace	tp27p_1i	(sin-instrumento-derivable)	PADRE VIVE CON SU PADRE/MADRE	texto	CANDIDATO		inventario-reactivos-ext-v1_0	vive con
G5	familismo_obligacion	desenlace	tp27p_1j	(sin-instrumento-derivable)	PADRE VIVE CON OTRO	texto	CANDIDATO		inventario-reactivos-ext-v1_0	vive con
G5	familismo_obligacion	desenlace	U_POB_ELAB_CUL	censo2020	Población usuaria de 12 a 130 años que elabora o cultiva productos o cuida animales	texto	DESCARTADO-con-razón	homónimo: cuidado de animales/cultivo agrícola, no cuidado de personas -- re-clavado de '(raiz)' a 'censo2020' (ACTO MAESTRA32-E6, Censo2020_CAAS_descriptor_bd.xlsx ya resuelto por la regla v1_1 aplicada por primera vez a la capa FD)	inventario-fd-v1_1	cuida a
G5	familismo_obligacion	desenlace	CUIDA_ADULTO_18	enasem2018	Uso del tiempo: Cuida a un adulto enfermo o discapacitado 2018	texto	CANDIDATO		inventario-fd-v1_1	cuida a
G5	familismo_obligacion	desenlace	CUIDA_MENOR_18	enasem2018	Uso del tiempo: Cuida a niños menores de 12 años 2018	texto	CANDIDATO		inventario-fd-v1_1	cuida a
G5	familismo_obligacion	desenlace	CUIDA_ADULTO_18	enasem2021	Uso del tiempo: Cuida a un adulto enfermo o discapacitado 2021	texto	CANDIDATO		inventario-fd-v1_1	cuida a
G5	familismo_obligacion	desenlace	CUIDA_MENOR_18	enasem2021	Uso del tiempo: Cuida a niños menores de 12 años 2021	texto	CANDIDATO		inventario-fd-v1_1	cuida a
G5	familismo_obligacion	desenlace	CUIDA_ADULTO_24	enasem2024	Uso del tiempo: Cuida a un adulto enfermo o discapacitado 2024	texto	CANDIDATO		inventario-fd-v1_1	cuida a
G5	familismo_obligacion	desenlace	CUIDA_MENOR_24	enasem2024	Uso del tiempo: Cuida a niños menores de 12 años 2024	texto	CANDIDATO		inventario-fd-v1_1	cuida a
G5	familismo_obligacion	desenlace	P4_14_1	enasic2022	4.14.1 ¿Este tiempo o cuidados para (NOMBRE) lo complementarían con el apoyo de una enfermera(o) o persona cuidadora?	texto	CANDIDATO		inventario-fd-v1_1	cuidador
G5	familismo_obligacion	desenlace	P4_18	enasic2022	4.18 (Aunque en la semana pasada nadie del hogar la(o) cuidó), ¿quién es la cuidadora o cuidador principal de (NOMBRE) en el hogar?	texto	CANDIDATO		inventario-fd-v1_1	cuidador
G5	familismo_obligacion	desenlace	P4_18A	enasic2022	4.18a El (la) cuidador(a) principal ¿qué es de (NOMBRE)	texto	CANDIDATO		inventario-fd-v1_1	cuidador
G5	familismo_obligacion	desenlace	P4_29	enasic2022	4.29 (Aunque en la semana pasada nadie del hogar la(o) cuidó), ¿quién es la cuidadora o cuidador principal de (NOMBRE) en el hogar?	texto	CANDIDATO		inventario-fd-v1_1	cuidador
G5	familismo_obligacion	desenlace	P4_29A	enasic2022	4.29a El (la) cuidador(a) principal ¿qué es de (NOMBRE)?	texto	CANDIDATO		inventario-fd-v1_1	cuidador
G5	familismo_obligacion	desenlace	P4_3	enasic2022	4.3 (Aunque en la semana pasada nadie del hogar la(o) cuidó), ¿quién es la cuidadora o cuidador principal de (NOMBRE) en el hogar?	texto	CANDIDATO		inventario-fd-v1_1	cuidador
G5	familismo_obligacion	desenlace	P4_3A	enasic2022	4.3a El (la) cuidador(a) principal ¿qué es de (NOMBRE)?	texto	CANDIDATO		inventario-fd-v1_1	cuidador
G5	familismo_obligacion	desenlace	P4_44	enasic2022	4.44 (Aunque en la semana pasada nadie del hogar la(o) cuidó), ¿quién es la cuidadora o cuidador principal de (NOMBRE) en el hogar?	texto	CANDIDATO		inventario-fd-v1_1	cuidador
G5	familismo_obligacion	desenlace	P4_44A	enasic2022	4.44a El (la) cuidador(a) principal ¿qué es de (NOMBRE)?	texto	CANDIDATO		inventario-fd-v1_1	cuidador
G5	familismo_obligacion	desenlace	P4_55_2	enasic2022	4.55.2 ¿Este tiempo o cuidados que le faltan a (NOMBRE) si pudiera los cubriría con el apoyo o atención de personal de enfermería o persona cuidadora?	texto	CANDIDATO		inventario-fd-v1_1	cuidador
G5	familismo_obligacion	desenlace	P4_60	enasic2022	4.60 (Aunque en la semana pasada nadie del hogar la(o) cuidó), ¿quién es la cuidadora o cuidador principal de (NOMBRE) en el hogar?	texto	CANDIDATO		inventario-fd-v1_1	cuidador
G5	familismo_obligacion	desenlace	P4_60A	enasic2022	4.60a El (la) cuidador(a) principal ¿qué es de (NOMBRE)?	texto	CANDIDATO		inventario-fd-v1_1	cuidador
G5	familismo_obligacion	desenlace	P4_69NA	enasic2022	4.69.NA IDENTIFICACIÓN DE POBLACIÓN OBJETIVO DE 15 AÑOS Y MÁS - NO APLICA (NO ES PERSONA ELEGIDA, NI CUIDADORA Y NO PERTENECE A UN HOGAR UNIPERSONAL)	texto	CANDIDATO		inventario-fd-v1_1	cuidador
G5	familismo_obligacion	desenlace	P2_4_4	enasic2022	2.4.4 ¿En este hogar contratan personas cuidadoras de niñas, niños, de personas adultas mayores o con alguna discapacidad o enfermedad?	texto	CANDIDATO		inventario-fd-v1_1	cuidador
G5	familismo_obligacion	desenlace	FILTRO5_6	enasic2022	FILTRO 5.6: ¿CUIDA A OTROS HOGARES? (4.69 = 6 EN EL RENGLÓN DE LA PERSONA ENTREVISTADA)	texto	CANDIDATO		inventario-fd-v1_1	cuida a
G5	familismo_obligacion	desenlace	P6_47	enasic2022	6.47 Si a usted le pagaran, ¿le gustaría ser cuidador(a) profesional de personas?	texto	CANDIDATO		inventario-fd-v1_1	cuidador
G5	familismo_obligacion	desenlace	P6_48	enasic2022	6.48 ¿Usted estaría dispuesta(o) a capacitarse para ser cuidador(a) de personas?	texto	CANDIDATO		inventario-fd-v1_1	cuidador
G5	familismo_obligacion	desenlace	P7_9_01	enasic2022	7.9.01 (ENTREGUE TARJETA 4) En la siguiente pregunta, por favor use las respuestas que vienen en la tarjeta. En su opinión, ¿cuáles son las tres características principales que deben tener las reside…	texto	CANDIDATO		inventario-fd-v1_1	cuidador
G5	familismo_obligacion	desenlace	FILTRO5_6	enasic2022	FILTRO 5.6: ¿CUIDA A OTROS HOGARES? (4.69 = 6 EN EL RENGLÓN DE LA PERSONA ENTREVISTADA)	texto	CANDIDATO		inventario-fd-v1_1	cuida a
G5	familismo_obligacion	desenlace	P6_47	enasic2022	6.47 Si a usted le pagaran, ¿le gustaría ser cuidador(a) profesional de personas?	texto	CANDIDATO		inventario-fd-v1_1	cuidador
G5	familismo_obligacion	desenlace	P6_48	enasic2022	6.48 ¿Usted estaría dispuesta(o) a capacitarse para ser cuidador(a) de personas?	texto	CANDIDATO		inventario-fd-v1_1	cuidador
G5	familismo_obligacion	desenlace	P7_9_01	enasic2022	7.9.01 (ENTREGUE TARJETA 4) En la siguiente pregunta, por favor use las respuestas que vienen en la tarjeta. En su opinión, ¿cuáles son las tres características principales que deben tener las reside…	texto	CANDIDATO		inventario-fd-v1_1	cuidador
G5	familismo_obligacion	desenlace	EDAD	enasic2022	Edad de la persona cuidadora	texto	CANDIDATO		inventario-fd-v1_1	cuidador
G5	familismo_obligacion	desenlace	FILTRO5_6	enasic2022	FILTRO 5.6: ¿CUIDA A OTROS HOGARES? (4.69 = 6 EN EL RENGLÓN DE LA PERSONA ENTREVISTADA)	texto	CANDIDATO		inventario-fd-v1_1	cuida a
G5	familismo_obligacion	desenlace	FILTRO6_10	enasic2022	FILTRO 6.10: ¿LA (EL) INFORMANTE ES CUIDADOR(A) DE PERSONAS DE SU HOGAR Y/O DE OTROS HOGARES? (6.1 = 1 Y/O 6.13 = 1 Y/O 6.15 = 1 Y/O 6.17 = 1 Y/O 6.19 = 1 Y/O 6.21 = 1 Y/O (6.32 = ALGÚN CÓDIGO 1 EN O…	texto	CANDIDATO		inventario-fd-v1_1	cuidador
G5	familismo_obligacion	desenlace	LLAVEMOD	enasic2022	Llave de identificación de la persona cuidadora	texto	CANDIDATO		inventario-fd-v1_1	cuidador
G5	familismo_obligacion	desenlace	P6_47	enasic2022	6.47 Si a usted le pagaran, ¿le gustaría ser cuidador(a) profesional de personas?	texto	CANDIDATO		inventario-fd-v1_1	cuidador
G5	familismo_obligacion	desenlace	P6_48	enasic2022	6.48 ¿Usted estaría dispuesta(o) a capacitarse para ser cuidador(a) de personas?	texto	CANDIDATO		inventario-fd-v1_1	cuidador
G5	familismo_obligacion	desenlace	P7_9_01	enasic2022	7.9.01 (ENTREGUE TARJETA 4) En la siguiente pregunta, por favor use las respuestas que vienen en la tarjeta. En su opinión, ¿cuáles son las tres características principales que deben tener las reside…	texto	CANDIDATO		inventario-fd-v1_1	cuidador
G5	familismo_obligacion	desenlace	SEXO	enasic2022	Sexo de la persona cuidadora	texto	CANDIDATO		inventario-fd-v1_1	cuidador
G5	familismo_obligacion	desenlace	P2_6_3	enut2019	2.6 ¿En este hogar contratan enfermeras(os) o cuidadoras(es) de niñas, niños o de personas mayores o con alguna discapacidad o enfermedad?	texto	DESCARTADO-con-razón	"mide contratación de cuidador(a) remunerado(a) externo (sustituye a la familia), polo opuesto de ""carga de cuidado"" recayendo en la familia -- re-clavado de '(raiz)' a 'enut2019' (ACTO MAESTRA32-E6, enut2019_fd.xlsx ya resuelto por la regla v1_1 aplicada por primera vez a la capa FD)"	inventario-fd-v1_1	cuidador
G2	sens_estatus	theta	ESTATUS	ADQ15_ENAFIN_2024_RNM_INEGI		id	DESCARTADO-con-razón	homónimo administrativo: campo de estatus de registro/trámite, no sensibilidad al estatus social	inventario-reactivos-v1_2	estatus
G2	sens_estatus	theta	ESTATUS	ADQ15_ENAFIN_2024_RNM_INEGI		id	DESCARTADO-con-razón	homónimo administrativo: campo de estatus de registro/trámite, no sensibilidad al estatus social	inventario-reactivos-v1_2	estatus
G2	sens_estatus	theta	ESTATUS	ADQ15_ENAFIN_2024_RNM_INEGI		id	DESCARTADO-con-razón	homónimo administrativo: campo de estatus de registro/trámite, no sensibilidad al estatus social	inventario-reactivos-v1_2	estatus
G2	sens_estatus	theta	ESTATUS	ADQ15_ENAFIN_2024_RNM_INEGI		id	DESCARTADO-con-razón	homónimo administrativo: campo de estatus de registro/trámite, no sensibilidad al estatus social	inventario-reactivos-v1_2	estatus
G2	sens_estatus	theta	ESTATUS	ADQ15_ENAFIN_2024_RNM_INEGI		id	DESCARTADO-con-razón	homónimo administrativo: campo de estatus de registro/trámite, no sensibilidad al estatus social	inventario-reactivos-v1_2	estatus
G2	sens_estatus	theta	Estatus del cambio	enoe2018		id	DESCARTADO-con-razón	homónimo administrativo: campo de estatus de registro de cambio (ENOE/ENIGH), no sensibilidad al estatus social	inventario-reactivos-v1_2	estatus
G2	sens_estatus	theta	Estatus del cambio	enoe2018		id	DESCARTADO-con-razón	homónimo administrativo: campo de estatus de registro de cambio (ENOE/ENIGH), no sensibilidad al estatus social	inventario-reactivos-v1_2	estatus
G2	sens_estatus	theta	Estatus del cambio	enoe2018		id	DESCARTADO-con-razón	homónimo administrativo: campo de estatus de registro de cambio (ENOE/ENIGH), no sensibilidad al estatus social	inventario-reactivos-v1_2	estatus
G2	sens_estatus	theta	Estatus del cambio	enoe2018		id	DESCARTADO-con-razón	homónimo administrativo: campo de estatus de registro de cambio (ENOE/ENIGH), no sensibilidad al estatus social	inventario-reactivos-v1_2	estatus
G2	sens_estatus	theta	Estatus del cambio	enoe2018		id	DESCARTADO-con-razón	homónimo administrativo: campo de estatus de registro de cambio (ENOE/ENIGH), no sensibilidad al estatus social	inventario-reactivos-v1_2	estatus
G2	sens_estatus	theta	Estatus del cambio	enoe2019		id	DESCARTADO-con-razón	homónimo administrativo: campo de estatus de registro de cambio (ENOE/ENIGH), no sensibilidad al estatus social	inventario-reactivos-v1_2	estatus
G2	sens_estatus	theta	Estatus del cambio	enoe2019		id	DESCARTADO-con-razón	homónimo administrativo: campo de estatus de registro de cambio (ENOE/ENIGH), no sensibilidad al estatus social	inventario-reactivos-v1_2	estatus
G2	sens_estatus	theta	Estatus del cambio	enoe2019		id	DESCARTADO-con-razón	homónimo administrativo: campo de estatus de registro de cambio (ENOE/ENIGH), no sensibilidad al estatus social	inventario-reactivos-v1_2	estatus
G2	sens_estatus	theta	Estatus del cambio	enoe2019		id	DESCARTADO-con-razón	homónimo administrativo: campo de estatus de registro de cambio (ENOE/ENIGH), no sensibilidad al estatus social	inventario-reactivos-v1_2	estatus
G2	sens_estatus	theta	Estatus del cambio	enoe2019		id	DESCARTADO-con-razón	homónimo administrativo: campo de estatus de registro de cambio (ENOE/ENIGH), no sensibilidad al estatus social	inventario-reactivos-v1_2	estatus
G2	sens_estatus	theta	Estatus del cambio	enoe2019		id	DESCARTADO-con-razón	homónimo administrativo: campo de estatus de registro de cambio (ENOE/ENIGH), no sensibilidad al estatus social	inventario-reactivos-v1_2	estatus
G2	sens_estatus	theta	Estatus del cambio	enoe2019		id	DESCARTADO-con-razón	homónimo administrativo: campo de estatus de registro de cambio (ENOE/ENIGH), no sensibilidad al estatus social	inventario-reactivos-v1_2	estatus
G2	sens_estatus	theta	Estatus del cambio	enoe2019		id	DESCARTADO-con-razón	homónimo administrativo: campo de estatus de registro de cambio (ENOE/ENIGH), no sensibilidad al estatus social	inventario-reactivos-v1_2	estatus
G2	sens_estatus	theta	Estatus del cambio	enoe2019		id	DESCARTADO-con-razón	homónimo administrativo: campo de estatus de registro de cambio (ENOE/ENIGH), no sensibilidad al estatus social	inventario-reactivos-v1_2	estatus
G2	sens_estatus	theta	Estatus del cambio	enoe2019		id	DESCARTADO-con-razón	homónimo administrativo: campo de estatus de registro de cambio (ENOE/ENIGH), no sensibilidad al estatus social	inventario-reactivos-v1_2	estatus
G2	sens_estatus	theta	Estatus del cambio	enoe2019		id	DESCARTADO-con-razón	homónimo administrativo: campo de estatus de registro de cambio (ENOE/ENIGH), no sensibilidad al estatus social	inventario-reactivos-v1_2	estatus
G2	sens_estatus	theta	Estatus del cambio	enoe2019		id	DESCARTADO-con-razón	homónimo administrativo: campo de estatus de registro de cambio (ENOE/ENIGH), no sensibilidad al estatus social	inventario-reactivos-v1_2	estatus
G2	sens_estatus	theta	Estatus del cambio	enoe2019		id	DESCARTADO-con-razón	homónimo administrativo: campo de estatus de registro de cambio (ENOE/ENIGH), no sensibilidad al estatus social	inventario-reactivos-v1_2	estatus
G2	sens_estatus	theta	Estatus del cambio	enoe2019		id	DESCARTADO-con-razón	homónimo administrativo: campo de estatus de registro de cambio (ENOE/ENIGH), no sensibilidad al estatus social	inventario-reactivos-v1_2	estatus
G2	sens_estatus	theta	Estatus del cambio	enoe2019		id	DESCARTADO-con-razón	homónimo administrativo: campo de estatus de registro de cambio (ENOE/ENIGH), no sensibilidad al estatus social	inventario-reactivos-v1_2	estatus
G2	sens_estatus	theta	Estatus del cambio	enoe2019		id	DESCARTADO-con-razón	homónimo administrativo: campo de estatus de registro de cambio (ENOE/ENIGH), no sensibilidad al estatus social	inventario-reactivos-v1_2	estatus
G2	sens_estatus	theta	Estatus del cambio	enoe2019		id	DESCARTADO-con-razón	homónimo administrativo: campo de estatus de registro de cambio (ENOE/ENIGH), no sensibilidad al estatus social	inventario-reactivos-v1_2	estatus
G2	sens_estatus	theta	Estatus del cambio	enoe2019		id	DESCARTADO-con-razón	homónimo administrativo: campo de estatus de registro de cambio (ENOE/ENIGH), no sensibilidad al estatus social	inventario-reactivos-v1_2	estatus
G2	sens_estatus	theta	Estatus del cambio	enoe2019		id	DESCARTADO-con-razón	homónimo administrativo: campo de estatus de registro de cambio (ENOE/ENIGH), no sensibilidad al estatus social	inventario-reactivos-v1_2	estatus
G2	sens_estatus	theta	Estatus del cambio	enoe2019		id	DESCARTADO-con-razón	homónimo administrativo: campo de estatus de registro de cambio (ENOE/ENIGH), no sensibilidad al estatus social	inventario-reactivos-v1_2	estatus
G2	sens_estatus	theta	Estatus del cambio	enoe2020		id	DESCARTADO-con-razón	homónimo administrativo: campo de estatus de registro de cambio (ENOE/ENIGH), no sensibilidad al estatus social	inventario-reactivos-v1_2	estatus
G2	sens_estatus	theta	Estatus del cambio	enoe2020		id	DESCARTADO-con-razón	homónimo administrativo: campo de estatus de registro de cambio (ENOE/ENIGH), no sensibilidad al estatus social	inventario-reactivos-v1_2	estatus
G2	sens_estatus	theta	Estatus del cambio	enoe2020		id	DESCARTADO-con-razón	homónimo administrativo: campo de estatus de registro de cambio (ENOE/ENIGH), no sensibilidad al estatus social	inventario-reactivos-v1_2	estatus
G2	sens_estatus	theta	Estatus del cambio	enoe2020		id	DESCARTADO-con-razón	homónimo administrativo: campo de estatus de registro de cambio (ENOE/ENIGH), no sensibilidad al estatus social	inventario-reactivos-v1_2	estatus
G2	sens_estatus	theta	Estatus del cambio	enoe2020		id	DESCARTADO-con-razón	homónimo administrativo: campo de estatus de registro de cambio (ENOE/ENIGH), no sensibilidad al estatus social	inventario-reactivos-v1_2	estatus
G2	sens_estatus	theta	Estatus del cambio	enoe2024		id	DESCARTADO-con-razón	homónimo administrativo: campo de estatus de registro de cambio (ENOE/ENIGH), no sensibilidad al estatus social	inventario-reactivos-v1_2	estatus
G2	sens_estatus	theta	Estatus del cambio	enoe2024		id	DESCARTADO-con-razón	homónimo administrativo: campo de estatus de registro de cambio (ENOE/ENIGH), no sensibilidad al estatus social	inventario-reactivos-v1_2	estatus
G2	sens_estatus	theta	Estatus del cambio	enoe2024		id	DESCARTADO-con-razón	homónimo administrativo: campo de estatus de registro de cambio (ENOE/ENIGH), no sensibilidad al estatus social	inventario-reactivos-v1_2	estatus
G2	sens_estatus	theta	Estatus del cambio	enoe2024		id	DESCARTADO-con-razón	homónimo administrativo: campo de estatus de registro de cambio (ENOE/ENIGH), no sensibilidad al estatus social	inventario-reactivos-v1_2	estatus
G2	sens_estatus	theta	Estatus del cambio	enoen2020		id	DESCARTADO-con-razón	homónimo administrativo: campo de estatus de registro de cambio (ENOE/ENIGH), no sensibilidad al estatus social	inventario-reactivos-v1_2	estatus
G2	sens_estatus	theta	Estatus del cambio	enoen2020		id	DESCARTADO-con-razón	homónimo administrativo: campo de estatus de registro de cambio (ENOE/ENIGH), no sensibilidad al estatus social	inventario-reactivos-v1_2	estatus
G2	sens_estatus	theta	Estatus del cambio	enoen2020		id	DESCARTADO-con-razón	homónimo administrativo: campo de estatus de registro de cambio (ENOE/ENIGH), no sensibilidad al estatus social	inventario-reactivos-v1_2	estatus
G2	sens_estatus	theta	Estatus del cambio	enoen2020		id	DESCARTADO-con-razón	homónimo administrativo: campo de estatus de registro de cambio (ENOE/ENIGH), no sensibilidad al estatus social	inventario-reactivos-v1_2	estatus
G2	sens_estatus	theta	Estatus del cambio	enoen2020		id	DESCARTADO-con-razón	homónimo administrativo: campo de estatus de registro de cambio (ENOE/ENIGH), no sensibilidad al estatus social	inventario-reactivos-v1_2	estatus
G2	sens_estatus	theta	Estatus del cambio	enoen2020		id	DESCARTADO-con-razón	homónimo administrativo: campo de estatus de registro de cambio (ENOE/ENIGH), no sensibilidad al estatus social	inventario-reactivos-v1_2	estatus
G2	sens_estatus	theta	Estatus del cambio	enoen2020		id	DESCARTADO-con-razón	homónimo administrativo: campo de estatus de registro de cambio (ENOE/ENIGH), no sensibilidad al estatus social	inventario-reactivos-v1_2	estatus
G2	sens_estatus	theta	Estatus del cambio	enoen2020		id	DESCARTADO-con-razón	homónimo administrativo: campo de estatus de registro de cambio (ENOE/ENIGH), no sensibilidad al estatus social	inventario-reactivos-v1_2	estatus
G2	sens_estatus	theta	Estatus del cambio	enoen2020		id	DESCARTADO-con-razón	homónimo administrativo: campo de estatus de registro de cambio (ENOE/ENIGH), no sensibilidad al estatus social	inventario-reactivos-v1_2	estatus
G2	sens_estatus	theta	Estatus del cambio	enoen2020		id	DESCARTADO-con-razón	homónimo administrativo: campo de estatus de registro de cambio (ENOE/ENIGH), no sensibilidad al estatus social	inventario-reactivos-v1_2	estatus
G2	sens_estatus	theta	Estatus del cambio	enoen2021		id	DESCARTADO-con-razón	homónimo administrativo: campo de estatus de registro de cambio (ENOE/ENIGH), no sensibilidad al estatus social	inventario-reactivos-v1_2	estatus
G2	sens_estatus	theta	Estatus del cambio	enoen2021		id	DESCARTADO-con-razón	homónimo administrativo: campo de estatus de registro de cambio (ENOE/ENIGH), no sensibilidad al estatus social	inventario-reactivos-v1_2	estatus
G2	sens_estatus	theta	Estatus del cambio	enoen2021		id	DESCARTADO-con-razón	homónimo administrativo: campo de estatus de registro de cambio (ENOE/ENIGH), no sensibilidad al estatus social	inventario-reactivos-v1_2	estatus
G2	sens_estatus	theta	Estatus del cambio	enoen2021		id	DESCARTADO-con-razón	homónimo administrativo: campo de estatus de registro de cambio (ENOE/ENIGH), no sensibilidad al estatus social	inventario-reactivos-v1_2	estatus
G2	sens_estatus	theta	Estatus del cambio	enoen2021		id	DESCARTADO-con-razón	homónimo administrativo: campo de estatus de registro de cambio (ENOE/ENIGH), no sensibilidad al estatus social	inventario-reactivos-v1_2	estatus
G2	sens_estatus	theta	Estatus del cambio	enoen2021		id	DESCARTADO-con-razón	homónimo administrativo: campo de estatus de registro de cambio (ENOE/ENIGH), no sensibilidad al estatus social	inventario-reactivos-v1_2	estatus
G2	sens_estatus	theta	Estatus del cambio	enoen2021		id	DESCARTADO-con-razón	homónimo administrativo: campo de estatus de registro de cambio (ENOE/ENIGH), no sensibilidad al estatus social	inventario-reactivos-v1_2	estatus
G2	sens_estatus	theta	Estatus del cambio	enoen2021		id	DESCARTADO-con-razón	homónimo administrativo: campo de estatus de registro de cambio (ENOE/ENIGH), no sensibilidad al estatus social	inventario-reactivos-v1_2	estatus
G2	sens_estatus	theta	Estatus del cambio	enoen2021		id	DESCARTADO-con-razón	homónimo administrativo: campo de estatus de registro de cambio (ENOE/ENIGH), no sensibilidad al estatus social	inventario-reactivos-v1_2	estatus
G2	sens_estatus	theta	Estatus del cambio	enoen2021		id	DESCARTADO-con-razón	homónimo administrativo: campo de estatus de registro de cambio (ENOE/ENIGH), no sensibilidad al estatus social	inventario-reactivos-v1_2	estatus
G2	sens_estatus	theta	Estatus del cambio	enoen2021		id	DESCARTADO-con-razón	homónimo administrativo: campo de estatus de registro de cambio (ENOE/ENIGH), no sensibilidad al estatus social	inventario-reactivos-v1_2	estatus
G2	sens_estatus	theta	Estatus del cambio	enoen2021		id	DESCARTADO-con-razón	homónimo administrativo: campo de estatus de registro de cambio (ENOE/ENIGH), no sensibilidad al estatus social	inventario-reactivos-v1_2	estatus
G2	sens_estatus	theta	Estatus del cambio	enoen2021		id	DESCARTADO-con-razón	homónimo administrativo: campo de estatus de registro de cambio (ENOE/ENIGH), no sensibilidad al estatus social	inventario-reactivos-v1_2	estatus
G2	sens_estatus	theta	Estatus del cambio	enoen2021		id	DESCARTADO-con-razón	homónimo administrativo: campo de estatus de registro de cambio (ENOE/ENIGH), no sensibilidad al estatus social	inventario-reactivos-v1_2	estatus
G2	sens_estatus	theta	Estatus del cambio	enoen2021		id	DESCARTADO-con-razón	homónimo administrativo: campo de estatus de registro de cambio (ENOE/ENIGH), no sensibilidad al estatus social	inventario-reactivos-v1_2	estatus
G2	sens_estatus	theta	Estatus del cambio	enoen2021		id	DESCARTADO-con-razón	homónimo administrativo: campo de estatus de registro de cambio (ENOE/ENIGH), no sensibilidad al estatus social	inventario-reactivos-v1_2	estatus
G2	sens_estatus	theta	Estatus del cambio	enoen2021		id	DESCARTADO-con-razón	homónimo administrativo: campo de estatus de registro de cambio (ENOE/ENIGH), no sensibilidad al estatus social	inventario-reactivos-v1_2	estatus
G2	sens_estatus	theta	Estatus del cambio	enoen2022		id	DESCARTADO-con-razón	homónimo administrativo: campo de estatus de registro de cambio (ENOE/ENIGH), no sensibilidad al estatus social	inventario-reactivos-v1_2	estatus
G2	sens_estatus	theta	Estatus del cambio	enoen2022		id	DESCARTADO-con-razón	homónimo administrativo: campo de estatus de registro de cambio (ENOE/ENIGH), no sensibilidad al estatus social	inventario-reactivos-v1_2	estatus
G2	sens_estatus	theta	ESTATUS	endutih2024		id	DESCARTADO-con-razón	homónimo administrativo: campo de estatus de registro/trámite, no sensibilidad al estatus social	inventario-reactivos-v1_2	estatus
G2	sens_estatus	theta	ESTATUS	endutih2024		id	DESCARTADO-con-razón	homónimo administrativo: campo de estatus de registro/trámite, no sensibilidad al estatus social	inventario-reactivos-v1_2	estatus
G2	sens_estatus	theta	ESTATUS	endutih2024		id	DESCARTADO-con-razón	homónimo administrativo: campo de estatus de registro/trámite, no sensibilidad al estatus social	inventario-reactivos-v1_2	estatus
G2	sens_estatus	theta	ESTATUS	endutih2024		id	DESCARTADO-con-razón	homónimo administrativo: campo de estatus de registro/trámite, no sensibilidad al estatus social	inventario-reactivos-v1_2	estatus
G2	sens_estatus	theta	ESTATUS	endutih2024		id	DESCARTADO-con-razón	homónimo administrativo: campo de estatus de registro/trámite, no sensibilidad al estatus social	inventario-reactivos-v1_2	estatus
G2	sens_estatus	theta	ESTATUS	endutih2025		id	DESCARTADO-con-razón	homónimo administrativo: campo de estatus de registro/trámite, no sensibilidad al estatus social	inventario-reactivos-v1_2	estatus
G2	sens_estatus	theta	ESTATUS	endutih2025		id	DESCARTADO-con-razón	homónimo administrativo: campo de estatus de registro/trámite, no sensibilidad al estatus social	inventario-reactivos-v1_2	estatus
G2	sens_estatus	theta	ESTATUS	endutih2025		id	DESCARTADO-con-razón	homónimo administrativo: campo de estatus de registro/trámite, no sensibilidad al estatus social	inventario-reactivos-v1_2	estatus
G2	sens_estatus	theta	ESTATUS	endutih2025		id	DESCARTADO-con-razón	homónimo administrativo: campo de estatus de registro/trámite, no sensibilidad al estatus social	inventario-reactivos-v1_2	estatus
G2	sens_estatus	theta	ESTATUS	endutih2025		id	DESCARTADO-con-razón	homónimo administrativo: campo de estatus de registro/trámite, no sensibilidad al estatus social	inventario-reactivos-v1_2	estatus
G2	sens_estatus	theta	Estatus del cambio	enigh2016		id	DESCARTADO-con-razón	homónimo administrativo: campo de estatus de registro de cambio (ENOE/ENIGH), no sensibilidad al estatus social	inventario-reactivos-v1_2	estatus
G2	sens_estatus	theta	Estatus del cambio	enigh2016		id	DESCARTADO-con-razón	homónimo administrativo: campo de estatus de registro de cambio (ENOE/ENIGH), no sensibilidad al estatus social	inventario-reactivos-v1_2	estatus
G2	sens_estatus	theta	Estatus del cambio	enigh2018		id	DESCARTADO-con-razón	homónimo administrativo: campo de estatus de registro de cambio (ENOE/ENIGH), no sensibilidad al estatus social	inventario-reactivos-v1_2	estatus
G2	sens_estatus	theta	Estatus del cambio	enigh2018		id	DESCARTADO-con-razón	homónimo administrativo: campo de estatus de registro de cambio (ENOE/ENIGH), no sensibilidad al estatus social	inventario-reactivos-v1_2	estatus
G2	sens_estatus	theta	code_status	(sin-instrumento-derivable)		id	DESCARTADO-con-razón	homónimo administrativo: código de estatus de procesamiento, no sensibilidad al estatus social	inventario-reactivos-v1_2	status
G2	sens_estatus	theta	estatus_casilla	(sin-instrumento-derivable)		id	DESCARTADO-con-razón	homónimo administrativo: estatus de casilla electoral, no sensibilidad al estatus social	inventario-reactivos-v1_2	estatus
G2	sens_estatus	theta	estatus_casilla	(sin-instrumento-derivable)		id	DESCARTADO-con-razón	homónimo administrativo: estatus de casilla electoral, no sensibilidad al estatus social	inventario-reactivos-v1_2	estatus
G2	sens_estatus	theta	estatus_casilla	(sin-instrumento-derivable)		id	DESCARTADO-con-razón	homónimo administrativo: estatus de casilla electoral, no sensibilidad al estatus social	inventario-reactivos-v1_2	estatus
G2	sens_estatus	theta	estatus_casilla	(sin-instrumento-derivable)		id	DESCARTADO-con-razón	homónimo administrativo: estatus de casilla electoral, no sensibilidad al estatus social	inventario-reactivos-v1_2	estatus
G2	sens_estatus	theta	estatus_casilla	(sin-instrumento-derivable)		id	DESCARTADO-con-razón	homónimo administrativo: estatus de casilla electoral, no sensibilidad al estatus social	inventario-reactivos-v1_2	estatus
G2	sens_estatus	theta	estatus_casilla	(sin-instrumento-derivable)		id	DESCARTADO-con-razón	homónimo administrativo: estatus de casilla electoral, no sensibilidad al estatus social	inventario-reactivos-v1_2	estatus
G2	sens_estatus	theta	estatus_casilla	(sin-instrumento-derivable)		id	DESCARTADO-con-razón	homónimo administrativo: estatus de casilla electoral, no sensibilidad al estatus social	inventario-reactivos-v1_2	estatus
G2	sens_estatus	theta	estatus_casilla	(sin-instrumento-derivable)		id	DESCARTADO-con-razón	homónimo administrativo: estatus de casilla electoral, no sensibilidad al estatus social	inventario-reactivos-v1_2	estatus
G2	sens_estatus	theta	estatus_casilla	(sin-instrumento-derivable)		id	DESCARTADO-con-razón	homónimo administrativo: estatus de casilla electoral, no sensibilidad al estatus social	inventario-reactivos-v1_2	estatus
G2	sens_estatus	theta	ESTATUS_ ACTA	(sin-instrumento-derivable)		id	DESCARTADO-con-razón	homónimo administrativo: estatus de acta/documento, no sensibilidad al estatus social	inventario-reactivos-v1_2	estatus
G2	sens_estatus	theta	ESTATUS_ACTA	(sin-instrumento-derivable)		id	DESCARTADO-con-razón	homónimo administrativo: estatus de acta/documento, no sensibilidad al estatus social	inventario-reactivos-v1_2	estatus
G2	sens_estatus	theta	estatus_casilla	(sin-instrumento-derivable)		id	DESCARTADO-con-razón	homónimo administrativo: estatus de casilla electoral, no sensibilidad al estatus social	inventario-reactivos-v1_2	estatus
G2	sens_estatus	theta	estatus_casilla	(sin-instrumento-derivable)		id	DESCARTADO-con-razón	homónimo administrativo: estatus de casilla electoral, no sensibilidad al estatus social	inventario-reactivos-v1_2	estatus
G2	sens_estatus	theta	estatus_casilla	(sin-instrumento-derivable)		id	DESCARTADO-con-razón	homónimo administrativo: estatus de casilla electoral, no sensibilidad al estatus social	inventario-reactivos-v1_2	estatus
G2	sens_estatus	theta	estatus_casilla	(sin-instrumento-derivable)		id	DESCARTADO-con-razón	homónimo administrativo: estatus de casilla electoral, no sensibilidad al estatus social	inventario-reactivos-v1_2	estatus
G2	sens_estatus	theta	estatus_casilla	(sin-instrumento-derivable)		id	DESCARTADO-con-razón	homónimo administrativo: estatus de casilla electoral, no sensibilidad al estatus social	inventario-reactivos-v1_2	estatus
G2	sens_estatus	theta	estatus_casilla	(sin-instrumento-derivable)		id	DESCARTADO-con-razón	homónimo administrativo: estatus de casilla electoral, no sensibilidad al estatus social	inventario-reactivos-v1_2	estatus
G2	sens_estatus	theta	estatus_casilla	(sin-instrumento-derivable)		id	DESCARTADO-con-razón	homónimo administrativo: estatus de casilla electoral, no sensibilidad al estatus social	inventario-reactivos-v1_2	estatus
G2	sens_estatus	theta	estatus_casilla	(sin-instrumento-derivable)		id	DESCARTADO-con-razón	homónimo administrativo: estatus de casilla electoral, no sensibilidad al estatus social	inventario-reactivos-v1_2	estatus
G2	sens_estatus	theta	estatus_casilla	(sin-instrumento-derivable)		id	DESCARTADO-con-razón	homónimo administrativo: estatus de casilla electoral, no sensibilidad al estatus social	inventario-reactivos-v1_2	estatus
G2	sens_estatus	theta	estatus_casilla	(sin-instrumento-derivable)		id	DESCARTADO-con-razón	homónimo administrativo: estatus de casilla electoral, no sensibilidad al estatus social	inventario-reactivos-v1_2	estatus
G2	sens_estatus	theta	Estatus: APROBADO	(sin-instrumento-derivable)		id	DESCARTADO-con-razón	homónimo administrativo: estatus de aprobación de trámite, no sensibilidad al estatus social	inventario-reactivos-v1_2	estatus
G2	sens_estatus	theta	Estatus: APROBADO	(sin-instrumento-derivable)		id	DESCARTADO-con-razón	homónimo administrativo: estatus de aprobación de trámite, no sensibilidad al estatus social	inventario-reactivos-v1_2	estatus
G2	sens_estatus	theta	Estatus: APROBADO	(sin-instrumento-derivable)		id	DESCARTADO-con-razón	homónimo administrativo: estatus de aprobación de trámite, no sensibilidad al estatus social	inventario-reactivos-v1_2	estatus
G2	sens_estatus	theta	Estatus: APROBADO	(sin-instrumento-derivable)		id	DESCARTADO-con-razón	homónimo administrativo: estatus de aprobación de trámite, no sensibilidad al estatus social	inventario-reactivos-v1_2	estatus
G2	sens_estatus	theta	Estatus: APROBADO	(sin-instrumento-derivable)		id	DESCARTADO-con-razón	homónimo administrativo: estatus de aprobación de trámite, no sensibilidad al estatus social	inventario-reactivos-v1_2	estatus
G2	sens_estatus	theta	Estatus: APROBADO	(sin-instrumento-derivable)		id	DESCARTADO-con-razón	homónimo administrativo: estatus de aprobación de trámite, no sensibilidad al estatus social	inventario-reactivos-v1_2	estatus
G2	sens_estatus	theta	Estatus: APROBADO	(sin-instrumento-derivable)		id	DESCARTADO-con-razón	homónimo administrativo: estatus de aprobación de trámite, no sensibilidad al estatus social	inventario-reactivos-v1_2	estatus
G2	sens_estatus	theta	Estatus: APROBADO	(sin-instrumento-derivable)		id	DESCARTADO-con-razón	homónimo administrativo: estatus de aprobación de trámite, no sensibilidad al estatus social	inventario-reactivos-v1_2	estatus
G2	sens_estatus	theta	Estatus: APROBADO	(sin-instrumento-derivable)		id	DESCARTADO-con-razón	homónimo administrativo: estatus de aprobación de trámite, no sensibilidad al estatus social	inventario-reactivos-v1_2	estatus
G2	sens_estatus	theta	Estatus: APROBADO	(sin-instrumento-derivable)		id	DESCARTADO-con-razón	homónimo administrativo: estatus de aprobación de trámite, no sensibilidad al estatus social	inventario-reactivos-v1_2	estatus
G2	sens_estatus	theta	Estatus: APROBADO	(sin-instrumento-derivable)		id	DESCARTADO-con-razón	homónimo administrativo: estatus de aprobación de trámite, no sensibilidad al estatus social	inventario-reactivos-v1_2	estatus
G2	sens_estatus	theta	Estatus: APROBADO	(sin-instrumento-derivable)		id	DESCARTADO-con-razón	homónimo administrativo: estatus de aprobación de trámite, no sensibilidad al estatus social	inventario-reactivos-v1_2	estatus
G2	sens_estatus	theta	Estatus: APROBADO	(sin-instrumento-derivable)		id	DESCARTADO-con-razón	homónimo administrativo: estatus de aprobación de trámite, no sensibilidad al estatus social	inventario-reactivos-v1_2	estatus
G2	sens_estatus	theta	Estatus: APROBADO	(sin-instrumento-derivable)		id	DESCARTADO-con-razón	homónimo administrativo: estatus de aprobación de trámite, no sensibilidad al estatus social	inventario-reactivos-v1_2	estatus
G2	sens_estatus	theta	Estatus: APROBADO	(sin-instrumento-derivable)		id	DESCARTADO-con-razón	homónimo administrativo: estatus de aprobación de trámite, no sensibilidad al estatus social	inventario-reactivos-v1_2	estatus
G2	sens_estatus	theta	Estatus: APROBADO	(sin-instrumento-derivable)		id	DESCARTADO-con-razón	homónimo administrativo: estatus de aprobación de trámite, no sensibilidad al estatus social	inventario-reactivos-v1_2	estatus
G2	sens_estatus	theta	Estatus: APROBADO	(sin-instrumento-derivable)		id	DESCARTADO-con-razón	homónimo administrativo: estatus de aprobación de trámite, no sensibilidad al estatus social	inventario-reactivos-v1_2	estatus
G2	sens_estatus	theta	Estatus: APROBADO	(sin-instrumento-derivable)		id	DESCARTADO-con-razón	homónimo administrativo: estatus de aprobación de trámite, no sensibilidad al estatus social	inventario-reactivos-v1_2	estatus
G2	sens_estatus	theta	Estatus: APROBADO	(sin-instrumento-derivable)		id	DESCARTADO-con-razón	homónimo administrativo: estatus de aprobación de trámite, no sensibilidad al estatus social	inventario-reactivos-v1_2	estatus
G2	sens_estatus	theta	Estatus: APROBADO	(sin-instrumento-derivable)		id	DESCARTADO-con-razón	homónimo administrativo: estatus de aprobación de trámite, no sensibilidad al estatus social	inventario-reactivos-v1_2	estatus
G2	sens_estatus	theta	Estatus: APROBADO	(sin-instrumento-derivable)		id	DESCARTADO-con-razón	homónimo administrativo: estatus de aprobación de trámite, no sensibilidad al estatus social	inventario-reactivos-v1_2	estatus
G2	sens_estatus	theta	Estatus: APROBADO	(sin-instrumento-derivable)		id	DESCARTADO-con-razón	homónimo administrativo: estatus de aprobación de trámite, no sensibilidad al estatus social	inventario-reactivos-v1_2	estatus
G2	sens_estatus	theta	Estatus: APROBADO	(sin-instrumento-derivable)		id	DESCARTADO-con-razón	homónimo administrativo: estatus de aprobación de trámite, no sensibilidad al estatus social	inventario-reactivos-v1_2	estatus
G2	sens_estatus	theta	Estatus: APROBADO	(sin-instrumento-derivable)		id	DESCARTADO-con-razón	homónimo administrativo: estatus de aprobación de trámite, no sensibilidad al estatus social	inventario-reactivos-v1_2	estatus
G2	sens_estatus	theta	Estatus: APROBADO	(sin-instrumento-derivable)		id	DESCARTADO-con-razón	homónimo administrativo: estatus de aprobación de trámite, no sensibilidad al estatus social	inventario-reactivos-v1_2	estatus
G2	sens_estatus	theta	Estatus: APROBADO	(sin-instrumento-derivable)		id	DESCARTADO-con-razón	homónimo administrativo: estatus de aprobación de trámite, no sensibilidad al estatus social	inventario-reactivos-v1_2	estatus
G2	sens_estatus	theta	Estatus: APROBADO	(sin-instrumento-derivable)		id	DESCARTADO-con-razón	homónimo administrativo: estatus de aprobación de trámite, no sensibilidad al estatus social	inventario-reactivos-v1_2	estatus
G2	sens_estatus	theta	Estatus: APROBADO	(sin-instrumento-derivable)		id	DESCARTADO-con-razón	homónimo administrativo: estatus de aprobación de trámite, no sensibilidad al estatus social	inventario-reactivos-v1_2	estatus
G2	sens_estatus	theta	Estatus: APROBADO	(sin-instrumento-derivable)		id	DESCARTADO-con-razón	homónimo administrativo: estatus de aprobación de trámite, no sensibilidad al estatus social	inventario-reactivos-v1_2	estatus
G2	sens_estatus	theta	Estatus: APROBADO	(sin-instrumento-derivable)		id	DESCARTADO-con-razón	homónimo administrativo: estatus de aprobación de trámite, no sensibilidad al estatus social	inventario-reactivos-v1_2	estatus
G2	sens_estatus	theta	Estatus: APROBADO	(sin-instrumento-derivable)		id	DESCARTADO-con-razón	homónimo administrativo: estatus de aprobación de trámite, no sensibilidad al estatus social	inventario-reactivos-v1_2	estatus
G2	sens_estatus	theta	Estatus: APROBADO	(sin-instrumento-derivable)		id	DESCARTADO-con-razón	homónimo administrativo: estatus de aprobación de trámite, no sensibilidad al estatus social	inventario-reactivos-v1_2	estatus
G2	sens_estatus	theta	Estatus: APROBADO	(sin-instrumento-derivable)		id	DESCARTADO-con-razón	homónimo administrativo: estatus de aprobación de trámite, no sensibilidad al estatus social	inventario-reactivos-v1_2	estatus
G2	sens_estatus	theta	Estatus: APROBADO	(sin-instrumento-derivable)		id	DESCARTADO-con-razón	homónimo administrativo: estatus de aprobación de trámite, no sensibilidad al estatus social	inventario-reactivos-v1_2	estatus
G2	sens_estatus	theta	Estatus: APROBADO	(sin-instrumento-derivable)		id	DESCARTADO-con-razón	homónimo administrativo: estatus de aprobación de trámite, no sensibilidad al estatus social	inventario-reactivos-v1_2	estatus
G2	sens_estatus	theta	Estatus: APROBADO	(sin-instrumento-derivable)		id	DESCARTADO-con-razón	homónimo administrativo: estatus de aprobación de trámite, no sensibilidad al estatus social	inventario-reactivos-v1_2	estatus
G2	sens_estatus	theta	Estatus: APROBADO	(sin-instrumento-derivable)		id	DESCARTADO-con-razón	homónimo administrativo: estatus de aprobación de trámite, no sensibilidad al estatus social	inventario-reactivos-v1_2	estatus
G2	sens_estatus	theta	Estatus: APROBADO	(sin-instrumento-derivable)		id	DESCARTADO-con-razón	homónimo administrativo: estatus de aprobación de trámite, no sensibilidad al estatus social	inventario-reactivos-v1_2	estatus
G2	sens_estatus	theta	Estatus: APROBADO	(sin-instrumento-derivable)		id	DESCARTADO-con-razón	homónimo administrativo: estatus de aprobación de trámite, no sensibilidad al estatus social	inventario-reactivos-v1_2	estatus
G2	sens_estatus	theta	Estatus: APROBADO	(sin-instrumento-derivable)		id	DESCARTADO-con-razón	homónimo administrativo: estatus de aprobación de trámite, no sensibilidad al estatus social	inventario-reactivos-v1_2	estatus
G2	sens_estatus	theta	Estatus: APROBADO	(sin-instrumento-derivable)		id	DESCARTADO-con-razón	homónimo administrativo: estatus de aprobación de trámite, no sensibilidad al estatus social	inventario-reactivos-v1_2	estatus
G2	sens_estatus	theta	Estatus: APROBADO	(sin-instrumento-derivable)		id	DESCARTADO-con-razón	homónimo administrativo: estatus de aprobación de trámite, no sensibilidad al estatus social	inventario-reactivos-v1_2	estatus
G2	sens_estatus	theta	Estatus: APROBADO	(sin-instrumento-derivable)		id	DESCARTADO-con-razón	homónimo administrativo: estatus de aprobación de trámite, no sensibilidad al estatus social	inventario-reactivos-v1_2	estatus
G2	sens_estatus	theta	Estatus: APROBADO	(sin-instrumento-derivable)		id	DESCARTADO-con-razón	homónimo administrativo: estatus de aprobación de trámite, no sensibilidad al estatus social	inventario-reactivos-v1_2	estatus
G2	sens_estatus	theta	Estatus: APROBADO	(sin-instrumento-derivable)		id	DESCARTADO-con-razón	homónimo administrativo: estatus de aprobación de trámite, no sensibilidad al estatus social	inventario-reactivos-v1_2	estatus
G2	sens_estatus	theta	Estatus: APROBADO	(sin-instrumento-derivable)		id	DESCARTADO-con-razón	homónimo administrativo: estatus de aprobación de trámite, no sensibilidad al estatus social	inventario-reactivos-v1_2	estatus
G2	sens_estatus	theta	Estatus: APROBADO	(sin-instrumento-derivable)		id	DESCARTADO-con-razón	homónimo administrativo: estatus de aprobación de trámite, no sensibilidad al estatus social	inventario-reactivos-v1_2	estatus
G2	sens_estatus	theta	Estatus: APROBADO	(sin-instrumento-derivable)		id	DESCARTADO-con-razón	homónimo administrativo: estatus de aprobación de trámite, no sensibilidad al estatus social	inventario-reactivos-v1_2	estatus
G2	sens_estatus	theta	Estatus: APROBADO	(sin-instrumento-derivable)		id	DESCARTADO-con-razón	homónimo administrativo: estatus de aprobación de trámite, no sensibilidad al estatus social	inventario-reactivos-v1_2	estatus
G2	sens_estatus	theta	Estatus: APROBADO	(sin-instrumento-derivable)		id	DESCARTADO-con-razón	homónimo administrativo: estatus de aprobación de trámite, no sensibilidad al estatus social	inventario-reactivos-v1_2	estatus
G2	sens_estatus	theta	Estatus: APROBADO	(sin-instrumento-derivable)		id	DESCARTADO-con-razón	homónimo administrativo: estatus de aprobación de trámite, no sensibilidad al estatus social	inventario-reactivos-v1_2	estatus
G2	sens_estatus	theta	Estatus: APROBADO	(sin-instrumento-derivable)		id	DESCARTADO-con-razón	homónimo administrativo: estatus de aprobación de trámite, no sensibilidad al estatus social	inventario-reactivos-v1_2	estatus
G2	sens_estatus	theta	Estatus: APROBADO	(sin-instrumento-derivable)		id	DESCARTADO-con-razón	homónimo administrativo: estatus de aprobación de trámite, no sensibilidad al estatus social	inventario-reactivos-v1_2	estatus
G2	sens_estatus	theta	Estatus: APROBADO	(sin-instrumento-derivable)		id	DESCARTADO-con-razón	homónimo administrativo: estatus de aprobación de trámite, no sensibilidad al estatus social	inventario-reactivos-v1_2	estatus
G2	sens_estatus	theta	Estatus: APROBADO	(sin-instrumento-derivable)		id	DESCARTADO-con-razón	homónimo administrativo: estatus de aprobación de trámite, no sensibilidad al estatus social	inventario-reactivos-v1_2	estatus
G2	sens_estatus	theta	Estatus: APROBADO	(sin-instrumento-derivable)		id	DESCARTADO-con-razón	homónimo administrativo: estatus de aprobación de trámite, no sensibilidad al estatus social	inventario-reactivos-v1_2	estatus
G2	sens_estatus	theta	Estatus: APROBADO	(sin-instrumento-derivable)		id	DESCARTADO-con-razón	homónimo administrativo: estatus de aprobación de trámite, no sensibilidad al estatus social	inventario-reactivos-v1_2	estatus
G2	sens_estatus	theta	Estatus: APROBADO	(sin-instrumento-derivable)		id	DESCARTADO-con-razón	homónimo administrativo: estatus de aprobación de trámite, no sensibilidad al estatus social	inventario-reactivos-v1_2	estatus
G2	sens_estatus	theta	Estatus: APROBADO	(sin-instrumento-derivable)		id	DESCARTADO-con-razón	homónimo administrativo: estatus de aprobación de trámite, no sensibilidad al estatus social	inventario-reactivos-v1_2	estatus
G2	sens_estatus	theta	Estatus: APROBADO	(sin-instrumento-derivable)		id	DESCARTADO-con-razón	homónimo administrativo: estatus de aprobación de trámite, no sensibilidad al estatus social	inventario-reactivos-v1_2	estatus
G2	sens_estatus	theta	Estatus: APROBADO	(sin-instrumento-derivable)		id	DESCARTADO-con-razón	homónimo administrativo: estatus de aprobación de trámite, no sensibilidad al estatus social	inventario-reactivos-v1_2	estatus
G2	sens_estatus	theta	Estatus: APROBADO	(sin-instrumento-derivable)		id	DESCARTADO-con-razón	homónimo administrativo: estatus de aprobación de trámite, no sensibilidad al estatus social	inventario-reactivos-v1_2	estatus
G2	sens_estatus	theta	Estatus: APROBADO	(sin-instrumento-derivable)		id	DESCARTADO-con-razón	homónimo administrativo: estatus de aprobación de trámite, no sensibilidad al estatus social	inventario-reactivos-v1_2	estatus
G2	sens_estatus	theta	Estatus: APROBADO	(sin-instrumento-derivable)		id	DESCARTADO-con-razón	homónimo administrativo: estatus de aprobación de trámite, no sensibilidad al estatus social	inventario-reactivos-v1_2	estatus
G2	sens_estatus	theta	Estatus: APROBADO	(sin-instrumento-derivable)		id	DESCARTADO-con-razón	homónimo administrativo: estatus de aprobación de trámite, no sensibilidad al estatus social	inventario-reactivos-v1_2	estatus
G2	sens_estatus	theta	Estatus: APROBADO	(sin-instrumento-derivable)		id	DESCARTADO-con-razón	homónimo administrativo: estatus de aprobación de trámite, no sensibilidad al estatus social	inventario-reactivos-v1_2	estatus
G2	sens_estatus	theta	Estatus: APROBADO	(sin-instrumento-derivable)		id	DESCARTADO-con-razón	homónimo administrativo: estatus de aprobación de trámite, no sensibilidad al estatus social	inventario-reactivos-v1_2	estatus
G2	sens_estatus	theta	Estatus: APROBADO	(sin-instrumento-derivable)		id	DESCARTADO-con-razón	homónimo administrativo: estatus de aprobación de trámite, no sensibilidad al estatus social	inventario-reactivos-v1_2	estatus
G2	sens_estatus	theta	Estatus: APROBADO	(sin-instrumento-derivable)		id	DESCARTADO-con-razón	homónimo administrativo: estatus de aprobación de trámite, no sensibilidad al estatus social	inventario-reactivos-v1_2	estatus
G2	sens_estatus	theta	Estatus: APROBADO	(sin-instrumento-derivable)		id	DESCARTADO-con-razón	homónimo administrativo: estatus de aprobación de trámite, no sensibilidad al estatus social	inventario-reactivos-v1_2	estatus
G2	sens_estatus	theta	Estatus: APROBADO	(sin-instrumento-derivable)		id	DESCARTADO-con-razón	homónimo administrativo: estatus de aprobación de trámite, no sensibilidad al estatus social	inventario-reactivos-v1_2	estatus
G2	sens_estatus	theta	Estatus: APROBADO	(sin-instrumento-derivable)		id	DESCARTADO-con-razón	homónimo administrativo: estatus de aprobación de trámite, no sensibilidad al estatus social	inventario-reactivos-v1_2	estatus
G2	sens_estatus	theta	Estatus: APROBADO	(sin-instrumento-derivable)		id	DESCARTADO-con-razón	homónimo administrativo: estatus de aprobación de trámite, no sensibilidad al estatus social	inventario-reactivos-v1_2	estatus
G2	sens_estatus	theta	Estatus: APROBADO	(sin-instrumento-derivable)		id	DESCARTADO-con-razón	homónimo administrativo: estatus de aprobación de trámite, no sensibilidad al estatus social	inventario-reactivos-v1_2	estatus
G2	sens_estatus	theta	Estatus: APROBADO	(sin-instrumento-derivable)		id	DESCARTADO-con-razón	homónimo administrativo: estatus de aprobación de trámite, no sensibilidad al estatus social	inventario-reactivos-v1_2	estatus
G2	sens_estatus	theta	Estatus: APROBADO	(sin-instrumento-derivable)		id	DESCARTADO-con-razón	homónimo administrativo: estatus de aprobación de trámite, no sensibilidad al estatus social	inventario-reactivos-v1_2	estatus
G2	sens_estatus	theta	Estatus: APROBADO	(sin-instrumento-derivable)		id	DESCARTADO-con-razón	homónimo administrativo: estatus de aprobación de trámite, no sensibilidad al estatus social	inventario-reactivos-v1_2	estatus
G2	sens_estatus	theta	Estatus: APROBADO	(sin-instrumento-derivable)		id	DESCARTADO-con-razón	homónimo administrativo: estatus de aprobación de trámite, no sensibilidad al estatus social	inventario-reactivos-v1_2	estatus
G2	sens_estatus	theta	Estatus: APROBADO	(sin-instrumento-derivable)		id	DESCARTADO-con-razón	homónimo administrativo: estatus de aprobación de trámite, no sensibilidad al estatus social	inventario-reactivos-v1_2	estatus
G2	sens_estatus	theta	Estatus: APROBADO	(sin-instrumento-derivable)		id	DESCARTADO-con-razón	homónimo administrativo: estatus de aprobación de trámite, no sensibilidad al estatus social	inventario-reactivos-v1_2	estatus
G2	sens_estatus	theta	Estatus: APROBADO	(sin-instrumento-derivable)		id	DESCARTADO-con-razón	homónimo administrativo: estatus de aprobación de trámite, no sensibilidad al estatus social	inventario-reactivos-v1_2	estatus
G2	sens_estatus	theta	Estatus: APROBADO	(sin-instrumento-derivable)		id	DESCARTADO-con-razón	homónimo administrativo: estatus de aprobación de trámite, no sensibilidad al estatus social	inventario-reactivos-v1_2	estatus
G2	sens_estatus	theta	Estatus: APROBADO	(sin-instrumento-derivable)		id	DESCARTADO-con-razón	homónimo administrativo: estatus de aprobación de trámite, no sensibilidad al estatus social	inventario-reactivos-v1_2	estatus
G2	sens_estatus	theta	Estatus: APROBADO	(sin-instrumento-derivable)		id	DESCARTADO-con-razón	homónimo administrativo: estatus de aprobación de trámite, no sensibilidad al estatus social	inventario-reactivos-v1_2	estatus
G2	sens_estatus	theta	Estatus: APROBADO	(sin-instrumento-derivable)		id	DESCARTADO-con-razón	homónimo administrativo: estatus de aprobación de trámite, no sensibilidad al estatus social	inventario-reactivos-v1_2	estatus
G2	sens_estatus	theta	Estatus: APROBADO	(sin-instrumento-derivable)		id	DESCARTADO-con-razón	homónimo administrativo: estatus de aprobación de trámite, no sensibilidad al estatus social	inventario-reactivos-v1_2	estatus
G2	sens_estatus	theta	Estatus: APROBADO	(sin-instrumento-derivable)		id	DESCARTADO-con-razón	homónimo administrativo: estatus de aprobación de trámite, no sensibilidad al estatus social	inventario-reactivos-v1_2	estatus
G2	sens_estatus	theta	Estatus: APROBADO	(sin-instrumento-derivable)		id	DESCARTADO-con-razón	homónimo administrativo: estatus de aprobación de trámite, no sensibilidad al estatus social	inventario-reactivos-v1_2	estatus
G2	sens_estatus	theta	Estatus: APROBADO	(sin-instrumento-derivable)		id	DESCARTADO-con-razón	homónimo administrativo: estatus de aprobación de trámite, no sensibilidad al estatus social	inventario-reactivos-v1_2	estatus
G2	sens_estatus	theta	Estatus: APROBADO	(sin-instrumento-derivable)		id	DESCARTADO-con-razón	homónimo administrativo: estatus de aprobación de trámite, no sensibilidad al estatus social	inventario-reactivos-v1_2	estatus
G2	sens_estatus	theta	Estatus: APROBADO	(sin-instrumento-derivable)		id	DESCARTADO-con-razón	homónimo administrativo: estatus de aprobación de trámite, no sensibilidad al estatus social	inventario-reactivos-v1_2	estatus
G2	sens_estatus	theta	Estatus: APROBADO	(sin-instrumento-derivable)		id	DESCARTADO-con-razón	homónimo administrativo: estatus de aprobación de trámite, no sensibilidad al estatus social	inventario-reactivos-v1_2	estatus
G2	sens_estatus	theta	Estatus: APROBADO	(sin-instrumento-derivable)		id	DESCARTADO-con-razón	homónimo administrativo: estatus de aprobación de trámite, no sensibilidad al estatus social	inventario-reactivos-v1_2	estatus
G2	sens_estatus	theta	Estatus: APROBADO	(sin-instrumento-derivable)		id	DESCARTADO-con-razón	homónimo administrativo: estatus de aprobación de trámite, no sensibilidad al estatus social	inventario-reactivos-v1_2	estatus
G2	sens_estatus	theta	Estatus: APROBADO	(sin-instrumento-derivable)		id	DESCARTADO-con-razón	homónimo administrativo: estatus de aprobación de trámite, no sensibilidad al estatus social	inventario-reactivos-v1_2	estatus
G2	sens_estatus	theta	Estatus: APROBADO	(sin-instrumento-derivable)		id	DESCARTADO-con-razón	homónimo administrativo: estatus de aprobación de trámite, no sensibilidad al estatus social	inventario-reactivos-v1_2	estatus
G2	sens_estatus	theta	Estatus: APROBADO	(sin-instrumento-derivable)		id	DESCARTADO-con-razón	homónimo administrativo: estatus de aprobación de trámite, no sensibilidad al estatus social	inventario-reactivos-v1_2	estatus
G2	sens_estatus	theta	Estatus: APROBADO	(sin-instrumento-derivable)		id	DESCARTADO-con-razón	homónimo administrativo: estatus de aprobación de trámite, no sensibilidad al estatus social	inventario-reactivos-v1_2	estatus
G2	sens_estatus	theta	Estatus: APROBADO	(sin-instrumento-derivable)		id	DESCARTADO-con-razón	homónimo administrativo: estatus de aprobación de trámite, no sensibilidad al estatus social	inventario-reactivos-v1_2	estatus
G2	sens_estatus	theta	Estatus: APROBADO	(sin-instrumento-derivable)		id	DESCARTADO-con-razón	homónimo administrativo: estatus de aprobación de trámite, no sensibilidad al estatus social	inventario-reactivos-v1_2	estatus
G2	sens_estatus	theta	Estatus: APROBADO	(sin-instrumento-derivable)		id	DESCARTADO-con-razón	homónimo administrativo: estatus de aprobación de trámite, no sensibilidad al estatus social	inventario-reactivos-v1_2	estatus
G2	sens_estatus	theta	Estatus: APROBADO	(sin-instrumento-derivable)		id	DESCARTADO-con-razón	homónimo administrativo: estatus de aprobación de trámite, no sensibilidad al estatus social	inventario-reactivos-v1_2	estatus
G2	sens_estatus	theta	Estatus: APROBADO	(sin-instrumento-derivable)		id	DESCARTADO-con-razón	homónimo administrativo: estatus de aprobación de trámite, no sensibilidad al estatus social	inventario-reactivos-v1_2	estatus
G2	sens_estatus	theta	Estatus: APROBADO	(sin-instrumento-derivable)		id	DESCARTADO-con-razón	homónimo administrativo: estatus de aprobación de trámite, no sensibilidad al estatus social	inventario-reactivos-v1_2	estatus
G2	sens_estatus	theta	Estatus: APROBADO	(sin-instrumento-derivable)		id	DESCARTADO-con-razón	homónimo administrativo: estatus de aprobación de trámite, no sensibilidad al estatus social	inventario-reactivos-v1_2	estatus
G2	sens_estatus	theta	Estatus: APROBADO	(sin-instrumento-derivable)		id	DESCARTADO-con-razón	homónimo administrativo: estatus de aprobación de trámite, no sensibilidad al estatus social	inventario-reactivos-v1_2	estatus
G2	sens_estatus	theta	Estatus: APROBADO	(sin-instrumento-derivable)		id	DESCARTADO-con-razón	homónimo administrativo: estatus de aprobación de trámite, no sensibilidad al estatus social	inventario-reactivos-v1_2	estatus
G2	sens_estatus	theta	Estatus: APROBADO	(sin-instrumento-derivable)		id	DESCARTADO-con-razón	homónimo administrativo: estatus de aprobación de trámite, no sensibilidad al estatus social	inventario-reactivos-v1_2	estatus
G2	sens_estatus	theta	Estatus: APROBADO	(sin-instrumento-derivable)		id	DESCARTADO-con-razón	homónimo administrativo: estatus de aprobación de trámite, no sensibilidad al estatus social	inventario-reactivos-v1_2	estatus
G2	sens_estatus	theta	Estatus: APROBADO	(sin-instrumento-derivable)		id	DESCARTADO-con-razón	homónimo administrativo: estatus de aprobación de trámite, no sensibilidad al estatus social	inventario-reactivos-v1_2	estatus
G2	sens_estatus	theta	Estatus: APROBADO	(sin-instrumento-derivable)		id	DESCARTADO-con-razón	homónimo administrativo: estatus de aprobación de trámite, no sensibilidad al estatus social	inventario-reactivos-v1_2	estatus
G2	sens_estatus	theta	Estatus: APROBADO	(sin-instrumento-derivable)		id	DESCARTADO-con-razón	homónimo administrativo: estatus de aprobación de trámite, no sensibilidad al estatus social	inventario-reactivos-v1_2	estatus
G2	sens_estatus	theta	estatus_casilla	(sin-instrumento-derivable)		id	DESCARTADO-con-razón	homónimo administrativo: estatus de casilla electoral, no sensibilidad al estatus social	inventario-reactivos-v1_2	estatus
G2	sens_estatus	theta	estatus_casilla	(sin-instrumento-derivable)		id	DESCARTADO-con-razón	homónimo administrativo: estatus de casilla electoral, no sensibilidad al estatus social	inventario-reactivos-v1_2	estatus
G2	sens_estatus	theta	estatus_casilla	(sin-instrumento-derivable)		id	DESCARTADO-con-razón	homónimo administrativo: estatus de casilla electoral, no sensibilidad al estatus social	inventario-reactivos-v1_2	estatus
G2	sens_estatus	theta	estatus_casilla	(sin-instrumento-derivable)		id	DESCARTADO-con-razón	homónimo administrativo: estatus de casilla electoral, no sensibilidad al estatus social	inventario-reactivos-v1_2	estatus
G2	sens_estatus	theta	estatus_casilla	(sin-instrumento-derivable)		id	DESCARTADO-con-razón	homónimo administrativo: estatus de casilla electoral, no sensibilidad al estatus social	inventario-reactivos-v1_2	estatus
G2	sens_estatus	theta	Estatus	(sin-instrumento-derivable)		id	DESCARTADO-con-razón	homónimo administrativo: campo de estatus de registro/trámite (sin más calificador en el nombre de columna, mismo patrón que las demás variantes ESTATUS*), no sensibilidad al estatus social	inventario-reactivos-v1_2	estatus
G2	sens_estatus	theta	estatus_casilla	(sin-instrumento-derivable)		id	DESCARTADO-con-razón	homónimo administrativo: estatus de casilla electoral, no sensibilidad al estatus social	inventario-reactivos-v1_2	estatus
G2	sens_estatus	theta	estatus_casilla	(sin-instrumento-derivable)		id	DESCARTADO-con-razón	homónimo administrativo: estatus de casilla electoral, no sensibilidad al estatus social	inventario-reactivos-v1_2	estatus
G2	sens_estatus	theta	estatus_casilla	(sin-instrumento-derivable)		id	DESCARTADO-con-razón	homónimo administrativo: estatus de casilla electoral, no sensibilidad al estatus social	inventario-reactivos-v1_2	estatus
G2	sens_estatus	theta	estatus_casilla	(sin-instrumento-derivable)		id	DESCARTADO-con-razón	homónimo administrativo: estatus de casilla electoral, no sensibilidad al estatus social	inventario-reactivos-v1_2	estatus
G2	sens_estatus	theta	estatus_casilla	(sin-instrumento-derivable)		id	DESCARTADO-con-razón	homónimo administrativo: estatus de casilla electoral, no sensibilidad al estatus social	inventario-reactivos-v1_2	estatus
G2	sens_estatus	theta	estatus_casilla	(sin-instrumento-derivable)		id	DESCARTADO-con-razón	homónimo administrativo: estatus de casilla electoral, no sensibilidad al estatus social	inventario-reactivos-v1_2	estatus
G2	sens_estatus	theta	estatus_casilla	(sin-instrumento-derivable)		id	DESCARTADO-con-razón	homónimo administrativo: estatus de casilla electoral, no sensibilidad al estatus social	inventario-reactivos-v1_2	estatus
G2	sens_estatus	theta	estatus_casilla	(sin-instrumento-derivable)		id	DESCARTADO-con-razón	homónimo administrativo: estatus de casilla electoral, no sensibilidad al estatus social	inventario-reactivos-v1_2	estatus
G2	sens_estatus	theta	estatus_casilla	(sin-instrumento-derivable)		id	DESCARTADO-con-razón	homónimo administrativo: estatus de casilla electoral, no sensibilidad al estatus social	inventario-reactivos-v1_2	estatus
G2	sens_estatus	theta	estatus_casilla	(sin-instrumento-derivable)		id	DESCARTADO-con-razón	homónimo administrativo: estatus de casilla electoral, no sensibilidad al estatus social	inventario-reactivos-v1_2	estatus
G2	sens_estatus	theta	estatus_casilla	(sin-instrumento-derivable)		id	DESCARTADO-con-razón	homónimo administrativo: estatus de casilla electoral, no sensibilidad al estatus social	inventario-reactivos-v1_2	estatus
G2	sens_estatus	theta	estatus_casilla	(sin-instrumento-derivable)		id	DESCARTADO-con-razón	homónimo administrativo: estatus de casilla electoral, no sensibilidad al estatus social	inventario-reactivos-v1_2	estatus
G2	sens_estatus	theta	estatus_casilla	(sin-instrumento-derivable)		id	DESCARTADO-con-razón	homónimo administrativo: estatus de casilla electoral, no sensibilidad al estatus social	inventario-reactivos-v1_2	estatus
G2	sens_estatus	theta	estatus_casilla	(sin-instrumento-derivable)		id	DESCARTADO-con-razón	homónimo administrativo: estatus de casilla electoral, no sensibilidad al estatus social	inventario-reactivos-v1_2	estatus
G2	sens_estatus	theta	estatus_casilla	(sin-instrumento-derivable)		id	DESCARTADO-con-razón	homónimo administrativo: estatus de casilla electoral, no sensibilidad al estatus social	inventario-reactivos-v1_2	estatus
G2	sens_estatus	theta	estatus_casilla	(sin-instrumento-derivable)		id	DESCARTADO-con-razón	homónimo administrativo: estatus de casilla electoral, no sensibilidad al estatus social	inventario-reactivos-v1_2	estatus
G2	sens_estatus	theta	estatus_casilla	(sin-instrumento-derivable)		id	DESCARTADO-con-razón	homónimo administrativo: estatus de casilla electoral, no sensibilidad al estatus social	inventario-reactivos-v1_2	estatus
G2	sens_estatus	theta	estatus_casilla	(sin-instrumento-derivable)		id	DESCARTADO-con-razón	homónimo administrativo: estatus de casilla electoral, no sensibilidad al estatus social	inventario-reactivos-v1_2	estatus
G2	sens_estatus	theta	estatus_casilla	(sin-instrumento-derivable)		id	DESCARTADO-con-razón	homónimo administrativo: estatus de casilla electoral, no sensibilidad al estatus social	inventario-reactivos-v1_2	estatus
G2	sens_estatus	theta	estatus_casilla	(sin-instrumento-derivable)		id	DESCARTADO-con-razón	homónimo administrativo: estatus de casilla electoral, no sensibilidad al estatus social	inventario-reactivos-v1_2	estatus
G2	sens_estatus	theta	estatus_casilla	(sin-instrumento-derivable)		id	DESCARTADO-con-razón	homónimo administrativo: estatus de casilla electoral, no sensibilidad al estatus social	inventario-reactivos-v1_2	estatus
G2	sens_estatus	theta	ls01b	(sin-instrumento-derivable)	STATUS DE RASTREO	texto	CANDIDATO		inventario-reactivos-ext-v1_0	status
G2	sens_estatus	theta	ls01b	(sin-instrumento-derivable)	STATUS DE RASTREO	texto	CANDIDATO		inventario-reactivos-ext-v1_0	status
G2	sens_estatus	theta	ESTATUS	endutih2024	Estatus	id	DESCARTADO-con-razón	homónimo administrativo: campo de estatus de registro/trámite, no sensibilidad al estatus social	inventario-fd-v1_1	estatus
G2	sens_estatus	theta	ESTATUS	endutih2024	Estatus	texto	DESCARTADO-con-razón	homónimo administrativo: campo de estatus de registro/trámite, no sensibilidad al estatus social	inventario-fd-v1_1	estatus
G2	sens_estatus	theta	ESTATUS	endutih2024	Estatus	id	DESCARTADO-con-razón	homónimo administrativo: campo de estatus de registro/trámite, no sensibilidad al estatus social	inventario-fd-v1_1	estatus
G2	sens_estatus	theta	ESTATUS	endutih2024	Estatus	texto	DESCARTADO-con-razón	homónimo administrativo: campo de estatus de registro/trámite, no sensibilidad al estatus social	inventario-fd-v1_1	estatus
G2	sens_estatus	theta	ESTATUS	endutih2024	Estatus	id	DESCARTADO-con-razón	homónimo administrativo: campo de estatus de registro/trámite, no sensibilidad al estatus social	inventario-fd-v1_1	estatus
G2	sens_estatus	theta	ESTATUS	endutih2024	Estatus	texto	DESCARTADO-con-razón	homónimo administrativo: campo de estatus de registro/trámite, no sensibilidad al estatus social	inventario-fd-v1_1	estatus
G2	sens_estatus	theta	ESTATUS	endutih2024	Estatus	id	DESCARTADO-con-razón	homónimo administrativo: campo de estatus de registro/trámite, no sensibilidad al estatus social	inventario-fd-v1_1	estatus
G2	sens_estatus	theta	ESTATUS	endutih2024	Estatus	texto	DESCARTADO-con-razón	homónimo administrativo: campo de estatus de registro/trámite, no sensibilidad al estatus social	inventario-fd-v1_1	estatus
G2	sens_estatus	theta	ESTATUS	endutih2024	Estatus	id	DESCARTADO-con-razón	homónimo administrativo: campo de estatus de registro/trámite, no sensibilidad al estatus social	inventario-fd-v1_1	estatus
G2	sens_estatus	theta	ESTATUS	endutih2024	Estatus	texto	DESCARTADO-con-razón	homónimo administrativo: campo de estatus de registro/trámite, no sensibilidad al estatus social	inventario-fd-v1_1	estatus
G2	sens_estatus	theta	ESTATUS	endutih2025	Estatus	id	DESCARTADO-con-razón	homónimo administrativo: campo de estatus de registro/trámite, no sensibilidad al estatus social	inventario-fd-v1_1	estatus
G2	sens_estatus	theta	ESTATUS	endutih2025	Estatus	texto	DESCARTADO-con-razón	homónimo administrativo: campo de estatus de registro/trámite, no sensibilidad al estatus social	inventario-fd-v1_1	estatus
G2	sens_estatus	theta	ESTATUS	endutih2025	Estatus	id	DESCARTADO-con-razón	homónimo administrativo: campo de estatus de registro/trámite, no sensibilidad al estatus social	inventario-fd-v1_1	estatus
G2	sens_estatus	theta	ESTATUS	endutih2025	Estatus	texto	DESCARTADO-con-razón	homónimo administrativo: campo de estatus de registro/trámite, no sensibilidad al estatus social	inventario-fd-v1_1	estatus
G2	sens_estatus	theta	ESTATUS	endutih2025	Estatus	id	DESCARTADO-con-razón	homónimo administrativo: campo de estatus de registro/trámite, no sensibilidad al estatus social	inventario-fd-v1_1	estatus
G2	sens_estatus	theta	ESTATUS	endutih2025	Estatus	texto	DESCARTADO-con-razón	homónimo administrativo: campo de estatus de registro/trámite, no sensibilidad al estatus social	inventario-fd-v1_1	estatus
G2	sens_estatus	theta	ESTATUS	endutih2025	Estatus	id	DESCARTADO-con-razón	homónimo administrativo: campo de estatus de registro/trámite, no sensibilidad al estatus social	inventario-fd-v1_1	estatus
G2	sens_estatus	theta	ESTATUS	endutih2025	Estatus	texto	DESCARTADO-con-razón	homónimo administrativo: campo de estatus de registro/trámite, no sensibilidad al estatus social	inventario-fd-v1_1	estatus
G2	sens_estatus	theta	ESTATUS	endutih2025	Estatus	id	DESCARTADO-con-razón	homónimo administrativo: campo de estatus de registro/trámite, no sensibilidad al estatus social	inventario-fd-v1_1	estatus
G2	sens_estatus	theta	ESTATUS	endutih2025	Estatus	texto	DESCARTADO-con-razón	homónimo administrativo: campo de estatus de registro/trámite, no sensibilidad al estatus social	inventario-fd-v1_1	estatus
G3	aversion_riesgo	desenlace	https://www.elystandard.co.uk/news/26460266.man-due-court-deaths-women-a10-crash-near-ely/	(sin-instrumento-derivable)		id	DESCARTADO-con-razón	"colisión de subcadena espuria: ""tanda"" cae dentro de ""standard"" en una URL de noticia ajena al corpus de reactivos, no es contenido de reactivo"	inventario-reactivos-v1_2	tanda
G3	aversion_riesgo	desenlace	crh01_1e	(sin-instrumento-derivable)	TANDA GUARDA AHORROS MH	texto	CANDIDATO		inventario-reactivos-ext-v1_0	tanda
G3	aversion_riesgo	desenlace	nna07_1c	(sin-instrumento-derivable)	OBTUVO DINERO INICIAR NEG:PRESTAMISTAS/TANDAS	texto	CANDIDATO		inventario-reactivos-ext-v1_0	tanda
G3	aversion_riesgo	desenlace	cr04	(sin-instrumento-derivable)	PARTICIPADO TANDA	texto	CANDIDATO		inventario-reactivos-ext-v1_0	tanda
G3	aversion_riesgo	desenlace	cr05a_1	(sin-instrumento-derivable)	ID MONTO APORTADO TANDA	texto	CANDIDATO		inventario-reactivos-ext-v1_0	tanda
G3	aversion_riesgo	desenlace	cr05a_2	(sin-instrumento-derivable)	MONTO APORTADO TANDA	texto	CANDIDATO		inventario-reactivos-ext-v1_0	tanda
G3	aversion_riesgo	desenlace	cr05b_1	(sin-instrumento-derivable)	ID MONTO RECIBIDO TANDA	texto	CANDIDATO		inventario-reactivos-ext-v1_0	tanda
G3	aversion_riesgo	desenlace	cr05b_2	(sin-instrumento-derivable)	MONTO RECIBIDO TANDA	texto	CANDIDATO		inventario-reactivos-ext-v1_0	tanda
G3	aversion_riesgo	desenlace	cr05c_1	(sin-instrumento-derivable)	ID MONTO RECIBIRA TANDA	texto	CANDIDATO		inventario-reactivos-ext-v1_0	tanda
G3	aversion_riesgo	desenlace	cr05c_2	(sin-instrumento-derivable)	MONTO RECIBIRA TANDA	texto	CANDIDATO		inventario-reactivos-ext-v1_0	tanda
G3	aversion_riesgo	desenlace	cr04	(sin-instrumento-derivable)	PARTICIPADO TANDA	texto	CANDIDATO		inventario-reactivos-ext-v1_0	tanda
G3	aversion_riesgo	desenlace	cr05a_1	(sin-instrumento-derivable)	ID MONTO APORTADO TANDA	texto	CANDIDATO		inventario-reactivos-ext-v1_0	tanda
G3	aversion_riesgo	desenlace	cr05a_2	(sin-instrumento-derivable)	MONTO APORTADO TANDA	texto	CANDIDATO		inventario-reactivos-ext-v1_0	tanda
G3	aversion_riesgo	desenlace	cr05b_1	(sin-instrumento-derivable)	ID MONTO RECIBIDO TANDA	texto	CANDIDATO		inventario-reactivos-ext-v1_0	tanda
G3	aversion_riesgo	desenlace	cr05b_2	(sin-instrumento-derivable)	MONTO RECIBIDO TANDA	texto	CANDIDATO		inventario-reactivos-ext-v1_0	tanda
G3	aversion_riesgo	desenlace	cr05c_1	(sin-instrumento-derivable)	ID MONTO RECIBIRA TANDA	texto	CANDIDATO		inventario-reactivos-ext-v1_0	tanda
G3	aversion_riesgo	desenlace	cr05c_2	(sin-instrumento-derivable)	MONTO RECIBIRA TANDA	texto	CANDIDATO		inventario-reactivos-ext-v1_0	tanda
G3	aversion_riesgo	desenlace	cr04	(sin-instrumento-derivable)	PARTICIPADO TANDA	texto	CANDIDATO		inventario-reactivos-ext-v1_0	tanda
G3	aversion_riesgo	desenlace	cr05a_1	(sin-instrumento-derivable)	ID MONTO APORTADO TANDA	texto	CANDIDATO		inventario-reactivos-ext-v1_0	tanda
G3	aversion_riesgo	desenlace	cr05a_2	(sin-instrumento-derivable)	MONTO APORTADO TANDA	texto	CANDIDATO		inventario-reactivos-ext-v1_0	tanda
G3	aversion_riesgo	desenlace	cr05b_1	(sin-instrumento-derivable)	ID MONTO RECIBIDO TANDA	texto	CANDIDATO		inventario-reactivos-ext-v1_0	tanda
G3	aversion_riesgo	desenlace	cr05b_2	(sin-instrumento-derivable)	MONTO RECIBIDO TANDA	texto	CANDIDATO		inventario-reactivos-ext-v1_0	tanda
G3	aversion_riesgo	desenlace	cr05c_1	(sin-instrumento-derivable)	ID MONTO RECIBIRA TANDA	texto	CANDIDATO		inventario-reactivos-ext-v1_0	tanda
G3	aversion_riesgo	desenlace	cr05c_2	(sin-instrumento-derivable)	MONTO RECIBIRA TANDA	texto	CANDIDATO		inventario-reactivos-ext-v1_0	tanda
G3	aversion_riesgo	desenlace	rg08_1	(sin-instrumento-derivable)	PROBABILIDAD INVIERTA $ TANDA	texto	CANDIDATO		inventario-reactivos-ext-v1_0	tanda
G3	aversion_riesgo	desenlace	cr04	(sin-instrumento-derivable)	PARTICIPADO TANDA	texto	CANDIDATO		inventario-reactivos-ext-v1_0	tanda
G3	aversion_riesgo	desenlace	cr05a_1	(sin-instrumento-derivable)	ID MONTO APORTADO TANDA	texto	CANDIDATO		inventario-reactivos-ext-v1_0	tanda
G3	aversion_riesgo	desenlace	cr05a_2	(sin-instrumento-derivable)	MONTO APORTADO TANDA	texto	CANDIDATO		inventario-reactivos-ext-v1_0	tanda
G3	aversion_riesgo	desenlace	cr05b_1	(sin-instrumento-derivable)	ID MONTO RECIBIDO TANDA	texto	CANDIDATO		inventario-reactivos-ext-v1_0	tanda
G3	aversion_riesgo	desenlace	cr05b_2	(sin-instrumento-derivable)	MONTO RECIBIDO TANDA	texto	CANDIDATO		inventario-reactivos-ext-v1_0	tanda
G3	aversion_riesgo	desenlace	cr05c_1	(sin-instrumento-derivable)	ID MONTO RECIBIRA TANDA	texto	CANDIDATO		inventario-reactivos-ext-v1_0	tanda
G3	aversion_riesgo	desenlace	cr05c_2	(sin-instrumento-derivable)	MONTO RECIBIRA TANDA	texto	CANDIDATO		inventario-reactivos-ext-v1_0	tanda
G3	aversion_riesgo	desenlace	crh01_1e	(sin-instrumento-derivable)	TANDA GUARDA AHORROS MH	texto	CANDIDATO		inventario-reactivos-ext-v1_0	tanda
G3	aversion_riesgo	desenlace	nna07_1c	(sin-instrumento-derivable)	OBTUVO DINERO INICIAR NEG:PRESTAMISTAS/TANDAS	texto	CANDIDATO		inventario-reactivos-ext-v1_0	tanda
G3	aversion_riesgo	desenlace	crh01_1e	(sin-instrumento-derivable)	TIPO INST AHORROS:TANDA	texto	CANDIDATO		inventario-reactivos-ext-v1_0	tanda
G3	aversion_riesgo	desenlace	nna07_1c	(sin-instrumento-derivable)	OBTUVO DINERO INICIAR NEG:PRESTAMISTAS/TANDAS	texto	CANDIDATO		inventario-reactivos-ext-v1_0	tanda
G3	aversion_riesgo	desenlace	cr04	(sin-instrumento-derivable)	ULT 12MES PARTICIPADO EN TANDA?	texto	CANDIDATO		inventario-reactivos-ext-v1_0	tanda
G3	aversion_riesgo	desenlace	cr05_1	(sin-instrumento-derivable)	CUANTO DINERO RECIBIDO/RECIBIRA DE TANDA?	texto	CANDIDATO		inventario-reactivos-ext-v1_0	tanda
G3	aversion_riesgo	desenlace	cr05_2	(sin-instrumento-derivable)	DINERO RECIBIR/RECIBIO DE TANDA	texto	CANDIDATO		inventario-reactivos-ext-v1_0	tanda
G3	aversion_riesgo	desenlace	cr05a_1	(sin-instrumento-derivable)	CUANTO TIEMPO DURO/DURARA TANDA?	texto	CANDIDATO		inventario-reactivos-ext-v1_0	tanda
G3	aversion_riesgo	desenlace	cr05a_21	(sin-instrumento-derivable)	DIAS DURO/DURARA TANDA	texto	CANDIDATO		inventario-reactivos-ext-v1_0	tanda
G3	aversion_riesgo	desenlace	cr05a_22	(sin-instrumento-derivable)	SEMANAS DURO/DURARA TANDA	texto	CANDIDATO		inventario-reactivos-ext-v1_0	tanda
G3	aversion_riesgo	desenlace	cr05a_23	(sin-instrumento-derivable)	MESES DURO/DURARA TANDA	texto	CANDIDATO		inventario-reactivos-ext-v1_0	tanda
G3	aversion_riesgo	desenlace	rg08_1	(sin-instrumento-derivable)	PROBABLE INVIERTA TANDA DINERO MES DE TRAB?	texto	CANDIDATO		inventario-reactivos-ext-v1_0	tanda
G3	aversion_riesgo	desenlace	rg08_2	(sin-instrumento-derivable)	%PROBABILIDAD INVIERTA TANDA	texto	CANDIDATO		inventario-reactivos-ext-v1_0	tanda
G3	aversion_riesgo	desenlace	rg08_11	(sin-instrumento-derivable)	%PROBABILIDAD INVIERTA TANDA	texto	CANDIDATO		inventario-reactivos-ext-v1_0	tanda
G3	aversion_riesgo	desenlace	cr04	(sin-instrumento-derivable)	ULT 12MES PARTICIPADO EN TANDA?	texto	CANDIDATO		inventario-reactivos-ext-v1_0	tanda
G3	aversion_riesgo	desenlace	cr05a_1	(sin-instrumento-derivable)	CUANTO DINERO APORTADO TANDA?	texto	CANDIDATO		inventario-reactivos-ext-v1_0	tanda
G3	aversion_riesgo	desenlace	cr05a_2	(sin-instrumento-derivable)	MONTO APORTADO TANDA	texto	CANDIDATO		inventario-reactivos-ext-v1_0	tanda
G3	aversion_riesgo	desenlace	cr05b_1	(sin-instrumento-derivable)	CUANTO DINERO RECIBIDO DE TANDA?	texto	CANDIDATO		inventario-reactivos-ext-v1_0	tanda
G3	aversion_riesgo	desenlace	cr05b_2	(sin-instrumento-derivable)	MONTO RECIBIDO DE TANDA	texto	CANDIDATO		inventario-reactivos-ext-v1_0	tanda
G3	aversion_riesgo	desenlace	cr05c_1	(sin-instrumento-derivable)	CUANTO DINERO RECIBIRA DE TANDA?	texto	CANDIDATO		inventario-reactivos-ext-v1_0	tanda
G3	aversion_riesgo	desenlace	cr05c_2	(sin-instrumento-derivable)	MONTO RECIBIRA DE TANDA	texto	CANDIDATO		inventario-reactivos-ext-v1_0	tanda
G3	aversion_riesgo	desenlace	2.1.1.2.Valores_bancarios	ADQ15_CNBV_AhorroFinanciero_Financiamiento	Se refiere al saldo en circulación de certificados de depósito, pagarés con rendimiento liquidable al vencimiento (PRLV), Bonos bancarios, Notas estructuradas, Obligaciones subordinadas, certificados…	texto	DESCARTADO-con-razón	homónimo financiero: plazo de vencimiento de instrumento financiero agregado (macro), no horizonte temporal personal	inventario-fd-v1_1	corto plazo
G3	aversion_riesgo	desenlace	2.1.1.3.Valores_privados	ADQ15_CNBV_AhorroFinanciero_Financiamiento	Se refiere al saldo en circulación de CEPOS, pagarés a mediano plazo, pagaré financiero y a corto plazo, papel comercial, certificados bursátiles privados y respaldados por hipotecas, Fibras E, Fhipo…	texto	DESCARTADO-con-razón	homónimo financiero: plazo de vencimiento de instrumento financiero agregado (macro), no horizonte temporal personal / ahorro informal	inventario-fd-v1_1	corto plazo
G3	aversion_riesgo	desenlace	C_OTROAF	enfih2019	Condición de tenencia de cuentas de ahorro informal	texto	CANDIDATO		inventario-fd-v1_1	ahorro informal
G3	aversion_riesgo	desenlace	V_OTROAF	enfih2019	Monto de cuentas de ahorro informal	texto	CANDIDATO		inventario-fd-v1_1	ahorro informal
G3	aversion_riesgo	desenlace	P9_1_3	enfih2019	9.1 ¿Usted tiene dinero ahorrado en una tanda?	texto	CANDIDATO		inventario-fd-v1_1	tanda
G3	aversion_riesgo	desenlace	P9_2_3	enfih2019	9.2 Del dinero ahorrado en una tanda, ¿cuánto tiene guardado hasta este momento?	texto	CANDIDATO		inventario-fd-v1_1	tanda
G3	aversion_riesgo	desenlace	P5_1_4	enif2015	4. ahorró en una tanda?	texto	CANDIDATO		inventario-fd-v1_1	tanda
G3	aversion_riesgo	desenlace	P5_7_4	enif2015	prefiere otras formas de ahorro (tanda, guardar en su casa, etc.)?	texto	CANDIDATO		inventario-fd-v1_1	tanda
G3	aversion_riesgo	desenlace	P4_9_3	enif2018	3 Es mejor ahorrar el dinero en dos o mas formas o lugares que en uno solo (una cuenta de ahorro, una tanda con familiares o conocidos, etcétera)	texto	CANDIDATO		inventario-fd-v1_1	tanda
G3	aversion_riesgo	desenlace	P5_1_5	enif2018	5 participó en una tanda?	texto	CANDIDATO		inventario-fd-v1_1	tanda
G3	aversion_riesgo	desenlace	P4_7_3	enif2024	4.7 De las siguientes frases, dígame si las considera verdaderas o falsas. Es mejor ahorrar el dinero en dos o más formas o lugares que uno solo(una cuenta de ahorro, una tanda con familiares o perso…	texto	CANDIDATO		inventario-fd-v1_1	tanda
G3	aversion_riesgo	desenlace	P5_1_5	enif2024	5.1 En los últimos 12 meses, de junio de 2023 a la fecha, ¿usted participó en una tanda?	texto	CANDIDATO		inventario-fd-v1_1	tanda
G3	aversion_riesgo	desenlace	P5_1_5	enif2012	5 ahorró en una tanda?	texto	CANDIDATO		inventario-fd-v1_1	tanda
G3	aversion_riesgo	desenlace	P5_4_7	enif2012	Prefiere otras formas de ahorro (tanda, guardar en su casa, etc.)	texto	CANDIDATO		inventario-fd-v1_1	tanda
G3	aversion_riesgo	desenlace	P9_4_5	enif2012	Guardarlo en la casa o tanda	texto	CANDIDATO		inventario-fd-v1_1	tanda
G4	horizonte_temporal	theta	2.2.2.2._BREMS	ADQ15_CNBV_AhorroFinanciero_Financiamiento	Se refiere al saldo en circulación de los Bonos de regulación monetaria del Banco de México (BREMs), los cuales son títulos de crédito de largo plazo con pago de intereses cada 28 días, considerando …	texto	DESCARTADO-con-razón	homónimo financiero: plazo de vencimiento de instrumento financiero agregado (macro), no horizonte temporal personal	inventario-fd-v1_1	largo plazo
G4	horizonte_temporal	theta	2.1.1.2.Valores_bancarios	ADQ15_CNBV_AhorroFinanciero_Financiamiento	Se refiere al saldo en circulación de certificados de depósito, pagarés con rendimiento liquidable al vencimiento (PRLV), Bonos bancarios, Notas estructuradas, Obligaciones subordinadas, certificados…	texto	DESCARTADO-con-razón	homónimo financiero: plazo de vencimiento de instrumento financiero agregado (macro), no horizonte temporal personal	inventario-fd-v1_1	corto plazo
G4	horizonte_temporal	theta	2.1.1.3.Valores_privados	ADQ15_CNBV_AhorroFinanciero_Financiamiento	Se refiere al saldo en circulación de CEPOS, pagarés a mediano plazo, pagaré financiero y a corto plazo, papel comercial, certificados bursátiles privados y respaldados por hipotecas, Fibras E, Fhipo…	texto	DESCARTADO-con-razón	homónimo financiero: plazo de vencimiento de instrumento financiero agregado (macro), no horizonte temporal personal / ahorro informal	inventario-fd-v1_1	corto plazo
G4	horizonte_temporal	theta	3.3.1.Créditos	ADQ15_CNBV_AhorroFinanciero_Financiamiento	Se refiere a los recursos del exterior que financian al sector privado no financiero de México a través de préstamos de corto y largo plazo otorgados por los bancos extranjeros.	texto	DESCARTADO-con-razón	homónimo financiero: plazo de vencimiento de crédito externo agregado (macro), no horizonte temporal personal	inventario-fd-v1_1	largo plazo
G4	horizonte_temporal	theta	3.3.2.Emisión_de_deuda_de_mexicanos_en_el_extranjero	ADQ15_CNBV_AhorroFinanciero_Financiamiento	Se refiere a los recursos del exterior que financian al sector privado no financiero de México a través de la emisión de títulos de deuda de corto y largo plazo de mexicanos en el extranjero.	texto	DESCARTADO-con-razón	homónimo financiero: plazo de vencimiento de deuda agregada (macro), no horizonte temporal personal	inventario-fd-v1_1	largo plazo
G4	horizonte_temporal	theta	2.2.2.2._BREMS	ADQ15_CNBV_AhorroFinanciero_Financiamiento	Se refiere al saldo en circulación de los Bonos de regulación monetaria del Banco de México (BREMs), los cuales son títulos de crédito de largo plazo con pago de intereses cada 28 días, considerando …	texto	DESCARTADO-con-razón	homónimo financiero: plazo de vencimiento de instrumento financiero agregado (macro), no horizonte temporal personal	inventario-fd-v1_1	largo plazo
G4	horizonte_temporal	theta	P4_8_4	enif2018	4 ¿se pone metas económicas a largo plazo y se esfuerza alcanzarlas (comprar casa, ahorrar para el retiro, pagar vacaciones o fiestas, comenzar un negocio, etcétera)	texto	CANDIDATO		inventario-fd-v1_1	largo plazo
G4	horizonte_temporal	theta	P4_6_4	enif2024	4.6.4 Le voy a hacer unas preguntas. Use las respuestas que vienen en la tarjeta (ENTREGUE LA TARJETA 2). Generalmente, ¿se pone metas económicas a largo plazo y se esfuerza por alcanzarlas (comprar …	texto	CANDIDATO		inventario-fd-v1_1	largo plazo
G4	sens_estatus	theta	ESTATUS	ADQ15_ENAFIN_2024_RNM_INEGI		id	DESCARTADO-con-razón	homónimo administrativo: campo de estatus de registro/trámite, no sensibilidad al estatus social	inventario-reactivos-v1_2	estatus
G4	sens_estatus	theta	ESTATUS	ADQ15_ENAFIN_2024_RNM_INEGI		id	DESCARTADO-con-razón	homónimo administrativo: campo de estatus de registro/trámite, no sensibilidad al estatus social	inventario-reactivos-v1_2	estatus
G4	sens_estatus	theta	ESTATUS	ADQ15_ENAFIN_2024_RNM_INEGI		id	DESCARTADO-con-razón	homónimo administrativo: campo de estatus de registro/trámite, no sensibilidad al estatus social	inventario-reactivos-v1_2	estatus
G4	sens_estatus	theta	ESTATUS	ADQ15_ENAFIN_2024_RNM_INEGI		id	DESCARTADO-con-razón	homónimo administrativo: campo de estatus de registro/trámite, no sensibilidad al estatus social	inventario-reactivos-v1_2	estatus
G4	sens_estatus	theta	ESTATUS	ADQ15_ENAFIN_2024_RNM_INEGI		id	DESCARTADO-con-razón	homónimo administrativo: campo de estatus de registro/trámite, no sensibilidad al estatus social	inventario-reactivos-v1_2	estatus
G4	sens_estatus	theta	Estatus del cambio	enoe2018		id	DESCARTADO-con-razón	homónimo administrativo: campo de estatus de registro de cambio (ENOE/ENIGH), no sensibilidad al estatus social	inventario-reactivos-v1_2	estatus
G4	sens_estatus	theta	Estatus del cambio	enoe2018		id	DESCARTADO-con-razón	homónimo administrativo: campo de estatus de registro de cambio (ENOE/ENIGH), no sensibilidad al estatus social	inventario-reactivos-v1_2	estatus
G4	sens_estatus	theta	Estatus del cambio	enoe2018		id	DESCARTADO-con-razón	homónimo administrativo: campo de estatus de registro de cambio (ENOE/ENIGH), no sensibilidad al estatus social	inventario-reactivos-v1_2	estatus
G4	sens_estatus	theta	Estatus del cambio	enoe2018		id	DESCARTADO-con-razón	homónimo administrativo: campo de estatus de registro de cambio (ENOE/ENIGH), no sensibilidad al estatus social	inventario-reactivos-v1_2	estatus
G4	sens_estatus	theta	Estatus del cambio	enoe2018		id	DESCARTADO-con-razón	homónimo administrativo: campo de estatus de registro de cambio (ENOE/ENIGH), no sensibilidad al estatus social	inventario-reactivos-v1_2	estatus
G4	sens_estatus	theta	Estatus del cambio	enoe2019		id	DESCARTADO-con-razón	homónimo administrativo: campo de estatus de registro de cambio (ENOE/ENIGH), no sensibilidad al estatus social	inventario-reactivos-v1_2	estatus
G4	sens_estatus	theta	Estatus del cambio	enoe2019		id	DESCARTADO-con-razón	homónimo administrativo: campo de estatus de registro de cambio (ENOE/ENIGH), no sensibilidad al estatus social	inventario-reactivos-v1_2	estatus
G4	sens_estatus	theta	Estatus del cambio	enoe2019		id	DESCARTADO-con-razón	homónimo administrativo: campo de estatus de registro de cambio (ENOE/ENIGH), no sensibilidad al estatus social	inventario-reactivos-v1_2	estatus
G4	sens_estatus	theta	Estatus del cambio	enoe2019		id	DESCARTADO-con-razón	homónimo administrativo: campo de estatus de registro de cambio (ENOE/ENIGH), no sensibilidad al estatus social	inventario-reactivos-v1_2	estatus
G4	sens_estatus	theta	Estatus del cambio	enoe2019		id	DESCARTADO-con-razón	homónimo administrativo: campo de estatus de registro de cambio (ENOE/ENIGH), no sensibilidad al estatus social	inventario-reactivos-v1_2	estatus
G4	sens_estatus	theta	Estatus del cambio	enoe2019		id	DESCARTADO-con-razón	homónimo administrativo: campo de estatus de registro de cambio (ENOE/ENIGH), no sensibilidad al estatus social	inventario-reactivos-v1_2	estatus
G4	sens_estatus	theta	Estatus del cambio	enoe2019		id	DESCARTADO-con-razón	homónimo administrativo: campo de estatus de registro de cambio (ENOE/ENIGH), no sensibilidad al estatus social	inventario-reactivos-v1_2	estatus
G4	sens_estatus	theta	Estatus del cambio	enoe2019		id	DESCARTADO-con-razón	homónimo administrativo: campo de estatus de registro de cambio (ENOE/ENIGH), no sensibilidad al estatus social	inventario-reactivos-v1_2	estatus
G4	sens_estatus	theta	Estatus del cambio	enoe2019		id	DESCARTADO-con-razón	homónimo administrativo: campo de estatus de registro de cambio (ENOE/ENIGH), no sensibilidad al estatus social	inventario-reactivos-v1_2	estatus
G4	sens_estatus	theta	Estatus del cambio	enoe2019		id	DESCARTADO-con-razón	homónimo administrativo: campo de estatus de registro de cambio (ENOE/ENIGH), no sensibilidad al estatus social	inventario-reactivos-v1_2	estatus
G4	sens_estatus	theta	Estatus del cambio	enoe2019		id	DESCARTADO-con-razón	homónimo administrativo: campo de estatus de registro de cambio (ENOE/ENIGH), no sensibilidad al estatus social	inventario-reactivos-v1_2	estatus
G4	sens_estatus	theta	Estatus del cambio	enoe2019		id	DESCARTADO-con-razón	homónimo administrativo: campo de estatus de registro de cambio (ENOE/ENIGH), no sensibilidad al estatus social	inventario-reactivos-v1_2	estatus
G4	sens_estatus	theta	Estatus del cambio	enoe2019		id	DESCARTADO-con-razón	homónimo administrativo: campo de estatus de registro de cambio (ENOE/ENIGH), no sensibilidad al estatus social	inventario-reactivos-v1_2	estatus
G4	sens_estatus	theta	Estatus del cambio	enoe2019		id	DESCARTADO-con-razón	homónimo administrativo: campo de estatus de registro de cambio (ENOE/ENIGH), no sensibilidad al estatus social	inventario-reactivos-v1_2	estatus
G4	sens_estatus	theta	Estatus del cambio	enoe2019		id	DESCARTADO-con-razón	homónimo administrativo: campo de estatus de registro de cambio (ENOE/ENIGH), no sensibilidad al estatus social	inventario-reactivos-v1_2	estatus
G4	sens_estatus	theta	Estatus del cambio	enoe2019		id	DESCARTADO-con-razón	homónimo administrativo: campo de estatus de registro de cambio (ENOE/ENIGH), no sensibilidad al estatus social	inventario-reactivos-v1_2	estatus
G4	sens_estatus	theta	Estatus del cambio	enoe2019		id	DESCARTADO-con-razón	homónimo administrativo: campo de estatus de registro de cambio (ENOE/ENIGH), no sensibilidad al estatus social	inventario-reactivos-v1_2	estatus
G4	sens_estatus	theta	Estatus del cambio	enoe2019		id	DESCARTADO-con-razón	homónimo administrativo: campo de estatus de registro de cambio (ENOE/ENIGH), no sensibilidad al estatus social	inventario-reactivos-v1_2	estatus
G4	sens_estatus	theta	Estatus del cambio	enoe2019		id	DESCARTADO-con-razón	homónimo administrativo: campo de estatus de registro de cambio (ENOE/ENIGH), no sensibilidad al estatus social	inventario-reactivos-v1_2	estatus
G4	sens_estatus	theta	Estatus del cambio	enoe2019		id	DESCARTADO-con-razón	homónimo administrativo: campo de estatus de registro de cambio (ENOE/ENIGH), no sensibilidad al estatus social	inventario-reactivos-v1_2	estatus
G4	sens_estatus	theta	Estatus del cambio	enoe2020		id	DESCARTADO-con-razón	homónimo administrativo: campo de estatus de registro de cambio (ENOE/ENIGH), no sensibilidad al estatus social	inventario-reactivos-v1_2	estatus
G4	sens_estatus	theta	Estatus del cambio	enoe2020		id	DESCARTADO-con-razón	homónimo administrativo: campo de estatus de registro de cambio (ENOE/ENIGH), no sensibilidad al estatus social	inventario-reactivos-v1_2	estatus
G4	sens_estatus	theta	Estatus del cambio	enoe2020		id	DESCARTADO-con-razón	homónimo administrativo: campo de estatus de registro de cambio (ENOE/ENIGH), no sensibilidad al estatus social	inventario-reactivos-v1_2	estatus
G4	sens_estatus	theta	Estatus del cambio	enoe2020		id	DESCARTADO-con-razón	homónimo administrativo: campo de estatus de registro de cambio (ENOE/ENIGH), no sensibilidad al estatus social	inventario-reactivos-v1_2	estatus
G4	sens_estatus	theta	Estatus del cambio	enoe2020		id	DESCARTADO-con-razón	homónimo administrativo: campo de estatus de registro de cambio (ENOE/ENIGH), no sensibilidad al estatus social	inventario-reactivos-v1_2	estatus
G4	sens_estatus	theta	Estatus del cambio	enoe2024		id	DESCARTADO-con-razón	homónimo administrativo: campo de estatus de registro de cambio (ENOE/ENIGH), no sensibilidad al estatus social	inventario-reactivos-v1_2	estatus
G4	sens_estatus	theta	Estatus del cambio	enoe2024		id	DESCARTADO-con-razón	homónimo administrativo: campo de estatus de registro de cambio (ENOE/ENIGH), no sensibilidad al estatus social	inventario-reactivos-v1_2	estatus
G4	sens_estatus	theta	Estatus del cambio	enoe2024		id	DESCARTADO-con-razón	homónimo administrativo: campo de estatus de registro de cambio (ENOE/ENIGH), no sensibilidad al estatus social	inventario-reactivos-v1_2	estatus
G4	sens_estatus	theta	Estatus del cambio	enoe2024		id	DESCARTADO-con-razón	homónimo administrativo: campo de estatus de registro de cambio (ENOE/ENIGH), no sensibilidad al estatus social	inventario-reactivos-v1_2	estatus
G4	sens_estatus	theta	Estatus del cambio	enoen2020		id	DESCARTADO-con-razón	homónimo administrativo: campo de estatus de registro de cambio (ENOE/ENIGH), no sensibilidad al estatus social	inventario-reactivos-v1_2	estatus
G4	sens_estatus	theta	Estatus del cambio	enoen2020		id	DESCARTADO-con-razón	homónimo administrativo: campo de estatus de registro de cambio (ENOE/ENIGH), no sensibilidad al estatus social	inventario-reactivos-v1_2	estatus
G4	sens_estatus	theta	Estatus del cambio	enoen2020		id	DESCARTADO-con-razón	homónimo administrativo: campo de estatus de registro de cambio (ENOE/ENIGH), no sensibilidad al estatus social	inventario-reactivos-v1_2	estatus
G4	sens_estatus	theta	Estatus del cambio	enoen2020		id	DESCARTADO-con-razón	homónimo administrativo: campo de estatus de registro de cambio (ENOE/ENIGH), no sensibilidad al estatus social	inventario-reactivos-v1_2	estatus
G4	sens_estatus	theta	Estatus del cambio	enoen2020		id	DESCARTADO-con-razón	homónimo administrativo: campo de estatus de registro de cambio (ENOE/ENIGH), no sensibilidad al estatus social	inventario-reactivos-v1_2	estatus
G4	sens_estatus	theta	Estatus del cambio	enoen2020		id	DESCARTADO-con-razón	homónimo administrativo: campo de estatus de registro de cambio (ENOE/ENIGH), no sensibilidad al estatus social	inventario-reactivos-v1_2	estatus
G4	sens_estatus	theta	Estatus del cambio	enoen2020		id	DESCARTADO-con-razón	homónimo administrativo: campo de estatus de registro de cambio (ENOE/ENIGH), no sensibilidad al estatus social	inventario-reactivos-v1_2	estatus
G4	sens_estatus	theta	Estatus del cambio	enoen2020		id	DESCARTADO-con-razón	homónimo administrativo: campo de estatus de registro de cambio (ENOE/ENIGH), no sensibilidad al estatus social	inventario-reactivos-v1_2	estatus
G4	sens_estatus	theta	Estatus del cambio	enoen2020		id	DESCARTADO-con-razón	homónimo administrativo: campo de estatus de registro de cambio (ENOE/ENIGH), no sensibilidad al estatus social	inventario-reactivos-v1_2	estatus
G4	sens_estatus	theta	Estatus del cambio	enoen2020		id	DESCARTADO-con-razón	homónimo administrativo: campo de estatus de registro de cambio (ENOE/ENIGH), no sensibilidad al estatus social	inventario-reactivos-v1_2	estatus
G4	sens_estatus	theta	Estatus del cambio	enoen2021		id	DESCARTADO-con-razón	homónimo administrativo: campo de estatus de registro de cambio (ENOE/ENIGH), no sensibilidad al estatus social	inventario-reactivos-v1_2	estatus
G4	sens_estatus	theta	Estatus del cambio	enoen2021		id	DESCARTADO-con-razón	homónimo administrativo: campo de estatus de registro de cambio (ENOE/ENIGH), no sensibilidad al estatus social	inventario-reactivos-v1_2	estatus
G4	sens_estatus	theta	Estatus del cambio	enoen2021		id	DESCARTADO-con-razón	homónimo administrativo: campo de estatus de registro de cambio (ENOE/ENIGH), no sensibilidad al estatus social	inventario-reactivos-v1_2	estatus
G4	sens_estatus	theta	Estatus del cambio	enoen2021		id	DESCARTADO-con-razón	homónimo administrativo: campo de estatus de registro de cambio (ENOE/ENIGH), no sensibilidad al estatus social	inventario-reactivos-v1_2	estatus
G4	sens_estatus	theta	Estatus del cambio	enoen2021		id	DESCARTADO-con-razón	homónimo administrativo: campo de estatus de registro de cambio (ENOE/ENIGH), no sensibilidad al estatus social	inventario-reactivos-v1_2	estatus
G4	sens_estatus	theta	Estatus del cambio	enoen2021		id	DESCARTADO-con-razón	homónimo administrativo: campo de estatus de registro de cambio (ENOE/ENIGH), no sensibilidad al estatus social	inventario-reactivos-v1_2	estatus
G4	sens_estatus	theta	Estatus del cambio	enoen2021		id	DESCARTADO-con-razón	homónimo administrativo: campo de estatus de registro de cambio (ENOE/ENIGH), no sensibilidad al estatus social	inventario-reactivos-v1_2	estatus
G4	sens_estatus	theta	Estatus del cambio	enoen2021		id	DESCARTADO-con-razón	homónimo administrativo: campo de estatus de registro de cambio (ENOE/ENIGH), no sensibilidad al estatus social	inventario-reactivos-v1_2	estatus
G4	sens_estatus	theta	Estatus del cambio	enoen2021		id	DESCARTADO-con-razón	homónimo administrativo: campo de estatus de registro de cambio (ENOE/ENIGH), no sensibilidad al estatus social	inventario-reactivos-v1_2	estatus
G4	sens_estatus	theta	Estatus del cambio	enoen2021		id	DESCARTADO-con-razón	homónimo administrativo: campo de estatus de registro de cambio (ENOE/ENIGH), no sensibilidad al estatus social	inventario-reactivos-v1_2	estatus
G4	sens_estatus	theta	Estatus del cambio	enoen2021		id	DESCARTADO-con-razón	homónimo administrativo: campo de estatus de registro de cambio (ENOE/ENIGH), no sensibilidad al estatus social	inventario-reactivos-v1_2	estatus
G4	sens_estatus	theta	Estatus del cambio	enoen2021		id	DESCARTADO-con-razón	homónimo administrativo: campo de estatus de registro de cambio (ENOE/ENIGH), no sensibilidad al estatus social	inventario-reactivos-v1_2	estatus
G4	sens_estatus	theta	Estatus del cambio	enoen2021		id	DESCARTADO-con-razón	homónimo administrativo: campo de estatus de registro de cambio (ENOE/ENIGH), no sensibilidad al estatus social	inventario-reactivos-v1_2	estatus
G4	sens_estatus	theta	Estatus del cambio	enoen2021		id	DESCARTADO-con-razón	homónimo administrativo: campo de estatus de registro de cambio (ENOE/ENIGH), no sensibilidad al estatus social	inventario-reactivos-v1_2	estatus
G4	sens_estatus	theta	Estatus del cambio	enoen2021		id	DESCARTADO-con-razón	homónimo administrativo: campo de estatus de registro de cambio (ENOE/ENIGH), no sensibilidad al estatus social	inventario-reactivos-v1_2	estatus
G4	sens_estatus	theta	Estatus del cambio	enoen2021		id	DESCARTADO-con-razón	homónimo administrativo: campo de estatus de registro de cambio (ENOE/ENIGH), no sensibilidad al estatus social	inventario-reactivos-v1_2	estatus
G4	sens_estatus	theta	Estatus del cambio	enoen2021		id	DESCARTADO-con-razón	homónimo administrativo: campo de estatus de registro de cambio (ENOE/ENIGH), no sensibilidad al estatus social	inventario-reactivos-v1_2	estatus
G4	sens_estatus	theta	Estatus del cambio	enoen2022		id	DESCARTADO-con-razón	homónimo administrativo: campo de estatus de registro de cambio (ENOE/ENIGH), no sensibilidad al estatus social	inventario-reactivos-v1_2	estatus
G4	sens_estatus	theta	Estatus del cambio	enoen2022		id	DESCARTADO-con-razón	homónimo administrativo: campo de estatus de registro de cambio (ENOE/ENIGH), no sensibilidad al estatus social	inventario-reactivos-v1_2	estatus
G4	sens_estatus	theta	ESTATUS	endutih2024		id	DESCARTADO-con-razón	homónimo administrativo: campo de estatus de registro/trámite, no sensibilidad al estatus social	inventario-reactivos-v1_2	estatus
G4	sens_estatus	theta	ESTATUS	endutih2024		id	DESCARTADO-con-razón	homónimo administrativo: campo de estatus de registro/trámite, no sensibilidad al estatus social	inventario-reactivos-v1_2	estatus
G4	sens_estatus	theta	ESTATUS	endutih2024		id	DESCARTADO-con-razón	homónimo administrativo: campo de estatus de registro/trámite, no sensibilidad al estatus social	inventario-reactivos-v1_2	estatus
G4	sens_estatus	theta	ESTATUS	endutih2024		id	DESCARTADO-con-razón	homónimo administrativo: campo de estatus de registro/trámite, no sensibilidad al estatus social	inventario-reactivos-v1_2	estatus
G4	sens_estatus	theta	ESTATUS	endutih2024		id	DESCARTADO-con-razón	homónimo administrativo: campo de estatus de registro/trámite, no sensibilidad al estatus social	inventario-reactivos-v1_2	estatus
G4	sens_estatus	theta	ESTATUS	endutih2025		id	DESCARTADO-con-razón	homónimo administrativo: campo de estatus de registro/trámite, no sensibilidad al estatus social	inventario-reactivos-v1_2	estatus
G4	sens_estatus	theta	ESTATUS	endutih2025		id	DESCARTADO-con-razón	homónimo administrativo: campo de estatus de registro/trámite, no sensibilidad al estatus social	inventario-reactivos-v1_2	estatus
G4	sens_estatus	theta	ESTATUS	endutih2025		id	DESCARTADO-con-razón	homónimo administrativo: campo de estatus de registro/trámite, no sensibilidad al estatus social	inventario-reactivos-v1_2	estatus
G4	sens_estatus	theta	ESTATUS	endutih2025		id	DESCARTADO-con-razón	homónimo administrativo: campo de estatus de registro/trámite, no sensibilidad al estatus social	inventario-reactivos-v1_2	estatus
G4	sens_estatus	theta	ESTATUS	endutih2025		id	DESCARTADO-con-razón	homónimo administrativo: campo de estatus de registro/trámite, no sensibilidad al estatus social	inventario-reactivos-v1_2	estatus
G4	sens_estatus	theta	Estatus del cambio	enigh2016		id	DESCARTADO-con-razón	homónimo administrativo: campo de estatus de registro de cambio (ENOE/ENIGH), no sensibilidad al estatus social	inventario-reactivos-v1_2	estatus
G4	sens_estatus	theta	Estatus del cambio	enigh2016		id	DESCARTADO-con-razón	homónimo administrativo: campo de estatus de registro de cambio (ENOE/ENIGH), no sensibilidad al estatus social	inventario-reactivos-v1_2	estatus
G4	sens_estatus	theta	Estatus del cambio	enigh2018		id	DESCARTADO-con-razón	homónimo administrativo: campo de estatus de registro de cambio (ENOE/ENIGH), no sensibilidad al estatus social	inventario-reactivos-v1_2	estatus
G4	sens_estatus	theta	Estatus del cambio	enigh2018		id	DESCARTADO-con-razón	homónimo administrativo: campo de estatus de registro de cambio (ENOE/ENIGH), no sensibilidad al estatus social	inventario-reactivos-v1_2	estatus
G4	sens_estatus	theta	code_status	(sin-instrumento-derivable)		id	DESCARTADO-con-razón	homónimo administrativo: código de estatus de procesamiento, no sensibilidad al estatus social	inventario-reactivos-v1_2	status
G4	sens_estatus	theta	estatus_casilla	(sin-instrumento-derivable)		id	DESCARTADO-con-razón	homónimo administrativo: estatus de casilla electoral, no sensibilidad al estatus social	inventario-reactivos-v1_2	estatus
G4	sens_estatus	theta	estatus_casilla	(sin-instrumento-derivable)		id	DESCARTADO-con-razón	homónimo administrativo: estatus de casilla electoral, no sensibilidad al estatus social	inventario-reactivos-v1_2	estatus
G4	sens_estatus	theta	estatus_casilla	(sin-instrumento-derivable)		id	DESCARTADO-con-razón	homónimo administrativo: estatus de casilla electoral, no sensibilidad al estatus social	inventario-reactivos-v1_2	estatus
G4	sens_estatus	theta	estatus_casilla	(sin-instrumento-derivable)		id	DESCARTADO-con-razón	homónimo administrativo: estatus de casilla electoral, no sensibilidad al estatus social	inventario-reactivos-v1_2	estatus
G4	sens_estatus	theta	estatus_casilla	(sin-instrumento-derivable)		id	DESCARTADO-con-razón	homónimo administrativo: estatus de casilla electoral, no sensibilidad al estatus social	inventario-reactivos-v1_2	estatus
G4	sens_estatus	theta	estatus_casilla	(sin-instrumento-derivable)		id	DESCARTADO-con-razón	homónimo administrativo: estatus de casilla electoral, no sensibilidad al estatus social	inventario-reactivos-v1_2	estatus
G4	sens_estatus	theta	estatus_casilla	(sin-instrumento-derivable)		id	DESCARTADO-con-razón	homónimo administrativo: estatus de casilla electoral, no sensibilidad al estatus social	inventario-reactivos-v1_2	estatus
G4	sens_estatus	theta	estatus_casilla	(sin-instrumento-derivable)		id	DESCARTADO-con-razón	homónimo administrativo: estatus de casilla electoral, no sensibilidad al estatus social	inventario-reactivos-v1_2	estatus
G4	sens_estatus	theta	estatus_casilla	(sin-instrumento-derivable)		id	DESCARTADO-con-razón	homónimo administrativo: estatus de casilla electoral, no sensibilidad al estatus social	inventario-reactivos-v1_2	estatus
G4	sens_estatus	theta	ESTATUS_ ACTA	(sin-instrumento-derivable)		id	DESCARTADO-con-razón	homónimo administrativo: estatus de acta/documento, no sensibilidad al estatus social	inventario-reactivos-v1_2	estatus
G4	sens_estatus	theta	ESTATUS_ACTA	(sin-instrumento-derivable)		id	DESCARTADO-con-razón	homónimo administrativo: estatus de acta/documento, no sensibilidad al estatus social	inventario-reactivos-v1_2	estatus
G4	sens_estatus	theta	estatus_casilla	(sin-instrumento-derivable)		id	DESCARTADO-con-razón	homónimo administrativo: estatus de casilla electoral, no sensibilidad al estatus social	inventario-reactivos-v1_2	estatus
G4	sens_estatus	theta	estatus_casilla	(sin-instrumento-derivable)		id	DESCARTADO-con-razón	homónimo administrativo: estatus de casilla electoral, no sensibilidad al estatus social	inventario-reactivos-v1_2	estatus
G4	sens_estatus	theta	estatus_casilla	(sin-instrumento-derivable)		id	DESCARTADO-con-razón	homónimo administrativo: estatus de casilla electoral, no sensibilidad al estatus social	inventario-reactivos-v1_2	estatus
G4	sens_estatus	theta	estatus_casilla	(sin-instrumento-derivable)		id	DESCARTADO-con-razón	homónimo administrativo: estatus de casilla electoral, no sensibilidad al estatus social	inventario-reactivos-v1_2	estatus
G4	sens_estatus	theta	estatus_casilla	(sin-instrumento-derivable)		id	DESCARTADO-con-razón	homónimo administrativo: estatus de casilla electoral, no sensibilidad al estatus social	inventario-reactivos-v1_2	estatus
G4	sens_estatus	theta	estatus_casilla	(sin-instrumento-derivable)		id	DESCARTADO-con-razón	homónimo administrativo: estatus de casilla electoral, no sensibilidad al estatus social	inventario-reactivos-v1_2	estatus
G4	sens_estatus	theta	estatus_casilla	(sin-instrumento-derivable)		id	DESCARTADO-con-razón	homónimo administrativo: estatus de casilla electoral, no sensibilidad al estatus social	inventario-reactivos-v1_2	estatus
G4	sens_estatus	theta	estatus_casilla	(sin-instrumento-derivable)		id	DESCARTADO-con-razón	homónimo administrativo: estatus de casilla electoral, no sensibilidad al estatus social	inventario-reactivos-v1_2	estatus
G4	sens_estatus	theta	estatus_casilla	(sin-instrumento-derivable)		id	DESCARTADO-con-razón	homónimo administrativo: estatus de casilla electoral, no sensibilidad al estatus social	inventario-reactivos-v1_2	estatus
G4	sens_estatus	theta	estatus_casilla	(sin-instrumento-derivable)		id	DESCARTADO-con-razón	homónimo administrativo: estatus de casilla electoral, no sensibilidad al estatus social	inventario-reactivos-v1_2	estatus
G4	sens_estatus	theta	Estatus: APROBADO	(sin-instrumento-derivable)		id	DESCARTADO-con-razón	homónimo administrativo: estatus de aprobación de trámite, no sensibilidad al estatus social	inventario-reactivos-v1_2	estatus
G4	sens_estatus	theta	Estatus: APROBADO	(sin-instrumento-derivable)		id	DESCARTADO-con-razón	homónimo administrativo: estatus de aprobación de trámite, no sensibilidad al estatus social	inventario-reactivos-v1_2	estatus
G4	sens_estatus	theta	Estatus: APROBADO	(sin-instrumento-derivable)		id	DESCARTADO-con-razón	homónimo administrativo: estatus de aprobación de trámite, no sensibilidad al estatus social	inventario-reactivos-v1_2	estatus
G4	sens_estatus	theta	Estatus: APROBADO	(sin-instrumento-derivable)		id	DESCARTADO-con-razón	homónimo administrativo: estatus de aprobación de trámite, no sensibilidad al estatus social	inventario-reactivos-v1_2	estatus
G4	sens_estatus	theta	Estatus: APROBADO	(sin-instrumento-derivable)		id	DESCARTADO-con-razón	homónimo administrativo: estatus de aprobación de trámite, no sensibilidad al estatus social	inventario-reactivos-v1_2	estatus
G4	sens_estatus	theta	Estatus: APROBADO	(sin-instrumento-derivable)		id	DESCARTADO-con-razón	homónimo administrativo: estatus de aprobación de trámite, no sensibilidad al estatus social	inventario-reactivos-v1_2	estatus
G4	sens_estatus	theta	Estatus: APROBADO	(sin-instrumento-derivable)		id	DESCARTADO-con-razón	homónimo administrativo: estatus de aprobación de trámite, no sensibilidad al estatus social	inventario-reactivos-v1_2	estatus
G4	sens_estatus	theta	Estatus: APROBADO	(sin-instrumento-derivable)		id	DESCARTADO-con-razón	homónimo administrativo: estatus de aprobación de trámite, no sensibilidad al estatus social	inventario-reactivos-v1_2	estatus
G4	sens_estatus	theta	Estatus: APROBADO	(sin-instrumento-derivable)		id	DESCARTADO-con-razón	homónimo administrativo: estatus de aprobación de trámite, no sensibilidad al estatus social	inventario-reactivos-v1_2	estatus
G4	sens_estatus	theta	Estatus: APROBADO	(sin-instrumento-derivable)		id	DESCARTADO-con-razón	homónimo administrativo: estatus de aprobación de trámite, no sensibilidad al estatus social	inventario-reactivos-v1_2	estatus
G4	sens_estatus	theta	Estatus: APROBADO	(sin-instrumento-derivable)		id	DESCARTADO-con-razón	homónimo administrativo: estatus de aprobación de trámite, no sensibilidad al estatus social	inventario-reactivos-v1_2	estatus
G4	sens_estatus	theta	Estatus: APROBADO	(sin-instrumento-derivable)		id	DESCARTADO-con-razón	homónimo administrativo: estatus de aprobación de trámite, no sensibilidad al estatus social	inventario-reactivos-v1_2	estatus
G4	sens_estatus	theta	Estatus: APROBADO	(sin-instrumento-derivable)		id	DESCARTADO-con-razón	homónimo administrativo: estatus de aprobación de trámite, no sensibilidad al estatus social	inventario-reactivos-v1_2	estatus
G4	sens_estatus	theta	Estatus: APROBADO	(sin-instrumento-derivable)		id	DESCARTADO-con-razón	homónimo administrativo: estatus de aprobación de trámite, no sensibilidad al estatus social	inventario-reactivos-v1_2	estatus
G4	sens_estatus	theta	Estatus: APROBADO	(sin-instrumento-derivable)		id	DESCARTADO-con-razón	homónimo administrativo: estatus de aprobación de trámite, no sensibilidad al estatus social	inventario-reactivos-v1_2	estatus
G4	sens_estatus	theta	Estatus: APROBADO	(sin-instrumento-derivable)		id	DESCARTADO-con-razón	homónimo administrativo: estatus de aprobación de trámite, no sensibilidad al estatus social	inventario-reactivos-v1_2	estatus
G4	sens_estatus	theta	Estatus: APROBADO	(sin-instrumento-derivable)		id	DESCARTADO-con-razón	homónimo administrativo: estatus de aprobación de trámite, no sensibilidad al estatus social	inventario-reactivos-v1_2	estatus
G4	sens_estatus	theta	Estatus: APROBADO	(sin-instrumento-derivable)		id	DESCARTADO-con-razón	homónimo administrativo: estatus de aprobación de trámite, no sensibilidad al estatus social	inventario-reactivos-v1_2	estatus
G4	sens_estatus	theta	Estatus: APROBADO	(sin-instrumento-derivable)		id	DESCARTADO-con-razón	homónimo administrativo: estatus de aprobación de trámite, no sensibilidad al estatus social	inventario-reactivos-v1_2	estatus
G4	sens_estatus	theta	Estatus: APROBADO	(sin-instrumento-derivable)		id	DESCARTADO-con-razón	homónimo administrativo: estatus de aprobación de trámite, no sensibilidad al estatus social	inventario-reactivos-v1_2	estatus
G4	sens_estatus	theta	Estatus: APROBADO	(sin-instrumento-derivable)		id	DESCARTADO-con-razón	homónimo administrativo: estatus de aprobación de trámite, no sensibilidad al estatus social	inventario-reactivos-v1_2	estatus
G4	sens_estatus	theta	Estatus: APROBADO	(sin-instrumento-derivable)		id	DESCARTADO-con-razón	homónimo administrativo: estatus de aprobación de trámite, no sensibilidad al estatus social	inventario-reactivos-v1_2	estatus
G4	sens_estatus	theta	Estatus: APROBADO	(sin-instrumento-derivable)		id	DESCARTADO-con-razón	homónimo administrativo: estatus de aprobación de trámite, no sensibilidad al estatus social	inventario-reactivos-v1_2	estatus
G4	sens_estatus	theta	Estatus: APROBADO	(sin-instrumento-derivable)		id	DESCARTADO-con-razón	homónimo administrativo: estatus de aprobación de trámite, no sensibilidad al estatus social	inventario-reactivos-v1_2	estatus
G4	sens_estatus	theta	Estatus: APROBADO	(sin-instrumento-derivable)		id	DESCARTADO-con-razón	homónimo administrativo: estatus de aprobación de trámite, no sensibilidad al estatus social	inventario-reactivos-v1_2	estatus
G4	sens_estatus	theta	Estatus: APROBADO	(sin-instrumento-derivable)		id	DESCARTADO-con-razón	homónimo administrativo: estatus de aprobación de trámite, no sensibilidad al estatus social	inventario-reactivos-v1_2	estatus
G4	sens_estatus	theta	Estatus: APROBADO	(sin-instrumento-derivable)		id	DESCARTADO-con-razón	homónimo administrativo: estatus de aprobación de trámite, no sensibilidad al estatus social	inventario-reactivos-v1_2	estatus
G4	sens_estatus	theta	Estatus: APROBADO	(sin-instrumento-derivable)		id	DESCARTADO-con-razón	homónimo administrativo: estatus de aprobación de trámite, no sensibilidad al estatus social	inventario-reactivos-v1_2	estatus
G4	sens_estatus	theta	Estatus: APROBADO	(sin-instrumento-derivable)		id	DESCARTADO-con-razón	homónimo administrativo: estatus de aprobación de trámite, no sensibilidad al estatus social	inventario-reactivos-v1_2	estatus
G4	sens_estatus	theta	Estatus: APROBADO	(sin-instrumento-derivable)		id	DESCARTADO-con-razón	homónimo administrativo: estatus de aprobación de trámite, no sensibilidad al estatus social	inventario-reactivos-v1_2	estatus
G4	sens_estatus	theta	Estatus: APROBADO	(sin-instrumento-derivable)		id	DESCARTADO-con-razón	homónimo administrativo: estatus de aprobación de trámite, no sensibilidad al estatus social	inventario-reactivos-v1_2	estatus
G4	sens_estatus	theta	Estatus: APROBADO	(sin-instrumento-derivable)		id	DESCARTADO-con-razón	homónimo administrativo: estatus de aprobación de trámite, no sensibilidad al estatus social	inventario-reactivos-v1_2	estatus
G4	sens_estatus	theta	Estatus: APROBADO	(sin-instrumento-derivable)		id	DESCARTADO-con-razón	homónimo administrativo: estatus de aprobación de trámite, no sensibilidad al estatus social	inventario-reactivos-v1_2	estatus
G4	sens_estatus	theta	Estatus: APROBADO	(sin-instrumento-derivable)		id	DESCARTADO-con-razón	homónimo administrativo: estatus de aprobación de trámite, no sensibilidad al estatus social	inventario-reactivos-v1_2	estatus
G4	sens_estatus	theta	Estatus: APROBADO	(sin-instrumento-derivable)		id	DESCARTADO-con-razón	homónimo administrativo: estatus de aprobación de trámite, no sensibilidad al estatus social	inventario-reactivos-v1_2	estatus
G4	sens_estatus	theta	Estatus: APROBADO	(sin-instrumento-derivable)		id	DESCARTADO-con-razón	homónimo administrativo: estatus de aprobación de trámite, no sensibilidad al estatus social	inventario-reactivos-v1_2	estatus
G4	sens_estatus	theta	Estatus: APROBADO	(sin-instrumento-derivable)		id	DESCARTADO-con-razón	homónimo administrativo: estatus de aprobación de trámite, no sensibilidad al estatus social	inventario-reactivos-v1_2	estatus
G4	sens_estatus	theta	Estatus: APROBADO	(sin-instrumento-derivable)		id	DESCARTADO-con-razón	homónimo administrativo: estatus de aprobación de trámite, no sensibilidad al estatus social	inventario-reactivos-v1_2	estatus
G4	sens_estatus	theta	Estatus: APROBADO	(sin-instrumento-derivable)		id	DESCARTADO-con-razón	homónimo administrativo: estatus de aprobación de trámite, no sensibilidad al estatus social	inventario-reactivos-v1_2	estatus
G4	sens_estatus	theta	Estatus: APROBADO	(sin-instrumento-derivable)		id	DESCARTADO-con-razón	homónimo administrativo: estatus de aprobación de trámite, no sensibilidad al estatus social	inventario-reactivos-v1_2	estatus
G4	sens_estatus	theta	Estatus: APROBADO	(sin-instrumento-derivable)		id	DESCARTADO-con-razón	homónimo administrativo: estatus de aprobación de trámite, no sensibilidad al estatus social	inventario-reactivos-v1_2	estatus
G4	sens_estatus	theta	Estatus: APROBADO	(sin-instrumento-derivable)		id	DESCARTADO-con-razón	homónimo administrativo: estatus de aprobación de trámite, no sensibilidad al estatus social	inventario-reactivos-v1_2	estatus
G4	sens_estatus	theta	Estatus: APROBADO	(sin-instrumento-derivable)		id	DESCARTADO-con-razón	homónimo administrativo: estatus de aprobación de trámite, no sensibilidad al estatus social	inventario-reactivos-v1_2	estatus
G4	sens_estatus	theta	Estatus: APROBADO	(sin-instrumento-derivable)		id	DESCARTADO-con-razón	homónimo administrativo: estatus de aprobación de trámite, no sensibilidad al estatus social	inventario-reactivos-v1_2	estatus
G4	sens_estatus	theta	Estatus: APROBADO	(sin-instrumento-derivable)		id	DESCARTADO-con-razón	homónimo administrativo: estatus de aprobación de trámite, no sensibilidad al estatus social	inventario-reactivos-v1_2	estatus
G4	sens_estatus	theta	Estatus: APROBADO	(sin-instrumento-derivable)		id	DESCARTADO-con-razón	homónimo administrativo: estatus de aprobación de trámite, no sensibilidad al estatus social	inventario-reactivos-v1_2	estatus
G4	sens_estatus	theta	Estatus: APROBADO	(sin-instrumento-derivable)		id	DESCARTADO-con-razón	homónimo administrativo: estatus de aprobación de trámite, no sensibilidad al estatus social	inventario-reactivos-v1_2	estatus
G4	sens_estatus	theta	Estatus: APROBADO	(sin-instrumento-derivable)		id	DESCARTADO-con-razón	homónimo administrativo: estatus de aprobación de trámite, no sensibilidad al estatus social	inventario-reactivos-v1_2	estatus
G4	sens_estatus	theta	Estatus: APROBADO	(sin-instrumento-derivable)		id	DESCARTADO-con-razón	homónimo administrativo: estatus de aprobación de trámite, no sensibilidad al estatus social	inventario-reactivos-v1_2	estatus
G4	sens_estatus	theta	Estatus: APROBADO	(sin-instrumento-derivable)		id	DESCARTADO-con-razón	homónimo administrativo: estatus de aprobación de trámite, no sensibilidad al estatus social	inventario-reactivos-v1_2	estatus
G4	sens_estatus	theta	Estatus: APROBADO	(sin-instrumento-derivable)		id	DESCARTADO-con-razón	homónimo administrativo: estatus de aprobación de trámite, no sensibilidad al estatus social	inventario-reactivos-v1_2	estatus
G4	sens_estatus	theta	Estatus: APROBADO	(sin-instrumento-derivable)		id	DESCARTADO-con-razón	homónimo administrativo: estatus de aprobación de trámite, no sensibilidad al estatus social	inventario-reactivos-v1_2	estatus
G4	sens_estatus	theta	Estatus: APROBADO	(sin-instrumento-derivable)		id	DESCARTADO-con-razón	homónimo administrativo: estatus de aprobación de trámite, no sensibilidad al estatus social	inventario-reactivos-v1_2	estatus
G4	sens_estatus	theta	Estatus: APROBADO	(sin-instrumento-derivable)		id	DESCARTADO-con-razón	homónimo administrativo: estatus de aprobación de trámite, no sensibilidad al estatus social	inventario-reactivos-v1_2	estatus
G4	sens_estatus	theta	Estatus: APROBADO	(sin-instrumento-derivable)		id	DESCARTADO-con-razón	homónimo administrativo: estatus de aprobación de trámite, no sensibilidad al estatus social	inventario-reactivos-v1_2	estatus
G4	sens_estatus	theta	Estatus: APROBADO	(sin-instrumento-derivable)		id	DESCARTADO-con-razón	homónimo administrativo: estatus de aprobación de trámite, no sensibilidad al estatus social	inventario-reactivos-v1_2	estatus
G4	sens_estatus	theta	Estatus: APROBADO	(sin-instrumento-derivable)		id	DESCARTADO-con-razón	homónimo administrativo: estatus de aprobación de trámite, no sensibilidad al estatus social	inventario-reactivos-v1_2	estatus
G4	sens_estatus	theta	Estatus: APROBADO	(sin-instrumento-derivable)		id	DESCARTADO-con-razón	homónimo administrativo: estatus de aprobación de trámite, no sensibilidad al estatus social	inventario-reactivos-v1_2	estatus
G4	sens_estatus	theta	Estatus: APROBADO	(sin-instrumento-derivable)		id	DESCARTADO-con-razón	homónimo administrativo: estatus de aprobación de trámite, no sensibilidad al estatus social	inventario-reactivos-v1_2	estatus
G4	sens_estatus	theta	Estatus: APROBADO	(sin-instrumento-derivable)		id	DESCARTADO-con-razón	homónimo administrativo: estatus de aprobación de trámite, no sensibilidad al estatus social	inventario-reactivos-v1_2	estatus
G4	sens_estatus	theta	Estatus: APROBADO	(sin-instrumento-derivable)		id	DESCARTADO-con-razón	homónimo administrativo: estatus de aprobación de trámite, no sensibilidad al estatus social	inventario-reactivos-v1_2	estatus
G4	sens_estatus	theta	Estatus: APROBADO	(sin-instrumento-derivable)		id	DESCARTADO-con-razón	homónimo administrativo: estatus de aprobación de trámite, no sensibilidad al estatus social	inventario-reactivos-v1_2	estatus
G4	sens_estatus	theta	Estatus: APROBADO	(sin-instrumento-derivable)		id	DESCARTADO-con-razón	homónimo administrativo: estatus de aprobación de trámite, no sensibilidad al estatus social	inventario-reactivos-v1_2	estatus
G4	sens_estatus	theta	Estatus: APROBADO	(sin-instrumento-derivable)		id	DESCARTADO-con-razón	homónimo administrativo: estatus de aprobación de trámite, no sensibilidad al estatus social	inventario-reactivos-v1_2	estatus
G4	sens_estatus	theta	Estatus: APROBADO	(sin-instrumento-derivable)		id	DESCARTADO-con-razón	homónimo administrativo: estatus de aprobación de trámite, no sensibilidad al estatus social	inventario-reactivos-v1_2	estatus
G4	sens_estatus	theta	Estatus: APROBADO	(sin-instrumento-derivable)		id	DESCARTADO-con-razón	homónimo administrativo: estatus de aprobación de trámite, no sensibilidad al estatus social	inventario-reactivos-v1_2	estatus
G4	sens_estatus	theta	Estatus: APROBADO	(sin-instrumento-derivable)		id	DESCARTADO-con-razón	homónimo administrativo: estatus de aprobación de trámite, no sensibilidad al estatus social	inventario-reactivos-v1_2	estatus
G4	sens_estatus	theta	Estatus: APROBADO	(sin-instrumento-derivable)		id	DESCARTADO-con-razón	homónimo administrativo: estatus de aprobación de trámite, no sensibilidad al estatus social	inventario-reactivos-v1_2	estatus
G4	sens_estatus	theta	Estatus: APROBADO	(sin-instrumento-derivable)		id	DESCARTADO-con-razón	homónimo administrativo: estatus de aprobación de trámite, no sensibilidad al estatus social	inventario-reactivos-v1_2	estatus
G4	sens_estatus	theta	Estatus: APROBADO	(sin-instrumento-derivable)		id	DESCARTADO-con-razón	homónimo administrativo: estatus de aprobación de trámite, no sensibilidad al estatus social	inventario-reactivos-v1_2	estatus
G4	sens_estatus	theta	Estatus: APROBADO	(sin-instrumento-derivable)		id	DESCARTADO-con-razón	homónimo administrativo: estatus de aprobación de trámite, no sensibilidad al estatus social	inventario-reactivos-v1_2	estatus
G4	sens_estatus	theta	Estatus: APROBADO	(sin-instrumento-derivable)		id	DESCARTADO-con-razón	homónimo administrativo: estatus de aprobación de trámite, no sensibilidad al estatus social	inventario-reactivos-v1_2	estatus
G4	sens_estatus	theta	Estatus: APROBADO	(sin-instrumento-derivable)		id	DESCARTADO-con-razón	homónimo administrativo: estatus de aprobación de trámite, no sensibilidad al estatus social	inventario-reactivos-v1_2	estatus
G4	sens_estatus	theta	Estatus: APROBADO	(sin-instrumento-derivable)		id	DESCARTADO-con-razón	homónimo administrativo: estatus de aprobación de trámite, no sensibilidad al estatus social	inventario-reactivos-v1_2	estatus
G4	sens_estatus	theta	Estatus: APROBADO	(sin-instrumento-derivable)		id	DESCARTADO-con-razón	homónimo administrativo: estatus de aprobación de trámite, no sensibilidad al estatus social	inventario-reactivos-v1_2	estatus
G4	sens_estatus	theta	Estatus: APROBADO	(sin-instrumento-derivable)		id	DESCARTADO-con-razón	homónimo administrativo: estatus de aprobación de trámite, no sensibilidad al estatus social	inventario-reactivos-v1_2	estatus
G4	sens_estatus	theta	Estatus: APROBADO	(sin-instrumento-derivable)		id	DESCARTADO-con-razón	homónimo administrativo: estatus de aprobación de trámite, no sensibilidad al estatus social	inventario-reactivos-v1_2	estatus
G4	sens_estatus	theta	Estatus: APROBADO	(sin-instrumento-derivable)		id	DESCARTADO-con-razón	homónimo administrativo: estatus de aprobación de trámite, no sensibilidad al estatus social	inventario-reactivos-v1_2	estatus
G4	sens_estatus	theta	Estatus: APROBADO	(sin-instrumento-derivable)		id	DESCARTADO-con-razón	homónimo administrativo: estatus de aprobación de trámite, no sensibilidad al estatus social	inventario-reactivos-v1_2	estatus
G4	sens_estatus	theta	Estatus: APROBADO	(sin-instrumento-derivable)		id	DESCARTADO-con-razón	homónimo administrativo: estatus de aprobación de trámite, no sensibilidad al estatus social	inventario-reactivos-v1_2	estatus
G4	sens_estatus	theta	Estatus: APROBADO	(sin-instrumento-derivable)		id	DESCARTADO-con-razón	homónimo administrativo: estatus de aprobación de trámite, no sensibilidad al estatus social	inventario-reactivos-v1_2	estatus
G4	sens_estatus	theta	Estatus: APROBADO	(sin-instrumento-derivable)		id	DESCARTADO-con-razón	homónimo administrativo: estatus de aprobación de trámite, no sensibilidad al estatus social	inventario-reactivos-v1_2	estatus
G4	sens_estatus	theta	Estatus: APROBADO	(sin-instrumento-derivable)		id	DESCARTADO-con-razón	homónimo administrativo: estatus de aprobación de trámite, no sensibilidad al estatus social	inventario-reactivos-v1_2	estatus
G4	sens_estatus	theta	Estatus: APROBADO	(sin-instrumento-derivable)		id	DESCARTADO-con-razón	homónimo administrativo: estatus de aprobación de trámite, no sensibilidad al estatus social	inventario-reactivos-v1_2	estatus
G4	sens_estatus	theta	Estatus: APROBADO	(sin-instrumento-derivable)		id	DESCARTADO-con-razón	homónimo administrativo: estatus de aprobación de trámite, no sensibilidad al estatus social	inventario-reactivos-v1_2	estatus
G4	sens_estatus	theta	Estatus: APROBADO	(sin-instrumento-derivable)		id	DESCARTADO-con-razón	homónimo administrativo: estatus de aprobación de trámite, no sensibilidad al estatus social	inventario-reactivos-v1_2	estatus
G4	sens_estatus	theta	Estatus: APROBADO	(sin-instrumento-derivable)		id	DESCARTADO-con-razón	homónimo administrativo: estatus de aprobación de trámite, no sensibilidad al estatus social	inventario-reactivos-v1_2	estatus
G4	sens_estatus	theta	Estatus: APROBADO	(sin-instrumento-derivable)		id	DESCARTADO-con-razón	homónimo administrativo: estatus de aprobación de trámite, no sensibilidad al estatus social	inventario-reactivos-v1_2	estatus
G4	sens_estatus	theta	Estatus: APROBADO	(sin-instrumento-derivable)		id	DESCARTADO-con-razón	homónimo administrativo: estatus de aprobación de trámite, no sensibilidad al estatus social	inventario-reactivos-v1_2	estatus
G4	sens_estatus	theta	Estatus: APROBADO	(sin-instrumento-derivable)		id	DESCARTADO-con-razón	homónimo administrativo: estatus de aprobación de trámite, no sensibilidad al estatus social	inventario-reactivos-v1_2	estatus
G4	sens_estatus	theta	Estatus: APROBADO	(sin-instrumento-derivable)		id	DESCARTADO-con-razón	homónimo administrativo: estatus de aprobación de trámite, no sensibilidad al estatus social	inventario-reactivos-v1_2	estatus
G4	sens_estatus	theta	Estatus: APROBADO	(sin-instrumento-derivable)		id	DESCARTADO-con-razón	homónimo administrativo: estatus de aprobación de trámite, no sensibilidad al estatus social	inventario-reactivos-v1_2	estatus
G4	sens_estatus	theta	Estatus: APROBADO	(sin-instrumento-derivable)		id	DESCARTADO-con-razón	homónimo administrativo: estatus de aprobación de trámite, no sensibilidad al estatus social	inventario-reactivos-v1_2	estatus
G4	sens_estatus	theta	Estatus: APROBADO	(sin-instrumento-derivable)		id	DESCARTADO-con-razón	homónimo administrativo: estatus de aprobación de trámite, no sensibilidad al estatus social	inventario-reactivos-v1_2	estatus
G4	sens_estatus	theta	Estatus: APROBADO	(sin-instrumento-derivable)		id	DESCARTADO-con-razón	homónimo administrativo: estatus de aprobación de trámite, no sensibilidad al estatus social	inventario-reactivos-v1_2	estatus
G4	sens_estatus	theta	Estatus: APROBADO	(sin-instrumento-derivable)		id	DESCARTADO-con-razón	homónimo administrativo: estatus de aprobación de trámite, no sensibilidad al estatus social	inventario-reactivos-v1_2	estatus
G4	sens_estatus	theta	Estatus: APROBADO	(sin-instrumento-derivable)		id	DESCARTADO-con-razón	homónimo administrativo: estatus de aprobación de trámite, no sensibilidad al estatus social	inventario-reactivos-v1_2	estatus
G4	sens_estatus	theta	Estatus: APROBADO	(sin-instrumento-derivable)		id	DESCARTADO-con-razón	homónimo administrativo: estatus de aprobación de trámite, no sensibilidad al estatus social	inventario-reactivos-v1_2	estatus
G4	sens_estatus	theta	Estatus: APROBADO	(sin-instrumento-derivable)		id	DESCARTADO-con-razón	homónimo administrativo: estatus de aprobación de trámite, no sensibilidad al estatus social	inventario-reactivos-v1_2	estatus
G4	sens_estatus	theta	Estatus: APROBADO	(sin-instrumento-derivable)		id	DESCARTADO-con-razón	homónimo administrativo: estatus de aprobación de trámite, no sensibilidad al estatus social	inventario-reactivos-v1_2	estatus
G4	sens_estatus	theta	Estatus: APROBADO	(sin-instrumento-derivable)		id	DESCARTADO-con-razón	homónimo administrativo: estatus de aprobación de trámite, no sensibilidad al estatus social	inventario-reactivos-v1_2	estatus
G4	sens_estatus	theta	Estatus: APROBADO	(sin-instrumento-derivable)		id	DESCARTADO-con-razón	homónimo administrativo: estatus de aprobación de trámite, no sensibilidad al estatus social	inventario-reactivos-v1_2	estatus
G4	sens_estatus	theta	Estatus: APROBADO	(sin-instrumento-derivable)		id	DESCARTADO-con-razón	homónimo administrativo: estatus de aprobación de trámite, no sensibilidad al estatus social	inventario-reactivos-v1_2	estatus
G4	sens_estatus	theta	Estatus: APROBADO	(sin-instrumento-derivable)		id	DESCARTADO-con-razón	homónimo administrativo: estatus de aprobación de trámite, no sensibilidad al estatus social	inventario-reactivos-v1_2	estatus
G4	sens_estatus	theta	Estatus: APROBADO	(sin-instrumento-derivable)		id	DESCARTADO-con-razón	homónimo administrativo: estatus de aprobación de trámite, no sensibilidad al estatus social	inventario-reactivos-v1_2	estatus
G4	sens_estatus	theta	Estatus: APROBADO	(sin-instrumento-derivable)		id	DESCARTADO-con-razón	homónimo administrativo: estatus de aprobación de trámite, no sensibilidad al estatus social	inventario-reactivos-v1_2	estatus
G4	sens_estatus	theta	Estatus: APROBADO	(sin-instrumento-derivable)		id	DESCARTADO-con-razón	homónimo administrativo: estatus de aprobación de trámite, no sensibilidad al estatus social	inventario-reactivos-v1_2	estatus
G4	sens_estatus	theta	Estatus: APROBADO	(sin-instrumento-derivable)		id	DESCARTADO-con-razón	homónimo administrativo: estatus de aprobación de trámite, no sensibilidad al estatus social	inventario-reactivos-v1_2	estatus
G4	sens_estatus	theta	Estatus: APROBADO	(sin-instrumento-derivable)		id	DESCARTADO-con-razón	homónimo administrativo: estatus de aprobación de trámite, no sensibilidad al estatus social	inventario-reactivos-v1_2	estatus
G4	sens_estatus	theta	Estatus: APROBADO	(sin-instrumento-derivable)		id	DESCARTADO-con-razón	homónimo administrativo: estatus de aprobación de trámite, no sensibilidad al estatus social	inventario-reactivos-v1_2	estatus
G4	sens_estatus	theta	Estatus: APROBADO	(sin-instrumento-derivable)		id	DESCARTADO-con-razón	homónimo administrativo: estatus de aprobación de trámite, no sensibilidad al estatus social	inventario-reactivos-v1_2	estatus
G4	sens_estatus	theta	Estatus: APROBADO	(sin-instrumento-derivable)		id	DESCARTADO-con-razón	homónimo administrativo: estatus de aprobación de trámite, no sensibilidad al estatus social	inventario-reactivos-v1_2	estatus
G4	sens_estatus	theta	estatus_casilla	(sin-instrumento-derivable)		id	DESCARTADO-con-razón	homónimo administrativo: estatus de casilla electoral, no sensibilidad al estatus social	inventario-reactivos-v1_2	estatus
G4	sens_estatus	theta	estatus_casilla	(sin-instrumento-derivable)		id	DESCARTADO-con-razón	homónimo administrativo: estatus de casilla electoral, no sensibilidad al estatus social	inventario-reactivos-v1_2	estatus
G4	sens_estatus	theta	estatus_casilla	(sin-instrumento-derivable)		id	DESCARTADO-con-razón	homónimo administrativo: estatus de casilla electoral, no sensibilidad al estatus social	inventario-reactivos-v1_2	estatus
G4	sens_estatus	theta	estatus_casilla	(sin-instrumento-derivable)		id	DESCARTADO-con-razón	homónimo administrativo: estatus de casilla electoral, no sensibilidad al estatus social	inventario-reactivos-v1_2	estatus
G4	sens_estatus	theta	estatus_casilla	(sin-instrumento-derivable)		id	DESCARTADO-con-razón	homónimo administrativo: estatus de casilla electoral, no sensibilidad al estatus social	inventario-reactivos-v1_2	estatus
G4	sens_estatus	theta	Estatus	(sin-instrumento-derivable)		id	DESCARTADO-con-razón	homónimo administrativo: campo de estatus de registro/trámite (sin más calificador en el nombre de columna, mismo patrón que las demás variantes ESTATUS*), no sensibilidad al estatus social	inventario-reactivos-v1_2	estatus
G4	sens_estatus	theta	estatus_casilla	(sin-instrumento-derivable)		id	DESCARTADO-con-razón	homónimo administrativo: estatus de casilla electoral, no sensibilidad al estatus social	inventario-reactivos-v1_2	estatus
G4	sens_estatus	theta	estatus_casilla	(sin-instrumento-derivable)		id	DESCARTADO-con-razón	homónimo administrativo: estatus de casilla electoral, no sensibilidad al estatus social	inventario-reactivos-v1_2	estatus
G4	sens_estatus	theta	estatus_casilla	(sin-instrumento-derivable)		id	DESCARTADO-con-razón	homónimo administrativo: estatus de casilla electoral, no sensibilidad al estatus social	inventario-reactivos-v1_2	estatus
G4	sens_estatus	theta	estatus_casilla	(sin-instrumento-derivable)		id	DESCARTADO-con-razón	homónimo administrativo: estatus de casilla electoral, no sensibilidad al estatus social	inventario-reactivos-v1_2	estatus
G4	sens_estatus	theta	estatus_casilla	(sin-instrumento-derivable)		id	DESCARTADO-con-razón	homónimo administrativo: estatus de casilla electoral, no sensibilidad al estatus social	inventario-reactivos-v1_2	estatus
G4	sens_estatus	theta	estatus_casilla	(sin-instrumento-derivable)		id	DESCARTADO-con-razón	homónimo administrativo: estatus de casilla electoral, no sensibilidad al estatus social	inventario-reactivos-v1_2	estatus
G4	sens_estatus	theta	estatus_casilla	(sin-instrumento-derivable)		id	DESCARTADO-con-razón	homónimo administrativo: estatus de casilla electoral, no sensibilidad al estatus social	inventario-reactivos-v1_2	estatus
G4	sens_estatus	theta	estatus_casilla	(sin-instrumento-derivable)		id	DESCARTADO-con-razón	homónimo administrativo: estatus de casilla electoral, no sensibilidad al estatus social	inventario-reactivos-v1_2	estatus
G4	sens_estatus	theta	estatus_casilla	(sin-instrumento-derivable)		id	DESCARTADO-con-razón	homónimo administrativo: estatus de casilla electoral, no sensibilidad al estatus social	inventario-reactivos-v1_2	estatus
G4	sens_estatus	theta	estatus_casilla	(sin-instrumento-derivable)		id	DESCARTADO-con-razón	homónimo administrativo: estatus de casilla electoral, no sensibilidad al estatus social	inventario-reactivos-v1_2	estatus
G4	sens_estatus	theta	estatus_casilla	(sin-instrumento-derivable)		id	DESCARTADO-con-razón	homónimo administrativo: estatus de casilla electoral, no sensibilidad al estatus social	inventario-reactivos-v1_2	estatus
G4	sens_estatus	theta	estatus_casilla	(sin-instrumento-derivable)		id	DESCARTADO-con-razón	homónimo administrativo: estatus de casilla electoral, no sensibilidad al estatus social	inventario-reactivos-v1_2	estatus
G4	sens_estatus	theta	estatus_casilla	(sin-instrumento-derivable)		id	DESCARTADO-con-razón	homónimo administrativo: estatus de casilla electoral, no sensibilidad al estatus social	inventario-reactivos-v1_2	estatus
G4	sens_estatus	theta	estatus_casilla	(sin-instrumento-derivable)		id	DESCARTADO-con-razón	homónimo administrativo: estatus de casilla electoral, no sensibilidad al estatus social	inventario-reactivos-v1_2	estatus
G4	sens_estatus	theta	estatus_casilla	(sin-instrumento-derivable)		id	DESCARTADO-con-razón	homónimo administrativo: estatus de casilla electoral, no sensibilidad al estatus social	inventario-reactivos-v1_2	estatus
G4	sens_estatus	theta	estatus_casilla	(sin-instrumento-derivable)		id	DESCARTADO-con-razón	homónimo administrativo: estatus de casilla electoral, no sensibilidad al estatus social	inventario-reactivos-v1_2	estatus
G4	sens_estatus	theta	estatus_casilla	(sin-instrumento-derivable)		id	DESCARTADO-con-razón	homónimo administrativo: estatus de casilla electoral, no sensibilidad al estatus social	inventario-reactivos-v1_2	estatus
G4	sens_estatus	theta	estatus_casilla	(sin-instrumento-derivable)		id	DESCARTADO-con-razón	homónimo administrativo: estatus de casilla electoral, no sensibilidad al estatus social	inventario-reactivos-v1_2	estatus
G4	sens_estatus	theta	estatus_casilla	(sin-instrumento-derivable)		id	DESCARTADO-con-razón	homónimo administrativo: estatus de casilla electoral, no sensibilidad al estatus social	inventario-reactivos-v1_2	estatus
G4	sens_estatus	theta	estatus_casilla	(sin-instrumento-derivable)		id	DESCARTADO-con-razón	homónimo administrativo: estatus de casilla electoral, no sensibilidad al estatus social	inventario-reactivos-v1_2	estatus
G4	sens_estatus	theta	estatus_casilla	(sin-instrumento-derivable)		id	DESCARTADO-con-razón	homónimo administrativo: estatus de casilla electoral, no sensibilidad al estatus social	inventario-reactivos-v1_2	estatus
G4	sens_estatus	theta	ls01b	(sin-instrumento-derivable)	STATUS DE RASTREO	texto	CANDIDATO		inventario-reactivos-ext-v1_0	status
G4	sens_estatus	theta	ls01b	(sin-instrumento-derivable)	STATUS DE RASTREO	texto	CANDIDATO		inventario-reactivos-ext-v1_0	status
G4	sens_estatus	theta	ESTATUS	endutih2024	Estatus	id	DESCARTADO-con-razón	homónimo administrativo: campo de estatus de registro/trámite, no sensibilidad al estatus social	inventario-fd-v1_1	estatus
G4	sens_estatus	theta	ESTATUS	endutih2024	Estatus	texto	DESCARTADO-con-razón	homónimo administrativo: campo de estatus de registro/trámite, no sensibilidad al estatus social	inventario-fd-v1_1	estatus
G4	sens_estatus	theta	ESTATUS	endutih2024	Estatus	id	DESCARTADO-con-razón	homónimo administrativo: campo de estatus de registro/trámite, no sensibilidad al estatus social	inventario-fd-v1_1	estatus
G4	sens_estatus	theta	ESTATUS	endutih2024	Estatus	texto	DESCARTADO-con-razón	homónimo administrativo: campo de estatus de registro/trámite, no sensibilidad al estatus social	inventario-fd-v1_1	estatus
G4	sens_estatus	theta	ESTATUS	endutih2024	Estatus	id	DESCARTADO-con-razón	homónimo administrativo: campo de estatus de registro/trámite, no sensibilidad al estatus social	inventario-fd-v1_1	estatus
G4	sens_estatus	theta	ESTATUS	endutih2024	Estatus	texto	DESCARTADO-con-razón	homónimo administrativo: campo de estatus de registro/trámite, no sensibilidad al estatus social	inventario-fd-v1_1	estatus
G4	sens_estatus	theta	ESTATUS	endutih2024	Estatus	id	DESCARTADO-con-razón	homónimo administrativo: campo de estatus de registro/trámite, no sensibilidad al estatus social	inventario-fd-v1_1	estatus
G4	sens_estatus	theta	ESTATUS	endutih2024	Estatus	texto	DESCARTADO-con-razón	homónimo administrativo: campo de estatus de registro/trámite, no sensibilidad al estatus social	inventario-fd-v1_1	estatus
G4	sens_estatus	theta	ESTATUS	endutih2024	Estatus	id	DESCARTADO-con-razón	homónimo administrativo: campo de estatus de registro/trámite, no sensibilidad al estatus social	inventario-fd-v1_1	estatus
G4	sens_estatus	theta	ESTATUS	endutih2024	Estatus	texto	DESCARTADO-con-razón	homónimo administrativo: campo de estatus de registro/trámite, no sensibilidad al estatus social	inventario-fd-v1_1	estatus
G4	sens_estatus	theta	ESTATUS	endutih2025	Estatus	id	DESCARTADO-con-razón	homónimo administrativo: campo de estatus de registro/trámite, no sensibilidad al estatus social	inventario-fd-v1_1	estatus
G4	sens_estatus	theta	ESTATUS	endutih2025	Estatus	texto	DESCARTADO-con-razón	homónimo administrativo: campo de estatus de registro/trámite, no sensibilidad al estatus social	inventario-fd-v1_1	estatus
G4	sens_estatus	theta	ESTATUS	endutih2025	Estatus	id	DESCARTADO-con-razón	homónimo administrativo: campo de estatus de registro/trámite, no sensibilidad al estatus social	inventario-fd-v1_1	estatus
G4	sens_estatus	theta	ESTATUS	endutih2025	Estatus	texto	DESCARTADO-con-razón	homónimo administrativo: campo de estatus de registro/trámite, no sensibilidad al estatus social	inventario-fd-v1_1	estatus
G4	sens_estatus	theta	ESTATUS	endutih2025	Estatus	id	DESCARTADO-con-razón	homónimo administrativo: campo de estatus de registro/trámite, no sensibilidad al estatus social	inventario-fd-v1_1	estatus
G4	sens_estatus	theta	ESTATUS	endutih2025	Estatus	texto	DESCARTADO-con-razón	homónimo administrativo: campo de estatus de registro/trámite, no sensibilidad al estatus social	inventario-fd-v1_1	estatus
G4	sens_estatus	theta	ESTATUS	endutih2025	Estatus	id	DESCARTADO-con-razón	homónimo administrativo: campo de estatus de registro/trámite, no sensibilidad al estatus social	inventario-fd-v1_1	estatus
G4	sens_estatus	theta	ESTATUS	endutih2025	Estatus	texto	DESCARTADO-con-razón	homónimo administrativo: campo de estatus de registro/trámite, no sensibilidad al estatus social	inventario-fd-v1_1	estatus
G4	sens_estatus	theta	ESTATUS	endutih2025	Estatus	id	DESCARTADO-con-razón	homónimo administrativo: campo de estatus de registro/trámite, no sensibilidad al estatus social	inventario-fd-v1_1	estatus
G4	sens_estatus	theta	ESTATUS	endutih2025	Estatus	texto	DESCARTADO-con-razón	homónimo administrativo: campo de estatus de registro/trámite, no sensibilidad al estatus social	inventario-fd-v1_1	estatus
G6	deferencia	theta	P44A. ¿Qué tan de acuerdo o en desacuerdo está usted con la frase Los ciudadanos deben obedecer siempre las leyes aún cuando sean injustas	encup2012		id	CANDIDATO		inventario-reactivos-v1_2	obedece
G6	deferencia	theta	P44C. ¿Qué tan de acuerdo o en desacuerdo está usted con la frase Los ciudadanos pueden desobedecer las leyes si le parecen injustas	encup2012		id	CANDIDATO		inventario-reactivos-v1_2	obedece
G6	deferencia	theta	OBEDECER	endireh2003		id	CANDIDATO		inventario-reactivos-v1_2	obedece
G6	deferencia	theta	OBEDECER	endireh2003		id	CANDIDATO		inventario-reactivos-v1_2	obedece
G6	deferencia	theta	p12_1_1_15	endireh2016	12.1.1.15 ¿Su esposo o pareja se enoja ...porque usted no le obedece?	texto	CANDIDATO		inventario-reactivos-ext-v1_0	obedece
G6	deferencia	theta	p12_1_2_14	endireh2016	12.1.2.14 ¿Usted se enoja con él, porque él no la obedece?	texto	CANDIDATO		inventario-reactivos-ext-v1_0	obedece
