=== LOTE salud-mental — registro de búsquedas (u0busca/u0pdf/u0mf) — 2026-09-24T05:18:18Z ===
--- CMD: u0mf --busca enep
# u0mf A.13: 1680 entradas examinadas en data/manifiesto.yaml
# busca ['enep']: 0 entradas coinciden (mostradas 0)
--- CMD: u0mf --busca 'salud mental'
# u0mf A.13: 1680 entradas examinadas en data/manifiesto.yaml
# busca ['salud mental']: 0 entradas coinciden (mostradas 0)
--- CMD: u0mf --busca 'ensanut'
# u0mf A.13: 1680 entradas examinadas en data/manifiesto.yaml
1_vfinal_cuestionario_hogar_ensanut_2024_etiquetas_cuestionarios	1 VFINAL Cuestionario Hogar ENSANUT 2024_ETIQUETAS.Cuestionarios.pdf	descargas_mx	adc873843b79067a1a2212e25b1f90f6ecb916f8541ad0e42411fd933126c425	662210			https://ensanut.insp.mx/encuestas/ensanutcontinua2024/descargas.php
2_vfinal_cuestionario_nios_0_a_9_ensanut_2024_etiquetas_cuestionarios	2 VFINAL Cuestionario nios 0 a 9 ENSANUT 2024_ETIQUETAS.Cuestionarios.pdf	descargas_mx	af65f922094c42a31d77cad5d8d889c0d7e597b925c7ef0efe1ae700fd66981c	518103			https://ensanut.insp.mx/encuestas/ensanutcontinua2024/descargas.php
3_vfinal_cuestionario_adolescentes_ensanut_2024_etiquetas_cuestionarios	3 VFINAL Cuestionario adolescentes ENSANUT 2024_ETIQUETAS.Cuestionarios.pdf	descargas_mx	344f32ef0f873f86fb20faf1d6afd2bfa0bc3735656ea4fe4d71e39736faeeab	479013			https://ensanut.insp.mx/encuestas/ensanutcontinua2024/descargas.php
4_vfinal_cuestionario_adultos_ensanut_2024_etiquetas_cuestionarios	4 VFINAL Cuestionario adultos ENSANUT 2024_ETIQUETAS.Cuestionarios.pdf	descargas_mx	0bc30c3b7f08bda0b1cfebb823eb2bfdd815581fd1d93ea956314bf6507f82d0	795644			https://ensanut.insp.mx/encuestas/ensanutcontinua2024/descargas.php
5_vfinal_cuestionario_utilizadores_ensanut_2024_etiquetas_cuestionarios	5 VFINAL Cuestionario utilizadores ENSANUT 2024_ETIQUETAS.Cuestionarios.pdf	descargas_mx	004aacee3729009e79065ba7e2c4afacfc7f7c3e418e735c405f46e9189fafa6	267996			https://ensanut.insp.mx/encuestas/ensanutcontinua2024/descargas.php
indice_de_bienestar_cuestionarios	Indice de Bienestar.Cuestionarios.docx	descargas_mx	6913725196ae2a3b52f11a1d8d3d650336a13840ad5279daecce0d89048d93f5	13255			https://ensanut.insp.mx/encuestas/ensanutcontinua2024/descargas.php
nse_hogar_ensanut_2024_catlogo	NSE_Hogar_ENSANUT_2024.Catlogo.xlsx	descargas_mx	ed1be4e10d76b065f2c6ad67e4ab3fb9f5af3ce5d5877aea28ffe4382f5ccc1a	137855			https://ensanut.insp.mx/encuestas/ensanutcontinua2024/descargas.php
nse_hogar_ensanut_2024_csv_csv	NSE_Hogar_ENSANUT_2024.csv.csv.zip	descargas_mx	685e33d003ca100b06501c377de13abce8f56b46b3705f7a6fa0effaf4db28af	83570			https://ensanut.insp.mx/encuestas/ensanutcontinua2024/descargas.php
nse_integrantes_ensanut_2024_catlogo	NSE_Integrantes_ENSANUT_2024.Catlogo.xlsx	descargas_mx	6d2425ad899ab5beaa9c4ea016d9cadebb17ae4827fa847090b5c32ebc7bf8b0	138387			https://ensanut.insp.mx/encuestas/ensanutcontinua2024/descargas.php
nse_integrantes_ensanut_2024_csv_csv	NSE_Integrantes_ENSANUT_2024.csv.csv.zip	descargas_mx	0315bc625b262ec14f818c4b3858a387a022911e527af059ac3c6923f46e6ff0	256745			https://ensanut.insp.mx/encuestas/ensanutcontinua2024/descargas.php
adolescentes_ensanut2024_w_csv_csv	adolescentes_ensanut2024_w.csv.csv.zip	descargas_mx	3c5f21ef6158ea0830cabc750ca31b45e0039b04fa93b9b9236b0fe6457d023b	416868			https://ensanut.insp.mx/encuestas/ensanutcontinua2024/descargas.php
adolescentes_ensanut2024_w_stata_stata	adolescentes_ensanut2024_w.stata.stata.zip	descargas_mx	b528e00511ad931f2fda973c344299a73d245c11502d867cb9666f7c33824260	798929			https://ensanut.insp.mx/encuestas/ensanutcontinua2024/descargas.php
adultos_ensanut2024_w_catlogo_csv_csv	adultos_ensanut2024_w.Catlogo.csv.csv.zip	descargas_mx	464a62daf5e9b0f991a500791e58eb4d2c5ec255acabd59f74ad67d71520ab7a	234627			https://ensanut.insp.mx/encuestas/ensanutcontinua2024/descargas.php
adultos_ensanut2024_w_catlogo	adultos_ensanut2024_w.Catlogo.xlsx	descargas_mx	0ab22b7f0c3515d966e60634d6e06543a14f2839cda32e3e49895749d419df4c	247551			https://ensanut.insp.mx/encuestas/ensanutcontinua2024/descargas.php
hogar_ensanut2024_w_icb_catlogo	hogar_ensanut2024_w_ICB.Catlogo.xlsx	descargas_mx	b5b9792e92287091a89e57f13f13a4b89aab4b27a060c4ea7e1cd375041716fd	162227			https://ensanut.insp.mx/encuestas/ensanutcontinua2024/descargas.php
hogar_ensanut2024_w_icb_csv_csv	hogar_ensanut2024_w_ICB.csv.csv.zip	descargas_mx	fb27bb64c3fbd2344ff8966ad69c4675d2c0a0f86b87225b0c6899bc8b2b4212	996094			https://ensanut.insp.mx/encuestas/ensanutcontinua2024/descargas.php
integrantes_ensanut2024_w_icb_catlogo	integrantes_ensanut2024_w_ICB.Catlogo.xlsx	descargas_mx	d0acf24dd918f07c4462ade607171933a2756f4ff6a2fa8fff64193ea4566448	197249			https://ensanut.insp.mx/encuestas/ensanutcontinua2024/descargas.php
integrantes_ensanut2024_w_icb_csv_csv	integrantes_ensanut2024_w_ICB.csv.csv.zip	descargas_mx	1dc1277b38b131a5768acffc6679aa30f3c873be5fd695c61da93e126d2f07da	1858331			https://ensanut.insp.mx/encuestas/ensanutcontinua2024/descargas.php
menores_ensanut2024_w_catlogo	menores_ensanut2024_w.Catlogo.xlsx	descargas_mx	2aa89c4b97ecf310e96f4c6ab9b23388194353c30f3bba371b5aad0f71c660a6	197357			https://ensanut.insp.mx/encuestas/ensanutcontinua2024/descargas.php
menores_ensanut2024_w_csv_csv	menores_ensanut2024_w.csv.csv.zip	descargas_mx	df07aa31dfc8838869d098d9e128a9800262cc713218a4e470bed35cbd88809f	617777			https://ensanut.insp.mx/encuestas/ensanutcontinua2024/descargas.php
menores_ensanut2024_w_stata_stata	menores_ensanut2024_w.stata.stata.zip	descargas_mx	cadf52a7127a6feeb2b37b4b299c96ab559e1eb78c1ee7022db58618ff0442bb	1133030			https://ensanut.insp.mx/encuestas/ensanutcontinua2024/descargas.php
utilizadores_ensanut2024_w_catlogo	utilizadores_ensanut2024_w.Catlogo.xlsx	descargas_mx	81928f1d470126174e135df17749cfa82e3ef43fffe7ee7568ccb0752ef3ed3e	153149			https://ensanut.insp.mx/encuestas/ensanutcontinua2024/descargas.php
utilizadores_ensanut2024_w_csv_csv	utilizadores_ensanut2024_w.csv.csv.zip	descargas_mx	2836f15464e01ebbd42e282cac1b2bf18cf98c2262e360c346c5ebd6cfae27ea	284328			https://ensanut.insp.mx/encuestas/ensanutcontinua2024/descargas.php
utilizadores_ensanut2024_w_stata_stata	utilizadores_ensanut2024_w.stata.stata.zip	descargas_mx	1fb44754452e5cbf8d8b195385cd4b052cde80b4784ac38193527682f8ceb482	424623			https://ensanut.insp.mx/encuestas/ensanutcontinua2024/descargas.php
conf17_r9_1_ensanut_2018_cuestionario_utilizadores	R9_1_ENSANUT_utilizadores/ensanut_2018_utilizadores_servicios_salud.pdf	data_raw	164309f4742408b04cd0d561ef3cf4d78b1b82844569e469dec740e4f54fc721	930234		PDF	https://www.inegi.org.mx/contenidos/programas/ensanut/2018/doc/ensanut_2018_utilizadores_servicios_salud.pdf
actividad_fisica_ensanut2024_w_adultos_cat_logo__v2026_09_01	ENSANUT2024-v2026-09-01/actividad_fisica_ensanut2024_w-adultos.Catálogo.xlsx	descargas_mx	108aaee45530c3f8e44139af14d2825a8f769d41837dc136ddd0d74859053f6a	282151			https://ensanut.insp.mx/encuestas/ensanutcontinua2024/descargas.php
actividad_fisica_ensanut2024_w_adultos_cuestionarios__v2026_09_01	ENSANUT2024-v2026-09-01/actividad_fisica_ensanut2024_w-adultos.Cuestionarios.pdf	descargas_mx	29dda39cf2a56abb54b4780bd49d9e72420436ef068dc263fab11e71d0c9e185	210257			https://ensanut.insp.mx/encuestas/ensanutcontinua2024/descargas.php
actividad_fisica_ensanut2024_w_adultos_csv_csv__v2026_09_01	ENSANUT2024-v2026-09-01/actividad_fisica_ensanut2024_w-adultos.csv.csv.zip	descargas_mx	319a4f31190ab55f311158909f0f97bf3bb48e2e4b2632549b4618fd669cecdf	667926			https://ensanut.insp.mx/encuestas/ensanutcontinua2024/descargas.php
actividad_fisica_ensanut2024_w_adultos_stata_stata__v2026_09_01	ENSANUT2024-v2026-09-01/actividad_fisica_ensanut2024_w-adultos.stata.stata.zip	descargas_mx	d032220c54f189218047a0048ff3e3b4ab4fbd27b6a8b6a62d666e63b5110f5d	883654			https://ensanut.insp.mx/encuestas/ensanutcontinua2024/descargas.php
--- CMD: u0mf --busca 'encovid'
# u0mf A.13: 1680 entradas examinadas en data/manifiesto.yaml
# busca ['encovid']: 0 entradas coinciden (mostradas 0)
--- CMD: u0mf --busca 'encig'
# u0mf A.13: 1680 entradas examinadas en data/manifiesto.yaml
encig23_base_datos_csv	encig23_base_datos_csv.zip	data_raw	af733d867a568cbb0dadef4a5a793b02488a71728d1157860f14501f3d4c393d	38309647		ZIP con 6 CSV (encig2023_01_sec1_A_3_4_5_8_9_10, encig2023_01_sec_11, encig2023_02_residentes_sec_2, encig2023_03_sec_6, encig2023_04_sec_7, encig2023_05_sec_8)	https://www.inegi.org.mx/programas/encig/2023/#microdatos
encig23_estructura_base_datos_pdf	encig23_estructura_base_datos.pdf	data_raw	eb89820cd58af0d8799387a376b9e60b062ed59daea74cdbea7ff3b4ee13a906	3100802		PDF	https://www.inegi.org.mx/contenidos/programas/encig/2023/doc/encig23_estructura_base_datos.pdf
encig23_cuestionario_pdf	encig23_cuestionario.pdf	data_raw	65000ad38419da504e46b34a0a2426f218d1ba6e604ad37a14762bbd07881e1e	2015393		PDF, 24 páginas	https://www.inegi.org.mx/contenidos/programas/encig/2023/doc/encig23_cuestionario.pdf
encig2015_csv	encig2015_csv.zip	data_raw	656b258288ab67a378af3ea358bb2b8325251247e30cf82123d851c726203a0e	13152080		ZIP (datos abiertos ENCIG 2015) -- no inspeccionado, solo hasheado	https://www.inegi.org.mx/contenidos/programas/encig/2015/datosabiertos/encig_2015_csv.zip
encig2017_csv	encig2017_csv.zip	data_raw	fdc7f1c761bf871872bd04080d59c2b58f38f78d6e6384b4a7df82e909d33465	35027186		ZIP (datos abiertos ENCIG 2017) -- no inspeccionado, solo hasheado	https://www.inegi.org.mx/contenidos/programas/encig/2017/datosabiertos/encig2017_csv.zip
encig2019_csv	encig2019_csv.zip	data_raw	61f49f6149729a7f22c4a64310dd894ec645ebe8b40110cac3fb32125a6ed979	32632044		ZIP (datos abiertos ENCIG 2019) -- no inspeccionado, solo hasheado	https://www.inegi.org.mx/contenidos/programas/encig/2019/datosabiertos/encig2019_csv.zip
encig2021_csv	encig2021_csv.zip	data_raw	c92ea34c7c57237c49ca3d8d99382e340b5939c371ce820332876f7c4c62c56a	27752363		ZIP (datos abiertos ENCIG 2021) -- no inspeccionado, solo hasheado	https://www.inegi.org.mx/contenidos/programas/encig/2021/datosabiertos/encig2021_csv.zip
encig2023_datosabiertos_csv	encig2023_datosabiertos_csv.zip	data_raw	4e3839cd90613fa7dd0f9a123d7636f017a2b8d08a98377a7a04459032bc2611	26171769		ZIP (datos abiertos ENCIG 2023) -- no inspeccionado, solo hasheado	https://www.inegi.org.mx/contenidos/programas/encig/2023/datosabiertos/encig2023_csv.zip
encuci2020_fd_pdf	FD_ENCUCI2020.pdf	data_raw	6cd6f7475a0b5db27a84cf0e047db5b7ed98f73c3480a9e64ea084bc7d475638	1758249		PDF (Descriptor de archivos / FD)	https://www.inegi.org.mx/programas/encuci/2020/
encig2015_cuestionario_pdf	encig15_cuestionario.pdf	data_raw	9a174ca282cd2eb472b6b19354b0267f0eef88cad10e6a3a3a3c6b485db4c0ec	1703035		PDF (Cuestionario)	https://www.inegi.org.mx/contenidos/programas/encig/2015/doc/encig15_cuestionario.pdf
encig2017_cuestionario_pdf	encig17_cuestionario.pdf	data_raw	7a3e907097323dc3fe2850be0a7bea8aba836df0ab68deb78bffd56d2c2aae32	1151457		PDF (Cuestionario)	https://www.inegi.org.mx/contenidos/programas/encig/2017/doc/encig17_cuestionario.pdf
encig2019_fd_pdf	encig19_estructura_base_datos.pdf	data_raw	1713d8536a0ac7473fd0f760dcd965e8e35bd0d1ff09eb63cd92a19c1258af13	1634670		PDF (Descriptor de archivos / FD)	https://www.inegi.org.mx/contenidos/programas/encig/2019/microdatos/encig19_estructura_base_datos.pdf
encig2019_cuestionario_pdf	encig19_cuestionario.pdf	data_raw	8ff04e1c60399633504b83a907af3b1bcf027e80dafca23e574d219920d868be	1744074		PDF (Cuestionario)	https://www.inegi.org.mx/contenidos/programas/encig/2019/doc/encig19_cuestionario.pdf
encig2021_cuestionario_pdf	encig21_cuestionario.pdf	data_raw	9ee829815e8dca5ebe562b26afb006dcec475840bf27a206a0b838534041e45a	1918370		PDF (Cuestionario)	https://www.inegi.org.mx/contenidos/programas/encig/2021/doc/encig21_cuestionario.pdf
encig2015_estructura_base_datos_pdf	encig15_estructura_base_datos.pdf	data_raw	1bcf65db52e8fb3b1ecd4806bd53fcde0cfa4ba0ed4a1e57abac27d5890382f4	4340061		PDF (Estructura de la base de datos ENCIG 2015)	https://www.inegi.org.mx/contenidos/programas/encig/2015/doc/encig15_estructura_base_datos.pdf
encig2017_estructura_base_datos_pdf	encig17_estructura_base_datos.pdf	data_raw	89b967f4f59cce087b6c69da2d532f49b7b8180380c3afb1302dabba804e7210	2116934		PDF (Estructura de la base de datos ENCIG 2017)	https://www.inegi.org.mx/contenidos/programas/encig/2017/doc/encig17_estructura_base_datos.pdf
encig2021_estructura_base_datos_pdf	encig21_estructura_base_datos.pdf	data_raw	365c031bf48af4c6d65a8e5422c6cf0362500efd37cd0e924e3c1fe38b965dd2	2612238		PDF (Estructura de la base de datos ENCIG 2021)	https://www.inegi.org.mx/contenidos/programas/encig/2021/doc/encig21_estructura_base_datos.pdf
encig25_base_datos_csv	encig25_base_datos_csv.zip	data_raw	47daf2f732366ad842b7f60c784be9d61db68a00ae1a693980ec6a683e0d9e12	37624925		ZIP con microdatos ENCIG 2025 (csv), no abierto	https://www.inegi.org.mx/contenidos/programas/encig/2025/microdatos/encig25_base_datos_csv.zip
encig25_estructura_base_datos_pdf	encig25_estructura_base_datos.pdf	data_raw	09e1b19bcb165979406865360bfdec95a9767640c58565b64d405ceb04e623a2	14820825		PDF	https://www.inegi.org.mx/contenidos/programas/encig/2025/doc/encig25_estructura_base_datos.pdf
encig_2011_fd_encig2011	encig2011/fd_encig2011.pdf	data_raw	62923b38a66f6081166d9882042a816e7deaff3cdc0f3e755e10933ff68d1d8e	273971		PDF	https://www.inegi.org.mx/contenidos/programas/encig/2011/doc/fd_encig2011.pdf
encig_2011_base_datos_encig2011_dbf	encig2011/Base_datos_encig2011_dbf.zip	data_raw	5af6cb24a476a310e7906c42b1bb86d7084ba0a821226bac0bbbf4c0af6f7ca6	4396245		ZIP (6 miembros)	https://www.inegi.org.mx/contenidos/programas/encig/2011/microdatos/Base_datos_encig2011_dbf.zip
encig_2013_encig13_descripcion_archivos	encig2013/encig13_descripcion_archivos.pdf	data_raw	12edd629b8a88c4c4ef9e344f821758db88a34c5d5f6c7fa9a2eabc8ed2119c7	1397463		PDF	https://www.inegi.org.mx/contenidos/programas/encig/2013/doc/encig13_descripcion_archivos.pdf
encig_2013_encig13_base_datos_dbf	encig2013/encig13_base_datos_dbf.zip	data_raw	48d29d560d3836309af61c4a82d46d8338d58ecb9d14d04ffc947c1e087caf1a	9621208		ZIP (6 miembros)	https://www.inegi.org.mx/contenidos/programas/encig/2013/microdatos/encig13_base_datos_dbf.zip
encig_2015_encig15_base_datos_dbf	encig2015/encig15_base_datos_dbf.zip	data_raw	3f588cb196663ebae9feb174fee870f0e2117aaad4936f34d714e1bf148baba4	15529099		ZIP (4 miembros)	https://www.inegi.org.mx/contenidos/programas/encig/2015/microdatos/encig15_base_datos_dbf.zip
encig_2017_encig17_base_datos_dbf	encig2017/encig17_base_datos_dbf.zip	data_raw	801efc4c46d8a6e594215f4c0567ac5012b905a95c5f9c2639d53e6c566f4aee	40715724		ZIP (6 miembros)	https://www.inegi.org.mx/contenidos/programas/encig/2017/microdatos/encig17_base_datos_dbf.zip
encig_2019_encig19_base_datos_dbf	encig2019/encig19_base_datos_dbf.zip	data_raw	626395c6b13a6f568d2986e1f2b7f0fc844e1bced9db09402b6c02cfb8954915	37627091		ZIP (6 miembros)	https://www.inegi.org.mx/contenidos/programas/encig/2019/microdatos/encig19_base_datos_dbf.zip
encig_2021_encig21_base_datos_rdata	encig2021/encig21_base_datos_RData.zip	data_raw	592967d6496d566e979c9af78c08a780db2961171f5dcee72dec4b3941728156	20550259		ZIP (1 miembros)	https://www.inegi.org.mx/contenidos/programas/encig/2021/microdatos/encig21_base_datos_RData.zip
encig_2021_encig21_base_datos_csv	encig2021/encig21_base_datos_csv.zip	data_raw	4463e585062961fa1bb200ec830a30d84f1d915f7a3fe4c8454d8198b516b62c	41216579		ZIP (6 miembros)	https://www.inegi.org.mx/contenidos/programas/encig/2021/microdatos/encig21_base_datos_csv.zip
encig_2021_encig21_base_datos_dbf	encig2021/encig21_base_datos_dbf.zip	data_raw	8eb184f2675f56511d223e565f55ae9389bb7457ff973aa7a54dc73046d10a30	36521524		ZIP (6 miembros)	https://www.inegi.org.mx/contenidos/programas/encig/2021/microdatos/encig21_base_datos_dbf.zip
--- CMD: u0mf --busca 'cidi'
# u0mf A.13: 1680 entradas examinadas en data/manifiesto.yaml
encig2015_estructura_base_datos_pdf	encig15_estructura_base_datos.pdf	data_raw	1bcf65db52e8fb3b1ecd4806bd53fcde0cfa4ba0ed4a1e57abac27d5890382f4	4340061		PDF (Estructura de la base de datos ENCIG 2015)	https://www.inegi.org.mx/contenidos/programas/encig/2015/doc/encig15_estructura_base_datos.pdf
encig2017_estructura_base_datos_pdf	encig17_estructura_base_datos.pdf	data_raw	89b967f4f59cce087b6c69da2d532f49b7b8180380c3afb1302dabba804e7210	2116934		PDF (Estructura de la base de datos ENCIG 2017)	https://www.inegi.org.mx/contenidos/programas/encig/2017/doc/encig17_estructura_base_datos.pdf
encig2021_estructura_base_datos_pdf	encig21_estructura_base_datos.pdf	data_raw	365c031bf48af4c6d65a8e5422c6cf0362500efd37cd0e924e3c1fe38b965dd2	2612238		PDF (Estructura de la base de datos ENCIG 2021)	https://www.inegi.org.mx/contenidos/programas/encig/2021/doc/encig21_estructura_base_datos.pdf
enasic2022_fd_xlsx	enasic2022/enasic_2022_fd.xlsx	data_raw	33c692e05bd7dbafb801a1594a819c7be0e7cf5c25822c66ea458dc9fe9c1370	266488		XLSX -- Descriptor de archivos (FD) de ENASIC 2022. No se abrio.	https://www.inegi.org.mx/contenidos/programas/enasic/2022/microdatos/enasic_2022_fd.xlsx
conf17_r9_1_ensanut_2018_cuestionario_utilizadores	R9_1_ENSANUT_utilizadores/ensanut_2018_utilizadores_servicios_salud.pdf	data_raw	164309f4742408b04cd0d561ef3cf4d78b1b82844569e469dec740e4f54fc721	930234		PDF	https://www.inegi.org.mx/contenidos/programas/ensanut/2018/doc/ensanut_2018_utilizadores_servicios_salud.pdf
engasto2012_gasto_dbf	engasto2012/gasto_dbf.zip	data_raw	38d2d3238d4d9533c817e3d2c30ea113b16678acea74d0027d596114401aa4c4	72445247		ZIP (microdatos ENGASTO 2012 -- no inspeccionado internamente, solo hasheado)	https://www.inegi.org.mx/contenidos/programas/engasto/2012/microdatos/gasto_dbf.zip
engasto2012_gasto_de_consumo_ajustado_constante_dbf	engasto2012/gasto_de_consumo_ajustado_constante_dbf.zip	data_raw	48a47e6ca7e2cc0add060ad60e54548c521400e4cde8cbc76a8a56989d8d56a6	39914206		ZIP (microdatos ENGASTO 2012 -- no inspeccionado internamente, solo hasheado)	https://www.inegi.org.mx/contenidos/programas/engasto/2012/microdatos/gasto_de_consumo_ajustado_constante_dbf.zip
engasto2012_gasto_de_consumo_ajustado_constante_dta	engasto2012/gasto_de_consumo_ajustado_constante_dta.zip	data_raw	ce0e07931f965a48c42cd9f1ca9dd0a2d27fbfc7b8769c0f399156e95abc8b7c	47831192		ZIP (microdatos ENGASTO 2012 -- no inspeccionado internamente, solo hasheado)	https://www.inegi.org.mx/contenidos/programas/engasto/2012/microdatos/gasto_de_consumo_ajustado_constante_dta.zip
engasto2012_gasto_de_consumo_ajustado_constante_sav	engasto2012/gasto_de_consumo_ajustado_constante_sav.zip	data_raw	67864acb791e3044e497df1fcb3d82bd81569c8b3408c6e57be1ecc5bc6dd01e	81263908		ZIP (microdatos ENGASTO 2012 -- no inspeccionado internamente, solo hasheado)	https://www.inegi.org.mx/contenidos/programas/engasto/2012/microdatos/gasto_de_consumo_ajustado_constante_sav.zip
engasto2012_gasto_de_consumo_ajustado_dbf	engasto2012/gasto_de_consumo_ajustado_dbf.zip	data_raw	87da7f281dacffd90a00d6da3d834b88310d2ea71f3df60123c2e89ee1eead40	35762073		ZIP (microdatos ENGASTO 2012 -- no inspeccionado internamente, solo hasheado)	https://www.inegi.org.mx/contenidos/programas/engasto/2012/microdatos/gasto_de_consumo_ajustado_dbf.zip
engasto2012_gasto_de_consumo_ajustado_dta	engasto2012/gasto_de_consumo_ajustado_dta.zip	data_raw	baa12eb4f1b32dec19f1627d6f7abf82ec11cb8a1b755f1a981312891fff97e1	37585691		ZIP (microdatos ENGASTO 2012 -- no inspeccionado internamente, solo hasheado)	https://www.inegi.org.mx/contenidos/programas/engasto/2012/microdatos/gasto_de_consumo_ajustado_dta.zip
engasto2012_gasto_de_consumo_ajustado_sav	engasto2012/gasto_de_consumo_ajustado_sav.zip	data_raw	df537940dcacadd09b14a7c917a2c6ebd8e2cc7222a86d52917c2c21398ca6a4	68104386		ZIP (microdatos ENGASTO 2012 -- no inspeccionado internamente, solo hasheado)	https://www.inegi.org.mx/contenidos/programas/engasto/2012/microdatos/gasto_de_consumo_ajustado_sav.zip
engasto2012_gasto_dta	engasto2012/gasto_dta.zip	data_raw	03f8ed295658a4ba93cc10cfcee3c2067e06372ed9c60fbe8e581f06e807022f	68499377		ZIP (microdatos ENGASTO 2012 -- no inspeccionado internamente, solo hasheado)	https://www.inegi.org.mx/contenidos/programas/engasto/2012/microdatos/gasto_dta.zip
engasto2012_gasto_mujeres_dbf	engasto2012/gasto_mujeres_dbf.zip	data_raw	02062f81a772bf3c006613dcd4ce6672d55699f921bd3060e0c31ba93524b17c	2301803		ZIP (microdatos ENGASTO 2012 -- no inspeccionado internamente, solo hasheado)	https://www.inegi.org.mx/contenidos/programas/engasto/2012/microdatos/gasto_mujeres_dbf.zip
engasto2012_gasto_mujeres_dta	engasto2012/gasto_mujeres_dta.zip	data_raw	bbbaaf97cdf2a4c6a7495124b49644ee63be9663a0fe38c6d397b35eca5b62ef	2225480		ZIP (microdatos ENGASTO 2012 -- no inspeccionado internamente, solo hasheado)	https://www.inegi.org.mx/contenidos/programas/engasto/2012/microdatos/gasto_mujeres_dta.zip
engasto2012_gasto_mujeres_sav	engasto2012/gasto_mujeres_sav.zip	data_raw	a67e8254e64b7e0f6f3647e4fd634c8ab29a423ae3c2e991f2749b8b77a84500	4295690		ZIP (microdatos ENGASTO 2012 -- no inspeccionado internamente, solo hasheado)	https://www.inegi.org.mx/contenidos/programas/engasto/2012/microdatos/gasto_mujeres_sav.zip
engasto2012_gasto_sav	engasto2012/gasto_sav.zip	data_raw	c9dfb0fe65aa98dfa35d26ca29f8f192306d9844bbab2adf75ea801227f3cc98	94192018		ZIP (microdatos ENGASTO 2012 -- no inspeccionado internamente, solo hasheado)	https://www.inegi.org.mx/contenidos/programas/engasto/2012/microdatos/gasto_sav.zip
engasto2012_hogar_dbf	engasto2012/hogar_dbf.zip	data_raw	4b7b4b77e137c9e71730efb423bbf702e54cd70d97d3f7854b3166bab859638b	1768812		ZIP (microdatos ENGASTO 2012 -- no inspeccionado internamente, solo hasheado)	https://www.inegi.org.mx/contenidos/programas/engasto/2012/microdatos/hogar_dbf.zip
engasto2012_hogar_dta	engasto2012/hogar_dta.zip	data_raw	03c47fdeae7d93d840250628f8935fd8035eb65de54e4080dd296eeca2b2acee	1673532		ZIP (microdatos ENGASTO 2012 -- no inspeccionado internamente, solo hasheado)	https://www.inegi.org.mx/contenidos/programas/engasto/2012/microdatos/hogar_dta.zip
engasto2012_hogar_sav	engasto2012/hogar_sav.zip	data_raw	dd5a758fa5806c58f58a4b16070d0b9c2326e13ded369c05bee54538af5d0daa	3435401		ZIP (microdatos ENGASTO 2012 -- no inspeccionado internamente, solo hasheado)	https://www.inegi.org.mx/contenidos/programas/engasto/2012/microdatos/hogar_sav.zip
engasto2012_persona_dbf	engasto2012/persona_dbf.zip	data_raw	12fc666aa8d3071aace09240c110a7c3d602dafba8483059a5000c9a3b626f74	2415139		ZIP (microdatos ENGASTO 2012 -- no inspeccionado internamente, solo hasheado)	https://www.inegi.org.mx/contenidos/programas/engasto/2012/microdatos/persona_dbf.zip
engasto2012_persona_dta	engasto2012/persona_dta.zip	data_raw	22816da6fd51f86c48f72c87b0e42acff8d5a0e1e7f61cd1424bbebce6aeb987	2350036		ZIP (microdatos ENGASTO 2012 -- no inspeccionado internamente, solo hasheado)	https://www.inegi.org.mx/contenidos/programas/engasto/2012/microdatos/persona_dta.zip
engasto2012_persona_sav	engasto2012/persona_sav.zip	data_raw	4904f4f347d94e2157a7a318cf3dc1ac39eca46c1aa99d16eacb90140a17f6b2	6872669		ZIP (microdatos ENGASTO 2012 -- no inspeccionado internamente, solo hasheado)	https://www.inegi.org.mx/contenidos/programas/engasto/2012/microdatos/persona_sav.zip
motral2012_bd_dbf	UNIVERSO-2026-09/MOTRAL/motral2012_bd_dbf.zip	descargas_mx	bd3fed06bae618fca29618ab61f0ba333cfd51f03a9736ba2a9214a3ee96bebb	1216496			https://www.inegi.org.mx/contenidos/programas/motral/2012/microdatos/motral2012_bd_dbf.zip
motral2015_bases_datos_dbf	UNIVERSO-2026-09/MOTRAL/motral2015_bases_datos_dbf.zip	descargas_mx	e86e4e6b350914276bd57a8354f145364c999f35c08c041ee4c5559f9c82741d	494654			https://www.inegi.org.mx/contenidos/programas/motral/2015/microdatos/motral2015_bases_datos_dbf.zip
es_b_ready_2023_questionnaire	wb_enterprise_surveys_mx2023/ES_B-READY_2023_Questionnaire.pdf	data_raw	0bb8c9f76f296315fe06db6fbacdfd6e0f79462e122faf8c538902bdcf6bae43	1041388			https://microdata.worldbank.org/index.php/catalog/6453
mexico_2023_es_implementation_report	wb_enterprise_surveys_mx2023/Mexico_2023_ES_Implementation_Report.pdf	data_raw	085414544227b0140bab747d1cfb0c1c25e01c9293a2cf91f8e00a0f9eb2c6db	602312			https://microdata.worldbank.org/index.php/catalog/6453
# busca ['cidi']: 27 entradas coinciden (mostradas 27)
--- CMD: u0mf --busca 'defuncion'
# u0mf A.13: 1680 entradas examinadas en data/manifiesto.yaml
edr2024_bd_dbf_zip	edr2024/defunciones_base_datos_2024_dbf.zip	data_raw	a8acb8f0f5aab9d06bf50e55db0f1c2de3e3c32597e0f0aa7c62d0530c17ee3b	28238311		DBF (comprimido en ZIP) -- Base de datos EDR 2024 (defunciones registradas). No se abrio ni extrajo.	https://www.inegi.org.mx/contenidos/programas/edr/microdatos/defunciones/2024/defunciones_base_datos_2024_dbf.zip
# busca ['defuncion']: 1 entradas coinciden (mostradas 1)
--- CMD: u0mf --busca 'suicid'
# u0mf A.13: 1680 entradas examinadas en data/manifiesto.yaml
# busca ['suicid']: 0 entradas coinciden (mostradas 0)
--- CMD: u0mf --busca 'unicef'
# u0mf A.13: 1680 entradas examinadas en data/manifiesto.yaml
# busca ['unicef']: 0 entradas coinciden (mostradas 0)
--- CMD: u0mf --busca 'conasama'
# u0mf A.13: 1680 entradas examinadas en data/manifiesto.yaml
# busca ['conasama']: 0 entradas coinciden (mostradas 0)
--- CMD: u0mf --busca 'salud publica'
# u0mf A.13: 1680 entradas examinadas en data/manifiesto.yaml
# busca ['salud publica']: 0 entradas coinciden (mostradas 0)
--- CMD: u0mf --busca 'envipe'
# u0mf A.13: 1680 entradas examinadas en data/manifiesto.yaml
envipe2018_csv	envipe2018_csv.zip	data_raw	aa279993bfeaaa0bf0d821e964887140ef444f6e695e4e1767f6512e4d2c4723	24337809		ZIP (datos abiertos ENVIPE 2018) -- no inspeccionado, solo hasheado	https://www.inegi.org.mx/contenidos/programas/envipe/2018/datosabiertos/conjunto_de_datos_envipe2018_csv.zip
envipe2019_csv	envipe2019_csv.zip	data_raw	24bb83987f2ba57912a3f55c8ff3bb48e5f39f2292cd167997312c1fd77207f3	19146940		ZIP (datos abiertos ENVIPE 2019) -- no inspeccionado, solo hasheado	https://www.inegi.org.mx/contenidos/programas/envipe/2019/datosabiertos/conjunto_de_datos_envipe2019_csv.zip
envipe2020_csv	envipe2020_csv.zip	data_raw	26f468da631bfdb94994a9e5051fa973468608f0da56612b6897df16a2797b9d	20253728		ZIP (datos abiertos ENVIPE 2020) -- no inspeccionado, solo hasheado	https://www.inegi.org.mx/contenidos/programas/envipe/2020/datosabiertos/conjunto_de_datos_envipe2020_csv.zip
envipe2021_csv	envipe2021_csv.zip	data_raw	88153c67ff3666be511dab3f3b483226a0af9f0e8683bd8dbfba8d616ddbfdd1	22334244		ZIP (datos abiertos ENVIPE 2021) -- no inspeccionado, solo hasheado	https://www.inegi.org.mx/contenidos/programas/envipe/2021/datosabiertos/conjunto_de_datos_ENVIPE_2021_csv.zip
envipe2022_csv	envipe2022_csv.zip	data_raw	3a6e0f3a05dd4120efe8072de519402a39f4ed1690593433a68bb2ee137e77bb	18858955		ZIP (datos abiertos ENVIPE 2022) -- no inspeccionado, solo hasheado	https://www.inegi.org.mx/contenidos/programas/envipe/2022/datosabiertos/conjunto_de_datos_ENVIPE_2022_csv.zip
envipe2023_csv	envipe2023_csv.zip	data_raw	0dcc00a7fc37b79806f1bf1b85b12cd090b5ecc8e76983a3a1a861f2ef3fb404	17728995		ZIP (datos abiertos ENVIPE 2023) -- no inspeccionado, solo hasheado	https://www.inegi.org.mx/contenidos/programas/envipe/2023/datosabiertos/conjunto_de_datos_ENVIPE_2023_csv.zip
envipe2024_csv	envipe2024_csv.zip	data_raw	90776b2fab6e3666dad1cb5f5f3eb7d6a7699dbfefd4f8f04f07fb01e61a6fb2	17837779		ZIP (datos abiertos ENVIPE 2024) -- no inspeccionado, solo hasheado	https://www.inegi.org.mx/contenidos/programas/envipe/2024/datosabiertos/conjunto_de_datos_ENVIPE_2024_csv.zip
envipe2025_csv	envipe2025_csv.zip	data_raw	8a7a99fd90ce9d03229759ba0ad84db4fba98b5bb1f5c85eef7d718b007816fa	17600019		ZIP (datos abiertos ENVIPE 2025) -- no inspeccionado, solo hasheado	https://www.inegi.org.mx/contenidos/programas/envipe/2025/datosabiertos/conjunto_de_datos_ENVIPE_2025_csv.zip
envipe2018_fd_pdf	fd_envipe2018.pdf	data_raw	30f78e99e5459cf4e6a0425801c7814990b7957dfc52e990a72920219a6a1665	1901994		PDF (Descriptor de archivos / FD)	https://www.inegi.org.mx/contenidos/programas/envipe/2018/doc/fd_envipe2018.pdf
envipe2018_cuest_principal_pdf	cuest_principal_envipe2018.pdf	data_raw	904549846a81dd605e60c5ec99dd42bdf2308b325ba4eb30a94bf06a9a9b3fb7	1601730		PDF (Cuestionario principal)	https://www.inegi.org.mx/contenidos/programas/envipe/2018/doc/cuest_principal_envipe2018.pdf
envipe2018_cuest_modulo_pdf	cuest_modulo_envipe2018.pdf	data_raw	547115b60aeaf6b52deb1bc51cd3d04bc451f7485c07466396a8f5c0c96ff5d4	1427717		PDF (Cuestionario de módulos)	https://www.inegi.org.mx/contenidos/programas/envipe/2018/doc/cuest_modulo_envipe2018.pdf
envipe2019_fd_pdf	fd_envipe2019.pdf	data_raw	47d58f6c38b705121e76895254a861448c728b8b25fff9c0ca1aca4ca34113d7	1918379		PDF (Descriptor de archivos / FD)	https://www.inegi.org.mx/contenidos/programas/envipe/2019/doc/fd_envipe2019.pdf
envipe2019_cuest_principal_pdf	cuest_principal_envipe2019.pdf	data_raw	12abd4afc9e3f8df87a4011671aa25c0650c84923cc5733a9df9236489239938	1132943		PDF (Cuestionario principal)	https://www.inegi.org.mx/contenidos/programas/envipe/2019/doc/cuest_principal_envipe2019.pdf
envipe2019_cuest_modulo_pdf	cuest_modulo_envipe2019.pdf	data_raw	95f78fc6f788dfe01abc34d7af7ff06446dd00e5a6c0fd62c63d0c942cf3fb42	936504		PDF (Cuestionario de módulos)	https://www.inegi.org.mx/contenidos/programas/envipe/2019/doc/cuest_modulo_envipe2019.pdf
envipe2020_fd_pdf	fd_envipe2020.pdf	data_raw	94bcf0b012b9cd3eb5387b2d5605b809269579b5e04c492ccea025e0cbbb0a64	1969912		PDF (Descriptor de archivos / FD)	https://www.inegi.org.mx/contenidos/programas/envipe/2020/doc/fd_envipe2020.pdf
envipe2020_cuest_principal_pdf	cuest_principal_envipe2020.pdf	data_raw	f91885ce93df070f928f40c06b8d6a5580c82eec05b026688c6d4e5548969d1b	1093270		PDF (Cuestionario principal)	https://www.inegi.org.mx/contenidos/programas/envipe/2020/doc/cuest_principal_envipe2020.pdf
envipe2020_cuest_modulo_pdf	cuest_modulo_envipe2020.pdf	data_raw	c2453c14a5ae81a2fb96c4c979df334d3360595230484cf469192a8fa78545ef	904277		PDF (Cuestionario de módulos)	https://www.inegi.org.mx/contenidos/programas/envipe/2020/doc/cuest_modulo_envipe2020.pdf
envipe2021_fd_pdf	fd_envipe2021.pdf	data_raw	d85775241d6f427d6dd6643bce973ed0bdbfca4e0b0d6a9b02265e8327179945	1758289		PDF (Descriptor de archivos / FD)	https://www.inegi.org.mx/contenidos/programas/envipe/2021/doc/fd_envipe2021.pdf
envipe2021_cuest_principal_pdf	cuest_principal_envipe2021.pdf	data_raw	7de26a9906a66519210c7082a737fce30ef56b5b482629e8a725e9699a256fa9	1121593		PDF (Cuestionario principal)	https://www.inegi.org.mx/contenidos/programas/envipe/2021/doc/cuest_principal_envipe2021.pdf
envipe2021_cuest_modulo_pdf	cuest_modulo_envipe2021.pdf	data_raw	390ef00ec15cabb9dcdf86d9fa79e108cea4ef1a2e8fdfcf4f4c409794636e0c	911976		PDF (Cuestionario de módulos)	https://www.inegi.org.mx/contenidos/programas/envipe/2021/doc/cuest_modulo_envipe2021.pdf
envipe2022_fd_pdf	fd_envipe2022.pdf	data_raw	8082959fa01777467f5ff239af67ef24e3539f9c82b6f4919b437c4c78f0b651	2910338		PDF (Descriptor de archivos / FD)	https://www.inegi.org.mx/contenidos/programas/envipe/2022/doc/fd_envipe2022.pdf
envipe2022_cuest_principal_pdf	cuest_principal_envipe2022.pdf	data_raw	5028852294be700e614ed1de57e4511ca6a1bdbb1ea8882e09421889b0bd608c	1263461		PDF (Cuestionario principal)	https://www.inegi.org.mx/contenidos/programas/envipe/2022/doc/cuest_principal_envipe2022.pdf
envipe2022_cuest_modulo_pdf	cuest_modulo_envipe2022.pdf	data_raw	ff0d161dccc342716ee85a1b7ffa395e811ca400bbe2cfb72c005191bf8e041e	948921		PDF (Cuestionario de módulos)	https://www.inegi.org.mx/contenidos/programas/envipe/2022/doc/cuest_modulo_envipe2022.pdf
envipe2023_fd_pdf	fd_envipe2023.pdf	data_raw	743c260e89a6c5d6f2fcc6eac0f1884c40bc6b437164b34e13ba6fe1caf1be63	2980669		PDF (Descriptor de archivos / FD)	https://www.inegi.org.mx/contenidos/programas/envipe/2023/doc/fd_envipe2023.pdf
envipe2023_cuest_principal_pdf	cuest_principal_envipe2023.pdf	data_raw	976dee498f909e1c6e2d764359822749adf94cc3d909bbfa5ade509cfe863b62	1257728		PDF (Cuestionario principal)	https://www.inegi.org.mx/contenidos/programas/envipe/2023/doc/cuest_principal_envipe2023.pdf
envipe2023_cuest_modulo_pdf	cuest_modulo_envipe2023.pdf	data_raw	98d3c632cc038c4a9a1ff129efb63f6d1ac786f46e4886aaaf5aff92b4cdf5b4	947099		PDF (Cuestionario de módulos)	https://www.inegi.org.mx/contenidos/programas/envipe/2023/doc/cuest_modulo_envipe2023.pdf
envipe2024_fd_pdf	fd_envipe2024.pdf	data_raw	f8d72038595746ceac21e5096462b277e757d7501bd3a1b61ac86bf9fc0d57d5	3087144		PDF (Descriptor de archivos / FD)	https://www.inegi.org.mx/contenidos/programas/envipe/2024/doc/fd_envipe2024.pdf
envipe2024_cuest_principal_pdf	cuest_principal_envipe2024.pdf	data_raw	39a0d899fdef7fb6a5ffce617ed59754055e6cfa2250c23d73b830d41975694f	1308710		PDF (Cuestionario principal)	https://www.inegi.org.mx/contenidos/programas/envipe/2024/doc/cuest_principal_envipe2024.pdf
envipe2024_cuest_modulo_pdf	cuest_modulo_envipe2024.pdf	data_raw	7628127d5e9bd4424737f7a8cb60bbded28e21c2242d1f412c86367e03836e28	933605		PDF (Cuestionario de módulos)	https://www.inegi.org.mx/contenidos/programas/envipe/2024/doc/cuest_modulo_envipe2024.pdf
--- CMD: u0mf --busca 'ensanut'
# u0mf A.13: 1680 entradas examinadas en data/manifiesto.yaml
# busca ['ensanut']: 150 entradas coinciden (mostradas 60)
--- CMD: u0mf --busca 'encovid'
# u0mf A.13: 1680 entradas examinadas en data/manifiesto.yaml
# busca ['encovid']: 0 entradas coinciden (mostradas 0)
--- CMD: u0mf --busca 'encig'
# u0mf A.13: 1680 entradas examinadas en data/manifiesto.yaml
# busca ['encig']: 43 entradas coinciden (mostradas 43)
--- CMD: u0mf --busca 'cidi'
# u0mf A.13: 1680 entradas examinadas en data/manifiesto.yaml
# busca ['cidi']: 27 entradas coinciden (mostradas 27)
--- CMD: u0mf --busca 'defuncion'
# u0mf A.13: 1680 entradas examinadas en data/manifiesto.yaml
# busca ['defuncion']: 1 entradas coinciden (mostradas 1)
--- CMD: u0mf --busca 'suicid'
# u0mf A.13: 1680 entradas examinadas en data/manifiesto.yaml
# busca ['suicid']: 0 entradas coinciden (mostradas 0)
--- CMD: u0mf --busca 'unicef'
# u0mf A.13: 1680 entradas examinadas en data/manifiesto.yaml
# busca ['unicef']: 0 entradas coinciden (mostradas 0)
--- CMD: u0mf --busca 'conasama'
# u0mf A.13: 1680 entradas examinadas en data/manifiesto.yaml
# busca ['conasama']: 0 entradas coinciden (mostradas 0)
--- CMD: u0mf --busca 'envipe'
# u0mf A.13: 1680 entradas examinadas en data/manifiesto.yaml
# busca ['envipe']: 84 entradas coinciden (mostradas 60)
--- CMD: u0mf --busca 'enadid'
# u0mf A.13: 1680 entradas examinadas en data/manifiesto.yaml
# busca ['enadid']: 5 entradas coinciden (mostradas 5)
--- CMD: u0mf --busca 'enigh'
# u0mf A.13: 1680 entradas examinadas en data/manifiesto.yaml
# busca ['enigh']: 23 entradas coinciden (mostradas 23)
--- CMD: u0mf --busca 'salud'
# u0mf A.13: 1680 entradas examinadas en data/manifiesto.yaml
# busca ['salud']: 169 entradas coinciden (mostradas 60)
--- CMD: u0busca -q 'deprimid|depresion|depresiv'
# u0busca A.13: 9 tablas (contexto,contexto_fd26,descargas_mx,descargas_mx_v1_1,ext,fd,fd_ext,fd_recuperado,v1_2); 314256 identidades revisadas, 113780 con texto
# consulta 'deprimid|depresion|depresiv': 73 aciertos con texto; mostrando 5
consulta	tabla_inv	instrumento	ola	payload_archivo	payload_id	payload_sha256	payload_raiz	reserva	archivo_miembro	variable_id	texto_reactivo	texto_tipo	fuente_texto	fuente_id	fuente_sha256	referencia_fuente
--- CMD: u0busca -q 'ansiedad|ansios'
# u0busca A.13: 9 tablas (contexto,contexto_fd26,descargas_mx,descargas_mx_v1_1,ext,fd,fd_ext,fd_recuperado,v1_2); 314256 identidades revisadas, 113780 con texto
# consulta 'ansiedad|ansios': 14 aciertos con texto; mostrando 3
--- CMD: u0busca -q 'suicid'
# u0busca A.13: 9 tablas (contexto,contexto_fd26,descargas_mx,descargas_mx_v1_1,ext,fd,fd_ext,fd_recuperado,v1_2); 314256 identidades revisadas, 113780 con texto
# consulta 'suicid': 6 aciertos con texto; mostrando 3
--- CMD: u0busca -q 'nervios'
# u0busca A.13: 9 tablas (contexto,contexto_fd26,descargas_mx,descargas_mx_v1_1,ext,fd,fd_ext,fd_recuperado,v1_2); 314256 identidades revisadas, 113780 con texto
# consulta 'nervios': 23 aciertos con texto; mostrando 3
--- CMD: u0busca -q 'susto'
# u0busca A.13: 9 tablas (contexto,contexto_fd26,descargas_mx,descargas_mx_v1_1,ext,fd,fd_ext,fd_recuperado,v1_2); 314256 identidades revisadas, 113780 con texto
# consulta 'susto': 0 aciertos con texto; mostrando 0
--- CMD: u0busca -q 'ataque de nervios'
# u0busca A.13: 9 tablas (contexto,contexto_fd26,descargas_mx,descargas_mx_v1_1,ext,fd,fd_ext,fd_recuperado,v1_2); 314256 identidades revisadas, 113780 con texto
# consulta 'ataque de nervios': 0 aciertos con texto; mostrando 0
--- CMD: u0busca -q 'psicolog|psiquiatr'
# u0busca A.13: 9 tablas (contexto,contexto_fd26,descargas_mx,descargas_mx_v1_1,ext,fd,fd_ext,fd_recuperado,v1_2); 314256 identidades revisadas, 113780 con texto
# consulta 'psicolog|psiquiatr': 56 aciertos con texto; mostrando 3
--- CMD: u0busca -q 'curander|yerber|espiritista'
# u0busca A.13: 9 tablas (contexto,contexto_fd26,descargas_mx,descargas_mx_v1_1,ext,fd,fd_ext,fd_recuperado,v1_2); 314256 identidades revisadas, 113780 con texto
# consulta 'curander|yerber|espiritista': 20 aciertos con texto; mostrando 3
--- CMD: u0busca -q 'estigma'
# u0busca A.13: 9 tablas (contexto,contexto_fd26,descargas_mx,descargas_mx_v1_1,ext,fd,fd_ext,fd_recuperado,v1_2); 314256 identidades revisadas, 113780 con texto
# consulta 'estigma': 0 aciertos con texto; mostrando 0
--- CMD: u0busca -q 'religios|oracion|orar'
# u0busca A.13: 9 tablas (contexto,contexto_fd26,descargas_mx,descargas_mx_v1_1,ext,fd,fd_ext,fd_recuperado,v1_2); 314256 identidades revisadas, 113780 con texto
# consulta 'religios|oracion|orar': 596 aciertos con texto; mostrando 3
--- CMD: u0busca -q 'migrante|migracion'
# u0busca A.13: 9 tablas (contexto,contexto_fd26,descargas_mx,descargas_mx_v1_1,ext,fd,fd_ext,fd_recuperado,v1_2); 314256 identidades revisadas, 113780 con texto
# consulta 'migrante|migracion': 205 aciertos con texto; mostrando 3
--- CMD: u0busca -q 'machismo|marianismo|caballerismo'
# u0busca A.13: 9 tablas (contexto,contexto_fd26,descargas_mx,descargas_mx_v1_1,ext,fd,fd_ext,fd_recuperado,v1_2); 314256 identidades revisadas, 113780 con texto
# consulta 'machismo|marianismo|caballerismo': 0 aciertos con texto; mostrando 0
--- CMD: u0busca -q 'trauma|traumatic'
# u0busca A.13: 9 tablas (contexto,contexto_fd26,descargas_mx,descargas_mx_v1_1,ext,fd,fd_ext,fd_recuperado,v1_2); 314256 identidades revisadas, 113780 con texto
# consulta 'trauma|traumatic': 0 aciertos con texto; mostrando 0
--- CMD: u0busca -q 'somatiz|somatico'
# u0busca A.13: 9 tablas (contexto,contexto_fd26,descargas_mx,descargas_mx_v1_1,ext,fd,fd_ext,fd_recuperado,v1_2); 314256 identidades revisadas, 113780 con texto
# consulta 'somatiz|somatico': 0 aciertos con texto; mostrando 0
--- CMD: u0busca -q 'suicid' --limite 10
# u0busca A.13: 9 tablas (contexto,contexto_fd26,descargas_mx,descargas_mx_v1_1,ext,fd,fd_ext,fd_recuperado,v1_2); 314256 identidades revisadas, 113780 con texto
# consulta 'suicid': 6 aciertos con texto; mostrando 6
consulta	tabla_inv	instrumento	ola	payload_archivo	payload_id	payload_sha256	payload_raiz	reserva	archivo_miembro	variable_id	texto_reactivo	texto_tipo	fuente_texto	fuente_id	fuente_sha256	referencia_fuente
suicid	descargas_mx_v1_1:27373	(sin-instrumento-derivable)	NO_DETERMINADO	ENSANUT2024-v2026-09-01/adolescentes_ensanut2024_w.stata.stata.zip	adolescentes_ensanut2024_w_stata_stata__v2026_09_01	47251c90bd411e6d8c6f12dd5761ff928341eee310fe9dd5ba0c841e83e2bb27	descargas_mx		adolescentes_ensanut2024_w.dta	d0817	D0817 ¿Alguna vez has pensado en suicidarte?					
suicid	descargas_mx_v1_1:28054	(sin-instrumento-derivable)	NO_DETERMINADO	ENSANUT2024-v2026-09-01/adultos_ensanut2024_w.stata.stata.zip	adultos_ensanut2024_w_stata_stata__v2026_09_01	0fa8f4436fa427cc23d1d43164d449462c09eb787cb45ad20961576cb095a6c4	descargas_mx		adultos_ensanut2024_w.dta	a1211	A1211 ¿Alguna vez ha pensado en suicidarse?					
suicid	descargas_mx_v1_1:31036	(sin-instrumento-derivable)	NO_DETERMINADO	F00013084-WVS_Wave_7_Mexico_Stata_v5.1.zip	f00013084_wvs_wave_7_mexico_stata_v5_1	a676a7601e25cb15a670828d8bf2990d8a73958c7367118c3a5293c6ae84d9a4	descargas_mx		WVS_Wave_7_Mexico_Stata_v5.1.dta	Q187	Justifiable: Suicide					
suicid	descargas_mx_v1_1:40580	(sin-instrumento-derivable)	NO_DETERMINADO	adolescentes_ensanut2024_w.stata.stata.zip	adolescentes_ensanut2024_w_stata_stata	b528e00511ad931f2fda973c344299a73d245c11502d867cb9666f7c33824260	descargas_mx		adolescentes_ensanut2024_w.dta	d0817	D0817 ¿Alguna vez has pensado en suicidarte?					
suicid	descargas_mx_v1_1:41261	(sin-instrumento-derivable)	NO_DETERMINADO	adultos_ensanut2024_w.stata.stata.zip	SIN-ID-MANIFIESTO				adultos_ensanut2024_w.dta	a1211	A1211 ¿Alguna vez ha pensado en suicidarse?					
suicid	fd_ext:5337	envipe2011	NO_DETERMINADO	envipe2011/fd_envipe2011.xls	envipe_2011_fd_envipe2011	d296c9f18cdb6f89b6d589f3b3665dbe88c2b3ebe50b7c9b955041d76b0fb99a	data_raw		envipe2011/fd_envipe2011.xls	1131.0	Inducción o ayuda al suicidio					
--- CMD: u0busca -q 'nervios' --limite 25
# u0busca A.13: 9 tablas (contexto,contexto_fd26,descargas_mx,descargas_mx_v1_1,ext,fd,fd_ext,fd_recuperado,v1_2); 314256 identidades revisadas, 113780 con texto
# consulta 'nervios': 23 aciertos con texto; mostrando 23
consulta	tabla_inv	instrumento	ola	payload_archivo	payload_id	payload_sha256	payload_raiz	reserva	archivo_miembro	variable_id	texto_reactivo	texto_tipo	fuente_texto	fuente_id	fuente_sha256	referencia_fuente
nervios	contexto:3675	ennvih2002	2002	ennvih/ehh02dta_all.zip	ennvih1_2002_hogar_dta	8b9b51904ca8790421d82a8a81f7f4edbce9a296cba2ce86fef74f8f379b5923	data_raw		ehh02dta_all/ehh02dta_b3b/iiib_sm.dta	sm11	SE HA SENTIDO NERVIOSO	ETIQUETA_VARIABLE	ennvih/ehh02dta_all.zip	ennvih1_2002_hogar_dta	8b9b51904ca8790421d82a8a81f7f4edbce9a296cba2ce86fef74f8f379b5923	miembro=ehh02dta_all/ehh02dta_b3b/iiib_sm.dta;metadato_nativo
nervios	contexto:7036	ennvih2005	2005	ennvih/ehh05dta_all.zip	ennvih2_2005_hogar_dta	fc4ea4ae7d0cf4bc906bb46ad5e1e7444b9c24f8e0c569ae3f6e5a9b72453c1a	data_raw		ehh05dta_b3b/iiib_sm.dta	sm11	SE HA SENTIDO NERVIOSO	ETIQUETA_VARIABLE	ennvih/ehh05dta_all.zip	ennvih2_2005_hogar_dta	fc4ea4ae7d0cf4bc906bb46ad5e1e7444b9c24f8e0c569ae3f6e5a9b72453c1a	miembro=ehh05dta_b3b/iiib_sm.dta;metadato_nativo
nervios	contexto:14948	ennvih2009	2009	ennvih/ehh09dta_all.zip	ennvih3_2009_hogar_dta	00a7649a1839a3523be22612c2fa3555d5e743cf5329d6bcdc432b901e98bd15	data_raw		ehh09dta_all/ehh09dta_b3b/iiib_sm.dta	sm11	ULT 4SEM NERVIOSO/ANGUSTIADO?	ETIQUETA_VARIABLE	ennvih/ehh09dta_all.zip	ennvih3_2009_hogar_dta	00a7649a1839a3523be22612c2fa3555d5e743cf5329d6bcdc432b901e98bd15	miembro=ehh09dta_all/ehh09dta_b3b/iiib_sm.dta;metadato_nativo
nervios	contexto_fd26:9098	enasic2022	2022	enasic2022/enasic_2022_bd_csv.zip	enasic2022_bd_csv_zip	8a5e8c5ed2dcda6e25dfe2dd630c0ac7273e0736e7b99662a15a4ef68c3ab36e	data_raw		TPOB_CUI.csv	P6_11_2	6.11.2 ¿Por el cuidado que usted otorga ha recibido terapia para tratar ansiedad, angustia, nervios o depresión?	PREGUNTA_DICCIONARIO	enasic2022/enasic_2022_fd.xlsx	enasic2022_fd_xlsx	33c692e05bd7dbafb801a1594a819c7be0e7cf5c25822c66ea458dc9fe9c1370	miembro=enasic2022/enasic_2022_fd.xlsx;hoja=TPOB_CUI;fila=609
nervios	contexto_fd26:9204	enasic2022	2022	enasic2022/enasic_2022_bd_csv.zip	enasic2022_bd_csv_zip	8a5e8c5ed2dcda6e25dfe2dd630c0ac7273e0736e7b99662a15a4ef68c3ab36e	data_raw		TPOB_CUI.csv	P6_30_2	6.30.2 ¿Por el cuidado que usted otorga ha recibido terapia para tratar ansiedad, angustia, nervios o depresión?	PREGUNTA_DICCIONARIO	enasic2022/enasic_2022_fd.xlsx	enasic2022_fd_xlsx	33c692e05bd7dbafb801a1594a819c7be0e7cf5c25822c66ea458dc9fe9c1370	miembro=enasic2022/enasic_2022_fd.xlsx;hoja=TPOB_CUI;fila=913
nervios	descargas_mx_v1_1:27227	(sin-instrumento-derivable)	NO_DETERMINADO	ENSANUT2024-v2026-09-01/adolescentes_ensanut2024_w.stata.stata.zip	adolescentes_ensanut2024_w_stata_stata__v2026_09_01	47251c90bd411e6d8c6f12dd5761ff928341eee310fe9dd5ba0c841e83e2bb27	descargas_mx		adolescentes_ensanut2024_w.dta	d0421	D0421 Me gustaría saber con qué frecuencia te muestras muy ansioso/a, nervioso/a					
nervios	descargas_mx_v1_1:40434	(sin-instrumento-derivable)	NO_DETERMINADO	adolescentes_ensanut2024_w.stata.stata.zip	adolescentes_ensanut2024_w_stata_stata	b528e00511ad931f2fda973c344299a73d245c11502d867cb9666f7c33824260	descargas_mx		adolescentes_ensanut2024_w.dta	d0421	D0421 Me gustaría saber con qué frecuencia te muestras muy ansioso/a, nervioso/a					
nervios	ext:484	eder2017	NO_DETERMINADO	eder2017/eder2017_bases_dta.zip	eder_2017_eder2017_bases_dta	0b7e1ad846ba157e3a699ca16ea0c45a3b4f8866f6ca74c5e9be9b20812ee949	data_raw		persona.dta	frec_nerv	Frecuencia del nerviosismo					
nervios	ext:485	eder2017	NO_DETERMINADO	eder2017/eder2017_bases_dta.zip	eder_2017_eder2017_bases_dta	0b7e1ad846ba157e3a699ca16ea0c45a3b4f8866f6ca74c5e9be9b20812ee949	data_raw		persona.dta	med_nerv	Medicamento para nerviosismo					
nervios	ext:486	eder2017	NO_DETERMINADO	eder2017/eder2017_bases_dta.zip	eder_2017_eder2017_bases_dta	0b7e1ad846ba157e3a699ca16ea0c45a3b4f8866f6ca74c5e9be9b20812ee949	data_raw		persona.dta	inte_nerv	Intensidad del nerviosismo					
nervios	ext:916	eder2017	NO_DETERMINADO	eder2017/eder2017_bases_sav.zip	eder_2017_eder2017_bases_sav	3e076cd804e91b6a0190c49036b2096ad635882e36d7160abe941611c537b0ce	data_raw		persona.sav	frec_nerv	Frecuencia del nerviosismo					
nervios	ext:917	eder2017	NO_DETERMINADO	eder2017/eder2017_bases_sav.zip	eder_2017_eder2017_bases_sav	3e076cd804e91b6a0190c49036b2096ad635882e36d7160abe941611c537b0ce	data_raw		persona.sav	med_nerv	Medicamento para nerviosismo					
nervios	ext:918	eder2017	NO_DETERMINADO	eder2017/eder2017_bases_sav.zip	eder_2017_eder2017_bases_sav	3e076cd804e91b6a0190c49036b2096ad635882e36d7160abe941611c537b0ce	data_raw		persona.sav	inte_nerv	Intensidad del nerviosismo					
nervios	ext:22815	endireh2016	NO_DETERMINADO	endireh2016/bd_mujeres_endireh2016_sitioinegi_spss.zip	endireh_2016_bd_mujeres_endireh2016_sitioinegi_spss	d198b9022d5727d24cddccdfd019c749ca42acc5d3f3e86a5d67e40ebe6eff3a	data_raw		bd_mujeres_endireh2016_sitioinegi_spss/BD_MUJERES_ENDIREH2016_SitioINEGI.sav	p13_28_2	13.28.2. ¿Los problemas ...le provocaron problemas nerviosos?					
nervios	fd:8725	enasic2022	NO_DETERMINADO	enasic2022/enasic_2022_fd.xlsx	enasic2022_fd_xlsx	33c692e05bd7dbafb801a1594a819c7be0e7cf5c25822c66ea458dc9fe9c1370	data_raw		TPOB_CUI	P6_11_2	6.11.2 ¿Por el cuidado que usted otorga ha recibido terapia para tratar ansiedad, angustia, nervios o depresión?					
nervios	fd:8831	enasic2022	NO_DETERMINADO	enasic2022/enasic_2022_fd.xlsx	enasic2022_fd_xlsx	33c692e05bd7dbafb801a1594a819c7be0e7cf5c25822c66ea458dc9fe9c1370	data_raw		TPOB_CUI	P6_30_2	6.30.2 ¿Por el cuidado que usted otorga ha recibido terapia para tratar ansiedad, angustia, nervios o depresión?					
nervios	fd_ext:260	eder2017	NO_DETERMINADO	eder2017/eder2017_fd.pdf	eder_2017_eder2017_fd	dd4d93114a38e80192bbc29a4a4ab7fba6e4bce0067ecfcdbb4540ada5890541	data_raw		eder2017/eder2017_fd.pdf	frec_nerv	Frecuencia del nerviosismo					
nervios	fd_ext:261	eder2017	NO_DETERMINADO	eder2017/eder2017_fd.pdf	eder_2017_eder2017_fd	dd4d93114a38e80192bbc29a4a4ab7fba6e4bce0067ecfcdbb4540ada5890541	data_raw		eder2017/eder2017_fd.pdf	med_nerv	Medicamento para nerviosismo					
nervios	fd_ext:262	eder2017	NO_DETERMINADO	eder2017/eder2017_fd.pdf	eder_2017_eder2017_fd	dd4d93114a38e80192bbc29a4a4ab7fba6e4bce0067ecfcdbb4540ada5890541	data_raw		eder2017/eder2017_fd.pdf	inte_nerv	Intensidad del nerviosismo					
nervios	fd_ext:813	eder2017	NO_DETERMINADO	eder2017/eder2017_fd.pdf	eder_2017_eder2017_fd	dd4d93114a38e80192bbc29a4a4ab7fba6e4bce0067ecfcdbb4540ada5890541	data_raw		eder2017/eder2017_fd.pdf	¿Con qué frecuencia (NOMBRE) se ha sentido preocupado o nervioso?	Pregunta textual					
nervios	fd_ext:817	eder2017	NO_DETERMINADO	eder2017/eder2017_fd.pdf	eder_2017_eder2017_fd	dd4d93114a38e80192bbc29a4a4ab7fba6e4bce0067ecfcdbb4540ada5890541	data_raw		eder2017/eder2017_fd.pdf	¿Toma (NOMBRE) algún medicamento para la preocupación o el nerviosismo?	Pregunta textual					
nervios	fd_ext:821	eder2017	NO_DETERMINADO	eder2017/eder2017_fd.pdf	eder_2017_eder2017_fd	dd4d93114a38e80192bbc29a4a4ab7fba6e4bce0067ecfcdbb4540ada5890541	data_raw		eder2017/eder2017_fd.pdf	¿Con qué intensidad (NOMBRE) se sintió nervioso o preocupado la última vez?	Pregunta textual					
nervios	fd_ext:2165	endireh2006	NO_DETERMINADO	endireh2006/fd_endireh06.xls	endireh_2006_fd_endireh06	019b47033407762dc48a849643b35a8d924ee5a6cc391221f8fd2ae79be83e4c	data_raw		endireh2006/fd_endireh06.xls	P7_18_2	Los problemas con su pareja provocaron problemas nerviosos					
--- CMD: u0mf --busca ennvih
# u0mf A.13: 1680 entradas examinadas en data/manifiesto.yaml
ennvih_mxfls_licencia		data_raw					
ennvih1_2002_hogar_dta	ennvih/ehh02dta_all.zip	data_raw	8b9b51904ca8790421d82a8a81f7f4edbce9a296cba2ce86fef74f8f379b5923	17534918		ZIP con las bases .dta (Stata) de todos los libros del cuestionario de hogar, ENNViH-1 (2002)	https://www.ennvih-mxfls.org/assets/ehh02dta_all.zip
ennvih1_2002_hogar_cb	ennvih/ehh02cb_all.zip	data_raw	a3220412505d6684e50548bdd1e01ce816d3af99ed846e4e27f30f35e9b506b2	2195863		ZIP con los manuales de codificación (PDF) de todos los libros de hogar, ENNViH-1 (2002)	https://www.ennvih-mxfls.org/assets/ehh02cb_all.zip
ennvih1_2002_hogar_q	ennvih/ehh02q_all.zip	data_raw	40af29bd864e967200dbbde2c9744795b33c0a23cdbb19902dd2ecdb7beb3cac	3750632		ZIP con los cuestionarios (PDF) de todos los libros de hogar, ENNViH-1 (2002)	https://www.ennvih-mxfls.org/assets/ehh02q_all.zip
ennvih1_2002_ponderador	ennvih/ehh02w_all.zip	data_raw	bbe8006844f715c19b724ebb74f1408c4cfa07e2efdfe7d6748b5182ef214587	755310		ZIP con los ponderadores muestrales por libro, ENNViH-1 (2002)	https://www.ennvih-mxfls.org/assets/ehh02w_all.zip
ennvih1_2002_local_dta	ennvih/eloc02dta_all.zip	data_raw	7d3f350a7e7146528822f046f721afbfa1fdd62e0fa2a0781ca54a45181f894e	1591239		ZIP con las bases .dta del cuestionario de LOCALIDAD, ENNViH-1 (2002)	https://www.ennvih-mxfls.org/assets/eloc02dta_all.zip
ennvih1_2002_local_cb	ennvih/eloc02cb_all.zip	data_raw	29bedbaecf229e15e6af1dd6410533bc2ecfa740334cdf9a9cd7043e925ea2e6	901067		ZIP con los manuales de codificación (PDF) del cuestionario de localidad, ENNViH-1 (2002)	https://www.ennvih-mxfls.org/assets/eloc02cb_all.zip
ennvih1_2002_local_q	ennvih/eloc02q_all.zip	data_raw	e8a28cdd05def8e0a9b89c86b6ba5574e8cd819de7ab86780a22c9f473d46d97	5995112		ZIP con los cuestionarios (PDF) de localidad, ENNViH-1 (2002)	https://www.ennvih-mxfls.org/assets/eloc02q_all.zip
ennvih1_2002_guia	ennvih/guiausuariov1.pdf	data_raw	d38ee15b9c6b4681364e75fefeed27a26b216c5974a2a5d5c4c7c213e2eede53	483275		PDF — Guía de Usuario ENNViH-1 (2002)	https://www.ennvih-mxfls.org/assets/guiausuariov1.pdf
ennvih2_2005_hogar_dta	ennvih/ehh05dta_all.zip	data_raw	fc4ea4ae7d0cf4bc906bb46ad5e1e7444b9c24f8e0c569ae3f6e5a9b72453c1a	20198874		ZIP con las bases .dta (Stata) de todos los libros del cuestionario de hogar, ENNViH-2 (2005-06)	https://www.ennvih-mxfls.org/assets/ehh05dta_all.zip
ennvih2_2005_hogar_cb	ennvih/ehh05cb_all.zip	data_raw	1bbbb7ee97bd8d1273213e0d4d2ee616198405d32bc145df9236efa2940f210b	1184711		ZIP con los manuales de codificación (PDF) de todos los libros de hogar, ENNViH-2 (2005-06)	https://www.ennvih-mxfls.org/assets/ehh05cb_all.zip
ennvih2_2005_hogar_q	ennvih/ehh05q_all.zip	data_raw	e73709d1de16f4c79cd20a48080dca7ea6ec3a2dcca491837d7f79a00928e894	2913036		ZIP con los cuestionarios (PDF) de todos los libros de hogar, ENNViH-2 (2005-06)	https://www.ennvih-mxfls.org/assets/ehh05q_all.zip
ennvih2_2005_ponderador_transversal	ennvih/ehh05w_all.zip	data_raw	34ee12b0c0d71e76676197089b5fd6048c0fdaa590a220f440d95526b1f4713b	759009		ZIP con los ponderadores TRANSVERSALES (población mexicana en 2005) por libro, ENNViH-2	https://www.ennvih-mxfls.org/assets/ehh05w_all.zip
ennvih2_2005_ponderador_longitudinal	ennvih/ehh05lw_all.zip	data_raw	6567bcbf3386b04b3d77c0ac0eb564d5be752b0090bb9caa31ccb1e077a745bf	698559		ZIP con los ponderadores LONGITUDINALES (población del 2002) por libro, ENNViH-2	https://www.ennvih-mxfls.org/assets/ehh05lw_all.zip
ennvih2_2005_local_dta	ennvih/eloc05dta_all.zip	data_raw	fd7c1888d33a81d0269675654f3fc8f32b442d80a70b0164080fa19859cda1e0	417340		ZIP con las bases .dta del cuestionario de LOCALIDAD, ENNViH-2 (2005-06)	https://www.ennvih-mxfls.org/assets/eloc05dta_all.zip
ennvih2_2005_local_cb	ennvih/eloc05cb_all.zip	data_raw	e793a63ba5b39bd5599c9340f64129e6ab380a7c67fc87c0721a04283fff2d7b	166796		ZIP con los manuales de codificación (PDF) del cuestionario de localidad, ENNViH-2 (2005-06)	https://www.ennvih-mxfls.org/assets/eloc05cb_all.zip
ennvih2_2005_local_q	ennvih/eloc05q_all.zip	data_raw	eb9aee58ebeb3206f77f7d75931fb298d8b50b03a0f8d793300f9dfbcaa06f2c	642097		ZIP con los cuestionarios (PDF) de localidad, ENNViH-2 (2005-06)	https://www.ennvih-mxfls.org/assets/eloc05q_all.zip
ennvih2_2005_guia	ennvih/guiausuariov2.pdf	data_raw	6d3334e77e1d417bf7be997715c4e38b0c0047e595a948d7bbcd8295255f0ddc	307528		PDF — Guía de Usuario ENNViH-2 (2005-06)	https://www.ennvih-mxfls.org/assets/guiausuariov2.pdf
ennvih3_2009_hogar_dta	ennvih/ehh09dta_all.zip	data_raw	00a7649a1839a3523be22612c2fa3555d5e743cf5329d6bcdc432b901e98bd15	26376091		ZIP con las bases .dta (Stata) de todos los libros del cuestionario de hogar, ENNViH-3 (2009-12)	https://www.ennvih-mxfls.org/assets/ehh09dta_all.zip
ennvih3_2009_hogar_cb	ennvih/ehh09cb_all.zip	data_raw	1e23ee82ac16f1f977daa78f017753045a459dc468ba599c1ec4011cc08ef059	10077598		ZIP con los manuales de codificación (PDF) de todos los libros de hogar, ENNViH-3 (2009-12)	https://www.ennvih-mxfls.org/assets/ehh09cb_all.zip
ennvih3_2009_hogar_q	ennvih/ehh09q_all.zip	data_raw	4eaed9c07a638fdd388901cd84692b9de2f8503ccf5d54da524b660b46fb5340	6156032		ZIP con los cuestionarios (PDF) de todos los libros de hogar, ENNViH-3 (2009-12)	https://www.ennvih-mxfls.org/assets/ehh09q_all.zip
ennvih3_2009_ponderador_transversal	ennvih/ehh09w_all.zip	data_raw	e7929b49a7cd4f1eae5aa17da77c7eea4794d0f26265fbd40dde5e9c8e3ef8b8	876722		ZIP con los ponderadores TRANSVERSALES por libro, ENNViH-3 (2009-12)	https://www.ennvih-mxfls.org/assets/ehh09w_all.zip
ennvih3_2009_ponderador_longitudinal	ennvih/ehh09lw_all.zip	data_raw	52472e0c648c5c35e00bf11b546c9b60beadec93f01290771b67adece3903833	655349		ZIP con los ponderadores LONGITUDINALES por libro, ENNViH-3 (2009-12)	https://www.ennvih-mxfls.org/assets/ehh09lw_all.zip
ennvih3_2009_local_dta	ennvih/eloc09dta_all.zip	data_raw	da3d4d6f80943d85d481f021b50771956bedaec3a8c257753d46e31b65000406	423878		ZIP con las bases .dta del cuestionario de LOCALIDAD, ENNViH-3 (2009-12)	https://www.ennvih-mxfls.org/assets/eloc09dta_all.zip
ennvih3_2009_local_cb	ennvih/eloc09cb_all.zip	data_raw	1e319818bf0abaa4c6ae076c91500c94ac0daa50f6c5c8517b1e297734a46d5e	1796199		ZIP con los manuales de codificación (PDF) del cuestionario de localidad, ENNViH-3 (2009-12)	https://www.ennvih-mxfls.org/assets/eloc09cb_all.zip
ennvih3_2009_local_q	ennvih/eloc09q_all.zip	data_raw	7740382889fdc5b6d634c888bd35cee541e50a875b991952f299ae0881b36379	2618552		ZIP con los cuestionarios (PDF) de localidad, ENNViH-3 (2009-12)	https://www.ennvih-mxfls.org/assets/eloc09q_all.zip
ennvih3_2009_guia	ennvih/guia_de_usuario_ennvih-3.pdf	data_raw	f5e884eb6d923211ea21bf98c5584d87cb04e7540c62d59d6812bbaa28401ba8	774086		PDF — Guía de Usuario ENNViH-3 (2009-12)	https://www.ennvih-mxfls.org/assets/guia_de_usuario_ennvih-3.pdf
ennvih3_2009_factores_exp	ennvih/calculo-de-factores-de-expansion.pdf	data_raw	cc297561caa5e963fd5a7cd88a8ab0a45726b997015eafbcdac7bcf088fe214d	337947		PDF — Cálculo de factores de expansión, documentación de ponderadores de la ola 3 (enlazada desde documentacion3.html)	https://www.ennvih-mxfls.org/assets/calculo-de-factores-de-expansion.pdf
ennvih1_muestra_diseno	ennvih_diseno/ennvih-1_muestra.pdf	data_raw	9f90df10338c7749cf46f86edc0664fc300c913e4fc4b1eee5e360d2970e91f0	56225		pdf	http://ennvih-mxfls.org/assets/ennvih-1_muestra.pdf
ehh02cb_b2	ennvih/doc/ehh02cb_b2.pdf	data_raw	2b1d1fcbf9e57c996f9c0706b4686683fff13685eecca36fabc838b8c0dcdfb0	225237			no determinada
ehh02cb_b3a	ennvih/doc/ehh02cb_b3a.pdf	data_raw	c01c4548ad0b6b444700ad1165bbaedf837def5da5b8689a7fece6ceeb2f6d3b	393086			no determinada
ehh02cb_b3b	ennvih/doc/ehh02cb_b3b.pdf	data_raw	fa022876e336e975efebae7afb91e6beca3f92c915a57238de79f71db2f1ed6b	265382			no determinada
ehh02cb_bc	ennvih/doc/ehh02cb_bc.pdf	data_raw	5f45f149c3c45b68e2b2d3e0dc7193d57109bd2db510ab6c68c036bd7ffe6d09	272810			no determinada
ehh02q_b2	ennvih/doc/ehh02q_b2.pdf	data_raw	12ae9781aa02226254e37da3dc40255f8a7ff1542f44da6e05d86b16afb7b7ff	155104			no determinada
ehh02q_b3a	ennvih/doc/ehh02q_b3a.pdf	data_raw	2aa718168e73e11e20ee4dea82a3123aae028afeeafe1cd6699f1fcde70c5a28	224308			no determinada
ehh05cb_b2	ennvih/doc/ehh05cb_b2.pdf	data_raw	729494859ce9e166f73f3d1d800ccc05f7d89bea1077d625d1670a64d1bdc272	171212			no determinada
ehh05cb_b3a	ennvih/doc/ehh05cb_b3a.pdf	data_raw	673bcd8a5000cf20846b0eea1919f35ccbad43ecde0022d1735f0f4a8feb1216	258757			no determinada
ehh05cb_b3b	ennvih/doc/ehh05cb_b3b.pdf	data_raw	a3b693ae68c611ef576dec0e5fc43250ccbe1f82bf80c79ccb327c3aa2745c62	185573			no determinada
ehh05cb_bc	ennvih/doc/ehh05cb_bc.pdf	data_raw	498464ca42028dabec82770d95b7187459f4f1991ed61901a21b67d0b84da6c6	67152			no determinada
ehh05q_b2	ennvih/doc/ehh05q_b2.pdf	data_raw	bd277259638483d43120ef828f27ca7481b884b15f1752d8fdc19ae4a4d926ed	276032			no determinada
ehh05q_b3a	ennvih/doc/ehh05q_b3a.pdf	data_raw	1a1a19e21a931f5f579c919874693c28f0783ed9b22d3cfbf642d93cc74ad088	366980			no determinada
ehh09cb_b2	ennvih/doc/ehh09cb_b2.pdf	data_raw	12c84fc5b88f49984b4df392137f8b2cf58085eacd07f74f4bb93ecb0ba8e4bb	1833995			no determinada
ehh09cb_b3a	ennvih/doc/ehh09cb_b3a.pdf	data_raw	c015839b84cba0a9f42cf0ddebee1df379efad0639e43799cdb948f5153fa8f9	2509283			no determinada
ehh09cb_b3b	ennvih/doc/ehh09cb_b3b.pdf	data_raw	a21c5348e4eb217f41e8ad999e02060012067a5c0084a7a88ab24070fd631023	2974154			no determinada
ehh09cb_bc	ennvih/doc/ehh09cb_bc.pdf	data_raw	1062ca2c617b7bd7fec37fd25876e35ea4417c8c5d157570ef6440f08be5548d	642218			no determinada
ehh09q_b2	ennvih/doc/ehh09q_b2.pdf	data_raw	12191a6cc080bd0946eb69d7217f1ef3eb020067609efe45a57d4532f579b719	620273			no determinada
eloc02cb_bcc	ennvih/doc/eloc02cb_bcc.pdf	data_raw	a3d9de6a74e315455c06fc6c2d21133cc6e72653a66781bd6ef3177c8218adb3	237901			no determinada
eloc02q_bcc	ennvih/doc/eloc02q_bcc.pdf	data_raw	5d865102d7d1a1098d466e0d27df2333f5f0f59cf4a325aba65111f15352accf	614903			no determinada
eloc05cb_bcc	ennvih/doc/eloc05cb_bcc.pdf	data_raw	303449abda3e3829096951b76de0835de9b44a11e12937d681612c9c05772393	162211			no determinada
eloc05q_bcc	ennvih/doc/eloc05q_bcc.pdf	data_raw	9051fc3964d80077ba947b69d86800412ac27c74e3418de23552229e2383d9b0	309972			no determinada
eloc09cb_bcc1	ennvih/doc/eloc09cb_bcc1.pdf	data_raw	a696925e99472497f788420866849e3eedbc60137e68ff5ea457ab7ef150c37b	1050128			no determinada
eloc09cb_bcc2	ennvih/doc/eloc09cb_bcc2.pdf	data_raw	65d51b1e33cb407c12797103800289189e566d406ad5cfc041de500aa10b3203	927189			no determinada
eloc09q_bcc1	ennvih/doc/eloc09q_bcc1.pdf	data_raw	1a5dc8449f77400cc2c2a47f48fcacfe3ccc3d1bdc4c43ed1b77ec32640adf8c	1105763			no determinada
ennvih2_2005_guia_usuario_ingles	ennvih/usersguidev2-en.pdf	data_raw	63e98081cfb4c0556909be2890d73b7d0000784e880cb9118bf2c21fd4e42fcc	385292		PDF legible, 37 páginas, guía de usuario MxFLS-2 en inglés	https://www.ennvih-mxfls.org/english/assets/usersguidev2.pdf
ennvih3_2009_guia_usuario_ingles	ennvih/usersguidemxfls-3-en.pdf	data_raw	747a9a0f33ec73166a62ebfc0ddca752dcc48ec14976100c124e4d204d6d10a8	708423		PDF legible, 45 páginas, guía de usuario MxFLS-3 en inglés	https://www.ennvih-mxfls.org/english/assets/usersguidemxfls-3.pdf
ihsn_mex_2009_ennvih3_metadata	ennvih_diseno/ihsn-mex-2009-ennvih3-metadata.json	data_raw	e9a1764bf2b82d6b65bfa1a2a0d15820b7c67d775cd253d0c0bb7baf7a6d32d9	10243502		JSON DDI/NADA exportado por IHSN, 10,243,502 bytes; parseado correctamente	https://catalog.ihsn.org/metadata/export/7063/json
ucla_mxfls_design_summary_2007	ennvih/ucla_mxfls_design_summary_2007_a.pdf	data_raw	f6ae6b5f803885a03460a5cc88ca0de8173d3b489caf5deff861d4b300abc405	462842		PDF, 107 páginas, informe secundario alojado por UCLA	https://ccpr.ucla.edu/wp-content/uploads/2024/04/An-Assessment-of-Available-Data-and-Data-Needs-for-Studying-Intra-and-Inter-Generational-Family-Relationships-a
# busca ['ennvih']: 57 entradas coinciden (mostradas 57)
--- CMD: u0pdf -q 'nervioso|nerviosa' --idsub ennvih --limite 15
# u0pdf A.13: 7 PDF registrados examinados (caché pdftotext de 349)
# consulta 'nervioso|nerviosa': 0 coincidencias (texto de página aplanado); mostrando 0
manifest_id	sha256	raiz	pagina	contexto
--- CMD: u0pdf -q 'nervioso' --id ehh02q_b3a --limite 10
# u0pdf A.13: 1 PDF registrados examinados (caché pdftotext de 349)
# consulta 'nervioso': 0 coincidencias (texto de página aplanado); mostrando 0
manifest_id	sha256	raiz	pagina	contexto
--- CMD: u0pdf -q 'nervioso|SM11|SM1' --id ehh02cb_b3b --contexto 2 --limite 15
# u0pdf A.13: 1 PDF registrados examinados (caché pdftotext de 349)
# consulta 'nervioso': 1 coincidencias (texto de página aplanado); mostrando 1
manifest_id	sha256	raiz	pagina	contexto
ehh02cb_b3b	fa022876e336e975efebae7afb91e6beca3f92c915a57238de79f71db2f1ed6b	data_raw	p.16	…otal 19803 sm10 n siente presion pecho 1. si, algunas veces 3436 2. si, muchas veces 387 3. si, todo el tiempo 157 4. no 15823 total 19803 sm11 n se ha sentido nervioso 1. si, algunas veces 6893 2. si, muchas veces 782 3. si, todo el tiempo 210 4. no 11918 total 19803 sm12 n se ha sentido mas cansado 1. si, algunas veces 7273 …
--- CMD: u0pdf -q 'susto' --limite 5
# u0pdf A.13: 349 PDF registrados examinados (caché pdftotext de 349)
# consulta 'susto': 1 coincidencias (texto de página aplanado); mostrando 1
--- CMD: u0pdf -q 'ataque de nervios' --limite 5
# u0pdf A.13: 349 PDF registrados examinados (caché pdftotext de 349)
# consulta 'ataque de nervios': 0 coincidencias (texto de página aplanado); mostrando 0
--- CMD: u0pdf -q 'bilis|muina' --limite 5
# u0pdf A.13: 349 PDF registrados examinados (caché pdftotext de 349)
# consulta 'bilis|muina': 117 coincidencias (texto de página aplanado); mostrando 5
--- CMD: u0pdf -q 'curandero' --limite 5
# u0pdf A.13: 349 PDF registrados examinados (caché pdftotext de 349)
# consulta 'curandero': 55 coincidencias (texto de página aplanado); mostrando 5
--- CMD: u0pdf -q 'yerbero' --limite 5
# u0pdf A.13: 349 PDF registrados examinados (caché pdftotext de 349)
# consulta 'yerbero': 7 coincidencias (texto de página aplanado); mostrando 5
--- CMD: u0pdf -q 'espiritista' --limite 5
# u0pdf A.13: 349 PDF registrados examinados (caché pdftotext de 349)
# consulta 'espiritista': 3 coincidencias (texto de página aplanado); mostrando 3
--- CMD: u0pdf -q 'medico tradicional' --limite 5
# u0pdf A.13: 349 PDF registrados examinados (caché pdftotext de 349)
# consulta 'medico tradicional': 0 coincidencias (texto de página aplanado); mostrando 0
--- CMD: u0pdf -q 'consejero espiritual' --limite 5
# u0pdf A.13: 349 PDF registrados examinados (caché pdftotext de 349)
# consulta 'consejero espiritual': 0 coincidencias (texto de página aplanado); mostrando 0
--- CMD: u0pdf -q 'susto' --limite 5
# u0pdf A.13: 349 PDF registrados examinados (caché pdftotext de 349)
# consulta 'susto': 1 coincidencias (texto de página aplanado); mostrando 1
manifest_id	sha256	raiz	pagina	contexto
conf17_r9_1_ensanut_2018_cuestionario_utilizadores	164309f4742408b04cd0d561ef3cf4d78b1b82844569e469dec740e4f54fc721	data_raw	p.2	…tacion…………. 40 17 diarrea…………………………………………………..........…. fiebre sin otra manifestacion……………………………..…41 18 42 gastritis o ulcera gastrica……………………………...........… susto, empacho, mal de ojo o aire………………………..… 19 colitis…………………………………………………................ embarazo………………………………………………….... 43 parasitosis intestinal………………………………....…
--- CMD: u0pdf -q 'espiritista' --limite 5
# u0pdf A.13: 349 PDF registrados examinados (caché pdftotext de 349)
# consulta 'espiritista': 3 coincidencias (texto de página aplanado); mostrando 3
manifest_id	sha256	raiz	pagina	contexto
za5900_backgroundvar_mx	a7f6a3438eebcf355ea80013bb6965ca86ae8126289c3a6392fc78c46b720a39	descargas_mx	p.29	…g daan 404. dating daan 405) cruzada del milagro de jesus 405. jesus miracle crusad 406) jesus es senor 406. jesus is lord 407) cristianos 407. christians 408) espiritistas 408. espiritista 409) iglesia en cristo 409. iglesia ni christo 410) iglesia independiente filipinas 410. phil independent church 411. iglesia filipina ind 41…
za5900_backgroundvar_mx	a7f6a3438eebcf355ea80013bb6965ca86ae8126289c3a6392fc78c46b720a39	descargas_mx	p.29	… daan 405) cruzada del milagro de jesus 405. jesus miracle crusad 406) jesus es senor 406. jesus is lord 407) cristianos 407. christians 408) espiritistas 408. espiritista 409) iglesia en cristo 409. iglesia ni christo 410) iglesia independiente filipinas 410. phil independent church 411. iglesia filipina ind 412) sayon 412. sayo…
za5900_backgroundvar_mx	a7f6a3438eebcf355ea80013bb6965ca86ae8126289c3a6392fc78c46b720a39	descargas_mx	p.29	…ion (no specific group mentioned) 960. other religions 961. nz:ratana 962. usa:native american 963) religion afro-brasilena 963. br:afro brasilianreligion 964) espiritista brasilena 964. br: espirita 998) no sabe 998. don’t know 999) no respuesta 999. no answer optional: recoding syntax documentation for issp background variables…
--- CMD: u0pdf -q 'yerbero' --limite 7
# u0pdf A.13: 349 PDF registrados examinados (caché pdftotext de 349)
# consulta 'yerbero': 7 coincidencias (texto de página aplanado); mostrando 7
manifest_id	sha256	raiz	pagina	contexto
5_vfinal_cuestionario_utilizadores_ensanut_2024_etiquetas_cuestionarios	004aacee3729009e79065ba7e2c4afacfc7f7c3e418e735c405f46e9189fafa6	descargas_mx	p.3	…vada en mi domicilio 18 atencion privada via remota (telefono, mensajes de texto, telemedicina) 99 ns/nr 19 medico laboral (medico de la empresa) 20 curandero, yerbero, naturista 21 homeopata, partera, acupunturista programador: la opcion 11 no debe estar activa para: ags, 22 otro (especifique) chih, coah, dgo,gto, jal, nl, q…
conf17_r9_1_ensanut_2018_cuestionario_utilizadores	164309f4742408b04cd0d561ef3cf4d78b1b82844569e469dec740e4f54fc721	data_raw	p.4	…....…. 6 esta cerca.....…………………………………… 2 otro (especifica)................................................ 7 es barato/no cuesta……………………………. 3 conoce al medico/yerbero/curandera/partera. 4 le gusta como lo(a) atienden………...........…. 5 no sabe........................................................... 9 3.7 ¿a que institucion…
eloc02q_bcc	5d865102d7d1a1098d466e0d27df2333f5f0f59cf4a325aba65111f15352accf	data_raw	p.18	…___ i. el practicante tradicional 1. dentro inf07 1. |__|__|__| |__|__|__| 1. |__|__| |__|__| 01 02 03 04 05 1. $ |__|__|__| . |__|__| 1. |__| dias (curandero, yerbero, 2. fuera kms mts hrs min 06 inf07 8. ns 8. ns huesero) 3. no utilizan/cuentan con el servicio 8. ns 07 ________________ mas cercano 8. ns _________________ j.…
eloc05q_bcc	9051fc3964d80077ba947b69d86800412ac27c74e3418de23552229e2383d9b0	data_raw	p.27	… dentro inf07 01 02 03 04 05 1. |__|__|__| |__|__|__| tradicional(curandero, 2. fuera 1. |__|__| |__|__| 1. $|__|__|__| . |__|__| 1. |__| dias kms mts 06 inf07 yerbero,huesero)mas 3. no utilizan/cuentan con el servicio hrs min 8. ns 8. ns cercano 8. ns 07 8. ns j. el centro de 1. dentro inf07 01 02 03 04 05 rehabilitacion 2. …
enigh2024_cuest_gastos_hogar_pdf	446cdfc71788bf3909d421b109c06ff6b4acd04b2e8361467ffd060459dbc6c1	data_raw	p.65	…na alternativa productos homeopaticos 0 6 11 2 0 y naturistas consultas homeopaticas 062195 servicio de practicantes de medicina tradicional: 062196 curandero, yerbero, huesero etcetera otros servicios medicos 062197 (especifique) f) aparatos ortopedicos y servicios terapeuticos anteojos y lentes de contacto 0 6 1 3 11 otros …
enigh2024_descripcion_base_pdf	1b0c698594da41bfe8c976c5d161dcdf99ae4f962a8a5cafe73947582dfdf8a1	data_raw	p.258	…dicina alternativa 061120 productos homeopaticos y naturistas 062195 consultas homeopaticas 062196 servicio de practicantes de medicina tradicional: curandero, yerbero, huesero, etcetera 062197 otros servicios medicos: acupunturistas, optometristas, fonoaudiologos independientes, logopedas, etcetera aparatos ortopedicos y ser…
enigh2024_entrevistador_pdf	31440937c5c494a2e626ead64fac1e06aa30bdeefb2175fbfc1a9ac494cb81f2	data_raw	p.467	…en donde recibio el servicio y/o los productos?, quedara en blanco. inciso e) medicina alternativa servicio de practicantes de medicina tradicional: curandero, yerbero, huesero, etcetera (06 2 1 9 6) • considera los gastos efectuados en consultas con medicos naturistas. inciso g) seguro medico • considera los gastos en seguro…
--- CMD: u0mf --busca edr
# u0mf A.13: 1680 entradas examinadas en data/manifiesto.yaml
edr2024_bd_dbf_zip	edr2024/defunciones_base_datos_2024_dbf.zip	data_raw	a8acb8f0f5aab9d06bf50e55db0f1c2de3e3c32597e0f0aa7c62d0530c17ee3b	28238311		DBF (comprimido en ZIP) -- Base de datos EDR 2024 (defunciones registradas). No se abrio ni extrajo.	https://www.inegi.org.mx/contenidos/programas/edr/microdatos/defunciones/2024/defunciones_base_datos_2024_dbf.zip
numpagosmedrec	Descargas Manuales/NumPagosMedRec.xls	descargas_mx	975b8f73b19f5481f4adaf1527f98fa6f12aa0c97db028a680acaf1d0b9da9e8	99328			no determinada (portal del SAT, seccion de estadistica tributaria; bajados a mano por mesa el 2026-09-02 porque la caja no alcanza sat.gob.mx -- SPA sin texto, 
# busca ['edr']: 2 entradas coinciden (mostradas 2)
--- CMD: u0busca -q 'causa de la muerte|causa de defuncion' --limite 5
# u0busca A.13: 9 tablas (contexto,contexto_fd26,descargas_mx,descargas_mx_v1_1,ext,fd,fd_ext,fd_recuperado,v1_2); 314256 identidades revisadas, 113780 con texto
# consulta 'causa de la muerte|causa de defuncion': 0 aciertos con texto; mostrando 0
consulta	tabla_inv	instrumento	ola	payload_archivo	payload_id	payload_sha256	payload_raiz	reserva	archivo_miembro	variable_id	texto_reactivo	texto_tipo	fuente_texto	fuente_id	fuente_sha256	referencia_fuente
--- CMD: u0mf --busca 'boletin'
# u0mf A.13: 1680 entradas examinadas en data/manifiesto.yaml
adq15_omca_omca_boletines	ADQ15_OMCA_conflictos_agua/omca_boletines.html	data_raw	02a462c9d3adb97c6636e2581faefd598788af385d15fb3bb6929785a3ab09a9	17457		HTML	https://omca.imta.gob.mx/omca/boletines
--- CMD: u0mf --busca 'comunicado'
# u0mf A.13: 1680 entradas examinadas en data/manifiesto.yaml
encig2025_boletin_pdf	encig2025_boletin.pdf	data_raw	6515cb698a8a7f0821a225827ac2402d06cd6405cabf76208f0d6c529b29eaa4	329663		PDF, comunicado ENCIG 2025 de 21-may-2026, 3 páginas	https://www.inegi.org.mx/contenidos/saladeprensa/boletines/2026/encig/ENCIG2025_CP.pdf
--- CMD: u0mf --busca 'who atlas'
# u0mf A.13: 1680 entradas examinadas en data/manifiesto.yaml
# busca ['who atlas']: 0 entradas coinciden (mostradas 0)
--- CMD: u0mf --busca 'commonwealth'
# u0mf A.13: 1680 entradas examinadas en data/manifiesto.yaml
# busca ['commonwealth']: 0 entradas coinciden (mostradas 0)
--- CMD: u0mf --busca 'ciep'
# u0mf A.13: 1680 entradas examinadas en data/manifiesto.yaml
# busca ['ciep']: 0 entradas coinciden (mostradas 0)
--- CMD: u0mf --busca 'conasama'
# u0mf A.13: 1680 entradas examinadas en data/manifiesto.yaml
# busca ['conasama']: 0 entradas coinciden (mostradas 0)
--- CMD: u0mf --busca 'encovid'
# u0mf A.13: 1680 entradas examinadas en data/manifiesto.yaml
# busca ['encovid']: 0 entradas coinciden (mostradas 0)
--- CMD: u0pdf -q 'sintomatologia depresiva' --limite 3
# u0pdf A.13: 349 PDF registrados examinados (caché pdftotext de 349)
# consulta 'sintomatologia depresiva': 2 coincidencias (texto de página aplanado); mostrando 2
--- CMD: u0pdf -q 'psiquiatrico asilar' --limite 3
# u0pdf A.13: 349 PDF registrados examinados (caché pdftotext de 349)
# consulta 'psiquiatrico asilar': 0 coincidencias (texto de página aplanado); mostrando 0
--- CMD: u0pdf -q 'monoespecializados en psiquiatria' --limite 3
# u0pdf A.13: 349 PDF registrados examinados (caché pdftotext de 349)
# consulta 'monoespecializados en psiquiatria': 0 coincidencias (texto de página aplanado); mostrando 0
--- CMD: u0pdf -q '27.3' --limite 3
# u0pdf A.13: 349 PDF registrados examinados (caché pdftotext de 349)
# consulta '27.3': 84 coincidencias (texto de página aplanado); mostrando 3
--- CMD: u0pdf -q '9,051' --limite 3
# u0pdf A.13: 349 PDF registrados examinados (caché pdftotext de 349)
# consulta '9,051': 7 coincidencias (texto de página aplanado); mostrando 3
--- CMD: u0pdf -q '9051' --limite 3
# u0pdf A.13: 349 PDF registrados examinados (caché pdftotext de 349)
# consulta '9051': 2 coincidencias (texto de página aplanado); mostrando 2
--- CMD: u0pdf -q 'tasa de suicidio' --limite 3
# u0pdf A.13: 349 PDF registrados examinados (caché pdftotext de 349)
# consulta 'tasa de suicidio': 0 coincidencias (texto de página aplanado); mostrando 0
--- CMD: u0pdf -q 'vazquez-salas' --limite 3
# u0pdf A.13: 349 PDF registrados examinados (caché pdftotext de 349)
# consulta 'vazquez-salas': 0 coincidencias (texto de página aplanado); mostrando 0
--- CMD: u0pdf -q 'hospitales psiquiatricos' --limite 3
# u0pdf A.13: 349 PDF registrados examinados (caché pdftotext de 349)
# consulta 'hospitales psiquiatricos': 0 coincidencias (texto de página aplanado); mostrando 0
--- CMD: u0pdf -q 'sintomatologia depresiva' --limite 3 (full)
# u0pdf A.13: 349 PDF registrados examinados (caché pdftotext de 349)
# consulta 'sintomatologia depresiva': 2 coincidencias (texto de página aplanado); mostrando 2
manifest_id	sha256	raiz	pagina	contexto
3_vfinal_cuestionario_adolescentes_ensanut_2024_etiquetas_cuestionarios	344f32ef0f873f86fb20faf1d6afd2bfa0bc3735656ea4fe4d71e39736faeeab	descargas_mx	p.22	…seccion 6. sintomatologia depresiva 6.1 a continuacion te mencionare sentimientos o conductas que hayas podido experimentar. por favor, dime con que frecuencia te has sentido asi durante la ultim…
4_vfinal_cuestionario_adultos_ensanut_2024_etiquetas_cuestionarios	0bc30c3b7f08bda0b1cfebb823eb2bfdd815581fd1d93ea956314bf6507f82d0	descargas_mx	p.2	…01esp otra forma (especifica)..____________________................................................................................................... 09 ii. . sintomatologia depresiva 2 …
--- CMD: u0pdf -q '9,051|9051' --limite 5 (full)
# u0pdf A.13: 349 PDF registrados examinados (caché pdftotext de 349)
# consulta '9,051|9051': 9 coincidencias (texto de página aplanado); mostrando 5
manifest_id	sha256	raiz	pagina	contexto
banxico_informe_anual_idmf_2024	c164b91183402c0728f9799bf4c6889706c71158b45c40546b28a07ab2c78d6f	data_raw	p.50	…iados banjercito – banamex mas de 851 mil 9,115 banjercito – bbva mas de 851 mil 11,525 bajio – inbursa – scotiabank-banregio -mifel -hsbc mas de 22.9 millones 9,051 afirme – bajio mas de 2.6 millones 2,306 afirme – bancoppel mas de 20.8 millones 4,208 afirme – inbursa mas de 4.3 millones 2,258 scotiabank – actinver mas de …
banxico_informe_anual_idmf_2024	c164b91183402c0728f9799bf4c6889706c71158b45c40546b28a07ab2c78d6f	data_raw	p.51	…,600 bajio 1,830.6 803 15,862 16,665 afirm e 703.6 1,503 6,926 8,429 inbursa 755.3 755 9,799 10,554 instituciones emisoras de tarejtas banregio 444.4 523 8,528 9,051 azteca 887.8 2,663 2,410 5,073 banjercito 3,713.3 840 27,752 28,592 intercam 39.5 724 2,331 3,055 mifel 51.2 104 11,610 11,714 bancoppel 17.8 2,705 2,331 5,036…
banxico_informe_anual_idmf_2024	c164b91183402c0728f9799bf4c6889706c71158b45c40546b28a07ab2c78d6f	data_raw	p.51	…ctinver 22.7 0 1,528 1,528 multiva 13.9 120 1,528 1,648 bienestar 40.5 2,946 840 3,786 autofin 8.4 18 1,528 1,546 bancrea 0.3 0 803 803 h sbc 179.3 5,338 3,713 9,051 fuente: elaborado por el banco de mexico. grafica 3.17 operaciones diarias promedio durante el buen fin buen fin (millones de operaciones) 35 33.3 durante la e…
enigh2024_reporte_resultados_pdf	6b091e2d640b6682ca568203637d2a327fbcae950ba7ef66c441c5970568903d	data_raw	p.12	…mpleta 26 722 31 258 21 360 26 401 31 549 20 659 29 239 34 082 23 639 o incompleta profesional completa o 55 036 65 919 42 644 47 478 55 198 39 170 51 7091/ 61 9051/ 41 0631/ incompleta posgrado completo o 151 044 207 513 84 623 99 445 117 598 81 253 94 7521/ 112 8951/ 77 1891/ incompleto 1/ diferencia no estadisticamente …
itindc_202602	296795821a5b09951558ea1aeb722b5ee97e0d9f1d8c65aff9a04cd8662962a1	descargas_mx	p.32	… variacion 2026 concepto nominal % real 2025 programa observado p_/ (1) (2) (3) (3-2) (3/1) total 3,099,459.6 3,703,855.6 3,343,889.1 -359,966.5 3.7 gobierno 209,051.5 232,620.3 211,803.1 -20,817.2 -2.6 legislacion 7,213.4 11,621.5 7,306.8 -4,314.7 -2.6 justicia 50,251.7 65,342.6 49,336.3 -16,006.2 -5.6 coordinacion de la p…
--- CMD: u0pdf -q 'sintomatologia depresiva' --id 4_vfinal_cuestionario_adultos_ensanut_2024_etiquetas_cuestionarios --limite 3
# u0pdf A.13: 1 PDF registrados examinados (caché pdftotext de 349)
# consulta 'sintomatologia depresiva': 1 coincidencias (texto de página aplanado); mostrando 1
manifest_id	sha256	raiz	pagina	contexto
4_vfinal_cuestionario_adultos_ensanut_2024_etiquetas_cuestionarios	0bc30c3b7f08bda0b1cfebb823eb2bfdd815581fd1d93ea956314bf6507f82d0	descargas_mx	p.2	…01esp otra forma (especifica)..____________________................................................................................................... 09 ii. . sintomatologia depresiva 2 …
--- CMD: u0pdf -q 'poco interes|decaido|deprimid|sin animo' --id 4_vfinal_cuestionario_adultos_ensanut_2024_etiquetas_cuestionarios --limite 5
# u0pdf A.13: 1 PDF registrados examinados (caché pdftotext de 349)
# consulta 'poco interes|decaido|deprimid|sin animo': 1 coincidencias (texto de página aplanado); mostrando 1
manifest_id	sha256	raiz	pagina	contexto
4_vfinal_cuestionario_adultos_ensanut_2024_etiquetas_cuestionarios	0bc30c3b7f08bda0b1cfebb823eb2bfdd815581fd1d93ea956314bf6507f82d0	descargas_mx	p.3	… a) ¿sentia como si no pudiera quitarse de encima la tristeza? 1 2 3 4 a0211 b) ¿le costaba concentrarse en lo que 1 2 3 4 estaba haciendo? a0212 c) ¿se sintio deprimido/a? a0213 1 2 3 4 d) ¿le parecia que todo lo que hacia era un 1 2 3 4 esfuerzo? a0214 e) ¿no durmio bien? 1 2 3 4 a0215 f) ¿disfruto de la vida? a0216 1 2 3 4 …
--- CMD: u0mf --busca 'medina-mora'
# u0mf A.13: 1680 entradas examinadas en data/manifiesto.yaml
# busca ['medina-mora']: 0 entradas coinciden (mostradas 0)
--- CMD: u0mf --busca 'escobar'
# u0mf A.13: 1680 entradas examinadas en data/manifiesto.yaml
# busca ['escobar']: 0 entradas coinciden (mostradas 0)
--- CMD: u0mf --busca 'endutih'
# u0mf A.13: 1680 entradas examinadas en data/manifiesto.yaml
endutih2024_bd_dbf_zip	endutih2024/endutih2024_bd_dbf.zip	data_raw	ef723ed125c81c4a9036b74fab67f520de007a2d52c5e0b03d4ebec509e1ae87	8823853		ZIP -- microdatos ENDUTIH 2024, formato DBF (unico formato publicado por INEGI para esta fuente). No se abrio ni extrajo.	https://www.inegi.org.mx/contenidos/programas/endutih/2024/microdatos/endutih2024_bd_dbf.zip
--- CMD: u0mf --busca 'atuesta'
# u0mf A.13: 1680 entradas examinadas en data/manifiesto.yaml
# busca ['atuesta']: 0 entradas coinciden (mostradas 0)
--- CMD: u0mf --busca 'flores martinez'
# u0mf A.13: 1680 entradas examinadas en data/manifiesto.yaml
# busca ['flores martinez']: 0 entradas coinciden (mostradas 0)
--- CMD: u0busca -q 'trastorno mental|cie-10|cie10' --limite 5
# u0busca A.13: 9 tablas (contexto,contexto_fd26,descargas_mx,descargas_mx_v1_1,ext,fd,fd_ext,fd_recuperado,v1_2); 314256 identidades revisadas, 113780 con texto
# consulta 'trastorno mental|cie-10|cie10': 0 aciertos con texto; mostrando 0
--- CMD: u0busca -q 'ataque' --limite 5
# u0busca A.13: 9 tablas (contexto,contexto_fd26,descargas_mx,descargas_mx_v1_1,ext,fd,fd_ext,fd_recuperado,v1_2); 314256 identidades revisadas, 113780 con texto
# consulta 'ataque': 126 aciertos con texto; mostrando 5
--- CMD: u0busca -q 'psicolog|psiquiatr' --encuesta enigh --limite 10
# u0busca A.13: 9 tablas (contexto,contexto_fd26,descargas_mx,descargas_mx_v1_1,ext,fd,fd_ext,fd_recuperado,v1_2); 314256 identidades revisadas, 113780 con texto
# consulta 'psicolog|psiquiatr': 0 aciertos con texto; mostrando 0
--- CMD: u0busca -q 'telemedicina|consulta medica por internet|videoconsulta' --limite 5
# u0busca A.13: 9 tablas (contexto,contexto_fd26,descargas_mx,descargas_mx_v1_1,ext,fd,fd_ext,fd_recuperado,v1_2); 314256 identidades revisadas, 113780 con texto
# consulta 'telemedicina|consulta medica por internet|videoconsulta': 0 aciertos con texto; mostrando 0
--- CMD: u0busca -q 'redes sociales|tiempo de pantalla' --encuesta ensanut --limite 5
# u0busca A.13: 9 tablas (contexto,contexto_fd26,descargas_mx,descargas_mx_v1_1,ext,fd,fd_ext,fd_recuperado,v1_2); 314256 identidades revisadas, 113780 con texto
# consulta 'redes sociales|tiempo de pantalla': 0 aciertos con texto; mostrando 0
--- CMD: u0busca -q 'brief-rcope|afrontamiento religioso|acude a dios|ayuda de dios' --limite 5
# u0busca A.13: 9 tablas (contexto,contexto_fd26,descargas_mx,descargas_mx_v1_1,ext,fd,fd_ext,fd_recuperado,v1_2); 314256 identidades revisadas, 113780 con texto
# consulta 'brief-rcope|afrontamiento religioso|ayuda de dios': 0 aciertos con texto; mostrando 0
--- CMD: u0busca -q 'ataque' --limite 126 (grep nervios)
(fin grep)
--- CMD: u0busca -q 'psicolog|psiquiatr' --limite 15 (sin filtro encuesta)
# u0busca A.13: 9 tablas (contexto,contexto_fd26,descargas_mx,descargas_mx_v1_1,ext,fd,fd_ext,fd_recuperado,v1_2); 314256 identidades revisadas, 113780 con texto
# consulta 'psicolog|psiquiatr': 56 aciertos con texto; mostrando 15
consulta	tabla_inv	instrumento	ola	payload_archivo	payload_id	payload_sha256	payload_raiz	reserva	archivo_miembro	variable_id	texto_reactivo	texto_tipo	fuente_texto	fuente_id	fuente_sha256	referencia_fuente
psicolog|psiquiatr	contexto:18215	envipe2021	2021	envipe2021/bd_envipe_2021_dta.zip	envipe_2021_bd_envipe_2021_dta	0b63313207b6e2d22e376784bbc7534b99c2f48c0e2536b045116c507c79321b	data_raw		bd_envipe_2021_dta/TMod_Vic.dta	BP1_36_06	Atención psicológica	DESCRIPCION_ADMINISTRATIVA	fd_envipe2021.pdf	envipe2021_fd_pdf	d85775241d6f427d6dd6643bce973ed0bdbfca4e0b0d6a9b02265e8327179945	miembro=fd_envipe2021.pdf;pagina=67;tabla=TMod_Vic
psicolog|psiquiatr	contexto:18657	envipe2021	2021	envipe2021/bd_envipe_2021_sav.zip	envipe_2021_bd_envipe_2021_sav	967203123bf946904ccc42408460ae180ddd3198c70a58de5639f878f738c963	data_raw		bd_envipe_2021_sav/TMod_Vic.sav	BP1_36_06	Atención psicológica	DESCRIPCION_ADMINISTRATIVA	fd_envipe2021.pdf	envipe2021_fd_pdf	d85775241d6f427d6dd6643bce973ed0bdbfca4e0b0d6a9b02265e8327179945	miembro=fd_envipe2021.pdf;pagina=67;tabla=TMod_Vic
psicolog|psiquiatr	contexto:19098	envipe2022	2022	envipe2022/bd_envipe_2022_dta.zip	envipe_2022_bd_envipe_2022_dta	bca872005497181918b2ad3c76650a9bca22c04390b76092f699b52cb36db5b9	data_raw		TMod_Vic.dta	BP1_36_06	Atención psicológica	DESCRIPCION_ADMINISTRATIVA	fd_envipe2022.pdf	envipe2022_fd_pdf	8082959fa01777467f5ff239af67ef24e3539f9c82b6f4919b437c4c78f0b651	miembro=fd_envipe2022.pdf;pagina=67;tabla=TMod_Vic
psicolog|psiquiatr	contexto:19520	envipe2022	2022	envipe2022/bd_envipe_2022_sav.zip	envipe_2022_bd_envipe_2022_sav	0791da9c11739db835a0c33d55dd5457c7aef970809db2c40a174bad9a0e1ad9	data_raw		TMod_Vic.sav	BP1_36_06	Atención psicológica	DESCRIPCION_ADMINISTRATIVA	fd_envipe2022.pdf	envipe2022_fd_pdf	8082959fa01777467f5ff239af67ef24e3539f9c82b6f4919b437c4c78f0b651	miembro=fd_envipe2022.pdf;pagina=67;tabla=TMod_Vic
psicolog|psiquiatr	contexto:19943	envipe2023	2023	envipe2023/bd_envipe_2023_dta.zip	envipe_2023_bd_envipe_2023_dta	4a7110bea2f23a83a914a13d464c946d87ec17b24b4e5833a0a06adde5d44be7	data_raw		TMod_Vic.dta	BP1_36_06	Atención psicológica	DESCRIPCION_ADMINISTRATIVA	fd_envipe2023.pdf	envipe2023_fd_pdf	743c260e89a6c5d6f2fcc6eac0f1884c40bc6b437164b34e13ba6fe1caf1be63	miembro=fd_envipe2023.pdf;pagina=68;tabla=TMod_Vic
psicolog|psiquiatr	contexto:20368	envipe2023	2023	envipe2023/bd_envipe_2023_sav.zip	envipe_2023_bd_envipe_2023_sav	9c8da8e7e0b44c3d55e6373fed2aedb27111c73953c1c9b9a435edbda7178c9c	data_raw		TMod_Vic.sav	BP1_36_06	Atención psicológica	DESCRIPCION_ADMINISTRATIVA	fd_envipe2023.pdf	envipe2023_fd_pdf	743c260e89a6c5d6f2fcc6eac0f1884c40bc6b437164b34e13ba6fe1caf1be63	miembro=fd_envipe2023.pdf;pagina=68;tabla=TMod_Vic
psicolog|psiquiatr	contexto:20797	envipe2024	2024	envipe2024/bd_envipe_2024_dta.zip	envipe_2024_bd_envipe_2024_dta	e2f5c57cd9103524dacf27c9d13b2c33c7dc0476daa8fc028aae5efb913a8b18	data_raw		TMod_Vic.dta	BP1_36_06	Atención psicológica	DESCRIPCION_ADMINISTRATIVA	fd_envipe2024.pdf	envipe2024_fd_pdf	f8d72038595746ceac21e5096462b277e757d7501bd3a1b61ac86bf9fc0d57d5	miembro=fd_envipe2024.pdf;pagina=76;tabla=TMod_Vic
psicolog|psiquiatr	contexto:21271	envipe2024	2024	envipe2024/bd_envipe_2024_sav.zip	envipe_2024_bd_envipe_2024_sav	2af741d8d1ee16c957315b995518ac51b962d94d22a342b2ff65152e87de1ecc	data_raw		TMod_Vic.sav	BP1_36_06	Atención psicológica	DESCRIPCION_ADMINISTRATIVA	fd_envipe2024.pdf	envipe2024_fd_pdf	f8d72038595746ceac21e5096462b277e757d7501bd3a1b61ac86bf9fc0d57d5	miembro=fd_envipe2024.pdf;pagina=76;tabla=TMod_Vic
psicolog|psiquiatr	contexto:21760	envipe2025	2025	envipe2025/bd_envipe_2025_dta.zip	envipe_2025_bd_envipe_2025_dta	0beede6230be70e48274b2abc29799dc88c549d10ca97478c86126f909c148e3	data_raw		TMod_Vic.dta	BP1_36_06	1.36 ¿Qué servicios considera que las autoridades o instituciones deberían proporcionarle a usted al ser víctima de este(os) delito(s)? Atención psicológica	PREGUNTA_DICCIONARIO	fd_envipe2025.pdf	envipe2025_fd_pdf	83fe02467b661d64e8638d882b242b0e534b8383e683a3fcbeadd66ead777fad	miembro=fd_envipe2025.pdf;pagina=76;tabla=TMod_Vic
psicolog|psiquiatr	contexto:22252	envipe2025	2025	envipe2025/bd_envipe_2025_sav.zip	envipe_2025_bd_envipe_2025_sav	30f9d2c28a17aec2f7ee548616ef5cb0cc7d0386d5700a699f251395d65e1772	data_raw		TMod_Vic.sav	BP1_36_06	1.36 ¿Qué servicios considera que las autoridades o instituciones deberían proporcionarle a usted al ser víctima de este(os) delito(s)? Atención psicológica	PREGUNTA_DICCIONARIO	fd_envipe2025.pdf	envipe2025_fd_pdf	83fe02467b661d64e8638d882b242b0e534b8383e683a3fcbeadd66ead777fad	miembro=fd_envipe2025.pdf;pagina=76;tabla=TMod_Vic
psicolog|psiquiatr	contexto:27343	envipe2012	2012	envipe2012/base_de_datos_envipe_2012_dbf.zip	envipe_2012_base_de_datos_envipe_2012_dbf	d7caa74ea4264d59fecfc1d1959824051adfe43613514e2e5ca22f24f31548f5	data_raw		Tmod_Vic.DBF	BP1_34_6	1.34 ¿Qué servicios le proporcionaron las autoridades o instituciones al ser víctima de este delito? Atención psicológica	PREGUNTA_DICCIONARIO	envipe2012/fd_envipe2012.xls	envipe_2012_fd_envipe2012	dcca5373391cbcee1529c78ab4fd46a172321e77502b624f87061679b25e7a99	miembro=envipe2012/fd_envipe2012.xls;hoja=TMod_Vic;fila=369
psicolog|psiquiatr	contexto:27355	envipe2012	2012	envipe2012/base_de_datos_envipe_2012_dbf.zip	envipe_2012_base_de_datos_envipe_2012_dbf	d7caa74ea4264d59fecfc1d1959824051adfe43613514e2e5ca22f24f31548f5	data_raw		Tmod_Vic.DBF	BP1_35_6	1.35 ¿Qué servicios considera que las autoridades o instituciones deberían proporcionarle a usted al ser víctima de este delito? Atención psicológica	PREGUNTA_DICCIONARIO	envipe2012/fd_envipe2012.xls	envipe_2012_fd_envipe2012	dcca5373391cbcee1529c78ab4fd46a172321e77502b624f87061679b25e7a99	miembro=envipe2012/fd_envipe2012.xls;hoja=TMod_Vic;fila=402
psicolog|psiquiatr	contexto:27769	envipe2013	2013	envipe2013/bd_envipe13_dbf.zip	envipe_2013_bd_envipe13_dbf	b0b9fd1d1dafc12c22162bf695aa3c95ad4c8e86bf00171f082f69e79b54f890	data_raw		tmod_vic.dbf	BP1_36_06	1.36 ¿Qué servicios considera que las autoridades o instituciones deberían proporcionarle a usted al ser víctima de est(e)(os) delito(s)? Atención psicológica	PREGUNTA_DICCIONARIO	envipe2013/fd_envipe2013.xlsx	envipe_2013_fd_envipe2013	7e842826e3f7aaa91bc3e217a731d9ed5205a5c4859259827aa94fbf1db20ec1	miembro=envipe2013/fd_envipe2013.xlsx;hoja=TMod_Vic;fila=439
psicolog|psiquiatr	contexto:28158	envipe2014	2014	envipe2014/bd_envipe2014_dbf.zip	envipe_2014_bd_envipe2014_dbf	8f1d0eb519a0ceabe36d187d9a49734dbef97f219b86eea9084ebd1818973f77	data_raw		bd_envipe2014/bd_envipe2014/TMod_Vic.dbf	BP1_36_06	Atención psicológica	DESCRIPCION_ADMINISTRATIVA	envipe2014/fd_envipe2014.pdf	envipe_2014_fd_envipe2014	b72ed2be77d4768ded839d47a58bc6d64abacb2bbdda15bb7e53b2d4d3a8b680	miembro=envipe2014/fd_envipe2014.pdf;pagina=80;tabla=TMod_Vic
psicolog|psiquiatr	contexto:28599	envipe2015	2015	envipe2015/bd_envipe2015_dbf.zip	envipe_2015_bd_envipe2015_dbf	6c2fcb165a179b0ca5e7d956a3673b375d26309be5a4748eabc31545add66a8d	data_raw		TMod_Vic.dbf	BP1_36_06	1.36 ¿Qué servicios considera que las autoridades o instituciones deberían proporcionarle a usted al ser víctima de est(e)(os) delito(s)? Vías de denuncia Atención psicológica	PREGUNTA_DICCIONARIO	envipe2015/fd_envipe2015.pdf	envipe_2015_fd_envipe2015	1042ab57b015e6de72d92184f44cfa4b1cca2ad54ceb6d60573e6800fc1c858b	miembro=envipe2015/fd_envipe2015.pdf;pagina=60;tabla=TMod_Vic
--- CMD: u0pdf -q 'psicolog|psiquiatr' --id enigh2024_descripcion_base_pdf --limite 10
# u0pdf A.13: 1 PDF registrados examinados (caché pdftotext de 349)
# consulta 'psicolog|psiquiatr': 2 coincidencias (texto de página aplanado); mostrando 2
manifest_id	sha256	raiz	pagina	contexto
enigh2024_descripcion_base_pdf	1b0c698594da41bfe8c976c5d161dcdf99ae4f962a8a5cafe73947582dfdf8a1	data_raw	p.258	…06111d medicamentos neurologicos 06111e medicamentos oftalmologicos 06111g medicamentos para enfermedades inmunoalergicas 06111h medicamentos para enfermedades psiquiatricas 06111i medicamentos para la presion arterial y cardiovasculares 061111 analgesicos (para bajar la fiebre o el dolor) 061112 antibioticos (para tratar infec…
enigh2024_descripcion_base_pdf	1b0c698594da41bfe8c976c5d161dcdf99ae4f962a8a5cafe73947582dfdf8a1	data_raw	p.263	…icios financieros: comisiones de gestion, de deposito, de rendimiento, por transacciones y por retiro 13291a ataudes, lapidas, urnas, etcetera 133091 consultas psicologicas y asesorias 1 las descripciones en la base de datos pueden aparecer truncadas debido a restricciones propias de los manejadores de bases de datos o program…
--- CMD: u0mf --busca enigh2024 --busca gasto
# u0mf A.13: 1680 entradas examinadas en data/manifiesto.yaml
enigh2024_cuest_gastos_hogar_pdf	enigh2024_ns_cuest_gastos_hogar.pdf	data_raw	446cdfc71788bf3909d421b109c06ff6b4acd04b2e8361467ffd060459dbc6c1	3722455		PDF, ENIGH 2024 Nueva serie, Cuestionario de gastos del hogar	https://www.inegi.org.mx/contenidos/programas/enigh/nc/2024/doc/enigh2024_ns_cuest_gastos_hogar.pdf
enigh2024_cuest_gastos_diarios_pdf	enigh2024_ns_cuest_gastos_diarios.pdf	data_raw	31a3f012271abe49856d2b3855d43b07ed3c65ae56591e6e0e087787ab1baa66	2764249		PDF, ENIGH 2024 Nueva serie, Cuestionario de gastos diarios	https://www.inegi.org.mx/contenidos/programas/enigh/nc/2024/doc/enigh2024_ns_cuest_gastos_diarios.pdf
# busca ['enigh2024', 'gasto']: 2 entradas coinciden (mostradas 2)
--- CMD: u0mf --busca enigh2024
# u0mf A.13: 1680 entradas examinadas en data/manifiesto.yaml
envipe2026_csv	envipe2026_csv.zip	data_raw	dd79f589eb6ed7d3675cc86e21ac9bbdbf269913963091d8698d6e28e0540a17	20258782		ZIP (datos abiertos ENVIPE 2026) -- no inspeccionado, solo hasheado	https://www.inegi.org.mx/contenidos/programas/envipe/2026/datosabiertos/conjunto_de_datos_ENVIPE_2026_csv.zip
enigh2024_nc_csv	enigh2024_ns_csv.zip	data_raw	7cbf18fee02c58849356e5495fb851ae4d0330743e34d26e35973f9ad5a1155d	103139139		ZIP (datos abiertos ENIGH 2024, nueva serie) -- no inspeccionado, solo hasheado	https://www.inegi.org.mx/contenidos/programas/enigh/nc/2024/datosabiertos/conjunto_de_datos_enigh2024_ns_csv.zip
enigh2024_descripcion_base_pdf	enigh2024_descripcion_base_pdf.pdf	data_raw	1b0c698594da41bfe8c976c5d161dcdf99ae4f962a8a5cafe73947582dfdf8a1	2967447		PDF, ENIGH 2024 Nueva serie, Descripción de la base de datos	https://www.inegi.org.mx/contenidos/programas/enigh/nc/2024/microdatos/889463924494.pdf
enigh2024_diseno_muestral_pdf	enigh2024_diseno_muestral_pdf.pdf	data_raw	2d2a5c0fd47a92d7c2d044300b47cf15330f9902c8b50975dd1e4eab35395229	1626755		PDF, ENIGH 2024 Nueva serie, Diseño muestral	https://www.inegi.org.mx/contenidos/programas/enigh/nc/2024/doc/889463924517.pdf
enigh2024_cuest_hogares_pdf	enigh2024_ns_cuest_hogares.pdf	data_raw	d52c61e972eee8fa643088d70a7a9c3487ea84e64eb43c88210b294b8a68e7eb	1712727		PDF, ENIGH 2024 Nueva serie, Cuestionario de hogares	https://www.inegi.org.mx/contenidos/programas/enigh/nc/2024/doc/enigh2024_ns_cuest_hogares.pdf
enigh2024_cuest_personas_mayores_pdf	enigh2024_ns_cuest_personas_mayores.pdf	data_raw	65a1403a7eb917fce560cbc39144ded7ea17b8a8d96cf9856f16f1bdc84c3a98	1979334		PDF, ENIGH 2024 Nueva serie, Cuestionario de personas mayores	https://www.inegi.org.mx/contenidos/programas/enigh/nc/2024/doc/enigh2024_ns_cuest_personas_mayores.pdf
enigh2024_cuest_personas_menores_pdf	enigh2024_ns_cuest_personas_menores.pdf	data_raw	3ad6349f1403815c62bfc24ad04b1938746f5ea19fa8194afe5db9762197d1f7	1474063		PDF, ENIGH 2024 Nueva serie, Cuestionario de personas menores	https://www.inegi.org.mx/contenidos/programas/enigh/nc/2024/doc/enigh2024_ns_cuest_personas_menores.pdf
enigh2024_cuest_negocios_hogar_pdf	enigh2024_ns_cuest_negocios_hogar.pdf	data_raw	22315c7c7a9330a41a083a50bbcfea0b6c9fc97e65e85fcd816dcf55665b715f	2484145		PDF, ENIGH 2024 Nueva serie, Cuestionario de negocios del hogar	https://www.inegi.org.mx/contenidos/programas/enigh/nc/2024/doc/enigh2024_ns_cuest_negocios_hogar.pdf
enigh2024_cuest_gastos_hogar_pdf	enigh2024_ns_cuest_gastos_hogar.pdf	data_raw	446cdfc71788bf3909d421b109c06ff6b4acd04b2e8361467ffd060459dbc6c1	3722455		PDF, ENIGH 2024 Nueva serie, Cuestionario de gastos del hogar	https://www.inegi.org.mx/contenidos/programas/enigh/nc/2024/doc/enigh2024_ns_cuest_gastos_hogar.pdf
enigh2024_cuest_gastos_diarios_pdf	enigh2024_ns_cuest_gastos_diarios.pdf	data_raw	31a3f012271abe49856d2b3855d43b07ed3c65ae56591e6e0e087787ab1baa66	2764249		PDF, ENIGH 2024 Nueva serie, Cuestionario de gastos diarios	https://www.inegi.org.mx/contenidos/programas/enigh/nc/2024/doc/enigh2024_ns_cuest_gastos_diarios.pdf
enigh2024_entrevistador_pdf	enigh2024_ns_entrevistador.pdf	data_raw	31440937c5c494a2e626ead64fac1e06aa30bdeefb2175fbfc1a9ac494cb81f2	25025757		PDF, ENIGH 2024 Nueva serie, Manual del entrevistador	https://www.inegi.org.mx/contenidos/programas/enigh/nc/2024/doc/enigh2024_ns_entrevistador.pdf
enigh2024_reporte_resultados_pdf	enigh2024_reporte_resultados.pdf	data_raw	6b091e2d640b6682ca568203637d2a327fbcae950ba7ef66c441c5970568903d	1150732		PDF, reporte de resultados 23/25, 27 páginas	https://www.inegi.org.mx/contenidos/saladeprensa/boletines/2025/enigh/ENIGH2024_RR.pdf
# busca ['enigh2024']: 12 entradas coinciden (mostradas 12)
--- CMD: u0busca -q 'se sintio deprimido|disfruto de la vida|no durmio bien' --encuesta ensanut --limite 10
# u0busca A.13: 9 tablas (contexto,contexto_fd26,descargas_mx,descargas_mx_v1_1,ext,fd,fd_ext,fd_recuperado,v1_2); 314256 identidades revisadas, 113780 con texto
# consulta 'se sintio deprimido|disfruto de la vida|no durmio bien': 0 aciertos con texto; mostrando 0
consulta	tabla_inv	instrumento	ola	payload_archivo	payload_id	payload_sha256	payload_raiz	reserva	archivo_miembro	variable_id	texto_reactivo	texto_tipo	fuente_texto	fuente_id	fuente_sha256	referencia_fuente
--- CMD: u0mf --busca ensanut --busca 2022
# u0mf A.13: 1680 entradas examinadas en data/manifiesto.yaml
# busca ['ensanut', '2022']: 0 entradas coinciden (mostradas 0)
--- CMD: u0mf --calc ennvih1_2002_hogar_dta
# u0mf A.13: 1680 entradas examinadas en data/manifiesto.yaml
# corridas con input ennvih1_2002_hogar_dta: 10 (de 326 corridas)
CORR-0044	tools/arbitra.py	PENDIENTE	SI	PENDIENTE	1	NO-CORRIDA
CALC-0003-v2--cdebb607728c	CALC-0003-v2	SUPERADO→CALC-0003-v3	SI	2026-09-08T20:13:06Z	128	REPRODUCE
CALC-0003-v3--6d648f99dc28	CALC-0003-v3	SUPERADO→CALC-0003-v4	SI	2026-09-09T00:07:39Z	142	REPRODUCE
CALC-0003-v4--835dffff2dd1	CALC-0003-v4	SELLADA	SI	2026-09-09T00:36:34Z	143	REPRODUCE
CALC-R-DIN-M-01--3d8e024f64d6	CALC-R-DIN-M-01	SUPERADO→CALC-R-DIN-M-01-v2	SI	2026-09-10T04:40:18Z	16	REPLICA-RESULTADO · CONTEXTO-DISTINTO
CALC-R-DIN-M-01-v2--a796ed134a16	CALC-R-DIN-M-01-v2	SUPERADO→CALC-R-DIN-M-01-v3	SI	2026-09-10T15:20:00Z	16	REPRODUCE
CALC-R-DIN-M-01-v3--b33438455954	CALC-R-DIN-M-01-v3	SUPERADO→CALC-R-DIN-M-01-v4	SI	2026-09-10T16:20:51Z	16	REPRODUCE
CALC-R-DIN-M-01-v4--be85dac5f660	CALC-R-DIN-M-01-v4	SELLADA	SI	2026-09-10T16:25:00Z	16	REPRODUCE
CALC-TANDAS-ENNVIH-0001--77338cf7ab3a	CALC-TANDAS-ENNVIH-0001	SUPERADO→CALC-TANDAS-ENNVIH-PANEL-0001	NO-SIN-FIRMA-DE-OBJETO	2026-09-11T04:28:25Z	39	REPRODUCE
CALC-TANDAS-ENNVIH-PANEL-0001--f3d79bb1c4fa	CALC-TANDAS-ENNVIH-PANEL-0001	SELLADA	NO-SIN-FIRMA-DE-OBJETO	2026-09-12T00:48:16Z	26	REPRODUCE
--- CMD: u0mf --calc ennvih2_2005_hogar_dta
# u0mf A.13: 1680 entradas examinadas en data/manifiesto.yaml
# corridas con input ennvih2_2005_hogar_dta: 4 (de 326 corridas)
CORR-0008	SIN-CANDIDATO-EN-EL-REGISTRO	PENDIENTE	SI	PENDIENTE	2	NO-CORRIDA
CALC-ARBITRO-MARGINALES-2-ENNVIH-0001--e19a6f29b7ba	CALC-ARBITRO-MARGINALES-2-ENNVIH-0001	SELLADA	SI	2026-09-22T03:25:01Z	4	REPRODUCE
CALC-TANDAS-ENNVIH-0001--77338cf7ab3a	CALC-TANDAS-ENNVIH-0001	SUPERADO→CALC-TANDAS-ENNVIH-PANEL-0001	NO-SIN-FIRMA-DE-OBJETO	2026-09-11T04:28:25Z	39	REPRODUCE
CALC-TANDAS-ENNVIH-PANEL-0001--f3d79bb1c4fa	CALC-TANDAS-ENNVIH-PANEL-0001	SELLADA	NO-SIN-FIRMA-DE-OBJETO	2026-09-12T00:48:16Z	26	REPRODUCE
--- CMD: u0mf --calc ennvih3_2009_hogar_dta
# u0mf A.13: 1680 entradas examinadas en data/manifiesto.yaml
# corridas con input ennvih3_2009_hogar_dta: 4 (de 326 corridas)
CORR-0008	SIN-CANDIDATO-EN-EL-REGISTRO	PENDIENTE	SI	PENDIENTE	2	NO-CORRIDA
CALC-ARBITRO-MARGINALES-2-ENNVIH-0001--e19a6f29b7ba	CALC-ARBITRO-MARGINALES-2-ENNVIH-0001	SELLADA	SI	2026-09-22T03:25:01Z	4	REPRODUCE
CALC-TANDAS-ENNVIH-0001--77338cf7ab3a	CALC-TANDAS-ENNVIH-0001	SUPERADO→CALC-TANDAS-ENNVIH-PANEL-0001	NO-SIN-FIRMA-DE-OBJETO	2026-09-11T04:28:25Z	39	REPRODUCE
CALC-TANDAS-ENNVIH-PANEL-0001--f3d79bb1c4fa	CALC-TANDAS-ENNVIH-PANEL-0001	SELLADA	NO-SIN-FIRMA-DE-OBJETO	2026-09-12T00:48:16Z	26	REPRODUCE
--- CMD: u0mf --calc adultos_ensanut2024_w_stata_stata__v2026_09_01
# u0mf A.13: 1680 entradas examinadas en data/manifiesto.yaml
# corridas con input adultos_ensanut2024_w_stata_stata__v2026_09_01: 1 (de 326 corridas)
CALC-ENSANUT-0001--f055cc418fb6	CALC-ENSANUT-0001	SELLADA	SI	2026-09-15T17:40:31Z	28	REPRODUCE
--- CMD: u0mf --calc adolescentes_ensanut2024_w_stata_stata__v2026_09_01
# u0mf A.13: 1680 entradas examinadas en data/manifiesto.yaml
# corridas con input adolescentes_ensanut2024_w_stata_stata__v2026_09_01: 0 (de 326 corridas)
--- CMD: u0mf --calc enigh2024_nc_csv
# u0mf A.13: 1680 entradas examinadas en data/manifiesto.yaml
# corridas con input enigh2024_nc_csv: 1 (de 326 corridas)
CALC-ENIGH-DUELO-EMISIONES-0001--0d6f02aa5d34	CALC-ENIGH-DUELO-EMISIONES-0001	SELLADA	False	2026-09-22T16:19:54Z	12	REPRODUCE
--- CMD: u0mf --calc endutih2024_bd_dbf_zip
# u0mf A.13: 1680 entradas examinadas en data/manifiesto.yaml
# corridas con input endutih2024_bd_dbf_zip: 0 (de 326 corridas)
--- CMD: u0mf --calc edr2024_bd_dbf_zip
# u0mf A.13: 1680 entradas examinadas en data/manifiesto.yaml
# corridas con input edr2024_bd_dbf_zip: 0 (de 326 corridas)
--- CMD: u0mf --calc enasic2022_bd_csv_zip
# u0mf A.13: 1680 entradas examinadas en data/manifiesto.yaml
# corridas con input enasic2022_bd_csv_zip: 0 (de 326 corridas)
--- CMD: u0mf --calc enadid2023_base_datos_csv
# u0mf A.13: 1680 entradas examinadas en data/manifiesto.yaml
# corridas con input enadid2023_base_datos_csv: 4 (de 326 corridas)
CALC-ENADID-0001--1c9afb30bf83	CALC-ENADID-0001	SELLADA	SI	2026-09-19T18:56:15Z	13	REPRODUCE
CALC-ENADID2023-UNION-SEXO-EDAD-0002--86297ecacc4f	CALC-ENADID2023-UNION-SEXO-EDAD-0002	SUPERADO→CALC-ENADID2023-UNION-SEXO-EDAD-0003	PENDIENTE-DE-MESA	2026-09-19T23:41:51Z	11	REPRODUCE
CALC-ENADID2023-UNION-SEXO-EDAD-0003--a6146d208325	CALC-ENADID2023-UNION-SEXO-EDAD-0003	SUPERADO→CALC-ENADID2023-UNION-SEXO-EDAD-0004	PENDIENTE-DE-MESA	2026-09-20T00:07:50Z	11	REPRODUCE
CALC-ENADID2023-UNION-SEXO-EDAD-0004--28ecceb6d292	CALC-ENADID2023-UNION-SEXO-EDAD-0004	SELLADA	SI	2026-09-20T00:10:59Z	11	REPRODUCE
--- CMD: u0mf --busca ensanut --busca 2018 --busca utilizadores
# u0mf A.13: 1680 entradas examinadas en data/manifiesto.yaml
conf17_r9_1_ensanut_2018_cuestionario_utilizadores	R9_1_ENSANUT_utilizadores/ensanut_2018_utilizadores_servicios_salud.pdf	data_raw	164309f4742408b04cd0d561ef3cf4d78b1b82844569e469dec740e4f54fc721	930234		PDF	https://www.inegi.org.mx/contenidos/programas/ensanut/2018/doc/ensanut_2018_utilizadores_servicios_salud.pdf
# busca ['ensanut', '2018', 'utilizadores']: 1 entradas coinciden (mostradas 1)
--- CMD: u0mf --busca ensanut2018
# u0mf A.13: 1680 entradas examinadas en data/manifiesto.yaml
# busca ['ensanut2018']: 0 entradas coinciden (mostradas 0)
--- CMD: u0mf --busca utilizadores --busca 2024
# u0mf A.13: 1680 entradas examinadas en data/manifiesto.yaml
1_vfinal_cuestionario_hogar_ensanut_2024_etiquetas_cuestionarios	1 VFINAL Cuestionario Hogar ENSANUT 2024_ETIQUETAS.Cuestionarios.pdf	descargas_mx	adc873843b79067a1a2212e25b1f90f6ecb916f8541ad0e42411fd933126c425	662210			https://ensanut.insp.mx/encuestas/ensanutcontinua2024/descargas.php
5_vfinal_cuestionario_utilizadores_ensanut_2024_etiquetas_cuestionarios	5 VFINAL Cuestionario utilizadores ENSANUT 2024_ETIQUETAS.Cuestionarios.pdf	descargas_mx	004aacee3729009e79065ba7e2c4afacfc7f7c3e418e735c405f46e9189fafa6	267996			https://ensanut.insp.mx/encuestas/ensanutcontinua2024/descargas.php
utilizadores_ensanut2024_w_catlogo	utilizadores_ensanut2024_w.Catlogo.xlsx	descargas_mx	81928f1d470126174e135df17749cfa82e3ef43fffe7ee7568ccb0752ef3ed3e	153149			https://ensanut.insp.mx/encuestas/ensanutcontinua2024/descargas.php
utilizadores_ensanut2024_w_csv_csv	utilizadores_ensanut2024_w.csv.csv.zip	descargas_mx	2836f15464e01ebbd42e282cac1b2bf18cf98c2262e360c346c5ebd6cfae27ea	284328			https://ensanut.insp.mx/encuestas/ensanutcontinua2024/descargas.php
utilizadores_ensanut2024_w_stata_stata	utilizadores_ensanut2024_w.stata.stata.zip	descargas_mx	1fb44754452e5cbf8d8b195385cd4b052cde80b4784ac38193527682f8ceb482	424623			https://ensanut.insp.mx/encuestas/ensanutcontinua2024/descargas.php
utilizadores_ensanut2024_w_cat_logo__v2026_09_01	ENSANUT2024-v2026-09-01/utilizadores_ensanut2024_w.Catálogo.xlsx	descargas_mx	6a2ba742321922d4e47b8cc4afa18e2a731bda09f0b5e8b6bf28e4241c302549	278909			https://ensanut.insp.mx/encuestas/ensanutcontinua2024/descargas.php
utilizadores_ensanut2024_w_csv_csv__v2026_09_01	ENSANUT2024-v2026-09-01/utilizadores_ensanut2024_w.csv.csv.zip	descargas_mx	997009ea016860be831d8d083d1745589ffeb7cf82c22790df6eb4040cfaf923	274335			https://ensanut.insp.mx/encuestas/ensanutcontinua2024/descargas.php
utilizadores_ensanut2024_w_stata_stata__v2026_09_01	ENSANUT2024-v2026-09-01/utilizadores_ensanut2024_w.stata.stata.zip	descargas_mx	b40a4dce264e657026b4046b07047031437a224182e373d27dde4a5e0360a563	397916			https://ensanut.insp.mx/encuestas/ensanutcontinua2024/descargas.php
# busca ['utilizadores', '2024']: 8 entradas coinciden (mostradas 8)
--- CMD: u0mf --busca ensanut2024
# u0mf A.13: 1680 entradas examinadas en data/manifiesto.yaml
2_vfinal_cuestionario_nios_0_a_9_ensanut_2024_etiquetas_cuestionarios	2 VFINAL Cuestionario nios 0 a 9 ENSANUT 2024_ETIQUETAS.Cuestionarios.pdf	descargas_mx	af65f922094c42a31d77cad5d8d889c0d7e597b925c7ef0efe1ae700fd66981c	518103			https://ensanut.insp.mx/encuestas/ensanutcontinua2024/descargas.php
3_vfinal_cuestionario_adolescentes_ensanut_2024_etiquetas_cuestionarios	3 VFINAL Cuestionario adolescentes ENSANUT 2024_ETIQUETAS.Cuestionarios.pdf	descargas_mx	344f32ef0f873f86fb20faf1d6afd2bfa0bc3735656ea4fe4d71e39736faeeab	479013			https://ensanut.insp.mx/encuestas/ensanutcontinua2024/descargas.php
4_vfinal_cuestionario_adultos_ensanut_2024_etiquetas_cuestionarios	4 VFINAL Cuestionario adultos ENSANUT 2024_ETIQUETAS.Cuestionarios.pdf	descargas_mx	0bc30c3b7f08bda0b1cfebb823eb2bfdd815581fd1d93ea956314bf6507f82d0	795644			https://ensanut.insp.mx/encuestas/ensanutcontinua2024/descargas.php
5_vfinal_cuestionario_utilizadores_ensanut_2024_etiquetas_cuestionarios	5 VFINAL Cuestionario utilizadores ENSANUT 2024_ETIQUETAS.Cuestionarios.pdf	descargas_mx	004aacee3729009e79065ba7e2c4afacfc7f7c3e418e735c405f46e9189fafa6	267996			https://ensanut.insp.mx/encuestas/ensanutcontinua2024/descargas.php
adolescentes_ensanut2024_w_csv_csv	adolescentes_ensanut2024_w.csv.csv.zip	descargas_mx	3c5f21ef6158ea0830cabc750ca31b45e0039b04fa93b9b9236b0fe6457d023b	416868			https://ensanut.insp.mx/encuestas/ensanutcontinua2024/descargas.php
adolescentes_ensanut2024_w_stata_stata	adolescentes_ensanut2024_w.stata.stata.zip	descargas_mx	b528e00511ad931f2fda973c344299a73d245c11502d867cb9666f7c33824260	798929			https://ensanut.insp.mx/encuestas/ensanutcontinua2024/descargas.php
adultos_ensanut2024_w_catlogo_csv_csv	adultos_ensanut2024_w.Catlogo.csv.csv.zip	descargas_mx	464a62daf5e9b0f991a500791e58eb4d2c5ec255acabd59f74ad67d71520ab7a	234627			https://ensanut.insp.mx/encuestas/ensanutcontinua2024/descargas.php
adultos_ensanut2024_w_catlogo	adultos_ensanut2024_w.Catlogo.xlsx	descargas_mx	0ab22b7f0c3515d966e60634d6e06543a14f2839cda32e3e49895749d419df4c	247551			https://ensanut.insp.mx/encuestas/ensanutcontinua2024/descargas.php
hogar_ensanut2024_w_icb_catlogo	hogar_ensanut2024_w_ICB.Catlogo.xlsx	descargas_mx	b5b9792e92287091a89e57f13f13a4b89aab4b27a060c4ea7e1cd375041716fd	162227			https://ensanut.insp.mx/encuestas/ensanutcontinua2024/descargas.php
hogar_ensanut2024_w_icb_csv_csv	hogar_ensanut2024_w_ICB.csv.csv.zip	descargas_mx	fb27bb64c3fbd2344ff8966ad69c4675d2c0a0f86b87225b0c6899bc8b2b4212	996094			https://ensanut.insp.mx/encuestas/ensanutcontinua2024/descargas.php
integrantes_ensanut2024_w_icb_catlogo	integrantes_ensanut2024_w_ICB.Catlogo.xlsx	descargas_mx	d0acf24dd918f07c4462ade607171933a2756f4ff6a2fa8fff64193ea4566448	197249			https://ensanut.insp.mx/encuestas/ensanutcontinua2024/descargas.php
integrantes_ensanut2024_w_icb_csv_csv	integrantes_ensanut2024_w_ICB.csv.csv.zip	descargas_mx	1dc1277b38b131a5768acffc6679aa30f3c873be5fd695c61da93e126d2f07da	1858331			https://ensanut.insp.mx/encuestas/ensanutcontinua2024/descargas.php
menores_ensanut2024_w_catlogo	menores_ensanut2024_w.Catlogo.xlsx	descargas_mx	2aa89c4b97ecf310e96f4c6ab9b23388194353c30f3bba371b5aad0f71c660a6	197357			https://ensanut.insp.mx/encuestas/ensanutcontinua2024/descargas.php
menores_ensanut2024_w_csv_csv	menores_ensanut2024_w.csv.csv.zip	descargas_mx	df07aa31dfc8838869d098d9e128a9800262cc713218a4e470bed35cbd88809f	617777			https://ensanut.insp.mx/encuestas/ensanutcontinua2024/descargas.php
menores_ensanut2024_w_stata_stata	menores_ensanut2024_w.stata.stata.zip	descargas_mx	cadf52a7127a6feeb2b37b4b299c96ab559e1eb78c1ee7022db58618ff0442bb	1133030			https://ensanut.insp.mx/encuestas/ensanutcontinua2024/descargas.php
utilizadores_ensanut2024_w_catlogo	utilizadores_ensanut2024_w.Catlogo.xlsx	descargas_mx	81928f1d470126174e135df17749cfa82e3ef43fffe7ee7568ccb0752ef3ed3e	153149			https://ensanut.insp.mx/encuestas/ensanutcontinua2024/descargas.php
utilizadores_ensanut2024_w_csv_csv	utilizadores_ensanut2024_w.csv.csv.zip	descargas_mx	2836f15464e01ebbd42e282cac1b2bf18cf98c2262e360c346c5ebd6cfae27ea	284328			https://ensanut.insp.mx/encuestas/ensanutcontinua2024/descargas.php
utilizadores_ensanut2024_w_stata_stata	utilizadores_ensanut2024_w.stata.stata.zip	descargas_mx	1fb44754452e5cbf8d8b195385cd4b052cde80b4784ac38193527682f8ceb482	424623			https://ensanut.insp.mx/encuestas/ensanutcontinua2024/descargas.php
actividad_fisica_ensanut2024_w_adultos_cat_logo__v2026_09_01	ENSANUT2024-v2026-09-01/actividad_fisica_ensanut2024_w-adultos.Catálogo.xlsx	descargas_mx	108aaee45530c3f8e44139af14d2825a8f769d41837dc136ddd0d74859053f6a	282151			https://ensanut.insp.mx/encuestas/ensanutcontinua2024/descargas.php
actividad_fisica_ensanut2024_w_adultos_cuestionarios__v2026_09_01	ENSANUT2024-v2026-09-01/actividad_fisica_ensanut2024_w-adultos.Cuestionarios.pdf	descargas_mx	29dda39cf2a56abb54b4780bd49d9e72420436ef068dc263fab11e71d0c9e185	210257			https://ensanut.insp.mx/encuestas/ensanutcontinua2024/descargas.php
actividad_fisica_ensanut2024_w_adultos_csv_csv__v2026_09_01	ENSANUT2024-v2026-09-01/actividad_fisica_ensanut2024_w-adultos.csv.csv.zip	descargas_mx	319a4f31190ab55f311158909f0f97bf3bb48e2e4b2632549b4618fd669cecdf	667926			https://ensanut.insp.mx/encuestas/ensanutcontinua2024/descargas.php
actividad_fisica_ensanut2024_w_adultos_stata_stata__v2026_09_01	ENSANUT2024-v2026-09-01/actividad_fisica_ensanut2024_w-adultos.stata.stata.zip	descargas_mx	d032220c54f189218047a0048ff3e3b4ab4fbd27b6a8b6a62d666e63b5110f5d	883654			https://ensanut.insp.mx/encuestas/ensanutcontinua2024/descargas.php
actividad_fisica_ensanut2024_w_ni_os_cat_logo__v2026_09_01	ENSANUT2024-v2026-09-01/actividad_fisica_ensanut2024_w-niños.Catálogo.xlsx	descargas_mx	bfd8ab3de19041d2c7ef67b1982977e86891298a3d879dc7b48da3aac36bcdbe	282159			https://ensanut.insp.mx/encuestas/ensanutcontinua2024/descargas.php
actividad_fisica_ensanut2024_w_ni_os_cuestionarios__v2026_09_01	ENSANUT2024-v2026-09-01/actividad_fisica_ensanut2024_w-niños.Cuestionarios.pdf	descargas_mx	900c64ce3b754c881cbb49cc644fda6855a4282edddbd9afd9c7a1201874f339	158843			https://ensanut.insp.mx/encuestas/ensanutcontinua2024/descargas.php
actividad_fisica_ensanut2024_w_ni_os_csv_csv__v2026_09_01	ENSANUT2024-v2026-09-01/actividad_fisica_ensanut2024_w-niños.csv.csv.zip	descargas_mx	85b0ee03dd26cafaef056cf9acbad6514c69ebf867d922ea3f7110f5e779a322	102040			https://ensanut.insp.mx/encuestas/ensanutcontinua2024/descargas.php
actividad_fisica_ensanut2024_w_ni_os_stata_stata__v2026_09_01	ENSANUT2024-v2026-09-01/actividad_fisica_ensanut2024_w-niños.stata.stata.zip	descargas_mx	bc2d75a1923a8b611495187e4cc6060c95522d9ba817d4b642f0ffda4db24513	134658			https://ensanut.insp.mx/encuestas/ensanutcontinua2024/descargas.php
adolescentes_ensanut2024_w_cat_logo__v2026_09_01	ENSANUT2024-v2026-09-01/adolescentes_ensanut2024_w.Catálogo.xlsx	descargas_mx	135aab4ef7079ae4a9f908e172fe8be81d5d76c9ccf8a5c38c26a3961a40d233	334955			https://ensanut.insp.mx/encuestas/ensanutcontinua2024/descargas.php
adolescentes_ensanut2024_w_csv_csv__v2026_09_01	ENSANUT2024-v2026-09-01/adolescentes_ensanut2024_w.csv.csv.zip	descargas_mx	2b164ca9bd9671a965f558c42f69a289889095c037c275a1539e39c879a38887	422277			https://ensanut.insp.mx/encuestas/ensanutcontinua2024/descargas.php
adolescentes_ensanut2024_w_stata_stata__v2026_09_01	ENSANUT2024-v2026-09-01/adolescentes_ensanut2024_w.stata.stata.zip	descargas_mx	47251c90bd411e6d8c6f12dd5761ff928341eee310fe9dd5ba0c841e83e2bb27	772749			https://ensanut.insp.mx/encuestas/ensanutcontinua2024/descargas.php
adultos_ensanut2024_w_cat_logo__v2026_09_01	ENSANUT2024-v2026-09-01/adultos_ensanut2024_w.Catálogo.xlsx	descargas_mx	fe31b8af8a08bcf6bc2ae641fc93be3676e4066b2783bed2f65e1303568da59d	378842			https://ensanut.insp.mx/encuestas/ensanutcontinua2024/descargas.php
adultos_ensanut2024_w_csv_csv__v2026_09_01	ENSANUT2024-v2026-09-01/adultos_ensanut2024_w.csv.csv.zip	descargas_mx	80c255f882422042ec15592fcb6c9a474a848d39dfba71dc9c2f188778de8bf8	2009475			https://ensanut.insp.mx/encuestas/ensanutcontinua2024/descargas.php
adultos_ensanut2024_w_stata_stata__v2026_09_01	ENSANUT2024-v2026-09-01/adultos_ensanut2024_w.stata.stata.zip	descargas_mx	0fa8f4436fa427cc23d1d43164d449462c09eb787cb45ad20961576cb095a6c4	4196284			https://ensanut.insp.mx/encuestas/ensanutcontinua2024/descargas.php
antropometria_ensanut2024_w_cat_logo__v2026_09_01	ENSANUT2024-v2026-09-01/antropometria_ensanut2024_w.Catálogo.xlsx	descargas_mx	93d4a20230197eea461332088db32aafcf999eb2ef28bd20683a0d0c62229f31	270720			https://ensanut.insp.mx/encuestas/ensanutcontinua2024/descargas.php
antropometria_ensanut2024_w_cuestionarios__v2026_09_01	ENSANUT2024-v2026-09-01/antropometria_ensanut2024_w.Cuestionarios.pdf	descargas_mx	d076a1deb894d680bcd0bab4d24741a3acf04972a12b37de9a74b098606fe5af	192972			https://ensanut.insp.mx/encuestas/ensanutcontinua2024/descargas.php
antropometria_ensanut2024_w_csv_csv__v2026_09_01	ENSANUT2024-v2026-09-01/antropometria_ensanut2024_w.csv.csv.zip	descargas_mx	2230accae5815d5181ad972a119fce99e92952ee4f0bf79645d685e7d8bb3336	1379667			https://ensanut.insp.mx/encuestas/ensanutcontinua2024/descargas.php
antropometria_ensanut2024_w_stata_stata__v2026_09_01	ENSANUT2024-v2026-09-01/antropometria_ensanut2024_w.stata.stata.zip	descargas_mx	efff34019a17c29f85b8d28c4235c00fcaefd1a6baa83b015b8e3a4a08dc9085	1861138			https://ensanut.insp.mx/encuestas/ensanutcontinua2024/descargas.php
ensasangre24_determinaciones_micronutrimentos_cat_logo__v2026_09_01	ENSANUT2024-v2026-09-01/ensasangre24_determinaciones_micronutrimentos.Catálogo.xlsx	descargas_mx	0b70aad736937cff65a6b6c066cbf22dc8c26830bb54ab8d1df66eb06b81106b	270448			https://ensanut.insp.mx/encuestas/ensanutcontinua2024/descargas.php
ensasangre24_determinaciones_micronutrimentos_csv_csv__v2026_09_01	ENSANUT2024-v2026-09-01/ensasangre24_determinaciones_micronutrimentos.csv.csv.zip	descargas_mx	2b252a6d2bc7b1c19f8b2def8f939289f1b10a5b93805b3965239ba75e21a75d	531823			https://ensanut.insp.mx/encuestas/ensanutcontinua2024/descargas.php
ensasangre24_determinaciones_micronutrimentos_stata_stata__v2026_09_01	ENSANUT2024-v2026-09-01/ensasangre24_determinaciones_micronutrimentos.stata.stata.zip	descargas_mx	99fedca4490899e50c09e6f90e09fd16a20e20989d73611be6f7dea6747c36f5	660611			https://ensanut.insp.mx/encuestas/ensanutcontinua2024/descargas.php
etiquetado_ensanut2924_w_cat_logo__v2026_09_01	ENSANUT2024-v2026-09-01/etiquetado_ensanut2924_w.Catálogo.xlsx	descargas_mx	a5ab4941eee85a90d39f2cbeacc5eaf7ce725c6648a0a9de3f241fc920b8fd6e	282516			https://ensanut.insp.mx/encuestas/ensanutcontinua2024/descargas.php
# busca ['ensanut2024']: 143 entradas coinciden (mostradas 40)
