calc	conducta	dominio	ola	eje	categoria	p	ic_lo	ic_hi	icc_lo	icc_hi	n	result_id_p
CALC-ENBIARE-PISOS-BIENESTAR-0001	CUENTA-APOYO-AMISTADES	CAPITAL_SOCIAL	2021	EDAD	18-29	0.703211	0.689067	0.718163			7723	RESULT-ENBIARE-PISOS-BIENESTAR-CUENTA-APOYO-AMISTADES-2021-EDAD-18-29-P
CALC-ENBIARE-PISOS-BIENESTAR-0001	CUENTA-APOYO-AMISTADES	CAPITAL_SOCIAL	2021	EDAD	30-44	0.728529	0.716808	0.740296			10087	RESULT-ENBIARE-PISOS-BIENESTAR-CUENTA-APOYO-AMISTADES-2021-EDAD-30-44-P
CALC-ENBIARE-PISOS-BIENESTAR-0001	CUENTA-APOYO-AMISTADES	CAPITAL_SOCIAL	2021	EDAD	45-59	0.745596	0.732270	0.758500			7726	RESULT-ENBIARE-PISOS-BIENESTAR-CUENTA-APOYO-AMISTADES-2021-EDAD-45-59-P
CALC-ENBIARE-PISOS-BIENESTAR-0001	CUENTA-APOYO-AMISTADES	CAPITAL_SOCIAL	2021	EDAD	60-MAS	0.708203	0.688938	0.726784			5630	RESULT-ENBIARE-PISOS-BIENESTAR-CUENTA-APOYO-AMISTADES-2021-EDAD-60-MAS-P
CALC-ENBIARE-PISOS-BIENESTAR-0001	CUENTA-APOYO-AMISTADES	CAPITAL_SOCIAL	2021	ESCOLARIDAD	HASTA-PRIMARIA	0.661515	0.644487	0.677414			7658	RESULT-ENBIARE-PISOS-BIENESTAR-CUENTA-APOYO-AMISTADES-2021-ESCOLARIDAD-HASTA-PRIMARIA-P
CALC-ENBIARE-PISOS-BIENESTAR-0001	CUENTA-APOYO-AMISTADES	CAPITAL_SOCIAL	2021	ESCOLARIDAD	MEDIA-SUPERIOR	0.731412	0.716726	0.746601			7092	RESULT-ENBIARE-PISOS-BIENESTAR-CUENTA-APOYO-AMISTADES-2021-ESCOLARIDAD-MEDIA-SUPERIOR-P
CALC-ENBIARE-PISOS-BIENESTAR-0001	CUENTA-APOYO-AMISTADES	CAPITAL_SOCIAL	2021	ESCOLARIDAD	SECUNDARIA	0.686277	0.673301	0.698890			9535	RESULT-ENBIARE-PISOS-BIENESTAR-CUENTA-APOYO-AMISTADES-2021-ESCOLARIDAD-SECUNDARIA-P
CALC-ENBIARE-PISOS-BIENESTAR-0001	CUENTA-APOYO-AMISTADES	CAPITAL_SOCIAL	2021	ESCOLARIDAD	SUPERIOR	0.819857	0.806185	0.833474			6820	RESULT-ENBIARE-PISOS-BIENESTAR-CUENTA-APOYO-AMISTADES-2021-ESCOLARIDAD-SUPERIOR-P
CALC-ENBIARE-PISOS-BIENESTAR-0001	CUENTA-APOYO-AMISTADES	CAPITAL_SOCIAL	2021	SEXO	HOMBRE	0.735606	0.724961	0.745879			14255	RESULT-ENBIARE-PISOS-BIENESTAR-CUENTA-APOYO-AMISTADES-2021-SEXO-HOMBRE-P
CALC-ENBIARE-PISOS-BIENESTAR-0001	CUENTA-APOYO-AMISTADES	CAPITAL_SOCIAL	2021	SEXO	MUJER	0.710553	0.700288	0.721222			16911	RESULT-ENBIARE-PISOS-BIENESTAR-CUENTA-APOYO-AMISTADES-2021-SEXO-MUJER-P
CALC-ENBIARE-PISOS-BIENESTAR-0001	CUENTA-APOYO-AMISTADES	CAPITAL_SOCIAL	2021	TLOC	100MIL-MAS	0.745886	0.734033	0.757596			14095	RESULT-ENBIARE-PISOS-BIENESTAR-CUENTA-APOYO-AMISTADES-2021-TLOC-100MIL-MAS-P
CALC-ENBIARE-PISOS-BIENESTAR-0001	CUENTA-APOYO-AMISTADES	CAPITAL_SOCIAL	2021	TLOC	15MIL-99MIL	0.727315	0.709224	0.746848			4793	RESULT-ENBIARE-PISOS-BIENESTAR-CUENTA-APOYO-AMISTADES-2021-TLOC-15MIL-99MIL-P
CALC-ENBIARE-PISOS-BIENESTAR-0001	CUENTA-APOYO-AMISTADES	CAPITAL_SOCIAL	2021	TLOC	2500-14999	0.704247	0.684225	0.724780			4925	RESULT-ENBIARE-PISOS-BIENESTAR-CUENTA-APOYO-AMISTADES-2021-TLOC-2500-14999-P
CALC-ENBIARE-PISOS-BIENESTAR-0001	CUENTA-APOYO-AMISTADES	CAPITAL_SOCIAL	2021	TLOC	MENOS-2500	0.678933	0.663235	0.693716			7353	RESULT-ENBIARE-PISOS-BIENESTAR-CUENTA-APOYO-AMISTADES-2021-TLOC-MENOS-2500-P
CALC-ENBIARE-PISOS-BIENESTAR-0001	CUENTA-APOYO-AMISTADES	CAPITAL_SOCIAL	2021	TOTAL	TODOS	0.722364	0.714636	0.730004			31166	RESULT-ENBIARE-PISOS-BIENESTAR-CUENTA-APOYO-AMISTADES-2021-TOTAL-TODOS-P
CALC-ENBIARE-PISOS-BIENESTAR-0001	CUENTA-APOYO-FAMILIA	CAPITAL_SOCIAL	2021	EDAD	18-29	0.965548	0.960675	0.969933			7723	RESULT-ENBIARE-PISOS-BIENESTAR-CUENTA-APOYO-FAMILIA-2021-EDAD-18-29-P
CALC-ENBIARE-PISOS-BIENESTAR-0001	CUENTA-APOYO-FAMILIA	CAPITAL_SOCIAL	2021	EDAD	30-44	0.939061	0.933093	0.944571			10087	RESULT-ENBIARE-PISOS-BIENESTAR-CUENTA-APOYO-FAMILIA-2021-EDAD-30-44-P
CALC-ENBIARE-PISOS-BIENESTAR-0001	CUENTA-APOYO-FAMILIA	CAPITAL_SOCIAL	2021	EDAD	45-59	0.935529	0.928113	0.942251			7726	RESULT-ENBIARE-PISOS-BIENESTAR-CUENTA-APOYO-FAMILIA-2021-EDAD-45-59-P
CALC-ENBIARE-PISOS-BIENESTAR-0001	CUENTA-APOYO-FAMILIA	CAPITAL_SOCIAL	2021	EDAD	60-MAS	0.950603	0.943206	0.957291			5630	RESULT-ENBIARE-PISOS-BIENESTAR-CUENTA-APOYO-FAMILIA-2021-EDAD-60-MAS-P
CALC-ENBIARE-PISOS-BIENESTAR-0001	CUENTA-APOYO-FAMILIA	CAPITAL_SOCIAL	2021	ESCOLARIDAD	HASTA-PRIMARIA	0.933541	0.926660	0.939840			7658	RESULT-ENBIARE-PISOS-BIENESTAR-CUENTA-APOYO-FAMILIA-2021-ESCOLARIDAD-HASTA-PRIMARIA-P
CALC-ENBIARE-PISOS-BIENESTAR-0001	CUENTA-APOYO-FAMILIA	CAPITAL_SOCIAL	2021	ESCOLARIDAD	MEDIA-SUPERIOR	0.952296	0.945579	0.958673			7092	RESULT-ENBIARE-PISOS-BIENESTAR-CUENTA-APOYO-FAMILIA-2021-ESCOLARIDAD-MEDIA-SUPERIOR-P
CALC-ENBIARE-PISOS-BIENESTAR-0001	CUENTA-APOYO-FAMILIA	CAPITAL_SOCIAL	2021	ESCOLARIDAD	SECUNDARIA	0.936410	0.929755	0.942431			9535	RESULT-ENBIARE-PISOS-BIENESTAR-CUENTA-APOYO-FAMILIA-2021-ESCOLARIDAD-SECUNDARIA-P
CALC-ENBIARE-PISOS-BIENESTAR-0001	CUENTA-APOYO-FAMILIA	CAPITAL_SOCIAL	2021	ESCOLARIDAD	SUPERIOR	0.971085	0.966203	0.975680			6820	RESULT-ENBIARE-PISOS-BIENESTAR-CUENTA-APOYO-FAMILIA-2021-ESCOLARIDAD-SUPERIOR-P
CALC-ENBIARE-PISOS-BIENESTAR-0001	CUENTA-APOYO-FAMILIA	CAPITAL_SOCIAL	2021	SEXO	HOMBRE	0.953637	0.949213	0.957771			14255	RESULT-ENBIARE-PISOS-BIENESTAR-CUENTA-APOYO-FAMILIA-2021-SEXO-HOMBRE-P
CALC-ENBIARE-PISOS-BIENESTAR-0001	CUENTA-APOYO-FAMILIA	CAPITAL_SOCIAL	2021	SEXO	MUJER	0.942162	0.937576	0.946482			16911	RESULT-ENBIARE-PISOS-BIENESTAR-CUENTA-APOYO-FAMILIA-2021-SEXO-MUJER-P
CALC-ENBIARE-PISOS-BIENESTAR-0001	CUENTA-APOYO-FAMILIA	CAPITAL_SOCIAL	2021	TLOC	100MIL-MAS	0.948102	0.943166	0.952418			14095	RESULT-ENBIARE-PISOS-BIENESTAR-CUENTA-APOYO-FAMILIA-2021-TLOC-100MIL-MAS-P
CALC-ENBIARE-PISOS-BIENESTAR-0001	CUENTA-APOYO-FAMILIA	CAPITAL_SOCIAL	2021	TLOC	15MIL-99MIL	0.946008	0.938311	0.953182			4793	RESULT-ENBIARE-PISOS-BIENESTAR-CUENTA-APOYO-FAMILIA-2021-TLOC-15MIL-99MIL-P
CALC-ENBIARE-PISOS-BIENESTAR-0001	CUENTA-APOYO-FAMILIA	CAPITAL_SOCIAL	2021	TLOC	2500-14999	0.944425	0.936280	0.951947			4925	RESULT-ENBIARE-PISOS-BIENESTAR-CUENTA-APOYO-FAMILIA-2021-TLOC-2500-14999-P
CALC-ENBIARE-PISOS-BIENESTAR-0001	CUENTA-APOYO-FAMILIA	CAPITAL_SOCIAL	2021	TLOC	MENOS-2500	0.949386	0.943095	0.955206			7353	RESULT-ENBIARE-PISOS-BIENESTAR-CUENTA-APOYO-FAMILIA-2021-TLOC-MENOS-2500-P
CALC-ENBIARE-PISOS-BIENESTAR-0001	CUENTA-APOYO-FAMILIA	CAPITAL_SOCIAL	2021	TOTAL	TODOS	0.947572	0.944400	0.950587			31166	RESULT-ENBIARE-PISOS-BIENESTAR-CUENTA-APOYO-FAMILIA-2021-TOTAL-TODOS-P
CALC-ENBIARE-PISOS-BIENESTAR-0001	CONFIANZA-GENTE-CONOCIDA	CONFIANZA	2021	EDAD	18-29	7.772353	7.706347	7.836079			7723	RESULT-ENBIARE-PISOS-BIENESTAR-CONFIANZA-GENTE-CONOCIDA-2021-EDAD-18-29-P
CALC-ENBIARE-PISOS-BIENESTAR-0001	CONFIANZA-GENTE-CONOCIDA	CONFIANZA	2021	EDAD	30-44	7.535095	7.473448	7.596288			10087	RESULT-ENBIARE-PISOS-BIENESTAR-CONFIANZA-GENTE-CONOCIDA-2021-EDAD-30-44-P
CALC-ENBIARE-PISOS-BIENESTAR-0001	CONFIANZA-GENTE-CONOCIDA	CONFIANZA	2021	EDAD	45-59	7.518079	7.451751	7.584914			7726	RESULT-ENBIARE-PISOS-BIENESTAR-CONFIANZA-GENTE-CONOCIDA-2021-EDAD-45-59-P
CALC-ENBIARE-PISOS-BIENESTAR-0001	CONFIANZA-GENTE-CONOCIDA	CONFIANZA	2021	EDAD	60-MAS	7.644179	7.556666	7.730227			5630	RESULT-ENBIARE-PISOS-BIENESTAR-CONFIANZA-GENTE-CONOCIDA-2021-EDAD-60-MAS-P
CALC-ENBIARE-PISOS-BIENESTAR-0001	CONFIANZA-GENTE-CONOCIDA	CONFIANZA	2021	ESCOLARIDAD	HASTA-PRIMARIA	7.304856	7.223702	7.385554			7658	RESULT-ENBIARE-PISOS-BIENESTAR-CONFIANZA-GENTE-CONOCIDA-2021-ESCOLARIDAD-HASTA-PRIMARIA-P
CALC-ENBIARE-PISOS-BIENESTAR-0001	CONFIANZA-GENTE-CONOCIDA	CONFIANZA	2021	ESCOLARIDAD	MEDIA-SUPERIOR	7.695514	7.620561	7.763754			7092	RESULT-ENBIARE-PISOS-BIENESTAR-CONFIANZA-GENTE-CONOCIDA-2021-ESCOLARIDAD-MEDIA-SUPERIOR-P
CALC-ENBIARE-PISOS-BIENESTAR-0001	CONFIANZA-GENTE-CONOCIDA	CONFIANZA	2021	ESCOLARIDAD	SECUNDARIA	7.405245	7.337657	7.472251			9535	RESULT-ENBIARE-PISOS-BIENESTAR-CONFIANZA-GENTE-CONOCIDA-2021-ESCOLARIDAD-SECUNDARIA-P
CALC-ENBIARE-PISOS-BIENESTAR-0001	CONFIANZA-GENTE-CONOCIDA	CONFIANZA	2021	ESCOLARIDAD	SUPERIOR	8.114141	8.055076	8.171521			6820	RESULT-ENBIARE-PISOS-BIENESTAR-CONFIANZA-GENTE-CONOCIDA-2021-ESCOLARIDAD-SUPERIOR-P
CALC-ENBIARE-PISOS-BIENESTAR-0001	CONFIANZA-GENTE-CONOCIDA	CONFIANZA	2021	SEXO	HOMBRE	7.674384	7.622569	7.725790			14255	RESULT-ENBIARE-PISOS-BIENESTAR-CONFIANZA-GENTE-CONOCIDA-2021-SEXO-HOMBRE-P
CALC-ENBIARE-PISOS-BIENESTAR-0001	CONFIANZA-GENTE-CONOCIDA	CONFIANZA	2021	SEXO	MUJER	7.563771	7.514878	7.614385			16911	RESULT-ENBIARE-PISOS-BIENESTAR-CONFIANZA-GENTE-CONOCIDA-2021-SEXO-MUJER-P
CALC-ENBIARE-PISOS-BIENESTAR-0001	CONFIANZA-GENTE-CONOCIDA	CONFIANZA	2021	TLOC	100MIL-MAS	7.681868	7.625579	7.733958			14095	RESULT-ENBIARE-PISOS-BIENESTAR-CONFIANZA-GENTE-CONOCIDA-2021-TLOC-100MIL-MAS-P
CALC-ENBIARE-PISOS-BIENESTAR-0001	CONFIANZA-GENTE-CONOCIDA	CONFIANZA	2021	TLOC	15MIL-99MIL	7.630871	7.545126	7.712870			4793	RESULT-ENBIARE-PISOS-BIENESTAR-CONFIANZA-GENTE-CONOCIDA-2021-TLOC-15MIL-99MIL-P
CALC-ENBIARE-PISOS-BIENESTAR-0001	CONFIANZA-GENTE-CONOCIDA	CONFIANZA	2021	TLOC	2500-14999	7.531633	7.447311	7.613389			4925	RESULT-ENBIARE-PISOS-BIENESTAR-CONFIANZA-GENTE-CONOCIDA-2021-TLOC-2500-14999-P
CALC-ENBIARE-PISOS-BIENESTAR-0001	CONFIANZA-GENTE-CONOCIDA	CONFIANZA	2021	TLOC	MENOS-2500	7.514299	7.439303	7.591874			7353	RESULT-ENBIARE-PISOS-BIENESTAR-CONFIANZA-GENTE-CONOCIDA-2021-TLOC-MENOS-2500-P
CALC-ENBIARE-PISOS-BIENESTAR-0001	CONFIANZA-GENTE-CONOCIDA	CONFIANZA	2021	TOTAL	TODOS	7.615919	7.578825	7.652217			31166	RESULT-ENBIARE-PISOS-BIENESTAR-CONFIANZA-GENTE-CONOCIDA-2021-TOTAL-TODOS-P
CALC-ENBIARE-PISOS-BIENESTAR-0001	CONFIANZA-MAYORIA-GENTE	CONFIANZA	2021	EDAD	18-29	5.209470	5.128041	5.289180			7723	RESULT-ENBIARE-PISOS-BIENESTAR-CONFIANZA-MAYORIA-GENTE-2021-EDAD-18-29-P
CALC-ENBIARE-PISOS-BIENESTAR-0001	CONFIANZA-MAYORIA-GENTE	CONFIANZA	2021	EDAD	30-44	5.170334	5.105159	5.239360			10087	RESULT-ENBIARE-PISOS-BIENESTAR-CONFIANZA-MAYORIA-GENTE-2021-EDAD-30-44-P
CALC-ENBIARE-PISOS-BIENESTAR-0001	CONFIANZA-MAYORIA-GENTE	CONFIANZA	2021	EDAD	45-59	5.352615	5.280821	5.428845			7726	RESULT-ENBIARE-PISOS-BIENESTAR-CONFIANZA-MAYORIA-GENTE-2021-EDAD-45-59-P
CALC-ENBIARE-PISOS-BIENESTAR-0001	CONFIANZA-MAYORIA-GENTE	CONFIANZA	2021	EDAD	60-MAS	5.608083	5.500005	5.717680			5630	RESULT-ENBIARE-PISOS-BIENESTAR-CONFIANZA-MAYORIA-GENTE-2021-EDAD-60-MAS-P
CALC-ENBIARE-PISOS-BIENESTAR-0001	CONFIANZA-MAYORIA-GENTE	CONFIANZA	2021	ESCOLARIDAD	HASTA-PRIMARIA	5.069108	4.975189	5.160479			7658	RESULT-ENBIARE-PISOS-BIENESTAR-CONFIANZA-MAYORIA-GENTE-2021-ESCOLARIDAD-HASTA-PRIMARIA-P
CALC-ENBIARE-PISOS-BIENESTAR-0001	CONFIANZA-MAYORIA-GENTE	CONFIANZA	2021	ESCOLARIDAD	MEDIA-SUPERIOR	5.251146	5.170925	5.332783			7092	RESULT-ENBIARE-PISOS-BIENESTAR-CONFIANZA-MAYORIA-GENTE-2021-ESCOLARIDAD-MEDIA-SUPERIOR-P
CALC-ENBIARE-PISOS-BIENESTAR-0001	CONFIANZA-MAYORIA-GENTE	CONFIANZA	2021	ESCOLARIDAD	SECUNDARIA	5.042009	4.967232	5.117234			9535	RESULT-ENBIARE-PISOS-BIENESTAR-CONFIANZA-MAYORIA-GENTE-2021-ESCOLARIDAD-SECUNDARIA-P
CALC-ENBIARE-PISOS-BIENESTAR-0001	CONFIANZA-MAYORIA-GENTE	CONFIANZA	2021	ESCOLARIDAD	SUPERIOR	5.906661	5.833590	5.982188			6820	RESULT-ENBIARE-PISOS-BIENESTAR-CONFIANZA-MAYORIA-GENTE-2021-ESCOLARIDAD-SUPERIOR-P
CALC-ENBIARE-PISOS-BIENESTAR-0001	CONFIANZA-MAYORIA-GENTE	CONFIANZA	2021	SEXO	HOMBRE	5.505750	5.449698	5.562744			14255	RESULT-ENBIARE-PISOS-BIENESTAR-CONFIANZA-MAYORIA-GENTE-2021-SEXO-HOMBRE-P
CALC-ENBIARE-PISOS-BIENESTAR-0001	CONFIANZA-MAYORIA-GENTE	CONFIANZA	2021	SEXO	MUJER	5.110647	5.054800	5.164424			16911	RESULT-ENBIARE-PISOS-BIENESTAR-CONFIANZA-MAYORIA-GENTE-2021-SEXO-MUJER-P
CALC-ENBIARE-PISOS-BIENESTAR-0001	CONFIANZA-MAYORIA-GENTE	CONFIANZA	2021	TLOC	100MIL-MAS	5.405138	5.343275	5.468884			14095	RESULT-ENBIARE-PISOS-BIENESTAR-CONFIANZA-MAYORIA-GENTE-2021-TLOC-100MIL-MAS-P
CALC-ENBIARE-PISOS-BIENESTAR-0001	CONFIANZA-MAYORIA-GENTE	CONFIANZA	2021	TLOC	15MIL-99MIL	5.315516	5.211425	5.414441			4793	RESULT-ENBIARE-PISOS-BIENESTAR-CONFIANZA-MAYORIA-GENTE-2021-TLOC-15MIL-99MIL-P
CALC-ENBIARE-PISOS-BIENESTAR-0001	CONFIANZA-MAYORIA-GENTE	CONFIANZA	2021	TLOC	2500-14999	5.135937	5.051337	5.217895			4925	RESULT-ENBIARE-PISOS-BIENESTAR-CONFIANZA-MAYORIA-GENTE-2021-TLOC-2500-14999-P
CALC-ENBIARE-PISOS-BIENESTAR-0001	CONFIANZA-MAYORIA-GENTE	CONFIANZA	2021	TLOC	MENOS-2500	5.148120	5.068261	5.227162			7353	RESULT-ENBIARE-PISOS-BIENESTAR-CONFIANZA-MAYORIA-GENTE-2021-TLOC-MENOS-2500-P
CALC-ENBIARE-PISOS-BIENESTAR-0001	CONFIANZA-MAYORIA-GENTE	CONFIANZA	2021	TOTAL	TODOS	5.296915	5.256289	5.338224			31166	RESULT-ENBIARE-PISOS-BIENESTAR-CONFIANZA-MAYORIA-GENTE-2021-TOTAL-TODOS-P
CALC-ENBIARE-PISOS-BIENESTAR-0001	CONFIANZA-PARTIDOS	CONFIANZA	2021	EDAD	18-29	3.605727	3.518888	3.694664			7723	RESULT-ENBIARE-PISOS-BIENESTAR-CONFIANZA-PARTIDOS-2021-EDAD-18-29-P
CALC-ENBIARE-PISOS-BIENESTAR-0001	CONFIANZA-PARTIDOS	CONFIANZA	2021	EDAD	30-44	3.345388	3.269163	3.427286			10087	RESULT-ENBIARE-PISOS-BIENESTAR-CONFIANZA-PARTIDOS-2021-EDAD-30-44-P
CALC-ENBIARE-PISOS-BIENESTAR-0001	CONFIANZA-PARTIDOS	CONFIANZA	2021	EDAD	45-59	3.456534	3.365802	3.544620			7726	RESULT-ENBIARE-PISOS-BIENESTAR-CONFIANZA-PARTIDOS-2021-EDAD-45-59-P
CALC-ENBIARE-PISOS-BIENESTAR-0001	CONFIANZA-PARTIDOS	CONFIANZA	2021	EDAD	60-MAS	3.835280	3.713389	3.959775			5630	RESULT-ENBIARE-PISOS-BIENESTAR-CONFIANZA-PARTIDOS-2021-EDAD-60-MAS-P
CALC-ENBIARE-PISOS-BIENESTAR-0001	CONFIANZA-PARTIDOS	CONFIANZA	2021	ESCOLARIDAD	HASTA-PRIMARIA	4.086896	3.994854	4.180405			7658	RESULT-ENBIARE-PISOS-BIENESTAR-CONFIANZA-PARTIDOS-2021-ESCOLARIDAD-HASTA-PRIMARIA-P
CALC-ENBIARE-PISOS-BIENESTAR-0001	CONFIANZA-PARTIDOS	CONFIANZA	2021	ESCOLARIDAD	MEDIA-SUPERIOR	3.364875	3.273405	3.454944			7092	RESULT-ENBIARE-PISOS-BIENESTAR-CONFIANZA-PARTIDOS-2021-ESCOLARIDAD-MEDIA-SUPERIOR-P
CALC-ENBIARE-PISOS-BIENESTAR-0001	CONFIANZA-PARTIDOS	CONFIANZA	2021	ESCOLARIDAD	SECUNDARIA	3.627059	3.542812	3.715272			9535	RESULT-ENBIARE-PISOS-BIENESTAR-CONFIANZA-PARTIDOS-2021-ESCOLARIDAD-SECUNDARIA-P
CALC-ENBIARE-PISOS-BIENESTAR-0001	CONFIANZA-PARTIDOS	CONFIANZA	2021	ESCOLARIDAD	SUPERIOR	3.011524	2.926951	3.097501			6820	RESULT-ENBIARE-PISOS-BIENESTAR-CONFIANZA-PARTIDOS-2021-ESCOLARIDAD-SUPERIOR-P
CALC-ENBIARE-PISOS-BIENESTAR-0001	CONFIANZA-PARTIDOS	CONFIANZA	2021	SEXO	HOMBRE	3.499491	3.432620	3.567769			14255	RESULT-ENBIARE-PISOS-BIENESTAR-CONFIANZA-PARTIDOS-2021-SEXO-HOMBRE-P
CALC-ENBIARE-PISOS-BIENESTAR-0001	CONFIANZA-PARTIDOS	CONFIANZA	2021	SEXO	MUJER	3.548775	3.486672	3.611207			16911	RESULT-ENBIARE-PISOS-BIENESTAR-CONFIANZA-PARTIDOS-2021-SEXO-MUJER-P
CALC-ENBIARE-PISOS-BIENESTAR-0001	CONFIANZA-PARTIDOS	CONFIANZA	2021	TLOC	100MIL-MAS	3.186187	3.119002	3.252643			14095	RESULT-ENBIARE-PISOS-BIENESTAR-CONFIANZA-PARTIDOS-2021-TLOC-100MIL-MAS-P
CALC-ENBIARE-PISOS-BIENESTAR-0001	CONFIANZA-PARTIDOS	CONFIANZA	2021	TLOC	15MIL-99MIL	3.500361	3.395783	3.606911			4793	RESULT-ENBIARE-PISOS-BIENESTAR-CONFIANZA-PARTIDOS-2021-TLOC-15MIL-99MIL-P
CALC-ENBIARE-PISOS-BIENESTAR-0001	CONFIANZA-PARTIDOS	CONFIANZA	2021	TLOC	2500-14999	3.900651	3.788904	4.010335			4925	RESULT-ENBIARE-PISOS-BIENESTAR-CONFIANZA-PARTIDOS-2021-TLOC-2500-14999-P
CALC-ENBIARE-PISOS-BIENESTAR-0001	CONFIANZA-PARTIDOS	CONFIANZA	2021	TLOC	MENOS-2500	4.051281	3.944048	4.159019			7353	RESULT-ENBIARE-PISOS-BIENESTAR-CONFIANZA-PARTIDOS-2021-TLOC-MENOS-2500-P
CALC-ENBIARE-PISOS-BIENESTAR-0001	CONFIANZA-PARTIDOS	CONFIANZA	2021	TOTAL	TODOS	3.525540	3.478931	3.574029			31166	RESULT-ENBIARE-PISOS-BIENESTAR-CONFIANZA-PARTIDOS-2021-TOTAL-TODOS-P
CALC-ENBIARE-PISOS-BIENESTAR-0001	CONFIANZA-POLICIA-MUNICIPAL	CONFIANZA	2021	EDAD	18-29	3.972470	3.881171	4.063981			7723	RESULT-ENBIARE-PISOS-BIENESTAR-CONFIANZA-POLICIA-MUNICIPAL-2021-EDAD-18-29-P
CALC-ENBIARE-PISOS-BIENESTAR-0001	CONFIANZA-POLICIA-MUNICIPAL	CONFIANZA	2021	EDAD	30-44	3.709724	3.636743	3.787118			10087	RESULT-ENBIARE-PISOS-BIENESTAR-CONFIANZA-POLICIA-MUNICIPAL-2021-EDAD-30-44-P
CALC-ENBIARE-PISOS-BIENESTAR-0001	CONFIANZA-POLICIA-MUNICIPAL	CONFIANZA	2021	EDAD	45-59	3.819696	3.735976	3.904967			7726	RESULT-ENBIARE-PISOS-BIENESTAR-CONFIANZA-POLICIA-MUNICIPAL-2021-EDAD-45-59-P
CALC-ENBIARE-PISOS-BIENESTAR-0001	CONFIANZA-POLICIA-MUNICIPAL	CONFIANZA	2021	EDAD	60-MAS	4.042922	3.925435	4.159786			5630	RESULT-ENBIARE-PISOS-BIENESTAR-CONFIANZA-POLICIA-MUNICIPAL-2021-EDAD-60-MAS-P
CALC-ENBIARE-PISOS-BIENESTAR-0001	CONFIANZA-POLICIA-MUNICIPAL	CONFIANZA	2021	ESCOLARIDAD	HASTA-PRIMARIA	4.130627	4.032971	4.228800			7658	RESULT-ENBIARE-PISOS-BIENESTAR-CONFIANZA-POLICIA-MUNICIPAL-2021-ESCOLARIDAD-HASTA-PRIMARIA-P
CALC-ENBIARE-PISOS-BIENESTAR-0001	CONFIANZA-POLICIA-MUNICIPAL	CONFIANZA	2021	ESCOLARIDAD	MEDIA-SUPERIOR	3.771185	3.677194	3.864822			7092	RESULT-ENBIARE-PISOS-BIENESTAR-CONFIANZA-POLICIA-MUNICIPAL-2021-ESCOLARIDAD-MEDIA-SUPERIOR-P
CALC-ENBIARE-PISOS-BIENESTAR-0001	CONFIANZA-POLICIA-MUNICIPAL	CONFIANZA	2021	ESCOLARIDAD	SECUNDARIA	3.877666	3.792360	3.960046			9535	RESULT-ENBIARE-PISOS-BIENESTAR-CONFIANZA-POLICIA-MUNICIPAL-2021-ESCOLARIDAD-SECUNDARIA-P
CALC-ENBIARE-PISOS-BIENESTAR-0001	CONFIANZA-POLICIA-MUNICIPAL	CONFIANZA	2021	ESCOLARIDAD	SUPERIOR	3.691001	3.603268	3.784317			6820	RESULT-ENBIARE-PISOS-BIENESTAR-CONFIANZA-POLICIA-MUNICIPAL-2021-ESCOLARIDAD-SUPERIOR-P
CALC-ENBIARE-PISOS-BIENESTAR-0001	CONFIANZA-POLICIA-MUNICIPAL	CONFIANZA	2021	SEXO	HOMBRE	3.822337	3.759881	3.891706			14255	RESULT-ENBIARE-PISOS-BIENESTAR-CONFIANZA-POLICIA-MUNICIPAL-2021-SEXO-HOMBRE-P
CALC-ENBIARE-PISOS-BIENESTAR-0001	CONFIANZA-POLICIA-MUNICIPAL	CONFIANZA	2021	SEXO	MUJER	3.903781	3.842001	3.964991			16911	RESULT-ENBIARE-PISOS-BIENESTAR-CONFIANZA-POLICIA-MUNICIPAL-2021-SEXO-MUJER-P
CALC-ENBIARE-PISOS-BIENESTAR-0001	CONFIANZA-POLICIA-MUNICIPAL	CONFIANZA	2021	TLOC	100MIL-MAS	3.470987	3.406828	3.534171			14095	RESULT-ENBIARE-PISOS-BIENESTAR-CONFIANZA-POLICIA-MUNICIPAL-2021-TLOC-100MIL-MAS-P
CALC-ENBIARE-PISOS-BIENESTAR-0001	CONFIANZA-POLICIA-MUNICIPAL	CONFIANZA	2021	TLOC	15MIL-99MIL	4.056988	3.958992	4.153303			4793	RESULT-ENBIARE-PISOS-BIENESTAR-CONFIANZA-POLICIA-MUNICIPAL-2021-TLOC-15MIL-99MIL-P
CALC-ENBIARE-PISOS-BIENESTAR-0001	CONFIANZA-POLICIA-MUNICIPAL	CONFIANZA	2021	TLOC	2500-14999	4.169863	4.051105	4.293224			4925	RESULT-ENBIARE-PISOS-BIENESTAR-CONFIANZA-POLICIA-MUNICIPAL-2021-TLOC-2500-14999-P
CALC-ENBIARE-PISOS-BIENESTAR-0001	CONFIANZA-POLICIA-MUNICIPAL	CONFIANZA	2021	TLOC	MENOS-2500	4.414764	4.314586	4.519302			7353	RESULT-ENBIARE-PISOS-BIENESTAR-CONFIANZA-POLICIA-MUNICIPAL-2021-TLOC-MENOS-2500-P
CALC-ENBIARE-PISOS-BIENESTAR-0001	CONFIANZA-POLICIA-MUNICIPAL	CONFIANZA	2021	TOTAL	TODOS	3.865385	3.821460	3.909850			31166	RESULT-ENBIARE-PISOS-BIENESTAR-CONFIANZA-POLICIA-MUNICIPAL-2021-TOTAL-TODOS-P
CALC-ENBIARE-PISOS-BIENESTAR-0001	ASISTE-SERVICIO-RELIGIOSO	RELIGIOSIDAD	2021	EDAD	18-29	0.336743	0.321428	0.352635			7723	RESULT-ENBIARE-PISOS-BIENESTAR-ASISTE-SERVICIO-RELIGIOSO-2021-EDAD-18-29-P
CALC-ENBIARE-PISOS-BIENESTAR-0001	ASISTE-SERVICIO-RELIGIOSO	RELIGIOSIDAD	2021	EDAD	30-44	0.448928	0.436256	0.461857			10087	RESULT-ENBIARE-PISOS-BIENESTAR-ASISTE-SERVICIO-RELIGIOSO-2021-EDAD-30-44-P
CALC-ENBIARE-PISOS-BIENESTAR-0001	ASISTE-SERVICIO-RELIGIOSO	RELIGIOSIDAD	2021	EDAD	45-59	0.575488	0.561835	0.591203			7726	RESULT-ENBIARE-PISOS-BIENESTAR-ASISTE-SERVICIO-RELIGIOSO-2021-EDAD-45-59-P
CALC-ENBIARE-PISOS-BIENESTAR-0001	ASISTE-SERVICIO-RELIGIOSO	RELIGIOSIDAD	2021	EDAD	60-MAS	0.651487	0.632381	0.669569			5630	RESULT-ENBIARE-PISOS-BIENESTAR-ASISTE-SERVICIO-RELIGIOSO-2021-EDAD-60-MAS-P
CALC-ENBIARE-PISOS-BIENESTAR-0001	ASISTE-SERVICIO-RELIGIOSO	RELIGIOSIDAD	2021	ESCOLARIDAD	HASTA-PRIMARIA	0.630466	0.614183	0.647324			7658	RESULT-ENBIARE-PISOS-BIENESTAR-ASISTE-SERVICIO-RELIGIOSO-2021-ESCOLARIDAD-HASTA-PRIMARIA-P
CALC-ENBIARE-PISOS-BIENESTAR-0001	ASISTE-SERVICIO-RELIGIOSO	RELIGIOSIDAD	2021	ESCOLARIDAD	MEDIA-SUPERIOR	0.410603	0.393576	0.427378			7092	RESULT-ENBIARE-PISOS-BIENESTAR-ASISTE-SERVICIO-RELIGIOSO-2021-ESCOLARIDAD-MEDIA-SUPERIOR-P
CALC-ENBIARE-PISOS-BIENESTAR-0001	ASISTE-SERVICIO-RELIGIOSO	RELIGIOSIDAD	2021	ESCOLARIDAD	SECUNDARIA	0.503846	0.490043	0.517494			9535	RESULT-ENBIARE-PISOS-BIENESTAR-ASISTE-SERVICIO-RELIGIOSO-2021-ESCOLARIDAD-SECUNDARIA-P
CALC-ENBIARE-PISOS-BIENESTAR-0001	ASISTE-SERVICIO-RELIGIOSO	RELIGIOSIDAD	2021	ESCOLARIDAD	SUPERIOR	0.379196	0.362921	0.395493			6820	RESULT-ENBIARE-PISOS-BIENESTAR-ASISTE-SERVICIO-RELIGIOSO-2021-ESCOLARIDAD-SUPERIOR-P
CALC-ENBIARE-PISOS-BIENESTAR-0001	ASISTE-SERVICIO-RELIGIOSO	RELIGIOSIDAD	2021	SEXO	HOMBRE	0.433399	0.422638	0.444930			14255	RESULT-ENBIARE-PISOS-BIENESTAR-ASISTE-SERVICIO-RELIGIOSO-2021-SEXO-HOMBRE-P
CALC-ENBIARE-PISOS-BIENESTAR-0001	ASISTE-SERVICIO-RELIGIOSO	RELIGIOSIDAD	2021	SEXO	MUJER	0.523272	0.512530	0.534301			16911	RESULT-ENBIARE-PISOS-BIENESTAR-ASISTE-SERVICIO-RELIGIOSO-2021-SEXO-MUJER-P
CALC-ENBIARE-PISOS-BIENESTAR-0001	ASISTE-SERVICIO-RELIGIOSO	RELIGIOSIDAD	2021	TLOC	100MIL-MAS	0.404898	0.393355	0.416249			14095	RESULT-ENBIARE-PISOS-BIENESTAR-ASISTE-SERVICIO-RELIGIOSO-2021-TLOC-100MIL-MAS-P
CALC-ENBIARE-PISOS-BIENESTAR-0001	ASISTE-SERVICIO-RELIGIOSO	RELIGIOSIDAD	2021	TLOC	15MIL-99MIL	0.490381	0.473671	0.507934			4793	RESULT-ENBIARE-PISOS-BIENESTAR-ASISTE-SERVICIO-RELIGIOSO-2021-TLOC-15MIL-99MIL-P
CALC-ENBIARE-PISOS-BIENESTAR-0001	ASISTE-SERVICIO-RELIGIOSO	RELIGIOSIDAD	2021	TLOC	2500-14999	0.554699	0.529558	0.577818			4925	RESULT-ENBIARE-PISOS-BIENESTAR-ASISTE-SERVICIO-RELIGIOSO-2021-TLOC-2500-14999-P
CALC-ENBIARE-PISOS-BIENESTAR-0001	ASISTE-SERVICIO-RELIGIOSO	RELIGIOSIDAD	2021	TLOC	MENOS-2500	0.595187	0.575994	0.616070			7353	RESULT-ENBIARE-PISOS-BIENESTAR-ASISTE-SERVICIO-RELIGIOSO-2021-TLOC-MENOS-2500-P
CALC-ENBIARE-PISOS-BIENESTAR-0001	ASISTE-SERVICIO-RELIGIOSO	RELIGIOSIDAD	2021	TOTAL	TODOS	0.480902	0.472935	0.489692			31166	RESULT-ENBIARE-PISOS-BIENESTAR-ASISTE-SERVICIO-RELIGIOSO-2021-TOTAL-TODOS-P
CALC-ENBIARE-PISOS-BIENESTAR-0001	TIENE-RELIGION	RELIGIOSIDAD	2021	EDAD	18-29	0.730083	0.716223	0.743621			7723	RESULT-ENBIARE-PISOS-BIENESTAR-TIENE-RELIGION-2021-EDAD-18-29-P
CALC-ENBIARE-PISOS-BIENESTAR-0001	TIENE-RELIGION	RELIGIOSIDAD	2021	EDAD	30-44	0.810404	0.799386	0.820766			10087	RESULT-ENBIARE-PISOS-BIENESTAR-TIENE-RELIGION-2021-EDAD-30-44-P
CALC-ENBIARE-PISOS-BIENESTAR-0001	TIENE-RELIGION	RELIGIOSIDAD	2021	EDAD	45-59	0.867381	0.857361	0.878197			7726	RESULT-ENBIARE-PISOS-BIENESTAR-TIENE-RELIGION-2021-EDAD-45-59-P
CALC-ENBIARE-PISOS-BIENESTAR-0001	TIENE-RELIGION	RELIGIOSIDAD	2021	EDAD	60-MAS	0.914259	0.903182	0.924637			5630	RESULT-ENBIARE-PISOS-BIENESTAR-TIENE-RELIGION-2021-EDAD-60-MAS-P
CALC-ENBIARE-PISOS-BIENESTAR-0001	TIENE-RELIGION	RELIGIOSIDAD	2021	ESCOLARIDAD	HASTA-PRIMARIA	0.873288	0.862933	0.882785			7658	RESULT-ENBIARE-PISOS-BIENESTAR-TIENE-RELIGION-2021-ESCOLARIDAD-HASTA-PRIMARIA-P
CALC-ENBIARE-PISOS-BIENESTAR-0001	TIENE-RELIGION	RELIGIOSIDAD	2021	ESCOLARIDAD	MEDIA-SUPERIOR	0.789185	0.775827	0.802720			7092	RESULT-ENBIARE-PISOS-BIENESTAR-TIENE-RELIGION-2021-ESCOLARIDAD-MEDIA-SUPERIOR-P
CALC-ENBIARE-PISOS-BIENESTAR-0001	TIENE-RELIGION	RELIGIOSIDAD	2021	ESCOLARIDAD	SECUNDARIA	0.826371	0.815592	0.836960			9535	RESULT-ENBIARE-PISOS-BIENESTAR-TIENE-RELIGION-2021-ESCOLARIDAD-SECUNDARIA-P
CALC-ENBIARE-PISOS-BIENESTAR-0001	TIENE-RELIGION	RELIGIOSIDAD	2021	ESCOLARIDAD	SUPERIOR	0.785383	0.771280	0.800218			6820	RESULT-ENBIARE-PISOS-BIENESTAR-TIENE-RELIGION-2021-ESCOLARIDAD-SUPERIOR-P
CALC-ENBIARE-PISOS-BIENESTAR-0001	TIENE-RELIGION	RELIGIOSIDAD	2021	SEXO	HOMBRE	0.785251	0.775953	0.794347			14255	RESULT-ENBIARE-PISOS-BIENESTAR-TIENE-RELIGION-2021-SEXO-HOMBRE-P
CALC-ENBIARE-PISOS-BIENESTAR-0001	TIENE-RELIGION	RELIGIOSIDAD	2021	SEXO	MUJER	0.847761	0.839326	0.856040			16911	RESULT-ENBIARE-PISOS-BIENESTAR-TIENE-RELIGION-2021-SEXO-MUJER-P
CALC-ENBIARE-PISOS-BIENESTAR-0001	TIENE-RELIGION	RELIGIOSIDAD	2021	TLOC	100MIL-MAS	0.782830	0.773077	0.792458			14095	RESULT-ENBIARE-PISOS-BIENESTAR-TIENE-RELIGION-2021-TLOC-100MIL-MAS-P
CALC-ENBIARE-PISOS-BIENESTAR-0001	TIENE-RELIGION	RELIGIOSIDAD	2021	TLOC	15MIL-99MIL	0.833648	0.820705	0.846995			4793	RESULT-ENBIARE-PISOS-BIENESTAR-TIENE-RELIGION-2021-TLOC-15MIL-99MIL-P
CALC-ENBIARE-PISOS-BIENESTAR-0001	TIENE-RELIGION	RELIGIOSIDAD	2021	TLOC	2500-14999	0.870643	0.854107	0.885997			4925	RESULT-ENBIARE-PISOS-BIENESTAR-TIENE-RELIGION-2021-TLOC-2500-14999-P
CALC-ENBIARE-PISOS-BIENESTAR-0001	TIENE-RELIGION	RELIGIOSIDAD	2021	TLOC	MENOS-2500	0.853360	0.838425	0.867904			7353	RESULT-ENBIARE-PISOS-BIENESTAR-TIENE-RELIGION-2021-TLOC-MENOS-2500-P
CALC-ENBIARE-PISOS-BIENESTAR-0001	TIENE-RELIGION	RELIGIOSIDAD	2021	TOTAL	TODOS	0.818291	0.811826	0.824626			31166	RESULT-ENBIARE-PISOS-BIENESTAR-TIENE-RELIGION-2021-TOTAL-TODOS-P
CALC-ENCODAT-PISOS-SUSTANCIAS-0001	ALCOHOL-12M	SALUD	2016	EDAD	12-17	0.248479	0.235684	0.261203			12436	RESULT-ENCODAT-PISOS-SUSTANCIAS-ALCOHOL-12M-2016-EDAD-12-17-P
CALC-ENCODAT-PISOS-SUSTANCIAS-0001	ALCOHOL-12M	SALUD	2016	EDAD	18-34	0.589187	0.575688	0.602493			17531	RESULT-ENCODAT-PISOS-SUSTANCIAS-ALCOHOL-12M-2016-EDAD-18-34-P
CALC-ENCODAT-PISOS-SUSTANCIAS-0001	ALCOHOL-12M	SALUD	2016	EDAD	35-65	0.464441	0.452540	0.475854			26910	RESULT-ENCODAT-PISOS-SUSTANCIAS-ALCOHOL-12M-2016-EDAD-35-65-P
CALC-ENCODAT-PISOS-SUSTANCIAS-0001	ALCOHOL-12M	SALUD	2016	ESCOLARIDAD	HASTA-PRIMARIA	0.397100	0.381343	0.413155			12033	RESULT-ENCODAT-PISOS-SUSTANCIAS-ALCOHOL-12M-2016-ESCOLARIDAD-HASTA-PRIMARIA-P
CALC-ENCODAT-PISOS-SUSTANCIAS-0001	ALCOHOL-12M	SALUD	2016	ESCOLARIDAD	MEDIA-SUPERIOR	0.585875	0.565023	0.604830			9794	RESULT-ENCODAT-PISOS-SUSTANCIAS-ALCOHOL-12M-2016-ESCOLARIDAD-MEDIA-SUPERIOR-P
CALC-ENCODAT-PISOS-SUSTANCIAS-0001	ALCOHOL-12M	SALUD	2016	ESCOLARIDAD	SECUNDARIA	0.508542	0.495431	0.521908			14969	RESULT-ENCODAT-PISOS-SUSTANCIAS-ALCOHOL-12M-2016-ESCOLARIDAD-SECUNDARIA-P
CALC-ENCODAT-PISOS-SUSTANCIAS-0001	ALCOHOL-12M	SALUD	2016	ESCOLARIDAD	SUPERIOR	0.665054	0.640503	0.688338			6088	RESULT-ENCODAT-PISOS-SUSTANCIAS-ALCOHOL-12M-2016-ESCOLARIDAD-SUPERIOR-P
CALC-ENCODAT-PISOS-SUSTANCIAS-0001	ALCOHOL-12M	SALUD	2016	ESTRATO	METROPOLITANO	0.512956	0.500317	0.525283			28278	RESULT-ENCODAT-PISOS-SUSTANCIAS-ALCOHOL-12M-2016-ESTRATO-METROPOLITANO-P
CALC-ENCODAT-PISOS-SUSTANCIAS-0001	ALCOHOL-12M	SALUD	2016	ESTRATO	RURAL	0.392370	0.377126	0.407131			15783	RESULT-ENCODAT-PISOS-SUSTANCIAS-ALCOHOL-12M-2016-ESTRATO-RURAL-P
CALC-ENCODAT-PISOS-SUSTANCIAS-0001	ALCOHOL-12M	SALUD	2016	ESTRATO	URBANO	0.469481	0.456053	0.482541			12816	RESULT-ENCODAT-PISOS-SUSTANCIAS-ALCOHOL-12M-2016-ESTRATO-URBANO-P
CALC-ENCODAT-PISOS-SUSTANCIAS-0001	ALCOHOL-12M	SALUD	2016	SEXO	HOMBRE	0.585338	0.572895	0.597536			23820	RESULT-ENCODAT-PISOS-SUSTANCIAS-ALCOHOL-12M-2016-SEXO-HOMBRE-P
CALC-ENCODAT-PISOS-SUSTANCIAS-0001	ALCOHOL-12M	SALUD	2016	SEXO	MUJER	0.377615	0.367773	0.386992			33057	RESULT-ENCODAT-PISOS-SUSTANCIAS-ALCOHOL-12M-2016-SEXO-MUJER-P
CALC-ENCODAT-PISOS-SUSTANCIAS-0001	ALCOHOL-12M	SALUD	2016	TOTAL	TODOS	0.477914	0.469217	0.486487			56877	RESULT-ENCODAT-PISOS-SUSTANCIAS-ALCOHOL-12M-2016-TOTAL-TODOS-P
CALC-ENCODAT-PISOS-SUSTANCIAS-0001	ALCOHOL-30D	SALUD	2016	EDAD	12-17	0.132085	0.122084	0.142477			12436	RESULT-ENCODAT-PISOS-SUSTANCIAS-ALCOHOL-30D-2016-EDAD-12-17-P
CALC-ENCODAT-PISOS-SUSTANCIAS-0001	ALCOHOL-30D	SALUD	2016	EDAD	18-34	0.409219	0.396497	0.423308			17531	RESULT-ENCODAT-PISOS-SUSTANCIAS-ALCOHOL-30D-2016-EDAD-18-34-P
CALC-ENCODAT-PISOS-SUSTANCIAS-0001	ALCOHOL-30D	SALUD	2016	EDAD	35-65	0.307815	0.297403	0.318224			26910	RESULT-ENCODAT-PISOS-SUSTANCIAS-ALCOHOL-30D-2016-EDAD-35-65-P
CALC-ENCODAT-PISOS-SUSTANCIAS-0001	ALCOHOL-30D	SALUD	2016	ESCOLARIDAD	HASTA-PRIMARIA	0.260323	0.245963	0.275920			12033	RESULT-ENCODAT-PISOS-SUSTANCIAS-ALCOHOL-30D-2016-ESCOLARIDAD-HASTA-PRIMARIA-P
CALC-ENCODAT-PISOS-SUSTANCIAS-0001	ALCOHOL-30D	SALUD	2016	ESCOLARIDAD	MEDIA-SUPERIOR	0.402021	0.382382	0.421829			9794	RESULT-ENCODAT-PISOS-SUSTANCIAS-ALCOHOL-30D-2016-ESCOLARIDAD-MEDIA-SUPERIOR-P
CALC-ENCODAT-PISOS-SUSTANCIAS-0001	ALCOHOL-30D	SALUD	2016	ESCOLARIDAD	SECUNDARIA	0.339075	0.326557	0.351732			14969	RESULT-ENCODAT-PISOS-SUSTANCIAS-ALCOHOL-30D-2016-ESCOLARIDAD-SECUNDARIA-P
CALC-ENCODAT-PISOS-SUSTANCIAS-0001	ALCOHOL-30D	SALUD	2016	ESCOLARIDAD	SUPERIOR	0.469267	0.445193	0.493444			6088	RESULT-ENCODAT-PISOS-SUSTANCIAS-ALCOHOL-30D-2016-ESCOLARIDAD-SUPERIOR-P
CALC-ENCODAT-PISOS-SUSTANCIAS-0001	ALCOHOL-30D	SALUD	2016	ESTRATO	METROPOLITANO	0.350712	0.338837	0.362775			28278	RESULT-ENCODAT-PISOS-SUSTANCIAS-ALCOHOL-30D-2016-ESTRATO-METROPOLITANO-P
CALC-ENCODAT-PISOS-SUSTANCIAS-0001	ALCOHOL-30D	SALUD	2016	ESTRATO	RURAL	0.246217	0.233915	0.258880			15783	RESULT-ENCODAT-PISOS-SUSTANCIAS-ALCOHOL-30D-2016-ESTRATO-RURAL-P
CALC-ENCODAT-PISOS-SUSTANCIAS-0001	ALCOHOL-30D	SALUD	2016	ESTRATO	URBANO	0.304455	0.291018	0.317853			12816	RESULT-ENCODAT-PISOS-SUSTANCIAS-ALCOHOL-30D-2016-ESTRATO-URBANO-P
CALC-ENCODAT-PISOS-SUSTANCIAS-0001	ALCOHOL-30D	SALUD	2016	SEXO	HOMBRE	0.431550	0.419626	0.444674			23820	RESULT-ENCODAT-PISOS-SUSTANCIAS-ALCOHOL-30D-2016-SEXO-HOMBRE-P
CALC-ENCODAT-PISOS-SUSTANCIAS-0001	ALCOHOL-30D	SALUD	2016	SEXO	MUJER	0.213406	0.204518	0.222439			33057	RESULT-ENCODAT-PISOS-SUSTANCIAS-ALCOHOL-30D-2016-SEXO-MUJER-P
CALC-ENCODAT-PISOS-SUSTANCIAS-0001	ALCOHOL-30D	SALUD	2016	TOTAL	TODOS	0.318737	0.310845	0.326639			56877	RESULT-ENCODAT-PISOS-SUSTANCIAS-ALCOHOL-30D-2016-TOTAL-TODOS-P
CALC-ENCODAT-PISOS-SUSTANCIAS-0001	ALCOHOL-EXCESIVO-12M	SALUD	2016	EDAD	12-17	0.068476	0.060421	0.077209			11951	RESULT-ENCODAT-PISOS-SUSTANCIAS-ALCOHOL-EXCESIVO-12M-2016-EDAD-12-17-P
CALC-ENCODAT-PISOS-SUSTANCIAS-0001	ALCOHOL-EXCESIVO-12M	SALUD	2016	EDAD	18-34	0.312817	0.300822	0.325078			17180	RESULT-ENCODAT-PISOS-SUSTANCIAS-ALCOHOL-EXCESIVO-12M-2016-EDAD-18-34-P
CALC-ENCODAT-PISOS-SUSTANCIAS-0001	ALCOHOL-EXCESIVO-12M	SALUD	2016	EDAD	35-65	0.193497	0.183674	0.203866			26553	RESULT-ENCODAT-PISOS-SUSTANCIAS-ALCOHOL-EXCESIVO-12M-2016-EDAD-35-65-P
CALC-ENCODAT-PISOS-SUSTANCIAS-0001	ALCOHOL-EXCESIVO-12M	SALUD	2016	ESCOLARIDAD	HASTA-PRIMARIA	0.189978	0.176276	0.205185			11877	RESULT-ENCODAT-PISOS-SUSTANCIAS-ALCOHOL-EXCESIVO-12M-2016-ESCOLARIDAD-HASTA-PRIMARIA-P
CALC-ENCODAT-PISOS-SUSTANCIAS-0001	ALCOHOL-EXCESIVO-12M	SALUD	2016	ESCOLARIDAD	MEDIA-SUPERIOR	0.281322	0.264610	0.297759			9603	RESULT-ENCODAT-PISOS-SUSTANCIAS-ALCOHOL-EXCESIVO-12M-2016-ESCOLARIDAD-MEDIA-SUPERIOR-P
CALC-ENCODAT-PISOS-SUSTANCIAS-0001	ALCOHOL-EXCESIVO-12M	SALUD	2016	ESCOLARIDAD	SECUNDARIA	0.249227	0.237479	0.261059			14721	RESULT-ENCODAT-PISOS-SUSTANCIAS-ALCOHOL-EXCESIVO-12M-2016-ESCOLARIDAD-SECUNDARIA-P
CALC-ENCODAT-PISOS-SUSTANCIAS-0001	ALCOHOL-EXCESIVO-12M	SALUD	2016	ESCOLARIDAD	SUPERIOR	0.307487	0.286503	0.329524			5991	RESULT-ENCODAT-PISOS-SUSTANCIAS-ALCOHOL-EXCESIVO-12M-2016-ESCOLARIDAD-SUPERIOR-P
CALC-ENCODAT-PISOS-SUSTANCIAS-0001	ALCOHOL-EXCESIVO-12M	SALUD	2016	ESTRATO	METROPOLITANO	0.239839	0.229779	0.251088			27657	RESULT-ENCODAT-PISOS-SUSTANCIAS-ALCOHOL-EXCESIVO-12M-2016-ESTRATO-METROPOLITANO-P
CALC-ENCODAT-PISOS-SUSTANCIAS-0001	ALCOHOL-EXCESIVO-12M	SALUD	2016	ESTRATO	RURAL	0.171495	0.161139	0.182366			15473	RESULT-ENCODAT-PISOS-SUSTANCIAS-ALCOHOL-EXCESIVO-12M-2016-ESTRATO-RURAL-P
CALC-ENCODAT-PISOS-SUSTANCIAS-0001	ALCOHOL-EXCESIVO-12M	SALUD	2016	ESTRATO	URBANO	0.218616	0.207206	0.229559			12554	RESULT-ENCODAT-PISOS-SUSTANCIAS-ALCOHOL-EXCESIVO-12M-2016-ESTRATO-URBANO-P
CALC-ENCODAT-PISOS-SUSTANCIAS-0001	ALCOHOL-EXCESIVO-12M	SALUD	2016	SEXO	HOMBRE	0.321066	0.309707	0.332696			23317	RESULT-ENCODAT-PISOS-SUSTANCIAS-ALCOHOL-EXCESIVO-12M-2016-SEXO-HOMBRE-P
CALC-ENCODAT-PISOS-SUSTANCIAS-0001	ALCOHOL-EXCESIVO-12M	SALUD	2016	SEXO	MUJER	0.126592	0.119709	0.133652			32367	RESULT-ENCODAT-PISOS-SUSTANCIAS-ALCOHOL-EXCESIVO-12M-2016-SEXO-MUJER-P
CALC-ENCODAT-PISOS-SUSTANCIAS-0001	ALCOHOL-EXCESIVO-12M	SALUD	2016	TOTAL	TODOS	0.220612	0.213979	0.227807			55684	RESULT-ENCODAT-PISOS-SUSTANCIAS-ALCOHOL-EXCESIVO-12M-2016-TOTAL-TODOS-P
CALC-ENCODAT-PISOS-SUSTANCIAS-0001	CIGARRO-ELECTRONICO-ALGUNA-VEZ	SALUD	2016	EDAD	12-17	0.127061	0.110807	0.145730			5437	RESULT-ENCODAT-PISOS-SUSTANCIAS-CIGARRO-ELECTRONICO-ALGUNA-VEZ-2016-EDAD-12-17-P
CALC-ENCODAT-PISOS-SUSTANCIAS-0001	CIGARRO-ELECTRONICO-ALGUNA-VEZ	SALUD	2016	EDAD	18-34	0.175235	0.160231	0.190386			7092	RESULT-ENCODAT-PISOS-SUSTANCIAS-CIGARRO-ELECTRONICO-ALGUNA-VEZ-2016-EDAD-18-34-P
CALC-ENCODAT-PISOS-SUSTANCIAS-0001	CIGARRO-ELECTRONICO-ALGUNA-VEZ	SALUD	2016	EDAD	35-65	0.066322	0.055554	0.077188			7377	RESULT-ENCODAT-PISOS-SUSTANCIAS-CIGARRO-ELECTRONICO-ALGUNA-VEZ-2016-EDAD-35-65-P
CALC-ENCODAT-PISOS-SUSTANCIAS-0001	CIGARRO-ELECTRONICO-ALGUNA-VEZ	SALUD	2016	ESCOLARIDAD	HASTA-PRIMARIA	0.059977	0.044856	0.077427			1911	RESULT-ENCODAT-PISOS-SUSTANCIAS-CIGARRO-ELECTRONICO-ALGUNA-VEZ-2016-ESCOLARIDAD-HASTA-PRIMARIA-P
CALC-ENCODAT-PISOS-SUSTANCIAS-0001	CIGARRO-ELECTRONICO-ALGUNA-VEZ	SALUD	2016	ESCOLARIDAD	MEDIA-SUPERIOR	0.151059	0.133322	0.168923			4547	RESULT-ENCODAT-PISOS-SUSTANCIAS-CIGARRO-ELECTRONICO-ALGUNA-VEZ-2016-ESCOLARIDAD-MEDIA-SUPERIOR-P
CALC-ENCODAT-PISOS-SUSTANCIAS-0001	CIGARRO-ELECTRONICO-ALGUNA-VEZ	SALUD	2016	ESCOLARIDAD	SECUNDARIA	0.108303	0.093689	0.123458			4438	RESULT-ENCODAT-PISOS-SUSTANCIAS-CIGARRO-ELECTRONICO-ALGUNA-VEZ-2016-ESCOLARIDAD-SECUNDARIA-P
CALC-ENCODAT-PISOS-SUSTANCIAS-0001	CIGARRO-ELECTRONICO-ALGUNA-VEZ	SALUD	2016	ESCOLARIDAD	SUPERIOR	0.153335	0.132319	0.174873			3446	RESULT-ENCODAT-PISOS-SUSTANCIAS-CIGARRO-ELECTRONICO-ALGUNA-VEZ-2016-ESCOLARIDAD-SUPERIOR-P
CALC-ENCODAT-PISOS-SUSTANCIAS-0001	CIGARRO-ELECTRONICO-ALGUNA-VEZ	SALUD	2016	ESTRATO	METROPOLITANO	0.136589	0.126043	0.147332			12865	RESULT-ENCODAT-PISOS-SUSTANCIAS-CIGARRO-ELECTRONICO-ALGUNA-VEZ-2016-ESTRATO-METROPOLITANO-P
CALC-ENCODAT-PISOS-SUSTANCIAS-0001	CIGARRO-ELECTRONICO-ALGUNA-VEZ	SALUD	2016	ESTRATO	RURAL	0.103321	0.082280	0.128476			2993	RESULT-ENCODAT-PISOS-SUSTANCIAS-CIGARRO-ELECTRONICO-ALGUNA-VEZ-2016-ESTRATO-RURAL-P
CALC-ENCODAT-PISOS-SUSTANCIAS-0001	CIGARRO-ELECTRONICO-ALGUNA-VEZ	SALUD	2016	ESTRATO	URBANO	0.113652	0.098420	0.129304			4048	RESULT-ENCODAT-PISOS-SUSTANCIAS-CIGARRO-ELECTRONICO-ALGUNA-VEZ-2016-ESTRATO-URBANO-P
CALC-ENCODAT-PISOS-SUSTANCIAS-0001	CIGARRO-ELECTRONICO-ALGUNA-VEZ	SALUD	2016	SEXO	HOMBRE	0.154543	0.142047	0.168351			10058	RESULT-ENCODAT-PISOS-SUSTANCIAS-CIGARRO-ELECTRONICO-ALGUNA-VEZ-2016-SEXO-HOMBRE-P
CALC-ENCODAT-PISOS-SUSTANCIAS-0001	CIGARRO-ELECTRONICO-ALGUNA-VEZ	SALUD	2016	SEXO	MUJER	0.097594	0.087111	0.108454			9848	RESULT-ENCODAT-PISOS-SUSTANCIAS-CIGARRO-ELECTRONICO-ALGUNA-VEZ-2016-SEXO-MUJER-P
CALC-ENCODAT-PISOS-SUSTANCIAS-0001	CIGARRO-ELECTRONICO-ALGUNA-VEZ	SALUD	2016	TOTAL	TODOS	0.129016	0.120393	0.137580			19906	RESULT-ENCODAT-PISOS-SUSTANCIAS-CIGARRO-ELECTRONICO-ALGUNA-VEZ-2016-TOTAL-TODOS-P
CALC-ENCODAT-PISOS-SUSTANCIAS-0001	CONSULTO-PROFESIONAL-POR-CONSUMO	SALUD	2016	EDAD	12-17	0.045946	0.032615	0.060209			1576	RESULT-ENCODAT-PISOS-SUSTANCIAS-CONSULTO-PROFESIONAL-POR-CONSUMO-2016-EDAD-12-17-P
CALC-ENCODAT-PISOS-SUSTANCIAS-0001	CONSULTO-PROFESIONAL-POR-CONSUMO	SALUD	2016	EDAD	18-34	0.034330	0.027674	0.041364			7248	RESULT-ENCODAT-PISOS-SUSTANCIAS-CONSULTO-PROFESIONAL-POR-CONSUMO-2016-EDAD-18-34-P
CALC-ENCODAT-PISOS-SUSTANCIAS-0001	CONSULTO-PROFESIONAL-POR-CONSUMO	SALUD	2016	EDAD	35-65	0.043093	0.036726	0.049966			8930	RESULT-ENCODAT-PISOS-SUSTANCIAS-CONSULTO-PROFESIONAL-POR-CONSUMO-2016-EDAD-35-65-P
CALC-ENCODAT-PISOS-SUSTANCIAS-0001	CONSULTO-PROFESIONAL-POR-CONSUMO	SALUD	2016	ESCOLARIDAD	HASTA-PRIMARIA	0.053651	0.037416	0.070798			3674	RESULT-ENCODAT-PISOS-SUSTANCIAS-CONSULTO-PROFESIONAL-POR-CONSUMO-2016-ESCOLARIDAD-HASTA-PRIMARIA-P
CALC-ENCODAT-PISOS-SUSTANCIAS-0001	CONSULTO-PROFESIONAL-POR-CONSUMO	SALUD	2016	ESCOLARIDAD	MEDIA-SUPERIOR	0.037980	0.029560	0.047030			3916	RESULT-ENCODAT-PISOS-SUSTANCIAS-CONSULTO-PROFESIONAL-POR-CONSUMO-2016-ESCOLARIDAD-MEDIA-SUPERIOR-P
CALC-ENCODAT-PISOS-SUSTANCIAS-0001	CONSULTO-PROFESIONAL-POR-CONSUMO	SALUD	2016	ESCOLARIDAD	SECUNDARIA	0.038688	0.031992	0.045947			5512	RESULT-ENCODAT-PISOS-SUSTANCIAS-CONSULTO-PROFESIONAL-POR-CONSUMO-2016-ESCOLARIDAD-SECUNDARIA-P
CALC-ENCODAT-PISOS-SUSTANCIAS-0001	CONSULTO-PROFESIONAL-POR-CONSUMO	SALUD	2016	ESCOLARIDAD	SUPERIOR	0.021393	0.014510	0.030337			2649	RESULT-ENCODAT-PISOS-SUSTANCIAS-CONSULTO-PROFESIONAL-POR-CONSUMO-2016-ESCOLARIDAD-SUPERIOR-P
CALC-ENCODAT-PISOS-SUSTANCIAS-0001	CONSULTO-PROFESIONAL-POR-CONSUMO	SALUD	2016	ESTRATO	METROPOLITANO	0.038412	0.032506	0.045114			9652	RESULT-ENCODAT-PISOS-SUSTANCIAS-CONSULTO-PROFESIONAL-POR-CONSUMO-2016-ESTRATO-METROPOLITANO-P
CALC-ENCODAT-PISOS-SUSTANCIAS-0001	CONSULTO-PROFESIONAL-POR-CONSUMO	SALUD	2016	ESTRATO	RURAL	0.034782	0.027856	0.042679			4059	RESULT-ENCODAT-PISOS-SUSTANCIAS-CONSULTO-PROFESIONAL-POR-CONSUMO-2016-ESTRATO-RURAL-P
CALC-ENCODAT-PISOS-SUSTANCIAS-0001	CONSULTO-PROFESIONAL-POR-CONSUMO	SALUD	2016	ESTRATO	URBANO	0.044334	0.035223	0.054373			4043	RESULT-ENCODAT-PISOS-SUSTANCIAS-CONSULTO-PROFESIONAL-POR-CONSUMO-2016-ESTRATO-URBANO-P
CALC-ENCODAT-PISOS-SUSTANCIAS-0001	CONSULTO-PROFESIONAL-POR-CONSUMO	SALUD	2016	SEXO	HOMBRE	0.044969	0.039084	0.051365			11420	RESULT-ENCODAT-PISOS-SUSTANCIAS-CONSULTO-PROFESIONAL-POR-CONSUMO-2016-SEXO-HOMBRE-P
CALC-ENCODAT-PISOS-SUSTANCIAS-0001	CONSULTO-PROFESIONAL-POR-CONSUMO	SALUD	2016	SEXO	MUJER	0.025243	0.020004	0.031219			6334	RESULT-ENCODAT-PISOS-SUSTANCIAS-CONSULTO-PROFESIONAL-POR-CONSUMO-2016-SEXO-MUJER-P
CALC-ENCODAT-PISOS-SUSTANCIAS-0001	CONSULTO-PROFESIONAL-POR-CONSUMO	SALUD	2016	TOTAL	TODOS	0.038819	0.034531	0.043555			17754	RESULT-ENCODAT-PISOS-SUSTANCIAS-CONSULTO-PROFESIONAL-POR-CONSUMO-2016-TOTAL-TODOS-P
CALC-ENCODAT-PISOS-SUSTANCIAS-0001	DROGA-ILEGAL-ALGUNA-VEZ	SALUD	2016	EDAD	12-17	0.065692	0.056976	0.076091			12160	RESULT-ENCODAT-PISOS-SUSTANCIAS-DROGA-ILEGAL-ALGUNA-VEZ-2016-EDAD-12-17-P
CALC-ENCODAT-PISOS-SUSTANCIAS-0001	DROGA-ILEGAL-ALGUNA-VEZ	SALUD	2016	EDAD	18-34	0.147136	0.137513	0.157123			17413	RESULT-ENCODAT-PISOS-SUSTANCIAS-DROGA-ILEGAL-ALGUNA-VEZ-2016-EDAD-18-34-P
CALC-ENCODAT-PISOS-SUSTANCIAS-0001	DROGA-ILEGAL-ALGUNA-VEZ	SALUD	2016	EDAD	35-65	0.073306	0.067539	0.079522			26812	RESULT-ENCODAT-PISOS-SUSTANCIAS-DROGA-ILEGAL-ALGUNA-VEZ-2016-EDAD-35-65-P
CALC-ENCODAT-PISOS-SUSTANCIAS-0001	DROGA-ILEGAL-ALGUNA-VEZ	SALUD	2016	ESCOLARIDAD	HASTA-PRIMARIA	0.086504	0.076245	0.097491			11993	RESULT-ENCODAT-PISOS-SUSTANCIAS-DROGA-ILEGAL-ALGUNA-VEZ-2016-ESCOLARIDAD-HASTA-PRIMARIA-P
CALC-ENCODAT-PISOS-SUSTANCIAS-0001	DROGA-ILEGAL-ALGUNA-VEZ	SALUD	2016	ESCOLARIDAD	MEDIA-SUPERIOR	0.118586	0.107885	0.129944			9737	RESULT-ENCODAT-PISOS-SUSTANCIAS-DROGA-ILEGAL-ALGUNA-VEZ-2016-ESCOLARIDAD-MEDIA-SUPERIOR-P
CALC-ENCODAT-PISOS-SUSTANCIAS-0001	DROGA-ILEGAL-ALGUNA-VEZ	SALUD	2016	ESCOLARIDAD	SECUNDARIA	0.115099	0.105507	0.125514			14885	RESULT-ENCODAT-PISOS-SUSTANCIAS-DROGA-ILEGAL-ALGUNA-VEZ-2016-ESCOLARIDAD-SECUNDARIA-P
CALC-ENCODAT-PISOS-SUSTANCIAS-0001	DROGA-ILEGAL-ALGUNA-VEZ	SALUD	2016	ESCOLARIDAD	SUPERIOR	0.122343	0.107114	0.137610			6062	RESULT-ENCODAT-PISOS-SUSTANCIAS-DROGA-ILEGAL-ALGUNA-VEZ-2016-ESCOLARIDAD-SUPERIOR-P
CALC-ENCODAT-PISOS-SUSTANCIAS-0001	DROGA-ILEGAL-ALGUNA-VEZ	SALUD	2016	ESTRATO	METROPOLITANO	0.119109	0.111556	0.126743			28078	RESULT-ENCODAT-PISOS-SUSTANCIAS-DROGA-ILEGAL-ALGUNA-VEZ-2016-ESTRATO-METROPOLITANO-P
CALC-ENCODAT-PISOS-SUSTANCIAS-0001	DROGA-ILEGAL-ALGUNA-VEZ	SALUD	2016	ESTRATO	RURAL	0.067021	0.060734	0.073891			15606	RESULT-ENCODAT-PISOS-SUSTANCIAS-DROGA-ILEGAL-ALGUNA-VEZ-2016-ESTRATO-RURAL-P
CALC-ENCODAT-PISOS-SUSTANCIAS-0001	DROGA-ILEGAL-ALGUNA-VEZ	SALUD	2016	ESTRATO	URBANO	0.087119	0.079240	0.094361			12701	RESULT-ENCODAT-PISOS-SUSTANCIAS-DROGA-ILEGAL-ALGUNA-VEZ-2016-ESTRATO-URBANO-P
CALC-ENCODAT-PISOS-SUSTANCIAS-0001	DROGA-ILEGAL-ALGUNA-VEZ	SALUD	2016	SEXO	HOMBRE	0.162187	0.153788	0.171259			23581	RESULT-ENCODAT-PISOS-SUSTANCIAS-DROGA-ILEGAL-ALGUNA-VEZ-2016-SEXO-HOMBRE-P
CALC-ENCODAT-PISOS-SUSTANCIAS-0001	DROGA-ILEGAL-ALGUNA-VEZ	SALUD	2016	SEXO	MUJER	0.044938	0.040746	0.049348			32804	RESULT-ENCODAT-PISOS-SUSTANCIAS-DROGA-ILEGAL-ALGUNA-VEZ-2016-SEXO-MUJER-P
CALC-ENCODAT-PISOS-SUSTANCIAS-0001	DROGA-ILEGAL-ALGUNA-VEZ	SALUD	2016	TOTAL	TODOS	0.101547	0.096758	0.106496			56385	RESULT-ENCODAT-PISOS-SUSTANCIAS-DROGA-ILEGAL-ALGUNA-VEZ-2016-TOTAL-TODOS-P
CALC-ENCODAT-PISOS-SUSTANCIAS-0001	DROGA-MEDICA-SIN-RECETA-ALGUNA-VEZ	SALUD	2016	EDAD	12-17	0.029676	0.024397	0.035990			11154	RESULT-ENCODAT-PISOS-SUSTANCIAS-DROGA-MEDICA-SIN-RECETA-ALGUNA-VEZ-2016-EDAD-12-17-P
CALC-ENCODAT-PISOS-SUSTANCIAS-0001	DROGA-MEDICA-SIN-RECETA-ALGUNA-VEZ	SALUD	2016	EDAD	18-34	0.066583	0.059457	0.074261			16856	RESULT-ENCODAT-PISOS-SUSTANCIAS-DROGA-MEDICA-SIN-RECETA-ALGUNA-VEZ-2016-EDAD-18-34-P
CALC-ENCODAT-PISOS-SUSTANCIAS-0001	DROGA-MEDICA-SIN-RECETA-ALGUNA-VEZ	SALUD	2016	EDAD	35-65	0.083729	0.077478	0.090363			26518	RESULT-ENCODAT-PISOS-SUSTANCIAS-DROGA-MEDICA-SIN-RECETA-ALGUNA-VEZ-2016-EDAD-35-65-P
CALC-ENCODAT-PISOS-SUSTANCIAS-0001	DROGA-MEDICA-SIN-RECETA-ALGUNA-VEZ	SALUD	2016	ESCOLARIDAD	HASTA-PRIMARIA	0.067701	0.060076	0.075979			11877	RESULT-ENCODAT-PISOS-SUSTANCIAS-DROGA-MEDICA-SIN-RECETA-ALGUNA-VEZ-2016-ESCOLARIDAD-HASTA-PRIMARIA-P
CALC-ENCODAT-PISOS-SUSTANCIAS-0001	DROGA-MEDICA-SIN-RECETA-ALGUNA-VEZ	SALUD	2016	ESCOLARIDAD	MEDIA-SUPERIOR	0.082275	0.071429	0.093564			9469	RESULT-ENCODAT-PISOS-SUSTANCIAS-DROGA-MEDICA-SIN-RECETA-ALGUNA-VEZ-2016-ESCOLARIDAD-MEDIA-SUPERIOR-P
CALC-ENCODAT-PISOS-SUSTANCIAS-0001	DROGA-MEDICA-SIN-RECETA-ALGUNA-VEZ	SALUD	2016	ESCOLARIDAD	SECUNDARIA	0.067384	0.060424	0.075643			14565	RESULT-ENCODAT-PISOS-SUSTANCIAS-DROGA-MEDICA-SIN-RECETA-ALGUNA-VEZ-2016-ESCOLARIDAD-SECUNDARIA-P
CALC-ENCODAT-PISOS-SUSTANCIAS-0001	DROGA-MEDICA-SIN-RECETA-ALGUNA-VEZ	SALUD	2016	ESCOLARIDAD	SUPERIOR	0.095273	0.084008	0.107589			5926	RESULT-ENCODAT-PISOS-SUSTANCIAS-DROGA-MEDICA-SIN-RECETA-ALGUNA-VEZ-2016-ESCOLARIDAD-SUPERIOR-P
CALC-ENCODAT-PISOS-SUSTANCIAS-0001	DROGA-MEDICA-SIN-RECETA-ALGUNA-VEZ	SALUD	2016	ESTRATO	METROPOLITANO	0.078639	0.072740	0.084750			27187	RESULT-ENCODAT-PISOS-SUSTANCIAS-DROGA-MEDICA-SIN-RECETA-ALGUNA-VEZ-2016-ESTRATO-METROPOLITANO-P
CALC-ENCODAT-PISOS-SUSTANCIAS-0001	DROGA-MEDICA-SIN-RECETA-ALGUNA-VEZ	SALUD	2016	ESTRATO	RURAL	0.042404	0.037618	0.047649			15060	RESULT-ENCODAT-PISOS-SUSTANCIAS-DROGA-MEDICA-SIN-RECETA-ALGUNA-VEZ-2016-ESTRATO-RURAL-P
CALC-ENCODAT-PISOS-SUSTANCIAS-0001	DROGA-MEDICA-SIN-RECETA-ALGUNA-VEZ	SALUD	2016	ESTRATO	URBANO	0.066450	0.059131	0.073606			12281	RESULT-ENCODAT-PISOS-SUSTANCIAS-DROGA-MEDICA-SIN-RECETA-ALGUNA-VEZ-2016-ESTRATO-URBANO-P
CALC-ENCODAT-PISOS-SUSTANCIAS-0001	DROGA-MEDICA-SIN-RECETA-ALGUNA-VEZ	SALUD	2016	SEXO	HOMBRE	0.063849	0.058775	0.069265			22692	RESULT-ENCODAT-PISOS-SUSTANCIAS-DROGA-MEDICA-SIN-RECETA-ALGUNA-VEZ-2016-SEXO-HOMBRE-P
CALC-ENCODAT-PISOS-SUSTANCIAS-0001	DROGA-MEDICA-SIN-RECETA-ALGUNA-VEZ	SALUD	2016	SEXO	MUJER	0.072539	0.066741	0.078259			31836	RESULT-ENCODAT-PISOS-SUSTANCIAS-DROGA-MEDICA-SIN-RECETA-ALGUNA-VEZ-2016-SEXO-MUJER-P
CALC-ENCODAT-PISOS-SUSTANCIAS-0001	DROGA-MEDICA-SIN-RECETA-ALGUNA-VEZ	SALUD	2016	TOTAL	TODOS	0.068351	0.064347	0.072400			54528	RESULT-ENCODAT-PISOS-SUSTANCIAS-DROGA-MEDICA-SIN-RECETA-ALGUNA-VEZ-2016-TOTAL-TODOS-P
CALC-ENCODAT-PISOS-SUSTANCIAS-0001	FUMA-ACTUAL	SALUD	2016	EDAD	12-17	0.048871	0.043387	0.054975			12121	RESULT-ENCODAT-PISOS-SUSTANCIAS-FUMA-ACTUAL-2016-EDAD-12-17-P
CALC-ENCODAT-PISOS-SUSTANCIAS-0001	FUMA-ACTUAL	SALUD	2016	EDAD	18-34	0.226494	0.215553	0.237884			17483	RESULT-ENCODAT-PISOS-SUSTANCIAS-FUMA-ACTUAL-2016-EDAD-18-34-P
CALC-ENCODAT-PISOS-SUSTANCIAS-0001	FUMA-ACTUAL	SALUD	2016	EDAD	35-65	0.177285	0.167279	0.186855			26859	RESULT-ENCODAT-PISOS-SUSTANCIAS-FUMA-ACTUAL-2016-EDAD-35-65-P
CALC-ENCODAT-PISOS-SUSTANCIAS-0001	FUMA-ACTUAL	SALUD	2016	ESCOLARIDAD	HASTA-PRIMARIA	0.164443	0.153031	0.175701			12007	RESULT-ENCODAT-PISOS-SUSTANCIAS-FUMA-ACTUAL-2016-ESCOLARIDAD-HASTA-PRIMARIA-P
CALC-ENCODAT-PISOS-SUSTANCIAS-0001	FUMA-ACTUAL	SALUD	2016	ESCOLARIDAD	MEDIA-SUPERIOR	0.218194	0.203345	0.232572			9765	RESULT-ENCODAT-PISOS-SUSTANCIAS-FUMA-ACTUAL-2016-ESCOLARIDAD-MEDIA-SUPERIOR-P
CALC-ENCODAT-PISOS-SUSTANCIAS-0001	FUMA-ACTUAL	SALUD	2016	ESCOLARIDAD	SECUNDARIA	0.211171	0.199347	0.223060			14939	RESULT-ENCODAT-PISOS-SUSTANCIAS-FUMA-ACTUAL-2016-ESCOLARIDAD-SECUNDARIA-P
CALC-ENCODAT-PISOS-SUSTANCIAS-0001	FUMA-ACTUAL	SALUD	2016	ESCOLARIDAD	SUPERIOR	0.213388	0.192248	0.234876			6078	RESULT-ENCODAT-PISOS-SUSTANCIAS-FUMA-ACTUAL-2016-ESCOLARIDAD-SUPERIOR-P
CALC-ENCODAT-PISOS-SUSTANCIAS-0001	FUMA-ACTUAL	SALUD	2016	ESTRATO	METROPOLITANO	0.208713	0.198210	0.218850			28099	RESULT-ENCODAT-PISOS-SUSTANCIAS-FUMA-ACTUAL-2016-ESTRATO-METROPOLITANO-P
CALC-ENCODAT-PISOS-SUSTANCIAS-0001	FUMA-ACTUAL	SALUD	2016	ESTRATO	RURAL	0.116371	0.107020	0.125675			15629	RESULT-ENCODAT-PISOS-SUSTANCIAS-FUMA-ACTUAL-2016-ESTRATO-RURAL-P
CALC-ENCODAT-PISOS-SUSTANCIAS-0001	FUMA-ACTUAL	SALUD	2016	ESTRATO	URBANO	0.142421	0.132797	0.152091			12735	RESULT-ENCODAT-PISOS-SUSTANCIAS-FUMA-ACTUAL-2016-ESTRATO-URBANO-P
CALC-ENCODAT-PISOS-SUSTANCIAS-0001	FUMA-ACTUAL	SALUD	2016	SEXO	HOMBRE	0.270652	0.259412	0.281335			23643	RESULT-ENCODAT-PISOS-SUSTANCIAS-FUMA-ACTUAL-2016-SEXO-HOMBRE-P
CALC-ENCODAT-PISOS-SUSTANCIAS-0001	FUMA-ACTUAL	SALUD	2016	SEXO	MUJER	0.087075	0.081384	0.092710			32820	RESULT-ENCODAT-PISOS-SUSTANCIAS-FUMA-ACTUAL-2016-SEXO-MUJER-P
CALC-ENCODAT-PISOS-SUSTANCIAS-0001	FUMA-ACTUAL	SALUD	2016	TOTAL	TODOS	0.175734	0.168859	0.182457			56463	RESULT-ENCODAT-PISOS-SUSTANCIAS-FUMA-ACTUAL-2016-TOTAL-TODOS-P
CALC-ENCODAT-PISOS-SUSTANCIAS-0001	MARIGUANA-ALGUNA-VEZ	SALUD	2016	EDAD	12-17	0.054958	0.047800	0.062539			12333	RESULT-ENCODAT-PISOS-SUSTANCIAS-MARIGUANA-ALGUNA-VEZ-2016-EDAD-12-17-P
CALC-ENCODAT-PISOS-SUSTANCIAS-0001	MARIGUANA-ALGUNA-VEZ	SALUD	2016	EDAD	18-34	0.129199	0.120105	0.138074			17457	RESULT-ENCODAT-PISOS-SUSTANCIAS-MARIGUANA-ALGUNA-VEZ-2016-EDAD-18-34-P
CALC-ENCODAT-PISOS-SUSTANCIAS-0001	MARIGUANA-ALGUNA-VEZ	SALUD	2016	EDAD	35-65	0.063611	0.058172	0.069847			26844	RESULT-ENCODAT-PISOS-SUSTANCIAS-MARIGUANA-ALGUNA-VEZ-2016-EDAD-35-65-P
CALC-ENCODAT-PISOS-SUSTANCIAS-0001	MARIGUANA-ALGUNA-VEZ	SALUD	2016	ESCOLARIDAD	HASTA-PRIMARIA	0.071259	0.062436	0.080299			12009	RESULT-ENCODAT-PISOS-SUSTANCIAS-MARIGUANA-ALGUNA-VEZ-2016-ESCOLARIDAD-HASTA-PRIMARIA-P
CALC-ENCODAT-PISOS-SUSTANCIAS-0001	MARIGUANA-ALGUNA-VEZ	SALUD	2016	ESCOLARIDAD	MEDIA-SUPERIOR	0.104654	0.094098	0.115308			9759	RESULT-ENCODAT-PISOS-SUSTANCIAS-MARIGUANA-ALGUNA-VEZ-2016-ESCOLARIDAD-MEDIA-SUPERIOR-P
CALC-ENCODAT-PISOS-SUSTANCIAS-0001	MARIGUANA-ALGUNA-VEZ	SALUD	2016	ESCOLARIDAD	SECUNDARIA	0.100104	0.090936	0.109460			14908	RESULT-ENCODAT-PISOS-SUSTANCIAS-MARIGUANA-ALGUNA-VEZ-2016-ESCOLARIDAD-SECUNDARIA-P
CALC-ENCODAT-PISOS-SUSTANCIAS-0001	MARIGUANA-ALGUNA-VEZ	SALUD	2016	ESCOLARIDAD	SUPERIOR	0.112496	0.097666	0.126900			6072	RESULT-ENCODAT-PISOS-SUSTANCIAS-MARIGUANA-ALGUNA-VEZ-2016-ESCOLARIDAD-SUPERIOR-P
CALC-ENCODAT-PISOS-SUSTANCIAS-0001	MARIGUANA-ALGUNA-VEZ	SALUD	2016	ESTRATO	METROPOLITANO	0.105446	0.098324	0.112379			28176	RESULT-ENCODAT-PISOS-SUSTANCIAS-MARIGUANA-ALGUNA-VEZ-2016-ESTRATO-METROPOLITANO-P
CALC-ENCODAT-PISOS-SUSTANCIAS-0001	MARIGUANA-ALGUNA-VEZ	SALUD	2016	ESTRATO	RURAL	0.054245	0.048871	0.059664			15695	RESULT-ENCODAT-PISOS-SUSTANCIAS-MARIGUANA-ALGUNA-VEZ-2016-ESTRATO-RURAL-P
CALC-ENCODAT-PISOS-SUSTANCIAS-0001	MARIGUANA-ALGUNA-VEZ	SALUD	2016	ESTRATO	URBANO	0.074977	0.067747	0.081674			12763	RESULT-ENCODAT-PISOS-SUSTANCIAS-MARIGUANA-ALGUNA-VEZ-2016-ESTRATO-URBANO-P
CALC-ENCODAT-PISOS-SUSTANCIAS-0001	MARIGUANA-ALGUNA-VEZ	SALUD	2016	SEXO	HOMBRE	0.142029	0.133859	0.150385			23707	RESULT-ENCODAT-PISOS-SUSTANCIAS-MARIGUANA-ALGUNA-VEZ-2016-SEXO-HOMBRE-P
CALC-ENCODAT-PISOS-SUSTANCIAS-0001	MARIGUANA-ALGUNA-VEZ	SALUD	2016	SEXO	MUJER	0.038186	0.034359	0.042299			32927	RESULT-ENCODAT-PISOS-SUSTANCIAS-MARIGUANA-ALGUNA-VEZ-2016-SEXO-MUJER-P
CALC-ENCODAT-PISOS-SUSTANCIAS-0001	MARIGUANA-ALGUNA-VEZ	SALUD	2016	TOTAL	TODOS	0.088341	0.083716	0.093010			56634	RESULT-ENCODAT-PISOS-SUSTANCIAS-MARIGUANA-ALGUNA-VEZ-2016-TOTAL-TODOS-P
CALC-ENCODAT-PISOS-SUSTANCIAS-0001	OPIACEOS-SIN-RECETA-ALGUNA-VEZ	SALUD	2016	EDAD	12-17	0.012947	0.009917	0.016772			11336	RESULT-ENCODAT-PISOS-SUSTANCIAS-OPIACEOS-SIN-RECETA-ALGUNA-VEZ-2016-EDAD-12-17-P
CALC-ENCODAT-PISOS-SUSTANCIAS-0001	OPIACEOS-SIN-RECETA-ALGUNA-VEZ	SALUD	2016	EDAD	18-34	0.020667	0.016879	0.025041			16935	RESULT-ENCODAT-PISOS-SUSTANCIAS-OPIACEOS-SIN-RECETA-ALGUNA-VEZ-2016-EDAD-18-34-P
CALC-ENCODAT-PISOS-SUSTANCIAS-0001	OPIACEOS-SIN-RECETA-ALGUNA-VEZ	SALUD	2016	EDAD	35-65	0.022508	0.019245	0.026539			26564	RESULT-ENCODAT-PISOS-SUSTANCIAS-OPIACEOS-SIN-RECETA-ALGUNA-VEZ-2016-EDAD-35-65-P
CALC-ENCODAT-PISOS-SUSTANCIAS-0001	OPIACEOS-SIN-RECETA-ALGUNA-VEZ	SALUD	2016	ESCOLARIDAD	HASTA-PRIMARIA	0.019217	0.015132	0.023831			11894	RESULT-ENCODAT-PISOS-SUSTANCIAS-OPIACEOS-SIN-RECETA-ALGUNA-VEZ-2016-ESCOLARIDAD-HASTA-PRIMARIA-P
CALC-ENCODAT-PISOS-SUSTANCIAS-0001	OPIACEOS-SIN-RECETA-ALGUNA-VEZ	SALUD	2016	ESCOLARIDAD	MEDIA-SUPERIOR	0.023329	0.017948	0.029645			9506	RESULT-ENCODAT-PISOS-SUSTANCIAS-OPIACEOS-SIN-RECETA-ALGUNA-VEZ-2016-ESCOLARIDAD-MEDIA-SUPERIOR-P
CALC-ENCODAT-PISOS-SUSTANCIAS-0001	OPIACEOS-SIN-RECETA-ALGUNA-VEZ	SALUD	2016	ESCOLARIDAD	SECUNDARIA	0.017779	0.013281	0.023658			14622	RESULT-ENCODAT-PISOS-SUSTANCIAS-OPIACEOS-SIN-RECETA-ALGUNA-VEZ-2016-ESCOLARIDAD-SECUNDARIA-P
CALC-ENCODAT-PISOS-SUSTANCIAS-0001	OPIACEOS-SIN-RECETA-ALGUNA-VEZ	SALUD	2016	ESCOLARIDAD	SUPERIOR	0.030925	0.024194	0.038284			5938	RESULT-ENCODAT-PISOS-SUSTANCIAS-OPIACEOS-SIN-RECETA-ALGUNA-VEZ-2016-ESCOLARIDAD-SUPERIOR-P
CALC-ENCODAT-PISOS-SUSTANCIAS-0001	OPIACEOS-SIN-RECETA-ALGUNA-VEZ	SALUD	2016	ESTRATO	METROPOLITANO	0.023666	0.020240	0.027558			27305	RESULT-ENCODAT-PISOS-SUSTANCIAS-OPIACEOS-SIN-RECETA-ALGUNA-VEZ-2016-ESTRATO-METROPOLITANO-P
CALC-ENCODAT-PISOS-SUSTANCIAS-0001	OPIACEOS-SIN-RECETA-ALGUNA-VEZ	SALUD	2016	ESTRATO	RURAL	0.014004	0.011268	0.017148			15171	RESULT-ENCODAT-PISOS-SUSTANCIAS-OPIACEOS-SIN-RECETA-ALGUNA-VEZ-2016-ESTRATO-RURAL-P
CALC-ENCODAT-PISOS-SUSTANCIAS-0001	OPIACEOS-SIN-RECETA-ALGUNA-VEZ	SALUD	2016	ESTRATO	URBANO	0.016851	0.013700	0.020518			12359	RESULT-ENCODAT-PISOS-SUSTANCIAS-OPIACEOS-SIN-RECETA-ALGUNA-VEZ-2016-ESTRATO-URBANO-P
CALC-ENCODAT-PISOS-SUSTANCIAS-0001	OPIACEOS-SIN-RECETA-ALGUNA-VEZ	SALUD	2016	SEXO	HOMBRE	0.019285	0.016582	0.022321			22847	RESULT-ENCODAT-PISOS-SUSTANCIAS-OPIACEOS-SIN-RECETA-ALGUNA-VEZ-2016-SEXO-HOMBRE-P
CALC-ENCODAT-PISOS-SUSTANCIAS-0001	OPIACEOS-SIN-RECETA-ALGUNA-VEZ	SALUD	2016	SEXO	MUJER	0.021152	0.017666	0.024937			31988	RESULT-ENCODAT-PISOS-SUSTANCIAS-OPIACEOS-SIN-RECETA-ALGUNA-VEZ-2016-SEXO-MUJER-P
CALC-ENCODAT-PISOS-SUSTANCIAS-0001	OPIACEOS-SIN-RECETA-ALGUNA-VEZ	SALUD	2016	TOTAL	TODOS	0.020252	0.018013	0.022701			54835	RESULT-ENCODAT-PISOS-SUSTANCIAS-OPIACEOS-SIN-RECETA-ALGUNA-VEZ-2016-TOTAL-TODOS-P
CALC-ENSANUT-PISOS-SALUD-0001	ALCOHOL-12M	SALUD	2021	EDAD	20-39	0.611285	0.593201	0.629520			5472	RESULT-ENSANUT-PISOS-SALUD-ALCOHOL-12M-2021-EDAD-20-39-P
CALC-ENSANUT-PISOS-SALUD-0001	ALCOHOL-12M	SALUD	2022	EDAD	20-39	0.653948	0.636230	0.670669			4566	RESULT-ENSANUT-PISOS-SALUD-ALCOHOL-12M-2022-EDAD-20-39-P
CALC-ENSANUT-PISOS-SALUD-0001	ALCOHOL-12M	SALUD	2023	EDAD	20-39	0.644198	0.620245	0.667922			2586	RESULT-ENSANUT-PISOS-SALUD-ALCOHOL-12M-2023-EDAD-20-39-P
CALC-ENSANUT-PISOS-SALUD-0001	ALCOHOL-12M	SALUD	2024	EDAD	20-39	0.671156	0.649314	0.691825	0.603782	0.732155	4941	RESULT-ENSANUT-PISOS-SALUD-ALCOHOL-12M-2024-EDAD-20-39-P
CALC-ENSANUT-PISOS-SALUD-0001	ALCOHOL-12M	SALUD	2021	EDAD	40-59	0.501806	0.483423	0.520583			4996	RESULT-ENSANUT-PISOS-SALUD-ALCOHOL-12M-2021-EDAD-40-59-P
CALC-ENSANUT-PISOS-SALUD-0001	ALCOHOL-12M	SALUD	2022	EDAD	40-59	0.546692	0.527725	0.566731			4536	RESULT-ENSANUT-PISOS-SALUD-ALCOHOL-12M-2022-EDAD-40-59-P
CALC-ENSANUT-PISOS-SALUD-0001	ALCOHOL-12M	SALUD	2023	EDAD	40-59	0.543129	0.521799	0.564572			2586	RESULT-ENSANUT-PISOS-SALUD-ALCOHOL-12M-2023-EDAD-40-59-P
CALC-ENSANUT-PISOS-SALUD-0001	ALCOHOL-12M	SALUD	2024	EDAD	40-59	0.605294	0.584097	0.626082	0.534462	0.671963	4848	RESULT-ENSANUT-PISOS-SALUD-ALCOHOL-12M-2024-EDAD-40-59-P
CALC-ENSANUT-PISOS-SALUD-0001	ALCOHOL-12M	SALUD	2021	EDAD	60-MAS	0.322014	0.300381	0.341906			2898	RESULT-ENSANUT-PISOS-SALUD-ALCOHOL-12M-2021-EDAD-60-MAS-P
CALC-ENSANUT-PISOS-SALUD-0001	ALCOHOL-12M	SALUD	2022	EDAD	60-MAS	0.348937	0.323596	0.373848			2806	RESULT-ENSANUT-PISOS-SALUD-ALCOHOL-12M-2022-EDAD-60-MAS-P
CALC-ENSANUT-PISOS-SALUD-0001	ALCOHOL-12M	SALUD	2023	EDAD	60-MAS	0.375777	0.346084	0.405411			1593	RESULT-ENSANUT-PISOS-SALUD-ALCOHOL-12M-2023-EDAD-60-MAS-P
CALC-ENSANUT-PISOS-SALUD-0001	ALCOHOL-12M	SALUD	2024	EDAD	60-MAS	0.388147	0.359380	0.415623	0.319651	0.461367	3125	RESULT-ENSANUT-PISOS-SALUD-ALCOHOL-12M-2024-EDAD-60-MAS-P
CALC-ENSANUT-PISOS-SALUD-0001	ALCOHOL-12M	SALUD	2021	ESCOLARIDAD	HASTA-PRIMARIA	0.410569	0.389450	0.432932			3612	RESULT-ENSANUT-PISOS-SALUD-ALCOHOL-12M-2021-ESCOLARIDAD-HASTA-PRIMARIA-P
CALC-ENSANUT-PISOS-SALUD-0001	ALCOHOL-12M	SALUD	2022	ESCOLARIDAD	HASTA-PRIMARIA	0.425421	0.402236	0.448000			3212	RESULT-ENSANUT-PISOS-SALUD-ALCOHOL-12M-2022-ESCOLARIDAD-HASTA-PRIMARIA-P
CALC-ENSANUT-PISOS-SALUD-0001	ALCOHOL-12M	SALUD	2023	ESCOLARIDAD	HASTA-PRIMARIA	0.437851	0.408420	0.465790			1689	RESULT-ENSANUT-PISOS-SALUD-ALCOHOL-12M-2023-ESCOLARIDAD-HASTA-PRIMARIA-P
CALC-ENSANUT-PISOS-SALUD-0001	ALCOHOL-12M	SALUD	2024	ESCOLARIDAD	HASTA-PRIMARIA	0.456262	0.426335	0.484183	0.372390	0.542690	3199	RESULT-ENSANUT-PISOS-SALUD-ALCOHOL-12M-2024-ESCOLARIDAD-HASTA-PRIMARIA-P
CALC-ENSANUT-PISOS-SALUD-0001	ALCOHOL-12M	SALUD	2021	ESCOLARIDAD	MEDIA-SUPERIOR	0.588064	0.565841	0.610893			2655	RESULT-ENSANUT-PISOS-SALUD-ALCOHOL-12M-2021-ESCOLARIDAD-MEDIA-SUPERIOR-P
CALC-ENSANUT-PISOS-SALUD-0001	ALCOHOL-12M	SALUD	2022	ESCOLARIDAD	MEDIA-SUPERIOR	0.620203	0.593994	0.643925			2313	RESULT-ENSANUT-PISOS-SALUD-ALCOHOL-12M-2022-ESCOLARIDAD-MEDIA-SUPERIOR-P
CALC-ENSANUT-PISOS-SALUD-0001	ALCOHOL-12M	SALUD	2023	ESCOLARIDAD	MEDIA-SUPERIOR	0.639708	0.610896	0.665525			1489	RESULT-ENSANUT-PISOS-SALUD-ALCOHOL-12M-2023-ESCOLARIDAD-MEDIA-SUPERIOR-P
CALC-ENSANUT-PISOS-SALUD-0001	ALCOHOL-12M	SALUD	2024	ESCOLARIDAD	MEDIA-SUPERIOR	0.647204	0.620777	0.674693	0.564554	0.721894	2758	RESULT-ENSANUT-PISOS-SALUD-ALCOHOL-12M-2024-ESCOLARIDAD-MEDIA-SUPERIOR-P
CALC-ENSANUT-PISOS-SALUD-0001	ALCOHOL-12M	SALUD	2021	ESCOLARIDAD	SECUNDARIA	0.510396	0.490039	0.529742			4053	RESULT-ENSANUT-PISOS-SALUD-ALCOHOL-12M-2021-ESCOLARIDAD-SECUNDARIA-P
CALC-ENSANUT-PISOS-SALUD-0001	ALCOHOL-12M	SALUD	2022	ESCOLARIDAD	SECUNDARIA	0.571701	0.547921	0.593687			3604	RESULT-ENSANUT-PISOS-SALUD-ALCOHOL-12M-2022-ESCOLARIDAD-SECUNDARIA-P
CALC-ENSANUT-PISOS-SALUD-0001	ALCOHOL-12M	SALUD	2023	ESCOLARIDAD	SECUNDARIA	0.509627	0.483757	0.535735			2052	RESULT-ENSANUT-PISOS-SALUD-ALCOHOL-12M-2023-ESCOLARIDAD-SECUNDARIA-P
CALC-ENSANUT-PISOS-SALUD-0001	ALCOHOL-12M	SALUD	2024	ESCOLARIDAD	SECUNDARIA	0.593836	0.570916	0.616882	0.509968	0.672566	3806	RESULT-ENSANUT-PISOS-SALUD-ALCOHOL-12M-2024-ESCOLARIDAD-SECUNDARIA-P
CALC-ENSANUT-PISOS-SALUD-0001	ALCOHOL-12M	SALUD	2021	ESCOLARIDAD	SUPERIOR	0.622849	0.595773	0.648497			2285	RESULT-ENSANUT-PISOS-SALUD-ALCOHOL-12M-2021-ESCOLARIDAD-SUPERIOR-P
CALC-ENSANUT-PISOS-SALUD-0001	ALCOHOL-12M	SALUD	2022	ESCOLARIDAD	SUPERIOR	0.666145	0.642602	0.690783			2101	RESULT-ENSANUT-PISOS-SALUD-ALCOHOL-12M-2022-ESCOLARIDAD-SUPERIOR-P
CALC-ENSANUT-PISOS-SALUD-0001	ALCOHOL-12M	SALUD	2023	ESCOLARIDAD	SUPERIOR	0.674892	0.651208	0.698282			1206	RESULT-ENSANUT-PISOS-SALUD-ALCOHOL-12M-2023-ESCOLARIDAD-SUPERIOR-P
CALC-ENSANUT-PISOS-SALUD-0001	ALCOHOL-12M	SALUD	2024	ESCOLARIDAD	SUPERIOR	0.702855	0.674942	0.728944	0.624788	0.770642	2517	RESULT-ENSANUT-PISOS-SALUD-ALCOHOL-12M-2024-ESCOLARIDAD-SUPERIOR-P
CALC-ENSANUT-PISOS-SALUD-0001	ALCOHOL-12M	SALUD	2021	ESTRATO	METROPOLITANO	0.542916	0.525137	0.558870			6067	RESULT-ENSANUT-PISOS-SALUD-ALCOHOL-12M-2021-ESTRATO-METROPOLITANO-P
CALC-ENSANUT-PISOS-SALUD-0001	ALCOHOL-12M	SALUD	2022	ESTRATO	METROPOLITANO	0.597707	0.578190	0.616891			5634	RESULT-ENSANUT-PISOS-SALUD-ALCOHOL-12M-2022-ESTRATO-METROPOLITANO-P
CALC-ENSANUT-PISOS-SALUD-0001	ALCOHOL-12M	SALUD	2023	ESTRATO	METROPOLITANO	0.586539	0.561897	0.610630			2797	RESULT-ENSANUT-PISOS-SALUD-ALCOHOL-12M-2023-ESTRATO-METROPOLITANO-P
CALC-ENSANUT-PISOS-SALUD-0001	ALCOHOL-12M	SALUD	2024	ESTRATO	METROPOLITANO	0.611372	0.587389	0.635050	0.541717	0.676758	5802	RESULT-ENSANUT-PISOS-SALUD-ALCOHOL-12M-2024-ESTRATO-METROPOLITANO-P
CALC-ENSANUT-PISOS-SALUD-0001	ALCOHOL-12M	SALUD	2021	ESTRATO	RURAL	0.469894	0.441291	0.498971			3182	RESULT-ENSANUT-PISOS-SALUD-ALCOHOL-12M-2021-ESTRATO-RURAL-P
CALC-ENSANUT-PISOS-SALUD-0001	ALCOHOL-12M	SALUD	2022	ESTRATO	RURAL	0.461004	0.444384	0.476867			2884	RESULT-ENSANUT-PISOS-SALUD-ALCOHOL-12M-2022-ESTRATO-RURAL-P
CALC-ENSANUT-PISOS-SALUD-0001	ALCOHOL-12M	SALUD	2023	ESTRATO	RURAL	0.490582	0.452769	0.526372			1683	RESULT-ENSANUT-PISOS-SALUD-ALCOHOL-12M-2023-ESTRATO-RURAL-P
CALC-ENSANUT-PISOS-SALUD-0001	ALCOHOL-12M	SALUD	2024	ESTRATO	RURAL	0.540743	0.518778	0.562768	0.470390	0.609509	3180	RESULT-ENSANUT-PISOS-SALUD-ALCOHOL-12M-2024-ESTRATO-RURAL-P
CALC-ENSANUT-PISOS-SALUD-0001	ALCOHOL-12M	SALUD	2021	ESTRATO	URBANO	0.509637	0.486609	0.531661			4117	RESULT-ENSANUT-PISOS-SALUD-ALCOHOL-12M-2021-ESTRATO-URBANO-P
CALC-ENSANUT-PISOS-SALUD-0001	ALCOHOL-12M	SALUD	2022	ESTRATO	URBANO	0.546360	0.524873	0.568213			3390	RESULT-ENSANUT-PISOS-SALUD-ALCOHOL-12M-2022-ESTRATO-URBANO-P
CALC-ENSANUT-PISOS-SALUD-0001	ALCOHOL-12M	SALUD	2023	ESTRATO	URBANO	0.545303	0.522206	0.566930			2285	RESULT-ENSANUT-PISOS-SALUD-ALCOHOL-12M-2023-ESTRATO-URBANO-P
CALC-ENSANUT-PISOS-SALUD-0001	ALCOHOL-12M	SALUD	2024	ESTRATO	URBANO	0.585919	0.562825	0.606314	0.516219	0.652341	3932	RESULT-ENSANUT-PISOS-SALUD-ALCOHOL-12M-2024-ESTRATO-URBANO-P
CALC-ENSANUT-PISOS-SALUD-0001	ALCOHOL-12M	SALUD	2021	SEXO	HOMBRE	0.647215	0.630695	0.662163			5221	RESULT-ENSANUT-PISOS-SALUD-ALCOHOL-12M-2021-SEXO-HOMBRE-P
CALC-ENSANUT-PISOS-SALUD-0001	ALCOHOL-12M	SALUD	2022	SEXO	HOMBRE	0.674415	0.657210	0.691147			4720	RESULT-ENSANUT-PISOS-SALUD-ALCOHOL-12M-2022-SEXO-HOMBRE-P
CALC-ENSANUT-PISOS-SALUD-0001	ALCOHOL-12M	SALUD	2023	SEXO	HOMBRE	0.681227	0.662507	0.699936			2721	RESULT-ENSANUT-PISOS-SALUD-ALCOHOL-12M-2023-SEXO-HOMBRE-P
CALC-ENSANUT-PISOS-SALUD-0001	ALCOHOL-12M	SALUD	2024	SEXO	HOMBRE	0.698086	0.679681	0.715871	0.639206	0.751099	5386	RESULT-ENSANUT-PISOS-SALUD-ALCOHOL-12M-2024-SEXO-HOMBRE-P
CALC-ENSANUT-PISOS-SALUD-0001	ALCOHOL-12M	SALUD	2021	SEXO	MUJER	0.400699	0.385095	0.416749			8145	RESULT-ENSANUT-PISOS-SALUD-ALCOHOL-12M-2021-SEXO-MUJER-P
CALC-ENSANUT-PISOS-SALUD-0001	ALCOHOL-12M	SALUD	2022	SEXO	MUJER	0.446387	0.428843	0.463988			7188	RESULT-ENSANUT-PISOS-SALUD-ALCOHOL-12M-2022-SEXO-MUJER-P
CALC-ENSANUT-PISOS-SALUD-0001	ALCOHOL-12M	SALUD	2023	SEXO	MUJER	0.440208	0.420987	0.459459			4044	RESULT-ENSANUT-PISOS-SALUD-ALCOHOL-12M-2023-SEXO-MUJER-P
CALC-ENSANUT-PISOS-SALUD-0001	ALCOHOL-12M	SALUD	2024	SEXO	MUJER	0.490918	0.470182	0.510979	0.425244	0.556907	7528	RESULT-ENSANUT-PISOS-SALUD-ALCOHOL-12M-2024-SEXO-MUJER-P
CALC-ENSANUT-PISOS-SALUD-0001	ALCOHOL-12M	SALUD	2021	TOTAL	TODOS	0.518602	0.506216	0.530690			13366	RESULT-ENSANUT-PISOS-SALUD-ALCOHOL-12M-2021-TOTAL-TODOS-P
CALC-ENSANUT-PISOS-SALUD-0001	ALCOHOL-12M	SALUD	2022	TOTAL	TODOS	0.555311	0.543367	0.567815			11908	RESULT-ENSANUT-PISOS-SALUD-ALCOHOL-12M-2022-TOTAL-TODOS-P
CALC-ENSANUT-PISOS-SALUD-0001	ALCOHOL-12M	SALUD	2023	TOTAL	TODOS	0.555463	0.539170	0.571737			6765	RESULT-ENSANUT-PISOS-SALUD-ALCOHOL-12M-2023-TOTAL-TODOS-P
CALC-ENSANUT-PISOS-SALUD-0001	ALCOHOL-12M	SALUD	2024	TOTAL	TODOS	0.589914	0.574988	0.604158	0.531189	0.646183	12914	RESULT-ENSANUT-PISOS-SALUD-ALCOHOL-12M-2024-TOTAL-TODOS-P
CALC-ENSANUT-PISOS-SALUD-0001	ALCOHOL-EXCESIVO-30D	SALUD	2021	EDAD	20-39	0.278382	0.262586	0.294217			4637	RESULT-ENSANUT-PISOS-SALUD-ALCOHOL-EXCESIVO-30D-2021-EDAD-20-39-P
CALC-ENSANUT-PISOS-SALUD-0001	ALCOHOL-EXCESIVO-30D	SALUD	2022	EDAD	20-39	0.298616	0.278099	0.319078			3888	RESULT-ENSANUT-PISOS-SALUD-ALCOHOL-EXCESIVO-30D-2022-EDAD-20-39-P
CALC-ENSANUT-PISOS-SALUD-0001	ALCOHOL-EXCESIVO-30D	SALUD	2023	EDAD	20-39	0.294151	0.273375	0.315761			2191	RESULT-ENSANUT-PISOS-SALUD-ALCOHOL-EXCESIVO-30D-2023-EDAD-20-39-P
CALC-ENSANUT-PISOS-SALUD-0001	ALCOHOL-EXCESIVO-30D	SALUD	2024	EDAD	20-39	0.284997	0.265692	0.303235	0.222740	0.356670	4200	RESULT-ENSANUT-PISOS-SALUD-ALCOHOL-EXCESIVO-30D-2024-EDAD-20-39-P
CALC-ENSANUT-PISOS-SALUD-0001	ALCOHOL-EXCESIVO-30D	SALUD	2021	EDAD	40-59	0.185451	0.169550	0.202422			4209	RESULT-ENSANUT-PISOS-SALUD-ALCOHOL-EXCESIVO-30D-2021-EDAD-40-59-P
CALC-ENSANUT-PISOS-SALUD-0001	ALCOHOL-EXCESIVO-30D	SALUD	2022	EDAD	40-59	0.214040	0.196647	0.231726			3831	RESULT-ENSANUT-PISOS-SALUD-ALCOHOL-EXCESIVO-30D-2022-EDAD-40-59-P
CALC-ENSANUT-PISOS-SALUD-0001	ALCOHOL-EXCESIVO-30D	SALUD	2023	EDAD	40-59	0.198857	0.178851	0.218843			2151	RESULT-ENSANUT-PISOS-SALUD-ALCOHOL-EXCESIVO-30D-2023-EDAD-40-59-P
CALC-ENSANUT-PISOS-SALUD-0001	ALCOHOL-EXCESIVO-30D	SALUD	2024	EDAD	40-59	0.223743	0.202518	0.244344	0.170368	0.288035	4028	RESULT-ENSANUT-PISOS-SALUD-ALCOHOL-EXCESIVO-30D-2024-EDAD-40-59-P
CALC-ENSANUT-PISOS-SALUD-0001	ALCOHOL-EXCESIVO-30D	SALUD	2021	EDAD	60-MAS	0.074914	0.061719	0.088268			2522	RESULT-ENSANUT-PISOS-SALUD-ALCOHOL-EXCESIVO-30D-2021-EDAD-60-MAS-P
CALC-ENSANUT-PISOS-SALUD-0001	ALCOHOL-EXCESIVO-30D	SALUD	2022	EDAD	60-MAS	0.079745	0.067181	0.092071			2475	RESULT-ENSANUT-PISOS-SALUD-ALCOHOL-EXCESIVO-30D-2022-EDAD-60-MAS-P
CALC-ENSANUT-PISOS-SALUD-0001	ALCOHOL-EXCESIVO-30D	SALUD	2023	EDAD	60-MAS	0.110572	0.096542	0.124814			1372	RESULT-ENSANUT-PISOS-SALUD-ALCOHOL-EXCESIVO-30D-2023-EDAD-60-MAS-P
CALC-ENSANUT-PISOS-SALUD-0001	ALCOHOL-EXCESIVO-30D	SALUD	2024	EDAD	60-MAS	0.095927	0.082804	0.108528	0.069552	0.130899	2675	RESULT-ENSANUT-PISOS-SALUD-ALCOHOL-EXCESIVO-30D-2024-EDAD-60-MAS-P
CALC-ENSANUT-PISOS-SALUD-0001	ALCOHOL-EXCESIVO-30D	SALUD	2021	ESCOLARIDAD	HASTA-PRIMARIA	0.131446	0.116087	0.146455			3134	RESULT-ENSANUT-PISOS-SALUD-ALCOHOL-EXCESIVO-30D-2021-ESCOLARIDAD-HASTA-PRIMARIA-P
CALC-ENSANUT-PISOS-SALUD-0001	ALCOHOL-EXCESIVO-30D	SALUD	2022	ESCOLARIDAD	HASTA-PRIMARIA	0.151230	0.129880	0.172621			2841	RESULT-ENSANUT-PISOS-SALUD-ALCOHOL-EXCESIVO-30D-2022-ESCOLARIDAD-HASTA-PRIMARIA-P
CALC-ENSANUT-PISOS-SALUD-0001	ALCOHOL-EXCESIVO-30D	SALUD	2023	ESCOLARIDAD	HASTA-PRIMARIA	0.158066	0.138825	0.177165			1459	RESULT-ENSANUT-PISOS-SALUD-ALCOHOL-EXCESIVO-30D-2023-ESCOLARIDAD-HASTA-PRIMARIA-P
CALC-ENSANUT-PISOS-SALUD-0001	ALCOHOL-EXCESIVO-30D	SALUD	2024	ESCOLARIDAD	HASTA-PRIMARIA	0.143945	0.126991	0.161348	0.105370	0.193585	2753	RESULT-ENSANUT-PISOS-SALUD-ALCOHOL-EXCESIVO-30D-2024-ESCOLARIDAD-HASTA-PRIMARIA-P
CALC-ENSANUT-PISOS-SALUD-0001	ALCOHOL-EXCESIVO-30D	SALUD	2021	ESCOLARIDAD	MEDIA-SUPERIOR	0.262686	0.240064	0.286353			2211	RESULT-ENSANUT-PISOS-SALUD-ALCOHOL-EXCESIVO-30D-2021-ESCOLARIDAD-MEDIA-SUPERIOR-P
CALC-ENSANUT-PISOS-SALUD-0001	ALCOHOL-EXCESIVO-30D	SALUD	2022	ESCOLARIDAD	MEDIA-SUPERIOR	0.259779	0.235322	0.282879			1956	RESULT-ENSANUT-PISOS-SALUD-ALCOHOL-EXCESIVO-30D-2022-ESCOLARIDAD-MEDIA-SUPERIOR-P
CALC-ENSANUT-PISOS-SALUD-0001	ALCOHOL-EXCESIVO-30D	SALUD	2023	ESCOLARIDAD	MEDIA-SUPERIOR	0.266903	0.239013	0.293673			1246	RESULT-ENSANUT-PISOS-SALUD-ALCOHOL-EXCESIVO-30D-2023-ESCOLARIDAD-MEDIA-SUPERIOR-P
CALC-ENSANUT-PISOS-SALUD-0001	ALCOHOL-EXCESIVO-30D	SALUD	2024	ESCOLARIDAD	MEDIA-SUPERIOR	0.236618	0.208332	0.267721	0.176871	0.308972	2305	RESULT-ENSANUT-PISOS-SALUD-ALCOHOL-EXCESIVO-30D-2024-ESCOLARIDAD-MEDIA-SUPERIOR-P
CALC-ENSANUT-PISOS-SALUD-0001	ALCOHOL-EXCESIVO-30D	SALUD	2021	ESCOLARIDAD	SECUNDARIA	0.215120	0.196814	0.233002			3475	RESULT-ENSANUT-PISOS-SALUD-ALCOHOL-EXCESIVO-30D-2021-ESCOLARIDAD-SECUNDARIA-P
CALC-ENSANUT-PISOS-SALUD-0001	ALCOHOL-EXCESIVO-30D	SALUD	2022	ESCOLARIDAD	SECUNDARIA	0.239686	0.220597	0.259009			3062	RESULT-ENSANUT-PISOS-SALUD-ALCOHOL-EXCESIVO-30D-2022-ESCOLARIDAD-SECUNDARIA-P
CALC-ENSANUT-PISOS-SALUD-0001	ALCOHOL-EXCESIVO-30D	SALUD	2023	ESCOLARIDAD	SECUNDARIA	0.193122	0.173540	0.211750			1726	RESULT-ENSANUT-PISOS-SALUD-ALCOHOL-EXCESIVO-30D-2023-ESCOLARIDAD-SECUNDARIA-P
CALC-ENSANUT-PISOS-SALUD-0001	ALCOHOL-EXCESIVO-30D	SALUD	2024	ESCOLARIDAD	SECUNDARIA	0.253754	0.226557	0.284207	0.191589	0.327907	3223	RESULT-ENSANUT-PISOS-SALUD-ALCOHOL-EXCESIVO-30D-2024-ESCOLARIDAD-SECUNDARIA-P
CALC-ENSANUT-PISOS-SALUD-0001	ALCOHOL-EXCESIVO-30D	SALUD	2021	ESCOLARIDAD	SUPERIOR	0.257918	0.233394	0.282076			1862	RESULT-ENSANUT-PISOS-SALUD-ALCOHOL-EXCESIVO-30D-2021-ESCOLARIDAD-SUPERIOR-P
CALC-ENSANUT-PISOS-SALUD-0001	ALCOHOL-EXCESIVO-30D	SALUD	2022	ESCOLARIDAD	SUPERIOR	0.281193	0.247909	0.313347			1718	RESULT-ENSANUT-PISOS-SALUD-ALCOHOL-EXCESIVO-30D-2022-ESCOLARIDAD-SUPERIOR-P
CALC-ENSANUT-PISOS-SALUD-0001	ALCOHOL-EXCESIVO-30D	SALUD	2023	ESCOLARIDAD	SUPERIOR	0.309964	0.279938	0.339268			995	RESULT-ENSANUT-PISOS-SALUD-ALCOHOL-EXCESIVO-30D-2023-ESCOLARIDAD-SUPERIOR-P
CALC-ENSANUT-PISOS-SALUD-0001	ALCOHOL-EXCESIVO-30D	SALUD	2024	ESCOLARIDAD	SUPERIOR	0.285216	0.253688	0.318116	0.217139	0.364694	2048	RESULT-ENSANUT-PISOS-SALUD-ALCOHOL-EXCESIVO-30D-2024-ESCOLARIDAD-SUPERIOR-P
CALC-ENSANUT-PISOS-SALUD-0001	ALCOHOL-EXCESIVO-30D	SALUD	2021	ESTRATO	METROPOLITANO	0.232321	0.216982	0.248349			5140	RESULT-ENSANUT-PISOS-SALUD-ALCOHOL-EXCESIVO-30D-2021-ESTRATO-METROPOLITANO-P
CALC-ENSANUT-PISOS-SALUD-0001	ALCOHOL-EXCESIVO-30D	SALUD	2022	ESTRATO	METROPOLITANO	0.250554	0.231909	0.268681			4771	RESULT-ENSANUT-PISOS-SALUD-ALCOHOL-EXCESIVO-30D-2022-ESTRATO-METROPOLITANO-P
CALC-ENSANUT-PISOS-SALUD-0001	ALCOHOL-EXCESIVO-30D	SALUD	2023	ESTRATO	METROPOLITANO	0.251187	0.231512	0.271679			2321	RESULT-ENSANUT-PISOS-SALUD-ALCOHOL-EXCESIVO-30D-2023-ESTRATO-METROPOLITANO-P
CALC-ENSANUT-PISOS-SALUD-0001	ALCOHOL-EXCESIVO-30D	SALUD	2024	ESTRATO	METROPOLITANO	0.224232	0.204144	0.243440	0.180317	0.275251	4877	RESULT-ENSANUT-PISOS-SALUD-ALCOHOL-EXCESIVO-30D-2024-ESTRATO-METROPOLITANO-P
CALC-ENSANUT-PISOS-SALUD-0001	ALCOHOL-EXCESIVO-30D	SALUD	2021	ESTRATO	RURAL	0.176464	0.155405	0.199943			2736	RESULT-ENSANUT-PISOS-SALUD-ALCOHOL-EXCESIVO-30D-2021-ESTRATO-RURAL-P
CALC-ENSANUT-PISOS-SALUD-0001	ALCOHOL-EXCESIVO-30D	SALUD	2022	ESTRATO	RURAL	0.178991	0.160801	0.194228			2504	RESULT-ENSANUT-PISOS-SALUD-ALCOHOL-EXCESIVO-30D-2022-ESTRATO-RURAL-P
CALC-ENSANUT-PISOS-SALUD-0001	ALCOHOL-EXCESIVO-30D	SALUD	2023	ESTRATO	RURAL	0.173346	0.157741	0.188870			1429	RESULT-ENSANUT-PISOS-SALUD-ALCOHOL-EXCESIVO-30D-2023-ESTRATO-RURAL-P
CALC-ENSANUT-PISOS-SALUD-0001	ALCOHOL-EXCESIVO-30D	SALUD	2024	ESTRATO	RURAL	0.214935	0.192184	0.238820	0.170829	0.266765	2719	RESULT-ENSANUT-PISOS-SALUD-ALCOHOL-EXCESIVO-30D-2024-ESTRATO-RURAL-P
CALC-ENSANUT-PISOS-SALUD-0001	ALCOHOL-EXCESIVO-30D	SALUD	2021	ESTRATO	URBANO	0.187298	0.172426	0.202511			3492	RESULT-ENSANUT-PISOS-SALUD-ALCOHOL-EXCESIVO-30D-2021-ESTRATO-URBANO-P
CALC-ENSANUT-PISOS-SALUD-0001	ALCOHOL-EXCESIVO-30D	SALUD	2022	ESTRATO	URBANO	0.212323	0.193597	0.232231			2919	RESULT-ENSANUT-PISOS-SALUD-ALCOHOL-EXCESIVO-30D-2022-ESTRATO-URBANO-P
CALC-ENSANUT-PISOS-SALUD-0001	ALCOHOL-EXCESIVO-30D	SALUD	2023	ESTRATO	URBANO	0.212312	0.191485	0.233042			1964	RESULT-ENSANUT-PISOS-SALUD-ALCOHOL-EXCESIVO-30D-2023-ESTRATO-URBANO-P
CALC-ENSANUT-PISOS-SALUD-0001	ALCOHOL-EXCESIVO-30D	SALUD	2024	ESTRATO	URBANO	0.233504	0.213017	0.253626	0.188188	0.285889	3307	RESULT-ENSANUT-PISOS-SALUD-ALCOHOL-EXCESIVO-30D-2024-ESTRATO-URBANO-P
CALC-ENSANUT-PISOS-SALUD-0001	ALCOHOL-EXCESIVO-30D	SALUD	2021	SEXO	HOMBRE	0.316765	0.298996	0.333256			4516	RESULT-ENSANUT-PISOS-SALUD-ALCOHOL-EXCESIVO-30D-2021-SEXO-HOMBRE-P
CALC-ENSANUT-PISOS-SALUD-0001	ALCOHOL-EXCESIVO-30D	SALUD	2022	SEXO	HOMBRE	0.335234	0.315137	0.355603			4090	RESULT-ENSANUT-PISOS-SALUD-ALCOHOL-EXCESIVO-30D-2022-SEXO-HOMBRE-P
CALC-ENSANUT-PISOS-SALUD-0001	ALCOHOL-EXCESIVO-30D	SALUD	2023	SEXO	HOMBRE	0.313884	0.292506	0.335570			2372	RESULT-ENSANUT-PISOS-SALUD-ALCOHOL-EXCESIVO-30D-2023-SEXO-HOMBRE-P
CALC-ENSANUT-PISOS-SALUD-0001	ALCOHOL-EXCESIVO-30D	SALUD	2024	SEXO	HOMBRE	0.329695	0.309228	0.350913	0.277143	0.386877	4659	RESULT-ENSANUT-PISOS-SALUD-ALCOHOL-EXCESIVO-30D-2024-SEXO-HOMBRE-P
CALC-ENSANUT-PISOS-SALUD-0001	ALCOHOL-EXCESIVO-30D	SALUD	2021	SEXO	MUJER	0.105660	0.096276	0.115965			6852	RESULT-ENSANUT-PISOS-SALUD-ALCOHOL-EXCESIVO-30D-2021-SEXO-MUJER-P
CALC-ENSANUT-PISOS-SALUD-0001	ALCOHOL-EXCESIVO-30D	SALUD	2022	SEXO	MUJER	0.120650	0.109753	0.131453			6104	RESULT-ENSANUT-PISOS-SALUD-ALCOHOL-EXCESIVO-30D-2022-SEXO-MUJER-P
CALC-ENSANUT-PISOS-SALUD-0001	ALCOHOL-EXCESIVO-30D	SALUD	2023	SEXO	MUJER	0.138055	0.121560	0.155374			3342	RESULT-ENSANUT-PISOS-SALUD-ALCOHOL-EXCESIVO-30D-2023-SEXO-MUJER-P
CALC-ENSANUT-PISOS-SALUD-0001	ALCOHOL-EXCESIVO-30D	SALUD	2024	SEXO	MUJER	0.124164	0.108918	0.139078	0.097703	0.156548	6244	RESULT-ENSANUT-PISOS-SALUD-ALCOHOL-EXCESIVO-30D-2024-SEXO-MUJER-P
CALC-ENSANUT-PISOS-SALUD-0001	ALCOHOL-EXCESIVO-30D	SALUD	2021	TOTAL	TODOS	0.207785	0.197914	0.218070			11368	RESULT-ENSANUT-PISOS-SALUD-ALCOHOL-EXCESIVO-30D-2021-TOTAL-TODOS-P
CALC-ENSANUT-PISOS-SALUD-0001	ALCOHOL-EXCESIVO-30D	SALUD	2022	TOTAL	TODOS	0.224659	0.212940	0.236121			10194	RESULT-ENSANUT-PISOS-SALUD-ALCOHOL-EXCESIVO-30D-2022-TOTAL-TODOS-P
CALC-ENSANUT-PISOS-SALUD-0001	ALCOHOL-EXCESIVO-30D	SALUD	2023	TOTAL	TODOS	0.224185	0.212080	0.236947			5714	RESULT-ENSANUT-PISOS-SALUD-ALCOHOL-EXCESIVO-30D-2023-TOTAL-TODOS-P
CALC-ENSANUT-PISOS-SALUD-0001	ALCOHOL-EXCESIVO-30D	SALUD	2024	TOTAL	TODOS	0.225157	0.212554	0.237090	0.202786	0.249223	10903	RESULT-ENSANUT-PISOS-SALUD-ALCOHOL-EXCESIVO-30D-2024-TOTAL-TODOS-P
CALC-ENSANUT-PISOS-SALUD-0001	ATENCION-CONSULTORIO-FARMACIA	SALUD	2021	EDAD	0-19	0.290481	0.240285	0.343295			581	RESULT-ENSANUT-PISOS-SALUD-ATENCION-CONSULTORIO-FARMACIA-2021-EDAD-0-19-P
CALC-ENSANUT-PISOS-SALUD-0001	ATENCION-CONSULTORIO-FARMACIA	SALUD	2022	EDAD	0-19	0.268480	0.223974	0.310825			1037	RESULT-ENSANUT-PISOS-SALUD-ATENCION-CONSULTORIO-FARMACIA-2022-EDAD-0-19-P
CALC-ENSANUT-PISOS-SALUD-0001	ATENCION-CONSULTORIO-FARMACIA	SALUD	2023	EDAD	0-19	0.271610	0.229975	0.316610			533	RESULT-ENSANUT-PISOS-SALUD-ATENCION-CONSULTORIO-FARMACIA-2023-EDAD-0-19-P
CALC-ENSANUT-PISOS-SALUD-0001	ATENCION-CONSULTORIO-FARMACIA	SALUD	2024	EDAD	0-19	0.132143	0.099556	0.168049	0.062871	0.256823	684	RESULT-ENSANUT-PISOS-SALUD-ATENCION-CONSULTORIO-FARMACIA-2024-EDAD-0-19-P
CALC-ENSANUT-PISOS-SALUD-0001	ATENCION-CONSULTORIO-FARMACIA	SALUD	2021	EDAD	20-59	0.212565	0.177070	0.249123			1547	RESULT-ENSANUT-PISOS-SALUD-ATENCION-CONSULTORIO-FARMACIA-2021-EDAD-20-59-P
CALC-ENSANUT-PISOS-SALUD-0001	ATENCION-CONSULTORIO-FARMACIA	SALUD	2022	EDAD	20-59	0.184875	0.159138	0.209662			2000	RESULT-ENSANUT-PISOS-SALUD-ATENCION-CONSULTORIO-FARMACIA-2022-EDAD-20-59-P
CALC-ENSANUT-PISOS-SALUD-0001	ATENCION-CONSULTORIO-FARMACIA	SALUD	2023	EDAD	20-59	0.192364	0.159467	0.228739			991	RESULT-ENSANUT-PISOS-SALUD-ATENCION-CONSULTORIO-FARMACIA-2023-EDAD-20-59-P
CALC-ENSANUT-PISOS-SALUD-0001	ATENCION-CONSULTORIO-FARMACIA	SALUD	2024	EDAD	20-59	0.123291	0.097796	0.149340	0.059466	0.238265	1507	RESULT-ENSANUT-PISOS-SALUD-ATENCION-CONSULTORIO-FARMACIA-2024-EDAD-20-59-P
CALC-ENSANUT-PISOS-SALUD-0001	ATENCION-CONSULTORIO-FARMACIA	SALUD	2021	EDAD	60-MAS	0.078456	0.058082	0.100489			836	RESULT-ENSANUT-PISOS-SALUD-ATENCION-CONSULTORIO-FARMACIA-2021-EDAD-60-MAS-P
CALC-ENSANUT-PISOS-SALUD-0001	ATENCION-CONSULTORIO-FARMACIA	SALUD	2022	EDAD	60-MAS	0.053895	0.039144	0.069725			1146	RESULT-ENSANUT-PISOS-SALUD-ATENCION-CONSULTORIO-FARMACIA-2022-EDAD-60-MAS-P
CALC-ENSANUT-PISOS-SALUD-0001	ATENCION-CONSULTORIO-FARMACIA	SALUD	2023	EDAD	60-MAS	0.048406	0.020099	0.085628			625	RESULT-ENSANUT-PISOS-SALUD-ATENCION-CONSULTORIO-FARMACIA-2023-EDAD-60-MAS-P
CALC-ENSANUT-PISOS-SALUD-0001	ATENCION-CONSULTORIO-FARMACIA	SALUD	2024	EDAD	60-MAS	0.061257	0.037976	0.085372	0.026475	0.135381	989	RESULT-ENSANUT-PISOS-SALUD-ATENCION-CONSULTORIO-FARMACIA-2024-EDAD-60-MAS-P
CALC-ENSANUT-PISOS-SALUD-0001	ATENCION-CONSULTORIO-FARMACIA	SALUD	2021	ESCOLARIDAD	HASTA-PRIMARIA	0.157483	0.120374	0.196702			797	RESULT-ENSANUT-PISOS-SALUD-ATENCION-CONSULTORIO-FARMACIA-2021-ESCOLARIDAD-HASTA-PRIMARIA-P
CALC-ENSANUT-PISOS-SALUD-0001	ATENCION-CONSULTORIO-FARMACIA	SALUD	2022	ESCOLARIDAD	HASTA-PRIMARIA	0.095327	0.073385	0.119664			995	RESULT-ENSANUT-PISOS-SALUD-ATENCION-CONSULTORIO-FARMACIA-2022-ESCOLARIDAD-HASTA-PRIMARIA-P
CALC-ENSANUT-PISOS-SALUD-0001	ATENCION-CONSULTORIO-FARMACIA	SALUD	2023	ESCOLARIDAD	HASTA-PRIMARIA	0.099402	0.068311	0.134313			498	RESULT-ENSANUT-PISOS-SALUD-ATENCION-CONSULTORIO-FARMACIA-2023-ESCOLARIDAD-HASTA-PRIMARIA-P
CALC-ENSANUT-PISOS-SALUD-0001	ATENCION-CONSULTORIO-FARMACIA	SALUD	2024	ESCOLARIDAD	HASTA-PRIMARIA	0.075252	0.053734	0.097141	0.038443	0.142098	777	RESULT-ENSANUT-PISOS-SALUD-ATENCION-CONSULTORIO-FARMACIA-2024-ESCOLARIDAD-HASTA-PRIMARIA-P
CALC-ENSANUT-PISOS-SALUD-0001	ATENCION-CONSULTORIO-FARMACIA	SALUD	2021	ESCOLARIDAD	MEDIA-SUPERIOR	0.197564	0.135676	0.264022			369	RESULT-ENSANUT-PISOS-SALUD-ATENCION-CONSULTORIO-FARMACIA-2021-ESCOLARIDAD-MEDIA-SUPERIOR-P
CALC-ENSANUT-PISOS-SALUD-0001	ATENCION-CONSULTORIO-FARMACIA	SALUD	2022	ESCOLARIDAD	MEDIA-SUPERIOR	0.141228	0.097288	0.187822			546	RESULT-ENSANUT-PISOS-SALUD-ATENCION-CONSULTORIO-FARMACIA-2022-ESCOLARIDAD-MEDIA-SUPERIOR-P
CALC-ENSANUT-PISOS-SALUD-0001	ATENCION-CONSULTORIO-FARMACIA	SALUD	2023	ESCOLARIDAD	MEDIA-SUPERIOR	0.180849	0.109327	0.255283			286	RESULT-ENSANUT-PISOS-SALUD-ATENCION-CONSULTORIO-FARMACIA-2023-ESCOLARIDAD-MEDIA-SUPERIOR-P
CALC-ENSANUT-PISOS-SALUD-0001	ATENCION-CONSULTORIO-FARMACIA	SALUD	2024	ESCOLARIDAD	MEDIA-SUPERIOR	0.116805	0.067846	0.170784	0.055008	0.231051	430	RESULT-ENSANUT-PISOS-SALUD-ATENCION-CONSULTORIO-FARMACIA-2024-ESCOLARIDAD-MEDIA-SUPERIOR-P
CALC-ENSANUT-PISOS-SALUD-0001	ATENCION-CONSULTORIO-FARMACIA	SALUD	2021	ESCOLARIDAD	SECUNDARIA	0.214659	0.173983	0.259373			662	RESULT-ENSANUT-PISOS-SALUD-ATENCION-CONSULTORIO-FARMACIA-2021-ESCOLARIDAD-SECUNDARIA-P
CALC-ENSANUT-PISOS-SALUD-0001	ATENCION-CONSULTORIO-FARMACIA	SALUD	2022	ESCOLARIDAD	SECUNDARIA	0.208594	0.163986	0.255299			942	RESULT-ENSANUT-PISOS-SALUD-ATENCION-CONSULTORIO-FARMACIA-2022-ESCOLARIDAD-SECUNDARIA-P
CALC-ENSANUT-PISOS-SALUD-0001	ATENCION-CONSULTORIO-FARMACIA	SALUD	2023	ESCOLARIDAD	SECUNDARIA	0.190110	0.152871	0.233416			464	RESULT-ENSANUT-PISOS-SALUD-ATENCION-CONSULTORIO-FARMACIA-2023-ESCOLARIDAD-SECUNDARIA-P
CALC-ENSANUT-PISOS-SALUD-0001	ATENCION-CONSULTORIO-FARMACIA	SALUD	2024	ESCOLARIDAD	SECUNDARIA	0.126493	0.092503	0.162181	0.066388	0.227740	682	RESULT-ENSANUT-PISOS-SALUD-ATENCION-CONSULTORIO-FARMACIA-2024-ESCOLARIDAD-SECUNDARIA-P
CALC-ENSANUT-PISOS-SALUD-0001	ATENCION-CONSULTORIO-FARMACIA	SALUD	2021	ESCOLARIDAD	SUPERIOR	0.123013	0.081818	0.166431			356	RESULT-ENSANUT-PISOS-SALUD-ATENCION-CONSULTORIO-FARMACIA-2021-ESCOLARIDAD-SUPERIOR-P
CALC-ENSANUT-PISOS-SALUD-0001	ATENCION-CONSULTORIO-FARMACIA	SALUD	2022	ESCOLARIDAD	SUPERIOR	0.122017	0.084654	0.165639			446	RESULT-ENSANUT-PISOS-SALUD-ATENCION-CONSULTORIO-FARMACIA-2022-ESCOLARIDAD-SUPERIOR-P
CALC-ENSANUT-PISOS-SALUD-0001	ATENCION-CONSULTORIO-FARMACIA	SALUD	2023	ESCOLARIDAD	SUPERIOR	0.112628	0.069182	0.167092			241	RESULT-ENSANUT-PISOS-SALUD-ATENCION-CONSULTORIO-FARMACIA-2023-ESCOLARIDAD-SUPERIOR-P
CALC-ENSANUT-PISOS-SALUD-0001	ATENCION-CONSULTORIO-FARMACIA	SALUD	2024	ESCOLARIDAD	SUPERIOR	0.089281	0.051625	0.134258	0.041279	0.182478	420	RESULT-ENSANUT-PISOS-SALUD-ATENCION-CONSULTORIO-FARMACIA-2024-ESCOLARIDAD-SUPERIOR-P
CALC-ENSANUT-PISOS-SALUD-0001	ATENCION-CONSULTORIO-FARMACIA	SALUD	2021	ESTRATO	METROPOLITANO	0.239036	0.198086	0.280207			1192	RESULT-ENSANUT-PISOS-SALUD-ATENCION-CONSULTORIO-FARMACIA-2021-ESTRATO-METROPOLITANO-P
CALC-ENSANUT-PISOS-SALUD-0001	ATENCION-CONSULTORIO-FARMACIA	SALUD	2022	ESTRATO	METROPOLITANO	0.205327	0.173888	0.237421			2078	RESULT-ENSANUT-PISOS-SALUD-ATENCION-CONSULTORIO-FARMACIA-2022-ESTRATO-METROPOLITANO-P
CALC-ENSANUT-PISOS-SALUD-0001	ATENCION-CONSULTORIO-FARMACIA	SALUD	2023	ESTRATO	METROPOLITANO	0.215130	0.174200	0.258973			962	RESULT-ENSANUT-PISOS-SALUD-ATENCION-CONSULTORIO-FARMACIA-2023-ESTRATO-METROPOLITANO-P
CALC-ENSANUT-PISOS-SALUD-0001	ATENCION-CONSULTORIO-FARMACIA	SALUD	2024	ESTRATO	METROPOLITANO	0.107477	0.084480	0.132343	0.055429	0.198147	1494	RESULT-ENSANUT-PISOS-SALUD-ATENCION-CONSULTORIO-FARMACIA-2024-ESTRATO-METROPOLITANO-P
CALC-ENSANUT-PISOS-SALUD-0001	ATENCION-CONSULTORIO-FARMACIA	SALUD	2021	ESTRATO	RURAL	0.137040	0.100837	0.174002			769	RESULT-ENSANUT-PISOS-SALUD-ATENCION-CONSULTORIO-FARMACIA-2021-ESTRATO-RURAL-P
CALC-ENSANUT-PISOS-SALUD-0001	ATENCION-CONSULTORIO-FARMACIA	SALUD	2022	ESTRATO	RURAL	0.143521	0.106477	0.184040			959	RESULT-ENSANUT-PISOS-SALUD-ATENCION-CONSULTORIO-FARMACIA-2022-ESTRATO-RURAL-P
CALC-ENSANUT-PISOS-SALUD-0001	ATENCION-CONSULTORIO-FARMACIA	SALUD	2023	ESTRATO	RURAL	0.147519	0.111270	0.179891			569	RESULT-ENSANUT-PISOS-SALUD-ATENCION-CONSULTORIO-FARMACIA-2023-ESTRATO-RURAL-P
CALC-ENSANUT-PISOS-SALUD-0001	ATENCION-CONSULTORIO-FARMACIA	SALUD	2024	ESTRATO	RURAL	0.095797	0.065649	0.126682	0.046991	0.185430	771	RESULT-ENSANUT-PISOS-SALUD-ATENCION-CONSULTORIO-FARMACIA-2024-ESTRATO-RURAL-P
CALC-ENSANUT-PISOS-SALUD-0001	ATENCION-CONSULTORIO-FARMACIA	SALUD	2021	ESTRATO	URBANO	0.186224	0.145700	0.234985			1004	RESULT-ENSANUT-PISOS-SALUD-ATENCION-CONSULTORIO-FARMACIA-2021-ESTRATO-URBANO-P
CALC-ENSANUT-PISOS-SALUD-0001	ATENCION-CONSULTORIO-FARMACIA	SALUD	2022	ESTRATO	URBANO	0.160421	0.124748	0.198553			1146	RESULT-ENSANUT-PISOS-SALUD-ATENCION-CONSULTORIO-FARMACIA-2022-ESTRATO-URBANO-P
CALC-ENSANUT-PISOS-SALUD-0001	ATENCION-CONSULTORIO-FARMACIA	SALUD	2023	ESTRATO	URBANO	0.150109	0.120969	0.183091			618	RESULT-ENSANUT-PISOS-SALUD-ATENCION-CONSULTORIO-FARMACIA-2023-ESTRATO-URBANO-P
CALC-ENSANUT-PISOS-SALUD-0001	ATENCION-CONSULTORIO-FARMACIA	SALUD	2024	ESTRATO	URBANO	0.121189	0.089358	0.154808	0.061601	0.224623	915	RESULT-ENSANUT-PISOS-SALUD-ATENCION-CONSULTORIO-FARMACIA-2024-ESTRATO-URBANO-P
CALC-ENSANUT-PISOS-SALUD-0001	ATENCION-CONSULTORIO-FARMACIA	SALUD	2021	SEXO	HOMBRE	0.208048	0.174798	0.243178			1115	RESULT-ENSANUT-PISOS-SALUD-ATENCION-CONSULTORIO-FARMACIA-2021-SEXO-HOMBRE-P
CALC-ENSANUT-PISOS-SALUD-0001	ATENCION-CONSULTORIO-FARMACIA	SALUD	2022	SEXO	HOMBRE	0.170460	0.137251	0.204726			1600	RESULT-ENSANUT-PISOS-SALUD-ATENCION-CONSULTORIO-FARMACIA-2022-SEXO-HOMBRE-P
CALC-ENSANUT-PISOS-SALUD-0001	ATENCION-CONSULTORIO-FARMACIA	SALUD	2023	SEXO	HOMBRE	0.154856	0.125540	0.184887			873	RESULT-ENSANUT-PISOS-SALUD-ATENCION-CONSULTORIO-FARMACIA-2023-SEXO-HOMBRE-P
CALC-ENSANUT-PISOS-SALUD-0001	ATENCION-CONSULTORIO-FARMACIA	SALUD	2024	SEXO	HOMBRE	0.131270	0.104338	0.158113	0.062184	0.256146	1199	RESULT-ENSANUT-PISOS-SALUD-ATENCION-CONSULTORIO-FARMACIA-2024-SEXO-HOMBRE-P
CALC-ENSANUT-PISOS-SALUD-0001	ATENCION-CONSULTORIO-FARMACIA	SALUD	2021	SEXO	MUJER	0.193294	0.165140	0.220678			1850	RESULT-ENSANUT-PISOS-SALUD-ATENCION-CONSULTORIO-FARMACIA-2021-SEXO-MUJER-P
CALC-ENSANUT-PISOS-SALUD-0001	ATENCION-CONSULTORIO-FARMACIA	SALUD	2022	SEXO	MUJER	0.185455	0.158403	0.213099			2583	RESULT-ENSANUT-PISOS-SALUD-ATENCION-CONSULTORIO-FARMACIA-2022-SEXO-MUJER-P
CALC-ENSANUT-PISOS-SALUD-0001	ATENCION-CONSULTORIO-FARMACIA	SALUD	2023	SEXO	MUJER	0.203680	0.168212	0.241214			1276	RESULT-ENSANUT-PISOS-SALUD-ATENCION-CONSULTORIO-FARMACIA-2023-SEXO-MUJER-P
CALC-ENSANUT-PISOS-SALUD-0001	ATENCION-CONSULTORIO-FARMACIA	SALUD	2024	SEXO	MUJER	0.092621	0.076034	0.110647	0.043231	0.187384	1981	RESULT-ENSANUT-PISOS-SALUD-ATENCION-CONSULTORIO-FARMACIA-2024-SEXO-MUJER-P
CALC-ENSANUT-PISOS-SALUD-0001	ATENCION-CONSULTORIO-FARMACIA	SALUD	2021	TOTAL	TODOS	0.199388	0.173905	0.226105			2965	RESULT-ENSANUT-PISOS-SALUD-ATENCION-CONSULTORIO-FARMACIA-2021-TOTAL-TODOS-P
CALC-ENSANUT-PISOS-SALUD-0001	ATENCION-CONSULTORIO-FARMACIA	SALUD	2022	TOTAL	TODOS	0.179206	0.157832	0.199958			4183	RESULT-ENSANUT-PISOS-SALUD-ATENCION-CONSULTORIO-FARMACIA-2022-TOTAL-TODOS-P
CALC-ENSANUT-PISOS-SALUD-0001	ATENCION-CONSULTORIO-FARMACIA	SALUD	2023	TOTAL	TODOS	0.182163	0.157859	0.208201			2149	RESULT-ENSANUT-PISOS-SALUD-ATENCION-CONSULTORIO-FARMACIA-2023-TOTAL-TODOS-P
CALC-ENSANUT-PISOS-SALUD-0001	ATENCION-CONSULTORIO-FARMACIA	SALUD	2024	TOTAL	TODOS	0.108937	0.092741	0.126120	0.056357	0.200168	3180	RESULT-ENSANUT-PISOS-SALUD-ATENCION-CONSULTORIO-FARMACIA-2024-TOTAL-TODOS-P
CALC-ENSANUT-PISOS-SALUD-0001	ATENCION-CURANDERO-HIERBERO	SALUD	2021	EDAD	0-19	0.000472	0.000000	0.001438			581	RESULT-ENSANUT-PISOS-SALUD-ATENCION-CURANDERO-HIERBERO-2021-EDAD-0-19-P
CALC-ENSANUT-PISOS-SALUD-0001	ATENCION-CURANDERO-HIERBERO	SALUD	2022	EDAD	0-19	0.000453	0.000000	0.001398			1037	RESULT-ENSANUT-PISOS-SALUD-ATENCION-CURANDERO-HIERBERO-2022-EDAD-0-19-P
CALC-ENSANUT-PISOS-SALUD-0001	ATENCION-CURANDERO-HIERBERO	SALUD	2023	EDAD	0-19	0.000000	0.000000	0.000000			533	RESULT-ENSANUT-PISOS-SALUD-ATENCION-CURANDERO-HIERBERO-2023-EDAD-0-19-P
CALC-ENSANUT-PISOS-SALUD-0001	ATENCION-CURANDERO-HIERBERO	SALUD	2024	EDAD	0-19	0.000000	0.000000	0.000000			684	RESULT-ENSANUT-PISOS-SALUD-ATENCION-CURANDERO-HIERBERO-2024-EDAD-0-19-P
CALC-ENSANUT-PISOS-SALUD-0001	ATENCION-CURANDERO-HIERBERO	SALUD	2021	EDAD	20-59	0.001238	0.000000	0.002745			1547	RESULT-ENSANUT-PISOS-SALUD-ATENCION-CURANDERO-HIERBERO-2021-EDAD-20-59-P
CALC-ENSANUT-PISOS-SALUD-0001	ATENCION-CURANDERO-HIERBERO	SALUD	2022	EDAD	20-59	0.001987	0.000241	0.004393			2000	RESULT-ENSANUT-PISOS-SALUD-ATENCION-CURANDERO-HIERBERO-2022-EDAD-20-59-P
CALC-ENSANUT-PISOS-SALUD-0001	ATENCION-CURANDERO-HIERBERO	SALUD	2023	EDAD	20-59	0.000703	0.000000	0.001680			991	RESULT-ENSANUT-PISOS-SALUD-ATENCION-CURANDERO-HIERBERO-2023-EDAD-20-59-P
CALC-ENSANUT-PISOS-SALUD-0001	ATENCION-CURANDERO-HIERBERO	SALUD	2024	EDAD	20-59	0.002436	0.000277	0.004766	0.000169	0.034023	1507	RESULT-ENSANUT-PISOS-SALUD-ATENCION-CURANDERO-HIERBERO-2024-EDAD-20-59-P
CALC-ENSANUT-PISOS-SALUD-0001	ATENCION-CURANDERO-HIERBERO	SALUD	2021	EDAD	60-MAS	0.006176	0.000000	0.013012			836	RESULT-ENSANUT-PISOS-SALUD-ATENCION-CURANDERO-HIERBERO-2021-EDAD-60-MAS-P
CALC-ENSANUT-PISOS-SALUD-0001	ATENCION-CURANDERO-HIERBERO	SALUD	2022	EDAD	60-MAS	0.002057	0.000000	0.005993			1146	RESULT-ENSANUT-PISOS-SALUD-ATENCION-CURANDERO-HIERBERO-2022-EDAD-60-MAS-P
CALC-ENSANUT-PISOS-SALUD-0001	ATENCION-CURANDERO-HIERBERO	SALUD	2023	EDAD	60-MAS	0.000630	0.000000	0.001350			625	RESULT-ENSANUT-PISOS-SALUD-ATENCION-CURANDERO-HIERBERO-2023-EDAD-60-MAS-P
CALC-ENSANUT-PISOS-SALUD-0001	ATENCION-CURANDERO-HIERBERO	SALUD	2024	EDAD	60-MAS	0.004407	0.000313	0.009324	0.000262	0.069483	989	RESULT-ENSANUT-PISOS-SALUD-ATENCION-CURANDERO-HIERBERO-2024-EDAD-60-MAS-P
CALC-ENSANUT-PISOS-SALUD-0001	ATENCION-CURANDERO-HIERBERO	SALUD	2021	ESCOLARIDAD	HASTA-PRIMARIA	0.000849	0.000000	0.002604			797	RESULT-ENSANUT-PISOS-SALUD-ATENCION-CURANDERO-HIERBERO-2021-ESCOLARIDAD-HASTA-PRIMARIA-P
CALC-ENSANUT-PISOS-SALUD-0001	ATENCION-CURANDERO-HIERBERO	SALUD	2022	ESCOLARIDAD	HASTA-PRIMARIA	0.000504	0.000000	0.001301			995	RESULT-ENSANUT-PISOS-SALUD-ATENCION-CURANDERO-HIERBERO-2022-ESCOLARIDAD-HASTA-PRIMARIA-P
CALC-ENSANUT-PISOS-SALUD-0001	ATENCION-CURANDERO-HIERBERO	SALUD	2023	ESCOLARIDAD	HASTA-PRIMARIA	0.000000	0.000000	0.000000			498	RESULT-ENSANUT-PISOS-SALUD-ATENCION-CURANDERO-HIERBERO-2023-ESCOLARIDAD-HASTA-PRIMARIA-P
CALC-ENSANUT-PISOS-SALUD-0001	ATENCION-CURANDERO-HIERBERO	SALUD	2024	ESCOLARIDAD	HASTA-PRIMARIA	0.006702	0.001233	0.013275	0.000722	0.059299	777	RESULT-ENSANUT-PISOS-SALUD-ATENCION-CURANDERO-HIERBERO-2024-ESCOLARIDAD-HASTA-PRIMARIA-P
CALC-ENSANUT-PISOS-SALUD-0001	ATENCION-CURANDERO-HIERBERO	SALUD	2021	ESCOLARIDAD	MEDIA-SUPERIOR	0.008374	0.000000	0.019501			369	RESULT-ENSANUT-PISOS-SALUD-ATENCION-CURANDERO-HIERBERO-2021-ESCOLARIDAD-MEDIA-SUPERIOR-P
CALC-ENSANUT-PISOS-SALUD-0001	ATENCION-CURANDERO-HIERBERO	SALUD	2022	ESCOLARIDAD	MEDIA-SUPERIOR	0.005133	0.000000	0.012469			546	RESULT-ENSANUT-PISOS-SALUD-ATENCION-CURANDERO-HIERBERO-2022-ESCOLARIDAD-MEDIA-SUPERIOR-P
CALC-ENSANUT-PISOS-SALUD-0001	ATENCION-CURANDERO-HIERBERO	SALUD	2023	ESCOLARIDAD	MEDIA-SUPERIOR	0.000000	0.000000	0.000000			286	RESULT-ENSANUT-PISOS-SALUD-ATENCION-CURANDERO-HIERBERO-2023-ESCOLARIDAD-MEDIA-SUPERIOR-P
CALC-ENSANUT-PISOS-SALUD-0001	ATENCION-CURANDERO-HIERBERO	SALUD	2024	ESCOLARIDAD	MEDIA-SUPERIOR	0.000223	0.000000	0.000665			430	RESULT-ENSANUT-PISOS-SALUD-ATENCION-CURANDERO-HIERBERO-2024-ESCOLARIDAD-MEDIA-SUPERIOR-P
CALC-ENSANUT-PISOS-SALUD-0001	ATENCION-CURANDERO-HIERBERO	SALUD	2021	ESCOLARIDAD	SECUNDARIA	0.001313	0.000000	0.004221			662	RESULT-ENSANUT-PISOS-SALUD-ATENCION-CURANDERO-HIERBERO-2021-ESCOLARIDAD-SECUNDARIA-P
CALC-ENSANUT-PISOS-SALUD-0001	ATENCION-CURANDERO-HIERBERO	SALUD	2022	ESCOLARIDAD	SECUNDARIA	0.000285	0.000000	0.000870			942	RESULT-ENSANUT-PISOS-SALUD-ATENCION-CURANDERO-HIERBERO-2022-ESCOLARIDAD-SECUNDARIA-P
CALC-ENSANUT-PISOS-SALUD-0001	ATENCION-CURANDERO-HIERBERO	SALUD	2023	ESCOLARIDAD	SECUNDARIA	0.001072	0.000000	0.003347			464	RESULT-ENSANUT-PISOS-SALUD-ATENCION-CURANDERO-HIERBERO-2023-ESCOLARIDAD-SECUNDARIA-P
CALC-ENSANUT-PISOS-SALUD-0001	ATENCION-CURANDERO-HIERBERO	SALUD	2024	ESCOLARIDAD	SECUNDARIA	0.001297	0.000000	0.003639			682	RESULT-ENSANUT-PISOS-SALUD-ATENCION-CURANDERO-HIERBERO-2024-ESCOLARIDAD-SECUNDARIA-P
CALC-ENSANUT-PISOS-SALUD-0001	ATENCION-CURANDERO-HIERBERO	SALUD	2021	ESCOLARIDAD	SUPERIOR	0.000000	0.000000	0.000000			356	RESULT-ENSANUT-PISOS-SALUD-ATENCION-CURANDERO-HIERBERO-2021-ESCOLARIDAD-SUPERIOR-P
CALC-ENSANUT-PISOS-SALUD-0001	ATENCION-CURANDERO-HIERBERO	SALUD	2022	ESCOLARIDAD	SUPERIOR	0.000503	0.000000	0.001607			446	RESULT-ENSANUT-PISOS-SALUD-ATENCION-CURANDERO-HIERBERO-2022-ESCOLARIDAD-SUPERIOR-P
CALC-ENSANUT-PISOS-SALUD-0001	ATENCION-CURANDERO-HIERBERO	SALUD	2023	ESCOLARIDAD	SUPERIOR	0.000000	0.000000	0.000000			241	RESULT-ENSANUT-PISOS-SALUD-ATENCION-CURANDERO-HIERBERO-2023-ESCOLARIDAD-SUPERIOR-P
CALC-ENSANUT-PISOS-SALUD-0001	ATENCION-CURANDERO-HIERBERO	SALUD	2024	ESCOLARIDAD	SUPERIOR	0.003985	0.000000	0.009200			420	RESULT-ENSANUT-PISOS-SALUD-ATENCION-CURANDERO-HIERBERO-2024-ESCOLARIDAD-SUPERIOR-P
CALC-ENSANUT-PISOS-SALUD-0001	ATENCION-CURANDERO-HIERBERO	SALUD	2021	ESTRATO	METROPOLITANO	0.003198	0.000423	0.006747			1192	RESULT-ENSANUT-PISOS-SALUD-ATENCION-CURANDERO-HIERBERO-2021-ESTRATO-METROPOLITANO-P
CALC-ENSANUT-PISOS-SALUD-0001	ATENCION-CURANDERO-HIERBERO	SALUD	2022	ESTRATO	METROPOLITANO	0.000916	0.000000	0.002316			2078	RESULT-ENSANUT-PISOS-SALUD-ATENCION-CURANDERO-HIERBERO-2022-ESTRATO-METROPOLITANO-P
CALC-ENSANUT-PISOS-SALUD-0001	ATENCION-CURANDERO-HIERBERO	SALUD	2023	ESTRATO	METROPOLITANO	0.000000	0.000000	0.000000			962	RESULT-ENSANUT-PISOS-SALUD-ATENCION-CURANDERO-HIERBERO-2023-ESTRATO-METROPOLITANO-P
CALC-ENSANUT-PISOS-SALUD-0001	ATENCION-CURANDERO-HIERBERO	SALUD	2024	ESTRATO	METROPOLITANO	0.002742	0.000406	0.005276	0.000449	0.016542	1494	RESULT-ENSANUT-PISOS-SALUD-ATENCION-CURANDERO-HIERBERO-2024-ESTRATO-METROPOLITANO-P
CALC-ENSANUT-PISOS-SALUD-0001	ATENCION-CURANDERO-HIERBERO	SALUD	2021	ESTRATO	RURAL	0.003341	0.000000	0.007761			769	RESULT-ENSANUT-PISOS-SALUD-ATENCION-CURANDERO-HIERBERO-2021-ESTRATO-RURAL-P
CALC-ENSANUT-PISOS-SALUD-0001	ATENCION-CURANDERO-HIERBERO	SALUD	2022	ESTRATO	RURAL	0.002999	0.000000	0.008094			959	RESULT-ENSANUT-PISOS-SALUD-ATENCION-CURANDERO-HIERBERO-2022-ESTRATO-RURAL-P
CALC-ENSANUT-PISOS-SALUD-0001	ATENCION-CURANDERO-HIERBERO	SALUD	2023	ESTRATO	RURAL	0.002132	0.000000	0.004481			569	RESULT-ENSANUT-PISOS-SALUD-ATENCION-CURANDERO-HIERBERO-2023-ESTRATO-RURAL-P
CALC-ENSANUT-PISOS-SALUD-0001	ATENCION-CURANDERO-HIERBERO	SALUD	2024	ESTRATO	RURAL	0.002073	0.000000	0.005355			771	RESULT-ENSANUT-PISOS-SALUD-ATENCION-CURANDERO-HIERBERO-2024-ESTRATO-RURAL-P
CALC-ENSANUT-PISOS-SALUD-0001	ATENCION-CURANDERO-HIERBERO	SALUD	2021	ESTRATO	URBANO	0.000000	0.000000	0.000000			1004	RESULT-ENSANUT-PISOS-SALUD-ATENCION-CURANDERO-HIERBERO-2021-ESTRATO-URBANO-P
CALC-ENSANUT-PISOS-SALUD-0001	ATENCION-CURANDERO-HIERBERO	SALUD	2022	ESTRATO	URBANO	0.001647	0.000000	0.004632			1146	RESULT-ENSANUT-PISOS-SALUD-ATENCION-CURANDERO-HIERBERO-2022-ESTRATO-URBANO-P
CALC-ENSANUT-PISOS-SALUD-0001	ATENCION-CURANDERO-HIERBERO	SALUD	2023	ESTRATO	URBANO	0.000000	0.000000	0.000000			618	RESULT-ENSANUT-PISOS-SALUD-ATENCION-CURANDERO-HIERBERO-2023-ESTRATO-URBANO-P
CALC-ENSANUT-PISOS-SALUD-0001	ATENCION-CURANDERO-HIERBERO	SALUD	2024	ESTRATO	URBANO	0.001835	0.000000	0.005269			915	RESULT-ENSANUT-PISOS-SALUD-ATENCION-CURANDERO-HIERBERO-2024-ESTRATO-URBANO-P
CALC-ENSANUT-PISOS-SALUD-0001	ATENCION-CURANDERO-HIERBERO	SALUD	2021	SEXO	HOMBRE	0.004160	0.000953	0.008111			1115	RESULT-ENSANUT-PISOS-SALUD-ATENCION-CURANDERO-HIERBERO-2021-SEXO-HOMBRE-P
CALC-ENSANUT-PISOS-SALUD-0001	ATENCION-CURANDERO-HIERBERO	SALUD	2022	SEXO	HOMBRE	0.000765	0.000000	0.002138			1600	RESULT-ENSANUT-PISOS-SALUD-ATENCION-CURANDERO-HIERBERO-2022-SEXO-HOMBRE-P
CALC-ENSANUT-PISOS-SALUD-0001	ATENCION-CURANDERO-HIERBERO	SALUD	2023	SEXO	HOMBRE	0.000331	0.000000	0.000697			873	RESULT-ENSANUT-PISOS-SALUD-ATENCION-CURANDERO-HIERBERO-2023-SEXO-HOMBRE-P
CALC-ENSANUT-PISOS-SALUD-0001	ATENCION-CURANDERO-HIERBERO	SALUD	2024	SEXO	HOMBRE	0.003229	0.000215	0.006530	0.000121	0.080074	1199	RESULT-ENSANUT-PISOS-SALUD-ATENCION-CURANDERO-HIERBERO-2024-SEXO-HOMBRE-P
CALC-ENSANUT-PISOS-SALUD-0001	ATENCION-CURANDERO-HIERBERO	SALUD	2021	SEXO	MUJER	0.000847	0.000000	0.002582			1850	RESULT-ENSANUT-PISOS-SALUD-ATENCION-CURANDERO-HIERBERO-2021-SEXO-MUJER-P
CALC-ENSANUT-PISOS-SALUD-0001	ATENCION-CURANDERO-HIERBERO	SALUD	2022	SEXO	MUJER	0.002139	0.000238	0.004549			2583	RESULT-ENSANUT-PISOS-SALUD-ATENCION-CURANDERO-HIERBERO-2022-SEXO-MUJER-P
CALC-ENSANUT-PISOS-SALUD-0001	ATENCION-CURANDERO-HIERBERO	SALUD	2023	SEXO	MUJER	0.000599	0.000000	0.001405			1276	RESULT-ENSANUT-PISOS-SALUD-ATENCION-CURANDERO-HIERBERO-2023-SEXO-MUJER-P
CALC-ENSANUT-PISOS-SALUD-0001	ATENCION-CURANDERO-HIERBERO	SALUD	2024	SEXO	MUJER	0.001695	0.000269	0.003436	0.000077	0.035885	1981	RESULT-ENSANUT-PISOS-SALUD-ATENCION-CURANDERO-HIERBERO-2024-SEXO-MUJER-P
CALC-ENSANUT-PISOS-SALUD-0001	ATENCION-CURANDERO-HIERBERO	SALUD	2021	TOTAL	TODOS	0.002216	0.000635	0.004069			2965	RESULT-ENSANUT-PISOS-SALUD-ATENCION-CURANDERO-HIERBERO-2021-TOTAL-TODOS-P
CALC-ENSANUT-PISOS-SALUD-0001	ATENCION-CURANDERO-HIERBERO	SALUD	2022	TOTAL	TODOS	0.001566	0.000459	0.003033			4183	RESULT-ENSANUT-PISOS-SALUD-ATENCION-CURANDERO-HIERBERO-2022-TOTAL-TODOS-P
CALC-ENSANUT-PISOS-SALUD-0001	ATENCION-CURANDERO-HIERBERO	SALUD	2023	TOTAL	TODOS	0.000481	0.000000	0.001019			2149	RESULT-ENSANUT-PISOS-SALUD-ATENCION-CURANDERO-HIERBERO-2023-TOTAL-TODOS-P
CALC-ENSANUT-PISOS-SALUD-0001	ATENCION-CURANDERO-HIERBERO	SALUD	2024	TOTAL	TODOS	0.002343	0.000838	0.004118	0.000211	0.025436	3180	RESULT-ENSANUT-PISOS-SALUD-ATENCION-CURANDERO-HIERBERO-2024-TOTAL-TODOS-P
CALC-ENSANUT-PISOS-SALUD-0001	BUSCO-ATENCION	SALUD	2021	EDAD	0-9	0.893800	0.870916	0.914709			1079	RESULT-ENSANUT-PISOS-SALUD-BUSCO-ATENCION-2021-EDAD-0-9-P
CALC-ENSANUT-PISOS-SALUD-0001	BUSCO-ATENCION	SALUD	2022	EDAD	0-9	0.910957	0.891017	0.929332			1378	RESULT-ENSANUT-PISOS-SALUD-BUSCO-ATENCION-2022-EDAD-0-9-P
CALC-ENSANUT-PISOS-SALUD-0001	BUSCO-ATENCION	SALUD	2023	EDAD	0-9	0.961317	0.937534	0.978236			714	RESULT-ENSANUT-PISOS-SALUD-BUSCO-ATENCION-2023-EDAD-0-9-P
CALC-ENSANUT-PISOS-SALUD-0001	BUSCO-ATENCION	SALUD	2024	EDAD	0-9	0.907511	0.882058	0.929385	0.790631	0.962258	1082	RESULT-ENSANUT-PISOS-SALUD-BUSCO-ATENCION-2024-EDAD-0-9-P
CALC-ENSANUT-PISOS-SALUD-0001	BUSCO-ATENCION	SALUD	2021	EDAD	10-19	0.832548	0.797677	0.865674			865	RESULT-ENSANUT-PISOS-SALUD-BUSCO-ATENCION-2021-EDAD-10-19-P
CALC-ENSANUT-PISOS-SALUD-0001	BUSCO-ATENCION	SALUD	2022	EDAD	10-19	0.817581	0.791920	0.844101			950	RESULT-ENSANUT-PISOS-SALUD-BUSCO-ATENCION-2022-EDAD-10-19-P
CALC-ENSANUT-PISOS-SALUD-0001	BUSCO-ATENCION	SALUD	2023	EDAD	10-19	0.882953	0.844095	0.922050			530	RESULT-ENSANUT-PISOS-SALUD-BUSCO-ATENCION-2023-EDAD-10-19-P
CALC-ENSANUT-PISOS-SALUD-0001	BUSCO-ATENCION	SALUD	2024	EDAD	10-19	0.826836	0.787583	0.864041	0.648464	0.925147	940	RESULT-ENSANUT-PISOS-SALUD-BUSCO-ATENCION-2024-EDAD-10-19-P
CALC-ENSANUT-PISOS-SALUD-0001	BUSCO-ATENCION	SALUD	2021	EDAD	20-59	0.874544	0.862043	0.885965			4887	RESULT-ENSANUT-PISOS-SALUD-BUSCO-ATENCION-2021-EDAD-20-59-P
CALC-ENSANUT-PISOS-SALUD-0001	BUSCO-ATENCION	SALUD	2022	EDAD	20-59	0.838534	0.824524	0.852257			4313	RESULT-ENSANUT-PISOS-SALUD-BUSCO-ATENCION-2022-EDAD-20-59-P
CALC-ENSANUT-PISOS-SALUD-0001	BUSCO-ATENCION	SALUD	2023	EDAD	20-59	0.880159	0.862506	0.897162			2433	RESULT-ENSANUT-PISOS-SALUD-BUSCO-ATENCION-2023-EDAD-20-59-P
CALC-ENSANUT-PISOS-SALUD-0001	BUSCO-ATENCION	SALUD	2024	EDAD	20-59	0.846680	0.828690	0.864532	0.687021	0.932853	4329	RESULT-ENSANUT-PISOS-SALUD-BUSCO-ATENCION-2024-EDAD-20-59-P
CALC-ENSANUT-PISOS-SALUD-0001	BUSCO-ATENCION	SALUD	2021	EDAD	60-MAS	0.892849	0.877004	0.908334			2216	RESULT-ENSANUT-PISOS-SALUD-BUSCO-ATENCION-2021-EDAD-60-MAS-P
CALC-ENSANUT-PISOS-SALUD-0001	BUSCO-ATENCION	SALUD	2022	EDAD	60-MAS	0.891534	0.874207	0.906443			2218	RESULT-ENSANUT-PISOS-SALUD-BUSCO-ATENCION-2022-EDAD-60-MAS-P
CALC-ENSANUT-PISOS-SALUD-0001	BUSCO-ATENCION	SALUD	2023	EDAD	60-MAS	0.915780	0.898100	0.931578			1278	RESULT-ENSANUT-PISOS-SALUD-BUSCO-ATENCION-2023-EDAD-60-MAS-P
CALC-ENSANUT-PISOS-SALUD-0001	BUSCO-ATENCION	SALUD	2024	EDAD	60-MAS	0.931761	0.917176	0.944760	0.842429	0.972124	2451	RESULT-ENSANUT-PISOS-SALUD-BUSCO-ATENCION-2024-EDAD-60-MAS-P
CALC-ENSANUT-PISOS-SALUD-0001	BUSCO-ATENCION	SALUD	2021	ESCOLARIDAD	HASTA-PRIMARIA	0.862117	0.841405	0.881306			2231	RESULT-ENSANUT-PISOS-SALUD-BUSCO-ATENCION-2021-ESCOLARIDAD-HASTA-PRIMARIA-P
CALC-ENSANUT-PISOS-SALUD-0001	BUSCO-ATENCION	SALUD	2022	ESCOLARIDAD	HASTA-PRIMARIA	0.842760	0.822134	0.862728			1998	RESULT-ENSANUT-PISOS-SALUD-BUSCO-ATENCION-2022-ESCOLARIDAD-HASTA-PRIMARIA-P
CALC-ENSANUT-PISOS-SALUD-0001	BUSCO-ATENCION	SALUD	2023	ESCOLARIDAD	HASTA-PRIMARIA	0.888175	0.870579	0.904355			1103	RESULT-ENSANUT-PISOS-SALUD-BUSCO-ATENCION-2023-ESCOLARIDAD-HASTA-PRIMARIA-P
CALC-ENSANUT-PISOS-SALUD-0001	BUSCO-ATENCION	SALUD	2024	ESCOLARIDAD	HASTA-PRIMARIA	0.861378	0.839606	0.880825	0.768880	0.920676	2066	RESULT-ENSANUT-PISOS-SALUD-BUSCO-ATENCION-2024-ESCOLARIDAD-HASTA-PRIMARIA-P
CALC-ENSANUT-PISOS-SALUD-0001	BUSCO-ATENCION	SALUD	2021	ESCOLARIDAD	MEDIA-SUPERIOR	0.879459	0.855714	0.902069			1226	RESULT-ENSANUT-PISOS-SALUD-BUSCO-ATENCION-2021-ESCOLARIDAD-MEDIA-SUPERIOR-P
CALC-ENSANUT-PISOS-SALUD-0001	BUSCO-ATENCION	SALUD	2022	ESCOLARIDAD	MEDIA-SUPERIOR	0.871084	0.848213	0.893241			1179	RESULT-ENSANUT-PISOS-SALUD-BUSCO-ATENCION-2022-ESCOLARIDAD-MEDIA-SUPERIOR-P
CALC-ENSANUT-PISOS-SALUD-0001	BUSCO-ATENCION	SALUD	2023	ESCOLARIDAD	MEDIA-SUPERIOR	0.874520	0.844044	0.903851			721	RESULT-ENSANUT-PISOS-SALUD-BUSCO-ATENCION-2023-ESCOLARIDAD-MEDIA-SUPERIOR-P
CALC-ENSANUT-PISOS-SALUD-0001	BUSCO-ATENCION	SALUD	2024	ESCOLARIDAD	MEDIA-SUPERIOR	0.892632	0.867988	0.914946	0.812892	0.940861	1218	RESULT-ENSANUT-PISOS-SALUD-BUSCO-ATENCION-2024-ESCOLARIDAD-MEDIA-SUPERIOR-P
CALC-ENSANUT-PISOS-SALUD-0001	BUSCO-ATENCION	SALUD	2021	ESCOLARIDAD	SECUNDARIA	0.869645	0.851404	0.885972			1967	RESULT-ENSANUT-PISOS-SALUD-BUSCO-ATENCION-2021-ESCOLARIDAD-SECUNDARIA-P
CALC-ENSANUT-PISOS-SALUD-0001	BUSCO-ATENCION	SALUD	2022	ESCOLARIDAD	SECUNDARIA	0.848860	0.826777	0.869856			1881	RESULT-ENSANUT-PISOS-SALUD-BUSCO-ATENCION-2022-ESCOLARIDAD-SECUNDARIA-P
CALC-ENSANUT-PISOS-SALUD-0001	BUSCO-ATENCION	SALUD	2023	ESCOLARIDAD	SECUNDARIA	0.893478	0.869268	0.915652			1070	RESULT-ENSANUT-PISOS-SALUD-BUSCO-ATENCION-2023-ESCOLARIDAD-SECUNDARIA-P
CALC-ENSANUT-PISOS-SALUD-0001	BUSCO-ATENCION	SALUD	2024	ESCOLARIDAD	SECUNDARIA	0.873083	0.850386	0.893267	0.785430	0.928202	1895	RESULT-ENSANUT-PISOS-SALUD-BUSCO-ATENCION-2024-ESCOLARIDAD-SECUNDARIA-P
CALC-ENSANUT-PISOS-SALUD-0001	BUSCO-ATENCION	SALUD	2021	ESCOLARIDAD	SUPERIOR	0.935780	0.919606	0.950603			1111	RESULT-ENSANUT-PISOS-SALUD-BUSCO-ATENCION-2021-ESCOLARIDAD-SUPERIOR-P
CALC-ENSANUT-PISOS-SALUD-0001	BUSCO-ATENCION	SALUD	2022	ESCOLARIDAD	SUPERIOR	0.875782	0.854048	0.897387			975	RESULT-ENSANUT-PISOS-SALUD-BUSCO-ATENCION-2022-ESCOLARIDAD-SUPERIOR-P
CALC-ENSANUT-PISOS-SALUD-0001	BUSCO-ATENCION	SALUD	2023	ESCOLARIDAD	SUPERIOR	0.901606	0.878486	0.925329			569	RESULT-ENSANUT-PISOS-SALUD-BUSCO-ATENCION-2023-ESCOLARIDAD-SUPERIOR-P
CALC-ENSANUT-PISOS-SALUD-0001	BUSCO-ATENCION	SALUD	2024	ESCOLARIDAD	SUPERIOR	0.886904	0.858336	0.915223	0.801096	0.938535	1147	RESULT-ENSANUT-PISOS-SALUD-BUSCO-ATENCION-2024-ESCOLARIDAD-SUPERIOR-P
CALC-ENSANUT-PISOS-SALUD-0001	BUSCO-ATENCION	SALUD	2021	ESTRATO	METROPOLITANO	0.899554	0.884026	0.914302			3896	RESULT-ENSANUT-PISOS-SALUD-BUSCO-ATENCION-2021-ESTRATO-METROPOLITANO-P
CALC-ENSANUT-PISOS-SALUD-0001	BUSCO-ATENCION	SALUD	2022	ESTRATO	METROPOLITANO	0.886669	0.873864	0.899493			4166	RESULT-ENSANUT-PISOS-SALUD-BUSCO-ATENCION-2022-ESTRATO-METROPOLITANO-P
CALC-ENSANUT-PISOS-SALUD-0001	BUSCO-ATENCION	SALUD	2023	ESTRATO	METROPOLITANO	0.902893	0.884708	0.920611			2234	RESULT-ENSANUT-PISOS-SALUD-BUSCO-ATENCION-2023-ESTRATO-METROPOLITANO-P
CALC-ENSANUT-PISOS-SALUD-0001	BUSCO-ATENCION	SALUD	2024	ESTRATO	METROPOLITANO	0.905196	0.890105	0.919944	0.814384	0.954084	3939	RESULT-ENSANUT-PISOS-SALUD-BUSCO-ATENCION-2024-ESTRATO-METROPOLITANO-P
CALC-ENSANUT-PISOS-SALUD-0001	BUSCO-ATENCION	SALUD	2021	ESTRATO	RURAL	0.841940	0.822911	0.862756			2297	RESULT-ENSANUT-PISOS-SALUD-BUSCO-ATENCION-2021-ESTRATO-RURAL-P
CALC-ENSANUT-PISOS-SALUD-0001	BUSCO-ATENCION	SALUD	2022	ESTRATO	RURAL	0.818731	0.793333	0.845717			2205	RESULT-ENSANUT-PISOS-SALUD-BUSCO-ATENCION-2022-ESTRATO-RURAL-P
CALC-ENSANUT-PISOS-SALUD-0001	BUSCO-ATENCION	SALUD	2023	ESTRATO	RURAL	0.896349	0.874022	0.918119			1236	RESULT-ENSANUT-PISOS-SALUD-BUSCO-ATENCION-2023-ESTRATO-RURAL-P
CALC-ENSANUT-PISOS-SALUD-0001	BUSCO-ATENCION	SALUD	2024	ESTRATO	RURAL	0.843758	0.819903	0.866905	0.712573	0.921652	2272	RESULT-ENSANUT-PISOS-SALUD-BUSCO-ATENCION-2024-ESTRATO-RURAL-P
CALC-ENSANUT-PISOS-SALUD-0001	BUSCO-ATENCION	SALUD	2021	ESTRATO	URBANO	0.870413	0.854156	0.884057			2859	RESULT-ENSANUT-PISOS-SALUD-BUSCO-ATENCION-2021-ESTRATO-URBANO-P
CALC-ENSANUT-PISOS-SALUD-0001	BUSCO-ATENCION	SALUD	2022	ESTRATO	URBANO	0.849830	0.829082	0.869241			2489	RESULT-ENSANUT-PISOS-SALUD-BUSCO-ATENCION-2022-ESTRATO-URBANO-P
CALC-ENSANUT-PISOS-SALUD-0001	BUSCO-ATENCION	SALUD	2023	ESTRATO	URBANO	0.905945	0.890732	0.920827			1486	RESULT-ENSANUT-PISOS-SALUD-BUSCO-ATENCION-2023-ESTRATO-URBANO-P
CALC-ENSANUT-PISOS-SALUD-0001	BUSCO-ATENCION	SALUD	2024	ESTRATO	URBANO	0.846242	0.815280	0.874124	0.713939	0.923879	2594	RESULT-ENSANUT-PISOS-SALUD-BUSCO-ATENCION-2024-ESTRATO-URBANO-P
CALC-ENSANUT-PISOS-SALUD-0001	BUSCO-ATENCION	SALUD	2021	SEXO	HOMBRE	0.851830	0.836903	0.866306			3790	RESULT-ENSANUT-PISOS-SALUD-BUSCO-ATENCION-2021-SEXO-HOMBRE-P
CALC-ENSANUT-PISOS-SALUD-0001	BUSCO-ATENCION	SALUD	2022	SEXO	HOMBRE	0.835680	0.821052	0.849876			3646	RESULT-ENSANUT-PISOS-SALUD-BUSCO-ATENCION-2022-SEXO-HOMBRE-P
CALC-ENSANUT-PISOS-SALUD-0001	BUSCO-ATENCION	SALUD	2023	SEXO	HOMBRE	0.888734	0.872304	0.904353			2055	RESULT-ENSANUT-PISOS-SALUD-BUSCO-ATENCION-2023-SEXO-HOMBRE-P
CALC-ENSANUT-PISOS-SALUD-0001	BUSCO-ATENCION	SALUD	2024	SEXO	HOMBRE	0.859201	0.843175	0.874539	0.769447	0.917749	3549	RESULT-ENSANUT-PISOS-SALUD-BUSCO-ATENCION-2024-SEXO-HOMBRE-P
CALC-ENSANUT-PISOS-SALUD-0001	BUSCO-ATENCION	SALUD	2021	SEXO	MUJER	0.896098	0.886298	0.905580			5262	RESULT-ENSANUT-PISOS-SALUD-BUSCO-ATENCION-2021-SEXO-MUJER-P
CALC-ENSANUT-PISOS-SALUD-0001	BUSCO-ATENCION	SALUD	2022	SEXO	MUJER	0.879455	0.867070	0.891775			5214	RESULT-ENSANUT-PISOS-SALUD-BUSCO-ATENCION-2022-SEXO-MUJER-P
CALC-ENSANUT-PISOS-SALUD-0001	BUSCO-ATENCION	SALUD	2023	SEXO	MUJER	0.913130	0.900738	0.926061			2901	RESULT-ENSANUT-PISOS-SALUD-BUSCO-ATENCION-2023-SEXO-MUJER-P
CALC-ENSANUT-PISOS-SALUD-0001	BUSCO-ATENCION	SALUD	2024	SEXO	MUJER	0.886224	0.868847	0.902637	0.808440	0.934965	5256	RESULT-ENSANUT-PISOS-SALUD-BUSCO-ATENCION-2024-SEXO-MUJER-P
CALC-ENSANUT-PISOS-SALUD-0001	BUSCO-ATENCION	SALUD	2021	TOTAL	TODOS	0.877094	0.867594	0.886524			9052	RESULT-ENSANUT-PISOS-SALUD-BUSCO-ATENCION-2021-TOTAL-TODOS-P
CALC-ENSANUT-PISOS-SALUD-0001	BUSCO-ATENCION	SALUD	2022	TOTAL	TODOS	0.860668	0.849413	0.871294			8860	RESULT-ENSANUT-PISOS-SALUD-BUSCO-ATENCION-2022-TOTAL-TODOS-P
CALC-ENSANUT-PISOS-SALUD-0001	BUSCO-ATENCION	SALUD	2023	TOTAL	TODOS	0.902261	0.891582	0.913484			4956	RESULT-ENSANUT-PISOS-SALUD-BUSCO-ATENCION-2023-TOTAL-TODOS-P
CALC-ENSANUT-PISOS-SALUD-0001	BUSCO-ATENCION	SALUD	2024	TOTAL	TODOS	0.874604	0.860955	0.887336	0.794458	0.926394	8805	RESULT-ENSANUT-PISOS-SALUD-BUSCO-ATENCION-2024-TOTAL-TODOS-P
CALC-ENSANUT-PISOS-SALUD-0001	DX-DIABETES	SALUD	2021	EDAD	20-39	0.020651	0.015242	0.027662			5486	RESULT-ENSANUT-PISOS-SALUD-DX-DIABETES-2021-EDAD-20-39-P
CALC-ENSANUT-PISOS-SALUD-0001	DX-DIABETES	SALUD	2022	EDAD	20-39	0.018800	0.013734	0.024117			4569	RESULT-ENSANUT-PISOS-SALUD-DX-DIABETES-2022-EDAD-20-39-P
CALC-ENSANUT-PISOS-SALUD-0001	DX-DIABETES	SALUD	2023	EDAD	20-39	0.017184	0.012960	0.021706			2592	RESULT-ENSANUT-PISOS-SALUD-DX-DIABETES-2023-EDAD-20-39-P
CALC-ENSANUT-PISOS-SALUD-0001	DX-DIABETES	SALUD	2024	EDAD	20-39	0.016077	0.010013	0.023625	0.010266	0.025092	4946	RESULT-ENSANUT-PISOS-SALUD-DX-DIABETES-2024-EDAD-20-39-P
CALC-ENSANUT-PISOS-SALUD-0001	DX-DIABETES	SALUD	2021	EDAD	40-59	0.128022	0.116878	0.140197			5003	RESULT-ENSANUT-PISOS-SALUD-DX-DIABETES-2021-EDAD-40-59-P
CALC-ENSANUT-PISOS-SALUD-0001	DX-DIABETES	SALUD	2022	EDAD	40-59	0.136380	0.124431	0.148862			4537	RESULT-ENSANUT-PISOS-SALUD-DX-DIABETES-2022-EDAD-40-59-P
CALC-ENSANUT-PISOS-SALUD-0001	DX-DIABETES	SALUD	2023	EDAD	40-59	0.135310	0.122070	0.149386			2587	RESULT-ENSANUT-PISOS-SALUD-DX-DIABETES-2023-EDAD-40-59-P
CALC-ENSANUT-PISOS-SALUD-0001	DX-DIABETES	SALUD	2024	EDAD	40-59	0.128335	0.115129	0.143096	0.109665	0.149650	4852	RESULT-ENSANUT-PISOS-SALUD-DX-DIABETES-2024-EDAD-40-59-P
CALC-ENSANUT-PISOS-SALUD-0001	DX-DIABETES	SALUD	2021	EDAD	60-MAS	0.254977	0.234050	0.276324			2902	RESULT-ENSANUT-PISOS-SALUD-DX-DIABETES-2021-EDAD-60-MAS-P
CALC-ENSANUT-PISOS-SALUD-0001	DX-DIABETES	SALUD	2022	EDAD	60-MAS	0.261508	0.238018	0.286100			2807	RESULT-ENSANUT-PISOS-SALUD-DX-DIABETES-2022-EDAD-60-MAS-P
CALC-ENSANUT-PISOS-SALUD-0001	DX-DIABETES	SALUD	2023	EDAD	60-MAS	0.276297	0.255482	0.297448			1593	RESULT-ENSANUT-PISOS-SALUD-DX-DIABETES-2023-EDAD-60-MAS-P
CALC-ENSANUT-PISOS-SALUD-0001	DX-DIABETES	SALUD	2024	EDAD	60-MAS	0.275548	0.253383	0.298546	0.242842	0.310851	3126	RESULT-ENSANUT-PISOS-SALUD-DX-DIABETES-2024-EDAD-60-MAS-P
CALC-ENSANUT-PISOS-SALUD-0001	DX-DIABETES	SALUD	2021	ESCOLARIDAD	HASTA-PRIMARIA	0.179479	0.165054	0.194011			3616	RESULT-ENSANUT-PISOS-SALUD-DX-DIABETES-2021-ESCOLARIDAD-HASTA-PRIMARIA-P
CALC-ENSANUT-PISOS-SALUD-0001	DX-DIABETES	SALUD	2022	ESCOLARIDAD	HASTA-PRIMARIA	0.173993	0.156571	0.193418			3212	RESULT-ENSANUT-PISOS-SALUD-DX-DIABETES-2022-ESCOLARIDAD-HASTA-PRIMARIA-P
CALC-ENSANUT-PISOS-SALUD-0001	DX-DIABETES	SALUD	2023	ESCOLARIDAD	HASTA-PRIMARIA	0.185990	0.167346	0.206008			1689	RESULT-ENSANUT-PISOS-SALUD-DX-DIABETES-2023-ESCOLARIDAD-HASTA-PRIMARIA-P
CALC-ENSANUT-PISOS-SALUD-0001	DX-DIABETES	SALUD	2024	ESCOLARIDAD	HASTA-PRIMARIA	0.197816	0.181069	0.214553	0.157614	0.245285	3201	RESULT-ENSANUT-PISOS-SALUD-DX-DIABETES-2024-ESCOLARIDAD-HASTA-PRIMARIA-P
CALC-ENSANUT-PISOS-SALUD-0001	DX-DIABETES	SALUD	2021	ESCOLARIDAD	MEDIA-SUPERIOR	0.061668	0.047275	0.078472			2664	RESULT-ENSANUT-PISOS-SALUD-DX-DIABETES-2021-ESCOLARIDAD-MEDIA-SUPERIOR-P
CALC-ENSANUT-PISOS-SALUD-0001	DX-DIABETES	SALUD	2022	ESCOLARIDAD	MEDIA-SUPERIOR	0.061950	0.051083	0.073536			2315	RESULT-ENSANUT-PISOS-SALUD-DX-DIABETES-2022-ESCOLARIDAD-MEDIA-SUPERIOR-P
CALC-ENSANUT-PISOS-SALUD-0001	DX-DIABETES	SALUD	2023	ESCOLARIDAD	MEDIA-SUPERIOR	0.061448	0.049345	0.074243			1491	RESULT-ENSANUT-PISOS-SALUD-DX-DIABETES-2023-ESCOLARIDAD-MEDIA-SUPERIOR-P
CALC-ENSANUT-PISOS-SALUD-0001	DX-DIABETES	SALUD	2024	ESCOLARIDAD	MEDIA-SUPERIOR	0.064031	0.048495	0.080203	0.045108	0.090142	2762	RESULT-ENSANUT-PISOS-SALUD-DX-DIABETES-2024-ESCOLARIDAD-MEDIA-SUPERIOR-P
CALC-ENSANUT-PISOS-SALUD-0001	DX-DIABETES	SALUD	2021	ESCOLARIDAD	SECUNDARIA	0.090902	0.081210	0.102144			4061	RESULT-ENSANUT-PISOS-SALUD-DX-DIABETES-2021-ESCOLARIDAD-SECUNDARIA-P
CALC-ENSANUT-PISOS-SALUD-0001	DX-DIABETES	SALUD	2022	ESCOLARIDAD	SECUNDARIA	0.113769	0.099328	0.129343			3607	RESULT-ENSANUT-PISOS-SALUD-DX-DIABETES-2022-ESCOLARIDAD-SECUNDARIA-P
CALC-ENSANUT-PISOS-SALUD-0001	DX-DIABETES	SALUD	2023	ESCOLARIDAD	SECUNDARIA	0.120514	0.106405	0.135216			2054	RESULT-ENSANUT-PISOS-SALUD-DX-DIABETES-2023-ESCOLARIDAD-SECUNDARIA-P
CALC-ENSANUT-PISOS-SALUD-0001	DX-DIABETES	SALUD	2024	ESCOLARIDAD	SECUNDARIA	0.094506	0.081552	0.108381	0.071803	0.123434	3809	RESULT-ENSANUT-PISOS-SALUD-DX-DIABETES-2024-ESCOLARIDAD-SECUNDARIA-P
CALC-ENSANUT-PISOS-SALUD-0001	DX-DIABETES	SALUD	2021	ESCOLARIDAD	SUPERIOR	0.055924	0.042217	0.070638			2287	RESULT-ENSANUT-PISOS-SALUD-DX-DIABETES-2021-ESCOLARIDAD-SUPERIOR-P
CALC-ENSANUT-PISOS-SALUD-0001	DX-DIABETES	SALUD	2022	ESCOLARIDAD	SUPERIOR	0.053135	0.041868	0.066201			2101	RESULT-ENSANUT-PISOS-SALUD-DX-DIABETES-2022-ESCOLARIDAD-SUPERIOR-P
CALC-ENSANUT-PISOS-SALUD-0001	DX-DIABETES	SALUD	2023	ESCOLARIDAD	SUPERIOR	0.064657	0.053618	0.076746			1209	RESULT-ENSANUT-PISOS-SALUD-DX-DIABETES-2023-ESCOLARIDAD-SUPERIOR-P
CALC-ENSANUT-PISOS-SALUD-0001	DX-DIABETES	SALUD	2024	ESCOLARIDAD	SUPERIOR	0.064025	0.050402	0.077557	0.046276	0.087953	2518	RESULT-ENSANUT-PISOS-SALUD-DX-DIABETES-2024-ESCOLARIDAD-SUPERIOR-P
CALC-ENSANUT-PISOS-SALUD-0001	DX-DIABETES	SALUD	2021	ESTRATO	METROPOLITANO	0.104294	0.094630	0.114811			6077	RESULT-ENSANUT-PISOS-SALUD-DX-DIABETES-2021-ESTRATO-METROPOLITANO-P
CALC-ENSANUT-PISOS-SALUD-0001	DX-DIABETES	SALUD	2022	ESTRATO	METROPOLITANO	0.110006	0.100277	0.120238			5637	RESULT-ENSANUT-PISOS-SALUD-DX-DIABETES-2022-ESTRATO-METROPOLITANO-P
CALC-ENSANUT-PISOS-SALUD-0001	DX-DIABETES	SALUD	2023	ESTRATO	METROPOLITANO	0.105733	0.093668	0.118387			2801	RESULT-ENSANUT-PISOS-SALUD-DX-DIABETES-2023-ESTRATO-METROPOLITANO-P
CALC-ENSANUT-PISOS-SALUD-0001	DX-DIABETES	SALUD	2024	ESTRATO	METROPOLITANO	0.114575	0.100654	0.128859	0.083842	0.154671	5807	RESULT-ENSANUT-PISOS-SALUD-DX-DIABETES-2024-ESTRATO-METROPOLITANO-P
CALC-ENSANUT-PISOS-SALUD-0001	DX-DIABETES	SALUD	2021	ESTRATO	RURAL	0.092035	0.083457	0.100321			3184	RESULT-ENSANUT-PISOS-SALUD-DX-DIABETES-2021-ESTRATO-RURAL-P
CALC-ENSANUT-PISOS-SALUD-0001	DX-DIABETES	SALUD	2022	ESTRATO	RURAL	0.102513	0.088337	0.116756			2885	RESULT-ENSANUT-PISOS-SALUD-DX-DIABETES-2022-ESTRATO-RURAL-P
CALC-ENSANUT-PISOS-SALUD-0001	DX-DIABETES	SALUD	2023	ESTRATO	RURAL	0.129643	0.118439	0.141747			1683	RESULT-ENSANUT-PISOS-SALUD-DX-DIABETES-2023-ESTRATO-RURAL-P
CALC-ENSANUT-PISOS-SALUD-0001	DX-DIABETES	SALUD	2024	ESTRATO	RURAL	0.094178	0.080557	0.108663	0.067787	0.129419	3183	RESULT-ENSANUT-PISOS-SALUD-DX-DIABETES-2024-ESTRATO-RURAL-P
CALC-ENSANUT-PISOS-SALUD-0001	DX-DIABETES	SALUD	2021	ESTRATO	URBANO	0.105520	0.092835	0.119999			4130	RESULT-ENSANUT-PISOS-SALUD-DX-DIABETES-2021-ESTRATO-URBANO-P
CALC-ENSANUT-PISOS-SALUD-0001	DX-DIABETES	SALUD	2022	ESTRATO	URBANO	0.110122	0.097919	0.123065			3391	RESULT-ENSANUT-PISOS-SALUD-DX-DIABETES-2022-ESTRATO-URBANO-P
CALC-ENSANUT-PISOS-SALUD-0001	DX-DIABETES	SALUD	2023	ESTRATO	URBANO	0.103418	0.088153	0.119019			2288	RESULT-ENSANUT-PISOS-SALUD-DX-DIABETES-2023-ESTRATO-URBANO-P
CALC-ENSANUT-PISOS-SALUD-0001	DX-DIABETES	SALUD	2024	ESTRATO	URBANO	0.105840	0.092451	0.120780	0.076949	0.143887	3934	RESULT-ENSANUT-PISOS-SALUD-DX-DIABETES-2024-ESTRATO-URBANO-P
CALC-ENSANUT-PISOS-SALUD-0001	DX-DIABETES	SALUD	2021	SEXO	HOMBRE	0.090271	0.081517	0.099571			5232	RESULT-ENSANUT-PISOS-SALUD-DX-DIABETES-2021-SEXO-HOMBRE-P
CALC-ENSANUT-PISOS-SALUD-0001	DX-DIABETES	SALUD	2022	SEXO	HOMBRE	0.102256	0.092625	0.112632			4724	RESULT-ENSANUT-PISOS-SALUD-DX-DIABETES-2022-SEXO-HOMBRE-P
CALC-ENSANUT-PISOS-SALUD-0001	DX-DIABETES	SALUD	2023	SEXO	HOMBRE	0.097834	0.086944	0.109495			2723	RESULT-ENSANUT-PISOS-SALUD-DX-DIABETES-2023-SEXO-HOMBRE-P
CALC-ENSANUT-PISOS-SALUD-0001	DX-DIABETES	SALUD	2024	SEXO	HOMBRE	0.094453	0.084135	0.105058	0.080164	0.110982	5392	RESULT-ENSANUT-PISOS-SALUD-DX-DIABETES-2024-SEXO-HOMBRE-P
CALC-ENSANUT-PISOS-SALUD-0001	DX-DIABETES	SALUD	2021	SEXO	MUJER	0.113174	0.104581	0.122371			8159	RESULT-ENSANUT-PISOS-SALUD-DX-DIABETES-2021-SEXO-MUJER-P
CALC-ENSANUT-PISOS-SALUD-0001	DX-DIABETES	SALUD	2022	SEXO	MUJER	0.114289	0.106003	0.122792			7189	RESULT-ENSANUT-PISOS-SALUD-DX-DIABETES-2022-SEXO-MUJER-P
CALC-ENSANUT-PISOS-SALUD-0001	DX-DIABETES	SALUD	2023	SEXO	MUJER	0.120738	0.110387	0.131517			4049	RESULT-ENSANUT-PISOS-SALUD-DX-DIABETES-2023-SEXO-MUJER-P
CALC-ENSANUT-PISOS-SALUD-0001	DX-DIABETES	SALUD	2024	SEXO	MUJER	0.120362	0.109241	0.132370	0.103418	0.139650	7532	RESULT-ENSANUT-PISOS-SALUD-DX-DIABETES-2024-SEXO-MUJER-P
CALC-ENSANUT-PISOS-SALUD-0001	DX-DIABETES	SALUD	2021	TOTAL	TODOS	0.102217	0.095798	0.109065			13391	RESULT-ENSANUT-PISOS-SALUD-DX-DIABETES-2021-TOTAL-TODOS-P
CALC-ENSANUT-PISOS-SALUD-0001	DX-DIABETES	SALUD	2022	TOTAL	TODOS	0.108537	0.101833	0.115250			11913	RESULT-ENSANUT-PISOS-SALUD-DX-DIABETES-2022-TOTAL-TODOS-P
CALC-ENSANUT-PISOS-SALUD-0001	DX-DIABETES	SALUD	2023	TOTAL	TODOS	0.109789	0.102038	0.117894			6772	RESULT-ENSANUT-PISOS-SALUD-DX-DIABETES-2023-TOTAL-TODOS-P
CALC-ENSANUT-PISOS-SALUD-0001	DX-DIABETES	SALUD	2024	TOTAL	TODOS	0.107973	0.099610	0.117023	0.096883	0.120163	12924	RESULT-ENSANUT-PISOS-SALUD-DX-DIABETES-2024-TOTAL-TODOS-P
CALC-ENSANUT-PISOS-SALUD-0001	DX-HIPERTENSION	SALUD	2021	EDAD	20-39	0.039953	0.033335	0.047177			5486	RESULT-ENSANUT-PISOS-SALUD-DX-HIPERTENSION-2021-EDAD-20-39-P
CALC-ENSANUT-PISOS-SALUD-0001	DX-HIPERTENSION	SALUD	2022	EDAD	20-39	0.043714	0.037042	0.050807			4569	RESULT-ENSANUT-PISOS-SALUD-DX-HIPERTENSION-2022-EDAD-20-39-P
CALC-ENSANUT-PISOS-SALUD-0001	DX-HIPERTENSION	SALUD	2023	EDAD	20-39	0.053783	0.044249	0.064050			2592	RESULT-ENSANUT-PISOS-SALUD-DX-HIPERTENSION-2023-EDAD-20-39-P
CALC-ENSANUT-PISOS-SALUD-0001	DX-HIPERTENSION	SALUD	2024	EDAD	20-39	0.059689	0.045626	0.073923	0.041847	0.084466	4946	RESULT-ENSANUT-PISOS-SALUD-DX-HIPERTENSION-2024-EDAD-20-39-P
CALC-ENSANUT-PISOS-SALUD-0001	DX-HIPERTENSION	SALUD	2021	EDAD	40-59	0.184686	0.170758	0.197748			5003	RESULT-ENSANUT-PISOS-SALUD-DX-HIPERTENSION-2021-EDAD-40-59-P
CALC-ENSANUT-PISOS-SALUD-0001	DX-HIPERTENSION	SALUD	2022	EDAD	40-59	0.164108	0.150818	0.177636			4537	RESULT-ENSANUT-PISOS-SALUD-DX-HIPERTENSION-2022-EDAD-40-59-P
CALC-ENSANUT-PISOS-SALUD-0001	DX-HIPERTENSION	SALUD	2023	EDAD	40-59	0.198379	0.182552	0.215155			2587	RESULT-ENSANUT-PISOS-SALUD-DX-HIPERTENSION-2023-EDAD-40-59-P
CALC-ENSANUT-PISOS-SALUD-0001	DX-HIPERTENSION	SALUD	2024	EDAD	40-59	0.180169	0.165430	0.195271	0.141169	0.227095	4852	RESULT-ENSANUT-PISOS-SALUD-DX-HIPERTENSION-2024-EDAD-40-59-P
CALC-ENSANUT-PISOS-SALUD-0001	DX-HIPERTENSION	SALUD	2021	EDAD	60-MAS	0.395982	0.375987	0.415413			2902	RESULT-ENSANUT-PISOS-SALUD-DX-HIPERTENSION-2021-EDAD-60-MAS-P
CALC-ENSANUT-PISOS-SALUD-0001	DX-HIPERTENSION	SALUD	2022	EDAD	60-MAS	0.408292	0.384655	0.430745			2807	RESULT-ENSANUT-PISOS-SALUD-DX-HIPERTENSION-2022-EDAD-60-MAS-P
CALC-ENSANUT-PISOS-SALUD-0001	DX-HIPERTENSION	SALUD	2023	EDAD	60-MAS	0.399682	0.373154	0.427296			1593	RESULT-ENSANUT-PISOS-SALUD-DX-HIPERTENSION-2023-EDAD-60-MAS-P
CALC-ENSANUT-PISOS-SALUD-0001	DX-HIPERTENSION	SALUD	2024	EDAD	60-MAS	0.427418	0.397770	0.456191	0.356700	0.501233	3126	RESULT-ENSANUT-PISOS-SALUD-DX-HIPERTENSION-2024-EDAD-60-MAS-P
CALC-ENSANUT-PISOS-SALUD-0001	DX-HIPERTENSION	SALUD	2021	ESCOLARIDAD	HASTA-PRIMARIA	0.244631	0.225732	0.265058			3616	RESULT-ENSANUT-PISOS-SALUD-DX-HIPERTENSION-2021-ESCOLARIDAD-HASTA-PRIMARIA-P
CALC-ENSANUT-PISOS-SALUD-0001	DX-HIPERTENSION	SALUD	2022	ESCOLARIDAD	HASTA-PRIMARIA	0.267633	0.249158	0.285695			3212	RESULT-ENSANUT-PISOS-SALUD-DX-HIPERTENSION-2022-ESCOLARIDAD-HASTA-PRIMARIA-P
CALC-ENSANUT-PISOS-SALUD-0001	DX-HIPERTENSION	SALUD	2023	ESCOLARIDAD	HASTA-PRIMARIA	0.277210	0.250658	0.306251			1689	RESULT-ENSANUT-PISOS-SALUD-DX-HIPERTENSION-2023-ESCOLARIDAD-HASTA-PRIMARIA-P
CALC-ENSANUT-PISOS-SALUD-0001	DX-HIPERTENSION	SALUD	2024	ESCOLARIDAD	HASTA-PRIMARIA	0.278901	0.256516	0.301094	0.196666	0.379286	3201	RESULT-ENSANUT-PISOS-SALUD-DX-HIPERTENSION-2024-ESCOLARIDAD-HASTA-PRIMARIA-P
CALC-ENSANUT-PISOS-SALUD-0001	DX-HIPERTENSION	SALUD	2021	ESCOLARIDAD	MEDIA-SUPERIOR	0.100934	0.087240	0.114708			2664	RESULT-ENSANUT-PISOS-SALUD-DX-HIPERTENSION-2021-ESCOLARIDAD-MEDIA-SUPERIOR-P
CALC-ENSANUT-PISOS-SALUD-0001	DX-HIPERTENSION	SALUD	2022	ESCOLARIDAD	MEDIA-SUPERIOR	0.114685	0.097720	0.132226			2315	RESULT-ENSANUT-PISOS-SALUD-DX-HIPERTENSION-2022-ESCOLARIDAD-MEDIA-SUPERIOR-P
CALC-ENSANUT-PISOS-SALUD-0001	DX-HIPERTENSION	SALUD	2023	ESCOLARIDAD	MEDIA-SUPERIOR	0.112097	0.093437	0.133132			1491	RESULT-ENSANUT-PISOS-SALUD-DX-HIPERTENSION-2023-ESCOLARIDAD-MEDIA-SUPERIOR-P
CALC-ENSANUT-PISOS-SALUD-0001	DX-HIPERTENSION	SALUD	2024	ESCOLARIDAD	MEDIA-SUPERIOR	0.140571	0.113477	0.170263	0.090047	0.212814	2762	RESULT-ENSANUT-PISOS-SALUD-DX-HIPERTENSION-2024-ESCOLARIDAD-MEDIA-SUPERIOR-P
CALC-ENSANUT-PISOS-SALUD-0001	DX-HIPERTENSION	SALUD	2021	ESCOLARIDAD	SECUNDARIA	0.152691	0.138115	0.167749			4061	RESULT-ENSANUT-PISOS-SALUD-DX-HIPERTENSION-2021-ESCOLARIDAD-SECUNDARIA-P
CALC-ENSANUT-PISOS-SALUD-0001	DX-HIPERTENSION	SALUD	2022	ESCOLARIDAD	SECUNDARIA	0.144107	0.128502	0.160545			3607	RESULT-ENSANUT-PISOS-SALUD-DX-HIPERTENSION-2022-ESCOLARIDAD-SECUNDARIA-P
CALC-ENSANUT-PISOS-SALUD-0001	DX-HIPERTENSION	SALUD	2023	ESCOLARIDAD	SECUNDARIA	0.157096	0.138587	0.176710			2054	RESULT-ENSANUT-PISOS-SALUD-DX-HIPERTENSION-2023-ESCOLARIDAD-SECUNDARIA-P
CALC-ENSANUT-PISOS-SALUD-0001	DX-HIPERTENSION	SALUD	2024	ESCOLARIDAD	SECUNDARIA	0.168675	0.149882	0.186859	0.113240	0.243788	3809	RESULT-ENSANUT-PISOS-SALUD-DX-HIPERTENSION-2024-ESCOLARIDAD-SECUNDARIA-P
CALC-ENSANUT-PISOS-SALUD-0001	DX-HIPERTENSION	SALUD	2021	ESCOLARIDAD	SUPERIOR	0.100042	0.084844	0.115804			2287	RESULT-ENSANUT-PISOS-SALUD-DX-HIPERTENSION-2021-ESCOLARIDAD-SUPERIOR-P
CALC-ENSANUT-PISOS-SALUD-0001	DX-HIPERTENSION	SALUD	2022	ESCOLARIDAD	SUPERIOR	0.078985	0.066933	0.091685			2101	RESULT-ENSANUT-PISOS-SALUD-DX-HIPERTENSION-2022-ESCOLARIDAD-SUPERIOR-P
CALC-ENSANUT-PISOS-SALUD-0001	DX-HIPERTENSION	SALUD	2023	ESCOLARIDAD	SUPERIOR	0.134741	0.115702	0.153935			1209	RESULT-ENSANUT-PISOS-SALUD-DX-HIPERTENSION-2023-ESCOLARIDAD-SUPERIOR-P
CALC-ENSANUT-PISOS-SALUD-0001	DX-HIPERTENSION	SALUD	2024	ESCOLARIDAD	SUPERIOR	0.107810	0.088640	0.127891	0.068999	0.164592	2518	RESULT-ENSANUT-PISOS-SALUD-DX-HIPERTENSION-2024-ESCOLARIDAD-SUPERIOR-P
CALC-ENSANUT-PISOS-SALUD-0001	DX-HIPERTENSION	SALUD	2021	ESTRATO	METROPOLITANO	0.167037	0.155557	0.179658			6077	RESULT-ENSANUT-PISOS-SALUD-DX-HIPERTENSION-2021-ESTRATO-METROPOLITANO-P
CALC-ENSANUT-PISOS-SALUD-0001	DX-HIPERTENSION	SALUD	2022	ESTRATO	METROPOLITANO	0.167430	0.156066	0.179283			5637	RESULT-ENSANUT-PISOS-SALUD-DX-HIPERTENSION-2022-ESTRATO-METROPOLITANO-P
CALC-ENSANUT-PISOS-SALUD-0001	DX-HIPERTENSION	SALUD	2023	ESTRATO	METROPOLITANO	0.187337	0.168321	0.206974			2801	RESULT-ENSANUT-PISOS-SALUD-DX-HIPERTENSION-2023-ESTRATO-METROPOLITANO-P
CALC-ENSANUT-PISOS-SALUD-0001	DX-HIPERTENSION	SALUD	2024	ESTRATO	METROPOLITANO	0.192794	0.177379	0.209242	0.155838	0.236064	5807	RESULT-ENSANUT-PISOS-SALUD-DX-HIPERTENSION-2024-ESTRATO-METROPOLITANO-P
CALC-ENSANUT-PISOS-SALUD-0001	DX-HIPERTENSION	SALUD	2021	ESTRATO	RURAL	0.137875	0.123412	0.151770			3184	RESULT-ENSANUT-PISOS-SALUD-DX-HIPERTENSION-2021-ESTRATO-RURAL-P
CALC-ENSANUT-PISOS-SALUD-0001	DX-HIPERTENSION	SALUD	2022	ESTRATO	RURAL	0.154114	0.140248	0.169608			2885	RESULT-ENSANUT-PISOS-SALUD-DX-HIPERTENSION-2022-ESTRATO-RURAL-P
CALC-ENSANUT-PISOS-SALUD-0001	DX-HIPERTENSION	SALUD	2023	ESTRATO	RURAL	0.176715	0.160674	0.192354			1683	RESULT-ENSANUT-PISOS-SALUD-DX-HIPERTENSION-2023-ESTRATO-RURAL-P
CALC-ENSANUT-PISOS-SALUD-0001	DX-HIPERTENSION	SALUD	2024	ESTRATO	RURAL	0.150681	0.132938	0.170060	0.118515	0.189700	3183	RESULT-ENSANUT-PISOS-SALUD-DX-HIPERTENSION-2024-ESTRATO-RURAL-P
CALC-ENSANUT-PISOS-SALUD-0001	DX-HIPERTENSION	SALUD	2021	ESTRATO	URBANO	0.154265	0.141012	0.168250			4130	RESULT-ENSANUT-PISOS-SALUD-DX-HIPERTENSION-2021-ESTRATO-URBANO-P
CALC-ENSANUT-PISOS-SALUD-0001	DX-HIPERTENSION	SALUD	2022	ESTRATO	URBANO	0.147012	0.132837	0.162349			3391	RESULT-ENSANUT-PISOS-SALUD-DX-HIPERTENSION-2022-ESTRATO-URBANO-P
CALC-ENSANUT-PISOS-SALUD-0001	DX-HIPERTENSION	SALUD	2023	ESTRATO	URBANO	0.145381	0.131691	0.159835			2288	RESULT-ENSANUT-PISOS-SALUD-DX-HIPERTENSION-2023-ESTRATO-URBANO-P
CALC-ENSANUT-PISOS-SALUD-0001	DX-HIPERTENSION	SALUD	2024	ESTRATO	URBANO	0.167195	0.155297	0.178256	0.135162	0.205018	3934	RESULT-ENSANUT-PISOS-SALUD-DX-HIPERTENSION-2024-ESTRATO-URBANO-P
CALC-ENSANUT-PISOS-SALUD-0001	DX-HIPERTENSION	SALUD	2021	SEXO	HOMBRE	0.137667	0.126098	0.149136			5232	RESULT-ENSANUT-PISOS-SALUD-DX-HIPERTENSION-2021-SEXO-HOMBRE-P
CALC-ENSANUT-PISOS-SALUD-0001	DX-HIPERTENSION	SALUD	2022	SEXO	HOMBRE	0.137520	0.126226	0.149346			4724	RESULT-ENSANUT-PISOS-SALUD-DX-HIPERTENSION-2022-SEXO-HOMBRE-P
CALC-ENSANUT-PISOS-SALUD-0001	DX-HIPERTENSION	SALUD	2023	SEXO	HOMBRE	0.154521	0.141749	0.167607			2723	RESULT-ENSANUT-PISOS-SALUD-DX-HIPERTENSION-2023-SEXO-HOMBRE-P
CALC-ENSANUT-PISOS-SALUD-0001	DX-HIPERTENSION	SALUD	2024	SEXO	HOMBRE	0.153259	0.138766	0.167514	0.131993	0.177252	5392	RESULT-ENSANUT-PISOS-SALUD-DX-HIPERTENSION-2024-SEXO-HOMBRE-P
CALC-ENSANUT-PISOS-SALUD-0001	DX-HIPERTENSION	SALUD	2021	SEXO	MUJER	0.175663	0.165212	0.186505			8159	RESULT-ENSANUT-PISOS-SALUD-DX-HIPERTENSION-2021-SEXO-MUJER-P
CALC-ENSANUT-PISOS-SALUD-0001	DX-HIPERTENSION	SALUD	2022	SEXO	MUJER	0.178302	0.168187	0.188137			7189	RESULT-ENSANUT-PISOS-SALUD-DX-HIPERTENSION-2022-SEXO-MUJER-P
CALC-ENSANUT-PISOS-SALUD-0001	DX-HIPERTENSION	SALUD	2023	SEXO	MUJER	0.189840	0.174696	0.205789			4049	RESULT-ENSANUT-PISOS-SALUD-DX-HIPERTENSION-2023-SEXO-MUJER-P
CALC-ENSANUT-PISOS-SALUD-0001	DX-HIPERTENSION	SALUD	2024	SEXO	MUJER	0.198627	0.185229	0.212325	0.174538	0.225134	7532	RESULT-ENSANUT-PISOS-SALUD-DX-HIPERTENSION-2024-SEXO-MUJER-P
CALC-ENSANUT-PISOS-SALUD-0001	DX-HIPERTENSION	SALUD	2021	TOTAL	TODOS	0.157485	0.149704	0.165138			13391	RESULT-ENSANUT-PISOS-SALUD-DX-HIPERTENSION-2021-TOTAL-TODOS-P
CALC-ENSANUT-PISOS-SALUD-0001	DX-HIPERTENSION	SALUD	2022	TOTAL	TODOS	0.158805	0.150798	0.166693			11913	RESULT-ENSANUT-PISOS-SALUD-DX-HIPERTENSION-2022-TOTAL-TODOS-P
CALC-ENSANUT-PISOS-SALUD-0001	DX-HIPERTENSION	SALUD	2023	TOTAL	TODOS	0.172956	0.161935	0.184789			6772	RESULT-ENSANUT-PISOS-SALUD-DX-HIPERTENSION-2023-TOTAL-TODOS-P
CALC-ENSANUT-PISOS-SALUD-0001	DX-HIPERTENSION	SALUD	2024	TOTAL	TODOS	0.176933	0.167554	0.186199	0.157932	0.197683	12924	RESULT-ENSANUT-PISOS-SALUD-DX-HIPERTENSION-2024-TOTAL-TODOS-P
CALC-ENSANUT-PISOS-SALUD-0001	FUE-ATENDIDO	SALUD	2021	EDAD	0-9	0.983462	0.973620	0.991632			956	RESULT-ENSANUT-PISOS-SALUD-FUE-ATENDIDO-2021-EDAD-0-9-P
CALC-ENSANUT-PISOS-SALUD-0001	FUE-ATENDIDO	SALUD	2022	EDAD	0-9	0.994944	0.991212	0.998267			1250	RESULT-ENSANUT-PISOS-SALUD-FUE-ATENDIDO-2022-EDAD-0-9-P
CALC-ENSANUT-PISOS-SALUD-0001	FUE-ATENDIDO	SALUD	2023	EDAD	0-9	0.998032	0.994699	1.000000			665	RESULT-ENSANUT-PISOS-SALUD-FUE-ATENDIDO-2023-EDAD-0-9-P
CALC-ENSANUT-PISOS-SALUD-0001	FUE-ATENDIDO	SALUD	2024	EDAD	0-9	0.991702	0.985327	0.996884	0.953413	0.998569	973	RESULT-ENSANUT-PISOS-SALUD-FUE-ATENDIDO-2024-EDAD-0-9-P
CALC-ENSANUT-PISOS-SALUD-0001	FUE-ATENDIDO	SALUD	2021	EDAD	10-19	0.996642	0.992497	0.999660			720	RESULT-ENSANUT-PISOS-SALUD-FUE-ATENDIDO-2021-EDAD-10-19-P
CALC-ENSANUT-PISOS-SALUD-0001	FUE-ATENDIDO	SALUD	2022	EDAD	10-19	0.986258	0.972716	0.996492			783	RESULT-ENSANUT-PISOS-SALUD-FUE-ATENDIDO-2022-EDAD-10-19-P
CALC-ENSANUT-PISOS-SALUD-0001	FUE-ATENDIDO	SALUD	2023	EDAD	10-19	0.981514	0.960339	0.998326			457	RESULT-ENSANUT-PISOS-SALUD-FUE-ATENDIDO-2023-EDAD-10-19-P
CALC-ENSANUT-PISOS-SALUD-0001	FUE-ATENDIDO	SALUD	2024	EDAD	10-19	0.988798	0.979767	0.996082	0.936651	0.998106	781	RESULT-ENSANUT-PISOS-SALUD-FUE-ATENDIDO-2024-EDAD-10-19-P
CALC-ENSANUT-PISOS-SALUD-0001	FUE-ATENDIDO	SALUD	2021	EDAD	20-59	0.986665	0.983191	0.989975			4283	RESULT-ENSANUT-PISOS-SALUD-FUE-ATENDIDO-2021-EDAD-20-59-P
CALC-ENSANUT-PISOS-SALUD-0001	FUE-ATENDIDO	SALUD	2022	EDAD	20-59	0.991571	0.988178	0.994478			3692	RESULT-ENSANUT-PISOS-SALUD-FUE-ATENDIDO-2022-EDAD-20-59-P
CALC-ENSANUT-PISOS-SALUD-0001	FUE-ATENDIDO	SALUD	2023	EDAD	20-59	0.988452	0.983484	0.993116			2114	RESULT-ENSANUT-PISOS-SALUD-FUE-ATENDIDO-2023-EDAD-20-59-P
CALC-ENSANUT-PISOS-SALUD-0001	FUE-ATENDIDO	SALUD	2024	EDAD	20-59	0.984957	0.978731	0.990332	0.927518	0.997024	3711	RESULT-ENSANUT-PISOS-SALUD-FUE-ATENDIDO-2024-EDAD-20-59-P
CALC-ENSANUT-PISOS-SALUD-0001	FUE-ATENDIDO	SALUD	2021	EDAD	60-MAS	0.989442	0.984631	0.993779			1992	RESULT-ENSANUT-PISOS-SALUD-FUE-ATENDIDO-2021-EDAD-60-MAS-P
CALC-ENSANUT-PISOS-SALUD-0001	FUE-ATENDIDO	SALUD	2022	EDAD	60-MAS	0.989153	0.983265	0.994452			1999	RESULT-ENSANUT-PISOS-SALUD-FUE-ATENDIDO-2022-EDAD-60-MAS-P
CALC-ENSANUT-PISOS-SALUD-0001	FUE-ATENDIDO	SALUD	2023	EDAD	60-MAS	0.994206	0.986895	0.999708			1161	RESULT-ENSANUT-PISOS-SALUD-FUE-ATENDIDO-2023-EDAD-60-MAS-P
CALC-ENSANUT-PISOS-SALUD-0001	FUE-ATENDIDO	SALUD	2024	EDAD	60-MAS	0.990444	0.984467	0.995601	0.949557	0.998251	2267	RESULT-ENSANUT-PISOS-SALUD-FUE-ATENDIDO-2024-EDAD-60-MAS-P
CALC-ENSANUT-PISOS-SALUD-0001	FUE-ATENDIDO	SALUD	2021	ESCOLARIDAD	HASTA-PRIMARIA	0.989583	0.985337	0.993842			1959	RESULT-ENSANUT-PISOS-SALUD-FUE-ATENDIDO-2021-ESCOLARIDAD-HASTA-PRIMARIA-P
CALC-ENSANUT-PISOS-SALUD-0001	FUE-ATENDIDO	SALUD	2022	ESCOLARIDAD	HASTA-PRIMARIA	0.990483	0.986216	0.994503			1744	RESULT-ENSANUT-PISOS-SALUD-FUE-ATENDIDO-2022-ESCOLARIDAD-HASTA-PRIMARIA-P
CALC-ENSANUT-PISOS-SALUD-0001	FUE-ATENDIDO	SALUD	2023	ESCOLARIDAD	HASTA-PRIMARIA	0.985561	0.973230	0.996544			973	RESULT-ENSANUT-PISOS-SALUD-FUE-ATENDIDO-2023-ESCOLARIDAD-HASTA-PRIMARIA-P
CALC-ENSANUT-PISOS-SALUD-0001	FUE-ATENDIDO	SALUD	2024	ESCOLARIDAD	HASTA-PRIMARIA	0.985815	0.974412	0.993975	0.959092	0.995169	1805	RESULT-ENSANUT-PISOS-SALUD-FUE-ATENDIDO-2024-ESCOLARIDAD-HASTA-PRIMARIA-P
CALC-ENSANUT-PISOS-SALUD-0001	FUE-ATENDIDO	SALUD	2021	ESCOLARIDAD	MEDIA-SUPERIOR	0.979782	0.969540	0.989432			1087	RESULT-ENSANUT-PISOS-SALUD-FUE-ATENDIDO-2021-ESCOLARIDAD-MEDIA-SUPERIOR-P
CALC-ENSANUT-PISOS-SALUD-0001	FUE-ATENDIDO	SALUD	2022	ESCOLARIDAD	MEDIA-SUPERIOR	0.990711	0.984564	0.996060			1026	RESULT-ENSANUT-PISOS-SALUD-FUE-ATENDIDO-2022-ESCOLARIDAD-MEDIA-SUPERIOR-P
CALC-ENSANUT-PISOS-SALUD-0001	FUE-ATENDIDO	SALUD	2023	ESCOLARIDAD	MEDIA-SUPERIOR	0.990037	0.988902	0.990962			619	RESULT-ENSANUT-PISOS-SALUD-FUE-ATENDIDO-2023-ESCOLARIDAD-MEDIA-SUPERIOR-P
CALC-ENSANUT-PISOS-SALUD-0001	FUE-ATENDIDO	SALUD	2024	ESCOLARIDAD	MEDIA-SUPERIOR	0.985336	0.976989	0.993123	0.960785	0.994603	1097	RESULT-ENSANUT-PISOS-SALUD-FUE-ATENDIDO-2024-ESCOLARIDAD-MEDIA-SUPERIOR-P
CALC-ENSANUT-PISOS-SALUD-0001	FUE-ATENDIDO	SALUD	2021	ESCOLARIDAD	SECUNDARIA	0.988519	0.983032	0.993632			1702	RESULT-ENSANUT-PISOS-SALUD-FUE-ATENDIDO-2021-ESCOLARIDAD-SECUNDARIA-P
CALC-ENSANUT-PISOS-SALUD-0001	FUE-ATENDIDO	SALUD	2022	ESCOLARIDAD	SECUNDARIA	0.991226	0.985181	0.996411			1644	RESULT-ENSANUT-PISOS-SALUD-FUE-ATENDIDO-2022-ESCOLARIDAD-SECUNDARIA-P
CALC-ENSANUT-PISOS-SALUD-0001	FUE-ATENDIDO	SALUD	2023	ESCOLARIDAD	SECUNDARIA	0.994591	0.990055	0.998646			947	RESULT-ENSANUT-PISOS-SALUD-FUE-ATENDIDO-2023-ESCOLARIDAD-SECUNDARIA-P
CALC-ENSANUT-PISOS-SALUD-0001	FUE-ATENDIDO	SALUD	2024	ESCOLARIDAD	SECUNDARIA	0.988133	0.981408	0.993916	0.968962	0.995517	1654	RESULT-ENSANUT-PISOS-SALUD-FUE-ATENDIDO-2024-ESCOLARIDAD-SECUNDARIA-P
CALC-ENSANUT-PISOS-SALUD-0001	FUE-ATENDIDO	SALUD	2021	ESCOLARIDAD	SUPERIOR	0.992054	0.988250	0.995344			1037	RESULT-ENSANUT-PISOS-SALUD-FUE-ATENDIDO-2021-ESCOLARIDAD-SUPERIOR-P
CALC-ENSANUT-PISOS-SALUD-0001	FUE-ATENDIDO	SALUD	2022	ESCOLARIDAD	SUPERIOR	0.990895	0.984246	0.996611			859	RESULT-ENSANUT-PISOS-SALUD-FUE-ATENDIDO-2022-ESCOLARIDAD-SUPERIOR-P
CALC-ENSANUT-PISOS-SALUD-0001	FUE-ATENDIDO	SALUD	2023	ESCOLARIDAD	SUPERIOR	0.988490	0.976094	0.997770			516	RESULT-ENSANUT-PISOS-SALUD-FUE-ATENDIDO-2023-ESCOLARIDAD-SUPERIOR-P
CALC-ENSANUT-PISOS-SALUD-0001	FUE-ATENDIDO	SALUD	2024	ESCOLARIDAD	SUPERIOR	0.986382	0.974006	0.996752	0.950745	0.996334	1042	RESULT-ENSANUT-PISOS-SALUD-FUE-ATENDIDO-2024-ESCOLARIDAD-SUPERIOR-P
CALC-ENSANUT-PISOS-SALUD-0001	FUE-ATENDIDO	SALUD	2021	ESTRATO	METROPOLITANO	0.990986	0.987872	0.993658			3502	RESULT-ENSANUT-PISOS-SALUD-FUE-ATENDIDO-2021-ESTRATO-METROPOLITANO-P
CALC-ENSANUT-PISOS-SALUD-0001	FUE-ATENDIDO	SALUD	2022	ESTRATO	METROPOLITANO	0.989514	0.985002	0.993699			3734	RESULT-ENSANUT-PISOS-SALUD-FUE-ATENDIDO-2022-ESTRATO-METROPOLITANO-P
CALC-ENSANUT-PISOS-SALUD-0001	FUE-ATENDIDO	SALUD	2023	ESTRATO	METROPOLITANO	0.988922	0.982988	0.994896			2003	RESULT-ENSANUT-PISOS-SALUD-FUE-ATENDIDO-2023-ESTRATO-METROPOLITANO-P
CALC-ENSANUT-PISOS-SALUD-0001	FUE-ATENDIDO	SALUD	2024	ESTRATO	METROPOLITANO	0.986715	0.980947	0.991598	0.932339	0.997508	3606	RESULT-ENSANUT-PISOS-SALUD-FUE-ATENDIDO-2024-ESTRATO-METROPOLITANO-P
CALC-ENSANUT-PISOS-SALUD-0001	FUE-ATENDIDO	SALUD	2021	ESTRATO	RURAL	0.987368	0.982827	0.991467			1932	RESULT-ENSANUT-PISOS-SALUD-FUE-ATENDIDO-2021-ESTRATO-RURAL-P
CALC-ENSANUT-PISOS-SALUD-0001	FUE-ATENDIDO	SALUD	2022	ESTRATO	RURAL	0.990113	0.985863	0.994408			1845	RESULT-ENSANUT-PISOS-SALUD-FUE-ATENDIDO-2022-ESTRATO-RURAL-P
CALC-ENSANUT-PISOS-SALUD-0001	FUE-ATENDIDO	SALUD	2023	ESTRATO	RURAL	0.996865	0.993909	0.999603			1070	RESULT-ENSANUT-PISOS-SALUD-FUE-ATENDIDO-2023-ESTRATO-RURAL-P
CALC-ENSANUT-PISOS-SALUD-0001	FUE-ATENDIDO	SALUD	2024	ESTRATO	RURAL	0.982864	0.974215	0.990741	0.911785	0.996868	1924	RESULT-ENSANUT-PISOS-SALUD-FUE-ATENDIDO-2024-ESTRATO-RURAL-P
CALC-ENSANUT-PISOS-SALUD-0001	FUE-ATENDIDO	SALUD	2021	ESTRATO	URBANO	0.983306	0.975904	0.989898			2522	RESULT-ENSANUT-PISOS-SALUD-FUE-ATENDIDO-2021-ESTRATO-URBANO-P
CALC-ENSANUT-PISOS-SALUD-0001	FUE-ATENDIDO	SALUD	2022	ESTRATO	URBANO	0.994175	0.990093	0.997162			2146	RESULT-ENSANUT-PISOS-SALUD-FUE-ATENDIDO-2022-ESTRATO-URBANO-P
CALC-ENSANUT-PISOS-SALUD-0001	FUE-ATENDIDO	SALUD	2023	ESTRATO	URBANO	0.989112	0.984829	0.992950			1325	RESULT-ENSANUT-PISOS-SALUD-FUE-ATENDIDO-2023-ESTRATO-URBANO-P
CALC-ENSANUT-PISOS-SALUD-0001	FUE-ATENDIDO	SALUD	2024	ESTRATO	URBANO	0.993822	0.989853	0.997249	0.965140	0.998931	2205	RESULT-ENSANUT-PISOS-SALUD-FUE-ATENDIDO-2024-ESTRATO-URBANO-P
CALC-ENSANUT-PISOS-SALUD-0001	FUE-ATENDIDO	SALUD	2021	SEXO	HOMBRE	0.988028	0.984268	0.991689			3261	RESULT-ENSANUT-PISOS-SALUD-FUE-ATENDIDO-2021-SEXO-HOMBRE-P
CALC-ENSANUT-PISOS-SALUD-0001	FUE-ATENDIDO	SALUD	2022	SEXO	HOMBRE	0.991409	0.987248	0.995081			3125	RESULT-ENSANUT-PISOS-SALUD-FUE-ATENDIDO-2022-SEXO-HOMBRE-P
CALC-ENSANUT-PISOS-SALUD-0001	FUE-ATENDIDO	SALUD	2023	SEXO	HOMBRE	0.996162	0.991637	0.999153			1783	RESULT-ENSANUT-PISOS-SALUD-FUE-ATENDIDO-2023-SEXO-HOMBRE-P
CALC-ENSANUT-PISOS-SALUD-0001	FUE-ATENDIDO	SALUD	2024	SEXO	HOMBRE	0.989303	0.983788	0.994152	0.963293	0.996941	3024	RESULT-ENSANUT-PISOS-SALUD-FUE-ATENDIDO-2024-SEXO-HOMBRE-P
CALC-ENSANUT-PISOS-SALUD-0001	FUE-ATENDIDO	SALUD	2021	SEXO	MUJER	0.987585	0.983866	0.990876			4695	RESULT-ENSANUT-PISOS-SALUD-FUE-ATENDIDO-2021-SEXO-MUJER-P
CALC-ENSANUT-PISOS-SALUD-0001	FUE-ATENDIDO	SALUD	2022	SEXO	MUJER	0.990706	0.987351	0.993752			4600	RESULT-ENSANUT-PISOS-SALUD-FUE-ATENDIDO-2022-SEXO-MUJER-P
CALC-ENSANUT-PISOS-SALUD-0001	FUE-ATENDIDO	SALUD	2023	SEXO	MUJER	0.986493	0.980945	0.991939			2615	RESULT-ENSANUT-PISOS-SALUD-FUE-ATENDIDO-2023-SEXO-MUJER-P
CALC-ENSANUT-PISOS-SALUD-0001	FUE-ATENDIDO	SALUD	2024	SEXO	MUJER	0.986769	0.982064	0.990882	0.957399	0.995976	4711	RESULT-ENSANUT-PISOS-SALUD-FUE-ATENDIDO-2024-SEXO-MUJER-P
CALC-ENSANUT-PISOS-SALUD-0001	FUE-ATENDIDO	SALUD	2021	TOTAL	TODOS	0.987770	0.984883	0.990359			7956	RESULT-ENSANUT-PISOS-SALUD-FUE-ATENDIDO-2021-TOTAL-TODOS-P
CALC-ENSANUT-PISOS-SALUD-0001	FUE-ATENDIDO	SALUD	2022	TOTAL	TODOS	0.990999	0.988365	0.993497			7725	RESULT-ENSANUT-PISOS-SALUD-FUE-ATENDIDO-2022-TOTAL-TODOS-P
CALC-ENSANUT-PISOS-SALUD-0001	FUE-ATENDIDO	SALUD	2023	TOTAL	TODOS	0.990737	0.987361	0.994092			4398	RESULT-ENSANUT-PISOS-SALUD-FUE-ATENDIDO-2023-TOTAL-TODOS-P
CALC-ENSANUT-PISOS-SALUD-0001	FUE-ATENDIDO	SALUD	2024	TOTAL	TODOS	0.987839	0.984229	0.991200	0.979005	0.992983	7735	RESULT-ENSANUT-PISOS-SALUD-FUE-ATENDIDO-2024-TOTAL-TODOS-P
CALC-ENSANUT-PISOS-SALUD-0001	FUMA-ACTUAL	SALUD	2021	EDAD	20-39	0.226072	0.211546	0.240763			5459	RESULT-ENSANUT-PISOS-SALUD-FUMA-ACTUAL-2021-EDAD-20-39-P
CALC-ENSANUT-PISOS-SALUD-0001	FUMA-ACTUAL	SALUD	2022	EDAD	20-39	0.245244	0.230476	0.259698			4553	RESULT-ENSANUT-PISOS-SALUD-FUMA-ACTUAL-2022-EDAD-20-39-P
CALC-ENSANUT-PISOS-SALUD-0001	FUMA-ACTUAL	SALUD	2023	EDAD	20-39	0.232481	0.214623	0.251475			2582	RESULT-ENSANUT-PISOS-SALUD-FUMA-ACTUAL-2023-EDAD-20-39-P
CALC-ENSANUT-PISOS-SALUD-0001	FUMA-ACTUAL	SALUD	2024	EDAD	20-39	0.236981	0.216651	0.259024	0.179496	0.306011	4930	RESULT-ENSANUT-PISOS-SALUD-FUMA-ACTUAL-2024-EDAD-20-39-P
CALC-ENSANUT-PISOS-SALUD-0001	FUMA-ACTUAL	SALUD	2021	EDAD	40-59	0.183717	0.169413	0.198494			4986	RESULT-ENSANUT-PISOS-SALUD-FUMA-ACTUAL-2021-EDAD-40-59-P
CALC-ENSANUT-PISOS-SALUD-0001	FUMA-ACTUAL	SALUD	2022	EDAD	40-59	0.181935	0.166821	0.197522			4537	RESULT-ENSANUT-PISOS-SALUD-FUMA-ACTUAL-2022-EDAD-40-59-P
CALC-ENSANUT-PISOS-SALUD-0001	FUMA-ACTUAL	SALUD	2023	EDAD	40-59	0.174836	0.156914	0.193426			2580	RESULT-ENSANUT-PISOS-SALUD-FUMA-ACTUAL-2023-EDAD-40-59-P
CALC-ENSANUT-PISOS-SALUD-0001	FUMA-ACTUAL	SALUD	2024	EDAD	40-59	0.189993	0.169949	0.209122	0.141333	0.250519	4850	RESULT-ENSANUT-PISOS-SALUD-FUMA-ACTUAL-2024-EDAD-40-59-P
CALC-ENSANUT-PISOS-SALUD-0001	FUMA-ACTUAL	SALUD	2021	EDAD	60-MAS	0.116537	0.100472	0.132532			2890	RESULT-ENSANUT-PISOS-SALUD-FUMA-ACTUAL-2021-EDAD-60-MAS-P
CALC-ENSANUT-PISOS-SALUD-0001	FUMA-ACTUAL	SALUD	2022	EDAD	60-MAS	0.106485	0.092398	0.121618			2803	RESULT-ENSANUT-PISOS-SALUD-FUMA-ACTUAL-2022-EDAD-60-MAS-P
CALC-ENSANUT-PISOS-SALUD-0001	FUMA-ACTUAL	SALUD	2023	EDAD	60-MAS	0.150414	0.132080	0.167934			1592	RESULT-ENSANUT-PISOS-SALUD-FUMA-ACTUAL-2023-EDAD-60-MAS-P
CALC-ENSANUT-PISOS-SALUD-0001	FUMA-ACTUAL	SALUD	2024	EDAD	60-MAS	0.121946	0.106535	0.137108	0.088322	0.166038	3123	RESULT-ENSANUT-PISOS-SALUD-FUMA-ACTUAL-2024-EDAD-60-MAS-P
CALC-ENSANUT-PISOS-SALUD-0001	FUMA-ACTUAL	SALUD	2021	ESCOLARIDAD	HASTA-PRIMARIA	0.177188	0.158648	0.197073			3604	RESULT-ENSANUT-PISOS-SALUD-FUMA-ACTUAL-2021-ESCOLARIDAD-HASTA-PRIMARIA-P
CALC-ENSANUT-PISOS-SALUD-0001	FUMA-ACTUAL	SALUD	2022	ESCOLARIDAD	HASTA-PRIMARIA	0.151662	0.131732	0.171543			3209	RESULT-ENSANUT-PISOS-SALUD-FUMA-ACTUAL-2022-ESCOLARIDAD-HASTA-PRIMARIA-P
CALC-ENSANUT-PISOS-SALUD-0001	FUMA-ACTUAL	SALUD	2023	ESCOLARIDAD	HASTA-PRIMARIA	0.152658	0.133881	0.171555			1688	RESULT-ENSANUT-PISOS-SALUD-FUMA-ACTUAL-2023-ESCOLARIDAD-HASTA-PRIMARIA-P
CALC-ENSANUT-PISOS-SALUD-0001	FUMA-ACTUAL	SALUD	2024	ESCOLARIDAD	HASTA-PRIMARIA	0.164856	0.142777	0.186861	0.126974	0.211304	3196	RESULT-ENSANUT-PISOS-SALUD-FUMA-ACTUAL-2024-ESCOLARIDAD-HASTA-PRIMARIA-P
CALC-ENSANUT-PISOS-SALUD-0001	FUMA-ACTUAL	SALUD	2021	ESCOLARIDAD	MEDIA-SUPERIOR	0.210315	0.189089	0.231429			2647	RESULT-ENSANUT-PISOS-SALUD-FUMA-ACTUAL-2021-ESCOLARIDAD-MEDIA-SUPERIOR-P
CALC-ENSANUT-PISOS-SALUD-0001	FUMA-ACTUAL	SALUD	2022	ESCOLARIDAD	MEDIA-SUPERIOR	0.238140	0.215058	0.262175			2308	RESULT-ENSANUT-PISOS-SALUD-FUMA-ACTUAL-2022-ESCOLARIDAD-MEDIA-SUPERIOR-P
CALC-ENSANUT-PISOS-SALUD-0001	FUMA-ACTUAL	SALUD	2023	ESCOLARIDAD	MEDIA-SUPERIOR	0.208505	0.179004	0.239286			1484	RESULT-ENSANUT-PISOS-SALUD-FUMA-ACTUAL-2023-ESCOLARIDAD-MEDIA-SUPERIOR-P
CALC-ENSANUT-PISOS-SALUD-0001	FUMA-ACTUAL	SALUD	2024	ESCOLARIDAD	MEDIA-SUPERIOR	0.215501	0.186607	0.246125	0.167151	0.273248	2757	RESULT-ENSANUT-PISOS-SALUD-FUMA-ACTUAL-2024-ESCOLARIDAD-MEDIA-SUPERIOR-P
CALC-ENSANUT-PISOS-SALUD-0001	FUMA-ACTUAL	SALUD	2021	ESCOLARIDAD	SECUNDARIA	0.223125	0.205711	0.241170			4050	RESULT-ENSANUT-PISOS-SALUD-FUMA-ACTUAL-2021-ESCOLARIDAD-SECUNDARIA-P
CALC-ENSANUT-PISOS-SALUD-0001	FUMA-ACTUAL	SALUD	2022	ESCOLARIDAD	SECUNDARIA	0.210134	0.191734	0.227919			3604	RESULT-ENSANUT-PISOS-SALUD-FUMA-ACTUAL-2022-ESCOLARIDAD-SECUNDARIA-P
CALC-ENSANUT-PISOS-SALUD-0001	FUMA-ACTUAL	SALUD	2023	ESCOLARIDAD	SECUNDARIA	0.229228	0.212113	0.246152			2047	RESULT-ENSANUT-PISOS-SALUD-FUMA-ACTUAL-2023-ESCOLARIDAD-SECUNDARIA-P
CALC-ENSANUT-PISOS-SALUD-0001	FUMA-ACTUAL	SALUD	2024	ESCOLARIDAD	SECUNDARIA	0.235606	0.211942	0.260340	0.187047	0.292241	3805	RESULT-ENSANUT-PISOS-SALUD-FUMA-ACTUAL-2024-ESCOLARIDAD-SECUNDARIA-P
CALC-ENSANUT-PISOS-SALUD-0001	FUMA-ACTUAL	SALUD	2021	ESCOLARIDAD	SUPERIOR	0.154017	0.137038	0.172141			2279	RESULT-ENSANUT-PISOS-SALUD-FUMA-ACTUAL-2021-ESCOLARIDAD-SUPERIOR-P
CALC-ENSANUT-PISOS-SALUD-0001	FUMA-ACTUAL	SALUD	2022	ESCOLARIDAD	SUPERIOR	0.193598	0.167019	0.222005			2095	RESULT-ENSANUT-PISOS-SALUD-FUMA-ACTUAL-2022-ESCOLARIDAD-SUPERIOR-P
CALC-ENSANUT-PISOS-SALUD-0001	FUMA-ACTUAL	SALUD	2023	ESCOLARIDAD	SUPERIOR	0.194522	0.170369	0.220085			1207	RESULT-ENSANUT-PISOS-SALUD-FUMA-ACTUAL-2023-ESCOLARIDAD-SUPERIOR-P
CALC-ENSANUT-PISOS-SALUD-0001	FUMA-ACTUAL	SALUD	2024	ESCOLARIDAD	SUPERIOR	0.176217	0.152042	0.202739	0.135274	0.226309	2512	RESULT-ENSANUT-PISOS-SALUD-FUMA-ACTUAL-2024-ESCOLARIDAD-SUPERIOR-P
CALC-ENSANUT-PISOS-SALUD-0001	FUMA-ACTUAL	SALUD	2021	ESTRATO	METROPOLITANO	0.218683	0.204993	0.233046			6056	RESULT-ENSANUT-PISOS-SALUD-FUMA-ACTUAL-2021-ESTRATO-METROPOLITANO-P
CALC-ENSANUT-PISOS-SALUD-0001	FUMA-ACTUAL	SALUD	2022	ESTRATO	METROPOLITANO	0.225790	0.208840	0.243061			5627	RESULT-ENSANUT-PISOS-SALUD-FUMA-ACTUAL-2022-ESTRATO-METROPOLITANO-P
CALC-ENSANUT-PISOS-SALUD-0001	FUMA-ACTUAL	SALUD	2023	ESTRATO	METROPOLITANO	0.227262	0.205559	0.248885			2792	RESULT-ENSANUT-PISOS-SALUD-FUMA-ACTUAL-2023-ESTRATO-METROPOLITANO-P
CALC-ENSANUT-PISOS-SALUD-0001	FUMA-ACTUAL	SALUD	2024	ESTRATO	METROPOLITANO	0.226480	0.209202	0.245259	0.197193	0.258715	5795	RESULT-ENSANUT-PISOS-SALUD-FUMA-ACTUAL-2024-ESTRATO-METROPOLITANO-P
CALC-ENSANUT-PISOS-SALUD-0001	FUMA-ACTUAL	SALUD	2021	ESTRATO	RURAL	0.145467	0.128617	0.163103			3172	RESULT-ENSANUT-PISOS-SALUD-FUMA-ACTUAL-2021-ESTRATO-RURAL-P
CALC-ENSANUT-PISOS-SALUD-0001	FUMA-ACTUAL	SALUD	2022	ESTRATO	RURAL	0.127914	0.114347	0.141274			2882	RESULT-ENSANUT-PISOS-SALUD-FUMA-ACTUAL-2022-ESTRATO-RURAL-P
CALC-ENSANUT-PISOS-SALUD-0001	FUMA-ACTUAL	SALUD	2023	ESTRATO	RURAL	0.138549	0.125403	0.151505			1682	RESULT-ENSANUT-PISOS-SALUD-FUMA-ACTUAL-2023-ESTRATO-RURAL-P
CALC-ENSANUT-PISOS-SALUD-0001	FUMA-ACTUAL	SALUD	2024	ESTRATO	RURAL	0.136201	0.120601	0.152209	0.114742	0.160945	3180	RESULT-ENSANUT-PISOS-SALUD-FUMA-ACTUAL-2024-ESTRATO-RURAL-P
CALC-ENSANUT-PISOS-SALUD-0001	FUMA-ACTUAL	SALUD	2021	ESTRATO	URBANO	0.172829	0.157914	0.189132			4107	RESULT-ENSANUT-PISOS-SALUD-FUMA-ACTUAL-2021-ESTRATO-URBANO-P
CALC-ENSANUT-PISOS-SALUD-0001	FUMA-ACTUAL	SALUD	2022	ESTRATO	URBANO	0.188391	0.166679	0.208816			3384	RESULT-ENSANUT-PISOS-SALUD-FUMA-ACTUAL-2022-ESTRATO-URBANO-P
CALC-ENSANUT-PISOS-SALUD-0001	FUMA-ACTUAL	SALUD	2023	ESTRATO	URBANO	0.181557	0.163111	0.198827			2280	RESULT-ENSANUT-PISOS-SALUD-FUMA-ACTUAL-2023-ESTRATO-URBANO-P
CALC-ENSANUT-PISOS-SALUD-0001	FUMA-ACTUAL	SALUD	2024	ESTRATO	URBANO	0.187438	0.170710	0.204532	0.161460	0.216515	3928	RESULT-ENSANUT-PISOS-SALUD-FUMA-ACTUAL-2024-ESTRATO-URBANO-P
CALC-ENSANUT-PISOS-SALUD-0001	FUMA-ACTUAL	SALUD	2021	SEXO	HOMBRE	0.295642	0.279436	0.311933			5215	RESULT-ENSANUT-PISOS-SALUD-FUMA-ACTUAL-2021-SEXO-HOMBRE-P
CALC-ENSANUT-PISOS-SALUD-0001	FUMA-ACTUAL	SALUD	2022	SEXO	HOMBRE	0.295010	0.277781	0.313082			4715	RESULT-ENSANUT-PISOS-SALUD-FUMA-ACTUAL-2022-SEXO-HOMBRE-P
CALC-ENSANUT-PISOS-SALUD-0001	FUMA-ACTUAL	SALUD	2023	SEXO	HOMBRE	0.283959	0.265865	0.302290			2721	RESULT-ENSANUT-PISOS-SALUD-FUMA-ACTUAL-2023-SEXO-HOMBRE-P
CALC-ENSANUT-PISOS-SALUD-0001	FUMA-ACTUAL	SALUD	2024	SEXO	HOMBRE	0.290806	0.271428	0.312604	0.256105	0.328135	5386	RESULT-ENSANUT-PISOS-SALUD-FUMA-ACTUAL-2024-SEXO-HOMBRE-P
CALC-ENSANUT-PISOS-SALUD-0001	FUMA-ACTUAL	SALUD	2021	SEXO	MUJER	0.094278	0.084832	0.103233			8120	RESULT-ENSANUT-PISOS-SALUD-FUMA-ACTUAL-2021-SEXO-MUJER-P
CALC-ENSANUT-PISOS-SALUD-0001	FUMA-ACTUAL	SALUD	2022	SEXO	MUJER	0.103760	0.094188	0.113193			7178	RESULT-ENSANUT-PISOS-SALUD-FUMA-ACTUAL-2022-SEXO-MUJER-P
CALC-ENSANUT-PISOS-SALUD-0001	FUMA-ACTUAL	SALUD	2023	SEXO	MUJER	0.115664	0.102223	0.130289			4033	RESULT-ENSANUT-PISOS-SALUD-FUMA-ACTUAL-2023-SEXO-MUJER-P
CALC-ENSANUT-PISOS-SALUD-0001	FUMA-ACTUAL	SALUD	2024	SEXO	MUJER	0.111155	0.097379	0.125443	0.092688	0.132764	7517	RESULT-ENSANUT-PISOS-SALUD-FUMA-ACTUAL-2024-SEXO-MUJER-P
CALC-ENSANUT-PISOS-SALUD-0001	FUMA-ACTUAL	SALUD	2021	TOTAL	TODOS	0.190670	0.181654	0.199873			13335	RESULT-ENSANUT-PISOS-SALUD-FUMA-ACTUAL-2021-TOTAL-TODOS-P
CALC-ENSANUT-PISOS-SALUD-0001	FUMA-ACTUAL	SALUD	2022	TOTAL	TODOS	0.195219	0.184590	0.206151			11893	RESULT-ENSANUT-PISOS-SALUD-FUMA-ACTUAL-2022-TOTAL-TODOS-P
CALC-ENSANUT-PISOS-SALUD-0001	FUMA-ACTUAL	SALUD	2023	TOTAL	TODOS	0.196286	0.183580	0.209247			6754	RESULT-ENSANUT-PISOS-SALUD-FUMA-ACTUAL-2023-TOTAL-TODOS-P
CALC-ENSANUT-PISOS-SALUD-0001	FUMA-ACTUAL	SALUD	2024	TOTAL	TODOS	0.197099	0.186316	0.208350	0.185097	0.209679	12903	RESULT-ENSANUT-PISOS-SALUD-FUMA-ACTUAL-2024-TOTAL-TODOS-P
CALC-ENSANUT-PISOS-SALUD-0001	NECESIDAD-SALUD-3M	SALUD	2021	EDAD	0-9	0.166248	0.154751	0.178124			6610	RESULT-ENSANUT-PISOS-SALUD-NECESIDAD-SALUD-3M-2021-EDAD-0-9-P
CALC-ENSANUT-PISOS-SALUD-0001	NECESIDAD-SALUD-3M	SALUD	2022	EDAD	0-9	0.259265	0.242914	0.275636			5433	RESULT-ENSANUT-PISOS-SALUD-NECESIDAD-SALUD-3M-2022-EDAD-0-9-P
CALC-ENSANUT-PISOS-SALUD-0001	NECESIDAD-SALUD-3M	SALUD	2023	EDAD	0-9	0.233242	0.215180	0.250520			2953	RESULT-ENSANUT-PISOS-SALUD-NECESIDAD-SALUD-3M-2023-EDAD-0-9-P
CALC-ENSANUT-PISOS-SALUD-0001	NECESIDAD-SALUD-3M	SALUD	2024	EDAD	0-9	0.214941	0.194853	0.235489	0.148128	0.301232	5040	RESULT-ENSANUT-PISOS-SALUD-NECESIDAD-SALUD-3M-2024-EDAD-0-9-P
CALC-ENSANUT-PISOS-SALUD-0001	NECESIDAD-SALUD-3M	SALUD	2021	EDAD	10-19	0.115171	0.106174	0.124205			7555	RESULT-ENSANUT-PISOS-SALUD-NECESIDAD-SALUD-3M-2021-EDAD-10-19-P
CALC-ENSANUT-PISOS-SALUD-0001	NECESIDAD-SALUD-3M	SALUD	2022	EDAD	10-19	0.151887	0.141015	0.163323			6616	RESULT-ENSANUT-PISOS-SALUD-NECESIDAD-SALUD-3M-2022-EDAD-10-19-P
CALC-ENSANUT-PISOS-SALUD-0001	NECESIDAD-SALUD-3M	SALUD	2023	EDAD	10-19	0.148303	0.135036	0.161842			3498	RESULT-ENSANUT-PISOS-SALUD-NECESIDAD-SALUD-3M-2023-EDAD-10-19-P
CALC-ENSANUT-PISOS-SALUD-0001	NECESIDAD-SALUD-3M	SALUD	2024	EDAD	10-19	0.153164	0.141150	0.165498	0.103622	0.220564	6335	RESULT-ENSANUT-PISOS-SALUD-NECESIDAD-SALUD-3M-2024-EDAD-10-19-P
CALC-ENSANUT-PISOS-SALUD-0001	NECESIDAD-SALUD-3M	SALUD	2021	EDAD	20-59	0.210288	0.202692	0.217708			23323	RESULT-ENSANUT-PISOS-SALUD-NECESIDAD-SALUD-3M-2021-EDAD-20-59-P
CALC-ENSANUT-PISOS-SALUD-0001	NECESIDAD-SALUD-3M	SALUD	2022	EDAD	20-59	0.229831	0.220754	0.239363			19146	RESULT-ENSANUT-PISOS-SALUD-NECESIDAD-SALUD-3M-2022-EDAD-20-59-P
CALC-ENSANUT-PISOS-SALUD-0001	NECESIDAD-SALUD-3M	SALUD	2023	EDAD	20-59	0.210937	0.202508	0.219793			10610	RESULT-ENSANUT-PISOS-SALUD-NECESIDAD-SALUD-3M-2023-EDAD-20-59-P
CALC-ENSANUT-PISOS-SALUD-0001	NECESIDAD-SALUD-3M	SALUD	2024	EDAD	20-59	0.226622	0.215622	0.238735	0.158416	0.313263	19019	RESULT-ENSANUT-PISOS-SALUD-NECESIDAD-SALUD-3M-2024-EDAD-20-59-P
CALC-ENSANUT-PISOS-SALUD-0001	NECESIDAD-SALUD-3M	SALUD	2021	EDAD	60-MAS	0.354668	0.338140	0.373502			6197	RESULT-ENSANUT-PISOS-SALUD-NECESIDAD-SALUD-3M-2021-EDAD-60-MAS-P
CALC-ENSANUT-PISOS-SALUD-0001	NECESIDAD-SALUD-3M	SALUD	2022	EDAD	60-MAS	0.417625	0.399673	0.437338			5281	RESULT-ENSANUT-PISOS-SALUD-NECESIDAD-SALUD-3M-2022-EDAD-60-MAS-P
CALC-ENSANUT-PISOS-SALUD-0001	NECESIDAD-SALUD-3M	SALUD	2023	EDAD	60-MAS	0.395926	0.375669	0.415514			2939	RESULT-ENSANUT-PISOS-SALUD-NECESIDAD-SALUD-3M-2023-EDAD-60-MAS-P
CALC-ENSANUT-PISOS-SALUD-0001	NECESIDAD-SALUD-3M	SALUD	2024	EDAD	60-MAS	0.441105	0.419298	0.464882	0.335372	0.552464	5599	RESULT-ENSANUT-PISOS-SALUD-NECESIDAD-SALUD-3M-2024-EDAD-60-MAS-P
CALC-ENSANUT-PISOS-SALUD-0001	NECESIDAD-SALUD-3M	SALUD	2021	ESCOLARIDAD	HASTA-PRIMARIA	0.289957	0.276137	0.304295			7670	RESULT-ENSANUT-PISOS-SALUD-NECESIDAD-SALUD-3M-2021-ESCOLARIDAD-HASTA-PRIMARIA-P
CALC-ENSANUT-PISOS-SALUD-0001	NECESIDAD-SALUD-3M	SALUD	2022	ESCOLARIDAD	HASTA-PRIMARIA	0.321151	0.306169	0.336283			6168	RESULT-ENSANUT-PISOS-SALUD-NECESIDAD-SALUD-3M-2022-ESCOLARIDAD-HASTA-PRIMARIA-P
CALC-ENSANUT-PISOS-SALUD-0001	NECESIDAD-SALUD-3M	SALUD	2023	ESCOLARIDAD	HASTA-PRIMARIA	0.311920	0.296123	0.328171			3219	RESULT-ENSANUT-PISOS-SALUD-NECESIDAD-SALUD-3M-2023-ESCOLARIDAD-HASTA-PRIMARIA-P
CALC-ENSANUT-PISOS-SALUD-0001	NECESIDAD-SALUD-3M	SALUD	2024	ESCOLARIDAD	HASTA-PRIMARIA	0.352046	0.332223	0.372345	0.289120	0.420566	5860	RESULT-ENSANUT-PISOS-SALUD-NECESIDAD-SALUD-3M-2024-ESCOLARIDAD-HASTA-PRIMARIA-P
CALC-ENSANUT-PISOS-SALUD-0001	NECESIDAD-SALUD-3M	SALUD	2021	ESCOLARIDAD	MEDIA-SUPERIOR	0.208679	0.195482	0.222002			6101	RESULT-ENSANUT-PISOS-SALUD-NECESIDAD-SALUD-3M-2021-ESCOLARIDAD-MEDIA-SUPERIOR-P
CALC-ENSANUT-PISOS-SALUD-0001	NECESIDAD-SALUD-3M	SALUD	2022	ESCOLARIDAD	MEDIA-SUPERIOR	0.239824	0.223904	0.255574			5078	RESULT-ENSANUT-PISOS-SALUD-NECESIDAD-SALUD-3M-2022-ESCOLARIDAD-MEDIA-SUPERIOR-P
CALC-ENSANUT-PISOS-SALUD-0001	NECESIDAD-SALUD-3M	SALUD	2023	ESCOLARIDAD	MEDIA-SUPERIOR	0.217950	0.201408	0.233942			3120	RESULT-ENSANUT-PISOS-SALUD-NECESIDAD-SALUD-3M-2023-ESCOLARIDAD-MEDIA-SUPERIOR-P
CALC-ENSANUT-PISOS-SALUD-0001	NECESIDAD-SALUD-3M	SALUD	2024	ESCOLARIDAD	MEDIA-SUPERIOR	0.225819	0.209437	0.242263	0.178938	0.280782	5410	RESULT-ENSANUT-PISOS-SALUD-NECESIDAD-SALUD-3M-2024-ESCOLARIDAD-MEDIA-SUPERIOR-P
CALC-ENSANUT-PISOS-SALUD-0001	NECESIDAD-SALUD-3M	SALUD	2021	ESCOLARIDAD	SECUNDARIA	0.226569	0.214361	0.238587			8671	RESULT-ENSANUT-PISOS-SALUD-NECESIDAD-SALUD-3M-2021-ESCOLARIDAD-SECUNDARIA-P
CALC-ENSANUT-PISOS-SALUD-0001	NECESIDAD-SALUD-3M	SALUD	2022	ESCOLARIDAD	SECUNDARIA	0.269469	0.255894	0.283433			7234	RESULT-ENSANUT-PISOS-SALUD-NECESIDAD-SALUD-3M-2022-ESCOLARIDAD-SECUNDARIA-P
CALC-ENSANUT-PISOS-SALUD-0001	NECESIDAD-SALUD-3M	SALUD	2023	ESCOLARIDAD	SECUNDARIA	0.231454	0.220885	0.242452			4042	RESULT-ENSANUT-PISOS-SALUD-NECESIDAD-SALUD-3M-2023-ESCOLARIDAD-SECUNDARIA-P
CALC-ENSANUT-PISOS-SALUD-0001	NECESIDAD-SALUD-3M	SALUD	2024	ESCOLARIDAD	SECUNDARIA	0.258660	0.242742	0.275807	0.207180	0.317803	7223	RESULT-ENSANUT-PISOS-SALUD-NECESIDAD-SALUD-3M-2024-ESCOLARIDAD-SECUNDARIA-P
CALC-ENSANUT-PISOS-SALUD-0001	NECESIDAD-SALUD-3M	SALUD	2021	ESCOLARIDAD	SUPERIOR	0.202018	0.188130	0.215079			5437	RESULT-ENSANUT-PISOS-SALUD-NECESIDAD-SALUD-3M-2021-ESCOLARIDAD-SUPERIOR-P
CALC-ENSANUT-PISOS-SALUD-0001	NECESIDAD-SALUD-3M	SALUD	2022	ESCOLARIDAD	SUPERIOR	0.218427	0.202502	0.234829			4558	RESULT-ENSANUT-PISOS-SALUD-NECESIDAD-SALUD-3M-2022-ESCOLARIDAD-SUPERIOR-P
CALC-ENSANUT-PISOS-SALUD-0001	NECESIDAD-SALUD-3M	SALUD	2023	ESCOLARIDAD	SUPERIOR	0.223367	0.198564	0.251162			2549	RESULT-ENSANUT-PISOS-SALUD-NECESIDAD-SALUD-3M-2023-ESCOLARIDAD-SUPERIOR-P
CALC-ENSANUT-PISOS-SALUD-0001	NECESIDAD-SALUD-3M	SALUD	2024	ESCOLARIDAD	SUPERIOR	0.236447	0.217750	0.257840	0.187005	0.294230	4963	RESULT-ENSANUT-PISOS-SALUD-NECESIDAD-SALUD-3M-2024-ESCOLARIDAD-SUPERIOR-P
CALC-ENSANUT-PISOS-SALUD-0001	NECESIDAD-SALUD-3M	SALUD	2021	ESTRATO	METROPOLITANO	0.191469	0.182308	0.200655			19694	RESULT-ENSANUT-PISOS-SALUD-NECESIDAD-SALUD-3M-2021-ESTRATO-METROPOLITANO-P
CALC-ENSANUT-PISOS-SALUD-0001	NECESIDAD-SALUD-3M	SALUD	2022	ESTRATO	METROPOLITANO	0.244654	0.233160	0.255741			17040	RESULT-ENSANUT-PISOS-SALUD-NECESIDAD-SALUD-3M-2022-ESTRATO-METROPOLITANO-P
CALC-ENSANUT-PISOS-SALUD-0001	NECESIDAD-SALUD-3M	SALUD	2023	ESTRATO	METROPOLITANO	0.237355	0.223594	0.251793			8317	RESULT-ENSANUT-PISOS-SALUD-NECESIDAD-SALUD-3M-2023-ESTRATO-METROPOLITANO-P
CALC-ENSANUT-PISOS-SALUD-0001	NECESIDAD-SALUD-3M	SALUD	2024	ESTRATO	METROPOLITANO	0.244400	0.229882	0.261015	0.189094	0.309704	15931	RESULT-ENSANUT-PISOS-SALUD-NECESIDAD-SALUD-3M-2024-ESTRATO-METROPOLITANO-P
CALC-ENSANUT-PISOS-SALUD-0001	NECESIDAD-SALUD-3M	SALUD	2021	ESTRATO	RURAL	0.219523	0.207470	0.231652			10333	RESULT-ENSANUT-PISOS-SALUD-NECESIDAD-SALUD-3M-2021-ESTRATO-RURAL-P
CALC-ENSANUT-PISOS-SALUD-0001	NECESIDAD-SALUD-3M	SALUD	2022	ESTRATO	RURAL	0.252752	0.236187	0.269327			8697	RESULT-ENSANUT-PISOS-SALUD-NECESIDAD-SALUD-3M-2022-ESTRATO-RURAL-P
CALC-ENSANUT-PISOS-SALUD-0001	NECESIDAD-SALUD-3M	SALUD	2023	ESTRATO	RURAL	0.237653	0.224645	0.250907			4839	RESULT-ENSANUT-PISOS-SALUD-NECESIDAD-SALUD-3M-2023-ESTRATO-RURAL-P
CALC-ENSANUT-PISOS-SALUD-0001	NECESIDAD-SALUD-3M	SALUD	2024	ESTRATO	RURAL	0.254971	0.237935	0.271457	0.197721	0.322141	8809	RESULT-ENSANUT-PISOS-SALUD-NECESIDAD-SALUD-3M-2024-ESTRATO-RURAL-P
CALC-ENSANUT-PISOS-SALUD-0001	NECESIDAD-SALUD-3M	SALUD	2021	ESTRATO	URBANO	0.215072	0.204407	0.225721			13697	RESULT-ENSANUT-PISOS-SALUD-NECESIDAD-SALUD-3M-2021-ESTRATO-URBANO-P
CALC-ENSANUT-PISOS-SALUD-0001	NECESIDAD-SALUD-3M	SALUD	2022	ESTRATO	URBANO	0.242278	0.227225	0.257770			10746	RESULT-ENSANUT-PISOS-SALUD-NECESIDAD-SALUD-3M-2022-ESTRATO-URBANO-P
CALC-ENSANUT-PISOS-SALUD-0001	NECESIDAD-SALUD-3M	SALUD	2023	ESTRATO	URBANO	0.205413	0.193535	0.215710			6862	RESULT-ENSANUT-PISOS-SALUD-NECESIDAD-SALUD-3M-2023-ESTRATO-URBANO-P
CALC-ENSANUT-PISOS-SALUD-0001	NECESIDAD-SALUD-3M	SALUD	2024	ESTRATO	URBANO	0.225900	0.212702	0.239973	0.174038	0.287831	11281	RESULT-ENSANUT-PISOS-SALUD-NECESIDAD-SALUD-3M-2024-ESTRATO-URBANO-P
CALC-ENSANUT-PISOS-SALUD-0001	NECESIDAD-SALUD-3M	SALUD	2021	SEXO	HOMBRE	0.180040	0.173343	0.186953			20713	RESULT-ENSANUT-PISOS-SALUD-NECESIDAD-SALUD-3M-2021-SEXO-HOMBRE-P
CALC-ENSANUT-PISOS-SALUD-0001	NECESIDAD-SALUD-3M	SALUD	2022	SEXO	HOMBRE	0.216154	0.207301	0.225763			17266	RESULT-ENSANUT-PISOS-SALUD-NECESIDAD-SALUD-3M-2022-SEXO-HOMBRE-P
CALC-ENSANUT-PISOS-SALUD-0001	NECESIDAD-SALUD-3M	SALUD	2023	SEXO	HOMBRE	0.208040	0.196471	0.220459			9375	RESULT-ENSANUT-PISOS-SALUD-NECESIDAD-SALUD-3M-2023-SEXO-HOMBRE-P
CALC-ENSANUT-PISOS-SALUD-0001	NECESIDAD-SALUD-3M	SALUD	2024	SEXO	HOMBRE	0.212292	0.200941	0.224971	0.164232	0.269874	16964	RESULT-ENSANUT-PISOS-SALUD-NECESIDAD-SALUD-3M-2024-SEXO-HOMBRE-P
CALC-ENSANUT-PISOS-SALUD-0001	NECESIDAD-SALUD-3M	SALUD	2021	SEXO	MUJER	0.227977	0.220731	0.235392			23011	RESULT-ENSANUT-PISOS-SALUD-NECESIDAD-SALUD-3M-2021-SEXO-MUJER-P
CALC-ENSANUT-PISOS-SALUD-0001	NECESIDAD-SALUD-3M	SALUD	2022	SEXO	MUJER	0.273835	0.264812	0.283256			19217	RESULT-ENSANUT-PISOS-SALUD-NECESIDAD-SALUD-3M-2022-SEXO-MUJER-P
CALC-ENSANUT-PISOS-SALUD-0001	NECESIDAD-SALUD-3M	SALUD	2023	SEXO	MUJER	0.246593	0.238622	0.254412			10643	RESULT-ENSANUT-PISOS-SALUD-NECESIDAD-SALUD-3M-2023-SEXO-MUJER-P
CALC-ENSANUT-PISOS-SALUD-0001	NECESIDAD-SALUD-3M	SALUD	2024	SEXO	MUJER	0.268430	0.256791	0.281019	0.211423	0.334291	19057	RESULT-ENSANUT-PISOS-SALUD-NECESIDAD-SALUD-3M-2024-SEXO-MUJER-P
CALC-ENSANUT-PISOS-SALUD-0001	NECESIDAD-SALUD-3M	SALUD	2021	TOTAL	TODOS	0.204592	0.198564	0.210609			43724	RESULT-ENSANUT-PISOS-SALUD-NECESIDAD-SALUD-3M-2021-TOTAL-TODOS-P
CALC-ENSANUT-PISOS-SALUD-0001	NECESIDAD-SALUD-3M	SALUD	2022	TOTAL	TODOS	0.245696	0.238113	0.253922			36483	RESULT-ENSANUT-PISOS-SALUD-NECESIDAD-SALUD-3M-2022-TOTAL-TODOS-P
CALC-ENSANUT-PISOS-SALUD-0001	NECESIDAD-SALUD-3M	SALUD	2023	TOTAL	TODOS	0.227786	0.220123	0.235891			20018	RESULT-ENSANUT-PISOS-SALUD-NECESIDAD-SALUD-3M-2023-TOTAL-TODOS-P
CALC-ENSANUT-PISOS-SALUD-0001	NECESIDAD-SALUD-3M	SALUD	2024	TOTAL	TODOS	0.241023	0.232492	0.250934	0.189563	0.301259	36021	RESULT-ENSANUT-PISOS-SALUD-NECESIDAD-SALUD-3M-2024-TOTAL-TODOS-P
CALC-ENBIARE-PISOS-BIENESTAR-0001	ANSIEDAD-GAD2	SALUD_MENTAL	2021	EDAD	18-29	0.194712	0.183416	0.205490			7723	RESULT-ENBIARE-PISOS-BIENESTAR-ANSIEDAD-GAD2-2021-EDAD-18-29-P
CALC-ENBIARE-PISOS-BIENESTAR-0001	ANSIEDAD-GAD2	SALUD_MENTAL	2021	EDAD	30-44	0.195435	0.184185	0.206082			10087	RESULT-ENBIARE-PISOS-BIENESTAR-ANSIEDAD-GAD2-2021-EDAD-30-44-P
CALC-ENBIARE-PISOS-BIENESTAR-0001	ANSIEDAD-GAD2	SALUD_MENTAL	2021	EDAD	45-59	0.191542	0.180380	0.203635			7726	RESULT-ENBIARE-PISOS-BIENESTAR-ANSIEDAD-GAD2-2021-EDAD-45-59-P
CALC-ENBIARE-PISOS-BIENESTAR-0001	ANSIEDAD-GAD2	SALUD_MENTAL	2021	EDAD	60-MAS	0.190346	0.177193	0.204746			5630	RESULT-ENBIARE-PISOS-BIENESTAR-ANSIEDAD-GAD2-2021-EDAD-60-MAS-P
CALC-ENBIARE-PISOS-BIENESTAR-0001	ANSIEDAD-GAD2	SALUD_MENTAL	2021	ESCOLARIDAD	HASTA-PRIMARIA	0.261233	0.247417	0.276519			7658	RESULT-ENBIARE-PISOS-BIENESTAR-ANSIEDAD-GAD2-2021-ESCOLARIDAD-HASTA-PRIMARIA-P
CALC-ENBIARE-PISOS-BIENESTAR-0001	ANSIEDAD-GAD2	SALUD_MENTAL	2021	ESCOLARIDAD	MEDIA-SUPERIOR	0.173830	0.161663	0.185247			7092	RESULT-ENBIARE-PISOS-BIENESTAR-ANSIEDAD-GAD2-2021-ESCOLARIDAD-MEDIA-SUPERIOR-P
CALC-ENBIARE-PISOS-BIENESTAR-0001	ANSIEDAD-GAD2	SALUD_MENTAL	2021	ESCOLARIDAD	SECUNDARIA	0.187470	0.177575	0.197745			9535	RESULT-ENBIARE-PISOS-BIENESTAR-ANSIEDAD-GAD2-2021-ESCOLARIDAD-SECUNDARIA-P
CALC-ENBIARE-PISOS-BIENESTAR-0001	ANSIEDAD-GAD2	SALUD_MENTAL	2021	ESCOLARIDAD	SUPERIOR	0.155693	0.143297	0.168012			6820	RESULT-ENBIARE-PISOS-BIENESTAR-ANSIEDAD-GAD2-2021-ESCOLARIDAD-SUPERIOR-P
CALC-ENBIARE-PISOS-BIENESTAR-0001	ANSIEDAD-GAD2	SALUD_MENTAL	2021	SEXO	HOMBRE	0.149892	0.142304	0.157447			14255	RESULT-ENBIARE-PISOS-BIENESTAR-ANSIEDAD-GAD2-2021-SEXO-HOMBRE-P
CALC-ENBIARE-PISOS-BIENESTAR-0001	ANSIEDAD-GAD2	SALUD_MENTAL	2021	SEXO	MUJER	0.232283	0.223814	0.240884			16911	RESULT-ENBIARE-PISOS-BIENESTAR-ANSIEDAD-GAD2-2021-SEXO-MUJER-P
CALC-ENBIARE-PISOS-BIENESTAR-0001	ANSIEDAD-GAD2	SALUD_MENTAL	2021	TLOC	100MIL-MAS	0.174273	0.165569	0.183400			14095	RESULT-ENBIARE-PISOS-BIENESTAR-ANSIEDAD-GAD2-2021-TLOC-100MIL-MAS-P
CALC-ENBIARE-PISOS-BIENESTAR-0001	ANSIEDAD-GAD2	SALUD_MENTAL	2021	TLOC	15MIL-99MIL	0.204167	0.189587	0.218064			4793	RESULT-ENBIARE-PISOS-BIENESTAR-ANSIEDAD-GAD2-2021-TLOC-15MIL-99MIL-P
CALC-ENBIARE-PISOS-BIENESTAR-0001	ANSIEDAD-GAD2	SALUD_MENTAL	2021	TLOC	2500-14999	0.201365	0.186066	0.217090			4925	RESULT-ENBIARE-PISOS-BIENESTAR-ANSIEDAD-GAD2-2021-TLOC-2500-14999-P
CALC-ENBIARE-PISOS-BIENESTAR-0001	ANSIEDAD-GAD2	SALUD_MENTAL	2021	TLOC	MENOS-2500	0.223498	0.210512	0.236222			7353	RESULT-ENBIARE-PISOS-BIENESTAR-ANSIEDAD-GAD2-2021-TLOC-MENOS-2500-P
CALC-ENBIARE-PISOS-BIENESTAR-0001	ANSIEDAD-GAD2	SALUD_MENTAL	2021	TOTAL	TODOS	0.193441	0.187524	0.199559			31166	RESULT-ENBIARE-PISOS-BIENESTAR-ANSIEDAD-GAD2-2021-TOTAL-TODOS-P
CALC-ENBIARE-PISOS-BIENESTAR-0001	DEPRESION-CESD7	SALUD_MENTAL	2021	EDAD	18-29	0.151687	0.141150	0.162737			7723	RESULT-ENBIARE-PISOS-BIENESTAR-DEPRESION-CESD7-2021-EDAD-18-29-P
CALC-ENBIARE-PISOS-BIENESTAR-0001	DEPRESION-CESD7	SALUD_MENTAL	2021	EDAD	30-44	0.150326	0.140657	0.159857			10087	RESULT-ENBIARE-PISOS-BIENESTAR-DEPRESION-CESD7-2021-EDAD-30-44-P
CALC-ENBIARE-PISOS-BIENESTAR-0001	DEPRESION-CESD7	SALUD_MENTAL	2021	EDAD	45-59	0.156698	0.146370	0.168257			7726	RESULT-ENBIARE-PISOS-BIENESTAR-DEPRESION-CESD7-2021-EDAD-45-59-P
CALC-ENBIARE-PISOS-BIENESTAR-0001	DEPRESION-CESD7	SALUD_MENTAL	2021	EDAD	60-MAS	0.349543	0.333053	0.366700			5630	RESULT-ENBIARE-PISOS-BIENESTAR-DEPRESION-CESD7-2021-EDAD-60-MAS-P
CALC-ENBIARE-PISOS-BIENESTAR-0001	DEPRESION-CESD7	SALUD_MENTAL	2021	ESCOLARIDAD	HASTA-PRIMARIA	0.291679	0.279092	0.305055			7658	RESULT-ENBIARE-PISOS-BIENESTAR-DEPRESION-CESD7-2021-ESCOLARIDAD-HASTA-PRIMARIA-P
CALC-ENBIARE-PISOS-BIENESTAR-0001	DEPRESION-CESD7	SALUD_MENTAL	2021	ESCOLARIDAD	MEDIA-SUPERIOR	0.153178	0.141652	0.164796			7092	RESULT-ENBIARE-PISOS-BIENESTAR-DEPRESION-CESD7-2021-ESCOLARIDAD-MEDIA-SUPERIOR-P
CALC-ENBIARE-PISOS-BIENESTAR-0001	DEPRESION-CESD7	SALUD_MENTAL	2021	ESCOLARIDAD	SECUNDARIA	0.176114	0.165657	0.187627			9535	RESULT-ENBIARE-PISOS-BIENESTAR-DEPRESION-CESD7-2021-ESCOLARIDAD-SECUNDARIA-P
CALC-ENBIARE-PISOS-BIENESTAR-0001	DEPRESION-CESD7	SALUD_MENTAL	2021	ESCOLARIDAD	SUPERIOR	0.121224	0.110703	0.131670			6820	RESULT-ENBIARE-PISOS-BIENESTAR-DEPRESION-CESD7-2021-ESCOLARIDAD-SUPERIOR-P
CALC-ENBIARE-PISOS-BIENESTAR-0001	DEPRESION-CESD7	SALUD_MENTAL	2021	SEXO	HOMBRE	0.135848	0.128259	0.143571			14255	RESULT-ENBIARE-PISOS-BIENESTAR-DEPRESION-CESD7-2021-SEXO-HOMBRE-P
CALC-ENBIARE-PISOS-BIENESTAR-0001	DEPRESION-CESD7	SALUD_MENTAL	2021	SEXO	MUJER	0.226865	0.217698	0.236114			16911	RESULT-ENBIARE-PISOS-BIENESTAR-DEPRESION-CESD7-2021-SEXO-MUJER-P
CALC-ENBIARE-PISOS-BIENESTAR-0001	DEPRESION-CESD7	SALUD_MENTAL	2021	TLOC	100MIL-MAS	0.176947	0.167325	0.187362			14095	RESULT-ENBIARE-PISOS-BIENESTAR-DEPRESION-CESD7-2021-TLOC-100MIL-MAS-P
CALC-ENBIARE-PISOS-BIENESTAR-0001	DEPRESION-CESD7	SALUD_MENTAL	2021	TLOC	15MIL-99MIL	0.181086	0.167547	0.193629			4793	RESULT-ENBIARE-PISOS-BIENESTAR-DEPRESION-CESD7-2021-TLOC-15MIL-99MIL-P
CALC-ENBIARE-PISOS-BIENESTAR-0001	DEPRESION-CESD7	SALUD_MENTAL	2021	TLOC	2500-14999	0.183237	0.168812	0.198361			4925	RESULT-ENBIARE-PISOS-BIENESTAR-DEPRESION-CESD7-2021-TLOC-2500-14999-P
CALC-ENBIARE-PISOS-BIENESTAR-0001	DEPRESION-CESD7	SALUD_MENTAL	2021	TLOC	MENOS-2500	0.201608	0.191544	0.212830			7353	RESULT-ENBIARE-PISOS-BIENESTAR-DEPRESION-CESD7-2021-TLOC-MENOS-2500-P
CALC-ENBIARE-PISOS-BIENESTAR-0001	DEPRESION-CESD7	SALUD_MENTAL	2021	TOTAL	TODOS	0.183956	0.177947	0.190184			31166	RESULT-ENBIARE-PISOS-BIENESTAR-DEPRESION-CESD7-2021-TOTAL-TODOS-P
CALC-ENBIARE-PISOS-BIENESTAR-0001	ESCALERA-CANTRIL	SALUD_MENTAL	2021	EDAD	18-29	7.571060	7.519921	7.620908			7723	RESULT-ENBIARE-PISOS-BIENESTAR-ESCALERA-CANTRIL-2021-EDAD-18-29-P
CALC-ENBIARE-PISOS-BIENESTAR-0001	ESCALERA-CANTRIL	SALUD_MENTAL	2021	EDAD	30-44	7.736070	7.688070	7.782282			10087	RESULT-ENBIARE-PISOS-BIENESTAR-ESCALERA-CANTRIL-2021-EDAD-30-44-P
CALC-ENBIARE-PISOS-BIENESTAR-0001	ESCALERA-CANTRIL	SALUD_MENTAL	2021	EDAD	45-59	7.807154	7.749954	7.862541			7726	RESULT-ENBIARE-PISOS-BIENESTAR-ESCALERA-CANTRIL-2021-EDAD-45-59-P
CALC-ENBIARE-PISOS-BIENESTAR-0001	ESCALERA-CANTRIL	SALUD_MENTAL	2021	EDAD	60-MAS	7.869860	7.800257	7.938124			5630	RESULT-ENBIARE-PISOS-BIENESTAR-ESCALERA-CANTRIL-2021-EDAD-60-MAS-P
CALC-ENBIARE-PISOS-BIENESTAR-0001	ESCALERA-CANTRIL	SALUD_MENTAL	2021	ESCOLARIDAD	HASTA-PRIMARIA	7.580356	7.518038	7.644433			7658	RESULT-ENBIARE-PISOS-BIENESTAR-ESCALERA-CANTRIL-2021-ESCOLARIDAD-HASTA-PRIMARIA-P
CALC-ENBIARE-PISOS-BIENESTAR-0001	ESCALERA-CANTRIL	SALUD_MENTAL	2021	ESCOLARIDAD	MEDIA-SUPERIOR	7.685636	7.632414	7.739382			7092	RESULT-ENBIARE-PISOS-BIENESTAR-ESCALERA-CANTRIL-2021-ESCOLARIDAD-MEDIA-SUPERIOR-P
CALC-ENBIARE-PISOS-BIENESTAR-0001	ESCALERA-CANTRIL	SALUD_MENTAL	2021	ESCOLARIDAD	SECUNDARIA	7.731159	7.682865	7.778364			9535	RESULT-ENBIARE-PISOS-BIENESTAR-ESCALERA-CANTRIL-2021-ESCOLARIDAD-SECUNDARIA-P
CALC-ENBIARE-PISOS-BIENESTAR-0001	ESCALERA-CANTRIL	SALUD_MENTAL	2021	ESCOLARIDAD	SUPERIOR	7.912617	7.857921	7.965514			6820	RESULT-ENBIARE-PISOS-BIENESTAR-ESCALERA-CANTRIL-2021-ESCOLARIDAD-SUPERIOR-P
CALC-ENBIARE-PISOS-BIENESTAR-0001	ESCALERA-CANTRIL	SALUD_MENTAL	2021	SEXO	HOMBRE	7.725387	7.686019	7.765777			14255	RESULT-ENBIARE-PISOS-BIENESTAR-ESCALERA-CANTRIL-2021-SEXO-HOMBRE-P
CALC-ENBIARE-PISOS-BIENESTAR-0001	ESCALERA-CANTRIL	SALUD_MENTAL	2021	SEXO	MUJER	7.730458	7.691037	7.767892			16911	RESULT-ENBIARE-PISOS-BIENESTAR-ESCALERA-CANTRIL-2021-SEXO-MUJER-P
CALC-ENBIARE-PISOS-BIENESTAR-0001	ESCALERA-CANTRIL	SALUD_MENTAL	2021	TLOC	100MIL-MAS	7.755927	7.713286	7.797883			14095	RESULT-ENBIARE-PISOS-BIENESTAR-ESCALERA-CANTRIL-2021-TLOC-100MIL-MAS-P
CALC-ENBIARE-PISOS-BIENESTAR-0001	ESCALERA-CANTRIL	SALUD_MENTAL	2021	TLOC	15MIL-99MIL	7.751351	7.685699	7.825056			4793	RESULT-ENBIARE-PISOS-BIENESTAR-ESCALERA-CANTRIL-2021-TLOC-15MIL-99MIL-P
CALC-ENBIARE-PISOS-BIENESTAR-0001	ESCALERA-CANTRIL	SALUD_MENTAL	2021	TLOC	2500-14999	7.709912	7.646762	7.765719			4925	RESULT-ENBIARE-PISOS-BIENESTAR-ESCALERA-CANTRIL-2021-TLOC-2500-14999-P
CALC-ENBIARE-PISOS-BIENESTAR-0001	ESCALERA-CANTRIL	SALUD_MENTAL	2021	TLOC	MENOS-2500	7.663260	7.611590	7.715901			7353	RESULT-ENBIARE-PISOS-BIENESTAR-ESCALERA-CANTRIL-2021-TLOC-MENOS-2500-P
CALC-ENBIARE-PISOS-BIENESTAR-0001	ESCALERA-CANTRIL	SALUD_MENTAL	2021	TOTAL	TODOS	7.728067	7.702516	7.754649			31166	RESULT-ENBIARE-PISOS-BIENESTAR-ESCALERA-CANTRIL-2021-TOTAL-TODOS-P
CALC-ENBIARE-PISOS-BIENESTAR-0001	SATISFACCION-VIDA	SALUD_MENTAL	2021	EDAD	18-29	8.634807	8.589090	8.678919			7723	RESULT-ENBIARE-PISOS-BIENESTAR-SATISFACCION-VIDA-2021-EDAD-18-29-P
CALC-ENBIARE-PISOS-BIENESTAR-0001	SATISFACCION-VIDA	SALUD_MENTAL	2021	EDAD	30-44	8.493765	8.442685	8.541295			10087	RESULT-ENBIARE-PISOS-BIENESTAR-SATISFACCION-VIDA-2021-EDAD-30-44-P
CALC-ENBIARE-PISOS-BIENESTAR-0001	SATISFACCION-VIDA	SALUD_MENTAL	2021	EDAD	45-59	8.279247	8.219818	8.334247			7726	RESULT-ENBIARE-PISOS-BIENESTAR-SATISFACCION-VIDA-2021-EDAD-45-59-P
CALC-ENBIARE-PISOS-BIENESTAR-0001	SATISFACCION-VIDA	SALUD_MENTAL	2021	EDAD	60-MAS	8.296345	8.220544	8.370137			5630	RESULT-ENBIARE-PISOS-BIENESTAR-SATISFACCION-VIDA-2021-EDAD-60-MAS-P
CALC-ENBIARE-PISOS-BIENESTAR-0001	SATISFACCION-VIDA	SALUD_MENTAL	2021	ESCOLARIDAD	HASTA-PRIMARIA	8.141766	8.080286	8.200657			7658	RESULT-ENBIARE-PISOS-BIENESTAR-SATISFACCION-VIDA-2021-ESCOLARIDAD-HASTA-PRIMARIA-P
CALC-ENBIARE-PISOS-BIENESTAR-0001	SATISFACCION-VIDA	SALUD_MENTAL	2021	ESCOLARIDAD	MEDIA-SUPERIOR	8.488023	8.431835	8.539081			7092	RESULT-ENBIARE-PISOS-BIENESTAR-SATISFACCION-VIDA-2021-ESCOLARIDAD-MEDIA-SUPERIOR-P
CALC-ENBIARE-PISOS-BIENESTAR-0001	SATISFACCION-VIDA	SALUD_MENTAL	2021	ESCOLARIDAD	SECUNDARIA	8.427872	8.379806	8.476848			9535	RESULT-ENBIARE-PISOS-BIENESTAR-SATISFACCION-VIDA-2021-ESCOLARIDAD-SECUNDARIA-P
CALC-ENBIARE-PISOS-BIENESTAR-0001	SATISFACCION-VIDA	SALUD_MENTAL	2021	ESCOLARIDAD	SUPERIOR	8.737979	8.694848	8.779428			6820	RESULT-ENBIARE-PISOS-BIENESTAR-SATISFACCION-VIDA-2021-ESCOLARIDAD-SUPERIOR-P
CALC-ENBIARE-PISOS-BIENESTAR-0001	SATISFACCION-VIDA	SALUD_MENTAL	2021	SEXO	HOMBRE	8.532330	8.494231	8.569862			14255	RESULT-ENBIARE-PISOS-BIENESTAR-SATISFACCION-VIDA-2021-SEXO-HOMBRE-P
CALC-ENBIARE-PISOS-BIENESTAR-0001	SATISFACCION-VIDA	SALUD_MENTAL	2021	SEXO	MUJER	8.374128	8.334399	8.411911			16911	RESULT-ENBIARE-PISOS-BIENESTAR-SATISFACCION-VIDA-2021-SEXO-MUJER-P
CALC-ENBIARE-PISOS-BIENESTAR-0001	SATISFACCION-VIDA	SALUD_MENTAL	2021	TLOC	100MIL-MAS	8.475193	8.431624	8.516501			14095	RESULT-ENBIARE-PISOS-BIENESTAR-SATISFACCION-VIDA-2021-TLOC-100MIL-MAS-P
CALC-ENBIARE-PISOS-BIENESTAR-0001	SATISFACCION-VIDA	SALUD_MENTAL	2021	TLOC	15MIL-99MIL	8.496697	8.438594	8.552427			4793	RESULT-ENBIARE-PISOS-BIENESTAR-SATISFACCION-VIDA-2021-TLOC-15MIL-99MIL-P
CALC-ENBIARE-PISOS-BIENESTAR-0001	SATISFACCION-VIDA	SALUD_MENTAL	2021	TLOC	2500-14999	8.433366	8.363361	8.501312			4925	RESULT-ENBIARE-PISOS-BIENESTAR-SATISFACCION-VIDA-2021-TLOC-2500-14999-P
CALC-ENBIARE-PISOS-BIENESTAR-0001	SATISFACCION-VIDA	SALUD_MENTAL	2021	TLOC	MENOS-2500	8.369125	8.315263	8.421422			7353	RESULT-ENBIARE-PISOS-BIENESTAR-SATISFACCION-VIDA-2021-TLOC-MENOS-2500-P
CALC-ENBIARE-PISOS-BIENESTAR-0001	SATISFACCION-VIDA	SALUD_MENTAL	2021	TOTAL	TODOS	8.448711	8.420181	8.475690			31166	RESULT-ENBIARE-PISOS-BIENESTAR-SATISFACCION-VIDA-2021-TOTAL-TODOS-P
CALC-ENSANUT-PISOS-SALUD-0001	DEPRESION-CESD7	SALUD_MENTAL	2021	EDAD	20-39	0.102306	0.092082	0.112851			5486	RESULT-ENSANUT-PISOS-SALUD-DEPRESION-CESD7-2021-EDAD-20-39-P
CALC-ENSANUT-PISOS-SALUD-0001	DEPRESION-CESD7	SALUD_MENTAL	2022	EDAD	20-39	0.105585	0.094360	0.117012			4569	RESULT-ENSANUT-PISOS-SALUD-DEPRESION-CESD7-2022-EDAD-20-39-P
CALC-ENSANUT-PISOS-SALUD-0001	DEPRESION-CESD7	SALUD_MENTAL	2023	EDAD	20-39	0.071462	0.062292	0.081799			2592	RESULT-ENSANUT-PISOS-SALUD-DEPRESION-CESD7-2023-EDAD-20-39-P
CALC-ENSANUT-PISOS-SALUD-0001	DEPRESION-CESD7	SALUD_MENTAL	2024	EDAD	20-39	0.107773	0.092149	0.125262	0.068655	0.165225	4946	RESULT-ENSANUT-PISOS-SALUD-DEPRESION-CESD7-2024-EDAD-20-39-P
CALC-ENSANUT-PISOS-SALUD-0001	DEPRESION-CESD7	SALUD_MENTAL	2021	EDAD	40-59	0.139045	0.127952	0.151051			5003	RESULT-ENSANUT-PISOS-SALUD-DEPRESION-CESD7-2021-EDAD-40-59-P
CALC-ENSANUT-PISOS-SALUD-0001	DEPRESION-CESD7	SALUD_MENTAL	2022	EDAD	40-59	0.121507	0.109774	0.132873			4537	RESULT-ENSANUT-PISOS-SALUD-DEPRESION-CESD7-2022-EDAD-40-59-P
CALC-ENSANUT-PISOS-SALUD-0001	DEPRESION-CESD7	SALUD_MENTAL	2023	EDAD	40-59	0.140032	0.123004	0.158172			2587	RESULT-ENSANUT-PISOS-SALUD-DEPRESION-CESD7-2023-EDAD-40-59-P
CALC-ENSANUT-PISOS-SALUD-0001	DEPRESION-CESD7	SALUD_MENTAL	2024	EDAD	40-59	0.135736	0.118755	0.153538	0.088079	0.203426	4852	RESULT-ENSANUT-PISOS-SALUD-DEPRESION-CESD7-2024-EDAD-40-59-P
CALC-ENSANUT-PISOS-SALUD-0001	DEPRESION-CESD7	SALUD_MENTAL	2021	EDAD	60-MAS	0.346790	0.325961	0.369295			2902	RESULT-ENSANUT-PISOS-SALUD-DEPRESION-CESD7-2021-EDAD-60-MAS-P
CALC-ENSANUT-PISOS-SALUD-0001	DEPRESION-CESD7	SALUD_MENTAL	2022	EDAD	60-MAS	0.382985	0.360130	0.408891			2807	RESULT-ENSANUT-PISOS-SALUD-DEPRESION-CESD7-2022-EDAD-60-MAS-P
CALC-ENSANUT-PISOS-SALUD-0001	DEPRESION-CESD7	SALUD_MENTAL	2023	EDAD	60-MAS	0.339972	0.312785	0.369295			1593	RESULT-ENSANUT-PISOS-SALUD-DEPRESION-CESD7-2023-EDAD-60-MAS-P
CALC-ENSANUT-PISOS-SALUD-0001	DEPRESION-CESD7	SALUD_MENTAL	2024	EDAD	60-MAS	0.353153	0.332021	0.375071	0.253961	0.466844	3126	RESULT-ENSANUT-PISOS-SALUD-DEPRESION-CESD7-2024-EDAD-60-MAS-P
CALC-ENSANUT-PISOS-SALUD-0001	DEPRESION-CESD7	SALUD_MENTAL	2021	ESCOLARIDAD	HASTA-PRIMARIA	0.251620	0.236348	0.266701			3616	RESULT-ENSANUT-PISOS-SALUD-DEPRESION-CESD7-2021-ESCOLARIDAD-HASTA-PRIMARIA-P
CALC-ENSANUT-PISOS-SALUD-0001	DEPRESION-CESD7	SALUD_MENTAL	2022	ESCOLARIDAD	HASTA-PRIMARIA	0.267474	0.250076	0.285886			3212	RESULT-ENSANUT-PISOS-SALUD-DEPRESION-CESD7-2022-ESCOLARIDAD-HASTA-PRIMARIA-P
CALC-ENSANUT-PISOS-SALUD-0001	DEPRESION-CESD7	SALUD_MENTAL	2023	ESCOLARIDAD	HASTA-PRIMARIA	0.261013	0.237359	0.285975			1689	RESULT-ENSANUT-PISOS-SALUD-DEPRESION-CESD7-2023-ESCOLARIDAD-HASTA-PRIMARIA-P
CALC-ENSANUT-PISOS-SALUD-0001	DEPRESION-CESD7	SALUD_MENTAL	2024	ESCOLARIDAD	HASTA-PRIMARIA	0.273869	0.251116	0.296782	0.200807	0.361490	3201	RESULT-ENSANUT-PISOS-SALUD-DEPRESION-CESD7-2024-ESCOLARIDAD-HASTA-PRIMARIA-P
CALC-ENSANUT-PISOS-SALUD-0001	DEPRESION-CESD7	SALUD_MENTAL	2021	ESCOLARIDAD	MEDIA-SUPERIOR	0.112765	0.097722	0.129884			2664	RESULT-ENSANUT-PISOS-SALUD-DEPRESION-CESD7-2021-ESCOLARIDAD-MEDIA-SUPERIOR-P
CALC-ENSANUT-PISOS-SALUD-0001	DEPRESION-CESD7	SALUD_MENTAL	2022	ESCOLARIDAD	MEDIA-SUPERIOR	0.104139	0.089765	0.118710			2315	RESULT-ENSANUT-PISOS-SALUD-DEPRESION-CESD7-2022-ESCOLARIDAD-MEDIA-SUPERIOR-P
CALC-ENSANUT-PISOS-SALUD-0001	DEPRESION-CESD7	SALUD_MENTAL	2023	ESCOLARIDAD	MEDIA-SUPERIOR	0.106868	0.088951	0.125510			1491	RESULT-ENSANUT-PISOS-SALUD-DEPRESION-CESD7-2023-ESCOLARIDAD-MEDIA-SUPERIOR-P
CALC-ENSANUT-PISOS-SALUD-0001	DEPRESION-CESD7	SALUD_MENTAL	2024	ESCOLARIDAD	MEDIA-SUPERIOR	0.108978	0.089314	0.129934	0.072837	0.159957	2762	RESULT-ENSANUT-PISOS-SALUD-DEPRESION-CESD7-2024-ESCOLARIDAD-MEDIA-SUPERIOR-P
CALC-ENSANUT-PISOS-SALUD-0001	DEPRESION-CESD7	SALUD_MENTAL	2021	ESCOLARIDAD	SECUNDARIA	0.146284	0.133263	0.159734			4061	RESULT-ENSANUT-PISOS-SALUD-DEPRESION-CESD7-2021-ESCOLARIDAD-SECUNDARIA-P
CALC-ENSANUT-PISOS-SALUD-0001	DEPRESION-CESD7	SALUD_MENTAL	2022	ESCOLARIDAD	SECUNDARIA	0.145433	0.130759	0.160842			3607	RESULT-ENSANUT-PISOS-SALUD-DEPRESION-CESD7-2022-ESCOLARIDAD-SECUNDARIA-P
CALC-ENSANUT-PISOS-SALUD-0001	DEPRESION-CESD7	SALUD_MENTAL	2023	ESCOLARIDAD	SECUNDARIA	0.134845	0.121274	0.149187			2054	RESULT-ENSANUT-PISOS-SALUD-DEPRESION-CESD7-2023-ESCOLARIDAD-SECUNDARIA-P
CALC-ENSANUT-PISOS-SALUD-0001	DEPRESION-CESD7	SALUD_MENTAL	2024	ESCOLARIDAD	SECUNDARIA	0.168013	0.149835	0.187653	0.117932	0.233724	3809	RESULT-ENSANUT-PISOS-SALUD-DEPRESION-CESD7-2024-ESCOLARIDAD-SECUNDARIA-P
CALC-ENSANUT-PISOS-SALUD-0001	DEPRESION-CESD7	SALUD_MENTAL	2021	ESCOLARIDAD	SUPERIOR	0.088522	0.075164	0.103865			2287	RESULT-ENSANUT-PISOS-SALUD-DEPRESION-CESD7-2021-ESCOLARIDAD-SUPERIOR-P
CALC-ENSANUT-PISOS-SALUD-0001	DEPRESION-CESD7	SALUD_MENTAL	2022	ESCOLARIDAD	SUPERIOR	0.092912	0.077655	0.107401			2101	RESULT-ENSANUT-PISOS-SALUD-DEPRESION-CESD7-2022-ESCOLARIDAD-SUPERIOR-P
CALC-ENSANUT-PISOS-SALUD-0001	DEPRESION-CESD7	SALUD_MENTAL	2023	ESCOLARIDAD	SUPERIOR	0.064199	0.047560	0.080630			1209	RESULT-ENSANUT-PISOS-SALUD-DEPRESION-CESD7-2023-ESCOLARIDAD-SUPERIOR-P
CALC-ENSANUT-PISOS-SALUD-0001	DEPRESION-CESD7	SALUD_MENTAL	2024	ESCOLARIDAD	SUPERIOR	0.098271	0.074573	0.127566	0.062561	0.151078	2518	RESULT-ENSANUT-PISOS-SALUD-DEPRESION-CESD7-2024-ESCOLARIDAD-SUPERIOR-P
CALC-ENSANUT-PISOS-SALUD-0001	DEPRESION-CESD7	SALUD_MENTAL	2021	ESTRATO	METROPOLITANO	0.155035	0.143798	0.166606			6077	RESULT-ENSANUT-PISOS-SALUD-DEPRESION-CESD7-2021-ESTRATO-METROPOLITANO-P
CALC-ENSANUT-PISOS-SALUD-0001	DEPRESION-CESD7	SALUD_MENTAL	2022	ESTRATO	METROPOLITANO	0.158523	0.148029	0.169799			5637	RESULT-ENSANUT-PISOS-SALUD-DEPRESION-CESD7-2022-ESTRATO-METROPOLITANO-P
CALC-ENSANUT-PISOS-SALUD-0001	DEPRESION-CESD7	SALUD_MENTAL	2023	ESTRATO	METROPOLITANO	0.140880	0.126703	0.154958			2801	RESULT-ENSANUT-PISOS-SALUD-DEPRESION-CESD7-2023-ESTRATO-METROPOLITANO-P
CALC-ENSANUT-PISOS-SALUD-0001	DEPRESION-CESD7	SALUD_MENTAL	2024	ESTRATO	METROPOLITANO	0.161925	0.144275	0.181057	0.121879	0.211953	5807	RESULT-ENSANUT-PISOS-SALUD-DEPRESION-CESD7-2024-ESTRATO-METROPOLITANO-P
CALC-ENSANUT-PISOS-SALUD-0001	DEPRESION-CESD7	SALUD_MENTAL	2021	ESTRATO	RURAL	0.165287	0.147601	0.181553			3184	RESULT-ENSANUT-PISOS-SALUD-DEPRESION-CESD7-2021-ESTRATO-RURAL-P
CALC-ENSANUT-PISOS-SALUD-0001	DEPRESION-CESD7	SALUD_MENTAL	2022	ESTRATO	RURAL	0.199208	0.183441	0.215932			2885	RESULT-ENSANUT-PISOS-SALUD-DEPRESION-CESD7-2022-ESTRATO-RURAL-P
CALC-ENSANUT-PISOS-SALUD-0001	DEPRESION-CESD7	SALUD_MENTAL	2023	ESTRATO	RURAL	0.181304	0.155038	0.209906			1683	RESULT-ENSANUT-PISOS-SALUD-DEPRESION-CESD7-2023-ESTRATO-RURAL-P
CALC-ENSANUT-PISOS-SALUD-0001	DEPRESION-CESD7	SALUD_MENTAL	2024	ESTRATO	RURAL	0.170907	0.156799	0.185628	0.130373	0.220843	3183	RESULT-ENSANUT-PISOS-SALUD-DEPRESION-CESD7-2024-ESTRATO-RURAL-P
CALC-ENSANUT-PISOS-SALUD-0001	DEPRESION-CESD7	SALUD_MENTAL	2021	ESTRATO	URBANO	0.169206	0.156077	0.183137			4130	RESULT-ENSANUT-PISOS-SALUD-DEPRESION-CESD7-2021-ESTRATO-URBANO-P
CALC-ENSANUT-PISOS-SALUD-0001	DEPRESION-CESD7	SALUD_MENTAL	2022	ESTRATO	URBANO	0.158341	0.143804	0.172016			3391	RESULT-ENSANUT-PISOS-SALUD-DEPRESION-CESD7-2022-ESTRATO-URBANO-P
CALC-ENSANUT-PISOS-SALUD-0001	DEPRESION-CESD7	SALUD_MENTAL	2023	ESTRATO	URBANO	0.141746	0.127188	0.156960			2288	RESULT-ENSANUT-PISOS-SALUD-DEPRESION-CESD7-2023-ESTRATO-URBANO-P
CALC-ENSANUT-PISOS-SALUD-0001	DEPRESION-CESD7	SALUD_MENTAL	2024	ESTRATO	URBANO	0.177758	0.155680	0.202082	0.133247	0.233138	3934	RESULT-ENSANUT-PISOS-SALUD-DEPRESION-CESD7-2024-ESTRATO-URBANO-P
CALC-ENSANUT-PISOS-SALUD-0001	DEPRESION-CESD7	SALUD_MENTAL	2021	SEXO	HOMBRE	0.108149	0.097784	0.118991			5232	RESULT-ENSANUT-PISOS-SALUD-DEPRESION-CESD7-2021-SEXO-HOMBRE-P
CALC-ENSANUT-PISOS-SALUD-0001	DEPRESION-CESD7	SALUD_MENTAL	2022	SEXO	HOMBRE	0.114338	0.104925	0.124388			4724	RESULT-ENSANUT-PISOS-SALUD-DEPRESION-CESD7-2022-SEXO-HOMBRE-P
CALC-ENSANUT-PISOS-SALUD-0001	DEPRESION-CESD7	SALUD_MENTAL	2023	SEXO	HOMBRE	0.107900	0.098936	0.117120			2723	RESULT-ENSANUT-PISOS-SALUD-DEPRESION-CESD7-2023-SEXO-HOMBRE-P
CALC-ENSANUT-PISOS-SALUD-0001	DEPRESION-CESD7	SALUD_MENTAL	2024	SEXO	HOMBRE	0.111631	0.099733	0.124179	0.088229	0.140284	5392	RESULT-ENSANUT-PISOS-SALUD-DEPRESION-CESD7-2024-SEXO-HOMBRE-P
CALC-ENSANUT-PISOS-SALUD-0001	DEPRESION-CESD7	SALUD_MENTAL	2021	SEXO	MUJER	0.209932	0.199338	0.220961			8159	RESULT-ENSANUT-PISOS-SALUD-DEPRESION-CESD7-2021-SEXO-MUJER-P
CALC-ENSANUT-PISOS-SALUD-0001	DEPRESION-CESD7	SALUD_MENTAL	2022	SEXO	MUJER	0.214532	0.202375	0.226125			7189	RESULT-ENSANUT-PISOS-SALUD-DEPRESION-CESD7-2022-SEXO-MUJER-P
CALC-ENSANUT-PISOS-SALUD-0001	DEPRESION-CESD7	SALUD_MENTAL	2023	SEXO	MUJER	0.186903	0.170632	0.204186			4049	RESULT-ENSANUT-PISOS-SALUD-DEPRESION-CESD7-2023-SEXO-MUJER-P
CALC-ENSANUT-PISOS-SALUD-0001	DEPRESION-CESD7	SALUD_MENTAL	2024	SEXO	MUJER	0.220357	0.203895	0.237986	0.180298	0.266424	7532	RESULT-ENSANUT-PISOS-SALUD-DEPRESION-CESD7-2024-SEXO-MUJER-P
CALC-ENSANUT-PISOS-SALUD-0001	DEPRESION-CESD7	SALUD_MENTAL	2021	TOTAL	TODOS	0.161238	0.153275	0.169263			13391	RESULT-ENSANUT-PISOS-SALUD-DEPRESION-CESD7-2021-TOTAL-TODOS-P
CALC-ENSANUT-PISOS-SALUD-0001	DEPRESION-CESD7	SALUD_MENTAL	2022	TOTAL	TODOS	0.166632	0.158775	0.174371			11913	RESULT-ENSANUT-PISOS-SALUD-DEPRESION-CESD7-2022-TOTAL-TODOS-P
CALC-ENSANUT-PISOS-SALUD-0001	DEPRESION-CESD7	SALUD_MENTAL	2023	TOTAL	TODOS	0.149136	0.139278	0.159490			6772	RESULT-ENSANUT-PISOS-SALUD-DEPRESION-CESD7-2023-TOTAL-TODOS-P
CALC-ENSANUT-PISOS-SALUD-0001	DEPRESION-CESD7	SALUD_MENTAL	2024	TOTAL	TODOS	0.168366	0.156341	0.180355	0.137235	0.204882	12924	RESULT-ENSANUT-PISOS-SALUD-DEPRESION-CESD7-2024-TOTAL-TODOS-P
CALC-ENSANUT-PISOS-SALUD-0001	IDEACION-SUICIDA-ADOLESCENTES	SALUD_MENTAL	2021	EDAD	10-14	0.047318	0.035422	0.059193			2177	RESULT-ENSANUT-PISOS-SALUD-IDEACION-SUICIDA-ADOLESCENTES-2021-EDAD-10-14-P
CALC-ENSANUT-PISOS-SALUD-0001	IDEACION-SUICIDA-ADOLESCENTES	SALUD_MENTAL	2022	EDAD	10-14	0.045933	0.036028	0.056043			1905	RESULT-ENSANUT-PISOS-SALUD-IDEACION-SUICIDA-ADOLESCENTES-2022-EDAD-10-14-P
CALC-ENSANUT-PISOS-SALUD-0001	IDEACION-SUICIDA-ADOLESCENTES	SALUD_MENTAL	2023	EDAD	10-14	0.044652	0.033181	0.057240			1002	RESULT-ENSANUT-PISOS-SALUD-IDEACION-SUICIDA-ADOLESCENTES-2023-EDAD-10-14-P
CALC-ENSANUT-PISOS-SALUD-0001	IDEACION-SUICIDA-ADOLESCENTES	SALUD_MENTAL	2024	EDAD	10-14	0.039882	0.025249	0.056679	0.023209	0.067700	1920	RESULT-ENSANUT-PISOS-SALUD-IDEACION-SUICIDA-ADOLESCENTES-2024-EDAD-10-14-P
CALC-ENSANUT-PISOS-SALUD-0001	IDEACION-SUICIDA-ADOLESCENTES	SALUD_MENTAL	2021	EDAD	15-19	0.081943	0.065772	0.099938			1927	RESULT-ENSANUT-PISOS-SALUD-IDEACION-SUICIDA-ADOLESCENTES-2021-EDAD-15-19-P
CALC-ENSANUT-PISOS-SALUD-0001	IDEACION-SUICIDA-ADOLESCENTES	SALUD_MENTAL	2022	EDAD	15-19	0.109224	0.091505	0.127771			1608	RESULT-ENSANUT-PISOS-SALUD-IDEACION-SUICIDA-ADOLESCENTES-2022-EDAD-15-19-P
CALC-ENSANUT-PISOS-SALUD-0001	IDEACION-SUICIDA-ADOLESCENTES	SALUD_MENTAL	2023	EDAD	15-19	0.085684	0.071187	0.100406			899	RESULT-ENSANUT-PISOS-SALUD-IDEACION-SUICIDA-ADOLESCENTES-2023-EDAD-15-19-P
CALC-ENSANUT-PISOS-SALUD-0001	IDEACION-SUICIDA-ADOLESCENTES	SALUD_MENTAL	2024	EDAD	15-19	0.098048	0.071967	0.129668	0.062348	0.150899	1759	RESULT-ENSANUT-PISOS-SALUD-IDEACION-SUICIDA-ADOLESCENTES-2024-EDAD-15-19-P
CALC-ENSANUT-PISOS-SALUD-0001	IDEACION-SUICIDA-ADOLESCENTES	SALUD_MENTAL	2021	ESTRATO	METROPOLITANO	0.086993	0.068635	0.106765			1651	RESULT-ENSANUT-PISOS-SALUD-IDEACION-SUICIDA-ADOLESCENTES-2021-ESTRATO-METROPOLITANO-P
CALC-ENSANUT-PISOS-SALUD-0001	IDEACION-SUICIDA-ADOLESCENTES	SALUD_MENTAL	2022	ESTRATO	METROPOLITANO	0.083479	0.065746	0.103354			1468	RESULT-ENSANUT-PISOS-SALUD-IDEACION-SUICIDA-ADOLESCENTES-2022-ESTRATO-METROPOLITANO-P
CALC-ENSANUT-PISOS-SALUD-0001	IDEACION-SUICIDA-ADOLESCENTES	SALUD_MENTAL	2023	ESTRATO	METROPOLITANO	0.076813	0.058074	0.099006			704	RESULT-ENSANUT-PISOS-SALUD-IDEACION-SUICIDA-ADOLESCENTES-2023-ESTRATO-METROPOLITANO-P
CALC-ENSANUT-PISOS-SALUD-0001	IDEACION-SUICIDA-ADOLESCENTES	SALUD_MENTAL	2024	ESTRATO	METROPOLITANO	0.073754	0.045141	0.110901	0.034174	0.151963	1485	RESULT-ENSANUT-PISOS-SALUD-IDEACION-SUICIDA-ADOLESCENTES-2024-ESTRATO-METROPOLITANO-P
CALC-ENSANUT-PISOS-SALUD-0001	IDEACION-SUICIDA-ADOLESCENTES	SALUD_MENTAL	2021	ESTRATO	RURAL	0.041340	0.027661	0.055204			1124	RESULT-ENSANUT-PISOS-SALUD-IDEACION-SUICIDA-ADOLESCENTES-2021-ESTRATO-RURAL-P
CALC-ENSANUT-PISOS-SALUD-0001	IDEACION-SUICIDA-ADOLESCENTES	SALUD_MENTAL	2022	ESTRATO	RURAL	0.047281	0.035567	0.059937			949	RESULT-ENSANUT-PISOS-SALUD-IDEACION-SUICIDA-ADOLESCENTES-2022-ESTRATO-RURAL-P
CALC-ENSANUT-PISOS-SALUD-0001	IDEACION-SUICIDA-ADOLESCENTES	SALUD_MENTAL	2023	ESTRATO	RURAL	0.057590	0.039321	0.077812			539	RESULT-ENSANUT-PISOS-SALUD-IDEACION-SUICIDA-ADOLESCENTES-2023-ESTRATO-RURAL-P
CALC-ENSANUT-PISOS-SALUD-0001	IDEACION-SUICIDA-ADOLESCENTES	SALUD_MENTAL	2024	ESTRATO	RURAL	0.043685	0.032416	0.054145	0.022114	0.084479	975	RESULT-ENSANUT-PISOS-SALUD-IDEACION-SUICIDA-ADOLESCENTES-2024-ESTRATO-RURAL-P
CALC-ENSANUT-PISOS-SALUD-0001	IDEACION-SUICIDA-ADOLESCENTES	SALUD_MENTAL	2021	ESTRATO	URBANO	0.048832	0.035741	0.062964			1329	RESULT-ENSANUT-PISOS-SALUD-IDEACION-SUICIDA-ADOLESCENTES-2021-ESTRATO-URBANO-P
CALC-ENSANUT-PISOS-SALUD-0001	IDEACION-SUICIDA-ADOLESCENTES	SALUD_MENTAL	2022	ESTRATO	URBANO	0.090089	0.070066	0.110783			1096	RESULT-ENSANUT-PISOS-SALUD-IDEACION-SUICIDA-ADOLESCENTES-2022-ESTRATO-URBANO-P
CALC-ENSANUT-PISOS-SALUD-0001	IDEACION-SUICIDA-ADOLESCENTES	SALUD_MENTAL	2023	ESTRATO	URBANO	0.055612	0.042138	0.069215			658	RESULT-ENSANUT-PISOS-SALUD-IDEACION-SUICIDA-ADOLESCENTES-2023-ESTRATO-URBANO-P
CALC-ENSANUT-PISOS-SALUD-0001	IDEACION-SUICIDA-ADOLESCENTES	SALUD_MENTAL	2024	ESTRATO	URBANO	0.077765	0.054951	0.105255	0.038698	0.150115	1219	RESULT-ENSANUT-PISOS-SALUD-IDEACION-SUICIDA-ADOLESCENTES-2024-ESTRATO-URBANO-P
CALC-ENSANUT-PISOS-SALUD-0001	IDEACION-SUICIDA-ADOLESCENTES	SALUD_MENTAL	2021	SEXO	HOMBRE	0.039727	0.029732	0.050296			2004	RESULT-ENSANUT-PISOS-SALUD-IDEACION-SUICIDA-ADOLESCENTES-2021-SEXO-HOMBRE-P
CALC-ENSANUT-PISOS-SALUD-0001	IDEACION-SUICIDA-ADOLESCENTES	SALUD_MENTAL	2022	SEXO	HOMBRE	0.052211	0.039676	0.066248			1781	RESULT-ENSANUT-PISOS-SALUD-IDEACION-SUICIDA-ADOLESCENTES-2022-SEXO-HOMBRE-P
CALC-ENSANUT-PISOS-SALUD-0001	IDEACION-SUICIDA-ADOLESCENTES	SALUD_MENTAL	2023	SEXO	HOMBRE	0.045396	0.031918	0.059361			915	RESULT-ENSANUT-PISOS-SALUD-IDEACION-SUICIDA-ADOLESCENTES-2023-SEXO-HOMBRE-P
CALC-ENSANUT-PISOS-SALUD-0001	IDEACION-SUICIDA-ADOLESCENTES	SALUD_MENTAL	2024	SEXO	HOMBRE	0.037554	0.023472	0.053862	0.021461	0.064916	1857	RESULT-ENSANUT-PISOS-SALUD-IDEACION-SUICIDA-ADOLESCENTES-2024-SEXO-HOMBRE-P
CALC-ENSANUT-PISOS-SALUD-0001	IDEACION-SUICIDA-ADOLESCENTES	SALUD_MENTAL	2021	SEXO	MUJER	0.088998	0.071708	0.106720			2100	RESULT-ENSANUT-PISOS-SALUD-IDEACION-SUICIDA-ADOLESCENTES-2021-SEXO-MUJER-P
CALC-ENSANUT-PISOS-SALUD-0001	IDEACION-SUICIDA-ADOLESCENTES	SALUD_MENTAL	2022	SEXO	MUJER	0.102108	0.086549	0.118505			1732	RESULT-ENSANUT-PISOS-SALUD-IDEACION-SUICIDA-ADOLESCENTES-2022-SEXO-MUJER-P
CALC-ENSANUT-PISOS-SALUD-0001	IDEACION-SUICIDA-ADOLESCENTES	SALUD_MENTAL	2023	SEXO	MUJER	0.086035	0.068319	0.107887			986	RESULT-ENSANUT-PISOS-SALUD-IDEACION-SUICIDA-ADOLESCENTES-2023-SEXO-MUJER-P
CALC-ENSANUT-PISOS-SALUD-0001	IDEACION-SUICIDA-ADOLESCENTES	SALUD_MENTAL	2024	SEXO	MUJER	0.099761	0.074583	0.131331	0.063276	0.153829	1822	RESULT-ENSANUT-PISOS-SALUD-IDEACION-SUICIDA-ADOLESCENTES-2024-SEXO-MUJER-P
CALC-ENSANUT-PISOS-SALUD-0001	IDEACION-SUICIDA-ADOLESCENTES	SALUD_MENTAL	2021	TOTAL	TODOS	0.064048	0.054208	0.074921			4104	RESULT-ENSANUT-PISOS-SALUD-IDEACION-SUICIDA-ADOLESCENTES-2021-TOTAL-TODOS-P
CALC-ENSANUT-PISOS-SALUD-0001	IDEACION-SUICIDA-ADOLESCENTES	SALUD_MENTAL	2022	TOTAL	TODOS	0.076779	0.066341	0.088127			3513	RESULT-ENSANUT-PISOS-SALUD-IDEACION-SUICIDA-ADOLESCENTES-2022-TOTAL-TODOS-P
CALC-ENSANUT-PISOS-SALUD-0001	IDEACION-SUICIDA-ADOLESCENTES	SALUD_MENTAL	2023	TOTAL	TODOS	0.065478	0.054885	0.076289			1901	RESULT-ENSANUT-PISOS-SALUD-IDEACION-SUICIDA-ADOLESCENTES-2023-TOTAL-TODOS-P
CALC-ENSANUT-PISOS-SALUD-0001	IDEACION-SUICIDA-ADOLESCENTES	SALUD_MENTAL	2024	TOTAL	TODOS	0.067897	0.052017	0.086313	0.046443	0.098240	3679	RESULT-ENSANUT-PISOS-SALUD-IDEACION-SUICIDA-ADOLESCENTES-2024-TOTAL-TODOS-P
CALC-ENSANUT-PISOS-SALUD-0001	IDEACION-SUICIDA-ADULTOS	SALUD_MENTAL	2021	EDAD	20-39	0.089789	0.079117	0.100711			5461	RESULT-ENSANUT-PISOS-SALUD-IDEACION-SUICIDA-ADULTOS-2021-EDAD-20-39-P
CALC-ENSANUT-PISOS-SALUD-0001	IDEACION-SUICIDA-ADULTOS	SALUD_MENTAL	2022	EDAD	20-39	0.086108	0.076293	0.096684			4549	RESULT-ENSANUT-PISOS-SALUD-IDEACION-SUICIDA-ADULTOS-2022-EDAD-20-39-P
CALC-ENSANUT-PISOS-SALUD-0001	IDEACION-SUICIDA-ADULTOS	SALUD_MENTAL	2023	EDAD	20-39	0.086434	0.075499	0.097404			2563	RESULT-ENSANUT-PISOS-SALUD-IDEACION-SUICIDA-ADULTOS-2023-EDAD-20-39-P
CALC-ENSANUT-PISOS-SALUD-0001	IDEACION-SUICIDA-ADULTOS	SALUD_MENTAL	2024	EDAD	20-39	0.098192	0.084236	0.112238	0.081078	0.118452	4923	RESULT-ENSANUT-PISOS-SALUD-IDEACION-SUICIDA-ADULTOS-2024-EDAD-20-39-P
CALC-ENSANUT-PISOS-SALUD-0001	IDEACION-SUICIDA-ADULTOS	SALUD_MENTAL	2021	EDAD	40-59	0.080434	0.070948	0.090214			4989	RESULT-ENSANUT-PISOS-SALUD-IDEACION-SUICIDA-ADULTOS-2021-EDAD-40-59-P
CALC-ENSANUT-PISOS-SALUD-0001	IDEACION-SUICIDA-ADULTOS	SALUD_MENTAL	2022	EDAD	40-59	0.080599	0.070078	0.091486			4520	RESULT-ENSANUT-PISOS-SALUD-IDEACION-SUICIDA-ADULTOS-2022-EDAD-40-59-P
CALC-ENSANUT-PISOS-SALUD-0001	IDEACION-SUICIDA-ADULTOS	SALUD_MENTAL	2023	EDAD	40-59	0.080872	0.070662	0.091648			2567	RESULT-ENSANUT-PISOS-SALUD-IDEACION-SUICIDA-ADULTOS-2023-EDAD-40-59-P
CALC-ENSANUT-PISOS-SALUD-0001	IDEACION-SUICIDA-ADULTOS	SALUD_MENTAL	2024	EDAD	40-59	0.073791	0.064168	0.083883	0.061255	0.088650	4835	RESULT-ENSANUT-PISOS-SALUD-IDEACION-SUICIDA-ADULTOS-2024-EDAD-40-59-P
CALC-ENSANUT-PISOS-SALUD-0001	IDEACION-SUICIDA-ADULTOS	SALUD_MENTAL	2021	EDAD	60-MAS	0.049041	0.040644	0.058215			2894	RESULT-ENSANUT-PISOS-SALUD-IDEACION-SUICIDA-ADULTOS-2021-EDAD-60-MAS-P
CALC-ENSANUT-PISOS-SALUD-0001	IDEACION-SUICIDA-ADULTOS	SALUD_MENTAL	2022	EDAD	60-MAS	0.053289	0.043034	0.064096			2788	RESULT-ENSANUT-PISOS-SALUD-IDEACION-SUICIDA-ADULTOS-2022-EDAD-60-MAS-P
CALC-ENSANUT-PISOS-SALUD-0001	IDEACION-SUICIDA-ADULTOS	SALUD_MENTAL	2023	EDAD	60-MAS	0.051899	0.038740	0.066335			1581	RESULT-ENSANUT-PISOS-SALUD-IDEACION-SUICIDA-ADULTOS-2023-EDAD-60-MAS-P
CALC-ENSANUT-PISOS-SALUD-0001	IDEACION-SUICIDA-ADULTOS	SALUD_MENTAL	2024	EDAD	60-MAS	0.055177	0.041419	0.072448	0.040431	0.074882	3106	RESULT-ENSANUT-PISOS-SALUD-IDEACION-SUICIDA-ADULTOS-2024-EDAD-60-MAS-P
CALC-ENSANUT-PISOS-SALUD-0001	IDEACION-SUICIDA-ADULTOS	SALUD_MENTAL	2021	ESCOLARIDAD	HASTA-PRIMARIA	0.073176	0.063487	0.082849			3604	RESULT-ENSANUT-PISOS-SALUD-IDEACION-SUICIDA-ADULTOS-2021-ESCOLARIDAD-HASTA-PRIMARIA-P
CALC-ENSANUT-PISOS-SALUD-0001	IDEACION-SUICIDA-ADULTOS	SALUD_MENTAL	2022	ESCOLARIDAD	HASTA-PRIMARIA	0.073405	0.057176	0.089162			3198	RESULT-ENSANUT-PISOS-SALUD-IDEACION-SUICIDA-ADULTOS-2022-ESCOLARIDAD-HASTA-PRIMARIA-P
CALC-ENSANUT-PISOS-SALUD-0001	IDEACION-SUICIDA-ADULTOS	SALUD_MENTAL	2023	ESCOLARIDAD	HASTA-PRIMARIA	0.061617	0.048904	0.074918			1670	RESULT-ENSANUT-PISOS-SALUD-IDEACION-SUICIDA-ADULTOS-2023-ESCOLARIDAD-HASTA-PRIMARIA-P
CALC-ENSANUT-PISOS-SALUD-0001	IDEACION-SUICIDA-ADULTOS	SALUD_MENTAL	2024	ESCOLARIDAD	HASTA-PRIMARIA	0.080454	0.064487	0.098262	0.054450	0.117334	3182	RESULT-ENSANUT-PISOS-SALUD-IDEACION-SUICIDA-ADULTOS-2024-ESCOLARIDAD-HASTA-PRIMARIA-P
CALC-ENSANUT-PISOS-SALUD-0001	IDEACION-SUICIDA-ADULTOS	SALUD_MENTAL	2021	ESCOLARIDAD	MEDIA-SUPERIOR	0.087047	0.069739	0.105240			2650	RESULT-ENSANUT-PISOS-SALUD-IDEACION-SUICIDA-ADULTOS-2021-ESCOLARIDAD-MEDIA-SUPERIOR-P
CALC-ENSANUT-PISOS-SALUD-0001	IDEACION-SUICIDA-ADULTOS	SALUD_MENTAL	2022	ESCOLARIDAD	MEDIA-SUPERIOR	0.087511	0.070769	0.104726			2302	RESULT-ENSANUT-PISOS-SALUD-IDEACION-SUICIDA-ADULTOS-2022-ESCOLARIDAD-MEDIA-SUPERIOR-P
CALC-ENSANUT-PISOS-SALUD-0001	IDEACION-SUICIDA-ADULTOS	SALUD_MENTAL	2023	ESCOLARIDAD	MEDIA-SUPERIOR	0.077919	0.060364	0.096013			1480	RESULT-ENSANUT-PISOS-SALUD-IDEACION-SUICIDA-ADULTOS-2023-ESCOLARIDAD-MEDIA-SUPERIOR-P
CALC-ENSANUT-PISOS-SALUD-0001	IDEACION-SUICIDA-ADULTOS	SALUD_MENTAL	2024	ESCOLARIDAD	MEDIA-SUPERIOR	0.068903	0.054618	0.084397	0.046332	0.101303	2753	RESULT-ENSANUT-PISOS-SALUD-IDEACION-SUICIDA-ADULTOS-2024-ESCOLARIDAD-MEDIA-SUPERIOR-P
CALC-ENSANUT-PISOS-SALUD-0001	IDEACION-SUICIDA-ADULTOS	SALUD_MENTAL	2021	ESCOLARIDAD	SECUNDARIA	0.083188	0.072691	0.093507			4049	RESULT-ENSANUT-PISOS-SALUD-IDEACION-SUICIDA-ADULTOS-2021-ESCOLARIDAD-SECUNDARIA-P
CALC-ENSANUT-PISOS-SALUD-0001	IDEACION-SUICIDA-ADULTOS	SALUD_MENTAL	2022	ESCOLARIDAD	SECUNDARIA	0.077850	0.067066	0.089261			3589	RESULT-ENSANUT-PISOS-SALUD-IDEACION-SUICIDA-ADULTOS-2022-ESCOLARIDAD-SECUNDARIA-P
CALC-ENSANUT-PISOS-SALUD-0001	IDEACION-SUICIDA-ADULTOS	SALUD_MENTAL	2023	ESCOLARIDAD	SECUNDARIA	0.075672	0.065131	0.086237			2033	RESULT-ENSANUT-PISOS-SALUD-IDEACION-SUICIDA-ADULTOS-2023-ESCOLARIDAD-SECUNDARIA-P
CALC-ENSANUT-PISOS-SALUD-0001	IDEACION-SUICIDA-ADULTOS	SALUD_MENTAL	2024	ESCOLARIDAD	SECUNDARIA	0.093291	0.077531	0.112833	0.064114	0.133847	3796	RESULT-ENSANUT-PISOS-SALUD-IDEACION-SUICIDA-ADULTOS-2024-ESCOLARIDAD-SECUNDARIA-P
CALC-ENSANUT-PISOS-SALUD-0001	IDEACION-SUICIDA-ADULTOS	SALUD_MENTAL	2021	ESCOLARIDAD	SUPERIOR	0.075758	0.062881	0.090183			2280	RESULT-ENSANUT-PISOS-SALUD-IDEACION-SUICIDA-ADULTOS-2021-ESCOLARIDAD-SUPERIOR-P
CALC-ENSANUT-PISOS-SALUD-0001	IDEACION-SUICIDA-ADULTOS	SALUD_MENTAL	2022	ESCOLARIDAD	SUPERIOR	0.071046	0.057121	0.086311			2094	RESULT-ENSANUT-PISOS-SALUD-IDEACION-SUICIDA-ADULTOS-2022-ESCOLARIDAD-SUPERIOR-P
CALC-ENSANUT-PISOS-SALUD-0001	IDEACION-SUICIDA-ADULTOS	SALUD_MENTAL	2023	ESCOLARIDAD	SUPERIOR	0.100000	0.078492	0.122279			1201	RESULT-ENSANUT-PISOS-SALUD-IDEACION-SUICIDA-ADULTOS-2023-ESCOLARIDAD-SUPERIOR-P
CALC-ENSANUT-PISOS-SALUD-0001	IDEACION-SUICIDA-ADULTOS	SALUD_MENTAL	2024	ESCOLARIDAD	SUPERIOR	0.085732	0.066820	0.106514	0.057330	0.126320	2503	RESULT-ENSANUT-PISOS-SALUD-IDEACION-SUICIDA-ADULTOS-2024-ESCOLARIDAD-SUPERIOR-P
CALC-ENSANUT-PISOS-SALUD-0001	IDEACION-SUICIDA-ADULTOS	SALUD_MENTAL	2021	ESTRATO	METROPOLITANO	0.090646	0.079688	0.103307			6059	RESULT-ENSANUT-PISOS-SALUD-IDEACION-SUICIDA-ADULTOS-2021-ESTRATO-METROPOLITANO-P
CALC-ENSANUT-PISOS-SALUD-0001	IDEACION-SUICIDA-ADULTOS	SALUD_MENTAL	2022	ESTRATO	METROPOLITANO	0.091456	0.081392	0.102632			5609	RESULT-ENSANUT-PISOS-SALUD-IDEACION-SUICIDA-ADULTOS-2022-ESTRATO-METROPOLITANO-P
CALC-ENSANUT-PISOS-SALUD-0001	IDEACION-SUICIDA-ADULTOS	SALUD_MENTAL	2023	ESTRATO	METROPOLITANO	0.081929	0.070324	0.094493			2786	RESULT-ENSANUT-PISOS-SALUD-IDEACION-SUICIDA-ADULTOS-2023-ESTRATO-METROPOLITANO-P
CALC-ENSANUT-PISOS-SALUD-0001	IDEACION-SUICIDA-ADULTOS	SALUD_MENTAL	2024	ESTRATO	METROPOLITANO	0.095640	0.082133	0.108663	0.071767	0.126373	5782	RESULT-ENSANUT-PISOS-SALUD-IDEACION-SUICIDA-ADULTOS-2024-ESTRATO-METROPOLITANO-P
CALC-ENSANUT-PISOS-SALUD-0001	IDEACION-SUICIDA-ADULTOS	SALUD_MENTAL	2021	ESTRATO	RURAL	0.056189	0.047300	0.065816			3172	RESULT-ENSANUT-PISOS-SALUD-IDEACION-SUICIDA-ADULTOS-2021-ESTRATO-RURAL-P
CALC-ENSANUT-PISOS-SALUD-0001	IDEACION-SUICIDA-ADULTOS	SALUD_MENTAL	2022	ESTRATO	RURAL	0.048368	0.038175	0.060717			2875	RESULT-ENSANUT-PISOS-SALUD-IDEACION-SUICIDA-ADULTOS-2022-ESTRATO-RURAL-P
CALC-ENSANUT-PISOS-SALUD-0001	IDEACION-SUICIDA-ADULTOS	SALUD_MENTAL	2023	ESTRATO	RURAL	0.060036	0.051847	0.068804			1660	RESULT-ENSANUT-PISOS-SALUD-IDEACION-SUICIDA-ADULTOS-2023-ESTRATO-RURAL-P
CALC-ENSANUT-PISOS-SALUD-0001	IDEACION-SUICIDA-ADULTOS	SALUD_MENTAL	2024	ESTRATO	RURAL	0.050255	0.042379	0.057821	0.037084	0.067775	3167	RESULT-ENSANUT-PISOS-SALUD-IDEACION-SUICIDA-ADULTOS-2024-ESTRATO-RURAL-P
CALC-ENSANUT-PISOS-SALUD-0001	IDEACION-SUICIDA-ADULTOS	SALUD_MENTAL	2021	ESTRATO	URBANO	0.073717	0.062374	0.085676			4113	RESULT-ENSANUT-PISOS-SALUD-IDEACION-SUICIDA-ADULTOS-2021-ESTRATO-URBANO-P
CALC-ENSANUT-PISOS-SALUD-0001	IDEACION-SUICIDA-ADULTOS	SALUD_MENTAL	2022	ESTRATO	URBANO	0.073662	0.063302	0.083854			3373	RESULT-ENSANUT-PISOS-SALUD-IDEACION-SUICIDA-ADULTOS-2022-ESTRATO-URBANO-P
CALC-ENSANUT-PISOS-SALUD-0001	IDEACION-SUICIDA-ADULTOS	SALUD_MENTAL	2023	ESTRATO	URBANO	0.081704	0.073564	0.089444			2265	RESULT-ENSANUT-PISOS-SALUD-IDEACION-SUICIDA-ADULTOS-2023-ESTRATO-URBANO-P
CALC-ENSANUT-PISOS-SALUD-0001	IDEACION-SUICIDA-ADULTOS	SALUD_MENTAL	2024	ESTRATO	URBANO	0.076453	0.066322	0.086211	0.057395	0.101160	3915	RESULT-ENSANUT-PISOS-SALUD-IDEACION-SUICIDA-ADULTOS-2024-ESTRATO-URBANO-P
CALC-ENSANUT-PISOS-SALUD-0001	IDEACION-SUICIDA-ADULTOS	SALUD_MENTAL	2021	SEXO	HOMBRE	0.070129	0.059752	0.080999			5215	RESULT-ENSANUT-PISOS-SALUD-IDEACION-SUICIDA-ADULTOS-2021-SEXO-HOMBRE-P
CALC-ENSANUT-PISOS-SALUD-0001	IDEACION-SUICIDA-ADULTOS	SALUD_MENTAL	2022	SEXO	HOMBRE	0.062463	0.052008	0.072891			4704	RESULT-ENSANUT-PISOS-SALUD-IDEACION-SUICIDA-ADULTOS-2022-SEXO-HOMBRE-P
CALC-ENSANUT-PISOS-SALUD-0001	IDEACION-SUICIDA-ADULTOS	SALUD_MENTAL	2023	SEXO	HOMBRE	0.063130	0.050999	0.075932			2704	RESULT-ENSANUT-PISOS-SALUD-IDEACION-SUICIDA-ADULTOS-2023-SEXO-HOMBRE-P
CALC-ENSANUT-PISOS-SALUD-0001	IDEACION-SUICIDA-ADULTOS	SALUD_MENTAL	2024	SEXO	HOMBRE	0.057790	0.047930	0.068024	0.045517	0.073119	5363	RESULT-ENSANUT-PISOS-SALUD-IDEACION-SUICIDA-ADULTOS-2024-SEXO-HOMBRE-P
CALC-ENSANUT-PISOS-SALUD-0001	IDEACION-SUICIDA-ADULTOS	SALUD_MENTAL	2021	SEXO	MUJER	0.086803	0.079250	0.094645			8129	RESULT-ENSANUT-PISOS-SALUD-IDEACION-SUICIDA-ADULTOS-2021-SEXO-MUJER-P
CALC-ENSANUT-PISOS-SALUD-0001	IDEACION-SUICIDA-ADULTOS	SALUD_MENTAL	2022	SEXO	MUJER	0.091518	0.083142	0.099808			7153	RESULT-ENSANUT-PISOS-SALUD-IDEACION-SUICIDA-ADULTOS-2022-SEXO-MUJER-P
CALC-ENSANUT-PISOS-SALUD-0001	IDEACION-SUICIDA-ADULTOS	SALUD_MENTAL	2023	SEXO	MUJER	0.090854	0.081167	0.101277			4007	RESULT-ENSANUT-PISOS-SALUD-IDEACION-SUICIDA-ADULTOS-2023-SEXO-MUJER-P
CALC-ENSANUT-PISOS-SALUD-0001	IDEACION-SUICIDA-ADULTOS	SALUD_MENTAL	2024	SEXO	MUJER	0.102309	0.088423	0.115855	0.083274	0.125102	7501	RESULT-ENSANUT-PISOS-SALUD-IDEACION-SUICIDA-ADULTOS-2024-SEXO-MUJER-P
CALC-ENSANUT-PISOS-SALUD-0001	IDEACION-SUICIDA-ADULTOS	SALUD_MENTAL	2021	TOTAL	TODOS	0.078832	0.071819	0.086090			13344	RESULT-ENSANUT-PISOS-SALUD-IDEACION-SUICIDA-ADULTOS-2021-TOTAL-TODOS-P
CALC-ENSANUT-PISOS-SALUD-0001	IDEACION-SUICIDA-ADULTOS	SALUD_MENTAL	2022	TOTAL	TODOS	0.077629	0.071289	0.084443			11857	RESULT-ENSANUT-PISOS-SALUD-IDEACION-SUICIDA-ADULTOS-2022-TOTAL-TODOS-P
CALC-ENSANUT-PISOS-SALUD-0001	IDEACION-SUICIDA-ADULTOS	SALUD_MENTAL	2023	TOTAL	TODOS	0.077565	0.071167	0.084406			6711	RESULT-ENSANUT-PISOS-SALUD-IDEACION-SUICIDA-ADULTOS-2023-TOTAL-TODOS-P
CALC-ENSANUT-PISOS-SALUD-0001	IDEACION-SUICIDA-ADULTOS	SALUD_MENTAL	2024	TOTAL	TODOS	0.081018	0.073049	0.088668	0.072541	0.090388	12864	RESULT-ENSANUT-PISOS-SALUD-IDEACION-SUICIDA-ADULTOS-2024-TOTAL-TODOS-P
