id_afirmacion	fila_local	unidades	localizador	texto_vigente	tier_report	clase	procedencia_evidencia	componente_contrastable	limite_inferencial	conducta_unidad_universo	instrumento_ola	documento_id_hash_pagina	pregunta_textual_codigo_respuestas	dictamen	dictamen_razon	datos_id_estado	reserva	gen2_existente	propietario_propuesto	siguiente_operacion	dedup_concepto	contrato_existente	busqueda_a13	dominio	falsador
ASTRA5-U0-APUEST-001	apuestas-001	LECTURA-329d8c81-02;CAND-329d8c81-L191	L9;L191	«ACIERTA sistemáticamente el supuesto "utilidad + reducción de fricción por encima de confianza" en fintech de inclusión» — Nu México, Banco Azteca, Kueski y Aplazo acertaron con métricas duras; «baja confianza institucional = rechazo tecnológico» es FALSO, es «desconfianza racional calibrada».	NO-EXPLÍCITO (L9, patrón editorial); FUERTE (L191, CONFIRMA)	CONCLUSION-DE-ESTUDIO	mixta (Banco Azteca es mexicana; Nu es brasileña operando en México; Kueski y Aplazo son mexicanas)	que el patrón «utilidad+fricción baja vence a confianza» se repita en 4 decisiones de diseño de producto de empresas distintas del mismo dominio (fintech de inclusión) sin caso contrario documentado	4 éxitos comerciales simultáneos no identifican el mecanismo (confianza vs. utilidad): ninguno tiene grupo de comparación ni un caso de alta utilidad que haya fracasado por desconfianza pura; el propio report lo declara abierto en su Etapa 3 (L246, «buscar el contra-ejemplo... si no se encuentra, elevar a tier FUERTE transversal»)	empresa/decisión de diseño de producto; no hay universo poblacional propio (síntesis de 4 casos, no medición)	no aplica			NO-MEDIBLE-POR-DISEÑO	veredicto que recombina filas ya dictaminadas (apuestas-007/008/009 Azteca, apuestas-010/011 Nu, apuestas-014/015/016 Kueski/Aplazo) atribuyendo un patrón causal transversal sin contrafactual ni diseño de identificación en los instrumentos recorridos; u0mf --busca "Behavioral Finance" -> 0/1680 (ningun RESULT agrega los 4 casos); no se identificó instrumento tras este recorrido; no equivale a imposibilidad universal. Componentes descriptivos (clientes/cifras de cada empresa) en las filas citadas.			ninguna corrida con <payload_id> (u0mf --calc: no aplica, síntesis sin payload_id propio)	ASTRA5-MESA-DINERO	Ninguna operación propia; residuales en las filas de cada caso citado	CONC-DOC-APUESTAS-PATRON-FRICCION		u0mf --busca "Behavioral Finance" -> 0/1680	DINERO	Cambiaría (lo acotaría a tier FUERTE transversal, o lo rompería) si aparece un caso de producto de alta utilidad/baja fricción que fracasó por desconfianza pura en un segmento definido (búsqueda deliberada pendiente, Etapa 3 del report).
ASTRA5-U0-APUEST-002	apuestas-002	LECTURA-329d8c81-03;CAND-329d8c81-L190;APUESTAS-PAR-02	L10;L181-L182;L190	«CoDi vs. OXXO Pay/Spin: supuesto opuesto sobre el efectivo» — CoDi asumió que la gente abandonaría el efectivo por un QR gratuito y fracasó; OXXO Pay asumió que el efectivo es infraestructura a integrar y se volvió el mayor corresponsal bancario. Corrección vigente: no es «el par contrafactual más limpio»: cuentas CoDi, usuarios Spin y pagos OXXO Pay son métricas distintas; no se identifica causalmente la preferencia por efectivo.	FUERTE (L190, L65, L112 declarados en el report); DEGRADADO por corrección vigente del lote sobre L10/L181 (contrato interno del paquete, no ASTRA5-U0-XXX)	CONCLUSION-DE-ESTUDIO	(a) primaria México (Banxico, FEMSA/OXXO, CNBV; ambos proyectos operan en México)	que la adopción de CoDi (cuentas validadas, transacciones) y la de OXXO Pay/Spin (usuarios, puntos de corresponsalía) reflejen un mismo mecanismo de «relación con el efectivo» opuesto entre los dos proyectos	CoDi (transferencia interbancaria vía QR) y OXXO Pay/Spin (pago en efectivo en tienda física + billetera) no son el mismo instrumento ni el mismo universo de elegibilidad (uno requiere cuenta bancaria enrolada, el otro no); no hay panel pareado de los mismos usuarios eligiendo entre ambos canales; la corrección vigente del lote ya retira la etiqueta «par contrafactual más limpio»	persona/comercio que paga o cobra; universo nacional, sin panel pareado entre los dos proyectos	Banxico SIE CF881-CF885 (CoDi, 2019-2026); CNBV corresponsalías (2019); FEMSA/OXXO Pay-Spin (comunicados propios)	banxico_informe_anual_idmf_2024|c164b91183402c0728f9799bf4c6889706c71158b45c40546b28a07ab2c78d6f|p.11,17		NO-MEDIBLE-POR-DISEÑO	atribución causal de un par narrativo sin contrafactual pareado ni diseño de identificación (mismo defecto que señala la corrección vigente L10/L181 del lote: «Separar series/universos y buscar comparación emparejada antes de adjudicar mecanismo»); componentes descriptivos de CoDi en apuestas-030/031 y de OXXO/Spin en apuestas-018/019. u0mf --busca cnbv --busca corresponsal -> 0/1680 (sin tabla CNBV de corresponsalías registrada; sí boletín web identificado, ver apuestas-018).			ninguna corrida con <payload_id> (u0mf --calc: no aplica, síntesis)	ASTRA5-U4	Diseñar comparación emparejada (mismo segmento/ventana) entre disposición a pagar con QR vs. efectivo en punto físico antes de adjudicar mecanismo; residual en apuestas-018/019/030/031	CONC-DOC-CODI-OXXO-PAR		u0pdf --id banxico_informe_anual_idmf_2024 -q "efectivo" -q "CoDi" -> 52 y 47 coincidencias; u0mf --busca cnbv --busca corresponsal -> 0/1680	DINERO	Cambiaría si existiera un experimento o panel que asigne el mismo segmento a pagar con QR vs. efectivo en el mismo punto de venta y periodo; sin eso, la comparación es de series agregadas no pareadas.
ASTRA5-U0-APUEST-003	apuestas-003	LECTURA-329d8c81-04;CAND-329d8c81-L192;CAND-329d8c81-L231;TIER-329d8c81-L74	L11;L67;L192;L231;L74	Bodega Aurrera/«Mamá Lucha»: «ACIERTA calidad accesible / precio con dignidad» — «supuesto CORRECTO pero no aislado... confirma calidad > precio 2:1». Corrección vigente del lote (L11,L67,L192): el forense aspiracional del mismo corpus la declara NO VALIDADA con métrica de venta; premio Effie y proporción de tiendas no miden preferencia D/E precio-calidad. Auditoría propia (L231): el vínculo personaje-ventas es en parte RETROSPECTIVO.	MEDIA (L74, L192); contradicho por forense hermano (Consumo Aspiracional, DEDUP MAMA-LUCHA-FORENSES) que lo marca NO VALIDADA	CONCLUSION-DE-ESTUDIO	(a) primaria México (Walmart de México/Bodega Aurrera, campaña Olabuenaga Chemistry 2006)	que el personaje Mamá Lucha (enmarcado «dignidad/heroísmo» vs. pobreza) haya sido decisivo en la elección de compra del segmento C/D/E, frente a precio y logística de expansión de Walmart	CONFUNDIDO por diseño propio del report (precio agresivo, expansión a poblados sin supermercado, logística Walmart); sin panel ni experimento de compra D/E que aísle el marco publicitario del precio; dos forenses del mismo corpus dictan veredictos opuestos sobre el mismo caso (CONFIRMADO aquí, NO VALIDADA en el forense aspiracional) — la contradicción se conserva, no se promedia (regla del cruce MAMA-LUCHA-FORENSES)	hogar/consumidor C-D-E que elige tienda/formato; sin panel de decisión de compra pareado	no aplica al mecanismo (síntesis); ver apuestas-021 para las cifras descriptivas de Walmex/Effie			NO-MEDIBLE-POR-DISEÑO	atribución causal de un caso único con contradicción documentada entre dos forenses del mismo corpus, sin panel ni experimento D/E de precio-calidad (u0mf --busca walmex --busca costco -> 0/1680, ninguna serie de panel de consumo registrada); no se identificó instrumento tras este recorrido; no equivale a imposibilidad universal. Componentes descriptivos (Effie, número de tiendas) en apuestas-021.			ninguna corrida con <payload_id> (u0mf --calc: no aplica)	ASTRA5-MESA-DINERO	Mantener contradicción explícita entre los dos forenses (no seleccionar veredicto por conveniencia); exigir panel/experimento D/E de precio-calidad antes de dictaminar	CONC-DOC-MAMA-LUCHA		u0mf --busca walmex -> 0/1680; u0mf --busca costco -> 0/1680 (ninguna serie de panel de consumo mexicano registrada)	CONSUMO	Cambiaría si un panel o experimento controlado de compra D/E, con y sin exposición a la campaña, muestra diferencia significativa en elección precio/calidad; hasta entonces, dos forenses del mismo corpus se contradicen sobre el mismo caso.
ASTRA5-U0-APUEST-004	apuestas-004	LECTURA-329d8c81-05	L12	«FALLA el supuesto esencialista de "el mexicano" como bloque» — Jüsto (consumidor urbano digital tipo clase media global) y CoDi (usuario bancarizado con datos) fallaron por homogeneizar.	NO-EXPLÍCITO (patrón editorial; casos citados: L112 MEDIA CoDi, L130 ILUSTRATIVO Jüsto)	CONCLUSION-DE-ESTUDIO	mixta (CoDi es institución pública mexicana; Jüsto es empresa mexicana con capital internacional)	que dos fracasos comerciales distintos (CoDi 2019, Jüsto 2025) compartan la misma causa de diseño (asumir un consumidor mexicano homogéneo)	son dos casos con causas explícitamente CONFUNDIDAS en el propio report (CoDi: no obligatoriedad bancaria, miedo al SAT; Jüsto: disciplina financiera y rentabilidad); atribuir a ambos la MISMA causa psicológica (esencialismo) sin contrafactual ni diseño que aísle esa variable de las estructurales es una síntesis, no una medición	empresa/decisión de segmentación de producto; sin universo poblacional propio	no aplica			NO-MEDIBLE-POR-DISEÑO	síntesis de dos casos ya dictaminados (apuestas-032 CoDi, apuestas-036/037 Jüsto) que les atribuye una causa psicológica común sin contrafactual; u0mf --busca jüsto -> 0/1680, u0mf --busca justo -> 0/1680 (sin documento primario registrado); no se identificó instrumento tras este recorrido; no equivale a imposibilidad universal.			ninguna corrida con <payload_id> (u0mf --calc: no aplica)	ASTRA5-MESA-CONSUMO	Ninguna operación propia; residual en apuestas-032 y apuestas-036/037	CONC-DOC-APUESTAS-ESENCIALISMO		u0mf --busca jüsto -> 0/1680; u0mf --busca justo -> 0/1680	CONSUMO	No aplica falsador de tier (NO-EXPLÍCITO); un diseño que compare directamente segmentos urbano-digital vs. resto con la misma oferta lo permitiría.
ASTRA5-U0-APUEST-005	apuestas-005	LECTURA-329d8c81-06;CAND-329d8c81-L194	L13;L194	«FALLA atribuir a psicología ("antivacunas", "malinchismo", "no saben planear") lo que fue estructura» — la caída de vacunación infantil fue desabasto logístico, no rechazo cultural: «el caso más peligroso de mala atribución». CONFIRMADO por Caso 12. [FUERTE]	FUERTE (L194, CONFIRMA)	CONCLUSION-DE-ESTUDIO	(a) primaria México (ENSANUT Continua, Secretaría de Salud)	que la caída de cobertura de vacunación infantil 2017-2023 se explique por desabasto/regulación (oferta) y no por rechazo cultural de los padres (demanda) — ver cifras y mecanismo administrativo en apuestas-038/039	es una síntesis-verdict que recombina apuestas-038 (cifras ENSANUT) y apuestas-039 (inhabilitación de Laboratorios Imperiales Pharma); el propio report no compara con una encuesta de actitud/rechazo parental que mida directamente 'antivacunas' como alternativa — la conclusión es por descarte narrativo, no por medición pareada oferta-vs-demanda en la misma cohorte	niño/esquema de vacunación; hogar; nacional 2012-2023	ENSANUT Continua 2021-2023 (cobertura); no se halló instrumento nacional de actitud/rechazo parental a vacunas pareado a la misma cohorte			NO-MEDIBLE-POR-DISEÑO	la comparación "estructura vs. cultura" en sí misma exige un instrumento que mida razón de no vacunación (actitud) en la MISMA cohorte que la caída de cobertura; u0busca -q "no lo vacun|no fue vacunado|razon de no" -> 6 aciertos, todos en ENADID 2023 (razón de no uso de anticonceptivos, no de vacunas); u0busca -q "esquema de vacunacion completo|cartilla de vacunacion" -> 0 aciertos; no se identificó instrumento de razón de no vacunación tras este recorrido; no equivale a imposibilidad universal. Las cifras de cobertura y el hecho administrativo del desabasto SÍ están en apuestas-038/039.			ninguna corrida con <payload_id> (u0mf --calc: no aplica)	ASTRA5-MESA-SALUD	Buscar módulo ENSANUT con razón de no vacunación por localidad, pareado a compras/entregas BCG (pieza ya señalada por Codex en APUESTAS-CASO-12)	CONC-DOC-VACUNAS-ESTRUCTURA		u0busca -q "no lo vacun|no fue vacunado|razon de no" -> 6 aciertos (ENADID, no vacunas); u0busca -q "esquema de vacunacion completo|cartilla de vacunacion" -> 0 aciertos	SALUD	Cambiaría si una encuesta nacional pareada mostrara que el rechazo parental declarado (no la falta de oferta) explica la mayoría de los casos de esquema incompleto en el mismo periodo y cohorte.
ASTRA5-U0-APUEST-006	apuestas-006	CAND-329d8c81-L195	L195	«Corrupción/mordida y adaptación a instituciones que fallan, no cultura de la ilegalidad» — CONFIRMADO indirectamente por CoDi (el miedo al SAT como cálculo racional del informal, no rechazo cultural a la tecnología). [MEDIA]	MEDIA	INTERPRETACION-DEL-REPORT	(a) primaria México (LAPOP/AmericasBarometer México, módulo EXC de victimización/justificación de mordida)	que la justificación de pagar una mordida se explique por fallas de servicios públicos (adaptación racional) y no por 'cultura de la ilegalidad'	LAPOP mide justificación/experiencia de mordida en general (policía, juzgados, salud, escuela, luz), NO el mecanismo específico del report (miedo al SAT frente a adopción de CoDi); el 'miedo al SAT' como barrera de CoDi sigue sin instrumento propio pareado — ese tramo del razonamiento permanece NO-MEDIBLE; el archivo es de la carpeta 'Descargas Manuales' (raíz descargas_mx, URL genérica vanderbilt.edu/lapop/mexico.php, sin URL exacta de descarga confirmada) por lo que la identidad del archivo exacto queda con nota de cautela	persona 18+; percepción/experiencia de mordida; México, LAPOP 2004 y 2006	LAPOP/AmericasBarometer México 2004 y 2006 (módulo EXC)	1008973606mexico_lapop_final_2006_data_set_092906|f43fcf78533febabe4eacb539f0ed03470c8320d606f29f54c220cda5abb3039|etiquetas de variable EXC18/EXC19 del archivo .sav (inventario descargas_mx_v1_1); 1390537077technical_information_mexico_2006|521cba1bd010dedecbb1df0e9ad5ced7f57f21da1f47b56b2656be54b874af60|ficha técnica de la ola	EXC18 «¿Cree que como están las cosas a veces se justifica pagar una mordida (o soborno)?»; EXC19 «¿Cree que en nuestra sociedad, el pagar mordidas (o soborno) es justificable debido a los malos servicios públicos, o no es justificable?» (códigos por extraer de enif... no aplica; códigos por extraer del FD/cuestionario LAPOP 2006, no localizado como PDF registrado)	MEDIBLE-EN-CORPUS	el componente "justificación de mordida por fallas institucionales" SÍ tiene instrumento y payload con id real en manifiesto (no reservado); el tramo específico del report (miedo al SAT como freno a CoDi) NO tiene instrumento pareado -> ese tramo permanece NO-MEDIBLE-POR-DISEÑO y se declara como límite. u0busca -q "mordida" -> 40 aciertos (LAPOP 2004 y 2006, módulo EXC); u0busca -q "miedo al sat|temor al sat" -> 0 aciertos.	1008973606mexico_lapop_final_2006_data_set_092906|f43fcf78533febabe4eacb539f0ed03470c8320d606f29f54c220cda5abb3039|raíz descargas_mx; 1658622845mexico_2004_export_version|e725383552753223d263a1d65e2aaf9549a59859eb1b5777b666f32728700c99|raíz descargas_mx; U0 no abrió microdato		ninguna corrida con <payload_id> (u0mf --calc 1008973606mexico_lapop_final_2006_data_set_092906: 0; LAPOP 2023/piso ya adoptado para otras preguntas, ver RESULTS-ASTRA5.md, pero no para EXC18/EXC19)	ASTRA5-U3	Extraer códigos de respuesta de EXC18/EXC19 desde el cuestionario LAPOP 2006 (localizar PDF); buscar instrumento propio de 'miedo al SAT' pareado con adopción de medios de pago digitales, hoy ausente	CONC-LAPOP2006-EXC18EXC19		u0busca -q "mordida" -> 40 aciertos con texto (LAPOP 2004 dc1,exc2,exc4,exc5,exc6...; LAPOP 2006 DC1,EXC2,EXC6,EXC13-19); u0busca -q "miedo al sat|temor al sat" -> 0 aciertos; u0mf --id 1008973606mexico_lapop_final_2006_data_set_092906 -> confirmado, sha256 f43fcf78..., sin reserva	CONFIANZA	Cambiaría si la asociación entre justificación de mordida y calidad de servicios públicos se rompiera en LAPOP (p.ej. mayor justificación donde el servicio es mejor); para el tramo CoDi/SAT, un instrumento que parée miedo fiscal con adopción tecnológica lo haría medible.
ASTRA5-U0-APUEST-007	apuestas-007	CAND-329d8c81-L38;APUESTAS-CASO-01	L31-L38	Banco Azteca (Grupo Elektra/Salinas, oct 2002) abrió 800+ sucursales eliminando el comprobante de ingresos; en municipios donde entró, los hogares informales sustituyeron casas de empeño por banca formal (caída del 39% en dependencia de empeño) y suavizaron consumo (Claudia Ruiz, Banco Mundial, "From Pawn Shops to Banks", 2013).	FUERTE	CIFRA-PUBLICADA	(a) primaria México (estudio con datos municipales mexicanos, publicado por el Banco Mundial)	que la entrada de Banco Azteca a un municipio haya reducido la dependencia de casas de empeño (~39%) y suavizado el consumo de hogares informales, comparado con municipios sin entrada	es un estudio observacional con variación geográfica y temporal de entrada de sucursales (cuasi-experimental), no un experimento aleatorizado; AISLABLE en el supuesto (comprobante de ingresos), CONFUNDIDO en rentabilidad/morosidad (tasas altas del segmento, según el propio report)	hogar informal; municipios con y sin entrada de Banco Azteca; México, ventana ~2002-2010s	World Bank Policy Research Working Paper 6634 (Ruiz, 2013), «From pawn shops to banks: the impact of formal credit on informal households»			MEDIBLE-CON-ADQUISICIÓN	documento primario identificado y existencia confirmada por WebSearch (24/sep/2026): World Bank Policy Research Working Paper Series 6634, "From pawn shops to banks: the impact of formal credit on informal households", Claudia Ruiz, 2013, documents.worldbank.org/en/publication/documents-reports/documentdetail/465221468286796985. El snippet de búsqueda reporta que los hogares en municipios con Banco Azteca son "3 veces más propensos a usar crédito bancario y 46% menos propensos a obtener crédito de empeño" — cifra (46%) que NO coincide literalmente con la citada por el report (39%); ambigüedad sin resolver hasta leer el PDF completo (falta registrar y descargar el documento; no está en manifiesto: u0mf --busca ruiz --busca pawn -> 0/1680).	faltante: World Bank Policy Research Working Paper 6634 (Ruiz, 2013), «From pawn shops to banks: the impact of formal credit on informal households»		ninguna corrida con <payload_id> (u0mf --calc: no aplica, sin payload_id)	ASTRA5-MESA-DINERO	Registrar y descargar WPS6634 (documents.worldbank.org); cotejar la cifra exacta (39% citado por el report vs. 46% del snippet de búsqueda) y el periodo/municipios exactos	CONC-DOC-RUIZ-WB-WPS6634-2013		u0mf --busca ruiz -> 0/1680; u0mf --busca pawn -> 0/1680; WebSearch «Claudia Ruiz "From Pawn Shops to Banks" World Bank 2013 Mexico» (24/sep/2026) -> confirma WPS6634, documents.worldbank.org/en/publication/documents-reports/documentdetail/465221468286796985	DINERO	Cambiaría si el documento completo no reporta una reducción significativa en dependencia de empeño en municipios con entrada de Banco Azteca frente a los que no la tuvieron, o si la cifra correcta (46% según el snippet) contradice sustantivamente la citada por el report (39%).
ASTRA5-U0-APUEST-008	apuestas-008	CAND-329d8c81-L38	L36	«El análogo BanCoppel cerró 2024 en 6.52%[de morosidad], por encima del promedio bancario» — cifra comparadora de morosidad del segmento de banca popular/base de la pirámide.	FUERTE (rige encabezado L38, Caso 1)	CIFRA-PUBLICADA	(a) primaria México (serie regulatoria bancaria)	que la cartera vencida (IMOR) de BanCoppel al cierre de 2024 sea 6.52%, por encima del promedio de la banca múltiple	es una cifra de morosidad de OTRA institución (BanCoppel, no Banco Azteca) usada como análogo del segmento; no mide directamente a Banco Azteca; universo=cartera de consumo de una institución, no hogares	institución financiera (BanCoppel); cartera de crédito al consumo; México, dic-2024	CNBV portafolio 040-1A-R16 (IMOR por tipo de cartera) y boletín de banca múltiple; Banxico IMOR por producto	gen2_cnbv_040_1a_r16_imor_tipo_cartera|3b6ac444df102a4b6cecf0a24469471940bb9cc838e82b3c304e17bc56491629|s/f; gen2_banxico_imor_consumo_producto_mensual_2026t1_html|c9691762bb6e086a08b4487f3d121ace04d74b31cfdc7e7a6c4c2512aa96c4b2|s/f		MEDIBLE-CON-ADQUISICIÓN	Corrección del supervisor (criterio de CRPOP-001/012): la serie regulatoria CNBV 040-1A-R16 es el instrumento, pero la copia registrada sólo expone el periodo cacheado 202112; el IMOR de BanCoppel al cierre de 2024 requiere la edición de ese periodo por institución.	faltante: CNBV 040-1A-R16 por institución (BanCoppel), periodo 2024-12; copia registrada gen2_cnbv_040_1a_r16_imor_tipo_cartera|3b6ac444df102a4b6cecf0a24469471940bb9cc838e82b3c304e17bc56491629|raíz data_raw sólo cubre 202112; U0 no abrió microdato		ninguna corrida con <payload_id> (u0mf --calc gen2_cnbv_040_1a_r16_imor_tipo_cartera: 0)	ASTRA5-MESA-DINERO	Descargar el 040-1A-R16 de dic-2024 por institución (flujo ReportViewer/Agrupados de CNBV), registrarlo con su sha y cotejar 6.52% contra el promedio de banca múltiple.	CONC-DOC-CNBV-IMOR-BANCOPPEL-2024		u0mf --busca cnbv -> 30/1680 entradas; incluye gen2_cnbv_040_1a_r16_imor_tipo_cartera y gen2_banxico_imor_consumo_producto_mensual_2026t1_html	DINERO	Cambiaría si el 040-1A-R16 muestra un IMOR de BanCoppel dic-2024 distinto a 6.52% o por debajo del promedio de la banca múltiple.
ASTRA5-U0-APUEST-009	apuestas-009		L37	Veredicto Caso 1: «supuesto CORRECTO. Confirma "informalidad como adaptación económica, no atraso" y "desconfianza racional, no tecnofobia"».	FUERTE	INTERPRETACION-DEL-REPORT	(a) primaria México	que el éxito estructural de Banco Azteca confirme, a nivel de patrón psicológico general, que la informalidad es adaptación económica y no tecnofobia/desconfianza	es la interpretación causal de UN caso empresarial (aunque con estudio cuasi-experimental de respaldo, apuestas-007); la generalización a 'informalidad como adaptación económica' como rasgo psicológico amplio excede lo que el estudio de Ruiz mide (sustitución de empeño por banco en municipios tratados), sin panel de actitudes ni contrafactual de otra explicación (p. ej. publicidad, cobranza semanal coercitiva)	empresa/decisión estratégica; sin universo de actitud propio distinto al de apuestas-007	no aplica (interpretación)			NO-MEDIBLE-POR-DISEÑO	interpretación que recombina apuestas-007 (cifra WB) y apuestas-008 (morosidad comparador) en una tesis psicológica general (informalidad=adaptación, no tecnofobia) sin instrumento de actitud pareado; no se identificó instrumento tras este recorrido; no equivale a imposibilidad universal; componente descriptivo ya está en apuestas-007/008.			ninguna corrida con <payload_id> (no aplica)	ASTRA5-MESA-DINERO	Ninguna operación propia; residual en apuestas-007/008	CONC-DOC-AZTECA-VEREDICTO		ver apuestas-007/008	DINERO	Cambiaría si una encuesta de actitud mostrara que los usuarios de Banco Azteca lo eligen por falta de alternativa y no por preferencia activa hacia la formalidad, o si el efecto desapareciera controlando por cobranza semanal coercitiva.
ASTRA5-U0-APUEST-010	apuestas-010	TIER-329d8c81-L47;APUESTAS-CASO-02	L40-L44	Nu México pasó de 12 a 13 millones de clientes entre julio y octubre de 2025, y alcanzó 15 millones el 15 de abril de 2026 (~15% de la población adulta); 60%+ hogares de ingresos bajos/medios-bajos, 78% fuera de grandes urbes.	FUERTE	CIFRA-PUBLICADA	mixta (empresa brasileña -Nu Holdings/Nubank- operando en México; cifra sobre clientes en México)	número de clientes de Nu México en dos cortes (oct-2025, abr-2026) y su composición socioeconómica/geográfica declarada por la empresa	es conteo de clientes de una empresa (serie temporal de un solo actor, no observación independiente de adopción nacional; ver DEDUP FINTECH-NU-CLIENTES del paquete: «los conteos Nu 13M/13.1M/15M son serie de clientes de una empresa en fechas distintas, no tres observaciones independientes de adopción nacional»); la composición socioeconómica es auto-reportada por la empresa, no verificada independientemente	cliente/cuenta Nu México; nacional; oct-2025 y abr-2026	comunicado oficial Nu México (blog.nu.com.mx, international.nubank.com.br)			MEDIBLE-CON-ADQUISICIÓN	documento primario identificado y existencia confirmada por WebSearch (24/sep/2026): blog.nu.com.mx/nu-mexico-una-financeira-solida-y-regulada-acerca-de-nu/nu-mexico-13-millones-clientes/ (oct-2025) y .../nu-mexico-15-millones-clientes/ (abr-2026); cita de Daniel Rojas confirmada. No registrado en manifiesto (u0mf --busca nu --busca holdings -> 0/1680).	faltante: comunicado oficial Nu México (blog.nu.com.mx, international.nubank.com.br)		ninguna corrida con <payload_id> (u0mf --calc: no aplica)	ASTRA5-MESA-DINERO	Registrar los dos comunicados de Nu México (oct-2025, abr-2026) en el manifiesto; cotejar composición socioeconómica declarada contra ENIF 2024 (ver apuestas-011)	CONC-DOC-NU-MEXICO-CLIENTES		u0mf --busca nu --busca holdings -> 0/1680; WebSearch "Nu México 13 millones clientes octubre 2025 15 millones abril 2026 comunicado Daniel Rojas" (24/sep/2026) -> confirma blog.nu.com.mx y international.nubank.com.br	DINERO	Cambiaría si el comunicado oficial, leído completo, no reporta las cifras exactas citadas por el report o si el corte de composición socioeconómica proviene de una fuente distinta a la declarada.
ASTRA5-U0-APUEST-011	apuestas-011		L41	ENIF 2024, P5_4_8: «5.4 ¿Usted tiene cuenta contratada por internet o aplicación (no bancaria) como Mercado Pago, Nu o Spin de Oxxo?» — instrumento poblacional que SÍ nombra Nu y Spin de Oxxo (a diferencia de ENIF 2021, P5_4_8, que solo nombra Mercado Pago o Albo).	NO-EXPLÍCITO (instrumento adicional hallado por U0, no citado por el report)	CIFRA-PUBLICADA	(a) primaria México (ENIF, INEGI/CNBV/Banxico/SHCP)	proporción de personas 18+ que declaran tener cuenta contratada por app no bancaria tipo Mercado Pago, Nu o Spin de Oxxo (ENIF 2024) — mide adopción poblacional, no clientela de la empresa	es autorreporte agregado (no distingue Nu de Mercado Pago o Spin dentro de la misma opción de respuesta en el enunciado leído; los códigos de respuesta exactos no se extrajeron en esta pasada); universo=persona elegida del hogar, no coincide con 'cliente' de la empresa (apuestas-010)	persona 18+, elegida en el hogar; nacional; ENIF 2024	ENIF 2024, módulo 5 (TMODULO), variable P5_4_8/p5_4_8	enif2024_cuestionario_pdf|32e37cc13da38691dee20fbffcef3637aeb87b8dac194e64f83bebed8b57ef8b|pregunta 5.4 (P5_4_8)	«5.4 ¿Usted tiene cuenta contratada por internet o aplicación (no bancaria) como Mercado Pago, Nu o Spin de Oxxo?» (texto_reactivo literal de u0busca); códigos por extraer de enif2024_fd_xlsx, hoja TMODULO, fila 429	MEDIBLE-EN-CORPUS	pregunta/variable en instrumento con payload_id real en manifiesto (enif2024_csv), no reservada; texto literal citado de u0busca; universo declarado (persona 18+ elegida, ENIF 2024); códigos por extraer de enif2024_fd_xlsx TMODULO fila 429 (no abierto: es XLSX de diccionario, no microdato de persona, pero U0 no lo abrió en esta pasada, solo leyó el texto_reactivo resuelto por la herramienta).	enif2024_csv|a3507b4038888247f565f1640a718ef552bb8fc363378e3372a5bf2796bb2e4c|raíz data_raw; U0 no abrió microdato		ninguna corrida con <payload_id> (u0mf --calc enif2024_csv: 0)	ASTRA5-MESA-DINERO	Extraer código de respuesta de P5_4_8 (ENIF 2024) que aísle 'Nu' si el cuestionario impreso lo permite (revisar si la opción es una sola categoría 'Mercado Pago/Nu/Spin' o si el cuestionario aplicado desglosa marca)	CONC-ENIF2024-P5_4_8		u0busca -q "P5_4_8" -> 12 aciertos con texto (ENIF 2012, 2021, 2024); ENIF 2021 P5_4_8 = "cuenta por Internet... Mercado Pago o Albo" (no nombra Nu); ENIF 2024 P5_4_8 = "...Mercado Pago, Nu o Spin de Oxxo" (sí los nombra) — corrige la nota del paquete ("ENIF P5_4_8 no identifica marca"), que aplica a la ola 2021, no a 2024	DINERO	Cambiaría (se acotaría) si el cuestionario impreso de ENIF 2024 muestra que 'Nu' y 'Spin de Oxxo' son una sola opción sin desglose posible por marca, o si códigos de no respuesta dominan la categoría.
ASTRA5-U0-APUEST-012	apuestas-012		L45-L46	Veredicto Caso 2: «supuesto CORRECTO y MATIZA el modelo: la difusión no fue por "confianza" sino por utilidad y fricción baja».	FUERTE	INTERPRETACION-DEL-REPORT	mixta	que el mecanismo de adopción de Nu México (secuencia ahorro→crédito) se deba a utilidad/fricción baja y no a confianza	es interpretación de un caso empresarial; el propio report declara la variable 'CONFUNDIDO parcialmente (capital de riesgo, diseño de producto, timing pospandemia)'; sin instrumento que mida directamente el mecanismo psicológico (confianza vs. utilidad) en los clientes de Nu	persona/cliente; sin universo de actitud propio	no aplica (interpretación)			NO-MEDIBLE-POR-DISEÑO	interpretación de un caso único (aunque con cifras descriptivas en apuestas-010/011) que atribuye mecanismo psicológico sin instrumento de actitud pareado a la decisión de adopción; no se identificó instrumento tras este recorrido; no equivale a imposibilidad universal.			ninguna corrida con <payload_id> (no aplica)	ASTRA5-MESA-DINERO	Ninguna operación propia; residual en apuestas-010/011	CONC-DOC-NU-VEREDICTO		ver apuestas-010/011	DINERO	Cambiaría si una encuesta a clientes de Nu mostrara que 'confianza en la marca' (y no utilidad/fricción) es la razón principal declarada de adopción.
ASTRA5-U0-APUEST-013	apuestas-013		L46	«Nu Holdings reconoció mayor morosidad temprana en México que en Brasil (Bloomberg Línea, abril 2023) por la delgadez de datos locales, pero ADAPTÓ el modelo en lugar de retirarse».	FUERTE (rige encabezado L47, Caso 2)	CIFRA-PUBLICADA	mixta (dato de empresa reportado por medio de prensa)	que la morosidad temprana de Nu en México haya sido mayor que en Brasil (declaración de la empresa recogida por prensa, abril 2023)	El documento primario (20-F FY2022 de Nu Holdings ante la SEC, accession 0001292814-23-001671) esta identificado por URL publica, pero no se leyo en esta pasada la seccion interna de calidad de cartera/morosidad temprana por pais (Mexico vs. Brasil); ese cotejo queda pendiente como residual.	institución financiera (Nu Holdings); cartera México vs. Brasil; abr-2023	no identificado (solo prensa)	SEC EDGAR: Nu Holdings Ltd, CIK 0001691493, Form 20-F ejercicio FY2022, filed 2023-04-20, accession 0001292814-23-001671, documento nuform20f_2022.htm; https://www.sec.gov/Archives/edgar/data/1691493/000129281423001671/nuform20f_2022.htm; indice leido 2026-09-24; seccion de morosidad por pais no leida en esta pasada		MEDIBLE-CON-ADQUISICIÓN	Documento primario IDENTIFICADO: Nu Holdings Ltd (NYSE: NU) presenta anualmente su Form 20-F ante la SEC; el ejercicio FY2022 (filed 2023-04-20, el mismo mes que la nota de Bloomberg Linea citada por el report) tiene accession 0001292814-23-001671 y documento nuform20f_2022.htm, confirmado via SEC EDGAR el 2026-09-24. No se leyo en esta pasada la seccion interna de calidad de cartera/morosidad temprana por pais (documento de 29 MB); el cotejo de la cifra frente a Bloomberg Linea queda como residual en siguiente_operacion. El limite deja de ser 'solo prensa': el documento primario existe, esta identificado por URL publica y es de acceso publico.	faltante: seccion de calidad de cartera/morosidad temprana por pais (Mexico vs. Brasil) dentro del 20-F FY2022 de Nu Holdings (accession 0001292814-23-001671), o del 20-F FY2023 (accession 0001292814-24-001464, filed 2024-04-19) si el FY2022 no la trae		ninguna corrida con <payload_id> (no aplica)	ASTRA5-MESA-DINERO	Leer en el 20-F FY2022 de Nu Holdings (accession 0001292814-23-001671, https://www.sec.gov/Archives/edgar/data/1691493/000129281423001671/nuform20f_2022.htm) la seccion de calidad de cartera/NPL por pais y cotejar contra la cifra citada por Bloomberg Linea (abril 2023); si no esta, revisar el 20-F FY2023 (accession 0001292814-24-001464)	CONC-DOC-NU-MOROSIDAD-2023		no se consulto web para este componente (presupuesto priorizado a Azteca/Progresa/Nissan/vacunas/CNBV/Nu-clientes/Aplazo/INSP/Costco) [primer paso]; segunda pasada 2026-09-24: WebFetch https://www.sec.gov/cgi-bin/browse-edgar?action=getcompany&company=nu+holdings&type=20-F -> CIK 0001691493, 5 filings 20-F listados 2022-2026; WebFetch indice accession 0001292814-23-001671 -> documento nuform20f_2022.htm identificado (FY2022, filed 2023-04-20); contenido interno no leido en esta pasada	DINERO	Cambiaría si el 20-F de Nu Holdings muestra morosidad temprana en México igual o menor que en Brasil.
ASTRA5-U0-APUEST-014	apuestas-014	CAND-329d8c81-L56;APUESTAS-CASO-03	L49-L53	Kueski: 20 millones de préstamos desembolsados a octubre de 2024, primer BNPL de Amazon México. Aplazo: 50,000+ comercios, tasa de aprobación >80%, «tasas de pérdida crediticia de un dígito bajo» (auto-reportadas, comunicado BusinessWire, 13 mayo 2024).	FUERTE	CIFRA-PUBLICADA	(a) primaria México (empresas mexicanas BNPL; comunicado propio vía BusinessWire)	volumen de préstamos Kueski (20M a oct-2024) y comercios/tasa de aprobación/pérdida crediticia de Aplazo (comunicado mayo-2024)	cifras auto-reportadas por las empresas, sin auditoría independiente (el propio report lo señala: «Kueski es privada y no publica NPL primario»); 'un dígito bajo' no es una cifra puntual verificable	empresa/cartera de BNPL; México; oct-2024 (Kueski) y may-2024 (Aplazo)	comunicado oficial Aplazo vía BusinessWire (13-may-2024); comunicado/prensa propia Kueski			MEDIBLE-CON-ADQUISICIÓN	documento primario de Aplazo confirmado por WebSearch (24/sep/2026): businesswire.com/news/home/20240513556631/en/Mexico-based-Commerce-and-BNPL-Fintech-Platform-Aplazo-Secures-$70-Million-in-Equity-Funding (comunicado oficial vía BusinessWire, cita textual de Ángel Peña confirmada: "low-single-digit credit loss rates"); no registrado en manifiesto (u0mf --busca kueski -> 0/1680; u0mf --busca aplazo -> 0/1680). Comunicado propio de Kueski (20M préstamos, oct-2024) NO confirmado de forma independiente en esta pasada (fuera de presupuesto web).	faltante: comunicado oficial Aplazo vía BusinessWire (13-may-2024); comunicado/prensa propia Kueski		ninguna corrida con <payload_id> (u0mf --calc: no aplica)	ASTRA5-MESA-DINERO	Registrar el comunicado BusinessWire de Aplazo (13-may-2024); localizar y registrar el comunicado/press room de Kueski con la cifra de 20M préstamos oct-2024	CONC-DOC-KUESKI-APLAZO-2024		u0mf --busca kueski -> 0/1680; u0mf --busca aplazo -> 0/1680; WebSearch "Aplazo BusinessWire comunicado mayo 2024 tasa de pérdida crediticia digito bajo Ángel Peña" (24/sep/2026) -> confirma businesswire.com/news/home/20240513556631	DINERO	Cambiaría si el comunicado completo de Aplazo no confirma la cifra de aprobación >80% o si el comunicado de Kueski no confirma 20M de préstamos a oct-2024.
ASTRA5-U0-APUEST-015	apuestas-015		L52	Segmento Kueski/Aplazo: «~60% de la población activa sin banca y ~82% sin tarjeta de crédito» (Kueski citado por AWS); «70% de los usuarios de Aplazo no tiene otro producto de crédito en buró»; PAR-1: «~49.5% de adultos sin acceso a crédito formal».	FUERTE (rige encabezado L56, Caso 3; también PAR-1 L177-179)	CIFRA-PUBLICADA	(a) primaria México (ENIF, INEGI/CNBV/Banxico; y auto-reporte de empresas para el 70%/82%)	proporción de adultos que declaran no tener historial crediticio como razón de negación de crédito (instrumento poblacional distinto al 60%/82%/70% auto-reportado por las empresas)	las cifras 60%/82% (Kueski vía AWS) y 70% (Aplazo) son auto-reportadas por las empresas o por un proveedor tecnológico (AWS), sin especificar metodología ni fuente primaria propia; el instrumento ENIF mide 'razón de negación de crédito', no 'población sin historial' en general, por lo que NO es la misma variable que ~49.5%/60%/82%	persona 18+; solicitó y le negaron crédito; ENIF 2012/2015/2018/2024	ENIF (todas las olas 2012-2024), módulo TMODULO, variable «No tiene historial crediticio» como razón de negación	enif2024_cuestionario_pdf|32e37cc13da38691dee20fbffcef3637aeb87b8dac194e64f83bebed8b57ef8b|pregunta 6.17 (P6_17_4)	ENIF 2024, P6_17_4: «6.17 ¿Cuáles son las razones por las que le negaron el crédito? No tenía historial crediticio» (texto_reactivo literal); códigos por extraer de enif2024_fd_xlsx, hoja TMODULO, fila 891	MEDIBLE-EN-CORPUS	el instrumento poblacional más cercano (ENIF, razón de negación de crédito por falta de historial) SÍ tiene payload_id real y no reservado; universo=persona a quien le negaron crédito (subpoblación, NO toda la población adulta, por lo que no es directamente comparable al 49.5%/60%/82% citados, que parecen ser sobre población total); códigos por extraer de enif2024_fd_xlsx TMODULO fila 891. Las cifras 60%/82%/70% de las empresas quedan como CON-ADQUISICIÓN separado (ver apuestas-014, faltante: metodología AWS/Kueski y Aplazo).	enif2024_csv|a3507b4038888247f565f1640a718ef552bb8fc363378e3372a5bf2796bb2e4c|raíz data_raw; U0 no abrió microdato		ninguna corrida con <payload_id> (u0mf --calc enif2024_csv: 0)	ASTRA5-MESA-DINERO	Extraer % de personas que citan 'no tener historial crediticio' como razón de negación (ENIF 2024 P6_17_4, y series 2012/2015/2018 P6_19_3/P6_21_5/P6_19_4) y compararlo con universo (negados vs. población total) antes de cotejar 49.5%/60%/82%	CONC-ENIF-HISTORIAL-CREDITICIO		u0busca -q "historial crediticio" -> 12 aciertos con texto en ENIF 2012 (P6_19_3), 2015 (P6_21_5), 2018 (P6_19_4), 2024 (P6_17_4)	DINERO	Cambiaría si el % ENIF de negación por falta de historial, reescalado a población total, resultara muy distinto de 49.5%/60%/82%, indicando que las cifras empresariales sobreestiman la exclusión real.
ASTRA5-U0-APUEST-016	apuestas-016		L51	Cita DECLARADA de Ángel Peña (CEO Aplazo, TechCrunch, 15-nov-2021) y Jaime Romero (CTO Kueski): decisión de diseño de usar datos alternativos «debido a que cerca del 40% de la población no tiene historial crediticio».	FUERTE (rige encabezado L56)	NORMA-O-ACTO-DOCUMENTAL	(a) primaria México (declaración de directivos de empresa mexicana, recogida por medio de prensa especializada)	que los directivos de Aplazo y Kueski hayan declarado públicamente esa razón de diseño (cita atribuible, verificable en su fuente)	la única fuente citada por el report es un medio de prensa (TechCrunch); no se buscó una fuente primaria alternativa (comunicado propio, entrevista en video, LinkedIn corporativo) en esta pasada	declaración pública de directivo de empresa; no aplica universo poblacional	no identificado (solo prensa, TechCrunch 15-nov-2021)			MEDIBLE-CON-ADQUISICIÓN	EXISTENCIA-NO-COMPROBADA tras 2 consultas: WebFetch https://www.aplazo.mx/blog (blog oficial de Aplazo, sin la declaracion de Angel Pena ni la cifra del 40%); WebFetch https://www.kueski.com/prensa (HTTP 404, sin sala de prensa accesible en esa ruta). No se localizo en esta pasada un canal oficial (comunicado propio, blog corporativo, LinkedIn) de Aplazo o Kueski que reproduzca la cita atribuida por TechCrunch. El corpus no registra a Aplazo ni Kueski (u0mf --busca aplazo -> 0/1680; u0mf --busca kueski -> 0/1680). Se mantiene identificada la cita exacta del report (TechCrunch, 15-nov-2021) como la unica fuente localizada hasta ahora; no se maquilla como verificada.	faltante: comunicado propio, blog corporativo, entrevista en video o publicacion en canal oficial (LinkedIn/sitio) de Angel Pena (Aplazo) o Jaime Romero (Kueski) con la declaracion citada por TechCrunch (15-nov-2021)		ninguna corrida con <payload_id> (no aplica)	ASTRA5-MESA-DINERO	NO-ACCESIBLE-DESDE-SANDBOX (existencia no comprobada; no equivale a «no existe», A.4) → GEN2-ASTRA5-U5-ADQUISICION-1, con la receta forense/analisis/dominios/receta-acceso-fuentes-2026-09-24.md. Reintentar la busqueda del canal oficial de Aplazo/Kueski (comunicado, blog, LinkedIn corporativo) con presupuesto de WebSearch disponible, o localizar el articulo de TechCrunch citado y verificar si enlaza a la fuente primaria de la declaracion	CONC-DOC-APLAZO-KUESKI-DECLARACION		no se consulto web para este componente en esta pasada [primer paso]; segunda pasada 2026-09-24: u0mf --busca aplazo -> 0/1680; u0mf --busca kueski -> 0/1680; WebFetch https://www.aplazo.mx/blog -> sin la cita buscada; WebFetch https://www.kueski.com/prensa -> HTTP 404	DINERO	Cambiaría si no se localiza ninguna fuente (ni siquiera de prensa) que sostenga la cita atribuida.
ASTRA5-U0-APUEST-017	apuestas-017		L55	Veredicto Caso 3: «supuesto CORRECTO. Rompe frontalmente "credit scoring tipo EE.UU." como default para el segmento popular mexicano».	FUERTE	INTERPRETACION-DEL-REPORT	(a) primaria México	que el abandono del scoring tipo EE.UU. por Kueski/Aplazo (decisión de diseño) confirme que ese modelo es inadecuado para el segmento popular mexicano en general	es la interpretación de dos casos empresariales (aunque el PAR-1/NBER, apuestas-051, sí aporta evidencia cuantitativa independiente sobre la variable predictiva); el 'romper' a nivel de política general excede lo que dos decisiones de diseño empresarial pueden establecer por sí solas sin el respaldo del PAR-1	empresa/decisión de diseño de producto crediticio; ver PAR-1 (apuestas-051) para el componente con diseño más identificado	no aplica (interpretación); ver apuestas-051 (NBER 33208, EN-CORPUS)			NO-MEDIBLE-POR-DISEÑO	interpretación de caso único que recombina apuestas-014/015/016; el componente con mejor identificación de esta misma tesis (contribución marginal de datos alternativos al AUC) YA está dictaminado como MEDIBLE-EN-CORPUS en apuestas-051 (PAR-1, NBER 33208); esta fila es DEDUP parcial de esa tesis a nivel de 'romper' general de política, sin contrafactual propio de Kueski/Aplazo.			ninguna corrida con <payload_id> (no aplica)	ASTRA5-MESA-DINERO	Ninguna operación propia; ver apuestas-051 para el componente medible	CONC-DOC-KUESKI-APLAZO-VEREDICTO		ver apuestas-051	DINERO	Cambiaría si aparece un caso de credit scoring tipo EE.UU. que sí funcionó bien para el segmento popular mexicano sin historial (el propio report declara que ese caso no existe en el registro público).
ASTRA5-U0-APUEST-018	apuestas-018	TIER-329d8c81-L65;APUESTAS-CASO-04	L58-L62	«OXXO es el principal corresponsal bancario del país (43% de los 43,397 puntos al cierre de 2019, según CNBV)»; OXXO Pay declara: «solo el 50% tiene cuenta bancaria y el 33% tarjeta de crédito».	FUERTE	CIFRA-PUBLICADA	(a) primaria México (dato regulatorio CNBV, citado también por prensa especializada)	proporción de corresponsalías bancarias del país operadas por OXXO al cierre de 2019 (43% de 43,397 puntos)	la cifra circula ampliamente en prensa especializada (Forbes, El Financiero, El Informador) pero la fuente primaria es un boletín/nota de prensa de la propia CNBV, no un tabulado abierto de datos.cnbv (BDIF no desglosa corresponsalías por cadena comercial en las tablas registradas en el manifiesto)	punto de corresponsalía bancaria; nacional; cierre 2019	CNBV, comunicado/boletín de banca múltiple sobre corresponsales bancarios			MEDIBLE-CON-ADQUISICIÓN	documento primario identificado por WebSearch (24/sep/2026): gob.mx/cnbv/articulos/corresponsales-bancarios-114482 (artículo oficial CNBV) y cnbv.gob.mx/SECTORES-SUPERVISADOS/BANCA-MULTIPLE/Prensa%20%20Sector%20Bancario/23%20DE%20NOVIEMBRE.pdf (boletín de prensa CNBV); la cifra "43% de 43,397 puntos, OXXO el más grande" aparece corroborada por múltiples medios (Forbes, El Financiero, El Informador, La Jornada) pero la fuente oficial (CNBV) no se leyó completa en esta pasada; no registrado en manifiesto (u0mf --busca cnbv --busca corresponsal -> 0/1680).	faltante: CNBV, comunicado/boletín de banca múltiple sobre corresponsales bancarios		ninguna corrida con <payload_id> (u0mf --calc: no aplica)	ASTRA5-U4	Descargar y registrar el boletín/artículo oficial CNBV de corresponsales bancarios (cierre 2019) y cotejar la cifra 43% de 43,397 puntos contra el documento oficial, no contra la prensa que la reproduce	CONC-DOC-CNBV-CORRESPONSALES-2019		u0mf --busca cnbv --busca corresponsal -> 0/1680; WebSearch "CNBV corresponsalías bancarias 2019 43397 puntos OXXO participación" (24/sep/2026) -> confirma gob.mx/cnbv/articulos/corresponsales-bancarios-114482 y boletín cnbv.gob.mx/.../23%20DE%20NOVIEMBRE.pdf	DINERO	Cambiaría si el boletín oficial de CNBV no confirma 43% ni a OXXO como el mayor corresponsal en esa fecha de corte.
ASTRA5-U0-APUEST-019	apuestas-019		L62	«Spin superó 12 millones de usuarios» (FEMSA).	FUERTE (rige encabezado L65)	CIFRA-PUBLICADA	(a) primaria México (FEMSA, emisora en BMV)	número de usuarios de la billetera Spin (FEMSA) declarado por la empresa	cifra auto-reportada por la empresa; no distingue usuarios activos de registrados; no se identificó el informe/trimestral exacto de FEMSA en esta pasada	usuario/cuenta Spin; nacional; fecha no precisada por el report	FEMSA, informe anual/trimestral (BMV: FEMSAUBD) o comunicado de Spin by OXXO	SEC EDGAR: Mexican Economic Development Inc (FEMSA), CIK 0001061736, Form 20-F mas reciente filed 2026-04-24, accession 0001628280-26-027231; https://www.sec.gov/Archives/edgar/data/1061736/000162828026027231/0001628280-26-027231-index.htm; indice leido 2026-09-24; pagina/seccion con la cifra de usuarios de Spin no leida en esta pasada		MEDIBLE-CON-ADQUISICIÓN	Corrige el defecto de validacion (CON-ADQUISICION sin documento id ni URL): FEMSA esta identificada en SEC EDGAR como 'MEXICAN ECONOMIC DEVELOPMENT INC' (CIK 0001061736, ticker FMX), con Form 20-F mas reciente filed 2026-04-24, accession 0001628280-26-027231, confirmado via SEC EDGAR el 2026-09-24. No se leyo en esta pasada la seccion/pagina exacta con la cifra de 12 millones de usuarios de Spin (documento de 47 MB); tampoco se localizo un comunicado especifico de Spin/FEMSA con esa cifra (WebFetch a femsa.com/en/press-releases/ y /en/newsroom/ -> HTTP 404 en esas rutas). El cotejo de la cifra exacta y su fecha de corte queda como residual en siguiente_operacion.	faltante: seccion/pagina exacta con la cifra de 12M de usuarios de Spin dentro del 20-F de FEMSA (accession 0001628280-26-027231) o comunicado especifico de Spin by OXXO con esa cifra y su fecha de corte		ninguna corrida con <payload_id> (u0mf --calc: no aplica)	ASTRA5-U4	Leer en el 20-F de FEMSA (accession 0001628280-26-027231) o en un 20-F anterior mas cercano a la fecha de la cifra la seccion de resultados de Spin/negocio digital, y cotejar la cifra de 12M de usuarios y su fecha de corte exacta	CONC-DOC-FEMSA-SPIN-USUARIOS		u0mf --busca femsa -> 0/1680; u0mf --busca spin -> 0/1680 [primer paso]; segunda pasada 2026-09-24: WebFetch https://www.sec.gov/cgi-bin/browse-edgar?action=getcompany&CIK=FMX&type=20-F -> FEMSA identificada como Mexican Economic Development Inc, CIK 0001061736, 20-F mas reciente accession 0001628280-26-027231 (filed 2026-04-24); WebFetch https://www.femsa.com/en/press-releases/ -> HTTP 404; WebFetch https://www.femsa.com/en/newsroom/ -> HTTP 404	DINERO	Cambiaría si el informe oficial de FEMSA reporta una cifra de usuarios de Spin sustancialmente distinta a 12 millones o no distingue usuarios activos de registrados.
ASTRA5-U0-APUEST-020	apuestas-020		L71	«Mamá Lucha ganó el premio EFFIE al año de nacer; casi 8 de cada 10 tiendas de Walmart México son Bodega Aurrera; el formato Express tiene ~991 puntos; analistas la señalan como duplicando ventas de Chedraui».	MEDIA (rige encabezado L74, Caso 5)	CIFRA-PUBLICADA	(a) primaria México (Walmex, premio Effie México)	premio Effie obtenido, proporción de tiendas Bodega Aurrera sobre el total Walmart México, y puntos del formato Express	son cifras descriptivas de escala/reconocimiento publicitario, no de preferencia de compra (la propia corrección vigente del lote lo aclara: 'no miden preferencia D/E precio-calidad'); 'duplicando ventas de Chedraui' es una comparación de analistas sin fuente primaria identificada	empresa/tienda; formato comercial; México, sin fecha de corte precisa en el report	Effie Awards México (registro de premiación); Walmex informe anual/trimestral (BMV: WALMEX)			MEDIBLE-CON-ADQUISICIÓN	Walmex es emisora identificada en BMV (ticker WALMEX, confirmado por WebSearch 24/sep/2026 vía SEC/BMV context de Walmart Inc.) y Effie Awards México tiene registro público de premiados; ninguno de los dos documentos se leyó con la cifra exacta en esta pasada (no registrado en manifiesto: u0mf --busca walmex -> 0/1680).	faltante: Effie Awards México (registro de premiación); Walmex informe anual/trimestral (BMV: WALMEX)		ninguna corrida con <payload_id> (u0mf --calc: no aplica)	ASTRA5-MESA-DINERO	Localizar registro de Effie México (año, categoría) y el informe Walmex con el número de tiendas Bodega Aurrera/total y puntos del formato Express	CONC-DOC-MAMA-LUCHA-CIFRAS		u0mf --busca walmex -> 0/1680; u0mf --busca costco -> 0/1680; WebSearch «Costco México ventas 2025 Walmex Sam's Club México ventas anuales BMV disclosure mdp» (24/sep/2026) -> confirma Walmex cotiza en BMV (WALMEX), sin cifra exacta de tiendas Bodega Aurrera	CONSUMO	No aplica falsador de tier obligatorio distinto al ya declarado en apuestas-003 (MEDIA, mismo caso); cambiaría si el informe Walmex muestra una proporción de tiendas Bodega Aurrera sustancialmente distinta a 8/10.
ASTRA5-U0-APUEST-021	apuestas-021	CAND-329d8c81-L193;TIER-329d8c81-L83;APUESTAS-CASO-06	L76-L82;L193	Progresa/Oportunidades (desde 1997): evaluaciones (Behrman/Hoddinott; Skoufias) documentan +14% consumo promedio del hogar, +11% gasto en alimentos tras un año, mejoras en talla infantil y matrícula, con diseño de evaluación experimental (AISLABLE). «El horizonte de planeación sigue la estabilidad del ingreso»: CONFIRMADO. [FUERTE]	FUERTE	CIFRA-PUBLICADA	(a) primaria México (evaluación con datos experimentales mexicanos, publicada en revistas/organismos internacionales)	efecto de las transferencias condicionadas de Progresa sobre consumo del hogar (+14%), gasto en alimentos (+11%) y matrícula/talla infantil, en el diseño experimental original	es el caso con mejor identificación causal del registro (diseño aleatorizado por localidad, según el propio report); el límite es que el estudio original no está en el manifiesto ni se leyó su texto completo en esta pasada	hogar en pobreza rural (después urbana); México, evaluación 1997-1999 (rollout aleatorizado por localidad)	Hoddinott, Skoufias y Washburn (2000), «The impact of PROGRESA on consumption», IFPRI; Behrman y Hoddinott (2005), Oxford Bulletin of Economics and Statistics 67(4):547-569; Skoufias, evaluaciones asociadas			MEDIBLE-CON-ADQUISICIÓN	documentos primarios identificados por WebSearch (24/sep/2026): Hoddinott/Skoufias/Washburn (2000) "The impact of PROGRESA on consumption: A final report" (IFPRI); Behrman y Hoddinott (2005) en Oxford Bulletin of Economics and Statistics, vol. 67 no. 4, pp. 547-569 (revista académica con DOI); no registrados en manifiesto (u0mf --busca progresa -> 0/1680; u0mf --busca oportunidades -> 0/1680; u0mf --busca nber -> 1/1680, no es este paper).	faltante: Hoddinott, Skoufias y Washburn (2000), «The impact of PROGRESA on consumption», IFPRI; Behrman y Hoddinott (2005), Oxford Bulletin of Economics and Statistics 67(4):547-569; Skoufias, evaluaciones asociadas		ninguna corrida con <payload_id> (u0mf --calc: no aplica)	ASTRA5-U1	Registrar el reporte IFPRI (Hoddinott/Skoufias/Washburn 2000) y el artículo Oxford Bulletin (Behrman/Hoddinott 2005); cotejar +14%/+11% y el diseño de asignación aleatorizada exacto	CONC-DOC-PROGRESA-EVALUACION-1997		u0mf --busca progresa -> 0/1680; u0mf --busca oportunidades -> 0/1680; WebSearch "Behrman Hoddinott Skoufias Progresa Oportunidades evaluation consumption human capital investment" (24/sep/2026) -> confirma IFPRI 2000 y Oxford Bulletin 2005 (DOI 10.1111/j.1468-0084.2005.00131.x)	TRABAJO	Cambiaría si el reporte original no confirma +14%/+11% o si el diseño no fue efectivamente aleatorizado por localidad (contaminaría la identificación causal).
ASTRA5-U0-APUEST-022	apuestas-022		L80	«CEPAL (2016) documenta impacto "limitado y poco significativo" en movilidad ocupacional intergeneracional».	FUERTE (rige encabezado L83, mismo caso 6)	CONCLUSION-DE-ESTUDIO	(a) primaria México (organismo regional con sede en la región, evaluación de largo plazo)	que el efecto de Progresa en movilidad ocupacional intergeneracional (largo plazo) sea limitado/poco significativo según CEPAL 2016	es una síntesis del organismo (CEPAL), no se leyó el documento original en esta pasada; 'movilidad ocupacional' es un desenlace de más largo plazo y con más fuentes de confusión que el consumo/matrícula de corto plazo (apuestas-021)	hogar/individuo; movilidad ocupacional intergeneracional; México, evaluación CEPAL 2016	CEPAL (2016), informe/documento sobre programas de transferencias condicionadas en América Latina			MEDIBLE-CON-ADQUISICIÓN	EXISTENCIA-NO-COMPROBADA tras 4 consultas: WebFetch https://repositorio.cepal.org/simple-search?query=Oportunidades+movilidad+ocupacional+intergeneracional -> HTTP 404; WebFetch https://repositorio.cepal.org/discover?query=Oportunidades+movilidad+intergeneracional -> HTTP 404; WebFetch https://www.cepal.org/es/publicaciones/search?text=Oportunidades+movilidad+intergeneracional -> HTTP 404; WebFetch https://www.cepal.org/es (portada) -> confirma que el buscador de publicaciones vive en repositorio.cepal.org y en /es/publicaciones, pero sin capacidad de busqueda (WebSearch agotado) no fue posible identificar el documento de 2016. u0mf --busca cepal -> 0/1680 (no registrado en el corpus). No se comprobo en esta pasada la existencia identificada (titulo/autor/URL exactos) del documento CEPAL 2016 sobre Progresa/Oportunidades y movilidad ocupacional intergeneracional citado por el report; se mantiene la cita exacta como faltante.	faltante: CEPAL (2016), documento/informe sobre el impacto de Progresa/Oportunidades en movilidad ocupacional intergeneracional en America Latina, repositorio.cepal.org o www.cepal.org/es/publicaciones		ninguna corrida con <payload_id> (no aplica)	ASTRA5-U1	NO-ACCESIBLE-DESDE-SANDBOX (existencia no comprobada; no equivale a «no existe», A.4) → GEN2-ASTRA5-U5-ADQUISICION-1, con la receta forense/analisis/dominios/receta-acceso-fuentes-2026-09-24.md. Buscar con WebSearch (cuando haya presupuesto) 'CEPAL 2016 Oportunidades movilidad ocupacional intergeneracional' o navegar repositorio.cepal.org/es/publicaciones filtrando por año 2016 y palabras clave 'Progresa', 'Oportunidades', 'movilidad ocupacional'	CONC-DOC-CEPAL-PROGRESA-2016		no se consulto web para este componente en esta pasada (priorizado el estudio experimental principal) [primer paso]; segunda pasada 2026-09-24: u0mf --busca cepal -> 0/1680; WebFetch https://repositorio.cepal.org/simple-search?query=Oportunidades+movilidad+ocupacional+intergeneracional -> HTTP 404; WebFetch https://repositorio.cepal.org/discover?query=Oportunidades+movilidad+intergeneracional -> HTTP 404; WebFetch https://www.cepal.org/es/publicaciones/search?text=Oportunidades+movilidad+intergeneracional -> HTTP 404; WebFetch https://www.cepal.org/es -> confirma ubicacion general del buscador, sin resultado especifico	TRABAJO	Cambiaría si el documento CEPAL muestra un efecto significativo en movilidad ocupacional intergeneracional.
ASTRA5-U0-APUEST-023	apuestas-023		L82	Veredicto Caso 6 (interpretación): «El horizonte de planeación sigue la estabilidad del ingreso: al estabilizar ingreso, cambia la conducta».	FUERTE	INTERPRETACION-DEL-REPORT	(a) primaria México	que el mecanismo detrás del efecto de Progresa sea un cambio en el «horizonte de planeación» de los hogares (constructo psicológico de expectativas/horizonte temporal)	el diseño experimental de Progresa (apuestas-021) identifica el EFECTO de las transferencias sobre consumo/matrícula, pero NINGÚN instrumento recorrido pregunta directamente por 'horizonte de planeación' como expectativa subjetiva; es una interpretación mecanística que va más allá de lo que el RCT mide	hogar; expectativas/horizonte temporal; sin instrumento propio identificado	no identificado			NO-MEDIBLE-POR-DISEÑO	el constructo «horizonte de planeación» (expectativa subjetiva de largo plazo) no fue preguntado por Progresa ni por ningún instrumento recorrido en este lote; u0busca -q "horizonte de planeacion|horizonte temporal" -> ver conteo en log; no se identificó instrumento tras este recorrido; no equivale a imposibilidad universal. El efecto observable (consumo, matrícula) SÍ está en apuestas-021.			ninguna corrida con <payload_id> (no aplica)	ASTRA5-U1	Buscar módulo de expectativas/horizonte de planeación financiera en ENIF (Encuesta de Competencias Financieras Banxico podría tener preguntas de planeación a futuro)	CONC-DOC-HORIZONTE-PLANEACION		ver busquedas.log ("horizonte de planeacion")	TRABAJO	Cambiaría si una encuesta de expectativas (p. ej. Encuesta de Competencias Financieras Banxico) mostrara que el horizonte de planeación declarado no cambia con la estabilidad de ingreso recibida vía transferencias.
ASTRA5-U0-APUEST-024	apuestas-024	CAND-329d8c81-L192;TIER-329d8c81-L92;APUESTAS-CASO-07	L85-L91;L192	Etiquetado frontal (octágonos, NOM-051, oct-2020): INSP reporta 74% de apoyo (85% entre padres/madres), 79% comprende los sellos; estudio con 9,000+ adultos/jóvenes (2020-2021) reporta ~45% de adultos y ~39% de jóvenes redujeron compra de productos no saludables; ~56% de productos reformulados (dato auto-reportado por la industria).	MEDIA	CIFRA-PUBLICADA	(a) primaria México (INSP, estudio nacional); reformulación es AUTO-REPORTADA por la industria	apoyo/comprensión de los octágonos y reducción de compra autodeclarada, en el estudio INSP 2020-2021 con 9,000+ personas	el WebSearch de este lote confirmó que el INSP SÍ publica investigación activa sobre etiquetado frontal (INSP.mx, estudio con Universidad de Waterloo con 4,057 adultos: 83% consideró fácil el sistema chileno, 89% apoyaría política; otro análisis reporta 8/10 adultos consideran relevante al menos un sello) pero NO se confirmó el documento único con exactamente 74%/85%/79%/9000+ citado por el report: pueden ser estudios INSP distintos con metodologías distintas — cotejo pendiente	persona; apoyo/comprensión/compra autodeclarada de productos con octágonos; México, 2020-2021	INSP, estudio(s) de evaluación de etiquetado frontal 2020-2021 (no identificado con precisión en esta pasada); ENSANUT 2024 módulo «etiquetado» (instrumento adyacente, ver apuestas-025)			MEDIBLE-CON-ADQUISICIÓN	INSP como institución y su línea de investigación en etiquetado frontal quedan confirmados (codigof.mx, facebook.com/INSP.MX, saludpublica.mx), pero el documento ESPECÍFICO con 74%/85%/79%/9000+ no se aisló: el WebSearch devolvió cifras de otro estudio (83%/89%, n=4,057, con U. Waterloo) — se declara la discrepancia como residual. No registrado en manifiesto (u0mf --busca insp --busca etiquet -> 13/1680, son cuestionarios ENSANUT 2024, no el estudio INSP 2020-21).	faltante: INSP, estudio(s) de evaluación de etiquetado frontal 2020-2021 (no identificado con precisión en esta pasada); ENSANUT 2024 módulo «etiquetado» (instrumento adyacente, ver apuestas-025)		ninguna corrida con <payload_id> (u0mf --calc: no aplica)	ASTRA5-MESA-SALUD	Localizar el estudio INSP 2020-2021 exacto (9,000+ adultos/jóvenes) citado por el report y cotejar 74%/85%/79%/45%/39% contra el estudio de Waterloo (83%/89%, n=4,057) para determinar si son el mismo estudio o dos distintos	CONC-DOC-INSP-ETIQUETADO-2020		u0mf --busca insp --busca etiquet -> 13/1680; u0mf --busca etiquetado -> 5/1680; u0mf --busca octagon -> 0/1680; u0mf --busca respyn -> 0/1680; WebSearch "INSP 2020 2021 etiquetado frontal octágonos apoyo comprensión 9000 adultos jóvenes estudio" (24/sep/2026) -> INSP tiene líneas activas de investigación con cifras distintas (83%/89%, n=4057; 8/10 adultos)	SALUD	Cambiaría si el estudio INSP exacto no confirma 74%/79%/45%/39%, o si las cifras de Waterloo (83%/89%) resultan ser la fuente real detrás de una cita mal atribuida en el report.
ASTRA5-U0-APUEST-025	apuestas-025		L85-L91	Instrumento adyacente hallado por U0: ENSANUT 2024 incluye un módulo «etiquetado» (cuestionario propio) sobre el sistema de octágonos, registrado en el manifiesto — no es el estudio INSP 2020-21 citado por el report, pero mide el mismo constructo en la ola vigente.	NO-EXPLÍCITO (instrumento adicional hallado por U0)	CIFRA-PUBLICADA	(a) primaria México (ENSANUT, INSP/Secretaría de Salud)	apoyo/comprensión/uso declarado del etiquetado frontal en la población general, ola ENSANUT 2024	Es una ola distinta (2024, no 2020-2021) del mismo constructo; no permite cotejar directamente las cifras del Caso 7 (que son de 2020-2021, año de implementacion). Ademas, la extraccion de texto del PDF (columnas) impide asignar con certeza absoluta el codigo de variable exacto a cada pregunta citada; el texto de la pregunta si es literal y esta verificado.	persona; módulo etiquetado; México, ENSANUT 2024	ENSANUT 2024, módulo «etiquetado» (cuestionario propio, no el TMODULO general)	etiquetado_ensanut2924_w_cuestionarios__v2026_09_01|843fcc9b831f3a88cd390b88e6f44839b1af6be1bf8568c35f0975abb4e69f14|s/f (PDF de cuestionario, no procesado por u0pdf en esta pasada)	(1) exposicion/comprension, p.2: << 4. ¿Me puede decir si ha visto estos sellos? Si=1 / No=2 / No sabe=3 / No responde=4 >> (el rotulo 'eti03' impreso junto a la pregunta anterior por el diseno en columnas del PDF; codigo exacto de ESTA pregunta -probablemente ETI04- por confirmar contra el diccionario). (2) apoyo, p.3: << 5c. ¿Esta usted de acuerdo con que los alimentos y bebidas tengan el etiquetado frontal de alimentos de advertencia? Muy de acuerdo=1 / De acuerdo=2 / Ni de acuerdo ni en desacuerdo=3 / ... >> (rotulo impreso 'eti05b'; codigo exacto por confirmar). (3) uso, p.10-11: << 21. ¿Usted utiliza los sellos de 'exceso' para decidir la compra de alimentos empacados y bebidas embotelladas? Si=1 / No=2 / No esta haciendo las compras=3 / No sabe=4 / No responde=5 >> (rotulo 'eti21'). Fuente: etiquetado_ensanut2924_w_cuestionarios__v2026_09_01|843fcc9b831f3a88cd390b88e6f44839b1af6be1bf8568c35f0975abb4e69f14|paginas 2,3,10-11. Los codigos de variable no se afirman con certeza absoluta porque la extraccion de texto del PDF mezcla columnas (el rotulo de variable de una pregunta aparece pegado al final de la pregunta anterior); el TEXTO de la pregunta si es literal y verificado con u0pdf.	MEDIBLE-EN-CORPUS	Corrige el defecto de validacion (faltaba texto literal): se extrajo con u0pdf el texto de tres reactivos del cuestionario del modulo etiquetado ENSANUT 2024 (etiquetado_ensanut2924_w_cuestionarios__v2026_09_01, sha256 843fcc9b831f3a88cd390b88e6f44839b1af6be1bf8568c35f0975abb4e69f14, raiz descargas_mx) que cubren exposicion/comprension, apoyo y uso del etiquetado, el mismo componente que el Caso 7 del report (apoyo/comprension/uso). El dato tiene payload_id real en el manifiesto (etiquetado_ensanut2924_w_csv_csv__v2026_09_01), no reservado.	etiquetado_ensanut2924_w_csv_csv__v2026_09_01|1544b18768b2d12ba107625fa7a1ab3c0930694213d35a02ef31dff4f07376c3|raíz descargas_mx; U0 no abrió microdato		ninguna corrida con <payload_id> (u0mf --calc etiquetado_ensanut2924_w_csv_csv__v2026_09_01: 0)	ASTRA5-MESA-SALUD	Confirmar contra el diccionario de datos o el layout original del PDF los codigos exactos de las variables citadas (ETI04/ETI05C/ETI21 aproximados) y extraer las distribuciones de respuesta si se autoriza abrir el dato	CONC-ENSANUT2024-ETIQUETADO		u0mf --busca insp --busca etiquet -> 13/1680 (incluye 5 archivos del modulo etiquetado ENSANUT 2024-v2026-09-01) [primer paso]; segunda pasada 2026-09-24: u0mf --id etiquetado_ensanut2924_w_cuestionarios__v2026_09_01 -> confirma payload_id/sha256/raiz; u0pdf --idsub ensanut -q 'etiquetado|octagono|sello' --limite 20 -> 30 coincidencias (mostrando 20), paginas 1-12; u0pdf --id etiquetado_ensanut2924_w_cuestionarios__v2026_09_01 -q 'ha visto estos sellos' --contexto 400 -> 1 coincidencia p.2; -q 'de acuerdo con que los alimentos' --contexto 400 -> 1 coincidencia p.3; -q 'sellos de exceso para decidir' -> 0 coincidencias (texto de uso confirmado via la busqueda 'etiquetado|octagono|sello' en p.10-11, reactivo eti21)	SALUD	Cambiaría si el módulo, leído, no incluye preguntas de apoyo/comprensión comparables a las del estudio INSP 2020-2021.
ASTRA5-U0-APUEST-026	apuestas-026		L91	Veredicto Caso 7: «supuesto MAYORMENTE CORRECTO pero heterogéneo por segmento —confirma la disciplina anti-esencialista (el efecto varía por escolaridad y género)».	MEDIA	INTERPRETACION-DEL-REPORT	(a) primaria México	que el efecto del etiquetado frontal sobre la decisión de compra varíe por escolaridad y género (heterogeneidad), y que en conjunto el supuesto (advertencias cambian compra) sea mayormente correcto	el propio report declara «Aislabilidad: MEDIA (pandemia coincidente, reformulación industrial simultánea)» — es decir, CONFUNDIDO por diseño; es un pre-post sin grupo de control (todo México recibió el etiquetado a la vez), no un experimento	persona; decisión de compra; México, 2020-2021, sin grupo de control	no aplica (interpretación causal sobre apuestas-024/025)			NO-MEDIBLE-POR-DISEÑO	el propio report declara la variable CONFUNDIDA (pandemia + reformulación industrial simultáneas, rollout nacional sin grupo de control); la heterogeneidad por escolaridad/género es un patrón descriptivo (no en las unidades cubiertas por este lote, ver apuestas-024) mientras que el veredicto CAUSAL (advertencias => cambio de compra) no tiene diseño identificador propio; no se identificó instrumento con grupo de control tras este recorrido; no equivale a imposibilidad universal.			ninguna corrida con <payload_id> (no aplica)	ASTRA5-MESA-SALUD	Buscar la revisión sistemática PRISMA (RESPYN) citada en el módulo de auditoría del report (L235) para ver si aporta diseño cuasi-experimental (p. ej. comparación con países sin etiquetado en la misma ventana)	CONC-DOC-ETIQUETADO-VEREDICTO		ver apuestas-024/025; u0mf --busca respyn -> 0/1680	SALUD	Cambiaría si un diseño cuasi-experimental (p. ej. comparación con un país similar sin etiquetado, mismo periodo) mostrara un efecto de magnitud comparable, aislando pandemia y reformulación.
ASTRA5-U0-APUEST-027	apuestas-027	TIER-329d8c81-L101;APUESTAS-CASO-08	L94-L98	DiDi entra a México (2018) con pago en efectivo; «DiDi alcanzó liderazgo en varias zonas; junto con Uber ~56% de participación». Uber también debió habilitar el pago en efectivo.	MEDIA	CIFRA-PUBLICADA	(c) marco/dato de mercado sin fuente primaria identificada (DiDi es empresa china; Uber estadounidense, ambas operando en México)	participación de mercado conjunta de DiDi+Uber en apps de movilidad en México (~56%)	no se identificó la fuente primaria de la cifra de participación de mercado (¿AMVO, consultora, comunicado de empresa?) en esta pasada; no está en el manifiesto	viaje/usuario de app de movilidad; México, sin fecha de corte precisa	no identificado en esta pasada			MEDIBLE-CON-ADQUISICIÓN	EXISTENCIA-NO-COMPROBADA tras 2 consultas: u0mf --busca didi -> 0/1680 (no registrado en el corpus); WebFetch https://www.amvo.org.mx/estudios/ -> AMVO confirma que su catalogo de estudios cubre eCommerce, no participacion de mercado de apps de movilidad (DiDi/Uber). No se identifico en esta pasada el documento primario (comunicado de DiDi, Uber, o estudio de consultora) con la cifra ~56% de participacion conjunta.	faltante: comunicado o estudio (DiDi, Uber, AMVO, o consultora de movilidad) con la cifra de participacion de mercado conjunta DiDi+Uber (~56%) en apps de movilidad en Mexico y su fecha de corte		ninguna corrida con <payload_id> (no aplica)	ASTRA5-U4	NO-ACCESIBLE-DESDE-SANDBOX (existencia no comprobada; no equivale a «no existe», A.4) → GEN2-ASTRA5-U5-ADQUISICION-1, con la receta forense/analisis/dominios/receta-acceso-fuentes-2026-09-24.md. Buscar con WebSearch (cuando haya presupuesto) un estudio de participacion de mercado de apps de movilidad en Mexico (DiDi/Uber), o el comunicado de prensa propio de cualquiera de las dos empresas con esa cifra	CONC-DOC-DIDI-UBER-PARTICIPACION		u0mf --busca didi -> 0/1680 [primer paso]; segunda pasada 2026-09-24: WebFetch https://www.amvo.org.mx/estudios/ -> sin estudio de participacion de mercado de movilidad (DiDi/Uber); AMVO cubre solo eCommerce	MOVILIDAD	Cambiaría si el documento primario reporta una participación de mercado sustancialmente distinta a 56% o no distingue DiDi de Uber.
ASTRA5-U0-APUEST-028	apuestas-028		L100	Veredicto Caso 8: «supuesto CORRECTO. Confirma dominio del efectivo aun en apps».	MEDIA	INTERPRETACION-DEL-REPORT	(c) marco/dato de mercado	que la opción de pago en efectivo haya sido decisiva en la adopción de DiDi frente a Uber	el propio report declara «Aislabilidad: CONFUNDIDO (subsidios, comisiones, timing de tropiezos de imagen de Uber)»; es interpretación de un caso único sin panel que aísle la variable efectivo de subsidios/comisiones	usuario; elección de app de movilidad; sin panel propio	no aplica (interpretación)			NO-MEDIBLE-POR-DISEÑO	interpretación de un caso único explícitamente CONFUNDIDO por el propio report (subsidios, comisiones, timing); no se identificó instrumento (panel de elección de canal de pago en apps de movilidad) tras este recorrido; no equivale a imposibilidad universal.			ninguna corrida con <payload_id> (no aplica)	ASTRA5-U4	Ninguna operación propia; residual en apuestas-027	CONC-DOC-DIDI-VEREDICTO		ver apuestas-027	MOVILIDAD	Cambiaría si un experimento o panel mostrara que usuarios sin acceso a tarjeta de crédito NO prefieren la app con opción de efectivo, controlando por subsidio.
ASTRA5-U0-APUEST-029	apuestas-029	TIER-329d8c81-L112;APUESTAS-CASO-09;APUESTAS-PAR-02	L105-L111	CoDi (Banxico, sep-2019): a seis años (sep-2025) «21.8 millones de cuentas validadas y ~17.8 millones de transacciones acumuladas en toda su historia; solo 3.09 millones de cuentas realizaron al menos una transacción (NTT Data, oct-2025); monto acumulado 16,720 mdp, ticket promedio ~875 pesos; BBVA concentra ~59-78% de las validaciones».	MEDIA	CIFRA-PUBLICADA	(a) primaria México (Banxico, serie regulatoria oficial) mezclada con estimaciones de consultora privada (NTT Data)	cuentas CoDi validadas y transacciones acumuladas, según la serie oficial de Banxico (SIE CF881-CF885 y el informe anual sobre infraestructuras de los medios de pago)	el instrumento oficial (Banxico SIE, informe anual IdMF) SÍ está en el manifiesto y se leyó texto literal sobre CoDi, pero el corte exacto citado por el report (sep-2025, 21.8M) es POSTERIOR al informe anual 2024 registrado (que cubre hasta dic-2024); la cifra de 3.09M de cuentas con ≥1 transacción y el ~62% de transacciones en efectivo provienen de NTT Data (consultora privada, no la serie oficial) — se tratan como cotejo residual, no como el instrumento primario	cuenta/transacción CoDi; nacional; sep-2019 a sep-2025 (acumulado)	Banxico, Informe anual sobre las infraestructuras de los mercados financieros (IdMF) 2024; Banxico SIE cuadros CF881 (cuentas validadas), CF882 (cuentas con pago/cobro), CF884 (operaciones), CF885 (monto), CF883 (dispositivos enrolados)	banxico_informe_anual_idmf_2024|c164b91183402c0728f9799bf4c6889706c71158b45c40546b28a07ab2c78d6f|p.9,11,16-18	Cita literal (u0pdf, p.11): «codi presento una disminucion en sus operaciones mensuales a partir de junio... la adopcion en numero de transferencias se ha centrado en los usuarios finales, principalmente por comercios, servicios financieros, quienes realizaron 5,337 millon[es]...» (texto de página aplanado, sin acentos por el extractor); cifra exacta de "5,337 millones" corresponde a 2024 y no fue cotejada contra la de sep-2025 (21.8M cuentas) citada por el report	MEDIBLE-EN-CORPUS	el instrumento regulatorio oficial (Banxico SIE CF881-885 e informe anual IdMF) tiene payload_id real en manifiesto y no reservado; se citó texto LITERAL de u0pdf (banxico_informe_anual_idmf_2024, p.11 y p.17-18) que confirma que Banxico sí publica series de cuentas/operaciones/monto de CoDi; el corte exacto de sep-2025 (21.8M, coincidente con el citado por el report) NO se extrajo en esta pasada porque el informe registrado llega a dic-2024 y los cuadros SIE (HTML con datos tabulares) no se abrieron por completo — declarado como «códigos/cifra por extraer» de banxico_sie_cf881_cuentas_validadas.	banxico_informe_anual_idmf_2024|c164b91183402c0728f9799bf4c6889706c71158b45c40546b28a07ab2c78d6f|raíz data_raw; banxico_sie_cf881_cuentas_validadas|1debc7f3cc65edde5ef8c48544c03bf7dd6244a836dd19ad299c138e25fc3f55|raíz data_raw; U0 no abrió microdato		ninguna corrida con <payload_id> (u0mf --calc banxico_informe_anual_idmf_2024: 0; u0mf --calc banxico_sie_cf881_cuentas_validadas: 0)	ASTRA5-U4	Extraer de banxico_sie_cf881_cuentas_validadas (tabla HTML SIE) el valor de sep-2025 (21.8M cuentas validadas) y de CF884/CF885 las transacciones/monto acumulado; cotejar contra NTT Data (residual) y contra el informe anual IdMF 2025 (aún no registrado)	CONC-DOC-CODI-BANXICO-SERIE		u0mf --busca codi -> ver CATALOGO; u0mf --busca banxico --busca sie --busca cf88 -> 9/1680 (CF881-885, informe anual idmf); u0pdf --id banxico_informe_anual_idmf_2024 -q "efectivo" -q "CoDi" -> 52 y 47 coincidencias	DINERO	Cambiaría si la tabla SIE CF881 de sep-2025 no confirma 21.8M de cuentas validadas, o si el desglose por banco no confirma la concentración BBVA 59-78%.
ASTRA5-U0-APUEST-030	apuestas-030		L109	«NTT Data estima ~62% de las transacciones en efectivo en 2025 y la ENIF citada en prensa reporta ~85% en 2024 (frente a ~90% en 2021)»; cifras en tensión reportadas explícitamente por el propio report (L252).	MEDIA	CIFRA-PUBLICADA	mixta (NTT Data es consultora privada; ENIF es encuesta oficial, pero citada aquí «en prensa», no directamente)	proporcion de personas (unidad persona) que declaran el efectivo como la forma de pago que utilizan con mas frecuencia en sus compras (ENIF 2021 P7_1_1/P7_1_2, ENIF 2024 P7_1_1/P7_1_2); no es directamente comparable al % de transacciones agregadas que estima NTT Data (unidad transaccion, 2025), que queda como cotejo residual	por regla del lote, las calificadoras/consultoras (NTT Data) y la prensa son cotejo RESIDUAL frente a la serie regulatoria oficial; la cifra ENIF (~85%/~90%) debe leerse directamente de ENIF, no vía prensa, para ser EN-CORPUS	persona; forma de pago mas frecuente declarada en compras de <=500 y >=501 pesos (P7_1_1/P7_1_2); nacional; ENIF 2021 y 2024	ENIF 2021 y 2024, modulo TMODULO seccion 7 'Pagos', variables P7_1_1 y P7_1_2	enif2021_cuestionario_pdf|2fe495a58f2eae73aa3f583d2859de3aa062c4d925453cb6522939c1fea81e16|paginas 19-20; enif2024_cuestionario_pdf|32e37cc13da38691dee20fbffcef3637aeb87b8dac194e64f83bebed8b57ef8b|paginas 20-21; diccionario enif2021_fd_zip|6f4e3aab705ddb6910607be15aa711eca56ef5060dcc60bc941d201ef3079457|miembro=enif_2021_estructura_del_archivo.pdf;pagina=33; enif2024_fd_xlsx|17e2ad86ce9e4fd5783ee54e9b51ee436b934e002d5736b82094070c74a25db2|hoja=TMODULO;fila=907(P7_1_1)/fila=910(P7_1_2)	ENIF2021 P7_1_1/P7_1_2: << 7.1 (ENTREGUE LA TARJETA) ¿Que forma de pago utiliza con mas frecuencia cuando realiza... compras de 500 pesos o menos? / ...compras de 501 pesos o mas? >> -tarjeta de opciones (p.19-20) incluye 'efectivo' entre las categorias junto con transferencia electronica/app celular y tarjeta de debito o credito (uso fisico); el codigo numerico exacto de 'efectivo' no se cita con certeza porque la extraccion de texto del PDF mezcla dos columnas de opciones en la misma linea (por confirmar contra la maqueta original o el archivo de estructura p.33). ENIF2024 P7_1_1/P7_1_2: << 7.1 Le voy a dar esta tarjeta (ENTREGUE LA TARJETA 5). ¿Que forma de pago utiliza con mas frecuencia cuando realiza... compras de 500 pesos o menos? / ...compras de 501 pesos o mas? >> -misma tarjeta de opciones (p.20-21) con 'efectivo' como categoria; codigo exacto por confirmar del mismo modo.	MEDIBLE-EN-CORPUS	Corrige el defecto de validacion: acotando la busqueda a 'forma de pago' (en vez de 'efectivo' desnudo) se localizo el reactivo exacto de medio de pago habitual en ENIF 2021 y 2024, modulo TMODULO, seccion 7 'Pagos': variables P7_1_1 (compras de 500 pesos o menos) y P7_1_2 (compras de 501 pesos o mas), con 'efectivo' como una de las categorias de respuesta de la tarjeta mostrada al entrevistado (confirmado en el cuestionario impreso, ENIF2021 p.19-20 y ENIF2024 p.20-21). El componente es la proporcion de PERSONAS (unidad persona, autorreporte) que declaran usar efectivo como forma de pago mas frecuente -distinto del % de TRANSACCIONES agregadas que estima NTT Data (unidad transaccion), que queda como cotejo residual de otra unidad, tal como indico el supervisor. Los payload_id de ENIF 2021 y 2024 son reales y no estan reservados.	enif2021_csv|0f314fa3733b4b5519486ed4015fca1c9e0864840bcd5944aa7de27796fe5cd9|raiz data_raw; enif2024_csv|a3507b4038888247f565f1640a718ef552bb8fc363378e3372a5bf2796bb2e4c|raiz data_raw; U0 no abrio microdato		RESULT de otro componente: CALC-DIN-AHORRO-SOLO-INFORMAL-EMISIONES-0001, CALC-DIN-CREDITO-K2-BANCARIA-HISTORIA-0002 (ahorro/credito informal, no forma de pago) -sin contraste directo con P7_1_1/P7_1_2 (u0mf --calc enif2021_csv: 16 corridas; --calc enif2024_csv: 12 corridas, ninguna sobre medio de pago)	ASTRA5-U4	Confirmar el codigo numerico exacto de la categoria 'efectivo' en P7_1_1/P7_1_2 contra el archivo de estructura (enif2021_fd_zip p.33) o el diccionario enif2024_fd_xlsx, y calcular la proporcion de personas que responde 'efectivo' (ENIF 2021 y 2024) para cotejar contra el ~85%/~90% citado via prensa y el ~62% de NTT Data	CONC-ENIF2021-P7_1_1;CONC-ENIF2021-P7_1_2;CONC-ENIF2024-P7_1_1;CONC-ENIF2024-P7_1_2		u0busca -q 'efectivo' --encuesta enif --limite 15 -> ver busquedas.log (demasiados aciertos genericos) [primer paso]; segunda pasada 2026-09-24: u0busca -q 'medio de pago' --encuesta enif -> 0 aciertos; u0busca -q 'forma de pago' --encuesta enif --limite 20 -> 20 aciertos (P7_1_1/P7_1_2 en ENIF 2015/2018/2021/2024); u0busca -q 'pago en efectivo' --encuesta enif -> 0 aciertos; u0pdf --idsub enif -q 'forma de pago utiliza con' --contexto 500 --limite 10 -> 4 coincidencias (cuestionarios enif2018/2021/2024/2015); u0pdf --id enif2024_cuestionario_pdf -q 'transferencia electronica o aplicacion' --contexto 900 -> 6 coincidencias p.20-21; u0pdf --id enif2021_cuestionario_pdf -q 'transferencia electronica' --contexto 900 -> 5 coincidencias p.19-20; u0mf --calc enif2021_csv -> 16 corridas; u0mf --calc enif2024_csv -> 12 corridas (ninguna de forma de pago)	DINERO	Cambiaría si el reactivo ENIF exacto muestra un % de uso de efectivo sustancialmente distinto a 85%/90%, o si NTT Data corrige su estimación de 62%.
ASTRA5-U0-APUEST-031	apuestas-031		L111	Veredicto Caso 9: «supuesto INCORRECTO por esencialismo (trató a México como bloque bancarizado). Rompe "utilidad basta": aquí faltó utilidad marginal frente al efectivo/SPEI y sobró fricción».	MEDIA	INTERPRETACION-DEL-REPORT	(a) primaria México	que el fracaso de adopción de CoDi se deba a un diseño que asumió un usuario bancarizado (esencialismo) y a falta de utilidad marginal frente al efectivo/SPEI	el propio report declara «CONFUNDIDO por estructura (no obligatoriedad para bancos, dependencia de internet, informalidad, miedo al SAT, prepago)»; es interpretación de un caso único de política pública, sin contrafactual de un CoDi con diseño distinto	persona/comercio; adopción de CoDi; sin contrafactual propio	no aplica (interpretación); ver apuestas-029/030 para componentes descriptivos y ENIF conocimiento/uso CoDi (apuestas-032)			NO-MEDIBLE-POR-DISEÑO	interpretación de un caso único de política pública, explícitamente CONFUNDIDO por el propio report; no se identificó instrumento con diseño contrafactual (p. ej. comparación con otro país o con una versión de CoDi con obligatoriedad bancaria) tras este recorrido; no equivale a imposibilidad universal. Componentes descriptivos en apuestas-029/030/032.			ninguna corrida con <payload_id> (no aplica)	ASTRA5-U4	Ninguna operación propia; residual en apuestas-029/030/032	CONC-DOC-CODI-VEREDICTO		ver apuestas-029/030/032	DINERO	Cambiaría si un país con diseño de QR-pago similar pero obligatoriedad bancaria mostrara adopción alta, aislando la variable de diseño institucional.
ASTRA5-U0-APUEST-032	apuestas-032		L105-L111	Instrumento poblacional hallado por U0: ENIF 2021 y 2024, P7_2/p7_2_1 «¿Conoce o ha escuchado del Cobro digital o CoDi?»; ENIF 2024 P7_3_1 «¿Ha utilizado Cobro Digital o CoDi para realizar sus pagos?» — mide conocimiento y uso de CoDi a nivel poblacional, con universo propio distinto al de las cuentas validadas de Banxico.	NO-EXPLÍCITO (instrumento adicional hallado por U0)	CIFRA-PUBLICADA	(a) primaria México (ENIF, INEGI/CNBV/Banxico/SHCP)	proporción de personas 18+ que conocen y que han usado CoDi para pagar (autorreporte), distinta de las cuentas validadas por Banxico (apuestas-029)	es autorreporte de conocimiento/uso, no de monto o frecuencia; universo=persona elegida del hogar, no cuenta bancaria; permite complementar pero no sustituir la serie de Banxico	persona 18+, elegida en el hogar; nacional; ENIF 2021 y 2024	ENIF 2021 y 2024, módulo 7 (TMODULO), variables P7_2/p7_2_1 y p7_3_1	enif2024_cuestionario_pdf|32e37cc13da38691dee20fbffcef3637aeb87b8dac194e64f83bebed8b57ef8b|preguntas 7.2 y 7.3 (P7_2, P7_3_1)	ENIF 2021/2024 P7_2 «7.2 ¿Conoce o ha escuchado del Cobro digital o CoDi?»; ENIF 2024 p7_3_1 «7.3 ¿Ha utilizado Cobro Digital o CoDi para realizar sus pagos?» (texto literal de u0busca); códigos por extraer de enif2024_fd_xlsx TMODULO filas 913 y 915	MEDIBLE-EN-CORPUS	pregunta/variable en instrumento con payload_id real en manifiesto (enif2021_csv, enif2024_csv), no reservada; texto literal citado de u0busca; universo declarado (persona 18+, ENIF 2021/2024); códigos por extraer de enif2024_fd_xlsx TMODULO filas 913/915 y de enif_2021_estructura_del_archivo.pdf página 33 (documento PDF registrado, no procesado por u0pdf en esta pasada).	enif2024_csv|a3507b4038888247f565f1640a718ef552bb8fc363378e3372a5bf2796bb2e4c|raíz data_raw; enif2021_csv|0f314fa3733b4b5519486ed4015fca1c9e0864840bcd5944aa7de27796fe5cd9|raíz data_raw; U0 no abrió microdato		ninguna corrida con <payload_id> (u0mf --calc enif2024_csv: 0; u0mf --calc enif2021_csv: 0)	ASTRA5-U4	Extraer con u0pdf el cuestionario ENIF 2021 (p.33) y el FD 2024 (fila 913/915) para los códigos de respuesta exactos de conocimiento/uso de CoDi, y compararlos entre 2021 y 2024 (evolución poblacional del conocimiento)	CONC-ENIF-CODI-CONOCIMIENTO-USO		u0busca -q "codi" --encuesta enif --limite 15 -> aciertos incluyen ENIF 2021 P7_2 y ENIF 2024 p7_2_1/p7_3_1 (ver busquedas.log para el conteo completo)	DINERO	Cambiaría (acotaría) el Caso 9 si el % de conocimiento/uso de CoDi en ENIF creció de 2021 a 2024 en proporción similar a la adopción de otros medios digitales, sugiriendo que la barrera no era el diseño sino el tiempo de maduración.
ASTRA5-U0-APUEST-033	apuestas-033	TIER-329d8c81-L121;APUESTAS-CASO-10	L114-L120	Tecate «Es fácil ser hombre» (2012) / «Somos Bax» (2015, con Sylvester Stallone): campañas de Cervecería Cuauhtémoc Moctezuma que exaltan la masculinidad; petición en Change.org y presión social forzaron el retiro; viraje posterior a posicionamiento anti-violencia de género.	ILUSTRATIVO (sin métrica de venta; riesgo retrospectivo, declarado por el propio report)	CIFRA-PUBLICADA	(a) primaria México (Cervecería Cuauhtémoc Moctezuma/Heineken México)	existencia de las campañas, la petición en Change.org y el viraje corporativo declarado	no se verificó ningún documento primario en esta pasada (caso ILUSTRATIVO, sin métrica de venta según el propio report; se priorizó presupuesto web a casos FUERTE/MEDIA)	empresa/campaña publicitaria; sin universo poblacional propio (sin métricas de venta atribuibles, según el report)	no identificado en esta pasada			MEDIBLE-CON-ADQUISICIÓN	EXISTENCIA-NO-COMPROBADA tras 2 consultas: WebFetch https://www.heinekenmexico.com/sala-de-prensa -> HTTP 404; WebFetch https://www.cuauhtemocmoctezuma.com.mx/sala-de-prensa -> dominio no resuelve (getaddrinfo ENOTFOUND). u0mf --busca heineken -> 0/1680; u0mf --busca tecate -> 1/1680 pero es un archivo electoral de Baja California homonimo (ieebc_bc_2016...), sin relacion con la cerveceria (descartado). No se localizo en esta pasada un comunicado oficial de Heineken Mexico/Cuauhtemoc Moctezuma sobre el viraje de posicionamiento de Tecate ni el registro de la peticion en Change.org.	faltante: comunicado oficial de Heineken Mexico/Cuauhtemoc Moctezuma sobre el retiro de las campañas 'Es facil ser hombre'/'Somos Bax' y el viraje a posicionamiento anti-violencia de genero; registro de la peticion en Change.org		ninguna corrida con <payload_id> (no aplica)	ASTRA5-MESA-DINERO	NO-ACCESIBLE-DESDE-SANDBOX (existencia no comprobada; no equivale a «no existe», A.4) → GEN2-ASTRA5-U5-ADQUISICION-1, con la receta forense/analisis/dominios/receta-acceso-fuentes-2026-09-24.md. Buscar con WebSearch (cuando haya presupuesto) el sitio oficial vigente de Heineken Mexico o Cuauhtemoc Moctezuma y su sala de prensa, o el registro directo de la peticion en change.org	CONC-DOC-TECATE-VIRAJE		no se consulto manifiesto ni web para este componente en esta pasada (caso ILUSTRATIVO, presupuesto priorizado) [primer paso]; segunda pasada 2026-09-24: u0mf --busca heineken -> 0/1680; u0mf --busca tecate -> 1/1680 (homonimo electoral BC, descartado); WebFetch https://www.heinekenmexico.com/sala-de-prensa -> HTTP 404; WebFetch https://www.cuauhtemocmoctezuma.com.mx/sala-de-prensa -> dominio no resuelve	CONSUMO	No aplica falsador obligatorio (ILUSTRATIVO); para volverlo medible, un diseño que compare ventas antes/después del viraje, controlando por estacionalidad y competencia, lo permitiría.
ASTRA5-U0-APUEST-034	apuestas-034		L118-L120	Veredicto Caso 10: «supuesto PARCIALMENTE INCORRECTO: el macho como palanca funcionó con un subsegmento pero generó pasivo reputacional creciente; la marca recalibró». ROTO/recalibrado por el viraje de Tecate (L205).	ILUSTRATIVO	INTERPRETACION-DEL-REPORT	(a) primaria México	que la masculinidad como palanca publicitaria haya funcionado parcialmente y luego generado pasivo reputacional forzando el retiro	el propio report declara «Aislabilidad: INDETERMINADO (sin métricas públicas de venta atribuibles). El viraje corporativo es la evidencia más fuerte»; es decir, es post-hoc por diseño propio, sin ninguna métrica dura	consumidor; sin universo ni métrica de venta	no aplica (interpretación explícitamente INDETERMINADA por el propio report)			NO-MEDIBLE-POR-DISEÑO	el propio report clasifica el caso como INDETERMINADO por falta de métricas de venta; sin instrumento de ventas ni de actitud pareado a la exposición de la campaña; no se identificó instrumento tras este recorrido; no equivale a imposibilidad universal.			ninguna corrida con <payload_id> (no aplica)	ASTRA5-MESA-DINERO	Ninguna operación propia; residual en apuestas-033	CONC-DOC-TECATE-VEREDICTO		ver apuestas-033	CONSUMO	No aplica falsador obligatorio (ILUSTRATIVO); una serie de ventas trimestral de la marca alrededor del viraje, con grupo de comparación de otra cerveza sin viraje, lo permitiría.
ASTRA5-U0-APUEST-035	apuestas-035	TIER-329d8c81-L130;APUESTAS-CASO-11	L123-L129	Jüsto (Ricardo Weder, 2019): súper en línea sin tiendas físicas; levantó 300M+ USD acumulados; solo 35% de internautas compran súper en línea (2023); cierre en México en diciembre de 2025, rescate por Grupo OMNi/General Atlantic en 2026; la empresa lo atribuyó a «factores financieros, operativos y estratégicos».	ILUSTRATIVO	CIFRA-PUBLICADA	(a) primaria México (empresa mexicana con capital internacional)	capital levantado, % de internautas que compran súper en línea (2023), fecha de cierre y rescate declarados	no se verificó ningún documento primario en esta pasada (caso ILUSTRATIVO); no está en el manifiesto (u0mf --busca jüsto -> 0/1680; u0mf --busca justo -> 0/1680)	empresa/consumidor; compra de súper en línea; México, 2019-2026	no identificado en esta pasada			MEDIBLE-CON-ADQUISICIÓN	EXISTENCIA-NO-COMPROBADA tras 2 consultas: WebFetch https://www.generalatlantic.com/media/ -> se leyeron los comunicados de prensa de General Atlantic hasta sep-2026, sin ninguna mencion de Justo; WebFetch https://www.justo.mx -> HTTP 403 (el dominio existe pero el acceso fue bloqueado, no se pudo leer contenido). No se comprobo en esta pasada la existencia de un comunicado oficial de Justo/Grupo OMNi/General Atlantic sobre el cierre (dic-2025) y el rescate (2026), ni la fuente del 35% de internautas que compran super en linea.	faltante: comunicado oficial de Justo, Grupo OMNi o General Atlantic sobre el cierre (dic-2025) y rescate (2026); fuente del dato '35% de internautas compran super en linea (2023)' (posible AMVO/ENDUTIH)		ninguna corrida con <payload_id> (no aplica)	ASTRA5-U4	NO-ACCESIBLE-DESDE-SANDBOX (existencia no comprobada; no equivale a «no existe», A.4) → GEN2-ASTRA5-U5-ADQUISICION-1, con la receta forense/analisis/dominios/receta-acceso-fuentes-2026-09-24.md. Buscar con WebSearch (cuando haya presupuesto) el comunicado de Justo/Grupo OMNi sobre el rescate 2026, y verificar si el 35% de internautas que compran super en linea proviene de un estudio AMVO o de ENDUTIH	CONC-DOC-JUSTO-CIERRE		u0mf --busca jüsto -> 0/1680; u0mf --busca justo -> 0/1680 [primer paso]; segunda pasada 2026-09-24: WebFetch https://www.generalatlantic.com/media/ -> sin mencion de Justo en comunicados hasta sep-2026; WebFetch https://www.justo.mx -> HTTP 403 (dominio activo, acceso bloqueado)	CONSUMO	No aplica falsador obligatorio (ILUSTRATIVO); cambiaría si el comunicado de rescate no confirma 'factores financieros, operativos y estratégicos' como causa declarada, o si el 35% proviene de una encuesta no representativa.
ASTRA5-U0-APUEST-036	apuestas-036		L129	Veredicto Caso 11: «mezcla de error de segmentación (esencialismo) y fracaso estructural. Es más un fracaso "aburrido" que conductual».	ILUSTRATIVO	INTERPRETACION-DEL-REPORT	(a) primaria México	que el fracaso de Jüsto en México se deba principalmente a causas estructurales/financieras y solo secundariamente a un error de segmentación (esencialismo del consumidor digital)	el propio report declara «Aislabilidad: CONFUNDIDO/estructural: la causa dominante fue disciplina financiera y rentabilidad, no psicología del consumidor»; sin contrafactual de una versión de Jüsto con mejor segmentación	empresa; decisión de segmentación y estructura financiera; sin universo poblacional propio	no aplica (interpretación)			NO-MEDIBLE-POR-DISEÑO	interpretación de un caso único, explícitamente CONFUNDIDO/estructural por el propio report; no se identificó instrumento tras este recorrido; no equivale a imposibilidad universal. Componente descriptivo en apuestas-035.			ninguna corrida con <payload_id> (no aplica)	ASTRA5-U4	Ninguna operación propia; residual en apuestas-035	CONC-DOC-JUSTO-VEREDICTO		ver apuestas-035	CONSUMO	No aplica falsador obligatorio (ILUSTRATIVO); un análisis financiero forense público de Jüsto que separe el efecto de segmentación del efecto de estructura de capital lo permitiría.
ASTRA5-U0-APUEST-037	apuestas-037	CAND-329d8c81-L140;APUESTAS-CASO-12	L134-L139	Cobertura de BCG cayó de 91% (2017-18) a 77% (2019) y 57% (2020); cobertura de esquema completo antes del primer año cayó a 45.6% en 2021-2023 (ENSANUT Continua, Salud Pública de México vol.66 no.4, 2024). Entre 2012 y 2021, 6+ millones de niños quedaron sin vacunar por desabasto.	FUERTE	CIFRA-PUBLICADA	(a) primaria México (ENSANUT Continua, revista académica oficial mexicana con DOI)	cobertura de BCG por año (91%/77%/57%) y cobertura de esquema completo antes del primer año 2021-2023 (45.6%), y el acumulado de 6+ millones de niños sin vacunar 2012-2021	se confirmó la revista/volumen/número (Salud Pública de México, vol.66 no.4, jul-ago 2024, número monográfico «Recomendaciones de política pública. Ensanut Continua 2020-2023») y un artículo específico de vacunación con DOI (10.21149/15793, «Vacunación en menores de cinco años»), pero ese artículo reporta cobertura BCG de 86.5% — cifra que NO coincide con el 57%/91%/77% citado por el report para años específicos; puede tratarse de definiciones o cortes distintos (cobertura acumulada vs. por año de nacimiento) — cotejo pendiente	niño menor de 5 años; esquema de vacunación; nacional; ENSANUT Continua 2020-2023	ENSANUT Continua 2021-2023; artículo «Vacunación en menores de cinco años», Salud Pública de México 66(4), 2024, DOI 10.21149/15793			MEDIBLE-CON-ADQUISICIÓN	documento primario identificado y existencia confirmada por WebSearch (24/sep/2026): saludpublica.mx/index.php/spm/issue/view/551 (número completo) y doi.org/10.21149/15793 (artículo «Vacunación en menores de cinco años»); PDF también disponible en ensanut.insp.mx/.../15793-Texto%20del%20articulo-82489-3-10-20240821.pdf. NO registrado en el manifiesto de este corpus (u0mf --busca 15793 -> 0/1680; u0mf --busca saludpublica -> 0/1680). La cifra 86.5% de BCG hallada en el snippet difiere de 57%/91%/77% del report — declarado como discrepancia a resolver leyendo el artículo completo.	faltante: ENSANUT Continua 2021-2023; artículo «Vacunación en menores de cinco años», Salud Pública de México 66(4), 2024, DOI 10.21149/15793		ninguna corrida con <payload_id> (u0mf --calc: no aplica)	ASTRA5-MESA-SALUD	Registrar el artículo DOI 10.21149/15793 y el número monográfico de Salud Pública de México 66(4) 2024; cotejar 91%/77%/57%/45.6% contra el 86.5% hallado, verificando si son cortes distintos (por año de nacimiento vs. por año calendario, o BCG vs. esquema completo)	CONC-DOC-ENSANUT-VACUNACION-2024		u0mf --busca ensanut --busca vacun -> 7/1680 (cuestionarios ENSANUT 2024, no el artículo); u0mf --busca 15793 -> 0/1680; WebSearch «"Salud Pública de México" 2024 vol 66 no 4 ENSANUT Continua cobertura vacunación BCG esquema completo» (24/sep/2026) -> confirma DOI 10.21149/15793 y el número monográfico	SALUD	Cambiaría si el artículo completo no confirma la caída de BCG a 57% en 2020 ni el 45.6% de esquema completo 2021-2023, o si esas cifras corresponden a un universo distinto (p. ej. solo zonas rurales) del declarado por el report como nacional.
ASTRA5-U0-APUEST-038	apuestas-038		L137	«La caída de BCG se atribuye específicamente a "la falta de estrategia para conseguir otro proveedor tras inhabilitar a la única empresa con permisos, Laboratorios Imperiales Pharma", más recortes presupuestales, ruptura con proveedores, pérdida de autosuficiencia desde 1998 y la pandemia».	FUERTE (rige encabezado L140, mismo caso 12)	NORMA-O-ACTO-DOCUMENTAL	(a) primaria México (hecho administrativo/regulatorio: inhabilitación de proveedor farmacéutico)	que Laboratorios Imperiales Pharma haya sido inhabilitada como única proveedora autorizada de BCG y que no se haya sustituido a tiempo	es un hecho administrativo (documentable vía COFEPRIS/Secretaría de Salud/compras públicas), no una atribución psicológica; no se verificó el documento/acto administrativo exacto de inhabilitación en esta pasada (fuera de presupuesto web)	proveedor farmacéutico/acto administrativo; nacional; ventana no precisada (previa a 2019)	COFEPRIS (registro sanitario/inhabilitación de proveedores) o Secretaría de Salud (licitaciones/compras consolidadas de biológicos)			MEDIBLE-CON-ADQUISICIÓN	EXISTENCIA-NO-COMPROBADA tras 3 consultas: WebFetch https://www.gob.mx/busqueda?site=cofepris&q=Laboratorios+Imperiales+Pharma -> portal general de gob.mx sin resultado; WebFetch https://www.gob.mx/cofepris -> identifica que COFEPRIS mantiene una seccion de 'Resoluciones y sanciones' y una 'plataforma de proveedores irregulares de medicamentos' (el tipo de instrumento correcto para este hecho administrativo), pero sin exponer un buscador puntual desde esta vista; WebFetch https://www.gob.mx/cofepris/articulos -> HTTP 404. No se localizo en esta pasada el acto/resolucion especifico de inhabilitacion de 'Laboratorios Imperiales Pharma'; se identifica el tipo de instrumento (base de resoluciones/sanciones COFEPRIS) pero no el documento puntual.	faltante: resolucion o acto administrativo de COFEPRIS que inhabilita a Laboratorios Imperiales Pharma como proveedor de BCG (buscar en la base de 'Resoluciones y sanciones' de COFEPRIS, gob.mx/cofepris), o la licitacion/compra consolidada de BCG fallida subsecuente (Secretaria de Salud/compras publicas)		ninguna corrida con <payload_id> (no aplica)	ASTRA5-MESA-SALUD	NO-ACCESIBLE-DESDE-SANDBOX (existencia no comprobada; no equivale a «no existe», A.4) → GEN2-ASTRA5-U5-ADQUISICION-1, con la receta forense/analisis/dominios/receta-acceso-fuentes-2026-09-24.md. Con presupuesto de WebSearch, localizar la resolucion/sancion especifica en la base de COFEPRIS o en CompraNet/DOF sobre Laboratorios Imperiales Pharma y BCG	CONC-DOC-IMPERIALES-PHARMA-BCG		no se consulto manifiesto ni web para este componente en esta pasada [primer paso]; segunda pasada 2026-09-24: u0mf --busca cofepris -> 0/1680; u0mf --busca 'imperiales pharma' -> 0/1680; WebFetch https://www.gob.mx/busqueda?site=cofepris&q=Laboratorios+Imperiales+Pharma -> sin resultado especifico; WebFetch https://www.gob.mx/cofepris -> identifica seccion 'Resoluciones y sanciones' sin resultado puntual; WebFetch https://www.gob.mx/cofepris/articulos -> HTTP 404	SALUD	Cambiaría si no existe un acto de inhabilitación documentado, o si la caída de cobertura coincide temporalmente con otra causa administrativa distinta (p. ej. recorte presupuestal sin relación al proveedor).
ASTRA5-U0-APUEST-039	apuestas-039		L136-L139	Veredicto Caso 12: «FALSO [que fue antivacunas]... La estructura decidió» — «CONFIRMA "la caída de vacunación es estructural, no antivacunas"». [FUERTE]	FUERTE	CONCLUSION-DE-ESTUDIO	(a) primaria México	que la caída de cobertura se explique por desabasto/estructura y NO por rechazo cultural parental (comparación implícita de dos hipótesis)	es la comparación de DOS hipótesis (estructura vs. cultura) hecha por descarte narrativo: el report documenta bien la hipótesis estructural (apuestas-037/038) pero ningún instrumento recorrido mide directamente 'rechazo cultural/antivacunas' en la MISMA cohorte para poder compararlas cuantitativamente (ver apuestas-005, donde se buscó y no se halló instrumento de razón de no vacunación)	hogar/niño; motivo de no vacunación; sin instrumento pareado de actitud	no aplica (comparación de hipótesis); ver apuestas-005 para la búsqueda de instrumento de actitud			NO-MEDIBLE-POR-DISEÑO	es DEDUP parcial de apuestas-005 (misma comparación estructura-vs-cultura, ya dictaminada NO-MEDIBLE-POR-DISEÑO por ausencia de instrumento de actitud parental pareado); componentes descriptivos en apuestas-037/038.			ninguna corrida con <payload_id> (no aplica)	ASTRA5-MESA-SALUD	Ver apuestas-005	CONC-DOC-VACUNAS-ESTRUCTURA		ver apuestas-005/037/038	SALUD	Cambiaría si una encuesta nacional pareada mostrara que el rechazo parental declarado explica la mayoría de los casos de esquema incompleto en la misma cohorte y periodo (mismo falsador que apuestas-005).
ASTRA5-U0-APUEST-040	apuestas-040	CAND-329d8c81-L148;APUESTAS-CASO-13	L142-L146	Nissan discontinúa el Tsuru en mayo de 2017 tras 2.4 millones de unidades; vendía 14,352 unidades en 5 meses de 2017 (9º lugar nacional); la causa fue la NOM-194 (bolsas de aire y ABS obligatorios); Airton Cousseau (Nissan) declaró que el Tsuru «no tiene la estructura adecuada para instalar airbags»; Latin NCAP lo vinculó con 4,000+ muertes (2007-2012).	FUERTE	NORMA-O-ACTO-DOCUMENTAL	(a) primaria México (norma oficial mexicana, publicada en el Diario Oficial de la Federación)	que la NOM-194-SCFI-2015 haya exigido bolsas de aire y ABS de forma obligatoria y que esa exigencia, no una caída de demanda, haya causado la discontinuación del Tsuru en mayo de 2017	la norma en sí es un hecho documental verificable (DOF); las 14,352 unidades vendidas en 5 meses de 2017 (9º lugar nacional) son una cifra de ventas (AMIA/INEGI, no identificada como documento primario en esta pasada); la declaración de Cousseau y el vínculo de Latin NCAP con 4,000+ muertes no se verificaron en fuente primaria en esta pasada	norma/acto regulatorio; vehículo nuevo; México, publicada 2016, vigente desde 2019 según hallazgo web	NOM-194-SCFI-2015, Diario Oficial de la Federación			MEDIBLE-CON-ADQUISICIÓN	documento primario identificado y existencia confirmada por WebSearch (24/sep/2026): dof.gob.mx/nota_detalle.php?codigo=5436325&fecha=09%2F05%2F2016, «NORMA Oficial Mexicana NOM-194-SCFI-2015, Dispositivos de seguridad esenciales en vehículos nuevos-Especificaciones de seguridad», publicada en el DOF el 09/05/2016. No registrada en manifiesto (u0mf --busca nom-194 -> 0/1680; u0mf --busca nom_194 -> 0/1680; u0mf --busca vehiculo -> 0/1680). Las cifras de ventas (14,352 unidades, 9º lugar) y la declaración de Cousseau no se cotejaron contra fuente primaria (AMIA/Nissan Mexicana) en esta pasada.	faltante: NOM-194-SCFI-2015, Diario Oficial de la Federación		ninguna corrida con <payload_id> (u0mf --calc: no aplica)	ASTRA5-MESA-DINERO	Registrar el texto completo de NOM-194-SCFI-2015 (DOF, codigo=5436325) y cotejar el requisito de bolsas de aire/ABS y su fecha de entrada en vigor; localizar la cifra de ventas AMIA/INEGI de may-2017 y la declaración de Airton Cousseau en fuente Nissan Mexicana	CONC-DOC-NOM194-TSURU		u0mf --busca nom-194 -> 0/1680; u0mf --busca nom_194 -> 0/1680; u0mf --busca vehiculo -> 0/1680; WebSearch "NOM-194-SCFI-2015 bolsas de aire ABS Nissan Tsuru DOF" (24/sep/2026) -> confirma dof.gob.mx/nota_detalle.php?codigo=5436325&fecha=09/05/2016	CONSUMO	Cambiaría si el texto de la NOM-194 no exige bolsas de aire/ABS de forma obligatoria para todos los vehículos nuevos en la fecha declarada, o si las ventas del Tsuru ya estaban en declive sostenido antes de la norma.
ASTRA5-U0-APUEST-041	apuestas-041		L146-L147	Veredicto Caso 13: «CONFIRMA "adaptación racional al entorno económico" y la primacía de la estructura regulatoria» — «la preferencia por "el auto lógico/barato" (adaptación racional) seguía viva; fue la institución la que la sobrescribió».	FUERTE	INTERPRETACION-DEL-REPORT	(a) primaria México	que la demanda del Tsuru se mantuviera viva (adaptación racional al precio) hasta el momento mismo de la discontinuación regulatoria	la cifra de ventas de 5 meses de 2017 (apuestas-040) es el único indicio de demanda sostenida citado; no hay serie completa de ventas mensuales previa a la norma que confirme ausencia de declive independiente de la regulación	comprador; demanda de vehículo económico; México, hasta may-2017	ver apuestas-040 (AMIA/INEGI ventas por modelo, no identificado con documento primario en esta pasada)			NO-MEDIBLE-POR-DISEÑO	interpretación que recombina apuestas-040 (norma+ventas parciales) en una tesis sobre 'preferencia viva' sin serie completa de ventas mensuales pre-norma que la sostenga; no se identificó instrumento (serie histórica de ventas AMIA por modelo) tras este recorrido; no equivale a imposibilidad universal.			ninguna corrida con <payload_id> (no aplica)	ASTRA5-MESA-DINERO	Localizar serie histórica de ventas AMIA/INEGI del Tsuru 2010-2017 para confirmar que la demanda no estaba ya en declive independiente de la NOM-194	CONC-DOC-TSURU-VEREDICTO		ver apuestas-040	CONSUMO	Cambiaría si la serie de ventas AMIA muestra declive sostenido del Tsuru ya desde antes de 2015-2016, independiente de la NOM-194.
ASTRA5-U0-APUEST-042	apuestas-042	CAND-329d8c81-L192;TIER-329d8c81-L157;APUESTAS-CASO-14	L150-L156;L192	Costco vs. Sam's Club: «Sam's lidera en ingresos absolutos (189,869 mdp vs 94,500 mdp de Costco)»; Costco crece en percepción y ticket; ambas operan clubes de membresía en México.	MEDIA	CIFRA-PUBLICADA	(a) primaria México / (c) matriz extranjera con filial mexicana (Walmex cotiza en BMV; Costco Wholesale cotiza en Nasdaq y reporta México dentro de sus segmentos internacionales)	ingresos de Sam's Club México (189,869 mdp) y Costco México (94,500 mdp) en el mismo periodo	se confirmó que Walmex cotiza en BMV (ticker WALMEX) y que Walmart Inc./Costco Wholesale presentan reportes 10-K/10-Q ante la SEC (sec.gov), pero NO se confirmó la cifra exacta 189,869/94,500 mdp ni si corresponden al mismo trimestre/año fiscal (Walmex reporta en pesos mexicanos por trimestre calendario; Costco Wholesale reporta en USD por año fiscal terminado en agosto/septiembre, lo que puede generar un desfase de periodo no controlado por el report)	empresa/formato de tienda; ingresos; México, periodo no precisado por el report	Walmex, informe trimestral/anual (BMV: WALMEX); Costco Wholesale, 10-K/10-Q (SEC, Nasdaq: COST)			MEDIBLE-CON-ADQUISICIÓN	documentos primarios identificables por WebSearch (24/sep/2026): Walmart Inc. Form 10-K/10-Q en sec.gov (ej. sec.gov/Archives/edgar/data/104169/...) y Walmex cotiza en BMV; Costco Wholesale reporta separadamente en SEC/Nasdaq. No se confirmó la cifra exacta 189,869/94,500 mdp ni la comparabilidad de periodo fiscal (riesgo señalado como límite). No registrado en manifiesto (u0mf --busca walmex -> 0/1680; u0mf --busca costco -> 0/1680; u0mf --busca bmv -> 0/1680).	faltante: Walmex, informe trimestral/anual (BMV: WALMEX); Costco Wholesale, 10-K/10-Q (SEC, Nasdaq: COST)		ninguna corrida con <payload_id> (u0mf --calc: no aplica)	ASTRA5-MESA-DINERO	Localizar el informe Walmex (Sam's Club México) y el 10-K de Costco Wholesale (segmento México/internacional) del MISMO periodo fiscal, y verificar si 189,869/94,500 mdp son comparables (misma moneda, mismo corte)	CONC-DOC-COSTCO-SAMS-INGRESOS		u0mf --busca walmex -> 0/1680; u0mf --busca costco -> 0/1680; u0mf --busca bmv -> 0/1680; WebSearch "Costco México ventas 2025 Walmex Sam's Club México ventas anuales BMV disclosure mdp" (24/sep/2026) -> confirma Walmex en BMV y Walmart Inc./Costco en SEC, sin cifra exacta cotejada	CONSUMO	Cambiaría si los informes oficiales muestran que 189,869/94,500 mdp no son del mismo periodo fiscal, o si el ingreso real difiere sustancialmente de esas cifras.
ASTRA5-U0-APUEST-043	apuestas-043	APUESTAS-PAR-03	L184-L185	PAR 3 — Costco vs. Sam's: «mismo formato de membresía, distinto supuesto de marca. Aislar la marca del descuento (Costco) construye fidelidad aspiracional; atarla a la cadena masiva (Sam's/Walmart) maximiza volumen pero no devoción. MATIZA "masstige/premium accesible funciona" en el segmento A/B/C+».	MEDIA (L157, L192)	CONCLUSION-DE-ESTUDIO	(a)/(c) mixta (empresas con matriz extranjera operando en México)	que el aislamiento de marca del descuento (Costco) genere más fidelidad/devoción que la asociación a la cadena masiva (Sam's/Walmart), en el segmento A/B/C+	es interpretación de un par de empresas (no contrafactual pareado con asignación aleatoria); el propio report declara «Aislabilidad: CONFUNDIDO (surtido, importados, marca propia, ubicación)»; 'fidelidad emocional' no se mide con ningún instrumento recorrido (no hay encuesta de lealtad de marca por formato en el corpus)	consumidor A/B/C+; lealtad de marca por formato de membresía; sin instrumento propio	no identificado (ningún panel de lealtad de marca por formato en el corpus)			NO-MEDIBLE-POR-DISEÑO	atribución causal de un par narrativo (Costco vs. Sam's) sin contrafactual ni diseño de identificación; explícitamente CONFUNDIDO por el propio report; u0mf --busca costco --busca lealtad -> ver conteo en log; no se identificó instrumento tras este recorrido; no equivale a imposibilidad universal. Componente descriptivo (ingresos) en apuestas-042.			ninguna corrida con <payload_id> (no aplica)	ASTRA5-MESA-DINERO	Buscar encuesta de lealtad/NPS por formato de membresía en México (AMAI, consultoras) pareada con NSE A/B/C+	CONC-DOC-COSTCO-SAMS-PAR3		ver apuestas-042	CONSUMO	Cambiaría si una encuesta de lealtad de marca por formato mostrara que la asociación con la cadena masiva (Sam's/Walmart) genera igual o mayor devoción que Costco, controlando por NSE.
ASTRA5-U0-APUEST-044	apuestas-044	TIER-329d8c81-L165;APUESTAS-CASO-15	L159-L164	Kavak (2016): digitaliza compraventa de autos usados en un mercado con ~90% de transacciones informales; llegó a valuación de 8,700 mdd; 218 quejas en Profeco en 2025, «autos cangrejo», garantías incumplidas; la valuación cayó 74.7% a 2,200 mdd.	ILUSTRATIVO	CIFRA-PUBLICADA	(a) primaria México (Profeco es autoridad de consumo mexicana; valuación es dato de rondas de inversión privadas)	número de quejas Profeco 2025 (218) y caída de valuación (74.7%, de 8,700 a 2,200 mdd)	no se verificó ningún documento primario (Profeco, ronda de inversión) en esta pasada (caso ILUSTRATIVO); Profeco no está en el manifiesto (u0mf --busca profeco -> 0/1680); ni Kavak (u0mf --busca kavak -> 0/1680)	consumidor; queja Profeco; México, 2025	Profeco (registro de quejas) — no identificado documento exacto en esta pasada			MEDIBLE-CON-ADQUISICIÓN	EXISTENCIA-NO-COMPROBADA tras 2 consultas: WebFetch https://www.profeco.gob.mx/ -> redirige (302) a https://www.gob.mx/profeco; WebFetch https://www.gob.mx/profeco -> confirma seccion 'Prensa' referenciada en la navegacion pero sin URL funcional ni buscador expuesto, sin mencion de Kavak ni de las 218 quejas. No se localizo en esta pasada el informe/boletin de Profeco con el conteo de quejas contra Kavak en 2025, ni el comunicado de la ronda de inversion con la valuacion de 2,200 mdd.	faltante: informe/boletin de Profeco con el conteo de quejas contra Kavak en 2025 (218), y comunicado de la ronda de inversion (Kavak/inversionistas) con la valuacion de 2,200 mdd		ninguna corrida con <payload_id> (no aplica)	ASTRA5-MESA-DINERO	NO-ACCESIBLE-DESDE-SANDBOX (existencia no comprobada; no equivale a «no existe», A.4) → GEN2-ASTRA5-U5-ADQUISICION-1, con la receta forense/analisis/dominios/receta-acceso-fuentes-2026-09-24.md. Con presupuesto de WebSearch, localizar el boletin de prensa de Profeco (seccion 'Comunicados y alertas' o el Sistema de Quejas) con el conteo de quejas contra Kavak en 2025, y el comunicado de la ronda de inversion que reporta la valuacion de 2,200 mdd	CONC-DOC-KAVAK-PROFECO		u0mf --busca profeco -> 0/1680; u0mf --busca kavak -> 0/1680 [primer paso]; segunda pasada 2026-09-24: WebFetch https://www.profeco.gob.mx/ -> redirige a https://www.gob.mx/profeco (302); WebFetch https://www.gob.mx/profeco -> seccion Prensa sin URL funcional, sin mencion de Kavak	CONSUMO	No aplica falsador obligatorio (ILUSTRATIVO); cambiaría si Profeco no confirma 218 quejas o si la valuación de 2,200 mdd no se confirma en una fuente de inversión primaria.
ASTRA5-U0-APUEST-045	apuestas-045		L163-L164	Veredicto Caso 15: «el supuesto de "aversión a la incertidumbre" era CORRECTO; el fracaso fue operativo. Ilustra separar variable psicológica de ejecución».	ILUSTRATIVO	INTERPRETACION-DEL-REPORT	(a) primaria México	que la demanda inicial de Kavak confirme aversión a la incertidumbre en el comprador de autos usados, y que el fracaso posterior sea atribuible a ejecución (no al supuesto psicológico)	el propio report declara «Aislabilidad: CONFUNDIDO: el desenlace lo decidió la ejecución operativa y el entorno de tasas, no el supuesto conductual»; sin panel de compradores que mida directamente aversión a la incertidumbre y su relación con el crecimiento inicial	comprador de auto usado; aversión a la incertidumbre; sin instrumento propio	no identificado			NO-MEDIBLE-POR-DISEÑO	interpretación de un caso único, explícitamente CONFUNDIDO por el propio report (ejecución + entorno de tasas); no se identificó instrumento de aversión a la incertidumbre en compra de autos usados tras este recorrido; no equivale a imposibilidad universal.			ninguna corrida con <payload_id> (no aplica)	ASTRA5-MESA-DINERO	Ninguna operación propia; residual en apuestas-044	CONC-DOC-KAVAK-VEREDICTO		ver apuestas-044	CONSUMO	No aplica falsador obligatorio (ILUSTRATIVO); una encuesta de intención de compra que mida aversión a la incertidumbre y prima dispuesta a pagar por garantía, pareada con ejecución del servicio, lo permitiría.
ASTRA5-U0-APUEST-046	apuestas-046	TIER-329d8c81-L173;APUESTAS-CASO-16	L167-L172	«Susana Distancia» (Secretaría de Salud, marzo 2020): superheroína para promover distanciamiento; «INDETERMINADO. Hay análisis de la difusión en redes... pero los propios investigadores aclaran que NO evalúan la efectividad epidemiológica real».	ILUSTRATIVO	NORMA-O-ACTO-DOCUMENTAL	(a) primaria México (Secretaría de Salud)	existencia de la campaña «Susana Distancia» (marzo 2020) y de análisis de difusión en redes que explícitamente NO miden efectividad epidemiológica	no se verificó ningún documento primario (comunicado de la Secretaría de Salud, estudio de difusión en redes) en esta pasada (caso ILUSTRATIVO, el propio report ya lo declara «no probatorio» e «INDETERMINADO»)	población general; exposición a la campaña; México, marzo 2020	no identificado en esta pasada			MEDIBLE-CON-ADQUISICIÓN	EXISTENCIA-NO-COMPROBADA tras 3 consultas: WebFetch https://www.gob.mx/salud/prensa -> HTTP 404; WebFetch https://www.gob.mx/salud -> confirma que existe una seccion 'Comunicados' en la navegacion principal, pero sin exponer el listado ni un buscador puntual desde esa vista; WebFetch https://www.gob.mx/salud/articulos -> HTTP 404. No se localizo en esta pasada el comunicado oficial de lanzamiento de la campaña 'Susana Distancia' (marzo 2020) ni el estudio de difusion en redes citado por el report (autores no identificados en el texto).	faltante: comunicado oficial de la Secretaria de Salud sobre el lanzamiento de 'Susana Distancia' (marzo 2020); estudio de difusion en redes sociales citado por el report (autores no identificados en el texto)		ninguna corrida con <payload_id> (no aplica)	ASTRA5-MESA-SALUD	NO-ACCESIBLE-DESDE-SANDBOX (existencia no comprobada; no equivale a «no existe», A.4) → GEN2-ASTRA5-U5-ADQUISICION-1, con la receta forense/analisis/dominios/receta-acceso-fuentes-2026-09-24.md. Con presupuesto de WebSearch, localizar en gob.mx/salud/prensa (o el archivo historico de comunicados de marzo 2020) el lanzamiento oficial de 'Susana Distancia', y el estudio academico de difusion en redes que el report cita sin nombrar autores	CONC-DOC-SUSANA-DISTANCIA		no se consulto manifiesto ni web para este componente en esta pasada (caso ILUSTRATIVO/INDETERMINADO, presupuesto priorizado) [primer paso]; segunda pasada 2026-09-24: u0mf --busca 'susana distancia' -> 0/1680; WebFetch https://www.gob.mx/salud/prensa -> HTTP 404; WebFetch https://www.gob.mx/salud -> identifica seccion 'Comunicados' sin listado accesible; WebFetch https://www.gob.mx/salud/articulos -> HTTP 404	SALUD	No aplica falsador obligatorio (ILUSTRATIVO); un estudio de movilidad real (datos de telefonía/Google Mobility) pareado con la exposición a la campaña en el mismo periodo lo permitiría.
ASTRA5-U0-APUEST-047	apuestas-047		L172	Veredicto Caso 16: «no probatorio. Se registra como ilustrativo del "autócrata benévolo" en comunicación pública».	ILUSTRATIVO	INTERPRETACION-DEL-REPORT	(a) primaria México	que un personaje amable/lúdico comunique mejor la norma sanitaria que la orden autoritaria	el propio report lo declara explícitamente 'no probatorio' e 'INDETERMINADO. No hay métrica conductual limpia'	sin universo (el propio report declara ausencia de métrica)	no aplica			NO-MEDIBLE-POR-DISEÑO	el propio report declara el caso no probatorio e indeterminado, sin métrica conductual; no se identificó instrumento tras este recorrido; no equivale a imposibilidad universal.			ninguna corrida con <payload_id> (no aplica)	ASTRA5-MESA-SALUD	Ninguna operación propia; residual en apuestas-046	CONC-DOC-SUSANA-VEREDICTO		ver apuestas-046	SALUD	No aplica falsador obligatorio (ILUSTRATIVO/INDETERMINADO, así declarado por el propio report).
ASTRA5-U0-APUEST-048	apuestas-048	APUESTAS-PAR-01	L177-L179	PAR 1 (NBER Working Paper 33208, Chioda/Gertler/Higgins/Medina, rev. 2025, datos RappiCard México/JV Banorte-Rappi, solicitantes sin historial de buró): «los datos de huella digital aportan 0.124 al AUC y los datos de transacciones digitales aportan 0.026… omitir el no-hit score y el historial crediticio limitado, o las características socioeconómicas a nivel de sección censal, produce reducciones menores de AUC de 0.006 y 0.001».	FUERTE	CIFRA-PUBLICADA	mixta (dato transaccional de empresa mexicana -RappiCard, JV Banorte-Rappi-; análisis académico de autores internacionales publicado por NBER, EE.UU.)	contribución marginal al AUC (poder predictivo de impago) de cada fuente de datos alternativos (huella digital, transacciones, historial limitado, características censales) para solicitantes de crédito sin historial de buró	es un modelo predictivo sobre una sola cartera (RappiCard México), no un experimento que asigne aleatoriamente el tipo de dato usado; el propio PAR-1 lo declara: «no existe... un caso limpio de un modelo tipo-EE.UU. que haya FRACASADO y forzado retirada; la evidencia es sobre todo de ÉXITO-por-datos-alternativos» (advertencia explícita del report)	solicitante de crédito sin historial de buró; RappiCard México (JV Banorte-Rappi); ventana de datos del paper (rev. 2025)	NBER Working Paper 33208 (rev.1), Chioda, Gertler, Higgins, Medina	nber_w33208_fintech_lending_no_credit_history|8090cfb5ca806e99729bdb76f46405189970d00bd1c9e8b83207f8dd2fb6a625|p.4,23,45	Cita literal (u0pdf, p.4): «the digital footprints data contribute 0.124 to the auc and the digital transactions data contribute 0.026»; (p.23): «limited credit history or census tract-level socioeconomic characteristics lead to smaller auc reductions of 0.006 and 0.001, respectively»; (p.45, Tabla): AUC completo 0.796; sin huella digital 0.672 (reducción 0.124); sin transacciones 0.770 (reducción 0.026)	MEDIBLE-EN-CORPUS	documento con payload_id real en manifiesto (nber_w33208_fintech_lending_no_credit_history), no reservado; texto LITERAL citado de u0pdf (páginas 4, 23 y 45) que reproduce exactamente las cuatro cifras del report (0.124, 0.026, 0.006, 0.001); universo declarado (solicitantes RappiCard México sin historial de buró). Confirma con precisión bit-a-bit la cita del report.	nber_w33208_fintech_lending_no_credit_history|8090cfb5ca806e99729bdb76f46405189970d00bd1c9e8b83207f8dd2fb6a625|raíz data_raw; U0 no abrió microdato (PDF de working paper, no microdato de persona)		ninguna corrida con <payload_id> (u0mf --calc nber_w33208_fintech_lending_no_credit_history: 0)	ASTRA5-MESA-DINERO	Ninguna adquisición pendiente (ya EN-CORPUS); posible RESULT propio si algún acto ASTRA5 quiere adoptar la cifra 0.124/0.026/0.006/0.001 como referencia	CONC-DOC-NBER33208-RAPPICARD		u0mf --busca nber -> 1/1680; u0pdf --id nber_w33208_fintech_lending_no_credit_history -q "0.124" -q "digital footprint" -q "AUC" -> 3, 16 y 140 coincidencias respectivamente, todas consistentes con la cita del report	DINERO	Cambiaría si una réplica del modelo con otra cartera (no RappiCard) mostrara que el historial de buró limitado, no la huella digital, es la fuente dominante de poder predictivo.
ASTRA5-U0-APUEST-049	apuestas-049		L177-L179	Veredicto PAR-1: «ROMPE decisivamente el default "credit scoring tipo EE.UU." para México». Advertencia propia del report: «no existe... un caso limpio... que haya FRACASADO...; la evidencia es sobre todo de ÉXITO-por-datos-alternativos».	FUERTE	INTERPRETACION-DEL-REPORT	mixta	que el hallazgo de poder predictivo marginal (apuestas-048) implique que el 'default' de scoring tipo EE.UU. debe romperse como política general para México	el propio report reconoce que el PAR no es un contrafactual limpio (no hay caso de modelo tipo-EE.UU. que haya fracasado documentado); es una interpretación de política a partir de un hallazgo predictivo de una sola cartera, no una comparación de dos políticas aplicadas	política crediticia; sin contrafactual propio distinto al de apuestas-048	no aplica (interpretación); ver apuestas-048			NO-MEDIBLE-POR-DISEÑO	«veredicto" que extrapola de un hallazgo predictivo bien medido (apuestas-048, EN-CORPUS) a una recomendación de política general, sin el contrafactual de fracaso que el propio report reconoce ausente («Advertencia»); componente empírico ya está en apuestas-048; DEDUP parcial con apuestas-017 (Kueski/Aplazo) y apuestas-057 (regla SI-ENTONCES a).			ninguna corrida con <payload_id> (no aplica)	ASTRA5-MESA-DINERO	Ninguna operación propia; residual en apuestas-048	CONC-DOC-PAR1-VEREDICTO		ver apuestas-048	DINERO	Cambiaría si aparece un caso documentado de modelo de scoring tipo EE.UU. que haya sido aplicado y fracasado en el segmento popular mexicano sin historial (ausente hoy, según el propio report).
ASTRA5-U0-APUEST-050	apuestas-050	TIER-329d8c81-L242	L242	Regla SI-ENTONCES (a), Etapa 1, tier FUERTE: «SI el segmento es no/sub-bancarizado informal, ENTONCES diseñar sobre efectivo + datos alternativos, no sobre buró ni sustitución del efectivo» (Azteca, OXXO, Kueski/Aplazo, Par 1 y 2). Umbral: métricas de morosidad AUDITADAS que contradigan la escala de fintech, o evaluación causal que aísle "confianza" como driver.	FUERTE	REGLA-SI-ENTONCES	mixta (recomendación que recombina Azteca, OXXO, Kueski/Aplazo, Par 1 y 2)	regla de diseño de producto (no es una conducta observable de personas, sino una recomendación operativa para diseñadores de producto financiero)	es una RECOMENDACIÓN accionable derivada de los casos ya dictaminados (apuestas-007/008 Azteca, apuestas-018/019 OXXO, apuestas-014/015 Kueski/Aplazo, apuestas-048 Par 1, apuestas-002 Par 2); no tiene un desenlace observable propio distinto al de esos casos	no aplica (recomendación de diseño, no conducta de persona/hogar/empresa observable directamente)	no aplica			NO-MEDIBLE-POR-DISEÑO	contenido normativo/recomendación sin desenlace observable propio; recombina filas ya dictaminadas (apuestas-007/008, 014/015, 018/019, 002, 048) sin agregar componente empírico nuevo; el propio report declara el umbral que la cambiaría (métricas de morosidad AUDITADAS o evaluación causal de 'confianza'), lo que confirma su naturaleza prospectiva/recomendación, no de medición actual.			ninguna corrida con <payload_id> (no aplica)	ASTRA5-MESA-DINERO	Ninguna operación propia; residual en las filas de cada caso citado	CONC-DOC-REGLA-ETAPA1-A		ver apuestas-007/008, 014/015, 018/019, 002, 048	DINERO	Para NO-MEDIBLE-POR-DISEÑO: un diseño con métricas de morosidad AUDITADAS (no auto-reportadas) que contradigan la escala de fintech, o una evaluación causal que aísle 'confianza' como driver, permitiría medirla (umbral declarado por el propio report).
ASTRA5-U0-APUEST-051	apuestas-051	TIER-329d8c81-L242	L242	Regla SI-ENTONCES (b), Etapa 1, tier FUERTE: «SI se comunica a segmentos populares, ENTONCES enmarcar el ahorro como dignidad/heroísmo, no como pobreza» (Mamá Lucha).	FUERTE	REGLA-SI-ENTONCES	(a) primaria México	regla de comunicación de marketing (recomendación, no conducta observable directa)	recombina el caso Mamá Lucha, cuyo componente causal ya está dictaminado NO-MEDIBLE-POR-DISEÑO por contradicción entre dos forenses del mismo corpus (apuestas-003); una regla FUERTE construida sobre un caso que el propio corpus disputa (NO VALIDADA en el forense aspiracional) es, como mínimo, MEDIA en la práctica	no aplica (recomendación de comunicación, no conducta directamente observable)	no aplica			NO-MEDIBLE-POR-DISEÑO	contenido normativo/recomendación sin desenlace observable propio, construida sobre apuestas-003 (Mamá Lucha), que ya está dictaminada NO-MEDIBLE-POR-DISEÑO con contradicción documentada entre dos forenses del mismo corpus (DEDUP MAMA-LUCHA-FORENSES); no se identificó instrumento (panel D/E de precio-calidad) tras este recorrido; no equivale a imposibilidad universal.			ninguna corrida con <payload_id> (no aplica)	ASTRA5-MESA-DINERO	Ninguna operación propia; residual en apuestas-003/020/021	CONC-DOC-REGLA-ETAPA1-B		ver apuestas-003/020/021	CONSUMO	Cambiaría (se degradaría a MEDIA/HIPÓTESIS explícitamente, como ya lo indica la contradicción entre forenses) si un panel D/E de compra confirma o refuta el marco dignidad/heroísmo frente a un marco neutro de precio.
ASTRA5-U0-APUEST-052	apuestas-052	TIER-329d8c81-L242	L242	Regla SI-ENTONCES (c), Etapa 1, tier FUERTE: «SI cae un indicador de salud pública, ENTONCES auditar primero abasto/logística antes de invocar "cultura"» (vacunas).	FUERTE	REGLA-SI-ENTONCES	(a) primaria México	regla de procedimiento para analistas de salud pública (recomendación metodológica, no conducta observable de personas)	recombina el Caso 12 (vacunas), cuyo componente descriptivo está en apuestas-037/038 (CON-ADQUISICIÓN) y cuyo componente comparativo estructura-vs-cultura está en apuestas-005/039 (NO-MEDIBLE-POR-DISEÑO por ausencia de instrumento de actitud parental pareado)	no aplica (recomendación metodológica)	no aplica			NO-MEDIBLE-POR-DISEÑO	contenido normativo/recomendación sin desenlace observable propio, que recombina apuestas-005/037/038/039; es una buena práctica metodológica general, no una afirmación medible sobre conducta mexicana.			ninguna corrida con <payload_id> (no aplica)	ASTRA5-MESA-SALUD	Ninguna operación propia; residual en apuestas-005/037/038/039	CONC-DOC-REGLA-ETAPA1-C		ver apuestas-005/037/038/039	SALUD	No es una afirmación sobre conducta con falsador propio; es una regla de procedimiento (recomendación metodológica).
ASTRA5-U0-APUEST-053	apuestas-053	TIER-329d8c81-L246;APUESTAS-SINT-04	L240;L246	Etapa 3 (6-12 meses), Recomendaciones: «Buscar el contra-ejemplo que rompería "utilidad > confianza": un producto de alta utilidad y baja fricción que aun así fracasó por desconfianza pura en un segmento definido. Si no se encuentra tras búsqueda deliberada, elevar la regla a tier FUERTE transversal; si se encuentra, MATIZARLA por segmento».	NO-EXPLÍCITO (recomendación prospectiva; menciona «tier FUERTE» como resultado condicional futuro, no como tier propio actual)	RECOMENDACION	no-aplica (diseño de investigación futura, sin datos)	protocolo de búsqueda deliberada de un contraejemplo, aún no ejecutado	es una propuesta de investigación prospectiva («Etapa 3, 6-12 meses»), sin ejecución ni desenlace observable en el momento del report; corresponde a la ficha de Codex APUESTAS-SINT-04 «PROPUESTA-NO-MEDIDA»	no aplica (protocolo futuro, sin ejecución)	no aplica			NO-MEDIBLE-POR-DISEÑO	es una recomendación/protocolo prospectivo, aún no ejecutado, sin desenlace observable; por diseño no puede medirse hasta que se ejecute la búsqueda deliberada que el propio report propone; no equivale a imposibilidad universal (es, por declaración propia del report, un protocolo pendiente, no una imposibilidad).			ninguna corrida con <payload_id> (no aplica)	ASTRA5-MESA-DINERO	Conservar como operación futura (protocolo prospectivo), no como afirmación medida del mapa; posible sucesor: acto que ejecute la búsqueda deliberada del contraejemplo	CONC-DOC-ETAPA3-CONTRAEJEMPLO		no aplica (protocolo prospectivo sin datos que buscar en el corpus)	DINERO	No aplica falsador de tier (recomendación prospectiva); el propio texto ES la especificación de qué la falsaría: un producto de alta utilidad/baja fricción que fracasó por desconfianza pura en un segmento definido.
ASTRA5-U0-APUEST-054	apuestas-054		L198	MATIZA: «"Confianza radial como canal de difusión (hipótesis)" — el registro NO logró aislar la recomendación de allegados como driver medible; Nu la invoca ("confianza federal") pero sin evidencia causal. Permanece HIPÓTESIS».	HIPÓTESIS (declarado así en el texto; no usa corchete [TIER] del resto del documento)	HIPOTESIS	mixta	que la recomendación boca a boca de allegados (confianza radial/interpersonal) sea un canal de difusión de adopción fintech medible	el propio report declara que NO logró aislar esta variable como driver medible; es una hipótesis abierta, no una conclusión	persona; recomendación interpersonal de producto financiero; sin instrumento identificado en esta pasada	no identificado en esta pasada (ENIF podría tener un reactivo de 'cómo se enteró/por qué eligió' un producto financiero, no buscado en esta pasada)			NO-MEDIBLE-POR-DISEÑO	el propio report ya declara que no logró aislar esta variable («Permanece HIPÓTESIS»); u0busca -q "recomendacion de un conocido|se lo recomendo|boca a boca" -> ver conteo en log; no se identificó instrumento tras este recorrido; no equivale a imposibilidad universal.			ninguna corrida con <payload_id> (no aplica)	ASTRA5-MESA-DINERO	Buscar en ENIF/ENDUTIH un reactivo de 'cómo se enteró/por qué eligió' un producto financiero digital que permita medir el canal de recomendación interpersonal	CONC-DOC-CONFIANZA-RADIAL		ver busquedas.log (recomendacion de un conocido, boca a boca)	CONFIANZA	Cambiaría (se resolvería la hipótesis) si un instrumento mostrara que la recomendación de allegados predice adopción fintech controlando por utilidad/fricción del producto.
