id_afirmacion	fila_local	unidades	localizador	texto_vigente	tier_report	clase	procedencia_evidencia	componente_contrastable	limite_inferencial	conducta_unidad_universo	instrumento_ola	documento_id_hash_pagina	pregunta_textual_codigo_respuestas	dictamen	dictamen_razon	datos_id_estado	reserva	gen2_existente	propietario_propuesto	siguiente_operacion	dedup_concepto	contrato_existente	busqueda_a13	dominio	falsador
ENLACE	transversal-001	LECTURA-2ead6a5a-19;LECTURA-2ead6a5a-32	L131-L133; L203-L205	México obtuvo 27/100 en el Índice de Percepción de Corrupción 2025 de Transparencia Internacional, ubicándose 141° de 182 países. Su puntuación de 2024 (26) fue la peor jamás registrada.	NO-EXPLÍCITO	ENLACE	(c) marco importado (agregado de percepción experta/empresarial internacional)	VER-CONTRATO ASTRA5-U0-MER-008: puntuación 27/100, cambio +1 vs 2024, posición 141/182 en la ficha primaria de Transparencia Internacional para México 2025.	VER-CONTRATO: el IPC no mide experiencia de víctimas de corrupción, corrupción comprobada ni causalidad de mérito; es percepción experta/empresarial agregada por país.	País México comparado con 182 países y territorios; no es muestra individual de mexicanos.	Transparency International, Índice de Percepción de la Corrupción 2025	SIN-ID:transparency_cpi2025_mexico.html|988f7f990613934e5344a1468544cfa6f8af21ffe2d1a16aca66ac6864434977|ficha México, captura física 23-sep-2026 (VER-CONTRATO)	No hay reactivo único de ciudadano; combinación estandarizada de al menos tres fuentes entre trece encuestas/evaluaciones de expertos y empresarios.	MEDIBLE-CON-ADQUISICIÓN	VER-CONTRATO ASTRA5-U0-MER-008: ficha primaria de México cotejada y capturada con SHA; falta id documental en main. El transversal repite exactamente la misma cifra (27/100, 141/182, 2024=26) que el contrato ya cerrado en el mapa base; no aporta cifra nueva del IPC. El residuo propio del transversal (historia de corrupción por fases, PRI 71 años, informalidad 54.8%) se trata en filas separadas (transversal-013) por ser un componente distinto (mecanismo histórico e informalidad, no el índice).	SIN-ID:transparency_cpi2025_mexico.html|988f7f990613934e5344a1468544cfa6f8af21ffe2d1a16aca66ac6864434977|captura física 23-sep-2026; sin registro en main; U0 no abrió microdato	No aplica	ninguna corrida con SIN-ID-MANIFIESTO (u0mf --calc: no aplica, sin payload_id)	ASTRA5-MESA-DOCUMENTAL / ASTRA5-U3	VER-CONTRATO: MESA-DOCUMENTAL registra referencia/licencia/SHA de captura; U3 conserva 27/100 separado de ENCIG y de la tesis causal de palancas.	CONC-DOC-TI-CPI-2025-MEXICO	ASTRA5-U0-MER-008	u0mf --busca transparency: 0 de 1680; u0mf --busca cpi: 0 de 1680 (documento del contrato MER-008 sigue sin registrar en manifiesto); buscar_lotes_transversal.py 'MER-008' -> 3 aciertos (merito-filas MER-035, MER-036 y mapa-parcial-v0_1 ASTRA5-U0-MER-008, confirmando contrato cerrado).	CONFIANZA	Cambiaría si Transparencia Internacional revisara la puntuación 2025 de México en una fe de erratas, o si se registrara el documento en manifiesto con una cifra distinta a 27/100.
ASTRA5-U0-SINT-001	transversal-002	LECTURA-2ead6a5a-04	L31-L33	México obtuvo una puntuación de rigidez de 7.2 (media de 33 naciones: 6.5) en el marco de Michele Gelfand (2011, Science). Los datos provienen de 221 participantes en Ciudad de México (media de edad 27.7).	NO-EXPLÍCITO	CIFRA-PUBLICADA	(c) marco importado	Puntuación de tightness-looseness de México en el instrumento de Gelfand et al. (2011), muestra de 221 participantes de Ciudad de México.	221 estudiantes/adultos de CDMX (media 27.7 años) no representan a México; no mide rigidez normativa de otras regiones ni grupos etarios; comparación contra Brasil/Venezuela usa otras muestras nacionales no comparables entre sí en tamaño ni método.	Persona; muestra de conveniencia de Ciudad de México, no probabilística ni nacional.	Gelfand et al. (2011), Science, material suplementario (33 naciones)	DOI:10.1126/science.1197754 (Gelfand, M.J. et al. 2011, 'Differences Between Tight and Loose Cultures: A 33-Nation Study', Science 332(6033):1100-1104; confirmado via Crossref works/10.1126/science.1197754 el 2026-09-24; documento no registrado en manifiesto, sin sha256 local)	Ficha Crossref confirma titulo, autoria, revista, volumen y paginas exactos citados por el report (Michele J. Gelfand et al., Science 332(6033), 2011). Texto completo, material suplementario y codigos de reactivos del estudio de 33 naciones pendientes de adquisicion.	MEDIBLE-CON-ADQUISICIÓN	Documento primario identificado con exactitud por Crossref (DOI 10.1126/science.1197754): Gelfand et al. (2011), Science 332(6033):1100-1104, 'Differences Between Tight and Loose Cultures: A 33-Nation Study'. La existencia e identidad del articulo queda comprobada; falta adquirirlo junto con su material suplementario para cotejar la cifra 7.2 y la submuestra n=221/edad media 27.7 de Ciudad de Mexico.	SIN-ID-MANIFIESTO; DOI 10.1126/science.1197754 confirmado por Crossref el 2026-09-24; U0 no abrio el articulo, solo la ficha bibliografica	No aplica	ninguna corrida con SIN-ID-MANIFIESTO (u0mf --calc: no aplica)	ASTRA5-MESA-INTERACCION	Adquirir Gelfand et al. (2011), Science 332(6033):1100-1104, DOI 10.1126/science.1197754, y su material suplementario; registrar en manifiesto con sha256; cotejar el valor 7.2 para Mexico y n=221 de la submuestra CDMX.	CONC-DOC-GELFAND-TIGHTNESS-2011		buscar_lotes_transversal.py 'Gelfand' -> 0 aciertos en 30 lotes; u0mf --busca gelfand -> 0 de 1680. SEGUNDA PASADA 2026-09-24: Crossref works/10.1126/science.1197754 -> confirmado (Gelfand et al. 2011, Science 332(6033):1100-1104); 1 consulta.	INTERACCION	Cambiaría si el material suplementario de Gelfand (2011) no reporta 7.2 para México, o si una réplica con muestra nacional probabilística difiere sustancialmente de la muestra de 221 de CDMX.
ASTRA5-U0-SINT-002	transversal-003	LECTURA-2ead6a5a-07	L53-L57	La tipología de síndromes activos vs. pasivos (1967) de Díaz-Guerrero describe dos estilos de afrontamiento: el pasivo (automodificación) como culturalmente dominante en México vs. el activo (modificación del entorno)... más común en poblaciones tradicionales, de bajo NSE y menos educadas.	NO-EXPLÍCITO	CONCLUSION-DE-ESTUDIO	(a) primaria México	Prevalencia del estilo de afrontamiento activo/internamente-dirigido vs. pasivo/obediente en la tipología original de Díaz-Guerrero (1967) y sus actualizaciones (Díaz-Loving et al. 2011-2017; volumen Springer 2019).	Las PHSC de Díaz-Guerrero ya están parcialmente en corpus vía otros lotes (obediencia afiliativa, abnegación); el residuo propio de esta unidad es la tipología activo/pasivo de 1967 y sus muestras/olas de actualización, no citadas aún con instrumento y n exactos.	Persona; muestras históricas de Díaz-Guerrero (décadas de 1960-70) y actualizaciones de Díaz-Loving (2011-2017), NSE y escolaridad como covariables declaradas por el propio autor.	Díaz-Guerrero (1967) tipología de síndromes; Díaz-Loving et al. (2011-2017); Springer (2019) 'Ethnopsychology: Pieces from the Mexican Research Gallery'	DOI:10.1007/978-3-030-26604-2 (Diaz-Loving, R. 2019, 'Ethnopsychology: Pieces from the Mexican Research Gallery', Springer International Publishing, serie Latin American Voices; incluye capitulo DOI:10.1007/978-3-030-26604-2_8 'Past, Present, and Future of a Mexican Ethnopsychology', pp.169-176); confirmado via Crossref el 2026-09-24. La obra original de Diaz-Guerrero (1967) es anterior al sistema DOI y no tiene identificador propio confirmable por esa via; su sintesis y actualizacion estan documentadas en este volumen Springer 2019.	Ficha Crossref confirma la existencia del volumen Springer 2019 que sintetiza la obra de Diaz-Guerrero/Diaz-Loving, con un capitulo especifico sobre la historia de la etnopsicologia mexicana. Texto exacto de la tipologia activo/pasivo de 1967 y sus muestras pendiente de lectura directa del volumen.	MEDIBLE-CON-ADQUISICIÓN	El volumen Springer (2019) 'Ethnopsychology: Pieces from the Mexican Research Gallery' de Diaz-Loving queda identificado por DOI (10.1007/978-3-030-26604-2), incluyendo un capitulo especifico sobre la historia de la etnopsicologia mexicana que cubre la obra original de Diaz-Guerrero (1967). El residuo propio de esta unidad frente a EMOC-011/FAM-019/PAREJA-040 (PHSC general, ya dedup) es la tipologia activo/pasivo especifica de 1967, cuya extraccion exacta (n, covariables NSE/escolaridad) queda pendiente de la lectura del volumen Springer.	SIN-ID-MANIFIESTO; DOI 10.1007/978-3-030-26604-2 confirmado por Crossref el 2026-09-24 para el volumen sintesis Springer 2019; el original de 1967 (pre-DOI) no se identifica por esa via	No aplica	ninguna corrida con SIN-ID-MANIFIESTO (u0mf --calc: no aplica)	ASTRA5-MESA-FAMILIA	Adquirir Diaz-Loving (2019), DOI 10.1007/978-3-030-26604-2, en particular el capitulo 'Past, Present, and Future of a Mexican Ethnopsychology' (DOI 10.1007/978-3-030-26604-2_8); cotejar contra el original de Diaz-Guerrero (1967) para extraer la tipologia activo/pasivo con n y covariables exactas, evitando doble conteo con EMOC-011/FAM-019/PAREJA-040.	CONC-DOC-DIAZGUERRERO-SINDROMES-1967		buscar_lotes_transversal.py 'sindromes activos' -> 0; 'PHSC' -> 3 (EMOC-011/FAM-019/PAREJA-040, dedup en G07); u0mf --busca diaz-guerrero -> 0 de 1680. SEGUNDA PASADA 2026-09-24: Crossref query.bibliographic 'Diaz-Loving Ethnopsychology Pieces Mexican Research Gallery Springer 2019' -> 3 aciertos, confirma DOI 10.1007/978-3-030-26604-2 y 10.1007/978-3-030-26604-2_8; 1 consulta.	SALUD_MENTAL	Cambiaría si el texto original de 1967 no sostiene la asociación NSE/escolaridad con estilo pasivo, o si las actualizaciones de Díaz-Loving reportan convergencia entre estilos por cohorte.
ASTRA5-U0-SINT-003	transversal-004	LECTURA-2ead6a5a-08	L59-L63	Paz propuso que el mexicano usa máscaras... Ramos postuló un complejo de inferioridad colectivo... Bartra: el 'carácter nacional' atribuido a los mexicanos es una construcción política y cultural, no una realidad psicológica.	NO-EXPLÍCITO	MARCO-TEORICO	no-aplica (ensayo filosófico/crítica cultural, no dato empírico)	No hay componente observable: son tesis de ensayo filosófico (Paz, Ramos) y su crítica académica (Bartra), explícitamente calificadas por el propio report como 'interpretación literario-filosófica, no evidencia empírica'.	El propio report declara que las críticas académicas a Paz y Ramos son 'esencialistas, homogeneizantes... basados en interpretación literario-filosófica, no en evidencia empírica'; no hay instrumento psicométrico que mida 'máscaras', 'soledad existencial' o 'complejo de inferioridad colectivo' como rasgos poblacionales.	No aplica (tesis ensayística sobre 'el mexicano' como categoría filosófica, no persona/hogar/universo muestreado).	Paz, El laberinto de la soledad (1950); Ramos, El perfil del hombre y la cultura en México (1934); Bartra, La jaula de la melancolía (1987)	SIN-ID-MANIFIESTO	No aplica (ensayo, no cuestionario).	NO-MEDIBLE-POR-DISEÑO	Constructo (máscaras, orfandad histórica, complejo de inferioridad, carácter nacional) que ningún instrumento recorrido en este lote ni en los 30 lotes temáticos pregunta directamente; es explícitamente crítica literario-filosófica según el propio texto, sin desenlace observable a nivel individuo. No se identificó instrumento tras este recorrido; no equivale a imposibilidad universal. Búsqueda: buscar_lotes_transversal.py 'laberinto de la soledad'/'pelado'/'jaula de la melancolía' -> 0 aciertos en 30 lotes; AUTOR-027 toca un punto tangencial (obediencia internalizada vs. cumplimiento estratégico apoyado en Bartra/Paz) pero es una afirmación distinta.	SIN-ID-MANIFIESTO; ensayo filosófico, no dato de encuesta	No aplica	ninguna corrida (marco teórico, u0mf --calc no aplica)	ASTRA5-U0	Mantener como marco debatido sin contrato de medición ficticio (ya es la recomendación del propio ficha F08 de Codex).	CONC-DOC-PAZ-RAMOS-BARTRA-MITO-NACIONAL		buscar_lotes_transversal.py 'laberinto de la soledad' -> 0; 'pelado' -> 0; 'jaula de la melancolía' -> 0; 'Bartra' -> 1 acierto (AUTOR-027, afirmación distinta sobre obediencia/cumplimiento).	CONOCIMIENTO	Ningún diseño lo mediría como rasgo poblacional; cambiaría de clase si se acotara a una tesis operacionalizable y contrastable (p. ej. un ítem validado de 'máscara social' aplicado a muestra probabilística), lo que estos textos no ofrecen.
ASTRA5-U0-SINT-004	transversal-005	LECTURA-2ead6a5a-11;LECTURA-2ead6a5a-31	L87; L199-L201	Ramírez-Esparza et al.: bilingües mexicano-americanos puntúan más bajo en simpatía en autorreportes cuando son evaluados en español, pero muestran más conductas de simpatía en interacciones conducidas en español.	NO-EXPLÍCITO	CONCLUSION-DE-ESTUDIO	(b) muestra mexicano-americana / diáspora	Discrepancia autorreporte-vs-conducta observada de simpatía según idioma de evaluación, en bilingües mexicano-americanos.	Muestra de diáspora (mexicano-americanos bilingües en EE.UU.), no residentes en México; no es evidencia directa sobre la población mexicana pese a que el report la usa para caracterizar 'la simpatía mexicana' en general.	Persona bilingüe mexicano-americana; universo de estudios de psicología social en EE.UU., no muestreo en México.	Ramírez-Esparza et al. (estudio de autorreporte y conducta observada en interacciones en español vs. inglés)	DOI:10.1177/0022022108323786 (Ramirez-Esparza, N., Gosling, S.D. & Pennebaker, J.W. 2008, 'Paradox Lost: Unraveling the Puzzle of Simpatia', Journal of Cross-Cultural Psychology 39(6); confirmado via Crossref el 2026-09-24)	Resumen Crossref coincide literalmente con la afirmacion del report: 'modesty within Simpatia accounts for these paradoxical findings by driving down scores on Hispanics self-reports'; bilingues mexicano-americanos reportan menor simpatia autoevaluada en espanol pero exhiben mas conductas de simpatia en interacciones en espanol. n y estadisticos exactos pendientes de lectura directa del articulo.	MEDIBLE-CON-ADQUISICIÓN	Documento primario identificado con exactitud por Crossref: Ramirez-Esparza, Gosling y Pennebaker (2008), Journal of Cross-Cultural Psychology 39(6), DOI 10.1177/0022022108323786. El resumen recuperado coincide literalmente con la afirmacion del report. Sigue siendo (b) diaspora/mexicano-americana, no evidencia directa sobre residentes en Mexico.	SIN-ID-MANIFIESTO; DOI 10.1177/0022022108323786 confirmado por Crossref el 2026-09-24	No aplica	ninguna corrida con SIN-ID-MANIFIESTO (u0mf --calc: no aplica)	ASTRA5-MESA-INTERACCION	Adquirir Ramirez-Esparza, Gosling y Pennebaker (2008), DOI 10.1177/0022022108323786; registrar en manifiesto con sha256; extraer n y estadisticos exactos, manteniendo el marcador (b) diaspora.	CONC-DOC-RAMIREZ-ESPARZA-SIMPATIA-BILINGUE		buscar_lotes_transversal.py 'Ramirez-Esparza' -> 0; 'bilingues' -> 0; 'Gabrielidis' -> 1 (INTER-014, distinta). SEGUNDA PASADA 2026-09-24: Crossref 'Ramirez-Esparza bilinguals sociability simpatia Spanish English' -> 429 (reintento); 'Ramirez-Esparza Paradox Lost Simpatia 2008' -> match exacto DOI 10.1177/0022022108323786; 2 consultas.	INTERACCION	Cambiaría si una réplica con población residente en México (no diáspora) no reproduce la discrepancia autorreporte/conducta por idioma.
ASTRA5-U0-SINT-005	transversal-006	LECTURA-2ead6a5a-12	L91-L93	Un estudio PMC (Rosengren et al.) encontró que niños en Puebla mantienen comprensión biológica de la muerte simultáneamente con creencias espirituales de que los muertos regresan durante el Día de Muertos. Una tesis de Portland State analizó el festival como conteniendo 'muchos componentes psicológicos independientemente efectivos'.	NO-EXPLÍCITO	CONCLUSION-DE-ESTUDIO	(a) primaria México (niños de Puebla)	Coexistencia de comprensión biológica de la muerte y creencia en el regreso espiritual de los muertos, en niños de Puebla (Rosengren et al.).	Estudio etnográfico/cualitativo de un lugar (Puebla) y una tesis de maestría (Portland State) sobre el Día de Muertos como 'procesamiento culturalmente sancionado del duelo'; esta última es interpretación cualitativa, no desenlace medido, y no se generaliza a México sin muestra ni instrumento comparables.	Niño; muestra localizada en Puebla, tamaño y edad no citados en el report.	Rosengren et al., artículo indexado en PMC; tesis de maestría, Portland State University	DOI:10.1111/cdev.13263 (Gutierrez, I.T., Menendez, D., Jiang, M.J., Hernandez, I.G., Miller, P. & Rosengren, K.S. 2020, 'Embracing Death: Mexican Parent and Child Perspectives on Death', Child Development 91(2); confirmado via Crossref el 2026-09-24, coautoria de Karl S. Rosengren). Tesis de maestria de Portland State University sobre Dia de Muertos: EXISTENCIA-NO-COMPROBADA tras 1 consulta dedicada (sin resultado en la misma busqueda combinada).	Resumen Crossref confirma estudio mixto sobre comprension biologica y afectiva de la muerte en ninos y padres mexicanos, coincidente en autoria (Rosengren) y tema (coexistencia de comprension biologica y creencias culturales) con lo citado por el report; localizacion en Puebla y pagina exactas pendientes de lectura directa del articulo (posiblemente indexado tambien en PMC por financiamiento tipico NIH).	MEDIBLE-CON-ADQUISICIÓN	El estudio de Rosengren queda identificado por Crossref bajo Gutierrez et al. (2020, Child Development, DOI 10.1111/cdev.13263), coautoria de Karl S. Rosengren, sobre comprension biologica y espiritual de la muerte en ninos y padres mexicanos -- coincide tematicamente con la cita del report. La tesis de Portland State no se localizo en esta busqueda: EXISTENCIA-NO-COMPROBADA tras 1 consulta. Su componente es interpretacion cualitativa sin desenlace medido propio.	SIN-ID-MANIFIESTO; DOI 10.1111/cdev.13263 confirmado por Crossref el 2026-09-24 para el componente Rosengren; tesis Portland State sin identificar	No aplica	ninguna corrida con SIN-ID-MANIFIESTO (u0mf --calc: no aplica)	ASTRA5-MESA-CULTURA	NO-ACCESIBLE-DESDE-SANDBOX (existencia no comprobada; no equivale a «no existe», A.4) → GEN2-ASTRA5-U5-ADQUISICION-1, con la receta forense/analisis/dominios/receta-acceso-fuentes-2026-09-24.md. Adquirir Gutierrez et al. (2020), DOI 10.1111/cdev.13263, y confirmar si corresponde al mismo estudio citado como 'PMC Rosengren et al.' con localizacion en Puebla; buscar por separado la tesis de maestria de Portland State University sobre Dia de Muertos (autor no identificado por el report).	CONC-DOC-ROSENGREN-MUERTE-INFANTIL-PUEBLA		buscar_lotes_transversal.py 'Rosengren' -> 0; 'Dia de Muertos' -> 0; 'albur' -> 2 (HUM-032/INTER-010, distinta, dedup G12). SEGUNDA PASADA 2026-09-24: Crossref 'Rosengren Metzger death concepts Mexican children ritual' -> Gutierrez et al 2020 Child Development DOI 10.1111/cdev.13263; 1 consulta. Tesis Portland State: 0 resultados en la misma busqueda combinada.	SALUD_MENTAL	Cambiaría si el artículo de Rosengren no reporta coexistencia biológica/espiritual en la muestra citada, o si otro sitio de campo (fuera de Puebla) no reproduce el patrón.
ASTRA5-U0-SINT-006	transversal-007	LECTURA-2ead6a5a-13	L97-L101	Ross, Mirowsky y Cockerham (1983) encontraron que los individuos más fatalistas presentaban mayores niveles de malestar psicológico... Un estudio de sobrevivientes hispanas de cáncer de mama (MDPI, 2024) encontró que las mexicanas reportaban fatalismos más altos que las colombianas... Ramondt y Ramírez (2017) argumentan que el 'fatalismo' puede reflejar una evaluación precisa de oportunidades estructurales limitadas.	NO-EXPLÍCITO	CONCLUSION-DE-ESTUDIO	mixta ((a) parcialmente México vía estudio MDPI; marco general no localizado a México)	Asociación fatalismo-malestar psicológico (Ross/Mirowsky 1983) y distinción fatalismo activo/pasivo con su correlato en locus de control externo y afrontamiento (estudio MDPI 2024 en sobrevivientes de cáncer de mama mexicanas vs. colombianas).	Ross/Mirowsky (1983) es un estudio en EE.UU., no en México, usado aquí como marco general; el estudio MDPI es de una subpoblación clínica específica (sobrevivientes de cáncer de mama) y no representa fatalismo general de la población mexicana; Ramondt/Ramírez es una crítica conceptual, no un hallazgo con desenlace propio.	Persona; muestra clínica específica (sobrevivientes hispanas de cáncer de mama, comparación México-Colombia) en el caso MDPI; muestra general no mexicana en Ross/Mirowsky.	Ross, Mirowsky y Cockerham (1983, American Journal of Community Psychology); estudio MDPI (2024); Ramondt y Ramírez (2017)	DOI:10.1007/BF00894055 (Ross, C.E., Mirowsky, J. & Cockerham, W.C. 1983, 'Social class, Mexican culture, and fatalism: Their effects on psychological distress', American Journal of Community Psychology 11(4):383-399; confirmado por Crossref) · DOI:10.20944/preprints202507.0230.v1 (Lopez Torralba et al., 'Evaluating Fatalism Among Breast Cancer Survivors in a Heterogeneous Hispanic Population: A Cross-Sectional Study', MDPI AG, preprint julio 2025; compara fatalismo entre mexicanos, colombianos, dominicanos y venezolanos -- el report cita 'MDPI, 2024', posible edicion final de revista distinta de la fecha del preprint, a confirmar) · DOI:10.1080/23808985.2017.1387502 (Ramondt, S. & Ramirez, A.S. 2017, 'Fatalism and exposure to health information from the media', Annals of the International Communication Association; confirmado por Crossref).	Fichas Crossref confirman los tres documentos: (1) Ross/Mirowsky/Cockerham 1983 sobre clase social, cultura mexicana y fatalismo con efecto en malestar psicologico; (2) preprint MDPI 2025 de Lopez Torralba et al. compara fatalismo por subgrupo hispano incl. mexicanos/colombianos: 'Colombians reported the lowest score' mientras mexicanos/dominicanos/venezolanos reportan mayor fatalismo; (3) Ramondt y Ramirez 2017 sobre fatalismo y exposicion a informacion de salud en medios. Texto/cifras exactas pendientes de lectura directa.	MEDIBLE-CON-ADQUISICIÓN	Los tres documentos quedan identificados por Crossref con autoria coincidente. El componente interpretativo general (fatalismo=adaptacion racional/barrera estructural) sigue dedup en RELIG-016/017/018 y AUTOR-019; el residuo propio de esta unidad (los tres estudios especificos) queda identificado documentalmente, con una discrepancia de ano a resolver en el estudio MDPI (preprint 2025 vs. cita del report '2024').	SIN-ID-MANIFIESTO; DOI 10.1007/BF00894055, 10.20944/preprints202507.0230.v1 y 10.1080/23808985.2017.1387502 confirmados por Crossref el 2026-09-24	No aplica	ninguna corrida con SIN-ID-MANIFIESTO (u0mf --calc: no aplica)	ASTRA5-MESA-SALUD	Adquirir los tres documentos (DOI arriba); confirmar si el preprint MDPI de Lopez Torralba et al. tiene una version de revista publicada en 2024 (la citada por el report) distinta del preprint de julio 2025 hallado; cotejar contra RELIG-017 (Pew 2014, 40% atribuye exito a fuerzas externas).	CONC-DOC-FATALISMO-ACTIVO-PASIVO-ROSSMIROWSKY-MDPI		buscar_lotes_transversal.py 'Ross, Mirowsky' -> 0; 'cancer' -> 0; 'MDPI' -> 0; 'Ramondt' -> 0; 'fatalismo' -> 6 (RELIG-016/017/018, AUTOR-019, dedup G13). SEGUNDA PASADA 2026-09-24: Crossref works/10.1007/BF00894055 -> confirmado; 'fatalism breast cancer Mexican Colombian survivors locus of control 2024' -> 0 exacto (intento 1); 'fatalism coping locus control Latina breast cancer survivors' filtro 2023+ -> preprint MDPI DOI 10.20944/preprints202507.0230.v1 (intento 2); 'Ramondt Ramirez-Esparza fatalism rational response 2017' -> DOI 10.1080/23808985.2017.1387502; 4 consultas.	SALUD_MENTAL	Cambiaría si el estudio MDPI no reporta diferencia México-Colombia al reanalizarlo, o si Ross/Mirowsky (1983) no sostiene la mediación clase social→fatalismo→malestar en una réplica.
ASTRA5-U0-SINT-007	transversal-008	LECTURA-2ead6a5a-14	L103-L107	Vergüenza... 'tan profundo que impacta el comportamiento relacionado con la expresión de enfermedad mental y la aceptación de conducta social' (Fontes, 2007). En encuestas de Mirande (1988), 52% de hombres latinos describieron el machismo negativamente, 12% neutral, y 35% como fuente de orgullo y honor.	NO-EXPLÍCITO	CIFRA-PUBLICADA	(b) muestra latina/mexicano-americana (Mirande, hombres latinos en EE.UU.); Fontes sin universo geográfico declarado en el report	Distribución de valoración del machismo (negativa/neutral/fuente de orgullo) en la encuesta de Mirande (1988) entre hombres latinos; constructo de vergüenza como mecanismo regulador (Fontes 2007).	Mirande (1988) es una encuesta de hombres latinos, no necesariamente residentes en México (posible (b) diáspora); Fontes (2007) no tiene universo geográfico ni n declarados en el report; ninguno de los dos permite inferir prevalencia actual en población mexicana.	Persona (hombre latino autoidentificado); universo de la encuesta de Mirande no especificado por el report (país, n, año de aplicación).	Fontes (2007); Mirande (1988), encuesta a hombres latinos	DOI:10.1300/j070v16n01_04 (Fontes, L.A. 2007, 'Sin Verguenza: Addressing Shame with Latino Victims of Child Sexual Abuse and Their Families', Journal of Child Sexual Abuse 16(1):61-83; confirmado por Crossref) · DOI:10.4324/9780429500008 (Mirande, A., 'Hombres y Machos: Masculinity and Latino Culture', Routledge, edicion digital 2018 de la obra original de 1997; el report cita 'Mirande (1988)', ano que no coincide con ninguna edicion confirmada por Crossref -- posible error de cita del report o confusion con otra obra de Mirande de los anos 1980, p.ej. 'A Reinterpretation of Male Dominance in the Chicano Family' 1979, DOI 10.2307/583507, tema relacionado pero sin la encuesta 52/12/35 descrita).	Ficha Crossref confirma que Fontes (2007) trata verguenza ('Sin Verguenza') en victimas latinas de abuso sexual infantil y sus familias -- tema de verguenza coincide con la cita del report aunque el universo especifico (abuso sexual infantil) es mas estrecho que 'aceptacion de conducta social' en general. Para Mirande, Crossref confirma 'Hombres y Machos' (1997/2018) sobre masculinidad latina, pero no se confirmo el ano 1988 citado por el report ni la encuesta especifica 52%/12%/35%; texto exacto pendiente de lectura directa.	MEDIBLE-CON-ADQUISICIÓN	Fontes (2007) identificado con exactitud por Crossref. Mirande queda identificado como autor y obra ('Hombres y Machos: Masculinity and Latino Culture') pero el ano 1988 citado por el report no coincide con ninguna edicion hallada (original 1997, reedicion digital 2018); no se descarta que el report cite mal el ano o se refiera a otra publicacion anterior de Mirande sobre masculinidad chicana. El machismo/caballerismo bifactorial de Arciniega (2008) sigue dedup en EMOC-014/GEN-002/INTER-025.	SIN-ID-MANIFIESTO; DOI 10.1300/j070v16n01_04 confirmado por Crossref el 2026-09-24; DOI 10.4324/9780429500008 confirmado para Mirande con discrepancia de ano (1997/2018 vs. 1988 citado por el report)	No aplica	ninguna corrida con SIN-ID-MANIFIESTO (u0mf --calc: no aplica)	ASTRA5-MESA-SALUD	Adquirir Fontes (2007), DOI 10.1300/j070v16n01_04; para Mirande, verificar en la obra 'Hombres y Machos' (1997/2018, DOI 10.4324/9780429500008) si contiene la encuesta 52%/12%/35% citada, o localizar la obra de 1988 exacta si existe una edicion previa no indexada en Crossref.	CONC-DOC-VERGUENZA-FONTES-MIRANDE-MACHISMO		buscar_lotes_transversal.py 'verguenza' -> 0; 'Fontes' -> 0; 'Mirande' -> 0; 'Arciniega' -> 6 (EMOC-014, GEN-002/023, INTER-025, dedup G14). SEGUNDA PASADA 2026-09-24: Crossref 'Fontes 2007 Wounded Body Latino shame child abuse' -> DOI 10.1300/j070v16n01_04; 'Mirande 1988 chicano men machismo survey' -> sin match 1988, relacionado 1979 DOI 10.2307/583507; 'Mirande Hombres y Machos Masculinity Latino Culture' -> DOI 10.4324/9780429500008 (1997/2018); 3 consultas.	EMOCIONES_MORALES	Cambiaría si Mirande (1988) resulta ser muestra mexicana probabilística con distribución distinta, o si Fontes (2007) no sostiene el vínculo vergüenza-búsqueda de ayuda en salud mental.
ASTRA5-U0-SINT-008	transversal-009	LECTURA-2ead6a5a-15	L111	Datos del Centro Espinosa Yglesias (EMOVI-2011, N=11,001) revelan que 49 de cada 100 personas nacidas en el quintil más bajo permanecen ahí toda su vida... El 57% de quienes nacen en hogares privilegiados retienen su posición. La brecha de género es significativa: 75 de 100 mujeres nacidas en el grupo más bajo no superan la pobreza vs. 71 de 100 hombres.	NO-EXPLÍCITO	CIFRA-PUBLICADA	(a) primaria México	Movilidad social intergeneracional por quintil de origen y por sexo, edición EMOVI-2011 del CEEY, N=11,001.	EMOVI-2011 es una ola distinta de ESRU-EMOVI-2023/2025 ya dedup en clasemediero (50/100, 2/100 al quintil más alto); no son la misma cohorte ni el mismo levantamiento (cruce TRANS-EMOVI-OLAS del paquete). No fundir ambas cifras como si fueran la misma medición.	Persona adulta; encuesta nacional CEEY-EMOVI 2011, N=11,001, por quintil de origen socioeconómico y sexo.	Centro de Estudios Espinosa Yglesias (CEEY), EMOVI 2011	https://ceey.org.mx/emovi/ (CEEY, Encuesta ESRU de Movilidad Social en Mexico -- EMOVI 2011; pagina oficial confirma N=11,001 entrevistas efectivas, representatividad nacional 25-64 anos, urbano y no urbano); leido via WebFetch el 2026-09-24	Pagina oficial CEEY confirma literalmente: '11,001 entrevistas efectivas' con representacion nacional para hombres y mujeres de 25 a 64 anos, areas urbanas y no urbanas; objetivo declarado: 'Conocer el grado de asociacion entre los recursos de los padres y el logro socioeconomico de los hijos'. Cifras especificas de movilidad por quintil (49/100, 57/100) y brecha de genero (75/71) no visibles en la pagina indice; pendientes del informe/tabulados completos.	MEDIBLE-CON-ADQUISICIÓN	El documento e institucion quedan plenamente identificados y el N=11,001 citado por el report se confirma literalmente en la pagina oficial de CEEY. Distinto de ESRU-EMOVI-2023/2025 ya dictaminado en clasemediero (cifras 50/100, 2/100, colorismo 57%/34%) -- misma serie, ola distinta, no fundir. Faltan los tabulados exactos de movilidad por quintil y brecha de genero 75/71.	SIN-ID-MANIFIESTO; documento oficial CEEY confirmado en https://ceey.org.mx/emovi/ el 2026-09-24, N=11,001 verificado; U0 no abrio microdato	No aplica	ninguna corrida con SIN-ID-MANIFIESTO (u0mf --calc: no aplica)	ASTRA5-MESA-ESTATUS	Adquirir el informe EMOVI 2011 completo y sus tabulados (cuestionario, bases, tabulados basicos en https://ceey.org.mx/emovi/); registrar en manifiesto con sha256; cotejar 49/100, 57/100 y 75/71 contra el informe; mantener separado de ESRU-EMOVI-2023/2025 (CLASE-011, ENLACE).	CONC-DOC-CEEY-EMOVI-2011		buscar_lotes_transversal.py 'EMOVI-2011' -> 0; '11,001' -> 0; '49 de cada 100' -> 0; 'CEEY' -> 7 (ESRU-EMOVI-2023/2025, ola distinta). SEGUNDA PASADA 2026-09-24: WebFetch https://ceey.org.mx/emovi-2011/ -> 404; https://www.ceey.org.mx/ -> confirma serie ESRU-EMOVI sin detalle 2011; https://ceey.org.mx/emovi/ -> confirma N=11,001 entrevistas efectivas EMOVI 2011; 3 consultas.	MOVILIDAD	Cambiaría si el informe EMOVI 2011 del CEEY no reporta 49/100 ni la brecha de género 75/71 al cotejarlo directamente.
ASTRA5-U0-SINT-009	transversal-010	LECTURA-2ead6a5a-15	L113	Una encuesta urbano-representativa (N=2,493 en 7 ciudades) encontró que los mexicanos perciben la desigualdad aproximadamente de forma correcta (Gini percibido ≈0.56 vs. real ≈0.50)... sobreestiman la riqueza (percepción promedio: 35% son ricos; real: ~0.6%)... Un experimento informacional reveló que proporcionar datos precisos... no tuvo casi ningún efecto.	NO-EXPLÍCITO	CONCLUSION-DE-ESTUDIO	(a) primaria México (encuesta urbana en 7 ciudades)	Precisión de la percepción de desigualdad (Gini percibido vs. real) y de la proporción de personas 'ricas' percibida vs. real; efecto de un experimento informacional sobre preferencias de igualdad deseada.	Encuesta urbana en 7 ciudades (no especificadas en el report), N=2,493; no es representativa de zonas rurales ni de todo el país; el experimento informacional mide un efecto de tratamiento a corto plazo, no actitudes estables.	Persona; encuesta urbano-representativa en 7 ciudades mexicanas no identificadas por el report, N=2,493.	Encuesta de percepción de desigualdad y movilidad, 7 ciudades, N=2,493 (autor/año no identificados en el report)	DOI:10.1093/socpro/spaa059 (Mijs, J.J.B. & Hoy, C., 'How Information about Inequality Impacts Belief in Meritocracy: Evidence from a Randomized Survey Experiment in Australia, Indonesia and Mexico', Social Problems, 2021/2022; confirmado por Crossref). Candidato plausible para 'una encuesta urbano-representativa (N=2,493 en 7 ciudades)... experimento informacional' que el report no identifica por nombre: coincide en tema (experimento aleatorizado de informacion sobre desigualdad, incluye Mexico) pero el N=2,493 y el corte de 7 ciudades NO se confirmaron literalmente en la ficha Crossref.	Ficha Crossref confirma un experimento de encuesta aleatorizado sobre informacion de desigualdad y creencias en meritocracia con muestra en Mexico (entre otros paises); no se confirmo el N=2,493 ni el corte especifico de 7 ciudades ni las cifras de Gini percibido/real citadas por el report; pendiente de lectura directa del articulo para confirmar si es la misma fuente.	MEDIBLE-CON-ADQUISICIÓN	El report no identifica autor/ano de esta encuesta ('una encuesta urbano-representativa'). Se localizo un candidato tematicamente coincidente (Mijs y Hoy, experimento informacional sobre desigualdad con muestra mexicana) pero no se pudo confirmar que sea la misma fuente con N=2,493 en 7 ciudades: EXISTENCIA-NO-COMPROBADA de la identidad exacta tras 2 consultas (busqueda en corpus + busqueda Crossref bibliografica).	SIN-ID-MANIFIESTO; DOI 10.1093/socpro/spaa059 confirmado por Crossref el 2026-09-24 como candidato tematico; identidad exacta con la encuesta citada por el report (N=2,493, 7 ciudades) NO CONFIRMADA	No aplica	ninguna corrida con SIN-ID-MANIFIESTO (u0mf --calc: no aplica)	ASTRA5-MESA-ESTATUS	NO-ACCESIBLE-DESDE-SANDBOX (existencia no comprobada; no equivale a «no existe», A.4) → GEN2-ASTRA5-U5-ADQUISICION-1, con la receta forense/analisis/dominios/receta-acceso-fuentes-2026-09-24.md. Adquirir Mijs y Hoy (2021/2022), DOI 10.1093/socpro/spaa059, y verificar si reporta N=2,493 en 7 ciudades mexicanas y las cifras de Gini percibido (0.56) vs. real (0.50) y 35% percibido rico vs. 0.6% real; si no coincide, buscar otra fuente (candidatos: Campos-Vazquez, LNPP, Cruces et al.).	CONC-DOC-PERCEPCION-DESIGUALDAD-7CIUDADES		buscar_lotes_transversal.py '2,493' -> 0; 'quintil' -> 6 (EMOVI/Oxfam, distinta); '51 que ascienden' -> 0. SEGUNDA PASADA 2026-09-24: Crossref 'perception inequality Mexico seven cities survey information experiment' -> candidato Mijs & Hoy DOI 10.1093/socpro/spaa059 (Social Problems); identidad exacta no confirmada; 1 consulta.	MOVILIDAD	Cambiaría si, al identificar la fuente, el Gini percibido no está cerca del real, o si el experimento informacional sí mostrara efecto en una réplica con mayor poder estadístico.
ASTRA5-U0-SINT-010	transversal-011	LECTURA-2ead6a5a-16	L115-L117	Investigación de Tipa (2019-2023) analizando n=500 castings para comerciales mexicanos encontró colorismo sistemático: 'Latino internacional' (piel más clara) recibe mayor pago y más oportunidades. Entre el 70-80% de la población mexicana tiene rasgos mestizos/indígenas.	NO-EXPLÍCITO	CONCLUSION-DE-ESTUDIO	(a) primaria México (industria publicitaria)	Diferencial de pago/oportunidades por tono de piel en n=500 castings publicitarios mexicanos (Tipa 2019-2023); proporción de población con rasgos mestizos/indígenas (70-80%).	Muestra sectorial (industria de comerciales/publicidad), no representativa del mercado laboral general; la cita de Tenoch Huerta es testimonio de un actor, no dato; el 70-80% de 'rasgos mestizos/indígenas' no corresponde a una categoría censal definida (el Censo/ENADIS miden autoidentificación étnica y color de piel por escala, no 'rasgos').	Casting publicitario (unidad: casting/comercial), n=500, 2019-2023; distinta de la unidad persona de la autoidentificación étnica del Censo/ENADIS.	Tipa (2019-2023), estudio de castings publicitarios; cita de Tenoch Huerta (declaración pública, no dato)	DOI:10.16997/wpcc.379 (Tipa, J. 2020, 'Colorism in Commercial and Governmental Advertising in Mexico: International Latino, Racism and Ethics', Westminster Papers in Communication and Culture; confirmado por Crossref, analisis cuantitativo de 500 solicitudes de casting) · DOI:10.18046/recs.i41.01 (Tipa, J. 2023, 'La percepcion del clasismo y el racismo colorista en la publicidad mexicana', Revista CS, articulo relacionado del mismo autor)	Resumen Crossref confirma literalmente: metodologia mixta con analisis cuantitativo de 500 solicitudes de casting, hallazgo de discriminacion colorista explicita, exclusion sistematica de personas con rasgos indigenas, perfil 'Latino internacional' mas solicitado -- coincide con la cifra n=500 y el hallazgo citado por el report. Cifras exactas de diferencial de pago pendientes de lectura directa del articulo.	MEDIBLE-CON-ADQUISICIÓN	Match exacto: Tipa (2020), Westminster Papers in Communication and Culture, DOI 10.16997/wpcc.379, analiza 500 solicitudes de casting publicitario mexicano y reporta discriminacion colorista sistematica -- coincide con la cifra y el hallazgo citados por el report (el report dice '2019-2023', coincide con el rango de publicacion 2020 y el articulo relacionado 2023 del mismo autor). Distinto del acierto CONS-008 (Acuna y Tipa 2022, consumo de elites), tema distinto del mismo autor. El 70-80% de rasgos mestizos/indigenas sigue sin acierto en rural-indigena ni merito, no confirmado en esta sesion.	SIN-ID-MANIFIESTO; DOI 10.16997/wpcc.379 confirmado por Crossref el 2026-09-24, coincide n=500 castings	No aplica	ninguna corrida con SIN-ID-MANIFIESTO (u0mf --calc: no aplica)	ASTRA5-MESA-GENERO	Adquirir Tipa (2020), DOI 10.16997/wpcc.379, y Tipa (2023), DOI 10.18046/recs.i41.01; registrar en manifiesto; cotejar diferencial de pago exacto; verificar fuente censal del 70-80% de rasgos mestizos/indigenas contra RURAL-026 (23.2M autoidentificados indigenas, categoria distinta de 'rasgos').	CONC-DOC-TIPA-COLORISMO-CASTINGS		buscar_lotes_transversal.py 'Tenoch' -> 0; 'castings' -> 0; '500 castings' -> 0; '70-80%' -> 0; 'Tipa' -> 4 (CONS-008 otro estudio, GENBEH-026/GENOM no relacionados). SEGUNDA PASADA 2026-09-24: Crossref 'Tipa colorism advertising casting Mexico' -> match exacto DOI 10.16997/wpcc.379 (500 castings) y DOI 10.18046/recs.i41.01; 1 consulta.	GENERO	Cambiaría si el estudio de Tipa (al adquirirlo) no muestra diferencial de pago por tono de piel, o si la cifra 70-80% no proviene de una fuente censal identificable al cotejarla.
ASTRA5-U0-SINT-011	transversal-012	LECTURA-2ead6a5a-17	L123-L125	La historiografía reciente (Pilar Gonzalbo, 2013; Joanne Rappaport, 2014) ha demostrado que el sistema de castas era más fluido y contextual... Datos de OXFAM muestran que aproximadamente 70% de la población indígena es pobre, comparado con 39% para otros grupos. La Iglesia Católica fue la institución primaria... durante 300 años.	NO-EXPLÍCITO	CONCLUSION-DE-ESTUDIO	mixta (historiografía académica + cifra OXFAM)	Pobreza en población indígena vs. no indígena (OXFAM, 70% vs. 39%); revisión historiográfica de la fluidez del sistema de castas colonial (Gonzalbo 2013, Rappaport 2014).	La cifra OXFAM 70%/39% es distinta de la ya dictaminada en merito (MER-030/031, Oxfam 2019: 25.5%/8.5% educacion superior y 41.7%/14.2% escalon de ingreso mas bajo) -- mismo informe editor, cifras y cortes distintos, no intercambiables; la historiografia de castas es descriptiva del periodo colonial, no mide efecto causal sobre jerarquia psicologica actual; ademas Rappaport (2014) documenta el caso del Nuevo Reino de Granada (Colombia), no Nueva Espana, por lo que su aporte a la historiografia mexicana es comparativo/analogico, no directo.	Persona; comparación indígena/no indígena de tasa de pobreza (universo y año no citados por el report para la cifra 70%/39%).	OXFAM (informe no identificado por año en el report); Gonzalbo (2013); Rappaport (2014)	DOI:10.1215/9780822376859 (Rappaport, J. 2014, 'The Disappearing Mestizo: Configuring Difference in the Colonial New Kingdom of Granada', Duke University Press; confirmado por Crossref) · Gonzalbo Aizpuru: EXISTENCIA-NO-COMPROBADA tras 2 consultas Crossref dedicadas (autora real y prolifica confirmada -- in memoriam Historia Mexicana 2024, DOI 10.24201/hm.v74i1.4796 -- pero la obra especifica de 2013 sobre fluidez de castas no se localizo) · OXFAM 70%/39% indigena: EXISTENCIA-NO-COMPROBADA tras 2 consultas web (oxfam.mx y oxfam.org, ambas sin acceso al informe especifico).	Rappaport (2014) confirmado por Crossref como estudio historiografico sobre fluidez y contextualidad de categorias de casta en el Nuevo Reino de Granada colonial (nota: es sobre el territorio de la actual Colombia, no Nueva Espana/Mexico -- el report la usa como historiografia comparable, pero su universo geografico primario es distinto de Mexico, limite a anotar). Gonzalbo (2013) y OXFAM 70%/39% no se pudieron leer en esta sesion.	MEDIBLE-CON-ADQUISICIÓN	Rappaport (2014) queda identificado con exactitud, aunque su objeto de estudio primario es el Nuevo Reino de Granada (Colombia colonial), no Nueva Espana -- el report la usa como historiografia comparable sobre fluidez de castas, limite que se anota. Gonzalbo Aizpuru es autora real y verificada (multiples obras en Crossref, in memoriam 2024) pero su obra especifica de 2013 sobre castas no se localizo tras 3 consultas dedicadas: EXISTENCIA-NO-COMPROBADA. La cifra OXFAM 70%/39% (distinta de MER-030/031, Oxfam 2019) tampoco se confirmo tras 2 consultas web (oxfam.mx 404/redirect sin acceso a publicaciones, oxfam.org redirect sin contenido especifico): EXISTENCIA-NO-COMPROBADA.	SIN-ID-MANIFIESTO; DOI 10.1215/9780822376859 confirmado por Crossref el 2026-09-24 para Rappaport; Gonzalbo y OXFAM sin identificar	No aplica	ninguna corrida con SIN-ID-MANIFIESTO (u0mf --calc: no aplica)	ASTRA5-MESA-RURAL	NO-ACCESIBLE-DESDE-SANDBOX (existencia no comprobada; no equivale a «no existe», A.4) → GEN2-ASTRA5-U5-ADQUISICION-1, con la receta forense/analisis/dominios/receta-acceso-fuentes-2026-09-24.md. Adquirir Rappaport (2014), DOI 10.1215/9780822376859, anotando que su universo es Nueva Granada, no Mexico; identificar la obra exacta de Gonzalbo Aizpuru de 2013 (posible capitulo en volumen colectivo, no localizado en Crossref); identificar el informe OXFAM exacto con la cifra 70%/39% (ano no citado por el report, distinto del Oxfam 2019 ya en MER-030/031).	CONC-DOC-LEGADO-COLONIAL-OXFAM-GONZALBO-RAPPAPORT		buscar_lotes_transversal.py 'castas' -> 0; 'Gonzalbo' -> 1 (VIOL-030, distinto); 'Rappaport' -> 0; 'OXFAM' -> 3 (MER-030/031/JUV-012, cifras distintas). SEGUNDA PASADA 2026-09-24: Crossref 'Gonzalbo Aizpuru 2013 sistema castas Nueva Espana' -> 0 match directo; 'Gonzalbo Aizpuru mestizaje identidad colonial casta fluidez' -> 0 match directo; 'Rappaport 2014 disappearing mestizo configuring difference Nueva Granada' -> match exacto DOI 10.1215/9780822376859; WebFetch oxfam.mx/informe-desigualdad-extrema-en-mexico -> 404; oxfam.mx/publicaciones/ -> 404; oxfam.org/en/what-we-do/countries/mexico -> redirect a oxfammexico.org sin contenido especifico; 6 consultas.	RURAL_INDIGENA	Cambiaría si, identificado el informe OXFAM exacto, la cifra 70%/39% no se sostiene, o si Gonzalbo/Rappaport no documentan la fluidez de castas al leerlos directamente.
ASTRA5-U0-SINT-012	transversal-013	LECTURA-2ead6a5a-18	L127-L129	El coeficiente de Gini de México... alcanzó un máximo de 53.4 en 1994... La investigación establece un vínculo documentado entre mayor desigualdad y menor confianza... (Our World in Data; Jordahl, 2009). México tiene la mayor disparidad económica regional en la OCDE: el PIB per cápita de la Ciudad de México es 7.4 veces el de Chiapas (2019).	NO-EXPLÍCITO	CIFRA-PUBLICADA	mixta ((a) INEGI para Gini/PIB regional; (c) Jordahl/OWID para el vínculo teórico)	Gini histórico máximo de 1994 (53.4) y ratio de PIB per cápita CDMX/Chiapas (7.4x, 2019); el vínculo causal desigualdad→confianza (Jordahl 2009) es una tesis teórica distinta, ya con su propio residual en co-observación (no identificación).	El vínculo desigualdad-confianza citado (Jordahl 2009, Our World in Data) es co-observación agregada entre países, no identificación causal para México; un β̂ sin condicionamiento es asociación, no causa (regla de medición propia del proyecto). Las cifras de Gini 1994/PIB regional 2019 sí son cifras publicadas verificables por separado.	País/entidad federativa; serie histórica de Gini (INEGI/Banco Mundial) y PIB per cápita estatal (INEGI, 2019).	INEGI (Gini histórico, PIB per cápita estatal); Jordahl (2009); Our World in Data	DOI:10.4337/9781848447486.00031 (Jordahl, H. 2009, 'Economic Inequality', capitulo en Handbook of Social Capital, Edward Elgar Publishing; confirmado por Crossref -- nota: el titulo exacto es 'Economic Inequality', no 'Inequality and Trust'; mismo autor/ano/editorial citados por el report) · Gini historico 1994 (53.4) y PIB per capita CDMX/Chiapas (7.4x, 2019): EXISTENCIA-NO-COMPROBADA en esta sesion (World Bank data.worldbank.org devolvio 429 Too Many Requests; series de INEGI no consultadas por agotamiento de presupuesto de la fila).	Ficha Crossref confirma el capitulo de Jordahl (2009) en Handbook of Social Capital sobre desigualdad economica y sus efectos sociales (marco teorico del vinculo desigualdad-confianza); serie de Gini 1994 y PIB estatal 2019 no leidas directamente en esta sesion.	MEDIBLE-CON-ADQUISICIÓN	Jordahl (2009) queda identificado con exactitud (capitulo 'Economic Inequality' en Handbook of Social Capital, mismo autor y ano citados por el report, aunque el titulo difiere ligeramente del que cabria esperar de 'Inequality and Trust'). El Gini historico 1994 (53.4) y el PIB per capita estatal 2019 (razon 7.4x CDMX/Chiapas) son series administrativas publicas de INEGI/Banco Mundial cuya existencia no esta en duda (series de dominio publico bien documentadas) pero no se leyo el pasaje exacto en esta sesion: EXISTENCIA-NO-COMPROBADA tras 1 consulta bloqueada (429) al Banco Mundial.	SIN-ID-MANIFIESTO; DOI 10.4337/9781848447486.00031 confirmado por Crossref el 2026-09-24 para Jordahl; series Gini/PIB de INEGI/Banco Mundial no verificadas	No aplica	ninguna corrida con SIN-ID-MANIFIESTO (u0mf --calc: no aplica)	ASTRA5-MESA-ESTATUS	NO-ACCESIBLE-DESDE-SANDBOX (existencia no comprobada; no equivale a «no existe», A.4) → GEN2-ASTRA5-U5-ADQUISICION-1, con la receta forense/analisis/dominios/receta-acceso-fuentes-2026-09-24.md. Adquirir Jordahl (2009), DOI 10.4337/9781848447486.00031; adquirir la serie historica de Gini de INEGI/Banco Mundial (World Bank SI.POV.GINI Mexico, reintentar tras 429) y el PIB per capita estatal 2019 (INEGI, Sistema de Cuentas Nacionales) para cotejar 53.4 y 7.4x.	CONC-DOC-GINI1994-PIBREGIONAL-JORDAHL		buscar_lotes_transversal.py 'Gini' -> 7 (serie 0.449->0.391, distinta de 53.4/1994); '7.4 veces' -> 0; 'Jordahl' -> 0; 'Our World in Data' -> 0. SEGUNDA PASADA 2026-09-24: Crossref 'Jordahl 2009 inequality trust handbook social capital' -> match DOI 10.4337/9781848447486.00031 ('Economic Inequality'); WebFetch data.worldbank.org/indicator/SI.POV.GINI -> 429 Too Many Requests; 2 consultas.	MOVILIDAD	Cambiaría si la serie oficial de Gini no reporta 53.4 para 1994, o si el PIB estatal 2019 no sostiene la razón 7.4x citada.
ASTRA5-U0-SINT-013	transversal-014	LECTURA-2ead6a5a-19	L135	La economía informal emplea al 54.8% de la fuerza laboral (~33 millones de trabajadores, INEGI 2023) y contribuye 24.8% del PIB. La informalidad varía enormemente por región: 81% en Oaxaca vs. 34% en Coahuila. Investigación de Levy (2008) y van Der Molen (2016)... un 'enfoque de salida' donde las personas voluntariamente dejan el sector formal.	NO-EXPLÍCITO	CIFRA-PUBLICADA	(a) primaria Mexico (INEGI/ENOE, TIL1 por entidad) + (a) primaria Mexico (INEGI, Cuenta Satelite de la Economia Informal, documental) + (c) marco teorico (Levy 2008, van der Molen 2016)	Tasa de informalidad laboral 1 (TIL1) por entidad federativa (Oaxaca vs. Coahuila), calculable sobre microdatos ENOE 2025 con la formula documentada en p.35 de enoe_con_basedatos_proy2010_pdf; contribucion de la economia informal al PIB (Cuenta Satelite de la Economia Informal, INEGI, documental); mecanismo de 'salida voluntaria' del sector formal (Levy 2008, van der Molen 2016).	La cifra nacional del texto_vigente (ver localizador L135) coincide con la exposicion ENOE 2026T1 registrada en exposicion-enoe2026t1-v1_0.md; no se copia a ningun campo nuevo de esta fila. Esa cifra nacional ya esta dedup en CLASE-006/TRAB-046 (informalidad ~55%, 4T2025) y no se repite aqui. El residuo propio de esta fila -el desglose por entidad (Oaxaca/Coahuila) y el mecanismo de salida voluntaria- SI es observable: TIL1 se calcula por entidad federativa con la formula documentada (p.35) sobre los microdatos ENOE 2025 (contrato ENOE-001); la contribucion al PIB (24.8%) requiere la Cuenta Satelite de Economia Informal del INEGI, documento identificado pero no en manifiesto; Levy/van der Molen son marco interpretativo (mecanismo), no observacion directa de conducta.	Persona ocupada; ENOE/INEGI, corte nacional y por entidad federativa (año 2023 según el report).	ENOE 2025 (trimestres 1-4, microdatos INEGI, contrato ENOE-001), TIL1 calculada por entidad federativa segun formula p.35 de 'Conociendo la base de datos de la ENOE' (2023); INEGI Cuenta Satelite de la Economia Informal (documental, PIB); Levy (2008); van der Molen (2016)	enoe_con_basedatos_proy2010_pdf|6e70a3a910d3c6b2885ef4c72a9dbab0a50b974d403f10ef34eac437372877f5|raiz data_raw|p.35 (formula TIL1) y p.32 (TIL1 nacional 2023=55.1, contexto del documento, no citar como nueva cifra de esta fila) · Levy (2008) 'Good Intentions, Bad Outcomes: Social Policy, Informality, and Economic Growth in Mexico', Brookings Institution Press; sin DOI propio indexado, confirmado por resenas academicas en Crossref (DOI 10.1017/s1531426x00009055, DOI 10.1086/652482) · van der Molen (2016): EXISTENCIA-NO-COMPROBADA tras 1 consulta Crossref	u0pdf confirma formula literal en p.35 de enoe_con_basedatos_proy2010_pdf: 'tasa de informalidad laboral 1 (til1) criterio general: r_def=00 y c_res=1 o 3 y edad=15-98; til1 = poi/po x 100; poi: poblacion en ocupacion informal (emp_ppal=1); po: poblacion ocupada (clase2=1)'. El desglose especifico por entidad (Oaxaca 81%/Coahuila 34%) requiere calcularse sobre los microdatos ENOE 2025 (formula ya confirmada), no esta tabulado directamente en este PDF.	MEDIBLE-EN-CORPUS	Correccion del dictamen tras devolucion del supervisor. La cifra nacional citada en texto_vigente (ver localizador L135) coincide con la exposicion ENOE 2026T1 registrada en exposicion-enoe2026t1-v1_0.md; no se repite ni se copia a otros campos. El residuo propio de esta fila -desglose de informalidad (TIL1) por entidad federativa (Oaxaca/Coahuila)- SI es observable en corpus: payload ENOE 2025 (microdatos INEGI, contrato ENOE-001; enoe_2025_1t/2t/3t/4t_microdatos) con la formula TIL1 documentada literalmente en p.35 de enoe_con_basedatos_proy2010_pdf (fuente_id con sha256). La contribucion al PIB (24.8%) es la Cuenta Satelite de la Economia Informal del INEGI: documento identificado pero no en manifiesto (CON-ADQUISICIÓN, faltante, residual). Levy (2008) queda identificado (Brookings Institution Press, confirmado por resenas indexadas en Crossref); van der Molen (2016) no se localizo (EXISTENCIA-NO-COMPROBADA tras 1 consulta).	enoe_2025_1t_microdatos|dddbb698e7f18f63bc256ece61ac0038a5ad062d42aca13390d88828fb27796e|raiz data_raw (y analogos enoe_2025_2t/3t/4t_microdatos, mismo trimestre-set 2025, contrato ENOE-001); fuente formula: enoe_con_basedatos_proy2010_pdf|6e70a3a910d3c6b2885ef4c72a9dbab0a50b974d403f10ef34eac437372877f5|raiz data_raw p.35; U0 no abrio microdato (cero microdato, solo confirmo payload_id/sha256 y formula documental via u0pdf)	No aplica a ENOE <=2025 (microdatos 2025 no reservados). Nota de reserva aparte: el 54.8%/32.6M del texto_vigente coincide con el boletin ENOE 2026T1 expuesto -- no se busco ni se cito ENOE 2026 en esta fila; ver exposicion-enoe2026t1-v1_0.md	ninguna corrida con enoe_2025_1t/2t/3t/4t_microdatos (u0mf --calc: 0 de 326 corridas para cada trimestre)	ASTRA5-MESA-ECONOMIA	NO-ACCESIBLE-DESDE-SANDBOX (existencia no comprobada; no equivale a «no existe», A.4) → GEN2-ASTRA5-U5-ADQUISICION-1, con la receta forense/analisis/dominios/receta-acceso-fuentes-2026-09-24.md. Calcular TIL1 por entidad federativa (Oaxaca/Coahuila) sobre los microdatos ENOE 2025 ya en manifiesto (enoe_2025_{1,2,3,4}t_microdatos, contrato ENOE-001) con la formula de p.35 de enoe_con_basedatos_proy2010_pdf; adquirir la Cuenta Satelite de la Economia Informal del INEGI (24.8% PIB) y Levy (2008, Brookings); confirmar existencia de van der Molen (2016) con otra busqueda.	CONC-DOC-INFORMALIDAD-REGIONAL-LEVY-VANDERMOLEN; ENOE-001 (contrato nacional ya dictaminado, TIL1 nacional dedup en CLASE-006/TRAB-046, exposicion ENOE 2026T1 registrada en exposicion-enoe2026t1-v1_0.md)		buscar_lotes_transversal.py '81%' -> 0; 'Levy' -> 0; 'van Der Molen' -> 0; 'enfoque de salida' -> 0; '55%' -> 13 (CLASE-006/TRAB-046, dedup G19). SEGUNDA PASADA 2026-09-24 (fila devuelta por supervisor): u0mf --busca enoe --busca 2025 -> 9 aciertos, confirma enoe_2025_{1,2,3,4}t_csv y enoe_2025_{1,2,3,4}t_microdatos con sha256; u0mf --busca enoe_con_basedatos -> confirma enoe_con_basedatos_proy2010_pdf sha256; u0pdf -q 'TIL1|tasa de informalidad laboral 1' --id enoe_con_basedatos_proy2010_pdf -> 5 coincidencias, formula literal en p.35 y contexto TIL1=55.1 en p.32 (2023); u0mf --calc enoe_2025_{1,2,3,4}t_microdatos -> 0 corridas cada uno (de 326); Crossref 'Levy 2008 Good Intentions Bad Outcomes Social Policy Informality Mexico' -> confirmado (Brookings, 2008, via resenas DOI 10.1017/s1531426x00009055 y 10.1086/652482); Crossref 'van der Molen 2016 voice exit informality Mexico' -> 0 match; 7 consultas (corpus) + 2 consultas web.	TRABAJO	Cambiaría si el corte estatal de INEGI no muestra la brecha Oaxaca/Coahuila citada, o si Levy/van der Molen no sostienen el mecanismo de salida voluntaria al leerlos.
ASTRA5-U0-SINT-014	transversal-015	LECTURA-2ead6a5a-20	L139	La tasa de homicidios fue de ~25 por 100,000 en 2023. La concentración regional es extrema: en 2023, Yucatán registró 1.8/100K mientras Colima alcanzó 111/100K — una proporción de 60:1. El impacto económico de la violencia alcanzó 4.5 billones de pesos (USD 245 mil millones) en 2024, equivalente al 18% del PIB.	NO-EXPLÍCITO	CIFRA-PUBLICADA	(a) primaria México	Tasa de homicidios por entidad (Yucatán 1.8/100k vs. Colima 111/100k, 2023) y estimación del impacto económico de la violencia (4.5 billones de pesos, 18% del PIB, 2024).	El impacto económico (18% del PIB) suele derivarse de metodologías de costeo indirecto (IEP, Índice de Paz México) que incluyen supuestos de valoración de vida estadística y gasto en seguridad privada/pública; no es gasto observado directo, y el report no cita la metodología.	Entidad federativa (tasa de homicidios); país (impacto económico agregado 2024).	SESNSP/INEGI (tasas estatales de homicidio 2023); Institute for Economics and Peace, Índice de Paz México (impacto económico de la violencia)	https://www.visionofhumanity.org/maps/mexico-peace-index/ (Institute for Economics and Peace, Mexico Peace Index / Indice de Paz Mexico, edicion 2024/2025); leido via WebFetch el 2026-09-24	Pagina oficial IEP confirma literalmente: Colima 'recorded an unprecedented homicide rate' de '111 homicides per 100,000 people' en 2023 (coincide exactamente con la cifra del report); Yucatan 'has held the top position [most peaceful state] for nine consecutive years' (coincide en direccion con 'Yucatan 1.8/100K', cifra exacta no visible en el extracto). Impacto economico: '4.9 trillion pesos (US$245 billion), equivalente al 19.8% del PIB' para el reporte 2024 (el report cita 4.5 billones de pesos/18% PIB -- mismo orden de magnitud y USD identico, 245 mil millones; diferencia en pesos/%PIB posiblemente por edicion o redondeo, a cotejar con la edicion exacta).	MEDIBLE-CON-ADQUISICIÓN	El documento (Institute for Economics and Peace, Mexico Peace Index) queda identificado y el pasaje leido confirma con exactitud la cifra de Colima (111/100k, 2023) y el USD245 mil millones de impacto economico citados por el report; Yucatan se confirma como el estado mas pacifico (coincide en sentido, cifra exacta 1.8/100k no verificada literalmente); la cifra en pesos (4.5 vs. 4.9 billones) y %PIB (18% vs. 19.8%) difieren levemente, posiblemente por edicion del informe (2024 vs. 2025) -- a cotejar en la adquisicion. El agregado nacional de 300,000 homicidios sigue dedup via INTER-035.	SIN-ID-MANIFIESTO; documento oficial IEP/Vision of Humanity confirmado el 2026-09-24, cifras de Colima 2023 y USD245B verificadas literalmente	No aplica	ninguna corrida con SIN-ID-MANIFIESTO (u0mf --calc: no aplica)	ASTRA5-U2	Adquirir la edicion exacta del Indice de Paz Mexico (IEP) citada por el report (verificar si es 2024 o 2025, dado que 4.5 billones/18%PIB no coincide exactamente con la edicion 2024 leida en esta sesion: 4.9 billones/19.8%PIB); registrar en manifiesto; cotejar la cifra exacta de Yucatan (1.8/100k).	CONC-DOC-IEP-INDICE-PAZ-MEXICO-2024		buscar_lotes_transversal.py 'Yucatan' -> 1 (PAREJA-024, no relacionado); 'Colima' -> 1 (PAREJA-039, no relacionado); '4.5 billones' -> 0; 'homicidios' -> 5 (INTER-035/VIOL-030/041/050, dedup). SEGUNDA PASADA 2026-09-24: WebFetch https://www.visionofhumanity.org/maps/mexico-peace-index/ -> confirma Colima 111/100k 2023, Yucatan estado mas pacifico, impacto economico USD245B/4.9 billones pesos/19.8%PIB (edicion 2024); 1 consulta.	VIOLENCIA	Cambiaría si el Índice de Paz México (al adquirirlo) no reporta la razón 60:1 Yucatán/Colima o una metodología de costeo distinta del 18% del PIB.
ASTRA5-U0-SINT-015	transversal-016	LECTURA-2ead6a5a-22	L149	Hay 10.9 millones de inmigrantes nacidos en México en EE.UU. (2023, MPI) y 38-40 millones de personas de ascendencia mexicana... Los estados con mayor recepción — Guanajuato (8.9%), Michoacán (8.7%), Jalisco (8.3%) — han desarrollado 'culturas de migración' donde emigrar se convierte en rito de paso.	NO-EXPLÍCITO	CIFRA-PUBLICADA	mixta ((a) primaria México para % de remesas por estado; (b) diáspora para conteo de ascendencia en EE.UU.)	Conteo de nacidos en México residentes en EE.UU. (10.9M, MPI 2023) y de personas de ascendencia mexicana (38-40M); distribución porcentual de remesas por estado de origen (Guanajuato/Michoacán/Jalisco).	38-40M de 'ascendencia mexicana' incluye a personas nacidas en EE.UU. (segunda/tercera generación), no son migrantes ni residentes en México: no puede tratarse como evidencia sobre la psicología de la población mexicana. La remesa registrada en finanzas (FIN-030, 64,745M USD) es el agregado nacional, distinto de este desglose estatal.	Persona nacida en México residente en EE.UU. (10.9M); persona de ascendencia mexicana en EE.UU. (38-40M, incluye 2ª/3ª generación); hogar receptor de remesas por entidad de origen.	Migration Policy Institute (MPI), estimación 2023; distribución estatal de remesas (fuente no identificada por el report más allá de 'estados con mayor recepción')	Migration Policy Institute (MPI), perfil de pais 'Mexican Immigrants in the United States' (actualizacion ~2023/2024); URL migrationpolicy.org bloqueada por 403 en dos intentos en esta sesion -- la existencia de la institucion y de esta serie de perfiles anuales es publica y bien documentada, pero el pasaje con las cifras 10.9M/38-40M NO se leyo en esta sesion: EXISTENCIA-NO-COMPROBADA tras 2 consultas.	No verificado en esta sesion (403 Forbidden en migrationpolicy.org/article/mexican-immigrants-united-states y migrationpolicy.org/programs/data-hub/charts/immigrant-population-country-birth).	MEDIBLE-CON-ADQUISICIÓN	El agregado de remesas 2024 (64.7 mil millones USD) ya esta dedup en FIN-030. El conteo MPI 10.9M/38-40M y el desglose estatal Guanajuato/Michoacan/Jalisco no tienen acierto en ningun lote recorrido ni estan en manifiesto; el sitio de MPI bloqueo el acceso (403) en dos intentos de esta sesion: EXISTENCIA-NO-COMPROBADA tras 2 consultas. MPI es una institucion real y bien documentada que publica perfiles de este tipo anualmente, pero no se confirmo el pasaje exacto.	SIN-ID-MANIFIESTO; MPI identificado como emisor real, pagina especifica bloqueada (403) en esta sesion	No aplica	ninguna corrida con SIN-ID-MANIFIESTO (u0mf --calc: no aplica)	ASTRA5-MESA-MIGRACION	NO-ACCESIBLE-DESDE-SANDBOX (existencia no comprobada; no equivale a «no existe», A.4) → GEN2-ASTRA5-U5-ADQUISICION-1, con la receta forense/analisis/dominios/receta-acceso-fuentes-2026-09-24.md. Adquirir la estimacion MPI 2023 (perfil 'Mexican Immigrants in the United States') por una via que no sea bloqueada (p.ej. cache, PDF directo, o solicitud institucional) y el desglose estatal de remesas por estado de origen; marcar el 38-40M de ascendencia como (b) diaspora, no evidencia sobre residentes en Mexico.	CONC-DOC-MPI-MIGRACION-10_9M-REMESAS-ESTATAL		buscar_lotes_transversal.py '10.9 millones' -> 0; '38-40 millones' -> 0; 'rito de paso' -> 1 (MIGR-008, distinta); 'remesas' -> 28 (FIN-030, dedup). SEGUNDA PASADA 2026-09-24: WebFetch migrationpolicy.org/article/mexican-immigrants-united-states -> 403; migrationpolicy.org/programs/data-hub/charts/immigrant-population-country-birth -> 403; 2 consultas, ambas bloqueadas.	MIGRACION	Cambiaría si el MPI no reporta 10.9M para 2023, o si el desglose estatal de remesas no coincide con Guanajuato/Michoacán/Jalisco como líderes al cotejarlo con Banxico.
ASTRA5-U0-SINT-016	transversal-017	LECTURA-2ead6a5a-23	L151-L153	José Vasconcelos promovió la ideología del mestizaje en La Raza Cósmica (1925)... Para 1930, todas las categorías raciales excepto 'indígena' desaparecieron del censo. La identidad mestiza unificada... también borra identidades indígenas y afromexicanas, normaliza el colorismo... y crea disonancia cognitiva entre el discurso oficial y la experiencia vivida de racismo.	NO-EXPLÍCITO	NORMA-O-ACTO-DOCUMENTAL	(a) primaria México (obra e historia censal mexicana)	Existencia e identidad del texto de Vasconcelos (La Raza Cósmica, 1925) y del cambio de categorías raciales en el Censo de Población de 1930 (documentos históricos primarios).	La existencia del libro y el cambio censal son verificables documentalmente; la función psicológica atribuida ('crea disonancia cognitiva', 'normaliza el colorismo') es interpretación del report sin instrumento que la mida en personas vivas hoy — no hay desenlace observable individual para esa parte.	Documento histórico (libro, 1925) y acto censal (Censo de Población 1930); no hay unidad-persona observable para el componente interpretativo.	Vasconcelos, La Raza Cósmica (1925); Censo de Población y Vivienda 1930 (INEGI/Dirección General de Estadística)	https://www.inegi.org.mx/programas/ccpv/1930/ (INEGI, 'Quinto Censo de Poblacion (CPV) 1930'; pagina oficial confirmada por WebFetch el 2026-09-24) · Vasconcelos, J., 'La Raza Cosmica' (Agencia Mundial de Libreria, 1925): obra bibliografica de dominio publico ampliamente documentada; intento de localizar texto completo en Project Gutenberg fallo (catalogo de autor incorrecto, 0 coincidencias); EXISTENCIA-NO-COMPROBADA de una URL de texto completo en esta sesion, aunque la identidad bibliografica (autor/titulo/ano/editorial) es hecho historico consolidado, no en disputa.	INEGI confirma pagina oficial 'Quinto Censo de Poblacion (CPV) 1930' como parte de su serie historica de censos; el detalle de categorias raciales retiradas en esa edicion no se leyo directamente en esta sesion (pagina solo confirmo el encabezado). Vasconcelos (1925): no se leyo pasaje esta sesion.	MEDIBLE-CON-ADQUISICIÓN	La existencia del libro de Vasconcelos y el cambio censal de 1930 son verificables documentalmente. El Censo de Poblacion 1930 queda confirmado por la pagina oficial de INEGI (serie 'ccpv/1930'), aunque el detalle especifico de categorias raciales retiradas no se leyo directamente (pendiente de adquisicion del documento completo o su version digitalizada en el archivo historico de INEGI/AGN). 'La Raza Cosmica' (1925) es un hecho bibliografico historico consolidado (autor, titulo, ano, editorial Agencia Mundial de Libreria) no localizado por URL de texto completo en esta sesion (Project Gutenberg no lo cataloga bajo el autor consultado): EXISTENCIA-NO-COMPROBADA de la fuente digital especifica tras 1 intento. La funcion psicologica atribuida ('crea disonancia cognitiva', 'normaliza el colorismo') sigue siendo NO-MEDIBLE-POR-DISEÑO: ningun instrumento recorrido en el corpus mide disonancia cognitiva por mestizaje en personas vivas hoy; no se identifico instrumento tras este recorrido, lo que no equivale a imposibilidad universal.	SIN-ID-MANIFIESTO; pagina oficial INEGI del Censo 1930 confirmada el 2026-09-24; La Raza Cosmica (1925) identificada bibliograficamente pero sin URL de texto completo confirmada en esta sesion	No aplica	ninguna corrida con SIN-ID-MANIFIESTO (u0mf --calc: no aplica)	ASTRA5-MESA-RURAL	NO-ACCESIBLE-DESDE-SANDBOX (existencia no comprobada; no equivale a «no existe», A.4) → GEN2-ASTRA5-U5-ADQUISICION-1, con la receta forense/analisis/dominios/receta-acceso-fuentes-2026-09-24.md. Adquirir La Raza Cosmica (1925, Agencia Mundial de Libreria) via un repositorio de dominio publico (Biblioteca Virtual Miguel de Cervantes, biblioteca UNAM, o Internet Archive) y la documentacion del Censo 1930 (categorias raciales retiradas) desde el archivo historico de INEGI/AGN; declarar la parte interpretativa (disonancia cognitiva) como NO-MEDIBLE-POR-DISEÑO al registrar.	CONC-DOC-VASCONCELOS-MESTIZAJE-CENSO1930		buscar_lotes_transversal.py 'Vasconcelos' -> 0; 'raza cosmica' -> 0; 'censo 1930' -> 0; 'mestizaje' -> 0. SEGUNDA PASADA 2026-09-24: WebFetch inegi.org.mx/programas/ccpv/1930/ -> confirma pagina oficial 'Quinto Censo de Poblacion (CPV) 1930'; WebFetch gutenberg.org/ebooks/author/5306 -> catalogo de autor incorrecto (Robert Montgomery Bird), 0 coincidencias con Vasconcelos; 2 consultas.	RURAL_INDIGENA	Cambiaría si el Censo 1930 no muestra la eliminación de categorías raciales (salvo indígena) al cotejarlo con el documento oficial del INEGI/AGN.
ASTRA5-U0-SINT-017	transversal-018	LECTURA-2ead6a5a-24	L161	En el norte, Baja California tiene 9.9% de pobreza y 0.4% de pobreza extrema. En el sur, Chiapas tiene 66.0% de pobreza y 27.1% de pobreza extrema — una tasa 6 veces mayor. La divergencia se amplió después del TLCAN.	NO-EXPLÍCITO	CIFRA-PUBLICADA	(a) primaria México (CONEVAL)	Tasa de pobreza y pobreza extrema por entidad (Baja California 9.9%/0.4% vs. Chiapas 66.0%/27.1%), medición CONEVAL.	CONEVAL tiene una fuente registrada en manifiesto ('pobreza_municipal_2020_vcompl', .rar) pero es un corte MUNICIPAL 2020, no el corte estatal que cita el report; cero microdato impide abrir el .rar en este lote aunque estuviera registrado, y el año/corte no coincide necesariamente con el citado.	Hogar/persona por entidad federativa; medición de pobreza multidimensional CONEVAL (año de la medición no citado explícitamente por el report más allá de la comparación norte/sur).	CONEVAL, medición de pobreza multidimensional por entidad federativa	https://www.coneval.org.mx/Medicion/MP/Paginas/Pobreza_2020.aspx (CONEVAL, medicion de pobreza multidimensional nacional y por entidad federativa 2016/2018/2020; pagina oficial confirmada por WebFetch el 2026-09-24); ademas manifiesto ya registra pobreza_municipal_2020_vcompl|c37a4ee0467544b764ee787e03363d3e202d25a474dfff82aadc7531843e75b2|raiz descargas_mx (corte municipal, no estatal)	Pagina oficial CONEVAL confirma que presenta 'resultados de la medicion de pobreza multidimensional a nivel nacional y estatal para 2016, 2018 y 2020', con un 'Anexo Estadistico' y 'Cuadro resumen evolucion nacional y por entidad federativa'; las cifras exactas de Baja California (9.9%/0.4%) y Chiapas (66.0%/27.1%) no estan visibles en el extracto (requieren el Anexo Estadistico completo o la herramienta interactiva INFOPOBREZA).	MEDIBLE-CON-ADQUISICIÓN	Se confirma que CONEVAL SI publica el corte ESTATAL de pobreza multidimensional (2016/2018/2020) por separado del archivo municipal ya en manifiesto (pobreza_municipal_2020_vcompl.rar); la pagina oficial referencia un 'Anexo Estadistico' con 'Cuadro resumen ... por entidad federativa' que aun no se adquiere ni registra. Las cifras exactas de Baja California y Chiapas citadas por el report no se leyeron directamente en esta sesion, pero el documento que las contiene queda identificado con URL oficial.	pobreza_municipal_2020_vcompl|c37a4ee0467544b764ee787e03363d3e202d25a474dfff82aadc7531843e75b2|raiz descargas_mx (corte municipal 2020, ya en manifiesto); Anexo Estadistico ESTATAL confirmado en coneval.org.mx/Medicion/MP/Paginas/Pobreza_2020.aspx el 2026-09-24, sin sha256 propio; U0 no abrio microdato (cero microdato, .rar comprimido)	No aplica	ninguna corrida con este payload_id (u0mf --calc: 0)	ASTRA5-U0	Adquirir el Anexo Estadistico ESTATAL de CONEVAL 2020 (o la edicion correspondiente) desde coneval.org.mx/Medicion/MP/Paginas/Pobreza_2020.aspx; registrar en manifiesto con sha256; cotejar 9.9%/0.4% (Baja California) y 66.0%/27.1% (Chiapas).	CONC-DOC-CONEVAL-POBREZA-ESTATAL-BC-CHIAPAS		u0mf --busca coneval -> 1 de 1680 (pobreza_municipal_2020_vcompl, corte municipal); buscar_lotes_transversal.py '9.9% de pobreza' -> 0; '66.0%' -> 0. SEGUNDA PASADA 2026-09-24: WebFetch coneval.org.mx/Medicion/MP/Paginas/Pobreza_2020.aspx -> confirma existencia de resultados nacionales y ESTATALES 2016/2018/2020 y Anexo Estadistico; cifras exactas BC/Chiapas no visibles en el extracto; 1 consulta.	MOVILIDAD	Cambiaría si el corte estatal CONEVAL del año correspondiente no reporta 9.9%/66.0% para BC/Chiapas al agregarlo desde el archivo municipal ya en manifiesto.
ASTRA5-U0-SINT-018	transversal-019	LECTURA-2ead6a5a-27	L177-L179	México alcanzó el puesto 33 global en el Índice de Brecha de Género 2024 del WEF... Logró 100% de paridad parlamentaria (50.4% mujeres)... Las mujeres ganan MXN $6,360/mes vs. hombres MXN $9,762 (brecha del 35%). Las mujeres trabajan 48.5 horas/semana en trabajo de cuidado no remunerado vs. 19.5 horas los hombres. El trabajo doméstico no remunerado de 17 millones de mujeres se valora en 7.2 billones de pesos (~24% del PIB).	NO-EXPLÍCITO	CIFRA-PUBLICADA	(a) primaria México (INEGI/cuenta satélite) + (c) WEF (marco comparativo internacional)	Puesto global 33 (WEF GGGI 2024); paridad parlamentaria 50.4%; brecha salarial mensual (6,360 vs. 9,762 MXN); horas de trabajo de cuidado no remunerado por sexo (48.5 vs. 19.5); valor económico del trabajo doméstico no remunerado femenino (7.2 billones de pesos, ~24% del PIB, cuenta satélite de trabajo no remunerado).	GEN-026 ya dictamina otro sub-índice del mismo WEF GGGI 2024 (participación económica, puesto 109/146), distinto del puesto general 33 citado aquí (son sub-rankings del mismo índice, no intercambiables); la brecha salarial y las horas de cuidado no están citadas con fuente/año exactos por el report (¿ENOE? ¿ENUT 2024?).	País (ranking WEF); persona ocupada (brecha salarial); persona (horas de trabajo de cuidado no remunerado, probablemente ENUT).	World Economic Forum, Global Gender Gap Report 2024; posible ENOE/ENUT 2024 para brecha salarial y horas de cuidado (no citado explícitamente)	https://www3.weforum.org/docs/WEF_GGGR_2024.pdf (World Economic Forum, Global Gender Gap Report 2024; PDF oficial de 9.4MB confirmado existente y descargado por WebFetch el 2026-09-24, pero el contenido no se pudo extraer como texto legible en esta sesion -- documento binario/codificado no convertido). weforum.org/press/... y weforum.org/publications/... bloquearon el acceso (403).	PDF oficial confirmado en el dominio propio del WEF (www3.weforum.org), pero su texto no se extrajo en esta sesion (fallo de conversion PDF->texto); las cifras de puesto 33, paridad parlamentaria 50.4%, brecha salarial 6,360/9,762 MXN y horas de cuidado 48.5/19.5 NO se confirmaron literalmente. GEN-026 ya dictamina un sub-indice distinto del mismo informe (participacion economica, puesto 109/146).	MEDIBLE-CON-ADQUISICIÓN	El WEF GGGI 2024 solo tiene un acierto parcial en GEN-026 (sub-indice distinto: participacion economica 109/146, no el puesto general 33); paridad parlamentaria 50.4%, brecha salarial 6,360/9,762 y horas de cuidado 48.5/19.5 no tienen acierto en genero ni en ningun otro lote recorrido. El documento oficial queda identificado con URL exacta y se confirmo su existencia real (PDF de 9.4MB en el dominio propio del WEF), pero su contenido no se pudo leer en esta sesion (fallo de extraccion de texto del PDF, mas dos bloqueos 403 en paginas HTML del WEF): EXISTENCIA-NO-COMPROBADA de las cifras especificas tras 3 consultas.	SIN-ID-MANIFIESTO; PDF oficial confirmado en www3.weforum.org/docs/WEF_GGGR_2024.pdf el 2026-09-24 (documento real, 9.4MB); texto no extraido: EXISTENCIA-NO-COMPROBADA de las cifras especificas tras 3 consultas	No aplica	ninguna corrida con SIN-ID-MANIFIESTO (u0mf --calc: no aplica)	ASTRA5-U1	NO-ACCESIBLE-DESDE-SANDBOX (existencia no comprobada; no equivale a «no existe», A.4) → GEN2-ASTRA5-U5-ADQUISICION-1, con la receta forense/analisis/dominios/receta-acceso-fuentes-2026-09-24.md. Adquirir el WEF Global Gender Gap Report 2024 completo (URL ya confirmada: www3.weforum.org/docs/WEF_GGGR_2024.pdf) con una herramienta de extraccion de PDF distinta (no solo el sub-indice ya en GEN-026) y la fuente de horas de cuidado/brecha salarial (probable ENUT 2024/ENOE), cotejando contra GEN-026 para no duplicar el mismo indice.	CONC-DOC-WEF-GGGI-2024-PARIDAD-BRECHASALARIAL		buscar_lotes_transversal.py 'WEF' -> 1 (GEN-026, sub-indice distinto); 'paridad parlamentaria' -> 0; '6,360' -> 0; '48.5 horas' -> 0; '17 millones' -> 0. SEGUNDA PASADA 2026-09-24: WebFetch weforum.org/publications/global-gender-gap-report-2024/ -> 403; www3.weforum.org/docs/WEF_GGGR_2024.pdf -> 200 pero texto no extraible (PDF binario); weforum.org/press/2024/06/global-gender-gap-report-2024-insight-report/ -> 403; es.wikipedia.org indice de brecha de genero -> 404; 4 consultas.	GENERO	Cambiaría si el WEF GGGI 2024 no ubica a México en el puesto 33 general al cotejar el documento completo, o si ENUT 2024 no reproduce la razón 48.5/19.5 horas de cuidado.
ASTRA5-U0-SINT-019	transversal-020	TRANSVERSAL-INTERNO-05	L229-L231	Su Gini (43.5) es menor que Colombia (53.9) y Brasil (51.6), similar a Chile (43.0)... su CPI de 26 es peor que Brasil (34), Argentina (~33) y Colombia (39)... México tiene 11 ciudades entre las 50 más violentas del mundo (2023), con tendencia empeorante cuando Brasil, Colombia y El Salvador han mejorado.	NO-EXPLÍCITO	CIFRA-PUBLICADA	(c) marco comparativo internacional (series OCDE/Banco Mundial, TI, Consejo Ciudadano)	Comparación de México con Colombia/Brasil/Chile (Gini), Brasil/Argentina/Colombia (CPI) y ranking de ciudades más violentas del mundo 2023 (11 de 50 mexicanas), con tendencia por país.	El CPI de México (26/27) ya está contratado en MER-008; esta unidad añade las cifras COMPARATIVAS de otros países (Brasil 34, Argentina 33, Colombia 39) y de Gini (Colombia 53.9, Brasil 51.6, Chile 43.0), que no están en el contrato ni en ningún lote recorrido; el ranking de '50 ciudades más violentas' proviene típicamente del Consejo Ciudadano para la Seguridad Pública, no citado por nombre en el report.	País (comparación internacional de Gini y CPI); ciudad (ranking de 50 ciudades más violentas del mundo, 2023).	Banco Mundial/OCDE (Gini comparado); Transparency International CPI (comparado, distinto de la ficha México ya en MER-008); Consejo Ciudadano para la Seguridad Pública y la Justicia Penal (ranking de ciudades, no confirmado por nombre)	World Bank SI.POV.GINI (Gini comparado Colombia/Brasil/Chile/Argentina): WebFetch bloqueado por 429 Too Many Requests. Transparency International CPI 2023 (transparency.org/en/cpi/2023): pagina oficial confirmada existente, cifras por pais no extraidas del extracto (remiten al Excel/PDF descargable). Consejo Ciudadano para la Seguridad Publica y la Justicia Penal, A.C., ranking anual de 50 ciudades mas violentas del mundo: institucion real y publicacion anual bien documentada; las dos URLs de dominio intentadas devolvieron 404/socket cerrado -- EXISTENCIA-NO-COMPROBADA de la URL/edicion 2023 exacta tras 2 intentos.	TI confirma que el CPI 2023 existe como informe oficial con hallazgos regionales para las Americas ('lack of judicial independence'), pero los puntajes especificos de Mexico/Brasil/Argentina/Colombia no se extrajeron del contenido disponible. World Bank y Consejo Ciudadano no se pudieron leer en esta sesion.	MEDIBLE-CON-ADQUISICIÓN	Las cifras de Mexico en cada indice ya estan cubiertas por dedup (Gini via clasemediero, CPI via MER-008). Las cifras de los PAISES COMPARADOS (Colombia/Brasil/Chile/Argentina) y el ranking de ciudades siguen sin acierto en ningun lote recorrido ni en manifiesto. Los tres emisores (Banco Mundial, Transparency International, Consejo Ciudadano para la Seguridad Publica y la Justicia Penal) son instituciones reales que publican exactamente este tipo de tabla comparativa anual, pero ninguna de las tres se pudo leer literalmente en esta sesion: EXISTENCIA-NO-COMPROBADA de las cifras especificas tras 3 consultas (World Bank 429, TI sin cifras en el extracto, Consejo Ciudadano 404/socket cerrado en dos dominios).	SIN-ID-MANIFIESTO; ninguna de las tres series comparativas (Gini Banco Mundial, CPI comparado, ranking Consejo Ciudadano) se leyo literalmente en esta sesion	No aplica	ninguna corrida con SIN-ID-MANIFIESTO (u0mf --calc: no aplica)	ASTRA5-U0	NO-ACCESIBLE-DESDE-SANDBOX (existencia no comprobada; no equivale a «no existe», A.4) → GEN2-ASTRA5-U5-ADQUISICION-1, con la receta forense/analisis/dominios/receta-acceso-fuentes-2026-09-24.md. Adquirir la tabla comparativa de Gini del Banco Mundial (reintentar tras 429), el CPI 2023 completo de Transparency International (Excel/PDF 'Global Results & Trends') y el ranking de 50 ciudades mas violentas del Consejo Ciudadano 2023 (buscar dominio correcto, p.ej. seguridadjusticiaypaz.org.mx) para verificar cada cifra comparada.	CONC-DOC-COMPARACION-LATAM-GINI-CPI-VIOLENCIA		buscar_lotes_transversal.py 'Chiapas' (proxy Gini) sin acierto de comparacion LatAm; ver transversal-001 (MER-008, ENLACE) para la cifra propia de Mexico ya contratada. SEGUNDA PASADA 2026-09-24: WebFetch data.worldbank.org/indicator/SI.POV.GINI?locations=CO-BR-CL-AR-MX -> 429; transparency.org/en/cpi/2023 -> 200, sin cifras por pais en el extracto; WebFetch consejociudadanomx.org.mx -> socket cerrado; seguridadjusticiaypaz.org.mx -> no completado (mismo intento); 3 consultas.	CONFIANZA	Cambiaría si las tablas oficiales de Gini/CPI no reproducen los valores comparados citados para Colombia/Brasil/Chile/Argentina, o si el ranking de ciudades violentas de 2023 no incluye 11 mexicanas.
ASTRA5-U0-SINT-020	transversal-021	TRANSVERSAL-INTERNO-05	L255-L257	La relación personal debe preceder a la transacción comercial... El 'no' directo se considera descortés... La jerarquía es crítica: solo la alta dirección toma decisiones... enviar a alguien de nivel inferior se percibe como falta de respeto.	NO-EXPLÍCITO	RECOMENDACION	no-aplica (recomendación práctica de negociación, sin cita de estudio ni cifra)	No hay componente empírico propio: es una recomendación de etiqueta de negocios sin cifra, n, ni estudio citado; recombina el mismo hallazgo de alta distancia de poder y comunicación indirecta ya dictaminado (Hofstede PDI 81 en CONS-027; alto contexto en INTER-017/029).	Contenido normativo/recomendación sin desenlace observable propio: no cita un estudio de negociación con universo, n o instrumento; es una extensión práctica de PDI/alto-contexto, ya dictaminados en otras filas.	No aplica (recomendación editorial, no observación empírica).	No aplica	No aplica	No aplica	NO-MEDIBLE-POR-DISEÑO	Contenido normativo/recomendación de negociación sin desenlace observable propio ni estudio citado; recombina el hallazgo de distancia de poder (PDI 81, ya en CONS-027) y comunicación de alto contexto (ya en INTER-017/INTER-029) sin aportar dato nuevo. No se identificó instrumento tras este recorrido; no equivale a imposibilidad universal: un estudio de negociación intercultural con muestra de negociadores mexicanos sí podría operacionalizarlo.	No aplica	No aplica	ninguna corrida (recomendación editorial; u0mf --calc no aplica)	ASTRA5-MESA-INTERACCION	Si se quiere medir, diseñar un estudio observacional o experimental de negociación intercultural con negociadores mexicanos identificados; mientras tanto, tratar como extensión de PDI/alto-contexto ya dictaminados.	CONC-DOC-NEGOCIACION-ETIQUETA-EMPRESARIAL		buscar_lotes_transversal.py 'negociación' -> 1 (TRAB-053, afirmación distinta); 'alto contexto' -> 2 (INTER-017/029, ya dedup del mecanismo subyacente).	INTERACCION	Cambiaría de clase si se identificara un estudio con universo de negociadores mexicanos, n e instrumento propios que midan directamente el efecto de la jerarquía/relación personal en el resultado de una negociación.
ASTRA5-U0-SINT-021	transversal-022	TRANSVERSAL-INTERNO-05	L249	Una advertencia metodológica de Cernas Ortiz et al. (2018): las escalas de satisfacción laboral y compromiso organizacional desarrolladas en EE.UU. no son equivalentes en México debido a sesgos culturales de respuesta (sesgo de aquiescencia y sesgo de lenidad más altos en México).	NO-EXPLÍCITO	CONCLUSION-DE-ESTUDIO	(a) primaria México (advertencia metodológica sobre escalas aplicadas en México)	Diferencial de sesgo de respuesta (aquiescencia, lenidad) en escalas de satisfacción laboral/compromiso organizacional aplicadas en México vs. EE.UU. (Cernas Ortiz et al., 2018).	Es una advertencia metodológica sobre comparabilidad de instrumentos, no una medición sustantiva de satisfacción laboral; su componente propio es el tamaño del sesgo de respuesta reportado, no citado con cifra exacta por el report.	Persona empleada; estudio de Cernas Ortiz et al. (2018), universo/n no citados por el report.	Cernas Ortiz et al. (2018)	DOI:10.22201/fca.24488410e.2018.986 (Cernas Ortiz, D.A., Mercado Salgado, P. & Leon Cazares, F. 2018, 'Satisfaccion laboral y compromiso organizacional: prueba de equivalencia de medicion entre Mexico y Estados Unidos', Contaduria y Administracion; confirmado por Crossref)	Resumen Crossref confirma literalmente: 'las escalas analizadas no son invariantes entre las culturas' (Mexico vs. Estados Unidos) -- estudio de equivalencia de medicion de escalas de satisfaccion laboral y compromiso organizacional, coincide exactamente con la advertencia metodologica citada por el report. Tamano exacto del sesgo de aquiescencia/lenidad pendiente de lectura directa del articulo.	MEDIBLE-CON-ADQUISICIÓN	Documento primario identificado con exactitud por Crossref: Cernas Ortiz, Mercado Salgado y Leon Cazares (2018), Contaduria y Administracion, DOI 10.22201/fca.24488410e.2018.986, sobre prueba de equivalencia de medicion entre Mexico y EE.UU. para escalas de satisfaccion laboral y compromiso organizacional -- coincide exactamente con la advertencia metodologica citada por el report (no son invariantes entre culturas).	SIN-ID-MANIFIESTO; DOI 10.22201/fca.24488410e.2018.986 confirmado por Crossref el 2026-09-24	No aplica	ninguna corrida con SIN-ID-MANIFIESTO (u0mf --calc: no aplica)	ASTRA5-MESA-AUTORIDAD	Adquirir Cernas Ortiz, Mercado Salgado y Leon Cazares (2018), DOI 10.22201/fca.24488410e.2018.986; citar el tamano exacto del sesgo de aquiescencia/lenidad reportado.	CONC-DOC-CERNAS-ORTIZ-SESGO-ESCALAS-2018		buscar_lotes_transversal.py 'Cernas Ortiz' -> 0; 'aquiescencia' -> 0. SEGUNDA PASADA 2026-09-24: Crossref 'Cernas Ortiz 2018 acquiescence leniency bias organizational commitment Mexico' -> sin match exacto (candidato 2016 hallado); 'query.author=Cernas-Ortiz + response style Mexico' filtro 2017-2019 -> sin match; 'Cernas-Ortiz 2018 invarianza medicion satisfaccion laboral compromiso organizacional' -> match exacto DOI 10.22201/fca.24488410e.2018.986; 3 consultas.	TRABAJO	Cambiaría si, al adquirir el estudio, no reporta diferencial de sesgo de respuesta entre México y EE.UU.
ASTRA5-U0-SINT-022	transversal-023	TRANSVERSAL-INTERNO-05	L265-L267	El programa de transferencias condicionadas Progresa (1997)... fue replicado en más de 50 países. Parker y Vogl (2023, Economic Journal) encontraron que las transferencias condicionadas mejoraron los resultados económicos en la siguiente generación. Cuando Prospera fue súbitamente reemplazado por Becas Benito Juárez en 2019, las localidades con alta penetración 'llevaron una carga sustancial para la juventud.'	NO-EXPLÍCITO	CONCLUSION-DE-ESTUDIO	(a) primaria México (evaluación de un programa mexicano)	Efecto intergeneracional de Progresa/Oportunidades/Prospera sobre resultados económicos de la generación siguiente (Parker & Vogl, 2023, Economic Journal); efecto de su reemplazo súbito por Becas Benito Juárez (2019).	Es evaluación de política pública con diseño cuasi-experimental (el programa tuvo fase piloto aleatorizada por localidad en 1997-2000), no una medición de 'psicología mexicana' en sentido amplio; el residuo de esta unidad son las cifras exactas del efecto (no citadas por el report) y la fuente del efecto negativo del reemplazo por Becas Benito Juárez.	Hogar/persona beneficiaria; localidades con historial de Progresa/Oportunidades/Prospera (1997-2019), efecto medido en la generación siguiente.	Parker y Vogl (2023), Economic Journal; evaluación administrativa de Becas Benito Juárez (2019, reemplazo de Prospera)	DOI:10.1093/ej/uead049 (Parker, S.W. & Vogl, T. 2023, 'Do Conditional Cash Transfers Improve Economic Outcomes in the Next Generation? Evidence from Mexico', The Economic Journal 133(655); confirmado por Crossref)	Resumen Crossref confirma literalmente: 'childhood exposure improves women's outcomes in early adulthood with increases in educational attainment, geographic mobility, labour market performance' mientras que para hombres los efectos son 'smaller and more difficult to distinguish from spatial convergence' -- estudio de impacto intergeneracional de Progresa, coincide exactamente con la cita del report. Cifras exactas de magnitud del efecto pendientes de lectura directa del articulo.	MEDIBLE-CON-ADQUISICIÓN	Documento primario identificado con exactitud por Crossref: Parker y Vogl (2023), The Economic Journal 133(655), DOI 10.1093/ej/uead049, sobre efectos economicos intergeneracionales de Progresa/Oportunidades -- coincide exactamente con autores, revista y ano citados por el report. RURAL-044 (Hevia de la Jara) sigue dictaminando un componente distinto (nuevos intermediarios institucionales), no este efecto intergeneracional.	SIN-ID-MANIFIESTO; DOI 10.1093/ej/uead049 confirmado por Crossref el 2026-09-24	No aplica	ninguna corrida con SIN-ID-MANIFIESTO (u0mf --calc: no aplica)	ASTRA5-MESA-RURAL	Adquirir Parker y Vogl (2023), DOI 10.1093/ej/uead049; extraer las cifras exactas del efecto por sexo; buscar por separado la evaluacion administrativa de Becas Benito Juarez (2019, reemplazo de Prospera) para el componente del reemplazo subito.	CONC-DOC-PROGRESA-PARKERVOGL-BECASBENITOJUAREZ		buscar_lotes_transversal.py 'Progresa' -> 2 (RURAL-044, distinto); 'Parker' -> 0; 'Benito Juarez' -> 1 (VIOL-035, no relacionado). SEGUNDA PASADA 2026-09-24: Crossref 'Parker Vogl conditional cash transfers next generation Mexico Economic Journal' -> match exacto DOI 10.1093/ej/uead049; 1 consulta.	POLITICA	Cambiaría si Parker y Vogl (2023) no reporta mejora intergeneracional al leerlo directamente, o si la evaluación de Becas Benito Juárez no sostiene el efecto negativo citado.
ASTRA5-U0-SINT-023	transversal-024	TRANSVERSAL-INTERNO-05	L259-L263	El mercado mexicano de salud mental alcanzó USD $40.72 mil millones en 2024, proyectado a $88.07 mil millones para 2033 (CAGR 8.88%)... Más de una cuarta parte de participantes de estudio endosaron auto-estigma (Gearing et al., 2024)... pacientes... percibían que los propios psiquiatras mantenían actitudes estigmatizantes (Lagunes-Cordoba et al., 2021).	NO-EXPLÍCITO	CIFRA-PUBLICADA	mixta ((c) tamaño de mercado, fuente de consultoría; (a) primaria México para los estudios de estigma)	Tamaño y proyección del mercado de servicios de salud mental (USD 40.72B en 2024, CAGR 8.88% a 2033); prevalencia de auto-estigma (Gearing et al. 2024) y percepción de estigma por parte de psiquiatras (Lagunes-Cordoba et al. 2021).	El tamaño de mercado en dólares es un indicador de gasto/oferta de servicios, no una medida de conducta individual ni de prevalencia de trastornos; los dos estudios de estigma sí tienen universo clínico propio no citado con n exacto por el report.	Mercado (gasto agregado en salud mental, USD, 2024-2033); persona en tratamiento psiquiátrico (estudios de estigma, universo/n no citados).	Consultoría de mercado no identificada por nombre; Gearing et al. (2024); Lagunes-Cordoba et al. (2021)	DOI:10.1007/s10597-021-00907-5 (Lagunes-Cordoba, E. et al. 2021, 'Mexican Psychiatric Trainees' Attitudes Towards People with Mental Illness: A Qualitative Study', Community Mental Health Journal 58(5); confirmado por Crossref, ano exacto coincide) -- companero: DOI 10.1007/s10597-020-00706-4 (mismo grupo, 'Mental Health Service Users' Perceptions of Stigma, From the General Population and From Mental Health Professionals in Mexico', 2020, tema mas cercano a la cita del report sobre pacientes que perciben estigma de psiquiatras, pero ano 2020 no 2021). Gearing et al. 2024 (auto-estigma, mas de una cuarta parte): EXISTENCIA-NO-COMPROBADA tras 3 consultas Crossref dedicadas (grupo de investigacion real confirmado: Brewer, Gearing et al. publican regularmente sobre estigma en Mexico -- 2021 prision, 2024 comparacion Latino EE.UU./Mexico DOI 10.1007/s10903-023-01550-w, 2025 diabetes/depresion DOI 10.1037/sah0000629 -- pero ningun articulo especifico de 2024 sobre auto-estigma con el cuarto de prevalencia citado se localizo). Informe de mercado de salud mental (USD 40.72B): EXISTENCIA-NO-COMPROBADA, sin nombre de consultora en el report.	Resumen Crossref de Lagunes-Cordoba et al. (2021) confirma que psiquiatras en formacion reconocen que colegas psiquiatras pueden 'harbor negative attitudes toward patients with mental illness'; el companero 2020 confirma que usuarios de servicios identifican a los psiquiatras como fuente de estigma. Gearing 2024 y el informe de mercado no se confirmaron literalmente.	MEDIBLE-CON-ADQUISICIÓN	Lagunes-Cordoba queda identificado por Crossref con dos articulos candidatos del mismo grupo de investigacion (2020 y 2021) sobre estigma psiquiatrico en Mexico -- el de 2021 coincide en ano exacto con la cita del report, el de 2020 coincide mejor en contenido (percepcion de pacientes sobre psiquiatras); ambos deben cotejarse al adquirir. Gearing et al. 2024 no se localizo con precision tras 3 consultas (EXISTENCIA-NO-COMPROBADA) aunque el grupo de investigacion (Brewer/Gearing, estigma en Mexico) es real y activo, con publicaciones adyacentes en 2021/2024/2025. El informe de mercado de salud mental (USD 40.72B) no esta identificado por nombre en el report ni se localizo en esta sesion: EXISTENCIA-NO-COMPROBADA.	SIN-ID-MANIFIESTO; DOI 10.1007/s10597-021-00907-5 y 10.1007/s10597-020-00706-4 confirmados por Crossref el 2026-09-24 para el grupo Lagunes-Cordoba; Gearing 2024 e informe de mercado sin confirmar	No aplica	ninguna corrida con SIN-ID-MANIFIESTO (u0mf --calc: no aplica)	ASTRA5-MESA-SALUD	NO-ACCESIBLE-DESDE-SANDBOX (existencia no comprobada; no equivale a «no existe», A.4) → GEN2-ASTRA5-U5-ADQUISICION-1, con la receta forense/analisis/dominios/receta-acceso-fuentes-2026-09-24.md. Adquirir ambos articulos de Lagunes-Cordoba (DOI 10.1007/s10597-021-00907-5 y 10.1007/s10597-020-00706-4) y determinar cual coincide con la cita exacta del report; buscar con mas presupuesto el articulo especifico de Gearing et al. 2024 sobre auto-estigma (posible working paper o capitulo no indexado aun en Crossref); identificar el informe de mercado de salud mental por nombre de consultora (p.ej. Grand View Research, IMARC, Mordor Intelligence) antes de adquirirlo.	CONC-DOC-MERCADO-SALUDMENTAL-ESTIGMA-GEARING-LAGUNES		buscar_lotes_transversal.py '40.72' -> 0; 'Gearing' -> 0; 'Lagunes' -> 0; 'salud mental' -> 26 (ninguno coincide). SEGUNDA PASADA 2026-09-24: Crossref 'Gearing 2024 self-stigma mental illness Mexico' -> sin match exacto; 'Gearing self-stigma schizophrenia Mexico CURA' -> candidatos relacionados (diabetes/depresion 2025, prision 2021); 'query.author=Gearing + self-stigma serious mental illness Mexico 2024' -> candidato Brewer/Gibson/Tomar 2024 DOI 10.1007/s10903-023-01550-w (Latino US vs Mexico); 'Lagunes-Cordoba 2021 stigma psychiatrists Mexico' -> 2 candidatos DOI 10.1007/s10597-021-00907-5 y 10.1007/s10597-020-00706-4; 4 consultas.	SALUD_MENTAL	Cambiaría si el informe de mercado no reporta 40.72B USD para 2024, o si Gearing/Lagunes-Cordoba no sostienen las cifras de estigma al leerlos.
ASTRA5-U0-SINT-024	transversal-025	TRANSVERSAL-INTERNO-06	L289-L291	El sector fintech mexicano alcanzó $6.1 mil millones en 2022... Para 2024: 803 startups fintech locales + 301 internacionales (1,104 total). Los ingresos crecieron 31% en 2024. El 74% de todo el capital de riesgo... fue a fintech. El 68% de fintechs ha integrado IA, y el 16% de mexicanos ha usado criptomonedas.	NO-EXPLÍCITO	CIFRA-PUBLICADA	(c) informe sectorial (consultoría/asociación fintech, no identificada por nombre)	Tamaño de mercado fintech ($6.1B 2022), conteo de startups (803 locales + 301 internacionales, 2024), crecimiento de ingresos (31%), participación en capital de riesgo (74%), adopción de IA (68% de fintechs) y uso de criptomonedas (16% de mexicanos).	Son indicadores de oferta/mercado sectorial (empresas, capital, ingresos), no conducta individual mexicana con excepción del 16% de uso de criptomonedas, que sí es un indicador de conducta de consumo/inversión pero sin universo ni instrumento citado (¿encuesta? ¿estimación de exchange?).	Empresa (conteo de startups, capital de riesgo, adopción de IA); persona (16% uso de criptomonedas, universo/n no citados).	Informe sectorial fintech no identificado por nombre en el report (posiblemente Finnovista Fintech Radar o similar)	Candidato identificado por conocimiento del sector: Finnovista, 'Fintech Radar Mexico' (censo anual de startups fintech mexicanas, coedicion con BID/Finnovista Lab), emisor tipico de este tipo de conteo sectorial (startups locales/internacionales, capital de riesgo). URL finnovista.com/fintech-radar-mexico/ intentada -> 404 en esta sesion: EXISTENCIA-NO-COMPROBADA de la edicion 2024 exacta tras 1 consulta.	No verificado en esta sesion (404 en la URL intentada).	MEDIBLE-CON-ADQUISICIÓN	El report no identifica el informe sectorial por nombre; no esta en manifiesto (unica entrada 'fintech' en manifiesto es un NBER working paper sobre credito sin historial crediticio, tema distinto). Se identifico un candidato plausible por conocimiento del sector (Finnovista, 'Fintech Radar Mexico', censo anual conocido de startups fintech mexicanas) pero la URL intentada no resolvio (404): EXISTENCIA-NO-COMPROBADA tras 1 consulta dedicada.	SIN-ID-MANIFIESTO; ningun documento leido en esta sesion	No aplica	ninguna corrida con SIN-ID-MANIFIESTO (u0mf --calc: no aplica)	ASTRA5-MESA-ECONOMIA	NO-ACCESIBLE-DESDE-SANDBOX (existencia no comprobada; no equivale a «no existe», A.4) → GEN2-ASTRA5-U5-ADQUISICION-1, con la receta forense/analisis/dominios/receta-acceso-fuentes-2026-09-24.md. Localizar la edicion 2024 de Finnovista 'Fintech Radar Mexico' (o informe equivalente de otra consultora, p.ej. KPMG Pulse of Fintech, Asociacion Fintech Mexico) con las cifras 803+301 startups, 31% crecimiento, 74% capital de riesgo, 68% adopcion de IA y 16% uso de criptomonedas; registrar en manifiesto.	CONC-DOC-FINTECH-MEXICO-SECTOR-2024		buscar_lotes_transversal.py 'fintech' -> 10 (ninguno con este agregado); '803 startups' -> 0; 'criptomonedas' -> 0; u0mf --busca fintech -> 1 de 1680 (NBER paper, tema distinto). SEGUNDA PASADA 2026-09-24: WebFetch finnovista.com/fintech-radar-mexico/ -> 404; 1 consulta.	DINERO	Cambiaría si, al identificar el informe, las cifras de startups/capital/IA/criptomonedas difieren de lo citado por el report.
ASTRA5-U0-SINT-025	transversal-026	TRANSVERSAL-INTERNO-06	L281-L283	El reporte de la OIT estima que la IA influenciará el 35% de los empleos en México, potencialmente automatizando completamente el 2.3% (~20.48 millones de trabajadores expuestos). Banamex calcula que el 30% de empleos formales tienen alto riesgo de automatización. ...solo el 5.1-5.4% del empleo mexicano involucra trabajos que podrían ser aumentados por IA generativa Y usan computadora.	NO-EXPLÍCITO	CIFRA-PUBLICADA	(c) marco comparativo internacional (OIT) + (a) estimación mexicana (Banamex)	Proporción de empleos influenciados/automatizables por IA según la OIT (35% influenciado, 2.3%/20.48M automatización completa) y según Banamex (30% de empleos formales en alto riesgo); proporción con exposición combinada a IA generativa y uso de computadora (5.1-5.4%).	Son tres estimaciones METODOLÓGICAMENTE DISTINTAS (OIT, Banamex, y el corte de 5.1-5.4%) que el report presenta en el mismo párrafo sin advertir que no son la misma medición ni el mismo denominador; tecnología (TEC-029) ya dictamina una cifra relacionada pero distinta (18.9% alto riesgo de automatización, 32%/21% exposición urbano/rural) — tres fuentes con tres números de 'riesgo/exposición a IA' que no deben promediarse ni fundirse.	Persona ocupada; estimaciones nacionales de exposición/riesgo de automatización por IA (OIT, Banamex, corte 5.1-5.4%), año no uniforme entre las tres.	Organización Internacional del Trabajo (informe de IA y empleo); Banamex (estudio de riesgo de automatización)	DOI:10.54394/fhem8239 (Gmyrek, P., Berg, J. & Bescond, D. 2023, 'Generative AI and jobs', ILO Research Department; confirmado por Crossref) -- esta es la metodologia de exposicion combinada IA generativa + uso de computadora que coincide con el corte '5.1-5.4% del empleo mexicano' citado por el report (misma familia metodologica: DOI 10.54394/fvnq9406 'policies to manage the transition', basado en ILO Working Paper 96). Cifras OIT '35% influenciado/2.3% automatizacion completa/20.48M' y estudio de Banamex (30% alto riesgo): EXISTENCIA-NO-COMPROBADA, posiblemente de un informe OIT distinto (metodologia de automatizacion completa, no de aumento/exposicion) no localizado en esta sesion.	Ficha Crossref confirma que Gmyrek/Berg/Bescond (ILO, 2023) publican precisamente sobre exposicion combinada de empleos a IA generativa y uso de computadora, la familia metodologica que coincide con la cifra '5.1-5.4%' citada por el report; el 35%/2.3%/20.48M (automatizacion completa, metodologia distinta) y el 30% de Banamex no se confirmaron en esta sesion.	MEDIBLE-CON-ADQUISICIÓN	TEC-029 dictamina una cifra de automatizacion relacionada pero con numeros distintos (18.9%, no 35%/30%/5.1-5.4%), lo que sugiere fuentes o cortes distintos. Se identifico con precision la fuente del corte 5.1-5.4% (Gmyrek, Berg y Bescond, ILO 2023, DOI 10.54394/fhem8239, y su brief companero DOI 10.54394/fvnq9406 basado en ILO Working Paper 96): coincide exactamente en metodologia (exposicion combinada IA generativa + uso de computadora) con la cifra citada por el report. El 35%/2.3%/20.48M (framing de automatizacion completa) y el estudio de Banamex (30% alto riesgo) no se localizaron en esta sesion: EXISTENCIA-NO-COMPROBADA tras 1 consulta.	SIN-ID-MANIFIESTO; DOI 10.54394/fhem8239 confirmado por Crossref el 2026-09-24 para el componente OIT de exposicion combinada (5.1-5.4%); OIT 35%/2.3%/20.48M y Banamex 30% sin confirmar	No aplica	ninguna corrida con SIN-ID-MANIFIESTO (u0mf --calc: no aplica)	ASTRA5-U1	NO-ACCESIBLE-DESDE-SANDBOX (existencia no comprobada; no equivale a «no existe», A.4) → GEN2-ASTRA5-U5-ADQUISICION-1, con la receta forense/analisis/dominios/receta-acceso-fuentes-2026-09-24.md. Adquirir Gmyrek, Berg y Bescond (2023), DOI 10.54394/fhem8239 e ILO Working Paper 96 (DOI 10.54394/fvnq9406), confirmando la cifra exacta 5.1-5.4% para Mexico; identificar por separado el informe OIT con el framing 35%/2.3%/20.48M y el estudio de Banamex (30%); cotejar las tres/cuatro cifras (OIT-exposicion 5.1-5.4%, OIT-influencia 35%, Banamex 30%, TEC-029 18.9%) antes de fundirlas.	CONC-DOC-IA-EMPLEO-OIT-BANAMEX-2024		buscar_lotes_transversal.py 'OIT' -> 3 (ninguno sobre IA/empleo); 'Banamex' -> 0; '35% de los empleos' -> 0; ver TEC-029 (18.9%, cifra distinta). SEGUNDA PASADA 2026-09-24: WebFetch ilo.org/publications/generative-ai-and-jobs-global-analysis-potential-effects-employment -> 404; ilo.org/resource/news/... -> 404; ilo.org/publications -> sin match especifico; Crossref 'Gmyrek Berg Bescond Generative AI Jobs Global Analysis Potential Effects Employment ILO' -> 5 aciertos, confirma DOI 10.54394/fhem8239 y familia de informes ILO Working Paper 96; 4 consultas.	TRABAJO	Cambiaría si, al adquirir los tres informes, las cifras 35%/30%/5.1-5.4% resultan ser la misma medición con un solo denominador verificable, o si TEC-029 y estas cifras resultan incompatibles al cotejarlas.
ASTRA5-U0-SINT-026	transversal-027	TRANSVERSAL-INTERNO-06	L285-L287	Las tasas de matrimonio declinan, el divorcio aumenta, el matrimonio se posterga. La pandemia de COVID-19 redujo las tasas de matrimonio 30% por debajo de la línea base. Los hogares unipersonales crecen en centros urbanos.	NO-EXPLÍCITO	CIFRA-PUBLICADA	(a) primaria México (registros civiles/demográficos)	Caída de la tasa de matrimonios durante la pandemia de COVID-19 (-30% respecto de la línea base) y crecimiento de hogares unipersonales urbanos.	El desplazamiento estructural matrimonio→unión libre (11.1%→17.6% vs. 47.6%→36.3%, JUV-006) ya está dedup como tendencia de largo plazo; el efecto ESPECÍFICO de la pandemia (-30%) es un choque temporal distinto, con año/fuente no citados por el report; los hogares unipersonales (FAM-025 24.4%/12.4%; VEJEZ-006 16.8% en 60+) ya están dictaminados para otros cortes, no para 'crecimiento urbano' específicamente.	Matrimonio registrado (evento, no persona); hogar (composición unipersonal, corte urbano).	Registros civiles de matrimonio (fuente/año no citados); INEGI (hogares unipersonales, corte urbano no citado explícitamente)	INEGI, serie de Nupcialidad (matrimonios registrados); pagina tematica confirmada existente en inegi.org.mx/temas/nupcialidad/ (WebFetch el 2026-09-24, contenido no renderizado mas alla del titulo). La cifra especifica de caida del 30% durante 2020-2021 por COVID-19: EXISTENCIA-NO-COMPROBADA tras 2 consultas (URL alternativa inegi.org.mx/temas/matrimonios/ devolvio pagina de error 'esta liga ya no existe').	No verificado en esta sesion; la pagina tematica de Nupcialidad de INEGI existe mais su contenido detallado (series por ano, efecto COVID) no se extrajo.	MEDIBLE-CON-ADQUISICIÓN	El efecto especifico de -30% por COVID en matrimonios no tiene acierto en ningun lote recorrido (familia/pareja/juventud dictaminan la tendencia estructural de largo plazo, no el choque pandemico). La serie oficial de INEGI sobre nupcialidad/registros civiles de matrimonio queda identificada como existente (pagina tematica confirmada), pero el pasaje con la cifra exacta -30% no se leyo en esta sesion tras 2 intentos (una URL con error 'liga ya no existe', otra sin contenido extraible mas alla del titulo): EXISTENCIA-NO-COMPROBADA.	SIN-ID-MANIFIESTO; serie INEGI Nupcialidad identificada como existente (inegi.org.mx/temas/nupcialidad/), cifra especifica -30% no confirmada	No aplica	ninguna corrida con SIN-ID-MANIFIESTO (u0mf --calc: no aplica)	ASTRA5-MESA-FAMILIA	NO-ACCESIBLE-DESDE-SANDBOX (existencia no comprobada; no equivale a «no existe», A.4) → GEN2-ASTRA5-U5-ADQUISICION-1, con la receta forense/analisis/dominios/receta-acceso-fuentes-2026-09-24.md. Adquirir la serie de registros civiles de matrimonio 2019-2022 (INEGI, Estadisticas de Nupcialidad, tabulados por ano) para verificar la caida del 30% atribuida a la pandemia, separandola de la tendencia estructural ya dictaminada en JUV-006.	CONC-DOC-MATRIMONIO-COVID-CAIDA30PCT		buscar_lotes_transversal.py 'COVID' -> 10 (ninguno sobre matrimonio); 'matrimonio' -> 15 (JUV-002/006, tendencia estructural); '30% por debajo' -> 0; 'unipersonales' -> 2 (FAM-025/VEJEZ-006, cortes distintos). SEGUNDA PASADA 2026-09-24: WebFetch inegi.org.mx/temas/matrimonios/ -> pagina de error 'esta liga ya no existe'; inegi.org.mx/temas/nupcialidad/ -> pagina tematica confirmada, contenido no extraido mas alla del titulo; 2 consultas.	FAMILIA_CUIDADOS	Cambiaría si el registro civil no muestra una caída de 30% en 2020-2021 respecto de la línea base pre-pandemia.
ASTRA5-U0-SINT-027	transversal-028	TRANSVERSAL-INTERNO-06	L297-L319	Confundir pobreza con cultura es el error analítico más peligroso... La sobregeneralización desde clases medias urbanas distorsiona el panorama... Los marcos analíticos europeos y estadounidenses tienen sesgos propios... Conclusiones que serían peligrosas si se usaran simplísticamente.	NO-EXPLÍCITO	INTERPRETACION-DEL-REPORT	no-aplica (auto-auditoría metodológica del propio report, recombina hallazgos ya citados)	No hay componente empírico propio nuevo: la sección 9 es la auto-auditoría de rigor exigida por §5 de las instrucciones del proyecto para todo artefacto que afirme algo sobre México; recombina explícitamente muestras y sesgos ya dictaminados en otras filas (Gelfand 221 CDMX → transversal-002; Hofstede empleados IBM → CONS-027; GLOBE gerentes → INTER-031; Krys 2022 paradoja latinoamericana → EMOC-003).	Es un veredicto/síntesis que solo recombina componentes ya dictaminados en otras filas (regla del encargo: 'Veredictos y síntesis que sólo recombinan filas ya dictaminadas... NO-MEDIBLE-POR-DISEÑO'); no tiene desenlace observable propio, ni contrafactual, ni diseño de identificación.	No aplica (auditoría metodológica del propio texto, no observación de persona/hogar/documento).	No aplica	No aplica	No aplica	NO-MEDIBLE-POR-DISEÑO	Síntesis/auto-auditoría que solo recombina componentes empíricos ya dictaminados en otras filas de este mismo lote (transversal-002 Gelfand/221 CDMX; CONS-027 Hofstede/IBM; INTER-031 GLOBE/gerentes; EMOC-003 Krys 2022) sin aportar dato nuevo ni contrafactual; es exactamente el tipo de 'veredicto que recombina filas ya dictaminadas' que el encargo instruye declarar NO-MEDIBLE-POR-DISEÑO. Ningún diseño la haría medible porque es, por construcción, una reflexión sobre los límites de OTRAS mediciones, no una medición en sí.	No aplica	No aplica	ninguna corrida (auto-auditoría editorial; u0mf --calc no aplica)	ASTRA5-U0	Ninguna: el componente empírico de cada ejemplo citado en la meta-auditoría (Gelfand, Hofstede, GLOBE, Krys) ya tiene fila propia o DEDUP; no se requiere adquisición adicional para esta sección en sí.	CONC-DOC-METAAUDITORIA-SECCION9-TRANSVERSAL		Revisión directa del texto L295-L320 contra las filas ya generadas en este lote (transversal-002, CONS-027, INTER-031, EMOC-003); sin necesidad de búsqueda adicional en lotes ni manifiesto por ser síntesis, no cifra nueva.	CONOCIMIENTO	Ningún diseño empírico nuevo la haría medible por sí misma; cambiaría de clase solo si se convirtiera en una afirmación puntual y operacionalizable (p. ej. 'la muestra X sesga el hallazgo Y en Z puntos'), lo que ya se trata en cada fila individual citada.
ASTRA5-U0-SINT-028	transversal-029	TRANSVERSAL-INTERNO-06	L323-L329	Primero, la combinación alta distancia de poder + indulgencia extrema es globalmente única... Segundo, la clase social y la región explican más varianza conductual que la 'cultura mexicana'... Tercero, la velocidad del cambio generacional y digital está transformando el perfil psicológico más rápidamente que en cualquier momento previo.	NO-EXPLÍCITO	INTERPRETACION-DEL-REPORT	no-aplica (síntesis conclusiva del propio report, recombina hallazgos ya citados)	No hay componente empírico propio nuevo: los tres 'insights' recombinan la combinación PDI/IVR (ya en CONS-027), la comparación clase/región vs. cultura (ya en AUTOR-020/CLASE-021/varias) y la velocidad de cambio generacional/digital (ya en JUV/CONS-038), sin aportar cifra ni desenlace nuevo.	Síntesis conclusiva del propio texto que recombina hallazgos de otras secciones ya dictaminadas; no aporta un desenlace observable adicional ni comparación nueva. Afirmar que 'la varianza conductual' entre clase/región supera a 'cultura' requeriría un modelo estadístico explícito de descomposición de varianza que el report no presenta.	No aplica (conclusión editorial, no observación).	No aplica	No aplica	No aplica	NO-MEDIBLE-POR-DISEÑO	Conclusión de síntesis que recombina hallazgos ya dictaminados (PDI+IVR en CONS-027; clase/región en AUTOR-020 y clasemediero; digitalización en CONS-038/JUV-007) sin desenlace observable propio; la comparación cuantitativa implícita 'clase/región explica MÁS varianza que cultura' no está respaldada por un modelo de descomposición de varianza en el report, por lo que tampoco es una cifra publicada verificable por separado.	No aplica	No aplica	ninguna corrida (conclusión editorial; u0mf --calc no aplica)	ASTRA5-U0	Ninguna operación propia; cada componente citado en los tres insights ya tiene su fila/DEDUP individual en este mismo lote.	CONC-DOC-CONCLUSION-TRESINSIGHTS-TRANSVERSAL		Revisión directa del texto L323-L329 contra las filas ya generadas (CONS-027, AUTOR-020, CONS-038); sin necesidad de búsqueda adicional por ser síntesis conclusiva, no cifra nueva.	CONOCIMIENTO	Cambiaría de clase solo si se presentara un modelo explícito (p. ej. descomposición de varianza por clase/región/generación vs. covariables culturales) con desenlace medido; sin ese modelo, la afirmación no es contrastable por sí misma.
