RESTAURA: 1914 archivos (147 subdirectorios + 1914 al azar, semilla=20260921) -> /home/pc0/mm-respaldo-corpus/restauraciones-tmp/restaura-corpus-bnytaqi1
  COINCIDE data_raw/2005trim1_csv.zip 33534030 a9c7823dc60a
  COINCIDE data_raw/A6_CONDUSEF_DATOS_ABIERTOS/anuario_actividades_condusef_acciones_defensa__02_acciones_defensa_2024.csv 73821 ed697e5201fe
  COINCIDE data_raw/A6_MMAD_PROTESTA_MEXICO/mmALL_073120_csv.csv 15058276 5906226e24c9
  COINCIDE data_raw/A6_OECD_GOV_TRUST_INTEGRIDAD/oecd_pii.csv 14004135 f2811c30748d
  COINCIDE data_raw/A6_SICEE_INE_ELECCIONES/catalogo_elecciones_federales.json 19653 c9ddfd2a7419
  COINCIDE data_raw/ADQ15_Brasdefer_corpus_pragmatico/actos_de_habla.html 262019 eeff2afe7d58
  COINCIDE data_raw/ADQ15_CNBV_AhorroFinanciero_Financiamiento/AFyFeM_Dic_2023.pdf 2380404 6f6afb876754
  COINCIDE data_raw/ADQ15_CNBV_BDIF_inclusion_financiera/52Sep2022_ACCESO_DEM_NAL.csv 2569 34d31c39897e
  COINCIDE data_raw/ADQ15_ENAFIN_2024_RNM_INEGI/IPE_CV-EE-IC_ENAFIN_2024-00_Def_V1_260625.xlsx 41972 23056b528c28
  COINCIDE data_raw/ADQ15_IFT_SFD_uso_confianza/basededatossfd.zip 4660022 4cf0e61a5f2e
  COINCIDE data_raw/ADQ15_JPAL_Experimento_Informacion_Electoral_2009/Replication-files-24ft7wz.zip 184801 bade222ed313
  COINCIDE data_raw/ADQ15_OMCA_conflictos_agua/omca_acerca_ocam.html 8497 1deee057ab94
  COINCIDE data_raw/ADQ15_VotarEntreBalas_DataCivica/veb_datos_landing.html 149090 a80c98d5be70
  COINCIDE data_raw/ADQ15_WB6667_Tutores_Pedagogicos_Moviles_2016/313_03_conafe_bit_cora_supervisor.pdf 91324 f6553958d5d2
  COINCIDE data_raw/ADQ15_WB870_Enterprise_Survey_MX_2010/ES LAC 2010 Core_Mex.pdf 756863 6f7e160047cf
  COINCIDE data_raw/ADQCORRE_R74R75_GDELT/GDELT.MASTERREDUCEDV2.1979-2013.zip 1088704384 a9f0a4ff2258
  COINCIDE data_raw/ADQCORRE_R74R75_GDELT2_MX20260824/gdeltv2-export-20260824-96files.tar.gz 6201400 d5149334cb9e
  COINCIDE data_raw/ADQCORRE_R74R75_MASSMOB/mmALL_073120_v16.tab 15534524 3a175c20bc1d
  COINCIDE data_raw/DD_CompraNet_2025/DD_PIC_CONTRATOS_2400703.xlsx 18502 a16c3166d7b8
  COINCIDE data_raw/ENAPROCE_instrumentos/enaproce2015_micro.pdf 287157 69892f70f3eb
  COINCIDE data_raw/FP29_PEW_2025/SR_25.12.01_social-trust_topline.pdf 523726 103ef06eafba
  COINCIDE data_raw/GEN2_FUENTES_FINANCIERAS_20/040_1a_R16.xls 5491712 3b6ac444df10
  COINCIDE data_raw/GEN2_FUENTES_FINANCIERAS_CONTINUACION/banxico_imor_producto_2026T1.html 223734 c9691762bb6e
  COINCIDE data_raw/GEN2_N34_PRODUCTO_DANO/banxico_satisfaccion_usuarios_2019_2024.xlsx 5794893 67d4a97b86e6
  COINCIDE data_raw/GEN2_UNIVERSO_C_FINDEX_2025/GlobalFindex2025-glossary.xlsx 26841 8eb99754e6e1
  COINCIDE data_raw/R1_1_AGROASEMEX/PAA_componente_apoyo.csv 210586 b9ff8a730ba7
  COINCIDE data_raw/R2.1_ECCO/SE_REPORTE_GENERAL_ECCO_2023.pdf 2407229 ec47822d2a7b
  COINCIDE data_raw/R2.1_R2.2_R10.2_RNM_microdato/datosgobmx_ckan_package_search_enaproce_enestyc_cero_resultados.json 216 d26a2cdbc9fc
  COINCIDE data_raw/R3.4_Banxico_CoDi_SPEI/banxico_codi_avances_banco_mexico.html 8271 3052e7114cb2
  COINCIDE data_raw/R4_1_SESTAD_ESTAD/SESTAD_reporte_2021.pdf 1006873 f4383a277ad9
  COINCIDE data_raw/R7.3_PUB_Bienestar/padron_unico_bienestar.csv 114046 89e46568abd3
  COINCIDE data_raw/R7.4_R7.5_ACLED_HDX/mexico_demonstration_events_by_month-year.xlsx 9075 376bdf04ca9c
  COINCIDE data_raw/R8.1_contraloria_social/contraloria_social_2019_2025.csv 520 3b5a77751a8c
  COINCIDE data_raw/R9_1_ENSANUT_utilizadores/ensanut_2018_utilizadores_servicios_salud.pdf 930234 164309f47424
  COINCIDE data_raw/RUPC_datamx_2019/compranet_rupc_datamx.json 5810200 2e6c98ed3e55
  COINCIDE data_raw/academico_bauchet2014/ssrn_bauchet_2589578.pdf 272496 cbb6a2d43acb
  COINCIDE data_raw/academico_icpsr35024/icpsr35024_ds1_subconjunto_codebook.pdf 28502 f5fa8c4cf37a
  COINCIDE data_raw/academico_tandas_mexico/Campos-1998-Las-tandas-en-Mexico.pdf 3805683 6cb62eaa7b3e
  COINCIDE data_raw/asf_auditoria_165_ds_vacunacion_isste_2024/2024_0165_a.pdf 635172 f9eaacec224f
  COINCIDE data_raw/asf_informe_cuenta_publica_2023/MR_General_a.pdf 4113672 62bb8144ed77
  COINCIDE data_raw/cngmd2023/m1/alcaldias_cngmd2023_csv.zip 2849626 176f28a2b37b
  COINCIDE data_raw/compranet_historico/compranet_historico.csv 951619345 78f4139437f7
  COINCIDE data_raw/condusef_redeco_reune/despachos_cobranza_30_09_25.csv 673104 f95f88725e9f
  COINCIDE data_raw/cultura_constitucional_unam_iij/Mexicanos_Constitucion.pdf 1400864 e3f92f609352
  COINCIDE data_raw/ecopred2014/ecopred14_bd_dbf.zip 22296331 c1c62e7f201c
  COINCIDE data_raw/eder2011/eder2011_bases_dbf.zip 10394938 c6f9f0a55c48
  COINCIDE data_raw/eder2017/eder2017_bases_csv.zip 13313736 bcc7eb90c2d0
  COINCIDE data_raw/eder2025/889463930242.pdf 4380365 9737a557c3f2
  COINCIDE data_raw/edr2024/defunciones_base_datos_2024_dbf.zip 28238311 a8acb8f0f5aa
  COINCIDE data_raw/elcos2012/ELCOS_BD_dbf.zip 3902958 925013378cef
  COINCIDE data_raw/electoral_calendario_pel_ine/informe2015_CGor201504-29.pdf.txt 151401 6f68f1282358
  COINCIDE data_raw/electoral_local_2023_2024/calendario_f232a/IEC.CG.206.2023_Calendario_Integral_PEL_2024.pdf 1654757 97e548af8651
  COINCIDE data_raw/electoral_local_municipal_serie/iec_coahuila_2017_ayuntamientos_x_casilla.xlsx 1923086 e672f2db1513
  COINCIDE data_raw/electoral_sicee_federal/sicee_federal_dip_mr_2018.zip 40276204 0c6c40bb408c
  COINCIDE data_raw/electoral_sicee_local/sicee_local_ags_pel_2016.zip 1121512 5373242a2cb9
  COINCIDE data_raw/enaproce2015/ejem_base_micro_ciega_csv.zip 4006 01aafb888b44
  COINCIDE data_raw/enaproce2018/ejem_base_micro_ciega_csv.zip 5704 2df2046ac8d5
  COINCIDE data_raw/enasem2018/enasem_2018_bd_csv.zip 8767343 bfd8ffd172e2
  COINCIDE data_raw/enasem2021/enasem_2021_bd_csv.zip 7438658 68b8f7ecbd55
  COINCIDE data_raw/enasem2024/enasem_2024_bd_csv.zip 11929796 6712f1b0cc5e
  COINCIDE data_raw/enasic2022/889463927082.pdf 1390271 2f51b5aaddf3
  COINCIDE data_raw/enbiare2021/enbiare_2021_base_de_datos_csv.zip 5684658 afe9013a4cc2
  COINCIDE data_raw/encig2011/Base_datos_encig2011_dbf.zip 4396245 5af6cb24a476
  COINCIDE data_raw/encig2013/encig13_base_datos_dbf.zip 9621208 48d29d560d38
  COINCIDE data_raw/encig2015/encig15_base_datos_dbf.zip 15529099 3f588cb19666
  COINCIDE data_raw/encig2017/encig17_base_datos_dbf.zip 40715724 801efc4c46d8
  COINCIDE data_raw/encig2019/encig19_base_datos_dbf.zip 37627091 626395c6b13a
  COINCIDE data_raw/encig2021/encig21_base_datos_RData.zip 20550259 592967d6496d
  COINCIDE data_raw/encig2023/encig23_base_datos_RData.zip 14242874 6b16471bc765
  COINCIDE data_raw/encig2025/encig25_base_datos_RData.zip 12802149 f185870dd73e
  COINCIDE data_raw/endireh2003/bd_endireh_2003_RData.zip 6618655 7acbdf50d043
  COINCIDE data_raw/endireh2006/bd_endireh_2006_RData.zip 18614575 e3456fb7c551
  COINCIDE data_raw/endireh2011/bd_endireh_2011_RData.zip 19922788 fe864778df66
  COINCIDE data_raw/endireh2016/bd_mujeres_endireh2016_sitioinegi_RData.zip 73131647 8173a019b5c9
  COINCIDE data_raw/endireh2021/bd_endireh_2021_RData.zip 36646028 a29e50210700
  COINCIDE data_raw/endutih2023/FD_ENDUTIH2023.xlsx 140760 0f78146a6d61
  COINCIDE data_raw/endutih2024/endutih2024_bd_dbf.zip 8823853 ef723ed125c8
  COINCIDE data_raw/endutih2025/endutih2025_bd_dbf.zip 9041121 a927528779c5
  COINCIDE data_raw/enfih2019/enfih_2019_base_de_datos_csv.zip 4404049 be372533d504
  COINCIDE data_raw/engasto2012/engasto12_fd.pdf 1461889 aabc23ca5924
  COINCIDE data_raw/engasto2013/gasto_dbf.zip 60663633 422ef16e6b80
  COINCIDE data_raw/enjuve_imjuve/ENJ005EDUCACION.xls 1079296 2f56aed31e52
  COINCIDE data_raw/ennvih/calculo-de-factores-de-expansion.pdf 337947 cc297561caa5
  COINCIDE data_raw/ennvih_diseno/calculo-de-factores-de-expansion.pdf 337947 cc297561caa5
  COINCIDE data_raw/enoe_microdatos_post2019/2019trim1_csv.zip 31269571 9337691044a7
  COINCIDE data_raw/enpol2016/enpol_2016_csv.zip 16801537 a405ed7777b8
  COINCIDE data_raw/enpol2021/bd_enpol_2021_csv.zip 35914746 8307f9e45420
  COINCIDE data_raw/ensafi2023/ensafi_2023_bd_csv.zip 5027338 c0594079ddf4
  COINCIDE data_raw/ensu2025/ensu_bd_2025_csv.zip 12332522 317ed14f2f2f
  COINCIDE data_raw/enti2022/enti_2022_bd_dbf.zip 18671874 9443db5e0970
  COINCIDE data_raw/envipe2011/base_de_datos_envipe_2011_dbf.zip 8956716 d6c660f00ca2
  COINCIDE data_raw/envipe2012/base_de_datos_envipe_2012_dbf.zip 10171572 d7caa74ea426
  COINCIDE data_raw/envipe2013/bd_envipe13_dbf.zip 10433209 b0b9fd1d1daf
  COINCIDE data_raw/envipe2014/bd_envipe2014_dbf.zip 11506651 8f1d0eb519a0
  COINCIDE data_raw/envipe2015/bd_envipe2015_dbf.zip 15422694 6c2fcb165a17
  COINCIDE data_raw/envipe2016/bd_envipe2016_dbf.zip 18625348 8c939550590b
  COINCIDE data_raw/envipe2017/bd_envipe2017_dbf.zip 18932534 86df9910dae3
  COINCIDE data_raw/envipe2018/bd_envipe2018_dbf.zip 26205205 8f0b10263718
  COINCIDE data_raw/envipe2019/bd_envipe2019_dbf.zip 26082327 f7cb0d6f3317
  COINCIDE data_raw/envipe2020/bd_envipe_2020_dbf.zip 27600154 8d12bb0f71f1
  COINCIDE data_raw/envipe2021/bd_envipe_2021_RData.zip 18802198 167df80f9b18
  COINCIDE data_raw/envipe2022/bd_envipe_2022_RData.zip 17290935 46ee6cd1f598
  COINCIDE data_raw/envipe2023/bd_envipe_2023_RData.zip 15447717 ec54a7763706
  COINCIDE data_raw/envipe2024/bd_envipe_2024_RData.zip 17337721 b1217ac453b5
  COINCIDE data_raw/envipe2025/bd_envipe_2025_RData.zip 16419635 4a7683284d29
  COINCIDE data_raw/gen2_corrupcion_fuente_general/Encuesta-MCCI_2019-2024.xlsx 4109327 ffa39bbb62e6
  COINCIDE data_raw/ieepco_oaxaca_municipal/ESTADISTICA_CONCEJALES_2016_IEEPCO.xlsx 968301 b66e01f30f50
  COINCIDE data_raw/iepc_jalisco_voto_nulo_2024/anexo_3_hoja_de_vaciado_y_cuestionario.pdf 154954 436f41fdeaae
  COINCIDE data_raw/ietam_tamaulipas_municipal/2018_Abasolo.xlsx 58881 8ae575b4eaec
  COINCIDE data_raw/iieg_inclusion_financiera_jalisco/iieg_inclusion_financiera_jalisco_2022.xlsx 80389 09a60f56b303
  COINCIDE data_raw/imss_bienestar_infraestructura/SEGUIM_ACCIONES_INFRA_FISICA_OBRA_CONS_MANT_1Y2TRIM24.xlsx 251823 d396172e4744
  COINCIDE data_raw/ine_conteos_censales_participacion/DatosAbiertos_DECEyEC_ConteosCensales2024.zip 82419841 c0de34d04e78
  COINCIDE data_raw/ine_fiscalizacion_agenda_gasto_candidatura_2024/PREFO_23-24_CAM_AE_240624.csv 112060366 a2b0da1ea286
  COINCIDE data_raw/ine_marco_geografico_electoral/CRFE_17052016_5aSE_P07_1.pdf 81704 093bfba0e1ff
  COINCIDE data_raw/inegi_cngf_2025/cngf_2025_m1s1.pdf 2014714 02670008ebe4
  COINCIDE data_raw/inegi_mmsi_2016/cuestionario_mmsi_2016.pdf 705908 48d59dfc6f26
  COINCIDE data_raw/inegi_rnm_ddi/ensu2025_rnm_ddi.xml 2628278 0dd6ed1a2f7e
  COINCIDE data_raw/ipe_inegi/CV-EE-IC_IPE_Externos_Encuestas_2022_08_26.xlsx 45970 912fc9de75d9
  COINCIDE data_raw/lapop_earthquake_2017/Final_dataset_Mexico_Earthquake.dta 674621 291e68bce67b
  COINCIDE data_raw/losmexicanos_unam_iij/cienciaytecnologia/Encuesta_Nacional_de_Ciencia_y_Tecnologia.csv 821296 bdebbf6c4016
  COINCIDE data_raw/milk_rct_microseguro/Bauchet-Price-and-Information-Life-Microinsurance-Mexico-author-version-2012.pdf 1335782 4d252d1938f4
  COINCIDE data_raw/mociba2015/mociba2015_bd_dbf.zip 2756809 2e55f731d7e1
  COINCIDE data_raw/mociba2016/mociba2016_bd_dbf.zip 1251420 29941a375e0f
  COINCIDE data_raw/mociba2017/mociba2017_bd_dbf.zip 526927 1ffde5f48966
  COINCIDE data_raw/mociba2019/mociba2019_bd_dbf.zip 543734 69887fee4761
  COINCIDE data_raw/mociba2020/mociba2020_bd_RData.zip 1292082 087d65999d23
  COINCIDE data_raw/mociba2021/mociba2021_bd_RData.zip 1195723 b6abcf46ebb5
  COINCIDE data_raw/mociba2022/mociba2022_bd_RData.zip 1227243 e6202603b988
  COINCIDE data_raw/mociba2023/mociba2023_bd_RData.zip 1236848 7860c46a6221
  COINCIDE data_raw/mociba2024/mociba2024_bd_RData.zip 1341731 3b09ea6eb524
  COINCIDE data_raw/mociba2025/mociba2025_bd_RData.zip 1339899 3b37b59014d8
  COINCIDE data_raw/nber_w33208_fintech_lending_no_credit_history/w33208.rev1.pdf 9735904 8090cfb5ca80
  COINCIDE data_raw/osf_interacting_as_equals/2018_SEE_PRE_NAL_MUN.xlsx 464098 2b7fa5e6a638
  COINCIDE data_raw/pdn_bulk_2026_09/pdn_s1_2026-09-06.zip 2912499396 cff2a5fbdbed
  COINCIDE data_raw/pdn_declaranet_sfp/06_datos_abiertos_declaranet_2013.csv 44314482 77d70bcd0f23
  COINCIDE data_raw/sesna_informe_situacion_sea/Informe-de-Situacion-SEA-VF-15.04.24.pdf 1866983 5ec749232e1b
  COINCIDE data_raw/tepjf_elecciones_concurrentes/JEA_Elecciones_concurrentes.pdf 1441115 87c24383d5c0
  COINCIDE data_raw/wb_enterprise_surveys_mx2023/ES_B-READY_2023_Questionnaire.pdf 1041388 0bb8c9f76f29
  COINCIDE descargas_mx/00-DECISIONES-Y-PARALELOS-POST694.md 9360 7ab7759b85e2
  COINCIDE descargas_mx/ACADEMICO-dataverse-mps2012/10.7910_DVN_27083 -- Simulation draws.zip 53370465 e0a6d576ed78
  COINCIDE descargas_mx/Descargas Manuales/1008973606Mexico_LAPOP_final 2006 data set 092906.sav 430124 f43fcf78533f
  COINCIDE descargas_mx/ENSANUT2024-v2026-09-01/actividad_fisica_ensanut2024_w-adultos.Catálogo.xlsx 282151 108aaee45530
  COINCIDE descargas_mx/ICPSR_35024/35024-Questionnaire-spanish.pdf 1252847 fe5be81eb534
  COINCIDE descargas_mx/UNIVERSO-2026-09/CONEVAL/Pobreza_municipal_2020_VCOMPL.rar 130045136 c37a4ee04675
  COINCIDE descargas_mx/academico_icpsr35024/icpsr35024_documentacion_v1.zip 14665813 8e48c789c584
  COINCIDE descargas_mx/list-cran/mexico.Rd 3592 cd8cdaefb2d0
  COINCIDE reserva_respondentes/ENCO/2025-06/enco_2025_junio_dbf.zip 159172 fd283a1afb03
  COINCIDE descargas_mx/ENSANUT2024-v2026-09-01/frec_pr_ensanut2024_w.csv.csv.zip 70490 07928c26dcd2
  COINCIDE data_raw/cngmd2023/m2/contrata_publica_cngmd2023_csv.zip 3746888 75ebca7c9119
  COINCIDE data_raw/banxico_encuesta_competencias_financieras_2021_manual.pdf 258473 0ea050743b30
  COINCIDE data_raw/ADQ15_WB6667_Tutores_Pedagogicos_Moviles_2016/cuestionario_alumnos.xlsx 52860 7ad4d32b3fcf
  COINCIDE data_raw/ejemplobd_enestyc_2005_dbf.zip 16512 8415df511337
  COINCIDE descargas_mx/Descargas Manuales/MEX_2012-2014_ECEPIE_v01_M_v01_A_PUF_Stata12 - without unique Spanish characters.zip 1447314 7ad557106f1c
  COINCIDE data_raw/conjunto_de_datos_enoe_2018_4t_csv.zip 41902692 33863942d1b4
  COINCIDE descargas_mx/ENSANUT2024-v2026-09-01/frec_es_sup_ensanut2024_w.stata.stata.zip 56524 592657d98be1
  COINCIDE descargas_mx/ENCARGO-MOTOR-LINAJE-1-NC0401.md 8399 9c22a09ad6c5
  COINCIDE data_raw/ADQ15_CNBV_AhorroFinanciero_Financiamiento/AFyFeM_Mar_2023.pdf 2884405 d0d074ee7593
  COINCIDE data_raw/encig2025/encig25_base_datos_dbf.zip 34460181 fa92a6ea4119
  COINCIDE data_raw/electoral_sicee_federal/sicee_federal_sen_mr_2018.zip 39787188 fc83f3e8aaba
  COINCIDE data_raw/ADQ15_WB6667_Tutores_Pedagogicos_Moviles_2016/MEX_2016_APIPIE_v01_M.metadata.json 3854 38a7c1cfe8d8
  COINCIDE descargas_mx/F00010701-WVS7_Sample_Design_Mexico_2018.pdf 209667 148b41f4315a
  COINCIDE data_raw/electoral_local_municipal_serie/iee_ags_2021_ayto_mun7.xlsx 17344 8b951f7c220c
  COINCIDE data_raw/electoral_local_municipal_serie/iee_ags_2021_ayto_mun1.xlsx 129641 6c4d1b6c50ff
  COINCIDE data_raw/do_workers_value_formal_jobs_mexico_20260316.pdf 899285 8a71718fc15b
  COINCIDE data_raw/electoral_sicee_local/sicee_local_ver_pel_2021.zip 9517155 561a696fd1b6
  COINCIDE descargas_mx/ENSANUT2024-v2026-09-01/sangre_hemoglobina_ensanut2024_w.csv.csv.zip 677916 32b2ff77e844
  COINCIDE descargas_mx/ENCARGO-GEN2-DERIVADOS-CORRECTIVO-Y-DESPLIEGUE.md 11300 6d0b8d0a7393
  COINCIDE data_raw/ddi-documentation-english_microdata-6453.pdf 958503 069fe4981e1e
  COINCIDE data_raw/engasto2012/gasto_de_consumo_ajustado_constante_dta.zip 47831192 ce0e07931f96
  COINCIDE data_raw/losmexicanos_unam_iij/identidadyvalores/Encuesta_Nacional_de_Identidad_y_Valores.dta 5569804 3e615aa005bf
  COINCIDE data_raw/ADQ15_WB870_Enterprise_Survey_MX_2010/ES_Screener_Caribbean.pdf 201728 513f5428cb56
  COINCIDE descargas_mx/ENSANUT2024-v2026-09-01/frec_es_tor_ensanut2024_w.Catálogo.xlsx 264507 a8f74f896f3e
  COINCIDE data_raw/Urgencias_2009.zip 184374602 41d14016fb73
  COINCIDE data_raw/losmexicanos_unam_iij/derechoshumanos/Encuesta_Nacional_de_Derechos_Humanos_Discriminacion_y_Grupos_Vulnerables.dta 2643802 3469eb948d46
  COINCIDE descargas_mx/ENSANUT2024-v2026-09-01/actividad_fisica_ensanut2024_w-niños.Catálogo.xlsx 282159 bfd8ab3de190
  COINCIDE descargas_mx/13-GEN2-F5-APRENDIZAJES-Y-SUCESOR.md 11686 3c8d3fcdd743
  COINCIDE data_raw/iepc_jalisco_voto_nulo_2024/estudio_del_voto_nulo_base_de_datos_por_casilla.xlsx 1222905 fc81a7502f23
  COINCIDE data_raw/ADQ15_WB870_Enterprise_Survey_MX_2010/ES LAC 2010 Retail_Mex.pdf 777631 76790222088a
  COINCIDE descargas_mx/03-EDER-PRIMERA-UNION-SEXO-COHORTE.md 6930 36c68a6d8098
  COINCIDE descargas_mx/WBES_Mexico2006_Documentation.zip 1018608 3da3e39c16d8
  COINCIDE data_raw/engasto2013/persona_sav.zip 6847171 8e85eab54028
  COINCIDE descargas_mx/Descargas Manuales/DescargaMasiva_1382026_134046.zip 603147 16813631ba7b
  COINCIDE data_raw/enoe_microdatos_post2019/enoe_2025_trim4_csv.zip 43383478 e675b41bde4f
  COINCIDE descargas_mx/ENCARGO-GEN2-VOCABULARIO-v0_6-2026-09-17.md 6353 b10e39cf0db6
  COINCIDE data_raw/losmexicanos_unam_iij/movilidadytransporte/Encuesta_Nacional_de_Movilidad_y_Transporte.xlsx 492952 65dde13d0e69
  COINCIDE data_raw/ietam_tamaulipas_municipal/2018_Gonzalez.xlsx 60208 ac308c6dcf28
  COINCIDE descargas_mx/15-GEN2-ENIF-FINTECH-SERIE-DESCRIPTIVA.md 11347 e7c73bba6fe8
  COINCIDE data_raw/fd_envipe2020.pdf 1969912 94bcf0b012b9
  COINCIDE data_raw/WBES_Mexico2023_Documentation.zip 1265467 2b3b0db77f12
  COINCIDE descargas_mx/ENSANUT2024-v2026-09-01/frec_adul_sup_ensanut2024_w.csv.csv.zip 131117 fbe3209d02e0
  COINCIDE descargas_mx/ENSANUT2024-v2026-09-01/rec24h_sup_ensanut2024_w.csv.csv.zip 29092 4eac94245330
  COINCIDE data_raw/ennvih/ehh09dta_all.zip 26376091 00a7649a1839
  COINCIDE data_raw/conjunto_de_datos_enoen_2021_2t_csv.zip 33876717 b047edf42e70
  COINCIDE data_raw/cngmd2023/m4/capac_difus_cngmd2023_csv.zip 1510596 968d025d7525
  COINCIDE descargas_mx/UNIVERSO-2026-09/REUTERS-DNR/dnr2025_report.pdf 18715551 705ff13834e3
  COINCIDE data_raw/losmexicanos_unam_iij/pobreza/Encuesta_Nacional_de_Pobreza.csv 452093 648aae662a49
  COINCIDE data_raw/engasto2013/persona_dta.zip 2345020 8de915f904fa
  COINCIDE descargas_mx/REVISION-CABLEADO-SONDA-ADQUISICION-2026-09-09 (1).md 24443 0554bf6f8f8b
  COINCIDE data_raw/losmexicanos_unam_iij/federalismo/Encuesta_Nacional_de_Federalismo.sav 420872 49f7b02de34c
  COINCIDE data_raw/losmexicanos_unam_iij/justicia/Encuesta_Nacional_de_Justicia.csv 671673 8cf553b44a36
  COINCIDE data_raw/losmexicanos_unam_iij/religion/Encuesta_Nacional_de_Religion_Secularizacion_y_Laicidad.dta 2908785 514c90031f52
  COINCIDE data_raw/DD_CompraNet_2025/DD_PIC_EXPEDIENTES.xlsx 14177 1b82b858d3c2
  COINCIDE data_raw/ADQ15_OMCA_conflictos_agua/omca_objetivos.html 6689 479c5d93e015
  COINCIDE data_raw/osf_interacting_as_equals/SI_F9_results_vote.dta 3511 0b4be03d5067
  COINCIDE descargas_mx/MARCADOR-SEGMENTO-diseno-direccion-v1_0-2026-09-17.md 10625 dc66b3b73fba
  COINCIDE data_raw/ADQ15_ENAFIN_2024_RNM_INEGI/Metadatos_IPE_Externos_Encuestas_2022_08_26.xlsx 45856 1ea24ef38bae
  COINCIDE descargas_mx/ENCARGO-GEN2-F6-FACTIBILIDAD-PREPARACION-1.md 18794 07959a99c41e
  COINCIDE data_raw/cuest_modulo_envipe2020.pdf 904277 c2453c14a5ae
  COINCIDE descargas_mx/36-GEN2-N34-DATOS-PRODUCTO-Y-DANO.md 6728 4bf86baf3514
  COINCIDE data_raw/zenodo_electoral_precinct_level_mexico_municipal.zip 739952144 8998b4dca171
  COINCIDE descargas_mx/UNIVERSO-2026-09/REUTERS-DNR/dnr2025_devices_for_news.csv 452 936a6b5b01aa
  COINCIDE data_raw/endireh2016/bd_viviendas_endireh2016_sitioinegi_stata.zip 3046355 1efc5669f806
  COINCIDE descargas_mx/DescargaMasiva_3072026_105625.zip 602154 b7af09f37e82
  COINCIDE data_raw/endireh2003/bd_endireh_2003_sav.zip 11346220 1d412c7f42d0
  COINCIDE data_raw/ADQ15_WB6667_Tutores_Pedagogicos_Moviles_2016/cuestionario_suplemento_home.xlsx 71098 71a568369337
  COINCIDE descargas_mx/ENSANUT2024-v2026-09-01/actividad_fisica_ensanut2024_w-adultos.Cuestionarios.pdf 210257 29dda39cf2a5
  COINCIDE descargas_mx/ENSANUT2024-v2026-09-01/frec_es_tor_ensanut2024_w.stata.stata.zip 60874 a8ec1811d9e1
  COINCIDE data_raw/ADQ15_WB6667_Tutores_Pedagogicos_Moviles_2016/libro_de_codigo_alumnos_api_conafe.xlsx 23219 3ee5c32a224e
  COINCIDE descargas_mx/ENCARGO-GEN2-VALIDACION-INDEPENDIENTE-PILOTOS-1.md 7202 4901869501b8
  COINCIDE data_raw/c_bas_v5.pdf 1057071 1ab575a4d098
  COINCIDE data_raw/ennvih/doc/ehh02cb_b3b.pdf 265382 fa022876e336
  COINCIDE descargas_mx/Indice de Bienestar.Cuestionarios.docx 13255 6913725196ae
  COINCIDE data_raw/fd_enif2012.xlsx 148265 f03d8e7c82f5
  COINCIDE descargas_mx/Descargas Manuales/1390537077Technical information_Mexico_2006.pdf 300398 521cba1bd010
  COINCIDE data_raw/envipe2022/bd_envipe_2022_dbf.zip 27251407 70ce4e2a0056
  COINCIDE descargas_mx/00-LEEME-LANZAMIENTO-POST693.md 10466 340a53ad026e
  COINCIDE descargas_mx/ENSANUT2024-v2026-09-01/rec24h_rev_obte_ensanut2024_w.csv.csv.zip 47724 39c61ca6bfb3
  COINCIDE data_raw/ensafi2023/ensafi_2023_cuestionario.pdf 1182405 d86c69f26d8b
  COINCIDE data_raw/eder2011/eder2011_descripcion_de_archivos.xls 174080 f4387aaf94ae
  COINCIDE descargas_mx/35-GEN2-TANDAS-PANEL-ENTRADAS-Y-SALIDAS.md 6424 f41b7bc15015
  COINCIDE descargas_mx/UNIVERSO-2026-09/CSES/cide_cses2015_nacional_preelectoral.sav 2912016 85432d32266a
  COINCIDE data_raw/engasto2012/hogar_dta.zip 1673532 03c47fdeae7d
  COINCIDE data_raw/ucdp_ged261_codebook.pdf 917038 f767380ebbf3
  COINCIDE data_raw/bases_enif2012_dbf.zip 527249 7bafcf6fdd37
  COINCIDE data_raw/ADQ15_VotarEntreBalas_DataCivica/votar_entre_balas_base.zip.2a 965735 b256c7335134
  COINCIDE data_raw/endireh2003/bd_endireh_2003_dta.zip 6455442 c6c70f218ccc
  COINCIDE data_raw/20240603_2005_PREP.zip 47062008 dcccf23088f8
  COINCIDE data_raw/2016trim3_csv.zip 26452611 9103423fdcec
  COINCIDE data_raw/fd_envipe2022.pdf 2910338 8082959fa017
  COINCIDE data_raw/ennvih/doc/eloc05q_bcc.pdf 309972 9051fc3964d8
  COINCIDE descargas_mx/ZA5900_cdb.pdf 5971210 5c288f3c0872
  COINCIDE descargas_mx/export_crudo.txt 24399 daa29e0b8830
  COINCIDE data_raw/inegi_rnm_ddi/envipe2025_rnm_ddi.xml 2334820 0142f0dd87cf
  COINCIDE data_raw/ADQ15_CNBV_AhorroFinanciero_Financiamiento/AFyFeM_Mar_2025.pdf 2555812 dbf19ff1f02b
  COINCIDE data_raw/endireh2011/bd_endireh_2011_csv.zip 28241643 8ece557b2ac1
  COINCIDE data_raw/wb2661_Baseline_Report.pdf 1602946 66e7d4065260
  COINCIDE data_raw/ADQ15_OMCA_conflictos_agua/omca_mapa.html 65738 58c1c2fe264e
  COINCIDE data_raw/fd_c_amp_v4.pdf 1082006 3a53af8acbf3
  COINCIDE data_raw/electoral_sicee_federal/sicee_federal_dip_mr_2021.zip 37160717 90e325eed451
  COINCIDE descargas_mx/ENSANUT2024-v2026-09-01/menores_ensanut2024_w.Cuestionarios.pdf 518103 af65f922094c
  COINCIDE data_raw/ietam_tamaulipas_municipal/2018_Tula.xlsx 57963 852b29d028c3
  COINCIDE data_raw/endireh2006/bd_endireh_2006_csv.zip 25031008 e6529c97b635
  COINCIDE data_raw/losmexicanos_unam_iij/sociedaddelainformacion/Encuesta_Nacional_de_Sociedad_de_la_Informacion.dta 4570352 fc289a36cbf5
  COINCIDE data_raw/cngmd2023/m3/transito_vialidad_cngmd2023_csv.zip 682388 04cd0f70cbf2
  COINCIDE data_raw/cngmd2023/m4/consejo_comite_protec_civhom_cngmd2023_csv.zip 487982 e20d9a2db2c8
  COINCIDE data_raw/A6_MMAD_PROTESTA_MEXICO/mmALL_073120_v16.tab 30087054 55980ce0dfd9
  COINCIDE descargas_mx/ENSANUT2024-v2026-09-01/actividad_fisica_ensanut2024_w-niños.Cuestionarios.pdf 158843 900c64ce3b75
  COINCIDE data_raw/DescargaMasivaOD_382026_131650.xml 69763 97bdf1888b9c
  COINCIDE descargas_mx/censo-hueco-url-v1_0 (1).tsv 274052 e7e880b0a8c8
  COINCIDE data_raw/ADQ15_OMCA_conflictos_agua/omca_reportes.html 5761 67d52a05c0d0
  COINCIDE data_raw/R3.4_Banxico_CoDi_SPEI/banxico_sie_cuadro_CF882_cuentas_pago_cobro.html 116399 05cec9b9a293
  COINCIDE data_raw/20260813134500.export.CSV.zip 79726 787a8b5ecd27
  COINCIDE descargas_mx/Descargas Manuales/ABMex2021-Mexico-Questionnaire-v17.2.5.2-Spa-210420-W.pdf 1029836 50d983736dda
  COINCIDE descargas_mx/NSE_Hogar_ENSANUT_2024.csv.csv.zip 83570 685e33d003ca
  COINCIDE descargas_mx/ACADEMICO-dataverse-mps2012/10.7910_DVN_VOB5JL -- Pentagono PRI Edomex 2017_v1.tab 9711602 ab969f0c0090
  COINCIDE descargas_mx/2026-09-21-GEN2-DIN-CREDITO-PISOS-ENIF2021-1.md 17747 6f36a4a852b7
  COINCIDE data_raw/losmexicanos_unam_iij/ninosadolescentesyjovenes/Encuesta_Nacional_de_Ninos_Adolescentes_y_Jovenes.csv 1147041 c2a10933b288
  COINCIDE descargas_mx/02-GEN2-MOTOR-USOS-Y-COMPLEMENTOS.md 10326 4c589782f6c0
  COINCIDE data_raw/electoral_sicee_federal/sicee_federal_pre_2024.zip 47339633 3122304d4dec
  COINCIDE data_raw/enut2019_diccionario_variables.html 46879 3c47a1341092
  COINCIDE descargas_mx/F00010700-WVS7_Information_about_the_team_Mexico_2018.pdf 84609 fd2d50c0cb9b
  COINCIDE data_raw/ine_marco_geografico_electoral/CRFE_22032016_1aSO_P07_1_1.pdf 107351 d8675f633ede
  COINCIDE data_raw/electoral_local_municipal_serie/iee_ags_2019_ayto_mun1.xlsx 93827 330d7515525b
  COINCIDE data_raw/cngmd2023/m6/servicio_agua_red_publica_cngmd2023_csv.zip 370900 fcefca60911c
  COINCIDE descargas_mx/ENSANUT2024-v2026-09-01/nse_Integrantes_ensanut_2024.stata.stata.zip 237895 15426e13b941
  COINCIDE descargas_mx/Descargas Manuales/MEX_2011_LFEPIE_v01_M_SPSS.zip 192837 cbebbf0faf13
  COINCIDE data_raw/losmexicanos_unam_iij/identidadyvalores/Descripcion_bases_Encuesta_Nacional_de_Identidad_y_Valores.xls 309248 d836da3cc480
  COINCIDE data_raw/losmexicanos_unam_iij/cienciaytecnologia/Encuesta_Nacional_de_Ciencia_y_Tecnologia.dta 3587456 275a02df71b2
  COINCIDE data_raw/cngmd2023/m3/sit_oper_ejec_func_segpub_cngmd2023_csv.zip 897754 91c63e11ac4e
  COINCIDE descargas_mx/00-LEEME-PARALELOS-POST726.md 5876 9246e02bd47c
  COINCIDE data_raw/ejemplobd_enestyc_1995_xlsx.zip 24199 66fa0e336729
  COINCIDE descargas_mx/Descargas Manuales/MEX_2012-2014_ECEPIE_v01_M_v01_A_PUF_Stata12-with unique Spanish characters.zip 1669994 e2d9c865a83d
  COINCIDE data_raw/ENAPROCE_instrumentos/enaproce2018_micro.pdf 281506 f41e487030b8
  COINCIDE descargas_mx/AGS_PEL_2016.zip 1121512 5373242a2cb9
  COINCIDE data_raw/enut2009_fd.pdf 187410 7f51369ae142
  COINCIDE data_raw/ennvih/doc/ehh05cb_b2.pdf 171212 729494859ce9
  COINCIDE descargas_mx/DIPUTACIONES_FED_MR_2021.zip 37160717 90e325eed451
  COINCIDE data_raw/losmexicanos_unam_iij/movilidadytransporte/Encuesta_Nacional_de_Movilidad_y_Transporte_Automoviles.csv 46311 bff065c9006b
  COINCIDE data_raw/enfih2019/enfih_2019_fd.xlsx 202396 326b68b34279
  COINCIDE data_raw/envipe2021/bd_envipe_2021_csv.zip 25767952 4e81832dbb8f
  COINCIDE data_raw/latinobarometro2024_fichas_tecnicas.pdf 16325 e5dc667acbb2
  COINCIDE descargas_mx/31-GEN2-F5-DOCUMENTAL-EJECUCION-PARA-FIRMA.md 8611 3ec463b84c87
  COINCIDE data_raw/losmexicanos_unam_iij/familia/Encuesta_Nacional_de_Familia.csv 2311562 d96837ae7f63
  COINCIDE descargas_mx/VER_PEL_2018.zip 8204769 1b7e5fd78065
  COINCIDE data_raw/condusef_redeco_reune/reune_unidades_especializadas_datosabiertos_310326.csv 4482648 e2fcc59a67d2
  COINCIDE descargas_mx/ENSANUT2024-v2026-09-01/ensasangre24_determinaciones_micronutrimentos.Catálogo.xlsx 270448 0b70aad73693
  COINCIDE data_raw/losmexicanos_unam_iij/economiayempleo/Encuesta_Nacional_de_Economia_y_Empleo.xlsx 445542 294719810686
  COINCIDE data_raw/cultura_constitucional_unam_iij/Tercera_Encuesta_Nacional_de_Cultura_Constitucional_cuestionario.pdf 668885 7f619482bd11
  COINCIDE data_raw/ADQ15_WB6667_Tutores_Pedagogicos_Moviles_2016/cuestionario_docentes.xlsx 67015 e80672ae011b
  COINCIDE descargas_mx/00-LEEME-LANZAMIENTO-POST739.md 5657 7925cd89a6ce
  COINCIDE data_raw/cuest_modulo_envipe2025.pdf 930409 21df38610b21
  COINCIDE data_raw/cngmd2023/m3/infraestruc_segpub_cngmd2023_csv.zip 1803252 190d3fec5571
  COINCIDE descargas_mx/ENCARGO-GEN2-CORTE-EDAD-1-2026-09-16.md 5814 0678dc91d155
  COINCIDE descargas_mx/07R-GEN2-SONDA-CRON-PRODUCCION-POST693.md 12139 a0b9f60e6acf
  COINCIDE data_raw/conjunto_de_datos_enoe_2026_1t_csv.zip 42978855 429c288af46e
  COINCIDE descargas_mx/ZA5900_v4-0-0.dta.zip 4916181 ed7d7781f9cc
  COINCIDE data_raw/ennvih/ucla_mxfls_design_summary_2007_a.pdf 462842 f6ae6b5f8038
  COINCIDE descargas_mx/ENSANUT2024-v2026-09-01/rec24h_sup_ensanut2024_w.stata.stata.zip 34528 a322d92dc028
  COINCIDE data_raw/ietam_tamaulipas_municipal/2018_CiudadMadero.xlsx 87675 48b2db96a95e
  COINCIDE descargas_mx/ENSANUT2024-v2026-09-01/ensasangre24_determinaciones_micronutrimentos.stata.stata.zip 660611 99fedca44908
  COINCIDE data_raw/losmexicanos_unam_iij/salud/Encuesta_Nacional_de_Salud.csv 503135 d3661e01aba4
  COINCIDE descargas_mx/SENADURIAS_MR_TAMPS_EXT_2023.zip 1072371 a4025a2621dd
  COINCIDE data_raw/envipe2014/fd_envipe2014.pdf 1836970 b72ed2be77d4
  COINCIDE descargas_mx/03-ISSP-CONSISTENCIA-APOYO-FAMILIAR.md 6039 54906893df01
  COINCIDE data_raw/electoral_local_municipal_serie/iee_ags_2019_ayto_mun3.xlsx 16708 dfd79a9a3208
  COINCIDE data_raw/enigh2016_nc_csv.zip 40991826 95e30780dfff
  COINCIDE descargas_mx/ENSANUT2024-v2026-09-01/actividad_fisica_ensanut2024_w-adultos.csv.csv.zip 667926 319a4f31190a
  COINCIDE descargas_mx/DIPUTACIONES_FED_RP_2018.zip 39747968 27516a545057
  COINCIDE descargas_mx/ENSANUT2024-v2026-09-01/utilizadores_ensanut2024_w.csv.csv.zip 274335 997009ea0168
  COINCIDE descargas_mx/cabecera-v1_14.md 1530 775f1ba5db6a
  COINCIDE data_raw/conjunto_de_datos_enoe_2025_4t_csv.zip 54060030 e4d4284cc992
  COINCIDE descargas_mx/42-GEN2-N35-PREFERENCIAS-LABORALES-Y-FUENTES.md 13486 24f3871166f5
  COINCIDE descargas_mx/37-GEN2-DELTA-COMPARACION-EXPLICITA.md 6652 6f738a64df18
  COINCIDE data_raw/enut2024_fd.xlsx 162690 4a7dddf1bc06
  COINCIDE descargas_mx/ENCARGO-GEN2-RELEVO-REMESAS-F3-1.md 12590 213525a6e977
  COINCIDE data_raw/conjunto_de_datos_enoe_2024_2t_csv.zip 41777459 19a0a9f0e30b
  COINCIDE descargas_mx/WBES_Mexico2023_Documentation.zip 1265467 2b3b0db77f12
  COINCIDE data_raw/wb2661_Year1.zip 1747196 0b51ea015257
  COINCIDE descargas_mx/LEEME-ICPSR35024-ds1-w2-tabulados-T5-T9-procedencia-2026-09-02 (1).txt 35212 55a038587186
  COINCIDE descargas_mx/UNIVERSO-2026-09/MOTRAL/motral2012_cuestionario.pdf 68814 a520a297a26f
  COINCIDE data_raw/GEN2_N34_PRODUCTO_DANO/banxico_satisfaccion_usuarios_manual_2024.pdf 281206 07926aca1a9f
  COINCIDE data_raw/cngmd2023/m4/marco_norma_prog_cngmd2023_csv.zip 1887135 65fcce3dc2e3
  COINCIDE data_raw/enti2022/enti_2022_fd.pdf 1760381 40b570551e12
  COINCIDE descargas_mx/05-GEN2-RECIBO-CODEX-3.md 12572 36d52a96bc5c
  COINCIDE data_raw/conjunto_de_datos_enoe_2025_2t_csv.zip 53803168 9530a017e3de
  COINCIDE data_raw/electoral_calendario_pel_ine/pel2014-2015_CGor201412-18_ap13.pdf.txt 24051 9a235aa1043f
  COINCIDE data_raw/electoral_calendario_pel_ine/pel2021-2022c.xlsx 187717 b63108d20887
  COINCIDE descargas_mx/UNIVERSO-2026-09/REUTERS-DNR/dnr2025_questionnaire.pdf 830924 77fe382ebaf2
  COINCIDE data_raw/mociba2019/mociba2019_fd.xlsx 195143 ca5e5ff0272f
  COINCIDE data_raw/ennvih/doc/ehh09cb_b3b.pdf 2974154 a21c5348e4eb
  COINCIDE data_raw/wb2661_Year1_Report.pdf 566030 d3c725cc2fd8
  COINCIDE descargas_mx/DIPUTACIONES_FED_MR_2018.zip 40276204 0c6c40bb408c
  COINCIDE descargas_mx/SENADURIAS_MR_NAY_EXT_2021.zip 509016 21c005c9186c
  COINCIDE data_raw/cngmd2023/m2/participa_ciudadana_cngmd2023_csv.zip 893279 6c602c2e8fc6
  COINCIDE data_raw/MEX_2005_CAFR_v01_M_STATA8.zip 305245 36ecb169aba3
  COINCIDE descargas_mx/censo_nube_v1 (1).py 5075 1f78abc6037d
  COINCIDE data_raw/encig2021/encig21_base_datos_dbf.zip 36521524 8eb184f2675f
  COINCIDE data_raw/cuest_modulo_envipe2018.pdf 1427717 547115b60aea
  COINCIDE descargas_mx/ENSANUT2024-v2026-09-01/antropometria_ensanut2024_w.stata.stata.zip 1861138 efff34019a17
  COINCIDE descargas_mx/ENCARGO-GEN2-ARBITRO-MARGINALES-1.md 9480 b6d73b3fd50e
  COINCIDE data_raw/ennvih/doc/ehh09cb_b2.pdf 1833995 12c84fc5b88f
  COINCIDE descargas_mx/cngmd_2023_m4.pdf 1939327 21b830b45b44
  COINCIDE data_raw/ADQ15_WB870_Enterprise_Survey_MX_2010/ES LAC 2010 Manufacturing_Mex.pdf 864561 1ca53f65a07c
  COINCIDE data_raw/cngmd2023/m5/proced_admon_present_cngmd2023_csv.zip 6172000 25b800541608
  COINCIDE data_raw/losmexicanos_unam_iij/identidadyvalores/Encuesta_Nacional_de_Identidad_y_Valores.sav 1043031 e4d93a16d8aa
  COINCIDE data_raw/ennvih/guiausuariov1.pdf 483275 d38ee15b9c6b
  COINCIDE data_raw/pdn_declaranet_sfp/09_datos_abiertos_declaranet_2016.csv 43065631 e7ee87a1a970
  COINCIDE data_raw/endireh2011/bd_endireh_2011_sav.zip 34423435 19bbb1d6bb92
  COINCIDE descargas_mx/F00013146-WVS_Wave_7_Mexico_Csv_v5.1.zip 443663 cf0b774e1f66
  COINCIDE descargas_mx/ENSANUT2024-v2026-09-01/frec_adul_rec_ensanut2024_w.csv.csv.zip 3573460 4604df8e572a
  COINCIDE data_raw/gen2_corrupcion_fuente_general/asf-profedet-2024-0282.pdf 447934 dd7bd4a1ef59
  COINCIDE descargas_mx/2026-09-21-GEN2-TUBERIA-CI-MEDICION-1-ADENDA-1.md 9765 a72c178ab35a
  COINCIDE descargas_mx/ENSANUT2024-v2026-09-01/rec24h_rev_rec_ensanut2024_w.csv.csv.zip 72651 0a74a95df2ed
  COINCIDE data_raw/electoral_local_municipal_serie/ieez_zacatecas_2018_computos_municipales.xlsx 145711 e966430eb71c
  COINCIDE descargas_mx/ENSANUT2024-v2026-09-01/integrantes_ensanut2024_w_icb.Catálogo.xlsx 323826 d7d227be3b36
  COINCIDE data_raw/losmexicanos_unam_iij/educacion/Encuesta_Nacional_de_Educacion.sav 437057 c87712eaaa62
  COINCIDE descargas_mx/F00013032-WVS_Wave_7_Mexico_Spss_v5.1.zip 407655 4b5f387199de
  COINCIDE descargas_mx/40-GEN2-DEMANDA-CONCILIADA-Y-EJECUCION-NC0165.md 21657 916223ebbae0
  COINCIDE data_raw/encig23_base_datos_csv.zip 38309647 af733d867a56
  COINCIDE data_raw/losmexicanos_unam_iij/justicia/Encuesta_Nacional_de_Justicia.xlsx 564730 4a1c45b16157
  COINCIDE data_raw/ADQ15_CNBV_BDIF_inclusion_financiera/Datos_Abiertos_DGASF_jun23_jun24.zip 1921806 398140a2c0ac
  COINCIDE data_raw/engasto2012/gasto_dbf.zip 72445247 38d2d3238d4d
  COINCIDE data_raw/endireh2006/bd_endireh_2006_dbf.zip 29314566 cda0f30221e4
  COINCIDE data_raw/ietam_tamaulipas_municipal/2018_Bustamente.xlsx 58368 be321ddc970f
  COINCIDE data_raw/ejemplobd_enestyc_1992_dbf.zip 9390 5cb644cabc2f
  COINCIDE descargas_mx/icpsr35024-ds1-w2-crosstabs-derivadas (3).csv 34831 a85c59aea0e9
  COINCIDE data_raw/electoral_sicee_local/sicee_local_hgo_pel_2020.zip 1040054 77eab416a34e
  COINCIDE data_raw/losmexicanos_unam_iij/ninosadolescentesyjovenes/Descripcion_bases_Encuesta_Nacional_de_Ninos_Adolescentes_y_Jovenes.xls 301056 607d8c2ee7e1
  COINCIDE descargas_mx/ENSANUT2024-v2026-09-01/etiquetado_ensanut2924_w.csv.csv.zip 764759 1544b18768b2
  COINCIDE descargas_mx/ENCARGO-GEN2-ENCIG2023-AGREGADO-CONDICIONAL-1.md 7433 a93843fd2af2
  COINCIDE descargas_mx/ENSANUT2024-v2026-09-01/frec_pr_rec_ensanut2024_w.csv.csv.zip 882749 5bd7e9c3aaca
  COINCIDE descargas_mx/ENSANUT2024-v2026-09-01/lactancia_ensanut2024_w.Cuestionarios.pdf 266608 2527ab80862b
  COINCIDE data_raw/engasto2013/gasto_sav.zip 123772438 985328b065ee
  COINCIDE descargas_mx/313_03_conafe_bit_cora_supervisor.pdf 91324 f6553958d5d2
  COINCIDE data_raw/mociba2019/mociba2019_bd_sav.zip 389231 80a839471df9
  COINCIDE data_raw/electoral_local_municipal_serie/ieez_zacatecas_2016_ayuntamientos_x_municipio.htm 158315 7e62cf37e7f7
  COINCIDE descargas_mx/Urgencias_2008.zip 132145439 1b17abcf32a7
  COINCIDE descargas_mx/adolescentes_ensanut2024_w.csv.csv.zip 416868 3c5f21ef6158
  COINCIDE descargas_mx/utilizadores_ensanut2024_w.csv.csv.zip 284328 2836f15464e0
  COINCIDE data_raw/R3.4_Banxico_CoDi_SPEI/banxico_sie_cuadro_CF884_operaciones.html 792297 5bd31243e63f
  COINCIDE data_raw/cngmd2023/m2/admi_rh_cap_cngmd2023_csv.zip 1449131 86ff86d6db1e
  COINCIDE data_raw/imss_bienestar_infraestructura/seguimiento_acciones_infraestructura_1er_trimestre_2025.csv 8795 950a0753ea24
  COINCIDE data_raw/inegi_cngf_2025/cngf_2025_resultados.pdf 1075400 1134ba1c5124
  COINCIDE descargas_mx/ENSANUT2024-v2026-09-01/frec_pr_rec_ensanut2024_w.Catálogo.xlsx 265652 70becfe23c60
  COINCIDE descargas_mx/UNIVERSO-2026-09/ENCRIGE/conjunto_de_datos_encrige_2020_csv.zip 1630532 06864904426a
  COINCIDE data_raw/ine_fiscalizacion_agenda_gasto_candidatura_2024/PREFO_23-24_CAM_GxR_240624.csv 433909 7ae2cffecb9d
  COINCIDE descargas_mx/Catalogos_de_Urgencias_2008_2016.zip 874496 270c1a68ea38
  COINCIDE data_raw/envipe2025_csv.zip 17600019 8a7a99fd90ce
  COINCIDE descargas_mx/UNIVERSO-2026-09/INTERCENSAL2015/eic2015_fd.xls 157184 b5b68d352ccc
  COINCIDE data_raw/con_basedatos_proy2010.pdf 2517892 6e70a3a910d3
  COINCIDE data_raw/cuest_principal_envipe2022.pdf 1263461 5028852294be
  COINCIDE data_raw/35024-0001-Codebook-spanish.pdf.zip 2690814 f27c3f8853b7
  COINCIDE descargas_mx/Descargas Manuales/518939279mexico_lapop_final 2006 data set 092906.dta 416557 e426210067f9
  COINCIDE data_raw/enoe_325_fd_c_bas_amp.pdf 2124734 589b8e51cead
  COINCIDE data_raw/2017trim2_csv.zip 27024159 bd58ed29a986
  COINCIDE data_raw/electoral_calendario_pel_ine/pel2016-2017_CGex201609-7-ap-9-a1.pdf.txt 64328 8decbe1a9477
  COINCIDE descargas_mx/libro_de_codigo_padres_api_conafe.xlsx 24666 c818d2ffc555
  COINCIDE descargas_mx/ENSANUT2024-v2026-09-01/hogar_ensanut2024_w_icb.Catálogo.xlsx 288432 ba0e8a97a29d
  COINCIDE descargas_mx/ENCARGO-GEN2-L8-LINAJE-HEREDADO-1.md 12396 736b6d065c70
  COINCIDE descargas_mx/WBES-Panel_Mexico2023_Documentation.zip 3977994 879ee09ebe3f
  COINCIDE descargas_mx/ENSANUT2024-v2026-09-01/rec24h_obte_ensanut2024_w.stata.stata.zip 440398 9a7d2037076b
  COINCIDE data_raw/envipe2024/bd_envipe_2024_dta.zip 22669258 e2f5c57cd910
  COINCIDE data_raw/ietam_tamaulipas_municipal/2018_Jimenez.xlsx 55275 a50c277c26ad
  COINCIDE data_raw/mociba2021/mociba2021_bd_sav.zip 2130265 f525136631b3
  COINCIDE data_raw/ADQ15_IFT_SFD_uso_confianza/ift_sfd_landing.html 99512 2b67505155a1
  COINCIDE descargas_mx/313_conafe_reporte_de_campo_modificaciones_30_08_16.pdf 1309134 3b324ad78970
  COINCIDE data_raw/ennvih/doc/ehh05q_b3a.pdf 366980 1a1a19e21a93
  COINCIDE data_raw/ADQ15_CNBV_AhorroFinanciero_Financiamiento/AFyFeM_Sep_2024.pdf 2612071 becbd32e0b9e
  COINCIDE data_raw/cngmd2023/m6/drenaje_y_alcantarillado_cngmd2023_csv.zip 157843 dd8d8ac7165d
  COINCIDE descargas_mx/UNIVERSO-2026-09/REUTERS-DNR/dnr2025_trust_score.csv 122 a76642be1bdf
  COINCIDE descargas_mx/Urgencias_2026.zip 132421453 e112dd0ccbf9
  COINCIDE data_raw/electoral_local_municipal_serie/ieeh_hidalgo_2024_computos.zip 2384409 4f24ed22318a
  COINCIDE data_raw/base_macu.xlsx 800145 1ca57de22a68
  COINCIDE descargas_mx/ENCARGO-GEN2-DUELO-ENVIPE2026-COMMIT-1.md 20493 012e57b49b10
  COINCIDE data_raw/ADQ15_JPAL_Experimento_Informacion_Electoral_2009/jpal_evaluacion_landing.html 104790 55206c023798
  COINCIDE data_raw/20260813133000.export.CSV.zip 76573 b868d9fdaa3a
  COINCIDE descargas_mx/313_09_egma__m_xico16.pdf 509638 57157489c448
  COINCIDE data_raw/electoral_calendario_pel_ine/pel2019-2020_CGex201909-30-ap-1-a3.xlsx 108222 c5fd7b871754
  COINCIDE data_raw/electoral_local_2023_2024/iec_coahuila_2024/Ayuntamientos2024_X_Municipio.xlsx 226262 f108b92fae65
  COINCIDE descargas_mx/ZA6980_backgroundvar_mx.pdf 220092 6004c300ca13
  COINCIDE descargas_mx/Descargas Manuales/GPS_Dataset.zip 6109324 00bbf0b335df
  COINCIDE descargas_mx/LEEME-procedencia (2).txt 15532 9f0a7da9d591
  COINCIDE data_raw/endutih2023/endutih2023_bd_dbf.zip 9877009 29d195082796
  COINCIDE descargas_mx/icpsr35024-ds1-w2-crosstabs-derivadas.csv 34831 a85c59aea0e9
  COINCIDE data_raw/mociba2021/mociba2021_bd_dbf.zip 1907694 38ebc56541e5
  COINCIDE data_raw/losmexicanos_unam_iij/pobreza/Encuesta_Nacional_de_Pobreza.dta 1776849 e8703e3019d7
  COINCIDE data_raw/enoe_microdatos_post2019/2019trim3_csv.zip 31116800 6809243e8fa1
  COINCIDE data_raw/engasto2013/gasto_de_consumo_ajustado_dta.zip 38953823 8b12ef504548
  COINCIDE descargas_mx/DIPUTACIONES_FED_RP_2024.zip 43575447 57702d9440ee
  COINCIDE data_raw/enoe_microdatos_post2019/enoe_2025_trim2_csv.zip 38752236 291db61afcc4
  COINCIDE data_raw/DescargaMasivaOD_582026_171540_NACIONAL_7930url.xml 1010608 ebd66f3dd497
  COINCIDE descargas_mx/Descargas Manuales/MEX_2012-2014_ECEPIE_v01_M_v01_A_PUF (1).xml 1258485 714056e1f36d
  COINCIDE data_raw/cngmd2023/m4/estruc_orga_capac_ope_cngmd2023_csv.zip 3135193 ac63fd6db7b3
  COINCIDE data_raw/losmexicanos_unam_iij/salud/Encuesta_Nacional_de_Salud.dta 1921554 19c9954a6ea7
  COINCIDE data_raw/fd_c_amp_v2.pdf 293353 41257e6f0401
  COINCIDE descargas_mx/ENSANUT2024-v2026-09-01/rec24h_alim_ensanut2024_w.Catálogo.xlsx 266265 1f1d7564988d
  COINCIDE data_raw/cuest_principal_envipe2023.pdf 1257728 976dee498f90
  COINCIDE data_raw/ADQ15_WB870_Enterprise_Survey_MX_2010/Mexico 2010 Implementation Report_final.pdf 1357717 c2bfaf68c6cd
  COINCIDE descargas_mx/ENSANUT2024-v2026-09-01/utilizadores_ensanut2024_w.stata.stata.zip 397916 b40a4dce264e
  COINCIDE data_raw/Catalogos_de_Urgencias_2008_2016.zip 874496 270c1a68ea38
  COINCIDE data_raw/ADQ15_IFT_SFD_uso_confianza/reporte_especial_SFD_vacc.pdf 9318564 5c088ab9223b
  COINCIDE data_raw/R2.1_R2.2_R10.2_RNM_microdato/inegi_rnm_518_download_19219_informe_final_levantamiento.pdf 3942875 ccde5597f5af
  COINCIDE descargas_mx/ENSANUT2024-v2026-09-01/rec24h_desc_ensanut2024_w.csv.csv.zip 1817861 73a15313a559
  COINCIDE data_raw/cuest_principal_envipe2024.pdf 1308710 39a0d899fdef
  COINCIDE data_raw/enoe_microdatos_post2019/enoe_2025_trim1_csv.zip 40919680 dddbb698e7f1
  COINCIDE data_raw/losmexicanos_unam_iij/medioambiente/Encuesta_Nacional_de_Medio_Ambiente.xlsx 541928 783a4595e0e3
  COINCIDE data_raw/mociba2023/mociba2023_bd_sav.zip 1936747 9e2c11e4d4d4
  COINCIDE descargas_mx/2026-09-21-GEN2-CELDA-D-PILOTO-3-COMMIT-1-v1_3.md 14300 684d02130625
  COINCIDE descargas_mx/ENSANUT2024-v2026-09-01/indice_bienestar.Cuestionarios.docx 13255 6913725196ae
  COINCIDE data_raw/mociba2022/mociba2022_bd_csv.zip 1303159 df186f09f6cc
  COINCIDE descargas_mx/ENCARGO-ENCIG-CRUCES-HISTORICOS-CLI-1.md 12812 6fe394c805fb
  COINCIDE data_raw/pdn_declaranet_sfp/10_datos_abiertos_declaranet_2017.csv 38898879 7d1901686378
  COINCIDE data_raw/losmexicanos_unam_iij/indigenas/Encuesta_Nacional_de_Indigenas.xlsx 618291 39cf8fdd70d0
  COINCIDE data_raw/enoe_123_fd_c_bas_amp.pdf 2124901 920a1db58ee3
  COINCIDE descargas_mx/UNIVERSO-2026-09/ENVE/modulo_delitos_enve2024.pdf 982106 2d0aaef96b71
  COINCIDE data_raw/R2.1_R2.2_R10.2_RNM_microdato/inegi_rnm_catalog_518_enaproce2018.html 167071 67dac48414d1
  COINCIDE data_raw/engasto2012/gasto_dta.zip 68499377 03f8ed295658
  COINCIDE data_raw/losmexicanos_unam_iij/genero/Descripcion_bases_Encuesta_Nacional_de_Genero.xls 249344 42f5cb6792d9
  COINCIDE descargas_mx/35024_dats_2.2.json 4527 a9e496da6c09
  COINCIDE data_raw/enif_2018_fd.xlsx 246905 dd8d5c92a7a0
  COINCIDE data_raw/lapop_abmex2023_cuestionario.pdf 627114 0cf179c783d7
  COINCIDE data_raw/engasto2012/persona_dta.zip 2350036 22816da6fd51
  COINCIDE data_raw/GEN2_FUENTES_FINANCIERAS_CONTINUACION/ensafi_2023_presentacion_resultados.pdf 1545505 4ad641dff0c9
  COINCIDE data_raw/A6_CONDUSEF_DATOS_ABIERTOS/registros_instituciones_financieras_usuarios_seguro_vida__vida_datos_abiertos_resba_4_trim_26.csv 3988010 3ed4e10ed0c7
  COINCIDE descargas_mx/01-CONTRATO-Y-TRAMITE.md 13001 7b82ef550c09
  COINCIDE descargas_mx/ZA5900_backgroundvar_mx.pdf 668385 a7f6a3438eeb
  COINCIDE descargas_mx/ENCARGO-GEN2-ENIGH2022-PERFIL-ESTRUCTURAL-CLI-1.md 12913 a6d41fe9ffde
  COINCIDE descargas_mx/UNIVERSO-2026-09/REUTERS-DNR/dnr2025_brand_trust.csv 359 bcd1c4789ff8
  COINCIDE descargas_mx/20240603_2005_PREP.zip 47062008 dcccf23088f8
  COINCIDE data_raw/losmexicanos_unam_iij/movilidadytransporte/Encuesta_Nacional_de_ Movilidad_y_Transporte_Automoviles.sav 52635 bcd8a6484c7f
  COINCIDE descargas_mx/ZA5900_v4-0-0.sav.zip 9521151 21a1e85603e1
  COINCIDE data_raw/cngmd2023/m2/est_org_cap_cngmd2023_csv.zip 1125086 56754e206308
  COINCIDE data_raw/A6_CONDUSEF_DATOS_ABIERTOS/plan_apertura_datos_condusef__CONDUSEF_2026.csv 34309 1773a6f045f3
  COINCIDE data_raw/WBES_Mexico2010_Data.zip 301152 e2eedb34227e
  COINCIDE data_raw/MEX_2005_CAFR_v01_M.xml 4642520 c33a8ce9af58
  COINCIDE data_raw/encup_2005_cuestionario_pdf.pdf 116061 c6f4a3c77002
  COINCIDE descargas_mx/Descargas Manuales/itinse_202602.pdf 724899 9ac88caffa31
  COINCIDE descargas_mx/PDN_S3v2.zip 1459284 923d0dd06d68
  COINCIDE data_raw/ADQ15_CNBV_AhorroFinanciero_Financiamiento/Base_Ahorro_Financiero_y_Financiamiento_2000-Dic2022.xlsx 393074 a8ddec96b0ad
  COINCIDE descargas_mx/ZA5900_v4-0-0.por.zip 9881561 47ad77b2b5db
  COINCIDE descargas_mx/ENCARGO-GEN2-ENUT-PISOS-Y-SERIE-1.md 8375 67667c8dcd12
  COINCIDE data_raw/conjunto_de_datos_enoen_2021_3t_csv.zip 51070919 909a2d027a96
  COINCIDE descargas_mx/ENCARGO-GEN2-ENVIPE-U4-2013-2015-1.md 14999 b45a0c2e4b27
  COINCIDE descargas_mx/SENADURÍAS_MR_2024.zip 43360629 bafa39ae2127
  COINCIDE data_raw/cngmd2023/m3/regimen_discip_cngmd2023_csv.zip 2989776 be8baa553e5f
  COINCIDE data_raw/cngmd2023/m2/servicios_publicos_cngmd2023_csv.zip 3587107 dd6f73651588
  COINCIDE descargas_mx/UNIVERSO-2026-09/MOTRAL/motral2012_bd_dbf.zip 1216496 bd3fed06bae6
  COINCIDE data_raw/losmexicanos_unam_iij/economiayempleo/Encuesta_Nacional_de_Economia_y_Empleo.dta 2041502 c46f2abe3c2f
  COINCIDE descargas_mx/03-ISSP-REDES-DE-APOYO.md 7067 f2c0cd8f9f09
  COINCIDE data_raw/engasto2013/gasto_mujeres_dbf.zip 2209389 2d092d36e8a2
  COINCIDE data_raw/ietam_tamaulipas_municipal/2018_Guemez.xlsx 57075 adb695cd1d9b
  COINCIDE data_raw/engasto2012/gasto_mujeres_dbf.zip 2301803 02062f81a772
  COINCIDE descargas_mx/DescargaMasiva_3072026_105543.zip 602155 cbcd416a843f
  COINCIDE data_raw/ADQ15_Brasdefer_corpus_pragmatico/encuentros_de_servicio.html 302364 7053fcc25bf6
  COINCIDE data_raw/enif_2021_modelo_er_pdf.zip 153624 3d63ecabb384
  COINCIDE data_raw/electoral_sicee_federal/sicee_federal_sen_rp_2024.zip 43386325 2c5d1aee26b9
  COINCIDE data_raw/engasto2012/lugar_compra_dbf.zip 2011528 b0b646ee6585
  COINCIDE data_raw/fd_c_bas_amp_15ymas.pdf 4383629 f2f6cc39d88a
  COINCIDE data_raw/c_amp_v5.pdf 1074087 4de904621507
  COINCIDE data_raw/iieg_inclusion_financiera_jalisco/iieg_inclusion_financiera_jalisco_2023.xlsx 117962 d86673ceb06f
  COINCIDE data_raw/endireh2016/bd_mujeres_endireh2016_sitioinegi_dbf.zip 102349631 a990a007f2b6
  COINCIDE descargas_mx/Descargas Manuales/MEX_2011_LFEPIE_v01_M.xml 317584 c7ae3180b897
  COINCIDE data_raw/enut2009_diccionario_variables.html 32841 ccd1eb3e762d
  COINCIDE data_raw/electoral_calendario_pel_ine/pel2018ext_CGex201801-10-ap-3-a2.xlsx 14891 c4e1ff4a5545
  COINCIDE descargas_mx/HGO_PEL_2021.zip 2808112 50f21669832e
  COINCIDE descargas_mx/WBES-Panel_Mexico2023_Data.zip 1187900 498a9b2db2bb
  COINCIDE data_raw/cngmd2023/m4/rec_presup_cngmd2023_csv.zip 1509693 fa8ea7031f06
  COINCIDE data_raw/ennvih/eloc05cb_all.zip 166796 e793a63ba5b3
  COINCIDE descargas_mx/ENSANUT2024-v2026-09-01/rec24h_rev_alim_ensanut2024_w.csv.csv.zip 66719 66a810166d32
  COINCIDE descargas_mx/ZA6980_v2-0-0.sav.zip 5278278 20a1420f4aa8
  COINCIDE data_raw/ietam_tamaulipas_municipal/2018_Jaumave.xlsx 144504 5d803b3d2267
  COINCIDE data_raw/ennvih/doc/eloc09cb_bcc2.pdf 927189 65d51b1e33cb
  COINCIDE data_raw/ADQ15_WB870_Enterprise_Survey_MX_2010/MEX_2010_ES_v01_M_WB.metadata.json 15479 01a4b7365f49
  COINCIDE data_raw/losmexicanos_unam_iij/movilidadytransporte/Encuesta_Nacional_de_ Movilidad_y_Transporte.csv 2336362 287b3f3b7dda
  COINCIDE data_raw/enoe_microdatos_post2019/enoe_n_2021_trim1_csv.zip 24586788 208c114079eb
  COINCIDE descargas_mx/supervision_plan.pdf 301280 429d6fb02727
  COINCIDE data_raw/losmexicanos_unam_iij/religion/Encuesta_Nacional_de_Religion_Secularizacion_y_Laicidad.xlsx 757896 daaa651885b7
  COINCIDE data_raw/ietam_tamaulipas_municipal/Concentrado_Ayuntamientos_2016.pdf 556374 10f58601dd07
  COINCIDE descargas_mx/Descargas Manuales/MEX_2012-2014_ECEPIE_v01_M_v01_A_PUF.xml 1258485 714056e1f36d
  COINCIDE data_raw/R3.4_Banxico_CoDi_SPEI/banxico_informe_anual_IdMF_listado_ediciones.html 11067 ba11757f129f
  COINCIDE descargas_mx/ENSANUT2024-v2026-09-01/sangre_hemoglobina_ensanut2024_w.stata.stata.zip 790060 75beb7fb7b09
  COINCIDE data_raw/ennvih/ehh05dta_all.zip 20198874 fc4ea4ae7d0c
  COINCIDE data_raw/ADQ15_IFT_SFD_uso_confianza/reporte_especial_SFD.pdf 8084499 3238bdfeaee6
  COINCIDE descargas_mx/ENSANUT2024-v2026-09-01/rec24h_obte_ensanut2024_w.csv.csv.zip 453243 c420460b2bc9
  COINCIDE descargas_mx/ADENDA-09-CIERRES-YA-ACREDITADOS.md 2210 aacfbec5f86b
  COINCIDE descargas_mx/WBES_Mexico2010_Documentation.zip 2696131 fa6a9511874a
  COINCIDE data_raw/losmexicanos_unam_iij/globalizacion/Encuesta_Nacional_de_Globalizacion.csv 995730 66dc3a2b5444
  COINCIDE descargas_mx/ENSANUT2024-v2026-09-01/frec_adul_ensanut2024_w.csv.csv.zip 239160 ea9355ef8873
  COINCIDE data_raw/c_sdem_v4.pdf 916902 0c918e799a8e
  COINCIDE data_raw/ennvih_diseno/ennvih-1_muestra.pdf 56225 9f90df10338c
  COINCIDE data_raw/electoral_local_municipal_serie/iee_ags_2021_ayto_mun5.xlsx 23655 cf3212e46561
  COINCIDE data_raw/cngmd2023/m2/ins_jur_plan_cngmd2023_csv.zip 1180080 ab887740f280
  COINCIDE data_raw/cngmd2023/m2/programas_sociales_cngmd2023_csv.zip 2325670 5befcb17560b
  COINCIDE descargas_mx/ENSANUT2024-v2026-09-01/frec_es_rec_ensanut2024_w.stata.stata.zip 7426772 a7b0454e2c3c
  COINCIDE data_raw/Descriptores_Base_de_Datos_URGENCIAS_2019.xlsx 57114 106b9525778e
  COINCIDE data_raw/enif_2018_bd_dbf.zip 1243434 7addedd5ab0f
  COINCIDE data_raw/ietam_tamaulipas_municipal/2018_Palmillas.xlsx 54455 ba7535e8b12f
  COINCIDE data_raw/cngmd_2023_m6.pdf 9251680 c57cb73d8d01
  COINCIDE data_raw/fd_envipe2018.pdf 1901994 30f78e99e545
  COINCIDE data_raw/cngmd2023/m3/puesta_disposi_cngmd2023_csv.zip 15841110 9617e080d9e3
  COINCIDE descargas_mx/SENADURIAS_RP_2018.zip 39901170 582de042911e
  COINCIDE data_raw/encig2023/encig23_base_datos_sav.zip 36696330 b4e01a08e1f1
  COINCIDE data_raw/envipe2017/calculo_indicadores_r_envipe2017.pdf 1471628 334fceeb4aee
  COINCIDE descargas_mx/ENCARGO-GEN2-ENCRIGE-CARGA-INTENSIDAD-1.md 14933 b92ede726086
  COINCIDE data_raw/ADQ15_CNBV_AhorroFinanciero_Financiamiento/Diccionario_DGEE.xlsx 28031 651e0d17f27e
  COINCIDE data_raw/electoral_local_municipal_serie/ieez_zacatecas_2018_ayto_x_casilla.xlsx 1171026 ee8841d5a0f5
  COINCIDE data_raw/losmexicanos_unam_iij/movilidadytransporte/Encuesta_Nacional_de_Movilidad_y_Transporte_Automoviles.dta 133534 2b8b4c7abc73
  COINCIDE data_raw/cngmd_2023_m7.pdf 3334783 ad39d975e432
  COINCIDE data_raw/ADQ15_WB870_Enterprise_Survey_MX_2010/MEX_2010_ES_v01_M_WB.xml 881239 d91582bb8e09
  COINCIDE data_raw/enasic2022/enasic_2022_fd.xlsx 266488 33c692e05bd7
  COINCIDE data_raw/enoe_microdatos_post2019/enoe_2023_trim4_csv.zip 40681812 24f15e1ab8ad
  COINCIDE data_raw/losmexicanos_unam_iij/culturalecturaydeporte/Encuesta_Nacional_de_Cultura_Lectura_y_Deporte.dta 2939925 cd4e14be07f9
  COINCIDE data_raw/enif_2015_fd.xlsx 219503 8233cf53f590
  COINCIDE data_raw/ennvih/ehh05lw_all.zip 698559 6567bcbf3386
  COINCIDE data_raw/R3.4_Banxico_CoDi_SPEI/informe_anual_IdMF_2022.pdf 3149823 c63ec824f491
  COINCIDE data_raw/envipe2025/bd_envipe_2025_csv.zip 18933389 ecb39b8624b7
  COINCIDE data_raw/electoral_local_2023_2024/iec_coahuila_2024/AYUNTAMIENTOS2024_X_CASILLA.xlsx 588282 ebd56415396c
  COINCIDE data_raw/ADQ15_CNBV_BDIF_inclusion_financiera/52Sep2022_USO_EACP_NAL.csv 2136 c431315d5b98
  COINCIDE descargas_mx/10-GEN2-ENVIPE-VALIDACION-Y-LECTURA.md 11373 a8f6d0958616
  COINCIDE data_raw/enoe_microdatos_post2019/enoe_2024_trim1_csv.zip 37004177 5ef594c06487
  COINCIDE descargas_mx/313_06_egra_l_minas_simo.pdf 177618 1a5579364bad
  COINCIDE data_raw/mociba2025/mociba2025_fd.xlsx 143098 6807df722b6c
  COINCIDE data_raw/ucdp_ged261_csv.zip 39122522 8c941d84954e
  COINCIDE data_raw/envipe2023/bd_envipe_2023_dbf.zip 25485140 829806a21611
  COINCIDE data_raw/R1_1_AGROASEMEX/PAA_componente_subsidio_ramo_ganadero.csv 1153815 ccba2019639e
  COINCIDE descargas_mx/Descargas Manuales/MEX_2010_IEPEP_v01_M_v01_A_PUF_ASCII_SAS.zip 1247226 8e245bd56744
  COINCIDE data_raw/ennvih/doc/eloc09q_bcc1.pdf 1105763 1a5dc8449f77
  COINCIDE descargas_mx/ENSANUT2024-v2026-09-01/frec_es_rec_ensanut2024_w.csv.csv.zip 1392256 830cda3503d4
  COINCIDE data_raw/cultura_constitucional_unam_iij/Tercera_Encuesta_Nacional_de_Cultura_Constitucional.sav 603168 1cda92a6036c
  COINCIDE data_raw/engasto2013/hogar_dbf.zip 1674648 d17bb1d64afd
  COINCIDE data_raw/encig2019_csv.zip 32632044 61f49f614972
  COINCIDE data_raw/envipe2016/fd_envipe2016.pdf 2423007 e21428e021a6
  COINCIDE data_raw/A6_CONDUSEF_DATOS_ABIERTOS/supervision_financiera_observaciones_producto_financiero_institucion__observaciones_3trimestre_25.csv 206986 c60935aafdfb
  COINCIDE descargas_mx/banxico-2013-17-crowding-out-70ymas.pdf 253790 899dff850d1b
  COINCIDE data_raw/R3.4_Banxico_CoDi_SPEI/banxico_codi_cuentas_validadas_x_mil_hab_trimestral.xlsx 166771 7a8496df90cc
  COINCIDE data_raw/Descriptores_Base_de_Datos_URGENCIAS_2018.xlsx 57095 fe77236abe83
  COINCIDE data_raw/engasto2012/gasto_de_consumo_ajustado_sav.zip 68104386 df537940dcac
  COINCIDE descargas_mx/hogar_ensanut2024_w_icb.stata.stata.zip 1458055 440ff69a24d8
  COINCIDE data_raw/ensafi2023/ensafi_2023_fd_xlsx.zip 1108577 37bd0cb6dd54
  COINCIDE data_raw/cngmd2023/m2/rec_mate_cngmd2023_csv.zip 2040361 d995c241523f
  COINCIDE data_raw/endutih2024/fd_endutih2024.xlsx 155075 ecdf95924b0b
  COINCIDE descargas_mx/ENSANUT2024-v2026-09-01/rec24h_rev_desc_ensanut2024_w.Catálogo.xlsx 268722 ddf765ccb4d0
  COINCIDE descargas_mx/UNIVERSO-2026-09/ENVE/conjunto_de_datos_enve_2024_csv.zip 1672676 5b2c5efccd0d
  COINCIDE data_raw/losmexicanos_unam_iij/migracion/Descripcion_bases_Encuesta_Nacional_de_Migracion.xls 214016 0c539582e83a
  COINCIDE descargas_mx/Descargas Manuales/MEX_2023_LAPOP_AmericasBarometer_v1.0_w (1).dta 1136219 4a9410a53cde
  COINCIDE data_raw/WBES-OS_Mexico2026_Documentation.zip 955817 082d02af0767
  COINCIDE data_raw/losmexicanos_unam_iij/genero/Encuesta_Nacional_de_Genero.dta 6105347 b416de6479cf
  COINCIDE data_raw/enut2002_bd_dbf.zip 2667594 61c2de5a9296
  COINCIDE data_raw/encig2023/encig23_base_datos_dbf.zip 33236600 8512fc49f4cb
  COINCIDE data_raw/losmexicanos_unam_iij/culturapolitica/Encuesta_Nacional_de_Cultura_Politica.dta 3493983 26ea116bdd19
  COINCIDE descargas_mx/UNIVERSO-2026-09/PEW/pew_gas_spring2018.zip 6269241 77c057672f81
  COINCIDE data_raw/losmexicanos_unam_iij/sociedaddelainformacion/Encuesta_Nacional_de_Sociedad_de_la_Informacion.csv 1095705 455316d8c59d
  COINCIDE descargas_mx/ENSANUT2024-v2026-09-01/frec_es_sup_ensanut2024_w.Catálogo.xlsx 265188 21af3793eebf
  COINCIDE data_raw/cngmd2023/m6/capta_agua_otros_recursos_hidricos_cngmd2023_csv.zip 60471 5fe8fafb2159
  COINCIDE data_raw/cngmd2023/m2/transp_acceinfo_protdatos_cngmd2023_csv.zip 3417113 bc81a770fb81
  COINCIDE descargas_mx/02-MOTRAL-PRIORIDADES-PRESTACIONES.md 6241 7c03649addd7
  COINCIDE data_raw/pdn_declaranet_sfp/11_datos_abiertos_declaranet_2018.csv 45284941 5610b480aee0
  COINCIDE descargas_mx/Descargas Manuales/ddi-documentation-english_microdata-2049.pdf 188156 8a52a2866e0c
  COINCIDE data_raw/R1_1_AGROASEMEX/padron_integrantes_sistema_nacional_aseguramiento_agropecuario.csv 47848 d2cf2d33decd
  COINCIDE descargas_mx/2026-09-20-GEN2-DIN-CREDITO-COMPARABILIDAD-TEXTO-1.md.sha256 120 b3c2448b92a9
  COINCIDE data_raw/ejemplobd_enestyc_2001_dbf.zip 7648 5ebafbc4b519
  COINCIDE descargas_mx/ENSANUT2024-v2026-09-01/utilizadores_ensanut2024_w.Cuestionarios.pdf 267996 004aacee3729
  COINCIDE descargas_mx/ADENDA-18-CONSUMOS-Y-BENCHMARK.md 4874 a09417f3a9fb
  COINCIDE data_raw/engasto2012/persona_sav.zip 6872669 4904f4f347d9
  COINCIDE data_raw/engasto2012/gasto_mujeres_dta.zip 2225480 bbbaaf97cdf2
  COINCIDE data_raw/losmexicanos_unam_iij/salud/Encuesta_Nacional_de_Salud.sav 341131 66e9fb9c9132
  COINCIDE descargas_mx/ENCARGO-GEN2-ENCIG2023-FLUJO-Y-ESTIMANDO-1.md 12627 bd15fa90be2e
  COINCIDE descargas_mx/Descargas Manuales/Mexico LAPOP AmericasBarometer 2019 v1.0_W.dta 832946 c88f79ebb8e7
  COINCIDE data_raw/enut2024_diccionario_variables.html 40533 f9a2e32bc767
  COINCIDE descargas_mx/WBES_Mexico2010_Data.zip 301152 e2eedb34227e
  COINCIDE data_raw/ietam_tamaulipas_municipal/2018_ValleHermoso.xlsx 63022 d3be9d435882
  COINCIDE descargas_mx/Descargas Manuales/DataDetails.xls 682496 2b88ef960078
  COINCIDE data_raw/ADQ15_ENAFIN_2024_RNM_INEGI/enafin2024_rnm_get_microdata.html 23082 2297e2827ee2
  COINCIDE data_raw/Contratos_CompraNet5.xlsx 4417249 9fcbce83c61b
  COINCIDE data_raw/osf_interacting_as_equals/SI_F9_results.dta 6470 0196ce6b2e1d
  COINCIDE descargas_mx/ENSANUT2024-v2026-09-01/antropometria_ensanut2024_w.Cuestionarios.pdf 192972 d076a1deb894
  COINCIDE data_raw/gen2_corrupcion_fuente_general/eneac2021-nota-metodologica.pdf 3457056 2608f85c79db
  COINCIDE descargas_mx/UNIVERSO-2026-09/CSES/cses4_module4_full.zip 4597459 add91903bcff
  COINCIDE data_raw/ietam_tamaulipas_municipal/2018_Xicotencatl.xlsx 57946 96b043d288ba
  COINCIDE data_raw/ADQ15_CNBV_BDIF_inclusion_financiera/52Sep2022_BD_Uso_Edo.csv 8810 d786f55b672e
  COINCIDE descargas_mx/HGO_PEL_2018.zip 2015973 d19754b0772a
  COINCIDE descargas_mx/cuestionario_alumnos.xlsx 52860 7ad4d32b3fcf
  COINCIDE data_raw/electoral_local_municipal_serie/iee_ags_2019_ayto_mun9.xlsx 13192 78ebb64a8e76
  COINCIDE descargas_mx/DescargaMasiva_682026_95418.zip 688618 62d6fd429bce
  COINCIDE descargas_mx/hogar_ensanut2024_w_ICB.Catlogo.xlsx 162227 b5b9792e9228
  COINCIDE descargas_mx/Exportación pública de Insumos y reportes.xlsx 732571 3a10dd9b226b
  COINCIDE descargas_mx/Descargas Manuales/642348348mexico 2004 export version.dta 429746 ef46b8f5a3c5
  COINCIDE data_raw/losmexicanos_unam_iij/derechoshumanos/Descripcion_bases_Encuesta_Nacional_de_Derechos_Humanos_Discriminacion_y_Grupos_Vulnerables.xls 146432 3998dedaf7bf
  COINCIDE data_raw/losmexicanos_unam_iij/culturapolitica/Encuesta_Nacional_de_Cultura_Politica.sav 594020 d428b11b02d2
  COINCIDE data_raw/electoral_calendario_pel_ine/pel2016-2017_CGex201610-14-ap-17-a2.xlsx 31086 f937650da28a
  COINCIDE descargas_mx/LEEME-ICPSR35024-ds1-w2-tabulados-T5-T9-procedencia-2026-09-02.txt 35212 55a038587186
  COINCIDE data_raw/encig17_cuestionario.pdf 1151457 7a3e90709732
  COINCIDE descargas_mx/ec_cngmd2023.xlsx 536309 dea8dff3996f
  COINCIDE data_raw/losmexicanos_unam_iij/seguridadpublica/Encuesta_Nacional_de_Seguridad_Publica.sav 609620 454a5707bd0f
  COINCIDE data_raw/mociba2024/mociba2024_bd_sav.zip 2056547 f72d09139646
  COINCIDE descargas_mx/base_macu.xlsx 800145 1ca57de22a68
  COINCIDE descargas_mx/ENSANUT2024-v2026-09-01/frec_pr_ensanut2024_w.Catálogo.xlsx 266694 4a3b4ca76c5f
  COINCIDE data_raw/electoral_local_municipal_serie/iee_ags_2021_ayto_mun3.xlsx 17377 6b2a061429b9
  COINCIDE data_raw/ennvih/eloc05q_all.zip 642097 eb9aee58ebeb
  COINCIDE descargas_mx/censo-licencias-v1_0 (1).tsv 624109 f10bcdfc0692
  COINCIDE descargas_mx/UNIVERSO-2026-09/ENADIS/enadis2022_cuestionario_opinion.pdf 1733780 1d004ebec319
  COINCIDE descargas_mx/hogar_ensanut2024_w_ICB.csv.csv.zip 996094 fb27bb64c3fb
  COINCIDE data_raw/ADQ15_CNBV_AhorroFinanciero_Financiamiento/Base_Ahorro_Financiero_y_Financiamiento_2000-Jun2023.xlsx 400835 a28d0d187a99
  COINCIDE descargas_mx/UNIVERSO-2026-09/ENADIS/enadis2022_fd.pdf 3276610 4cf4d67b3d91
  COINCIDE data_raw/encig15_estructura_base_datos.pdf 4340061 1bcf65db52e8
  COINCIDE data_raw/losmexicanos_unam_iij/educacion/Encuesta_Nacional_de_Educacion.xls 1011200 3e774d896c54
  COINCIDE data_raw/endireh2011/bd_endireh_2011_dbf.zip 34968488 6fbaec591716
  COINCIDE descargas_mx/LEEME-ICPSR35024-ds1-w2-tabulados-T5-T9-procedencia-2026-09-02 (4).txt 35212 55a038587186
  COINCIDE data_raw/cngmd2023/m3/pers_func_segpub_cngmd2023_csv.zip 2508039 8b17a3742923
  COINCIDE data_raw/ennvih/eloc09cb_all.zip 1796199 1e319818bf0a
  COINCIDE data_raw/cuest_modulo_envipe2024.pdf 933605 7628127d5e9b
  COINCIDE descargas_mx/ENSANUT2024-v2026-09-01/frec_adul_tor_ensanut2024_w.stata.stata.zip 140815 c04591a5f667
  COINCIDE data_raw/engasto2013/viviendas_dbf.zip 1082772 bd1fa799ef23
  COINCIDE data_raw/electoral_calendario_pel_ine/pel2018-2019.xlsx 60903 865df4d92223
  COINCIDE data_raw/cngmd2023/m3/atenc_victlocali_persdes_noloc_cngmd2023_csv.zip 2819754 a190a87ccb75
  COINCIDE data_raw/R2.1_R2.2_R10.2_RNM_microdato/inegi_rnm_catalog_search_intento_search_param.html 30145 a466058ec91f
  COINCIDE data_raw/ennvih/doc/ehh02cb_b2.pdf 225237 2b1d1fcbf9e5
  COINCIDE descargas_mx/04-GEN2-PISOS-REJILLA-CLI-1.md 15643 c608dc35723f
  COINCIDE descargas_mx/Descargas Manuales/ABMEX2023-Technical-Report-v4.0-FINAL-eng-231117.pdf 222999 f12f33d7c957
  COINCIDE descargas_mx/01-CRON-VERIFICACION-EN-CAJA.md 6625 1aea8f3fb1c6
  COINCIDE data_raw/losmexicanos_unam_iij/familia/Encuesta_Nacional_de_Familia.xlsx 275766 6fecca0d1c8c
  COINCIDE data_raw/envipe2023_csv.zip 17728995 0dcc00a7fc37
  COINCIDE descargas_mx/17-GEN2-LINAJE-Y-ADOPCION.md 10342 ba012833fbdc
  COINCIDE data_raw/cngmd2023/m2/panteones_cngmd2023_csv.zip 7080366 042880a684bc
  COINCIDE data_raw/losmexicanos_unam_iij/medioambiente/Encuesta_Nacional_de_Medio_Ambiente.dta 3019688 91a00913c8d5
  COINCIDE data_raw/ennvih/eloc09dta_all.zip 423878 da3d4d6f8094
  COINCIDE data_raw/ejemplobd_enestyc_2005_stata.zip 12439 b7407ec98b83
  COINCIDE descargas_mx/ENCARGO-GEN2-ENIGH2022-INTENSIDAD-REMESAS-1.md 12892 bf82e4462092
  COINCIDE descargas_mx/Descargas Manuales/FORMATO_9_Impuesto.xls 265728 2735dc81c236
  COINCIDE descargas_mx/05-GEN2-ENVIPE-SERIE-COMPLETA.md 8986 19fb659c6e51
  COINCIDE descargas_mx/ENSANUT2024-v2026-09-01/rec24h_ensanut2024_w.Catálogo.xlsx 274737 7cb248e86443
  COINCIDE data_raw/cngmd2023/m3/asocia_interinst_cngmd2023_csv.zip 764909 4a3d37e05cc6
  COINCIDE descargas_mx/adolescentes_ensanut2024_w.stata.stata.zip 798929 b528e00511ad
  COINCIDE descargas_mx/NSE_Integrantes_ENSANUT_2024.csv.csv.zip 256745 0315bc625b26
  COINCIDE descargas_mx/ENSANUT2024-v2026-09-01/adolescentes_ensanut2024_w.stata.stata.zip 772749 47251c90bd41
  COINCIDE data_raw/mociba2023/mociba2023_bd_dta.zip 1196041 8669bc65bd72
  COINCIDE data_raw/ejemplobd_enestyc_2001_xlsx.zip 21896 ce851437457f
  COINCIDE data_raw/ine_conteos_censales_participacion/DatosAbiertos_DECEyEC_ConteosCensales_VotoAnticipado2024.zip 16203 1e496a2fc1e2
  COINCIDE data_raw/cngmd2023/m1/ayuntamientos_cngmd2023_csv.zip 2835380 f37ce9dd3ec9
  COINCIDE descargas_mx/cngmd_2023_m5.pdf 2643423 82bfaef6dd79
  COINCIDE data_raw/envipe2022/bd_envipe_2022_sav.zip 28573124 0791da9c1173
  COINCIDE data_raw/engasto2013/gasto_de_consumo_ajustado_dbf.zip 32947499 afeea4b97806
  COINCIDE descargas_mx/ACADEMICO-dataverse-mps2012/10.7910_DVN_27083 -- mexico.rda 14954 e9e2c2590b19
  COINCIDE data_raw/losmexicanos_unam_iij/culturalecturaydeporte/Encuesta_Nacional_de_Cultura_Lectura_y_Deporte.xls 624128 fc85344d22f6
  COINCIDE data_raw/ietam_tamaulipas_municipal/2018_GustavoDiazOrdaz.xlsx 57043 6bc72d8517fa
  COINCIDE data_raw/ADQ15_CNBV_BDIF_inclusion_financiera/52Sep2022_BD_Uso_EACP_Edo.csv 4356 c0c083eb3284
  COINCIDE data_raw/losmexicanos_unam_iij/seguridadpublica/Encuesta_Nacional_de_Seguridad_Publica.xlsx 689656 48c58300a8f5
  COINCIDE data_raw/ADQ15_CNBV_BDIF_inclusion_financiera/Glosario_Datos_Abiertos_DGASF.xlsx 27518 18d8d88392bb
  COINCIDE data_raw/encig17_estructura_base_datos.pdf 2116934 89b967f4f59c
  COINCIDE data_raw/ietam_tamaulipas_municipal/2018_Casas.xlsx 55229 c4a316b447f8
  COINCIDE data_raw/electoral_local_municipal_serie/ieeh_hidalgo_2016_ayuntamientos.zip 447674 1de5e344fb87
  COINCIDE descargas_mx/Descargas Manuales/682647031Technical information_Mexico_2004.pdf 37463 327716b8bc4e
  COINCIDE data_raw/electoral_calendario_pel_ine/pel2015-2016_CGex1_201512-16_ap25.pdf 196293 f313bc14d904
  COINCIDE data_raw/ietam_tamaulipas_municipal/2018_NuevoLaredo.xlsx 118618 956db7c8737c
  COINCIDE data_raw/losmexicanos_unam_iij/migracion/Encuesta_Nacional_de_Migracion.xlsx 698914 40f839fbda18
  COINCIDE data_raw/engasto2012/vivienda_dta.zip 1181477 97ebeae2423f
  COINCIDE descargas_mx/00-PLAN-Y-LANZAMIENTO.md 9248 9cef20488525
  COINCIDE data_raw/cngmd2023/m3/dignificacion_servicio_cngmd2023_csv.zip 1419915 7f351326dc0c
  COINCIDE descargas_mx/Catalogos_de_Urgencias_2023_2025.zip 4802371 43b8eb711ad0
  COINCIDE descargas_mx/UNIVERSO-2026-09/ENH/hogar_enh_2017_csv.zip 268056 dffc6717fd70
  COINCIDE data_raw/gen2_corrupcion_fuente_general/eneac2021-cuestionario.pdf 857096 10a0ab1ed70c
  COINCIDE data_raw/envipe2017/fd_envipe2017.pdf 1878707 a633224e86cd
  COINCIDE descargas_mx/ENNVIH-DOCUMENTACION-2026-09-15.zip 951278 1ba92400a2d3
  COINCIDE descargas_mx/ACADEMICO-dataverse-mps2012/10.7910_DVN_VOB5JL -- Figure 4 formal model predictions.xlsx 17925 8568475057a6
  COINCIDE descargas_mx/LEEME-ICPSR35024-ds1-w2-tabulados-T5-T9-procedencia-2026-09-02 (3).txt 35212 55a038587186
  COINCIDE descargas_mx/cuestionario_alumnos (1).xlsx 52860 7ad4d32b3fcf
  COINCIDE data_raw/enoe_microdatos_post2019/2020trim1_csv.zip 27350239 8f24f571dee6
  COINCIDE descargas_mx/ENSANUT2024-v2026-09-01/frec_adul_tor_ensanut2024_w.Catálogo.xlsx 264487 26f8de7cba63
  COINCIDE data_raw/electoral_local_2023_2024/iec_coahuila_2023/Diputaciones2023_X_Casilla.xlsx 532465 9d0ffc073b57
  COINCIDE data_raw/electoral_local_municipal_serie/iee_ags_2019_ayto_mun10.xlsx 13473 c7b568ccf2e5
  COINCIDE data_raw/electoral_calendario_pel_ine/pel2020-2021_CGex202008-07-ap-2-a2.xlsm 1448232 1947c43e3338
  COINCIDE data_raw/latinobarometro2024_cuestionario_esp.pdf 430128 f1fe995d2408
  COINCIDE data_raw/envipe2018_csv.zip 24337809 aa279993bfea
  COINCIDE data_raw/envipe2023/bd_envipe_2023_dta.zip 16221003 4a7110bea2f2
  COINCIDE data_raw/cuest_principal_envipe2025.pdf 1264383 a3e08bd496ce
  COINCIDE data_raw/engasto2012/gasto_de_consumo_ajustado_constante_sav.zip 81263908 67864acb791e
  COINCIDE data_raw/engasto2012/gasto_de_consumo_ajustado_dta.zip 37585691 baa12eb4f1b3
  COINCIDE data_raw/electoral_calendario_pel_ine/pel2015-2016_CGex1_201512-16_ap25.pdf.txt 24723 e9de0ab8dcb7
  COINCIDE descargas_mx/ADENDA-1-GEN2-DIN-CREDITO-PISOS-ENIF2021-1.md 1583 95be94880dca
  COINCIDE descargas_mx/LEEME-procedencia.txt 1383 c98ce68bda7c
  COINCIDE data_raw/enif2024_csv.zip 3086077 a3507b403888
  COINCIDE data_raw/A6_CONDUSEF_DATOS_ABIERTOS/anuario_actividades_condusef_sanciones__05_sanciones_firmes.csv 457 49f6d221fa31
  COINCIDE data_raw/envipe2024/bd_envipe_2024_dbf.zip 33648165 ece8512747e7
  COINCIDE data_raw/ENAPROCE_instrumentos/enaproce2015_pyme_manufac.pdf 299948 b0223e7acc8f
  COINCIDE data_raw/Censo2020_CEU_eum_csv.zip 135163712 49f2dd9563d9
  COINCIDE data_raw/electoral_local_2023_2024/iec_coahuila_2023/Gubernatura2023_X_Municipio.xlsx 167120 7b74f0a8546a
  COINCIDE descargas_mx/Descargas Manuales/NumPagTipCon.xls 87040 0a1467521615
  COINCIDE data_raw/R3.4_Banxico_CoDi_SPEI/banxico_infraestructuras_mercados_fin_landing.html 10267 f834b52c2ed0
  COINCIDE data_raw/ejemplobd_enestyc_2005_xlsx.zip 63561 2e134ecc6587
  COINCIDE descargas_mx/29-GEN2-CONSULTA-OPERATIVA-CON-CONTRATO.md 6934 3702411c26e7
  COINCIDE data_raw/losmexicanos_unam_iij/envejecimiento/Descripcion_bases_Encuesta_Nacional_de_Envejecimiento.xls 206336 b62045757e5d
  COINCIDE descargas_mx/informe-programa-v1_1.md 20376 b9950db42ec3
  COINCIDE data_raw/cngmd2023/m3/comis_honor_just_cngmd2023_csv.zip 1137251 7a589d648f52
  COINCIDE data_raw/electoral_local_municipal_serie/iee_nayarit_2017_ayuntamientos.xlsx 442554 ca7f075ad640
  COINCIDE descargas_mx/Descriptores_Base_de_Datos_URGENCIAS_2019.xlsx 57114 106b9525778e
  COINCIDE data_raw/electoral_local_municipal_serie/iee_ags_2021_ayto_mun11.xlsx 17044 139c68793895
  COINCIDE descargas_mx/00-LEEME-LANZAMIENTO-POST723.md 5717 7c9b222c87ff
  COINCIDE descargas_mx/ENCARGO-GEN2-TRAMITE-5-2026-09-17.md 8179 2cf6b3d8be23
  COINCIDE data_raw/A6_CONDUSEF_DATOS_ABIERTOS/registros_instituciones_financieras_usuarios_productos_servicios_seguro_automovil__RESBA_auto_julio_2025.csv 404709 3b68d1e711d9
  COINCIDE descargas_mx/ACADEMICO-dataverse-mps2012/10.7910_DVN_27083 -- simulations_replication.R 67986 87f5afe23391
  COINCIDE data_raw/losmexicanos_unam_iij/derechoshumanos/Encuesta_Nacional_de_Derechos_Humanos_Discriminacion_y_Grupos_Vulnerables.sav 463964 86506b7d84b4
  COINCIDE descargas_mx/cuestionario_docentes.xlsx 67015 e80672ae011b
  COINCIDE data_raw/cngmd2023/m4/atlas_riesgo_cngmd2023_csv.zip 681934 ce7b29b4d8c2
  COINCIDE data_raw/base_datos_enadid23_csv.zip 44922433 995d448ab298
  COINCIDE data_raw/losmexicanos_unam_iij/movilidadytransporte/Encuesta_Nacional_de_Movilidad_y_Transporte_Viajes.sav 257718 81e2dcdba6dc
  COINCIDE descargas_mx/NSE_Integrantes_ENSANUT_2024.Catlogo.xlsx 138387 6d2425ad899a
  COINCIDE data_raw/ADQ15_WB6667_Tutores_Pedagogicos_Moviles_2016/313_07_egma_l_minas_simo.pdf 175484 e9c79f540c17
  COINCIDE data_raw/mociba2024/mociba2024_bd_dbf.zip 2245140 023a0e1ac282
  COINCIDE data_raw/enif2018_csv.zip 4450312 51f33ec74ccd
  COINCIDE descargas_mx/ENSANUT2024-v2026-09-01/rec24h_rev_sup_ensanut2024_w.stata.stata.zip 9016 b3165918636f
  COINCIDE data_raw/ietam_tamaulipas_municipal/2018_GomezFarias.xlsx 55750 fd9c5b4c67ae
  COINCIDE data_raw/ennvih/guiausuariov2.pdf 307528 6d3334e77e1d
  COINCIDE descargas_mx/ENSANUT2024-v2026-09-01/integrantes_ensanut2024_w_icb.csv.csv.zip 1656302 c3aac85e9ea9
  COINCIDE descargas_mx/ENSANUT2024-v2026-09-01/rec24h_sup_ensanut2024_w.Catálogo.xlsx 275031 4b4d2177dd79
  COINCIDE data_raw/losmexicanos_unam_iij/movilidadytransporte/Encuesta_Nacional_de_Movilidad_y_Transporte_Viajes.csv 372786 033383dc5e57
  COINCIDE data_raw/2016trim4_csv.zip 26466686 f5846e8416db
  COINCIDE data_raw/ADQ15_CNBV_AhorroFinanciero_Financiamiento/Base_Ahorro_Financiero_y_Financiamiento_2000-Sep2022.datosabiertos.xlsx 387045 54b40df84f83
  COINCIDE data_raw/engasto2012/persona_dbf.zip 2415139 12fc666aa8d3
  COINCIDE data_raw/c_sdem_v5a.pdf 698586 e306c67a6551
  COINCIDE descargas_mx/Descargas Manuales/AGEs 125 - Padres 10.pdf 490676 83c1b7f7dc2a
  COINCIDE data_raw/DescargaMasiva_192026_194559.zip 603147 e4d02401a1ae
  COINCIDE data_raw/cngmd2023/m6/captacion_agua_abastecimiento_pub_cngmd2023_csv.zip 445281 354996b8b30d
  COINCIDE data_raw/enaproce2015/ejem_base_pyme_ciega_csv.zip 4817 d43c404c3213
  COINCIDE descargas_mx/cuest_lec_final.pdf 220985 ff6fe3f335b5
  COINCIDE data_raw/engasto2012/gasto_mujeres_sav.zip 4295690 a67e8254e64b
  COINCIDE data_raw/losmexicanos_unam_iij/federalismo/Encuesta_Nacional_de_Federalismo.csv 605738 bdf8e0d98902
  COINCIDE data_raw/engasto2013/gasto_de_consumo_ajustado_sav.zip 69821790 c75ed5c6eaf9
  COINCIDE data_raw/GEN2_N34_PRODUCTO_DANO/shed_2025_public_csv.zip 4676794 a4ab3f7d042f
  COINCIDE descargas_mx/AGS_PEL_2018.zip 477223 dfe21384543b
  COINCIDE data_raw/ietam_tamaulipas_municipal/2018_Guerrero.xlsx 54577 3c416b2d423f
  COINCIDE data_raw/envipe2022/bd_envipe_2022_dta.zip 17530262 bca872005497
  COINCIDE data_raw/motral2015_documento_metodologico.pdf 1272155 d578f9c510dd
  COINCIDE data_raw/20260813131500.export.CSV.zip 70361 c9170239e63b
  COINCIDE data_raw/losmexicanos_unam_iij/indigenas/Encuesta_Nacional_de_Indigenas.csv 664546 59bfbd692ffe
  COINCIDE data_raw/ADQ15_Brasdefer_corpus_pragmatico/convelic_conversaciones.html 40435 228079da68f2
  COINCIDE data_raw/ennvih/usersguidemxfls-3-en.pdf 708423 747a9a0f33ec
  COINCIDE data_raw/encig2025/encig25_base_datos_dta.zip 27609358 39ad383736f4
  COINCIDE descargas_mx/VER_PEL_2021.zip 9517155 561a696fd1b6
  COINCIDE data_raw/Censo2020_cuest_ampliado.pdf 986778 4a88b9b7a3e8
  COINCIDE descargas_mx/ENSANUT2024-v2026-09-01/frec_adul_tor_ensanut2024_w.csv.csv.zip 145770 93a310033dca
  COINCIDE data_raw/enut2014_diccionario_variables.html 50445 db9c9f75b47a
  COINCIDE data_raw/engasto2013/gasto_mujeres_dta.zip 2321430 86202b12ec02
  COINCIDE data_raw/ennvih/ehh02dta_all.zip 17534918 8b9b51904ca8
  COINCIDE data_raw/cngmd2023/m3/rec_presup_cngmd2023_csv.zip 1667189 2526da1a861e
  COINCIDE descargas_mx/ENSANUT2024-v2026-09-01/etiquetado_ensanut2924_w.stata.stata.zip 1095494 e6914875c3ab
  COINCIDE descargas_mx/Descargas Manuales/MEX_2023_LAPOP_AmericasBarometer_v1.0_w.sav 859299 a355e4ca9347
  COINCIDE data_raw/enigh2020_nc_csv.zip 93711908 47417cac13da
  COINCIDE data_raw/envipe2023/bd_envipe_2023_sav.zip 26786689 9c8da8e7e0b4
  COINCIDE data_raw/conjunto_de_datos_enoen_2021_1t_csv.zip 45815136 b92ab5c27cca
  COINCIDE data_raw/mociba2024/mociba2024_fd.xlsx 139012 9d6fb1979576
  COINCIDE descargas_mx/UNIVERSO-2026-09/REUTERS-DNR/dnr2025_weekly_reach_online.csv 501 1a36e2fdfed0
  COINCIDE data_raw/ietam_tamaulipas_municipal/2018_Hidalgo.xlsx 57518 0b59485aa830
  COINCIDE descargas_mx/ACADEMICO-dataverse-mps2012/10.7910_DVN_VOB5JL -- Figure 5 simulation code.rtf 1990 d78940ae43c6
  COINCIDE data_raw/ennvih/ehh05cb_all.zip 1184711 1bbbb7ee97bd
  COINCIDE data_raw/cngmd2023/m7/est_gen_comp_rsu_cngmd2023_csv.zip 79935 99dc698151f2
  COINCIDE data_raw/35024_dats_2.2.json 4527 a9e496da6c09
  COINCIDE descargas_mx/ssrn-2589578.pdf 272496 cbb6a2d43acb
  COINCIDE data_raw/cngmd2023/m5/sitoper_ejerfun_imple_modhom_justciv_cngmd2023_csv.zip 779367 d950226169c1
  COINCIDE data_raw/banxico_encuesta_competencias_financieras_2021.xlsx 1555601 eee63f360c4a
  COINCIDE descargas_mx/09-GEN2-PUBLICACION-POST693-Y-CIERRES.md 11803 b2e037cf1912
  COINCIDE descargas_mx/ENCARGO-GEN2-PISOS-PERSISTENCIA-1-2026-09-17.md 6928 a92ada7ab8b3
  COINCIDE descargas_mx/TRANSFER-NUBE-MEDICION-2026-09-20 (1).md 9254 be780e52a253
  COINCIDE descargas_mx/nse_hogar_ensanut_2024.stata.stata.zip 77528 fe6a01d2b5c3
  COINCIDE descargas_mx/ENSANUT2024-v2026-09-01/frec_adul_rec_ensanut2024_w.stata.stata.zip 19233426 204b3c70172f
  COINCIDE data_raw/electoral_local_municipal_serie/ieech_chihuahua_2018_ayuntamientos_x_casilla.xlsx 1192301 b6c46baa14e0
  COINCIDE descargas_mx/UNIVERSO-2026-09/ENCO/c_enco_b_v4.pdf 170567 f7e9d6b99e92
  COINCIDE data_raw/enigh2012_nc_csv.zip 25396190 2ed45acfb402
  COINCIDE data_raw/2018trim2_csv.zip 26835694 2ca4002f7209
  COINCIDE data_raw/inegi_cngf_2025/ec_cngf2025.xlsx 195845 e6e9fe0f1277
  COINCIDE data_raw/electoral_local_2023_2024/ine_catalogo_casillas_2024/DEOE_2024_PEC_Ubicacion_casillas.csv 49465483 795f5dfd3b85
  COINCIDE data_raw/inegi_encoap_2023_csv.zip 420306 04d31a66a3c5
  COINCIDE data_raw/losmexicanos_unam_iij/economiayempleo/Encuesta_Nacional_de_Economia_y_Empleo.csv 555313 649552fdb47f
  COINCIDE data_raw/encig2021/encig21_base_datos_sav.zip 38625925 034e988984b7
  COINCIDE data_raw/ADQ15_CNBV_AhorroFinanciero_Financiamiento/Base_Ahorro_Financiero_y_Financiamiento_2000-Mar2023.xlsx 396825 700caa2f2f6c
  COINCIDE data_raw/losmexicanos_unam_iij/justicia/Encuesta_Nacional_de_Justicia.dta 2624733 df0e5d46ba6b
  COINCIDE descargas_mx/ITER_NAL_2020_csv.zip 36604573 ff39bb1d1b6e
  COINCIDE descargas_mx/nse_Integrantes_ensanut_2024.stata.stata.zip 237895 15426e13b941
  COINCIDE descargas_mx/313_07_egma_l_minas_simo.pdf 175484 e9c79f540c17
  COINCIDE data_raw/ADQ15_JPAL_Experimento_Informacion_Electoral_2009/jpal_evaluacion_landing.html.2a 104790 4281f0c3e552
  COINCIDE data_raw/ietam_tamaulipas_municipal/2018_Mendez.xlsx 57943 d7f8cff44838
  COINCIDE data_raw/electoral_calendario_pel_ine/pel2021-2022.xlsx 919583 b8af69bf0def
  COINCIDE data_raw/c_bas_v7.pdf 591203 7ee25f114a49
  COINCIDE data_raw/envipe2024/bd_envipe_2024_sav.zip 23160739 2af741d8d1ee
  COINCIDE data_raw/losmexicanos_unam_iij/justicia/Descripcion_bases_Encuesta_Nacional_de_Justicia.xls 188416 510cb6a1d166
  COINCIDE descargas_mx/F00013084-WVS_Wave_7_Mexico_Stata_v5.1.zip 412519 a676a7601e25
  COINCIDE data_raw/A6_CONDUSEF_DATOS_ABIERTOS/anuario_actividades_condusef_instituciones_mas_reclamadas__04_instituciones_mas_reclamadas.csv 82881 02372aa6e586
  COINCIDE data_raw/losmexicanos_unam_iij/corrupcionyculturadelalegalidad/Encuesta_Nacional_de_Corrupcion_y_Cultura_de_la_Legalidad.xls 972800 d0da28eee990
  COINCIDE data_raw/engasto2012/vivienda_sav.zip 2529775 4c7509bc4bc2
  COINCIDE data_raw/endireh2003/fd_endireh2003.pdf 27503 719da9d636da
  COINCIDE data_raw/c_amp_v6a.pdf 610436 5e0cc786566f
  COINCIDE descargas_mx/ICPSR35024-ds1-w2-tabulados-T5-T9-derivados-2026-09-02 (4).csv 58237 304507711d11
  COINCIDE data_raw/cultura_constitucional_unam_iij/Tercera_Encuesta_Nacional_de_Cultura_Constitucional.csv 829304 19f69d9d00d6
  COINCIDE data_raw/encup_2012_base_datos_xlsx.xlsx 4814178 50341d97a3e3
  COINCIDE data_raw/conjunto_de_datos_enoe_2025_1t_csv.zip 61038674 3931e7c92421
  COINCIDE data_raw/ietam_tamaulipas_municipal/2018_SotoLaMarina.xlsx 58568 43a7cb1260cb
  COINCIDE data_raw/engasto2013/gasto_dta.zip 67727910 f39609ddae3b
  COINCIDE data_raw/cngmd2023/m3/activ_estadis_geo_cngmd2023_csv.zip 1325316 fd200f6ed842
  COINCIDE descargas_mx/2026-09-21-GEN2-CELDA-D-PILOTO-3-COMMIT-2-3-v1_2.md 15705 50d4b0ef60e7
  COINCIDE data_raw/eder2017/eder2017_fd.pdf 2201081 dd4d93114a38
  COINCIDE data_raw/electoral_sicee_local/sicee_local_hgo_pel_2016.zip 2664060 463d1e55219e
  COINCIDE data_raw/R3.4_Banxico_CoDi_SPEI/banxico_sie_cuadro_CF890_monto.html 163644 6cf90372a374
  COINCIDE data_raw/cngmd_2023_m5.pdf 2643423 82bfaef6dd79
  COINCIDE descargas_mx/Descargas Manuales/MEX_2011_LFEPIE_v01_M_Stata8.zip 245845 765dc43b7d55
  COINCIDE data_raw/A6_CONDUSEF_DATOS_ABIERTOS/supervision_financiera_clausulas_abusivas_producto_financiero__clausulas_4trimestre_2025_datos_abiertos.csv 13016 65a2221702c9
  COINCIDE descargas_mx/ENSANUT2024-v2026-09-01/frec_pr_ensanut2024_w.Cuestionarios.pdf 131613 39dcf22fdb3e
  COINCIDE descargas_mx/ENSANUT2024-v2026-09-01/rec24h_rev_desc_ensanut2024_w.csv.csv.zip 164601 c093ea1bb599
  COINCIDE descargas_mx/WBES-OS_Mexico2026_Data.zip 45248 299eb398f661
  COINCIDE data_raw/ennvih/eloc02q_all.zip 5995112 e8a28cdd05de
  COINCIDE data_raw/enasic2022/enasic_2022_bd_csv.zip 2289078 8a5e8c5ed2dc
  COINCIDE data_raw/A6_SICEE_INE_ELECCIONES/participacion_entidad_1991_2024.json 810720 4c7906510a19
  COINCIDE data_raw/ADQ15_WB6667_Tutores_Pedagogicos_Moviles_2016/cuestionario_padres.xlsx 55217 d40d407db41e
  COINCIDE data_raw/cngmd2023/m4/evento_atendido_cngmd2023_csv.zip 2395741 6286890a3645
  COINCIDE data_raw/enut2019_der.zip 83679 4cf74d141629
  COINCIDE data_raw/electoral_calendario_pel_ine/pel2021-2022b.xlsx 247947 36a55081b9ff
  COINCIDE data_raw/cngmd2023/m3/unidad_especializada_cngmd2023_csv.zip 3177894 c07ae92aeb7b
  COINCIDE data_raw/enif_2015_cuestionario.pdf 676127 10688412391e
  COINCIDE descargas_mx/ACADEMICO-dataverse-mps2012/10.7910_DVN_VOB5JL -- Mexico 2021 VB Survey questionairre (partial).docx 30648 3a52be82143d
  COINCIDE descargas_mx/ENCARGO-GEN2-ENAPROCE-INSTRUMENTOS-Y-ACCESO-1.md 12914 e796a18e0ff9
  COINCIDE data_raw/ADQ15_OMCA_conflictos_agua/omca_consulta.html 37208 5173ebad4db5
  COINCIDE data_raw/mociba2022/mociba2022_fd.xlsx 136935 923fa85a6652
  COINCIDE data_raw/engasto2012/gasto_sav.zip 94192018 c9dfb0fe65aa
  COINCIDE descargas_mx/CENSO-NUBE-MEDICION-2026-09-20 (1).md 13319 06d68259a3fa
  COINCIDE data_raw/cngmd2023/m7/rec_rsu_cngmd2023_csv.zip 581400 0c51deb29efd
  COINCIDE data_raw/ADQ15_CNBV_BDIF_inclusion_financiera/52Sep2022_BD_Uso_EACP_Mun.csv 269786 92d1dda53ea9
  COINCIDE data_raw/cngmd2023/m2/ctrl_inter_anticorr_cngmd2023_csv.zip 9445597 8fc08bca0c7c
  COINCIDE data_raw/conjunto_de_datos_enoen_2020_3t_csv.zip 34070549 e07984bfc96b
  COINCIDE data_raw/encig23_cuestionario.pdf 2015393 65000ad38419
  COINCIDE data_raw/2017trim1_csv.zip 29455399 945d848a2366
  COINCIDE descargas_mx/ENSANUT2024-v2026-09-01/adultos_ensanut2024_w.Cuestionarios.pdf 795644 0bc30c3b7f08
  COINCIDE data_raw/endireh2011/bd_endireh_2011_dta.zip 30383196 5bf6f4828709
  COINCIDE descargas_mx/ACADEMICO-dataverse-mps2012/10.7910_DVN_VOB5JL -- Figure G1 code.rtf 8384 d7fb48acf0fb
  COINCIDE data_raw/enif_2024_modelo_logico_pdf.zip 124392 0556d09b8e3b
  COINCIDE descargas_mx/Descargas Manuales/TC-OECD-Trust-Survey-PUM-2021-2023-2025.docx 69424 4a3ac6d704ca
  COINCIDE descargas_mx/Descargas Manuales/GPS_dataset_country_level.zip 19034 6f453e8dffdf
  COINCIDE data_raw/electoral_local_municipal_serie/iee_ags_2021_ayto_mun6.xlsx 15854 136ed75ff058
  COINCIDE data_raw/banxico_encuesta_competencias_financieras_2024.xlsx 1210013 8745de04acee
  COINCIDE data_raw/enaproce2015/ejem_base_micro_ciega_dta.zip 4441 b0aea50fac6b
  COINCIDE data_raw/enaproce2018/ejem_base_micro_ciega_sav.zip 9194 803948b8233f
  COINCIDE data_raw/fd_envipe2019.pdf 1918379 47d58f6c38b7
  COINCIDE data_raw/cuest_principal_envipe2019.pdf 1132943 12abd4afc9e3
  COINCIDE descargas_mx/ENSANUT2024-v2026-09-01/rec24h_rev_sup_ensanut2024_w.csv.csv.zip 8386 db0b6e5cc76b
  COINCIDE descargas_mx/2026-09-21-GEN2-CELDA-D-PILOTO-3-COMMIT-2-3-v1_2.md.sha256 118 9ee943608af2
  COINCIDE data_raw/ennvih/doc/eloc09cb_bcc1.pdf 1050128 a696925e9947
  COINCIDE data_raw/engasto2013/gasto_de_consumo_ajustado_constante_dta.zip 49248833 5e63fcaa9091
  COINCIDE data_raw/encup_2008_cuestionario_pdf.pdf 396678 df4337c8e95a
  COINCIDE data_raw/mociba2022/mociba2022_bd_sav.zip 1838006 251bb224c1a0
  COINCIDE data_raw/2017trim4_csv.zip 26664215 af96a2420779
  COINCIDE descargas_mx/01-ENUT-CUIDADOS.md 8324 e7f5e0dd7d05
  COINCIDE data_raw/engasto2012/lugar_compra_dta.zip 2006599 33a7cab7835b
  COINCIDE data_raw/losmexicanos_unam_iij/culturalecturaydeporte/Encuesta_Nacional_de_Cultura_Lectura_y_Deporte.sav 511429 6c6426cd4567
  COINCIDE data_raw/wb_enterprise_surveys_mx2023/Mexico_2023_ES_Implementation_Report.pdf 602312 085414544227
  COINCIDE data_raw/academico_icpsr35024/icpsr35024_mexico_panel_study_2012_paquete_v1.zip 14665813 c1e7ba95f453
  COINCIDE data_raw/conjunto_de_datos_enoe_2019_2t_csv.zip 44295173 939eea79c9b1
  COINCIDE data_raw/engasto2013/gasto_de_consumo_ajustado_constante_sav.zip 79293283 afde0a418546
  COINCIDE data_raw/cngmd2023/m6/administracion_cngmd2023_csv.zip 378747 1838f7cc9154
  COINCIDE descargas_mx/Descargas Manuales/Mexico_AmericasBarometer_2018-19_Technical_Report_W_100919.pdf 340084 35aa8f4b2f2a
  COINCIDE data_raw/Expedientes_CompraNet5.xlsx 1573365 a8ac896db48f
  COINCIDE data_raw/ADQ15_CNBV_BDIF_inclusion_financiera/52Sep2022_BD_Acceso_Mun.csv 370175 88f490692ed1
  COINCIDE data_raw/eder2025/eder2025_descripcion_bd.pdf 4380365 9737a557c3f2
  COINCIDE data_raw/osf_interacting_as_equals/Concentrado_indicadores_de_pobreza_2020_modificado.dta 323536 27cbc8e889c8
  COINCIDE descargas_mx/Descargas Manuales/MEX_2010_IEPEP_v01_M_v01_A_PUF_SPSS.zip 1296385 567e024217b6
  COINCIDE data_raw/ietam_tamaulipas_municipal/2018_Matamoros.xlsx 134034 3a275611014d
  COINCIDE data_raw/losmexicanos_unam_iij/religion/Encuesta_Nacional_de_Religion_Secularizacion_y_Laicidad.sav 493962 cf6af3f37f7f
  COINCIDE data_raw/losmexicanos_unam_iij/genero/Encuesta_Nacional_de_Genero.csv 970522 444a21e1b660
  COINCIDE descargas_mx/35024-0001-Codebook-spanish.pdf.zip 2690814 f27c3f8853b7
  COINCIDE data_raw/electoral_local_municipal_serie/iec_coahuila_2017_ayuntamientos_x_municipio.xlsx 97081 b9ab92861419
  COINCIDE data_raw/mociba2025/mociba2025_bd_dta.zip 1295707 dd7e83e949b6
  COINCIDE descargas_mx/libro_de_codigo_home_api_conafe.xlsx 34678 3847dbdd6dda
  COINCIDE data_raw/cuest_principal_envipe2021.pdf 1121593 7de26a9906a6
  COINCIDE descargas_mx/descargas.php 141181 361ac35fa637
  COINCIDE data_raw/ietam_tamaulipas_municipal/2018_Villagran.xlsx 55220 da3d371bc29a
  COINCIDE data_raw/enasem2024/enasem_2024_fd.xlsx 617009 79b02638baa7
  COINCIDE descargas_mx/ENSANUT2024-v2026-09-01/frec_pr_tor_ensanut2024_w.Catálogo.xlsx 264512 8d21d2ffc0c9
  COINCIDE data_raw/ennvih/doc/ehh09cb_bc.pdf 642218 1062ca2c617b
  COINCIDE data_raw/ADQ15_CNBV_AhorroFinanciero_Financiamiento/AFyFeM_Jun_2024.pdf 2489690 5f76e1f41562
  COINCIDE data_raw/engasto2012/lugar_compra_sav.zip 3621305 bff8b55b2c59
  COINCIDE descargas_mx/ACADEMICO-dataverse-mps2012/10.7910_DVN_VOB5JL -- Table A2 code.rtf 2431 bec04d498703
  COINCIDE descargas_mx/WBES_Mexico2006_Data.zip 282085 66dba69f933b
  COINCIDE data_raw/ejemplobd_enestyc_1999_xlsx.zip 22096 6e4f8130902d
  COINCIDE data_raw/endireh2011/fd_endireh11.xls 1061376 b038c66d69bc
  COINCIDE data_raw/electoral_local_2023_2024/ieem_edomex_2023/TABLAS_RESULTADOS_GUBERNATURA_2023.zip 4599691 2e53d05fa3bf
  COINCIDE descargas_mx/LEEME-procedencia (3).txt 15532 9f0a7da9d591
  COINCIDE data_raw/electoral_local_municipal_serie/ieebc_bc_2016_municipes_x_casilla.xlsx 1195969 24d4318346e5
  COINCIDE descargas_mx/ENSANUT2024-v2026-09-01/rec24h_rev_alim_ensanut2024_w.Catálogo.xlsx 266272 d7d41ed8662f
  COINCIDE descargas_mx/UNIVERSO-2026-09/ENCO/enco_2026_agosto_dbf.zip 164174 5eb3fd6850c6
  COINCIDE data_raw/GEN2_FUENTES_FINANCIERAS_20/encrige2020_diseno_muestral.pdf 1185888 3f314258dc4a
  COINCIDE data_raw/enoe_microdatos_post2019/enoe_n_2020_trim3_csv.zip 19827422 924e18a5fc1f
  COINCIDE descargas_mx/Descargas Manuales/ABMEX2021-Technical-Report-v1.0-FINAL-eng-110921.pdf 191445 485b9e37c0b8
  COINCIDE data_raw/GEN2_N34_PRODUCTO_DANO/shed_2025_appendix_a.html 159382 219658415e2a
  COINCIDE data_raw/ennvih/ehh09q_all.zip 6156032 4eaed9c07a63
  COINCIDE descargas_mx/ZA5900_cdb (1).pdf 5971210 5c288f3c0872
  COINCIDE data_raw/losmexicanos_unam_iij/federalismo/Encuesta_Nacional_de_Federalismo.dta 2441990 15fae4eba87a
  COINCIDE data_raw/ADQ15_CNBV_AhorroFinanciero_Financiamiento/AFyFeM_Sep_2023.pdf 2606434 d7ed65b90dd0
  COINCIDE data_raw/cngmd2023/m2/res_terr_ah_irreg_cngmd2023_csv.zip 1857456 c97f6beef260
  COINCIDE data_raw/electoral_sicee_federal/sicee_federal_sen_mr_nay_ext_2021.zip 509016 21c005c9186c
  COINCIDE data_raw/ine_marco_geografico_electoral/CRFE_17052016_5aSE_P07_2.zip 434907 ae550d656f69
  COINCIDE data_raw/electoral_calendario_pel_ine/pel2019-2020_CGex201909-30-ap-1-a1.xlsx 107785 9d50d5e4f3e1
  COINCIDE descargas_mx/Descargas Manuales/dataverse_files.zip 9987996 6358fb5ef7aa
  COINCIDE descargas_mx/adultos_ensanut2024_w.Catlogo.csv.csv.zip 234627 464a62daf5e9
  COINCIDE data_raw/electoral_local_2023_2024/ieem_edomex_2024/Resultados_definitivos_ayu_casilla.xlsx 5151198 6f5cddc36086
  COINCIDE data_raw/encig2017_csv.zip 35027186 fdc7f1c761bf
  COINCIDE data_raw/envipe2022/bd_envipe_2022_csv.zip 24387033 03b0d1cfccee
  COINCIDE descargas_mx/ENSANUT2024-v2026-09-01/adolescentes_ensanut2024_w.Catálogo.xlsx 334955 135aab4ef707
  COINCIDE descargas_mx/DescargaMasiva_682026_9548.zip 602173 56ca8b51849f
  COINCIDE data_raw/A6_CONDUSEF_DATOS_ABIERTOS/registros_instituciones_financieras_usuarios_seguro_vida__RESBA_vida_julio_2025.csv 1214732 bfb4664992d3
  COINCIDE data_raw/electoral_local_2023_2024/ieem_edomex_2024/Resultados_definitivos_ayu_seccion.xlsx 1400729 a7921f089daa
  COINCIDE data_raw/WBES_Mexico2023_Data.zip 517828 bc09225244f1
  COINCIDE data_raw/endireh2016/bd_mujeres_endireh2016_sitioinegi_spss.zip 54518871 d198b9022d57
  COINCIDE data_raw/ine_conteos_censales_participacion/DatosAbiertos_DECEyEC_ConteosCensales_PrisionPreventiva2024.zip 7454 5e91c5ae79d6
  COINCIDE data_raw/ADQ15_ENAFIN_2024_RNM_INEGI/enafin2024_rnm_related_materials.html.2a 86418 f45c39a075f5
  COINCIDE data_raw/cngmd2023/m2/ejerc_func_espec_cngmd2023_csv.zip 1806946 117adb5d6a97
  COINCIDE data_raw/losmexicanos_unam_iij/economiayempleo/Encuesta_Nacional_de_Economia_y_Empleo.sav 370151 ec21ace0e102
  COINCIDE descargas_mx/DescargaMasiva_682026_95355.zip 605512 0052d3788283
  COINCIDE data_raw/electoral_sicee_federal/sicee_federal_sen_mr_tamps_ext_2023.zip 1072371 a4025a2621dd
  COINCIDE descargas_mx/00-LEEME-PARALELOS-41-43.md 8618 c925fcb0a285
  COINCIDE data_raw/ennvih/doc/ehh05cb_b3a.pdf 258757 673bcd8a5000
  COINCIDE data_raw/ietam_tamaulipas_municipal/2018_Mainero.xlsx 54681 11b5d8d62745
  COINCIDE descargas_mx/MEX_2023_WBES_v01_M.xml 766584 1d5cded32bef
  COINCIDE data_raw/enaproce2018/ejem_base_micro_ciega_dta.zip 8279 721cfd82ec8c
  COINCIDE descargas_mx/adultos_ensanut2024_w.csv.csv.zip 2009475 80c255f88242
  COINCIDE descargas_mx/BENCHMARK-D16-DISENO-MUESTRAL-E-INCERTIDUMBRE.md 9982 9cb2aaab01aa
  COINCIDE descargas_mx/3 VFINAL Cuestionario adolescentes ENSANUT 2024_ETIQUETAS.Cuestionarios.pdf 479013 344f32ef0f87
  COINCIDE data_raw/conjunto_de_datos_enoen_2020_4t_csv.zip 42038767 c80d258fcd8a
  COINCIDE data_raw/cngmd2023/m2/tramites_servicios_cngmd2023_csv.zip 2250619 abdf0853f185
  COINCIDE data_raw/electoral_sicee_federal/sicee_federal_sen_rp_2018.zip 39901170 582de042911e
  COINCIDE data_raw/encig2021_csv.zip 27752363 c92ea34c7c57
  COINCIDE data_raw/cngmd2023/m3/pers_lesi_fall_desa_noloc_cngmd2023_csv.zip 1991442 c8d56569f988
  COINCIDE descargas_mx/Descargas Manuales/ea3385cf-en.pdf 6433711 809f88f32a4e
  COINCIDE descargas_mx/UNIVERSO-2026-09/REUTERS-DNR/dnr2025_social_messaging_video.csv 145 1b15f203362a
  COINCIDE data_raw/enif_2012_cuestionario.pdf 855195 b7fc1f4a2363
  COINCIDE data_raw/ietam_tamaulipas_municipal/CONCENTRADO_DE_COMPUTOS_MUNICIPALES_2024.xlsx 171703 5f54190cee26
  COINCIDE data_raw/osf_interacting_as_equals/Dip_Municipality_2021.dta 24326 df3536d216de
  COINCIDE data_raw/fd_iter_cpv2020.pdf 921352 1b7ea20fb8f0
  COINCIDE data_raw/elcos2012/elcos_fd.xls 293376 5d93835e086b
  COINCIDE descargas_mx/UNIVERSO-2026-09/ENJUVE/enjuve2010_resultados_generales_presentacion.pdf 3514666 7dfa6bed6788
  COINCIDE data_raw/Urgencias_2025.zip 229051646 3c1bdcb9af60
  COINCIDE descargas_mx/ENCARGO-GEN2-ENVIPE-RES0028-DERIVADO-U4-1.md 6026 c68df20b9cc5
  COINCIDE data_raw/losmexicanos_unam_iij/culturapolitica/Encuesta_Nacional_de_Cultura_Politica.xlsx 1189346 aaa2dd78e5a5
  COINCIDE descargas_mx/ENSANUT2024-v2026-09-01/ensasangre24_determinaciones_micronutrimentos.csv.csv.zip 531823 2b252a6d2bc7
  COINCIDE data_raw/electoral_sicee_local/sicee_local_ags_pel_2018.zip 477223 dfe21384543b
  COINCIDE descargas_mx/Descargas Manuales/LICENSE.txt 14974 df9617509f34
  COINCIDE data_raw/enoe_microdatos_post2019/enoe_n_2022_trim4_csv.zip 29670618 1c22244fcd4a
  COINCIDE data_raw/mociba2016/mociba2016_fd.xlsx 149330 bf54150e6b7e
  COINCIDE descargas_mx/AGS_PEL_2021.zip 1307407 65aee9bc52db
  COINCIDE descargas_mx/ZA5900_overview.pdf 231846 1bfbd19be390
  COINCIDE data_raw/20260813130000.export.CSV.zip 85800 a42b4f86067a
  COINCIDE data_raw/electoral_local_municipal_serie/ieebc_bc_2019_computo_x_casilla_mun.xls 2723328 b3a4e2ab6f6a
  COINCIDE descargas_mx/ENCARGO-GEN2-DIGESTO-CORRECTIVO-1.md 15246 5eff22dca0f3
  COINCIDE descargas_mx/ENSANUT2024-v2026-09-01/actividad_fisica_ensanut2024_w-niños.stata.stata.zip 134658 bc2d75a1923a
  COINCIDE data_raw/20260813140000.export.CSV.zip 80188 432470af1be9
  COINCIDE data_raw/ietam_tamaulipas_municipal/2018_ElMante.xlsx 74087 2953a483edb7
  COINCIDE data_raw/ejemplobd_enestyc_1999_dbf.zip 7895 8fc3ee404b7b
  COINCIDE data_raw/electoral_sicee_local/sicee_local_hgo_pel_2018.zip 2015973 d19754b0772a
  COINCIDE data_raw/cngmd2023/m2/explo_esp_mat_entrecep_recpubmun_cngmd2023_csv.zip 644615 416b229cc09d
  COINCIDE data_raw/enigh2022_nota_tecnica_pdf.pdf 1643661 4f79f457d69c
  COINCIDE data_raw/ENAPROCE_instrumentos/enaproce2018_pyme_manufac.pdf 296370 7d9a1ebd4458
  COINCIDE descargas_mx/ENSANUT2024-v2026-09-01/sangre_hemoglobina_ensanut2024_w.Catálogo.xlsx 270143 1d23357625ab
  COINCIDE data_raw/ec_cngmd2023.xlsx 536309 dea8dff3996f
  COINCIDE descargas_mx/NSE_Hogar_ENSANUT_2024.Catlogo.xlsx 137855 ed1be4e10d76
  COINCIDE data_raw/wb2661_Endline.zip 1742099 64b070a3a5a8
  COINCIDE data_raw/cngmd2023/m2/rec_huma_cngmd2023_csv.zip 4586129 d3551faf4bfe
  COINCIDE data_raw/20260813150000.export.CSV.zip 88079 16e1caf1bc1b
  COINCIDE data_raw/electoral_local_municipal_serie/iec_coahuila_2021_ayuntamientos_x_casilla.xlsx 588904 8dbb19aeb9ef
  COINCIDE data_raw/electoral_sicee_local/sicee_local_ags_pel_2021.zip 1307407 65aee9bc52db
  COINCIDE data_raw/losmexicanos_unam_iij/genero/Encuesta_Nacional_de_Genero.sav 1101403 5709fa32a160
  COINCIDE data_raw/envipe2020_csv.zip 20253728 26f468da631b
  COINCIDE descargas_mx/ENSANUT2024-v2026-09-01/rec24h_rev_rec_ensanut2024_w.Catálogo.xlsx 274705 94b0f98a8149
  COINCIDE descargas_mx/ENCARGO-GEN2-SIN-CANDIDATO-RUTAS-1.md 12419 5d538aea9669
  COINCIDE data_raw/mociba2020/mociba2020_bd_sav.zip 1903720 f388098bfd0f
  COINCIDE data_raw/academico_bauchet2014/ssrn_bauchet_2689238.pdf 358156 d0ef4d86e07b
  COINCIDE data_raw/ENAPROCE_instrumentos/enaproce2018_pyme_comserv.pdf 297112 e365b7467cfd
  COINCIDE descargas_mx/ENSANUT2024-v2026-09-01/adolescentes_ensanut2024_w.csv.csv.zip 422277 2b164ca9bd96
  COINCIDE data_raw/cngmd2023/m2/estr_ccm_cngmd2023_csv.zip 989301 72933a858650
  COINCIDE descargas_mx/ENSANUT2024-v2026-09-01/antropometria_ensanut2024_w.csv.csv.zip 1379667 2230accae581
  COINCIDE data_raw/mociba2017/mociba2017_fd.xlsx 115580 636f2df5f630
  COINCIDE descargas_mx/ENCARGO-GEN2-TRAMITE-4-2026-09-16.md 10383 31ae29bebf80
  COINCIDE descargas_mx/WBES_Mexico2023_Data.zip 517828 bc09225244f1
  COINCIDE data_raw/enoe_microdatos_post2019/enoe_n_2022_trim1_csv.zip 27691497 5d2792afcac7
  COINCIDE data_raw/condusef_redeco_reune/redeco_datosabiertos1ertrim_2026.csv 678710 cee1def148ff
  COINCIDE data_raw/cngmd2023/m2/admon_archiv_gest_docum_cngmd2023_csv.zip 2443447 7ca7b7b7ac79
  COINCIDE data_raw/BD_ENCUCI2020_dbf.zip 6913684 0414fd59e2af
  COINCIDE data_raw/losmexicanos_unam_iij/indigenas/Encuesta_Nacional_de_Indigenas.sav 510451 32b6f4ef4941
  COINCIDE data_raw/ADQ15_CNBV_BDIF_inclusion_financiera/Diccionario_DGPASF.xlsx 28265 8c45e5684625
  COINCIDE data_raw/mociba2020/mociba2020_bd_csv.zip 1184107 a976ec071dfd
  COINCIDE data_raw/2008trim1_csv.zip 27278375 a8a8c1917a5e
  COINCIDE descargas_mx/Descargas Manuales/MEX_2012-2014_ECEPIE_v01_M_v01_A_PUF_SPSS.zip 1252117 2e6cf60b874b
  COINCIDE data_raw/conjunto_de_datos_enoe_2023_4t_csv.zip 43788274 add63ea0f5ae
  COINCIDE descargas_mx/ENSANUT2024-v2026-09-01/plomo_ensanut2024_w.Cuestionarios.pdf 210886 d492d4dd7410
  COINCIDE data_raw/wb2661_Baseline.zip 1706187 dc3ea3047183
  COINCIDE data_raw/do_workers_value_formal_jobs_mexico_eea2026_slides.pdf 1612137 6e49c00fde5f
  COINCIDE data_raw/lapop_earthquake_2017/Final_do_file_Mex_quake.do 44712 366a4d2148e0
  COINCIDE data_raw/mociba2022/mociba2022_bd_dta.zip 1098647 2ee4c484aaa9
  COINCIDE descargas_mx/Descargas Manuales/MEX_2012-2014_ECEPIE_v01_M_v01_A_PUF_SAS_SPSS_ASCII.zip 1147259 c528dce803fa
  COINCIDE descargas_mx/ENCARGO-GEN2-WBES2023-DESCRIPTIVA-1.md 14290 4c73125cb9bf
  COINCIDE data_raw/electoral_calendario_pel_ine/pel2017-2018.xlsx 477609 bd30b3220e30
  COINCIDE descargas_mx/ENSANUT2024-v2026-09-01/rec24h_ensanut2024_w.stata.stata.zip 818641 45e14a01c0d2
  COINCIDE data_raw/encig19_estructura_base_datos.pdf 1634670 1713d8536a0a
  COINCIDE data_raw/encig25_estructura_base_datos.pdf 14820825 09e1b19bcb16
  COINCIDE descargas_mx/WBES-OS_Mexico2026_Documentation.zip 955817 082d02af0767
  COINCIDE data_raw/enaproce2018/ejem_base_pyme_ciega_xlsx.zip 33207 db5154a3bbfb
  COINCIDE data_raw/enut2024_der.zip 227361 b91284dc3224
  COINCIDE data_raw/fd_c_bas_v2.pdf 1091129 21e1d7c4316a
  COINCIDE data_raw/osf_interacting_as_equals/SI_F9_results_combined.dta 10443 c3d7803053d8
  COINCIDE data_raw/encig2025/encig25_base_datos_sav.zip 36193534 908ab06ade70
  COINCIDE descargas_mx/ENSANUT2024-v2026-09-01/rec24h_rev_alim_ensanut2024_w.stata.stata.zip 83100 dd6d39343c4f
  COINCIDE data_raw/electoral_local_municipal_serie/ieech_chihuahua_2021_ayuntamientos_x_casilla.xlsx 1538425 8e0c6676e10e
  COINCIDE data_raw/losmexicanos_unam_iij/culturalecturaydeporte/Encuesta_Nacional_de_Cultura_Lectura_y_Deporte.csv 611874 555b29538113
  COINCIDE data_raw/A6_CONDUSEF_DATOS_ABIERTOS/anuario_actividades_condusef_indice_reclamaciones__indice_reclamacion_buro_entidades_financieras.csv 8064 7f9230abf74c
  COINCIDE data_raw/engasto2012/hogar_sav.zip 3435401 dd5a758fa580
  COINCIDE data_raw/mociba2024/mociba2024_bd_csv.zip 1500882 105e2e266134
  COINCIDE data_raw/endireh2021/bd_endireh_2021_sav.zip 67324204 bc048cd843eb
  COINCIDE descargas_mx/sal_n_de_clase_hoja_de_observaci_ngb.pdf 229412 fc54ffa84792
  COINCIDE data_raw/enif_2021_bd_csv.zip 1981657 769c3828ce11
  COINCIDE data_raw/losmexicanos_unam_iij/ninosadolescentesyjovenes/Encuesta_Nacional_de_Ninos_Adolescentes_y_Jovenes.sav 1117744 c592e6868ef4
  COINCIDE descargas_mx/ENCARGO-GEN2-MARCADOR-REDISENO-1-2026-09-17.md 6699 6dcc5e551ffe
  COINCIDE data_raw/electoral_local_2023_2024/calendario_f232a/edomex_gaceta_dic285_decreto229.pdf 1726067 4227c6a8df5b
  COINCIDE data_raw/electoral_calendario_pel_ine/pel2016-2017_CGex201610-14-ap-17-a1.xlsx 31064 4b2439bf6e74
  COINCIDE data_raw/electoral_local_municipal_serie/iee_ags_2019_ayto_mun7.xlsx 15850 3c551e139ee3
  COINCIDE data_raw/losmexicanos_unam_iij/globalizacion/Encuesta_Nacional_de_Globalizacion.dta 4835091 7529b74dcdbf
  COINCIDE data_raw/ADQ15_OMCA_conflictos_agua/omca_numeralia.html 15845 4c3faeca674c
  COINCIDE data_raw/WBES-Panel_Mexico2010_Data.zip 832065 83a5927ab785
  COINCIDE descargas_mx/313_08_egra_m_xico16.pdf 946494 10c348ae5a42
  COINCIDE data_raw/ennvih/doc/eloc02cb_bcc.pdf 237901 a3d9de6a74e3
  COINCIDE descargas_mx/ENSANUT2024-v2026-09-01/lactancia_ensanut2024_w.csv.csv.zip 121650 aab74d716352
  COINCIDE data_raw/losmexicanos_unam_iij/sociedaddelainformacion/Encuesta_Nacional_de_Sociedad_de_la_Informacion.sav 748731 6e821f3b652c
  COINCIDE descargas_mx/UNIVERSO-2026-09/PEW/pew_gas_spring2015.zip 4775856 00db792d0d6e
  COINCIDE data_raw/ADQ15_ENAFIN_2024_RNM_INEGI/enafin_anual_2015_csv.zip 443749 9089525f23ed
  COINCIDE data_raw/fd_c_bas_v1.pdf 292326 775f0f00ab5d
  COINCIDE data_raw/A6_CONDUSEF_DATOS_ABIERTOS/anuario_estadistico_actividades_condusef_herramientas_web__01_accesos_publico_herramientas_web.csv 964 fa9694b467a3
  COINCIDE data_raw/ADQ15_WB6667_Tutores_Pedagogicos_Moviles_2016/cuestionario_supervisi_n_en_campo.xlsx 101600 d1e3d73fe974
  COINCIDE descargas_mx/DescargaMasiva_192026_194559.zip 603147 e4d02401a1ae
  COINCIDE data_raw/conjunto_de_datos_enoen_2022_2t_csv.zip 41272360 454154e53a5f
  COINCIDE data_raw/cuest_modulo_envipe2023.pdf 947099 98d3c632cc03
  COINCIDE data_raw/fd_c_amp_v3.pdf 959621 027d2ff97cc7
  COINCIDE descargas_mx/Descargas Manuales/ASQ Questionnaires.zip 7573363 3ea807864522
  COINCIDE descargas_mx/ENCARGO-GEN2-CRON-360-ULTIMA-EJECUCION.md 14873 55098dc36cbc
  COINCIDE data_raw/enjuve_imjuve/ENJ2005VALORESYACCESOALAJUSTICIAYLOSDH.xls 989696 bbb97ee91db7
  COINCIDE data_raw/eder2025/eder2025_bases_sav.zip 32599022 c76664742a89
  COINCIDE data_raw/endutih2025/fd_endutih2025.xlsx 162469 d02caecea044
  COINCIDE data_raw/cngmd2023/m7/disp_final_rsu_cngmd2023_csv.zip 380290 2d58a4490f10
  COINCIDE data_raw/ennvih/guia_de_usuario_ennvih-3.pdf 774086 f5e884eb6d92
  COINCIDE data_raw/encup_2012_cuestionario_pdf.pdf 1026475 33be2b219253
  COINCIDE data_raw/electoral_calendario_pel_ine/pel2020-2021_CGex202008-07-ap-2-a1.xlsm 1303292 38dd38db5b3d
  COINCIDE data_raw/FD_ENCUCI2020.pdf 1758249 6cd6f7475a0b
  COINCIDE data_raw/enigh2014_nc_csv.zip 39555490 fffec78d722e
  COINCIDE data_raw/mociba2025/mociba2025_bd_sav.zip 2116403 a5a7897f0259
  COINCIDE descargas_mx/ENSANUT2024-v2026-09-01/lactancia_ensanut2024_w.stata.stata.zip 174298 df469f25e51d
  COINCIDE descargas_mx/20-GEN2-CNBV-CONDUSEF-FUENTES-Y-SERIES.md 7657 6c9dfcb693fc
  COINCIDE data_raw/encig2023_datosabiertos_csv.zip 26171769 4e3839cd9061
  COINCIDE data_raw/ennvih/eloc02dta_all.zip 1591239 7d3f350a7e71
  COINCIDE descargas_mx/2026-09-21-GEN2-DIN-CREDITO-PISOS-ENIF2021-1.md.sha256 114 709eb6960e33
  COINCIDE data_raw/cero_desabasto_reportes_por_entidad_cuatrimestre.csv 17872 c28995eb9a1c
  COINCIDE descargas_mx/07-GEN2-SONDA-CRON-PRODUCCION.md 10130 2712ba552cd6
  COINCIDE data_raw/envipe2024_csv.zip 17837779 90776b2fab6e
  COINCIDE descargas_mx/ENSANUT2024-v2026-09-01/actividad_fisica_ensanut2024_w-niños.csv.csv.zip 102040 85b0ee03dd26
  COINCIDE data_raw/R3.4_Banxico_CoDi_SPEI/informe_anual_IdMF_2023.pdf 3395130 efbcd28175c9
  COINCIDE data_raw/endireh2016/bd_viviendas_endireh2016_sitioinegi_dbf.zip 7161378 20e6f540d872
  COINCIDE descargas_mx/21-GEN2-EXPEDIENTES-ACCESO-LISTOS.md 8406 8b5622037804
  COINCIDE data_raw/fd_envipe2023.pdf 2980669 743c260e89a6
  COINCIDE descargas_mx/ENSANUT2024-v2026-09-01/hogar_ensanut_2024_etiquetas.Cuestionarios.pdf 662210 adc873843b79
  COINCIDE descargas_mx/cuest_padres_final.pdf 397586 bcd84087b73d
  COINCIDE data_raw/Censo2020_CAAS_eum_csv.zip 1076224 10b56a3b724c
  COINCIDE data_raw/envipe2015/fd_envipe2015.pdf 1852255 1042ab57b015
  COINCIDE descargas_mx/UNIVERSO-2026-09/ENH/enh2017_cuestionario.pdf 1426415 f9ebe1d5ed7b
  COINCIDE data_raw/ietam_tamaulipas_municipal/2018_Ocampo.xlsx 56028 98baf549b9fe
  COINCIDE descargas_mx/Descargas Manuales/itinfp_202602.pdf 692058 b2454dbe9c98
  COINCIDE descargas_mx/ACADEMICO-dataverse-mps2012/meta-10.7910_DVN_27083.json 9357 bb2d1327524e
  COINCIDE descargas_mx/ENSANUT2024-v2026-09-01/rec24h_rev_rec_ensanut2024_w.stata.stata.zip 87302 5586bb5d6051
  COINCIDE data_raw/ADQ15_WB870_Enterprise_Survey_MX_2010/Sampling_Note.pdf 197308 5b2fae33f1e4
  COINCIDE descargas_mx/utilizadores_ensanut2024_w.stata.stata.zip 424623 1fb44754452e
  COINCIDE data_raw/ennvih/ehh05w_all.zip 759009 34ee12b0c0d7
  COINCIDE data_raw/enut2014_fd.xls 334336 032c504c1002
  COINCIDE data_raw/electoral_local_municipal_serie/iee_ags_2019_ayto_mun4.xlsx 12669 0a136b6753b6
  COINCIDE data_raw/electoral_local_municipal_serie/iee_ags_2021_ayto_mun2.xlsx 15469 5f4946fafa0d
  COINCIDE data_raw/losmexicanos_unam_iij/justicia/Encuesta_Nacional_de_Justicia.sav 448339 54a225378739
  COINCIDE data_raw/20260813141500.export.CSV.zip 104838 f7204c7388fc
  COINCIDE data_raw/ietam_tamaulipas_municipal/2018_Llera.xlsx 135627 0669c96eb9c8
  COINCIDE data_raw/enoe_microdatos_post2019/enoe_2023_trim3_csv.zip 40893331 cb91900ad406
  COINCIDE data_raw/ADQ15_CNBV_AhorroFinanciero_Financiamiento/Base_Ahorro_Financiero_y_Financiamiento_2000-Sep2022.wwwcnbv.xlsx 386483 c1164955cfd8
  COINCIDE descargas_mx/4 VFINAL Cuestionario adultos ENSANUT 2024_ETIQUETAS.Cuestionarios.pdf 795644 0bc30c3b7f08
  COINCIDE data_raw/2016trim2_csv.zip 26779138 4aa9a8e20833
  COINCIDE data_raw/ADQ15_WB6667_Tutores_Pedagogicos_Moviles_2016/libro_de_codigo_home_api_conafe.xlsx 34678 3847dbdd6dda
  COINCIDE descargas_mx/2026-09-21-GEN2-CELDA-D-PILOTO-3-COMMIT-1-v1_2.md.sha256 116 202c26c28184
  COINCIDE descargas_mx/ENCARGO-GEN2-REPARACION-CIERRE-Y-CONSOLIDACION-CRON.md 12969 19ac9b474f03
  COINCIDE data_raw/losmexicanos_unam_iij/culturapolitica/Descripcion_bases_Encuesta_Nacional_de_Cultura_Politica.xls 238080 dfed01529aab
  COINCIDE descargas_mx/Descriptores_Base_de_Datos_URGENCIAS_2018.xlsx 57095 fe77236abe83
  COINCIDE data_raw/losmexicanos_unam_iij/salud/Encuesta_Nacional_de_Salud.xlsx 475111 bb37c268d86b
  COINCIDE descargas_mx/DescargaMasiva_582026_175614.zip 658933 cc0f61049a9e
  COINCIDE descargas_mx/07-ISSP-APOYO-MONETARIO.md 9212 7e48739e0fac
  COINCIDE data_raw/electoral_local_2023_2024/iec_coahuila_2023/Gubernatura2023_X_Casilla.xlsx 527679 7e47ee749cca
  COINCIDE descargas_mx/ENSANUT2024-v2026-09-01/integrantes_ensanut2024_w_icb.stata.stata.zip 3532861 20a9fae339da
  COINCIDE data_raw/ietam_tamaulipas_municipal/2018_Reynosa.xlsx 155453 04febb26c5a8
  COINCIDE descargas_mx/UNIVERSO-2026-09/PEW/pew_gas_spring2017.zip 9918716 d5445443e2a0
  COINCIDE descargas_mx/ACADEMICO-dataverse-mps2012/meta-10.7910_DVN_VOB5JL.json 11016 0cdbc73f9627
  COINCIDE data_raw/cngmd2023/m2/mov_info_admon_terr_cngmd2023_csv.zip 2075624 e1e88fa43e98
  COINCIDE descargas_mx/Descargas Manuales/116334-V1.zip 1404772 776d56bf9153
  COINCIDE data_raw/ennvih_diseno/ihsn-mex-2009-ennvih3-metadata.json 10243502 e9a1764bf2b8
  COINCIDE data_raw/ennvih/doc/eloc02q_bcc.pdf 614903 5d865102d7d1
  COINCIDE descargas_mx/DescargaMasiva_3072026_10567.zip 602152 e913e542b6f0
  COINCIDE descargas_mx/19-GEN2-EVALUACION-SIN-FUGAS.md 12531 2fffd7f625b1
  COINCIDE data_raw/enbiare2021/enbiare_2021_fd.pdf 997663 8a79265d8c1f
  COINCIDE data_raw/enoe_microdatos_post2019/enoe_2026_trim1_csv.zip 40843186 934a1b403d83
  COINCIDE data_raw/endireh2006/bd_endireh_2006_dta.zip 18126128 8e893e58e933
  COINCIDE data_raw/cngmd2023/m4/rec_huma_cngmd2023_csv.zip 4246684 2a7e3c190e79
  COINCIDE data_raw/engasto2013/viviendas_sav.zip 2308548 be6d7c6cfc6b
  COINCIDE descargas_mx/ENSANUT2024-v2026-09-01/frec_pr_sup_ensanut2024_w.csv.csv.zip 36643 9faa3d96de42
  COINCIDE descargas_mx/ICPSR35024-ds1-w2-tabulados-T5-T9-derivados-2026-09-02 (2).csv 58237 304507711d11
  COINCIDE descargas_mx/list-cran/mexico.tab 78065 fe101499b591
  COINCIDE descargas_mx/ACADEMICO-dataverse-mps2012/10.7910_DVN_27083 -- replication.R 21409 5b0180822142
  COINCIDE data_raw/electoral_local_municipal_serie/iee_ags_2021_ayto_mun8.xlsx 11814 86f111ff24ec
  COINCIDE descargas_mx/F00013203-WVS_Wave_7_Mexico_Excel_v5.1.xlsx 2373291 b7665211531d
  COINCIDE data_raw/ietam_tamaulipas_municipal/2018_Camargo.xlsx 56902 e3d799822144
  COINCIDE data_raw/engasto2012/hogar_dbf.zip 1768812 4b7b4b77e137
  COINCIDE descargas_mx/ENSANUT2024-v2026-09-01/menores_ensanut2024_w.Catálogo.xlsx 326714 de23ed982b60
  COINCIDE descargas_mx/Descargas Manuales/itindp_202602.pdf 873759 83977c7e267a
  COINCIDE data_raw/pdn_bulk_2026_09/pdn_s3P_2026-09-06.zip 1459284 923d0dd06d68
  COINCIDE data_raw/A6_CONDUSEF_DATOS_ABIERTOS/anuario_actividades_condusef_indice_reclamaciones__03_indice_reclamacion_buro_entidades_financieras.csv 33567 6a343fe05463
  COINCIDE data_raw/ITER_NAL_2020_csv.zip 36604573 ff39bb1d1b6e
  COINCIDE data_raw/ennvih/doc/ehh09q_b2.pdf 620273 12191a6cc080
  COINCIDE descargas_mx/Descargas Manuales/itinin_202602.pdf 789951 3f868041b8df
  COINCIDE data_raw/electoral_local_municipal_serie/iee_ags_2019_ayto_mun5.xlsx 22264 689583678a7d
  COINCIDE descargas_mx/WBES-Panel_Mexico2010_Data.zip 832065 83a5927ab785
  COINCIDE descargas_mx/Descargas Manuales/PorTipoContribuyente.xls 117760 d14769a74c4a
  COINCIDE data_raw/losmexicanos_unam_iij/pobreza/Encuesta_Nacional_de_Pobreza.sav 325451 1f83d4629ba7
  COINCIDE data_raw/conjunto_de_datos_enoe_2023_2t_csv.zip 42728491 b5efd0e94be2
  COINCIDE data_raw/ennvih/doc/ehh02q_b3b.pdf 216965 b1e7aed5d9ef
  COINCIDE data_raw/bases_enif2012_sav.zip 1352284 9f1d6eb7301b
  COINCIDE descargas_mx/VER_PEL_2016.zip 8858693 08bc7ec82c17
  COINCIDE data_raw/electoral_local_2023_2024/iec_coahuila_2023/Diputacione2023_X_Distrito.xlsx 182152 9a0e83ee7014
  COINCIDE data_raw/cngmd2023/m7/trat_rsu_cngmd2023_csv.zip 110847 6ebca10e9429
  COINCIDE descargas_mx/DescargaMasiva_682026_95423.zip 602522 026acbadd261
  COINCIDE data_raw/ADQ15_OMCA_conflictos_agua/omca_conflictos_base_completa.json 265270 e91f62f8c907
  COINCIDE data_raw/ADQ15_CNBV_AhorroFinanciero_Financiamiento/Base_Ahorro_Financiero_y_Financiamiento_2000-Dic2021.xlsx 375174 2ff1a13928fd
  COINCIDE data_raw/envipe2012/fd_envipe2012.xls 415744 dcca5373391c
  COINCIDE data_raw/enasem2021/enasem_2021_fd.xlsx 633836 00f5dfaef813
  COINCIDE descargas_mx/ENCARGO-GEN2-ADQ-HANDOFF-RESULTADO-Y-SALUD-1.md 13155 f71d58bae16d
  COINCIDE descargas_mx/F00011928-World_Values_Survey_Wave_7_2017-2020_Mexico_v3.0.pdf 3064693 faee54eeaff1
  COINCIDE data_raw/enaproce2018/ejem_base_pyme_ciega_sav.zip 11470 b23d46932c26
  COINCIDE data_raw/2018trim4_csv.zip 26724182 9259fcb81747
  COINCIDE data_raw/banxico_encuesta_competencias_financieras_2019.xlsx 1522196 9fc9eb34e98b
  COINCIDE descargas_mx/00-LEEME-LANZAMIENTO-POST685.md 9329 1a3b8056177d
  COINCIDE descargas_mx/ENSANUT2024-v2026-09-01/formato_muestras_sangre_ensanut_2024.Cuestionarios.pdf 203773 8122d5521878
  COINCIDE descargas_mx/ENSANUT2024-v2026-09-01/rec24h_obte_ensanut2024_w.Catálogo.xlsx 264700 b4d89f0ed76b
  COINCIDE descargas_mx/Descriptores_Base_de_Datos_URGENCIAS_2023_2025.xlsx 71440 35a48c34bfae
  COINCIDE data_raw/A6_CONDUSEF_DATOS_ABIERTOS/educacion_financiera_comportamiento_general__b1_comportamiento_general_bef.csv 1683743 6c8f4736942a
  COINCIDE descargas_mx/ENSANUT2024-v2026-09-01/menores_ensanut2024_w.csv.csv.zip 620081 5143efedb8eb
  COINCIDE descargas_mx/estado-programa-v1_14.md 1281144 e11264fff7c5
  COINCIDE data_raw/enif2021_csv.zip 2511357 0f314fa3733b
  COINCIDE descargas_mx/seccion-13.md 11565 8d2cbd6bcada
  COINCIDE data_raw/cngmd2023/m5/infraestructura_cngmd2023_csv.zip 3216376 212d72339050
  COINCIDE data_raw/losmexicanos_unam_iij/ninosadolescentesyjovenes/Encuesta_Nacional_de_Ninos_Adolescentes_y_Jovenes.dta 6211324 5437376f5abb
  COINCIDE descargas_mx/22-GEN2-VALIDACION-R-ENVIPE-CSV.md 8717 53b902486e83
  COINCIDE reserva_respondentes/ENCO/documentacion/enco_manual_procedimientos.pdf 10673327 b07ceaec3a09
  COINCIDE data_raw/electoral_calendario_pel_ine/pel2016-2017_CGex201609-7-ap-9-a1.pdf 1514368 898d5011081d
  COINCIDE data_raw/20260813144500.export.CSV.zip 96787 a27fabf5a817
  COINCIDE data_raw/enigh2018_nc_csv.zip 43339807 5026cd951c10
  COINCIDE data_raw/electoral_sicee_federal/sicee_federal_pre_2018.zip 43652401 f04fbad28bb1
  COINCIDE descargas_mx/informe-programa-v1_1-ANEXO-delta.md 7844 ae9e4a1d5c06
  COINCIDE data_raw/A6_CONDUSEF_DATOS_ABIERTOS/anuario_actividades_condusef_acciones_defensa__acciones_defensa_2025.csv 62645 f2724e54a0e4
  COINCIDE data_raw/A6_CONDUSEF_DATOS_ABIERTOS/supervision_financiera_calificaciones_producto_financiero_institucion__calificaciones_3trimestres_25.csv 21856 833aae7061ed
  COINCIDE data_raw/ADQ15_OMCA_conflictos_agua/omca_boletines.html 17457 02a462c9d3ad
  COINCIDE data_raw/enif_2024_bd_csv.zip 3131148 00e4b0b42775
  COINCIDE descargas_mx/ENSANUT2024-v2026-09-01/antropometria_ensanut2024_w.Catálogo.xlsx 270720 93d4a2023019
  COINCIDE data_raw/losmexicanos_unam_iij/corrupcionyculturadelalegalidad/Encuesta_Nacional_de_Corrupcion_y_Cultura_de_la_Legalidad.sav 702221 151f9092b4e6
  COINCIDE data_raw/cngmd2023/m7/prog_gest_int_rsu_cngmd2023_csv.zip 132656 2cfb0170860e
  COINCIDE data_raw/WBES-OS_Mexico2026_Data.zip 45248 299eb398f661
  COINCIDE descargas_mx/ENSANUT2024-v2026-09-01/frec_adul_sup_ensanut2024_w.stata.stata.zip 137084 2c2d1159cdb4
  COINCIDE data_raw/endireh2016/bd_sd_endireh2016_sitioinegi_RData.zip 16291192 c01d8ba9c56a
  COINCIDE data_raw/WBES_Mexico2006_Data.zip 282085 66dba69f933b
  COINCIDE data_raw/mociba2022/mociba2022_bd_dbf.zip 1949398 45b325d96f04
  COINCIDE data_raw/fd_c_bas_amp_conapo.pdf 1211513 b30dcfe76a5a
  COINCIDE data_raw/20260813151500.export.CSV.zip 90679 77ad2066fc0d
  COINCIDE descargas_mx/ENSANUT2024-v2026-09-01/nse_hogar_ensanut_2024.csv.csv.zip 85099 58db6c66c7cf
  COINCIDE data_raw/gen2_corrupcion_fuente_general/encig25_cuestionario.pdf 2060955 807196d6aba5
  COINCIDE descargas_mx/ENCARGO-GEN2-CORPUS-INTEGRIDAD-Y-RESPALDO-1.md 7167 64515eee57e9
  COINCIDE data_raw/R3.4_Banxico_CoDi_SPEI/informe_anual_IdMF_2019.pdf 2494301 fc9ed33813a2
  COINCIDE data_raw/conjunto_de_datos_enoe_2024_4t_csv.zip 54101479 bb6d958c9bca
  COINCIDE data_raw/eder2017/eder2017_bases_dbf.zip 14614132 b5c8fa261032
  COINCIDE descargas_mx/menores_ensanut2024_w.Catlogo.xlsx 197357 2aa89c4b97ec
  COINCIDE data_raw/electoral_sicee_local/sicee_local_ags_pel_2019.zip 353659 2c4ed100da32
  COINCIDE descargas_mx/16-GEN2-S6-DISENO-Y-ALCANCE-INFERENCIAL.md 13008 b7b03f86eac6
  COINCIDE data_raw/endireh2016/bd_mujeres_endireh2016_sitioinegi_csv.zip 100845928 02c06ab73a53
  COINCIDE data_raw/envipe2022_csv.zip 18858955 3a6e0f3a05dd
  COINCIDE descargas_mx/UNIVERSO-2026-09/CSES/cses3_module3_full.zip 7799298 986ef87325ca
  COINCIDE data_raw/endireh2003/bd_endireh_2003_dbf.zip 11680903 9c5143ff7ae5
  COINCIDE data_raw/ejemplobd_enestyc_1992_xlsx.zip 29014 0b421bf46184
  COINCIDE descargas_mx/ENSANUT2024-v2026-09-01/rec24h_rev_sup_ensanut2024_w.Catálogo.xlsx 275016 5a72799181cc
  COINCIDE descargas_mx/PRUEBAS-CANDADOS-GEN2.py 6640 e0afcf004883
  COINCIDE descargas_mx/ZA5900_bq.pdf 500702 434dd01051c4
  COINCIDE data_raw/cuest_modulo_envipe2022.pdf 948921 ff0d161dccc3
  COINCIDE data_raw/losmexicanos_unam_iij/migracion/Encuesta_Nacional_de_Migracion.csv 847909 912542b45119
  COINCIDE descargas_mx/UNIVERSO-2026-09/ENJUVE/Cuestionario_Vivienda_ENJ_2010.pdf 284843 3e8b98eef946
  COINCIDE data_raw/engasto2012/vivienda_dbf.zip 1073475 e66f04e7ed66
  COINCIDE descargas_mx/14-GEN2-YA-MEDIDO-SIN-FALSOS-NEGATIVOS.md 11053 85fc969b21ed
  COINCIDE descargas_mx/UNIVERSO-2026-09/INTERCENSAL2015/eic2015_nacional_csv.zip 74659556 efcb4cb1d782
  COINCIDE data_raw/ADQ15_WB6667_Tutores_Pedagogicos_Moviles_2016/313_09_egma__m_xico16.pdf 509638 57157489c448
  COINCIDE data_raw/WBES_Mexico2006_Documentation.zip 1018608 3da3e39c16d8
  COINCIDE descargas_mx/27-GEN2-ENSAFI-MEDICION-DESCRIPTIVA-CON-DISENO.md 7515 cdfd6495f866
  COINCIDE data_raw/enoe_microdatos_post2019/enoe_2023_trim2_csv.zip 39500761 e2035d3a3e3d
  COINCIDE data_raw/enif_2015_bd_dbf.zip 1312686 284e8a0c57f9
  COINCIDE data_raw/losmexicanos_unam_iij/cienciaytecnologia/Encuesta_Nacional_de_Ciencia_y_Tecnologia.xlsx 635573 fd8fce53b42d
  COINCIDE data_raw/ennvih/doc/ehh05cb_b3b.pdf 185573 a3b693ae68c6
  COINCIDE data_raw/electoral_sicee_federal/sicee_federal_dip_rp_2018.zip 39747968 27516a545057
  COINCIDE data_raw/ietam_tamaulipas_municipal/2018_Padilla.xlsx 56154 7fc9fda7047d
  COINCIDE data_raw/electoral_local_municipal_serie/ieez_zacatecas_2024_computos.xlsx 1213243 304bcfcac0b0
  COINCIDE data_raw/electoral_local_municipal_serie/ieech_chihuahua_2024_ayuntamientos_x_casilla.xlsx 1539078 77d6b9ec556b
  COINCIDE data_raw/osf_interacting_as_equals/Data_SI_F9.dta 193728 5804a97238ce
  COINCIDE descargas_mx/FIRMA-2026-09-17-piso-adoptado-y-MARCADOR-v1_1-delta.md 2404 248dd77af980
  COINCIDE data_raw/ennvih/eloc05dta_all.zip 417340 fd7c1888d33a
  COINCIDE data_raw/enoe_microdatos_post2019/enoe_2025_trim3_csv.zip 40062680 d2817a142016
  COINCIDE data_raw/Descriptores_Base_de_Datos_URGENCIAS_2023_2025.xlsx 71440 35a48c34bfae
  COINCIDE data_raw/losmexicanos_unam_iij/movilidadytransporte/Encuesta_Nacional_de_Movilidad_y_Transporte.dta 7926474 73c7ac4d5be4
  COINCIDE descargas_mx/Descargas Manuales/MEX_2010_IEPEP_v01_M_v01_A_PUF_STATA8.zip 1225843 9b1777f4cc49
  COINCIDE data_raw/enoe_microdatos_post2019/enoe_2024_trim4_csv.zip 43410469 817f28d20a43
  COINCIDE data_raw/gen2_corrupcion_fuente_general/eneac2021-tramites.sav 1496623 99b3fdb3c09e
  COINCIDE descargas_mx/ensayo-rama5-celda-rara.py 3205 e6dff9c67093
  COINCIDE data_raw/A6_CONDUSEF_DATOS_ABIERTOS/registros_instituciones_financieras_usuarios_productos_servicios_seguro_automovil__auto_datos_abiertos_resba_4_trim_26.csv 1344462 fa9567a7472f
  COINCIDE descargas_mx/ACADEMICO-dataverse-mps2012/10.7910_DVN_VOB5JL -- Figure 6 and Appendix E code.rtf 4141 52e574f6e3b4
  COINCIDE data_raw/electoral_calendario_pel_ine/pel2018-2019ord_CGex201808-6-ap-6-a5.xlsx 98224 33cee401ea88
  COINCIDE data_raw/envipe2016/calculo_indicadores_r_envipe2016.pdf 1010455 acfc3a09bcb8
  COINCIDE data_raw/enaproce2015/ejem_base_pyme_ciega_dta.zip 5263 f0c1e64c718a
  COINCIDE descargas_mx/39-GEN2-REACTIVOS-RESIDUALES-Y-BUSQUEDA-UTIL.md 10568 e8b8f6c28263
  COINCIDE descargas_mx/ENSANUT2024-v2026-09-01/rec24h_desc_ensanut2024_w.Catálogo.xlsx 268714 bd270cec311d
  COINCIDE data_raw/mociba2021/mociba2021_bd_csv.zip 1300049 bf04c254fb4f
  COINCIDE data_raw/A6_OECD_GOV_TRUST_INTEGRIDAD/oecd_tdg2025.csv 713208 69b34f7bfb8b
  COINCIDE descargas_mx/RESULTADOS-PRUEBAS-CANDADOS-GEN2.json 2130 735a41545c70
  COINCIDE data_raw/losmexicanos_unam_iij/identidadyvalores/Encuesta_Nacional_de_Identidad_y_Valores.xls 2098688 764ab15add6b
  COINCIDE data_raw/envipe2013/fd_envipe2013.xlsx 192702 7e842826e3f7
  COINCIDE data_raw/ADQ15_OMCA_conflictos_agua/omca_consulta.html.2a 37208 5173ebad4db5
  COINCIDE data_raw/A6_SICEE_INE_ELECCIONES/participacion_nacional_1991_2024.json 21139 8088f9f36345
  COINCIDE data_raw/mociba2020/mociba2020_bd_dta.zip 1036646 be387987f07f
  COINCIDE data_raw/electoral_sicee_local/sicee_local_ver_pel_2018.zip 8204769 1b7e5fd78065
  COINCIDE descargas_mx/libro_de_codigo_lec_api_conafe.xlsx 33826 e174862a2c17
  COINCIDE descargas_mx/05-WBES-PRECISION-INTERACCIONES.md 6374 c01082339390
  COINCIDE data_raw/GEN2_N34_PRODUCTO_DANO/banxico_satisfaccion_usuarios_informe_2024.pdf 1369127 a2ef944695e9
  COINCIDE descargas_mx/Descargas Manuales/FirEleNumcert.xls 92160 e813b6c12d61
  COINCIDE data_raw/ietam_tamaulipas_municipal/2018_Altamira.xlsx 84506 a20419210d77
  COINCIDE data_raw/enoe_2015_trim2_dbf.zip 25280795 956283f7a5b9
  COINCIDE data_raw/enoe_microdatos_post2019/enoe_n_2021_trim4_csv.zip 27117836 1baabe0098ce
  COINCIDE data_raw/engasto2012/gasto_de_consumo_ajustado_dbf.zip 35762073 87da7f281dac
  COINCIDE descargas_mx/38-GEN2-DESCUBRIMIENTO-ADQUISICION-Y-SUFICIENCIA-PRODUCCION.md 21929 fb98516c6843
  COINCIDE data_raw/ADQ15_ENAFIN_2024_RNM_INEGI/enafin2024_rnm_related_materials.html 86418 9f37a43be5be
  COINCIDE data_raw/enpol2021/fd_enpol2021.pdf 3945038 7f3a23e15782
  COINCIDE data_raw/losmexicanos_unam_iij/ninosadolescentesyjovenes/Encuesta_Nacional_de_Ninos_Adolescentes_y_Jovenes.xls 1806848 815c3b4507be
  COINCIDE data_raw/enoe_microdatos_post2019/enoe_2024_trim3_csv.zip 43272328 6594158c1a3f
  COINCIDE data_raw/iepc_jalisco_voto_nulo_2024/informe_de_resultados_estudio_muestral_voto_nulo_2024.pdf 2000582 a207ab10008f
  COINCIDE data_raw/A6_CONDUSEF_DATOS_ABIERTOS/supervision_financiera_calificaciones_producto_financiero_institucion__calificaciones_4trimestres_25.csv 8100 e9efbfa1da35
  COINCIDE descargas_mx/ENSANUT2024-v2026-09-01/frec_es_ensanut2024_w.csv.csv.zip 95333 8c2380e4520c
  COINCIDE data_raw/cngmd2023/m2/inst_admonpub_munic_demarterri_cngmd2023_csv.zip 1154865 c175fd3eb534
  COINCIDE data_raw/R3.4_Banxico_CoDi_SPEI/banxico_sie_CF890_monto_operado_spei_2009_2026.csv 496547 d4ced251a59a
  COINCIDE data_raw/wb2661_ASQ_Questionnaires.zip 7573363 3ea807864522
  COINCIDE data_raw/ADQ15_WB6667_Tutores_Pedagogicos_Moviles_2016/libro_de_codigo_padres_api_conafe.xlsx 24666 c818d2ffc555
  COINCIDE data_raw/modelo_enif2012.pdf 17754 77a9b05ed53f
  COINCIDE descargas_mx/UNIVERSO-2026-09/ENH/persona_enh_2017_csv.zip 3286494 59bbe5fc58f1
  COINCIDE data_raw/ennvih/ehh05q_all.zip 2913036 e73709d1de16
  COINCIDE descargas_mx/ENSANUT2024-v2026-09-01/nse_Integrantes_ensanut_2024.csv.csv.zip 258261 0d83bf5473ac
  COINCIDE data_raw/electoral_local_municipal_serie/ieebc_bc_2024_computo_x_casilla_mun.xls 1718272 097f8b5fbc6d
  COINCIDE data_raw/WBES_Mexico2010_Documentation.zip 2696131 fa6a9511874a
  COINCIDE descargas_mx/F00006635-WVS7_Questionnaire_Mexico_2018_Spanish.pdf 96941 d84607c68d30
  COINCIDE data_raw/ennvih/ehh09cb_all.zip 10077598 1e23ee82ac16
  COINCIDE data_raw/electoral_sicee_federal/sicee_federal_dip_mr_2024.zip 43607301 9da21ef4e7ed
  COINCIDE data_raw/cngmd2023/m3/acade_insti_forma_poli_cngmd2023_csv.zip 1933105 2e8bb776cf82
  COINCIDE descargas_mx/ZA6980_v2-0-0.dta.zip 3144289 aa3bfcbcc1dc
  COINCIDE data_raw/electoral_local_2023_2024/ieem_edomex_2023/RESULTADOS_DEFINITIVOS_GUBERNATURA_2023_POR_MUNICIPIO.xlsx 49676 b9eb096f38ef
  COINCIDE data_raw/ejemplobd_enestyc_1992_stata.zip 7337 852ef3ee45c5
  COINCIDE data_raw/endireh2006/fd_endireh06.xls 312320 019b47033407
  COINCIDE data_raw/electoral_local_municipal_serie/iee_nayarit_2017_lista_nominal.pdf 120441 2d0c4094f4d9
  COINCIDE data_raw/fd_enadid23.xlsx 2085302 d56582b7ace0
  COINCIDE descargas_mx/menores_ensanut2024_w.stata.stata.zip 1133030 cadf52a7127a
  COINCIDE data_raw/losmexicanos_unam_iij/globalizacion/Encuesta_Nacional_de_Globalizacion.sav 956399 198c6a0a3e37
  COINCIDE data_raw/conjunto_de_datos_enoe_2025_3t_csv.zip 46026887 7138b2bfabc7
  COINCIDE data_raw/A6_CONDUSEF_DATOS_ABIERTOS/anuario_actividades_condusef_sanciones__sanciones_firmes.csv 499 9466b80df871
  COINCIDE descargas_mx/cuestionario_apis.xlsx 54133 aec38b79045e
  COINCIDE data_raw/ADQ15_WB6667_Tutores_Pedagogicos_Moviles_2016/sal_n_de_clase_hoja_de_observaci_ngb.pdf 229412 fc54ffa84792
  COINCIDE descargas_mx/ENSANUT2024-v2026-09-01/plomo_ensanut2024_w.stata.stata.zip 110623 3af7106b4faf
  COINCIDE data_raw/cngmd2023/m2/imp_predial_cngmd2023_csv.zip 952189 c3323b80f1b9
  COINCIDE data_raw/electoral_sicee_local/sicee_local_ver_pel_2017.zip 3316221 fd8edcb052e4
  COINCIDE data_raw/ADQ15_ENAFIN_2024_RNM_INEGI/enafin_2019_2021_csv.zip 1719111 9f30bf076f05
  COINCIDE data_raw/ennvih/ehh02q_all.zip 3750632 40af29bd864e
  COINCIDE descargas_mx/ICPSR35024-ds1-w2-tabulados-T5-T9-derivados-2026-09-02 (1).csv 58237 304507711d11
  COINCIDE descargas_mx/Descargas Manuales/MM_users_manual_0515.pdf 122934 03541007078e
  COINCIDE data_raw/wb2661_Endline_Report.pdf 798886 08c83c951c53
  COINCIDE data_raw/losmexicanos_unam_iij/migracion/Encuesta_Nacional_de_Migracion.dta 5049733 fb931ddedb29
  COINCIDE data_raw/electoral_local_municipal_serie/iee_nayarit_2021_lista_nominal.pdf 515465 33e55bf3c6d8
  COINCIDE data_raw/enaproce2015/ejem_base_pyme_ciega_dbf.zip 6576 18944c01c9ec
  COINCIDE data_raw/enif_2015_modelo_datos.pdf 981987 ad534b036e73
  COINCIDE data_raw/pdn_bulk_2026_09/pdn_s2_2026-09-06.zip 1782572 db8fda58236a
  COINCIDE descargas_mx/Descargas Manuales/ABMex2023-Mexico-Questionnaire-V9.2.3.0-Spa-230511-W.pdf 627114 0cf179c783d7
  COINCIDE data_raw/ennvih/eloc02cb_all.zip 901067 29bedbaecf22
  COINCIDE data_raw/engasto2013/gasto_de_consumo_ajustado_constante_dbf.zip 63269584 80473e363e15
  COINCIDE descargas_mx/ENSANUT2024-v2026-09-01/etiquetado_ensanut2924_w.Cuestionarios.pdf 1373004 843fcc9b831f
  COINCIDE data_raw/cultura_constitucional_unam_iij/Tercera_Encuesta_Nacional_de_Cultura_Constitucional.dta 3036033 ac89e3cb19fa
  COINCIDE descargas_mx/01-ENUT-DISTRIBUCION-HORAS.md 6051 d5d3339452ff
  COINCIDE data_raw/ennvih/doc/ehh02q_b2.pdf 155104 12ae9781aa02
  COINCIDE data_raw/losmexicanos_unam_iij/envejecimiento/Encuesta_Nacional_de_Envejecimiento.dta 3567122 4ae9ba0b5004
  COINCIDE descargas_mx/ENSANUT2024-v2026-09-01/frec_adul_rec_ensanut2024_w.Catálogo.xlsx 265620 555b676c2050
  COINCIDE descargas_mx/Descargas Manuales/MEX_PILP_TB_v1.xlsx 17139 240986e507bc
  COINCIDE data_raw/envipe2023/bd_envipe_2023_csv.zip 23113239 030548137ee9
  COINCIDE data_raw/endireh2021/endireh2021_calc_r.pdf 1255297 07b82584d1da
  COINCIDE data_raw/milk_rct_microseguro/MILK-RCT--Study-of-Life-MI-Purchasing-Decisions-in-Mexico.pdf 1111333 cb470becdf43
  COINCIDE data_raw/WBES-Panel_Mexico2023_Documentation.zip 3977994 879ee09ebe3f
  COINCIDE data_raw/endireh2021/bd_endireh_2021_csv.zip 78902567 e4f1e7b1898c
  COINCIDE data_raw/ietam_tamaulipas_municipal/2018_Victoria.xlsx 104728 a34f6892d93c
  COINCIDE data_raw/GEN2_N34_PRODUCTO_DANO/shed_2025_codebook.pdf 849070 3094d147be4f
  COINCIDE data_raw/iieg_inclusion_financiera_jalisco/iieg_inclusion_financiera_jalisco_2024.xlsx 119644 236f885980eb
  COINCIDE data_raw/pdn_declaranet_sfp/07_datos_abiertos_declaranet_2014.csv 46031717 027ac8940833
  COINCIDE descargas_mx/01-GEN2-F5-COMPLETA.md 12833 550fe108a289
  COINCIDE descargas_mx/Descargas Manuales/IngresosTributarios.xls 153600 e4eca9de1273
  COINCIDE descargas_mx/34-GEN2-REACTIVOS-CON-TEXTO-Y-BUSQUEDA.md 6345 6f3f9f56af00
  COINCIDE data_raw/losmexicanos_unam_iij/envejecimiento/Encuesta_Nacional_de_Envejecimiento.sav 604500 0475cb3ebfec
  COINCIDE data_raw/encig2023/encig23_base_datos_dta.zip 27965191 082253153ae4
  COINCIDE data_raw/electoral_calendario_pel_ine/pel2018-2019ord_CGex201808-6-ap-6-a4.xlsx 139676 71bec370207d
  COINCIDE descargas_mx/00-LEEME-PARALELOS-POST707.md 6010 18d8d674a2a6
  COINCIDE data_raw/Catalogos_de_Urgencias_2023_2025.zip 4802371 43b8eb711ad0
  COINCIDE descargas_mx/UNIVERSO-2026-09/PEW/pew_gas_spring2025.zip 6261575 ad04923a88c7
  COINCIDE data_raw/ADQ15_WB870_Enterprise_Survey_MX_2010/mexico-2010.pdf 404604 e1020e2b1d58
  COINCIDE data_raw/cngmd2023/m5/proced_admon_deter_cngmd2023_csv.zip 4373523 ec2c3d1709bb
  COINCIDE data_raw/losmexicanos_unam_iij/derechoshumanos/Encuesta_Nacional_de_Derechos_Humanos_Discriminacion_y_Grupos_Vulnerables.xlsx 469820 585b2bd62f13
  COINCIDE descargas_mx/UNIVERSO-2026-09/PEW/pew_gas_spring2024.zip 10446810 1fb75a866ae8
  COINCIDE data_raw/20260813160000.export.CSV.zip 98851 0ba5a6d4a5b4
  COINCIDE data_raw/academico_tandas_mexico/Estudio-Cualitativo-BANSEFI-PATMIR-2006.pdf 1116816 f1ff23f78bce
  COINCIDE data_raw/ADQ15_WB6667_Tutores_Pedagogicos_Moviles_2016/libro_de_codigo_lec_api_conafe.xlsx 33826 e174862a2c17
  COINCIDE data_raw/enif_2021_fd_pdf.zip 1229311 6f4e3aab705d
  COINCIDE data_raw/cngmd2023/m5/proba_pers_infrac_falle_cngmd2023_csv.zip 1124918 13fbf49ebe99
  COINCIDE data_raw/fd_enpol2016.pdf 2549127 5b2c780f29b9
  COINCIDE descargas_mx/ENSANUT2024-v2026-09-01/rec24h_rev_desc_ensanut2024_w.stata.stata.zip 241575 ec7cb58e5bf7
  COINCIDE descargas_mx/Descargas Manuales/GPS_Questionnaires.zip 287039 ef0b2070e8d8
  COINCIDE data_raw/ejemplobd_enestyc_1999_stata.zip 6033 f19c9021c587
  COINCIDE descargas_mx/ENSANUT2024-v2026-09-01/hogar_ensanut2024_w_icb.stata.stata.zip 1458055 440ff69a24d8
  COINCIDE data_raw/A6_CONDUSEF_DATOS_ABIERTOS/anuario_actividades_condusef_instituciones_mas_reclamadas__instituciones_mas_reclamadas_buro_entidades_financieras.csv 8044 f6a75e655286
  COINCIDE data_raw/enigh2022_nc_csv.zip 90030937 3b2b0bc9c953
  COINCIDE data_raw/conjunto_de_datos_enoe_2023_1t_csv.zip 41532376 138e737d3644
  COINCIDE descargas_mx/MEX_2005_CAFR_v01_M.xml 4642520 c33a8ce9af58
  COINCIDE data_raw/cngmd2023/m2/proceso_padron_cngmd2023_csv.zip 3124160 f691b35dd656
  COINCIDE data_raw/losmexicanos_unam_iij/seguridadpublica/Encuesta_Nacional_de_Seguridad_Publica.dta 3725921 8da1613d8fe3
  COINCIDE data_raw/encig25_base_datos_csv.zip 37624925 47daf2f73236
  COINCIDE data_raw/ADQ15_VotarEntreBalas_DataCivica/votar_entre_balas_base.zip 965735 ddcaaa6be7e2
  COINCIDE data_raw/eder2025/eder2025_bases_csv.zip 15399361 f6e953778392
  COINCIDE descargas_mx/ENSANUT2024-v2026-09-01/frec_pr_tor_ensanut2024_w.stata.stata.zip 42143 8a11ffae4b0e
  COINCIDE data_raw/enigh2022_descripcion_base_pdf.pdf 2906552 7b0c4e6bd36c
  COINCIDE descargas_mx/30-GEN2-VALIDACION-INDEPENDIENTE-PARAMETROS-ACTIVOS.md 7802 93658acb3a58
  COINCIDE descargas_mx/ZA7600_v3-0-0.sav.zip 4611332 d71954fe95ba
  COINCIDE data_raw/enif_2024_cuestionario.pdf 1228366 32e37cc13da3
  COINCIDE data_raw/2014trim1_csv.zip 25134524 fbb779cab476
  COINCIDE descargas_mx/VER_PEL_2017.zip 3316221 fd8edcb052e4
  COINCIDE data_raw/electoral_local_municipal_serie/iee_ags_2021_ayto_mun10.xlsx 13189 dfce5ba3715d
  COINCIDE data_raw/ennvih/doc/ehh09cb_b3a.pdf 2509283 c015839b84cb
  COINCIDE descargas_mx/ACADEMICO-dataverse-mps2012/10.7910_DVN_VOB5JL -- meta analysis data.tab 11709 7c74925ab1bd
  COINCIDE descargas_mx/Descargas Manuales/itindc_202602.pdf 2225169 296795821a5b
  COINCIDE data_raw/enut2009_bd_dbf.zip 5249774 ae1bbbaf12ec
  COINCIDE data_raw/losmexicanos_unam_iij/envejecimiento/Encuesta_Nacional_de_Envejecimiento.xls 1152000 f9acc9e70187
  COINCIDE descargas_mx/CAREO-PILOTO-3-direccion-2026-09-19 (1).md 7067 796689c4dce6
  COINCIDE descargas_mx/DescargaMasiva_3072026_10560.zip 602154 a68da0e08403
  COINCIDE descargas_mx/UNIVERSO-2026-09/PEW/pew_gas_spring2013.zip 5037202 e794d64acd93
  COINCIDE data_raw/electoral_sicee_federal/sicee_federal_dip_rp_2024.zip 43575447 57702d9440ee
  COINCIDE data_raw/2016trim1_csv.zip 29867488 8e29abc983fa
  COINCIDE data_raw/engasto2013/gasto_mujeres_sav.zip 4328522 c4830397a4f4
  COINCIDE data_raw/conjunto_de_datos_enoe_2019_3t_csv.zip 44134773 3dee3611fa30
  COINCIDE data_raw/cngmd_2023_m4.pdf 1939327 21b830b45b44
  COINCIDE descargas_mx/DIPUTACIONES_FED_RP_2021.zip 36817117 65f86f16baa8
  COINCIDE descargas_mx/ENSANUT2024-v2026-09-01/plomo_ensanut2024_w.csv.csv.zip 88732 80cf6abd82d3
  COINCIDE descargas_mx/Descargas Manuales/NumPagosMedRec.xls 99328 975b8f73b19f
  COINCIDE data_raw/cuest_principal_envipe2020.pdf 1093270 f91885ce93df
  COINCIDE descargas_mx/UNIVERSO-2026-09/REUTERS-DNR/dnr2025_sources_of_news.csv 718 9ce4316786cd
  COINCIDE data_raw/inegi_mmsi_2016/manual_entrevistador_mmsi_2016.pdf 5388442 c46d79eb6efe
  COINCIDE descargas_mx/UNIVERSO-2026-09/ENCRIGE/encrige2020_cuestionario.pdf 1532744 f410156bf513
  COINCIDE data_raw/2018trim3_csv.zip 26606485 7273d867ef6b
  COINCIDE descargas_mx/43-GEN2-SHED-BNPL-DANO-Y-UNIVERSOS.md 11079 cdd45d8ac455
  COINCIDE data_raw/conjunto_de_datos_enoen_2022_3t_csv.zip 40289417 61d09993bd4d
  COINCIDE descargas_mx/UNIVERSO-2026-09/ENVE/cuestionario_principal_enve2024.pdf 1046535 aac4e9d4cc23
  COINCIDE data_raw/Urgencias_2026.zip 132421453 e112dd0ccbf9
  COINCIDE descargas_mx/41-GEN2-BANXICO-PRODUCTO-ATRASO-Y-COSTO.md 10681 42ba0e8f9119
  COINCIDE data_raw/GPS_do-files_country_level.zip 1362 1c6da5b663cf
  COINCIDE data_raw/enif_2021_cuestionario.pdf 1214633 2fe495a58f2e
  COINCIDE data_raw/cngmd2023/m2/coord_inst_inter_info_cngmd2023_csv.zip 1303922 55f348542587
  COINCIDE data_raw/ADQ15_WB6667_Tutores_Pedagogicos_Moviles_2016/cuestionario_apis.xlsx 54133 aec38b79045e
  COINCIDE data_raw/encup_2003_cuestionario_pdf.pdf 233736 acae1fe19bad
  COINCIDE descargas_mx/Descargas Manuales/MEX_2021_LAPOP_AmericasBarometer_v1.2_w.dta 1687348 153fb0f81acf
  COINCIDE descargas_mx/1 VFINAL Cuestionario Hogar ENSANUT 2024_ETIQUETAS.Cuestionarios.pdf 662210 adc873843b79
  COINCIDE descargas_mx/2026-09-21-GEN2-CELDA-D-PILOTO-3-COMMIT-1-v1_2.md 17212 6fe87bd86cab
  COINCIDE descargas_mx/UNIVERSO-2026-09/REUTERS-DNR/dnr2025_weekly_reach_offline.csv 505 dcdd3276eb51
  COINCIDE data_raw/mociba2021/mociba2021_fd.xlsx 129886 375bf7c1bcdb
  COINCIDE descargas_mx/SENADURÍAS_RP_2024.zip 43386325 2c5d1aee26b9
  COINCIDE data_raw/losmexicanos_unam_iij/familia/Encuesta_Nacional_de_Familia.sav 1816436 9156590293c2
  COINCIDE descargas_mx/DescargaMasiva_682026_9540.zip 604834 d40383d2e939
  COINCIDE data_raw/losmexicanos_unam_iij/seguridadpublica/Encuesta_Nacional_de_Seguridad_Publica.csv 1043431 3a88bf0e5042
  COINCIDE data_raw/ine_marco_geografico_electoral/CRFE_22032016_1aSO_P07_1_3.xlsx 208004 2d6f6f473c1a
  COINCIDE data_raw/Descriptores_Base_de_Datos_URGENCIAS_2008_2017.xlsx 48855 3ca5d405516a
  COINCIDE descargas_mx/12-GEN2-TANDAS-MEDICION-ACADEMICA.md 11303 aca87202204e
  COINCIDE data_raw/endireh2016/bd_sd_endireh2016_sitioinegi_spss.zip 19961366 b856b37f22d9
  COINCIDE descargas_mx/PRESIDENCIA_2018.zip 43652401 f04fbad28bb1
  COINCIDE data_raw/losmexicanos_unam_iij/culturapolitica/Encuesta_Nacional_de_Cultura_Politica.csv 838423 5c720e58bb5b
  COINCIDE data_raw/ADQ15_WB6667_Tutores_Pedagogicos_Moviles_2016/313_06_egra_l_minas_simo.pdf 177618 1a5579364bad
  COINCIDE descargas_mx/ENCARGO-GEN2-WBES2023-PRECISION-1.md 15383 92814f4b8f5c
  COINCIDE data_raw/ennvih/ehh09lw_all.zip 655349 52472e0c648c
  COINCIDE data_raw/iepc_jalisco_voto_nulo_2024/estudio_del_voto_nulo_relacion_de_paquetes_electorales_seleccionados.xlsx 98717 f33afe0a125f
  COINCIDE descargas_mx/2026-09-19-DISENO-A-CELDA-D-PILOTO-3-v1_0 (1).md 9092 13f17ca1af4d
  COINCIDE data_raw/losmexicanos_unam_iij/movilidadytransporte/Encuesta_Nacional_de_Movilidad_y_Transporte.sav 1268503 b186036d69ca
  COINCIDE data_raw/ennvih/usersguidev2-en.pdf 385292 63e98081cfb4
  COINCIDE data_raw/cses5_Questionnaire.txt 117737 d4deba9a0386
  COINCIDE descargas_mx/ENSANUT2024-v2026-09-01/utilizadores_ensanut2024_w.Catálogo.xlsx 278909 6a2ba7423219
  COINCIDE data_raw/R2.1_R2.2_R10.2_RNM_microdato/inegi_rnm_catalog_330_enaproce2015.html 147583 25d01ec91535
  COINCIDE data_raw/enasem2018/enasem_2018_fd.xlsx 628677 00d1cd1ac75c
  COINCIDE data_raw/eder2025/eder2025_bases_dbf.zip 12913322 34acdb1c0bb8
  COINCIDE data_raw/electoral_local_2023_2024/ieem_edomex_2023/RESULTADOS_DEFINITIVOS_GUBERNATURA_2023_POR_CASILLA.xlsx 3648078 6fd67e8d24fe
  COINCIDE descargas_mx/ENSANUT2024-v2026-09-01/plomo_ensanut2024_w.Catálogo.xlsx 271148 65956a8d7a8c
  COINCIDE descargas_mx/Descargas Manuales/itinfp_202601.pdf 789913 5b939476d044
  COINCIDE data_raw/cuest_principal_envipe2018.pdf 1601730 904549846a81
  COINCIDE data_raw/engasto2013/viviendas_dta.zip 1250776 3e7d5da23852
  COINCIDE data_raw/banxico_encuesta_competencias_financieras_2019_manual.pdf 624237 924ba524d319
  COINCIDE data_raw/enoe_microdatos_post2019/enoe_n_2022_trim2_csv.zip 30537564 19e194fbdcc7
  COINCIDE data_raw/electoral_local_municipal_serie/ieez_zacatecas_2016_eleccion_x_casilla.xls 3270144 a39c946b3ee8
  COINCIDE data_raw/enaproce2015/ejem_base_micro_ciega_dbf.zip 5466 a0bd6dc8a23c
  COINCIDE data_raw/electoral_local_municipal_serie/iec_coahuila_2018_ayuntamientos_x_casilla.xlsx 685388 c8a991f0b8ec
  COINCIDE descargas_mx/ENSANUT2024-v2026-09-01/etiquetado_ensanut2924_w.Catálogo.xlsx 282516 a5ab4941eee8
  COINCIDE data_raw/losmexicanos_unam_iij/pobreza/Encuesta_Nacional_de_Pobreza.xls 433152 4102ab50959e
  COINCIDE data_raw/cngmd2023/m2/transito_vialidad_cngmd2023_csv.zip 708950 5dd139effb79
  COINCIDE descargas_mx/ZA7600_v3-0-0.dta.zip 3990845 19e93ee89985
  COINCIDE data_raw/A6_CONDUSEF_DATOS_ABIERTOS/educacion_financiera_evaluacion_producto__evaluacion_producto_BEF.csv 185624 d437b2e124ab
  COINCIDE data_raw/endireh2021/bd_endireh_2021_dbf.zip 100982152 d9d087e0087b
  COINCIDE descargas_mx/02-ENFIH-SALDOS-AFORE.md 9264 a30901da236e
  COINCIDE data_raw/mociba2016/mociba2016_bd_sav.zip 2845571 30300c65a2e5
  COINCIDE descargas_mx/ENSANUT2024-v2026-09-01/frec_pr_rec_ensanut2024_w.stata.stata.zip 4539499 624cc0d2a507
  COINCIDE data_raw/enut2024_bd_csv.zip 17934681 25f356264640
  COINCIDE descargas_mx/02-ENFIH-COBERTURA-SALDOS-CATPOS.md 6232 5d466518878f
  COINCIDE descargas_mx/F00008602-WVS7_Methodology_Report_Mexico_2018.pdf 320171 ba4ebdd333ca
  COINCIDE data_raw/losmexicanos_unam_iij/derechoshumanos/Encuesta_Nacional_de_Derechos_Humanos_Discriminacion_y_Grupos_Vulnerables.csv 566338 ed5afb36bc07
  COINCIDE data_raw/electoral_calendario_pel_ine/informefinal2015.pdf.txt 19381 8e355e28ddfa
  COINCIDE data_raw/ietam_tamaulipas_municipal/2018_Cruillas.xlsx 54862 f7749ad55b41
  COINCIDE data_raw/ine_marco_geografico_electoral/CRFE_22032016_1aSO_P07_1_4.xlsx 33730 fcd41dfe53e7
  COINCIDE descargas_mx/DescargaMasiva_3072026_105617.zip 602150 4ab75449ed7b
  COINCIDE descargas_mx/01-ENSAFI-ESTRATEGIAS-CONJUNTAS.md 6395 e6113a12daea
  COINCIDE descargas_mx/LEEME-procedencia (1).txt 15532 9f0a7da9d591
  COINCIDE data_raw/ADQ15_ENAFIN_2024_RNM_INEGI/conjunto_de_datos_enafin_2024_csv.zip 96758 0f0ff75db3b7
  COINCIDE descargas_mx/ENSANUT2024-v2026-09-01/adultos_ensanut2024_w.csv.csv.zip 2009475 80c255f88242
  COINCIDE data_raw/electoral_sicee_federal/sicee_federal_sen_mr_2024.zip 43360629 bafa39ae2127
  COINCIDE data_raw/enoe_microdatos_post2019/2019trim2_csv.zip 28592043 721bf4573924
  COINCIDE data_raw/A6_CONDUSEF_DATOS_ABIERTOS/educacion_financiera_evaluacion_producto__b2_evaluacion_producto_bef.csv 215716 9789320ae167
  COINCIDE data_raw/GPS_do-files_individual_level.zip 3627 5cb6663719eb
  COINCIDE descargas_mx/BRIEF-ASTRA-03-ENCIG2023-CRUCES-HISTORICOS-2026-09-19 (1).md 5003 f48171b73553
  COINCIDE data_raw/mociba2020/mociba2020_fd.xlsx 273223 71fa73cbbdbe
  COINCIDE data_raw/endireh2016/bd_viviendas_endireh2016_sitioinegi_spss.zip 5053953 169804df37f0
  COINCIDE data_raw/cngmd2023/m3/centro_aten_sist_telef_cngmd2023_csv.zip 1880633 9aa38ed80d45
  COINCIDE descargas_mx/18-GEN2-MOTOR-Y-HERENCIA-EXPLICITA.md 10926 0212179cb009
  COINCIDE data_raw/losmexicanos_unam_iij/globalizacion/Encuesta_Nacional_de_Globalizacion.xlsx 1028153 928fabeaba69
  COINCIDE descargas_mx/UNIVERSO-2026-09/CSES/cide_cses2015_estatal_preelectoral.sav 2824566 7cf0e9e9262f
  COINCIDE descargas_mx/Descargas Manuales/Mexico_SynthesisReport.pdf 126444 e00f981f5f15
  COINCIDE descargas_mx/DIPUTACIONES_FED_MR_2024.zip 43607301 9da21ef4e7ed
  COINCIDE data_raw/cngmd2023/m3/operat_polic_patru_remi_cngmd2023_csv.zip 1519751 7ee317428302
  COINCIDE descargas_mx/02-REPLAY-Y-PISOS.md 19867 78dcec32d185
  COINCIDE descargas_mx/PRESIDENCIA_2024.zip 47339633 3122304d4dec
  COINCIDE descargas_mx/cuestionario_supervisi_n_en_campo.xlsx 101600 d1e3d73fe974
  COINCIDE data_raw/encig23_estructura_base_datos.pdf 3100802 eb89820cd58a
  COINCIDE data_raw/cuest_modulo_envipe2021.pdf 911976 390ef00ec15c
  COINCIDE descargas_mx/ENCARGO-GEN2-RELEVO-ENCUCI-F2-1.md 11310 0d24e50ef143
  COINCIDE data_raw/losmexicanos_unam_iij/pobreza/Descripcion_bases_Encuesta_Nacional_de_Pobreza.xls 104448 430cabbbf34c
  COINCIDE descargas_mx/integrantes_ensanut2024_w_ICB.Catlogo.xlsx 197249 d0acf24dd918
  COINCIDE data_raw/endireh2016/bd_sd_endireh2016_sitioinegi_stata.zip 10966606 aff33a1b4a46
  COINCIDE data_raw/A6_CONDUSEF_DATOS_ABIERTOS/educacion_financiera_comportamiento_general__comportamiento_general_BEF.csv 1624975 b97d31db7477
  COINCIDE data_raw/electoral_local_municipal_serie/iee_nayarit_2024_lista_nominal.pdf 135060 4a85bd057bef
  COINCIDE descargas_mx/ICPSR35024-ds1-w2-tabulados-T5-T9-derivados-2026-09-02.csv 58237 304507711d11
  COINCIDE descargas_mx/ENSANUT2024-v2026-09-01/r24hrs_ensanut_2024.Cuestionarios.pdf 387166 909ccfe88662
  COINCIDE descargas_mx/Descargas Manuales/itinin_202601.pdf 851973 b55636e53e7b
  COINCIDE descargas_mx/Descargas Manuales/itindc_202601.pdf 2345101 446304b3b9c2
  COINCIDE data_raw/R3.4_Banxico_CoDi_SPEI/informe_anual_IdMF_2024.pdf 4304507 c164b9118340
  COINCIDE data_raw/envipe2025/bd_envipe_2025_sav.zip 17346809 30f9d2c28a17
  COINCIDE descargas_mx/UNIVERSO-2026-09/PEW/pew_gas_spring2023.zip 3140716 93c4f17e348a
  COINCIDE descargas_mx/Descargas Manuales/FirEleNumcontri.xls 98304 dce5a06c278c
  COINCIDE descargas_mx/utilizadores_ensanut2024_w.Catlogo.xlsx 153149 81928f1d4701
  COINCIDE descargas_mx/ENSANUT2024-v2026-09-01/hogar_ensanut2024_w_icb.csv.csv.zip 1005723 3dabe62e71ec
  COINCIDE data_raw/ddi-documentation-english_microdata-2028.pdf 112408 468f7bc6cd58
  COINCIDE data_raw/electoral_sicee_local/sicee_local_hgo_pel_2021.zip 2808112 50f21669832e
  COINCIDE data_raw/mociba2025/mociba2025_bd_dbf.zip 2268896 a5e91efa27b8
  COINCIDE descargas_mx/Descargas Manuales/export_crudo.txt 24399 daa29e0b8830
  COINCIDE data_raw/R3.4_Banxico_CoDi_SPEI/banxico_sie_cuadro_CF891_operaciones.html 164217 790de350d703
  COINCIDE data_raw/cngmd2023/m3/enfrentamientos_cngmd2023_csv.zip 931849 eaa5c826f3e9
  COINCIDE data_raw/losmexicanos_unam_iij/indigenas/Encuesta_Nacional_de_Indigenas.dta 2666473 13d181b1e682
  COINCIDE descargas_mx/cuestionario_suplemento_home.xlsx 71098 71a568369337
  COINCIDE descargas_mx/ACADEMICO-dataverse-mps2012/10.7910_DVN_27083 -- mexicoall.rda 13929 338ca3d3de4a
  COINCIDE data_raw/R3.4_Banxico_CoDi_SPEI/banxico_sie_cuadro_CF881_cuentas_validadas.html 467574 1debc7f3cc65
  COINCIDE data_raw/cngmd2023/m2/marco_regulatorio_cngmd2023_csv.zip 1526642 24cbe88fd3ec
  COINCIDE descargas_mx/HGO_PEL_2020.zip 1040054 77eab416a34e
  COINCIDE data_raw/envipe2024/bd_envipe_2024_csv.zip 23430232 0af555fad17e
  COINCIDE data_raw/electoral_local_municipal_serie/iec_coahuila_2021_ayuntamientos_x_municipio.xlsx 440940 685a3007849b
  COINCIDE data_raw/mociba2015/mociba2015_bd_spss.zip 3058486 53a372cab2d8
  COINCIDE data_raw/encup_2001_cuestionario_pdf.pdf 147691 bb33eeddc30b
  COINCIDE data_raw/endireh2006/bd_endireh_2006_sav.zip 30695882 d09ea5e3f7c7
  COINCIDE data_raw/mociba2021/mociba2021_bd_dta.zip 1059137 e876808fa71c
  COINCIDE data_raw/enoe_n_trim3_2020-trim4_2022.zip 167598763 2a25ab364e28
  COINCIDE data_raw/encig2013/encig13_descripcion_archivos.pdf 1397463 12edd629b8a8
  COINCIDE descargas_mx/32-GEN2-CRON-DEMANDA-A-DATO-Y-PRODUCCION.md 15880 afd680ae0c63
  COINCIDE descargas_mx/ENSANUT2024-v2026-09-01/menores_ensanut2024_w.stata.stata.zip 1107877 02da5c14b593
  COINCIDE data_raw/eder2017/eder2017_bases_sav.zip 58527314 3e076cd804e9
  COINCIDE data_raw/electoral_local_2023_2024/ieem_edomex_2024/Resultados_definitivos_ayu_municipio.xlsx 52657 18cdcbb04e73
  COINCIDE data_raw/losmexicanos_unam_iij/religion/Encuesta_Nacional_ de_Religion_Secularizacion_y_Laicidad.csv 746508 0b26d81e248f
  COINCIDE data_raw/losmexicanos_unam_iij/envejecimiento/Encuesta_Nacional_de_Envejecimiento.csv 746698 223c384cc860
  COINCIDE data_raw/eder2025/eder2025_bases_dta.zip 13839819 e79a7d7f4603
  COINCIDE descargas_mx/ENSANUT2024-v2026-09-01/lactancia_ensanut2024_w.Catálogo.xlsx 292512 2ad28a5c114b
  COINCIDE data_raw/ADQ15_WB6667_Tutores_Pedagogicos_Moviles_2016/MEX_2016_APIPIE_v01_M.xml 1204682 a85333c31112
  COINCIDE descargas_mx/ENSANUT2024-v2026-09-01/rec24h_rev_obte_ensanut2024_w.stata.stata.zip 47804 ed648748e6f2
  COINCIDE data_raw/exportacion_publica_insumos_y_reportes.xlsx 732571 3a10dd9b226b
  COINCIDE data_raw/20260813143000.export.CSV.zip 97035 2dd83b5f8df0
  COINCIDE descargas_mx/33-GEN2-CORPUS-COMPARTIDO-UTILIZABLE.md 6389 eb12cac4f75d
  COINCIDE data_raw/2012trim1_csv.zip 31269330 fea732fdf1c1
  COINCIDE descargas_mx/ENSANUT2024-v2026-09-01/nse_hogar_ensanut_2024.Catálogo.xlsx 263728 6d3bcc6c38b4
  COINCIDE data_raw/encig2015_csv.zip 13152080 656b258288ab
  COINCIDE data_raw/20260813153000.export.CSV.zip 99325 98ead7b90c6e
  COINCIDE descargas_mx/REVISION-CANDADOS-GEN1-GEN2-2026-09-11.md 14841 cedfb7d77d13
  COINCIDE descargas_mx/Descriptores_Base_de_Datos_URGENCIAS_2008_2017.xlsx 48855 3ca5d405516a
  COINCIDE data_raw/electoral_local_municipal_serie/iee_nayarit_2024_ayuntamientos.xlsx 282020 08282d38971a
  COINCIDE data_raw/mociba2023/mociba2023_bd_dbf.zip 2099957 9e65b84d7a33
  COINCIDE data_raw/electoral_calendario_pel_ine/pel2024-2025_CGor202409-26-ap-03-a2.xlsx 185217 8b10413599e0
  COINCIDE data_raw/envipe2021/bd_envipe_2021_dta.zip 18740198 0b63313207b6
  COINCIDE data_raw/electoral_local_municipal_serie/iee_ags_2019_ayto_mun2.xlsx 15520 6143730e16fe
  COINCIDE descargas_mx/MEX_2016_APIPIE_v01_M_Stata.zip 618383 c2dfe2c75d69
  COINCIDE descargas_mx/ZA5900_questionnaire_development_report.pdf 2339766 909a71504d23
  COINCIDE data_raw/enaproce2018/ejem_base_micro_ciega_xlsx.zip 23159 d4f3afec3d4b
  COINCIDE data_raw/encig15_cuestionario.pdf 1703035 9a174ca282cd
  COINCIDE descargas_mx/BENCHMARK-D11-COMPLEMENTOS-Y-USO-EN-MOTOR.md 9028 cfd7fd8dc426
  COINCIDE data_raw/imss_bienestar_infraestructura/Seguimiento_de_Acciones_de_Infraestructura_1er_Trimestre_2025.xlsx 1278564 f0d2cbafe3fa
  COINCIDE descargas_mx/BD_ENCUCI2020_dbf.zip 6913684 0414fd59e2af
  COINCIDE descargas_mx/integrantes_ensanut2024_w_icb.stata.stata.zip 3532861 20a9fae339da
  COINCIDE data_raw/electoral_sicee_federal/sicee_federal_dip_rp_2021.zip 36817117 65f86f16baa8
  COINCIDE data_raw/DD_CompraNet_2025/DD_RUPC_240912.xlsx 10237 2761a852c62b
  COINCIDE data_raw/losmexicanos_unam_iij/medioambiente/Encuesta_Nacional_de_Medio_Ambiente.sav 522815 aac4b2f73f6b
  COINCIDE data_raw/academico_icpsr35024/icpsr35024_ds1_subconjunto_dataverse.tab 59307 93e5d98e9bf8
  COINCIDE data_raw/ietam_tamaulipas_municipal/2018_AntiguoMorelos.xlsx 55420 a4886733a811
  COINCIDE descargas_mx/ENCARGO-GEN2-DIN-CREDITO-HISTORIA-1.md 8533 a66577f187bb
  COINCIDE descargas_mx/ENSANUT2024-v2026-09-01/frec_adul_ensanut2024_w.Catálogo.xlsx 266835 f6ca7cfccd70
  COINCIDE data_raw/eder2017/eder2017_descripcion_calculoR.pdf 878079 01c21e5e4879
  COINCIDE data_raw/electoral_calendario_pel_ine/pel2014-2015_CGor201412-18_ap13.pdf 45223 a8acbcc7b08a
  COINCIDE descargas_mx/Descargas Manuales/AGEs 125 - Directores 10.pdf 441376 3827e3d47e2a
  COINCIDE descargas_mx/SENADURIAS_MR_2018.zip 39787188 fc83f3e8aaba
  COINCIDE data_raw/MEX_2023_WBES_v01_M.xml 766584 1d5cded32bef
  COINCIDE data_raw/encig2021/encig21_base_datos_csv.zip 41216579 4463e5850629
  COINCIDE data_raw/enoe_microdatos_post2019/enoe_n_2021_trim3_csv.zip 32559052 853512291ddb
  COINCIDE data_raw/electoral_local_municipal_serie/ieebc_bc_2021_computo_x_casilla_mun.xls 3468288 c067c6b4cb95
  COINCIDE data_raw/ennvih/ehh02w_all.zip 755310 bbe8006844f7
  COINCIDE data_raw/enut2019_bd_csv.zip 11086174 d3da76a02cdd
  COINCIDE data_raw/losmexicanos_unam_iij/educacion/Encuesta_Nacional_de_Educacion.dta 2604288 082c7f00c608
  COINCIDE data_raw/enasic2022/IPE_CV-EE-IC_ENASIC_2022-00_Def_V1_260923.xlsx 51724 c37b5fc687ae
  COINCIDE data_raw/enoe_microdatos_post2019/enoe_n_2020_trim4_csv.zip 23007909 5d6ce8a6dcc2
  COINCIDE data_raw/cngmd2023/m6/aguas_residuales_sin_tratamiento_cngmd2023_csv.zip 128494 999e74c079bc
  COINCIDE data_raw/ejemplobd_enestyc_2001_stata.zip 5781 817ccfc2d48d
  COINCIDE data_raw/A6_CONDUSEF_DATOS_ABIERTOS/supervision_financiera_clausulas_abusivas_producto_financiero__clausulas_3trimestre_2025.csv 883 fbe8246e12a2
  COINCIDE data_raw/ADQ15_WB6667_Tutores_Pedagogicos_Moviles_2016/home_suplemento_para_la_madre_2504_final.pdf 283558 d1ede6471b50
  COINCIDE descargas_mx/Descargas Manuales/itinse_202601.pdf 847197 548fa327ee98
  COINCIDE descargas_mx/ZA5900_q_mx.pdf 228950 d8fe53baeb29
  COINCIDE data_raw/cngmd2023/m5/rec_huma_cngmd2023_csv.zip 4327424 a9a1cf16bdf1
  COINCIDE data_raw/ietam_tamaulipas_municipal/2018_Burgos.xlsx 54921 8ee348c1adbe
  COINCIDE descargas_mx/ENCARGO-GEN2-RELEVO-CANDIDATOS-DELTA-1.md 11328 1c2308099cac
  COINCIDE descargas_mx/cuest_alumnos_final.pdf 401510 a265e6bfb5f9
  COINCIDE data_raw/cngmd2023/m3/asegura_armas_cngmd2023_csv.zip 1298720 6e51d70ce75d
  COINCIDE descargas_mx/F00013316-WVS_Wave_7_Mexico_CsvText_v5.1.zip 1013749 2cb902597fd6
  COINCIDE data_raw/conjunto_de_datos_enoe_2023_3t_csv.zip 44005595 e40824bfcb0b
  COINCIDE data_raw/R3.4_Banxico_CoDi_SPEI/banxico_sie_cuadro_CF883_dispositivos_enrolados.html 886364 f6456499e8ab
  COINCIDE data_raw/eder2017/eder2017_bases_dta.zip 25511708 0b7e1ad846ba
  COINCIDE data_raw/ietam_tamaulipas_municipal/2018_RioBravo.xlsx 75268 b31d0dd4a79f
  COINCIDE descargas_mx/39-GEN2-REACTIVOS-PENDIENTES-Y-BUSQUEDA-UTIL.md 11454 fba893e4b2d4
  COINCIDE data_raw/encig2021/encig21_base_datos_dta.zip 30903819 311ebf9c338e
  COINCIDE descargas_mx/ENSANUT2024-v2026-09-01/nse_hogar_ensanut_2024.stata.stata.zip 77528 fe6a01d2b5c3
  COINCIDE descargas_mx/ENSANUT2024-v2026-09-01/frec_adul_ensanut2024_w.stata.stata.zip 292072 32ff914cc909
  COINCIDE data_raw/losmexicanos_unam_iij/salud/Descripcion_bases_Encuesta_Nacional_de_Salud.xls 342016 45ba0fdfeacf
  COINCIDE data_raw/ietam_tamaulipas_municipal/2018_SanCarlos.xlsx 55992 2ba22d267b54
  COINCIDE data_raw/cngmd2023/m3/fortalec_polic_cngmd2023_csv.zip 3131595 63cffa8eece9
  COINCIDE descargas_mx/UNIVERSO-2026-09/ENADIS/conjunto_de_datos_enadis_2022_csv.zip 15544147 5e912ab9edf5
  COINCIDE data_raw/enif_2024_fd.xlsx 122271 17e2ad86ce9e
  COINCIDE descargas_mx/TRANSFER-MOTOR-2026-09-21b.md 5585 5b68161fbaa4
  COINCIDE descargas_mx/ENSANUT2024-v2026-09-01/adolescentes_ensanut2024_w.Cuestionarios.pdf 479013 344f32ef0f87
  COINCIDE descargas_mx/ACADEMICO-dataverse-mps2012/10.7910_DVN_VOB5JL -- Figure 7 and Appendix E code.rtf 2136 18156bb1a9d8
  COINCIDE descargas_mx/Descargas Manuales/itindp_202601.pdf 927252 c1c149263ec9
  COINCIDE descargas_mx/ENSANUT2024-v2026-09-01/frec_adul_sup_ensanut2024_w.Catálogo.xlsx 265134 19f27fc0bbc6
  COINCIDE data_raw/eder2025/889463930617.pdf 2447554 e0100959e189
  COINCIDE data_raw/conjunto_de_datos_enoe_2024_3t_csv.zip 53958272 f384a1b8872e
  COINCIDE descargas_mx/Descargas Manuales/Mexico LAPOP AmericasBarometer 2019_Codebook_v1.0_W.pdf 246587 4efa5809c3fd
  COINCIDE data_raw/conjunto_de_datos_enoen_2021_4t_csv.zip 43112416 74c6173ee16c
  COINCIDE data_raw/electoral_local_municipal_serie/iee_ags_2021_ayto_mun9.xlsx 12827 c5aaabff3329
  COINCIDE data_raw/electoral_local_municipal_serie/iee_ags_2019_ayto_mun8.xlsx 12384 7a084095cb9c
  COINCIDE descargas_mx/icpsr35024-ds1-w2-crosstabs-derivadas (1).csv 34831 a85c59aea0e9
  COINCIDE data_raw/engasto2013/hogar_sav.zip 3861844 e2149c27ef13
  COINCIDE data_raw/enut2014_bd_dbf.zip 5624461 96edba74fa5a
  COINCIDE data_raw/enif_2015_bd_sav.zip 2060313 e785205ca9aa
  COINCIDE descargas_mx/UNIVERSO-2026-09/REUTERS-DNR/dnr2024_social_messaging_video.csv 181 eb1d3ff71f35
  COINCIDE data_raw/pdn_declaranet_sfp/08_datos_abiertos_declaranet_2015.csv 43489663 050419a943de
  COINCIDE data_raw/electoral_calendario_pel_ine/pel2018-2019ord_CGex201808-6-ap-6-a1.xlsx 97355 4e12ca8dabbc
  COINCIDE data_raw/losmexicanos_unam_iij/educacion/Descripcion_bases_Encuesta_Nacional_de_Educacion.xls 184320 cf1fb6cc00a9
  COINCIDE descargas_mx/LEEME-ICPSR35024-ds1-w2-tabulados-T5-T9-procedencia-2026-09-02 (2).txt 35212 55a038587186
  COINCIDE descargas_mx/cron721-alineacion-adquiere.patch 5807 6b6b7b21a7c2
  COINCIDE descargas_mx/ZA6980_q_mx (1).pdf 247978 61bc0c804155
  COINCIDE descargas_mx/ENSANUT2024-v2026-09-01/frec_pr_tor_ensanut2024_w.csv.csv.zip 41059 7e49db13afe6
  COINCIDE descargas_mx/F00013259-WVS_Wave_7_Mexico_ExcelTxt_v5.0.xlsx 2696219 a2272e83db5a
  COINCIDE descargas_mx/2026-09-15-GEN2-EVIDENCIA-HABILITACION.md 5417 5389e5c264cb
  COINCIDE data_raw/ennvih/doc/ehh02cb_b3a.pdf 393086 c01c4548ad0b
  COINCIDE data_raw/losmexicanos_unam_iij/corrupcionyculturadelalegalidad/Descripcion_bases_Encuesta_Nacional_de_Corrupcion_y_Cultura_de_la_Legalidad.xls 188928 09e136eafe14
  COINCIDE data_raw/R3.4_Banxico_CoDi_SPEI/banxico_sie_CF891_numero_operaciones_spei_2009_2026.csv 335581 982df3d2979f
  COINCIDE data_raw/losmexicanos_unam_iij/educacion/Encuesta_Nacional_de_Educacion.csv 706692 dd23a6104376
  COINCIDE data_raw/encig21_cuestionario.pdf 1918370 9ee829815e8d
  COINCIDE descargas_mx/ENSANUT2024-v2026-09-01/frec_es_sup_ensanut2024_w.csv.csv.zip 54757 90e64ed41af5
  COINCIDE data_raw/cngmd2023/m6/tratamiento_aguas_residuales_cngmd2023_csv.zip 250577 ea3932bd1617
  COINCIDE data_raw/endireh2016/bd_mujeres_endireh2016_sitioinegi_stata.zip 58918856 6f6a80e31717
  COINCIDE data_raw/envipe2025/bd_envipe_2025_dta.zip 20577128 0beede6230be
  COINCIDE data_raw/ENAPROCE_instrumentos/enaproce2015_pyme_comserv.pdf 204944 ba3c7a8f6037
  COINCIDE data_raw/osf_interacting_as_equals/binscatter_morena_pobreza.csv 917 ebf146870225
  COINCIDE descargas_mx/Descargas Manuales/DecAnuaTipCon (1).xls 120320 5965d4afc9a9
  COINCIDE descargas_mx/08-GEN2-PRUEBAS-LIMPIAS-Y-REPLAY.md 10169 0c8281551344
  COINCIDE data_raw/endireh2016/bd_viviendas_endireh2016_sitioinegi_csv.zip 7116133 c9473cdd1ae4
  COINCIDE data_raw/ietam_tamaulipas_municipal/2018_NuevoMorelos.xlsx 54345 77ebe9a3c5b7
  COINCIDE data_raw/pdn_bulk_2026_09/pdn_s6_2026-09-06.zip 1059406620 1a787b34b3b3
  COINCIDE data_raw/cngmd2023/m6/programas_servicio_agua_cngmd2023_csv.zip 91984 5ea2214e723b
  COINCIDE descargas_mx/icpsr35024-ds1-w2-crosstabs-derivadas (2).csv 34831 a85c59aea0e9
  COINCIDE data_raw/osf_interacting_as_equals/SI_F9_results_pid.dta 3511 2b2fc85dc6fd
  COINCIDE data_raw/cngmd2023/m6/plantas_potabilizacion_cngmd2023_csv.zip 122073 4fcd641dd746
  COINCIDE data_raw/ietam_tamaulipas_municipal/2018_SanNicolas.xlsx 54241 c9a0ecb40188
  COINCIDE descargas_mx/ENCARGO-GEN2-ENCO-DOS-OLAS-RESERVADAS-1.md 15109 5a76d586e960
  COINCIDE descargas_mx/ENSANUT2024-v2026-09-01/nse_Integrantes_ensanut_2024.Catálogo.xlsx 263836 c504c6557ddb
  COINCIDE descargas_mx/Descargas Manuales/AGEs 125 - Maestros 10.pdf 436084 d6fa16934f75
  COINCIDE data_raw/ietam_tamaulipas_municipal/2018_Tampico.xlsx 103085 9c9e0f790c16
  COINCIDE descargas_mx/Descargas Manuales/AGEs 125 - Alumnos 10.pdf 662968 27af792f5029
  COINCIDE data_raw/electoral_local_municipal_serie/ieez_zacatecas_2021_computos.xlsx 2105678 4c22395b7929
  COINCIDE descargas_mx/ssrn-2689238.pdf 358156 d0ef4d86e07b
  COINCIDE data_raw/cultura_constitucional_unam_iij/metodologia.pdf 394273 57e82e60fd58
  COINCIDE descargas_mx/ENCARGO-GEN2-ENCIG-SERIE-Y-TENDENCIA-1.md 8089 10c4f61ff2a9
  COINCIDE data_raw/ADQ15_CNBV_AhorroFinanciero_Financiamiento/Glosario_Base_de_Ahorro_Financiero_y_Financiamiento.xlsx 36214 25ec5f80c235
  COINCIDE data_raw/electoral_calendario_pel_ine/pel2019-2020_CGex201909-30-ap-1-a2.xlsx 108227 61596702075b
  COINCIDE data_raw/mociba2025/mociba2025_bd_csv.zip 1541603 bc700919a67a
  COINCIDE data_raw/20260813154500.export.CSV.zip 116106 172c7a33f52f
  COINCIDE descargas_mx/ENSANUT2024-v2026-09-01/rec24h_rev_obte_ensanut2024_w.Catálogo.xlsx 264706 de607eec496b
  COINCIDE data_raw/conjunto_de_datos_enoen_2022_1t_csv.zip 44630600 7b91b5149423
  COINCIDE descargas_mx/UNIVERSO-2026-09/CSES/cses2_module2_full.zip 15811776 209867a97861
  COINCIDE data_raw/ietam_tamaulipas_municipal/2018_MiguelAleman.xlsx 58277 e03f9b12c766
  COINCIDE descargas_mx/ENSANUT2024-v2026-09-01/frec_pr_sup_ensanut2024_w.Catálogo.xlsx 265188 222cb5628d17
  COINCIDE data_raw/enaproce2018/ejem_base_pyme_ciega_dta.zip 10942 5530460e27b1
  COINCIDE descargas_mx/ENSANUT2024-v2026-09-01/rec24h_ensanut2024_w.csv.csv.zip 687307 f951897fb66d
  COINCIDE data_raw/fd_c_amp_v1.pdf 303437 cf408338e905
  COINCIDE data_raw/electoral_local_municipal_serie/iepc_durango_2016_resultados.xlsx 36675511 bd8d2b3a8a51
  COINCIDE data_raw/electoral_local_municipal_serie/iee_ags_2019_ayto_mun6.xlsx 15187 e1fb2eba87fe
  COINCIDE descargas_mx/ACADEMICO-dataverse-mps2012/10.7910_DVN_VOB5JL -- Figures 1 and 2 meta analysis code.do 2853 222bac704299
  COINCIDE descargas_mx/menores_ensanut2024_w.csv.csv.zip 617777 df07aa31dfc8
  COINCIDE data_raw/ADQ15_WB870_Enterprise_Survey_MX_2010/QuestionnaireManual2011.pdf 1027451 7f7164ea6c6f
  COINCIDE data_raw/ennvih/doc/ehh05cb_bc.pdf 67152 498464ca4202
  COINCIDE descargas_mx/Descargas Manuales/MEX_2010_IEPEP_v01_M_v01_A_PUF.xml 1634808 1be395437445
  COINCIDE descargas_mx/DISENO-ASTRA-CELDA-D-PILOTO-3-v1_1(1).md 7602 945ffb27f698
  COINCIDE data_raw/cngmd2023/m2/conjunto_de_datos_rec_presup_cngmd2023_csv.zip 1976587 f1b5b0b3481a
  COINCIDE data_raw/electoral_calendario_pel_ine/pel2018-2019ord_CGex201808-6-ap-6-a2.xlsx 102575 7a61da2b4952
  COINCIDE descargas_mx/Urgencias_2009.zip 184374602 41d14016fb73
  COINCIDE descargas_mx/03-GEN2-ENIF-POBLACION-Y-ADOPCION.md 8768 00a44e57c263
  COINCIDE data_raw/mujer_enadid23.pdf 943319 005a9e83fff2
  COINCIDE descargas_mx/Descargas Manuales/DecAnuaTipCon.xls 120320 5965d4afc9a9
  COINCIDE data_raw/conjunto_de_datos_enoe_2024_1t_csv.zip 55944351 0beed808bf4f
  COINCIDE data_raw/ennvih/doc/ehh02cb_bc.pdf 272810 5f45f149c3c4
  COINCIDE descargas_mx/Descargas Manuales/MEX_2011_LFEPIE_v01_M_ASCII_SAS_SPSS.zip 223372 5d6dcb613734
  COINCIDE data_raw/R2.1_R2.2_R10.2_RNM_microdato/inegi_laboratorio_microdatos_solicitud_uso.pdf 467097 5a5d041da5ed
  COINCIDE descargas_mx/cngmd_2023_m7.pdf 3334783 ad39d975e432
  COINCIDE data_raw/enoe_microdatos_post2019/enoe_2023_trim1_csv.zip 37487716 ae627ebd3b74
  COINCIDE descargas_mx/ENCARGO-GEN2-ENCRIGE-DESCRIPTIVA-1.md 12535 7ba4755797b0
  COINCIDE reserva_respondentes/ENCO/2026-06/enco_2026_junio_dbf.zip 164273 f1c10fb4f4c0
  COINCIDE data_raw/gen2_corrupcion_fuente_general/eneac2021-tramites-codigos.xlsx 1587917 7b66456fc5f4
  COINCIDE data_raw/electoral_calendario_pel_ine/pel2022-2023.xlsx 173434 592d7f124e1d
  COINCIDE descargas_mx/ENSANUT2024-v2026-09-01/rec24h_alim_ensanut2024_w.stata.stata.zip 873577 6ab3630019db
  COINCIDE data_raw/ADQ15_ENAFIN_2024_RNM_INEGI/enafin2024_rnm_catalog.html 152268 c9192300b410
  COINCIDE descargas_mx/04-ENCUCI-RESPUESTA-POR-CONTACTO.md 5968 5259ae1724a4
  COINCIDE data_raw/electoral_sicee_local/sicee_local_ags_pel_2024.zip 1495491 64c7e7d3de9a
  COINCIDE data_raw/enut2019_fd.xlsx 116279 8577edc8e1f2
  COINCIDE descargas_mx/UNIVERSO-2026-09/ENADIS/enadis2022_cuestionario_general.pdf 2050454 b7c2743e7770
  COINCIDE data_raw/WBES-Panel_Mexico2023_Data.zip 1187900 498a9b2db2bb
  COINCIDE descargas_mx/FD_ENCUCI2020.pdf 1758249 6cd6f7475a0b
  COINCIDE data_raw/ADQ15_WB6667_Tutores_Pedagogicos_Moviles_2016/cuest_alumnos_final.pdf 401510 a265e6bfb5f9
  COINCIDE data_raw/electoral_local_municipal_serie/ieeh_hidalgo_2020_computos_x_casilla.xlsx 524650 1491d182ecb4
  COINCIDE data_raw/electoral_calendario_pel_ine/pel2018-2019ord_CGex201808-6-ap-6.pdf.txt 19526 dbfa49f7182f
  COINCIDE data_raw/cses5_codebook.zip 593754 a012fd2d6836
  COINCIDE data_raw/electoral_calendario_pel_ine/pel2023-2024.xlsx 910124 bcd8af38ad6c
  COINCIDE data_raw/losmexicanos_unam_iij/corrupcionyculturadelalegalidad/Encuesta_Nacional_de_Corrupcion_y_Cultura_de_la_Legalidad.csv 744843 d8bb917c858e
  COINCIDE data_raw/electoral_local_municipal_serie/iee_ags_2021_ayto_mun4.xlsx 12212 e23594490f53
  COINCIDE descargas_mx/AGS_PEL_2019.zip 353659 2c4ed100da32
  COINCIDE data_raw/enoe_microdatos_post2019/enoe_n_2022_trim3_csv.zip 29571337 fc47029e5b11
  COINCIDE data_raw/ADQ15_ENAFIN_2024_RNM_INEGI/enafin2024_rnm_catalog.html.2a 152268 80a6c1e416a1
  COINCIDE data_raw/enjuve_imjuve/ENJ2005ESFERADELAVIDAPRIVADA.xls 1788928 47c138bc1aa0
  COINCIDE data_raw/Censo2020_CAAS_descriptor_bd.xlsx 77167 ca169ac742c3
  COINCIDE data_raw/ADQ15_ENAFIN_2024_RNM_INEGI/MEX-INEGI.EEC3.05-ENAFIN-2024.xml 2332972 a260660d1659
  COINCIDE data_raw/electoral_local_municipal_serie/iee_nayarit_2021_ayuntamientos.xlsx 328693 900704a33a1b
  COINCIDE descargas_mx/adultos_ensanut2024_w.Catlogo.xlsx 247551 0ab22b7f0c35
  COINCIDE descargas_mx/ENSANUT2024-v2026-09-01/adultos_ensanut2024_w.Catálogo.xlsx 378842 fe31b8af8a08
  COINCIDE data_raw/enjuve_imjuve/ENJ2005ESFERADELAVIDAPUBLICA.xls 2735104 1514a6bef025
  COINCIDE data_raw/electoral_sicee_local/sicee_local_ver_pel_2016.zip 8858693 08bc7ec82c17
  COINCIDE descargas_mx/Descargas Manuales/itingf_202602.pdf 1027668 294c159aa813
  COINCIDE descargas_mx/02-ENCUCI-CONTACTO-Y-CORRUPCION.md 6692 fc28eee37de7
  COINCIDE data_raw/endireh2016/bd_sd_endireh2016_sitioinegi_dbf.zip 15766111 7717d961281c
  COINCIDE data_raw/ADQ15_WB6667_Tutores_Pedagogicos_Moviles_2016/cuest_lec_final.pdf 220985 ff6fe3f335b5
  COINCIDE data_raw/cngmd2023/m3/bien_robado_recuperado_cngmd2023_csv.zip 928633 513269eac48f
  COINCIDE data_raw/losmexicanos_unam_iij/identidadyvalores/Encuesta_Nacional_de_Identidad_y_Valores.csv 1169524 09b4ccafcf6f
  COINCIDE data_raw/2017trim3_csv.zip 26498706 1c3c9ad09ab7
  COINCIDE descargas_mx/DISENO-duelo-prospectivo-ENVIPE2026-v1_0.md 9535 e88d31922681
  COINCIDE data_raw/ADQ15_CNBV_BDIF_inclusion_financiera/52Sep2022_USO_BAN_NAL.csv 3600 2de8c2c33a5e
  COINCIDE descargas_mx/ENSANUT2024-v2026-09-01/rec24h_alim_ensanut2024_w.csv.csv.zip 683785 01a5669b6792
  COINCIDE descargas_mx/ZA6980_q_mx.pdf 247978 61bc0c804155
  COINCIDE data_raw/mociba2017/mociba2017_bd_sav.zip 1043304 f55cd9d4852f
  COINCIDE descargas_mx/Descargas Manuales/ABMex18-v12.0.2.5-Spa-190207_W.pdf 1435555 6319cfebeda6
  COINCIDE data_raw/A6_CONDUSEF_DATOS_ABIERTOS/anuario_estadistico_actividades_condusef_herramientas_web__accesos_al_publico_herramientas_web.csv 973 f7aac4a95d1f
  COINCIDE descargas_mx/icpsr35024_DS1_W2_crosstabs_derivado_v0.csv 3364 96330f0353dd
  COINCIDE data_raw/encig19_cuestionario.pdf 1744074 8ff04e1c6039
  COINCIDE data_raw/electoral_local_2023_2024/ieem_edomex_2024/TABLAS_RESULTADOS_AYUNTAMIENTOS_2024.zip 6403188 00243e5b0f09
  COINCIDE descargas_mx/MEX_2005_CAFR_v01_M_STATA8.zip 305245 36ecb169aba3
  COINCIDE data_raw/Censo2020_CEU_descriptor_bd.xlsx 52106 b497acecd542
  COINCIDE data_raw/endireh2003/bd_endireh_2003_csv.zip 9280251 fbdd25eed942
  COINCIDE data_raw/osf_interacting_as_equals/Master_Data.dta 1290938 473539bededa
  COINCIDE data_raw/ietam_tamaulipas_municipal/2018_SanFernando.xlsx 65748 3af2a7993273
  COINCIDE data_raw/enaproce2018/ejem_base_pyme_ciega_csv.zip 7727 916739151217
  COINCIDE descargas_mx/ICPSR35024-ds1-w2-tabulados-T5-T9-derivados-2026-09-02 (3).csv 58237 304507711d11
  COINCIDE data_raw/losmexicanos_unam_iij/religion/Descripcion_bases_Encuesta_Nacional_de_Religion_Secularizacion_y_Laicidad.xls 199680 c1d2f1c3e6e2
  COINCIDE descargas_mx/2026-09-21-GEN2-CELDA-D-PILOTO-3-COMMIT-1-v1_3.md.sha256 116 c2740db958a3
  COINCIDE data_raw/gen2_corrupcion_fuente_general/eneac2021-reporte-grafico.pdf 12218528 81560e686086
  COINCIDE descargas_mx/ENCARGO-GEN2-MOCIBA-FLUJO-DOCUMENTAL-1.md 11739 ebee419c7729
  COINCIDE descargas_mx/integrantes_ensanut2024_w_ICB.csv.csv.zip 1858331 1dc1277b38b1
  COINCIDE data_raw/R1_1_AGROASEMEX/PAA_componente_subsidio_ramo_agricola.csv 1553774 16aa1c8129ee
  COINCIDE data_raw/enif_2018_cuestionario.pdf 1688866 cda9a0283a39
  COINCIDE descargas_mx/Descargas Manuales/PorEntFed.xls 126464 51f79b5a2d91
  COINCIDE data_raw/endireh2021/endireh2021_fd.pdf 10369637 5c30a3f7f881
  COINCIDE descargas_mx/UNIVERSO-2026-09/MOTRAL/motral2015_cuestionario.pdf 1377117 e21a28f0f38c
  COINCIDE descargas_mx/ENSANUT2024-v2026-09-01/frec_pr_sup_ensanut2024_w.stata.stata.zip 40439 7b21fe56e725
  COINCIDE data_raw/ennvih/doc/ehh02q_b3a.pdf 224308 2aa718168e73
  COINCIDE data_raw/envipe2025/bd_envipe_2025_dbf.zip 25443823 e83c22c5d08b
  COINCIDE data_raw/electoral_local_municipal_serie/iee_ags_2019_ayto_mun11.xlsx 15295 bf53df9f66af
  COINCIDE data_raw/mociba2023/mociba2023_bd_csv.zip 1411045 351497214624
  COINCIDE data_raw/envipe2021/bd_envipe_2021_sav.zip 30277683 967203123bf9
  COINCIDE data_raw/losmexicanos_unam_iij/cienciaytecnologia/Encuesta_Nacional_de_Ciencia_y_Tecnologia.sav 790223 316d61576bb9
  COINCIDE data_raw/endireh2016/bd_viviendas_endireh2016_sitioinegi_RData.zip 6146133 acb9dfac7799
  COINCIDE data_raw/ejemplobd_enestyc_1995_dbf.zip 5405 94b8a908a9ca
  COINCIDE data_raw/envipe2011/fd_envipe2011.xls 459264 d296c9f18cdb
  COINCIDE data_raw/mociba2024/mociba2024_bd_dta.zip 1271152 1228f9f41882
  COINCIDE data_raw/cngmd2023/m3/certificaciones_cngmd2023_csv.zip 492983 02519b14f45c
  COINCIDE descargas_mx/ENSANUT2024-v2026-09-01/frec_es_rec_ensanut2024_w.Catálogo.xlsx 265630 989e7d60e744
  COINCIDE data_raw/cngmd2023/m2/tics_resg_info_cngmd2023_csv.zip 864234 a5764f0b0221
  COINCIDE data_raw/ietam_tamaulipas_municipal/2018_Miquihuana.xlsx 54576 8a34d7c2de2a
  COINCIDE descargas_mx/ENSANUT2024-v2026-09-01/frec_es_ensanut2024_w.Catálogo.xlsx 266592 93dafca2087f
  COINCIDE reserva_respondentes/ENCO/documentacion/fd_enco_v5.pdf 16315 850960594b27
  COINCIDE data_raw/R3.4_Banxico_CoDi_SPEI/informe_anual_IdMF_2021.pdf 3576969 63e3e08a71dc
  COINCIDE data_raw/envipe2021_csv.zip 22334244 88153c67ff36
  COINCIDE data_raw/fd_envipe2024.pdf 3087144 f8d720385957
  COINCIDE data_raw/conjunto_de_datos_enoen_2022_4t_csv.zip 40388980 e0d897b28539
  COINCIDE data_raw/ADQ15_ENAFIN_2024_RNM_INEGI/enafin2024_rnm_get_microdata.html.2a 23082 403fb30aa4fc
  COINCIDE data_raw/electoral_local_municipal_serie/ieech_chihuahua_2016_ayuntamientos_x_casilla.xlsx 1243013 8abc33e3ce7e
  COINCIDE data_raw/ADQ15_WB6667_Tutores_Pedagogicos_Moviles_2016/313_conafe_reporte_de_campo_modificaciones_30_08_16.pdf 1309134 3b324ad78970
  COINCIDE data_raw/cngmd2023/m2/ah_zr_cngmd2023_csv.zip 990070 2a7526933264
  COINCIDE descargas_mx/03-MARCADOR-Y-ADOPCION.md 15521 d669cf162f98
  COINCIDE data_raw/losmexicanos_unam_iij/genero/Encuesta_Nacional_de_Genero.xlsx 936214 eb732344d6dd
  COINCIDE descargas_mx/ENSANUT2024-v2026-09-01/frec_adul_ensanut2024_w.Cuestionarios.pdf 159359 f768f76ba206
  COINCIDE data_raw/enoe_microdatos_post2019/2019trim4_csv.zip 28058037 d91658be67f5
  COINCIDE data_raw/ennvih/eloc09q_all.zip 2618552 7740382889fd
  COINCIDE data_raw/cngmd2023/m6/difusion_informacion_servicio_agua_cngmd2023_csv.zip 84098 fa95320c4ea2
  COINCIDE data_raw/ADQ15_WB6667_Tutores_Pedagogicos_Moviles_2016/supervision_plan.pdf 301280 429d6fb02727
  COINCIDE descargas_mx/ENSANUT2024-v2026-09-01/actividad_fisica_ensanut2024_w-adultos.stata.stata.zip 883654 d032220c54f1
  COINCIDE data_raw/A6_SICEE_INE_ELECCIONES/catalogo_entidades_por_eleccion.json 91316 6adab95aa876
  COINCIDE descargas_mx/Descargas Manuales/1658622845Mexico 2004 Export Version.sav 444655 e72538355275
  COINCIDE data_raw/losmexicanos_unam_iij/medioambiente/Encuesta_Nacional_de_Medio_Ambiente.csv 599641 1d1a9f56709d
  COINCIDE data_raw/cngmd2023/m3/actuacion_dentro_sjp_cngmd2023_csv.zip 1488568 b5e7913ecc67
  COINCIDE data_raw/R3.4_Banxico_CoDi_SPEI/banxico_sie_cuadro_CF885_monto.html 788382 de7658bfa05d
  COINCIDE data_raw/mociba2023/mociba2023_fd.xlsx 138846 f4a5d24cd9b8
  COINCIDE data_raw/cngmd2023/m2/carto_inspeccion_cngmd2023_csv.zip 2691716 e34a8e751b5c
  COINCIDE data_raw/ADQ15_WB6667_Tutores_Pedagogicos_Moviles_2016/cuest_padres_final.pdf 397586 bcd84087b73d
  COINCIDE descargas_mx/06-ENADID-UNION-ACTUAL.md 8569 47c335f664bf
  COINCIDE data_raw/A6_CONDUSEF_DATOS_ABIERTOS/unidades_especializadas__unidades_especializadas_30sept2025.csv 4332889 df0a18cdd4d5
  COINCIDE descargas_mx/ddi-documentation-english_microdata-2028.pdf 112408 468f7bc6cd58
  COINCIDE data_raw/losmexicanos_unam_iij/indigenas/Descripcion_bases_Encuesta_Nacional_de_Indigenas.xls 178176 ea6e70da61f5
  COINCIDE data_raw/losmexicanos_unam_iij/migracion/Encuesta_Nacional_de_Migracion.sav 944949 2c52b91aff84
  COINCIDE descargas_mx/ENSANUT2024-v2026-09-01/adultos_ensanut2024_w.stata.stata.zip 4196284 0fa8f4436fa4
  COINCIDE descargas_mx/ENSANUT2024-v2026-09-01/frec_pr_ensanut2024_w.stata.stata.zip 83674 324aa873e76e
  COINCIDE data_raw/cses5_csv.zip 16604927 4e8bc74a9e62
  COINCIDE descargas_mx/ENSANUT2024-v2026-09-01/frec_es_ensanut2024_w.Cuestionarios.pdf 135696 bf5e4f1f3367
  COINCIDE data_raw/cuest_modulo_envipe2019.pdf 936504 95f78fc6f788
  COINCIDE descargas_mx/ADENDA-1-GEN2-DIN-CREDITO-PISOS-ENIF2021-1.md.sha256 112 0be917656194
  COINCIDE descargas_mx/06-GEN2-ADQUISICION-DIRIGIDA-Y-DIN.md 10569 479e28781d2f
  COINCIDE data_raw/GEN2_FUENTES_FINANCIERAS_CONTINUACION/ensafi_2023_diseno_muestral.pdf 1540078 80a097b28f55
  COINCIDE data_raw/enut2002_fd.pdf 239525 b2073ec7cdba
  COINCIDE descargas_mx/cuestionario_padres.xlsx 55217 d40d407db41e
  COINCIDE data_raw/electoral_local_municipal_serie/ieeh_hidalgo_2016_ayuntamientos.rar 444642 8d0bd16e18d0
  COINCIDE data_raw/fd_envipe2025.pdf 2284580 83fe02467b66
  COINCIDE data_raw/ADQ15_WB6667_Tutores_Pedagogicos_Moviles_2016/313_08_egra_m_xico16.pdf 946494 10c348ae5a42
  COINCIDE data_raw/cngmd2023/m4/fomento_autoprot_civil_cngmd2023_csv.zip 315122 c35b5878028f
  COINCIDE data_raw/mociba2020/mociba2020_bd_dbf.zip 1757737 f45b6a1634c3
  COINCIDE data_raw/ennvih/ehh02cb_all.zip 2195863 a3220412505d
  COINCIDE data_raw/gen2_corrupcion_fuente_general/eneac2021-tramites-etiquetas.xlsx 1582860 95e4e3d9ba17
  COINCIDE data_raw/mociba2015/mociba2015_fd.xlsx 292304 d22b978b21b4
  COINCIDE data_raw/conjunto_de_datos_enoe_2019_1t_csv.zip 44252554 fffc14c0b6e7
  COINCIDE descargas_mx/ENSANUT2024-v2026-09-01/rec24h_desc_ensanut2024_w.stata.stata.zip 2831975 b4bd049a7194
  COINCIDE data_raw/engasto2012/gasto_de_consumo_ajustado_constante_dbf.zip 39914206 48a47e6ca7e2
  COINCIDE data_raw/losmexicanos_unam_iij/movilidadytransporte/Encuesta_Nacional_de_Movilidad_y_Transporte_Viajes.dta 1071749 c6faca3f9c2d
  COINCIDE descargas_mx/ACADEMICO-dataverse-mps2012/10.7910_DVN_VOB5JL -- Mexico TB Paper Data.tab 52621 d9cd50751471
  COINCIDE descargas_mx/Cero Desabasto csv 17872 c28995eb9a1c
  COINCIDE descargas_mx/libro_de_codigo_alumnos_api_conafe.xlsx 23219 3ee5c32a224e
  COINCIDE data_raw/ADQ15_OMCA_conflictos_agua/omca_metodologia.html 68751 20dae6557e80
  COINCIDE data_raw/2018trim1_csv.zip 29646952 e078fbd23a6c
  COINCIDE data_raw/GEN2_UNIVERSO_C_FINDEX_2025/GlobalFindexDatabase2025.csv 17643094 dce89f60a9ac
  COINCIDE data_raw/enoe_microdatos_post2019/enoe_2024_trim2_csv.zip 31773308 13922f8902f5
  COINCIDE data_raw/conjunto_de_datos_enoe_2019_4t_csv.zip 39117268 5cdbc8ac79f8
  COINCIDE data_raw/R3.4_Banxico_CoDi_SPEI/informe_anual_IdMF_2020.pdf 4010821 7634005053ec
  COINCIDE data_raw/A6_CONDUSEF_DATOS_ABIERTOS/supervision_financiera_observaciones_producto_financiero_institucion__supervision_financiera_clausulas_4t2025.csv 207270 3aec0003d651
  COINCIDE descargas_mx/Urgencias_2025.zip 229051646 3c1bdcb9af60
  COINCIDE descargas_mx/28-GEN2-IMOR-CONTEXTO-TEMPORAL-POR-REGIMEN.md 6745 c8a4268f049d
  COINCIDE data_raw/ietam_tamaulipas_municipal/2018_Aldama.xlsx 59024 f9ba7952f162
  COINCIDE data_raw/cngmd2023/m7/part_ciud_rsu_cngmd2023_csv.zip 59113 8d3d85a0b764
  COINCIDE data_raw/electoral_calendario_pel_ine/pel2017-2018_CGex201710-20-ap-9-2.xlsx 29806 3878e30b29c7
  COINCIDE data_raw/ennvih/doc/eloc05cb_bcc.pdf 162211 303449abda3e
  COINCIDE descargas_mx/ENCARGO-GEN2-CELDA-D-PILOTO-3-COMMIT-2-3-v1_3.md 10727 7d82e141d43a
  COINCIDE data_raw/GEN2_N34_PRODUCTO_DANO/cfpb_bnpl_unsecured_debt_2025.pdf 2673179 785d4f37e98e
  COINCIDE descargas_mx/cngmd_2023_m6.pdf 9251680 c57cb73d8d01
  COINCIDE descargas_mx/AGS_PEL_2024.zip 1495491 64c7e7d3de9a
  COINCIDE data_raw/endireh2016/bd_sd_endireh2016_sitioinegi_csv.zip 17568947 5acfef81ea6c
  COINCIDE descargas_mx/ddi-documentation-english_microdata-6453.pdf 958503 069fe4981e1e
  COINCIDE data_raw/WBES-Sampling-Note-Consolidated-2022.pdf 434649 199b37eac44a
  COINCIDE descargas_mx/Descargas Manuales/1671516622CAM Mexico Questionnaire 2004.pdf 2422589 452677a69fe5
  COINCIDE data_raw/electoral_calendario_pel_ine/pel2015b_CGex201510-14_ap4.pdf.txt 43453 8602dc2cf0b5
  COINCIDE descargas_mx/ZA5900_mr.pdf 319274 d191e7c2967f
  COINCIDE descargas_mx/5 VFINAL Cuestionario utilizadores ENSANUT 2024_ETIQUETAS.Cuestionarios.pdf 267996 004aacee3729
  COINCIDE data_raw/FP29_PEW_2025/pew_shortread_20251201.html 426449 34457853193b
  COINCIDE descargas_mx/Descargas Manuales/MEX_2010_IEPEP_v01_M_v01_A_PUF_ASCII_SPSS.zip 1241470 6a214a241bcb
  COINCIDE data_raw/conjunto_de_datos_enoe_2020_1t_csv.zip 43904494 df69c6653909
  COINCIDE data_raw/ADQ15_ENAFIN_2024_RNM_INEGI/enafin2024_rnm_metadata.json 48854 9a9a4a313f52
  COINCIDE data_raw/ADQ15_CNBV_BDIF_inclusion_financiera/52Sep2022_BD_Uso_Mun.csv 442313 50d90df87e83
  COINCIDE descargas_mx/Descargas Manuales/MEX_2023_LAPOP_AmericasBarometer_v1.0_w.dta 1136219 4a9410a53cde
  COINCIDE data_raw/ejemplobd_enestyc_1995_stata.zip 4371 d2e13fc5d99f
  COINCIDE data_raw/envipe2021/bd_envipe_2021_dbf.zip 29296800 ad7857c0696d
  COINCIDE descargas_mx/LEEME 2-procedencia.txt 15532 9f0a7da9d591
  COINCIDE data_raw/enoe_microdatos_post2019/enoe_n_2021_trim2_csv.zip 23887444 a9bfb1f12912
  COINCIDE descargas_mx/ICPSR_35024-V1.zip 14665813 c1e7ba95f453
  COINCIDE data_raw/engasto2013/persona_dbf.zip 2201256 fc177b94e8d3
  COINCIDE data_raw/engasto2013/hogar_dta.zip 1837082 bb17939d8831
  COINCIDE data_raw/encig21_estructura_base_datos.pdf 2612238 365c031bf48a
  COINCIDE descargas_mx/ENSANUT2024-v2026-09-01/frec_es_tor_ensanut2024_w.csv.csv.zip 61985 f62d0fafacde
  COINCIDE data_raw/cngmd2023/m2/valua_vincula_cngmd2023_csv.zip 1229920 ee91208e0a1a
  COINCIDE data_raw/electoral_local_municipal_serie/iepc_durango_2019_x_casilla.zip 60634 9b6ad8a89cbe
  COINCIDE data_raw/R3.4_Banxico_CoDi_SPEI/codi_org_mx_estadisticas_landing.html 17874 43119a1bbf06
  COINCIDE data_raw/motral2015_estructura_bd.pdf 1672971 961864548f45
  COINCIDE data_raw/encig2011/fd_encig2011.pdf 273971 62923b38a66f
  COINCIDE descargas_mx/ENSANUT2024-v2026-09-01/frec_es_ensanut2024_w.stata.stata.zip 115295 dffcc501f2ac
  COINCIDE data_raw/ennvih/doc/ehh05q_b2.pdf 276032 bd2772596384
  COINCIDE data_raw/ietam_tamaulipas_municipal/2018_Mier.xlsx 57811 c35086e2d9f1
  COINCIDE data_raw/hogar_enadid23.pdf 997178 8b046a68dc19
  COINCIDE data_raw/diccionario_cuestionario_ampliado_cpv2020.xlsx 95642 e728cdac1872
  COINCIDE data_raw/endireh2021/bd_endireh_2021_dta.zip 44836129 f803b6d01d74
  COINCIDE data_raw/electoral_calendario_pel_ine/pel2018-2019ord_CGex201808-6-ap-6-a3.xlsx 101826 ae75cc38e91d
  COINCIDE descargas_mx/UNIVERSO-2026-09/CSES/cide_cses2015_nacional_poselectoral.sav 1864581 1ef01a17fe6c
  COINCIDE descargas_mx/UNIVERSO-2026-09/REUTERS-DNR/dnr2025_markets_and_samples.csv 1850 d1cae8d4cbfe
  COINCIDE data_raw/ennvih/ehh09w_all.zip 876722 e7929b49a7cd
  COINCIDE data_raw/Urgencias_2008.zip 132145439 1b17abcf32a7
  COINCIDE descargas_mx/04-GEN2-S6-S12-S13-SUCESORAS.md 8816 b028b7af1093
  COINCIDE descargas_mx/11-GEN2-CORRUPCION-UNIDAD-Y-FUENTE-GENERAL.md 11742 a66c8792d526
  COINCIDE descargas_mx/Descargas Manuales/ddi-documentation-english_microdata-2661.pdf 350548 98e6a7af6f13
  COINCIDE descargas_mx/ensayo-rama5-celda-rara.py.sha256 93 c01fd408b1ae
  COINCIDE descargas_mx/2 VFINAL Cuestionario nios 0 a 9 ENSANUT 2024_ETIQUETAS.Cuestionarios.pdf 518103 af65f922094c
  COINCIDE descargas_mx/adultos_ensanut2024_w.stata.stata.zip 4196284 0fa8f4436fa4
  COINCIDE data_raw/electoral_calendario_pel_ine/informe2015_anexo1.pdf.txt 576535 f7c186b60e49
  COINCIDE descargas_mx/UNIVERSO-2026-09/ENH/vivienda_enh_2017_csv.zip 1400850 d2506bf9694b
  COINCIDE data_raw/envipe2019_csv.zip 19146940 24bb83987f2b
  COINCIDE descargas_mx/UNIVERSO-2026-09/MOTRAL/motral2015_bases_datos_dbf.zip 494654 e86e4e6b3509
  COINCIDE descargas_mx/HGO_PEL_2016.zip 2664060 463d1e55219e
  COINCIDE descargas_mx/07R-GEN2-PRODUCCION-Y-FALLO-POST707.md 6938 ee0fb14fc9d4
  COINCIDE data_raw/electoral_local_municipal_serie/iec_coahuila_2018_ayuntamientos_x_municipio.xlsx 141210 776720d70b6a
  COINCIDE data_raw/ietam_tamaulipas_municipal/Ayuntamiento_2021.xlsx 77251 dac65f2211b8
  COINCIDE data_raw/latinobarometro2024_bd_stata.zip 6691592 469a94c55395
  COINCIDE data_raw/gen2_corrupcion_fuente_general/INCBG-2010-Informe-Ejecutivo.pdf 1213893 68a00a843d0b
  COINCIDE data_raw/fd_envipe2021.pdf 1758289 d85775241d6f
  COINCIDE data_raw/ADQ15_CNBV_BDIF_inclusion_financiera/52Sep2022_BD_Acceso_Edo.csv 5829 06dbac3564a1
  COINCIDE data_raw/losmexicanos_unam_iij/culturalecturaydeporte/Descripcion_bases_Encuesta_Nacional_de_Cultura_Lectura_y_Deporte.xls 161792 a75aef8397b1
  COINCIDE data_raw/cngmd2023/m2/aloja_asiste_social_cngmd2023_csv.zip 1169792 8b8a82de224e
RESTAURA-RESUMEN: restaurados=1914 bytes=19817841648 coincide=1914 no_coincide=0 dir=/home/pc0/mm-respaldo-corpus/restauraciones-tmp/restaura-corpus-bnytaqi1 -> VERDE
  (directorio temporal borrado; --conserva lo deja)
