ledger_id	run_origen	snapshot_origen_sha256	tarea_original_id	tarea_observacion_id	activo_id	objeto_logico_id	ruta_local	sha256	condicion	reporte_inspeccion_ref	reporte_filas_sha256	contrato_input_ref	contrato_input_sha256	expediente_origen_sha256	join_auditable
LED-T0-00c6028d5098a0718a27a495	RUN-377a255de24ca946	377a255de24ca9465f073b024699b680655672bfc37ffd19f3bbb24a76790d62	TOBS-67f0b03ecbf7a570ed4dca70	TOBS-9488d38be3096c385198d756	ACT-8cb29a7522a1f5f72722f454	OBJ-aca0503735b52435971c96df	eder2025/eder2025_bases_sav.zip	c76664742a89079ae48859ee39cae20db0c65b24d19f991407d8bb56748e08d5	REUTILIZADA_PRE_T0_CORREGIDO	data/curacion-universo/reportes-inspeccion.tsv#reporte_id=RINS-a171794beb9dc3284d4ab10b	c19677cc61588425f0d40f2babbac61083885705f37957a495f246c4612ae304	data/curacion-universo/contratos-inspeccion.jsonl#tarea_observacion_id=TOBS-9488d38be3096c385198d756	5050743620d49bc4d6a992348aa21e735fe3adcf1dfb5d9c361e70409ea0a688	430e5b9b8a7e57aac8254ad27c3b53885862b24153aeba603d7506a5d5e4c1b7	RUTA_LOCAL+SHA256+ACTIVO+TAREA+CONTRATO+REPORTE
LED-T0-0391070c1dc7d0a69bfe7afd	RUN-377a255de24ca946	377a255de24ca9465f073b024699b680655672bfc37ffd19f3bbb24a76790d62	TOBS-760912ae0b12367a4c29433d	TOBS-27c1c42df2377364fe02f8e3	ACT-91001764c8ede2766d5ef824	OBJ-f3d4ffc7dd2524032ead4442	ennvih/eloc05cb_all.zip	e793a63ba5b39bd5599c9340f64129e6ab380a7c67fc87c0721a04283fff2d7b	REUTILIZADA_PRE_T0_CORREGIDO	data/curacion-universo/reportes-inspeccion.tsv#reporte_id=RINS-505d0e8e9717885fe88ec238	25238fcc5c291a8d09e125169823a33e85692e424178cd4965ff4b40c3ea9aac	data/curacion-universo/contratos-inspeccion.jsonl#tarea_observacion_id=TOBS-27c1c42df2377364fe02f8e3	dffe0f9e7a5c53a6cf02f35b9de53383b7ff545bee71206d0e8ab6e749982138	c7d805545f95b3d61d1b3ab61107a3f3a14faca0a8aa1b9a4c02eb9166873b15	RUTA_LOCAL+SHA256+ACTIVO+TAREA+CONTRATO+REPORTE
LED-T0-0417dc39e80befe39b7552f7	RUN-377a255de24ca946	377a255de24ca9465f073b024699b680655672bfc37ffd19f3bbb24a76790d62	TOBS-91cfd039756b3b7d38dbb574	TOBS-f3c5cc49bff917d61234a838	ACT-aaf75de29d2ec8e2662adbbc	OBJ-956245742795530750e5d957	R3.4_Banxico_CoDi_SPEI/banxico_sie_cuadro_CF882_cuentas_pago_cobro.html	05cec9b9a2937b22f8644e2f674c183559b86fd97b3235312f23b21ab99f4964	REUTILIZADA_PRE_T0_CORREGIDO	data/curacion-universo/reportes-inspeccion.tsv#reporte_id=RINS-58008983c5b6da739b899fb2	4784cef193a8713dc4bfc1b0a51de9282219bdf1613848ebaf31f9cf303fd6ae	data/curacion-universo/contratos-inspeccion.jsonl#tarea_observacion_id=TOBS-f3c5cc49bff917d61234a838	85501d3cfba2a678c6355969ea6a1a03ca4846f1ea3922fbbf266572df0744e1	59df31bf108d3ea1a78691c619e36a19a1abb9c2c933073264743b3b8b94e1ca	RUTA_LOCAL+SHA256+ACTIVO+TAREA+CONTRATO+REPORTE
LED-T0-0454629f1ecc103c7e019e02	RUN-377a255de24ca946	377a255de24ca9465f073b024699b680655672bfc37ffd19f3bbb24a76790d62	TOBS-a9f8a960f850f79e2c868a2c	TOBS-420265f66f285f10bbac6a73	ACT-3da4789fcbb6e08cf0600357	OBJ-2e4a2b0cf38fe753c3bb259b	endutih2025/endutih2025_bd_dbf.zip	a927528779c56b4565aae8b83bfaf119f50178bb4c7e7df4eaceee992f86ee1c	REUTILIZADA_PRE_T0_CORREGIDO	data/curacion-universo/reportes-inspeccion.tsv#reporte_id=RINS-22acf388724af0550f83f677	caec353673223f24950a783f7fcc2f7b43e32f732899cea21efbe2219f58979d	data/curacion-universo/contratos-inspeccion.jsonl#tarea_observacion_id=TOBS-420265f66f285f10bbac6a73	0cec954f0468135f989904f5fb3b9bf8826a5f613326fa7968b05a0dd27f1492	99df5f7ca395087e3cabf02dcc50fbdcc6370267718ea8ebb2d9f375e61feb2b	RUTA_LOCAL+SHA256+ACTIVO+TAREA+CONTRATO+REPORTE
LED-T0-067ee53ac190279efbca4fd1	RUN-377a255de24ca946	377a255de24ca9465f073b024699b680655672bfc37ffd19f3bbb24a76790d62	TOBS-91ba402fa30465ff5713e49a	TOBS-f7dee967fa6dbbca0f8b2dfb	ACT-88f63dac487b1f2357facfe4	OBJ-7affb918c7861ce2fc2dc1bf	enif_2021_modelo_er_pdf.zip	3d63ecabb38448b8fb34af637a498119eb43e0ef66429be9c38d36ccc012ef52	REUTILIZADA_PRE_T0_CORREGIDO	data/curacion-universo/reportes-inspeccion.tsv#reporte_id=RINS-d5fa032d55cb230598306044	87ab125cb67e89b10e94e30d5ab2c0917515cd45aeded9feb6fa933f9fd38fc3	data/curacion-universo/contratos-inspeccion.jsonl#tarea_observacion_id=TOBS-f7dee967fa6dbbca0f8b2dfb	ee84ef8cbec6b9fdcbe54c6b29474188e52569b2f7993e4a1bf0a486835f55f3	ce22e83e84ec3009744f4c3ea3e916b59992fda5d01538507d74d075bacb8465	RUTA_LOCAL+SHA256+ACTIVO+TAREA+CONTRATO+REPORTE
LED-T0-06e573b2423adc99089886b1	RUN-377a255de24ca946	377a255de24ca9465f073b024699b680655672bfc37ffd19f3bbb24a76790d62	TOBS-af273472ad92ff2c683a11a5	TOBS-67bc422ea756c8a76183b842	ACT-74bf3091ec67b1696fbb9c72	OBJ-9b6281e69851f86e47b9d6ba	enfih2019/enfih_2019_fd.xlsx	326b68b342797de45a7a4eb3dbf04f3790d11035df2611d7f9153d1ae12a48e1	REUTILIZADA_PRE_T0_CORREGIDO	data/curacion-universo/reportes-inspeccion.tsv#reporte_id=RINS-bd965712738f58c527c4fbf0	6dd530908cdd59540546204299473802cab07a7818d49e44228a1af71c2e82a9	data/curacion-universo/contratos-inspeccion.jsonl#tarea_observacion_id=TOBS-67bc422ea756c8a76183b842	c063603841ec843dafd43349ac49a442f66b66f903d6feacc4f8310230c76094	66db84ff99bd751ef53b0cf213602c05b7a9ff0b7430a0a53f49d0f5899bd73e	RUTA_LOCAL+SHA256+ACTIVO+TAREA+CONTRATO+REPORTE
LED-T0-0759e9afb59c03de6ed93d9c	RUN-377a255de24ca946	377a255de24ca9465f073b024699b680655672bfc37ffd19f3bbb24a76790d62	TOBS-d42d9db53b51ea38c88b763e	TOBS-63fd58e5a7a1cc3da7221048	ACT-4dd7802584eb2d1c45d1f81e	OBJ-928c5104e5ce106ee32d9f88	encup_2012_base_datos_xlsx.xlsx	50341d97a3e305e6ed3348757632e5b23ab2e87b2052304961905619d85612e4	REUTILIZADA_PRE_T0_CORREGIDO	data/curacion-universo/reportes-inspeccion.tsv#reporte_id=RINS-2b0fcfc2f3933f0e8fd66b6f	4e4da9a3d319204bafad252c256f0c3a9699bd2d91dc811a57f916fddd5c3925	data/curacion-universo/contratos-inspeccion.jsonl#tarea_observacion_id=TOBS-63fd58e5a7a1cc3da7221048	cdad276886b7c1a2ec88f710f5b5622546d4a42536d907d7869b21ca31882c62	2b1d405cb6dd563b6789dd456090b907049dae75552d649baaddb372bb014c3d	RUTA_LOCAL+SHA256+ACTIVO+TAREA+CONTRATO+REPORTE
LED-T0-0897d6ef68d8487ee0b9619f	RUN-377a255de24ca946	377a255de24ca9465f073b024699b680655672bfc37ffd19f3bbb24a76790d62	TOBS-70a2e6c152f33fb26624bb67	TOBS-69400f6b4be1c3ba86dfd7cb	ACT-0947827192de54aaeec30ba3	OBJ-54af7335cd063b3c00de42fb	endireh2016/bd_viviendas_endireh2016_sitioinegi_stata.zip	1efc5669f8069a29f124192e65de75585ce6d10772da53f6366ea64cb8bf4e46	REUTILIZADA_PRE_T0_CORREGIDO	data/curacion-universo/reportes-inspeccion.tsv#reporte_id=RINS-5c2fd55dd4561c83db6dbaed	8c3d8a7988ff10f337c6aa35d01475da11931e4cdb0c654ae593a95205881f1d	data/curacion-universo/contratos-inspeccion.jsonl#tarea_observacion_id=TOBS-69400f6b4be1c3ba86dfd7cb	a3dc359474a29fe59bb699f72358c2aba654b91611be78ced5a775935042f49a	b67ceff382b7b26e01623ada4946686eb903405e7d116dce70f3b8d099b473be	RUTA_LOCAL+SHA256+ACTIVO+TAREA+CONTRATO+REPORTE
LED-T0-0969c7c5ee2970a1b27b11f8	RUN-377a255de24ca946	377a255de24ca9465f073b024699b680655672bfc37ffd19f3bbb24a76790d62	TOBS-5e6cc809d7c926024ff45c3a	TOBS-81765ec6fd23dbca9d4e81b2	ACT-07f8da893e6fe47a1fac3484	OBJ-31bab4f50b0192c532875008	R3.4_Banxico_CoDi_SPEI/informe_anual_IdMF_2023.pdf	efbcd28175c9d96b42032d5283e660971aee6ffff82c95a62a9fe1bff413047d	REUTILIZADA_PRE_T0_CORREGIDO	data/curacion-universo/reportes-inspeccion.tsv#reporte_id=RINS-c4dafc75ea3d40c67ea54ec1	ef33c2fad73911b72e30ef49b87fad8823dbd8d57dc4f257e34a9bd10e8818a9	data/curacion-universo/contratos-inspeccion.jsonl#tarea_observacion_id=TOBS-81765ec6fd23dbca9d4e81b2	41894da56d497f72c58d05abcced8cebcc3127cd5fe0c298d94e6fa01bd35344	337b0cf86d3840717a7c4b0f1ca84dfd7d2be8ec74cf058533a6d4e0b52ac7de	RUTA_LOCAL+SHA256+ACTIVO+TAREA+CONTRATO+REPORTE
LED-T0-0a806268fa9adb618fa776c7	RUN-377a255de24ca946	377a255de24ca9465f073b024699b680655672bfc37ffd19f3bbb24a76790d62	TOBS-df08b582ab74841efaf704ea	TOBS-27d75654a35d5a92a03d2e50	ACT-7a9b9565802fddd34c530a51	OBJ-14776b7cd57d55e7a2fcd1e4	conjunto_de_datos_enoe_2024_4t_csv.zip	bb6d958c9bca11672d367d2c051cd08bf1654c471c2f32c8e21992c126a3b426	REUTILIZADA_PRE_T0_CORREGIDO	data/curacion-universo/reportes-inspeccion.tsv#reporte_id=RINS-4cac4e3bdb61e250778492f5	bc07174822341577c241c3aa1a83182e8dc13f45c394b47e98380575d3098169	data/curacion-universo/contratos-inspeccion.jsonl#tarea_observacion_id=TOBS-27d75654a35d5a92a03d2e50	9ca9bc7147db2feb89b9085b6b020cb4f40efe669f6a5bed2d36b076f87e5481	7b6c74ad36eb6bc0f96cd77b75a42c87f6a53cb77fa6b723f9c5b9d2e39693ed	RUTA_LOCAL+SHA256+ACTIVO+TAREA+CONTRATO+REPORTE
LED-T0-0b5fdf515e6c087f70f05da4	RUN-377a255de24ca946	377a255de24ca9465f073b024699b680655672bfc37ffd19f3bbb24a76790d62	TOBS-5be1a6ab8fe21936cb5f7cfd	TOBS-72154840f74b78f9cffe33c5	ACT-46f80e529306dab88d9ede11	OBJ-948c84cf9ec8d7333220e6cc	ennvih/ehh02dta_all.zip	8b9b51904ca8790421d82a8a81f7f4edbce9a296cba2ce86fef74f8f379b5923	REUTILIZADA_PRE_T0_CORREGIDO	data/curacion-universo/reportes-inspeccion.tsv#reporte_id=RINS-e6659e5a5ebf132d873131e1	c316ec9c3c06732e7232add3645a4915d930692e571b2a673a602fed60c4e847	data/curacion-universo/contratos-inspeccion.jsonl#tarea_observacion_id=TOBS-72154840f74b78f9cffe33c5	547d3b3922cfb20c34ec8e5ea63a6d3769dd3095c4382ea8041ca88670cada79	21a8e40e9a0e7109c28397718be143b86cfb05c94f6e76611a4e519193b17405	RUTA_LOCAL+SHA256+ACTIVO+TAREA+CONTRATO+REPORTE
LED-T0-0bc0de2e431743bb295a125d	RUN-377a255de24ca946	377a255de24ca9465f073b024699b680655672bfc37ffd19f3bbb24a76790d62	TOBS-ae58a68d644ba4c76d303e76	TOBS-7aeb25c7c877a7af5058a31f	ACT-1d1a1f400f308ade3766f114	OBJ-a5513f89eb0ffcce4de56643	envipe2022/bd_envipe_2022_sav.zip	0791da9c11739db835a0c33d55dd5457c7aef970809db2c40a174bad9a0e1ad9	REUTILIZADA_PRE_T0_CORREGIDO	data/curacion-universo/reportes-inspeccion.tsv#reporte_id=RINS-7382002c742d2ccc3ee7bfb1	67df2f2463fa6833fa0c56c5ecb92fd20add40e0b58ca903bdaff00aca8e529a	data/curacion-universo/contratos-inspeccion.jsonl#tarea_observacion_id=TOBS-7aeb25c7c877a7af5058a31f	f43b6bb4fe69eb4e8e1baaccfa022158258344c8bf7ab9dadec0f92c8f9d36a4	51681307b1dd971d88691cc7f3f9269fdd6fd92afb56a87b18b17e5caa755e5e	RUTA_LOCAL+SHA256+ACTIVO+TAREA+CONTRATO+REPORTE
LED-T0-0bf10384e25f3a94fc812f5e	RUN-377a255de24ca946	377a255de24ca9465f073b024699b680655672bfc37ffd19f3bbb24a76790d62	TOBS-a3ef902fd33d2a448dfd220e	TOBS-13038b2efaa1a0e82b308c60	ACT-9f01ec9c8e6fa17e97bd4fd1	OBJ-f3916e5bd7c3fe983064ef79	conjunto_de_datos_enoe_2019_1t_csv.zip	fffc14c0b6e7f1e3ea33ce587dad4716820313fc6de9c5c34542c6495175ed4b	REUTILIZADA_PRE_T0_CORREGIDO	data/curacion-universo/reportes-inspeccion.tsv#reporte_id=RINS-af3ee991224ed39a0f5078fe	a1f61df9df6011ec946be21299aebc8e79a493db3e787d68793efbc0cd637989	data/curacion-universo/contratos-inspeccion.jsonl#tarea_observacion_id=TOBS-13038b2efaa1a0e82b308c60	92549131810aec81e263580b2953717fa89988cb5b137e4ec24ca0708dc33744	f2780268c5702ba3f60d3e42fe41d35af1bd82db97a1bc4ac157c184f4c1117e	RUTA_LOCAL+SHA256+ACTIVO+TAREA+CONTRATO+REPORTE
LED-T0-0bf849c565494813987ae1f5	RUN-377a255de24ca946	377a255de24ca9465f073b024699b680655672bfc37ffd19f3bbb24a76790d62	TOBS-80d5b08f6e223d089cebd096	TOBS-c40d6287adf3e4927e6b6899	ACT-9effb4be23a5d15948333323	OBJ-75c58d7fbc4b5046887f057f	enti2022/enti_2022_bd_dbf.zip	9443db5e0970d73795925766fe5bccd8c56687d3fe5b8946a9b67b4e10bceaf5	REUTILIZADA_PRE_T0_CORREGIDO	data/curacion-universo/reportes-inspeccion.tsv#reporte_id=RINS-31dd683776f5211b1daff57a	8aee573203f316871cef40e7b2cdbae0d765627305df0b789577b24abf943270	data/curacion-universo/contratos-inspeccion.jsonl#tarea_observacion_id=TOBS-c40d6287adf3e4927e6b6899	de13724d7232852264cbf832950bdc7a90090d37a243d26f207c94213395c34e	2fa232224825d03b05ab07751b6f0a516def7469966138569221d56d68c095ce	RUTA_LOCAL+SHA256+ACTIVO+TAREA+CONTRATO+REPORTE
LED-T0-0cb4a243232977f4e7318f6b	RUN-377a255de24ca946	377a255de24ca9465f073b024699b680655672bfc37ffd19f3bbb24a76790d62	TOBS-2693e2f2b16aba2fe2a71498	TOBS-8c05c2e7c40c53ac956ce67e	ACT-e3829bb4f6aea84821f012e3	OBJ-a7f1b9400206f5eeebf74f6e	enaproce2018/ejem_base_micro_ciega_sav.zip	803948b8233fd3e03e85cfa2b7aa5a7950eb96ca0bbbe29548add891cd250e5c	REUTILIZADA_PRE_T0_CORREGIDO	data/curacion-universo/reportes-inspeccion.tsv#reporte_id=RINS-a6359d067b1de97e23d2f152	4100397c3796c0e9e07d51a0e6da9bcf163bb51e5941b9ad6ec295b5e95bc120	data/curacion-universo/contratos-inspeccion.jsonl#tarea_observacion_id=TOBS-8c05c2e7c40c53ac956ce67e	38de17f09ec6b5f269be63e75353176c516107c2164a388fad2771a7b616d16e	5b2bf657f245a08d001eb121db2d2abea802b87614720d6977c091d3a18d5fca	RUTA_LOCAL+SHA256+ACTIVO+TAREA+CONTRATO+REPORTE
LED-T0-0cb7e015f9a64fcbdfe4a6e7	RUN-377a255de24ca946	377a255de24ca9465f073b024699b680655672bfc37ffd19f3bbb24a76790d62	TOBS-1e298f94be4e96dad96723a6	TOBS-99782f20e367749f6bac1683	ACT-5362ba4490a6451b6c952a1a	OBJ-66ea6f2f03e8acab7d2ab084	ejemplobd_enestyc_2001_stata.zip	817ccfc2d48d7b55c0b0021d9d6bd94dfd36c0e27696cd63d866ff33effdedb6	REUTILIZADA_PRE_T0_CORREGIDO	data/curacion-universo/reportes-inspeccion.tsv#reporte_id=RINS-7f8b42cbb1000d9c9884187d	4a6bb070d6db26b4d5318155be95ad2077d3496a59c2dd96ce93f23e1da1b194	data/curacion-universo/contratos-inspeccion.jsonl#tarea_observacion_id=TOBS-99782f20e367749f6bac1683	5716d7e6fe894af0a1b20b6ec60ca8dc4777b16efcbbbb6d9f2b0bdd4045b3c7	df8e8a24a3d01cbe4c4c765858742ae02f1ea97b55c7180ed5ae3d26da7d45bb	RUTA_LOCAL+SHA256+ACTIVO+TAREA+CONTRATO+REPORTE
LED-T0-0d2f677708d1a657d3ddd908	RUN-377a255de24ca946	377a255de24ca9465f073b024699b680655672bfc37ffd19f3bbb24a76790d62	TOBS-1f1e87787ce9ea772824e4da	TOBS-2403da0eab3202023448939c	ACT-2573f8453f16afc176958dfa	OBJ-ad44f0f6af1e35a034d713f9	ennvih/eloc05q_all.zip	eb9aee58ebeb3206f77f7d75931fb298d8b50b03a0f8d793300f9dfbcaa06f2c	REUTILIZADA_PRE_T0_CORREGIDO	data/curacion-universo/reportes-inspeccion.tsv#reporte_id=RINS-fc0975e028b4ff8c757a7de0	420b64a00c89de03978fc33d1c2bf6381f2f28e27bde27cc5a4aeac31af1f3c2	data/curacion-universo/contratos-inspeccion.jsonl#tarea_observacion_id=TOBS-2403da0eab3202023448939c	c493c50e3b711b796f2e05946126b0b6353305808924566d44766d9e7df62a05	fdf083187651b8f9f848c0c12654d6dc40ee65aa64a0695015c55b32e34af141	RUTA_LOCAL+SHA256+ACTIVO+TAREA+CONTRATO+REPORTE
LED-T0-0d358a9b7f52b226777c1f1b	RUN-377a255de24ca946	377a255de24ca9465f073b024699b680655672bfc37ffd19f3bbb24a76790d62	TOBS-f2f9322344492d12b3a79f51	TOBS-be179014c185aedcadd56259	ACT-479fd7cf39d00634b5e989b9	OBJ-2af78e4d281752e900c46cc5	ITER_NAL_2020_csv.zip	ff39bb1d1b6e6adcc6204622535d213d4cd04902bc6ab6e8345f244a6d5f85d6	REUTILIZADA_PRE_T0_CORREGIDO	data/curacion-universo/reportes-inspeccion.tsv#reporte_id=RINS-3a836921fa4fdd0ba21f9fb4	4a808915cf6cc74919730546dc4f33302035835d2a68f2f3cee80de667439923	data/curacion-universo/contratos-inspeccion.jsonl#tarea_observacion_id=TOBS-be179014c185aedcadd56259	224e97864f9253283f4f4695cb36840dcb40cdbd04bce897e80edd6777d53d36	af7a2ed93a9fa7c1df6be4ced198ba120e55ef1dc3dc290827463dc5366936b5	RUTA_LOCAL+SHA256+ACTIVO+TAREA+CONTRATO+REPORTE
LED-T0-0d3bb261e19bdd6f58fc1f68	RUN-377a255de24ca946	377a255de24ca9465f073b024699b680655672bfc37ffd19f3bbb24a76790d62	TOBS-22a2a05bcc5dac78fa52bcfc	TOBS-239968fef059836bd82275aa	ACT-c00fc5e171f58a0298f281a9	OBJ-22ccd2c8bb51344495713304	mociba2023/mociba2023_fd.xlsx	f4a5d24cd9b8664ef4f2965547090da115948e82796851f97b0a47b59303dea4	REUTILIZADA_PRE_T0_CORREGIDO	data/curacion-universo/reportes-inspeccion.tsv#reporte_id=RINS-8d5227d929a4a375a49015f3	da136df126859eff425afb20b1dd92b4642a30a09b4d6f0e723350da28bebf37	data/curacion-universo/contratos-inspeccion.jsonl#tarea_observacion_id=TOBS-239968fef059836bd82275aa	36fb86385efb06509222472e9951f1d3c137f80211eea1cb19cfd28cc892a20a	4d5dc5d9847bc06536e1a3fa6639f0c0e85c27133c73f3116cb5071e9b56859a	RUTA_LOCAL+SHA256+ACTIVO+TAREA+CONTRATO+REPORTE
LED-T0-0d524cf54968cab744472145	RUN-377a255de24ca946	377a255de24ca9465f073b024699b680655672bfc37ffd19f3bbb24a76790d62	TOBS-5146c449206af5e3f7d90a04	TOBS-b6eac6a45bbcfa0f5f0878f5	ACT-32c7ac54a0f58a0d1358a9f2	OBJ-c9163021f794967465e39868	conjunto_de_datos_enoen_2022_2t_csv.zip	454154e53a5fc3d42842bac54d53b463cf898674460ff6162364f86cb6c7b287	REUTILIZADA_PRE_T0_CORREGIDO	data/curacion-universo/reportes-inspeccion.tsv#reporte_id=RINS-e2e1fadf9c66e1417aad1adf	98486c2facff6eac19aa15973b1dd9f894fa32e6dd35a139e2a60e8d00676ab6	data/curacion-universo/contratos-inspeccion.jsonl#tarea_observacion_id=TOBS-b6eac6a45bbcfa0f5f0878f5	673c17b8888c94a1c061118c4d34c7350effdec6e5a1aec2572fb1aea7c04252	e12544e2d7a01592aa0964d97d423789756266751eda0fd5e1a003ea74f68829	RUTA_LOCAL+SHA256+ACTIVO+TAREA+CONTRATO+REPORTE
LED-T0-0d757b8df00e5f3e49be90ec	RUN-377a255de24ca946	377a255de24ca9465f073b024699b680655672bfc37ffd19f3bbb24a76790d62	TOBS-59f614539b1f7d6b52010f1a	TOBS-bfb15fce94c3281350537c8a	ACT-8ad1a8eb890c6c96314b6e42	OBJ-633b1eec86434658d858f8a3	ennvih/doc/ehh02cb_b2.pdf	2b1d1fcbf9e57c996f9c0706b4686683fff13685eecca36fabc838b8c0dcdfb0	REUTILIZADA_PRE_T0_CORREGIDO	data/curacion-universo/reportes-inspeccion.tsv#reporte_id=RINS-be12288fc6d231ca7f6262ed	177816bf696536d34f6e4497dfb5775ddf306ecf8ec90bb261e5f8703b52067f	data/curacion-universo/contratos-inspeccion.jsonl#tarea_observacion_id=TOBS-bfb15fce94c3281350537c8a	3c1dd9577f8075cf7f5c1e144bc3bb7e6661027d0d7e325bcaad0c075788fdca	ce450d0cc10e2dcc8801853dfdcec75e2bfdbbd39e1ddb6151b382d3fd74a7ca	RUTA_LOCAL+SHA256+ACTIVO+TAREA+CONTRATO+REPORTE
LED-T0-0d7846a21cd3ce893ee50b7b	RUN-89f4c3a49c00c0e1	89f4c3a49c00c0e1ba1f07013e0af10bbc3289fdddc48dde816c37d3da1a742b	TOBS-5904885cb1e3b2e04dd62896	TOBS-5904885cb1e3b2e04dd62896	ACT-5aaf34c705ca2f9e3e43ae79	OBJ-177863a336c4b54e15f95e09	engasto2013/hogar_dbf.zip	d17bb1d64afd08e23ec91b8f745b4d9cfb8ae963339049c522da64db3d6b7bf5	INSPECCIONADA_POR_PRIMERA_VEZ_EN_CORRECCION	data/curacion-universo/reportes-inspeccion.tsv#reporte_id=RINS-7b72af697c564fef04b69cdc	de0e18a357ea64b46c8acf0897dbbf22e3312e4302a42c5056ded458af7701d2	data/curacion-universo/contratos-inspeccion.jsonl#tarea_observacion_id=TOBS-5904885cb1e3b2e04dd62896	fb6ea1a034ffaa859c12f124b06067018e484e90d63e185cf46384747d418dda	040d4dfd8f3a3026422cd3a5ffaf1e6ee19ae5129bd94da45058efb8d7e2a572	RUTA_LOCAL+SHA256+ACTIVO+TAREA+CONTRATO+REPORTE
LED-T0-0dd914c6ada5341d82537513	RUN-377a255de24ca946	377a255de24ca9465f073b024699b680655672bfc37ffd19f3bbb24a76790d62	TOBS-18f33cb17070d70c32bcbb5c	TOBS-a9ff7d578f29f1622096a4c3	ACT-8d98ef98657e96a827f5c105	OBJ-6c3c1a3f2a31e76f3097ee47	mociba2025/mociba2025_bd_csv.zip	bc700919a67ae2ced10abdda770cc2262414a8a70d4f510f3c2cd0a67ef3a39d	REUTILIZADA_PRE_T0_CORREGIDO	data/curacion-universo/reportes-inspeccion.tsv#reporte_id=RINS-1ae3f12c41578fdc9c9116e9	596d93763b4646358a2efb0e46cf91fccaa6203d0b969bf3c6142929c83f596b	data/curacion-universo/contratos-inspeccion.jsonl#tarea_observacion_id=TOBS-a9ff7d578f29f1622096a4c3	e0b475f585688cae30f9836146fd4e068fd433517f36bc143d88f377b1df66c3	e5a2cd546639d2a067c6e5c54ee48c5c1f39aa82385aeb3a73f2f1ed571e70d6	RUTA_LOCAL+SHA256+ACTIVO+TAREA+CONTRATO+REPORTE
LED-T0-0e19728b2cc5b1dd47de997b	RUN-377a255de24ca946	377a255de24ca9465f073b024699b680655672bfc37ffd19f3bbb24a76790d62	TOBS-c8d46a2516d8fd7948a86b9c	TOBS-36ea65d8753c3203ed8ad286	ACT-b3c7573b78b3b3c7660e26f6	OBJ-21dd453650b35264f34411bd	latinobarometro2024_cuestionario_esp.pdf	f1fe995d24081906d91ff7646aa4afa7ecdf0e1728c3192d1dd264b89172fb7b	REUTILIZADA_PRE_T0_CORREGIDO	data/curacion-universo/reportes-inspeccion.tsv#reporte_id=RINS-882f9be3b8dc7ba0c6f40f02	298f0fafe80072e515ce52f417c52e602a603bb262f3a1413e7d251d62c368f2	data/curacion-universo/contratos-inspeccion.jsonl#tarea_observacion_id=TOBS-36ea65d8753c3203ed8ad286	50e5a4e67c9d7740abc8960731307bf88ff4566e1524476d7fa90573fe5683ca	9f6bcaa0da0271416aeab2ca2d3668e09cc9647a83be0282233318ce649e0adf	RUTA_LOCAL+SHA256+ACTIVO+TAREA+CONTRATO+REPORTE
LED-T0-0f740443a533706962838d67	RUN-377a255de24ca946	377a255de24ca9465f073b024699b680655672bfc37ffd19f3bbb24a76790d62	TOBS-86dcaab3d05e942863964cbf	TOBS-c1064a07bed70876d25fa6bd	ACT-3b2bf47899eef15ea044b8cd	OBJ-8b6ec2736713e1970b222192	envipe2023/bd_envipe_2023_dta.zip	4a7110bea2f23a83a914a13d464c946d87ec17b24b4e5833a0a06adde5d44be7	REUTILIZADA_PRE_T0_CORREGIDO	data/curacion-universo/reportes-inspeccion.tsv#reporte_id=RINS-9abf79d342d5ba93180358c8	6a1435823f026273b74802f81df96230ed1f1505b0b64e88e2d2bc3c0bd5ade1	data/curacion-universo/contratos-inspeccion.jsonl#tarea_observacion_id=TOBS-c1064a07bed70876d25fa6bd	3a42da5289d5a81baa70531bd96ab27ef767dfa82ffd97e0c3403a46ced3e056	b2262a92a1032decb913439f1edc36ab96ced3405cbbae822499f62d3b1b8320	RUTA_LOCAL+SHA256+ACTIVO+TAREA+CONTRATO+REPORTE
LED-T0-0ff96ed476f2bed073388dad	RUN-377a255de24ca946	377a255de24ca9465f073b024699b680655672bfc37ffd19f3bbb24a76790d62	TOBS-5b1b93e1add0cbe252df18bd	TOBS-154fd073bc93572842840e24	ACT-265bd0346cdb2da191734c4e	OBJ-4654e0d13cee1bb914127533	conjunto_de_datos_enoen_2020_3t_csv.zip	e07984bfc96bd75a1eeed09c122a636ea7a1d7300b44d88577116a781a49068a	REUTILIZADA_PRE_T0_CORREGIDO	data/curacion-universo/reportes-inspeccion.tsv#reporte_id=RINS-235ff7374e335370c056ae48	e9ff7dc925eeb81193be98d17768490b4949718bc70c54765b8bc21e74cdb09c	data/curacion-universo/contratos-inspeccion.jsonl#tarea_observacion_id=TOBS-154fd073bc93572842840e24	cc47e15f59e2538ecfc61e0896f5b2042a18fa391bc779563569932c7a4c6eb1	ef150950cf229cf7f08e0b777011cefc5c20ce17c0e0dcd69604a0ad7b69f83d	RUTA_LOCAL+SHA256+ACTIVO+TAREA+CONTRATO+REPORTE
LED-T0-10d9c16a123e19b32749e06f	RUN-377a255de24ca946	377a255de24ca9465f073b024699b680655672bfc37ffd19f3bbb24a76790d62	TOBS-3b13328ca2b07678ddbaa331	TOBS-30076bfeef910acff2573e45	ACT-aa790b610f6f413cc82f7b1d	OBJ-db2c8243ec02d9b6ee0ec475	engasto2013/viviendas_dbf.zip	bd1fa799ef23b02328b9a5ac5beb65a76d9b5ab2207423b4da49bb67a4aeaa93	REUTILIZADA_PRE_T0_CORREGIDO	data/curacion-universo/reportes-inspeccion.tsv#reporte_id=RINS-6497bfbdc3c2e003415f0ff9	28a1127cfe7ca3e4001273ef1aedac3b413196dcf71b9e07985ddc5fbaf9ef3e	data/curacion-universo/contratos-inspeccion.jsonl#tarea_observacion_id=TOBS-30076bfeef910acff2573e45	766542dd1b6ab269e7f972539f30b64e81d47dd677b7b29c44c02cf1b5863034	02d7d831ae38d723827e0d565bede32f9605f4bb133b5ac144541fd5ef5913ba	RUTA_LOCAL+SHA256+ACTIVO+TAREA+CONTRATO+REPORTE
LED-T0-1175e513ea51b85132f1b0c0	RUN-377a255de24ca946	377a255de24ca9465f073b024699b680655672bfc37ffd19f3bbb24a76790d62	TOBS-67618360db9ca2e02d964ec4	TOBS-beae059d790dd3b032873640	ACT-2c3aec2a43879f9ceeef4b89	OBJ-550bf38ad7d2d1a93cf49e10	mociba2016/mociba2016_bd_sav.zip	30300c65a2e565aa723e3c09faf5c439561e186e54cca539be862c6941179346	REUTILIZADA_PRE_T0_CORREGIDO	data/curacion-universo/reportes-inspeccion.tsv#reporte_id=RINS-84e7b6e3ef3c80f207c6b816	d76a634a3afc17cde49d3a6d9fba6bc41d2214df9db335fdb7d82f8996f5b70e	data/curacion-universo/contratos-inspeccion.jsonl#tarea_observacion_id=TOBS-beae059d790dd3b032873640	72dbc5bb9f384baa5ee7879e56815c75e3546bcc3a0bcb5e1f6206ec651baaa6	2bf5b577fd96cfabe08a56a341cc46ac5cd1f7e97ba87bfffa8ed533bfc2ae3c	RUTA_LOCAL+SHA256+ACTIVO+TAREA+CONTRATO+REPORTE
LED-T0-12e59b22c7dff7a465b288fc	RUN-377a255de24ca946	377a255de24ca9465f073b024699b680655672bfc37ffd19f3bbb24a76790d62	TOBS-7dda40205fe9e55728405cc4	TOBS-38c0d1dbb190a4047bdc2af4	ACT-ad4de3db7488b3893fb9190b	OBJ-3d0583f581b1f6ab3475084c	enpol2021/fd_enpol2021.pdf	7f3a23e15782d9df9a3e5da65b4fda9d9c9fc76ca1acfdf4f4347702ec6f06db	REUTILIZADA_PRE_T0_CORREGIDO	data/curacion-universo/reportes-inspeccion.tsv#reporte_id=RINS-9479ec95424287f497e44ceb	32bd7fa4d6ddfc59f8e884adf09fad5b7b2c09f575992c946062e55fb2a364ef	data/curacion-universo/contratos-inspeccion.jsonl#tarea_observacion_id=TOBS-38c0d1dbb190a4047bdc2af4	115161bee098df38d56eb7aa10e006392373ae4ffac04078c5db8e94eb91885e	ef1b6c0a2fa9151dc45f5f514d6d2508d0c7553e73f6ffc643419bd740c0b954	RUTA_LOCAL+SHA256+ACTIVO+TAREA+CONTRATO+REPORTE
LED-T0-13a50d7d7a3dc6c1f51b5093	RUN-377a255de24ca946	377a255de24ca9465f073b024699b680655672bfc37ffd19f3bbb24a76790d62	TOBS-b537514bf6e8d6afa08fe4dc	TOBS-c9d31b4997e427fb78c7d341	ACT-c66ba679513563affde6a408	OBJ-cff75f7459eeb58d8819e357	cuest_principal_envipe2021.pdf	7de26a9906a66519210c7082a737fce30ef56b5b482629e8a725e9699a256fa9	REUTILIZADA_PRE_T0_CORREGIDO	data/curacion-universo/reportes-inspeccion.tsv#reporte_id=RINS-03bd72339b39d641d303222d	e4115e216d3d9fa92fff2294e81e592eb0ff0f7450cf2a270704abb566450299	data/curacion-universo/contratos-inspeccion.jsonl#tarea_observacion_id=TOBS-c9d31b4997e427fb78c7d341	40896b33d4c096277ff0fb277fc0d345927f41ef165bc57c2ed36747b4f55669	441b7a2c3d091ccbb2ade3482b5dc8615f0b142d5ead3defb81ddf15b3a1d3c3	RUTA_LOCAL+SHA256+ACTIVO+TAREA+CONTRATO+REPORTE
LED-T0-14e43c19a7448f649482efc8	RUN-377a255de24ca946	377a255de24ca9465f073b024699b680655672bfc37ffd19f3bbb24a76790d62	TOBS-aac77c3e9eac134a26ad0d3b	TOBS-80ec74624cd62d25572547a3	ACT-abaf71ee4a339b4b24f43f26	OBJ-3bb355af92c62b8db873957f	endireh2016/bd_viviendas_endireh2016_sitioinegi_csv.zip	c9473cdd1ae45b6bb51ace10e3c73389dc03b220c3df1abf5144e0e88811e872	REUTILIZADA_PRE_T0_CORREGIDO	data/curacion-universo/reportes-inspeccion.tsv#reporte_id=RINS-e1bf1a7e35dc5950cb26c21f	908819b353f1cc068259f3d3cb24c3585ed4d15c7fd923dd422ab1bd6aab74c1	data/curacion-universo/contratos-inspeccion.jsonl#tarea_observacion_id=TOBS-80ec74624cd62d25572547a3	0dd56d6ed48f33df1f6393ff726fc9894d8471d08f0035b42ded6b1cedc0a59b	db590178585818b58ca1489acfa01c4aa2e0baf440fef2d2d2e521e5d989a3b3	RUTA_LOCAL+SHA256+ACTIVO+TAREA+CONTRATO+REPORTE
LED-T0-155e931bd5cef5b97600eb5e	RUN-377a255de24ca946	377a255de24ca9465f073b024699b680655672bfc37ffd19f3bbb24a76790d62	TOBS-de69df84d4a6a9cac3de341a	TOBS-3571ce7adc8cca92669d2023	ACT-f98144a87bb213becca1aaeb	OBJ-1932576966be8a5c7be6a147	ejemplobd_enestyc_2005_xlsx.zip	2e134ecc658733583be3b7290fbe4a6fa532a517c7980c89f2139f0794f3f7a0	REUTILIZADA_PRE_T0_CORREGIDO	data/curacion-universo/reportes-inspeccion.tsv#reporte_id=RINS-00088186ff35e4acf581eb65	f2f400821b877bb1702906dd984a936c504248161c5c7f4860df91051dd39fd8	data/curacion-universo/contratos-inspeccion.jsonl#tarea_observacion_id=TOBS-3571ce7adc8cca92669d2023	7f70e82358fc113717a81d2edc678cfe909b3b73713aa68cab26147b6643995f	7d8653a9323230a5bc165a1f0bd5ea51aa23fee64aab070fcc98302e01019485	RUTA_LOCAL+SHA256+ACTIVO+TAREA+CONTRATO+REPORTE
LED-T0-156e2a1e48714de42bec13e8	RUN-377a255de24ca946	377a255de24ca9465f073b024699b680655672bfc37ffd19f3bbb24a76790d62	TOBS-c84baea36fe048aff96ee878	TOBS-2ac5a1c6c42ef70fc22ee918	ACT-ec3df19d4b7039711a96284d	OBJ-0ed56aa236583ddae4737091	mociba2025/mociba2025_fd.xlsx	6807df722b6c464676f3493407bc01758020deae88f6559bceee821c3d3222e0	REUTILIZADA_PRE_T0_CORREGIDO	data/curacion-universo/reportes-inspeccion.tsv#reporte_id=RINS-06ad95904f421592ac3a0935	0dd7a8d1e2928a5f85398f6a6b8de33db3927f5c0b89d1ef3bf71b34ae01f714	data/curacion-universo/contratos-inspeccion.jsonl#tarea_observacion_id=TOBS-2ac5a1c6c42ef70fc22ee918	f6996aa6c49dc6390151303ea2d416127826faf38d45326971598f5f65c8e635	9fa808d84fd86cd9a314627759a3b9c2d7fc4622a448914bc9fb2fa2d9489192	RUTA_LOCAL+SHA256+ACTIVO+TAREA+CONTRATO+REPORTE
LED-T0-15b502b397e995862a660b7f	RUN-377a255de24ca946	377a255de24ca9465f073b024699b680655672bfc37ffd19f3bbb24a76790d62	TOBS-dabc2517332216ba1dcd7552	TOBS-08b4b30d729626b7a0a55773	ACT-55e8a2bfc493ef9f78e67621	OBJ-4de0e62ae7950e6a4f1b31eb	base_datos_enadid23_csv.zip	995d448ab298251d441e437fc4a368f84879a8b74fa7bc103dc189434cbfaa18	REUTILIZADA_PRE_T0_CORREGIDO	data/curacion-universo/reportes-inspeccion.tsv#reporte_id=RINS-42871cea81a9ddaf21652586	21ce17f00c84e92be50042a425fca6bd3cdd6b1f7fbf295a563972972affd23e	data/curacion-universo/contratos-inspeccion.jsonl#tarea_observacion_id=TOBS-08b4b30d729626b7a0a55773	a376d12e20362b07eab882274bef349de7608ca9c7b378a012d0bfd021a88913	8b66865f2b46b480398b05251c67ace795ea08198fb2868382a143d78ea26817	RUTA_LOCAL+SHA256+ACTIVO+TAREA+CONTRATO+REPORTE
LED-T0-15ca50be7940ee6fe1c1d7fe	RUN-377a255de24ca946	377a255de24ca9465f073b024699b680655672bfc37ffd19f3bbb24a76790d62	TOBS-c514846e22d78ee7103e3504	TOBS-0f8dac507fc289b56679b0c8	ACT-e3c11ed20522f53901ff21d2	OBJ-5dd570306728c950041cf22d	envipe2015/bd_envipe2015_dbf.zip	6c2fcb165a179b0ca5e7d956a3673b375d26309be5a4748eabc31545add66a8d	REUTILIZADA_PRE_T0_CORREGIDO	data/curacion-universo/reportes-inspeccion.tsv#reporte_id=RINS-b935a202ac8390b8b8d79978	57560d65c1dc39ec3f7e1ff40920d2450ee3c1c3011a34252012e79db3906346	data/curacion-universo/contratos-inspeccion.jsonl#tarea_observacion_id=TOBS-0f8dac507fc289b56679b0c8	1e62c3385fbda26d10ff1add6d666a2f18c0810766b66768b3c147cff947e190	8f45049247eff7e6aa4cc6cd5a7e825ae54860bf26cc632f561cbe6b81097d1b	RUTA_LOCAL+SHA256+ACTIVO+TAREA+CONTRATO+REPORTE
LED-T0-169294cd845c0e7aeff2f35d	RUN-377a255de24ca946	377a255de24ca9465f073b024699b680655672bfc37ffd19f3bbb24a76790d62	TOBS-275de04dfe7e47ebc525b0bd	TOBS-a2fdf0b8e8ab6d8bd5c20822	ACT-d1b086b260f6140097c5d8fb	OBJ-258ee45bb28946910613cf3f	endireh2011/bd_endireh_2011_RData.zip	fe864778df66d7a95ec4664d31cad719d7dad8317c559de047c2ddbb6ee4929f	REUTILIZADA_PRE_T0_CORREGIDO	data/curacion-universo/reportes-inspeccion.tsv#reporte_id=RINS-57d5b826415c84baf9733338	d8e8e88df50d80dc940ef583d2a2cef2f76b5ed438c51f82952515ae77225e9a	data/curacion-universo/contratos-inspeccion.jsonl#tarea_observacion_id=TOBS-a2fdf0b8e8ab6d8bd5c20822	5b1e7afa95d6cd7464d27b2b854b0d54add501c166f6e8320b321b42cd3ad758	96fcd74c0e931fe2e6a619b9f57fe2549db1f8d5607d78e57d6cdab984c38aff	RUTA_LOCAL+SHA256+ACTIVO+TAREA+CONTRATO+REPORTE
LED-T0-17272a6a19b960c213fff09e	RUN-377a255de24ca946	377a255de24ca9465f073b024699b680655672bfc37ffd19f3bbb24a76790d62	TOBS-761bc4d734d2b05b941648bf	TOBS-cbc5c195bc95e103744d16f0	ACT-59a69ebda3c5a6c46c44374f	OBJ-b191050de9522389ce4861df	ennvih/ehh09lw_all.zip	52472e0c648c5c35e00bf11b546c9b60beadec93f01290771b67adece3903833	REUTILIZADA_PRE_T0_CORREGIDO	data/curacion-universo/reportes-inspeccion.tsv#reporte_id=RINS-7f4f0b0fb3cb9c85da23e4c6	7877623aae235645df04884c559d2d62ee1d9545b487f516a69021624a63c295	data/curacion-universo/contratos-inspeccion.jsonl#tarea_observacion_id=TOBS-cbc5c195bc95e103744d16f0	cd379b2ed9488c2218d7c3000ac847489599e9de21c8749a6c51f702970d5a25	469d865097168c70e70df767c3d7e30efddb481dccf361425e9ed4eb3de55783	RUTA_LOCAL+SHA256+ACTIVO+TAREA+CONTRATO+REPORTE
LED-T0-17dc67002b058a1eeeb91bde	RUN-377a255de24ca946	377a255de24ca9465f073b024699b680655672bfc37ffd19f3bbb24a76790d62	TOBS-59bc02ff825a84a0f3c040e5	TOBS-4d3fb66dedfb6e1f5cde548e	ACT-02f568efea4640aa9fc2126b	OBJ-3946d11abe2b69a8d2c77a4c	enigh2012_nc_csv.zip	2ed45acfb402cbcf21ecc3197555d343a484e6ffcf59be2a0d54878d1dda5e44	REUTILIZADA_PRE_T0_CORREGIDO	data/curacion-universo/reportes-inspeccion.tsv#reporte_id=RINS-7018b662af870fa7f0eb7328	2ef14a6e86cab7830a62c353d36363747aca37aec1e9617979d317f347d818ad	data/curacion-universo/contratos-inspeccion.jsonl#tarea_observacion_id=TOBS-4d3fb66dedfb6e1f5cde548e	4764724004df628b155b805b2df26b0eadcabcbcdeaf6917a445f8f863a5d0e0	0fe676e3d87750526541e457b9eae2f405b297f6baa1d13992ac14ea04811f0d	RUTA_LOCAL+SHA256+ACTIVO+TAREA+CONTRATO+REPORTE
LED-T0-182573d3944eb5dfe67b9ca3	RUN-377a255de24ca946	377a255de24ca9465f073b024699b680655672bfc37ffd19f3bbb24a76790d62	TOBS-b19bc3513258bf64c092dfc3	TOBS-df39f0b322a00668b64e1b64	ACT-bab9336b04b5435d3d8b54db	OBJ-2fbfce17710e113a82cf335b	envipe2015/fd_envipe2015.pdf	1042ab57b015e6de72d92184f44cfa4b1cca2ad54ceb6d60573e6800fc1c858b	REUTILIZADA_PRE_T0_CORREGIDO	data/curacion-universo/reportes-inspeccion.tsv#reporte_id=RINS-2cebf7a5a6cbd7ba9efdd888	e74ff34773bcc172d7d777b925a2dbbbd80db5f277709dbd2a4cb92163c61ffa	data/curacion-universo/contratos-inspeccion.jsonl#tarea_observacion_id=TOBS-df39f0b322a00668b64e1b64	03ab3a1a81cfff43aa84475506585aaee3f0f6ce4a48a66eb9742404443f0902	99eecf1dd3880f4f0df4c8aab02b827a9d00f1774061523e4571e56659fa5a1c	RUTA_LOCAL+SHA256+ACTIVO+TAREA+CONTRATO+REPORTE
LED-T0-189b8270656852370018402b	RUN-377a255de24ca946	377a255de24ca9465f073b024699b680655672bfc37ffd19f3bbb24a76790d62	TOBS-7220fef4f4a1f99c6d71b99c	TOBS-a10a8b1756506234c65a2b9a	ACT-9e4b4c707641d6df6b317430	OBJ-21044f5301f9faf0c01325a2	endireh2016/bd_mujeres_endireh2016_sitioinegi_dbf.zip	a990a007f2b63f8276c4b57bce86def1f2d1770934e54a4f6312ca867189e275	REUTILIZADA_PRE_T0_CORREGIDO	data/curacion-universo/reportes-inspeccion.tsv#reporte_id=RINS-7528675b99fe0eb370ad2c13	e0ba98648aa3522c5f8469d91fe9a2f69c9123fe7981dcb5d1de1f2f22c1e055	data/curacion-universo/contratos-inspeccion.jsonl#tarea_observacion_id=TOBS-a10a8b1756506234c65a2b9a	09793b1eefa8a495e81e574e6b54d3f79e2ad12adea62963ad602c0f47f84950	cdd2c794c2acdd29c5e9bd58355518f00ac6faa6613fa82cc84f6ba7f101ff71	RUTA_LOCAL+SHA256+ACTIVO+TAREA+CONTRATO+REPORTE
LED-T0-1a65ae211606cc115e079048	RUN-377a255de24ca946	377a255de24ca9465f073b024699b680655672bfc37ffd19f3bbb24a76790d62	TOBS-947c4d7edfd5f4fc20b3516d	TOBS-d4322167a1b23da435f583b0	ACT-3708592e45b5c41e7f2e473c	OBJ-a9570683a3c2c5d57a677e49	bases_enif2012_sav.zip	9f1d6eb7301bc74b7e7094d4b4c59e23294c016dca52a734544cf68160a05750	REUTILIZADA_PRE_T0_CORREGIDO	data/curacion-universo/reportes-inspeccion.tsv#reporte_id=RINS-e59d6e29da135a88a36cab91	7590f72a4729cd7752330b1544c75a54946a897515373142fd9c1b51adb3c627	data/curacion-universo/contratos-inspeccion.jsonl#tarea_observacion_id=TOBS-d4322167a1b23da435f583b0	509d96161c3367b35d1e395ab730935f5334618f704bb38799951ac9fd9887bd	9f0f5e98310f4acfc20c9500d335d9e131bad6ad8413efad697235d2edf0ddfc	RUTA_LOCAL+SHA256+ACTIVO+TAREA+CONTRATO+REPORTE
LED-T0-1aaf77e3dce93737efa179e3	RUN-377a255de24ca946	377a255de24ca9465f073b024699b680655672bfc37ffd19f3bbb24a76790d62	TOBS-33cb0f7bfdf1c5e73d3d7152	TOBS-1440b5a1f06d08ec5466847f	ACT-57c47992c50cdc1087e04b8c	OBJ-c18d75c9bbca6f6d313d9225	enaproce2018/ejem_base_pyme_ciega_xlsx.zip	db5154a3bbfb8b84e2b1a6d0861e7cf7633f1ab932a5a8dac872d11916f9166f	REUTILIZADA_PRE_T0_CORREGIDO	data/curacion-universo/reportes-inspeccion.tsv#reporte_id=RINS-09e9ff5e9349655597f2f4a1	f3b5a62bfb4f362d905d994dcafa8a4d96aec32f6a96dd87d8eb85b889d9e36b	data/curacion-universo/contratos-inspeccion.jsonl#tarea_observacion_id=TOBS-1440b5a1f06d08ec5466847f	557be555465b35aa726a143b3588db5ea7da75e68eb7626713b4429b8887e40b	979fe62de5943dcaee327e015e832d8a75fc4c6bdb38649a92d681b6d3a7b720	RUTA_LOCAL+SHA256+ACTIVO+TAREA+CONTRATO+REPORTE
LED-T0-1b1ae97cc28f9f276571707f	RUN-377a255de24ca946	377a255de24ca9465f073b024699b680655672bfc37ffd19f3bbb24a76790d62	TOBS-4eb5b5cfa337b335f80ce8a5	TOBS-3dc9a87a8b3e811172913636	ACT-7b5c705a94c610d985a753cc	OBJ-fb18b7bf07ad2d6fa61f2b41	enasic2022/enasic_2022_bd_csv.zip	8a5e8c5ed2dcda6e25dfe2dd630c0ac7273e0736e7b99662a15a4ef68c3ab36e	REUTILIZADA_PRE_T0_CORREGIDO	data/curacion-universo/reportes-inspeccion.tsv#reporte_id=RINS-53a431507d08139af2aab80f	96457cdd4fc7cccd2f894350a43973396233486cfe6574d2f8f7eaf3886392d3	data/curacion-universo/contratos-inspeccion.jsonl#tarea_observacion_id=TOBS-3dc9a87a8b3e811172913636	15e0990cd24eb910d6d2324385dd73500fd267fe8f079771950b0e8492dcf2c2	1e869eeb6bf46d90bba42f0a1684d1e24d20aa562fda07376afa1282a4bff216	RUTA_LOCAL+SHA256+ACTIVO+TAREA+CONTRATO+REPORTE
LED-T0-1b39043fb78c2c72c8f627fb	RUN-377a255de24ca946	377a255de24ca9465f073b024699b680655672bfc37ffd19f3bbb24a76790d62	TOBS-5069efbb6ec412b146ca226e	TOBS-33f626c8c076506c5b9caa36	ACT-47ecb9909e4ae3c44e76c1bb	OBJ-7ce60a3a17f3f0981e832f4c	endireh2006/bd_endireh_2006_dbf.zip	cda0f30221e4e4168cc1a8edab1cd0053401b007844ca9d65c5cdc5344d6ba0c	REUTILIZADA_PRE_T0_CORREGIDO	data/curacion-universo/reportes-inspeccion.tsv#reporte_id=RINS-80162d25ea7c54b7fb13acb3	52034b0e9cc835c5a20a33b7517ee084b24f1a13e11c890009368dcdda509e89	data/curacion-universo/contratos-inspeccion.jsonl#tarea_observacion_id=TOBS-33f626c8c076506c5b9caa36	94ee96d16fd52dcabe42a89cd8003a1aa40a6cdc8bedea9212b3f8e4937b88ec	7232de5f6304dbe4aa78a5cde0532442ae5b03edafd5c7f34ca554110669f47d	RUTA_LOCAL+SHA256+ACTIVO+TAREA+CONTRATO+REPORTE
LED-T0-1b53b3187fa803a86970527b	RUN-377a255de24ca946	377a255de24ca9465f073b024699b680655672bfc37ffd19f3bbb24a76790d62	TOBS-6d014072228580c4f61bca2d	TOBS-995582d8b92074447061ac11	ACT-c2928800f0c1b48396e73ebd	OBJ-bb826d647506f5c68ced14e8	engasto2012/lugar_compra_sav.zip	bff8b55b2c59d9f2431030a75797cba8037c64b21a4248555fceb87e86ede70f	REUTILIZADA_PRE_T0_CORREGIDO	data/curacion-universo/reportes-inspeccion.tsv#reporte_id=RINS-b1a3dca191406d9f3775052a	db2341928437dd379b99ae3580bd042a207d75d146c8db4439ec508b4ad1c8cc	data/curacion-universo/contratos-inspeccion.jsonl#tarea_observacion_id=TOBS-995582d8b92074447061ac11	84af2abc0585561811822c9be038bc27c11777fd4408515e812ef0c5b24e6ff0	ff1523c32d968a24f797640aa776640487de659b0e85d408fee7497e7e69134c	RUTA_LOCAL+SHA256+ACTIVO+TAREA+CONTRATO+REPORTE
LED-T0-1d0c3ad081d5ed80205872cb	RUN-377a255de24ca946	377a255de24ca9465f073b024699b680655672bfc37ffd19f3bbb24a76790d62	TOBS-319b1d0ada7d0a78e417f552	TOBS-6f325d957c8af85e8b201667	ACT-af419c7937d9f435e04fd601	OBJ-7f30eb8ff6142abbd2a8a05a	envipe2012/fd_envipe2012.xls	dcca5373391cbcee1529c78ab4fd46a172321e77502b624f87061679b25e7a99	REUTILIZADA_PRE_T0_CORREGIDO	data/curacion-universo/reportes-inspeccion.tsv#reporte_id=RINS-8f981d000f3ba01d2c0c8cf4	ad97b2dbadc6f5d1ca2afdb1c5b8bbe775e2612870690b4ff320cdc77422cd90	data/curacion-universo/contratos-inspeccion.jsonl#tarea_observacion_id=TOBS-6f325d957c8af85e8b201667	37cd6c686b0c909c2fded9e40a04b9c2540ea8a8b5a15ab1d31d48251d74c955	a43c28bfc4517519b94c2b30700cb25fdebecbf4dad1f1ad549cf10da2700e3d	RUTA_LOCAL+SHA256+ACTIVO+TAREA+CONTRATO+REPORTE
LED-T0-1d68cc310161441c20bbb05d	RUN-377a255de24ca946	377a255de24ca9465f073b024699b680655672bfc37ffd19f3bbb24a76790d62	TOBS-f863ba201dac941faad14df9	TOBS-43b821a8156705b0e14dc805	ACT-4d021820a62d8ebd474e13a7	OBJ-ce2d9817985eec97bc27da05	ejemplobd_enestyc_1995_xlsx.zip	66fa0e336729cfba6e3a4decdf013366c1db77c46f160982d30326a34c01ed5d	REUTILIZADA_PRE_T0_CORREGIDO	data/curacion-universo/reportes-inspeccion.tsv#reporte_id=RINS-2d54ec78ca2c786e9849d7fd	2fbd6637ee166bffba203da1d03183f8ef65b20f75911316b820301a89ea22c9	data/curacion-universo/contratos-inspeccion.jsonl#tarea_observacion_id=TOBS-43b821a8156705b0e14dc805	7aaae1af8737bf0d2d4be3fe25e60b85124055ffbae457a72bab08f87164f8d8	44ca056903548c7f1a9b475aa043437df993a677511c2722ac6b6a79d990d2a0	RUTA_LOCAL+SHA256+ACTIVO+TAREA+CONTRATO+REPORTE
LED-T0-1e4d031dcd1cf9b056160bcd	RUN-377a255de24ca946	377a255de24ca9465f073b024699b680655672bfc37ffd19f3bbb24a76790d62	TOBS-c6957a689f9859d8f33555b2	TOBS-2f33c2dc58e00cc0e6cf35cf	ACT-e3761a40e8b5f91c1f1350c9	OBJ-3c64adfb15962b0cf137f41d	conjunto_de_datos_enoe_2023_1t_csv.zip	138e737d3644512d21c4704be32ab31fcd6c5f64c0a0fb30a96df12c9c305773	REUTILIZADA_PRE_T0_CORREGIDO	data/curacion-universo/reportes-inspeccion.tsv#reporte_id=RINS-4e9b63880b4e7bee8fb540d6	f4df5c12a339410785fe0f3310c40bfa4f9e51dda2db1a6355ad28f07a1bfe42	data/curacion-universo/contratos-inspeccion.jsonl#tarea_observacion_id=TOBS-2f33c2dc58e00cc0e6cf35cf	9b5f3110786cd51e59e537ac2eb93ac2d6fc7619050450ec6704ee2c062f9151	ba4bc3e119e9ae000cfee61bd2a5cd7e26ca55d2e445dfeff70235042568ce41	RUTA_LOCAL+SHA256+ACTIVO+TAREA+CONTRATO+REPORTE
LED-T0-1e66f777b35950a7d7c5db76	RUN-377a255de24ca946	377a255de24ca9465f073b024699b680655672bfc37ffd19f3bbb24a76790d62	TOBS-8239099210fd785b3ce04214	TOBS-e8b5e77ae88cfd8813376c69	ACT-0ae06957b47e9469d008d95f	OBJ-cb3d5f1c28afeb2e7402840b	ennvih/doc/ehh02q_b3a.pdf	2aa718168e73e11e20ee4dea82a3123aae028afeeafe1cd6699f1fcde70c5a28	REUTILIZADA_PRE_T0_CORREGIDO	data/curacion-universo/reportes-inspeccion.tsv#reporte_id=RINS-2034c51a98b3b0ee31de334b	1b635c367aae35680c61e391e84481ee28ccf44776a34e425dae92db817fc79b	data/curacion-universo/contratos-inspeccion.jsonl#tarea_observacion_id=TOBS-e8b5e77ae88cfd8813376c69	a7ef3469ffdb00b1ca959a3fd65d792209dea2b86e6e79907cb29f6307aa8afc	a49ad93d06d68898330bf5599f4ee6a0524c2fe85d200fa90ad8162dd2837001	RUTA_LOCAL+SHA256+ACTIVO+TAREA+CONTRATO+REPORTE
LED-T0-1eaa7cdb4c6e63c6054b0758	RUN-377a255de24ca946	377a255de24ca9465f073b024699b680655672bfc37ffd19f3bbb24a76790d62	TOBS-f9888bb5e404db674f96d385	TOBS-aac364596529953e5a2cf443	ACT-ecf79f2ce2c749b02b3edbed	OBJ-ab0c31281483583c17c93825	encig17_estructura_base_datos.pdf	89b967f4f59cce087b6c69da2d532f49b7b8180380c3afb1302dabba804e7210	REUTILIZADA_PRE_T0_CORREGIDO	data/curacion-universo/reportes-inspeccion.tsv#reporte_id=RINS-6f4ec0fd478ceaf71dc99a85	f7e84c803bb0a213243c9f43b6ae9f571e755dc54bfa7f4be56af13680882fbe	data/curacion-universo/contratos-inspeccion.jsonl#tarea_observacion_id=TOBS-aac364596529953e5a2cf443	f712e139c6f5d18a85070df9b8d606e2024ba79d0e826da4d24975c4245240bd	0e0993183c0ec9bed41d51355135da4fb7e77e4d1a8e6a9590c316c0041351fc	RUTA_LOCAL+SHA256+ACTIVO+TAREA+CONTRATO+REPORTE
LED-T0-1eb9820d2e33fc4c796aa070	RUN-377a255de24ca946	377a255de24ca9465f073b024699b680655672bfc37ffd19f3bbb24a76790d62	TOBS-101fd0acafb64f990631c2bd	TOBS-1988fae9248fddbce1a8c8b2	ACT-f879f21b10b2b58968d3bda8	OBJ-4d5df3a676342c8f7be5f2ab	ennvih/ehh05cb_all.zip	1bbbb7ee97bd8d1273213e0d4d2ee616198405d32bc145df9236efa2940f210b	REUTILIZADA_PRE_T0_CORREGIDO	data/curacion-universo/reportes-inspeccion.tsv#reporte_id=RINS-e1747e87527090f4bb62508e	f9593857c82fbe58ef4bce88ecc03c2991c9e5a6815666d31751b2ca83324dde	data/curacion-universo/contratos-inspeccion.jsonl#tarea_observacion_id=TOBS-1988fae9248fddbce1a8c8b2	f51f6627e85b5a4ef3a32b86b5c360dbaf9f13a578ca2d0240aa3fb2ccacc80f	b96be35eff4c27ae1678979e192f4b1aa6db26408e08ec3e35134776ce9476bd	RUTA_LOCAL+SHA256+ACTIVO+TAREA+CONTRATO+REPORTE
LED-T0-1ef3ecd412e053ce33a90567	RUN-377a255de24ca946	377a255de24ca9465f073b024699b680655672bfc37ffd19f3bbb24a76790d62	TOBS-e0990e879b47120bfae9b856	TOBS-8f446539195a5d634990a7fd	ACT-b1f6a0f2197fe0780ba5c0aa	OBJ-3274e288eb4c4ad88aa204ff	mociba2025/mociba2025_bd_dbf.zip	a5e91efa27b898062f7bf09e91003295a4d68d9affe3f250d0387c7200e8a6fe	REUTILIZADA_PRE_T0_CORREGIDO	data/curacion-universo/reportes-inspeccion.tsv#reporte_id=RINS-145772019a4225b29a62b1a7	7e95e8ef0004e50a522be4b0dc05dc02b1644391fc6febc88a66e2c1df6eba85	data/curacion-universo/contratos-inspeccion.jsonl#tarea_observacion_id=TOBS-8f446539195a5d634990a7fd	af100dcfcdb6b2381efb5b6ef2806797ccd019f46d40de1c5de8a68b4241415b	84c2790dcbb0ffd8d03ad4c71678034e07ada1cb33b080b4aa3fb1e44587f58a	RUTA_LOCAL+SHA256+ACTIVO+TAREA+CONTRATO+REPORTE
LED-T0-1f4cb1b4bfe2b2b21f672a01	RUN-377a255de24ca946	377a255de24ca9465f073b024699b680655672bfc37ffd19f3bbb24a76790d62	TOBS-1496bb62eb2b0adb9aa0de0f	TOBS-ab9b7c6b8068cd503231bd28	ACT-50a1a62f51da37e46903e145	OBJ-cc9d9919db157f51d3291dcf	encig21_estructura_base_datos.pdf	365c031bf48af4c6d65a8e5422c6cf0362500efd37cd0e924e3c1fe38b965dd2	REUTILIZADA_PRE_T0_CORREGIDO	data/curacion-universo/reportes-inspeccion.tsv#reporte_id=RINS-aaeec30973ad397c0c9bbde4	0c474f46556c2a4076dfa430d1dc84150a4cae1679ba56c00cf8f7d6957e5c4a	data/curacion-universo/contratos-inspeccion.jsonl#tarea_observacion_id=TOBS-ab9b7c6b8068cd503231bd28	9e69bc079ed4788b31d10b1a7d8ac630da46eb5bcd72c9f80241d078c02f14b7	cfba86ed9078545a2876c0f61e707e4e27abc27a2d2446c301d2d60a31745758	RUTA_LOCAL+SHA256+ACTIVO+TAREA+CONTRATO+REPORTE
LED-T0-1f627b5f59697054c2ee8f8a	RUN-377a255de24ca946	377a255de24ca9465f073b024699b680655672bfc37ffd19f3bbb24a76790d62	TOBS-79eac4fe497f19bc3c3dded0	TOBS-9a8fedc4059d91eab69e5e9b	ACT-9be020dfafc1add9953a8a6e	OBJ-bedfdd1be452742394cf77c3	enti2022/enti_2022_fd.pdf	40b570551e125c334a671f1bdbd46c1334b2b8fbd721b7c2797503968b6ac4be	REUTILIZADA_PRE_T0_CORREGIDO	data/curacion-universo/reportes-inspeccion.tsv#reporte_id=RINS-c73c1816b909f4605c320e36	f46c6ce9c09174064045b5f08ccb8d30e98fb8986e21391684b1a4444f87bd6a	data/curacion-universo/contratos-inspeccion.jsonl#tarea_observacion_id=TOBS-9a8fedc4059d91eab69e5e9b	3df4e010a1230468b3677252fbe5969bd04782262e235ce55f3084c1e27e1e84	73bde04538425b4d55fce7e369296df4167ce74c6b1fd0bdc48ea1b14c7465ca	RUTA_LOCAL+SHA256+ACTIVO+TAREA+CONTRATO+REPORTE
LED-T0-1f637477830f997ac7e4d576	RUN-377a255de24ca946	377a255de24ca9465f073b024699b680655672bfc37ffd19f3bbb24a76790d62	TOBS-65ad2148fda663737eecd34f	TOBS-b46ccb0802a9c4b594278286	ACT-d28ddd4f021aac08d4356e9e	OBJ-e234fb51991410d2d145fefa	mociba2022/mociba2022_fd.xlsx	923fa85a665219200d6c87d1f5af25090870bf91957d16f1008726e78edc396e	REUTILIZADA_PRE_T0_CORREGIDO	data/curacion-universo/reportes-inspeccion.tsv#reporte_id=RINS-7d7b8f4e7a1dd3f9d99f9372	04d715d9bb70c1afe8baaebc17327c8ea1fe36c33d9e40ef4020e1d3248726ae	data/curacion-universo/contratos-inspeccion.jsonl#tarea_observacion_id=TOBS-b46ccb0802a9c4b594278286	d167895fb422cbf93c66ed737ae8c536ac1d6b31dfce095217f43436a2067444	570c051a64e4295c0d4723ea826ff6f9cd9dace909d45c50502a1dfad6474a4c	RUTA_LOCAL+SHA256+ACTIVO+TAREA+CONTRATO+REPORTE
LED-T0-1f8534076f46458b524bf095	RUN-377a255de24ca946	377a255de24ca9465f073b024699b680655672bfc37ffd19f3bbb24a76790d62	TOBS-7ef6bd46e162999f10d6e06a	TOBS-de35d42eee5b188fdfad3717	ACT-bc212844acfd4284ee66b6da	OBJ-af3b297bd3d63c9df163bf5a	envipe2023/bd_envipe_2023_sav.zip	9c8da8e7e0b44c3d55e6373fed2aedb27111c73953c1c9b9a435edbda7178c9c	REUTILIZADA_PRE_T0_CORREGIDO	data/curacion-universo/reportes-inspeccion.tsv#reporte_id=RINS-f53686fc712cc12f277b0857	00b37556b330337b52efd1a0dc0ae89b69dd020278078e2d80d29e696e9bf8d9	data/curacion-universo/contratos-inspeccion.jsonl#tarea_observacion_id=TOBS-de35d42eee5b188fdfad3717	50184a07ea86142fc2d35688337f84d06fe49de21646b5bf49d0ea00708236fc	c40fa2ba491facf9d6f7db72d93775b3783c8bb98e191d45aa39e961e688274a	RUTA_LOCAL+SHA256+ACTIVO+TAREA+CONTRATO+REPORTE
LED-T0-1f8898385abb20a12c346405	RUN-377a255de24ca946	377a255de24ca9465f073b024699b680655672bfc37ffd19f3bbb24a76790d62	TOBS-df6e233d969197c75d435e17	TOBS-883230ccafa54adac0e573fa	ACT-faacf6e2f9b66db6353b9437	OBJ-55085b570bc32c6f19ead30f	encig2017_csv.zip	fdc7f1c761bf871872bd04080d59c2b58f38f78d6e6384b4a7df82e909d33465	REUTILIZADA_PRE_T0_CORREGIDO	data/curacion-universo/reportes-inspeccion.tsv#reporte_id=RINS-e319f161d9ff221d2f0b9c16	e42d484c473c5cebaaf3785fa8abc89dfe272735da8a99b89931f4abe3e7e76a	data/curacion-universo/contratos-inspeccion.jsonl#tarea_observacion_id=TOBS-883230ccafa54adac0e573fa	fa19ee811108176c0bc017832850cac333f370acf0c7b7857aafc05082e20689	05bd78558e9e592a681018b0ff15ba43490084be3aeefd0f8be9c88c7240c9cc	RUTA_LOCAL+SHA256+ACTIVO+TAREA+CONTRATO+REPORTE
LED-T0-1f95b8418ffe846c6fb6bc03	RUN-89f4c3a49c00c0e1	89f4c3a49c00c0e1ba1f07013e0af10bbc3289fdddc48dde816c37d3da1a742b	TOBS-11e8fec99e46e4f2250e4d70	TOBS-11e8fec99e46e4f2250e4d70	ACT-515d7c6ce0a8edece47b25c5	OBJ-73e2b2b8e98b99a36a072564	engasto2013/persona_sav.zip	8e85eab54028831c00f02d8a7841fa887d60e998b6700983d69a2fd99f29491c	INSPECCIONADA_POR_PRIMERA_VEZ_EN_CORRECCION	data/curacion-universo/reportes-inspeccion.tsv#reporte_id=RINS-3a4fd41d08cf441c7a55bc21	3195ea6219a06a0a06c29beba90df3e96f6da88b95c538f7631acef7cce9c85d	data/curacion-universo/contratos-inspeccion.jsonl#tarea_observacion_id=TOBS-11e8fec99e46e4f2250e4d70	373e95259468ddb56789719d5371630ca50d1cde6f1427592b0bedd3bffcc101	ae074fc3083ad8fe79ee81c3c2e7c68a36becaa5e4ed88eb088d1b4761a6405f	RUTA_LOCAL+SHA256+ACTIVO+TAREA+CONTRATO+REPORTE
LED-T0-1fe9d707a6099ef7172f4191	RUN-377a255de24ca946	377a255de24ca9465f073b024699b680655672bfc37ffd19f3bbb24a76790d62	TOBS-d64e9c5fe7920ed535ff51e1	TOBS-df993db712bc31fa5362c161	ACT-674e7388971d3a49d31d3300	OBJ-790c33a34ddf690836fe1d9b	mociba2020/mociba2020_bd_RData.zip	087d65999d23a4e220b611f49099f9b1c85d6011a973f03faa544a69fd7ddc7a	REUTILIZADA_PRE_T0_CORREGIDO	data/curacion-universo/reportes-inspeccion.tsv#reporte_id=RINS-85ffef17014525d2a5931eab	73979c59a5de2c99f4b58c5f5689e775e8d08e652214d1d3288df5e83e2aafa2	data/curacion-universo/contratos-inspeccion.jsonl#tarea_observacion_id=TOBS-df993db712bc31fa5362c161	061dffb20080de4f0af43d9bbe912069868b52b2abb678fd5a731a0a3c8027a7	a7abbd2f5b63518f53a3b77d71c8a5e4d98e036b3d96d5784b43fba9ac078824	RUTA_LOCAL+SHA256+ACTIVO+TAREA+CONTRATO+REPORTE
LED-T0-1fea1f97ebca3a39888d7c0a	RUN-377a255de24ca946	377a255de24ca9465f073b024699b680655672bfc37ffd19f3bbb24a76790d62	TOBS-c691a63713ff4db69c0dfa44	TOBS-4480d19741d4d90419ef1029	ACT-eab37d70f0c8f01f8ede96be	OBJ-a2958251ae3a72efb17d84f0	mociba2022/mociba2022_bd_sav.zip	251bb224c1a02f94371d6ea04dd0040fc78155f05a19b2bb445199ebeeeb8058	REUTILIZADA_PRE_T0_CORREGIDO	data/curacion-universo/reportes-inspeccion.tsv#reporte_id=RINS-d16616ab98c095b857758ee8	3519b2643ef78a68e59c1aa9ebe9d640573d01cf73a5af1f1127a28a5974225d	data/curacion-universo/contratos-inspeccion.jsonl#tarea_observacion_id=TOBS-4480d19741d4d90419ef1029	94cb9a50e4a10fd301f3043bd0ef1bf5931e6e8369b198031a5c53e7ccaa50bd	97afaa571a7f978a2c21d6bcf5d84f463a5dd0fdfd85c1b8759cc48268ec9bf2	RUTA_LOCAL+SHA256+ACTIVO+TAREA+CONTRATO+REPORTE
LED-T0-1ffa679e1deffe4be3030289	RUN-377a255de24ca946	377a255de24ca9465f073b024699b680655672bfc37ffd19f3bbb24a76790d62	TOBS-53d9204675c369b66e0aab27	TOBS-ed698ed2f9e5bf54d57c719b	ACT-1ec730f302810ff361f363a5	OBJ-0239a33f0f628f1b77d88735	fd_envipe2023.pdf	743c260e89a6c5d6f2fcc6eac0f1884c40bc6b437164b34e13ba6fe1caf1be63	REUTILIZADA_PRE_T0_CORREGIDO	data/curacion-universo/reportes-inspeccion.tsv#reporte_id=RINS-2e371d01051fddd8f2fc6649	339c17d2a41419536c9c5f6bff886dbdd650ccb8263de8c13355f15aeada08ee	data/curacion-universo/contratos-inspeccion.jsonl#tarea_observacion_id=TOBS-ed698ed2f9e5bf54d57c719b	3febc0dce9427802009d2413d06da08176e38b3ebc4110cd98d3e29f80b2a59e	116b9da5f9c70a9bfb24bcb7dbcc13b3b93085d259df06402c849026498187df	RUTA_LOCAL+SHA256+ACTIVO+TAREA+CONTRATO+REPORTE
LED-T0-20f1a53a897d136edcce529f	RUN-377a255de24ca946	377a255de24ca9465f073b024699b680655672bfc37ffd19f3bbb24a76790d62	TOBS-d894eebfac3af155b5d2c8f7	TOBS-22bfec8f539da458fb9c8320	ACT-f85b90b8d19c0a50c3b8f1ee	OBJ-471cf8b80c7ee0d920c6c261	cuest_principal_envipe2019.pdf	12abd4afc9e3f8df87a4011671aa25c0650c84923cc5733a9df9236489239938	REUTILIZADA_PRE_T0_CORREGIDO	data/curacion-universo/reportes-inspeccion.tsv#reporte_id=RINS-37c47afef73b6b631646d3e1	87610c745701a3d525fd190e342e1c0112caf05b8d424f2190044fd5e706bbe3	data/curacion-universo/contratos-inspeccion.jsonl#tarea_observacion_id=TOBS-22bfec8f539da458fb9c8320	1e5a3ee19ac60dbad6447cf3398edeba59890d832eedf8f548a19424f9f5635b	08d4b2cc041980cebc23695964c1fd51ddb91f852069a0308089acdff181586a	RUTA_LOCAL+SHA256+ACTIVO+TAREA+CONTRATO+REPORTE
LED-T0-20f33e520536aa782d090e8d	RUN-377a255de24ca946	377a255de24ca9465f073b024699b680655672bfc37ffd19f3bbb24a76790d62	TOBS-07e8b5db71dc54fe2679ad72	TOBS-a40d420102f4a5e3ea147893	ACT-d5200e68ec76816f61255d46	OBJ-6c66120c36bf0cbb0dd97e6d	ennvih/ehh05w_all.zip	34ee12b0c0d71e76676197089b5fd6048c0fdaa590a220f440d95526b1f4713b	REUTILIZADA_PRE_T0_CORREGIDO	data/curacion-universo/reportes-inspeccion.tsv#reporte_id=RINS-7f67fdff01ee09a323e2a021	b0d5c7ac00e58611fe4cb87e445febb41bc214c64680b2da396726cf278b0f85	data/curacion-universo/contratos-inspeccion.jsonl#tarea_observacion_id=TOBS-a40d420102f4a5e3ea147893	7c308142a4256997d5019cb78bae42b4ae6ce68109c66f25bf1aad8bdbceed69	9996c23189889622d67d0441f6f67275b0d515aba0da30c6f6fbebeebafc53aa	RUTA_LOCAL+SHA256+ACTIVO+TAREA+CONTRATO+REPORTE
LED-T0-21c42d34df6d5889d43b300f	RUN-377a255de24ca946	377a255de24ca9465f073b024699b680655672bfc37ffd19f3bbb24a76790d62	TOBS-a76b2229d5a25db50fafb603	TOBS-8311ddee7ccc96120a623883	ACT-979a2b43640159fe73651347	OBJ-83402cd7f6441ad9c40afb30	endireh2016/bd_viviendas_endireh2016_sitioinegi_dbf.zip	20e6f540d872191a4401acb715a3a60650ecacebb8dfc26f064a207716e4202f	REUTILIZADA_PRE_T0_CORREGIDO	data/curacion-universo/reportes-inspeccion.tsv#reporte_id=RINS-c10e4b37cffbbe6792c0e565	3d1dc8eb9c505e6115681e896269a252010cbe64591e62f43962f89a73358f02	data/curacion-universo/contratos-inspeccion.jsonl#tarea_observacion_id=TOBS-8311ddee7ccc96120a623883	1f2eccd323b41a347028da973636d80e16128d93c0c15a785888a47e60f62c68	def79d31bff722152f768f501ee0a2530e59118563cadbfdba9e83e7403eb0eb	RUTA_LOCAL+SHA256+ACTIVO+TAREA+CONTRATO+REPORTE
LED-T0-21c7ee34d812ec027624edb5	RUN-377a255de24ca946	377a255de24ca9465f073b024699b680655672bfc37ffd19f3bbb24a76790d62	TOBS-23da8805d2acbd7cc601d97c	TOBS-a494992f3a18db2474b760eb	ACT-1554f262791502b769c75a9c	OBJ-a71147e285e8f24b314f3f4f	ejemplobd_enestyc_1992_xlsx.zip	0b421bf4618402ea6f06f84d949e0401ddee796e56df304e9013884eecc8dd3e	REUTILIZADA_PRE_T0_CORREGIDO	data/curacion-universo/reportes-inspeccion.tsv#reporte_id=RINS-e8750d35903b08a80d5b8d76	3bb8db48570c5351c924862157e8506d7f6c5029fd6cd48d804ef89f811519ca	data/curacion-universo/contratos-inspeccion.jsonl#tarea_observacion_id=TOBS-a494992f3a18db2474b760eb	9dbf468e2c3e9994232b9d62dd31503f05a4246942750c672f4d12bac325ba81	6f84a409bdd08b8f1ab2e36ca0d76beb7c123340ff47040e2149f0f14604ef2d	RUTA_LOCAL+SHA256+ACTIVO+TAREA+CONTRATO+REPORTE
LED-T0-21e298b27aeac0b460519460	RUN-377a255de24ca946	377a255de24ca9465f073b024699b680655672bfc37ffd19f3bbb24a76790d62	TOBS-a7f1c937ef1a0e839a376e82	TOBS-a40ec2b1110f8ddaca887590	ACT-de90756ab11fc8e4fca43245	OBJ-8cc64b872066506e069262ff	ensu2025/ensu_bd_2025_csv.zip	317ed14f2f2f43c9f8280e491f7592d0cf95a0392aaa641b66822569444b121c	REUTILIZADA_PRE_T0_CORREGIDO	data/curacion-universo/reportes-inspeccion.tsv#reporte_id=RINS-63c69b3e40c3f2ab76482912	eeb1548b2ac26b920a59a251098ad833441484a1b8f203027bee1ee9c49a2973	data/curacion-universo/contratos-inspeccion.jsonl#tarea_observacion_id=TOBS-a40ec2b1110f8ddaca887590	a25b7536a1d8dcce25bc7775dfc7ef27137ee3a63add8e06c44badafc8f36987	21ef414a5b33a434660da69442ae6dc51032e1f2b4d976ec7a8f7a31e5ecba7a	RUTA_LOCAL+SHA256+ACTIVO+TAREA+CONTRATO+REPORTE
LED-T0-2202f52826dda533274ad098	RUN-377a255de24ca946	377a255de24ca9465f073b024699b680655672bfc37ffd19f3bbb24a76790d62	TOBS-670d18623b8cfa929b628cdd	TOBS-0201f87c8a9fdfc73401e5fe	ACT-80f99bfd09b9da7aa18e865a	OBJ-b24c9e4d9b412d75ba0c50cf	endireh2021/endireh2021_calc_r.pdf	07b82584d1da70d16010c1d8083d656c58887bb87a5bf5196a1a11aac02697da	REUTILIZADA_PRE_T0_CORREGIDO	data/curacion-universo/reportes-inspeccion.tsv#reporte_id=RINS-cbad745abfc8c4de15a0eb39	fd5e70dea56f084fd0864265dfc9b92191b1a6cfdf4c92b3750a53117fbbe2eb	data/curacion-universo/contratos-inspeccion.jsonl#tarea_observacion_id=TOBS-0201f87c8a9fdfc73401e5fe	8421a54f224944bb9d5d132e251f0b8826a146ea8dd26b45dba84964480e09df	e91d927cfe09522d46f7d19f35a13c2d3f1089ee6ead3b6429d03f22fda55caa	RUTA_LOCAL+SHA256+ACTIVO+TAREA+CONTRATO+REPORTE
LED-T0-2220cfeed214231ac3011906	RUN-377a255de24ca946	377a255de24ca9465f073b024699b680655672bfc37ffd19f3bbb24a76790d62	TOBS-dddbec803e8516176c2acc7f	TOBS-b9a0573e3dacaeeda828d3ee	ACT-57eb827595bfefe70af74119	OBJ-96e0cfc85c63a7a3189c17bd	engasto2012/lugar_compra_dbf.zip	b0b646ee6585ed4606432df6b0480317b8a4e51adefb596a26d5fb2ef179542b	REUTILIZADA_PRE_T0_CORREGIDO	data/curacion-universo/reportes-inspeccion.tsv#reporte_id=RINS-6b4b15df18a62c334806bb48	96bca74f6e2e9922cd34193009d90e3fea86b73bb6b5ae74fa11406741c42662	data/curacion-universo/contratos-inspeccion.jsonl#tarea_observacion_id=TOBS-b9a0573e3dacaeeda828d3ee	f783d715c6ba22decd79261bc0099aa2538d6158bd772f9a95dd4e8edf98da4b	3e914e7cb6d6699b91fd6866fae40d2d3ebf8bff4b59bf839e9f4408770247cd	RUTA_LOCAL+SHA256+ACTIVO+TAREA+CONTRATO+REPORTE
LED-T0-223bf8dcef2338eb11b11a60	RUN-377a255de24ca946	377a255de24ca9465f073b024699b680655672bfc37ffd19f3bbb24a76790d62	TOBS-9ce491263639af7a7c28a771	TOBS-a0c83dc9617a5b69e786a438	ACT-b73c975ba73c4ceaf60433e0	OBJ-85222eb993981c9f99e10c47	envipe2025_csv.zip	8a7a99fd90ce9d03229759ba0ad84db4fba98b5bb1f5c85eef7d718b007816fa	REUTILIZADA_PRE_T0_CORREGIDO	data/curacion-universo/reportes-inspeccion.tsv#reporte_id=RINS-141064fbf97be0ec11250915	c535ba55aef4f819ff389ea7c6f4fb9b8fbe34c6f9ef1d103e839e930d2ea886	data/curacion-universo/contratos-inspeccion.jsonl#tarea_observacion_id=TOBS-a0c83dc9617a5b69e786a438	bc3f2e1ca9005c6cfe76b70500e4d4f4022931c1045eb989717ce3e2a2be6cfe	9756b51d82cc070fa514fc5578d65765dd9b3cdcd86a85bd269775072091e182	RUTA_LOCAL+SHA256+ACTIVO+TAREA+CONTRATO+REPORTE
LED-T0-238f21730c5f4b8d094682d3	RUN-377a255de24ca946	377a255de24ca9465f073b024699b680655672bfc37ffd19f3bbb24a76790d62	TOBS-a8d9d93bfc826e89f4448a2b	TOBS-7e7a87bbcdabdfea5532726f	ACT-34b45f55a7136341eee4b4ba	OBJ-db686e70ddafdcf09aec3b4f	c_sdem_v4.pdf	0c918e799a8ed1d3764b1e0a390a868138228cbec82b5aa723f4b3a2e2f2d00f	REUTILIZADA_PRE_T0_CORREGIDO	data/curacion-universo/reportes-inspeccion.tsv#reporte_id=RINS-836ffb3e2df50ebe2d6979ad	d37ee07823286b9eebb162735f9e75394db8b6193b3438819547440af3b320a0	data/curacion-universo/contratos-inspeccion.jsonl#tarea_observacion_id=TOBS-7e7a87bbcdabdfea5532726f	d4dec39342f5094c62ffffbcd51e2d00737bb0b640de18b5738dfb7b042c3e38	0ef74ffff5214319a424ae1d5e42b26007f8ac6e75335dc1d14d3d00ac700606	RUTA_LOCAL+SHA256+ACTIVO+TAREA+CONTRATO+REPORTE
LED-T0-23d7ae55019eeb4c4b79da99	RUN-377a255de24ca946	377a255de24ca9465f073b024699b680655672bfc37ffd19f3bbb24a76790d62	TOBS-581bc78b6344dcf08bd465a9	TOBS-38831e89b3625ca5fbe84682	ACT-689aac9ccda16aa732424aa0	OBJ-550c1db4232535deae365653	mociba2020/mociba2020_fd.xlsx	71fa73cbbdbea98a9d8e3abcf27a34325207e88ec4ac57ff9d5f5cc4cb800134	REUTILIZADA_PRE_T0_CORREGIDO	data/curacion-universo/reportes-inspeccion.tsv#reporte_id=RINS-4d12c08a1f23cde6ed452301	02c4b80c1805cf4d6a524b0474508671cbb7654d0881dacbba35b7cf33b69405	data/curacion-universo/contratos-inspeccion.jsonl#tarea_observacion_id=TOBS-38831e89b3625ca5fbe84682	0058e8836e90be32a265b0e1dacd2f65c24e60cec87b428ab94efb13327d71f9	bdd6f1c2482ed64b3746427244abdb7fe34c700ca5a3b6bc9fc62e073e37476c	RUTA_LOCAL+SHA256+ACTIVO+TAREA+CONTRATO+REPORTE
LED-T0-25814366a1fe7aee71d9a214	RUN-377a255de24ca946	377a255de24ca9465f073b024699b680655672bfc37ffd19f3bbb24a76790d62	TOBS-145d8b3649d996de6f15809b	TOBS-569ea99f98b3f2b31de6d9a4	ACT-cefe0de7f799e604345794cb	OBJ-877cc28e184fe859634fcd04	ejemplobd_enestyc_2001_xlsx.zip	ce851437457f03ec9b56bdb90377791aec0303ce47f5bb6338712d18102c498d	REUTILIZADA_PRE_T0_CORREGIDO	data/curacion-universo/reportes-inspeccion.tsv#reporte_id=RINS-b7375190e203705ec5e8557c	97e960777f0f6d37abdb98aea57b490ee7e28f94af3c05c676457e37461d1c8a	data/curacion-universo/contratos-inspeccion.jsonl#tarea_observacion_id=TOBS-569ea99f98b3f2b31de6d9a4	972314bf8126c1eafbe4a3d2339e47102b2689477097602ca57d562e86f5997d	6a8728324558c92b294294d0fab4b30b6f97c68c706504d21c08cdd5c999f8f3	RUTA_LOCAL+SHA256+ACTIVO+TAREA+CONTRATO+REPORTE
LED-T0-2581d0bc379e232c237f2036	RUN-377a255de24ca946	377a255de24ca9465f073b024699b680655672bfc37ffd19f3bbb24a76790d62	TOBS-45ae4c8d350beaa7c4e44017	TOBS-ffa2ada100b35795052264f0	ACT-726c31ffceeeeb9f861d01c0	OBJ-48402142f5feb0aa8d660d38	fd_enadid23.xlsx	d56582b7ace04e2c13a1b9ea22aeea458d7b9cc02a21241e5fda29fe12b4f34c	REUTILIZADA_PRE_T0_CORREGIDO	data/curacion-universo/reportes-inspeccion.tsv#reporte_id=RINS-ac6661f1e8d8a5c24b5e4600	48a0478c3cac966caccc0c506e21e6ef100e0b95b3e1196f490783532a0673ad	data/curacion-universo/contratos-inspeccion.jsonl#tarea_observacion_id=TOBS-ffa2ada100b35795052264f0	0c4475a1ce437bf9cafee06d443d52ed252885cd79061a9e24a51a4ba1ecf4dc	65375e45642ecfb387757848050c3ad6629c4b88fd6069a88e890128b9c14e92	RUTA_LOCAL+SHA256+ACTIVO+TAREA+CONTRATO+REPORTE
LED-T0-25ee7f16cf30eb25f4b05c73	RUN-89f4c3a49c00c0e1	89f4c3a49c00c0e1ba1f07013e0af10bbc3289fdddc48dde816c37d3da1a742b	TOBS-090baeae05dd15c44ead2544	TOBS-090baeae05dd15c44ead2544	ACT-5f392e087751227c46bb94ad	OBJ-8e97193106f57c30149941fe	engasto2013/gasto_de_consumo_ajustado_constante_dta.zip	5e63fcaa909157bfea1b1669ca7631aebed03a96ab0f58d82fd0cfbadb53a181	INSPECCIONADA_POR_PRIMERA_VEZ_EN_CORRECCION	data/curacion-universo/reportes-inspeccion.tsv#reporte_id=RINS-e9c64339833fae88b685bc29	8279b998d220156cc5cb3b724d106911338fa8c2caefafed223375282c07c486	data/curacion-universo/contratos-inspeccion.jsonl#tarea_observacion_id=TOBS-090baeae05dd15c44ead2544	9e64b8900e4cbdd728441383b349e75c5eb58c023dc54a8480593b67f5951c9f	1ccf2b0cbf9108ecf3a35ffcde0ef2f7061772d1332a28d8633f0ad48068ccca	RUTA_LOCAL+SHA256+ACTIVO+TAREA+CONTRATO+REPORTE
LED-T0-2637810c609b65218719d466	RUN-377a255de24ca946	377a255de24ca9465f073b024699b680655672bfc37ffd19f3bbb24a76790d62	TOBS-013d97a7624d79c144706cae	TOBS-e1ece920d1c9fa43ab56f1eb	ACT-a15955b955070edb46f05eae	OBJ-b83eaf20286b5327751b68df	ennvih/ehh05lw_all.zip	6567bcbf3386b04b3d77c0ac0eb564d5be752b0090bb9caa31ccb1e077a745bf	REUTILIZADA_PRE_T0_CORREGIDO	data/curacion-universo/reportes-inspeccion.tsv#reporte_id=RINS-7de27b259521a441a309974b	82e6e1dbc91865ffb4f5ecae97ad281bdea41ef6641a7d5792551e08286f9b07	data/curacion-universo/contratos-inspeccion.jsonl#tarea_observacion_id=TOBS-e1ece920d1c9fa43ab56f1eb	2fd38b3e0a8bf05325490d9373d39139361338426c456af3d6cb033dd8ec2358	d6a303b381dc99396845585675de08d6600c6bc8c97261cd332accae8bdbf3d8	RUTA_LOCAL+SHA256+ACTIVO+TAREA+CONTRATO+REPORTE
LED-T0-26daf050a4ea0c7689732313	RUN-377a255de24ca946	377a255de24ca9465f073b024699b680655672bfc37ffd19f3bbb24a76790d62	TOBS-d6c8619299e10d876ef453ce	TOBS-0d0db45496e8f71e607f8459	ACT-8e11c5920f9bc816e4554b06	OBJ-9ffcabb230254c20b44d9a07	conjunto_de_datos_enoen_2021_1t_csv.zip	b92ab5c27ccaf4cc15dd76f715f1022c44af0b844d2fb4ebf3d1ec5bb1a16461	REUTILIZADA_PRE_T0_CORREGIDO	data/curacion-universo/reportes-inspeccion.tsv#reporte_id=RINS-5f81b188573aa4d2fa608618	0a6ee12378888abba305a89a815d83ccfb293a3f5fce075ff62d1d3b0b360443	data/curacion-universo/contratos-inspeccion.jsonl#tarea_observacion_id=TOBS-0d0db45496e8f71e607f8459	e94d8ab34c92c4d6e16130bd3f0221274aea213ed4845f9ea6c28d32797f751e	6e88ddaa18f4a95e766b4a7a5f355876bc8c580d84251c96d4dd04afc7a9aca9	RUTA_LOCAL+SHA256+ACTIVO+TAREA+CONTRATO+REPORTE
LED-T0-276f819cc1683d0378eb5d92	RUN-377a255de24ca946	377a255de24ca9465f073b024699b680655672bfc37ffd19f3bbb24a76790d62	TOBS-6ca763974db89441130636fb	TOBS-b280e06d75f5ea97bdf61f4a	ACT-18e3015c729d49556a33b687	OBJ-68040608ef0cf9c61a54a56e	endireh2016/bd_viviendas_endireh2016_sitioinegi_RData.zip	acb9dfac7799cf99c3f2aae20a0427cb8b0713ac672c96f799eabf61f54abf69	REUTILIZADA_PRE_T0_CORREGIDO	data/curacion-universo/reportes-inspeccion.tsv#reporte_id=RINS-d02e37239770aacbcf48305e	58455b506101c5953f11a6ff24ec7f8dcf74e989d86401b23dc427e4e8f57397	data/curacion-universo/contratos-inspeccion.jsonl#tarea_observacion_id=TOBS-b280e06d75f5ea97bdf61f4a	98b78885df15fc06144a0376068a2e0856ec8e99a2cc0faf29682826e7e7f257	9a32b7ee5edc79294fa22545f54a80f57204e7ce4c115ca768891626a7388071	RUTA_LOCAL+SHA256+ACTIVO+TAREA+CONTRATO+REPORTE
LED-T0-2783b5972a8b776f896503ec	RUN-377a255de24ca946	377a255de24ca9465f073b024699b680655672bfc37ffd19f3bbb24a76790d62	TOBS-b1278ef37393c78fc2ce225f	TOBS-5e8a90a5e88c4348e5fac54b	ACT-865af5afd647093793d3ec7d	OBJ-848ba3acee13683124f88c42	Censo2020_CAAS_eum_csv.zip	10b56a3b724c14c000464f3a632a9eb845dd5fa0ffc800d16644840d74b7c125	REUTILIZADA_PRE_T0_CORREGIDO	data/curacion-universo/reportes-inspeccion.tsv#reporte_id=RINS-16881fc99a6e91abc2ac886c	91c9fc35ae008670bdeb3729547587665fc56ef1e7840cc513ee986b595e5c8e	data/curacion-universo/contratos-inspeccion.jsonl#tarea_observacion_id=TOBS-5e8a90a5e88c4348e5fac54b	e70ce3acb64d09d98b07846c68e46033d0de5d7b5038e802367834cc9fea67b6	e090985b0d395533facc6089a16d1e2c2f1242cddf58ee1bcb106530507a794a	RUTA_LOCAL+SHA256+ACTIVO+TAREA+CONTRATO+REPORTE
LED-T0-27be76c646e8e3397e5062d7	RUN-377a255de24ca946	377a255de24ca9465f073b024699b680655672bfc37ffd19f3bbb24a76790d62	TOBS-5b7e172eb09eaee5ab064d82	TOBS-4c757a1e5f51125f37053d94	ACT-ad51d0f954ed470ec4f86359	OBJ-f8f6816961aeafdfcaa25691	ennvih/guiausuariov2.pdf	6d3334e77e1d417bf7be997715c4e38b0c0047e595a948d7bbcd8295255f0ddc	REUTILIZADA_PRE_T0_CORREGIDO	data/curacion-universo/reportes-inspeccion.tsv#reporte_id=RINS-b3eed3eac26b8e149a7572e7	c6051e8020648fb1856b4abbcb9efa3c03d6348dd93752d35111e4765abdbefe	data/curacion-universo/contratos-inspeccion.jsonl#tarea_observacion_id=TOBS-4c757a1e5f51125f37053d94	037823701d3f942b49a0d7b6c55a78943ea4ebff4fd7f328e664a759e4c1e1c8	2d0bc2cf5913870a69590e6a1201872fd59f59bbde564eb562de5e9e6007125f	RUTA_LOCAL+SHA256+ACTIVO+TAREA+CONTRATO+REPORTE
LED-T0-295854efe3e0ea435c9711cf	RUN-377a255de24ca946	377a255de24ca9465f073b024699b680655672bfc37ffd19f3bbb24a76790d62	TOBS-683a97c74bfee9c5a7da60c0	TOBS-e79eac2b4e75f41e575c42fa	ACT-fb17c38873c9b828a8776b07	OBJ-c30c5b6051650c1ce9b30be4	fd_envipe2024.pdf	f8d72038595746ceac21e5096462b277e757d7501bd3a1b61ac86bf9fc0d57d5	REUTILIZADA_PRE_T0_CORREGIDO	data/curacion-universo/reportes-inspeccion.tsv#reporte_id=RINS-7c611c66bbfffbf1e3c27a8a	f140b637863576619ea2dc18e15ed967c4630cc925b4d09b35d1be9609a8e4df	data/curacion-universo/contratos-inspeccion.jsonl#tarea_observacion_id=TOBS-e79eac2b4e75f41e575c42fa	47dac01e2d9618dcf1afd0f8bbe024092779e17b080a35989602a9bc82bc9d7e	bcb0cf9da687d4468e2ea2af956da852d432096e4ae037dadf8abcaa8795506a	RUTA_LOCAL+SHA256+ACTIVO+TAREA+CONTRATO+REPORTE
LED-T0-2b14401aa78e78ac629a9e19	RUN-377a255de24ca946	377a255de24ca9465f073b024699b680655672bfc37ffd19f3bbb24a76790d62	TOBS-c789293ff51522be78a12231	TOBS-9ca7db4ec77035f7b7904d22	ACT-b7a0f5c270b4b210aedfbaf8	OBJ-59fbb4b3c9e5f252a506e8a6	ejemplobd_enestyc_1995_dbf.zip	94b8a908a9ca1a7db211a216f65df1a612973917f8c98389de7a3252c62d6bf2	REUTILIZADA_PRE_T0_CORREGIDO	data/curacion-universo/reportes-inspeccion.tsv#reporte_id=RINS-4a5b6da353ff4362e58d54cf	e1db2336631b10849caddea395981e8fbe12fe29b6dfafdc3757104cfa258517	data/curacion-universo/contratos-inspeccion.jsonl#tarea_observacion_id=TOBS-9ca7db4ec77035f7b7904d22	5eae98cc9db4ab22b330d2cdad00ee8bfe1c4b2b8cb2e444e15912e5a0e6c1aa	16dcea9d31a468d566168aa475e3e3253a5b94b326bdd13d370d95edf0620939	RUTA_LOCAL+SHA256+ACTIVO+TAREA+CONTRATO+REPORTE
LED-T0-2ba78e0e7c171250c57a1daa	RUN-377a255de24ca946	377a255de24ca9465f073b024699b680655672bfc37ffd19f3bbb24a76790d62	TOBS-ee226ad3737178dab16a35b8	TOBS-2456bd950cefa295ab3586c5	ACT-d427e69e6366960a7e5bcae2	OBJ-2fb2b65985f6e71275e9f992	encig25_estructura_base_datos.pdf	09e1b19bcb165979406865360bfdec95a9767640c58565b64d405ceb04e623a2	REUTILIZADA_PRE_T0_CORREGIDO	data/curacion-universo/reportes-inspeccion.tsv#reporte_id=RINS-190fb37704f880f56999df72	33da86fa70eb29aae83e95f696a1838b1c7c6e84d6b663c0afe331e54711b2dc	data/curacion-universo/contratos-inspeccion.jsonl#tarea_observacion_id=TOBS-2456bd950cefa295ab3586c5	3c1a58ca13a6915b597a06fc3e8ae54c84e8004a9acae4033c0e922627138d7d	348254253f4b2370ac7ccadb8abc965cfbe90b9e8dad98e323e5fa2b23313f23	RUTA_LOCAL+SHA256+ACTIVO+TAREA+CONTRATO+REPORTE
LED-T0-2c03a5d27afe240890e60aba	RUN-377a255de24ca946	377a255de24ca9465f073b024699b680655672bfc37ffd19f3bbb24a76790d62	TOBS-898f2a0536591b8e64bae486	TOBS-4a6c1ff6c5c6fcf460be1a52	ACT-d75defd777b149a96310bd99	OBJ-9478dd5b1dc4e6d51022d0b4	mociba2017/mociba2017_bd_dbf.zip	1ffde5f48966f51d665ee40e79be0d81ce6a4b87aed9247ef9f41445be8548ec	REUTILIZADA_PRE_T0_CORREGIDO	data/curacion-universo/reportes-inspeccion.tsv#reporte_id=RINS-b72c0eb36a47ece1fd29dc15	d53ae1eb1b04cbd5c5292676932a7dac10a2a0c6665c06f065b78164aeef7c7b	data/curacion-universo/contratos-inspeccion.jsonl#tarea_observacion_id=TOBS-4a6c1ff6c5c6fcf460be1a52	5e4076f4befca265bf3fc2058e2896bd968548d4b57347c4d71dbc86edc718e7	f5cc8676af086396dddeeed93b735f779b841851b8db9ff52d3f820be7b1349d	RUTA_LOCAL+SHA256+ACTIVO+TAREA+CONTRATO+REPORTE
LED-T0-2cb1255e811b3c67e567941a	RUN-377a255de24ca946	377a255de24ca9465f073b024699b680655672bfc37ffd19f3bbb24a76790d62	TOBS-2c3a254e684632c7a01a7b90	TOBS-319137cf5053fa3af417e176	ACT-efcf490fc92070fc70919317	OBJ-a46c1b7e9222959c218b3955	envipe2023/bd_envipe_2023_csv.zip	030548137ee96eabe73c2de63a59678e7b857aa98889b8df1ccd7a48d0fb7018	REUTILIZADA_PRE_T0_CORREGIDO	data/curacion-universo/reportes-inspeccion.tsv#reporte_id=RINS-a5720cb22827ae21d0f8ff67	467d5f7a5d464aabae20e0892f5952fe25a4cbd04369450f4bac8f0c579eb1c1	data/curacion-universo/contratos-inspeccion.jsonl#tarea_observacion_id=TOBS-319137cf5053fa3af417e176	c915ca4219e5702006aac6e84b6f332d39ee6638a839faa7caeca6424a06c2cb	4c40134345262583f3162be7d5bc36676918d1f9bb5610ee0e1a2a5c4b0be097	RUTA_LOCAL+SHA256+ACTIVO+TAREA+CONTRATO+REPORTE
LED-T0-2ce00a1656fe2145e55160cb	RUN-377a255de24ca946	377a255de24ca9465f073b024699b680655672bfc37ffd19f3bbb24a76790d62	TOBS-b56d47115e64fc630168c4d3	TOBS-00c320a15636d284a9c41c28	ACT-a29371c5c676d163e213d17d	OBJ-9cf2c2fb837a112458110314	encup_2003_cuestionario_pdf.pdf	acae1fe19bad780c6d9d7feda9a1739263a28118956011417cc357200270f24c	REUTILIZADA_PRE_T0_CORREGIDO	data/curacion-universo/reportes-inspeccion.tsv#reporte_id=RINS-8578069993c5ad5e69c3e6f7	8382a83a010ddb9afced53d8022df16f04f4d406ed23dc2864c7710590c85c3a	data/curacion-universo/contratos-inspeccion.jsonl#tarea_observacion_id=TOBS-00c320a15636d284a9c41c28	cd3d8988533bc38d28367b9afc15e0cd5db7088702fd0cd4513d9666e3cf3d87	028163a36b089d9b4373f1ea43884df123ca0a63d72d4ba78a1b52a539858035	RUTA_LOCAL+SHA256+ACTIVO+TAREA+CONTRATO+REPORTE
LED-T0-2e1f84aac7c977f260ba79cd	RUN-377a255de24ca946	377a255de24ca9465f073b024699b680655672bfc37ffd19f3bbb24a76790d62	TOBS-69caa9d99eb30c55df7a9c87	TOBS-a2b87424b3e21add6dadc432	ACT-747dd31c7f33eecbaf977767	OBJ-55ae81f2f9046a346b891f2d	enpol2021/bd_enpol_2021_csv.zip	8307f9e4542093f8d1b2aac5676956c939551c42ce3ae5d08bdcb22bc5e06cfb	REUTILIZADA_PRE_T0_CORREGIDO	data/curacion-universo/reportes-inspeccion.tsv#reporte_id=RINS-c1bed1b598d142b9a7ea192b	7d42f9377c590db2466c199dabaa80e4be00b866468591f7bebe490c2de45ebd	data/curacion-universo/contratos-inspeccion.jsonl#tarea_observacion_id=TOBS-a2b87424b3e21add6dadc432	86bc2f988c4e8ed7db3e7a3b54604d88867290f310fe44faaf17491b6092439b	956dc6687a975d0d0d62cb2b7b5d0b2fcff0bf76c71df3885b5cf7bd8d8e8518	RUTA_LOCAL+SHA256+ACTIVO+TAREA+CONTRATO+REPORTE
LED-T0-2e7933158b51f28fe9aad85f	RUN-377a255de24ca946	377a255de24ca9465f073b024699b680655672bfc37ffd19f3bbb24a76790d62	TOBS-0e34334f2fc50751a9650e2e	TOBS-be3cd51614e89638bb243318	ACT-9dde1a68a9e68f416a083dee	OBJ-125d9f13bceb221b89131b8a	ennvih/ehh05dta_all.zip	fc4ea4ae7d0cf4bc906bb46ad5e1e7444b9c24f8e0c569ae3f6e5a9b72453c1a	REUTILIZADA_PRE_T0_CORREGIDO	data/curacion-universo/reportes-inspeccion.tsv#reporte_id=RINS-538945260bd2e544718bd503	86366d7b029e3f19d55b257941613f68271fb471fc363c2ab6160742a2b05c82	data/curacion-universo/contratos-inspeccion.jsonl#tarea_observacion_id=TOBS-be3cd51614e89638bb243318	81771863c6a79347c71c22e7692e5a6c0d7f4be501870fc0c71711904b8c7276	ce4ef94d3896d3e9cdbb141fa9f612f8d8cabfdf0b5a03882b462cba655a3d9b	RUTA_LOCAL+SHA256+ACTIVO+TAREA+CONTRATO+REPORTE
LED-T0-2ebeb7dc9fea05bd50309185	RUN-377a255de24ca946	377a255de24ca9465f073b024699b680655672bfc37ffd19f3bbb24a76790d62	TOBS-be7e731cf169a64ecbc7bba2	TOBS-bee87c5433fbc62ef03d7ee7	ACT-f5bdf090e39fa3deed0f4ed8	OBJ-99ec2b275474e58ca98ead91	ennvih/doc/eloc09cb_bcc2.pdf	65d51b1e33cb407c12797103800289189e566d406ad5cfc041de500aa10b3203	REUTILIZADA_PRE_T0_CORREGIDO	data/curacion-universo/reportes-inspeccion.tsv#reporte_id=RINS-8e110e3c87166a0d86dfc4fd	b3502e5a36624b28f6f77147f102093bdb41f528e7b77f501d4d0c30c55a7626	data/curacion-universo/contratos-inspeccion.jsonl#tarea_observacion_id=TOBS-bee87c5433fbc62ef03d7ee7	a327a8ac704dec39f01fe0a605bdfa5e83928092c2b95c706458ce68bcd6e6a4	f7dc6b1b1f894b11356e1159f5d86741e1c6d85ef7acb0b5956f5aced1a305b8	RUTA_LOCAL+SHA256+ACTIVO+TAREA+CONTRATO+REPORTE
LED-T0-2f1398b040b5838eca42974f	RUN-377a255de24ca946	377a255de24ca9465f073b024699b680655672bfc37ffd19f3bbb24a76790d62	TOBS-3dfc2a50dd2f188cca7434d4	TOBS-038bd74457652b33f6c4d28c	ACT-0d72f02b036cdc6d4f80634d	OBJ-af4a406d8010f9a2a6098db0	R3.4_Banxico_CoDi_SPEI/banxico_sie_cuadro_CF883_dispositivos_enrolados.html	f6456499e8ab2e498cf0995308f6a14250ae9529611fe9320a578642d85c5b1a	REUTILIZADA_PRE_T0_CORREGIDO	data/curacion-universo/reportes-inspeccion.tsv#reporte_id=RINS-f80fa599ffa9b229fa1b6520	1a1f209716076de38f7dce311640acb353c6b6af80fa6f77f9d068b98c6abc08	data/curacion-universo/contratos-inspeccion.jsonl#tarea_observacion_id=TOBS-038bd74457652b33f6c4d28c	9ee66b0fd896603646a9af1e40bb18a9e99c0c2f603c77de262299a6737eda19	01ece685903d3d0d14ecd23d43e433a257cf97ee54ab28f6ef8a50642422f2a2	RUTA_LOCAL+SHA256+ACTIVO+TAREA+CONTRATO+REPORTE
LED-T0-2f14601767131ecd5657eb85	RUN-377a255de24ca946	377a255de24ca9465f073b024699b680655672bfc37ffd19f3bbb24a76790d62	TOBS-4c406a9159a95a808543e820	TOBS-e8b7fdfc7111b18c1094dde5	ACT-1c0bc66b47ad58a3b08d068f	OBJ-128210d3d322c83dde2efd57	engasto2012/hogar_dta.zip	03c47fdeae7d93d840250628f8935fd8035eb65de54e4080dd296eeca2b2acee	REUTILIZADA_PRE_T0_CORREGIDO	data/curacion-universo/reportes-inspeccion.tsv#reporte_id=RINS-45def3ea32d774a66f706515	b10f4832610b8f90bec5e8114503c5119256ff5f3c49328402d10b17ca771587	data/curacion-universo/contratos-inspeccion.jsonl#tarea_observacion_id=TOBS-e8b7fdfc7111b18c1094dde5	8d867cbecae638cb294bfa73b73d62a0e4f657d50df9ef47680fab0bfe9a18a3	58dbcdcb3322873193514b9ad9073fc7adacc2671eac70622ea5a15bc04c0b13	RUTA_LOCAL+SHA256+ACTIVO+TAREA+CONTRATO+REPORTE
LED-T0-2fc1385c97a723d9b0ff88a1	RUN-377a255de24ca946	377a255de24ca9465f073b024699b680655672bfc37ffd19f3bbb24a76790d62	TOBS-88e17af5449f08741b71f194	TOBS-5f762c1833d6de8b1b707757	ACT-eb484d82b9de7926ef074442	OBJ-be7e3ff624e60e48b7c2b247	encup_2005_cuestionario_pdf.pdf	c6f4a3c77002949fcda99be40f3342f27241916b60e1fd63d3a8a5e3dbb57562	REUTILIZADA_PRE_T0_CORREGIDO	data/curacion-universo/reportes-inspeccion.tsv#reporte_id=RINS-e706cd07bbf9cbd1cf2ec88c	8aedce040a8fcdb0919a9e38e0d664ebc78db4a7b7937763e3c9c737e6e5e3c0	data/curacion-universo/contratos-inspeccion.jsonl#tarea_observacion_id=TOBS-5f762c1833d6de8b1b707757	4cedfe7240b29a7f1651eab6c0730d608705a8a03049bfd78fe22072aed33380	bfd4c65752c6244bed3a9692d2a05d500c443aa94978a41a0648e2f4f65f35b4	RUTA_LOCAL+SHA256+ACTIVO+TAREA+CONTRATO+REPORTE
LED-T0-2fc8879fe7e3f4ec5e5d47e7	RUN-377a255de24ca946	377a255de24ca9465f073b024699b680655672bfc37ffd19f3bbb24a76790d62	TOBS-cffaeb4f5e3dff6aea636e42	TOBS-7537f5b1601e7342b2ac9944	ACT-c837abaf8d3244f13cf55b0a	OBJ-bbc3148835629382ce181324	endireh2021/bd_endireh_2021_sav.zip	bc048cd843eb5c00b987d95b4d95660d3bb8e12ae836f88f2e495b6831c20674	REUTILIZADA_PRE_T0_CORREGIDO	data/curacion-universo/reportes-inspeccion.tsv#reporte_id=RINS-ad9174a3c92a214b8161abf2	0d721f72723df2af0c26691d157448465a52a432c5960aa9d92212fcf6cf8e9e	data/curacion-universo/contratos-inspeccion.jsonl#tarea_observacion_id=TOBS-7537f5b1601e7342b2ac9944	73dccc677b78c80613754031cd5f0072cfe93912184b9c0b00a859156f4970b0	124e57629312cbdebc55a4e9d3b71c3dc2bb505b6ca31ef4ed17296961e004d1	RUTA_LOCAL+SHA256+ACTIVO+TAREA+CONTRATO+REPORTE
LED-T0-312a494ca446539c3388d0df	RUN-377a255de24ca946	377a255de24ca9465f073b024699b680655672bfc37ffd19f3bbb24a76790d62	TOBS-863f9449f4030f16e0d9caf5	TOBS-fcec661719026deea33a19cf	ACT-81d8f4791866ecbf201294b8	OBJ-f85c6a30d428070e4172145d	enif2021_csv.zip	0f314fa3733b4b5519486ed4015fca1c9e0864840bcd5944aa7de27796fe5cd9	REUTILIZADA_PRE_T0_CORREGIDO	data/curacion-universo/reportes-inspeccion.tsv#reporte_id=RINS-73bd95484464bd81e70f19f4	405809887675f0cd791029bbf651e310d88b7e0d4c252d96922d21c8b490138f	data/curacion-universo/contratos-inspeccion.jsonl#tarea_observacion_id=TOBS-fcec661719026deea33a19cf	ebc504c2c6b0b468f84c87c1da13897e6c526fb643b87494037708306e453611	594299c03be3283000824419c7df517b7b1cc4860dff79ba91b0e9b85f88dcfc	RUTA_LOCAL+SHA256+ACTIVO+TAREA+CONTRATO+REPORTE
LED-T0-31415bf0d7f5d2d0dfc7591b	RUN-377a255de24ca946	377a255de24ca9465f073b024699b680655672bfc37ffd19f3bbb24a76790d62	TOBS-e0d69d333b77accf3796b4c8	TOBS-8c552efb4d75832b35c7fd10	ACT-c2919d8427c4fdaff4e30d35	OBJ-85c2d2879379a8a0eb834f13	R8.1_contraloria_social/contraloria_social_2019_2025.csv	3b5a77751a8cdd52405b5145a7596047c48bfdee3967c753171f8598deb2a1d3	REUTILIZADA_PRE_T0_CORREGIDO	data/curacion-universo/reportes-inspeccion.tsv#reporte_id=RINS-8885387216767a2391d2352e	0b4bf70e79feb00d2b67c8caf22daea15a52e99715694ed73eab20437e1d9db2	data/curacion-universo/contratos-inspeccion.jsonl#tarea_observacion_id=TOBS-8c552efb4d75832b35c7fd10	300ea1cf653383c68b100c68e35dd0992daa7937e53ef56ddced8c7c1ebc8d97	dbeca17ea849bd03c52ac9ab8c1c20731e0b7b03fe3cf195ad910c2f5f574e6c	RUTA_LOCAL+SHA256+ACTIVO+TAREA+CONTRATO+REPORTE
LED-T0-339077ef43c5bd9f9a6989b7	RUN-377a255de24ca946	377a255de24ca9465f073b024699b680655672bfc37ffd19f3bbb24a76790d62	TOBS-de6b9f623eed3e08191dd8b7	TOBS-a4dd0be11a4a193c5220ce3e	ACT-7ac5564c003576d7e74e64f7	OBJ-b0a2e1b332ebbfe2c6346a8b	envipe2025/bd_envipe_2025_sav.zip	30f9d2c28a17aec2f7ee548616ef5cb0cc7d0386d5700a699f251395d65e1772	REUTILIZADA_PRE_T0_CORREGIDO	data/curacion-universo/reportes-inspeccion.tsv#reporte_id=RINS-519744a9d1f279e25862dc4f	d48ae6b8a7f1143d39441d707d41cbccc883966d6355ec3b5adb49fa5ad98d0e	data/curacion-universo/contratos-inspeccion.jsonl#tarea_observacion_id=TOBS-a4dd0be11a4a193c5220ce3e	039181c5a89c31d3212edd8a80664af5919ce357e0057017890fe9e06a7ef22b	c2e9caf9a79d745553457abe8bb3e3cad49746867aaf8b7c136510d60af561b4	RUTA_LOCAL+SHA256+ACTIVO+TAREA+CONTRATO+REPORTE
LED-T0-3459b6f7f2365c8cb031a92f	RUN-377a255de24ca946	377a255de24ca9465f073b024699b680655672bfc37ffd19f3bbb24a76790d62	TOBS-a9557531656bb40ce28663c7	TOBS-34e3985fae8e3fd7ce2a16eb	ACT-7265020d8b76e6415c876b14	OBJ-d88787be0caccd50b4502ed1	engasto2012/gasto_de_consumo_ajustado_constante_sav.zip	67864acb791e3044e497df1fcb3d82bd81569c8b3408c6e57be1ecc5bc6dd01e	REUTILIZADA_PRE_T0_CORREGIDO	data/curacion-universo/reportes-inspeccion.tsv#reporte_id=RINS-094d22e17e760ffe9bd83f1d	1d37e4090967e268c188b4665ed42cde699c242f1c3d17c649ce379fb7cbeebf	data/curacion-universo/contratos-inspeccion.jsonl#tarea_observacion_id=TOBS-34e3985fae8e3fd7ce2a16eb	a20863c240be3873d2dc09aaddd7fe45310dbfc7e85bb59accf51b9242097452	dc60ffa8d48f1a6e33d576993573a7f2af643a143ed7780101c742676abc3102	RUTA_LOCAL+SHA256+ACTIVO+TAREA+CONTRATO+REPORTE
LED-T0-35265af6feeb51e0e8092eb0	RUN-377a255de24ca946	377a255de24ca9465f073b024699b680655672bfc37ffd19f3bbb24a76790d62	TOBS-d21e7ca33a7badb92fb65c61	TOBS-b2ae6f5e5c06f99fadabea14	ACT-cf0debc6cdde97528de1d2b8	OBJ-6aa5f39049ccd4f3e00d2fb4	enut2019_diccionario_variables.html	3c47a1341092fdd16e1d7621fc69e744dfdd753247c3e5b24561c05e4905758a	REUTILIZADA_PRE_T0_CORREGIDO	data/curacion-universo/reportes-inspeccion.tsv#reporte_id=RINS-4f3e6969c7c2f37bc2c25ead	54a7117d4e96e2dc803910a356b1d2ca0110fb2119360d880bbb5b65295f0699	data/curacion-universo/contratos-inspeccion.jsonl#tarea_observacion_id=TOBS-b2ae6f5e5c06f99fadabea14	6878adf7a3a5efb3ac7001dd5fd97089a18a5fc7fc468318f0bedc29fc39f214	f9f90a034ab9e3aff7e9b4b1448d73ff82efdc83a013a48dd8d0aa135bb6aa84	RUTA_LOCAL+SHA256+ACTIVO+TAREA+CONTRATO+REPORTE
LED-T0-35d0d520633175703217c848	RUN-377a255de24ca946	377a255de24ca9465f073b024699b680655672bfc37ffd19f3bbb24a76790d62	TOBS-5fe19bd624889fdc42fcf9f5	TOBS-91ed6682efdaea3a4b689356	ACT-b4e42dc7aa0087a20377728e	OBJ-e09c8d2f63f726519a001e24	ennvih/doc/ehh05cb_bc.pdf	498464ca42028dabec82770d95b7187459f4f1991ed61901a21b67d0b84da6c6	REUTILIZADA_PRE_T0_CORREGIDO	data/curacion-universo/reportes-inspeccion.tsv#reporte_id=RINS-cde87e8fd2456ff3884d3f78	4943fae823e09bf4131b6810ab2edd854005b04b88f8361be8b5de210b049390	data/curacion-universo/contratos-inspeccion.jsonl#tarea_observacion_id=TOBS-91ed6682efdaea3a4b689356	3a3ec5b74a9dae4b1f88b8257c0f3c75bfd515a8318356e93e9a0e0c0d2df4de	e7c34fef4685f7506f81938fc091497e5affa158ff6486c1477b20e28b75bfc6	RUTA_LOCAL+SHA256+ACTIVO+TAREA+CONTRATO+REPORTE
LED-T0-36e3105dafb27c2d631c37ec	RUN-377a255de24ca946	377a255de24ca9465f073b024699b680655672bfc37ffd19f3bbb24a76790d62	TOBS-ae7281ad6020c01581da63a9	TOBS-424ece951d63a12cb7e1e5af	ACT-d4c8c664bc5c22b19fe988f6	OBJ-2673bebe9a77567d13bf1399	ennvih/doc/eloc09cb_bcc1.pdf	a696925e99472497f788420866849e3eedbc60137e68ff5ea457ab7ef150c37b	REUTILIZADA_PRE_T0_CORREGIDO	data/curacion-universo/reportes-inspeccion.tsv#reporte_id=RINS-7205eb59b991f7e1e28e5de0	9eb73d99aedbf08463312873297cf10daf14fa9975986e87616500f6c00ff6f2	data/curacion-universo/contratos-inspeccion.jsonl#tarea_observacion_id=TOBS-424ece951d63a12cb7e1e5af	08853dd7f3a917358e21958104f0cff5f7f389b583b8fd04fd55bfcd3b3a2bb2	8248d6b3e2fd11f0d81d5546acc100213a0f55d13c720151224a08a6568004e9	RUTA_LOCAL+SHA256+ACTIVO+TAREA+CONTRATO+REPORTE
LED-T0-3750ccbce29bba290083f1b9	RUN-377a255de24ca946	377a255de24ca9465f073b024699b680655672bfc37ffd19f3bbb24a76790d62	TOBS-6bd66c5e409198025a65679f	TOBS-272ecc3f7e93d832ad66ab66	ACT-a12b208e1568587074ca39a8	OBJ-c3feaecfb1099a2d47ec7451	diccionario_cuestionario_ampliado_cpv2020.xlsx	e728cdac1872be856ba15c2902a77fb6c03e60c2d98619b7ae8988cc82afb6dc	REUTILIZADA_PRE_T0_CORREGIDO	data/curacion-universo/reportes-inspeccion.tsv#reporte_id=RINS-d7868e0047801e2aba2bf7fb	22c887c7db826aafbdd1d2c7150f562e1b407f4f56ecf4feb9488e1daecf4a7c	data/curacion-universo/contratos-inspeccion.jsonl#tarea_observacion_id=TOBS-272ecc3f7e93d832ad66ab66	9606e71fddd6ec62a168612f4abf2ea5c2dc67db908cb06286463709691a55a6	95732b12e90deedcf6fb07e3715820d50cc0cf085d51c49019580a13ef7f7f70	RUTA_LOCAL+SHA256+ACTIVO+TAREA+CONTRATO+REPORTE
LED-T0-38e1b0bc42643d27c7a7d016	RUN-377a255de24ca946	377a255de24ca9465f073b024699b680655672bfc37ffd19f3bbb24a76790d62	TOBS-76030e54639e2bc1fe0dd150	TOBS-a4d6969dba15ec9f3240c915	ACT-414685caa0ab7d3f0f0e0f3e	OBJ-9ac27710d423fb9e537913af	encig2025/encig25_base_datos_dbf.zip	fa92a6ea4119ff1b64986a10b7939ccc1ef02b2af3c127a38c93bed830d6fe59	REUTILIZADA_PRE_T0_CORREGIDO	data/curacion-universo/reportes-inspeccion.tsv#reporte_id=RINS-047dadcfdab420e95cc11141	b8f09c059abe88ef268a52c5bfa7b321ddc97dc05ee322014f031a19cfd61c7f	data/curacion-universo/contratos-inspeccion.jsonl#tarea_observacion_id=TOBS-a4d6969dba15ec9f3240c915	af794a5a33fedf83b1f913fd0b2d2dd14394d3e0b418ac9851ed746a46709ea6	f5dcb0590ea977ff6e4d634720eceb4d6a3d233cde83441763a43bb9ecd54a3a	RUTA_LOCAL+SHA256+ACTIVO+TAREA+CONTRATO+REPORTE
LED-T0-3a4cd0911236bd6749018136	RUN-377a255de24ca946	377a255de24ca9465f073b024699b680655672bfc37ffd19f3bbb24a76790d62	TOBS-6e1d37b15d90ca7b3948d8ea	TOBS-f305c8b2daf49bba61b2a2ca	ACT-d370a12ac6bf1e859ae5604d	OBJ-aa8bcf48334a335071bcbae6	encig15_estructura_base_datos.pdf	1bcf65db52e8fb3b1ecd4806bd53fcde0cfa4ba0ed4a1e57abac27d5890382f4	REUTILIZADA_PRE_T0_CORREGIDO	data/curacion-universo/reportes-inspeccion.tsv#reporte_id=RINS-33ac53d746eba216cf18cc3c	038a252651bf460a8f2d3869e9eff09270c7616fbc90af2bf68d4736e2f775ab	data/curacion-universo/contratos-inspeccion.jsonl#tarea_observacion_id=TOBS-f305c8b2daf49bba61b2a2ca	b82ef774ac20e2794e111b2da5d3055aaf3f0547fa89e8fbbdbfb905bb352d37	722f511b047e93fd4ee7210432b5c56fa5c948480e163677c71470a4c8690df0	RUTA_LOCAL+SHA256+ACTIVO+TAREA+CONTRATO+REPORTE
LED-T0-3a57edb372ac7dfbfb105ca8	RUN-377a255de24ca946	377a255de24ca9465f073b024699b680655672bfc37ffd19f3bbb24a76790d62	TOBS-d0b1806e9844f2398a09bce1	TOBS-529fd34f6cb2f10acaaf6591	ACT-44c1bfbcbc3760d5deb94ce9	OBJ-29d8f448042dbbb6e326b8aa	mociba2017/mociba2017_fd.xlsx	636f2df5f630bb0b894c20d7082628a91c626826528aead3c12880eff9179537	REUTILIZADA_PRE_T0_CORREGIDO	data/curacion-universo/reportes-inspeccion.tsv#reporte_id=RINS-ec84276fb2622f847414a1d1	f78480d61e21283f7a8df4d4c7d0c0363c27e02ae4cbb282fe7dd76dc20c464c	data/curacion-universo/contratos-inspeccion.jsonl#tarea_observacion_id=TOBS-529fd34f6cb2f10acaaf6591	6b81f9e2b0dd62609ec1f8bae8fe416b7ddec9fe994a0fd3daf3688e9b202dec	3a11df4e0d1e046375f80bac5f6230141d6aec205e14644340c4d6517f909d55	RUTA_LOCAL+SHA256+ACTIVO+TAREA+CONTRATO+REPORTE
LED-T0-3b2c3d4b9585c1e8d16dd7a0	RUN-377a255de24ca946	377a255de24ca9465f073b024699b680655672bfc37ffd19f3bbb24a76790d62	TOBS-116f3a16d1d5cb05beb47ebb	TOBS-e8a1eb4e17ba030d9b579e84	ACT-3bd20fdf4b1450eff56fe5e9	OBJ-8b6e7014da61c11a685799e7	enif2018_csv.zip	51f33ec74ccd596dc74b695587310d02e651923467255520aadc4d9fe13461d5	REUTILIZADA_PRE_T0_CORREGIDO	data/curacion-universo/reportes-inspeccion.tsv#reporte_id=RINS-53a75bdca910d0703dd32b8f	a23fe935b340913cf5d49b923dda5771a5f319d5317beec0d5170c24acbabbcb	data/curacion-universo/contratos-inspeccion.jsonl#tarea_observacion_id=TOBS-e8a1eb4e17ba030d9b579e84	c4f67a94851b9b30f2ad9381d349063e7f710549c45913d0baa6fe0c8106a92c	69f8276cbd46f006b65fb0ef19889b604dd841ffb83c2335ff06043aa9469fc3	RUTA_LOCAL+SHA256+ACTIVO+TAREA+CONTRATO+REPORTE
LED-T0-3b5dc425c860fed226d62f80	RUN-377a255de24ca946	377a255de24ca9465f073b024699b680655672bfc37ffd19f3bbb24a76790d62	TOBS-0b6bc35d8f91e71c03f0631c	TOBS-cada001e625a3ca436ac9e46	ACT-441af953567a63aef5517a07	OBJ-0bfbfbdbea97f1528cb6b121	endireh2021/bd_endireh_2021_RData.zip	a29e50210700a8e4ea3a1fddd07be90e046ed66dcf42a00cff49e8b8ae5b3129	REUTILIZADA_PRE_T0_CORREGIDO	data/curacion-universo/reportes-inspeccion.tsv#reporte_id=RINS-0bfc02623960626e5abd514d	d04398f5d59e9b8585c667cf3176c2f16f5b30460a8ea3ba31d1e9b03961b1e0	data/curacion-universo/contratos-inspeccion.jsonl#tarea_observacion_id=TOBS-cada001e625a3ca436ac9e46	e6eb53105c675d47c15a4e5cf41cc7f921f7abbfcb3980aafff6af29b55e361c	ff040f9b9342a7a6164d6901ae1be576478e6f325bbda100fd1e89bd1034720e	RUTA_LOCAL+SHA256+ACTIVO+TAREA+CONTRATO+REPORTE
LED-T0-3b65919b4cb57f7b20b11a95	RUN-377a255de24ca946	377a255de24ca9465f073b024699b680655672bfc37ffd19f3bbb24a76790d62	TOBS-44dd64d521b19e2728e1f90d	TOBS-13b8f4651b0cfeb20dee5938	ACT-17b8d663f8631f41e3438b89	OBJ-e9b4823713ff92b7b960ac93	conjunto_de_datos_enoe_2019_4t_csv.zip	5cdbc8ac79f8366f59f7062ec83bf72cc5140c00b53f4d4cc8f5afe2e07c5efe	REUTILIZADA_PRE_T0_CORREGIDO	data/curacion-universo/reportes-inspeccion.tsv#reporte_id=RINS-88bfe93521df47a342405e00	52a4140d0d34012dd27db17a7bb4829eb2e3e750550e0b8c44ce65427f15593b	data/curacion-universo/contratos-inspeccion.jsonl#tarea_observacion_id=TOBS-13b8f4651b0cfeb20dee5938	df56a3c88ce5ce02e996cc37414ec9f54bc449de891ae48f21899f955c53b36e	234aff37e8b5930115822869bd419895fac3c36785e10108314ee111f9f80072	RUTA_LOCAL+SHA256+ACTIVO+TAREA+CONTRATO+REPORTE
LED-T0-3ca9a02a47fea28338f27605	RUN-377a255de24ca946	377a255de24ca9465f073b024699b680655672bfc37ffd19f3bbb24a76790d62	TOBS-28e284d518817052f83fe4ed	TOBS-b38385ede784a7320d83026a	ACT-283567f0c6fe716f860efc4f	OBJ-9b9bbf2931a4fe6dad7f6ab5	ennvih/doc/ehh09cb_b2.pdf	12c84fc5b88f49984b4df392137f8b2cf58085eacd07f74f4bb93ecb0ba8e4bb	REUTILIZADA_PRE_T0_CORREGIDO	data/curacion-universo/reportes-inspeccion.tsv#reporte_id=RINS-076daedb3f548ed575ffadc8	1190b4e1b946a9ff212f82c0d5609a7fe8efd59d816597e2dc5db12c1a770488	data/curacion-universo/contratos-inspeccion.jsonl#tarea_observacion_id=TOBS-b38385ede784a7320d83026a	f730034587984bef7a457804fa8cf5f328c60bdf6bfc541d6c8c0c0a6fc8bccb	73bae8a1418da8a723e339a03ec0232fedb0dfa847e68368187ee4fa29b169c8	RUTA_LOCAL+SHA256+ACTIVO+TAREA+CONTRATO+REPORTE
LED-T0-3cf21decf4fe35a00e4d1ba7	RUN-377a255de24ca946	377a255de24ca9465f073b024699b680655672bfc37ffd19f3bbb24a76790d62	TOBS-a1c591bf36d7cfe77cbd5044	TOBS-bb30843cb669b45ad0a8b3b7	ACT-bf33dce6a85ef90472c473af	OBJ-8c9f480ab8dc6ae12695f68b	enasem2018/enasem_2018_bd_csv.zip	bfd8ffd172e2728f7822a953e338bfbd47fd181f8f4725866d98a12b41c13a3b	REUTILIZADA_PRE_T0_CORREGIDO	data/curacion-universo/reportes-inspeccion.tsv#reporte_id=RINS-3d27bc71bc1aaf9e4544b963	55867b225d40e292ea5b35dc10e7a8e8d4eabc3002984fe9ebf87792e11e670a	data/curacion-universo/contratos-inspeccion.jsonl#tarea_observacion_id=TOBS-bb30843cb669b45ad0a8b3b7	853aa2c73e5e1c6d880ffe4bab852ab34d163d443104ff7573f1ca78ac3d3ee5	873bc2439242d6ec8781ac24fc5877bf2578bc30c0cfaf24d328134aba7907e6	RUTA_LOCAL+SHA256+ACTIVO+TAREA+CONTRATO+REPORTE
LED-T0-3f1694f7f314e583683cc558	RUN-377a255de24ca946	377a255de24ca9465f073b024699b680655672bfc37ffd19f3bbb24a76790d62	TOBS-38ff4b82b569efaa5255e86f	TOBS-55e928aab36fef76b1ec7db6	ACT-91302f81e9a6d6fffcaa05bd	OBJ-4a79ee1c6cf8aaee8c6cd4f8	ennvih/doc/eloc09q_bcc1.pdf	1a5dc8449f77400cc2c2a47f48fcacfe3ccc3d1bdc4c43ed1b77ec32640adf8c	REUTILIZADA_PRE_T0_CORREGIDO	data/curacion-universo/reportes-inspeccion.tsv#reporte_id=RINS-f21520c2bfde6b92fa67b361	f6ffba64fd9f631119d483d3c593cfe2ec84d85a7fe1f26a80717a1dde676f22	data/curacion-universo/contratos-inspeccion.jsonl#tarea_observacion_id=TOBS-55e928aab36fef76b1ec7db6	f9c209b24153b6c779978b21f2a3b19b60db270b0252b2c8c65e601bce9311b1	fb3c2653d16659c163d0949d9c8ba35ffda4e39be55a1ff2fc895f28782f74ff	RUTA_LOCAL+SHA256+ACTIVO+TAREA+CONTRATO+REPORTE
LED-T0-3f242f113aa78af89345ea93	RUN-377a255de24ca946	377a255de24ca9465f073b024699b680655672bfc37ffd19f3bbb24a76790d62	TOBS-438a7c12cc017b2d1ffab0b8	TOBS-0be9750619ce1ea4947840ba	ACT-f65952fd3050db5517180588	OBJ-cc0c835661bb6fcbdb504d9b	mociba2016/mociba2016_bd_dbf.zip	29941a375e0f23c1bec26c6e82c6e8cac4a4421055cc7dfee6d23874ede2dfa8	REUTILIZADA_PRE_T0_CORREGIDO	data/curacion-universo/reportes-inspeccion.tsv#reporte_id=RINS-2fb20840b4478445059f190a	b28b24b2e6df7f609ad9c090641fa43a32c3f0ab66b8e45a743b984d61a5ac78	data/curacion-universo/contratos-inspeccion.jsonl#tarea_observacion_id=TOBS-0be9750619ce1ea4947840ba	95c059d26a3429458de99d176b147decd911d622e82a351ddd3e1fe95160f91e	519b8f2874fdf0a87b9d5db4668b5062b4d8deacfba837111c5c8cf19e886568	RUTA_LOCAL+SHA256+ACTIVO+TAREA+CONTRATO+REPORTE
LED-T0-40452f9c3c57e902b8c970ea	RUN-377a255de24ca946	377a255de24ca9465f073b024699b680655672bfc37ffd19f3bbb24a76790d62	TOBS-f1a47c4572453e425bb1628b	TOBS-4b9b5dda19a16a8263083969	ACT-9185b6b858e40d507c522733	OBJ-998deb085be12df16f845afa	endireh2016/bd_mujeres_endireh2016_sitioinegi_stata.zip	6f6a80e31717da6d83e8512e977d3bf4915a12b728a62dbffe4a23dc770b03b2	REUTILIZADA_PRE_T0_CORREGIDO	data/curacion-universo/reportes-inspeccion.tsv#reporte_id=RINS-b67149d1a2cb16fb5e6617e9	6e4331919bbb9a3be04989f6021e8b50aadb15396331a0381eedfdbd29eb53cf	data/curacion-universo/contratos-inspeccion.jsonl#tarea_observacion_id=TOBS-4b9b5dda19a16a8263083969	3625a65baf629b9285d0e6970934d5046322b0298f3913a51c337d7f8e4b742b	146590bc6705bf71922c7384f5f19abdac38187f6d3c418e96503619c9ccfae7	RUTA_LOCAL+SHA256+ACTIVO+TAREA+CONTRATO+REPORTE
LED-T0-412007522ce832fdc79f0bdb	RUN-377a255de24ca946	377a255de24ca9465f073b024699b680655672bfc37ffd19f3bbb24a76790d62	TOBS-e5fc344d5fd34be172cc2eb1	TOBS-923a66946aa90e609a295428	ACT-25d734a95300770a8a445713	OBJ-f837ffed3206de34c4d6d62a	encig2023/encig23_base_datos_dta.zip	082253153ae48ebd0c6b31183b7a4e969ef2caa09825d32bc9396b04bc159c10	REUTILIZADA_PRE_T0_CORREGIDO	data/curacion-universo/reportes-inspeccion.tsv#reporte_id=RINS-4afd07464ca1eae9da366bc4	55c66e0de37cf384ac7b6ac252d0a0a78e77799c75f5304ca1e1485c7b499f99	data/curacion-universo/contratos-inspeccion.jsonl#tarea_observacion_id=TOBS-923a66946aa90e609a295428	68f874190b1d209198834182d57bd3aae9b65405ba4cc41175ed3d9e6afe8113	da8ec762a947d206adf6e37cc2894b255b181d93e01c59b0cb0acf79e087f092	RUTA_LOCAL+SHA256+ACTIVO+TAREA+CONTRATO+REPORTE
LED-T0-415527f77fbefc7acee72508	RUN-377a255de24ca946	377a255de24ca9465f073b024699b680655672bfc37ffd19f3bbb24a76790d62	TOBS-fc97771049565417d7277611	TOBS-35bc16a1d56b7cebe27c9b8b	ACT-1380c4b9ce32653daac87d84	OBJ-a07d84ec99fa489d384a0e94	R3.4_Banxico_CoDi_SPEI/informe_anual_IdMF_2019.pdf	fc9ed33813a22cc143df21c9ce25cf499a2a5d2ec16b3fc6da451b4ec73a188a	REUTILIZADA_PRE_T0_CORREGIDO	data/curacion-universo/reportes-inspeccion.tsv#reporte_id=RINS-5c9d35493e4515d8fa34817d	cec1284f9a465611082a7f6e888b5002c708b97db93c852ae415ca057d95fa57	data/curacion-universo/contratos-inspeccion.jsonl#tarea_observacion_id=TOBS-35bc16a1d56b7cebe27c9b8b	69e8909b8258c0ea623bb083d22efbdb1cb26a7a5445eb18df579371b4482e97	d8e6b341c79ffe72e13887737cb347138aa0ec39ced2347b16399453b1ecb1ec	RUTA_LOCAL+SHA256+ACTIVO+TAREA+CONTRATO+REPORTE
LED-T0-417e9f1f6b99c4c6edd98bb8	RUN-377a255de24ca946	377a255de24ca9465f073b024699b680655672bfc37ffd19f3bbb24a76790d62	TOBS-d03c7e74fcdb728d37fb703d	TOBS-c0679c2da406ffcdc3b4efcf	ACT-ed3cda7cb1281459970ea57c	OBJ-07800a46f6ae0be8b2326d14	cuest_modulo_envipe2022.pdf	ff0d161dccc342716ee85a1b7ffa395e811ca400bbe2cfb72c005191bf8e041e	REUTILIZADA_PRE_T0_CORREGIDO	data/curacion-universo/reportes-inspeccion.tsv#reporte_id=RINS-7d4964dcb8cffb2942565b20	111902d1b0877d5c0c898475228236d1d658e9bd5d0425b90b2b97d70fc5be41	data/curacion-universo/contratos-inspeccion.jsonl#tarea_observacion_id=TOBS-c0679c2da406ffcdc3b4efcf	ff3b31b0d83aa18f0e39d7f51ccc075ff4f86c938232bd6f68182ccbdd321cea	9a332c32033d9de7749daed6a4071f11a82550f23548d08bb2081419cc7b060a	RUTA_LOCAL+SHA256+ACTIVO+TAREA+CONTRATO+REPORTE
LED-T0-42a5b6e8f54e89b927e81b58	RUN-377a255de24ca946	377a255de24ca9465f073b024699b680655672bfc37ffd19f3bbb24a76790d62	TOBS-baa39eda7bbaf3b90b329211	TOBS-517685f9ba62431267cb42cc	ACT-f1013a8ca75bf602f8882af8	OBJ-04ea4ded2319b623ad5d4b79	mociba2021/mociba2021_bd_dbf.zip	38ebc56541e5735cda086c1518338c6f8adc3885cd2ec2473ae032c3f5faef85	REUTILIZADA_PRE_T0_CORREGIDO	data/curacion-universo/reportes-inspeccion.tsv#reporte_id=RINS-9f1188e0e3a97c2bc00482d2	6c445ce2a35061a208c04abaccd62a1679276d19e801d2ca51f491c4c303baad	data/curacion-universo/contratos-inspeccion.jsonl#tarea_observacion_id=TOBS-517685f9ba62431267cb42cc	bd89f077ba4630a7c4fea3f289b13c62ff667d83e69a0573493b512ea82d47d1	1131c8132efdd8115e01ace3b3faf5fa63efbc288ab7f036e7b455406d90aaf2	RUTA_LOCAL+SHA256+ACTIVO+TAREA+CONTRATO+REPORTE
LED-T0-42dd78b09317e7a27beee668	RUN-377a255de24ca946	377a255de24ca9465f073b024699b680655672bfc37ffd19f3bbb24a76790d62	TOBS-148ff797f2934926c7cc79bc	TOBS-12d0a7e50949418fa62e1649	ACT-7153310a11766743708c08e6	OBJ-18e69ce70fc136ce6a239275	conjunto_de_datos_enoe_2025_1t_csv.zip	3931e7c9242147da6ebf9badb1e2b9a59d43d95a9811e077232be406c4ce6691	REUTILIZADA_PRE_T0_CORREGIDO	data/curacion-universo/reportes-inspeccion.tsv#reporte_id=RINS-00d6bae06e4a2bde8cfaecac	9896980b29b423184429d7c18e871d79eae412ab5e2fed587918d3c8f55702de	data/curacion-universo/contratos-inspeccion.jsonl#tarea_observacion_id=TOBS-12d0a7e50949418fa62e1649	5f4530fa072d6cf4a36d174a075493a28a76e902e2bafc6f21a2af88196badff	ca15db3344949572d5dea4281ae2c431e25a71a1cf156ef464d42b24ea8a2c4a	RUTA_LOCAL+SHA256+ACTIVO+TAREA+CONTRATO+REPORTE
LED-T0-434a324bd7acb3dcace0e834	RUN-377a255de24ca946	377a255de24ca9465f073b024699b680655672bfc37ffd19f3bbb24a76790d62	TOBS-c8e9456548e98133e18e0079	TOBS-608562f01f2bb1390d456790	ACT-18138bba721750794123c012	OBJ-bf784ca0681c3a72edab8901	mociba2021/mociba2021_bd_csv.zip	bf04c254fb4f2ab2a14a42f535f6d8df615bbcbeb119ce72631c0bc17103d312	REUTILIZADA_PRE_T0_CORREGIDO	data/curacion-universo/reportes-inspeccion.tsv#reporte_id=RINS-3224b008d477ee8499a3cbbd	672abbc945acebb616ab76822d33fad43c88c85daae11b2bcbb047c89bf156f7	data/curacion-universo/contratos-inspeccion.jsonl#tarea_observacion_id=TOBS-608562f01f2bb1390d456790	663b4b58f13f36b5154f07b7ded9a466dc36b007dfad6fedfe6998d44d7fccbb	f0a5a684fed58673b86001a2af550c879b318a4f37864550a5ba6a109c9c233f	RUTA_LOCAL+SHA256+ACTIVO+TAREA+CONTRATO+REPORTE
LED-T0-43bff1fe85e39a5337df32e5	RUN-377a255de24ca946	377a255de24ca9465f073b024699b680655672bfc37ffd19f3bbb24a76790d62	TOBS-82cfa3db924f11bde8ee737f	TOBS-0fd9c68205059df03241ed35	ACT-e58bbdd266d0ca7d1713aca2	OBJ-31cdd564763cb21fce66ac5b	envipe2011/fd_envipe2011.xls	d296c9f18cdb6f89b6d589f3b3665dbe88c2b3ebe50b7c9b955041d76b0fb99a	REUTILIZADA_PRE_T0_CORREGIDO	data/curacion-universo/reportes-inspeccion.tsv#reporte_id=RINS-574b228ec2777aa6623e5f0e	78b346cb4c3b97932d542d2fd2a8f9284f41e09cb74ea5a06c6646334bd4b7ba	data/curacion-universo/contratos-inspeccion.jsonl#tarea_observacion_id=TOBS-0fd9c68205059df03241ed35	74a00398f0a06194224d44a5ff4f187eb44b59f93dcb1561624bc37ca7b9fae8	4cee0b0e1ccc1cd2f20a61d98b004a125fa1d4cb76ceccb7fb9e4d2281d3e713	RUTA_LOCAL+SHA256+ACTIVO+TAREA+CONTRATO+REPORTE
LED-T0-4449132738ddead7fb56b02e	RUN-377a255de24ca946	377a255de24ca9465f073b024699b680655672bfc37ffd19f3bbb24a76790d62	TOBS-6300741dd1e5ece00ee0489c	TOBS-f3ef01056e77c12385e4b8ac	ACT-28dae0c9d0e0617aa8a1e24a	OBJ-c1ec7d47a197b6fd46a601ed	eder2011/eder2011_descripcion_de_archivos.xls	f4387aaf94ae00c2a76b7cc216c132e8e1ac6afb5ce102a2e1b8740268d3a9c3	REUTILIZADA_PRE_T0_CORREGIDO	data/curacion-universo/reportes-inspeccion.tsv#reporte_id=RINS-30252eb1bc739373aab776cc	971bc37c2af4765dadeb25c691cf311355e5c1ffe17c9174813058f003c93b62	data/curacion-universo/contratos-inspeccion.jsonl#tarea_observacion_id=TOBS-f3ef01056e77c12385e4b8ac	4d359af394d77caaa78dd38a377fb2fd6f411d54c44a720ae8250ad99a2b0aa1	db44da8872690e1afb35ec81fc5d5f80fa5fedb8115d45bb966a3c084318dbe0	RUTA_LOCAL+SHA256+ACTIVO+TAREA+CONTRATO+REPORTE
LED-T0-445e13c59f70c9676f4e548e	RUN-377a255de24ca946	377a255de24ca9465f073b024699b680655672bfc37ffd19f3bbb24a76790d62	TOBS-63d4cec00852d200b5e15f81	TOBS-f79b82d0edfb43350ec09731	ACT-804eac7ca6ed2d0af69066e8	OBJ-df59ff820b8162c870c89b0f	envipe2024/bd_envipe_2024_sav.zip	2af741d8d1ee16c957315b995518ac51b962d94d22a342b2ff65152e87de1ecc	REUTILIZADA_PRE_T0_CORREGIDO	data/curacion-universo/reportes-inspeccion.tsv#reporte_id=RINS-89328dae0aad7ba5e18aba6b	170df88610c6a32554ba81b3d746bc431137a1a441f8e4d0337f15a38ca7ede5	data/curacion-universo/contratos-inspeccion.jsonl#tarea_observacion_id=TOBS-f79b82d0edfb43350ec09731	92a345b4fb5022fd5ff46866a5a15a7debce47115625512d8068726a5abfd74b	195b85e6d65fbc40ab648ae8099e139d6af8986ed9e0997c34a572e50b89fc9a	RUTA_LOCAL+SHA256+ACTIVO+TAREA+CONTRATO+REPORTE
LED-T0-4498c894389b1a395cce36d5	RUN-377a255de24ca946	377a255de24ca9465f073b024699b680655672bfc37ffd19f3bbb24a76790d62	TOBS-78bf8a3cda6a1e1c5a023e59	TOBS-b0f0257b90ccd39cfd374ff9	ACT-ba1b8df881dd055664fd79cf	OBJ-11f981ba04f1befd0fac2fb9	R2.1_R2.2_R10.2_RNM_microdato/inegi_rnm_catalog_330_enaproce2015.html	25d01ec9153514adb967c76979923e1ac4a195bb5d4f4361496f7c46e6854881	REUTILIZADA_PRE_T0_CORREGIDO	data/curacion-universo/reportes-inspeccion.tsv#reporte_id=RINS-420190a461c7fa9c51e6bbfb	a27dad5a1046be635dbf1c46c13a74f353a07f8dd9c19cab7294ebc5c96979f2	data/curacion-universo/contratos-inspeccion.jsonl#tarea_observacion_id=TOBS-b0f0257b90ccd39cfd374ff9	fc79a02ae329414696de5370df9039a3fd488dce693ba294a89a6f2efcf26b6e	d01b0b9e402cade98b0de09d1c3e28904be0757ef73cfce50301773145ba97eb	RUTA_LOCAL+SHA256+ACTIVO+TAREA+CONTRATO+REPORTE
LED-T0-44a71ff01c6f1d84726ee2ff	RUN-377a255de24ca946	377a255de24ca9465f073b024699b680655672bfc37ffd19f3bbb24a76790d62	TOBS-ba3dab955b2418ea7e5b466f	TOBS-50fa1baa1af71fce9c397ef6	ACT-bcfc7df066e0e941c34d9f68	OBJ-e82482d9f5eba6e2a6074847	endireh2021/bd_endireh_2021_csv.zip	e4f1e7b1898cc53b3126ed959a9089091afd2ffdd1439911f5419e6c99c6037e	REUTILIZADA_PRE_T0_CORREGIDO	data/curacion-universo/reportes-inspeccion.tsv#reporte_id=RINS-fedbd1a5d5d66c4ad646706e	e8c53623daa74684b4c8976bdf17d558c3771ead99071d69a60c2484283f4ca1	data/curacion-universo/contratos-inspeccion.jsonl#tarea_observacion_id=TOBS-50fa1baa1af71fce9c397ef6	448304afdcfc11cca9bb7432ca726102b29c5060b237d714b7d78ffe68808252	58f6129fc9e6ae446ddb7f011ab48ab39669eaff1aaf582a9afb29cebfcd81bc	RUTA_LOCAL+SHA256+ACTIVO+TAREA+CONTRATO+REPORTE
LED-T0-450352e3f2ecc4a6a0a09ef7	RUN-377a255de24ca946	377a255de24ca9465f073b024699b680655672bfc37ffd19f3bbb24a76790d62	TOBS-6c50931591b03f2868bf1180	TOBS-02ef240a861b89e01277c8f9	ACT-b9850d30cfa3802103ee3e17	OBJ-e4dbc1deee5b7b567a870cda	cuest_modulo_envipe2021.pdf	390ef00ec15cabb9dcdf86d9fa79e108cea4ef1a2e8fdfcf4f4c409794636e0c	REUTILIZADA_PRE_T0_CORREGIDO	data/curacion-universo/reportes-inspeccion.tsv#reporte_id=RINS-48f4a3c936e73b07816133b7	abd995fe17e0a0bb3bacac85c28cc3c9227eea3a38eecc1bf11e5d859fcf9e4d	data/curacion-universo/contratos-inspeccion.jsonl#tarea_observacion_id=TOBS-02ef240a861b89e01277c8f9	27b16c7df969541c4e88bb2763fdfdbd0fbe5ebaab66b65354792f7ccabbbe9b	86a9e0cf576fcc191148878ae7f672de4ee5b2da1646eb7d1e04cc6bca784950	RUTA_LOCAL+SHA256+ACTIVO+TAREA+CONTRATO+REPORTE
LED-T0-451fea784f9785532893c808	RUN-377a255de24ca946	377a255de24ca9465f073b024699b680655672bfc37ffd19f3bbb24a76790d62	TOBS-78b1a37948e70098d9b90c3a	TOBS-0706bf887bb70c19a29c1232	ACT-5af216c2c20ec2a27ce0f9fe	OBJ-b5c8e0959050bdadc28c1929	endireh2006/fd_endireh06.xls	019b47033407762dc48a849643b35a8d924ee5a6cc391221f8fd2ae79be83e4c	REUTILIZADA_PRE_T0_CORREGIDO	data/curacion-universo/reportes-inspeccion.tsv#reporte_id=RINS-5bbfdc1fffd73c97521d5677	52317f172bf1dc3e6935146a6ff1997163a75cbe1faa9521544dc06e66e6724c	data/curacion-universo/contratos-inspeccion.jsonl#tarea_observacion_id=TOBS-0706bf887bb70c19a29c1232	f986e9fb34f6c3214f891ee0674b370047bebb35e208100cd33e8de2d9b2ae7f	8bd0bd96738d41078e13ac0dcb9ae75090fa1f60f55e28ac6e46e783894b9da6	RUTA_LOCAL+SHA256+ACTIVO+TAREA+CONTRATO+REPORTE
LED-T0-4555d0def9205d9781c19021	RUN-377a255de24ca946	377a255de24ca9465f073b024699b680655672bfc37ffd19f3bbb24a76790d62	TOBS-051a14fa88aca3090035c67a	TOBS-88299c98bf6e7a0d0f171e46	ACT-1a7e165acd98c14e75653e44	OBJ-44167debb0a7d3e01050583b	endireh2011/bd_endireh_2011_csv.zip	8ece557b2ac1d78dc0bfdee1d8f9743b2da1e44184be340d22967d60b10d52e5	REUTILIZADA_PRE_T0_CORREGIDO	data/curacion-universo/reportes-inspeccion.tsv#reporte_id=RINS-bb0e52693b40b9e64a840940	b9cd47892d029d0eec1acb4c0b13d0862b8a2e7073eaa1378d7e4856f6f6d956	data/curacion-universo/contratos-inspeccion.jsonl#tarea_observacion_id=TOBS-88299c98bf6e7a0d0f171e46	b9e54c91b4ff4faa26dbb654732cb537455921a4d5024a81f837e245210e3ada	fb7800bc523ff35f39c12b42b77ec3e8e6e1800439ff45cd14d2bfd2b7edff9f	RUTA_LOCAL+SHA256+ACTIVO+TAREA+CONTRATO+REPORTE
LED-T0-461bd76f77141e3faab23303	RUN-377a255de24ca946	377a255de24ca9465f073b024699b680655672bfc37ffd19f3bbb24a76790d62	TOBS-f1e6a91c7c9a26c5008f2e04	TOBS-327fbe220e2006c39a173a5f	ACT-4cbb6540fa338a4de8bd8159	OBJ-3e4ae8054c2c13cfa8638f4f	R1_1_AGROASEMEX/PAA_componente_subsidio_ramo_ganadero.csv	ccba2019639ea15b9f7cdc47acdfca8cae38dd0737c7a6b21acc496ebf0ccb4f	REUTILIZADA_PRE_T0_CORREGIDO	data/curacion-universo/reportes-inspeccion.tsv#reporte_id=RINS-fa3f68bb8832215362b0c6e9	b320ad47b0726618ae6a5dd2d09161bce6b4b9bc6266395ed51dddde8cee2873	data/curacion-universo/contratos-inspeccion.jsonl#tarea_observacion_id=TOBS-327fbe220e2006c39a173a5f	ff533a79b57b862aa6e948c3e22284cc036033d3d3fb5511cdcdffdec90b6792	6a78cd305f651c33b91e62829032bbc6cd74a1164e044ae9b2de47426d251852	RUTA_LOCAL+SHA256+ACTIVO+TAREA+CONTRATO+REPORTE
LED-T0-463ecb23cf1829ba4cc6c6cc	RUN-377a255de24ca946	377a255de24ca9465f073b024699b680655672bfc37ffd19f3bbb24a76790d62	TOBS-1509e8b546a6395606a77c89	TOBS-894c9c07aaff790aa2862737	ACT-44d7d2fbc4e301800e641c8d	OBJ-01de6efa456e94ffb87a7e0c	edr2024/defunciones_base_datos_2024_dbf.zip	a8acb8f0f5aab9d06bf50e55db0f1c2de3e3c32597e0f0aa7c62d0530c17ee3b	REUTILIZADA_PRE_T0_CORREGIDO	data/curacion-universo/reportes-inspeccion.tsv#reporte_id=RINS-429c7823a7672c37b2c8e0fa	5300cc8abeb34e2f1bb72b38553aabb05c61eeef89c42a68de104e1b8df8ee9b	data/curacion-universo/contratos-inspeccion.jsonl#tarea_observacion_id=TOBS-894c9c07aaff790aa2862737	98bba6e50e6f82343ecc4398055847c432aaeccba29af5ce3060ca67e83ebba0	450e34f96082fff82e5f7fd8e7bdbada4e0b169afad4e686f39a3166954b8130	RUTA_LOCAL+SHA256+ACTIVO+TAREA+CONTRATO+REPORTE
LED-T0-46bd02e9f88880323c021950	RUN-377a255de24ca946	377a255de24ca9465f073b024699b680655672bfc37ffd19f3bbb24a76790d62	TOBS-9bb7ba00429c73f8e73cf9cc	TOBS-9789fb791073cdfb8e093292	ACT-06897372beecc95996e550d0	OBJ-20b0a3b6a5223ddaaa48dd60	encig2011/fd_encig2011.pdf	62923b38a66f6081166d9882042a816e7deaff3cdc0f3e755e10933ff68d1d8e	REUTILIZADA_PRE_T0_CORREGIDO	data/curacion-universo/reportes-inspeccion.tsv#reporte_id=RINS-53af1242605f0638306935f2	e7e0fda5f3e95506866b202494ae000b2f8ee08e2978e167397eac74b295ce02	data/curacion-universo/contratos-inspeccion.jsonl#tarea_observacion_id=TOBS-9789fb791073cdfb8e093292	f29af6c66ceb7de2ce64806b886052cf6f98c9631f04d84b87098cdc2ff43959	3227d3a1cdcbb28e9811dc9a2a666ccd6b349499c96bef722350e469583b8816	RUTA_LOCAL+SHA256+ACTIVO+TAREA+CONTRATO+REPORTE
LED-T0-46c3334f25354e39b3a222fc	RUN-377a255de24ca946	377a255de24ca9465f073b024699b680655672bfc37ffd19f3bbb24a76790d62	TOBS-875da8fb5db6c53f5743c47a	TOBS-c29713ef14ed9a7a36d6226b	ACT-903d8b1e6a56705fef1b5724	OBJ-f247bc4bc16425cefe8e9fc0	envipe2023_csv.zip	0dcc00a7fc37b79806f1bf1b85b12cd090b5ecc8e76983a3a1a861f2ef3fb404	REUTILIZADA_PRE_T0_CORREGIDO	data/curacion-universo/reportes-inspeccion.tsv#reporte_id=RINS-182a130a7b44d096320fd57b	e76d900290792ce8f8a4c162f9feb1e9603d6959b268a3d7c548c11a3d2011d6	data/curacion-universo/contratos-inspeccion.jsonl#tarea_observacion_id=TOBS-c29713ef14ed9a7a36d6226b	2cc1a9f91ea81313c658859b7a7386e4935dfb9666f4251eb52de4776cd181d9	11470c3e72b3f7a0f916402dd1ab23b29bc6cda292944c1d2a4c3c15e6bab356	RUTA_LOCAL+SHA256+ACTIVO+TAREA+CONTRATO+REPORTE
LED-T0-4727817869e8d2bb063991d3	RUN-377a255de24ca946	377a255de24ca9465f073b024699b680655672bfc37ffd19f3bbb24a76790d62	TOBS-f975a3259352f96560743045	TOBS-8e3db753a6c6c58323960258	ACT-eef436d9767542125295f408	OBJ-a77ba4e7dcae09af725e61a4	ejemplobd_enestyc_2005_dbf.zip	8415df5113376e2c181152c3b78b77877d135599f7fea0306658b79f76e6dd3c	REUTILIZADA_PRE_T0_CORREGIDO	data/curacion-universo/reportes-inspeccion.tsv#reporte_id=RINS-b0f1c2125f501b56bcbfdba8	db71b47770339a0118aa056b4b59dcbc82750f9adaf3180441a13ddcfad0fdee	data/curacion-universo/contratos-inspeccion.jsonl#tarea_observacion_id=TOBS-8e3db753a6c6c58323960258	a638667f3d549c50505fa020316de6496ee408c80c1e368ffcb22d0fad6c37cf	f302d46b4a8d4bb2c84846a9c614614c75c61dad798cfcf914a008ccea7bcf7a	RUTA_LOCAL+SHA256+ACTIVO+TAREA+CONTRATO+REPORTE
LED-T0-479b672c56390a3df1f3429a	RUN-377a255de24ca946	377a255de24ca9465f073b024699b680655672bfc37ffd19f3bbb24a76790d62	TOBS-1f93285df3028a0138cb6baa	TOBS-2888a4801ca491063a9475d3	ACT-688194defe2a45178f3dd2da	OBJ-f9ffa07141fabd729873a2ad	conjunto_de_datos_enoen_2020_4t_csv.zip	c80d258fcd8a0975be4dcb49b0c4162ba46c1caa9a1f2af158b08a9195c62962	REUTILIZADA_PRE_T0_CORREGIDO	data/curacion-universo/reportes-inspeccion.tsv#reporte_id=RINS-4c71c1d2b98bcb616def7b8d	2cd71be97d9e82b228861e5ee2c4d411b3321158ab0ce70a8d2335d22fbbb728	data/curacion-universo/contratos-inspeccion.jsonl#tarea_observacion_id=TOBS-2888a4801ca491063a9475d3	6f56d8bb6185eaeeb341652ebbd7d4d9fdd984f02ded2d9cd9ecec102c947bb2	8d98452fcc4e2877b02fd5a6308ed2967699588138d7c5de8eba0729a578f971	RUTA_LOCAL+SHA256+ACTIVO+TAREA+CONTRATO+REPORTE
LED-T0-47e8b26c19ba057e4aa629bd	RUN-377a255de24ca946	377a255de24ca9465f073b024699b680655672bfc37ffd19f3bbb24a76790d62	TOBS-aa7675301b10dbc5420a44a6	TOBS-9db51a5d040da9dfcd679c6c	ACT-44ac87a7c503383724c3a0ee	OBJ-8c19ce24d348c5d36118af26	engasto2013/viviendas_dta.zip	3e7d5da238523b0107ad37e965d4cc5908219586e3322ac530be5295a7960978	REUTILIZADA_PRE_T0_CORREGIDO	data/curacion-universo/reportes-inspeccion.tsv#reporte_id=RINS-dd574ecd7ec610ee267bab66	9ecfa03fb950b20d3196c4099a845af3c2211c969eb1ea6a0d6f5671a795fa40	data/curacion-universo/contratos-inspeccion.jsonl#tarea_observacion_id=TOBS-9db51a5d040da9dfcd679c6c	5cd90dfdcb90e0f520194efb94742c741224c8970b3e6dd910fdb49f3e4930c3	75143ce29b6fde487f6b9795fe9968a419d2c836f063910c455092a675bd050f	RUTA_LOCAL+SHA256+ACTIVO+TAREA+CONTRATO+REPORTE
LED-T0-4836e4783d537d32156ae644	RUN-377a255de24ca946	377a255de24ca9465f073b024699b680655672bfc37ffd19f3bbb24a76790d62	TOBS-9a3362aa70404dc591a6784a	TOBS-c64da2234550ff7fc4695a39	ACT-98abfc68b4378882670e3aa9	OBJ-6f63c7179d70f878565f9550	R2.1_ECCO/SE_REPORTE_GENERAL_ECCO_2023.pdf	ec47822d2a7b08327eebc70d4cb9bb1da947b04ca565c55768958b1243b866ea	REUTILIZADA_PRE_T0_CORREGIDO	data/curacion-universo/reportes-inspeccion.tsv#reporte_id=RINS-8d9c6f26fba6d60704aa5d78	b781d88dea28221c5ce24bca6bdcf8ef9e84aa4350fd610721d3e40ce23d4c7a	data/curacion-universo/contratos-inspeccion.jsonl#tarea_observacion_id=TOBS-c64da2234550ff7fc4695a39	61ad90cbd8c1d9b6700ef63524c280ed657b1efae93d6eb00d2e6e808b5005d4	ce191210261949fbee6635b8b84518f6fe2fdfebca5f77de48e4671d3c346d8a	RUTA_LOCAL+SHA256+ACTIVO+TAREA+CONTRATO+REPORTE
LED-T0-48a6f82432df44b70c2dc9ae	RUN-377a255de24ca946	377a255de24ca9465f073b024699b680655672bfc37ffd19f3bbb24a76790d62	TOBS-1cbdde00da9899371e456fb4	TOBS-b17de7a4c1b8a14311f6680a	ACT-b9520476598619220d212fe2	OBJ-cd0b72098e58a07894b2d5a1	envipe2025/bd_envipe_2025_dta.zip	0beede6230be70e48274b2abc29799dc88c549d10ca97478c86126f909c148e3	REUTILIZADA_PRE_T0_CORREGIDO	data/curacion-universo/reportes-inspeccion.tsv#reporte_id=RINS-4cf1dcd7ad62d0d2e6ae0839	a4a483a42031abdec15d8c95e89fff7abf937d986b12228e01b1bc0b72f2ec4b	data/curacion-universo/contratos-inspeccion.jsonl#tarea_observacion_id=TOBS-b17de7a4c1b8a14311f6680a	2ec9d61ec8b072158363b2c2781ab75c957b3f52b2026127aa50bdbd8253bc57	0ecfe04de42097b53a44a229f06f5854861d8985dcfcfad15bd85f2f3ccda1cd	RUTA_LOCAL+SHA256+ACTIVO+TAREA+CONTRATO+REPORTE
LED-T0-49bd54e4431f374226e07530	RUN-377a255de24ca946	377a255de24ca9465f073b024699b680655672bfc37ffd19f3bbb24a76790d62	TOBS-5f090a33e1683a86b24d81d7	TOBS-bc31d4b5c955b110bf53b80b	ACT-6f6363e16a3f151da5141c22	OBJ-ef985f9c78b7b0706b031e0e	ejemplobd_enestyc_1992_dbf.zip	5cb644cabc2fecf0d085175a1f18f17ae79646ae72cc29e9ee3b293dfd0c088c	REUTILIZADA_PRE_T0_CORREGIDO	data/curacion-universo/reportes-inspeccion.tsv#reporte_id=RINS-dacc82a03a7d21850356ad4c	8c5bbd41a169569acc730f8ccd8c6cfe6e9642dfe8b6e59de266a0f14183871a	data/curacion-universo/contratos-inspeccion.jsonl#tarea_observacion_id=TOBS-bc31d4b5c955b110bf53b80b	880fec2cba8258027888c47eb9a9686ea875ce95eb8922f4b92c21b0a2281b7e	b0c471a0fb23edd9efd269fe49bb47bc495c58ae5ef4245e59fb7bddacde7359	RUTA_LOCAL+SHA256+ACTIVO+TAREA+CONTRATO+REPORTE
LED-T0-49dc417e3d77f76be9f05b9a	RUN-377a255de24ca946	377a255de24ca9465f073b024699b680655672bfc37ffd19f3bbb24a76790d62	TOBS-8c9049ced6172674847c271f	TOBS-68f84a6fa4d7257de6ce5001	ACT-6ab426f5ab8eb520dbad0982	OBJ-f1ef8972c2867fa97c9ca2b7	ennvih/guiausuariov1.pdf	d38ee15b9c6b4681364e75fefeed27a26b216c5974a2a5d5c4c7c213e2eede53	REUTILIZADA_PRE_T0_CORREGIDO	data/curacion-universo/reportes-inspeccion.tsv#reporte_id=RINS-c4d37a7752f38b2a24ed571b	cf7106fccc177ccd61cbaa60f01fee6072cfd7203c8ae5f7a9f11e30b8fb98e6	data/curacion-universo/contratos-inspeccion.jsonl#tarea_observacion_id=TOBS-68f84a6fa4d7257de6ce5001	b1a18aa61b1a87e609c08c854e2b1d89c91fa0b99b0934be2b843d8ea2bf9eb2	7aef12750a46acb726991190698f063a6f376da49e83d5a34fc04df1654fc03b	RUTA_LOCAL+SHA256+ACTIVO+TAREA+CONTRATO+REPORTE
LED-T0-4a7bb8d5449b4953b8be1c63	RUN-377a255de24ca946	377a255de24ca9465f073b024699b680655672bfc37ffd19f3bbb24a76790d62	TOBS-295120afc06777b93576a9a8	TOBS-d6bddc45cf867e05e6c83d2b	ACT-a0155515960f98449fc4f11f	OBJ-53121aa8193c48f90bb88454	envipe2025/bd_envipe_2025_csv.zip	ecb39b8624b7c22fdedcec0e7802437769f22b1e3516841b82ee43bc721ceba3	REUTILIZADA_PRE_T0_CORREGIDO	data/curacion-universo/reportes-inspeccion.tsv#reporte_id=RINS-36ecf5def009da81e95dd760	84f7b8415b94b19ebd2f89c873bdb4a5c0269bd6b9e4e3549c15c432807b9843	data/curacion-universo/contratos-inspeccion.jsonl#tarea_observacion_id=TOBS-d6bddc45cf867e05e6c83d2b	f3922c64601a23055fbcb4f72d0d1b7f81be4d003bd4b168f82c2d99bdf92aef	f9b340746ff9e1f5a82df38cf84f1808a88d7001bed8c4d8a9a9a454b23117a1	RUTA_LOCAL+SHA256+ACTIVO+TAREA+CONTRATO+REPORTE
LED-T0-4b07a0cd28aa56a4be725dae	RUN-377a255de24ca946	377a255de24ca9465f073b024699b680655672bfc37ffd19f3bbb24a76790d62	TOBS-135866a5504519e4bc9ec5fd	TOBS-dc2b367448b01c5cc10b77fd	ACT-bd4f8b10603a8bd41c8c8dab	OBJ-e84c97cc8542e3af06b11ef0	mociba2016/mociba2016_fd.xlsx	bf54150e6b7ed408390c2f2d392177a071bde236e5efeea2a17e72c95c33f5c0	REUTILIZADA_PRE_T0_CORREGIDO	data/curacion-universo/reportes-inspeccion.tsv#reporte_id=RINS-5e6729b0d187da5e5197316a	28ecf372f0eec1243decce9dfd283dc2f83a256e0ef57f56e980686324f6c5ae	data/curacion-universo/contratos-inspeccion.jsonl#tarea_observacion_id=TOBS-dc2b367448b01c5cc10b77fd	aa06eefb517e38e8745b9b0b6c40d6be57426fea3942f751c39ba3fe5edd4c2b	a64e0cf481ff1802c10665ab121b90dfe89ace831317542748bac7975fdaef37	RUTA_LOCAL+SHA256+ACTIVO+TAREA+CONTRATO+REPORTE
LED-T0-4b73906ab256e44fa85ab645	RUN-377a255de24ca946	377a255de24ca9465f073b024699b680655672bfc37ffd19f3bbb24a76790d62	TOBS-27c6cdf20252dfb66f51708b	TOBS-6659b825225747cb0c110f6a	ACT-229952e8abc0fa739ce84982	OBJ-3bafafa031599ece2884f54a	ennvih/doc/ehh02cb_bc.pdf	5f45f149c3c45b68e2b2d3e0dc7193d57109bd2db510ab6c68c036bd7ffe6d09	REUTILIZADA_PRE_T0_CORREGIDO	data/curacion-universo/reportes-inspeccion.tsv#reporte_id=RINS-16bf81ba762cd25be05c9ff9	e1532fae4c8d048d00af2a4508d14d8ff89bef5df058bcfa699eed51b0bf756d	data/curacion-universo/contratos-inspeccion.jsonl#tarea_observacion_id=TOBS-6659b825225747cb0c110f6a	bec371277ffad50a2b462148360731bbc532de6f6e89e602a8b5a3656eee2bfd	f05042c92a3bea015191c08c9e622516061ca079a6faeeaf7f9f54db0ea46734	RUTA_LOCAL+SHA256+ACTIVO+TAREA+CONTRATO+REPORTE
LED-T0-4bbfad3f074d51131e7249ff	RUN-377a255de24ca946	377a255de24ca9465f073b024699b680655672bfc37ffd19f3bbb24a76790d62	TOBS-af68fe5e0f09f03b3ee7d916	TOBS-66a3ef817122e85b1889f846	ACT-36a9c0a07b60716e45d714e1	OBJ-a23c30598592b86b3c8802a9	cuest_modulo_envipe2018.pdf	547115b60aeaf6b52deb1bc51cd3d04bc451f7485c07466396a8f5c0c96ff5d4	REUTILIZADA_PRE_T0_CORREGIDO	data/curacion-universo/reportes-inspeccion.tsv#reporte_id=RINS-7fa5c7a52a8a156fdb1f6574	3831a966a9b2fd7fe548805f6d00eb600bd2d0acec1b9d5b1cc26173fb6c3b4d	data/curacion-universo/contratos-inspeccion.jsonl#tarea_observacion_id=TOBS-66a3ef817122e85b1889f846	d62f98cbc2582a0596f6bca8dc227275f6581f576612117f1e21e9317dd87125	b05ba749104176f59f2ca142e01d0c41f5e99e2d163d960daaf291e6781c6c45	RUTA_LOCAL+SHA256+ACTIVO+TAREA+CONTRATO+REPORTE
LED-T0-4c6436ee3a3636f893490805	RUN-377a255de24ca946	377a255de24ca9465f073b024699b680655672bfc37ffd19f3bbb24a76790d62	TOBS-51a5cc6cff12b72934356f40	TOBS-cf7fe160615448e3c0a16db5	ACT-62aa3b4d2a82a819c3f3c90e	OBJ-a0bf9125132695458637f461	enaproce2015/ejem_base_micro_ciega_dta.zip	b0aea50fac6b454761436398e80c55f4a78024d43e8fa8c35116e582ae5c9435	REUTILIZADA_PRE_T0_CORREGIDO	data/curacion-universo/reportes-inspeccion.tsv#reporte_id=RINS-0853f42af3b4a40942001167	4d54b2045e0533b9cf8901d1d68389a55bb2b3be95956da0d97ea4d88cf268ca	data/curacion-universo/contratos-inspeccion.jsonl#tarea_observacion_id=TOBS-cf7fe160615448e3c0a16db5	d80c524c6a0bb25840bfd1b6be72098410cf715f0d206493e45f61dd7a3de68e	fdbaf1efca37734c528f4777b2e68f6c099a1946457ad8e05f984f11d264a9bd	RUTA_LOCAL+SHA256+ACTIVO+TAREA+CONTRATO+REPORTE
LED-T0-4d98a9f8bb08af9895d4a72d	RUN-377a255de24ca946	377a255de24ca9465f073b024699b680655672bfc37ffd19f3bbb24a76790d62	TOBS-db5a7f6084f420f6f9a73c79	TOBS-b8b2bba9ae1b3196e50cb04e	ACT-71042711587a8ee40515411f	OBJ-5a9a22c3d9d850bbd78f855b	cuest_principal_envipe2025.pdf	a3e08bd496cefd75b17265828a4a9edade0ddbac467a4d71363488d13a8f7228	REUTILIZADA_PRE_T0_CORREGIDO	data/curacion-universo/reportes-inspeccion.tsv#reporte_id=RINS-0bac5fa7ed60abb16ea8f6c5	a78552ca38cb53adaa2157344c49d94e12fa29d19192df4dfb83d06367a32a2a	data/curacion-universo/contratos-inspeccion.jsonl#tarea_observacion_id=TOBS-b8b2bba9ae1b3196e50cb04e	01d45b583e941eba6d83ec50c5467b94507c9b6d6c3409e0e04184f34b62ea8a	cb95fcce21f2ae8ecc2d5ac17c41f6046feedc0b84dd399e40e53dccc1db5741	RUTA_LOCAL+SHA256+ACTIVO+TAREA+CONTRATO+REPORTE
LED-T0-4da91327d76949078770ad00	RUN-377a255de24ca946	377a255de24ca9465f073b024699b680655672bfc37ffd19f3bbb24a76790d62	TOBS-fd1d33e511968aeae0837fe5	TOBS-8ec559cc1c61c0b260b9ac4a	ACT-a1c934a89c25dd018565ac29	OBJ-ece6abddc4e357c18b785420	encig23_base_datos_csv.zip	af733d867a568cbb0dadef4a5a793b02488a71728d1157860f14501f3d4c393d	REUTILIZADA_PRE_T0_CORREGIDO	data/curacion-universo/reportes-inspeccion.tsv#reporte_id=RINS-80b78ffec63d0f7ca50143d4	56a51add36cf2e2ffb7b9bf5333dcd252c3bae51843760039ddbb4f28463acd5	data/curacion-universo/contratos-inspeccion.jsonl#tarea_observacion_id=TOBS-8ec559cc1c61c0b260b9ac4a	3c833ef7232ee619d53de598495ca75f15efa9e92663f53b72dd034fad114b65	49a2fe2cbcbc14cdfd6a79748eb8f62da26c82a5eb348086a3cfed1633300133	RUTA_LOCAL+SHA256+ACTIVO+TAREA+CONTRATO+REPORTE
LED-T0-4de346fbb7cbda36a2e8e745	RUN-377a255de24ca946	377a255de24ca9465f073b024699b680655672bfc37ffd19f3bbb24a76790d62	TOBS-247a56e815657b272857e6fe	TOBS-e31fa5f10ea0722f1bd1b698	ACT-b4bdca0ba34a43378ff37381	OBJ-18ca16033fcfce484344843c	c_amp_v5.pdf	4de904621507815e5b7c5af6262fe3202f5df4a0f3c4985d738d9f971dd70491	REUTILIZADA_PRE_T0_CORREGIDO	data/curacion-universo/reportes-inspeccion.tsv#reporte_id=RINS-3aec6851f7f03ac5090ec9d1	00bcb617292ee15f46978f9bc0f90c60d6f9cf6a72ddce048e964b5445b9db25	data/curacion-universo/contratos-inspeccion.jsonl#tarea_observacion_id=TOBS-e31fa5f10ea0722f1bd1b698	87bc7db7c3c59ca00671cf7dc1637ca17a81d91fc67cdc61301e0bbd6eae2d00	4b7ea2ba41d1ea9df31cdfd12f00edf52dc0d494ff2eb76e02b3b154b80ee177	RUTA_LOCAL+SHA256+ACTIVO+TAREA+CONTRATO+REPORTE
LED-T0-4e05da2faeba202c0724ff69	RUN-377a255de24ca946	377a255de24ca9465f073b024699b680655672bfc37ffd19f3bbb24a76790d62	TOBS-4dd5cbb5a0d20de7f46b9b14	TOBS-a8c1d9d55144672cb9697b9d	ACT-11b43a268b03f60d38e47ac4	OBJ-d9bd33f0b5afde6b230b4b38	endutih2023/endutih2023_bd_dbf.zip	29d195082796c2692bfeb688348de3ed792848781ff7575f91b7da68119f9696	REUTILIZADA_PRE_T0_CORREGIDO	data/curacion-universo/reportes-inspeccion.tsv#reporte_id=RINS-ed0561e0dc19b99c0957fac1	9a334c19934a9ec3ec1373746d232319d6a7564943e5900e0063474a06e0453d	data/curacion-universo/contratos-inspeccion.jsonl#tarea_observacion_id=TOBS-a8c1d9d55144672cb9697b9d	4af5c7a2f50cf3e35b696db101b577cb9a17c6022b9ed7868d98004fb10d9602	69ee07f0af2e3894023f8be05278143dfd7553e199b8051a3235116f9011d80a	RUTA_LOCAL+SHA256+ACTIVO+TAREA+CONTRATO+REPORTE
LED-T0-4e27f64cd682351104fab87f	RUN-377a255de24ca946	377a255de24ca9465f073b024699b680655672bfc37ffd19f3bbb24a76790d62	TOBS-2775b57f80dd096a6b6ad690	TOBS-73b038d5feff1ed6ab81e040	ACT-1b57887bab6fb1dcc14d1836	OBJ-c669717091c7e904d5e0243a	endireh2003/bd_endireh_2003_RData.zip	7acbdf50d043bf171eb0f6449c83640ac993bb802e56a8e7f3de6a9362b8eea9	REUTILIZADA_PRE_T0_CORREGIDO	data/curacion-universo/reportes-inspeccion.tsv#reporte_id=RINS-f8aeb90810b4720687c0de81	da8d5a6c70e698d7232611dbcf9bd9354f4b807cf06bca410be90aefa9610901	data/curacion-universo/contratos-inspeccion.jsonl#tarea_observacion_id=TOBS-73b038d5feff1ed6ab81e040	7b93942f34e8d033fc2f249ad32b28e36c000da04df5674960f4408c88b828bb	ea18ca843c1461ee875adeb52ecfc3665156e054f885a8bcb162cd8402fc51cd	RUTA_LOCAL+SHA256+ACTIVO+TAREA+CONTRATO+REPORTE
LED-T0-4e2898e3fb013aa25311edf5	RUN-377a255de24ca946	377a255de24ca9465f073b024699b680655672bfc37ffd19f3bbb24a76790d62	TOBS-129351e1d65f5e01ea785f1b	TOBS-00e5e21b0a2adb4bd7f833d2	ACT-93cbef9270cf73a0084005ee	OBJ-fdefa3a92ee296fdc35d7f13	ejemplobd_enestyc_1999_xlsx.zip	6e4f8130902dc6cd669e42cbb934dafac6704d6298641f2a35f2709340eb863d	REUTILIZADA_PRE_T0_CORREGIDO	data/curacion-universo/reportes-inspeccion.tsv#reporte_id=RINS-ece6d9d962b437dda89dd076	2c7fcd0be622984fe3b821e5d6fe9a5b9591600696afdd77add1e0d437bc195e	data/curacion-universo/contratos-inspeccion.jsonl#tarea_observacion_id=TOBS-00e5e21b0a2adb4bd7f833d2	47816f688f2d59353b6247dc7c47a4c79efa519afeab65f96a4e5086aa648959	52dcb158dd17d0afae6b02adbb94bfc587178d938767e8eabea16313c106cd71	RUTA_LOCAL+SHA256+ACTIVO+TAREA+CONTRATO+REPORTE
LED-T0-4f0cad5867ed57b40c3d4706	RUN-377a255de24ca946	377a255de24ca9465f073b024699b680655672bfc37ffd19f3bbb24a76790d62	TOBS-c3639cfa87cb242be205b4d5	TOBS-a724a983bb211f9dab79c6ea	ACT-1eef14977412725916ca4997	OBJ-b7e92e2e48b8783e89c8776f	enigh2022_nc_csv.zip	3b2b0bc9c95323b470608113d2902ff3a832764367135f136270b4ce092c9e06	REUTILIZADA_PRE_T0_CORREGIDO	data/curacion-universo/reportes-inspeccion.tsv#reporte_id=RINS-f8caa7851994e3e4dac308a6	3bd92a5d8c365ac50850a127b0fc7edf9cec702a09e97c4d25d86ac59333792e	data/curacion-universo/contratos-inspeccion.jsonl#tarea_observacion_id=TOBS-a724a983bb211f9dab79c6ea	6a3aa72af66e93d4f9e2c481aab56159c117d23928bfa4108cf0d8ac5d1483fc	2d681a1c98391fcf7a960f1980f936bc429e6209a11582467277f1ebea2df1a4	RUTA_LOCAL+SHA256+ACTIVO+TAREA+CONTRATO+REPORTE
LED-T0-4f97bd543e92f5e3f52cfdad	RUN-377a255de24ca946	377a255de24ca9465f073b024699b680655672bfc37ffd19f3bbb24a76790d62	TOBS-e70dccd447228f0456a2c804	TOBS-6b9138161568a9e42d50ea5a	ACT-0fc592e591cdee69984335ed	OBJ-38ab048ca23918cfa44acc8e	endireh2016/bd_viviendas_endireh2016_sitioinegi_spss.zip	169804df37f0fce7cc45e5b39fb865876adfdc9757269c9294e509931c2a6059	REUTILIZADA_PRE_T0_CORREGIDO	data/curacion-universo/reportes-inspeccion.tsv#reporte_id=RINS-890ae9e290cf5e20658ea329	6845ce120a7c9a857fc482eff7f0a7b919fb167317c9b21e072b6a45cc1ab9a5	data/curacion-universo/contratos-inspeccion.jsonl#tarea_observacion_id=TOBS-6b9138161568a9e42d50ea5a	d29ae7d90af62de919999ec4f461d0258cd243ff58c4c8e3c6d6b985cb89e721	e155ca5e3f47ea816972ad606ec4a990ce3fb4c4a2bc854c0a78764634b63f49	RUTA_LOCAL+SHA256+ACTIVO+TAREA+CONTRATO+REPORTE
LED-T0-4fa393833309f005ddc9d459	RUN-377a255de24ca946	377a255de24ca9465f073b024699b680655672bfc37ffd19f3bbb24a76790d62	TOBS-6897f760038c9478b368e604	TOBS-4443ddb08b7c9bace469d94d	ACT-48183b4c4ca97f35327532c0	OBJ-9184567325cb82cd7497bc7c	R4_1_SESTAD_ESTAD/SESTAD_reporte_2021.pdf	f4383a277ad9653486c41a7e29e801df8f88e67b39dd6adfe46e7ecdb5627f95	REUTILIZADA_PRE_T0_CORREGIDO	data/curacion-universo/reportes-inspeccion.tsv#reporte_id=RINS-41ffe360a3864a0f0fc93953	57b8c8bafa10a8c3cd6fd041073a460a1cbf791332ce93fd9fa81d0e32eac3f7	data/curacion-universo/contratos-inspeccion.jsonl#tarea_observacion_id=TOBS-4443ddb08b7c9bace469d94d	5b62e236a65562065dd293b6a80b8919bc4342c1da19d124f0b281378cbb56de	2994bb26c8eff61cbd30f8506131e8e2b3e0cb809806ab5381904126b2e3d6d0	RUTA_LOCAL+SHA256+ACTIVO+TAREA+CONTRATO+REPORTE
LED-T0-4fa5df8786a11711acbd7db3	RUN-377a255de24ca946	377a255de24ca9465f073b024699b680655672bfc37ffd19f3bbb24a76790d62	TOBS-354b537fef9566aa54b92a7e	TOBS-bfbb942ea0fcc05a9885073e	ACT-ffdeb1487897fe875803b79a	OBJ-be8386d446940437670e3b57	R3.4_Banxico_CoDi_SPEI/informe_anual_IdMF_2021.pdf	63e3e08a71dcbdc918ad329bafdcedd446c795342ebebbfc0287ead9ca67cb95	REUTILIZADA_PRE_T0_CORREGIDO	data/curacion-universo/reportes-inspeccion.tsv#reporte_id=RINS-e4ee4ceb8f79e416c322f9d5	2c885c65f0427fb737dc28813c0eeeb2318de957a7484de949a21d1bfbc5222f	data/curacion-universo/contratos-inspeccion.jsonl#tarea_observacion_id=TOBS-bfbb942ea0fcc05a9885073e	6d9e3bd9fee1babdd6311bf4e30d322b2eb47526dfb354d32bd275c58392f94a	cb37fe0ddb043fb0b70f3458451d3f35ba5bc2a16c0e6f98ba1b7f09d7293334	RUTA_LOCAL+SHA256+ACTIVO+TAREA+CONTRATO+REPORTE
LED-T0-5025e6a7340d22ce76b4c148	RUN-89f4c3a49c00c0e1	89f4c3a49c00c0e1ba1f07013e0af10bbc3289fdddc48dde816c37d3da1a742b	TOBS-436f0b7dd82bcb54e82a6079	TOBS-436f0b7dd82bcb54e82a6079	ACT-86c2f6a18e513c1834b18966	OBJ-a66103ad62275fee0a56f884	engasto2013/persona_dbf.zip	fc177b94e8d382d4510f61100c7184254201e30a66749c8873283eb3b0aed2db	INSPECCIONADA_POR_PRIMERA_VEZ_EN_CORRECCION	data/curacion-universo/reportes-inspeccion.tsv#reporte_id=RINS-1b1ffe73871918f75332ebf2	77e5b4e7f3ef1dd4c1cec0165a052fa594fb4efdd69e051b16c5efcb73e7d69e	data/curacion-universo/contratos-inspeccion.jsonl#tarea_observacion_id=TOBS-436f0b7dd82bcb54e82a6079	560a441da36c049d7cb6b263abbc86280dcc1e3bdde3f55c51765d1ef4a5cdfd	4aca6a76692bcab1ca2de0815014dcec9696c124232c8d95c273644b48f9d490	RUTA_LOCAL+SHA256+ACTIVO+TAREA+CONTRATO+REPORTE
LED-T0-50a819e4d4524680d631e789	RUN-89f4c3a49c00c0e1	89f4c3a49c00c0e1ba1f07013e0af10bbc3289fdddc48dde816c37d3da1a742b	TOBS-4f09143eef55523550a5860a	TOBS-4f09143eef55523550a5860a	ACT-ed4295a8a7309d4aef85dfbf	OBJ-96b6bf987d7126de054d47b8	engasto2013/gasto_de_consumo_ajustado_dta.zip	8b12ef504548157c463eaa0374c833da34bfd92623d077201b3cf3bd99158dca	INSPECCIONADA_POR_PRIMERA_VEZ_EN_CORRECCION	data/curacion-universo/reportes-inspeccion.tsv#reporte_id=RINS-f7b6b46f5dda6885ce738794	2c55c5a81a2e1175584a44f23f57807fd977d00c19b4570f2e4f592bc344b93e	data/curacion-universo/contratos-inspeccion.jsonl#tarea_observacion_id=TOBS-4f09143eef55523550a5860a	393de7452f06990af51636ee3c7b0c98d1e8e2a996d4ce41705c8e5729a1bb37	59175b05b08bc80d97d450a16167d73904a1b11c6188a5cfb23ddb8a56b0094a	RUTA_LOCAL+SHA256+ACTIVO+TAREA+CONTRATO+REPORTE
LED-T0-50ba73584c86d7bf7620e4df	RUN-377a255de24ca946	377a255de24ca9465f073b024699b680655672bfc37ffd19f3bbb24a76790d62	TOBS-b09160f9e91ad6ec256fb59d	TOBS-970e03085a8474db22123e79	ACT-0603eb127d0c8c7dcb90f992	OBJ-73df248847f3bbb69c143b4d	mociba2019/mociba2019_bd_sav.zip	80a839471df9e2f591233d2ba1f0d0643f73029350d6f8f7e511e10dd579e557	REUTILIZADA_PRE_T0_CORREGIDO	data/curacion-universo/reportes-inspeccion.tsv#reporte_id=RINS-01acad7b7fcd4575a5ad1aea	19dd2fc4f5ca419cf0c0773ffbcb3f3256c44e14d1ae0bca6c1f245ae6d99516	data/curacion-universo/contratos-inspeccion.jsonl#tarea_observacion_id=TOBS-970e03085a8474db22123e79	6c403561b2b5b722607208d0ac45fb056444c3b9fd2be980d07b09d4622579db	aff84ea24bef7d17d6bab3bd7dc0083fa4a957acfea780cf15d1af6815857f28	RUTA_LOCAL+SHA256+ACTIVO+TAREA+CONTRATO+REPORTE
LED-T0-50c6b143f0535c8efbc233de	RUN-377a255de24ca946	377a255de24ca9465f073b024699b680655672bfc37ffd19f3bbb24a76790d62	TOBS-0d904878e8169c8edef518ef	TOBS-8b836c8ef8a7d726af3494a9	ACT-938529cf64494bf93a4a295b	OBJ-20e2a0c48ef9abc76f5337f8	conjunto_de_datos_enoe_2019_2t_csv.zip	939eea79c9b1f6777af991af0f1966e63ce642976abb0cd5886eb396f3ad903e	REUTILIZADA_PRE_T0_CORREGIDO	data/curacion-universo/reportes-inspeccion.tsv#reporte_id=RINS-d4076b5db68fac09e3a796e5	e55c6399a2b3350e5871f7a9b735078c4788936cca946a17db37e978b061d1eb	data/curacion-universo/contratos-inspeccion.jsonl#tarea_observacion_id=TOBS-8b836c8ef8a7d726af3494a9	b2805bbf3d7786acc9b5698d0d707dc9a03b25d0f8346761e464131a8b68528c	f0a70c18c1c42463e659037d5edd09a9a543c97924315473db311781fd701b9a	RUTA_LOCAL+SHA256+ACTIVO+TAREA+CONTRATO+REPORTE
LED-T0-512c6babdbaa398c6c98ca34	RUN-377a255de24ca946	377a255de24ca9465f073b024699b680655672bfc37ffd19f3bbb24a76790d62	TOBS-369e5791bc56dc0dd67f9c0f	TOBS-120006936e8e936427ce4d7b	ACT-3813a140c5e613edaaf6161e	OBJ-1bfacf3085c8d16196478478	mociba2023/mociba2023_bd_RData.zip	7860c46a622134665054b45d65b2e0a2992587451cb1076ec75e01e96edd92aa	REUTILIZADA_PRE_T0_CORREGIDO	data/curacion-universo/reportes-inspeccion.tsv#reporte_id=RINS-c67ac7429e3abee69eb1ecb0	96d82c8c2341d059c1fd8177d10c0db7d3e75f790b3d04151efc105f2d400fb0	data/curacion-universo/contratos-inspeccion.jsonl#tarea_observacion_id=TOBS-120006936e8e936427ce4d7b	c4d865539669124c3a42f2bff6c12394d48125cec88dcab37622ed8d5dd87fbd	c3c5fa35c16e4240f28737a531ce0dea9c943002f4bbc53db8039c666a661295	RUTA_LOCAL+SHA256+ACTIVO+TAREA+CONTRATO+REPORTE
LED-T0-5155b179a1a3299a9fdb27bf	RUN-377a255de24ca946	377a255de24ca9465f073b024699b680655672bfc37ffd19f3bbb24a76790d62	TOBS-3300e12542c9574d66071a2d	TOBS-8723e88255e0b52667061d48	ACT-09e62bfe4a55df14c0fe39fa	OBJ-59802c8d08b54d75f6a97b6a	enaproce2018/ejem_base_pyme_ciega_csv.zip	91673915121791dac724a6fdbf8c70ac80bee482957ecd614fd0a963069bda77	REUTILIZADA_PRE_T0_CORREGIDO	data/curacion-universo/reportes-inspeccion.tsv#reporte_id=RINS-3004d0f497ed3c0169efbc83	ac547e57506aba1ebd5be38f861d33700e92699b960a06d0330ce999a3194fdd	data/curacion-universo/contratos-inspeccion.jsonl#tarea_observacion_id=TOBS-8723e88255e0b52667061d48	c3b095bde805224cb3f4d09ab0f212f1ff6760abe88e0d158a89f93e96df49ec	fffe01b0d7bb1e27c108bf56261c3e0e599a0b50a993b6b770b3f4ed58f91940	RUTA_LOCAL+SHA256+ACTIVO+TAREA+CONTRATO+REPORTE
LED-T0-517e16c706287d0d051ca8d0	RUN-377a255de24ca946	377a255de24ca9465f073b024699b680655672bfc37ffd19f3bbb24a76790d62	TOBS-7168e6403d66cb5c1855bf8e	TOBS-d841f7e9e11752a0f6c80801	ACT-f3ae6ad2ff7f7c0f88f6c881	OBJ-2171455585c8ac4d26c9b23d	eder2025/eder2025_bases_csv.zip	f6e953778392cd6814cc0ace7e222fc3e98cbbd02eff36510f37046ce7089970	REUTILIZADA_PRE_T0_CORREGIDO	data/curacion-universo/reportes-inspeccion.tsv#reporte_id=RINS-58def1b46402c8e669bafbce	d64cda611e192c8eee9adb4eaafb6798b3a1c27ce20cb956de42e9cde06c2724	data/curacion-universo/contratos-inspeccion.jsonl#tarea_observacion_id=TOBS-d841f7e9e11752a0f6c80801	7e8d9bdd48209de7ac23f15e96cd83ac8f4790501a8724561834b90af1786e00	0011485061616c2141fc5d41e1032810dd46943e5198bfac727cec5f566c8782	RUTA_LOCAL+SHA256+ACTIVO+TAREA+CONTRATO+REPORTE
LED-T0-51aadf79d1f575c951b60abb	RUN-377a255de24ca946	377a255de24ca9465f073b024699b680655672bfc37ffd19f3bbb24a76790d62	TOBS-90c6a331e883949b4d1b7f48	TOBS-49818c8e541c167bf08a0fd3	ACT-50a08d5758f87787176c9ae7	OBJ-32f5139a586ad210c2595d1a	ennvih/doc/ehh02q_b2.pdf	12ae9781aa02226254e37da3dc40255f8a7ff1542f44da6e05d86b16afb7b7ff	REUTILIZADA_PRE_T0_CORREGIDO	data/curacion-universo/reportes-inspeccion.tsv#reporte_id=RINS-a7d06e442cc59c5e0fcffb93	9659f48c53344045adfc6208f8304385d060c5d3851b872a7ff0c4d6b29058b1	data/curacion-universo/contratos-inspeccion.jsonl#tarea_observacion_id=TOBS-49818c8e541c167bf08a0fd3	a48eddf5b08edd7473a76b5ac2136743069e30cb002210ab11a707705fd43d2c	a0ac9a2a9c10a8a5516def39266ce0bd6b06142fde875fc8a6b22b7317257c5b	RUTA_LOCAL+SHA256+ACTIVO+TAREA+CONTRATO+REPORTE
LED-T0-525f8b75407442450c0a82eb	RUN-377a255de24ca946	377a255de24ca9465f073b024699b680655672bfc37ffd19f3bbb24a76790d62	TOBS-4f34c610faa5df9237f76d4a	TOBS-f1f1b8e3a85653a0b6e6bda6	ACT-c66c70c2099638b5e1fce599	OBJ-ad7db3be5ee36bc1e1df5c5c	ennvih/doc/ehh05q_b3a.pdf	1a1a19e21a931f5f579c919874693c28f0783ed9b22d3cfbf642d93cc74ad088	REUTILIZADA_PRE_T0_CORREGIDO	data/curacion-universo/reportes-inspeccion.tsv#reporte_id=RINS-e608e627c563d4650535b9e0	1753a5b39422a3230ff2ecc12d8099fc68f4ebfedc5ce86f325cee4d3219cf6e	data/curacion-universo/contratos-inspeccion.jsonl#tarea_observacion_id=TOBS-f1f1b8e3a85653a0b6e6bda6	6d8105483ce1b2a4026ee3b6acd48450fe933dbb840a09964dbacf3328846a86	81a36242271081956d1035d790faf9fc8d017007c193cb2e256291be57bd441c	RUTA_LOCAL+SHA256+ACTIVO+TAREA+CONTRATO+REPORTE
LED-T0-52786981b2b16ea02b82ef85	RUN-377a255de24ca946	377a255de24ca9465f073b024699b680655672bfc37ffd19f3bbb24a76790d62	TOBS-b366c24f1ff2cf1f7e12debe	TOBS-dd27ece13c73b38b90406457	ACT-15502c71eea87a89f4435712	OBJ-eac820787d8cf8b9997463e9	conjunto_de_datos_enoe_2023_3t_csv.zip	e40824bfcb0b6a99b23dd33171e472406258dfdcfc2bbd0f614e7f2e66a165a6	REUTILIZADA_PRE_T0_CORREGIDO	data/curacion-universo/reportes-inspeccion.tsv#reporte_id=RINS-e140f10ceb8cd181afcac7b3	3ce75a7168eef9c7bf940757628a719be1c466c7f8d5393cae9fa008709615c8	data/curacion-universo/contratos-inspeccion.jsonl#tarea_observacion_id=TOBS-dd27ece13c73b38b90406457	ae3a46e0f68b8471f990ca587d55d7911b68eef1ffbd5430346b35fad44a7de3	8b886c3d20bf129c09c31b4ec3c922c229814032dd04fa577768fe3e1e276d1f	RUTA_LOCAL+SHA256+ACTIVO+TAREA+CONTRATO+REPORTE
LED-T0-52f477925e3284dc54f87860	RUN-377a255de24ca946	377a255de24ca9465f073b024699b680655672bfc37ffd19f3bbb24a76790d62	TOBS-b8abc318dca39bcc2f26184d	TOBS-85b4f26ab7c87e61eaa15dce	ACT-3fe202b2e7b2dfd61f8a978e	OBJ-b8c24dbbd409b653ed5d279c	eder2025/eder2025_bases_dbf.zip	34acdb1c0bb884ab2c7195e9019c9de83cc61015c524439a0f0a29836d5bfbbb	REUTILIZADA_PRE_T0_CORREGIDO	data/curacion-universo/reportes-inspeccion.tsv#reporte_id=RINS-df33ac44ffbbe95b1752dabb	438b8368a172527f31407e50990e0c131805742560970a93efb53819b19f417a	data/curacion-universo/contratos-inspeccion.jsonl#tarea_observacion_id=TOBS-85b4f26ab7c87e61eaa15dce	0f0ef645a865f3818c030cfa7b19dd757dd7f085eb43add5d4183a135025cd4b	930ce65a75d83c2c10a54da651cfdef9dadd767385f6ac1df1e7bd608338e7ff	RUTA_LOCAL+SHA256+ACTIVO+TAREA+CONTRATO+REPORTE
LED-T0-5314fa0eff1b165e664d44ec	RUN-377a255de24ca946	377a255de24ca9465f073b024699b680655672bfc37ffd19f3bbb24a76790d62	TOBS-d9eaca528a3a79849ab2f0b5	TOBS-bba0d29545126a98e75dfda4	ACT-72f9a3b7d584f53d8413e3bd	OBJ-b6cd7faa3d07ae1a074ab563	envipe2012/base_de_datos_envipe_2012_dbf.zip	d7caa74ea4264d59fecfc1d1959824051adfe43613514e2e5ca22f24f31548f5	REUTILIZADA_PRE_T0_CORREGIDO	data/curacion-universo/reportes-inspeccion.tsv#reporte_id=RINS-4d1bf6efb66e654b25d8067e	83a9de2fbc233451f30f755a531570c762057dde3b54037e5bf4446256fee5cc	data/curacion-universo/contratos-inspeccion.jsonl#tarea_observacion_id=TOBS-bba0d29545126a98e75dfda4	40e8a269f9b9cb22da538a28ad917b014a36f565487967cb4b3559c37d470186	8df4102eb273927b1cb858c4d0525d32680201c5c2abb3f8f5aa726552ddb682	RUTA_LOCAL+SHA256+ACTIVO+TAREA+CONTRATO+REPORTE
LED-T0-531ec3e565a1b30fc9b60c0a	RUN-377a255de24ca946	377a255de24ca9465f073b024699b680655672bfc37ffd19f3bbb24a76790d62	TOBS-dcf3a7f4fa7fc4b547c81a2d	TOBS-1736e1e856a921a8f0fe5577	ACT-da6a2dddf607568065c4ddcd	OBJ-c4f5b6b9568f68ef24011920	envipe2017/fd_envipe2017.pdf	a633224e86cd6c19fdedfb898303ab36e2e68df7b71894ab6d18c72bec669538	REUTILIZADA_PRE_T0_CORREGIDO	data/curacion-universo/reportes-inspeccion.tsv#reporte_id=RINS-5f29f0f6eca3138e19d0a205	b340a7b2002850a248f841011914a36d4a1dc23248cfa8ae3c4d815f3b387f6b	data/curacion-universo/contratos-inspeccion.jsonl#tarea_observacion_id=TOBS-1736e1e856a921a8f0fe5577	8778fa24a2c640b1198cb5c2e2dd43d8c949c71dd5bad961ad5c4a4b6795447f	f5f38757116a5b77cae30cc0d04b1d6802b5e266c65a63eb6cc2a9ea40d2c6a5	RUTA_LOCAL+SHA256+ACTIVO+TAREA+CONTRATO+REPORTE
LED-T0-54ae0770d8af56074aa4ed1e	RUN-377a255de24ca946	377a255de24ca9465f073b024699b680655672bfc37ffd19f3bbb24a76790d62	TOBS-8fbdb411d37d166459f56773	TOBS-87d191fc8eb143e3e9db467b	ACT-efb34abce29bb81d14a49b90	OBJ-162bd7fae98164b66ba05b55	mociba2021/mociba2021_bd_dta.zip	e876808fa71ccb0f423a6331b16d4b1a5449d73a68dec2be9d8036d6c8d17f58	REUTILIZADA_PRE_T0_CORREGIDO	data/curacion-universo/reportes-inspeccion.tsv#reporte_id=RINS-e21da2969590b4b5786c5474	bd7d92fe62b1872ea2af46992939fd5734168885d2abc6a6819621ad0a558ebc	data/curacion-universo/contratos-inspeccion.jsonl#tarea_observacion_id=TOBS-87d191fc8eb143e3e9db467b	6f0839e00d7b793659759a3273865d0abc3bb96452eca6eb935e3f16f0fe6f0c	226833ba7084bb6d5ca3977cd85a3bda06aca66b57b37b44d0b5041282e04d69	RUTA_LOCAL+SHA256+ACTIVO+TAREA+CONTRATO+REPORTE
LED-T0-54d7c2f1b7bcb05695df13b3	RUN-377a255de24ca946	377a255de24ca9465f073b024699b680655672bfc37ffd19f3bbb24a76790d62	TOBS-d193700d44a894db2134cdf6	TOBS-d9256024492ecde1b1788ab8	ACT-265ffd8ca5792a9cde25d7a1	OBJ-ae3366273edddabb3eef62df	ennvih/eloc02dta_all.zip	7d3f350a7e7146528822f046f721afbfa1fdd62e0fa2a0781ca54a45181f894e	REUTILIZADA_PRE_T0_CORREGIDO	data/curacion-universo/reportes-inspeccion.tsv#reporte_id=RINS-a78fbf28ace90062f55dc426	48f0f5dc71b6d835d7f0d7e417beb70d4c7a9f22f356ddb9e2be8fbe4c8c96ba	data/curacion-universo/contratos-inspeccion.jsonl#tarea_observacion_id=TOBS-d9256024492ecde1b1788ab8	1535cbc0ffcfafed0535d72db7732f18aabd42ddf840d7a013b9073db1a02f29	4c0d8ce70aa54aecd1734e062a3f78e56a79a145a49273d5e3f38191116cf7ea	RUTA_LOCAL+SHA256+ACTIVO+TAREA+CONTRATO+REPORTE
LED-T0-558b5f3b5805b425ee695ff0	RUN-377a255de24ca946	377a255de24ca9465f073b024699b680655672bfc37ffd19f3bbb24a76790d62	TOBS-b6bdb2e93583b314d2a6416b	TOBS-f83a0142273c8c6c0ce29cf6	ACT-acf1b294b9a890ff5a241290	OBJ-9d554a1b72976b79a0744645	enut2024_bd_csv.zip	25f35626464053441b367b24001d255dbca408b5f576e614e0e09ac58691c4ba	REUTILIZADA_PRE_T0_CORREGIDO	data/curacion-universo/reportes-inspeccion.tsv#reporte_id=RINS-6d08b730a757d0a50a0e627a	c1b64a84e12a7623dfc61a051cfbe20b09bfd402960c431b0d8fe15b057c8470	data/curacion-universo/contratos-inspeccion.jsonl#tarea_observacion_id=TOBS-f83a0142273c8c6c0ce29cf6	50c9b09fdec6b263ae7c15d0fb66ace73eb935ff4e9d408431dbc80f58eae80d	256bc2ad0624c54e8c1c225b31f2457b35803052068f8b3ba19fcfc2c7d325f9	RUTA_LOCAL+SHA256+ACTIVO+TAREA+CONTRATO+REPORTE
LED-T0-55a2b86643c96aebce00b410	RUN-377a255de24ca946	377a255de24ca9465f073b024699b680655672bfc37ffd19f3bbb24a76790d62	TOBS-00987990c9c235e32be7af66	TOBS-3b1377154bf2ad5c22be8147	ACT-c8b51016b5773e0a7eb1ec3e	OBJ-2073f8cbf37003a4e8c157c4	ennvih/doc/ehh02cb_b3a.pdf	c01c4548ad0b6b444700ad1165bbaedf837def5da5b8689a7fece6ceeb2f6d3b	REUTILIZADA_PRE_T0_CORREGIDO	data/curacion-universo/reportes-inspeccion.tsv#reporte_id=RINS-d84ddfbe8ba90ab45847ac20	bcfae168b2d80feea27da27c82d7fa04ace1e307ae3b04821a58f70159413a53	data/curacion-universo/contratos-inspeccion.jsonl#tarea_observacion_id=TOBS-3b1377154bf2ad5c22be8147	7f8e9c77979badc488daaa84c928f1309a5ba3cc613fe111b97391317ff30f41	af37258feae9dcd4a1dea33e9f32f9afd775bf42ee18da3d554ba574ecadd00b	RUTA_LOCAL+SHA256+ACTIVO+TAREA+CONTRATO+REPORTE
LED-T0-567493bb772a10b600cfb3a5	RUN-377a255de24ca946	377a255de24ca9465f073b024699b680655672bfc37ffd19f3bbb24a76790d62	TOBS-b8f450a99700c463e0729868	TOBS-6c2bf66bb79dee8a903038d2	ACT-7bee84169857f1201cff773d	OBJ-795e9e32099b55b1a426ac60	enif_2024_bd_csv.zip	00e4b0b42775276b2da236a5bba8c64dc5a92c289908a4727dec93dc7684f039	REUTILIZADA_PRE_T0_CORREGIDO	data/curacion-universo/reportes-inspeccion.tsv#reporte_id=RINS-ffb61ba174c49be9db089c52	4fefc6ec073242e3e5d13cde3cd349535c871b58d31f519d0eba1d1bc722f5de	data/curacion-universo/contratos-inspeccion.jsonl#tarea_observacion_id=TOBS-6c2bf66bb79dee8a903038d2	e41de7a6e8f13a471363559ce6484bf52e86263253ced494c10f179492a90a98	e70e13a350028d8eb10fa4fc5a449c4989f792c5d35daa58ce59713e22316442	RUTA_LOCAL+SHA256+ACTIVO+TAREA+CONTRATO+REPORTE
LED-T0-56fae1debb2ab996f77dc5db	RUN-377a255de24ca946	377a255de24ca9465f073b024699b680655672bfc37ffd19f3bbb24a76790d62	TOBS-b724e44fa2f94268101dd1e5	TOBS-032335af00fb0b9366cf07c2	ACT-5c4aff50fee1549e34c675df	OBJ-f931d52fd3bc2ab9f6fbaa7c	c_amp_v6a.pdf	5e0cc786566fa6c891c53bb14f7e110ce205ff7da43c25a5f781d6b38218046c	REUTILIZADA_PRE_T0_CORREGIDO	data/curacion-universo/reportes-inspeccion.tsv#reporte_id=RINS-3cd6376b0d6458869aa6a43a	6f63d4ff79de820be09f97cd6c2edd7c3a00efd85dede3b35de1a382fbc578ae	data/curacion-universo/contratos-inspeccion.jsonl#tarea_observacion_id=TOBS-032335af00fb0b9366cf07c2	a4e7f1324117c4c5cbb81a87b89a8a539c4881b542f71feb7939d4c3c764ffed	383cce7d5ba8808047a0c81098490e6490f3ad7af0e6501ede2fa867edaf6d7f	RUTA_LOCAL+SHA256+ACTIVO+TAREA+CONTRATO+REPORTE
LED-T0-570855d3af42129da4a34b78	RUN-377a255de24ca946	377a255de24ca9465f073b024699b680655672bfc37ffd19f3bbb24a76790d62	TOBS-eb3057bfced86900a212d41c	TOBS-141893a10c78230f9e49bd02	ACT-d0b7eec2f67fc5c12540c2d4	OBJ-3a05a1e4a71391f3b0cb11fb	mociba2022/mociba2022_bd_csv.zip	df186f09f6ccb2791a4e638672b8aba272b7ffe36cd6262d066da73ef9f0126d	REUTILIZADA_PRE_T0_CORREGIDO	data/curacion-universo/reportes-inspeccion.tsv#reporte_id=RINS-e86650a2413f818460d9508b	895877680995cd4aacb819bcc4d7d9b4e1cfb0f695fa2875e5fe930e28d45341	data/curacion-universo/contratos-inspeccion.jsonl#tarea_observacion_id=TOBS-141893a10c78230f9e49bd02	ae8e56fec3ab723cc514cf34e55ba603cd1cafc4165a7c3a87fc115ae1fa346a	0483fd6b7512dab04e6d9629908d4e40a9ad3cc83f4fd85755d4e59677d82341	RUTA_LOCAL+SHA256+ACTIVO+TAREA+CONTRATO+REPORTE
LED-T0-570f92e1114e66a48b49c24a	RUN-377a255de24ca946	377a255de24ca9465f073b024699b680655672bfc37ffd19f3bbb24a76790d62	TOBS-b7959dd61795619d0ccbe37c	TOBS-59ab1ea2cff538b025884fdb	ACT-510271458969db57954d1802	OBJ-3610dd3073a301127a13775c	encig2013/encig13_base_datos_dbf.zip	48d29d560d3836309af61c4a82d46d8338d58ecb9d14d04ffc947c1e087caf1a	REUTILIZADA_PRE_T0_CORREGIDO	data/curacion-universo/reportes-inspeccion.tsv#reporte_id=RINS-565c9973f7b9cae288530825	61ef9edc2c8fedffd698d6d0893ef963f80f1a7fcc0a328e2b5b3846f24cc82d	data/curacion-universo/contratos-inspeccion.jsonl#tarea_observacion_id=TOBS-59ab1ea2cff538b025884fdb	b325f4546642b552b0f382fe9082bd4db8763f3e3289b52696b8285eafadcc50	6bd350c2af535fe8dae90fd47a1e81e08ea849d6edd04ecf83b5449e53f63e05	RUTA_LOCAL+SHA256+ACTIVO+TAREA+CONTRATO+REPORTE
LED-T0-57416c9b1918248b27c5679d	RUN-377a255de24ca946	377a255de24ca9465f073b024699b680655672bfc37ffd19f3bbb24a76790d62	TOBS-229e67d42930476b2c3e5b27	TOBS-7dc6ef9f8fa09966df44679a	ACT-8d5183aaa7f6c4896ecec07c	OBJ-aa1158b54c494d32089a52e2	encig2021/encig21_base_datos_RData.zip	592967d6496d566e979c9af78c08a780db2961171f5dcee72dec4b3941728156	REUTILIZADA_PRE_T0_CORREGIDO	data/curacion-universo/reportes-inspeccion.tsv#reporte_id=RINS-21fba9fe0d5e80132acb9c29	ce6348b5997ebc8f2f7a5321db90c29f8aa9d7a49c4d06510220c127cd4f34fd	data/curacion-universo/contratos-inspeccion.jsonl#tarea_observacion_id=TOBS-7dc6ef9f8fa09966df44679a	75b97dee0db2beb15ac82bd4aee09f55670962ccb42e59d95bc2b4b4413f0e48	bc48e154b64d13824ff6fc2e4bcc3539e0e7ba7f57775bd0c9bb3013d1309bd2	RUTA_LOCAL+SHA256+ACTIVO+TAREA+CONTRATO+REPORTE
LED-T0-57d65683e010d94737419b48	RUN-377a255de24ca946	377a255de24ca9465f073b024699b680655672bfc37ffd19f3bbb24a76790d62	TOBS-499f152f63977c6d3644d5d2	TOBS-710151b20f8d087028deb2d3	ACT-f940f02ea6027ead5d1532b7	OBJ-d755aafd7991688667a4994b	envipe2024_csv.zip	90776b2fab6e3666dad1cb5f5f3eb7d6a7699dbfefd4f8f04f07fb01e61a6fb2	REUTILIZADA_PRE_T0_CORREGIDO	data/curacion-universo/reportes-inspeccion.tsv#reporte_id=RINS-591c9863618c375485ad0e6f	3b2ffb3e007ef771d08dd353175663145d73fe53e2cbfcd61f7d82730d63316c	data/curacion-universo/contratos-inspeccion.jsonl#tarea_observacion_id=TOBS-710151b20f8d087028deb2d3	6fa9e13be58fef7e1a6932dca0bbc70fddffca408ebca5fae399c1808c962e01	1bad807ca16a01538ac91b06051770114dc468dcb8d8d25b825144dd6b414ba2	RUTA_LOCAL+SHA256+ACTIVO+TAREA+CONTRATO+REPORTE
LED-T0-592cb0beb42d53d7de761423	RUN-377a255de24ca946	377a255de24ca9465f073b024699b680655672bfc37ffd19f3bbb24a76790d62	TOBS-d313a52eafece3c87370338c	TOBS-3a7b96de2835c8def948e53a	ACT-eb0732134e7071450a56737f	OBJ-f85577e84b4abffc76c2a058	engasto2012/hogar_sav.zip	dd5a758fa5806c58f58a4b16070d0b9c2326e13ded369c05bee54538af5d0daa	REUTILIZADA_PRE_T0_CORREGIDO	data/curacion-universo/reportes-inspeccion.tsv#reporte_id=RINS-d67de84c120b1d9f05dfbce1	a50814bb9386421f0e7b311e6d5a18523e010efdb89b0bf5ff5ef6b9466356f6	data/curacion-universo/contratos-inspeccion.jsonl#tarea_observacion_id=TOBS-3a7b96de2835c8def948e53a	98a2801f170de21a0014bd3dcb51f16a4823d768be04902cd2435befb1ea98d6	df4d7bea534e99395248ac9d8eff128a423e10df8f9e1f99661be79073ce8cdb	RUTA_LOCAL+SHA256+ACTIVO+TAREA+CONTRATO+REPORTE
LED-T0-5931785858b44ffa68c9b41e	RUN-377a255de24ca946	377a255de24ca9465f073b024699b680655672bfc37ffd19f3bbb24a76790d62	TOBS-c3daee850615ac97e773313a	TOBS-0f36f5d576178f9b41baf0c8	ACT-b26b1e3bafcf2a01a137620f	OBJ-fb16691e0c576d6653cdc595	mociba2015/mociba2015_fd.xlsx	d22b978b21b40464727e4218fcb42b2a7d255f7e418451e9144883962e6743d2	REUTILIZADA_PRE_T0_CORREGIDO	data/curacion-universo/reportes-inspeccion.tsv#reporte_id=RINS-d62de009989ba2e2e71dd2b0	ac1cc1e75e47be1d42838254d84704dbdcf2a767ebe0d6e642076ec6d03557b1	data/curacion-universo/contratos-inspeccion.jsonl#tarea_observacion_id=TOBS-0f36f5d576178f9b41baf0c8	28f0c41baefd8b5cdc6f1dbccbca13e0917f1034184448f94af635a728f46438	cc37e793c81edd2ce6c8d057cab3c5c256ee156f2d6b0b6be57f51cef72b8f6a	RUTA_LOCAL+SHA256+ACTIVO+TAREA+CONTRATO+REPORTE
LED-T0-5998cdaafb5ca9a2a842e7a8	RUN-377a255de24ca946	377a255de24ca9465f073b024699b680655672bfc37ffd19f3bbb24a76790d62	TOBS-ed2dbbd643600fb1b2dfd536	TOBS-aeb1646a98def96015f9bf38	ACT-cf0c6148fc92f92505e3a864	OBJ-0183b6a3683f1d65aa7b2a9d	mociba2022/mociba2022_bd_dbf.zip	45b325d96f04a78d7e37f228e1a4fb687555c6d9bff4bd845023d0db2f321913	REUTILIZADA_PRE_T0_CORREGIDO	data/curacion-universo/reportes-inspeccion.tsv#reporte_id=RINS-5019f5866280c21ec80b444e	88c2292d28f2473d7d6d8f883e1a23f62a6d309947fb7675a12df0bd7f4e183c	data/curacion-universo/contratos-inspeccion.jsonl#tarea_observacion_id=TOBS-aeb1646a98def96015f9bf38	6e41c901ad8a90f80d72ed1f62b753b12c1dc63185bcb490693668dab3d0de75	d0133b585c3dc563f336881567cb27e70542a273bc84b911df549286cbae8011	RUTA_LOCAL+SHA256+ACTIVO+TAREA+CONTRATO+REPORTE
LED-T0-599de86f460f67bbe358e441	RUN-89f4c3a49c00c0e1	89f4c3a49c00c0e1ba1f07013e0af10bbc3289fdddc48dde816c37d3da1a742b	TOBS-e55566a46451d389b13c5ea1	TOBS-e55566a46451d389b13c5ea1	ACT-c0e6ce9502d10c9fac7b5639	OBJ-d5447de15f2289dbd2dee6c5	engasto2013/gasto_dta.zip	f39609ddae3b13957bfa605e64cb94b41aef636036672e997e601b6675655fc4	INSPECCIONADA_POR_PRIMERA_VEZ_EN_CORRECCION	data/curacion-universo/reportes-inspeccion.tsv#reporte_id=RINS-5e4354b67ee0633dd1cf9224	d6a60f66e9b146634d1d5c09adc2b59dc3eb51b8e8fcf614e669b6f15d78a4c1	data/curacion-universo/contratos-inspeccion.jsonl#tarea_observacion_id=TOBS-e55566a46451d389b13c5ea1	0cf44b43e30a0e5439e8bef377a6255f2ba00344afcdb611bd09ae198da1a7de	76101fe34162c7ea0b943a15959565fc602d34fa0d5f2da0220653cc6dafb4ff	RUTA_LOCAL+SHA256+ACTIVO+TAREA+CONTRATO+REPORTE
LED-T0-59dbef0940f49889eaa764af	RUN-377a255de24ca946	377a255de24ca9465f073b024699b680655672bfc37ffd19f3bbb24a76790d62	TOBS-fe3a9b5dad47156ff1dee756	TOBS-2568eb612608845dd1f658d8	ACT-9e08b31cf0e1a13879ac9779	OBJ-9b43402671cab4995afba7e3	bases_enif2012_dbf.zip	7bafcf6fdd3747bf330099dd752f2010441e0cd18fe942c35b15249d98092e55	REUTILIZADA_PRE_T0_CORREGIDO	data/curacion-universo/reportes-inspeccion.tsv#reporte_id=RINS-7cd9df698ef6cf840e9c0b7b	cc1b1779681a683244dcc90b4e5c09cca89a45f5703e4abdafe242ed68d4ba82	data/curacion-universo/contratos-inspeccion.jsonl#tarea_observacion_id=TOBS-2568eb612608845dd1f658d8	6907c59683b09419fd444e55d7e9af1c1767f27b8c5bff9eb8c4db04ee38f0d2	14a122b096be9d656f59aa1e21bc537334f8dd3e90cf32810209d983c89608b5	RUTA_LOCAL+SHA256+ACTIVO+TAREA+CONTRATO+REPORTE
LED-T0-59dc35408c7289a6f6cbf998	RUN-377a255de24ca946	377a255de24ca9465f073b024699b680655672bfc37ffd19f3bbb24a76790d62	TOBS-c529ad4a0221025a7ee6063d	TOBS-e08ed736aae8ac14cd5b2f59	ACT-04315c73b787f3de7f6a0923	OBJ-594cf349e6837913052f3dcf	cuest_modulo_envipe2025.pdf	21df38610b21c481382dfb05cf8061e87216d97557c665b2e6e50aacaa216d27	REUTILIZADA_PRE_T0_CORREGIDO	data/curacion-universo/reportes-inspeccion.tsv#reporte_id=RINS-4717889ca1ca8263d4766dd6	4ee2d6d3cc781b2cfacb7ba8fa18b825c2429349a4131617d977b8c9e184ac0f	data/curacion-universo/contratos-inspeccion.jsonl#tarea_observacion_id=TOBS-e08ed736aae8ac14cd5b2f59	dc9768085871ec75347766ea540a5a3756cd95d596756994f56de39254e5da86	982f09db0121c23972f5f6a98fb59f1b48a50d82680e9c3f08dc3efa62875baa	RUTA_LOCAL+SHA256+ACTIVO+TAREA+CONTRATO+REPORTE
LED-T0-5b325c007b209294fa8c49f8	RUN-377a255de24ca946	377a255de24ca9465f073b024699b680655672bfc37ffd19f3bbb24a76790d62	TOBS-be45e1bd739f0378ebb4c4e4	TOBS-c42bd6928af68c347c9529fc	ACT-d2ff6860fe3a2d65696e5acd	OBJ-83cc7e856d3edad988b310a3	encig2023_datosabiertos_csv.zip	4e3839cd90613fa7dd0f9a123d7636f017a2b8d08a98377a7a04459032bc2611	REUTILIZADA_PRE_T0_CORREGIDO	data/curacion-universo/reportes-inspeccion.tsv#reporte_id=RINS-5f03a81c51e4be0b02cebf8e	f9f15f0450823f25b3c22cf69e55a74649c24129399a66d0d457b839dfaa93e0	data/curacion-universo/contratos-inspeccion.jsonl#tarea_observacion_id=TOBS-c42bd6928af68c347c9529fc	26e368a9144243b35fcdb177c3ef9ecf3b49997dbfa45c12466523f993210674	85569346461d5d35df28c6cb12cff457f6826b3d0806948a01fd662647af8f85	RUTA_LOCAL+SHA256+ACTIVO+TAREA+CONTRATO+REPORTE
LED-T0-5ba715e18cc635cf12a7b303	RUN-377a255de24ca946	377a255de24ca9465f073b024699b680655672bfc37ffd19f3bbb24a76790d62	TOBS-6ea3258efdd568513754e933	TOBS-a31ed3a30c9d6ea2cfd9f401	ACT-4b88d0073011e6a9beee797d	OBJ-2743d0a1e5b015a44f6c1766	envipe2013/fd_envipe2013.xlsx	7e842826e3f7aaa91bc3e217a731d9ed5205a5c4859259827aa94fbf1db20ec1	REUTILIZADA_PRE_T0_CORREGIDO	data/curacion-universo/reportes-inspeccion.tsv#reporte_id=RINS-8b878229a0259d8591a15d59	d276b3f7450d84f193a612e24f775a61e2f5cba52770ac893944fcbd3d2d5397	data/curacion-universo/contratos-inspeccion.jsonl#tarea_observacion_id=TOBS-a31ed3a30c9d6ea2cfd9f401	4714307eb3281ef20dfc8f5ac1354b60edb8831fdcf9b0e4feca2b20a8a8c507	89322e3d8da40def43dcb03753275983185af5d56429d60f02d85632e6f721c1	RUTA_LOCAL+SHA256+ACTIVO+TAREA+CONTRATO+REPORTE
LED-T0-5baa589c5d26533e0dc1cada	RUN-377a255de24ca946	377a255de24ca9465f073b024699b680655672bfc37ffd19f3bbb24a76790d62	TOBS-bc57a1cceeb7086a9eca06ef	TOBS-1303f7e36e89cf35de145cd4	ACT-3c41c31e1f43f55ace37b764	OBJ-f7c0cdc577dd0a211760eb83	encig19_cuestionario.pdf	8ff04e1c60399633504b83a907af3b1bcf027e80dafca23e574d219920d868be	REUTILIZADA_PRE_T0_CORREGIDO	data/curacion-universo/reportes-inspeccion.tsv#reporte_id=RINS-63bc4235501528be96505e63	f5a25ce1cd87029f087153abea3b0d1478cc6037a059b33182a82904462b3c7e	data/curacion-universo/contratos-inspeccion.jsonl#tarea_observacion_id=TOBS-1303f7e36e89cf35de145cd4	c7e37478fa3cb3472fac76164d12ae6bc29a3fe421c6600f804ebf55b2c81808	b1b6607f8a2bffe376e503ec359e182e133a2dfb57b90db35bdac46b0257be29	RUTA_LOCAL+SHA256+ACTIVO+TAREA+CONTRATO+REPORTE
LED-T0-5c0bec1f69bc10037418b95b	RUN-89f4c3a49c00c0e1	89f4c3a49c00c0e1ba1f07013e0af10bbc3289fdddc48dde816c37d3da1a742b	TOBS-8b753b575e4cd95b66149f61	TOBS-8b753b575e4cd95b66149f61	ACT-ef006a8582c9f2e224a23d1f	OBJ-1106dda8bfe35609fc90e068	engasto2013/gasto_de_consumo_ajustado_constante_dbf.zip	80473e363e158dcaedd15a443107f8e9909f88d670fc06758a5897004bd8cc73	INSPECCIONADA_POR_PRIMERA_VEZ_EN_CORRECCION	data/curacion-universo/reportes-inspeccion.tsv#reporte_id=RINS-4df00c5cd0b8049e7dc4de22	4d9803d8f028c9eab7f8c6952567a90957825f7dbcde63ebb79abb63e709f0cb	data/curacion-universo/contratos-inspeccion.jsonl#tarea_observacion_id=TOBS-8b753b575e4cd95b66149f61	d99115d1c69e59d5aa4bb89969719cd03d0340cd49faa00be382fdad593beff7	d078d092e0a1f93464d483a12b20bf046f1dab52aa8e8cfcfbd3317a0471befd	RUTA_LOCAL+SHA256+ACTIVO+TAREA+CONTRATO+REPORTE
LED-T0-5c32c3b4842992866a1f267d	RUN-377a255de24ca946	377a255de24ca9465f073b024699b680655672bfc37ffd19f3bbb24a76790d62	TOBS-c9daf17b7b1229075ab6563a	TOBS-2ba1aa9142fd172d4ad0abe5	ACT-e7eb6a3f07eb8be2f99fb151	OBJ-9e9e329bde320426f6237962	R1_1_AGROASEMEX/PAA_componente_apoyo.csv	b9ff8a730ba7cefe818f34feae2e95eee9bb00944c0cb1d7a791dfdd19c27ec1	REUTILIZADA_PRE_T0_CORREGIDO	data/curacion-universo/reportes-inspeccion.tsv#reporte_id=RINS-b10782dfb1c4733647cfc3a0	734e7e3c916a67a0d0fa3daa83df569640bb5128d0025ad99bd3658baf14c9c4	data/curacion-universo/contratos-inspeccion.jsonl#tarea_observacion_id=TOBS-2ba1aa9142fd172d4ad0abe5	3989b6b52d45de7e1c065db958fb9130ecc5d287a43705690d0bbda7be39de8e	c800cd74132fd54b71dbadc4cd696a6ff26a96da14aa510bac6e3f4cf6ddb66b	RUTA_LOCAL+SHA256+ACTIVO+TAREA+CONTRATO+REPORTE
LED-T0-5dfbf781c8fab426c289192d	RUN-377a255de24ca946	377a255de24ca9465f073b024699b680655672bfc37ffd19f3bbb24a76790d62	TOBS-c9b29ea0853ac6e951437b92	TOBS-e700d0e03f7731b93c1dfbc0	ACT-6c99b1b50d6983779e0779c7	OBJ-25d2769f3b56254a00d95a7a	ennvih/eloc09q_all.zip	7740382889fdc5b6d634c888bd35cee541e50a875b991952f299ae0881b36379	REUTILIZADA_PRE_T0_CORREGIDO	data/curacion-universo/reportes-inspeccion.tsv#reporte_id=RINS-ac7c208ac0ad2a047d193719	287763e2b3f5fde623e461a7a5e39ff91d62a9e485ad0b2636a6e6d7d8e3af3a	data/curacion-universo/contratos-inspeccion.jsonl#tarea_observacion_id=TOBS-e700d0e03f7731b93c1dfbc0	21c6332908a318c9851bf8a13888460ba99c58e6da5dda60231c04827434b936	c7275b550a512572c666c501ae12f0cb16713ea65127a959997aee357daf847d	RUTA_LOCAL+SHA256+ACTIVO+TAREA+CONTRATO+REPORTE
LED-T0-5e0b6081650aff6c3819fc1f	RUN-377a255de24ca946	377a255de24ca9465f073b024699b680655672bfc37ffd19f3bbb24a76790d62	TOBS-7319740828b38dccf22e7ce1	TOBS-96c758050258c87a2d4b2432	ACT-e8a38ba476ec013f5d27a512	OBJ-df0387b36307923cec6d5876	endireh2003/bd_endireh_2003_dbf.zip	9c5143ff7ae57b1e60cb0049eba6addb4be65fdeb5fe4690c8648f23edb1cb6d	REUTILIZADA_PRE_T0_CORREGIDO	data/curacion-universo/reportes-inspeccion.tsv#reporte_id=RINS-01ab7ef7e97e7a3a1f0b7eca	61c6cdfa9e0a34d601ba6f715ff3bb4857b04032060e73c4a4ac34ef604559a4	data/curacion-universo/contratos-inspeccion.jsonl#tarea_observacion_id=TOBS-96c758050258c87a2d4b2432	c6ec28aedae94695ec2a4b1c209b3be927dab2ad17f3c65b003518eeb93173a9	1fe37f401b7aa9d8a1591d67926b1d712ed31bfa561d5ca674934b67286f4818	RUTA_LOCAL+SHA256+ACTIVO+TAREA+CONTRATO+REPORTE
LED-T0-5e831681ac64829d450adf2f	RUN-377a255de24ca946	377a255de24ca9465f073b024699b680655672bfc37ffd19f3bbb24a76790d62	TOBS-775feb4a76ef2ab8430b666a	TOBS-af3672e811843b50b4f782ff	ACT-fce46a930fd74e693686651e	OBJ-724505db27e6d65d94e5e335	enasem2018/enasem_2018_fd.xlsx	00d1cd1ac75cf01ad401d36371ecfeb3cb41bb34221b158bf83e2d672befea17	REUTILIZADA_PRE_T0_CORREGIDO	data/curacion-universo/reportes-inspeccion.tsv#reporte_id=RINS-0db71ab3112caa4c6f45a7fd	b5b4eae08e58b069e1813421e5d5070ba1fed4c0574b525db381d427db21cc5c	data/curacion-universo/contratos-inspeccion.jsonl#tarea_observacion_id=TOBS-af3672e811843b50b4f782ff	af8437670954cb2e9b6ab768c67ccb49dfc52266aa2707938fc51811ad718675	0748eb45ce29642220c6ba81582df3721e77b8748f4969d1fc82d077795860a5	RUTA_LOCAL+SHA256+ACTIVO+TAREA+CONTRATO+REPORTE
LED-T0-5f6280bf72ecaaaae308209d	RUN-377a255de24ca946	377a255de24ca9465f073b024699b680655672bfc37ffd19f3bbb24a76790d62	TOBS-50537fa534ac5cb7edd55972	TOBS-12108d9a077f6ced7f0c9ecf	ACT-2ba6f602eb9f390f86dd0f55	OBJ-d2e96792005c2d4a6ac476db	engasto2012/persona_sav.zip	4904f4f347d94e2157a7a318cf3dc1ac39eca46c1aa99d16eacb90140a17f6b2	REUTILIZADA_PRE_T0_CORREGIDO	data/curacion-universo/reportes-inspeccion.tsv#reporte_id=RINS-d36377877e15b21e0214aa8d	43458252c34dab33bfed7fb92901c4bcdf97b9a1965dc694a1aa42a5d0a9f0ad	data/curacion-universo/contratos-inspeccion.jsonl#tarea_observacion_id=TOBS-12108d9a077f6ced7f0c9ecf	d9a9ee3f010734b200e1b7099e6912b85d6518b2c50830710b1a88fb8c77628e	30edebbda63f8eec2564321c2c86cf87aa16f272726806df7862003c29eb1091	RUTA_LOCAL+SHA256+ACTIVO+TAREA+CONTRATO+REPORTE
LED-T0-6006b3a788a4d06bd2fdaab2	RUN-377a255de24ca946	377a255de24ca9465f073b024699b680655672bfc37ffd19f3bbb24a76790d62	TOBS-66e002d144840c067637e390	TOBS-bdc13351d4d6940ce55553df	ACT-134d20a34f903beabad5f084	OBJ-813145ee0b4ff209ea7b03f9	inegi_mmsi_2016/cuestionario_mmsi_2016.pdf	48d59dfc6f26354e9c7be635fe1e79624c5974924f31f8a13a5392e2574cdcab	REUTILIZADA_PRE_T0_CORREGIDO	data/curacion-universo/reportes-inspeccion.tsv#reporte_id=RINS-2da45261cbea191a8cdd0497	c53493987992e9595ce69ff9b3eb701b8aa07dfeadc6cdbcb60907605762d627	data/curacion-universo/contratos-inspeccion.jsonl#tarea_observacion_id=TOBS-bdc13351d4d6940ce55553df	e503631ffd769229f61106f9e6f42e4712f099a0644d11234d9942036c198e65	8a92961908d8e8e1a548ac0f1903cac1461631c19fb6b110341bcdeb11e7479b	RUTA_LOCAL+SHA256+ACTIVO+TAREA+CONTRATO+REPORTE
LED-T0-60f26aae585e0a5dfa93aa8f	RUN-377a255de24ca946	377a255de24ca9465f073b024699b680655672bfc37ffd19f3bbb24a76790d62	TOBS-586fd07ddc147daa3faef93f	TOBS-d0b4f67ce5dc4827ba2d4f6d	ACT-fee2aba6e746237cf93bd8d5	OBJ-2dc979dc3a4257bfe4a11495	engasto2012/engasto12_fd.pdf	aabc23ca59246bb534180c1970951dd99d055f951f6d1917656ad92a598e667a	REUTILIZADA_PRE_T0_CORREGIDO	data/curacion-universo/reportes-inspeccion.tsv#reporte_id=RINS-aa3db96d6c10c60284e65c45	f457bafd1751e876ac6e4ba79111a0377d1e2c754b1ec7dd3a6dc861fd97b533	data/curacion-universo/contratos-inspeccion.jsonl#tarea_observacion_id=TOBS-d0b4f67ce5dc4827ba2d4f6d	a34b886342313a2faacc153abcd4f089df0ddee718487169f80f42a20dc6ca71	5d7020e705bce83834eccd346f08e9de2df662c364774527f13ce9d051af37c2	RUTA_LOCAL+SHA256+ACTIVO+TAREA+CONTRATO+REPORTE
LED-T0-60fb074c514bd6fbb7b7c702	RUN-377a255de24ca946	377a255de24ca9465f073b024699b680655672bfc37ffd19f3bbb24a76790d62	TOBS-1357ce96557c086946541fd1	TOBS-5ce3fb18bb413ee5d578bd45	ACT-5c3ec815e501b415d50abbea	OBJ-dda3cc42bd9dbb7f270596fe	enasic2022/enasic_2022_fd.xlsx	33c692e05bd7dbafb801a1594a819c7be0e7cf5c25822c66ea458dc9fe9c1370	REUTILIZADA_PRE_T0_CORREGIDO	data/curacion-universo/reportes-inspeccion.tsv#reporte_id=RINS-35672cd7db9077ed5fb2b878	a7fd73a3af7f0a313bae0008f0e0fd8dccf23ba96986203412f25e3d63bcd3b4	data/curacion-universo/contratos-inspeccion.jsonl#tarea_observacion_id=TOBS-5ce3fb18bb413ee5d578bd45	a25c60ac7c7caa82810949f8b2e4cedeb757e86f43db8119f9d8a7b782ef63ef	fa6231fd2a85053435f897103803c725285c2677df974eab480d4b8739da5df7	RUTA_LOCAL+SHA256+ACTIVO+TAREA+CONTRATO+REPORTE
LED-T0-6166d2ad8a7cecf1ad1d1a6d	RUN-377a255de24ca946	377a255de24ca9465f073b024699b680655672bfc37ffd19f3bbb24a76790d62	TOBS-a05f06239fe0c2d5dfceb8ab	TOBS-3d423e571f21022e2d10e286	ACT-7e4cc30b3ceee1d7fcce8ed5	OBJ-4d8e47649f6600c97c6a5c6d	enut2014_diccionario_variables.html	db9c9f75b47a2842fd1d5f0a4d7b950ccd1036f1456eb8511d55e0f223163cda	REUTILIZADA_PRE_T0_CORREGIDO	data/curacion-universo/reportes-inspeccion.tsv#reporte_id=RINS-36f2f9ecfc83e6977ecd1889	d36a488028ed4c854d5487e9efb623d0640bfbe259f7acda951c92652d2b86f2	data/curacion-universo/contratos-inspeccion.jsonl#tarea_observacion_id=TOBS-3d423e571f21022e2d10e286	b3f0166787191b9e78f623c456568571a6f447215e61cd3c7515d47e57a786d8	a4eb7d35162fe73bdc64b8536267226506e7a144e3cd92c0476ea7d7dd7652a3	RUTA_LOCAL+SHA256+ACTIVO+TAREA+CONTRATO+REPORTE
LED-T0-61d276e29dd5e09eb5c215b8	RUN-377a255de24ca946	377a255de24ca9465f073b024699b680655672bfc37ffd19f3bbb24a76790d62	TOBS-7600307f447eab84dc91a84b	TOBS-c2355474bc911e04188a2210	ACT-c7f15d78ae7aecb6375834f2	OBJ-209dbeaf1187f959651ccf72	eder2017/eder2017_bases_dbf.zip	b5c8fa261032146ee9e0594848125254ca1c23bf337fc75154b9a8aacf4e3c01	REUTILIZADA_PRE_T0_CORREGIDO	data/curacion-universo/reportes-inspeccion.tsv#reporte_id=RINS-8d1e993b8c8443e34cbe7f34	5c65d5a48111f386487ee46c68b49f77d9719637beb0de257c28ee618c30f638	data/curacion-universo/contratos-inspeccion.jsonl#tarea_observacion_id=TOBS-c2355474bc911e04188a2210	cf6a4316cb97608bdf3bece1a1b725ba1b172e6d69ba246fac52b8fa38c04dc9	0ef372ecd87af795c41abeacee22cb9affcb159be36f27ce5a3c767a09cf9f19	RUTA_LOCAL+SHA256+ACTIVO+TAREA+CONTRATO+REPORTE
LED-T0-61d8e8ad8982eb028fe65b2a	RUN-377a255de24ca946	377a255de24ca9465f073b024699b680655672bfc37ffd19f3bbb24a76790d62	TOBS-b63d5a7171bf2f4e5efb5fe6	TOBS-2c57d48f950fcd0c9db589f3	ACT-ae15f5a97356c0a9ae1a4bb4	OBJ-46b6531757cfbecfa1e0d56e	cuest_principal_envipe2022.pdf	5028852294be700e614ed1de57e4511ca6a1bdbb1ea8882e09421889b0bd608c	REUTILIZADA_PRE_T0_CORREGIDO	data/curacion-universo/reportes-inspeccion.tsv#reporte_id=RINS-933119a7a28f9e63c1712122	cb02985428639dda22e14b4a29428527de15077eea46a42d7e46750bd89b04a3	data/curacion-universo/contratos-inspeccion.jsonl#tarea_observacion_id=TOBS-2c57d48f950fcd0c9db589f3	34b3e74d30ff2f1bcd139158d9b5c383e2e22c5bcab922e64da9e12d2a1361d1	c31547045abf74f006864b9ec73f958724f1276fb5b68994134c5714d21c2e46	RUTA_LOCAL+SHA256+ACTIVO+TAREA+CONTRATO+REPORTE
LED-T0-61d9799cb7029d0a81058c02	RUN-89f4c3a49c00c0e1	89f4c3a49c00c0e1ba1f07013e0af10bbc3289fdddc48dde816c37d3da1a742b	TOBS-30a8077568d64baf4726940e	TOBS-30a8077568d64baf4726940e	ACT-800ddbc52429452c6c08792d	OBJ-0389b95a5b31dab22e0ae627	engasto2013/hogar_dta.zip	bb17939d883175c1cb31d82ad951bc13c1b4b3713974142d7a3233169d7440ae	INSPECCIONADA_POR_PRIMERA_VEZ_EN_CORRECCION	data/curacion-universo/reportes-inspeccion.tsv#reporte_id=RINS-5d52898b1bed6f82668648d1	4ad41a7b59c239e258aae07763a8a83eb074478822b4e6801f9b13cad6f7acd2	data/curacion-universo/contratos-inspeccion.jsonl#tarea_observacion_id=TOBS-30a8077568d64baf4726940e	c1903045d2c78165f1837cf45af25c163d767c747bdff321d8b5aa8184784895	2038f23bc76845549e6935d438100a9d957302b5bec35f3cfa20d32ee1f0d096	RUTA_LOCAL+SHA256+ACTIVO+TAREA+CONTRATO+REPORTE
LED-T0-622063293c5d3402e3fc66ab	RUN-377a255de24ca946	377a255de24ca9465f073b024699b680655672bfc37ffd19f3bbb24a76790d62	TOBS-68f0712f7b2859d614dd5abf	TOBS-6bab5764bf1ab50e89288dfa	ACT-cb084f1468faa2bfa0a65d6b	OBJ-eb29acb64f21b5a0705d7cf2	inegi_mmsi_2016/manual_entrevistador_mmsi_2016.pdf	c46d79eb6efe3dd174d258856b2b3e951d09b499eb83f804a7348f06e3554993	REUTILIZADA_PRE_T0_CORREGIDO	data/curacion-universo/reportes-inspeccion.tsv#reporte_id=RINS-af2ed94a19c2cd86b64b77bc	0def8124dd261e346308cfaf7a85193bcc5dd8e611e30a3feda2d322dfbbc823	data/curacion-universo/contratos-inspeccion.jsonl#tarea_observacion_id=TOBS-6bab5764bf1ab50e89288dfa	60f8b92f0d53091e64dbc01faa99de55aeb036bc043d71b085b32a3fad833715	a8d8d811219356cf94b70ad5d9583817ac8d63282422da0b33a96bab1b7e984a	RUTA_LOCAL+SHA256+ACTIVO+TAREA+CONTRATO+REPORTE
LED-T0-622aba70ec5c96fdd9e6739d	RUN-377a255de24ca946	377a255de24ca9465f073b024699b680655672bfc37ffd19f3bbb24a76790d62	TOBS-e63ff916b59c4e692530f99b	TOBS-1c2b9dbb6269a625e18f6be5	ACT-0e5ff0c2509f8002433b1629	OBJ-91f721113f5f9cbafe60e8d8	enif_2015_bd_sav.zip	e785205ca9aace206d57e78350e2e3ba4b1b1827d6791d11e2716f5063ca6859	REUTILIZADA_PRE_T0_CORREGIDO	data/curacion-universo/reportes-inspeccion.tsv#reporte_id=RINS-253adf19e367a7ce372c72b6	93281ad8a8e329c1aa103d27d1540a5f44102db72b5adf179390c38134a4a05e	data/curacion-universo/contratos-inspeccion.jsonl#tarea_observacion_id=TOBS-1c2b9dbb6269a625e18f6be5	8bafd49ca2b372bb57ddac9173c3609cdd3a0b24a17cf22b0b93fce2d4027846	3d1ac572c9d17f82f839773a645f9c20722bb3ff00438c5bb5e2be8b9931dd2f	RUTA_LOCAL+SHA256+ACTIVO+TAREA+CONTRATO+REPORTE
LED-T0-62d551ec9dbcc52664cd3d05	RUN-377a255de24ca946	377a255de24ca9465f073b024699b680655672bfc37ffd19f3bbb24a76790d62	TOBS-e07a73bd1e05ff389271618d	TOBS-ca86dad79c034bb8b22f4e08	ACT-8f8788d75902a5a00863e05d	OBJ-ddfdcb95bddbfd1771795a83	fd_enif2012.xlsx	f03d8e7c82f511e7a3045fd698843782fc6069b6dea3c8d596662e517478e900	REUTILIZADA_PRE_T0_CORREGIDO	data/curacion-universo/reportes-inspeccion.tsv#reporte_id=RINS-8846ffed8d411ac8acbbadab	8c247cc1fdb695337de1c2ae7d0423ed3850dab60979efbd466b4e1f953178e2	data/curacion-universo/contratos-inspeccion.jsonl#tarea_observacion_id=TOBS-ca86dad79c034bb8b22f4e08	bd58de245f6decf762701a01c28890054e1f76042e3c3ac6c9e67531bddcfd8e	2a0fba89cf807f2e44cba2dd36723ab846ba8b2058d90fd35914307c66df3470	RUTA_LOCAL+SHA256+ACTIVO+TAREA+CONTRATO+REPORTE
LED-T0-635b1d8022fc7372cf81f176	RUN-377a255de24ca946	377a255de24ca9465f073b024699b680655672bfc37ffd19f3bbb24a76790d62	TOBS-759d9057994063e540f2eaf5	TOBS-4df5e80a6512680fd2e278bd	ACT-f5e4438bd778b51c7fdd82b3	OBJ-572ac4b462e65acfc9249c1b	fd_envipe2020.pdf	94bcf0b012b9cd3eb5387b2d5605b809269579b5e04c492ccea025e0cbbb0a64	REUTILIZADA_PRE_T0_CORREGIDO	data/curacion-universo/reportes-inspeccion.tsv#reporte_id=RINS-0f9738546bf700c9518117c8	f4432b52f0aec48945457f5d82367bffd09e22545cc088e569c0c9996201135e	data/curacion-universo/contratos-inspeccion.jsonl#tarea_observacion_id=TOBS-4df5e80a6512680fd2e278bd	f27db2e57d1e0f6fed728ad0c9c68488034768d6cd3b3fd026bf2dc377c79f45	c13a249e02a8446b4a5de2adb5b34dced3ec9e4d471ec88d0475da8f2f38b721	RUTA_LOCAL+SHA256+ACTIVO+TAREA+CONTRATO+REPORTE
LED-T0-638e0f5e7bc600ae590027d6	RUN-377a255de24ca946	377a255de24ca9465f073b024699b680655672bfc37ffd19f3bbb24a76790d62	TOBS-256a2635caada3a154d79f22	TOBS-4ef92db9f2effdd556ac23ef	ACT-b9635f0215daa72b983db41c	OBJ-466eddbc09e048b629efcd1e	enfih2019/enfih_2019_base_de_datos_csv.zip	be372533d5043920892142e8bf792b7293a5f20ab466a6441bc89925b42ef4d5	REUTILIZADA_PRE_T0_CORREGIDO	data/curacion-universo/reportes-inspeccion.tsv#reporte_id=RINS-8a78bdd578bdb3248c3e22a0	c470f9796f6a16e47cbb6dd6f70c03f1fa9750a9cc8d6fac63a6a5de970e148f	data/curacion-universo/contratos-inspeccion.jsonl#tarea_observacion_id=TOBS-4ef92db9f2effdd556ac23ef	eed2f19fb31eb1e2e135b2b520feb721dc13c5a86d4bf972a09a4c4debb126ef	28aa46c3a1cb789d1c6ef0087f586f1db25521279f31f5cd489fbf24c32716ed	RUTA_LOCAL+SHA256+ACTIVO+TAREA+CONTRATO+REPORTE
LED-T0-645dea09ef638c12f5a9af15	RUN-377a255de24ca946	377a255de24ca9465f073b024699b680655672bfc37ffd19f3bbb24a76790d62	TOBS-7825d9c55f542fdb8effa482	TOBS-d990788708cecee399f76711	ACT-415d4d8533bed530198b17a3	OBJ-8c3fd426a0a4dadb32684503	mociba2017/mociba2017_bd_sav.zip	f55cd9d4852f3d93f800d7e9825e32803147124db72f4648b7d03e73f9900d14	REUTILIZADA_PRE_T0_CORREGIDO	data/curacion-universo/reportes-inspeccion.tsv#reporte_id=RINS-69618f1af4fd471222b77744	13c5dd3d939896649a4e0f4c357cfa65d9684c706692f234998c82edcffc3a61	data/curacion-universo/contratos-inspeccion.jsonl#tarea_observacion_id=TOBS-d990788708cecee399f76711	8625477775d2a0ae3fbf3caff72cd2ffc68abccf477569eb1763ba1bb28a8276	3d9ec831ba7ce7e9cbba3814990e048ec7817537970ea029b9ddbd956889b592	RUTA_LOCAL+SHA256+ACTIVO+TAREA+CONTRATO+REPORTE
LED-T0-64a7c30e4da9e2c6e2268794	RUN-377a255de24ca946	377a255de24ca9465f073b024699b680655672bfc37ffd19f3bbb24a76790d62	TOBS-4d3804ff20b6a0c5570e3fac	TOBS-caad924ec4b6b7d0ac619e7d	ACT-c1a20ba20bbdce87b6fdaa4c	OBJ-6cb70c0d995e8737a332648d	engasto2012/gasto_de_consumo_ajustado_dbf.zip	87da7f281dacffd90a00d6da3d834b88310d2ea71f3df60123c2e89ee1eead40	REUTILIZADA_PRE_T0_CORREGIDO	data/curacion-universo/reportes-inspeccion.tsv#reporte_id=RINS-2c95bd0b8ca559ef1ebddb7a	21f2da6d957e577dfd9521de2335da25b33a5d04490fa1efc44d1b2739f849dd	data/curacion-universo/contratos-inspeccion.jsonl#tarea_observacion_id=TOBS-caad924ec4b6b7d0ac619e7d	6cc969159bce1c5de80cbc737767886132b9a9380aa6c8d90f91a840709626fb	7c1b1ee1406a3be73d696148d34fe6de1025faa402c9560e4e5b3b836f322315	RUTA_LOCAL+SHA256+ACTIVO+TAREA+CONTRATO+REPORTE
LED-T0-6514ed5e835899173d5c8458	RUN-377a255de24ca946	377a255de24ca9465f073b024699b680655672bfc37ffd19f3bbb24a76790d62	TOBS-c7dd7347b41f03a6b0cdbf88	TOBS-0f6c75fc168b39e8c3dbd86d	ACT-e8642043b05d2f2c94abcefc	OBJ-b8199d0fe087fbb98c041037	ennvih/ehh09cb_all.zip	1e23ee82ac16f1f977daa78f017753045a459dc468ba599c1ec4011cc08ef059	REUTILIZADA_PRE_T0_CORREGIDO	data/curacion-universo/reportes-inspeccion.tsv#reporte_id=RINS-4c3f6dacf2321baf73c04183	51975d5d547a0877ebd4723ef10e268a3316d6507ec0533f010f5c5c57721189	data/curacion-universo/contratos-inspeccion.jsonl#tarea_observacion_id=TOBS-0f6c75fc168b39e8c3dbd86d	159fa55a8d2dae2ab8a81ff10df096a4326be21b2ca704bf339fb3c245fa4d67	9a69f35ff2c7094e531f4829066343b8e9cee40c5f2f28fae1878ad7a206f8c6	RUTA_LOCAL+SHA256+ACTIVO+TAREA+CONTRATO+REPORTE
LED-T0-6526a84607dd08629f8eea49	RUN-377a255de24ca946	377a255de24ca9465f073b024699b680655672bfc37ffd19f3bbb24a76790d62	TOBS-12986b93d714a8e54d8b0f5f	TOBS-bc37eba64a5095cd718b8a1e	ACT-7e1f118a1503c2ceeea54cce	OBJ-d16c28d0b6789f01006c61af	mociba2019/mociba2019_bd_dbf.zip	69887fee476168cdcd0e301f249c5c976e6518fc2690eab96ffa90f3c4cb4920	REUTILIZADA_PRE_T0_CORREGIDO	data/curacion-universo/reportes-inspeccion.tsv#reporte_id=RINS-23d92433eaca98eac7c31597	ba98d3d94136ce4b824778651b542b483d860c682e286153b6d3b7b9400a19d8	data/curacion-universo/contratos-inspeccion.jsonl#tarea_observacion_id=TOBS-bc37eba64a5095cd718b8a1e	67259e13af5245174618c7c5b5bc41cf602aa05a28d60748fb4bbd24c695ab66	bb07f71b328fea1aa1ab8ede0225445b6a1a1007dece52b07a2b6c5d1d485495	RUTA_LOCAL+SHA256+ACTIVO+TAREA+CONTRATO+REPORTE
LED-T0-656134b47218c789d549a8e2	RUN-377a255de24ca946	377a255de24ca9465f073b024699b680655672bfc37ffd19f3bbb24a76790d62	TOBS-2f3ee5837ea21e51bb47956a	TOBS-70cfce8c1d295962a59562dc	ACT-d97e542db7002bc52c0edb5e	OBJ-2ac0e842aba361dcb0a0d156	R3.4_Banxico_CoDi_SPEI/informe_anual_IdMF_2020.pdf	7634005053ecfcbc6ef79cfbf7a5af57e1e53eb6dab7e0fb3b36f090797e96f4	REUTILIZADA_PRE_T0_CORREGIDO	data/curacion-universo/reportes-inspeccion.tsv#reporte_id=RINS-166250837587a16a738bb3f9	8bf07ff3464f07c356279fd1794d7dc8c8c73f17b33cafe75453f54fc63c5a00	data/curacion-universo/contratos-inspeccion.jsonl#tarea_observacion_id=TOBS-70cfce8c1d295962a59562dc	ba166bdb0e7297803f8178b789aaaf87889ce5c3efee5329fbc9901948579eb8	cb48e4d3e9a75ca18f342eb87f88bd79ba0316865430dd605cc4dbef67986484	RUTA_LOCAL+SHA256+ACTIVO+TAREA+CONTRATO+REPORTE
LED-T0-66e1e925e983eb99b2a7dc28	RUN-377a255de24ca946	377a255de24ca9465f073b024699b680655672bfc37ffd19f3bbb24a76790d62	TOBS-22bc705d73865279cc5753ae	TOBS-2be4bf44c3fd8b8795a3e38f	ACT-7d993d10c090c449534e36f5	OBJ-428b1e3de074e6c6898a7755	fd_envipe2025.pdf	83fe02467b661d64e8638d882b242b0e534b8383e683a3fcbeadd66ead777fad	REUTILIZADA_PRE_T0_CORREGIDO	data/curacion-universo/reportes-inspeccion.tsv#reporte_id=RINS-60b84ac2d8d0a66351077f7c	6ccd1a74e3912471e31f18874cc87e0c521b063999de608200c1cbd8c55515de	data/curacion-universo/contratos-inspeccion.jsonl#tarea_observacion_id=TOBS-2be4bf44c3fd8b8795a3e38f	5d0c19a68ea1489e2fb8e30d67520b55b31b316476399ba83d8861d6a0c7e9cc	64dabe746563ab34aa639e82719cb4b6578a7c3f5a5de43ce28ab9ba7e2d518a	RUTA_LOCAL+SHA256+ACTIVO+TAREA+CONTRATO+REPORTE
LED-T0-671b60529a09a9b1fff8295d	RUN-377a255de24ca946	377a255de24ca9465f073b024699b680655672bfc37ffd19f3bbb24a76790d62	TOBS-f0872523229f5e6109f1f373	TOBS-b9bb4e392e68ad5b07371ed1	ACT-a7c19d295bd2a85c596ae241	OBJ-3b8d5e7d9f25899114448090	encig2021/encig21_base_datos_dta.zip	311ebf9c338ea7435c1a703e7ca90e7cd3ecbdbe5aeffaa8d91498db23baa0bc	REUTILIZADA_PRE_T0_CORREGIDO	data/curacion-universo/reportes-inspeccion.tsv#reporte_id=RINS-2829f5fc79f523d7a19e5547	cc50602591c13b40aec88d52d1abe105eb6b8f9fcbf531e2e6b1489e7ce62759	data/curacion-universo/contratos-inspeccion.jsonl#tarea_observacion_id=TOBS-b9bb4e392e68ad5b07371ed1	e13b86ab3e514ceeb4087325a4ad417db14dec46d6f7faeaa3436c27dd7b2ec5	f7872a4957332bb63d98e8ba2585a82d6f58561325a6c432b919931f0beb56c2	RUTA_LOCAL+SHA256+ACTIVO+TAREA+CONTRATO+REPORTE
LED-T0-6794b70ab9b6538e79d7dba5	RUN-377a255de24ca946	377a255de24ca9465f073b024699b680655672bfc37ffd19f3bbb24a76790d62	TOBS-e6b2b81c90ef3b0ee293389b	TOBS-f9eef3fb8c5f8aab299cf21f	ACT-90fb09234001c02791c7727c	OBJ-6d322bf92d43b74f1ecbbec4	R7.3_PUB_Bienestar/padron_unico_bienestar.csv	89e46568abd3b17d110ae5b772fb80b5fde47669ce2e12020e8e877f270883bd	REUTILIZADA_PRE_T0_CORREGIDO	data/curacion-universo/reportes-inspeccion.tsv#reporte_id=RINS-678c85a71f654d14ae319f38	ef8945c3a3b6bfbe82759ac662ffb5871ce32224d6fa84e6756a0c24088a6f55	data/curacion-universo/contratos-inspeccion.jsonl#tarea_observacion_id=TOBS-f9eef3fb8c5f8aab299cf21f	edfb11e45e7da4d20293186f213610c6c08f34c8ebfb649bb3174305e1c5d56e	8d0ca02c8e81906274a6bb6bb49ebc05a96ee0499303c948d83feaecc3ee1cf2	RUTA_LOCAL+SHA256+ACTIVO+TAREA+CONTRATO+REPORTE
LED-T0-6882ff612512667519512114	RUN-377a255de24ca946	377a255de24ca9465f073b024699b680655672bfc37ffd19f3bbb24a76790d62	TOBS-d3444252f2ccfa27156caa39	TOBS-e871e2baee05cc23b4b4b027	ACT-ee037644fd98c4edc4a4d86f	OBJ-eb8262f42a37f49618c5494b	encig2017/encig17_base_datos_dbf.zip	801efc4c46d8a6e594215f4c0567ac5012b905a95c5f9c2639d53e6c566f4aee	REUTILIZADA_PRE_T0_CORREGIDO	data/curacion-universo/reportes-inspeccion.tsv#reporte_id=RINS-36c406d4eb4f76c03cda14b2	029feaf0b7394a6d8a9e6a4e5ff454e3abb48c6da67cf5415fdc5e6cca13864b	data/curacion-universo/contratos-inspeccion.jsonl#tarea_observacion_id=TOBS-e871e2baee05cc23b4b4b027	069f97d16c6d3ff4db5591667c52a83dcb32cdda1c8cdc1732fe1ecac4bd608b	04659d7d30fd5a94994507a759957054fff921777a74237262384545c6bb5769	RUTA_LOCAL+SHA256+ACTIVO+TAREA+CONTRATO+REPORTE
LED-T0-68d663ad518b4da460715996	RUN-377a255de24ca946	377a255de24ca9465f073b024699b680655672bfc37ffd19f3bbb24a76790d62	TOBS-6a104ce907ff92343ca6f357	TOBS-e75035751bcf9c01addd4788	ACT-91473e49107c1e57f8f3b6ec	OBJ-50d3636d0f883d661cd4c112	mociba2021/mociba2021_bd_RData.zip	b6abcf46ebb541b1aee1e980db34e51db76eb7c36f708e92ffa4f229d01fcd36	REUTILIZADA_PRE_T0_CORREGIDO	data/curacion-universo/reportes-inspeccion.tsv#reporte_id=RINS-37b6a658683f9237ee7b3c0a	9dc0bd7a2b5be4bb03e0eabfdd8cf2db9f0ba5a9f8c16823a299b76749dd4639	data/curacion-universo/contratos-inspeccion.jsonl#tarea_observacion_id=TOBS-e75035751bcf9c01addd4788	7b985adbdba7f8a90b365db6e49279462db6fc96fa701334a954d59e4dfafe49	ba0f7621ab1bc86e72690724e23f0e710e25ca468326479cbd8eba01d0447e0e	RUTA_LOCAL+SHA256+ACTIVO+TAREA+CONTRATO+REPORTE
LED-T0-690c94fab6a20a3313ce221d	RUN-377a255de24ca946	377a255de24ca9465f073b024699b680655672bfc37ffd19f3bbb24a76790d62	TOBS-32d56f035514515a7bcbcc34	TOBS-5fc074012e1194c6c1f61ac1	ACT-98455d5a4df5660d806b2bf8	OBJ-41064a72f1a9f01f0a90f252	engasto2012/hogar_dbf.zip	4b7b4b77e137c9e71730efb423bbf702e54cd70d97d3f7854b3166bab859638b	REUTILIZADA_PRE_T0_CORREGIDO	data/curacion-universo/reportes-inspeccion.tsv#reporte_id=RINS-8452c8a461f5189720dd7728	2ba2c71063464896054ab8f49775a4031fd2504c85b113c44b7f0ad67a294572	data/curacion-universo/contratos-inspeccion.jsonl#tarea_observacion_id=TOBS-5fc074012e1194c6c1f61ac1	5c09343e0590ce598858b03dd51b815a2a77e8a5fde669d06654a96e3ebf83e7	7baba8e3ed5bcb348ea9b6c3c3831a4904bcaa1ad38ec547148bb7bd33489fb2	RUTA_LOCAL+SHA256+ACTIVO+TAREA+CONTRATO+REPORTE
LED-T0-6942fce12b7e0552f7a42f3b	RUN-377a255de24ca946	377a255de24ca9465f073b024699b680655672bfc37ffd19f3bbb24a76790d62	TOBS-8e90150e830e2d3260c7327f	TOBS-bf81944b715b4c2d8715169e	ACT-4db3206a40b7e86565782f6a	OBJ-7e5ec4fa2e4fdeeba53c0244	R3.4_Banxico_CoDi_SPEI/banxico_sie_cuadro_CF885_monto.html	de7658bfa05dbab31166f681a3ad8b481ba3afebb16589d289ae58ac3e083748	REUTILIZADA_PRE_T0_CORREGIDO	data/curacion-universo/reportes-inspeccion.tsv#reporte_id=RINS-aae69b105f2958ee4072121c	5c981f202b05e81e3c6a91504b51e52fea64bf4b25e602d86d08221efcd6ffee	data/curacion-universo/contratos-inspeccion.jsonl#tarea_observacion_id=TOBS-bf81944b715b4c2d8715169e	1bf0e317f445a4f852dcb76c07d5df20a4dbb2f3d320bb8ed8faec5a7fe468d8	44fbf08981ecb8be4bdfda732f87139adbb5dd0271af6cdfe5d743527404e572	RUTA_LOCAL+SHA256+ACTIVO+TAREA+CONTRATO+REPORTE
LED-T0-6a45829ce32d4fd671f62da2	RUN-377a255de24ca946	377a255de24ca9465f073b024699b680655672bfc37ffd19f3bbb24a76790d62	TOBS-9903dd79464c98e0a688e621	TOBS-ac9c0222028489290991e7bf	ACT-dc5448b4bcbb99286360bed0	OBJ-d1770ef5a083aa9de9cfd81d	encig19_estructura_base_datos.pdf	1713d8536a0ac7473fd0f760dcd965e8e35bd0d1ff09eb63cd92a19c1258af13	REUTILIZADA_PRE_T0_CORREGIDO	data/curacion-universo/reportes-inspeccion.tsv#reporte_id=RINS-676711060004223424b9d428	0b4a0897a16e20ba9e3c8926946a7f40372c8b6a90608a0ff344251d2d1e6f24	data/curacion-universo/contratos-inspeccion.jsonl#tarea_observacion_id=TOBS-ac9c0222028489290991e7bf	d47e8a5af9e8ad9dd5adc17f146b3b9ad8aef91ea442c9c4d8c969d7badd577f	b1df97c27c556fa1121523a31fa28bc2345c7c6f502eac344b96a71c62e9fb69	RUTA_LOCAL+SHA256+ACTIVO+TAREA+CONTRATO+REPORTE
LED-T0-6ae40070e53bee3f3bc480b8	RUN-377a255de24ca946	377a255de24ca9465f073b024699b680655672bfc37ffd19f3bbb24a76790d62	TOBS-31fb052cec99e5f41ea62a83	TOBS-f26dd19e161b4cea85349e8b	ACT-f2806dc94ad892d40728fd73	OBJ-16c6a6c07bd426b077be8312	enut2009_diccionario_variables.html	ccd1eb3e762d8b4c9075450da9ec2c8bb97496ab2794476c4a124b284591b6a8	REUTILIZADA_PRE_T0_CORREGIDO	data/curacion-universo/reportes-inspeccion.tsv#reporte_id=RINS-572ea9f8ba750d4f8156ae99	9751c0e324dff061b17825f8f780719a97efe83dab8014b51aee1d028993dfa9	data/curacion-universo/contratos-inspeccion.jsonl#tarea_observacion_id=TOBS-f26dd19e161b4cea85349e8b	3e34287b2a132224b7ce4c9ae9edd68fb8379691f7b74dea08ca13fb0c142ca5	af25be9f8b53258fb49c21b1853f93e736759a4f9b11d4ec90a8d4fd65c18f90	RUTA_LOCAL+SHA256+ACTIVO+TAREA+CONTRATO+REPORTE
LED-T0-6cb237dc55b73f9bc50b45d1	RUN-377a255de24ca946	377a255de24ca9465f073b024699b680655672bfc37ffd19f3bbb24a76790d62	TOBS-5548414fed1b814b177fb757	TOBS-aa3e823a2f6190bc6889bff2	ACT-2ceba634b01cc24dc3816f12	OBJ-cd2294b1b34d968d16142fab	endutih2025/fd_endutih2025.xlsx	d02caecea044fa5f5089760586e4f1fa6d91341a0462fe19fdc70caefab1a9ce	REUTILIZADA_PRE_T0_CORREGIDO	data/curacion-universo/reportes-inspeccion.tsv#reporte_id=RINS-e6f48e254ac4c38e18e5c4ab	263e4641e42f65db358f065b85e9924e39033fe65b20e0791f55ab19dec8cc96	data/curacion-universo/contratos-inspeccion.jsonl#tarea_observacion_id=TOBS-aa3e823a2f6190bc6889bff2	acbd085a11e1cc1512be315c466a9af1e27d9d6d8d9a60466e3f106c8f6a3cd1	270d9e756594ed55b1cf0e736f38a39caf857f9d55dd002bc239539f808ccedd	RUTA_LOCAL+SHA256+ACTIVO+TAREA+CONTRATO+REPORTE
LED-T0-6d54d742cbf1cf48db2e3a25	RUN-377a255de24ca946	377a255de24ca9465f073b024699b680655672bfc37ffd19f3bbb24a76790d62	TOBS-a8b3a76231a62105afaf37c1	TOBS-b487b85b148bd6c0367a43ef	ACT-83aa1d376cbabd266a81ab67	OBJ-52b390b3a6b908c29d549b90	R7.4_R7.5_ACLED_HDX/mexico_demonstration_events_by_month-year.xlsx	376bdf04ca9c319950ede74c1711c9f8f3c55df52d3ef45afd07175bd157e8f6	REUTILIZADA_PRE_T0_CORREGIDO	data/curacion-universo/reportes-inspeccion.tsv#reporte_id=RINS-7f5976e0c43067e6d7c489da	ef0d530230a19a6b44cd1dd95175d7b298bdc83c91886751bcbb0c0c3c7e8ad6	data/curacion-universo/contratos-inspeccion.jsonl#tarea_observacion_id=TOBS-b487b85b148bd6c0367a43ef	4d27316b01369cf70c934c3016b45d763db672ea222d7acc2a5a5091d4555980	7a439ac7548ac7eb9bc18a90c0502875879fbcbba502eab832b37ad4eb79066d	RUTA_LOCAL+SHA256+ACTIVO+TAREA+CONTRATO+REPORTE
LED-T0-6d95b07ef9d98b8ca61b0026	RUN-377a255de24ca946	377a255de24ca9465f073b024699b680655672bfc37ffd19f3bbb24a76790d62	TOBS-a1b59138c1129058e05a8882	TOBS-a2a16af80d85d488b2ec1157	ACT-d0bddfecbff208b6d85ea9f8	OBJ-78e0643c42b43665a12843bf	eder2017/eder2017_descripcion_calculoR.pdf	01c21e5e4879fb44e7da477ebbacc014f1e59ec145c551e912063eaaa6ff2e6f	REUTILIZADA_PRE_T0_CORREGIDO	data/curacion-universo/reportes-inspeccion.tsv#reporte_id=RINS-aa10268d8a38af8d8189f842	e7198c457297bb062bd416a8a57b6479f3b0acb860cfaf8de4d29738f5153b77	data/curacion-universo/contratos-inspeccion.jsonl#tarea_observacion_id=TOBS-a2a16af80d85d488b2ec1157	56aa83879f4b1c30d5577b1ef44d5ebf59338f13ac218121d9ea7a9d59fe6a76	b2a871900d8c5fb7951daf6a0d2b1747ed23ae671a29c78ccae758ebf886210c	RUTA_LOCAL+SHA256+ACTIVO+TAREA+CONTRATO+REPORTE
LED-T0-6e9d6e612312a8de6bc9cc85	RUN-377a255de24ca946	377a255de24ca9465f073b024699b680655672bfc37ffd19f3bbb24a76790d62	TOBS-4b6951375e92e66412ca99e4	TOBS-d2ddae110dc604e3f7914c68	ACT-d3c42cb67341daec39b1b6fa	OBJ-9924ca78826066f6c154bf1d	mociba2024/mociba2024_bd_sav.zip	f72d09139646a50fea0cd0647bc5b2f5ab2ffe43b0cd4b4a0a6aa9195731551c	REUTILIZADA_PRE_T0_CORREGIDO	data/curacion-universo/reportes-inspeccion.tsv#reporte_id=RINS-e7204477609654eb0f1d1839	8b2088d859a6df26db726b1cd1d4c8e029e91362498a43c7d6bcc2ece5a1d9ad	data/curacion-universo/contratos-inspeccion.jsonl#tarea_observacion_id=TOBS-d2ddae110dc604e3f7914c68	73d83541e0d4d81a45ff7f09b3ea2bbfc17e5d1f77ddf6d85bfeaa93be2d3c59	7daa2ad08359fbf721a4accfd04f31e9e06978fdc8c0b9aec7af6376e7877ea5	RUTA_LOCAL+SHA256+ACTIVO+TAREA+CONTRATO+REPORTE
LED-T0-6eae90d0bd9bf30ab5ef7355	RUN-377a255de24ca946	377a255de24ca9465f073b024699b680655672bfc37ffd19f3bbb24a76790d62	TOBS-422e5007776421c2ad3caff4	TOBS-6b453289e269d4ad59f4deea	ACT-85ea74dd3a400f9d7f4df4e1	OBJ-8f4b66acce44542b8c77a86a	R2.1_R2.2_R10.2_RNM_microdato/datosgobmx_ckan_package_search_enaproce_enestyc_cero_resultados.json	d26a2cdbc9fcbf8b1fb6f6d35464c83dce825a99591d9012fa21d45da6b832d9	REUTILIZADA_PRE_T0_CORREGIDO	data/curacion-universo/reportes-inspeccion.tsv#reporte_id=RINS-aca57976594dde143876e1da	f96503d0e6154a005614c356328e8d9af3e44c7aa9eaf4a954a2f2ddbbf93eef	data/curacion-universo/contratos-inspeccion.jsonl#tarea_observacion_id=TOBS-6b453289e269d4ad59f4deea	0d9ea5a2456582330e56c1299c4aa1c33df906b28af582adf9b5fe937a450a42	46a655ac996550e227444b4907709e54f1299ec2113c58836b1f7ec43aeff2ff	RUTA_LOCAL+SHA256+ACTIVO+TAREA+CONTRATO+REPORTE
LED-T0-6f6df9525f900d4fc37227e1	RUN-377a255de24ca946	377a255de24ca9465f073b024699b680655672bfc37ffd19f3bbb24a76790d62	TOBS-c64c0bad2b353221d192767e	TOBS-5af39fc58a9aeab3a09b2323	ACT-899fc4b3b4a5a441f17f469e	OBJ-a127c521231e66326e54c3be	engasto2012/persona_dta.zip	22816da6fd51f86c48f72c87b0e42acff8d5a0e1e7f61cd1424bbebce6aeb987	REUTILIZADA_PRE_T0_CORREGIDO	data/curacion-universo/reportes-inspeccion.tsv#reporte_id=RINS-beae5be1b1815c85d116f788	d35c58663ab53fefe049b35d35dc63631d23630914192dfbe83a0a3caa0549a6	data/curacion-universo/contratos-inspeccion.jsonl#tarea_observacion_id=TOBS-5af39fc58a9aeab3a09b2323	854e91588f1e02a8ddb044ef2e010d099da2aa03beeb1b44c7f6cfeea7901ada	8f66d369b13f1689c09a76c47eed50e84817ebbf33e1c821b832aa7030ffd73d	RUTA_LOCAL+SHA256+ACTIVO+TAREA+CONTRATO+REPORTE
LED-T0-6f99427c56f1aef9495b657a	RUN-89f4c3a49c00c0e1	89f4c3a49c00c0e1ba1f07013e0af10bbc3289fdddc48dde816c37d3da1a742b	TOBS-b3209c136c0c6d4611e27884	TOBS-b3209c136c0c6d4611e27884	ACT-ca67a2372338cb7c6aa53b4b	OBJ-472d3b01af516cc205d9389b	engasto2013/gasto_de_consumo_ajustado_constante_sav.zip	afde0a418546576a93267c1e92af54ff57524c70bac25b1da472b5eb16750b69	INSPECCIONADA_POR_PRIMERA_VEZ_EN_CORRECCION	data/curacion-universo/reportes-inspeccion.tsv#reporte_id=RINS-72a6571ab12b4da44ce28e9d	b3a1afe1b7d09e3ccc3b670fcd7a9704dcd2d5dea1d8d1b499fc94ea636f733f	data/curacion-universo/contratos-inspeccion.jsonl#tarea_observacion_id=TOBS-b3209c136c0c6d4611e27884	f7d266857fd22a015c4a2f20c9ce18877a45b2c5d2f753b134748a9e401d91bb	0ce9f48477819fb68cceb1159578b49aaed599c14a4b908b35c981f5854ab0cb	RUTA_LOCAL+SHA256+ACTIVO+TAREA+CONTRATO+REPORTE
LED-T0-6fb6e08b8141c41836303526	RUN-377a255de24ca946	377a255de24ca9465f073b024699b680655672bfc37ffd19f3bbb24a76790d62	TOBS-137c693584b4f2a6a8362b0b	TOBS-a276638309859b4df35fd832	ACT-186d2bccaea56dcc334b901e	OBJ-f4e58cf0c07ed0972cef9a70	enif_2024_modelo_logico_pdf.zip	0556d09b8e3b8ca515f5f9d6183f7c708a87b611b49260663536fa0d7de3b468	REUTILIZADA_PRE_T0_CORREGIDO	data/curacion-universo/reportes-inspeccion.tsv#reporte_id=RINS-6c48ede6fa7c42f684aab593	38e3ef415541b8614197090cf5f7d6cd24d1a7bca997fe845c35e64d61c24cdf	data/curacion-universo/contratos-inspeccion.jsonl#tarea_observacion_id=TOBS-a276638309859b4df35fd832	491aad9398341587fefff352c56d9c679b5c440f725ef21b6c575fbf4fd59baf	ff2bd67342bb16762edd9af02f1191439d179c5911006c11b5c44f6d5974236a	RUTA_LOCAL+SHA256+ACTIVO+TAREA+CONTRATO+REPORTE
LED-T0-6fc1257cb2506b295bcef7b5	RUN-377a255de24ca946	377a255de24ca9465f073b024699b680655672bfc37ffd19f3bbb24a76790d62	TOBS-5a73310982e12fcf340c059b	TOBS-01ab9c248003bcb50b487c5c	ACT-1bf8f299858c9e9a59e4cbe9	OBJ-a5ef8997202577e9e1cb199e	endireh2021/bd_endireh_2021_dbf.zip	d9d087e0087bea0e0c848c8d39b761af5e8ddf8efe95f2b0604387f21e4a28af	REUTILIZADA_PRE_T0_CORREGIDO	data/curacion-universo/reportes-inspeccion.tsv#reporte_id=RINS-0b33deac870e273b74c4ebae	622b060de8ed7eb0245009bfda56eb3bf2dba417e3ac284b17f070629fc33fed	data/curacion-universo/contratos-inspeccion.jsonl#tarea_observacion_id=TOBS-01ab9c248003bcb50b487c5c	8684241edc75aed281065fc3f7822dd35ae1cf5c68351c2a6269d5c10adb8546	a3ae6182c47e351d2274bd8bbda0e48a01fa0ea9d0e7fbc074fceac46c8d62c8	RUTA_LOCAL+SHA256+ACTIVO+TAREA+CONTRATO+REPORTE
LED-T0-7073526bbb47c5ad8a026a56	RUN-377a255de24ca946	377a255de24ca9465f073b024699b680655672bfc37ffd19f3bbb24a76790d62	TOBS-72751c251fbc1a46ed3ab3c6	TOBS-c651e3b85e2eac889284a079	ACT-744c344a12085dbae7063b1e	OBJ-946319dcb55a24d4c1d7b20e	envipe2021/bd_envipe_2021_dta.zip	0b63313207b6e2d22e376784bbc7534b99c2f48c0e2536b045116c507c79321b	REUTILIZADA_PRE_T0_CORREGIDO	data/curacion-universo/reportes-inspeccion.tsv#reporte_id=RINS-17e87f9b0adde09d2e9f1b54	af21afa43193c873adf1e3a5fde98d54e8fac7837681b46d5ada75a7d444776f	data/curacion-universo/contratos-inspeccion.jsonl#tarea_observacion_id=TOBS-c651e3b85e2eac889284a079	b262d481b11b184f95ea405c0dade22c3b6a29523e4b67921fb94d5bcce4046c	74a364ba51dd3940e1d1e56fb520f1402ee720bc0a76ddf8f23f47528e4fcf50	RUTA_LOCAL+SHA256+ACTIVO+TAREA+CONTRATO+REPORTE
LED-T0-70b695103dae6a7987b1e4a0	RUN-377a255de24ca946	377a255de24ca9465f073b024699b680655672bfc37ffd19f3bbb24a76790d62	TOBS-338f9bff4a47fee1d1e823e0	TOBS-16175a49a1ffe178e47d24db	ACT-3467b045b06a565006eee6af	OBJ-f0871846416213e103b21d43	R3.4_Banxico_CoDi_SPEI/banxico_sie_cuadro_CF881_cuentas_validadas.html	1debc7f3cc65edde5ef8c48544c03bf7dd6244a836dd19ad299c138e25fc3f55	REUTILIZADA_PRE_T0_CORREGIDO	data/curacion-universo/reportes-inspeccion.tsv#reporte_id=RINS-99c3a4ada45e01d2e20fa20c	257ff9578bcb16d9181013a61b3318d61b5908c098594f7971ba1779f99eda2f	data/curacion-universo/contratos-inspeccion.jsonl#tarea_observacion_id=TOBS-16175a49a1ffe178e47d24db	acd7fb367b45ec9634ea3af6157147b19545be4d2716f4bda19105470ca1f89f	0e496f86ec4d9cc07713d8b6357d2c917beaf076f8a88694b5bb14013020398b	RUTA_LOCAL+SHA256+ACTIVO+TAREA+CONTRATO+REPORTE
LED-T0-71487f8f56807c280de45de3	RUN-377a255de24ca946	377a255de24ca9465f073b024699b680655672bfc37ffd19f3bbb24a76790d62	TOBS-dd7c53aef9c9098a822a4be1	TOBS-74c6d4b5803dcb7bb9f802de	ACT-7cf5e348e0f8b54e4c6c4390	OBJ-624fe8300dfbb112fb304de0	cuest_principal_envipe2024.pdf	39a0d899fdef7fb6a5ffce617ed59754055e6cfa2250c23d73b830d41975694f	REUTILIZADA_PRE_T0_CORREGIDO	data/curacion-universo/reportes-inspeccion.tsv#reporte_id=RINS-aac1a6808cdfc25181d096a5	0014f48ae0e4e41614bd570c66add3cf8704ec7c9343f610883b5fc4f814ba55	data/curacion-universo/contratos-inspeccion.jsonl#tarea_observacion_id=TOBS-74c6d4b5803dcb7bb9f802de	4c2a468492663e45926c2563dc908ea534dba2803ec704aec3f8f48c11f2ac9a	e8a45d6ba07819d61d41b7f8c2f7c40d20949e897b6285d721418c4f721f3dd0	RUTA_LOCAL+SHA256+ACTIVO+TAREA+CONTRATO+REPORTE
LED-T0-71fe107ea473b6cfa408ebbb	RUN-377a255de24ca946	377a255de24ca9465f073b024699b680655672bfc37ffd19f3bbb24a76790d62	TOBS-1606e8c7f1892ef9595bb758	TOBS-863c9731f33e1f9570d5aa2e	ACT-bc12688f3d48538e25d5aad1	OBJ-8cc9616e5ab195c03b10aeca	conjunto_de_datos_enoen_2022_3t_csv.zip	61d09993bd4daf894236c5618779c93ec8d77c08e38ced59aa049c6c3b1bb7ab	REUTILIZADA_PRE_T0_CORREGIDO	data/curacion-universo/reportes-inspeccion.tsv#reporte_id=RINS-0aeec0663ac724ccb17589f6	3fe4960265ed2c42fbd44bd4058c1a41e962d9de21efba352999e6e947e55182	data/curacion-universo/contratos-inspeccion.jsonl#tarea_observacion_id=TOBS-863c9731f33e1f9570d5aa2e	7297cb89f479fd01b9aba7b90758038423f9fd1c36535ebe61a78c931461b2b3	2c217aca4b523d65c15e94c7e7dda8f72a559568b5e585a968ca52a49cc6bbde	RUTA_LOCAL+SHA256+ACTIVO+TAREA+CONTRATO+REPORTE
LED-T0-72166a5d33e8e4c9749ae002	RUN-377a255de24ca946	377a255de24ca9465f073b024699b680655672bfc37ffd19f3bbb24a76790d62	TOBS-93ea59dd4862c2092082f5e4	TOBS-573c6abddfba056764269676	ACT-2c44f0d16c7a81c133f82fc3	OBJ-a812e7ed3e39f994b20f174a	enif_2024_fd.xlsx	17e2ad86ce9e4fd5783ee54e9b51ee436b934e002d5736b82094070c74a25db2	REUTILIZADA_PRE_T0_CORREGIDO	data/curacion-universo/reportes-inspeccion.tsv#reporte_id=RINS-674b504074a9ed0a8fc0d6b6	47e7cc630279a983bdc8f3d565d12963effb4a6a5bcf45f5b1cf9d10f612b412	data/curacion-universo/contratos-inspeccion.jsonl#tarea_observacion_id=TOBS-573c6abddfba056764269676	a18ebd77f17d46c29213e53cf1f38a4076e4470490fe5e666b0451f00a73a34c	aaad812b2bbefd646aad46ddd6528d20db40cc9cf9396542cb7f4990bda5379d	RUTA_LOCAL+SHA256+ACTIVO+TAREA+CONTRATO+REPORTE
LED-T0-723fa886faf3a5a0a003f20a	RUN-377a255de24ca946	377a255de24ca9465f073b024699b680655672bfc37ffd19f3bbb24a76790d62	TOBS-c457eb2dbbf93bfa59c0f841	TOBS-4585ea22fa4486900f33b534	ACT-d2bd2a215e7a601a95aa4f9b	OBJ-d78bc7371befa99d00d03d7e	mociba2020/mociba2020_bd_dta.zip	be387987f07ffc863a1c899c5a73960dd4540b68ca20b3c177a5391f20c02957	REUTILIZADA_PRE_T0_CORREGIDO	data/curacion-universo/reportes-inspeccion.tsv#reporte_id=RINS-b583fb4564a984ddd1449ad4	d45ed48e76ea0707da49d74a32e8544db75b6502d5367d364624bacd36f53b50	data/curacion-universo/contratos-inspeccion.jsonl#tarea_observacion_id=TOBS-4585ea22fa4486900f33b534	3cd0ad8c0c0eaec9871f5ef6ea1b1b48158c0a14d77b1f34665e15dc74ab47e8	9a28fe7f35bf06a313b9dfac324485e5589311a6c86ed4211bfd0732c8574427	RUTA_LOCAL+SHA256+ACTIVO+TAREA+CONTRATO+REPORTE
LED-T0-728a91c67769b903d323cfb2	RUN-377a255de24ca946	377a255de24ca9465f073b024699b680655672bfc37ffd19f3bbb24a76790d62	TOBS-1a571d4e425d00545f784418	TOBS-47ff69bc667e6ef84af614a9	ACT-a9e8fec542b3932b3620ab02	OBJ-87ab0037a5f32b8307699975	ejemplobd_enestyc_1999_stata.zip	f19c9021c587f4f6403b71d8b0b177b270afc0e65c3065e87fbefddab39f4cea	REUTILIZADA_PRE_T0_CORREGIDO	data/curacion-universo/reportes-inspeccion.tsv#reporte_id=RINS-447ce4f7e4e16553527730bf	10500fdca6c617d68b1d6f6ce79b6dead34c7adfc9d8867f09686c233461a3a9	data/curacion-universo/contratos-inspeccion.jsonl#tarea_observacion_id=TOBS-47ff69bc667e6ef84af614a9	32af214abea3a44777a7987f4f5eddcbd9428d1a0b1eff0eb6652eac597e8d7c	ef951ba53a30c37def0f27a4caa63b2440910f3d513dc4d263e2597a884ee34f	RUTA_LOCAL+SHA256+ACTIVO+TAREA+CONTRATO+REPORTE
LED-T0-728aa2998d1381a4db26ebdd	RUN-377a255de24ca946	377a255de24ca9465f073b024699b680655672bfc37ffd19f3bbb24a76790d62	TOBS-b46727fc7b3b3f200080f45e	TOBS-a3f2d25191941ebe061a6f85	ACT-3f1705f1dff1d0f3c946ecb0	OBJ-eed113d5c2c51f2187163a1c	enif2024_csv.zip	a3507b4038888247f565f1640a718ef552bb8fc363378e3372a5bf2796bb2e4c	REUTILIZADA_PRE_T0_CORREGIDO	data/curacion-universo/reportes-inspeccion.tsv#reporte_id=RINS-ffa2581b2eb9ba13c8464fe1	7de23df6e9c693a90babae011260e0e9346c0f5d9c6a37c1d58b597fe5e475c4	data/curacion-universo/contratos-inspeccion.jsonl#tarea_observacion_id=TOBS-a3f2d25191941ebe061a6f85	a2552d4f6594dbc5403d6cf3264c673a63ba1a1ef414b2707828de72a2a85803	149045cbeb3947de096920bc2ec80a1682d99af0bcb484886d93cced4fc18179	RUTA_LOCAL+SHA256+ACTIVO+TAREA+CONTRATO+REPORTE
LED-T0-72e4182927d65377c7ee17c0	RUN-377a255de24ca946	377a255de24ca9465f073b024699b680655672bfc37ffd19f3bbb24a76790d62	TOBS-db24461045dcb6ebe63cb58f	TOBS-5a6e74faedb29a8cbe394c54	ACT-ae1ddb10e2992e10f0aaa4a9	OBJ-61b2d5d2041a4aa24702e8c7	encig23_estructura_base_datos.pdf	eb89820cd58af0d8799387a376b9e60b062ed59daea74cdbea7ff3b4ee13a906	REUTILIZADA_PRE_T0_CORREGIDO	data/curacion-universo/reportes-inspeccion.tsv#reporte_id=RINS-fe9541445beee66d509d38a6	d00ac2078e255d0d9408b538721be373214725ca3ad694ea6cb08add629c6117	data/curacion-universo/contratos-inspeccion.jsonl#tarea_observacion_id=TOBS-5a6e74faedb29a8cbe394c54	a2ff2f55e53d8e4eb70eb49d93f54f8cb2d011cb00235e8877d5a18df89ff231	6b1582cf0525f799954c21572451d215381787ff48b86949c1e30f352f281931	RUTA_LOCAL+SHA256+ACTIVO+TAREA+CONTRATO+REPORTE
LED-T0-72ecc1a5556e21aa684c2c69	RUN-89f4c3a49c00c0e1	89f4c3a49c00c0e1ba1f07013e0af10bbc3289fdddc48dde816c37d3da1a742b	TOBS-af1a0349432c3fb82d680fc9	TOBS-af1a0349432c3fb82d680fc9	ACT-264c1c9f602e41e536c37ef8	OBJ-0792214f204c32d90f5a05d3	engasto2013/gasto_mujeres_dbf.zip	2d092d36e8a23b3b7a7561f3e0d6648bcedd9265ec398dc5711419e00bd5a379	INSPECCIONADA_POR_PRIMERA_VEZ_EN_CORRECCION	data/curacion-universo/reportes-inspeccion.tsv#reporte_id=RINS-7b087cf193fd216c55c5d0b9	65c04c4fb496d440704fc2abd3ee55c45a33bbc3822cf468f7e9376a0e51eb7a	data/curacion-universo/contratos-inspeccion.jsonl#tarea_observacion_id=TOBS-af1a0349432c3fb82d680fc9	b259d8e48f8514d63a90f15d5c85e9f60750b08692b704ad4d769288f216e9b7	4b80edfd4943f2cb420c6202d42833cb7404a5edc3f86b5b3aa8f15960ed06f4	RUTA_LOCAL+SHA256+ACTIVO+TAREA+CONTRATO+REPORTE
LED-T0-733a6c8f917aa5f5d49ad835	RUN-377a255de24ca946	377a255de24ca9465f073b024699b680655672bfc37ffd19f3bbb24a76790d62	TOBS-1182f58793f49d1a8b62a687	TOBS-7a3ebf91557beedfdd7624d6	ACT-66857845353bec6c0ccae24b	OBJ-f3e585f7c77aac509dba0a3a	envipe2020_csv.zip	26f468da631bfdb94994a9e5051fa973468608f0da56612b6897df16a2797b9d	REUTILIZADA_PRE_T0_CORREGIDO	data/curacion-universo/reportes-inspeccion.tsv#reporte_id=RINS-ec06198ad3034310df57f2f0	1318935f5d88b6e39a3cda3776703430ae23ff277c5e57f12bb9c9723fad291b	data/curacion-universo/contratos-inspeccion.jsonl#tarea_observacion_id=TOBS-7a3ebf91557beedfdd7624d6	9979010a77fb7dc9557dcc5ccbaf4ab474f01f5597bac17e7ba6edec0cc81c3f	c5c26c6512613d5f0912c2bbcd1918378b512c3f098e336c0b928bb2191797bf	RUTA_LOCAL+SHA256+ACTIVO+TAREA+CONTRATO+REPORTE
LED-T0-739fb094681952d3f589c152	RUN-377a255de24ca946	377a255de24ca9465f073b024699b680655672bfc37ffd19f3bbb24a76790d62	TOBS-9bf63c029272ed060e477962	TOBS-6b523dbcc6252b342cc6c430	ACT-09b20ee3978695b954130d55	OBJ-ed70d6fd0acf5a387990d73b	c_sdem_v5a.pdf	e306c67a6551c08c3c4d65586a09cee1356e7017699c54deed6fdfe9c73708cf	REUTILIZADA_PRE_T0_CORREGIDO	data/curacion-universo/reportes-inspeccion.tsv#reporte_id=RINS-e0d301089cfa18b66ef9ec12	bb7e8021fb6abde0fab918176b0852b4336343cdf668564dd0e636d6e17c35a7	data/curacion-universo/contratos-inspeccion.jsonl#tarea_observacion_id=TOBS-6b523dbcc6252b342cc6c430	a43f7a69b63545d7c0bd9b5ecaccc2f221b015695d7ff935d4446beee1850f93	12f1c42e821dceea1e4e84978f67ec299a886125c84291b938f8fea78881e76f	RUTA_LOCAL+SHA256+ACTIVO+TAREA+CONTRATO+REPORTE
LED-T0-743055cc476c0a7fc0563b0b	RUN-377a255de24ca946	377a255de24ca9465f073b024699b680655672bfc37ffd19f3bbb24a76790d62	TOBS-322dc43b6fce800c122699e4	TOBS-5bb52218db9dd320125df11d	ACT-d7fcee91e2e767ab8c66a205	OBJ-05da3bd3447946c4bbe95d0c	ennvih/ehh09w_all.zip	e7929b49a7cd4f1eae5aa17da77c7eea4794d0f26265fbd40dde5e9c8e3ef8b8	REUTILIZADA_PRE_T0_CORREGIDO	data/curacion-universo/reportes-inspeccion.tsv#reporte_id=RINS-0853dd9a06818f75ff9f5960	e7761f844fd8bc849ad93cabddc465d4909fca31b5bcbf4e6e954f5cc5f5a145	data/curacion-universo/contratos-inspeccion.jsonl#tarea_observacion_id=TOBS-5bb52218db9dd320125df11d	ac91ee073d6136bf545154ebe359cfc28fe7e19c4e2797b5a88fadb9e8197bb6	146596b99651d5e74a769a23429909ed6f0faeda0ad75629bd4d091cfd9a625d	RUTA_LOCAL+SHA256+ACTIVO+TAREA+CONTRATO+REPORTE
LED-T0-74c15fdf925f27e8934ce45e	RUN-377a255de24ca946	377a255de24ca9465f073b024699b680655672bfc37ffd19f3bbb24a76790d62	TOBS-d982f02ff7411960f53d42b5	TOBS-42545b4bb0fa25536c4087b5	ACT-9c5ba2064a28a3d87430cf37	OBJ-7327268becadd70913fa3ab2	mociba2015/mociba2015_bd_spss.zip	53a372cab2d89d193c7fdc9f71724112779c8e28621f5f7f859df3ab05c98826	REUTILIZADA_PRE_T0_CORREGIDO	data/curacion-universo/reportes-inspeccion.tsv#reporte_id=RINS-6edcae81a973b7de45de08e5	18d13fe22ebace53ab7c3b7abd80fe044a1464786131d9e3411ae34c15e6e4c4	data/curacion-universo/contratos-inspeccion.jsonl#tarea_observacion_id=TOBS-42545b4bb0fa25536c4087b5	b3d7696b222e20ee7c73e12c30e6e8a949759843ffcd4748a5c75dd9b2299bcd	9c872acbd310af127aa2ebf632c8f379a128aacbe234f808e1114ca8a81c7d22	RUTA_LOCAL+SHA256+ACTIVO+TAREA+CONTRATO+REPORTE
LED-T0-750aacd4de39f9315ce17b17	RUN-377a255de24ca946	377a255de24ca9465f073b024699b680655672bfc37ffd19f3bbb24a76790d62	TOBS-c1b9220c588d394cdab2f11c	TOBS-c6b3d6fe61973674650151e6	ACT-b831fc67813096a71bf50e62	OBJ-b47021e8fdd03b9c74c507ee	ennvih/doc/ehh02cb_b3b.pdf	fa022876e336e975efebae7afb91e6beca3f92c915a57238de79f71db2f1ed6b	REUTILIZADA_PRE_T0_CORREGIDO	data/curacion-universo/reportes-inspeccion.tsv#reporte_id=RINS-8a64d33152823eaad1b62843	9212995542a29faf0f64dbcaecc1e829ad795899014f84b1228d3f7eb99bcb26	data/curacion-universo/contratos-inspeccion.jsonl#tarea_observacion_id=TOBS-c6b3d6fe61973674650151e6	5ae1bcd56987623582cdc8bf401a862e990b5c86bb32064c5ab449dd5cf7d19d	2e6c8618802a735611e5a5d02ae9729b779291a3ba425614abcd67e6d60a40e6	RUTA_LOCAL+SHA256+ACTIVO+TAREA+CONTRATO+REPORTE
LED-T0-751846f84cbab970616c8e00	RUN-377a255de24ca946	377a255de24ca9465f073b024699b680655672bfc37ffd19f3bbb24a76790d62	TOBS-8df9f92d2ab9251f9212489d	TOBS-dbfee1a46ea7b9db3a0fc75b	ACT-c2c678fd9792465c09628c19	OBJ-96947a46166558d0b7ab1eb2	cuest_modulo_envipe2023.pdf	98d3c632cc038c4a9a1ff129efb63f6d1ac786f46e4886aaaf5aff92b4cdf5b4	REUTILIZADA_PRE_T0_CORREGIDO	data/curacion-universo/reportes-inspeccion.tsv#reporte_id=RINS-af1f49e645ca99a50d8632ea	91c734354ae1c1d5e72b213a385cf306e271efd13292796611649402d3474047	data/curacion-universo/contratos-inspeccion.jsonl#tarea_observacion_id=TOBS-dbfee1a46ea7b9db3a0fc75b	4451cbc0c6f3ddcdb355795ecbb818eb725bfdc42509a26ba1221efebbeef150	fd2a6ef576695adecf8d0e762e741e6e8c0681b18e0dccbfd3832a2973791449	RUTA_LOCAL+SHA256+ACTIVO+TAREA+CONTRATO+REPORTE
LED-T0-754094766ff54349c7d62ccd	RUN-377a255de24ca946	377a255de24ca9465f073b024699b680655672bfc37ffd19f3bbb24a76790d62	TOBS-69671e6664355b3308ddc96a	TOBS-c8234788c648eb2b3bdd9bf2	ACT-9e0ef703a2bc52a6e2eea781	OBJ-b10b5d6230a379d9abbfe889	endireh2016/bd_sd_endireh2016_sitioinegi_csv.zip	5acfef81ea6c31a1d2321e75cd442726f1b58eab49666e36596f8e13e4f09ec3	REUTILIZADA_PRE_T0_CORREGIDO	data/curacion-universo/reportes-inspeccion.tsv#reporte_id=RINS-c113ffb9d3dc078344bebb6b	242263fa6dc5c88907cb110c0dc87bb0ab1cdd373a665a0c0938e4d3c6344ede	data/curacion-universo/contratos-inspeccion.jsonl#tarea_observacion_id=TOBS-c8234788c648eb2b3bdd9bf2	713cbad4472a9d9bf5b901c9e52ee6d8f46606947ea49be9cd0d333383e1c2a5	379b983fc67e0403542d3c082ec6609b57eb5d9ca2b4a74b021d796749173abe	RUTA_LOCAL+SHA256+ACTIVO+TAREA+CONTRATO+REPORTE
LED-T0-7547a20f13fc7c4abd1f34cd	RUN-377a255de24ca946	377a255de24ca9465f073b024699b680655672bfc37ffd19f3bbb24a76790d62	TOBS-6da7dcbc36c01390452ce881	TOBS-8b1e7acbfc073967e2305ed6	ACT-a825e1396bcfd4f0e98e4948	OBJ-b0fc28ddfcfdee76408b8d22	ejemplobd_enestyc_2005_stata.zip	b7407ec98b833d2d1bd4d671464d7a287ec1d477b9061191fa2e06852f5bde8a	REUTILIZADA_PRE_T0_CORREGIDO	data/curacion-universo/reportes-inspeccion.tsv#reporte_id=RINS-cc3605c777d37ee4e135aaff	d16c85cb6d3093ce988206ecf0bc2fd4b7c80e7af9fcb8f649d6aaad120606b6	data/curacion-universo/contratos-inspeccion.jsonl#tarea_observacion_id=TOBS-8b1e7acbfc073967e2305ed6	65ddb1a4c4292a96000d6a15e0240d254a8a8c5f4078d5dcde8a44c0ea8e4473	bf316e8c4c714ebead9570ad2de1b2102c3718a60a2cf90b16005fe28073c173	RUTA_LOCAL+SHA256+ACTIVO+TAREA+CONTRATO+REPORTE
LED-T0-758e15c290ef9526dc70affb	RUN-377a255de24ca946	377a255de24ca9465f073b024699b680655672bfc37ffd19f3bbb24a76790d62	TOBS-0f90b69b658c6c9756fb7317	TOBS-af7270ef4547ac9f2251306f	ACT-bb9278aec7b403af5606d3c1	OBJ-7226de4fabe3f1d4cb6a851d	ennvih/doc/ehh09q_b2.pdf	12191a6cc080bd0946eb69d7217f1ef3eb020067609efe45a57d4532f579b719	REUTILIZADA_PRE_T0_CORREGIDO	data/curacion-universo/reportes-inspeccion.tsv#reporte_id=RINS-18946240bfc20a47c2c92d95	2b9fb9bea209124d8ed3b72094a5ecef7998333cbd7a1236e01337cb99391de6	data/curacion-universo/contratos-inspeccion.jsonl#tarea_observacion_id=TOBS-af7270ef4547ac9f2251306f	bc9b352353b005b8a2da59664e0e59647dc3eacf455ef7904cc3b13e026bf43b	0b7fc00df74c8321e3ed0a227ef7099b869ee14303982a3f50a7cd81e49682cb	RUTA_LOCAL+SHA256+ACTIVO+TAREA+CONTRATO+REPORTE
LED-T0-78240ea262d6cee8bc32b103	RUN-377a255de24ca946	377a255de24ca9465f073b024699b680655672bfc37ffd19f3bbb24a76790d62	TOBS-de55416b3db4a0cca241a056	TOBS-9c727478864164ff392ac398	ACT-518d6cb7a6263802643ea4e2	OBJ-c77c4e56693074dc219f75c5	c_bas_v7.pdf	7ee25f114a493cd4136bb086f7fa3a2f6db1fe7300dc5839ec2a7de9c3efa698	REUTILIZADA_PRE_T0_CORREGIDO	data/curacion-universo/reportes-inspeccion.tsv#reporte_id=RINS-09f24420c228f5af5a439bbd	794c89616d8644afd3e6cdb808f024c2bca488804049b61cd8865d107e42958e	data/curacion-universo/contratos-inspeccion.jsonl#tarea_observacion_id=TOBS-9c727478864164ff392ac398	e33f2afc462a2c041d0796d5ec35521a1068074f2c8906ac7848cf8b8b987173	807595bb360eb00600dbf68932ddb37f8a630c2b143bc0402d5c8b3ed7f74a90	RUTA_LOCAL+SHA256+ACTIVO+TAREA+CONTRATO+REPORTE
LED-T0-786ee95f8331bc008092f80e	RUN-377a255de24ca946	377a255de24ca9465f073b024699b680655672bfc37ffd19f3bbb24a76790d62	TOBS-ccccbd9d9f3371157a194e74	TOBS-24bda22227fb27bc99912e9b	ACT-243d67ca9ad48bed72ecdf89	OBJ-685451da02e9d303cb9d3468	encig2021_csv.zip	c92ea34c7c57237c49ca3d8d99382e340b5939c371ce820332876f7c4c62c56a	REUTILIZADA_PRE_T0_CORREGIDO	data/curacion-universo/reportes-inspeccion.tsv#reporte_id=RINS-d7287a069c9b1b8d995b745e	3d0f57e135516312b56e1343f785f41ffc93a7b05daae4b7f161aee7a46f1c84	data/curacion-universo/contratos-inspeccion.jsonl#tarea_observacion_id=TOBS-24bda22227fb27bc99912e9b	c3a3632cf8f049c305e9002afea0af38f8c33d5c92a87c53d04739a1d362385d	119f65db064167e9b82c4017762fe960b529ec6dbfda66a45e24f80c70c29f71	RUTA_LOCAL+SHA256+ACTIVO+TAREA+CONTRATO+REPORTE
LED-T0-791bd9849439ffe288493f67	RUN-377a255de24ca946	377a255de24ca9465f073b024699b680655672bfc37ffd19f3bbb24a76790d62	TOBS-e24c15ca3385e043c03d04d8	TOBS-c5f726e215ca411b6d479b71	ACT-ea6c49a13d00b55d36c22887	OBJ-312ec5075947f644ce3b913d	enaproce2018/ejem_base_micro_ciega_csv.zip	2df2046ac8d5791574fd1e68c124215f3810eadd538714b9f36cda948d4f2ef2	REUTILIZADA_PRE_T0_CORREGIDO	data/curacion-universo/reportes-inspeccion.tsv#reporte_id=RINS-d7f7e8e07698b046b85d819f	9f2d16130d6a1eabd8ac12caa179c52626214948b9be78012418ec5e9e4df12f	data/curacion-universo/contratos-inspeccion.jsonl#tarea_observacion_id=TOBS-c5f726e215ca411b6d479b71	66c4eb19ee93e789971acd1c99abbb66dd407c321c1a41d768306965c7c2f089	cd77ec2fc0ea33290daac5185ade7cfa5dba32bb7a7a8e1ae6a5ac0d50922ec5	RUTA_LOCAL+SHA256+ACTIVO+TAREA+CONTRATO+REPORTE
LED-T0-7926e8b0beb2f5af1042fa6a	RUN-377a255de24ca946	377a255de24ca9465f073b024699b680655672bfc37ffd19f3bbb24a76790d62	TOBS-22e425d5470312824313f660	TOBS-2b4eedc8dadc0a3b1e15e97c	ACT-91c5b5751f216f886ea62a7c	OBJ-f5c2296bb2d0ff7bacc0e0d5	engasto2012/gasto_de_consumo_ajustado_sav.zip	df537940dcacadd09b14a7c917a2c6ebd8e2cc7222a86d52917c2c21398ca6a4	REUTILIZADA_PRE_T0_CORREGIDO	data/curacion-universo/reportes-inspeccion.tsv#reporte_id=RINS-8e925b355905e94d154e5368	381afc5bc9d112eb4675142f9067269ebbd4f40b54cb2c4a948f09e7a4d80f5e	data/curacion-universo/contratos-inspeccion.jsonl#tarea_observacion_id=TOBS-2b4eedc8dadc0a3b1e15e97c	e0a3d45527923bf72fa6c18208d5686d3d57f9332f0879f488505e0116f1126a	802465c7237ee977ff7c120b7ebff4ce56309d8d29443e2017a2cfab64d9f000	RUTA_LOCAL+SHA256+ACTIVO+TAREA+CONTRATO+REPORTE
LED-T0-7ad929948a4683c0f7f08284	RUN-377a255de24ca946	377a255de24ca9465f073b024699b680655672bfc37ffd19f3bbb24a76790d62	TOBS-4b2e3adaf994b64966b79b5a	TOBS-2577a07fb618dda65f058411	ACT-eb77d0a42b1f4bf2d3762375	OBJ-5dd63e81c5d1a7af3179aa2e	endireh2011/bd_endireh_2011_dbf.zip	6fbaec591716eaf646c4452cdcd87033eb54e4a42ba507f44e9d3394c0c72259	REUTILIZADA_PRE_T0_CORREGIDO	data/curacion-universo/reportes-inspeccion.tsv#reporte_id=RINS-1ebbe16e2e93e0ebf2186890	f341084710a20dee98858cf95c6fdcb6153858c8763f01cc09a8be1633a76018	data/curacion-universo/contratos-inspeccion.jsonl#tarea_observacion_id=TOBS-2577a07fb618dda65f058411	02d8db097e3e1655a516b9f4ba9ded27de811688f022c15c07ff98999df55c7d	9046a1a0a600b2479d7f172b3bda08d3f3aa4d21ad3bd20a81484aeda0009d5f	RUTA_LOCAL+SHA256+ACTIVO+TAREA+CONTRATO+REPORTE
LED-T0-7aff113619833d3339ad14e4	RUN-377a255de24ca946	377a255de24ca9465f073b024699b680655672bfc37ffd19f3bbb24a76790d62	TOBS-b4865684ca81d16e6ed96ad5	TOBS-97c5da6089dceb2be092980b	ACT-659e2fa6bd54c259accec822	OBJ-54402d28d0bdf7afbf67c0d3	c_bas_v5.pdf	1ab575a4d098991cca2e5a5355b32eb1f91a24d7625ec1778164693532287a3f	REUTILIZADA_PRE_T0_CORREGIDO	data/curacion-universo/reportes-inspeccion.tsv#reporte_id=RINS-229a84c7a6c5b1e6f3465d60	90109950ed5bd1cdd54bca54078fd668d69cbd3f936a3014c3846eda05652ecd	data/curacion-universo/contratos-inspeccion.jsonl#tarea_observacion_id=TOBS-97c5da6089dceb2be092980b	d0eaf4a8377163b52b73d0ddb933c04d45f493fc50c21e225e197867c23f9be2	ab78341dd10df06e4e7988169eac27668a7875272b863677a63f4921a81085a0	RUTA_LOCAL+SHA256+ACTIVO+TAREA+CONTRATO+REPORTE
LED-T0-7b69786cd6124b45dd605151	RUN-377a255de24ca946	377a255de24ca9465f073b024699b680655672bfc37ffd19f3bbb24a76790d62	TOBS-be56790870eb4a9a6a49a656	TOBS-c47884f402990f7a0bf92c07	ACT-bcd67940765ea5a34f785fed	OBJ-e8a993c09bcab5cfb504a16b	enasem2021/enasem_2021_fd.xlsx	00f5dfaef8134f7bb840889622b03a2adc9cde6c7985245c161ed343524b7d08	REUTILIZADA_PRE_T0_CORREGIDO	data/curacion-universo/reportes-inspeccion.tsv#reporte_id=RINS-d9342dcb9eb173ab65a7df61	4151ad03a09810787674357d2267e78b1363ea50ec06a68769520827245ef9c3	data/curacion-universo/contratos-inspeccion.jsonl#tarea_observacion_id=TOBS-c47884f402990f7a0bf92c07	fa5f11b3211b8133f07ca50e3ce9f755c2dcd5b34a80d5eaebc661171e6ffd36	a2e308a3a325109ff448752eeb228fb4df37204517f9a3c41268e96d49f8f8ff	RUTA_LOCAL+SHA256+ACTIVO+TAREA+CONTRATO+REPORTE
LED-T0-7bbe1946a1bf892556597906	RUN-377a255de24ca946	377a255de24ca9465f073b024699b680655672bfc37ffd19f3bbb24a76790d62	TOBS-4570ee6bcae1b1dcdcbd6e40	TOBS-419116512235d66019a65239	ACT-864d8143e191362b10bc0ebd	OBJ-2b02922e936bb0ec3f254e75	enasem2024/enasem_2024_bd_csv.zip	6712f1b0cc5e15f70c7124c2de2f7d398e419d4d1e5adcf3c673363dfbd1c9a4	REUTILIZADA_PRE_T0_CORREGIDO	data/curacion-universo/reportes-inspeccion.tsv#reporte_id=RINS-6f7ea3d9870dbc2e6fa6df6e	df232800ad875041ef2da7517e4b1e646dac69c906198e74cc07c8293ca53e69	data/curacion-universo/contratos-inspeccion.jsonl#tarea_observacion_id=TOBS-419116512235d66019a65239	a25c8ea5a50e3f0d2c5e7a19d417595ef63f2ce46b5c7b94027482c6280196e6	766ba1522467bc9abbb4e8e009a9592d9ed24cb1c9b6bec1b456d45629d9a6b2	RUTA_LOCAL+SHA256+ACTIVO+TAREA+CONTRATO+REPORTE
LED-T0-7ce43a2af00f31897e0cbb9b	RUN-377a255de24ca946	377a255de24ca9465f073b024699b680655672bfc37ffd19f3bbb24a76790d62	TOBS-43c7ad61ecca85c3beb86ea0	TOBS-5a7324f8821ef3abf97a86f8	ACT-fbf22ac05647520d4c34406e	OBJ-5fadede750fa2fa2d48117d1	eder2017/eder2017_bases_dta.zip	0b7e1ad846ba157e3a699ca16ea0c45a3b4f8866f6ca74c5e9be9b20812ee949	REUTILIZADA_PRE_T0_CORREGIDO	data/curacion-universo/reportes-inspeccion.tsv#reporte_id=RINS-9cab6b57bc0d1cdfb1a9b638	648d0caacf8224390f45091ac960030dfe0acb771f8375fd818fa7836d80dedb	data/curacion-universo/contratos-inspeccion.jsonl#tarea_observacion_id=TOBS-5a7324f8821ef3abf97a86f8	7f791ba2a5f3de770eb315ec3b8059febf708b5183d3538351eb401e4981fd80	f1836699ae4e8381857bfa33a2b302565bd1c38520370601f7d980c7f1cb2702	RUTA_LOCAL+SHA256+ACTIVO+TAREA+CONTRATO+REPORTE
LED-T0-7d5cee4de3b04ece98d64c23	RUN-377a255de24ca946	377a255de24ca9465f073b024699b680655672bfc37ffd19f3bbb24a76790d62	TOBS-1b4890eec01cec44925702ef	TOBS-05a6e87ab85241db48a2817f	ACT-ff61051a67713191aaba32de	OBJ-0f45fa7b19b562f4a0fea263	encup_2001_cuestionario_pdf.pdf	bb33eeddc30bc8acfea43400c34b9d0e53ad3bb9d6c63d92fbc9f16c835f98cf	REUTILIZADA_PRE_T0_CORREGIDO	data/curacion-universo/reportes-inspeccion.tsv#reporte_id=RINS-14db95cb726fa3373d25d0b1	cb65b4df3c1a16678668c03bb389b8e262ae85818d0becf79cf0e23b6c448448	data/curacion-universo/contratos-inspeccion.jsonl#tarea_observacion_id=TOBS-05a6e87ab85241db48a2817f	79fe335963e1015ee0764824c73e0f3cf0d9a67286c91f8327221f641c1c9b8b	e8e20522ddd35ff2bdb2285fd4db662e23c508d9819af3d70fe1708f20448ae7	RUTA_LOCAL+SHA256+ACTIVO+TAREA+CONTRATO+REPORTE
LED-T0-7db9ac9b8e96d0fb23ad0eb7	RUN-377a255de24ca946	377a255de24ca9465f073b024699b680655672bfc37ffd19f3bbb24a76790d62	TOBS-437098b3ce016003f7767a9c	TOBS-c2e3c36ca550762e7a7193ad	ACT-6e8dfbe80a2ffd92bf868d87	OBJ-14f1a6fb070c1d9c1f8bd8d2	envipe2025/bd_envipe_2025_dbf.zip	e83c22c5d08b9adcb6b77ecbf7086db479e39d7186a886b72b12b338335e4f91	REUTILIZADA_PRE_T0_CORREGIDO	data/curacion-universo/reportes-inspeccion.tsv#reporte_id=RINS-0c6dbd70f2ed52ffb5613242	add066f6b5e2cac3da0f657f9156bca4df5d01327397f0af3064dfa7d9a1b82b	data/curacion-universo/contratos-inspeccion.jsonl#tarea_observacion_id=TOBS-c2e3c36ca550762e7a7193ad	aa60140756bcf5cd906c55fe6c05da39856a422c744e6781b5ea33a215f3ca7f	bb49916b8ea5836cad9e3132fa372dd27180131cf83ca431ef3c99c787ab3e5c	RUTA_LOCAL+SHA256+ACTIVO+TAREA+CONTRATO+REPORTE
LED-T0-7e926376f972041b238099c3	RUN-377a255de24ca946	377a255de24ca9465f073b024699b680655672bfc37ffd19f3bbb24a76790d62	TOBS-d5e25eb5bf0f9c643cc8da54	TOBS-8ba95acd88b10e423c4b081b	ACT-4ef030b0c74ec6e2db378a2d	OBJ-3b03bdf611cb3f3f39489341	envipe2024/bd_envipe_2024_RData.zip	b1217ac453b5c4c52c9bce4d050f3ea852a57577f99fbe3e9adffc45bf17b2b4	REUTILIZADA_PRE_T0_CORREGIDO	data/curacion-universo/reportes-inspeccion.tsv#reporte_id=RINS-e792e07d9a760bca48cb2816	366c6fe7a391a5a408631b8e7490f39c8ba658ac4e0ebfbfbedd7e7d2f2a275e	data/curacion-universo/contratos-inspeccion.jsonl#tarea_observacion_id=TOBS-8ba95acd88b10e423c4b081b	6153620a673d140ac12f23b647d6024a5626ea9ef03b6eaeecdd1d4d5f5b11be	f46b80491448a76aded1ecc6365822bda338a6abb9cf903eff9aa818b133cf5d	RUTA_LOCAL+SHA256+ACTIVO+TAREA+CONTRATO+REPORTE
LED-T0-7eb42b82cb2977e1941705f5	RUN-377a255de24ca946	377a255de24ca9465f073b024699b680655672bfc37ffd19f3bbb24a76790d62	TOBS-4dcf672621d2ef5057c47960	TOBS-648ad9d4b464b09653f7f17d	ACT-aa74ac82ca05d95023533e53	OBJ-ec557d94ee34f9928e744e4e	endireh2003/bd_endireh_2003_csv.zip	fbdd25eed94251b6940566666714199e11fa1a965c5b96c63c52f6f54b3157ac	REUTILIZADA_PRE_T0_CORREGIDO	data/curacion-universo/reportes-inspeccion.tsv#reporte_id=RINS-ade6461bc2af5f9436031ee8	a4bc5b4585a07ead86ed3b581a448d95e070fd0d6599b232386605e39290df77	data/curacion-universo/contratos-inspeccion.jsonl#tarea_observacion_id=TOBS-648ad9d4b464b09653f7f17d	d98a8a8c264932d834b42e7bafd4973f98b1f1d0c983c32941d52620d3b7a3e0	88a8d23212f4d61785bc6e8c264069fcb41c4ea195b1335e07e934197d90fe66	RUTA_LOCAL+SHA256+ACTIVO+TAREA+CONTRATO+REPORTE
LED-T0-7f337906bf542a01b43760f8	RUN-377a255de24ca946	377a255de24ca9465f073b024699b680655672bfc37ffd19f3bbb24a76790d62	TOBS-6d4a301934e8364464c6a43c	TOBS-eb62c894d38c11267a8878f1	ACT-3770c9903d2272a32afcda4d	OBJ-3e7ecbb72917b451b8c8a223	engasto2012/vivienda_dbf.zip	e66f04e7ed66b354aaa64f809f999d665091638fbf6de4fd995b40a5bc367f60	REUTILIZADA_PRE_T0_CORREGIDO	data/curacion-universo/reportes-inspeccion.tsv#reporte_id=RINS-4dd0d7a150d148adabef194d	f31956a203b61808557410d316bc4138ee3715f5f5c3ddd6edf50fd11d0b357c	data/curacion-universo/contratos-inspeccion.jsonl#tarea_observacion_id=TOBS-eb62c894d38c11267a8878f1	74a9892dd8448ec9b5c5fa55f44d86f6260f25cf26a276d2a2b432ce955aebbe	795d0514ff9896b17049541808f3450b2ef9fb213b35af36c1ceebddd5ac86e6	RUTA_LOCAL+SHA256+ACTIVO+TAREA+CONTRATO+REPORTE
LED-T0-7f3ca50139fcd964d834be60	RUN-377a255de24ca946	377a255de24ca9465f073b024699b680655672bfc37ffd19f3bbb24a76790d62	TOBS-1a3e575b4502f6bc6223e750	TOBS-b9c45731c6fbde3849674ff7	ACT-8c7895be0ba62e2c1f7d193e	OBJ-ce06db61afa51b175fd27333	ennvih/doc/ehh05cb_b3b.pdf	a3b693ae68c611ef576dec0e5fc43250ccbe1f82bf80c79ccb327c3aa2745c62	REUTILIZADA_PRE_T0_CORREGIDO	data/curacion-universo/reportes-inspeccion.tsv#reporte_id=RINS-d09df8387d038ad107fe85e9	26b6f04a4ce78ca10bd0c5cd94a4b3d68592c4aeda8a1fb0972c26d654a435f6	data/curacion-universo/contratos-inspeccion.jsonl#tarea_observacion_id=TOBS-b9c45731c6fbde3849674ff7	b6092eb5148b1dfd0ed648f6bd90c75a50d8fa01f519216ca1eb399eed5b9372	1974d0653df2467ace4595acc9b3af647dded0ed66741ef46a294d4b2ced5988	RUTA_LOCAL+SHA256+ACTIVO+TAREA+CONTRATO+REPORTE
LED-T0-80252091e6f2c5827b535695	RUN-377a255de24ca946	377a255de24ca9465f073b024699b680655672bfc37ffd19f3bbb24a76790d62	TOBS-c45683f51f0ea1ef2d7a32c8	TOBS-0d6142b2dd52cf3789af8bc5	ACT-10045d5927dbd6886057359c	OBJ-86abf44237b7d90676bf55d7	conjunto_de_datos_enoe_2023_2t_csv.zip	b5efd0e94be25a9aaad852e652e4653bd2eaafef4df92e3fd206d5f3e0046b10	REUTILIZADA_PRE_T0_CORREGIDO	data/curacion-universo/reportes-inspeccion.tsv#reporte_id=RINS-31274fa7d8a2486d615ec2b7	c93262e53952ddaf922631874cedfb4535e2c11f6b8fe6405f29cb83a6f42552	data/curacion-universo/contratos-inspeccion.jsonl#tarea_observacion_id=TOBS-0d6142b2dd52cf3789af8bc5	0aa19b3459b3f9a086441ad78a7693ef67b86c74fb5c91c9b3b7fe25ca5f7dcc	6855ae38c8626680bd660f0d872c5a71ee0d6f06a964d5af61523cc5468305c7	RUTA_LOCAL+SHA256+ACTIVO+TAREA+CONTRATO+REPORTE
LED-T0-80669a8ada23fe5b6315e2ba	RUN-89f4c3a49c00c0e1	89f4c3a49c00c0e1ba1f07013e0af10bbc3289fdddc48dde816c37d3da1a742b	TOBS-c6a3f6f241782175404c71c4	TOBS-c6a3f6f241782175404c71c4	ACT-74836fd979cd86dcb3d8b0cd	OBJ-1d93d2b952886f1ca47928a1	FD_ENCUCI2020.pdf	6cd6f7475a0b5db27a84cf0e047db5b7ed98f73c3480a9e64ea084bc7d475638	INSPECCIONADA_POR_PRIMERA_VEZ_EN_CORRECCION	data/curacion-universo/reportes-inspeccion.tsv#reporte_id=RINS-7f7d7436bd3af921b48b7d5f	6d2a6a3ed546bd519986a3a55524e21d2b5c51ea0d1bae582773227875198c39	data/curacion-universo/contratos-inspeccion.jsonl#tarea_observacion_id=TOBS-c6a3f6f241782175404c71c4	d156864cc28c9b0aaab8815f9afe271759d1071bc2adfb6a05e3acc98467fe9d	8e82ea7d4334b4534596ac194c41934562b6cdea3d2af01ad36a8691fbbcb1d9	RUTA_LOCAL+SHA256+ACTIVO+TAREA+CONTRATO+REPORTE
LED-T0-8090817131b815d6778ff1ed	RUN-377a255de24ca946	377a255de24ca9465f073b024699b680655672bfc37ffd19f3bbb24a76790d62	TOBS-0b25bc426f9d900b24a5f0ef	TOBS-a608b2de74787ec2c5a0af64	ACT-245350108ccc374f533079f7	OBJ-2234889ec81aafe653564366	ennvih/eloc02cb_all.zip	29bedbaecf229e15e6af1dd6410533bc2ecfa740334cdf9a9cd7043e925ea2e6	REUTILIZADA_PRE_T0_CORREGIDO	data/curacion-universo/reportes-inspeccion.tsv#reporte_id=RINS-270c0360736f857f90746bfa	0fa75b4541b86efaf66ebc327d7bad09d2d90f94ed3ef4d7ea0a46ab96d828a5	data/curacion-universo/contratos-inspeccion.jsonl#tarea_observacion_id=TOBS-a608b2de74787ec2c5a0af64	15fe27b31cc2e703ca0070a0ef8e4b02a4a509423ef003fcbb9b664a863a1dd7	2e29943cbf2e2a8d6ce74bf96fd77a117e71bb14afba8d2fc18d00d46ff8e44f	RUTA_LOCAL+SHA256+ACTIVO+TAREA+CONTRATO+REPORTE
LED-T0-821273f1f83f78ac49af8841	RUN-377a255de24ca946	377a255de24ca9465f073b024699b680655672bfc37ffd19f3bbb24a76790d62	TOBS-32c53e89b49b4a52afea81a6	TOBS-5770a3c5e3d253590d11e111	ACT-517fbaf50cef5f52dcbe98bf	OBJ-a2d7a3ae7e9d2a7f6f926ee9	enif_2021_fd_pdf.zip	6f4e3aab705ddb6910607be15aa711eca56ef5060dcc60bc941d201ef3079457	REUTILIZADA_PRE_T0_CORREGIDO	data/curacion-universo/reportes-inspeccion.tsv#reporte_id=RINS-e33ede0261f1338467338550	534c12bc88e2848b60b74d3247f93bfe67bc6bbf735703f27ede269d63721a86	data/curacion-universo/contratos-inspeccion.jsonl#tarea_observacion_id=TOBS-5770a3c5e3d253590d11e111	4e43b4820eb9eb346c4df6c893cb93177e99baaad4bfb0610899c4cdcfd02ab1	68448523737ff3b0c24d01f3d37628ca0a56cdd91509fc8fa223e07e23dc1549	RUTA_LOCAL+SHA256+ACTIVO+TAREA+CONTRATO+REPORTE
LED-T0-8228bca5bb19733b672d2bc4	RUN-377a255de24ca946	377a255de24ca9465f073b024699b680655672bfc37ffd19f3bbb24a76790d62	TOBS-6b03dfed46d50cc66f4c7eeb	TOBS-e03a16e4eda1844816d7b197	ACT-3ba5114c34defe012569a69a	OBJ-cf87b3c6b925e169c31015dd	ennvih/doc/ehh09cb_bc.pdf	1062ca2c617b7bd7fec37fd25876e35ea4417c8c5d157570ef6440f08be5548d	REUTILIZADA_PRE_T0_CORREGIDO	data/curacion-universo/reportes-inspeccion.tsv#reporte_id=RINS-3ba604c95aa1451a7a1599a2	f50a7ffe471d3eb33b840d35fe9d4c87fdfb61b830b6c3f0407b23f3ab29829a	data/curacion-universo/contratos-inspeccion.jsonl#tarea_observacion_id=TOBS-e03a16e4eda1844816d7b197	0cd0a5de6c3e83b16d6a9f74d22a7202ca1c340c391553a327cd7758ef5bc2d4	ac6085d3cb713edb0203010dde535221c285b258deeaa55b22595d5b2267a464	RUTA_LOCAL+SHA256+ACTIVO+TAREA+CONTRATO+REPORTE
LED-T0-82e946c3990572aa95b03a11	RUN-377a255de24ca946	377a255de24ca9465f073b024699b680655672bfc37ffd19f3bbb24a76790d62	TOBS-d1a415f27727235a83b1286b	TOBS-099d48cecf37147521019570	ACT-93d8c49edce0f749173cad80	OBJ-ab3a2c69df547f113e7f9600	enut2019_bd_csv.zip	d3da76a02cdd36229ab8d744a951b18b545e261959d9b8f1ca1161591bd5856d	REUTILIZADA_PRE_T0_CORREGIDO	data/curacion-universo/reportes-inspeccion.tsv#reporte_id=RINS-a1f357aa0dfa2869adf5cb11	389557d108c663abb42222d4d27b3f9b52f19678ec289c635780873863dcf0ff	data/curacion-universo/contratos-inspeccion.jsonl#tarea_observacion_id=TOBS-099d48cecf37147521019570	c02c727c3da3cc69b632870ea1f8da22d7bd61cb1cf690149bdf40fb31ae86a9	3aed2805a77ea342650aba5cffa5fff1c2de96d6e6ba32890669acb92bb4da75	RUTA_LOCAL+SHA256+ACTIVO+TAREA+CONTRATO+REPORTE
LED-T0-8413a3c4409a10ea63b5256d	RUN-377a255de24ca946	377a255de24ca9465f073b024699b680655672bfc37ffd19f3bbb24a76790d62	TOBS-6bf280dc69992116ba403e9d	TOBS-c2ee3c59567eccd5ed163739	ACT-d247d0956b4b826229014eea	OBJ-1d310cf55359f34126523769	enut2024_diccionario_variables.html	f9a2e32bc7673946b521e0bdde4b6786318a3dfbaba046d658e26e745e28b422	REUTILIZADA_PRE_T0_CORREGIDO	data/curacion-universo/reportes-inspeccion.tsv#reporte_id=RINS-f887367603adb4d8fe6a86a8	199b4eca497018b02a852d327c29da94125fa9484d0827e5c752488ab713e29a	data/curacion-universo/contratos-inspeccion.jsonl#tarea_observacion_id=TOBS-c2ee3c59567eccd5ed163739	88fd27d03c9b00c638470d00803dbfafd313b0b6bf1b94ea7cbc7defc0fd891a	28752e88727cc2a6fa606a984622d79721941645864da476fe3ec5fb9fdef41d	RUTA_LOCAL+SHA256+ACTIVO+TAREA+CONTRATO+REPORTE
LED-T0-851f32bc6c00cfba6ba6e92e	RUN-377a255de24ca946	377a255de24ca9465f073b024699b680655672bfc37ffd19f3bbb24a76790d62	TOBS-c883b581b1ca1302e7261d35	TOBS-cca5d11339b1b9750bd82eab	ACT-ae78fec408744076db1547bd	OBJ-751ea17fbd4363a897684c27	endireh2011/fd_endireh11.xls	b038c66d69bce990d9bd71cfc76dd19b5320532b3bba4efbb083b8b1ddc4755e	REUTILIZADA_PRE_T0_CORREGIDO	data/curacion-universo/reportes-inspeccion.tsv#reporte_id=RINS-457b4c61bcda71c364abe791	863572ac9f9a5d9055e4c464e680f5997526f25364c76d89bd711be35d0ff6c4	data/curacion-universo/contratos-inspeccion.jsonl#tarea_observacion_id=TOBS-cca5d11339b1b9750bd82eab	3c1fac6d3006e5fc64e97fd8a24c99c7d01110bf89d06becc5c0cb4caa513025	ed2efdbbb09046e2be3b7509042d39f6afe7a2201941720bd70ac5ab1876dee6	RUTA_LOCAL+SHA256+ACTIVO+TAREA+CONTRATO+REPORTE
LED-T0-853e57a62a86e2571168c98d	RUN-377a255de24ca946	377a255de24ca9465f073b024699b680655672bfc37ffd19f3bbb24a76790d62	TOBS-33b1f71570e08cf05f224215	TOBS-eb32af3b83e1f0ededf1d9ab	ACT-3c7b3d5b355f08dacaab804b	OBJ-37d5f801d9bfbd845a29bd51	mociba2021/mociba2021_fd.xlsx	375bf7c1bcdbcc9b0716cd3b63fe940906a97783a3b69f2afad35f35950b1e25	REUTILIZADA_PRE_T0_CORREGIDO	data/curacion-universo/reportes-inspeccion.tsv#reporte_id=RINS-4e71551d76ae69309a7cf16a	5d4e727fbe554a12e9a08bcecba50d68fc21a0f431dc1f2cf9256d7d76d2eb50	data/curacion-universo/contratos-inspeccion.jsonl#tarea_observacion_id=TOBS-eb32af3b83e1f0ededf1d9ab	a8eb143ca22033ce902d8cb802523511a97061f043de446f066fca711d451268	74593e05fb74f3ba57f1f60eeabb71035ea9e7aef5db9517553f01da68abfbe3	RUTA_LOCAL+SHA256+ACTIVO+TAREA+CONTRATO+REPORTE
LED-T0-858859e598164c41b714cfe7	RUN-377a255de24ca946	377a255de24ca9465f073b024699b680655672bfc37ffd19f3bbb24a76790d62	TOBS-7aae2124d58fba9abb684cd4	TOBS-8ed1411e508e7af80b5c2db3	ACT-e249af84caba9179019b957d	OBJ-dddaa0210253ee9dcdb2b3a1	enbiare2021/enbiare_2021_base_de_datos_csv.zip	afe9013a4cc26538dfe81da686f0d09e756a7d0e2fc407cd22f596fd53c0f354	REUTILIZADA_PRE_T0_CORREGIDO	data/curacion-universo/reportes-inspeccion.tsv#reporte_id=RINS-f8b69223da037aa03c6b30bf	0718e5efe07376d619207d867fe7fa14da5987390411d86ad56ef1a9b45aceea	data/curacion-universo/contratos-inspeccion.jsonl#tarea_observacion_id=TOBS-8ed1411e508e7af80b5c2db3	49cd4b0c9104e6ab787b31ed3a6b0373fbfee719f78ab8c4367a13c0fc115037	efa932aecdb1a3bded29aa263e55d046ab20216e43d70792499eece424e7b9b9	RUTA_LOCAL+SHA256+ACTIVO+TAREA+CONTRATO+REPORTE
LED-T0-85c98f1727ba7800e685616d	RUN-377a255de24ca946	377a255de24ca9465f073b024699b680655672bfc37ffd19f3bbb24a76790d62	TOBS-00f72aee8ef1aa6de28ec563	TOBS-5c5a72df4a73bc9cce00785d	ACT-0236d1facf398d55cbd02b06	OBJ-0109b0734b55cf2145f53c37	eder2017/eder2017_bases_sav.zip	3e076cd804e91b6a0190c49036b2096ad635882e36d7160abe941611c537b0ce	REUTILIZADA_PRE_T0_CORREGIDO	data/curacion-universo/reportes-inspeccion.tsv#reporte_id=RINS-3f754d77c12bcd1ae3315567	8915967b4381047f141b5654e3929b472dc020020aaaaf1a4cc82a26f3185b8f	data/curacion-universo/contratos-inspeccion.jsonl#tarea_observacion_id=TOBS-5c5a72df4a73bc9cce00785d	5a8e9ea2352ff1b9b700e0e5b26376633e98348f403a6ef4b32669fd832b5b1f	6a6f0e0623921db489bbdc1ccda33881e2d568c3f44065715f77b5c5ac65283d	RUTA_LOCAL+SHA256+ACTIVO+TAREA+CONTRATO+REPORTE
LED-T0-865b16e98953b7a852824e57	RUN-377a255de24ca946	377a255de24ca9465f073b024699b680655672bfc37ffd19f3bbb24a76790d62	TOBS-fb50e0c72a4590a52bb63409	TOBS-c5a0b691cd942b23f8b09e53	ACT-b877510c0896bfa5ff9169d5	OBJ-e3718702a690f35e7aba49bb	cuest_modulo_envipe2020.pdf	c2453c14a5ae81a2fb96c4c979df334d3360595230484cf469192a8fa78545ef	REUTILIZADA_PRE_T0_CORREGIDO	data/curacion-universo/reportes-inspeccion.tsv#reporte_id=RINS-7250dea75d9632389e8682ff	1b3d11bb10fdb7dd2037a11a603f01039727acf8e606787f12ada59d9baded1f	data/curacion-universo/contratos-inspeccion.jsonl#tarea_observacion_id=TOBS-c5a0b691cd942b23f8b09e53	61ffb357f586a63a5e3c2d78d23a4e37eb3f51389e78dbd9da12349eb85dc5b5	b284f22bd6c8be598b4a855faa5e82aca98cbd1b775ce1f1c8623940fae4bdae	RUTA_LOCAL+SHA256+ACTIVO+TAREA+CONTRATO+REPORTE
LED-T0-878e370378e72d38cd78a55e	RUN-377a255de24ca946	377a255de24ca9465f073b024699b680655672bfc37ffd19f3bbb24a76790d62	TOBS-d909f86f3f5945eff523cdb5	TOBS-c5a448514af6ac42cefae777	ACT-56e1f3b78384c10847e025bd	OBJ-9b3c703043c440592f194243	engasto2012/lugar_compra_dta.zip	33a7cab7835ba38e2f1f3bf6dcd534c85b7517681a7df5c84d0daa5e159127d3	REUTILIZADA_PRE_T0_CORREGIDO	data/curacion-universo/reportes-inspeccion.tsv#reporte_id=RINS-f0f3e80f216a4c434736dd3a	1101a4af2438090a4472c3756013ad5a67dca524ac32f5d39e9c8386b3aa6a2f	data/curacion-universo/contratos-inspeccion.jsonl#tarea_observacion_id=TOBS-c5a448514af6ac42cefae777	45125475c87e513e2fee2257b94fbd53ea2dca9d66e8ed28da2bf856680154b4	c7f03bf75ce86b8f3a73e732027d6f8ef9090cfde5d02cdaa2aa4f97a19b6db0	RUTA_LOCAL+SHA256+ACTIVO+TAREA+CONTRATO+REPORTE
LED-T0-87f7704758b19dd427c658f7	RUN-377a255de24ca946	377a255de24ca9465f073b024699b680655672bfc37ffd19f3bbb24a76790d62	TOBS-a8d0378b2e28a2cfd3ff8900	TOBS-5be2fd5dc90abcbe1bcc0e16	ACT-c49fb7430d687227856602e0	OBJ-db3396db7384783346209f62	ennvih/ehh05q_all.zip	e73709d1de16f4c79cd20a48080dca7ea6ec3a2dcca491837d7f79a00928e894	REUTILIZADA_PRE_T0_CORREGIDO	data/curacion-universo/reportes-inspeccion.tsv#reporte_id=RINS-8a9fc115ae5bfafef3791896	ce51826bee4d1a69f29ea2928bfdbe569c62dbea151a2decbb9900071199a4ec	data/curacion-universo/contratos-inspeccion.jsonl#tarea_observacion_id=TOBS-5be2fd5dc90abcbe1bcc0e16	a71ffa6761c89e4bfb6820f8a06682cd6e822b9fe25dbf1c8cd827e423358624	9dabb20e41e88810923a5aa7cd3efafbf7a20839ab7f3c500af3df4f323fe2c1	RUTA_LOCAL+SHA256+ACTIVO+TAREA+CONTRATO+REPORTE
LED-T0-88a0a16cbdc165983337afb1	RUN-377a255de24ca946	377a255de24ca9465f073b024699b680655672bfc37ffd19f3bbb24a76790d62	TOBS-6d8855ddff3029782d1d875c	TOBS-7d4ca396e9c67f3276a4bc32	ACT-7970a71c845c3ce38f2a731b	OBJ-b1e0f21ec67b29c30dbe7190	engasto2012/vivienda_sav.zip	4c7509bc4bc273c2851ef2defe726e90b632001aa0c43e5ae51567460ea05b1c	REUTILIZADA_PRE_T0_CORREGIDO	data/curacion-universo/reportes-inspeccion.tsv#reporte_id=RINS-4003652615946b9a7ac1e08a	1b45016b81a269d1f7a9d5d591c00babfdae7c765dcf15aba1da0ef7b2ce1fab	data/curacion-universo/contratos-inspeccion.jsonl#tarea_observacion_id=TOBS-7d4ca396e9c67f3276a4bc32	fd8eb0d05a6d821dbc71c963d099880fc25044a1d09de8e9b15e46795f95e760	5488b7caa4219b35fa4db79a96f4bcef38064d772f2c985c8ddd772f93b2be18	RUTA_LOCAL+SHA256+ACTIVO+TAREA+CONTRATO+REPORTE
LED-T0-88a162d086d4362a9ce66058	RUN-377a255de24ca946	377a255de24ca9465f073b024699b680655672bfc37ffd19f3bbb24a76790d62	TOBS-0982baaa8952970c1b1f2d5f	TOBS-a08674a1f244845b8ac3e36d	ACT-eb48a1e10a8a9f021c22b41e	OBJ-44cbe24ee8603759035f6178	ennvih/ehh02q_all.zip	40af29bd864e967200dbbde2c9744795b33c0a23cdbb19902dd2ecdb7beb3cac	REUTILIZADA_PRE_T0_CORREGIDO	data/curacion-universo/reportes-inspeccion.tsv#reporte_id=RINS-24a7aacf4146c6d3494bf4ad	e51aa66f776a6b5409fb330b751585106fa7202e5ef0f2946c0f3ecf921fb83b	data/curacion-universo/contratos-inspeccion.jsonl#tarea_observacion_id=TOBS-a08674a1f244845b8ac3e36d	68cfc554a16a5853ae5f37769171ec98534149dd43af0a2adac6e5271293020f	c99d25a4d68a3ba49cb9422e29882edd3e5f9b626940e8b72eb1550f28e392a7	RUTA_LOCAL+SHA256+ACTIVO+TAREA+CONTRATO+REPORTE
LED-T0-890a6adffcdf2ede3dac4295	RUN-377a255de24ca946	377a255de24ca9465f073b024699b680655672bfc37ffd19f3bbb24a76790d62	TOBS-65e66110efc58b03d01ba598	TOBS-46d0dc7e1d6d11b2e2bd1b39	ACT-83625cb238799925daef0f96	OBJ-25bae9662a54b7bfefc79f57	envipe2024/bd_envipe_2024_csv.zip	0af555fad17edd3b5379f0183bbbe553ce805f431a8971393cb1135419040393	REUTILIZADA_PRE_T0_CORREGIDO	data/curacion-universo/reportes-inspeccion.tsv#reporte_id=RINS-d993745cb45826c0b3562eb1	facd25385c66078ec49f7a378c2fb25b205d314bf09b9416829574f190a3001d	data/curacion-universo/contratos-inspeccion.jsonl#tarea_observacion_id=TOBS-46d0dc7e1d6d11b2e2bd1b39	ae9a9a16486b69687f70a4541b88844773f057f784f1d68a0a707a28643c8b87	7825650e5004635b774e548bca1aeead1a25b933cd52a10043388823c2d9e931	RUTA_LOCAL+SHA256+ACTIVO+TAREA+CONTRATO+REPORTE
LED-T0-89380387b137c9712ca61ee2	RUN-377a255de24ca946	377a255de24ca9465f073b024699b680655672bfc37ffd19f3bbb24a76790d62	TOBS-e9e31e605364d6175b432fea	TOBS-cc9fdf77629e226dec2ef46d	ACT-25d39923ad433fde282d7cbb	OBJ-70f34e30a85a1413abf672a7	encig25_base_datos_csv.zip	47daf2f732366ad842b7f60c784be9d61db68a00ae1a693980ec6a683e0d9e12	REUTILIZADA_PRE_T0_CORREGIDO	data/curacion-universo/reportes-inspeccion.tsv#reporte_id=RINS-cb5d0a2d7bf52bfff0bc957b	6f5baf96327e726cd4c880ec6ac9f5cb8c71580969a9e0414ac5305e717097f2	data/curacion-universo/contratos-inspeccion.jsonl#tarea_observacion_id=TOBS-cc9fdf77629e226dec2ef46d	9c2fa71d241d74e27a39a1eac4f9c0e30ac19bb81b6df580d346ad09fb77fa81	1886cedb243d5cd5c7b6f84f324b24c3dfd2e22627be08872bcfbd201370802e	RUTA_LOCAL+SHA256+ACTIVO+TAREA+CONTRATO+REPORTE
LED-T0-895c5171ee688ed90ca4181f	RUN-377a255de24ca946	377a255de24ca9465f073b024699b680655672bfc37ffd19f3bbb24a76790d62	TOBS-e50bf48083783dd72803eb57	TOBS-a123d7cb564306598e1fe3b5	ACT-51b06aeea1ea380440aaf59a	OBJ-d81682f4eec9fa512c2ccaf7	engasto2012/gasto_de_consumo_ajustado_constante_dbf.zip	48a47e6ca7e2cc0add060ad60e54548c521400e4cde8cbc76a8a56989d8d56a6	REUTILIZADA_PRE_T0_CORREGIDO	data/curacion-universo/reportes-inspeccion.tsv#reporte_id=RINS-50419bb7fa34741fb409b28a	763d43f1764cba9d812538c01d9037f7194f951dd933627c0842dd45b75597c4	data/curacion-universo/contratos-inspeccion.jsonl#tarea_observacion_id=TOBS-a123d7cb564306598e1fe3b5	662e465182ee5c3e599da15fe3de2b08b2a2535576a3a255c1dfc3eb7e6a0ed7	d3fc2596a8e782999d8d7b971a31e13d1a307046ac190f850537fe6c629833ae	RUTA_LOCAL+SHA256+ACTIVO+TAREA+CONTRATO+REPORTE
LED-T0-89bbcd44a7b34f08ef408ffe	RUN-89f4c3a49c00c0e1	89f4c3a49c00c0e1ba1f07013e0af10bbc3289fdddc48dde816c37d3da1a742b	TOBS-ddabf45aaedbc9aaacf9591a	TOBS-ddabf45aaedbc9aaacf9591a	ACT-64d2f18d813cb63f69ecbadf	OBJ-7976f838d267e9d26c288aaa	engasto2013/hogar_sav.zip	e2149c27ef13dddefc74e43e9d624fac1ebeecc7d4efc687af065eed0a937ad0	INSPECCIONADA_POR_PRIMERA_VEZ_EN_CORRECCION	data/curacion-universo/reportes-inspeccion.tsv#reporte_id=RINS-e185883ef888919a1373c15c	5d05955c01d942204504f90907e0a57ce042df19e02283cb76b3661b34266766	data/curacion-universo/contratos-inspeccion.jsonl#tarea_observacion_id=TOBS-ddabf45aaedbc9aaacf9591a	7c20c5fcd7243ba35dc490c8d8b15c67b12720e4059854e64fdb7cd1db85fa7c	4dcdff0344c48dc288608b3d207abacfeae4833efb4ab4cc75f2c965985f2c56	RUTA_LOCAL+SHA256+ACTIVO+TAREA+CONTRATO+REPORTE
LED-T0-8a19cd786aa647db52c41410	RUN-377a255de24ca946	377a255de24ca9465f073b024699b680655672bfc37ffd19f3bbb24a76790d62	TOBS-be71e63c2aed4a0248d975b9	TOBS-b1ec9b9b38df5e6145724c78	ACT-fd2241a9b23459f38771749f	OBJ-cc1a87dc227bd2aa65488e11	enigh2016_nc_csv.zip	95e30780dfff83305fd1293945a0a5ed04c4e4daed4b0d45b66343db09e8eca1	REUTILIZADA_PRE_T0_CORREGIDO	data/curacion-universo/reportes-inspeccion.tsv#reporte_id=RINS-fab05addbf62d7f74fb7b39e	3db5e21f1ef1721dbc111689be6cba7784e680fe2933ae494a0942e34d07a834	data/curacion-universo/contratos-inspeccion.jsonl#tarea_observacion_id=TOBS-b1ec9b9b38df5e6145724c78	690cb0290b4777f40edd3daf93d08d308e219f00ceb4659de2fe83551f783e2a	5fcd19879542a1f5b1ca54d245c15e4435c926fc226c54058d2f516a143f9d57	RUTA_LOCAL+SHA256+ACTIVO+TAREA+CONTRATO+REPORTE
LED-T0-8becce32561a15342daed990	RUN-377a255de24ca946	377a255de24ca9465f073b024699b680655672bfc37ffd19f3bbb24a76790d62	TOBS-df56d1b4521e67e4345707fd	TOBS-9bbb73742efcfd9955836f26	ACT-4206366b35f7eb0396458892	OBJ-d49b5e22edd235385615e0cc	mociba2022/mociba2022_bd_RData.zip	e6202603b988ba5bc08b0e01d5fb49109518636e1523763ea98b6d2d10e1f78c	REUTILIZADA_PRE_T0_CORREGIDO	data/curacion-universo/reportes-inspeccion.tsv#reporte_id=RINS-b4d303a5b420e5654a7b68b3	4cf4f7086d770f031fdd9f3a1b04e1df34cbfd987bc5c2661973b8b4125cf19b	data/curacion-universo/contratos-inspeccion.jsonl#tarea_observacion_id=TOBS-9bbb73742efcfd9955836f26	95bb9af0578082fc497fde57ccd7be2ef6ef45ef972ee6312c84b53602741b01	42006a4212751ebf5bc3d221be09b0282b5bc754c82a2a5511786862d75747b6	RUTA_LOCAL+SHA256+ACTIVO+TAREA+CONTRATO+REPORTE
LED-T0-8c5363a12fafe28007340b8d	RUN-377a255de24ca946	377a255de24ca9465f073b024699b680655672bfc37ffd19f3bbb24a76790d62	TOBS-2f0de7a931bd2a10ca6ac6a0	TOBS-30e5107aac38afd67533ca18	ACT-ade2886da868cc8cd983cfb7	OBJ-bb83baba8eb2f058f764632d	envipe2016/fd_envipe2016.pdf	e21428e021a61718f6e5836ab903da8422cd461646c94201f038c5a9adb1a462	REUTILIZADA_PRE_T0_CORREGIDO	data/curacion-universo/reportes-inspeccion.tsv#reporte_id=RINS-59c9412f1077e34635074fcb	f163c996a43f6d3c9f6b02e47e5cccbfb6b49b111cd3526389abf919b34b345a	data/curacion-universo/contratos-inspeccion.jsonl#tarea_observacion_id=TOBS-30e5107aac38afd67533ca18	205bbe473796c248a6bf0b0a660b0172ee6c4440358c3eb3ed472ac5dd6772c9	e5c326dc80bcbd8c171699e6cd054c8dd6a3133d9c96d2f5404056e4fcce7bfd	RUTA_LOCAL+SHA256+ACTIVO+TAREA+CONTRATO+REPORTE
LED-T0-8cd438b8da984482b8b55918	RUN-377a255de24ca946	377a255de24ca9465f073b024699b680655672bfc37ffd19f3bbb24a76790d62	TOBS-5e4286777ec0bd1948510c5a	TOBS-b051a52f91d27b585a8358d2	ACT-8eebaf5d97e154b323e6a58e	OBJ-d41e8a67bc3a4a6c6ed4050e	R2.1_R2.2_R10.2_RNM_microdato/inegi_laboratorio_microdatos_solicitud_uso.pdf	5a5d041da5edbe1d17ef608c9eb4d072f34a0b7811c20c368c223cf08bb15c19	REUTILIZADA_PRE_T0_CORREGIDO	data/curacion-universo/reportes-inspeccion.tsv#reporte_id=RINS-bfe83bbc16d42cac6fc02ecd	7ed20bad681fb5bf1fbf6be1608c59a8eb8da1bb460970e717cc225353d09d2c	data/curacion-universo/contratos-inspeccion.jsonl#tarea_observacion_id=TOBS-b051a52f91d27b585a8358d2	d6833e692955f008623ca81c24fc50a9b7eccde17ec2346b43c1372a02bc4104	edbb2c2cac049acdfd412143c8e2e3ebb2b25d2dbd0b0295c79423c1b7857f2e	RUTA_LOCAL+SHA256+ACTIVO+TAREA+CONTRATO+REPORTE
LED-T0-8d3aed80e5930c844fabab10	RUN-377a255de24ca946	377a255de24ca9465f073b024699b680655672bfc37ffd19f3bbb24a76790d62	TOBS-21152c0b3b1d092818ffdf03	TOBS-508502d1d51da2194cdf5d94	ACT-5dc9b54b946445c189c287d3	OBJ-9513001aeff79daa0a0b0acc	mociba2024/mociba2024_bd_dta.zip	1228f9f4188284ce4d1420309b57802cbad640046977d3ce945337a5d0b39fb7	REUTILIZADA_PRE_T0_CORREGIDO	data/curacion-universo/reportes-inspeccion.tsv#reporte_id=RINS-25d19e78a3e1cc3f8f458c78	cda0131edd3ca4e9ccf1c51ba86f868410d910797e652b88391ef4211943e6bc	data/curacion-universo/contratos-inspeccion.jsonl#tarea_observacion_id=TOBS-508502d1d51da2194cdf5d94	ad1f846778b9f3fc44b832854b1cb69099e92436b52d2b09596a5439d5670de6	2afe4e39b5c53e0f7520477667dbdc7e4c07ff8637ca56f244afde7d0dd0645c	RUTA_LOCAL+SHA256+ACTIVO+TAREA+CONTRATO+REPORTE
LED-T0-8d5660a0c08ca6538509ad3c	RUN-377a255de24ca946	377a255de24ca9465f073b024699b680655672bfc37ffd19f3bbb24a76790d62	TOBS-cf520fb4866fa7922d033a6e	TOBS-e887f99f81f6bc9677ae4985	ACT-7748f9e469903e4ee9cece0d	OBJ-28b6f500c963275547f9a7aa	endutih2024/fd_endutih2024.xlsx	ecdf95924b0b31e2593fdfabe69cf88ecbc5c90a40b3fa3caa9f8427147a96de	REUTILIZADA_PRE_T0_CORREGIDO	data/curacion-universo/reportes-inspeccion.tsv#reporte_id=RINS-f0f23db5f94d088a56c35b32	a6507ad50a3aa401a3f822c0f4c0a17ec4e8219486c08d0821a266e0e18f10d5	data/curacion-universo/contratos-inspeccion.jsonl#tarea_observacion_id=TOBS-e887f99f81f6bc9677ae4985	7608ceacecfb69bd86578d4dbf08390487809fd9bb5d8a4c7eda55539cb6379f	2faa65b8c28ee59e2875ff4773825ad8d1478bf5c7a8e2dc3723c2ba49b79d50	RUTA_LOCAL+SHA256+ACTIVO+TAREA+CONTRATO+REPORTE
LED-T0-8d6c5f4f3d0de9c5174ff707	RUN-377a255de24ca946	377a255de24ca9465f073b024699b680655672bfc37ffd19f3bbb24a76790d62	TOBS-6db83068ba5f0bb432df8dbf	TOBS-ad7a111c8f505b2814a1784b	ACT-1d37a50cb74bfbd81fd7ecd8	OBJ-d975eeef57b97312985a1146	enaproce2018/ejem_base_micro_ciega_xlsx.zip	d4f3afec3d4b25c8cd9fcff8691632ddaca158c4c4a5cbbfd0ae2cc80ac19a15	REUTILIZADA_PRE_T0_CORREGIDO	data/curacion-universo/reportes-inspeccion.tsv#reporte_id=RINS-0c8af02a82c72604a5aaf353	5747cef379e8fb3461ec8a16f897bc0c4f85739076db419db6cb0ce61152a3ab	data/curacion-universo/contratos-inspeccion.jsonl#tarea_observacion_id=TOBS-ad7a111c8f505b2814a1784b	cd7fd9cb05b298646a27995c95131ee21c86b6f6064b24942de653643c9182da	0f8ba5a94f98e64275fe99c5bdbaca28c4967a6cbd7c94bb5efe867efbd21228	RUTA_LOCAL+SHA256+ACTIVO+TAREA+CONTRATO+REPORTE
LED-T0-8dd59c9af5647aecd67f2e6e	RUN-377a255de24ca946	377a255de24ca9465f073b024699b680655672bfc37ffd19f3bbb24a76790d62	TOBS-cd5ae1dffea6d51110c6b909	TOBS-547ea61d160abdfe638ef612	ACT-e20a7e5106572c09efb68020	OBJ-d2bd127e82259a06dbe33aef	cuest_modulo_envipe2024.pdf	7628127d5e9bd4424737f7a8cb60bbded28e21c2242d1f412c86367e03836e28	REUTILIZADA_PRE_T0_CORREGIDO	data/curacion-universo/reportes-inspeccion.tsv#reporte_id=RINS-3f3783275051bcc49726d52c	28df27f6f9e9762c695725f512d5cab3e2c571282f4848672f94ceb484226940	data/curacion-universo/contratos-inspeccion.jsonl#tarea_observacion_id=TOBS-547ea61d160abdfe638ef612	12144cadf918c9c9ef7f45698d63177d2be786e14f75ad6147695d812d5eb336	22d5915803b2cb93ac7e39791fbba34a463ab99099484094bb95eb4a38135ffa	RUTA_LOCAL+SHA256+ACTIVO+TAREA+CONTRATO+REPORTE
LED-T0-8e16fb9be8b660496c2d6b46	RUN-377a255de24ca946	377a255de24ca9465f073b024699b680655672bfc37ffd19f3bbb24a76790d62	TOBS-27a8af59281299bac7485aeb	TOBS-9e356bcc19b4eef6ad3ec68a	ACT-f775ae4d240eeb714010fe58	OBJ-123fcd01249c28ac72beebcf	envipe2022/bd_envipe_2022_csv.zip	03b0d1cfccee9ef0f429552e8aafd1ddd6aca97bb7b08b0b03e8fef331c6d14f	REUTILIZADA_PRE_T0_CORREGIDO	data/curacion-universo/reportes-inspeccion.tsv#reporte_id=RINS-cd3484d4c52cd21a5d9eff55	1ca488455e506fe034bb1698753504970ff2114f58ffb885b1381550c7eb8909	data/curacion-universo/contratos-inspeccion.jsonl#tarea_observacion_id=TOBS-9e356bcc19b4eef6ad3ec68a	ab2744db44b69cec6e83839ce245a38184e30e934aa450e602c0e618d6f8ee27	389b9587fcac93821497d0ec3b32fa6efb0291c19fde3ca6dd4431ac4288d8cd	RUTA_LOCAL+SHA256+ACTIVO+TAREA+CONTRATO+REPORTE
LED-T0-8eb50d6883b21f033337ab8c	RUN-377a255de24ca946	377a255de24ca9465f073b024699b680655672bfc37ffd19f3bbb24a76790d62	TOBS-4a8ab80db9220bdd5a7bf19e	TOBS-9de5f986079e9cf64aad8b47	ACT-d5ee9064d4de2745a5deb1ed	OBJ-6ed23ea0449f3a2aef735be4	enbiare2021/enbiare_2021_fd.pdf	8a79265d8c1f761d9f3043c2d4837a9366679314b97aaebd8d189c6bcbc716a9	REUTILIZADA_PRE_T0_CORREGIDO	data/curacion-universo/reportes-inspeccion.tsv#reporte_id=RINS-8472734a5e7b98bfd8dec6b5	974412e03bbb0a40e1d130fc477ac13ce6f05a22c2394c8971e231f8e6665079	data/curacion-universo/contratos-inspeccion.jsonl#tarea_observacion_id=TOBS-9de5f986079e9cf64aad8b47	a4d45f63049f582a7d8acc64f14d5684e5e1c6326bab31ab73f2c955b3f448e4	ee28a206046774fb6c1eb29a29fc0178f39045802e7984e78d657943248b7d1d	RUTA_LOCAL+SHA256+ACTIVO+TAREA+CONTRATO+REPORTE
LED-T0-8f5b7838c9d764d52f8a8a7e	RUN-377a255de24ca946	377a255de24ca9465f073b024699b680655672bfc37ffd19f3bbb24a76790d62	TOBS-0df40e70b327a5ca9c817d1a	TOBS-7d98c1dce67562698c2cc297	ACT-fe310609cfefbca82c3bf8fa	OBJ-47a9e9bcf3ed7dece9211119	endireh2021/bd_endireh_2021_dta.zip	f803b6d01d74aeb8d208bef20b52190bbac7f8da69e9b34fc6fd825f2667cbc7	REUTILIZADA_PRE_T0_CORREGIDO	data/curacion-universo/reportes-inspeccion.tsv#reporte_id=RINS-cbeb76b09c2cf8037aae0080	e6dfc7c5b184ddb37777d58b7166f81ec4781ba8b9f2ba606bbd92e2817d5c0f	data/curacion-universo/contratos-inspeccion.jsonl#tarea_observacion_id=TOBS-7d98c1dce67562698c2cc297	2e6175ea5c1723b322ec55ad3cf4f552fc236bde2fc0f9e4255d42f24163f7cd	e2078ad826731cf9171e794253bbac117c0be81d0331c7999227a831d1289439	RUTA_LOCAL+SHA256+ACTIVO+TAREA+CONTRATO+REPORTE
LED-T0-8f749a58c9a3f53ec6033898	RUN-377a255de24ca946	377a255de24ca9465f073b024699b680655672bfc37ffd19f3bbb24a76790d62	TOBS-221185a3681bbba961b7b511	TOBS-bcf40322a8863ddb983bed8c	ACT-8a7b6d0906f9a4f23d27941e	OBJ-df5dc0b05669bf07e8fa3dd7	ennvih/doc/eloc02cb_bcc.pdf	a3d9de6a74e315455c06fc6c2d21133cc6e72653a66781bd6ef3177c8218adb3	REUTILIZADA_PRE_T0_CORREGIDO	data/curacion-universo/reportes-inspeccion.tsv#reporte_id=RINS-3dff8fd9038823e2a74b75f3	103b6550d3f43dbd4a507619afb566dcf64247b106fb1d3f6c3297bd94b5cab7	data/curacion-universo/contratos-inspeccion.jsonl#tarea_observacion_id=TOBS-bcf40322a8863ddb983bed8c	18643cc767f1484990b9d8aebe8a049d2c232ac337182fbe2020858484f0b7ad	376505695a301e6dfabd1df35b4dbfd5b7c96c7be0a2e2222ce4fedad0e5a3eb	RUTA_LOCAL+SHA256+ACTIVO+TAREA+CONTRATO+REPORTE
LED-T0-907386dc7dfd7bd54ca4b188	RUN-377a255de24ca946	377a255de24ca9465f073b024699b680655672bfc37ffd19f3bbb24a76790d62	TOBS-e24b5660fd004fd45c0a5d1c	TOBS-9e5e8dae1b6bcc690c54354a	ACT-058e5d4fb9060756118d4889	OBJ-66be1134fbca5ea64c8b66b0	encig2021/encig21_base_datos_dbf.zip	8eb184f2675f56511d223e565f55ae9389bb7457ff973aa7a54dc73046d10a30	REUTILIZADA_PRE_T0_CORREGIDO	data/curacion-universo/reportes-inspeccion.tsv#reporte_id=RINS-358abcb9882a513497f697f9	d185c3046b65b48d9284f78236e348142164ff655960b8dcfa77f75d3b3955ac	data/curacion-universo/contratos-inspeccion.jsonl#tarea_observacion_id=TOBS-9e5e8dae1b6bcc690c54354a	a60d84f273495980a0d632b156ed122c61a8ac2d22bc355d8a70bf3315b9648c	21b40b4d6e8c13c8d966d52069c18dbe7d2490b9f9e769fef9522cc0e1ed28a2	RUTA_LOCAL+SHA256+ACTIVO+TAREA+CONTRATO+REPORTE
LED-T0-908d8201b64a4a97df547a6c	RUN-377a255de24ca946	377a255de24ca9465f073b024699b680655672bfc37ffd19f3bbb24a76790d62	TOBS-0a1814342dafc2f3f5a3999f	TOBS-246bb12693663894593a790e	ACT-91fb6fe523133fbe95aa30f9	OBJ-bbd625e4d501dcc0bc23c1d2	fd_envipe2019.pdf	47d58f6c38b705121e76895254a861448c728b8b25fff9c0ca1aca4ca34113d7	REUTILIZADA_PRE_T0_CORREGIDO	data/curacion-universo/reportes-inspeccion.tsv#reporte_id=RINS-df28494885aee86dccaa83c6	d983975e1b0955418e0980b4e2235d43112b52ceedd52d4e6dadbfb7a5b2b2b5	data/curacion-universo/contratos-inspeccion.jsonl#tarea_observacion_id=TOBS-246bb12693663894593a790e	c9fe2b645f22c68e6646b5ad580901d3a68996228d3fcaa9cf658355c1cbc196	a2b58c899802b55e8b1c3df6e2a6f3dead657e531afd1626ffd1e59b06272003	RUTA_LOCAL+SHA256+ACTIVO+TAREA+CONTRATO+REPORTE
LED-T0-9109f095c37a5ddb2233b9fd	RUN-377a255de24ca946	377a255de24ca9465f073b024699b680655672bfc37ffd19f3bbb24a76790d62	TOBS-0d454cae80e883fe185d9fe4	TOBS-bbf1c6a1890170ebabc02b0f	ACT-c840559afbe8f1571bd50b7e	OBJ-73d7c8b0eeee6802224d9165	engasto2012/gasto_mujeres_dbf.zip	02062f81a772bf3c006613dcd4ce6672d55699f921bd3060e0c31ba93524b17c	REUTILIZADA_PRE_T0_CORREGIDO	data/curacion-universo/reportes-inspeccion.tsv#reporte_id=RINS-a5bfa8a67d415027ba004ec0	7bcd96e92732adda873fda9fd83c53d0178c601c1339c2ea55aee396bdd00445	data/curacion-universo/contratos-inspeccion.jsonl#tarea_observacion_id=TOBS-bbf1c6a1890170ebabc02b0f	ce6198f0aa0eccea34a2426801577ff9eee311142b6e47b1db6a13d91aa58d82	5390675f4d03838463c7501ccfeecdc877d84bcfaa730edf72e330748acf711e	RUTA_LOCAL+SHA256+ACTIVO+TAREA+CONTRATO+REPORTE
LED-T0-914f4e3c06484d3183122e93	RUN-377a255de24ca946	377a255de24ca9465f073b024699b680655672bfc37ffd19f3bbb24a76790d62	TOBS-f52b4e8a447858ce449a2d13	TOBS-f0c90f125a8e8fb723f55bf8	ACT-e710b3078fa3c6dcf508ef73	OBJ-daa43c038b4dff0da14dd590	cuest_principal_envipe2023.pdf	976dee498f909e1c6e2d764359822749adf94cc3d909bbfa5ade509cfe863b62	REUTILIZADA_PRE_T0_CORREGIDO	data/curacion-universo/reportes-inspeccion.tsv#reporte_id=RINS-e220aa30eeb35b2d15a64991	568ea449bb81c2269151e6fbca8fa8dfceada3f5852bc5506575df387672cf9f	data/curacion-universo/contratos-inspeccion.jsonl#tarea_observacion_id=TOBS-f0c90f125a8e8fb723f55bf8	0fbc5df4e13d487f005667024b153745b4e3711cc41af6095a65829e243f7889	a98101508e0ba1bedba93d08522b2abc39ec0728d35c3856b752549c44d00c19	RUTA_LOCAL+SHA256+ACTIVO+TAREA+CONTRATO+REPORTE
LED-T0-9187fb78e4f34394111a6ee6	RUN-377a255de24ca946	377a255de24ca9465f073b024699b680655672bfc37ffd19f3bbb24a76790d62	TOBS-1c3eee470408baa8f64020ed	TOBS-b93f0ff9fcddaf10cf7f8ea4	ACT-584e17e9308de89b28d17cbe	OBJ-0f9e8a1aa26ff05ea41e2f13	ennvih/eloc09cb_all.zip	1e319818bf0abaa4c6ae076c91500c94ac0daa50f6c5c8517b1e297734a46d5e	REUTILIZADA_PRE_T0_CORREGIDO	data/curacion-universo/reportes-inspeccion.tsv#reporte_id=RINS-82f32c306768219682d3793d	e6409e7b2ddd28425984c6d5d50320ccb69c73feeba6d8f794a1225e0a119a86	data/curacion-universo/contratos-inspeccion.jsonl#tarea_observacion_id=TOBS-b93f0ff9fcddaf10cf7f8ea4	2b71e39c40cf0f2e26cc25c721b1e16e4a58ce6de4e80ba727d89191977a4391	36a19b6efe9b73fdd0ab88aaf37a2bb8c4ab64ffdf376665772f27e5d49539bf	RUTA_LOCAL+SHA256+ACTIVO+TAREA+CONTRATO+REPORTE
LED-T0-91c462938f9b049b1f3c5a6b	RUN-377a255de24ca946	377a255de24ca9465f073b024699b680655672bfc37ffd19f3bbb24a76790d62	TOBS-5d647edff025a49e354a2044	TOBS-19d5e1387be5e974bfd91802	ACT-658ef3182106821ed87f8cfa	OBJ-dcfff06e1141a9bc7bccc753	DescargaMasivaOD_582026_171540_NACIONAL_7930url.xml	ebd66f3dd4975252bf18f28e8495cb9be2a2f66c8ca538dcaef339dbbcbbcb8d	REUTILIZADA_PRE_T0_CORREGIDO	data/curacion-universo/reportes-inspeccion.tsv#reporte_id=RINS-05202b68f537698ad479ec43	cf69d67e6de2b50892583d8fdb8275a3f468721865a9804d03225db72e8d5379	data/curacion-universo/contratos-inspeccion.jsonl#tarea_observacion_id=TOBS-19d5e1387be5e974bfd91802	06360a69208bc45ded43135128a5e9fcc7c5fca5044d62e4a6f22cf60a8c5d86	d51d2ee2ff1a0a6acc11e428238e6a65b3fa8de2e940642596695379325aab02	RUTA_LOCAL+SHA256+ACTIVO+TAREA+CONTRATO+REPORTE
LED-T0-937d67fb4710837398d636ea	RUN-377a255de24ca946	377a255de24ca9465f073b024699b680655672bfc37ffd19f3bbb24a76790d62	TOBS-dc70b03644a8a4993e459d06	TOBS-1471a1fc56cda3c2fe1af5ba	ACT-d526c53c1e43c229d404aa67	OBJ-a947605eaf535d286f968657	envipe2023/bd_envipe_2023_dbf.zip	829806a21611df053ea05cc5fa804bbbe7ba701a91601a2c52f3e312d5175b53	REUTILIZADA_PRE_T0_CORREGIDO	data/curacion-universo/reportes-inspeccion.tsv#reporte_id=RINS-0b1b9ac7feae63cda0ab1c7f	3f281ad2f91883fdc556c30b77048247da83c614925eb5b2df0e28fb65d5139b	data/curacion-universo/contratos-inspeccion.jsonl#tarea_observacion_id=TOBS-1471a1fc56cda3c2fe1af5ba	a595276cdf11ac8f620e4360a7e966546e0ee061c8fcbb8ad3d4f1efbe0e70a3	6d1b989a89a1c30af7133e84588986024ce040e1e2d576d88cff2404b3ad15e9	RUTA_LOCAL+SHA256+ACTIVO+TAREA+CONTRATO+REPORTE
LED-T0-94018006e9d9bdce3aa902c3	RUN-377a255de24ca946	377a255de24ca9465f073b024699b680655672bfc37ffd19f3bbb24a76790d62	TOBS-5093935a29adb353dd8e4b27	TOBS-21bc167cfadba76b72d15784	ACT-418a17d28674e1a387b2079f	OBJ-3e1d904679d4834fcf3b7dbe	endireh2006/bd_endireh_2006_csv.zip	e6529c97b6355e01fa48c15ae0aee398090f4a094dd84b42cfc112e929d938f0	REUTILIZADA_PRE_T0_CORREGIDO	data/curacion-universo/reportes-inspeccion.tsv#reporte_id=RINS-4f68ac0d111bf2189641e737	8bcacb912479a33bd60a23acb3dd6c5cf9fbe9dcf81d86cdd8b69d3dece67a39	data/curacion-universo/contratos-inspeccion.jsonl#tarea_observacion_id=TOBS-21bc167cfadba76b72d15784	ef5d87bbcdeadf713bb151a65b041f4fca092b699dc6cfca5728584f2a04d553	ea776cd2f4db0492c696fcc7390f1ed71a0f32b0dff3dfe3749eef18a758ee1b	RUTA_LOCAL+SHA256+ACTIVO+TAREA+CONTRATO+REPORTE
LED-T0-954bfa1310caad8fd9509c95	RUN-377a255de24ca946	377a255de24ca9465f073b024699b680655672bfc37ffd19f3bbb24a76790d62	TOBS-2084c3781ccb6dd64c86b404	TOBS-a966ad0695778061cddb17c3	ACT-dab4dfcd0f3c2214e6efad31	OBJ-67c897c75df7b2e42e454525	R3.4_Banxico_CoDi_SPEI/banxico_infraestructuras_mercados_fin_landing.html	f834b52c2ed053165c2ed6c107c953b3d81148d7461d95c2e32a11aea47e704c	REUTILIZADA_PRE_T0_CORREGIDO	data/curacion-universo/reportes-inspeccion.tsv#reporte_id=RINS-b7bb320bf6e9c45d90e89f56	f109d0a5f4ce805223d4497626408a875d723e11917b8c0f630c5228676b3eaa	data/curacion-universo/contratos-inspeccion.jsonl#tarea_observacion_id=TOBS-a966ad0695778061cddb17c3	403fa842ede0cfed5ce06fe0dfd7e74a0fbc5a77d0c687990aa2a08a64e97fb7	3adc2f5a4f6e1b825f539f7e5e8e7a3a9f60a4ab77e4f8603dc1f9ac51935654	RUTA_LOCAL+SHA256+ACTIVO+TAREA+CONTRATO+REPORTE
LED-T0-965af8a82f8f3d508c3cf4af	RUN-89f4c3a49c00c0e1	89f4c3a49c00c0e1ba1f07013e0af10bbc3289fdddc48dde816c37d3da1a742b	TOBS-3417fa642dc5bcc0a0ea710a	TOBS-3417fa642dc5bcc0a0ea710a	ACT-f012f84f5037f6c486c62b82	OBJ-9b92da19851a4a05e01ad375	engasto2013/gasto_de_consumo_ajustado_dbf.zip	afeea4b978067b1c56c966872428052a4b4c16caddc4f1dd6d2f10c54603f26a	INSPECCIONADA_POR_PRIMERA_VEZ_EN_CORRECCION	data/curacion-universo/reportes-inspeccion.tsv#reporte_id=RINS-b142fdcd46453961a518048d	1f27fb2b3d461fabf0f91d800e135f0782e58ccd3f5ca07e1d64c172564e411b	data/curacion-universo/contratos-inspeccion.jsonl#tarea_observacion_id=TOBS-3417fa642dc5bcc0a0ea710a	bf1e0943e724b55a0c810b69845a1cdf155f4f25df9b63b5131194dae4a054e1	1eb36f8052150ad326242db56be797f9e9e219cbddf6d0173ac5b9860c7bafb2	RUTA_LOCAL+SHA256+ACTIVO+TAREA+CONTRATO+REPORTE
LED-T0-96f846e3396859b4911f8c51	RUN-377a255de24ca946	377a255de24ca9465f073b024699b680655672bfc37ffd19f3bbb24a76790d62	TOBS-d76284427c0ae721d4b6ee6c	TOBS-61f18c09d5c2a8ba663b316a	ACT-1273f05a86b6fde99fa34a5c	OBJ-858b27555c0910b60eddcbce	envipe2019/bd_envipe2019_dbf.zip	f7cb0d6f3317cfa0ad1beb071704267da17ecd8b7e8faeb9e7942a27c86c0046	REUTILIZADA_PRE_T0_CORREGIDO	data/curacion-universo/reportes-inspeccion.tsv#reporte_id=RINS-57c329d470285991f371592f	a240f733fe582558d66800452dd03313c9b0db1de7af9e58839089551b8ecff0	data/curacion-universo/contratos-inspeccion.jsonl#tarea_observacion_id=TOBS-61f18c09d5c2a8ba663b316a	04068b42a4897fe312949edcaad35bafec90dc7e7198ad36a45092f4a22ada98	0f21f61a39e729cf32a1bd63c1d0f1dd7cff5aaf23090e01d4fc112983fd138c	RUTA_LOCAL+SHA256+ACTIVO+TAREA+CONTRATO+REPORTE
LED-T0-97040159049a90a240ce5ff2	RUN-377a255de24ca946	377a255de24ca9465f073b024699b680655672bfc37ffd19f3bbb24a76790d62	TOBS-fa454d7eba32ce35dc25d22c	TOBS-8cf831667d630433a1e39730	ACT-a0c09e3d60656788a6bf01a6	OBJ-6c499944f280923fb013b326	conjunto_de_datos_enoen_2021_2t_csv.zip	b047edf42e703cce20106ad53f27edc97c2b6bda6e3928d9ed905f41072e208c	REUTILIZADA_PRE_T0_CORREGIDO	data/curacion-universo/reportes-inspeccion.tsv#reporte_id=RINS-6c16f4c760ecd297a391581a	28df844d8244f85db180aecd1f42f73f430e516b8e9ed2fa4d01c7c723a1e5f3	data/curacion-universo/contratos-inspeccion.jsonl#tarea_observacion_id=TOBS-8cf831667d630433a1e39730	96339dad8368cfb4b0d6816a770325e79b3450b1f0b86816e6dc451d82264359	9fa8ca4070a153f529487cb4aa2d4dde5350ae5c345ea859c27be1740a2c3b92	RUTA_LOCAL+SHA256+ACTIVO+TAREA+CONTRATO+REPORTE
LED-T0-9762842cdba2c907b6e6cf78	RUN-377a255de24ca946	377a255de24ca9465f073b024699b680655672bfc37ffd19f3bbb24a76790d62	TOBS-5e2bf27e4e8c910e21feb4ed	TOBS-56bed9e8e8cacae6c3d0ebff	ACT-c00b36a8b979be0756070a36	OBJ-ffd42bcc30327bdb848399b5	encig15_cuestionario.pdf	9a174ca282cd2eb472b6b19354b0267f0eef88cad10e6a3a3a3c6b485db4c0ec	REUTILIZADA_PRE_T0_CORREGIDO	data/curacion-universo/reportes-inspeccion.tsv#reporte_id=RINS-358a580eb1d7a6c423eff17a	b0eb3804eea5ee412fc592e690273a3a90c51cf2fbd7ed48fccba3f2b7cca6e5	data/curacion-universo/contratos-inspeccion.jsonl#tarea_observacion_id=TOBS-56bed9e8e8cacae6c3d0ebff	a33edc1a3258dbc9f5284635eb2f7d749cc04b72275c7175490633daa9982f62	a53bc31a407c585593e203ccda33b026b632045015a70ac5c185c637350cc1bb	RUTA_LOCAL+SHA256+ACTIVO+TAREA+CONTRATO+REPORTE
LED-T0-977c5b281c3c65b370be67ba	RUN-377a255de24ca946	377a255de24ca9465f073b024699b680655672bfc37ffd19f3bbb24a76790d62	TOBS-fb0327a29cd15605640109ce	TOBS-a5a3a5e40d2ca0d3d4c19709	ACT-f930af5ddeaf543d9a87df4b	OBJ-b3e26139ae8ebefd41143181	mociba2024/mociba2024_fd.xlsx	9d6fb1979576f30b5aee0f61f11ab7afefd56d5b77c596df95cf11103b35d080	REUTILIZADA_PRE_T0_CORREGIDO	data/curacion-universo/reportes-inspeccion.tsv#reporte_id=RINS-0e6f8cb7e4cea0e9fd8ff7ce	776b2f55344555bfb82db5a67b909318a3222f566a58fd986789b5a735d1a87f	data/curacion-universo/contratos-inspeccion.jsonl#tarea_observacion_id=TOBS-a5a3a5e40d2ca0d3d4c19709	5e17d40ffed3b1a2f9e39a943989a9e5e9d27de74eaf8869bd28d85ff6b77ec0	516736a236ba419b33eed42abe363ee93e5811b0e9002df7317ad530daa92944	RUTA_LOCAL+SHA256+ACTIVO+TAREA+CONTRATO+REPORTE
LED-T0-97ae41f9dc8ac85d413effee	RUN-377a255de24ca946	377a255de24ca9465f073b024699b680655672bfc37ffd19f3bbb24a76790d62	TOBS-8d4b466d4d43c2c7f0956683	TOBS-256bd96ed0b1f642864f0231	ACT-15884ebcf733d50ae905a920	OBJ-7d3e3b5933fe59c91f3db23d	lapop_abmex2023_cuestionario.pdf	0cf179c783d74f779eb7b0f0d880a59d6bfbd0c4ae53e394563f7a26c954b2d2	REUTILIZADA_PRE_T0_CORREGIDO	data/curacion-universo/reportes-inspeccion.tsv#reporte_id=RINS-1fcbe821b34321a59c5b6c62	26da440f33b76706698974c7ac15b665896ada853cce61ca12e5f4b3ada09dcb	data/curacion-universo/contratos-inspeccion.jsonl#tarea_observacion_id=TOBS-256bd96ed0b1f642864f0231	48f81e3493a664ae7bd753e255ffaed6d058a56de67c7e5046560b179a032cff	a7a26e0a15c49bd2aba8bc51a631083cc3f56200a9b87726477e3421620a5d89	RUTA_LOCAL+SHA256+ACTIVO+TAREA+CONTRATO+REPORTE
LED-T0-9855e47e775cf3fa796737bd	RUN-377a255de24ca946	377a255de24ca9465f073b024699b680655672bfc37ffd19f3bbb24a76790d62	TOBS-dcdef306adc6d861f71953e9	TOBS-6add3d030bd59cd8051f74f2	ACT-185b6cc6ef9e803b9b6296f9	OBJ-a7e16620fba84ffc8b449473	engasto2012/gasto_dta.zip	03f8ed295658a4ba93cc10cfcee3c2067e06372ed9c60fbe8e581f06e807022f	REUTILIZADA_PRE_T0_CORREGIDO	data/curacion-universo/reportes-inspeccion.tsv#reporte_id=RINS-0437d209ec82599c1fe2d9ea	6532011c20997ea20b6c548675e745fc8a606622e1a6e4892827b1edab5daa78	data/curacion-universo/contratos-inspeccion.jsonl#tarea_observacion_id=TOBS-6add3d030bd59cd8051f74f2	a70ab5738d25c05285de0d88c631b6199d93808be21cb055d6985ef309b03e88	dfd4abfd3831696aaefb671e4ea350a92615d6f40362144554a2abec7bde42d6	RUTA_LOCAL+SHA256+ACTIVO+TAREA+CONTRATO+REPORTE
LED-T0-987c2f076b811a71f6945d90	RUN-377a255de24ca946	377a255de24ca9465f073b024699b680655672bfc37ffd19f3bbb24a76790d62	TOBS-7d9077e6b959e5989ebdb090	TOBS-e58e9639df802572038beb54	ACT-11a5fd23a76c90e7165ac859	OBJ-991e53fc49af0b818eb759c4	enasem2024/enasem_2024_fd.xlsx	79b02638baa74477f3e84f112b40635f6a60f5578cab0cef250d7f4f061ff065	REUTILIZADA_PRE_T0_CORREGIDO	data/curacion-universo/reportes-inspeccion.tsv#reporte_id=RINS-4e644e40b8113d7c18e4695c	8bb1acd61dd389d41f2a2f3ccbbff11e51cc57cde822442dec5b77441e9112f1	data/curacion-universo/contratos-inspeccion.jsonl#tarea_observacion_id=TOBS-e58e9639df802572038beb54	53c96ae0bce856c066804934e9db67c5e540f8a7c1b95758cb075a9e6a95d2a7	8659db5a7ecd432afc6df4633e1882c0ca58cf855a1f16f6fca21e513e556078	RUTA_LOCAL+SHA256+ACTIVO+TAREA+CONTRATO+REPORTE
LED-T0-98b4f5e92f433ba57cdd14a4	RUN-377a255de24ca946	377a255de24ca9465f073b024699b680655672bfc37ffd19f3bbb24a76790d62	TOBS-f8dde93c0a6749997e3b6566	TOBS-6fc31c0082f4097eda874247	ACT-b9d55829df974f197eed782d	OBJ-372f3e8823a0107ebfa8bf0b	conjunto_de_datos_enoe_2019_3t_csv.zip	3dee3611fa30f76e557afd819a60c6e0bc5bc156006053ebb0a688451b9037cc	REUTILIZADA_PRE_T0_CORREGIDO	data/curacion-universo/reportes-inspeccion.tsv#reporte_id=RINS-f20fa71936627e0ef64edadd	559cd2418403d897e5e7239c086512d9f408dd8a0ce1ead7037a1d4b65aa9d8d	data/curacion-universo/contratos-inspeccion.jsonl#tarea_observacion_id=TOBS-6fc31c0082f4097eda874247	6047984be6fbbabad734865c9d2485687a63655364481e8aa0e9a4b719bd3d7e	dbfd5d42fd1fb076792a074893316c748f8ae2ff9faec67f1d66db310dd4632d	RUTA_LOCAL+SHA256+ACTIVO+TAREA+CONTRATO+REPORTE
LED-T0-98f87509f921bfa43511df05	RUN-377a255de24ca946	377a255de24ca9465f073b024699b680655672bfc37ffd19f3bbb24a76790d62	TOBS-42441ef02b0eb2a34618b1fb	TOBS-e8d0c8a5909331545bf15804	ACT-773c98f40633828badcd80ea	OBJ-efc88fd5da423893fd04ed68	envipe2025/bd_envipe_2025_RData.zip	4a7683284d2998e68045206dd19348b81891030a39c581a69569e07263c80266	REUTILIZADA_PRE_T0_CORREGIDO	data/curacion-universo/reportes-inspeccion.tsv#reporte_id=RINS-dd0067d7db1124a9dfcd51e0	185745a77492ef602c7bed91b2185ed8f3bcb4b45c5be45a420ae9fb079493cf	data/curacion-universo/contratos-inspeccion.jsonl#tarea_observacion_id=TOBS-e8d0c8a5909331545bf15804	369fcb91347bceaf2766658fcab08710d1bad12d0927f89acac90223c6df2d20	315dc302a1dddf918669e6e86744892d78d35309ae887e4e58b9a5408810f943	RUTA_LOCAL+SHA256+ACTIVO+TAREA+CONTRATO+REPORTE
LED-T0-99e4d08ff8354d0d5e1603d5	RUN-377a255de24ca946	377a255de24ca9465f073b024699b680655672bfc37ffd19f3bbb24a76790d62	TOBS-c147215fabae52a47ff73dc1	TOBS-6ef02bfe9407d894de42dd78	ACT-1f1ff34f833eaf6f65d5f4e3	OBJ-96265007de956bc5afe642e5	eder2017/eder2017_bases_csv.zip	bcc7eb90c2d016976fd8ba24528ce614bf4db0c29a1e3e0cf674bdfb024de0e3	REUTILIZADA_PRE_T0_CORREGIDO	data/curacion-universo/reportes-inspeccion.tsv#reporte_id=RINS-58dc04a94eddca76744c346a	2422e45d6d6ead80f424db96221b1c8b7a36698dc571a4a39c96eb1513e79198	data/curacion-universo/contratos-inspeccion.jsonl#tarea_observacion_id=TOBS-6ef02bfe9407d894de42dd78	129c3c6ff929b79a84a1a07806972cc71eb31f5dce297918162f73abbfdb05f5	7471a78cfe8ce5be5a9bb7a31e7058625032adfe0c738d73a04f15846f7ef30b	RUTA_LOCAL+SHA256+ACTIVO+TAREA+CONTRATO+REPORTE
LED-T0-9a16241971925105e9745f65	RUN-377a255de24ca946	377a255de24ca9465f073b024699b680655672bfc37ffd19f3bbb24a76790d62	TOBS-6fc1d173d2f5da23c775e980	TOBS-b745213bc34ea5e149f6a178	ACT-f70b3667c632eddd7c5e58c3	OBJ-9335257a99db71c6ed9f2e97	fd_envipe2018.pdf	30f78e99e5459cf4e6a0425801c7814990b7957dfc52e990a72920219a6a1665	REUTILIZADA_PRE_T0_CORREGIDO	data/curacion-universo/reportes-inspeccion.tsv#reporte_id=RINS-d6f977b5510d13da28c5b4e1	aae41b9cf961af79e09fc5b6a3a0a59ba4c4c719799c1fe8e30a3428c279bf06	data/curacion-universo/contratos-inspeccion.jsonl#tarea_observacion_id=TOBS-b745213bc34ea5e149f6a178	f9016617f97ecded187b3e2ea0c21472af53082742ac5425cbcd33d917382511	54c1f0729b5f3c5352be7f648422b825f8c85afe6345e0447d66ae08fd0bdc41	RUTA_LOCAL+SHA256+ACTIVO+TAREA+CONTRATO+REPORTE
LED-T0-9b884c45d453fd2cfb4549e5	RUN-377a255de24ca946	377a255de24ca9465f073b024699b680655672bfc37ffd19f3bbb24a76790d62	TOBS-3e74fd14b9e1f80085c63e01	TOBS-7c6db558898566ee10bc8e8f	ACT-8da93b2dc7eeb03e3c2b984d	OBJ-7a455bae35bfa64cd2f80550	cuest_principal_envipe2018.pdf	904549846a81dd605e60c5ec99dd42bdf2308b325ba4eb30a94bf06a9a9b3fb7	REUTILIZADA_PRE_T0_CORREGIDO	data/curacion-universo/reportes-inspeccion.tsv#reporte_id=RINS-0fc4ad204330f6028a617244	0ddba83e7044459e8b5b047c4533fa592d56293604fdd4a6db17d4f009835563	data/curacion-universo/contratos-inspeccion.jsonl#tarea_observacion_id=TOBS-7c6db558898566ee10bc8e8f	436bee91379fcf274f2f4a994b348c92176465517d2f51d88999eb943dcbb7bf	dfa4d8a20667bb00cab78769baaa5720873286ab89d7de91193c25e87e2ab689	RUTA_LOCAL+SHA256+ACTIVO+TAREA+CONTRATO+REPORTE
LED-T0-9b9522aa3a481807caf957da	RUN-377a255de24ca946	377a255de24ca9465f073b024699b680655672bfc37ffd19f3bbb24a76790d62	TOBS-da60d5c7e7ba51a856a2a7ab	TOBS-807b0b4464ecce622c94fb0b	ACT-2219e1b4d80bdbf2a6d4e280	OBJ-9fff1fd8317cdceb90bfb2e5	mociba2025/mociba2025_bd_sav.zip	a5a7897f02593e609bc7735c0c18d791deae32860996c8628075cd6b3695e9fb	REUTILIZADA_PRE_T0_CORREGIDO	data/curacion-universo/reportes-inspeccion.tsv#reporte_id=RINS-2b0f5c5eaa32627cfa3337c8	52d13a0ee0c9b5a2425e877c52d818beda753b0e9b77be1741e138438dd1dc97	data/curacion-universo/contratos-inspeccion.jsonl#tarea_observacion_id=TOBS-807b0b4464ecce622c94fb0b	9eaed64a59ff92a0952f2b62f3af0effdc4b98ba23db6a199b0e2ab30c9ae3d4	ac23ada86fb54235a6857602344164aa47ab834389e528031075c3637c849178	RUTA_LOCAL+SHA256+ACTIVO+TAREA+CONTRATO+REPORTE
LED-T0-9bbb6858f49274fd376b629c	RUN-377a255de24ca946	377a255de24ca9465f073b024699b680655672bfc37ffd19f3bbb24a76790d62	TOBS-1490d3b47439c5fb24bde8ea	TOBS-ced81bbe5e66c0e112126fac	ACT-e43fd3f73d4bdf40f826f0d4	OBJ-cfd4accc0cb6e809968ae2d1	conjunto_de_datos_enoe_2025_4t_csv.zip	e4d4284cc9924a40c39544a5530715f320a5627cd81997214c0430827616d9d6	REUTILIZADA_PRE_T0_CORREGIDO	data/curacion-universo/reportes-inspeccion.tsv#reporte_id=RINS-768e0a1312aec416e066c108	b21a2337136e3116f274fe98e1192b98a8322588c0d574eb006a85c5d3f02f70	data/curacion-universo/contratos-inspeccion.jsonl#tarea_observacion_id=TOBS-ced81bbe5e66c0e112126fac	3b74cdc7db2499b36be4fc82e28fc4f0ea3960eff2e7d0f1e506f1926045c64d	64c509981994f45023235073b73f194877803bb517ca64bd7c1a9bd76957097b	RUTA_LOCAL+SHA256+ACTIVO+TAREA+CONTRATO+REPORTE
LED-T0-9c8b01f18c2a5a5fbf5e08cd	RUN-377a255de24ca946	377a255de24ca9465f073b024699b680655672bfc37ffd19f3bbb24a76790d62	TOBS-b89a4d7e947d8825b6084a20	TOBS-f537e202ff566bdab71bf15e	ACT-e677076d998cd9fb2a6ee7fb	OBJ-04e6d9bf6f3363dd3d27e7f9	encig2021/encig21_base_datos_csv.zip	4463e585062961fa1bb200ec830a30d84f1d915f7a3fe4c8454d8198b516b62c	REUTILIZADA_PRE_T0_CORREGIDO	data/curacion-universo/reportes-inspeccion.tsv#reporte_id=RINS-f030bd1fc99dadc111f35169	d53e99b0294daab5a7bf332ceb09f82e65e516cb317daefba330123cfd38734c	data/curacion-universo/contratos-inspeccion.jsonl#tarea_observacion_id=TOBS-f537e202ff566bdab71bf15e	0d3d88577219773fa00d843757762bce5a356ba585d6e96e8f9ccf4e365672c1	2a136121fe5fa4275480cf4ece3c09a1278dd8c6c0ea08f201c5e3acbfd57d3b	RUTA_LOCAL+SHA256+ACTIVO+TAREA+CONTRATO+REPORTE
LED-T0-9d07a9e03943330d8db3f0a9	RUN-377a255de24ca946	377a255de24ca9465f073b024699b680655672bfc37ffd19f3bbb24a76790d62	TOBS-9e8ee74317fa889e11f2cbef	TOBS-0ce800132b2c5c0a5b26258f	ACT-2ab6194be53f7a53e74dd3df	OBJ-9821db145962bd59d4f05134	enaproce2015/ejem_base_micro_ciega_csv.zip	01aafb888b447badb8506ef6cf7562a885a69c666561e61fccd178903d758623	REUTILIZADA_PRE_T0_CORREGIDO	data/curacion-universo/reportes-inspeccion.tsv#reporte_id=RINS-bf4fd26ba752b87a0939c4be	5991acf27d0077139a038f61e42d4598312d85463615a2787c55d337079ccc71	data/curacion-universo/contratos-inspeccion.jsonl#tarea_observacion_id=TOBS-0ce800132b2c5c0a5b26258f	53f6aa374c2f2acd1e1f23ea6dbf217e088af5d9174b5b7f87b99138c4963890	f8cb39361cb6b243b728acd537b82f4b82fcc492d2d4ade98292b920f835dad9	RUTA_LOCAL+SHA256+ACTIVO+TAREA+CONTRATO+REPORTE
LED-T0-9d350c2312ebf8c49ade002b	RUN-377a255de24ca946	377a255de24ca9465f073b024699b680655672bfc37ffd19f3bbb24a76790d62	TOBS-3c0ce8b5755ab714d333de5a	TOBS-a0aff35a80d266f850aac428	ACT-0fba52420e209270a293964f	OBJ-03c834432fcf6bb9f8adaeef	fd_envipe2022.pdf	8082959fa01777467f5ff239af67ef24e3539f9c82b6f4919b437c4c78f0b651	REUTILIZADA_PRE_T0_CORREGIDO	data/curacion-universo/reportes-inspeccion.tsv#reporte_id=RINS-a2fec2e4a140bd2b4f403b4d	5fee4b1b41df0f0910b34bba0140ddaee322ab68f6ac125c923b2c309e6fc172	data/curacion-universo/contratos-inspeccion.jsonl#tarea_observacion_id=TOBS-a0aff35a80d266f850aac428	114de048482eb4c6b82c0d78da987354cbd38b69a54589a775a3e9937df66ee8	6d85cf9f484f91192872dc995a26bbac0ef76fa35eac7e731c449a82559d6235	RUTA_LOCAL+SHA256+ACTIVO+TAREA+CONTRATO+REPORTE
LED-T0-9d38b5f4354152a083b1e807	RUN-377a255de24ca946	377a255de24ca9465f073b024699b680655672bfc37ffd19f3bbb24a76790d62	TOBS-074a738a53771898e48fdfe0	TOBS-8f96d3b783b29e1293595d13	ACT-58c98b1fe848d9060272f77e	OBJ-08b7a7d4f44572bca5f38e1c	R3.4_Banxico_CoDi_SPEI/informe_anual_IdMF_2022.pdf	c63ec824f4918a7b64c6b24c8c7c5dea10ce7e2e229d03770279e8b3326aa322	REUTILIZADA_PRE_T0_CORREGIDO	data/curacion-universo/reportes-inspeccion.tsv#reporte_id=RINS-fda06740ec35ac32df41eeed	d763f25ffcdba1aa768b15b06ae80419c035aa171e393bf10cdfc82174a083bc	data/curacion-universo/contratos-inspeccion.jsonl#tarea_observacion_id=TOBS-8f96d3b783b29e1293595d13	ccb46e4136f884e31c78e175630713b9341b074bf064767579c2960203249408	93528c03a065b2823c2c3421280ab52248774b2330e1a8683b32198b520bbba0	RUTA_LOCAL+SHA256+ACTIVO+TAREA+CONTRATO+REPORTE
LED-T0-9ea539b689f07d8b4a50fd43	RUN-377a255de24ca946	377a255de24ca9465f073b024699b680655672bfc37ffd19f3bbb24a76790d62	TOBS-728f1e6fe1917f829ec4e027	TOBS-3c3ea4dcc5fc25ecb2c17801	ACT-598e93211d958aac562feb26	OBJ-8ecbd0b7562f49e7b7ae6a82	conjunto_de_datos_enoe_2020_1t_csv.zip	df69c6653909cdd98c501b176dc9b2eb7cc2e0498e238f289a41b6803f7f457f	REUTILIZADA_PRE_T0_CORREGIDO	data/curacion-universo/reportes-inspeccion.tsv#reporte_id=RINS-9719ebb787b4ad2bc67bc077	3441241076d01d532e999ac5ca45ef8f547780a6c66904d75882c59316156e03	data/curacion-universo/contratos-inspeccion.jsonl#tarea_observacion_id=TOBS-3c3ea4dcc5fc25ecb2c17801	9997c9878ade76f42c65f7d4c21cd7df2a1288b69a20af2cd2ceef0e2e936e29	5e1dda7be952c14d90b9503b53493005bea6ff4a76f1898139eefe4d051e5a63	RUTA_LOCAL+SHA256+ACTIVO+TAREA+CONTRATO+REPORTE
LED-T0-9ed01408fb22974f743532ec	RUN-377a255de24ca946	377a255de24ca9465f073b024699b680655672bfc37ffd19f3bbb24a76790d62	TOBS-88b4560b0fcfa120375ce000	TOBS-2a2d59efff8ede8baf041d31	ACT-881b0d60771042563bc51428	OBJ-538fe32ea038ba21c88ba0c1	ennvih/doc/eloc05cb_bcc.pdf	303449abda3e3829096951b76de0835de9b44a11e12937d681612c9c05772393	REUTILIZADA_PRE_T0_CORREGIDO	data/curacion-universo/reportes-inspeccion.tsv#reporte_id=RINS-3cb1afdac25ab16461ab65b5	dbf8dfbd4ddaf25f9fd3caa4cf3e6dd5d48e88eff32d5097204a90c3866487b7	data/curacion-universo/contratos-inspeccion.jsonl#tarea_observacion_id=TOBS-2a2d59efff8ede8baf041d31	696a8526abf9cf803127c5ab26b4b8f443745dadcb3d799022c6c4144a145465	4c937181277d43fae52476e69217e35389955afb9cd89c3754b7a497b57b89b3	RUTA_LOCAL+SHA256+ACTIVO+TAREA+CONTRATO+REPORTE
LED-T0-9ed8a4eee3550587b5e5b341	RUN-377a255de24ca946	377a255de24ca9465f073b024699b680655672bfc37ffd19f3bbb24a76790d62	TOBS-ffb254bd8cde2cc0bc22e5bc	TOBS-ba755b71be1b38d753b7e4da	ACT-ba981e7d0b7b65a1ee21f131	OBJ-793dab26da3b8e2877745d0e	eder2025/889463930617.pdf	e0100959e1896c6bc1248ead07dd1993b5467636363953d144dfc6cff98cf171	REUTILIZADA_PRE_T0_CORREGIDO	data/curacion-universo/reportes-inspeccion.tsv#reporte_id=RINS-467ba2b6061cedc0f57e138d	cacb2a6a223fda52dd78a5ff8484a6c29a5d4840349d388f11adcfd00d92d0aa	data/curacion-universo/contratos-inspeccion.jsonl#tarea_observacion_id=TOBS-ba755b71be1b38d753b7e4da	c10e7c3fffe42bec513dcedb793cced46a48d842346b05539670adf848b4f87e	3fc0bde1225d0c59cf72cc49be3cd37d1604d64561f8a2721189b05891e6e3b4	RUTA_LOCAL+SHA256+ACTIVO+TAREA+CONTRATO+REPORTE
LED-T0-a087ca28102ced28ae73c1b3	RUN-89f4c3a49c00c0e1	89f4c3a49c00c0e1ba1f07013e0af10bbc3289fdddc48dde816c37d3da1a742b	TOBS-c9487056b53a8bae44f42f92	TOBS-c9487056b53a8bae44f42f92	ACT-99da42b5ec020aa8cd6bf33a	OBJ-2e0033a3e775322a8229c326	engasto2013/gasto_mujeres_sav.zip	c4830397a4f401e36fb67a723e8fceace62a04ca84a6dabc0239c016e226766c	INSPECCIONADA_POR_PRIMERA_VEZ_EN_CORRECCION	data/curacion-universo/reportes-inspeccion.tsv#reporte_id=RINS-03c5b3a0f686c32f0e300b90	8aa23c2f8163ea9bb7cbb4c21ccc519a2fd40e7fad96d3c1e81b48ed4faf0b28	data/curacion-universo/contratos-inspeccion.jsonl#tarea_observacion_id=TOBS-c9487056b53a8bae44f42f92	82a836165dd9d2cde5e0e6d6a806e8b890b54015876deae6121e861aa2cdc0b6	a5d6721876e08f342bbd093b0d4f8368ddec539aafef51507f68aa7824cd7657	RUTA_LOCAL+SHA256+ACTIVO+TAREA+CONTRATO+REPORTE
LED-T0-a0afc81a5902754e7f76efd0	RUN-377a255de24ca946	377a255de24ca9465f073b024699b680655672bfc37ffd19f3bbb24a76790d62	TOBS-7e38abf3ce0fe6d780965798	TOBS-3eac70f01a1bdbfbbfad69f0	ACT-a711970dc14caa04b24a4d5c	OBJ-38a2e7857c5af8720d41a268	enif_2015_fd.xlsx	8233cf53f59049660aa894d6a0bb93412f5a484fa96ede80c8f018ed3a250cc5	REUTILIZADA_PRE_T0_CORREGIDO	data/curacion-universo/reportes-inspeccion.tsv#reporte_id=RINS-03924a44e20794a8431436e9	6b377b23085c2dcd0fbf0bf4ad750bca3fa26cb61a2127420d12defc3bc2c064	data/curacion-universo/contratos-inspeccion.jsonl#tarea_observacion_id=TOBS-3eac70f01a1bdbfbbfad69f0	b733aaa0fbc4a03a28dca439e1415c43fca0a5b9cf9698d8a2b99a5716afdd15	52b31864d2ef6793512bda98255c9034317ddeb99f6a533b5bd3d7be94d4500c	RUTA_LOCAL+SHA256+ACTIVO+TAREA+CONTRATO+REPORTE
LED-T0-a0f2705b26f18cd54bcb399c	RUN-377a255de24ca946	377a255de24ca9465f073b024699b680655672bfc37ffd19f3bbb24a76790d62	TOBS-7ac20bd5590e08192818517d	TOBS-6cf11b9c8c640afa295b7fb9	ACT-5dfd972b29564215382da28b	OBJ-d094a123ab537b78347ede45	envipe2021_csv.zip	88153c67ff3666be511dab3f3b483226a0af9f0e8683bd8dbfba8d616ddbfdd1	REUTILIZADA_PRE_T0_CORREGIDO	data/curacion-universo/reportes-inspeccion.tsv#reporte_id=RINS-fd5486f4172b285c9e843813	f5f2d157a90a523f91a9651a3eb7a8b99671ff878827f4bd6a228543351131c2	data/curacion-universo/contratos-inspeccion.jsonl#tarea_observacion_id=TOBS-6cf11b9c8c640afa295b7fb9	ab3e26b909e5deee644c6fdc8262801416e42a3f159aa2f873e8b0626ea6e8dd	a647bfd82dfa9bfc9daf99543ec0b9b3dcfca989ed6a637c39dc59f81e31f5cf	RUTA_LOCAL+SHA256+ACTIVO+TAREA+CONTRATO+REPORTE
LED-T0-a161405f3a5dfefdee272e33	RUN-377a255de24ca946	377a255de24ca9465f073b024699b680655672bfc37ffd19f3bbb24a76790d62	TOBS-8137eb799b24f0a5a0f34a24	TOBS-92bca312912c55d81e5141f2	ACT-5038e4fb1e036bcc51c69a7b	OBJ-da71551ba3b3ecf5438cf092	R3.4_Banxico_CoDi_SPEI/banxico_sie_cuadro_CF884_operaciones.html	5bd31243e63fad1cb680728f1a3cfbddba6196506aa0f7779adbc6c8aaa5a5de	REUTILIZADA_PRE_T0_CORREGIDO	data/curacion-universo/reportes-inspeccion.tsv#reporte_id=RINS-cf30d72111f058ab06ff5463	e85b3a59969a539597b10ae3d279c49948f6abbbbc0fc74f00671dce47685abc	data/curacion-universo/contratos-inspeccion.jsonl#tarea_observacion_id=TOBS-92bca312912c55d81e5141f2	13b2ba7479ff5edc595ce18897f3531744aeeca2c5ae3323c7a2d61ea563acc9	a9c9e4a089606406dda1de40d158f7743b220a930ca440d7faaea74abea4ff03	RUTA_LOCAL+SHA256+ACTIVO+TAREA+CONTRATO+REPORTE
LED-T0-a1b5f600ed42d49876eb0d7b	RUN-377a255de24ca946	377a255de24ca9465f073b024699b680655672bfc37ffd19f3bbb24a76790d62	TOBS-ce075e9267cae499abecb91f	TOBS-2e6746c0df5bafca1d36f7ef	ACT-d3c5de554a1ea0c876047c6d	OBJ-539c9e0a6e34f7ed2d86197c	enut2009_bd_dbf.zip	ae1bbbaf12ec4eb6eb314099101257fe5d778ff65adb223219369bc9378aaafa	REUTILIZADA_PRE_T0_CORREGIDO	data/curacion-universo/reportes-inspeccion.tsv#reporte_id=RINS-2b50f262f59df45ee904d4ed	cd5a962390fd794471575deccc9ca9a37b01a19f58c42847463d93e71c58b160	data/curacion-universo/contratos-inspeccion.jsonl#tarea_observacion_id=TOBS-2e6746c0df5bafca1d36f7ef	a091a7042d7e0291c092ebbc10539cc781ababf7659dd2e475080a51cb14789c	b17161d27855718ea6bc24afb6f6ec577f2eae55836f07500e46e7cf91350f83	RUTA_LOCAL+SHA256+ACTIVO+TAREA+CONTRATO+REPORTE
LED-T0-a1d4f61cb5aa4ba1fa91a22e	RUN-377a255de24ca946	377a255de24ca9465f073b024699b680655672bfc37ffd19f3bbb24a76790d62	TOBS-e16883a516bd7ba41f9730c2	TOBS-50abac628e1c1d094e63610c	ACT-02d547c920795b02e41d5bab	OBJ-7b66f5d8ea2a7f001646c45a	envipe2022/bd_envipe_2022_dbf.zip	70ce4e2a0056660d5dd94cd611ae7832b21cf1892c196fa9ee0ef2cc9236729a	REUTILIZADA_PRE_T0_CORREGIDO	data/curacion-universo/reportes-inspeccion.tsv#reporte_id=RINS-870d7d532067639b69319ea1	7a78d9f994fcd98b5cff036f3775ade03b15773bc939b5b428051d057dfca7f4	data/curacion-universo/contratos-inspeccion.jsonl#tarea_observacion_id=TOBS-50abac628e1c1d094e63610c	67a5cde045607c37925ef939a2c73f155dc6b3f5f1cc395f0da6e8f369a50d5a	3f317fcfbd2a8bdc83c67c6bc2cf41ca72ee3d62b87678006b27de490332a2ec	RUTA_LOCAL+SHA256+ACTIVO+TAREA+CONTRATO+REPORTE
LED-T0-a27558c8cce5774e07a8745f	RUN-377a255de24ca946	377a255de24ca9465f073b024699b680655672bfc37ffd19f3bbb24a76790d62	TOBS-8d5cd83f10fcc1b688e461d2	TOBS-0fa9c79d46d4a775460529c8	ACT-cd08f6abb213a45175d29a97	OBJ-f0ac271b8f92d2b52d6332e7	Censo2020_CEU_descriptor_bd.xlsx	b497acecd542c50379fcb505b84e4bf016caae99fb440bbd8655384372e5a87e	REUTILIZADA_PRE_T0_CORREGIDO	data/curacion-universo/reportes-inspeccion.tsv#reporte_id=RINS-d6cbaf9429f791ec02b005de	6ad6ffe89510596f8c1a69ea5dcc0df263876af01465d7ba8d1e7556fe4079ae	data/curacion-universo/contratos-inspeccion.jsonl#tarea_observacion_id=TOBS-0fa9c79d46d4a775460529c8	950201bda9419d437b13dd1289fc0497922edc3fee47675e7de9e7ec7bfdf5d7	c8be17887ca9c111e0071d639de9c445f1a4e1c5423019e5bbe9ba7758375bb9	RUTA_LOCAL+SHA256+ACTIVO+TAREA+CONTRATO+REPORTE
LED-T0-a287db3513202b3bf397a45f	RUN-377a255de24ca946	377a255de24ca9465f073b024699b680655672bfc37ffd19f3bbb24a76790d62	TOBS-cea377ad9d39d6eb4ca11ab5	TOBS-ee35aa79360f79e2414bebe3	ACT-8bf6ad7e4bce90cde3222624	OBJ-a7bf93687db7ae316119d16b	encig2011/Base_datos_encig2011_dbf.zip	5af6cb24a476a310e7906c42b1bb86d7084ba0a821226bac0bbbf4c0af6f7ca6	REUTILIZADA_PRE_T0_CORREGIDO	data/curacion-universo/reportes-inspeccion.tsv#reporte_id=RINS-9f5c9afb773a08e9356f5a47	42cd10d8f725729bc65be662de8b4ef3275b64e0c579853f325b1790768543d6	data/curacion-universo/contratos-inspeccion.jsonl#tarea_observacion_id=TOBS-ee35aa79360f79e2414bebe3	dd373a64ec4df4972bc9172e28338e0617b7f911d6129086027519de2d4dcae9	5825aa9839da635310e7993471b7eb5df91792faf46c8a19f0b6d80c23b3be19	RUTA_LOCAL+SHA256+ACTIVO+TAREA+CONTRATO+REPORTE
LED-T0-a3c53fedc8a7cf8921d898af	RUN-377a255de24ca946	377a255de24ca9465f073b024699b680655672bfc37ffd19f3bbb24a76790d62	TOBS-9f8a8eb83560c99f67113512	TOBS-bd88dd782fee579741f38da2	ACT-6b42de6c5389c2e08442140c	OBJ-9b5f13d31a3004700aebbbea	encig2025/encig25_base_datos_RData.zip	f185870dd73e0f1a7bef8c1645f19d8b42c713b802a2e52772831b602f8773f3	REUTILIZADA_PRE_T0_CORREGIDO	data/curacion-universo/reportes-inspeccion.tsv#reporte_id=RINS-1486f302ad66ec9c92aa7861	d66da576c35fee3acbe1bde1ad0f39a0e9bbd3878f88ea7c85d45e607b779d66	data/curacion-universo/contratos-inspeccion.jsonl#tarea_observacion_id=TOBS-bd88dd782fee579741f38da2	6f3f1b0f823c5842cd647dbb311e855bcc476bc5f1ca914a9bd568eb923249e4	f148f8992493a0283fceddd16d80c8d3501b0d3564614faa575121bec106ad30	RUTA_LOCAL+SHA256+ACTIVO+TAREA+CONTRATO+REPORTE
LED-T0-a5a22f0227b31166bf7b68b4	RUN-377a255de24ca946	377a255de24ca9465f073b024699b680655672bfc37ffd19f3bbb24a76790d62	TOBS-aaece5d06af390c4e229edff	TOBS-287d09479b915504deb19c49	ACT-7a287bfcb2fde5146d4ae57d	OBJ-3f5102aa2da75516a20b17ff	envipe2021/bd_envipe_2021_dbf.zip	ad7857c0696ddc5cdd209fa09f28bffa149394a229b459e0aff43badf53cdce9	REUTILIZADA_PRE_T0_CORREGIDO	data/curacion-universo/reportes-inspeccion.tsv#reporte_id=RINS-85d55f1b3c51f6d3f9507160	e811d4db4a092250b8c4ab03565ab883572dde444735cec86ebede68483927e0	data/curacion-universo/contratos-inspeccion.jsonl#tarea_observacion_id=TOBS-287d09479b915504deb19c49	b30b9add4d18db0297dd035faf0ce52881e81baaf8af3f0828f14530afcda1a1	68cd430090f6c76edf3371c2b7986aee34d3aaed9ee6aef76c5d6b31decc093e	RUTA_LOCAL+SHA256+ACTIVO+TAREA+CONTRATO+REPORTE
LED-T0-a6c4e61704285d4890d87c84	RUN-377a255de24ca946	377a255de24ca9465f073b024699b680655672bfc37ffd19f3bbb24a76790d62	TOBS-9bbe1313fb83032d2abb7073	TOBS-77bd98c724f6476ffc88de72	ACT-991a0ead101301caac3bb0d2	OBJ-e8a7adcf6f65a19ec559d160	engasto2012/gasto_dbf.zip	38d2d3238d4d9533c817e3d2c30ea113b16678acea74d0027d596114401aa4c4	REUTILIZADA_PRE_T0_CORREGIDO	data/curacion-universo/reportes-inspeccion.tsv#reporte_id=RINS-fd4e19a4a6d16a98a6eade06	dd7da11ec4300f7187980f2e829fb0c39a4cb925d832d0d522f2f2514265d55b	data/curacion-universo/contratos-inspeccion.jsonl#tarea_observacion_id=TOBS-77bd98c724f6476ffc88de72	b8e81f581b36b52f6956776490004c055d7f2f264d0abb05453db1b60e9d1f6c	e87259d1f60019c501207d88878105079ad04f97671dbc37016030e2bfaf0332	RUTA_LOCAL+SHA256+ACTIVO+TAREA+CONTRATO+REPORTE
LED-T0-a6d52334ca909b5629b49d09	RUN-89f4c3a49c00c0e1	89f4c3a49c00c0e1ba1f07013e0af10bbc3289fdddc48dde816c37d3da1a742b	TOBS-b506155219a93a81cbbc4f62	TOBS-b506155219a93a81cbbc4f62	ACT-753b27d7a3e95011933c2c95	OBJ-3a6a6cff3b099e8dd94bf9f4	engasto2013/gasto_de_consumo_ajustado_sav.zip	c75ed5c6eaf96366ba6884e112886653a6f46853f0fcbf42e638bee9bccf15a4	INSPECCIONADA_POR_PRIMERA_VEZ_EN_CORRECCION	data/curacion-universo/reportes-inspeccion.tsv#reporte_id=RINS-4dbe969a8d6aea508c13a22c	4e8a065e1fd30f9e6a99c0a48dc1ae8dd3b878d6e28943cf1ef355012626ee71	data/curacion-universo/contratos-inspeccion.jsonl#tarea_observacion_id=TOBS-b506155219a93a81cbbc4f62	9b68f47aaa66d3c1e970a3ef17a48ab1334a9ddf06ff99d47cfddc82413c840d	c8acf0a5f34066605938d7f1f745a4ef1ee72d72899b645f3cdf9cb47892ab03	RUTA_LOCAL+SHA256+ACTIVO+TAREA+CONTRATO+REPORTE
LED-T0-a6d763a5088b912b8e085137	RUN-89f4c3a49c00c0e1	89f4c3a49c00c0e1ba1f07013e0af10bbc3289fdddc48dde816c37d3da1a742b	TOBS-d88909250d7f4f8b50dee60d	TOBS-d88909250d7f4f8b50dee60d	ACT-62222e75f2f21a2a5e86fa85	OBJ-7d43d9ebd9c105fb613107d2	engasto2013/gasto_dbf.zip	422ef16e6b80682fa78fec4a464e43dc000af2207a22a2fee04cbcfe4b1f6887	INSPECCIONADA_POR_PRIMERA_VEZ_EN_CORRECCION	data/curacion-universo/reportes-inspeccion.tsv#reporte_id=RINS-4d91834e02904ad1f2e55e22	48d86cd8b38618c40690319f6786549ad4d1a0224293764de2b11d76d05d0ce1	data/curacion-universo/contratos-inspeccion.jsonl#tarea_observacion_id=TOBS-d88909250d7f4f8b50dee60d	1a3f0b8704ab125046c6499e4bb2250ed27166c45e05c2aa53ba2407e56789bd	788d687f9726d6a8e815e8ba7a505d44e1503864ed3ec241aa008f296b307a0c	RUTA_LOCAL+SHA256+ACTIVO+TAREA+CONTRATO+REPORTE
LED-T0-a6f459b372daa0da32ce8558	RUN-377a255de24ca946	377a255de24ca9465f073b024699b680655672bfc37ffd19f3bbb24a76790d62	TOBS-7cf877365bf2e249dd1d6cea	TOBS-0fa794483c9a983ce349e4d2	ACT-61c8325d1165178861f16fcb	OBJ-d360176863b73a9ba825e614	eder2011/eder2011_bases_dbf.zip	c6f9f0a55c48bada7455d21fe70c415d7593bfd1517d7f508105df44db1fe82f	REUTILIZADA_PRE_T0_CORREGIDO	data/curacion-universo/reportes-inspeccion.tsv#reporte_id=RINS-a5a33d095e633e6ba9820b14	1cf42334d5a0e9ffb04fc59b8746576dabbc4cf327dae3cd13eab05f3170f34e	data/curacion-universo/contratos-inspeccion.jsonl#tarea_observacion_id=TOBS-0fa794483c9a983ce349e4d2	03c46dad31ea1b7a3b74cd79425dcaa72d4edd3960d2817c366d0a943d98a188	24f8c41ef1f4459189b7aad23ea5caf38b85dd3f7903c2bcd7f8d59f81556f5a	RUTA_LOCAL+SHA256+ACTIVO+TAREA+CONTRATO+REPORTE
LED-T0-a86d33905e5c387fe9429893	RUN-377a255de24ca946	377a255de24ca9465f073b024699b680655672bfc37ffd19f3bbb24a76790d62	TOBS-ced3fb7d98e7ca66823123eb	TOBS-31efc557a8fe166017a3b103	ACT-92f3da56dafa64971687b350	OBJ-30fad404a93d05e701ff2084	encig2013/encig13_descripcion_archivos.pdf	12edd629b8a88c4c4ef9e344f821758db88a34c5d5f6c7fa9a2eabc8ed2119c7	REUTILIZADA_PRE_T0_CORREGIDO	data/curacion-universo/reportes-inspeccion.tsv#reporte_id=RINS-33b7acf3ff8b01f8e3c1ba1b	4bc90a6a7f07235667e26128ecf41a5440967204f21ad90539466e3cabc74541	data/curacion-universo/contratos-inspeccion.jsonl#tarea_observacion_id=TOBS-31efc557a8fe166017a3b103	d974b7959d121adaa0e382279a6de0ec3462d4fc97193733e96573251f02109b	c7c5a7822db330ad672d2be7098514821ccd09984cc43f534997fcb5bd9d403c	RUTA_LOCAL+SHA256+ACTIVO+TAREA+CONTRATO+REPORTE
LED-T0-a8881adb6604291ee0641c3b	RUN-377a255de24ca946	377a255de24ca9465f073b024699b680655672bfc37ffd19f3bbb24a76790d62	TOBS-f438eecc2dd4cb5b0cee75e7	TOBS-fed1b2bce83c572a8e34d888	ACT-5e50291f03f61543b2d45cbd	OBJ-5c7a5291c0cdc088562efa4a	envipe2020/bd_envipe_2020_dbf.zip	8d12bb0f71f13693367320c35cabfc1f7734a455ab43918856b16f83afb75348	REUTILIZADA_PRE_T0_CORREGIDO	data/curacion-universo/reportes-inspeccion.tsv#reporte_id=RINS-ee5810238a52eba671e10d53	1d848bf8bea7c170ef2d4ef40405a66d3dad4980e16caab98861fd48cd15e63e	data/curacion-universo/contratos-inspeccion.jsonl#tarea_observacion_id=TOBS-fed1b2bce83c572a8e34d888	d4a0349cf790de8b822b4a2d0f53d8e31010b40c1e211014ec3814278108f619	635380e3ad5b034cd8ffaa55b882b9820d034342a987bd8de5a29ad6784ecee7	RUTA_LOCAL+SHA256+ACTIVO+TAREA+CONTRATO+REPORTE
LED-T0-a8c5431455f97894f9e2463b	RUN-377a255de24ca946	377a255de24ca9465f073b024699b680655672bfc37ffd19f3bbb24a76790d62	TOBS-726615fe8cb87b5ecba7cc0c	TOBS-76b7e8390fc7d2d12b86cf32	ACT-56a462f1375dbc043f7580a0	OBJ-27f53bc04ebd11fdc3879316	enif_2018_fd.xlsx	dd8d5c92a7a031505d95da3ee6f00b670f90d5fd5cbd94c744393ffe81b4f6d7	REUTILIZADA_PRE_T0_CORREGIDO	data/curacion-universo/reportes-inspeccion.tsv#reporte_id=RINS-1386f508010713fea6342835	a3fe0565bf2a733ac99a76b8a3c3ecf6ef54ab6c7f5819e1f8464f7ad5dffcce	data/curacion-universo/contratos-inspeccion.jsonl#tarea_observacion_id=TOBS-76b7e8390fc7d2d12b86cf32	48aa4f650f992a8ceb96a2825feb835a21aced1429e7f10949cdeb7d9dad7065	9a9ca83848ab3e9953132f12208ff399405be173501ca34c26dd6c49855f67fe	RUTA_LOCAL+SHA256+ACTIVO+TAREA+CONTRATO+REPORTE
LED-T0-a91a96f026a641a2b58a57c3	RUN-377a255de24ca946	377a255de24ca9465f073b024699b680655672bfc37ffd19f3bbb24a76790d62	TOBS-23c2040de6e21fe4adf07d99	TOBS-3bb404ee4faaed20c3041b1f	ACT-c0ae1e003f161f5bde9a3323	OBJ-9c1cb79c72e3063e71633fbc	envipe2017/bd_envipe2017_dbf.zip	86df9910dae338d4c4487e6760e8e3ba1a752c8a8fcda967a8af152ad49d8f74	REUTILIZADA_PRE_T0_CORREGIDO	data/curacion-universo/reportes-inspeccion.tsv#reporte_id=RINS-ef9f80359d64561baf76f09a	202368bff7460823b1843281ed44fd2c6901ab6f1cc98ea36cc348b53c586c90	data/curacion-universo/contratos-inspeccion.jsonl#tarea_observacion_id=TOBS-3bb404ee4faaed20c3041b1f	21f4f381363c8f270b69f087ce3219e56c68b8a10141710f48169cf8c1f19d4c	796db7f8e49f6df191bbf6b90ede94f7fd0aca51d9b2bbf2a013884a5bb8c21e	RUTA_LOCAL+SHA256+ACTIVO+TAREA+CONTRATO+REPORTE
LED-T0-a9c72accd8065a9fcf78e979	RUN-377a255de24ca946	377a255de24ca9465f073b024699b680655672bfc37ffd19f3bbb24a76790d62	TOBS-13b96b3a628844ed20d61071	TOBS-5d29c3f82183abbd5f0852c1	ACT-840b026d992e04e5eeed2cdf	OBJ-dfecd526d96272e206634881	endireh2003/bd_endireh_2003_dta.zip	c6c70f218ccc511ee1c2b70fe6bafd3116f32b037a741a91547cff84fb00611b	REUTILIZADA_PRE_T0_CORREGIDO	data/curacion-universo/reportes-inspeccion.tsv#reporte_id=RINS-a71465ba76934f7ad549e1b2	5ec3deb771cdd03751bdfbec38267f0e2a064a643f56080a8515cb831cbbfe49	data/curacion-universo/contratos-inspeccion.jsonl#tarea_observacion_id=TOBS-5d29c3f82183abbd5f0852c1	ee12221d165cc0539f38e9d3383ee4d53a29198701e588799d0c523cc3afca60	ae1ce7bb0dce5d0d0c52b5fb49ed949f1e08b52b8ff631573df486b63bb13dc4	RUTA_LOCAL+SHA256+ACTIVO+TAREA+CONTRATO+REPORTE
LED-T0-aa460639662ffef272646775	RUN-377a255de24ca946	377a255de24ca9465f073b024699b680655672bfc37ffd19f3bbb24a76790d62	TOBS-4f85681ef45bd849f61c150d	TOBS-fc07790aa640a00ab0e49fc1	ACT-2214d28956c856cabac4bfe2	OBJ-45df3d22183180ef0e60ef96	enut2014_fd.xls	032c504c100241d592af8b3b3cc7e219f8aba9a2c81aabdfe395cc20025b3add	REUTILIZADA_PRE_T0_CORREGIDO	data/curacion-universo/reportes-inspeccion.tsv#reporte_id=RINS-89a9b1a65cd2c6ba2c71c8fb	15b082c1811d84b6db8df21fc92bfc8c1c57c8ad3ae3719eaca3d7f5d1317c37	data/curacion-universo/contratos-inspeccion.jsonl#tarea_observacion_id=TOBS-fc07790aa640a00ab0e49fc1	baf946f9247c7ecacb3db0a678db412cc74408a50a52b6193eab20067860274c	40c3b83920b11d396813400f43cd94c6608b133d9db119ce1cbc1d5cd361c5bf	RUTA_LOCAL+SHA256+ACTIVO+TAREA+CONTRATO+REPORTE
LED-T0-aa6b628393176e60c41c6b40	RUN-377a255de24ca946	377a255de24ca9465f073b024699b680655672bfc37ffd19f3bbb24a76790d62	TOBS-e50f3d7bd5a654e7f390f869	TOBS-e4c23f19c9691796987d2848	ACT-7898730ad97476c173045ccf	OBJ-9dcd8b9c5fa3c10f8f99b8a4	envipe2018/bd_envipe2018_dbf.zip	8f0b102637183047f9123972e369fade1bf056f8f0a19801d36798f290b37cfb	REUTILIZADA_PRE_T0_CORREGIDO	data/curacion-universo/reportes-inspeccion.tsv#reporte_id=RINS-af8c3f93548d96cdccec71f1	3e89576092b83ba19013953548bdfa0f1379828bcc9ca9bf5266943c7681e89e	data/curacion-universo/contratos-inspeccion.jsonl#tarea_observacion_id=TOBS-e4c23f19c9691796987d2848	e086046ae9b5817fa01d738004e3d817f57aca0bff200c798985292b8ceb870b	5ab0af7cb0d260ccae155415ded65c76e08809d742ce4e73ebadf886d84e3b61	RUTA_LOCAL+SHA256+ACTIVO+TAREA+CONTRATO+REPORTE
LED-T0-ab3748ac560e5f05552d2966	RUN-377a255de24ca946	377a255de24ca9465f073b024699b680655672bfc37ffd19f3bbb24a76790d62	TOBS-213573d1caeab37e761f2c03	TOBS-fe3f1448f9c4ade9a5153c7d	ACT-1d2959828a9f41f33f004dab	OBJ-d55b416774d2d337767caf5f	R3.4_Banxico_CoDi_SPEI/banxico_codi_cuentas_validadas_x_mil_hab_trimestral.xlsx	7a8496df90cc9baa28090482836ac1815e0cab530c84047f92ba5de3bf6946b9	REUTILIZADA_PRE_T0_CORREGIDO	data/curacion-universo/reportes-inspeccion.tsv#reporte_id=RINS-083aeef624b0d32245c76f79	3c201b2800df03d6a3b0e4fb9510f5a62d0529b3295beaa55dfdd9a768893f21	data/curacion-universo/contratos-inspeccion.jsonl#tarea_observacion_id=TOBS-fe3f1448f9c4ade9a5153c7d	136e16f6c59a882764527ddf5432bebdab0e5e2b7b6b6a5f5cdfe7b9428a1b0e	7168bd8952540d7c511d662a6596e19caeb3c98b400f5393fca85c2ae4dc96f1	RUTA_LOCAL+SHA256+ACTIVO+TAREA+CONTRATO+REPORTE
LED-T0-ac9a6a38eb59397c54662dcb	RUN-377a255de24ca946	377a255de24ca9465f073b024699b680655672bfc37ffd19f3bbb24a76790d62	TOBS-9af84b6d8b616e90a903bd50	TOBS-f1be509a79205131a9591776	ACT-22ce3f9e02603156c81a5484	OBJ-b1fc5f2d74e9458d8e2642f5	enif_2018_bd_dbf.zip	7addedd5ab0f62ecca59aa3de5e92b622de530cdeae323df41d53902aedb9511	REUTILIZADA_PRE_T0_CORREGIDO	data/curacion-universo/reportes-inspeccion.tsv#reporte_id=RINS-c35037ad2067119818283a5c	b19559d8c3d458ee5bcdd980ee6e359cede265f132c01d05601b30a2c6153d3c	data/curacion-universo/contratos-inspeccion.jsonl#tarea_observacion_id=TOBS-f1be509a79205131a9591776	294ce7e1616d60b204a6d09fb0bb1c37ebff62ee7df70449b9a9c8ecdb06a11e	961e7fda4e6cba5824269403624c7110a355a002f71229cb54fb001fd860c119	RUTA_LOCAL+SHA256+ACTIVO+TAREA+CONTRATO+REPORTE
LED-T0-adcf2614f048832a6759be76	RUN-377a255de24ca946	377a255de24ca9465f073b024699b680655672bfc37ffd19f3bbb24a76790d62	TOBS-4952ed6e0bf0f64f4e29392e	TOBS-a7ef431786af591b76f6062e	ACT-d2e53094a59ce09367aa943a	OBJ-3a63ccb827a1689dd2586e3d	envipe2016/calculo_indicadores_r_envipe2016.pdf	acfc3a09bcb8b014e640b2df2a3114b82c3447a8c380a7a86ed65760cd1a4940	REUTILIZADA_PRE_T0_CORREGIDO	data/curacion-universo/reportes-inspeccion.tsv#reporte_id=RINS-4abd478d44ea1fd5e76c4108	5415c40403e4a33b57a79381b35ba72b810bf4eb2c892d970b9293570c764e0d	data/curacion-universo/contratos-inspeccion.jsonl#tarea_observacion_id=TOBS-a7ef431786af591b76f6062e	f0b0d290d4e764f340bdd785b8279f7e7ad2e06589fc9a4e5eb897c33a1e9b92	90263e1cb01e94a609e73fb10394866da86219eeba141fdd5a4a01e5652d6121	RUTA_LOCAL+SHA256+ACTIVO+TAREA+CONTRATO+REPORTE
LED-T0-ae3f961f68c0710e3c9a4f36	RUN-377a255de24ca946	377a255de24ca9465f073b024699b680655672bfc37ffd19f3bbb24a76790d62	TOBS-29f36cda70af7da7c00219fb	TOBS-79cc19bae5f3e6a63ea4e542	ACT-1e6d2370546b07bdc213d6e8	OBJ-54f6ad8ffdc7a3303fd46766	conjunto_de_datos_enoe_2026_1t_csv.zip	429c288af46e408de743e5dfb92750f668df7e42789be5824f7cdf1c5ff56580	REUTILIZADA_PRE_T0_CORREGIDO	data/curacion-universo/reportes-inspeccion.tsv#reporte_id=RINS-86072770b3453c4aaa2c7055	c9cebca8b793c7e60a663948485365d7743f294b6e6af79192c40036c5494050	data/curacion-universo/contratos-inspeccion.jsonl#tarea_observacion_id=TOBS-79cc19bae5f3e6a63ea4e542	eaa9cc4b6d69baf8cd270c04b572d3640c1fc42413829c51c58cb2efab6d0f94	5f4fc0275ba82bcc7d87db15c1b09e2c2c2c8681c8a461c61c05e8e92d64096c	RUTA_LOCAL+SHA256+ACTIVO+TAREA+CONTRATO+REPORTE
LED-T0-af7c863effff82d4367d0362	RUN-89f4c3a49c00c0e1	89f4c3a49c00c0e1ba1f07013e0af10bbc3289fdddc48dde816c37d3da1a742b	TOBS-f34de6a9b0313916e3d04b26	TOBS-f34de6a9b0313916e3d04b26	ACT-01efb039dc7cff78079bbfba	OBJ-7ebea1d10dd6f24279d676ed	engasto2013/gasto_mujeres_dta.zip	86202b12ec0211ac13de4f7f04623b422670835b00fe5e3dc1cad0aaa165f06b	INSPECCIONADA_POR_PRIMERA_VEZ_EN_CORRECCION	data/curacion-universo/reportes-inspeccion.tsv#reporte_id=RINS-58540541d789a9a8e8aae58f	4488548ee001284aa050f0ffd699557bb23c830461c817ac8142b6f2a7d060b4	data/curacion-universo/contratos-inspeccion.jsonl#tarea_observacion_id=TOBS-f34de6a9b0313916e3d04b26	323aa214b7157e57cef692db41f7792e03d054febc1b09f2f5ecd8017ba658e3	568bde2ddc4ab8b6ce233fd63db8fee4ef37de1294c42c7d2ff3691de76a6ea7	RUTA_LOCAL+SHA256+ACTIVO+TAREA+CONTRATO+REPORTE
LED-T0-aff671a6bbc12886081a16e1	RUN-377a255de24ca946	377a255de24ca9465f073b024699b680655672bfc37ffd19f3bbb24a76790d62	TOBS-b1d79b68a0d813cf12a3f6ad	TOBS-d2f45541b77b84a4e6b1d94b	ACT-3a3122be55b2a31d05e57d20	OBJ-527f4e61f41225299e6e3dee	latinobarometro2024_bd_stata.zip	469a94c55395b36c4d1f013851a7e79d0619620640a64653eca79afce21f5e97	REUTILIZADA_PRE_T0_CORREGIDO	data/curacion-universo/reportes-inspeccion.tsv#reporte_id=RINS-02653116f49e689d245bf739	a9b51f31535064ed5db372fefaa33e0c5a26ea87dc555e0c1725f8906d7efaf7	data/curacion-universo/contratos-inspeccion.jsonl#tarea_observacion_id=TOBS-d2f45541b77b84a4e6b1d94b	766c64e1fb041a912d1f34d56111d4380d29991761f09080feab34dfb2689fd7	ae76d709cf850018e130a627ea8ad27b11edd4b14cc5b00ef18f256096ab7baf	RUTA_LOCAL+SHA256+ACTIVO+TAREA+CONTRATO+REPORTE
LED-T0-b01ea8527201870b84dd38cf	RUN-377a255de24ca946	377a255de24ca9465f073b024699b680655672bfc37ffd19f3bbb24a76790d62	TOBS-12b4ccec946a4c1e23d29018	TOBS-73ea847376112f9c99e10f53	ACT-b85a90a674a5e1f2c8c52111	OBJ-494cc892dd9d69021ac83cb8	ennvih/ehh02w_all.zip	bbe8006844f715c19b724ebb74f1408c4cfa07e2efdfe7d6748b5182ef214587	REUTILIZADA_PRE_T0_CORREGIDO	data/curacion-universo/reportes-inspeccion.tsv#reporte_id=RINS-ea9f15467f1303dc295664d9	8a215ff4cb3839e14d74dc03180a57af92c14e100fe6ab30e578292aea40dde1	data/curacion-universo/contratos-inspeccion.jsonl#tarea_observacion_id=TOBS-73ea847376112f9c99e10f53	ebe6a578c8314821024438894f48ea2c7c4bebca2c70bb313d42b9a51b0b8bca	105727bcdc97de98f4cdb76088c7bdb3b205d9b1d53deca97163cf07fdf477fd	RUTA_LOCAL+SHA256+ACTIVO+TAREA+CONTRATO+REPORTE
LED-T0-b125ea56a60f2bb709c10fe8	RUN-377a255de24ca946	377a255de24ca9465f073b024699b680655672bfc37ffd19f3bbb24a76790d62	TOBS-d04225fe7209d4ad8573e62d	TOBS-953f0b160fd603eac6738547	ACT-0e68e1c3a88fe2ee42dbef2e	OBJ-98adbc3212c7b6a129bf87a1	mociba2023/mociba2023_bd_dbf.zip	9e65b84d7a33f0b2c6095bba7a6deaa1e8936549884b9caa7592f5ce39d17616	REUTILIZADA_PRE_T0_CORREGIDO	data/curacion-universo/reportes-inspeccion.tsv#reporte_id=RINS-4a5390eca2d2504b9fd9fcb7	122083f00b5f4cf250ba4b8cc1cc01c04d09abc4f4174514bd36de120c5c3454	data/curacion-universo/contratos-inspeccion.jsonl#tarea_observacion_id=TOBS-953f0b160fd603eac6738547	84118ce20c1ba8527c5ad436ec755dbe8dc8097a999bc68348cee616a09b37a3	67a53dd4c75056a2c257d454c6a873d1ba32c90bdbe40131af7c8478bc23206e	RUTA_LOCAL+SHA256+ACTIVO+TAREA+CONTRATO+REPORTE
LED-T0-b1d010380f1f6b4f2a705f6c	RUN-377a255de24ca946	377a255de24ca9465f073b024699b680655672bfc37ffd19f3bbb24a76790d62	TOBS-b37ec6d86942c51891da472b	TOBS-66ef116b30f1a7b795ba30f3	ACT-09f51a1905af55c9ef3b1fc9	OBJ-b68cb5661a80f289c1681417	latinobarometro2024_fichas_tecnicas.pdf	e5dc667acbb2ba3d8518462ba669bcfaa66e01d6acc13e46239c5af7d20bfbca	REUTILIZADA_PRE_T0_CORREGIDO	data/curacion-universo/reportes-inspeccion.tsv#reporte_id=RINS-9523347633917e83313acace	4145c08dd41fa71cbb72ea8a93ff0a33054032e19aa7954c3a2bb10b47116963	data/curacion-universo/contratos-inspeccion.jsonl#tarea_observacion_id=TOBS-66ef116b30f1a7b795ba30f3	bc057b6537dcd70aed18baf81b0a9a1e57e22f8061c0b870bb877bc81bc027f0	88e85fe9d83ef2c91cde974f1bb866226fe050068c00e18a3476730c491c1d51	RUTA_LOCAL+SHA256+ACTIVO+TAREA+CONTRATO+REPORTE
LED-T0-b2ec5dfee3b785c043f12333	RUN-377a255de24ca946	377a255de24ca9465f073b024699b680655672bfc37ffd19f3bbb24a76790d62	TOBS-31ab0f937af3ac5e018fdd09	TOBS-96ec570e7854b295b162ce83	ACT-413bf3f98f8ff9225e7f5a13	OBJ-89ed65e917e8cc94e3a37b07	enasem2021/enasem_2021_bd_csv.zip	68b8f7ecbd55c2e857cb7449a3ead2b6edc2c87398d45667296d84b7c76db730	REUTILIZADA_PRE_T0_CORREGIDO	data/curacion-universo/reportes-inspeccion.tsv#reporte_id=RINS-540bbcbc4addf1e0a4655765	6b0f9abbad1d1f14d1eecbc1eabf2575d6152a004c86edf94b3e07675004b985	data/curacion-universo/contratos-inspeccion.jsonl#tarea_observacion_id=TOBS-96ec570e7854b295b162ce83	6bf2b39cd0bdc95adfa5a363ebbe6441bc12959041b16ed29c87018dc0ce6230	2b691b5e7a11d25428a5fd04a12f2523f93bcd49246ca18903e6775a06dc327f	RUTA_LOCAL+SHA256+ACTIVO+TAREA+CONTRATO+REPORTE
LED-T0-b38b0b8906097f7e537192fa	RUN-377a255de24ca946	377a255de24ca9465f073b024699b680655672bfc37ffd19f3bbb24a76790d62	TOBS-2ff250fa727dda28e50b2b06	TOBS-5e1f5c93599a5c5c137d4852	ACT-62eaa96a712c73fc692f9368	OBJ-58ceca46042985803d6ebe02	envipe2023/bd_envipe_2023_RData.zip	ec54a7763706d447840cae2bcf4487964640aefd1e0bcd69db4adca78f1988a7	REUTILIZADA_PRE_T0_CORREGIDO	data/curacion-universo/reportes-inspeccion.tsv#reporte_id=RINS-a9d32d957a1c06c510b03960	846917b73640593aad4441aee276533e9c475b334aa55b09b5689b73d12d0790	data/curacion-universo/contratos-inspeccion.jsonl#tarea_observacion_id=TOBS-5e1f5c93599a5c5c137d4852	91136fd05c53518bbbf94d065da5ce64923bb6d5bb61e7e6ce019353e58acd37	a6780eb8b2c52883bf1cfcb00faef16088bd1d5735d3e581f295350785092e48	RUTA_LOCAL+SHA256+ACTIVO+TAREA+CONTRATO+REPORTE
LED-T0-b39237b604795ee2ffa3239f	RUN-377a255de24ca946	377a255de24ca9465f073b024699b680655672bfc37ffd19f3bbb24a76790d62	TOBS-6623426f2e465b9eda5d594d	TOBS-f8ff70d732c96d5f7cfde5d0	ACT-d4aa004a223ba5ddac154947	OBJ-62f7d55ee0b2c00650529fd3	endireh2016/bd_sd_endireh2016_sitioinegi_stata.zip	aff33a1b4a460b7f13b70540eeda1f7f165e3e5889d53e59b7816a0c12e7dd65	REUTILIZADA_PRE_T0_CORREGIDO	data/curacion-universo/reportes-inspeccion.tsv#reporte_id=RINS-a897b8ba6b9744745e85a5cf	1e6f03afbbc966dc73b3570f433da653a9909c1a5e490e99b507147ff0ccf9f5	data/curacion-universo/contratos-inspeccion.jsonl#tarea_observacion_id=TOBS-f8ff70d732c96d5f7cfde5d0	54ec07ac2050c80990c336dbb11eff91d0c06225565b3ab6de71995038189261	7a4249f1596ba5723b4b3be55227837224342d7570b70c322938d4541e9f81da	RUTA_LOCAL+SHA256+ACTIVO+TAREA+CONTRATO+REPORTE
LED-T0-b3ce9188af1a68388755eaba	RUN-377a255de24ca946	377a255de24ca9465f073b024699b680655672bfc37ffd19f3bbb24a76790d62	TOBS-720a9eb02102a8ce3cbee992	TOBS-b5c44e2f2ccd703c138bd87e	ACT-c52dc78f12703a6e35ae7431	OBJ-5dfed877e97846b4d5125cf6	R3.4_Banxico_CoDi_SPEI/banxico_informe_anual_IdMF_listado_ediciones.html	ba11757f129f714c0ab1c65b0c1ee20681a8991935ba4933feaf954655639bff	REUTILIZADA_PRE_T0_CORREGIDO	data/curacion-universo/reportes-inspeccion.tsv#reporte_id=RINS-cec8a8c88424902f1aa2435c	d3bcd2dd182ddc74b8e359be49ad75d35f7de0302dd30c06fc61453bb3a7bed0	data/curacion-universo/contratos-inspeccion.jsonl#tarea_observacion_id=TOBS-b5c44e2f2ccd703c138bd87e	dd76fa4d011d97a70c7fc88204578df248c83b5a3029eef93775b8d42b9e32b4	7d6cbc1846ab761bea3874635725d5dbea1999fe04469df7050501af7cb1476f	RUTA_LOCAL+SHA256+ACTIVO+TAREA+CONTRATO+REPORTE
LED-T0-b3d73010560979a030a8a151	RUN-377a255de24ca946	377a255de24ca9465f073b024699b680655672bfc37ffd19f3bbb24a76790d62	TOBS-ae4136ef4be8642a03f2cb9c	TOBS-04f20d6096a23e91595f0205	ACT-7b4e9e713e32248a21ef0e23	OBJ-ea6fd0407bf10b6ff0f4b405	mociba2024/mociba2024_bd_dbf.zip	023a0e1ac28266cc896266e868c78e770c14ff4fc7cf5af2ed57705ea8ccebb6	REUTILIZADA_PRE_T0_CORREGIDO	data/curacion-universo/reportes-inspeccion.tsv#reporte_id=RINS-cc85f497a41d441dd8757a9b	619eaedfd6ead6bf11f67211f4e59be5a287b1a6612589016b3943815972ea94	data/curacion-universo/contratos-inspeccion.jsonl#tarea_observacion_id=TOBS-04f20d6096a23e91595f0205	a05a8a8d4d9a842198bbe3300ca2bb06a31d6c2280a270183775f92adb7aa3ea	df8e54f4e4530d353ca17be2eaa1a2360cb0d2ad0b4d8e7c12154522a023e520	RUTA_LOCAL+SHA256+ACTIVO+TAREA+CONTRATO+REPORTE
LED-T0-b40486e430750c488f8ca47a	RUN-377a255de24ca946	377a255de24ca9465f073b024699b680655672bfc37ffd19f3bbb24a76790d62	TOBS-76de6b14daedf546cd6cbb8d	TOBS-d88917c297bdb07be06b7e9e	ACT-ff6138382b61e791835951b6	OBJ-601fcf6f347bd658364148e2	conjunto_de_datos_enoe_2024_2t_csv.zip	19a0a9f0e30bd699c2b538f1af52654c0aef09b640e0e3b1081a9369ad363647	REUTILIZADA_PRE_T0_CORREGIDO	data/curacion-universo/reportes-inspeccion.tsv#reporte_id=RINS-2ea565d9c74e6572e2c45dce	9163fb45bd7aa14a72ef44f008798c4a60e3698ec6504c012e92e69bd309307e	data/curacion-universo/contratos-inspeccion.jsonl#tarea_observacion_id=TOBS-d88917c297bdb07be06b7e9e	2f8e5dba744a5888f8038fd0414b706d53b28b3bac06b0af2e78d3c6b0e27b7d	331eedd82ffb2330ed747a22bf1dca0a31091db8c34e4a263aa399649da340d1	RUTA_LOCAL+SHA256+ACTIVO+TAREA+CONTRATO+REPORTE
LED-T0-b57b4e52fdf99d717e44aa73	RUN-377a255de24ca946	377a255de24ca9465f073b024699b680655672bfc37ffd19f3bbb24a76790d62	TOBS-bde03b03ced03a07de804f8b	TOBS-98cb255a4dba32bedc9ce42c	ACT-ad65b51ee286212ab5ecd256	OBJ-728918a3e5e513c01e8d067e	engasto2012/gasto_mujeres_sav.zip	a67e8254e64b7e0f6f3647e4fd634c8ab29a423ae3c2e991f2749b8b77a84500	REUTILIZADA_PRE_T0_CORREGIDO	data/curacion-universo/reportes-inspeccion.tsv#reporte_id=RINS-2bd9ee3566547aa66d5f0911	741bb82f3eb431c647733c2ce2a63ff6b89e2f353cc909d1ad27e37fb4e52e3a	data/curacion-universo/contratos-inspeccion.jsonl#tarea_observacion_id=TOBS-98cb255a4dba32bedc9ce42c	e213a405e93886ea7c3a69efcdcf899cefa19bf070f20eac1c682b85765807b6	69035c4571b3aaeea1561189a30d488cc44bed9d1ad89bbb52d02f595b59f8b4	RUTA_LOCAL+SHA256+ACTIVO+TAREA+CONTRATO+REPORTE
LED-T0-b6398f065f839bba630938bd	RUN-377a255de24ca946	377a255de24ca9465f073b024699b680655672bfc37ffd19f3bbb24a76790d62	TOBS-9fa1a36992ad6399b0f17596	TOBS-f1642faf4be9e96479b7a0eb	ACT-28882d679b5e97702825b849	OBJ-9eb9ceaac1adb69b9e3b2f2a	enigh2018_nc_csv.zip	5026cd951c109ac01c466aa22066beb7c6cbdcf7ecfc213967bd961d1243d636	REUTILIZADA_PRE_T0_CORREGIDO	data/curacion-universo/reportes-inspeccion.tsv#reporte_id=RINS-a52e7b2c20ea8afe6bf0970f	dcaebe7d9a233bdd21a175e53b5586ae4d6314934451d54f910cc29fa459a23e	data/curacion-universo/contratos-inspeccion.jsonl#tarea_observacion_id=TOBS-f1642faf4be9e96479b7a0eb	1172f5e8422ff3c0f76104f33136373959b2c93608948ea8a9955ba975faeeb4	6ca144d966bd37f2104784679ea5a0bf613d32313b3da68de0bcc8450c54c72d	RUTA_LOCAL+SHA256+ACTIVO+TAREA+CONTRATO+REPORTE
LED-T0-b6d6303a929c533299a89dc2	RUN-377a255de24ca946	377a255de24ca9465f073b024699b680655672bfc37ffd19f3bbb24a76790d62	TOBS-f7275b821d50d67063272889	TOBS-948919f179ae271dd56082d7	ACT-e910f8b5cac31fc5bf00e2f9	OBJ-56c6d24c942c19faf7382693	endireh2006/bd_endireh_2006_dta.zip	8e893e58e933a6c6be0418d49810e71c47e3c67aae8b7447f2508796464883bc	REUTILIZADA_PRE_T0_CORREGIDO	data/curacion-universo/reportes-inspeccion.tsv#reporte_id=RINS-57309a5aa138d1b4b1ea9b03	c3f7566af8eafc44fde4423232e7be7e8aa978a62d59d3ecd8a3c90639e90878	data/curacion-universo/contratos-inspeccion.jsonl#tarea_observacion_id=TOBS-948919f179ae271dd56082d7	6d03a410475517cf826fb6135d03a2951d53c6be7c03529049a3b1b052f4c4d2	436c935fc62db7443785507921db9fce8705bfb46e61ce50ddf92fe5393f6f34	RUTA_LOCAL+SHA256+ACTIVO+TAREA+CONTRATO+REPORTE
LED-T0-b70846c9d7f2ef70fd91f391	RUN-377a255de24ca946	377a255de24ca9465f073b024699b680655672bfc37ffd19f3bbb24a76790d62	TOBS-76ce7407702b9aa9833e39a2	TOBS-c802a7cf098823ebdade5cca	ACT-4fe486f0785d9b7b8aa427bf	OBJ-6125d0ee2010ba1e44da79b3	fd_envipe2021.pdf	d85775241d6f427d6dd6643bce973ed0bdbfca4e0b0d6a9b02265e8327179945	REUTILIZADA_PRE_T0_CORREGIDO	data/curacion-universo/reportes-inspeccion.tsv#reporte_id=RINS-c32fd5987ce766022a767f48	28d1755c55927a26c60c23a4de9dafaaeb54827baabbb8c6a4e20af4aba89bba	data/curacion-universo/contratos-inspeccion.jsonl#tarea_observacion_id=TOBS-c802a7cf098823ebdade5cca	2a7aafd2bb40397c0bf00668c10222214530837ddf5d6c1b57358d22fbcffc65	419caa53309d0dbe0f5bf3011ca77f7b664d9319ce54be68e7f32f2763a65471	RUTA_LOCAL+SHA256+ACTIVO+TAREA+CONTRATO+REPORTE
LED-T0-b7b846fd26f00c026f7aa5a2	RUN-377a255de24ca946	377a255de24ca9465f073b024699b680655672bfc37ffd19f3bbb24a76790d62	TOBS-adf594c22811cb406c901707	TOBS-99661e89e2844534e2396589	ACT-3ef86c3c1da311122aa37a44	OBJ-5510c8a2e9d684dedf4f4837	enaproce2018/ejem_base_micro_ciega_dta.zip	721cfd82ec8c62b2ba24390eee0534950305a94eca6042968499ce33b33fc28d	REUTILIZADA_PRE_T0_CORREGIDO	data/curacion-universo/reportes-inspeccion.tsv#reporte_id=RINS-fd4559d5e765165fb7a71a1d	c43e958e40ffd4099a7e06e774080250f43d34dc3c955a4f760412364bea728f	data/curacion-universo/contratos-inspeccion.jsonl#tarea_observacion_id=TOBS-99661e89e2844534e2396589	254b5154d529263f49314f10003defaddb3d39dc20395535a2004b803567b5f2	afc76d58d5faafe69ba07130a42cbc401387fe6627c03086ec5e9d438bbabc18	RUTA_LOCAL+SHA256+ACTIVO+TAREA+CONTRATO+REPORTE
LED-T0-b7e413b21e13c2040c8ee2cd	RUN-377a255de24ca946	377a255de24ca9465f073b024699b680655672bfc37ffd19f3bbb24a76790d62	TOBS-aa67fd022fe3dab5cf97419a	TOBS-f36318960320034201476464	ACT-0a9ce19a1262b5deb96ad254	OBJ-a7899139232a84ab64bbebab	cuest_principal_envipe2020.pdf	f91885ce93df070f928f40c06b8d6a5580c82eec05b026688c6d4e5548969d1b	REUTILIZADA_PRE_T0_CORREGIDO	data/curacion-universo/reportes-inspeccion.tsv#reporte_id=RINS-a243b7aae5c4c519fd94ea03	4cf115368265cc2640cfbcb2b299e662fa9d6c0dc540a66680588906e39d0762	data/curacion-universo/contratos-inspeccion.jsonl#tarea_observacion_id=TOBS-f36318960320034201476464	bf78d49a64ee26d004fa12f59ca2e46e99a4502e24b6a25208bf97257719fcd9	1efd2edbd7dc470e3a07b112a80d00d6d92dafbf324488c960a28411ab7371c7	RUTA_LOCAL+SHA256+ACTIVO+TAREA+CONTRATO+REPORTE
LED-T0-b84ead05b8db4247a5526c0f	RUN-377a255de24ca946	377a255de24ca9465f073b024699b680655672bfc37ffd19f3bbb24a76790d62	TOBS-9c9ef6054d7fbdb745a651dd	TOBS-03dd57bd06697b09702640be	ACT-e76f53c6f25c435ae5287cf1	OBJ-ede36ec323aa56c6f09c5441	enif_2015_bd_dbf.zip	284e8a0c57f92256efc9743785c756986fb118fff424061bdb991f28779ce5fd	REUTILIZADA_PRE_T0_CORREGIDO	data/curacion-universo/reportes-inspeccion.tsv#reporte_id=RINS-ca933f6e9b3f2501b9e56e53	8fd8135bac8410c12992f0ee6a655ca6db64a6557c5cc37c0c345c361728f2ca	data/curacion-universo/contratos-inspeccion.jsonl#tarea_observacion_id=TOBS-03dd57bd06697b09702640be	407f0a9176c5d08ee3d24526050e27a87ded2702accff81145d41f0bed1167b4	a124e2347b7ca912ac2adb85fca0c483637cbd0e9c4d8e2b88288507353abb07	RUTA_LOCAL+SHA256+ACTIVO+TAREA+CONTRATO+REPORTE
LED-T0-b9f55e8ed7f2a69ceb505613	RUN-377a255de24ca946	377a255de24ca9465f073b024699b680655672bfc37ffd19f3bbb24a76790d62	TOBS-f4e666775d49d00640933cb7	TOBS-bfaca7eaa922db4d88bd03c7	ACT-204f10324bf69ebc937b89b0	OBJ-173414b8c8f1c3d282821ba0	envipe2021/bd_envipe_2021_sav.zip	967203123bf946904ccc42408460ae180ddd3198c70a58de5639f878f738c963	REUTILIZADA_PRE_T0_CORREGIDO	data/curacion-universo/reportes-inspeccion.tsv#reporte_id=RINS-7f5a1a5866f79ff88a6eed91	208ca47a610f030f83cbfeae40155d822d321abe259f5afb6ef89cd500083f68	data/curacion-universo/contratos-inspeccion.jsonl#tarea_observacion_id=TOBS-bfaca7eaa922db4d88bd03c7	d7897260dd5e5ff64084f7af0a713bac4cdb93c82c8e990474fd52e23a7a3617	d465e2df92e1f0b714c13cffa3fff465ccbc8c0f1145ec163f1af43881217ae6	RUTA_LOCAL+SHA256+ACTIVO+TAREA+CONTRATO+REPORTE
LED-T0-baa4c8267f94d76f4ddc5df3	RUN-377a255de24ca946	377a255de24ca9465f073b024699b680655672bfc37ffd19f3bbb24a76790d62	TOBS-e37e08f0d844dbf499ff281e	TOBS-562d5154ef9d87d8fe5d8df0	ACT-cba878ae46480faa6acae4f7	OBJ-db347aad1aed78f33e013627	conjunto_de_datos_enoen_2022_4t_csv.zip	e0d897b28539b79c00e2a9e32df5d7045cf5dcbeda08afde2fbae5b0c819a937	REUTILIZADA_PRE_T0_CORREGIDO	data/curacion-universo/reportes-inspeccion.tsv#reporte_id=RINS-130eb981265ea9e2bdb4bd36	a4f0ecdd9f95339232f9f1b4fa5e951543f0d6b1a44cb66aaf4c7dff9b9c1296	data/curacion-universo/contratos-inspeccion.jsonl#tarea_observacion_id=TOBS-562d5154ef9d87d8fe5d8df0	4d210a6061868bdd628283f5296d969e105036f254fb6e04fc106056156bd3e2	34f7f99dd36d7cb501572ad70f91fa96b719facc1addc1dd9a8507bef225aa42	RUTA_LOCAL+SHA256+ACTIVO+TAREA+CONTRATO+REPORTE
LED-T0-bad721d9a13b39885f546b43	RUN-377a255de24ca946	377a255de24ca9465f073b024699b680655672bfc37ffd19f3bbb24a76790d62	TOBS-1e368622c16c5285465c5202	TOBS-eb0f720c3cdd683ad2450d72	ACT-10c3180fb9547c7a66a5013e	OBJ-f27191e5f640e6d9bb370f0b	eder2025/889463930242.pdf	9737a557c3f23340a4d21c43b213918a7961d102537d29c0139bd8ba9e8b69e6	REUTILIZADA_PRE_T0_CORREGIDO	data/curacion-universo/reportes-inspeccion.tsv#reporte_id=RINS-9e524411d02160ce664c9c94	f2490ec102cfc606fb404356c4b91578acdac55a84051b4348330560f4875303	data/curacion-universo/contratos-inspeccion.jsonl#tarea_observacion_id=TOBS-eb0f720c3cdd683ad2450d72	ff66f5d9e859ac2e7b4f321ef24492c0b7d48891268d8ed25789571c1e096c65	11e2b48f4d1bee7b7b1058000c4ac612ac3ed754af75e2ea0c9a8a78e9d5eddd	RUTA_LOCAL+SHA256+ACTIVO+TAREA+CONTRATO+REPORTE
LED-T0-bae7ce3c3700f4298ac2b1f8	RUN-377a255de24ca946	377a255de24ca9465f073b024699b680655672bfc37ffd19f3bbb24a76790d62	TOBS-e883d31bc9f9dd223783f54c	TOBS-4ef1793f19ee07bfda305c63	ACT-78eaa36f9ec6775310335ff4	OBJ-e35d806cb65f1868762db197	enut2019_der.zip	4cf74d141629ac78f2023f49cbcd6bff5fc5c8d778a1c4a346ba2cf7f0a5674d	REUTILIZADA_PRE_T0_CORREGIDO	data/curacion-universo/reportes-inspeccion.tsv#reporte_id=RINS-c3f06b7181c9b982cf21b81c	f4bf7c0549e72a683e2c4cb5b90b3e5a4b424a7cc7507d990cfb19327c304265	data/curacion-universo/contratos-inspeccion.jsonl#tarea_observacion_id=TOBS-4ef1793f19ee07bfda305c63	b3c8ba8138d81fffb99d393bb5254d784e8d79c8ed7e0314d0162f342a2f7b4a	c5e0cbdaf71fb8031d6a1fbd729605d6bae0963c962252c0d7ef72d9d9460795	RUTA_LOCAL+SHA256+ACTIVO+TAREA+CONTRATO+REPORTE
LED-T0-bba627fcff24e6a863d911da	RUN-377a255de24ca946	377a255de24ca9465f073b024699b680655672bfc37ffd19f3bbb24a76790d62	TOBS-33b9237d79b509ae8f53a71d	TOBS-467b2d23ec9834757318d589	ACT-b4f6be8080492e77babb2f10	OBJ-749dcb52b6360ad1e4fcd9ff	elcos2012/elcos_fd.xls	5d93835e086b7d03863b80d394e0a6a006bfac27a8ee3cf8a6db1fe0140ec9c9	REUTILIZADA_PRE_T0_CORREGIDO	data/curacion-universo/reportes-inspeccion.tsv#reporte_id=RINS-4eea5a5dbc914c85b708c28b	4e17d0f7793ff901773a70922143356b9daae57be246dd206e58aa35d4d176a0	data/curacion-universo/contratos-inspeccion.jsonl#tarea_observacion_id=TOBS-467b2d23ec9834757318d589	a3ad6811a3291050e3710693bf6f1647c6c8b60e5fa9546422402b1102d34137	342be6d3589fc5fe910cf36908aca4922f0e9070f675d9d1e43a73fa097cc0a3	RUTA_LOCAL+SHA256+ACTIVO+TAREA+CONTRATO+REPORTE
LED-T0-bc2aa27443396af82e87fddf	RUN-377a255de24ca946	377a255de24ca9465f073b024699b680655672bfc37ffd19f3bbb24a76790d62	TOBS-f27f43eaedc77f9c97c76eb7	TOBS-dcad311272b34eb177cc2d35	ACT-8e68fddf6c75eb8dcb3dcf1a	OBJ-d9a2b91b6378eca0a732f88b	engasto2012/gasto_mujeres_dta.zip	bbbaaf97cdf2a4c6a7495124b49644ee63be9663a0fe38c6d397b35eca5b62ef	REUTILIZADA_PRE_T0_CORREGIDO	data/curacion-universo/reportes-inspeccion.tsv#reporte_id=RINS-9f59e9b99b3793312e4d52be	26902a4ec4d8dcd3247c1a0830997cf7ba7b78ebb7466ae46d81ba1d1b1a104b	data/curacion-universo/contratos-inspeccion.jsonl#tarea_observacion_id=TOBS-dcad311272b34eb177cc2d35	204ea18ede5401ca582c7418862dcf4487af6d44768d2e7e75b7541d609ddd22	629eb9b0fd5af49b2c0bf053d515323c3e744d8eec89abb6520628c3fb3af8d7	RUTA_LOCAL+SHA256+ACTIVO+TAREA+CONTRATO+REPORTE
LED-T0-bccc55f333324aeec316b80b	RUN-377a255de24ca946	377a255de24ca9465f073b024699b680655672bfc37ffd19f3bbb24a76790d62	TOBS-9dab8f720dc12567bd7948f1	TOBS-6d10a6a35323651b0e6db71f	ACT-dbad5fa600d36b3dda169d78	OBJ-f11f0b83bfd251eda4d4672f	enut2024_der.zip	b91284dc32246423603a688ab8015a5d5336220d3fb0b26fa8e56a43fbeff247	REUTILIZADA_PRE_T0_CORREGIDO	data/curacion-universo/reportes-inspeccion.tsv#reporte_id=RINS-9abe836421f486eb65e68d97	22ef5959a4a266e147f9a3377e3db31838cedcd211ca0f44189c8e2f4e8a2aa2	data/curacion-universo/contratos-inspeccion.jsonl#tarea_observacion_id=TOBS-6d10a6a35323651b0e6db71f	3c7c42e01e141cb5e86ab4972c180d782676ac4e1bd262cdb2934416ef8b4dd4	513fdd5f75d93f392e65584b1a127c9ad4336268d6968d81e58c8cedeb837fb0	RUTA_LOCAL+SHA256+ACTIVO+TAREA+CONTRATO+REPORTE
LED-T0-bce7f3272968953bcbe687c9	RUN-377a255de24ca946	377a255de24ca9465f073b024699b680655672bfc37ffd19f3bbb24a76790d62	TOBS-1bc0af73bbf529aedb8eb10f	TOBS-0644ed68141ca0b09e6c204f	ACT-af43305cca368cb1490135b9	OBJ-380dd97ebc17f92ac895fc15	mociba2019/mociba2019_fd.xlsx	ca5e5ff0272f1ce4d7545fda9ee3ac24843aba617582fa31dfe5788ac9091d27	REUTILIZADA_PRE_T0_CORREGIDO	data/curacion-universo/reportes-inspeccion.tsv#reporte_id=RINS-683d1de060baf5f281f0cff7	776a10ef8821d73343efbfe89947f59dd03a73bb66a6e3317814df87c127b2fc	data/curacion-universo/contratos-inspeccion.jsonl#tarea_observacion_id=TOBS-0644ed68141ca0b09e6c204f	9979ba6236631e4ab17f06279208dd53b73c3e1270afa8de6423172774d4c8bc	4fc097cd58163f5951a6b02d3b13675eaf64427e72cfded62e22813016d609ca	RUTA_LOCAL+SHA256+ACTIVO+TAREA+CONTRATO+REPORTE
LED-T0-bd5b12a4354305a895882a4d	RUN-377a255de24ca946	377a255de24ca9465f073b024699b680655672bfc37ffd19f3bbb24a76790d62	TOBS-f28c16bc6c415b3e704a5433	TOBS-a8298baa966a74ca96735eb0	ACT-b626d3143ebf75b90a34de2e	OBJ-3f142de2499ad9dc145bbc4f	enaproce2015/ejem_base_pyme_ciega_dbf.zip	18944c01c9ecf4228e1f5bda02791483cd1a7b35a7ee61e48a88778cd3630cec	REUTILIZADA_PRE_T0_CORREGIDO	data/curacion-universo/reportes-inspeccion.tsv#reporte_id=RINS-d334d6c54eff668071474b9b	f163b5287e72983a3cf70b31a06647aeb0a299de23154fd4c9bc4a10c68b0db2	data/curacion-universo/contratos-inspeccion.jsonl#tarea_observacion_id=TOBS-a8298baa966a74ca96735eb0	bb39bdbb0fe189595676e360589ba1c4d94e9baeca6f4b7e3cb22747a43dbd7a	087b0936b8366d58c44014a302e1ba32385134613f6e9ed45434e8e269e52c1a	RUTA_LOCAL+SHA256+ACTIVO+TAREA+CONTRATO+REPORTE
LED-T0-bdf085fd27d058850bccc7d7	RUN-377a255de24ca946	377a255de24ca9465f073b024699b680655672bfc37ffd19f3bbb24a76790d62	TOBS-e890ec00cb465ccff50057f6	TOBS-0ec06d919ea802ec094bc42c	ACT-d36c23d77e14287c59f70067	OBJ-8317317aa59ca7effed664e6	con_basedatos_proy2010.pdf	6e70a3a910d3c6b2885ef4c72a9dbab0a50b974d403f10ef34eac437372877f5	REUTILIZADA_PRE_T0_CORREGIDO	data/curacion-universo/reportes-inspeccion.tsv#reporte_id=RINS-fde2d755f004810328478500	1c7ee21cced9771564aa816c120795732889cc20556b38ec5df2683977a77970	data/curacion-universo/contratos-inspeccion.jsonl#tarea_observacion_id=TOBS-0ec06d919ea802ec094bc42c	dd19ac7d1f3952ae1b79deffbb082b2fb7be1deefa33695d568aa3ca8e375ccc	9f31110604a1f98ae9beb2ba47f47ef4d0999883d49e5caba7d13bb0cc51d838	RUTA_LOCAL+SHA256+ACTIVO+TAREA+CONTRATO+REPORTE
LED-T0-be1b8b31ef3b67be3d5fe867	RUN-377a255de24ca946	377a255de24ca9465f073b024699b680655672bfc37ffd19f3bbb24a76790d62	TOBS-cdb5498e8cde64460de7d2f4	TOBS-63e244f880008bb33a282af6	ACT-39161959ce4aeb962f5ca7fc	OBJ-60ca671ce298d14a46a50b48	encig2023/encig23_base_datos_RData.zip	6b16471bc765ac92e1903db3b1bcd5ca0247b59d007b151bd8762488171c09ef	REUTILIZADA_PRE_T0_CORREGIDO	data/curacion-universo/reportes-inspeccion.tsv#reporte_id=RINS-9149c8e4042491ee1d46fb87	7ce58c8629ecefc8070dfbd869028c91d77c6ac4d52484b4fe343ce590f840b7	data/curacion-universo/contratos-inspeccion.jsonl#tarea_observacion_id=TOBS-63e244f880008bb33a282af6	1f10de6478b55e3c490b35f5c99cc0f70ba94f6b98a837de91d52316c5e7a7e5	5c5a997644bdb3bace861f76b7617d971b276c7323ceb1365a071603a92faf09	RUTA_LOCAL+SHA256+ACTIVO+TAREA+CONTRATO+REPORTE
LED-T0-bf27baadaef47c1c4d92ed75	RUN-377a255de24ca946	377a255de24ca9465f073b024699b680655672bfc37ffd19f3bbb24a76790d62	TOBS-e4f899e9264effe5b149ceaa	TOBS-b36292beefc6f616a670da83	ACT-2a2d7ffb21e520a6c0f1b402	OBJ-08d5f37f9f34422c4b5361c3	mociba2022/mociba2022_bd_dta.zip	2ee4c484aaa9fa3d3b6df9e1b0bb413f0bf7e63b37b08dfa2cc94aa98c79d644	REUTILIZADA_PRE_T0_CORREGIDO	data/curacion-universo/reportes-inspeccion.tsv#reporte_id=RINS-8c8aa9ec1a8463dfecc1077a	6cb92cea7f05a77f7b75244e7c1f56a4ad7163fa3578042ec0b41ff4eaa16d6a	data/curacion-universo/contratos-inspeccion.jsonl#tarea_observacion_id=TOBS-b36292beefc6f616a670da83	401f4aa5f60acb4398c2de5dd81247f311acb2f19546dac884fd2c16c7e2b5a3	94c44dc7b7b9ed0c3b7e536c6ea546cb79b0b5eb4fec5cc6ca6ff6da50b531ed	RUTA_LOCAL+SHA256+ACTIVO+TAREA+CONTRATO+REPORTE
LED-T0-bf526741bfb9f3f38ca0b5b2	RUN-377a255de24ca946	377a255de24ca9465f073b024699b680655672bfc37ffd19f3bbb24a76790d62	TOBS-66f5f75b02b2fd2766f8cf1e	TOBS-bdfdfc9a9b639600ce57ab00	ACT-c764ac4f951732b5cf47ecd9	OBJ-5ec5e3fbbaca8fd363035bcb	BD_ENCUCI2020_dbf.zip	0414fd59e2afcc36294530687c721e8e86bd04e76ad95bfce4b7b2e70853f283	REUTILIZADA_PRE_T0_CORREGIDO	data/curacion-universo/reportes-inspeccion.tsv#reporte_id=RINS-b5af51755ff9dc642b781947	b119f687b8f466b5f3de68f7fb6e64565b9b0bee26bc3a77cb9bba0f1262d413	data/curacion-universo/contratos-inspeccion.jsonl#tarea_observacion_id=TOBS-bdfdfc9a9b639600ce57ab00	75c6b14b6c07639625e2ca76ff36a2daaaaa2e261dfac9225943c318da6fece3	901ee953f1baf5bcbfa583319134570d95aad04233e7acf6ce45ba9183b48540	RUTA_LOCAL+SHA256+ACTIVO+TAREA+CONTRATO+REPORTE
LED-T0-bf62ba5f0b1559115509b6b9	RUN-377a255de24ca946	377a255de24ca9465f073b024699b680655672bfc37ffd19f3bbb24a76790d62	TOBS-5d6e5d9bb908159a95ebd192	TOBS-2f4a13c26685248f8c667f47	ACT-95c66f7705ff21f493c100b5	OBJ-7e3a477f1b33f6b07204da52	fd_iter_cpv2020.pdf	1b7ea20fb8f00b9ed248da725a43bda0c7bab6c96d4fe77d6ddf51b1876525eb	REUTILIZADA_PRE_T0_CORREGIDO	data/curacion-universo/reportes-inspeccion.tsv#reporte_id=RINS-15234febaa81df3025356d09	d0dda8634bfd5e47eb7df0ec410569c178916fe5e7a5ca1481e2b056708407ae	data/curacion-universo/contratos-inspeccion.jsonl#tarea_observacion_id=TOBS-2f4a13c26685248f8c667f47	8d803a593e6d78ff7a458479377f7fc1ed7e24037c3339e0df893626d7e3f4a0	e96263859c6743c690b466177ba275bff15e7e9c1e144f82f8f0b8ab3d4c4d8b	RUTA_LOCAL+SHA256+ACTIVO+TAREA+CONTRATO+REPORTE
LED-T0-bfef2194069f9ad554862a23	RUN-377a255de24ca946	377a255de24ca9465f073b024699b680655672bfc37ffd19f3bbb24a76790d62	TOBS-682d91596161c296d6434f21	TOBS-1c565b22b48f3a26646b2554	ACT-d57de316562656632a4ee213	OBJ-611caa400d60733727ba713d	ennvih/guia_de_usuario_ennvih-3.pdf	f5e884eb6d923211ea21bf98c5584d87cb04e7540c62d59d6812bbaa28401ba8	REUTILIZADA_PRE_T0_CORREGIDO	data/curacion-universo/reportes-inspeccion.tsv#reporte_id=RINS-f39a13a7f6ced1d42b316f13	69b666a6e4c63135524e024580738a2b312fdd4d0d73f2693a4b0e82da33ef4c	data/curacion-universo/contratos-inspeccion.jsonl#tarea_observacion_id=TOBS-1c565b22b48f3a26646b2554	d3c229ff85687473dc45a8c957261cb05a5d2978a901845e3994e7ca74d9e1a4	c4793c735b88e1dd5bc26962e0719f942ede7e6f64fb486f8d94172e86c0e253	RUTA_LOCAL+SHA256+ACTIVO+TAREA+CONTRATO+REPORTE
LED-T0-c056199d3086b0122d761da9	RUN-377a255de24ca946	377a255de24ca9465f073b024699b680655672bfc37ffd19f3bbb24a76790d62	TOBS-31b83e8f69679e0491028683	TOBS-b315cdeb1217def6ecf98a35	ACT-581ba0101bebfe472a514d74	OBJ-c59298d09193590a25e727e7	ennvih/doc/ehh09cb_b3b.pdf	a21c5348e4eb217f41e8ad999e02060012067a5c0084a7a88ab24070fd631023	REUTILIZADA_PRE_T0_CORREGIDO	data/curacion-universo/reportes-inspeccion.tsv#reporte_id=RINS-229e3ebdfb65e52b32c8c9a2	4d4a232cd4f145b2d6d60efd37af4ce2da15f8ec28567d72f2773ae095ec582a	data/curacion-universo/contratos-inspeccion.jsonl#tarea_observacion_id=TOBS-b315cdeb1217def6ecf98a35	67578d70147da4aa3ed341fcce0798cf9167b4d095e4fb2bbd8fe167cdd22ef7	5a92cc617c73a84d718e522d03948c8abf8224ba9b6760f9c389018d9e38bde4	RUTA_LOCAL+SHA256+ACTIVO+TAREA+CONTRATO+REPORTE
LED-T0-c08b270e21ecaa991001454a	RUN-377a255de24ca946	377a255de24ca9465f073b024699b680655672bfc37ffd19f3bbb24a76790d62	TOBS-f5808322fc96f7db9be12a11	TOBS-b097f96aae7f5e0c3df880af	ACT-b703067cc25185fd3b72fb94	OBJ-e856456fd7e6099af8d13946	envipe2016/bd_envipe2016_dbf.zip	8c939550590bbb7941c65a2c9a3d87d8654cfe529e969f51265fe65974ef68a4	REUTILIZADA_PRE_T0_CORREGIDO	data/curacion-universo/reportes-inspeccion.tsv#reporte_id=RINS-606174e7342eb9799d509205	3cb22f7f4ac0a3bb313c26bd9c0b6e6e1ab13fd853a038d75460f36fcbe6a6f5	data/curacion-universo/contratos-inspeccion.jsonl#tarea_observacion_id=TOBS-b097f96aae7f5e0c3df880af	86298de8935c3c46c4cf57221487f951aebd4f436f506c0152db06e6ec51f4b4	8abc2112fd58d047fda1ec0c27c4b064c627b2b993f1e485bdcba3257658b964	RUTA_LOCAL+SHA256+ACTIVO+TAREA+CONTRATO+REPORTE
LED-T0-c0e1d173f619c734d2ec6733	RUN-377a255de24ca946	377a255de24ca9465f073b024699b680655672bfc37ffd19f3bbb24a76790d62	TOBS-9a4483308d100a15e29b1be7	TOBS-afd28d50a286432919befe11	ACT-77d3eeefa3bd105e5d44fb21	OBJ-c1f11e265f0f1f0032b84c9e	envipe2019_csv.zip	24bb83987f2ba57912a3f55c8ff3bb48e5f39f2292cd167997312c1fd77207f3	REUTILIZADA_PRE_T0_CORREGIDO	data/curacion-universo/reportes-inspeccion.tsv#reporte_id=RINS-9248ece0617bbae08e35e1dd	36856e69d9bc0c4569f9d2669e4065fb70191676accdc593e640cf9b1537e9e3	data/curacion-universo/contratos-inspeccion.jsonl#tarea_observacion_id=TOBS-afd28d50a286432919befe11	986b7fd74690ac4b8c6c41551c542acad0233265d5942d3c17b12391ea16937d	999397bbf2d9c0c9d97dcfad2e24ed54475600c1aeaa0810bb78105084a09af4	RUTA_LOCAL+SHA256+ACTIVO+TAREA+CONTRATO+REPORTE
LED-T0-c11c57224b8bdab8dcca28b1	RUN-377a255de24ca946	377a255de24ca9465f073b024699b680655672bfc37ffd19f3bbb24a76790d62	TOBS-e57bf2c916db6d7adde959f2	TOBS-956d36f9f9fb4308f6d4d3e9	ACT-d490b46c75a3ed66248adc4b	OBJ-84dfbdab307afdf97d4ab7ba	encig2025/encig25_base_datos_sav.zip	908ab06ade709c570d7083421549a260c7781d7de8039cb2d33a0e21de7bae01	REUTILIZADA_PRE_T0_CORREGIDO	data/curacion-universo/reportes-inspeccion.tsv#reporte_id=RINS-743046eefcdb576d1c63b262	b6fc3013f5461ec42fe0ea858b04d0bff7154ab1a3a1e038631795af36785b9c	data/curacion-universo/contratos-inspeccion.jsonl#tarea_observacion_id=TOBS-956d36f9f9fb4308f6d4d3e9	d1273c9df9aac96970129584c27cc233990ea4cf1f2999c471b9585b5fcd5aac	e2c55a89f2cef8585e427a32913ea6c2edb6d45875014424e047788778c2cd88	RUTA_LOCAL+SHA256+ACTIVO+TAREA+CONTRATO+REPORTE
LED-T0-c13634a836808832d293d081	RUN-377a255de24ca946	377a255de24ca9465f073b024699b680655672bfc37ffd19f3bbb24a76790d62	TOBS-32593f2e7fe4530694a50c5d	TOBS-bb123fa8add91e1451bff6c1	ACT-695b4be2a1e88533c833551d	OBJ-ffaeb271a7d439a0e86c499e	conjunto_de_datos_enoe_2025_3t_csv.zip	7138b2bfabc740a9805b83b3fd0dae28287fc2aab3781a596a741b8fc7861566	REUTILIZADA_PRE_T0_CORREGIDO	data/curacion-universo/reportes-inspeccion.tsv#reporte_id=RINS-d36f948178e7b9d4ac7b56c1	d8df80b6cbc0bd1c755d5ccb357fe305162dc0fa4ede78709d38206e033a5a08	data/curacion-universo/contratos-inspeccion.jsonl#tarea_observacion_id=TOBS-bb123fa8add91e1451bff6c1	954aed286e5e95d950d7f3c7e1c1dd79bfd0e69278410797a00b5d4b95f4dd43	e2dcda9776519557157636ab3fcb9448b04b02c68550ef2dfe19d9b5077e72d5	RUTA_LOCAL+SHA256+ACTIVO+TAREA+CONTRATO+REPORTE
LED-T0-c1a87d201ec1c2d7952a9135	RUN-377a255de24ca946	377a255de24ca9465f073b024699b680655672bfc37ffd19f3bbb24a76790d62	TOBS-3f40e066f10852ee6283dca9	TOBS-728602028348eb2e57824d31	ACT-1646a2692aa971a6dbd613cd	OBJ-c54bbebdbe513ba515ac4824	enut2019_fd.xlsx	8577edc8e1f2b0011fc1f668c019d175cf489179daaa6dbd03be02ad1dbaa6fa	REUTILIZADA_PRE_T0_CORREGIDO	data/curacion-universo/reportes-inspeccion.tsv#reporte_id=RINS-332d6887bbb4543578628f9b	705e577389f6512d294b4c57ea0cede542002927d81b2afcc5ef74b91995bfef	data/curacion-universo/contratos-inspeccion.jsonl#tarea_observacion_id=TOBS-728602028348eb2e57824d31	475554abbcab80152c91d72fe9e1078f9bbe167b7763a4b02b2f796b8b99f8d8	b62c3a8d51c25832dc30334ef1442ddca405f1d27853bf4a2572eb1aa9c7f90a	RUTA_LOCAL+SHA256+ACTIVO+TAREA+CONTRATO+REPORTE
LED-T0-c237c9fb9a91ae076a33ac3b	RUN-377a255de24ca946	377a255de24ca9465f073b024699b680655672bfc37ffd19f3bbb24a76790d62	TOBS-a02d58b96b17991e0cdf108a	TOBS-f08473b109cd6a646bd068f2	ACT-d6d50be2e162373302208ae4	OBJ-fa0788d61059d36386d0b6f2	conjunto_de_datos_enoen_2022_1t_csv.zip	7b91b51494239d5c0458fada84872e1745e4115c8e924be7511fc5a0d1c48ca9	REUTILIZADA_PRE_T0_CORREGIDO	data/curacion-universo/reportes-inspeccion.tsv#reporte_id=RINS-0daf9937719909d8e4ddc8f3	dba5944707fb13acd81e9aac5081e2fadc2accbed6af51be295ae60be43ea135	data/curacion-universo/contratos-inspeccion.jsonl#tarea_observacion_id=TOBS-f08473b109cd6a646bd068f2	2a550ddf937dfbd47ae7fded25a88e52488a0ebe5c4a9480ff5827203b952470	87b50ca09accb7662f60360307eabbdbca1593f4ee3e7c5763859c2527c9461e	RUTA_LOCAL+SHA256+ACTIVO+TAREA+CONTRATO+REPORTE
LED-T0-c2d831e2da509ec01be6d8a2	RUN-377a255de24ca946	377a255de24ca9465f073b024699b680655672bfc37ffd19f3bbb24a76790d62	TOBS-685a76435db77f8c83fc0450	TOBS-6d9ead24b7f078637cee1170	ACT-f1060bb3ff677c7d0d101d0b	OBJ-54aeadd929e2f1ac2bb94a98	enut2014_bd_dbf.zip	96edba74fa5a1ec2cdfd64e7fc973bb9b16b0948a39cefef0e4d8314f8c4f2e3	REUTILIZADA_PRE_T0_CORREGIDO	data/curacion-universo/reportes-inspeccion.tsv#reporte_id=RINS-6f688650bc19c8952ea084df	c229a8ed5d0808c9a303814e499c1533301ad6d7534756117c604cf1c33c4aae	data/curacion-universo/contratos-inspeccion.jsonl#tarea_observacion_id=TOBS-6d9ead24b7f078637cee1170	f768aa477f3d2c75643826578e6dc2222065f0933f4f448296c378bb7cc24054	81e888c9fcaed8fe0f12ba646224d1c50965459b0118d3455a616b425c4a60bf	RUTA_LOCAL+SHA256+ACTIVO+TAREA+CONTRATO+REPORTE
LED-T0-c30ecc48833456db893f2ac4	RUN-377a255de24ca946	377a255de24ca9465f073b024699b680655672bfc37ffd19f3bbb24a76790d62	TOBS-8c3f34cec6582fcfda77af02	TOBS-3e8d79c651a207e02f309bc8	ACT-7d15245fe47253ed397812cb	OBJ-df70c69a0832bbf7e304f44e	R1_1_AGROASEMEX/PAA_componente_subsidio_ramo_agricola.csv	16aa1c8129eebeb6658d9ea6e5df94554a43e2f788213e1000dcbd9c6a1e88a7	REUTILIZADA_PRE_T0_CORREGIDO	data/curacion-universo/reportes-inspeccion.tsv#reporte_id=RINS-61d30b6c201e7a82e2ef0fd7	70fe0c4e7e595bc16d7767c6c0d24b614107d7cb2052018991421e235be673b8	data/curacion-universo/contratos-inspeccion.jsonl#tarea_observacion_id=TOBS-3e8d79c651a207e02f309bc8	0ade90a33377fa6a45fd9c33ac733d7c4beb095d244354811206d64df0728b1e	ca470fa2cfeecad183506d8ee9333674589838fefd9cecc8eb664435125616ed	RUTA_LOCAL+SHA256+ACTIVO+TAREA+CONTRATO+REPORTE
LED-T0-c3b8f5fddc17890dca00d557	RUN-377a255de24ca946	377a255de24ca9465f073b024699b680655672bfc37ffd19f3bbb24a76790d62	TOBS-3209da2e9bd7f666f97091c2	TOBS-c250b469817ffbfc1b59a742	ACT-ad7a6bec42e581a5e5604ec4	OBJ-7694b51f742bdae3bcfd7298	ejemplobd_enestyc_1995_stata.zip	d2e13fc5d99fefbbfccb568c18c2d9a7cc6d981d5969ffcec036893cb357b66e	REUTILIZADA_PRE_T0_CORREGIDO	data/curacion-universo/reportes-inspeccion.tsv#reporte_id=RINS-4acac3671109f2df0ecd87d4	bccb2f8628065b4c32dd8299cf0ff6f7b423e7ec12fbf711e0d7900921f3043a	data/curacion-universo/contratos-inspeccion.jsonl#tarea_observacion_id=TOBS-c250b469817ffbfc1b59a742	b2e3337a4854debcda80e16f3058c3e8d26696c9a03dba071f65ab2b44bf81d3	e0403332866811cdad98c52c925c565f4ae95a61738936500da269d8fe7f87e3	RUTA_LOCAL+SHA256+ACTIVO+TAREA+CONTRATO+REPORTE
LED-T0-c41d2b959faf241643ab950d	RUN-377a255de24ca946	377a255de24ca9465f073b024699b680655672bfc37ffd19f3bbb24a76790d62	TOBS-08c5349746678ef7b13350fd	TOBS-b88b80d8db68e1ef3361e1be	ACT-b0b57d3586cb83394d0391b3	OBJ-e1babb8086c3d72abdea7bac	enut2009_fd.pdf	7f51369ae14244f7ceae91a22a697b63e48abc23b55a761afd272998dcb43376	REUTILIZADA_PRE_T0_CORREGIDO	data/curacion-universo/reportes-inspeccion.tsv#reporte_id=RINS-3e175420dcbea00bf08f8055	51a13255e17d749bbcf7d6f61ea72223af73d9a015160b5f99a0455f5c501a8a	data/curacion-universo/contratos-inspeccion.jsonl#tarea_observacion_id=TOBS-b88b80d8db68e1ef3361e1be	6a92d250aeeb13d10e099875678ecabc4685f2b6e7e3cc0b71e6987184cab617	46281286c9f191de542ad4ac94f96c7b37dbaa7626b88b922a0b6ac660c6d78d	RUTA_LOCAL+SHA256+ACTIVO+TAREA+CONTRATO+REPORTE
LED-T0-c4974ff98883de6cf3e6c79a	RUN-377a255de24ca946	377a255de24ca9465f073b024699b680655672bfc37ffd19f3bbb24a76790d62	TOBS-0434f13dfd4ef00a7764ba1d	TOBS-5476c2311b92e561e0591198	ACT-a6a99e9b3b9b54d59abde75a	OBJ-7d2f6af746384396e8a1bc4a	encig2019/encig19_base_datos_dbf.zip	626395c6b13a6f568d2986e1f2b7f0fc844e1bced9db09402b6c02cfb8954915	REUTILIZADA_PRE_T0_CORREGIDO	data/curacion-universo/reportes-inspeccion.tsv#reporte_id=RINS-532d2e1e2fe03bb2993b0cbb	3ff78dcc3c4ffbe0e2b555a43b969cc1f5f3b18923e49bad2e6962e551069137	data/curacion-universo/contratos-inspeccion.jsonl#tarea_observacion_id=TOBS-5476c2311b92e561e0591198	cff4b9a9f9a6d6c6e89cbfc93b435997cdcdd9027bb82f31ef966a0420c28cc8	b9c06cc4da894d1130b7beefe3ce1050a33ceb02f0081e3b506a3d64e3776539	RUTA_LOCAL+SHA256+ACTIVO+TAREA+CONTRATO+REPORTE
LED-T0-c5028363144327f19851af97	RUN-377a255de24ca946	377a255de24ca9465f073b024699b680655672bfc37ffd19f3bbb24a76790d62	TOBS-a7b170223243995b0334fd80	TOBS-c74c1de2925fa79fa9264298	ACT-ad52f4868317272a3c6bf2b3	OBJ-01074aa72bcfa33f2bb6cbb2	endireh2016/bd_sd_endireh2016_sitioinegi_spss.zip	b856b37f22d947affc32dbd175e9a84267d759483dc08b1cc814cd9019178ea6	REUTILIZADA_PRE_T0_CORREGIDO	data/curacion-universo/reportes-inspeccion.tsv#reporte_id=RINS-d2217587a39ae7ae52e72630	af6f4dc8deab62631866775273bcab4339916d575eaa8fc6f96e6041d56b3686	data/curacion-universo/contratos-inspeccion.jsonl#tarea_observacion_id=TOBS-c74c1de2925fa79fa9264298	e4f1bacd67e06b81722b8024e747def0d4acc8e0dae0b7f0020d0f43cc008637	6f6c0ce1011f2e8ce4041f7a224eee1b9cf597b51ba8e23afd4bdb1ffe6a4aed	RUTA_LOCAL+SHA256+ACTIVO+TAREA+CONTRATO+REPORTE
LED-T0-c50c115c324b16cf194f2304	RUN-377a255de24ca946	377a255de24ca9465f073b024699b680655672bfc37ffd19f3bbb24a76790d62	TOBS-6ffc0a099965af77b7085066	TOBS-8d3a86de309a5a2601ca59fc	ACT-ed27e8b41320b622e619cc46	OBJ-c1a11aa7cc2a19b323f66edd	R2.1_R2.2_R10.2_RNM_microdato/inegi_rnm_catalog_518_enaproce2018.html	67dac48414d11adfcaf2b0fd25c1848a54f3233b33194dbc5eccbdf3ad7b1ffd	REUTILIZADA_PRE_T0_CORREGIDO	data/curacion-universo/reportes-inspeccion.tsv#reporte_id=RINS-bdf4c79f4ca80a9896895805	b4b91f2b374e0c64e64f6bf3be4c5bc1199e5415cc81d0802bb44394c8509c82	data/curacion-universo/contratos-inspeccion.jsonl#tarea_observacion_id=TOBS-8d3a86de309a5a2601ca59fc	ec7da2b92d596ecfe85c8cf3a23834ad2c7a35f5504cfecdf7e96c4bbf6f2baf	cc232921130732b16804aad0eb8907b3ba4442b22f0737d32bba941e3b04942c	RUTA_LOCAL+SHA256+ACTIVO+TAREA+CONTRATO+REPORTE
LED-T0-c67dd3de278f9109944f900f	RUN-377a255de24ca946	377a255de24ca9465f073b024699b680655672bfc37ffd19f3bbb24a76790d62	TOBS-78c4ad6c6ac561a58ec6b9e0	TOBS-bbcde7617f17dcf79aeb5762	ACT-a94151bd26ddb6afa2e1b231	OBJ-f2197ac2ba13cca1e1361306	ejemplobd_enestyc_2001_dbf.zip	5ebafbc4b51967db3165f932c37165f78d28ab703064f7db1a63cddbdb718169	REUTILIZADA_PRE_T0_CORREGIDO	data/curacion-universo/reportes-inspeccion.tsv#reporte_id=RINS-05f87cb905e3b23a46762ac5	5e3e5d18946bef79194ca9c52a788a3d23bb58d31237882eeb4d492035fc86fd	data/curacion-universo/contratos-inspeccion.jsonl#tarea_observacion_id=TOBS-bbcde7617f17dcf79aeb5762	50de0fc1a3565890af6fcace52b64fb68457b996f42526d961c2321aa3247d7d	0f5762effedffedb08c8eb47293a9d6e4a1ec93aec2e1527be5e0707ac37e72b	RUTA_LOCAL+SHA256+ACTIVO+TAREA+CONTRATO+REPORTE
LED-T0-c6c5ad426111ba115ed9ecab	RUN-377a255de24ca946	377a255de24ca9465f073b024699b680655672bfc37ffd19f3bbb24a76790d62	TOBS-09523e1135abe1583cbdd78c	TOBS-544a1f479ecda7b116c3e88b	ACT-c81a7d8af6f886c67ae4c347	OBJ-35320e203983d975b22b0d90	endireh2006/bd_endireh_2006_sav.zip	d09ea5e3f7c788683934ed2234c725ef884129cf6c68ffd2b9c887aa678df2c9	REUTILIZADA_PRE_T0_CORREGIDO	data/curacion-universo/reportes-inspeccion.tsv#reporte_id=RINS-d288a4645906187562b3de17	d8fc61fda3e642eac89a5beaa1bcb162e57c7705e55e91922b1e760878e58b88	data/curacion-universo/contratos-inspeccion.jsonl#tarea_observacion_id=TOBS-544a1f479ecda7b116c3e88b	2aec0d2529580ac9f76a21ad13c98d7a89784f1d1c1a958d3f43f8c5b8953e21	88ba5e9e4c65000b4974d2598dcc742f29502a8cf10047a37d211ebff527a7af	RUTA_LOCAL+SHA256+ACTIVO+TAREA+CONTRATO+REPORTE
LED-T0-c6f8edc45c55710c492d0a79	RUN-377a255de24ca946	377a255de24ca9465f073b024699b680655672bfc37ffd19f3bbb24a76790d62	TOBS-9148337e5a7102671ba9a99d	TOBS-87c8e6a77fe623c77c3b4508	ACT-d076413556806e54428d3dfb	OBJ-ab5e9f341354a44d2ec52215	envipe2014/fd_envipe2014.pdf	b72ed2be77d4768ded839d47a58bc6d64abacb2bbdda15bb7e53b2d4d3a8b680	REUTILIZADA_PRE_T0_CORREGIDO	data/curacion-universo/reportes-inspeccion.tsv#reporte_id=RINS-464ceb490dd951dafed443b3	e3cc5cc5882dd47c432fa572beb5fbd1d6a49c70c9b84e5fff817e6c13857859	data/curacion-universo/contratos-inspeccion.jsonl#tarea_observacion_id=TOBS-87c8e6a77fe623c77c3b4508	e91bb40b7e537ef7f0090d175d322feff4b628b6391cdd0c21a6b99de0059995	dfde68ab522a5aec5b0197240af4b1c29eb5bbcfc42e7401a1ff8aa320e11cbb	RUTA_LOCAL+SHA256+ACTIVO+TAREA+CONTRATO+REPORTE
LED-T0-c79f7c261ee3a197a7c427ab	RUN-377a255de24ca946	377a255de24ca9465f073b024699b680655672bfc37ffd19f3bbb24a76790d62	TOBS-86f7c1b576fdd2ff4e3a3f6d	TOBS-fb00b05f1b39cbcb5c6bb5db	ACT-3643f4dce2776141eeac4a62	OBJ-10cee9a6c999224f5e412d85	conjunto_de_datos_enoe_2023_4t_csv.zip	add63ea0f5ae2649bfc726b7bc0040304674bab11e31ef6e3c26af6274d0bfa5	REUTILIZADA_PRE_T0_CORREGIDO	data/curacion-universo/reportes-inspeccion.tsv#reporte_id=RINS-f0f474a358cfee2a92f10080	1fa3715a5032ae930fe35d4593a66814c11f41e815fed52138ce54abcbfcb4e6	data/curacion-universo/contratos-inspeccion.jsonl#tarea_observacion_id=TOBS-fb00b05f1b39cbcb5c6bb5db	6f3baf452ff3f748b21db6d61046efeb6af3ef7577dbb73c37c0df0a860748c5	395e4ddf4b584817cfda2a302b38070eae37f91c9b879c3f4339c83ea581e713	RUTA_LOCAL+SHA256+ACTIVO+TAREA+CONTRATO+REPORTE
LED-T0-c7e3e7d627e4353afd197308	RUN-377a255de24ca946	377a255de24ca9465f073b024699b680655672bfc37ffd19f3bbb24a76790d62	TOBS-9eb2209b05919d0e9ad051dd	TOBS-401ee5bc6d4bc09505f50d85	ACT-3b1bb7a1a73d7706364b6f69	OBJ-170f528570bec9b5c6daf9e1	engasto2012/vivienda_dta.zip	97ebeae2423ffafe1f568ec0a0f6e1e68e853e0cb11bc3cb42fd0e830995fd4a	REUTILIZADA_PRE_T0_CORREGIDO	data/curacion-universo/reportes-inspeccion.tsv#reporte_id=RINS-eb450046811e797aed26393b	839a182b4e0df20e1c907a073aedc9ec5164541302d949801c22231cf95ef6f6	data/curacion-universo/contratos-inspeccion.jsonl#tarea_observacion_id=TOBS-401ee5bc6d4bc09505f50d85	53c032122231a6cb286c1b2a511fd6dc44265165a0601383a3c4644a3e6c524d	ea4a9c7f32bd7309f668a4202c13a356d6d99205b02da7b3b9ba97dce022e2ae	RUTA_LOCAL+SHA256+ACTIVO+TAREA+CONTRATO+REPORTE
LED-T0-c8103b10d4d9d5c9fdaf40ff	RUN-377a255de24ca946	377a255de24ca9465f073b024699b680655672bfc37ffd19f3bbb24a76790d62	TOBS-cb17bb812ee84f80d08fc271	TOBS-c70ecd6f888057ab99797b4a	ACT-4906c4f5204f62ebc262605a	OBJ-d635b08b99d29cfae465ecfa	endutih2023/FD_ENDUTIH2023.xlsx	0f78146a6d61b0b5cd4d84056aa77e0f1bf1b25a9a126e8813215eada4da62c2	REUTILIZADA_PRE_T0_CORREGIDO	data/curacion-universo/reportes-inspeccion.tsv#reporte_id=RINS-57cca0b2f3b2140928f22a80	bf5a16c13a43b22e54c47b81b61b3de321ba4be13d545618140c19a1cd1ddb93	data/curacion-universo/contratos-inspeccion.jsonl#tarea_observacion_id=TOBS-c70ecd6f888057ab99797b4a	0499ef3d8f170a03ebeaad275d4508716c66b1175ad26d85a4e2b62d0a2dc0a1	0bd090e88d590a30c6f61475e1bf55fabd82d1d96e6e57094ad03311a204ea03	RUTA_LOCAL+SHA256+ACTIVO+TAREA+CONTRATO+REPORTE
LED-T0-c8896091fdc64074e1460f04	RUN-377a255de24ca946	377a255de24ca9465f073b024699b680655672bfc37ffd19f3bbb24a76790d62	TOBS-672a66ecacb45b74d2bc848e	TOBS-c5f3ffe3e6127d6d2caa18ce	ACT-e23efbcc6de5a9bf2e21703d	OBJ-d9e01f2801f79284ffa022a7	conjunto_de_datos_enoen_2021_3t_csv.zip	909a2d027a9688710c41710903d0835def5fe01a122dde7f5adb36a50320dc84	REUTILIZADA_PRE_T0_CORREGIDO	data/curacion-universo/reportes-inspeccion.tsv#reporte_id=RINS-b249efb80f033619c71ee9c7	4bbd61c9caf4165128ec29a1bfcd9ed9333e353c7e3d46196127f35dd0f4202b	data/curacion-universo/contratos-inspeccion.jsonl#tarea_observacion_id=TOBS-c5f3ffe3e6127d6d2caa18ce	d864fb824240e38617af0f13a8356ed1d4a11c9223435414a4f5c6c5a2ed67ea	31b845bdc80277eb1c1bce897c7cf824b6135e2f9d84375c40c81e7b7fd31c04	RUTA_LOCAL+SHA256+ACTIVO+TAREA+CONTRATO+REPORTE
LED-T0-c9bdd1ab5e07f5f6b98379c8	RUN-377a255de24ca946	377a255de24ca9465f073b024699b680655672bfc37ffd19f3bbb24a76790d62	TOBS-4e3d28fb777fef1fb8c52549	TOBS-c2e05491d11a4d96ec341661	ACT-ef108200c663d4b7112ced05	OBJ-2892a3cd83e215e13c75161e	mociba2024/mociba2024_bd_csv.zip	105e2e266134be538d33b5685e24bd41247eec5156f27b11ada7a3bb50f0a7ab	REUTILIZADA_PRE_T0_CORREGIDO	data/curacion-universo/reportes-inspeccion.tsv#reporte_id=RINS-796527754dedca3691624ba9	31f4baafb1d024de3cecbe32d4f2d87f15b44b60cf87f02ab0a2ca3b9c99a651	data/curacion-universo/contratos-inspeccion.jsonl#tarea_observacion_id=TOBS-c2e05491d11a4d96ec341661	10f1c9ff5f4703dac87570cb47ac81785c09641ca45589673e36b3fd15682b3e	950d0ad2bcd601d6b9e5dfa3c87670fe8e93a7287d322d945924c43a91605cb7	RUTA_LOCAL+SHA256+ACTIVO+TAREA+CONTRATO+REPORTE
LED-T0-cb1f49663261938ab83f3c41	RUN-377a255de24ca946	377a255de24ca9465f073b024699b680655672bfc37ffd19f3bbb24a76790d62	TOBS-10b41f46f9bf06a9081025d5	TOBS-7d344675d7713a43e83de8a2	ACT-65e2df1d1b2b781e1a0c0032	OBJ-2cd0024cf0e5825626f9ba4c	conjunto_de_datos_enoe_2024_3t_csv.zip	f384a1b8872e051856ed2241289400302b13a8701489b1c596390452c183cd01	REUTILIZADA_PRE_T0_CORREGIDO	data/curacion-universo/reportes-inspeccion.tsv#reporte_id=RINS-bc9ccbb11503303d3a3f3194	2400b8f74f0855050f290c4ee9eef328ef5e3839f6e87222d223b48a12f64f01	data/curacion-universo/contratos-inspeccion.jsonl#tarea_observacion_id=TOBS-7d344675d7713a43e83de8a2	bb74b72e859dfaf540604360dbd031d0eb11fa832cc771fd969d3da282f89ca3	2a2f2c35065ecf76270d2f456e3ecf6f2a4215ff685c9934cd6c352dd119d739	RUTA_LOCAL+SHA256+ACTIVO+TAREA+CONTRATO+REPORTE
LED-T0-cb7ef67928e33c3534bb41ca	RUN-377a255de24ca946	377a255de24ca9465f073b024699b680655672bfc37ffd19f3bbb24a76790d62	TOBS-ea3d8d7c86bc92e2163a7bea	TOBS-f8e16a320f4cfefdbb906b11	ACT-f1aa592ebb7ea4ce651c69cf	OBJ-f6b92ee767e0676d8c4e0da6	modelo_enif2012.pdf	77a9b05ed53f243d9c301a902dcd9b10e1588498964c352c35e8e9d261b0264e	REUTILIZADA_PRE_T0_CORREGIDO	data/curacion-universo/reportes-inspeccion.tsv#reporte_id=RINS-de660b1c0ff99eabc140b7c7	2372a1b29a4db294d43a07d9e832c235bd8feee40d0844754ecc43e6cf319408	data/curacion-universo/contratos-inspeccion.jsonl#tarea_observacion_id=TOBS-f8e16a320f4cfefdbb906b11	5636777da3a15750683c7a899ea5f6abdcd303e92fb41e61b76d490fdb4d32dd	d4997a03e0b032ea9b4998c72cb4c90e19054c2442d2c7dda4bfd5fbf7bb0c4b	RUTA_LOCAL+SHA256+ACTIVO+TAREA+CONTRATO+REPORTE
LED-T0-cbd21552942325b6f87fa794	RUN-377a255de24ca946	377a255de24ca9465f073b024699b680655672bfc37ffd19f3bbb24a76790d62	TOBS-36b29e8011d90f50bd1a1ad4	TOBS-433c2fb7149a6d36f9d20481	ACT-e05b57a2d58585d445139b38	OBJ-50f559bdaf22a471153fa57e	ennvih/eloc05dta_all.zip	fd7c1888d33a81d0269675654f3fc8f32b442d80a70b0164080fa19859cda1e0	REUTILIZADA_PRE_T0_CORREGIDO	data/curacion-universo/reportes-inspeccion.tsv#reporte_id=RINS-94546c4ce2cc3b6cdce8b320	d248811136ae630717008a3d386b43752bdff62483102e2d5b7226df58bad73a	data/curacion-universo/contratos-inspeccion.jsonl#tarea_observacion_id=TOBS-433c2fb7149a6d36f9d20481	6ffa49d4952d2f78817f043d43f8061f3a3533195372d79b6296e39dff24390e	ae0041ad49e89011fa18ab462534dccb60b39e82e5a3afeb9abf76c09f721d1e	RUTA_LOCAL+SHA256+ACTIVO+TAREA+CONTRATO+REPORTE
LED-T0-cc1082592863ad62604fe221	RUN-89f4c3a49c00c0e1	89f4c3a49c00c0e1ba1f07013e0af10bbc3289fdddc48dde816c37d3da1a742b	TOBS-92ed19ff91e98bc2805ddd34	TOBS-92ed19ff91e98bc2805ddd34	ACT-ae73ebb567d393f74fa26446	OBJ-07191fa6a2eb9671e9f1c947	engasto2013/persona_dta.zip	8de915f904fad1d40b73566b3db60506f98a1cc926e58319488a1a34310425d2	INSPECCIONADA_POR_PRIMERA_VEZ_EN_CORRECCION	data/curacion-universo/reportes-inspeccion.tsv#reporte_id=RINS-805ba467a9f5c7b9bc1713cf	ab9753dd219b3eb688fc42e8815e1d5f92beec54e84eaf19c4280612ba2d064d	data/curacion-universo/contratos-inspeccion.jsonl#tarea_observacion_id=TOBS-92ed19ff91e98bc2805ddd34	c3fb3606218c76a8abdbc11aa3b619326da59f59735cdb1c1b0428ffe07f7b04	c7683512587e87c2aad72554c272027a6e33875cebbe510b811ca49e2adfcfb2	RUTA_LOCAL+SHA256+ACTIVO+TAREA+CONTRATO+REPORTE
LED-T0-ccca1cbf20156f4705f591a2	RUN-377a255de24ca946	377a255de24ca9465f073b024699b680655672bfc37ffd19f3bbb24a76790d62	TOBS-5c31613cc0220b8883029feb	TOBS-e68d5311b2ada7c971b28c08	ACT-37f69733a829c6b5900fc5b6	OBJ-907194262b247e3ff8e1ce45	mociba2025/mociba2025_bd_RData.zip	3b37b59014d8e3e5e4340b3779eaf9617c288d507d70130491cce0e1f7398d42	REUTILIZADA_PRE_T0_CORREGIDO	data/curacion-universo/reportes-inspeccion.tsv#reporte_id=RINS-d288db4d47315576f6514c30	851240d45e2fc9f350741061f55ed85a1d9dd4085249cd8779953979bdbecf1d	data/curacion-universo/contratos-inspeccion.jsonl#tarea_observacion_id=TOBS-e68d5311b2ada7c971b28c08	1bb0cb4c9fc2f9f3ab0f9f470a1e61c655921fe4486e8007bf3160baf142a647	28b09b9f5fb666f1166b093a571cd984fc5026c39350cbf4b7f3ccbf6941f1e5	RUTA_LOCAL+SHA256+ACTIVO+TAREA+CONTRATO+REPORTE
LED-T0-cd505fabef1390f4a3ef903d	RUN-377a255de24ca946	377a255de24ca9465f073b024699b680655672bfc37ffd19f3bbb24a76790d62	TOBS-ff4f39f941b0968ae32cf856	TOBS-54bd6d902f77c54671a0537a	ACT-6d8caeb425cbd306f56def7d	OBJ-29065818baa23fa94ed72ede	endireh2003/fd_endireh2003.pdf	719da9d636da254732a0be1c31bffd21d06b7609b048f5396e5872c75345daf3	REUTILIZADA_PRE_T0_CORREGIDO	data/curacion-universo/reportes-inspeccion.tsv#reporte_id=RINS-5e7db760a46c2b15222e5150	550b8d0e04572c2c5a1e057f7433fb43b3953217bcb388bea5b5ca60f5fdcc99	data/curacion-universo/contratos-inspeccion.jsonl#tarea_observacion_id=TOBS-54bd6d902f77c54671a0537a	dd8e1ff50cbe1ee952d8cf130f7694b80e218b328536439ecb72ba20885e22e6	239b0b69351db13293549d42abd3ca81830af5468806007b5a548565eb0481ab	RUTA_LOCAL+SHA256+ACTIVO+TAREA+CONTRATO+REPORTE
LED-T0-ce38cdccd4abb423e081246f	RUN-377a255de24ca946	377a255de24ca9465f073b024699b680655672bfc37ffd19f3bbb24a76790d62	TOBS-08aa013781b70658da94e3db	TOBS-0cac2580d867a80394000d07	ACT-1a8c0a4bb132d627e00939ab	OBJ-8be005fab74fb621297776fe	enut2002_fd.pdf	b2073ec7cdba45b297130d021ec0465750b5ea94df6599f09971332d7a3491d6	REUTILIZADA_PRE_T0_CORREGIDO	data/curacion-universo/reportes-inspeccion.tsv#reporte_id=RINS-312b9a70218b50764f355eb8	a2e1443ed3f817745c29d313504e3e7316ad904928a2be49f34f62658bf38510	data/curacion-universo/contratos-inspeccion.jsonl#tarea_observacion_id=TOBS-0cac2580d867a80394000d07	94eb45d11dff8012a02ed82d1683aa2fb6eaed52d3a8aae66a195bd0e90f0525	26dd9ea3d16973e5023c6dc2548331a6544ed1471b726b30795dfcceb5862a01	RUTA_LOCAL+SHA256+ACTIVO+TAREA+CONTRATO+REPORTE
LED-T0-ce97824b2621f5080a292cca	RUN-377a255de24ca946	377a255de24ca9465f073b024699b680655672bfc37ffd19f3bbb24a76790d62	TOBS-99f87f9ec2e7ce47e7422128	TOBS-36405e04d082f235456df78a	ACT-c38ce984111e25439e710380	OBJ-9cf961c76c4b6015af1da10a	conjunto_de_datos_enoe_2024_1t_csv.zip	0beed808bf4f1457d6ec13600a8bdd3ca8db7e7276ab14675a44e74e6a33592c	REUTILIZADA_PRE_T0_CORREGIDO	data/curacion-universo/reportes-inspeccion.tsv#reporte_id=RINS-f99825a04c4168dddd5f96be	390db183987c46974858bfc975e70c653788e4907b39ad68e056d7c9f57fe49c	data/curacion-universo/contratos-inspeccion.jsonl#tarea_observacion_id=TOBS-36405e04d082f235456df78a	d3722d8c907f23c7be1584f0593531d012e1680891c1ccc606befc6d57668b1b	ba9545151529c64f177e582e2a411c71b3e00df27f1f88135ed3474d60305f5d	RUTA_LOCAL+SHA256+ACTIVO+TAREA+CONTRATO+REPORTE
LED-T0-cee527d1af0d52487d4a0bc0	RUN-377a255de24ca946	377a255de24ca9465f073b024699b680655672bfc37ffd19f3bbb24a76790d62	TOBS-399c453ab876049e63ad24bb	TOBS-f8f3d8a11ff77cf0bcb4d8f1	ACT-725f3f51ad2d9a65cc01514c	OBJ-7d9b742ade2c0650a548b656	engasto2012/gasto_de_consumo_ajustado_dta.zip	baa12eb4f1b32dec19f1627d6f7abf82ec11cb8a1b755f1a981312891fff97e1	REUTILIZADA_PRE_T0_CORREGIDO	data/curacion-universo/reportes-inspeccion.tsv#reporte_id=RINS-1ca764f64fb04bceeaeae229	1f1feac9f93a2eeb9e7887ec07ffe1ac74ef0a9605d094a5418e0276e77079ff	data/curacion-universo/contratos-inspeccion.jsonl#tarea_observacion_id=TOBS-f8f3d8a11ff77cf0bcb4d8f1	0cafa03a71172e820f5a5b172d3907af5b2d3b36ae0add07dc29a17e2c4e5a5c	01c8f638d575f1d7d67f4feddbc334222adf51471633743119c2880cf79d61ec	RUTA_LOCAL+SHA256+ACTIVO+TAREA+CONTRATO+REPORTE
LED-T0-cfb1983b808f3d922d55273e	RUN-377a255de24ca946	377a255de24ca9465f073b024699b680655672bfc37ffd19f3bbb24a76790d62	TOBS-59a239c27a201c058563fd1f	TOBS-04399972ce2925678ac7c588	ACT-1972fcfb5222500cd0a37c4f	OBJ-a859fd6c4b1784dd91ef341d	enaproce2018/ejem_base_pyme_ciega_sav.zip	b23d46932c26d36c335acd680b9c78ca9ea88ee0aa14c278fc3f8dc17b128796	REUTILIZADA_PRE_T0_CORREGIDO	data/curacion-universo/reportes-inspeccion.tsv#reporte_id=RINS-3e2918f37e11f7856defb88b	016453b1d4d1fa8dd11be2a74f18f2b4fa6d93a07d2268ce6355a774da2be062	data/curacion-universo/contratos-inspeccion.jsonl#tarea_observacion_id=TOBS-04399972ce2925678ac7c588	347699024830aa359e79f10bba4ac367e413ede04bc04f0e25247b8f5a552c82	60c8f3e9392551751d6d5eb74a2a9154f636cea14b6654361422083bc6f34be1	RUTA_LOCAL+SHA256+ACTIVO+TAREA+CONTRATO+REPORTE
LED-T0-d02420755528f0194b54e3aa	RUN-377a255de24ca946	377a255de24ca9465f073b024699b680655672bfc37ffd19f3bbb24a76790d62	TOBS-c91ac4970c1bb688f445790a	TOBS-b253c15391413233ad87ef81	ACT-0e4c5ac1b30134fef143023b	OBJ-82a7c4785fe4d8c3d9b4ff02	R2.1_R2.2_R10.2_RNM_microdato/inegi_rnm_catalog_search_intento_search_param.html	a466058ec91f9acf31e3cff06278f1618adedf9ec72c7c81adc7e7fe63c4c428	REUTILIZADA_PRE_T0_CORREGIDO	data/curacion-universo/reportes-inspeccion.tsv#reporte_id=RINS-8dd08ce4110b7fc7121bd970	df235d0e1e953dff110123469f1a76692373e3dc4c23130b145d5473f75aeb6b	data/curacion-universo/contratos-inspeccion.jsonl#tarea_observacion_id=TOBS-b253c15391413233ad87ef81	c946ae7d2f46e999af10c72293994f3b004d04f8aa3e877be7a64eaa44eb863c	1ffd299276cdfc140fcfafa83bdce61d4cafb2c93adc9a05a192942ed0309563	RUTA_LOCAL+SHA256+ACTIVO+TAREA+CONTRATO+REPORTE
LED-T0-d06f35740296d1abfd8b1aa0	RUN-377a255de24ca946	377a255de24ca9465f073b024699b680655672bfc37ffd19f3bbb24a76790d62	TOBS-bd65b45a97bde72bf0f73652	TOBS-15224bfef0c300bee9b5402c	ACT-3bc7788e8e9bc98d02d02d08	OBJ-63fc8ad98621aa880f13ea01	enif_2015_modelo_datos.pdf	ad534b036e7365324d92274d066eafbe179d49671fca9d3c3c2bbe05ccd8ac2b	REUTILIZADA_PRE_T0_CORREGIDO	data/curacion-universo/reportes-inspeccion.tsv#reporte_id=RINS-e1ef66842a229736c6c3f8f2	f81e9c5ce658c1107c8cc7960046b63b9e4d37523f8ac81b993cb7c66483b1ec	data/curacion-universo/contratos-inspeccion.jsonl#tarea_observacion_id=TOBS-15224bfef0c300bee9b5402c	9ee05f5a677daa913e22bea9b96cf8801dcdcb2b43ffe1ab5d4c38414e4d7f66	2d5ab9079d496fcf7d587444681b5a42e9d64566674d1c1c41372c151a6c3714	RUTA_LOCAL+SHA256+ACTIVO+TAREA+CONTRATO+REPORTE
LED-T0-d133aba978b1503f1024e938	RUN-377a255de24ca946	377a255de24ca9465f073b024699b680655672bfc37ffd19f3bbb24a76790d62	TOBS-87a49d5d77e8d5f53d0ba746	TOBS-6985bdd15210f724d289de06	ACT-2b703172027e4651c0d11c11	OBJ-6ade79672ee6988d2b878406	encig21_cuestionario.pdf	9ee829815e8dca5ebe562b26afb006dcec475840bf27a206a0b838534041e45a	REUTILIZADA_PRE_T0_CORREGIDO	data/curacion-universo/reportes-inspeccion.tsv#reporte_id=RINS-cb3a2f8b628bbc24bced1d3f	dfe48862482c14fc6c064b05d37e82de87bcc2f096bab06af98859a66eb9a5c3	data/curacion-universo/contratos-inspeccion.jsonl#tarea_observacion_id=TOBS-6985bdd15210f724d289de06	1079dc56ee663363c323ffa25e86d53f7b57de6eb7395af4ffb28a32502b26bf	37ef280fb161d822d56515a6bb56194e9d05f3aa9703fc7e1d98ab5d05e72d5a	RUTA_LOCAL+SHA256+ACTIVO+TAREA+CONTRATO+REPORTE
LED-T0-d24d9474e420531e6311d49e	RUN-377a255de24ca946	377a255de24ca9465f073b024699b680655672bfc37ffd19f3bbb24a76790d62	TOBS-a9dc6f3ae60d9acb20639973	TOBS-af047c57b883a2e7d73e0c79	ACT-dcbf867f7fc7b6978a3b97f3	OBJ-d7354b14988e75688e8dc39d	enif_2018_cuestionario.pdf	cda9a0283a39514e404c53aacb1d0200b68b38f29d8e06b4cd2386a4b8b558e9	REUTILIZADA_PRE_T0_CORREGIDO	data/curacion-universo/reportes-inspeccion.tsv#reporte_id=RINS-51f8adff6b9fbdf6dc8ec2b0	8bcc9f1dfd04dcb282bfa6308b17f4e9ed619fb0f3abccfb2fcf987b7d3bfff6	data/curacion-universo/contratos-inspeccion.jsonl#tarea_observacion_id=TOBS-af047c57b883a2e7d73e0c79	acd9b35002a1d4072bdabc226e13c0386387589e658234c3cfcad57612144c3e	b31723f47e59f7919f398ed5a8b6449c687637c139698370bcf51132876903b9	RUTA_LOCAL+SHA256+ACTIVO+TAREA+CONTRATO+REPORTE
LED-T0-d390d18729892e5d23312954	RUN-377a255de24ca946	377a255de24ca9465f073b024699b680655672bfc37ffd19f3bbb24a76790d62	TOBS-f12f812292ebc6aa933218fb	TOBS-c79cb552d663d9dacbd87a9d	ACT-133acc234c6b77b003c03e66	OBJ-b45bb9deb971eb343a2138a7	elcos2012/ELCOS_BD_dbf.zip	925013378ceffc1cb800902dad2d0d090992d8ce7f5e6049a51b0605c85b30b5	REUTILIZADA_PRE_T0_CORREGIDO	data/curacion-universo/reportes-inspeccion.tsv#reporte_id=RINS-2dc3db124a252c0c167e9f72	fdbbcba03069c81e835cd6cc89e18276aafc0a3484896bf5a0b9fc57f1d8e964	data/curacion-universo/contratos-inspeccion.jsonl#tarea_observacion_id=TOBS-c79cb552d663d9dacbd87a9d	bec26977b9a64884e982ba0375f39836a871ad6e5e26888c15b02cc2f0bd884a	33649eaa04779788cf8a2330f84369eb75fbdf67b6605101fbfa5a6de61f49c3	RUTA_LOCAL+SHA256+ACTIVO+TAREA+CONTRATO+REPORTE
LED-T0-d3e773ec2b0333105c1218f6	RUN-377a255de24ca946	377a255de24ca9465f073b024699b680655672bfc37ffd19f3bbb24a76790d62	TOBS-41bdc623ea0434b54cedbc1d	TOBS-196e2c71344252115ec91acb	ACT-3819495d61ff039e346335bc	OBJ-c79431f0b62762dcb99792a1	mociba2023/mociba2023_bd_dta.zip	8669bc65bd72f9291d7eb900eddd7edb40b11fb02bc311e76c2d901a673cf6fd	REUTILIZADA_PRE_T0_CORREGIDO	data/curacion-universo/reportes-inspeccion.tsv#reporte_id=RINS-6eb288a0d433fd2146d57658	09ed3c3e6d5a4ac503fe4572030637023372b98d96e6094f3575a98d3b784d11	data/curacion-universo/contratos-inspeccion.jsonl#tarea_observacion_id=TOBS-196e2c71344252115ec91acb	4c79bae7cb44071b8ab4d4ab16384f65141a81ecc687cffb304cadba608be629	964aa0cc14bde07d6e061169ddf722ba1c34c4b646f0c3774fc6fdfe6e123ba5	RUTA_LOCAL+SHA256+ACTIVO+TAREA+CONTRATO+REPORTE
LED-T0-d45e27334f5ae310504c5e03	RUN-377a255de24ca946	377a255de24ca9465f073b024699b680655672bfc37ffd19f3bbb24a76790d62	TOBS-ce503c3dc3fcd6dfc3404bb5	TOBS-48e3c967b8cb112e7d80ec09	ACT-36de39c6b7ebf9f370c65131	OBJ-113372ed0da82d91f8ddb15e	mociba2020/mociba2020_bd_dbf.zip	f45b6a1634c32c783d3a6d30059d2e51c83ae3d30d19fa94783d7e26843b73b0	REUTILIZADA_PRE_T0_CORREGIDO	data/curacion-universo/reportes-inspeccion.tsv#reporte_id=RINS-4eec52229534531a38f70830	3836280f3eff0515de05381c8d4cbae8f648401580ec104f43d9a4825f49374f	data/curacion-universo/contratos-inspeccion.jsonl#tarea_observacion_id=TOBS-48e3c967b8cb112e7d80ec09	30128aa3ec2b605b98e186e12915e7e09c22092b3cf55eabf182299ae5a15ebe	eaf053e7376d6f68abde235135ac35f7edfa82e9050fb6ac76b8a9a00e55a2ad	RUTA_LOCAL+SHA256+ACTIVO+TAREA+CONTRATO+REPORTE
LED-T0-d464689728b8eeba42a0538d	RUN-377a255de24ca946	377a255de24ca9465f073b024699b680655672bfc37ffd19f3bbb24a76790d62	TOBS-eb1270537acd72d00d8ca9c8	TOBS-59f9aa439b38f6a3bbc869e9	ACT-63435ddf40f3f696b1d08ab1	OBJ-f4f25db763f4295da51c6712	endireh2006/bd_endireh_2006_RData.zip	e3456fb7c551c527e83bfc2fc1e2d33007e54b5db5821f8733b303468fb31596	REUTILIZADA_PRE_T0_CORREGIDO	data/curacion-universo/reportes-inspeccion.tsv#reporte_id=RINS-c16d35eb866b30629704481b	cca18f4ba99ce3d709747324e3da0e0bf66fec9c7413992d8cc9c7b3a00e046e	data/curacion-universo/contratos-inspeccion.jsonl#tarea_observacion_id=TOBS-59f9aa439b38f6a3bbc869e9	edd142c38245fff96e290ea589c5b14ea7c294fb73285cbcd7bb2b0f1f8492d7	a2217d712a5b2bed1a2a680007339daf5a494d76c56e50674e5b072554ecb329	RUTA_LOCAL+SHA256+ACTIVO+TAREA+CONTRATO+REPORTE
LED-T0-d48e042d35a07348076377f5	RUN-377a255de24ca946	377a255de24ca9465f073b024699b680655672bfc37ffd19f3bbb24a76790d62	TOBS-f711b0f45207f2f3f180b422	TOBS-e9fdfb1ea8e726d4e387e380	ACT-49ab7eff23ba43a2166aa503	OBJ-a3818fdc8481890a3b884192	endutih2024/endutih2024_bd_dbf.zip	ef723ed125c81c4a9036b74fab67f520de007a2d52c5e0b03d4ebec509e1ae87	REUTILIZADA_PRE_T0_CORREGIDO	data/curacion-universo/reportes-inspeccion.tsv#reporte_id=RINS-34e8e59c98e5ef97dbce5c08	25de290af76c972a467bb5315cedb8691ed31d9fac7ea1fa2c8b82a99c3eb9f3	data/curacion-universo/contratos-inspeccion.jsonl#tarea_observacion_id=TOBS-e9fdfb1ea8e726d4e387e380	2d975aa271cd0391d6af771e524b48961a36883f311c7231c98a0e722a535244	3c574690dcd96452ab58740a987a7140d44a382752c7f1c15a5aeb1c196cc599	RUTA_LOCAL+SHA256+ACTIVO+TAREA+CONTRATO+REPORTE
LED-T0-d5118417c50c07cc17d0a9ff	RUN-377a255de24ca946	377a255de24ca9465f073b024699b680655672bfc37ffd19f3bbb24a76790d62	TOBS-3fa63e8f7fbdd271c034881a	TOBS-75fb1818da19772ab0980c31	ACT-70a9e37eaae5838c702271a9	OBJ-84e53f0bda9d8ba229e75fda	ejemplobd_enestyc_1992_stata.zip	852ef3ee45c58f80c5a3dc30b896cea9585768efab6df3c31ee741e53ca9789f	REUTILIZADA_PRE_T0_CORREGIDO	data/curacion-universo/reportes-inspeccion.tsv#reporte_id=RINS-7de18a1e770e3991c3553310	d61cb4a7a522c756d3214463d26c6b0ad520a8c63392e52a113120b7a99d272c	data/curacion-universo/contratos-inspeccion.jsonl#tarea_observacion_id=TOBS-75fb1818da19772ab0980c31	2ced7a1425e83df2af4b150fdecab6d6c2c387804685972e3f54ebc12b816f9d	041d6060484cd58298ec94507f29e32783c884d1fbb27f7ce4ebe6bcd1256336	RUTA_LOCAL+SHA256+ACTIVO+TAREA+CONTRATO+REPORTE
LED-T0-d5c5277dbb37fe30b4b5f411	RUN-377a255de24ca946	377a255de24ca9465f073b024699b680655672bfc37ffd19f3bbb24a76790d62	TOBS-c9f3c904a639187d56587e1c	TOBS-9fdcd26ba04458962bb2feaf	ACT-a1d2f2b1ef12aa323d250ed4	OBJ-f7a5d2f174a984e45addc901	R1_1_AGROASEMEX/padron_integrantes_sistema_nacional_aseguramiento_agropecuario.csv	d2cf2d33decdad3271476e6a840b561fc00b3227729a30f67f896ff5d542bf34	REUTILIZADA_PRE_T0_CORREGIDO	data/curacion-universo/reportes-inspeccion.tsv#reporte_id=RINS-0526f6dae38a6fe6a4d5e842	65933cc3fbdb51c9dd2cfa7825d4cab0e567e1d1db67b465661c48c7c50865bf	data/curacion-universo/contratos-inspeccion.jsonl#tarea_observacion_id=TOBS-9fdcd26ba04458962bb2feaf	7f6f0ff1d700900af4f004a98e14753830945b63831d8c084102b472169abcb5	eaa4d8278c8208d6746ce5aff79062eb943c61bc60ad6c6a74c8daefed8b4651	RUTA_LOCAL+SHA256+ACTIVO+TAREA+CONTRATO+REPORTE
LED-T0-d6405d94371a843eb1f338e9	RUN-377a255de24ca946	377a255de24ca9465f073b024699b680655672bfc37ffd19f3bbb24a76790d62	TOBS-ce4a34502178b59a313ea704	TOBS-6678a8cd7d832b68eb61a2de	ACT-28adc655d1e37e48de20bd65	OBJ-ae67d84817959354a35bdf94	eder2025/eder2025_bases_dta.zip	e79a7d7f46036313ef1242545f4d1c580d70795dffbcbfe3d8011d901a129a14	REUTILIZADA_PRE_T0_CORREGIDO	data/curacion-universo/reportes-inspeccion.tsv#reporte_id=RINS-8c9cb931914c375101b2e884	9b6c0bfffaca0171ab6f476872ea38cc9f35eb0b74efdbbc3a8a45c96804ba1b	data/curacion-universo/contratos-inspeccion.jsonl#tarea_observacion_id=TOBS-6678a8cd7d832b68eb61a2de	7c37b257d61a3973399382f0fbc0ab4312f985f759a429e2d4d79dd6caf9c0c1	98973600cc7230ea3ac8ae957e41950527c92c9dfbac1dff4fc5e97848bb2728	RUTA_LOCAL+SHA256+ACTIVO+TAREA+CONTRATO+REPORTE
LED-T0-d688940239fd51971212a7ea	RUN-377a255de24ca946	377a255de24ca9465f073b024699b680655672bfc37ffd19f3bbb24a76790d62	TOBS-0636b964ce2521c72a336afe	TOBS-401743e653e5add8d9d468fc	ACT-a5b1ba06474f0809ac967843	OBJ-93b3082f102a56e1b6ab7daa	ensafi2023/ensafi_2023_bd_csv.zip	c0594079ddf4733d4f574d00f5e84290c62c5330eab0567dd867c26d42fafacd	REUTILIZADA_PRE_T0_CORREGIDO	data/curacion-universo/reportes-inspeccion.tsv#reporte_id=RINS-e6b455f723e30e199e5ab6b6	fed8006f4d1646a089a398a05ae871fe4d32be3ba9398436bacd06a45b9f994b	data/curacion-universo/contratos-inspeccion.jsonl#tarea_observacion_id=TOBS-401743e653e5add8d9d468fc	46f106e98a5d4736f0c559c40377ddafb1b18cc8475dc5c130f064813c37a2ca	945213046466ccb94c06d65afe066628d90bb059f4b38dda050e06c1d52a2237	RUTA_LOCAL+SHA256+ACTIVO+TAREA+CONTRATO+REPORTE
LED-T0-d7440ab566b281544dced366	RUN-377a255de24ca946	377a255de24ca9465f073b024699b680655672bfc37ffd19f3bbb24a76790d62	TOBS-4c44bccf832b283f26ffc37c	TOBS-32589c31e214754278834876	ACT-5c9e7dcfd4abebf9ae0cf088	OBJ-4b91838ec6db6d3a39501f0c	enigh2014_nc_csv.zip	fffec78d722e010229af7cc241592653163766f4216cb73a27c4fd87a11ada7e	REUTILIZADA_PRE_T0_CORREGIDO	data/curacion-universo/reportes-inspeccion.tsv#reporte_id=RINS-789681863e4449d1b99bef9e	f935e49265e3a488f61657bd2151578cd6b1ce9070458b69ea47d72267f3b525	data/curacion-universo/contratos-inspeccion.jsonl#tarea_observacion_id=TOBS-32589c31e214754278834876	3bcea64f01e0e11e494de7ad0b91b264936e26fb8b21a600dd98b51d8b156ec9	34f122a885504b7310ab6b45c69f13df45a2063e295a54a81cae1fd7d598780a	RUTA_LOCAL+SHA256+ACTIVO+TAREA+CONTRATO+REPORTE
LED-T0-d93e5f9b3f32d18c1f740b6d	RUN-377a255de24ca946	377a255de24ca9465f073b024699b680655672bfc37ffd19f3bbb24a76790d62	TOBS-ae9b011eb29a0d9ee5ab85e0	TOBS-ea093405a626199f634d27b4	ACT-aee419a28b05d300f706f653	OBJ-af839c479459a9b48b60d3db	DescargaMasivaOD_382026_131650.xml	97bdf1888b9c441860cc4bc49f445026fc35335695840c85fedab22f5d3fa46c	REUTILIZADA_PRE_T0_CORREGIDO	data/curacion-universo/reportes-inspeccion.tsv#reporte_id=RINS-b66448ee768b9aef6d1b1f7e	715a9d9b22e1ceede05176b20ef8ecd6e931b9634e808181dbf658541fbab8fb	data/curacion-universo/contratos-inspeccion.jsonl#tarea_observacion_id=TOBS-ea093405a626199f634d27b4	2efd6a56715e7468c8bfebffa8c09fa60e9680de9916ee09289bdbbbbc4ad888	f054d5028faf8d4d36347c6b5dc97cafff361fac76242ec855310593bd003c54	RUTA_LOCAL+SHA256+ACTIVO+TAREA+CONTRATO+REPORTE
LED-T0-d95e69538a78eb93967944ed	RUN-377a255de24ca946	377a255de24ca9465f073b024699b680655672bfc37ffd19f3bbb24a76790d62	TOBS-fb9414a2f7c815ee7481a9d9	TOBS-ca2a26cbadb2c0ddb9586583	ACT-31e53822cf0db230404200da	OBJ-11959899f7b6e334085d30db	R9_1_ENSANUT_utilizadores/ensanut_2018_utilizadores_servicios_salud.pdf	164309f4742408b04cd0d561ef3cf4d78b1b82844569e469dec740e4f54fc721	REUTILIZADA_PRE_T0_CORREGIDO	data/curacion-universo/reportes-inspeccion.tsv#reporte_id=RINS-d41754cd525ea8b6dc7ecb80	20f3ee98cb758c7db5f2341361eed5d14800d1f6e4b03f5701ca4a9c6246f112	data/curacion-universo/contratos-inspeccion.jsonl#tarea_observacion_id=TOBS-ca2a26cbadb2c0ddb9586583	71b7d82207aaeeb41910b6286b3f32fa79f7214fe7e79ef15fd7132bfb631c7a	848e9e63e0eab07370970f71107a544f4a813b62521e1aa2fa287339678738ff	RUTA_LOCAL+SHA256+ACTIVO+TAREA+CONTRATO+REPORTE
LED-T0-d9827612a489f33b299ce2ca	RUN-377a255de24ca946	377a255de24ca9465f073b024699b680655672bfc37ffd19f3bbb24a76790d62	TOBS-9bce4d91e4a3ea9e6a28070e	TOBS-fe22de3bad56ca4f0c632f2a	ACT-e985daca4efdef2e227948ae	OBJ-5de5517fdce547c633f1bada	mociba2020/mociba2020_bd_csv.zip	a976ec071dfdf250e4eb0163b3e200c00bc9c4aa2e99f9821c131fea7431bd9f	REUTILIZADA_PRE_T0_CORREGIDO	data/curacion-universo/reportes-inspeccion.tsv#reporte_id=RINS-bcc779fbc08e1ed1f3062556	ec7b82a2f966cdf2ee8aa941b095e35a2f0fd957d98f928585def2e67041723a	data/curacion-universo/contratos-inspeccion.jsonl#tarea_observacion_id=TOBS-fe22de3bad56ca4f0c632f2a	7c560c8a7ed8f0d682311ddac23c457fe8d3421ffc57dfc2ae205bb7988df7e7	640d8387970c3015c9875207a8c4e54b248b2340fd553b8d3b00285aa8a1fff7	RUTA_LOCAL+SHA256+ACTIVO+TAREA+CONTRATO+REPORTE
LED-T0-d9c6717f851d0faf7251e354	RUN-377a255de24ca946	377a255de24ca9465f073b024699b680655672bfc37ffd19f3bbb24a76790d62	TOBS-7f27d7133af78271c029115b	TOBS-0e7fc1d351346bdbf53467c4	ACT-4b8465d5a198812bc1e90e22	OBJ-101b9c1360e31830459d4f14	enut2024_fd.xlsx	4a7dddf1bc0612f5e72694b146848804edc47d8f00c86e7d34d1cfb8f5ec3f58	REUTILIZADA_PRE_T0_CORREGIDO	data/curacion-universo/reportes-inspeccion.tsv#reporte_id=RINS-ad05b44bc9220c6f851938cb	4cd601bbb38ae03cf2c2b14abbdb247dbd7043dbb25265e0a3bb25f6eee82eac	data/curacion-universo/contratos-inspeccion.jsonl#tarea_observacion_id=TOBS-0e7fc1d351346bdbf53467c4	b091936e62611bdedd9f5ade886e3cada05153f94bf0be0669eaa934c533f14d	e3359a0a4fb95cce41aaffdaaf554a66512f8c0b662ec595a9549545f9940e23	RUTA_LOCAL+SHA256+ACTIVO+TAREA+CONTRATO+REPORTE
LED-T0-d9d6abbf762faefc675c2f7f	RUN-377a255de24ca946	377a255de24ca9465f073b024699b680655672bfc37ffd19f3bbb24a76790d62	TOBS-6635e846aafa23dd696868b7	TOBS-8ec82e75806eba9e19d43010	ACT-5698aa733aefc13e6566cdab	OBJ-41815c140f7e54a48c0b7a4b	engasto2012/persona_dbf.zip	12fc666aa8d3071aace09240c110a7c3d602dafba8483059a5000c9a3b626f74	REUTILIZADA_PRE_T0_CORREGIDO	data/curacion-universo/reportes-inspeccion.tsv#reporte_id=RINS-455ea4f87748b9a49ebd2cc1	839bdeedbdfa3679935ec1189ce2c70f0d841a0cb9df8c2b5f734cf37a11fadd	data/curacion-universo/contratos-inspeccion.jsonl#tarea_observacion_id=TOBS-8ec82e75806eba9e19d43010	975d68dc3b7a813b8d9b229b7415c90751787a65ab78b24c1b1f50d112491563	4f8520a9f0a8ee9a14db7f8442d03f4453140e3be09ad323be86156cab153b7a	RUTA_LOCAL+SHA256+ACTIVO+TAREA+CONTRATO+REPORTE
LED-T0-daa10840dc3ca41112539aad	RUN-377a255de24ca946	377a255de24ca9465f073b024699b680655672bfc37ffd19f3bbb24a76790d62	TOBS-7e077ae83ee772fc0a7ff5c0	TOBS-0598cc1710be8236001c2025	ACT-9741020dab6d2bc85ddbfb38	OBJ-e91a53e197f37e148fdd884d	envipe2024/bd_envipe_2024_dbf.zip	ece8512747e7c6035e77d5c077a41e5cb433431a37a4cbcfa5ad1eeb7c8c5578	REUTILIZADA_PRE_T0_CORREGIDO	data/curacion-universo/reportes-inspeccion.tsv#reporte_id=RINS-5c7e32fe9034bfdad14dd170	b5ee5fc04473447e5bfbc309357d17a6efd518299d5b6607f1bb48202b411324	data/curacion-universo/contratos-inspeccion.jsonl#tarea_observacion_id=TOBS-0598cc1710be8236001c2025	7faa3d7f60780eacbca043ed3e70fe3537ab43632e5d70307cbd1b13e2936557	e4345a87524c740ae1ac4b9012221c225a83aae8b23ff693d1dbec93794b1d7f	RUTA_LOCAL+SHA256+ACTIVO+TAREA+CONTRATO+REPORTE
LED-T0-dae7c35299af109e1c77a378	RUN-377a255de24ca946	377a255de24ca9465f073b024699b680655672bfc37ffd19f3bbb24a76790d62	TOBS-58e2d6ab519799d423f1aa8a	TOBS-f3a42e198d427701a22a4a4b	ACT-41597d3478dc715f19a2bd38	OBJ-a4ff7ff3fcdaca66d0f3ab10	ennvih/doc/ehh05cb_b3a.pdf	673bcd8a5000cf20846b0eea1919f35ccbad43ecde0022d1735f0f4a8feb1216	REUTILIZADA_PRE_T0_CORREGIDO	data/curacion-universo/reportes-inspeccion.tsv#reporte_id=RINS-28db1274161eac418c75738d	a4af547865cf20eb6e014c1dc1680ce5737d5ab9ff108b89a8d9fa4718d73df0	data/curacion-universo/contratos-inspeccion.jsonl#tarea_observacion_id=TOBS-f3a42e198d427701a22a4a4b	8a0f8396b42113c08740b0cd5f7d80b8255dc55e2c60781cf1743cc43ce07b99	99f3c18065de286a60b336b37419ee19b115aca1d818603ff5f3ced5b75f8346	RUTA_LOCAL+SHA256+ACTIVO+TAREA+CONTRATO+REPORTE
LED-T0-dafec17e057e00c910cb7283	RUN-377a255de24ca946	377a255de24ca9465f073b024699b680655672bfc37ffd19f3bbb24a76790d62	TOBS-6105cde99d03976d06eb3e71	TOBS-008d33026f72aaf3a8ebb049	ACT-5eed2fcf9d64e8f710606fc1	OBJ-ca5a416674150341bbdb3f28	encig2023/encig23_base_datos_dbf.zip	8512fc49f4cbac12e18d44c4d7d0d063214bbd3d01ff1b24cca4df7bf7285737	REUTILIZADA_PRE_T0_CORREGIDO	data/curacion-universo/reportes-inspeccion.tsv#reporte_id=RINS-d20b72278915333f2f9c0602	1a9221ff28d1530e1def7e6379250ca7674ea89d13288481305c5a15cfa541d5	data/curacion-universo/contratos-inspeccion.jsonl#tarea_observacion_id=TOBS-008d33026f72aaf3a8ebb049	b17906f7fe4c49fd31259bf89e23295eaf50c9e1bec5a8696ba06bbbb2e08226	0829834ad55dd750d599ba4efc03f5d2cf49c730df934ac0a9f23c59f4972f64	RUTA_LOCAL+SHA256+ACTIVO+TAREA+CONTRATO+REPORTE
LED-T0-db2da5dd111c8a2880d21b91	RUN-377a255de24ca946	377a255de24ca9465f073b024699b680655672bfc37ffd19f3bbb24a76790d62	TOBS-72768efce981e5ba97c280e8	TOBS-3104db64bbbef580dec03172	ACT-9110d3410ac0256e7befaf16	OBJ-71a24272a5a5e4f15d5d9545	ennvih/ehh02cb_all.zip	a3220412505d6684e50548bdd1e01ce816d3af99ed846e4e27f30f35e9b506b2	REUTILIZADA_PRE_T0_CORREGIDO	data/curacion-universo/reportes-inspeccion.tsv#reporte_id=RINS-434732db203f89020f1722bd	83e5779658c24374dc1796a4f28a447b2f02cedf7bf1c03070a4c308c008acda	data/curacion-universo/contratos-inspeccion.jsonl#tarea_observacion_id=TOBS-3104db64bbbef580dec03172	48a3edf1bff84c4df08e320a71da464c5b3c789ac843290f37104bf4040b6122	dbc99f35e32190ca2dc33fdf7187e2f30c1752070b2dc6c6e7ca8c430d9ba0db	RUTA_LOCAL+SHA256+ACTIVO+TAREA+CONTRATO+REPORTE
LED-T0-dddc4770c9f8120061ca299b	RUN-377a255de24ca946	377a255de24ca9465f073b024699b680655672bfc37ffd19f3bbb24a76790d62	TOBS-ac5897ef35a7c2678110510f	TOBS-1a8d1204ebafb51c25c45a77	ACT-09e4ebd63b2cc052b35d92ce	OBJ-a1511fc1010d3f65e806f081	R2.1_R2.2_R10.2_RNM_microdato/inegi_rnm_518_download_19219_informe_final_levantamiento.pdf	ccde5597f5afe98464a4af1298d37223c69641a25b12d0d1b51f4cf91f30fa24	REUTILIZADA_PRE_T0_CORREGIDO	data/curacion-universo/reportes-inspeccion.tsv#reporte_id=RINS-eef2723054cf8c09bb9f3e12	6cdab761bbfa40bfc5fe9a530f01f237a61cddaeaf57b79f4d63bffb9df3a90f	data/curacion-universo/contratos-inspeccion.jsonl#tarea_observacion_id=TOBS-1a8d1204ebafb51c25c45a77	4aa340fb5b83a0cf8befb05af9de254c18a3e0dcbf8ad94f7d6a553e162efc13	aaa793b4d9132bc777b57998919a913219de1782d9f097885998b4c0c356b8f3	RUTA_LOCAL+SHA256+ACTIVO+TAREA+CONTRATO+REPORTE
LED-T0-de0f267c3a55f46c0b7fde1f	RUN-377a255de24ca946	377a255de24ca9465f073b024699b680655672bfc37ffd19f3bbb24a76790d62	TOBS-1409d47dafc0375e3d4cae9a	TOBS-6e92d1b01bc6e0b164f3851d	ACT-45527b2910e9cf0a64116273	OBJ-a13dfc35260c99a1057bc94a	endireh2016/bd_sd_endireh2016_sitioinegi_dbf.zip	7717d961281ce7a01a43039d2329347ffd11a278edde02403c116f86425e8511	REUTILIZADA_PRE_T0_CORREGIDO	data/curacion-universo/reportes-inspeccion.tsv#reporte_id=RINS-659a8ef0bced91e8f9c57ed7	ee7d07853e85385a634fe5c79d3651b5e4619f23cdda97d1ebec94fa6043a80e	data/curacion-universo/contratos-inspeccion.jsonl#tarea_observacion_id=TOBS-6e92d1b01bc6e0b164f3851d	a49f8555a4e8defd073f1c8ea51aa2e2e00601d42f121772b33fd436f9049c76	386804a61794b290db4beab422fd553427716ebdb603db36909bc8054c7362a4	RUTA_LOCAL+SHA256+ACTIVO+TAREA+CONTRATO+REPORTE
LED-T0-de7e1b6b3b54d44160c49473	RUN-377a255de24ca946	377a255de24ca9465f073b024699b680655672bfc37ffd19f3bbb24a76790d62	TOBS-a131817fe57ec1ee97b8f34c	TOBS-1f568fd741c2f82ab370ef08	ACT-bb012405d0ee778424be6d6f	OBJ-25ff6419cc17daa4563f57fb	Censo2020_CEU_eum_csv.zip	49f2dd9563d9dda71f884b57655ecd1b34607c51acca72f8647403810a84d2cd	REUTILIZADA_PRE_T0_CORREGIDO	data/curacion-universo/reportes-inspeccion.tsv#reporte_id=RINS-fee9055a9223e41bf43b4dc7	b766ff5a33348920569915f5ea98a3e19f534006b3b140e0c232978a915ddb36	data/curacion-universo/contratos-inspeccion.jsonl#tarea_observacion_id=TOBS-1f568fd741c2f82ab370ef08	80cf981b5c8b142b4e125c8809a1fc9ab2956a20478d59e1650f2671098a8ad6	9871dcb3a035aaeecd1a48996d3ca230227631af4e9b3ca1f61ab10394051452	RUTA_LOCAL+SHA256+ACTIVO+TAREA+CONTRATO+REPORTE
LED-T0-de9e2421b19ee0cfde8cd75a	RUN-377a255de24ca946	377a255de24ca9465f073b024699b680655672bfc37ffd19f3bbb24a76790d62	TOBS-7a4ce93961b59e837e49d9ba	TOBS-c3e8dcb4576158c1bcd97ccc	ACT-2e866e887718717f88e024e4	OBJ-47921ecdc66b385c5301e5cd	R3.4_Banxico_CoDi_SPEI/informe_anual_IdMF_2024.pdf	c164b91183402c0728f9799bf4c6889706c71158b45c40546b28a07ab2c78d6f	REUTILIZADA_PRE_T0_CORREGIDO	data/curacion-universo/reportes-inspeccion.tsv#reporte_id=RINS-642992821f52ec604c6b48ea	6ab4e7a1b69a6a06dec2bf6ebbbd7906d84390137c39a3903887f1e55043d996	data/curacion-universo/contratos-inspeccion.jsonl#tarea_observacion_id=TOBS-c3e8dcb4576158c1bcd97ccc	91057cb00e9a5335fcf316b34bfbc7503548915ff501567bc61b95f9f0a9cc4e	88114008f63d1d69a8c9e5a48d5327e445abd0b735ae03c52bcc1d75a6f5c717	RUTA_LOCAL+SHA256+ACTIVO+TAREA+CONTRATO+REPORTE
LED-T0-df3d8e4f7faf51737b582ac2	RUN-377a255de24ca946	377a255de24ca9465f073b024699b680655672bfc37ffd19f3bbb24a76790d62	TOBS-7ff2a8caea321c7c9852967a	TOBS-e2c3aa858091532e20fe146d	ACT-e98d7e257d7641ec7969f671	OBJ-8e5d89d487669492346cfff7	ennvih/calculo-de-factores-de-expansion.pdf	cc297561caa5e963fd5a7cd88a8ab0a45726b997015eafbcdac7bcf088fe214d	REUTILIZADA_PRE_T0_CORREGIDO	data/curacion-universo/reportes-inspeccion.tsv#reporte_id=RINS-6f8a67c783eeb040afdaead2	a03b123a3a1c95e601cea7313fed8db84c678b78f25a83367641529d1378b488	data/curacion-universo/contratos-inspeccion.jsonl#tarea_observacion_id=TOBS-e2c3aa858091532e20fe146d	5ed2a5b1c8f0de40143be5b5981812e1aeda7a403f00bb120364904df1fadfff	2c84af309ed05091d2e05115497fc89f3e8879244d2ae5b070deba1e340027ce	RUTA_LOCAL+SHA256+ACTIVO+TAREA+CONTRATO+REPORTE
LED-T0-dfe8b15f4c73e262af87e141	RUN-377a255de24ca946	377a255de24ca9465f073b024699b680655672bfc37ffd19f3bbb24a76790d62	TOBS-fa7ee8997b59703cfa7d27eb	TOBS-1c7ee3524649c05a4bf12396	ACT-efb81cdb37209beb5e72c367	OBJ-366d32f6196cf85455625237	mociba2015/mociba2015_bd_dbf.zip	2e55f731d7e164337e6be15651b7e8e3848084502c5d3169e69a2fe4211e7faa	REUTILIZADA_PRE_T0_CORREGIDO	data/curacion-universo/reportes-inspeccion.tsv#reporte_id=RINS-ba413eea2af1081fb57452bc	8e8a420d53f4e880a9b5a0a5883324e79f7d36920f52b6d8f2b914ea6130940b	data/curacion-universo/contratos-inspeccion.jsonl#tarea_observacion_id=TOBS-1c7ee3524649c05a4bf12396	f0b710db4d9bc8111e17ff62567295c0a1d9db769edc8b45122495a33b0646c3	326ccfddb7807c16a706d5ceca2c629a4415684250248cef4f304a8122dfbf7a	RUTA_LOCAL+SHA256+ACTIVO+TAREA+CONTRATO+REPORTE
LED-T0-e08df94204fe1eb10b41a767	RUN-377a255de24ca946	377a255de24ca9465f073b024699b680655672bfc37ffd19f3bbb24a76790d62	TOBS-12578238ee8562938b417b13	TOBS-7917f80796cca40f6c5b41ae	ACT-0c943eb66f4ad793b5160891	OBJ-588ac69d51caceedca408b08	ennvih/ehh09q_all.zip	4eaed9c07a638fdd388901cd84692b9de2f8503ccf5d54da524b660b46fb5340	REUTILIZADA_PRE_T0_CORREGIDO	data/curacion-universo/reportes-inspeccion.tsv#reporte_id=RINS-0158b8414fffaf28091c42bf	dd37d6709f28f37442083c76ba274f3453148ad39a2e3ea5c51160e0342e17a5	data/curacion-universo/contratos-inspeccion.jsonl#tarea_observacion_id=TOBS-7917f80796cca40f6c5b41ae	9954042fdc613b75ca43b9b0fafd6cf101526cf7e7c1c02e1da8b06f4f356813	2ac01b031c2eef9652970931ade66bccb8d95f47995d409badb0a9dee2369984	RUTA_LOCAL+SHA256+ACTIVO+TAREA+CONTRATO+REPORTE
LED-T0-e0920f4dce70555408f62550	RUN-377a255de24ca946	377a255de24ca9465f073b024699b680655672bfc37ffd19f3bbb24a76790d62	TOBS-cb4abe6fa66a81fd92a670ac	TOBS-4dc9d5c7788d45469c6dc1ef	ACT-8758a7bd57ab61498bf5040a	OBJ-226b8e16abf3ac35c642fb2b	enoe_n_trim3_2020-trim4_2022.zip	2a25ab364e282cf1caff5a45b29ba104a26a38d7fda88fe1720b89ae299f7ed1	REUTILIZADA_PRE_T0_CORREGIDO	data/curacion-universo/reportes-inspeccion.tsv#reporte_id=RINS-f511496a7d8ae17713a0e190	90b2b21531f52947b270eb52869aa5b1e391f0156db877c882174811c5fa3564	data/curacion-universo/contratos-inspeccion.jsonl#tarea_observacion_id=TOBS-4dc9d5c7788d45469c6dc1ef	c3d86628a36d2b1aa6879369cd83ffb6d79eb2ae45c131f9b91d339de7878366	dfd83ee558559e1484a46a0268871104a38e22a6cb6e435553bf6ecbfe7813af	RUTA_LOCAL+SHA256+ACTIVO+TAREA+CONTRATO+REPORTE
LED-T0-e0b3fb0e2bdfc3c5cecdf42a	RUN-377a255de24ca946	377a255de24ca9465f073b024699b680655672bfc37ffd19f3bbb24a76790d62	TOBS-dc51011fa6991ff95c68c2f8	TOBS-2b0d2e06a90eb74598413e84	ACT-87c47daec27cb96dcc1856c1	OBJ-d60a1003b8f9a8de40e16ff9	mociba2020/mociba2020_bd_sav.zip	f388098bfd0f25b77d6bdcae2374f64ad7064247372bbd949fefd566de3d2fe3	REUTILIZADA_PRE_T0_CORREGIDO	data/curacion-universo/reportes-inspeccion.tsv#reporte_id=RINS-a1dbd19d86d2f185dca434d4	4cdd6f41dd01547abf4c53e889a4510210a57a18a0469d46d488ad8eb7ce39fe	data/curacion-universo/contratos-inspeccion.jsonl#tarea_observacion_id=TOBS-2b0d2e06a90eb74598413e84	967ec2f15677faa5e150322ff4b4d72100dba32ddca2cdf228cf753ccec65b81	4527cebfe8195c54c45d4ca438eb0c933c0628f809a414e3b84dad64dcb84b3d	RUTA_LOCAL+SHA256+ACTIVO+TAREA+CONTRATO+REPORTE
LED-T0-e0e0ff0574916f1f5a95ffcd	RUN-377a255de24ca946	377a255de24ca9465f073b024699b680655672bfc37ffd19f3bbb24a76790d62	TOBS-cde6ee6a579a8cfae2100c20	TOBS-7deb8f07a3a6255d75269982	ACT-a2ea7a5a2303bd50e393481a	OBJ-4d56517d2d6fae5cfcbf0294	envipe2017/calculo_indicadores_r_envipe2017.pdf	334fceeb4aeee9378ba8eca34defb906efa4d6ddf7a1c6bedd8a25fa90b2fc26	REUTILIZADA_PRE_T0_CORREGIDO	data/curacion-universo/reportes-inspeccion.tsv#reporte_id=RINS-cef64d4472f6b4167f76c28a	b134b127dae34337b800d0b282bb2159ba8dea87bdc12782828a6efb61736014	data/curacion-universo/contratos-inspeccion.jsonl#tarea_observacion_id=TOBS-7deb8f07a3a6255d75269982	13a37c4feb334f861a5a6c78f19955c91997fc9f7879f0da3471df59000c0460	c6c2d4574090ad04a55b90a5f14755ae2bc86e724fe8453ea037c2eb6d7229ae	RUTA_LOCAL+SHA256+ACTIVO+TAREA+CONTRATO+REPORTE
LED-T0-e0e4275f11be77d4c3bcb2ec	RUN-377a255de24ca946	377a255de24ca9465f073b024699b680655672bfc37ffd19f3bbb24a76790d62	TOBS-5ce083bca666c32f286a75ef	TOBS-c364da3357172dfb409dda6c	ACT-ade11095c3dd5f16031f6f20	OBJ-55bec8cfb271178106ca0aed	mociba2024/mociba2024_bd_RData.zip	3b09ea6eb52466f9ebbdb3109de8cd19ee88f2383fdbf3300f39ceba889bc0f6	REUTILIZADA_PRE_T0_CORREGIDO	data/curacion-universo/reportes-inspeccion.tsv#reporte_id=RINS-3cc42211d56743ce64844a69	8526d18392a14cdb12c09d1bce15b82d212e94494260153225934d4d93897424	data/curacion-universo/contratos-inspeccion.jsonl#tarea_observacion_id=TOBS-c364da3357172dfb409dda6c	2ce7d399d6b5d1d6e9e826e14b39af9dd3ef12df21ab9decaf28b9739d9112e1	5d793fb0c675c9ff6c6b3cef95439e31e28538f4d414008f0b18e3439579d75c	RUTA_LOCAL+SHA256+ACTIVO+TAREA+CONTRATO+REPORTE
LED-T0-e14dac39cf448d2a52866c98	RUN-377a255de24ca946	377a255de24ca9465f073b024699b680655672bfc37ffd19f3bbb24a76790d62	TOBS-20002772546757388698a3b5	TOBS-54da55e8e1996134e24e3988	ACT-7caba58c2beab82362eb4032	OBJ-0832dd3a5cec0fa192e13f0e	endireh2011/bd_endireh_2011_dta.zip	5bf6f4828709953558aac077afe9150c5254e06ac59d0ede3e4148241df580af	REUTILIZADA_PRE_T0_CORREGIDO	data/curacion-universo/reportes-inspeccion.tsv#reporte_id=RINS-77928df840143cfb84bbb861	666c1312828849e8d1a4bd64fb76d106ff08fd4e02795912aaf4f3abee94aff2	data/curacion-universo/contratos-inspeccion.jsonl#tarea_observacion_id=TOBS-54da55e8e1996134e24e3988	e254473f7e9ec2251c08ce23d38ae993e31ba44d0d3779023f36b4fa9f4ed256	ab5cc108f817f732df47622c111a710f7967207819102eae62a52d077af706dc	RUTA_LOCAL+SHA256+ACTIVO+TAREA+CONTRATO+REPORTE
LED-T0-e168e0c418df2e235fae608c	RUN-377a255de24ca946	377a255de24ca9465f073b024699b680655672bfc37ffd19f3bbb24a76790d62	TOBS-6dc6a6a5845cd050b8074d85	TOBS-730d07e18e45ef5dc54a5989	ACT-3c501ec3517a90b7c53aae73	OBJ-15dc0ab7f78c3c55e1a262a0	enaproce2015/ejem_base_pyme_ciega_csv.zip	d43c404c321307a0bf12c24a6d3153c9f3bed9874b7a96dccec13629c62168cb	REUTILIZADA_PRE_T0_CORREGIDO	data/curacion-universo/reportes-inspeccion.tsv#reporte_id=RINS-3c0f727bfecd8498eca03efe	c731f707b595a2c923cc874ec9d96ec850767a99bf0c097c8a1f383da0e9c435	data/curacion-universo/contratos-inspeccion.jsonl#tarea_observacion_id=TOBS-730d07e18e45ef5dc54a5989	fe076cf69f0219a3007d38a71d31fe8e3b58c451f0b0d7fab01d3913b9ea5671	41da337251cef04b7e13264c017d116b17eb38d24ddb95284fc6ac7a56b18f59	RUTA_LOCAL+SHA256+ACTIVO+TAREA+CONTRATO+REPORTE
LED-T0-e1dce72e579d93a002712436	RUN-377a255de24ca946	377a255de24ca9465f073b024699b680655672bfc37ffd19f3bbb24a76790d62	TOBS-156c1df76639950f9506df5f	TOBS-54b87f30789b793b0f548f73	ACT-f6d40f7a0fe011efb757fba2	OBJ-35812bf6a820dd83a981a52f	enif_2021_bd_csv.zip	769c3828ce11338379bdeb8f54b1a5b0f98d3e7b6a8cd4941815ca6d6e905e39	REUTILIZADA_PRE_T0_CORREGIDO	data/curacion-universo/reportes-inspeccion.tsv#reporte_id=RINS-51299b1cdef3a13d3f528692	ad137fdfa842e300d53101c2d46a5a9c9c655ef2c76b60ef328ca67020c05d81	data/curacion-universo/contratos-inspeccion.jsonl#tarea_observacion_id=TOBS-54b87f30789b793b0f548f73	cc1cbb15f1f15d4855e3e74430ee61e5948453677cd76ec9576f53bbb4678365	6db34a706d05c2cd377b9a3147709b110071d165ae87a97e69aa82f9fd3e6a3c	RUTA_LOCAL+SHA256+ACTIVO+TAREA+CONTRATO+REPORTE
LED-T0-e26b829407a6285b8977d277	RUN-377a255de24ca946	377a255de24ca9465f073b024699b680655672bfc37ffd19f3bbb24a76790d62	TOBS-0111316854b204d471707d19	TOBS-cbda025206c64f843f7c509e	ACT-304127530f5f8bedc9b5645a	OBJ-4b985e6a3241d15f80c75156	mociba2023/mociba2023_bd_csv.zip	3514972146248efbb1fee9e1bc325cd6954a1122f98a09cf6383b5025bd2dc15	REUTILIZADA_PRE_T0_CORREGIDO	data/curacion-universo/reportes-inspeccion.tsv#reporte_id=RINS-d2153134b0113de760351ac0	51208c4e9365ecd397e405ed7cc47e7b39b70f384942b9c8e286e363e5769821	data/curacion-universo/contratos-inspeccion.jsonl#tarea_observacion_id=TOBS-cbda025206c64f843f7c509e	186e84b09a8c1728c4643cead041ea6f692da49669bd012c1ece5e3a94ff3361	16fab75600722a17682d9e2d7d1eef1f011065aedf40de02308001002e470dda	RUTA_LOCAL+SHA256+ACTIVO+TAREA+CONTRATO+REPORTE
LED-T0-e2801c7ed6c99b9932b80c2a	RUN-377a255de24ca946	377a255de24ca9465f073b024699b680655672bfc37ffd19f3bbb24a76790d62	TOBS-1173998b454b8b72666205f1	TOBS-8b35bd3fc11726dc67782e86	ACT-6b95f4c8e16d0e6921bca64c	OBJ-3c4844635d9ed15cd412dcc1	enif_2021_cuestionario.pdf	2fe495a58f2eae73aa3f583d2859de3aa062c4d925453cb6522939c1fea81e16	REUTILIZADA_PRE_T0_CORREGIDO	data/curacion-universo/reportes-inspeccion.tsv#reporte_id=RINS-fa04f94c5b5d394eb245a877	4301552e6926c44e60d0c6cb538dded68f70728db47036c0be08c9cffbaf7122	data/curacion-universo/contratos-inspeccion.jsonl#tarea_observacion_id=TOBS-8b35bd3fc11726dc67782e86	0ed64a72fe71ef83a6197b942504cc6cc0d74c84462e42e214263136c192b911	3c2dacf7ae7d07034c12a75d03a78c431d0be970b99a17cd23214f4c537a7c60	RUTA_LOCAL+SHA256+ACTIVO+TAREA+CONTRATO+REPORTE
LED-T0-e2b5a412c089cd3f687b7fb9	RUN-377a255de24ca946	377a255de24ca9465f073b024699b680655672bfc37ffd19f3bbb24a76790d62	TOBS-b6cff793ff86f14facb6f066	TOBS-7354d3f1104ab59e73470f27	ACT-cff1e3baa4498932d153283a	OBJ-3c09dd63b43e2b5449225ddc	enaproce2015/ejem_base_pyme_ciega_dta.zip	f0c1e64c718a1df69b734f13e5bffc72ba6e268e634d764afaf557ca02c5f344	REUTILIZADA_PRE_T0_CORREGIDO	data/curacion-universo/reportes-inspeccion.tsv#reporte_id=RINS-f55de29be40797ae5b1b7f72	ec17072bf39c20f17262eb7a215daf525ca28078f37afa599b7835da0723ed7e	data/curacion-universo/contratos-inspeccion.jsonl#tarea_observacion_id=TOBS-7354d3f1104ab59e73470f27	6870b180b771380ed99a1a4e9bf14d451dd100d08fe50335424d0a8a7df5aba3	d917b911df36c11fdaa38a3dc8de18eab40fd73c64cbe5fb464db7a8e7ebd156	RUTA_LOCAL+SHA256+ACTIVO+TAREA+CONTRATO+REPORTE
LED-T0-e2c861c37af1e4f3ff672efa	RUN-377a255de24ca946	377a255de24ca9465f073b024699b680655672bfc37ffd19f3bbb24a76790d62	TOBS-bc46253911cb9921ec73cce9	TOBS-0b2921d5b2b0f2e8cc41e0d3	ACT-4f363977959ed35f8b8af29b	OBJ-b8096e49a4193d370db2faef	mociba2025/mociba2025_bd_dta.zip	dd7e83e949b609ebb5fa9664908122c73015fff00d0d29b7e45bbcecebb4cfc6	REUTILIZADA_PRE_T0_CORREGIDO	data/curacion-universo/reportes-inspeccion.tsv#reporte_id=RINS-d99c9276d29277a9c404c61d	2ea17afdef7796f30eda37d5bab30bf503fcd8f84ef1fcf909eae3b25cd3b78a	data/curacion-universo/contratos-inspeccion.jsonl#tarea_observacion_id=TOBS-0b2921d5b2b0f2e8cc41e0d3	ecc917124ac432e781644b91fdbd6f94a85a27eef6d20cb0ca46f9e24977c0f3	632583536904512998c8acc0c241881bbc5b3250114e812a59ef64dee8256087	RUTA_LOCAL+SHA256+ACTIVO+TAREA+CONTRATO+REPORTE
LED-T0-e3011515ecb9119ae22fc5a6	RUN-377a255de24ca946	377a255de24ca9465f073b024699b680655672bfc37ffd19f3bbb24a76790d62	TOBS-718bba21ba7bcc3439514b07	TOBS-26e80654f4d9b0385d4d0fb2	ACT-99019a06ee40057013f1ad41	OBJ-6438a0224573350f20e007ab	R3.4_Banxico_CoDi_SPEI/banxico_codi_avances_banco_mexico.html	3052e7114cb2b100d7f170c2dc78549ca47174a7b2f9e581e36bea12bfb0252a	REUTILIZADA_PRE_T0_CORREGIDO	data/curacion-universo/reportes-inspeccion.tsv#reporte_id=RINS-966b0b0b481cba8c47a0dcfb	3deaa5832c081305c805dcc7ede627cdac45888faaf1cbfb2ab1e8ea5e365db2	data/curacion-universo/contratos-inspeccion.jsonl#tarea_observacion_id=TOBS-26e80654f4d9b0385d4d0fb2	1b31de8c03d75a1c3c601274e98e0fc231f886d966c28550a0c2101ff9a8d592	e616ac88358a5daa895d3dc15b40f571d231a55093afae212e20f77ab047e454	RUTA_LOCAL+SHA256+ACTIVO+TAREA+CONTRATO+REPORTE
LED-T0-e31642ee2b1e8138ae2bb834	RUN-377a255de24ca946	377a255de24ca9465f073b024699b680655672bfc37ffd19f3bbb24a76790d62	TOBS-7ab67093b474e039dbb60485	TOBS-b469e39f954965f26ce91cb7	ACT-ebe18b53fd8b6dfe5912c56e	OBJ-8417418c7d3f74872474c212	ennvih/doc/ehh09cb_b3a.pdf	c015839b84cba0a9f42cf0ddebee1df379efad0639e43799cdb948f5153fa8f9	REUTILIZADA_PRE_T0_CORREGIDO	data/curacion-universo/reportes-inspeccion.tsv#reporte_id=RINS-2cf9095bcc47e7eebdfc7a18	2acb568d7886596c5dc7b3816b48b1f0d323a8b49892221a59b4b416d3b5ee20	data/curacion-universo/contratos-inspeccion.jsonl#tarea_observacion_id=TOBS-b469e39f954965f26ce91cb7	a2ccee59ac37fcc71f85c4dee05da58f5c68ffe038443372dd9271f78bd9299f	a0768d62fb62e4960b07983d9e487f1ed9a0058ac2a8ea024aabcc376335926b	RUTA_LOCAL+SHA256+ACTIVO+TAREA+CONTRATO+REPORTE
LED-T0-e4cf5fc2a5387121cf5f554c	RUN-377a255de24ca946	377a255de24ca9465f073b024699b680655672bfc37ffd19f3bbb24a76790d62	TOBS-02f3d0147d0bee03dc189c0c	TOBS-fec850259d4d4cbc02e849ef	ACT-99c41e4ed20a305697209403	OBJ-d84f2f5b7a231a9720673f5d	encig2025/encig25_base_datos_dta.zip	39ad383736f4f1a8ef53892e814cdc252d7ff0409f3517b1e57cd3fbf35dac86	REUTILIZADA_PRE_T0_CORREGIDO	data/curacion-universo/reportes-inspeccion.tsv#reporte_id=RINS-5bb28fbb2fb7889287b8a8ec	5359074cc8fd6eb6d5bad030f432b06846a0cd599dd623b0e6cbbfe6e0eb5396	data/curacion-universo/contratos-inspeccion.jsonl#tarea_observacion_id=TOBS-fec850259d4d4cbc02e849ef	ec5574a11e436b1a9078f7aa4b1a667145ff4158b8fa29a207e78e7273d048f8	f54c8df907381e69393c97bc83766f166d2d900dd7a204cb8938e0eb4bb2743a	RUTA_LOCAL+SHA256+ACTIVO+TAREA+CONTRATO+REPORTE
LED-T0-e4ec92abc3fa4c136e30aa2a	RUN-377a255de24ca946	377a255de24ca9465f073b024699b680655672bfc37ffd19f3bbb24a76790d62	TOBS-bc1eb759b28b2cbaec5270e2	TOBS-d94e2eb56b0bba412af7618c	ACT-248cd7e8e2f6cda7335b9514	OBJ-525b96e9e65ba1cd73eafc4d	Censo2020_CAAS_descriptor_bd.xlsx	ca169ac742c3cb683025e5e7933eaf8e11803a157981a8efbe6f09d38fb01dcd	REUTILIZADA_PRE_T0_CORREGIDO	data/curacion-universo/reportes-inspeccion.tsv#reporte_id=RINS-0dd6bd8e17f86ddbe644046f	99b82cecdd9880aead99fbfe76e406e48750f68056d152be722345303b91439d	data/curacion-universo/contratos-inspeccion.jsonl#tarea_observacion_id=TOBS-d94e2eb56b0bba412af7618c	78ddcf586fd0bbec00e318d020552b63b1914b14d5bf34159f2df7010f4993a2	514ba926be65b7c7a3758f9decd0cf9889381718c53c697196b7b451b387807b	RUTA_LOCAL+SHA256+ACTIVO+TAREA+CONTRATO+REPORTE
LED-T0-e5553eb9d9549e0c820adf85	RUN-377a255de24ca946	377a255de24ca9465f073b024699b680655672bfc37ffd19f3bbb24a76790d62	TOBS-70b17ce80c3e1115601e85e1	TOBS-676376afa72471a440de76ac	ACT-b21f4ac844cbfddb8c179731	OBJ-6072010204cabd1738dacbae	envipe2014/bd_envipe2014_dbf.zip	8f1d0eb519a0ceabe36d187d9a49734dbef97f219b86eea9084ebd1818973f77	REUTILIZADA_PRE_T0_CORREGIDO	data/curacion-universo/reportes-inspeccion.tsv#reporte_id=RINS-e3813c2a816785e593d9eec9	232d79cde540c17153787cb83c29c3bf86188524c2535b55bd1fdd4e326787cc	data/curacion-universo/contratos-inspeccion.jsonl#tarea_observacion_id=TOBS-676376afa72471a440de76ac	928f1bd23fe9aafd05fb4a3781e69eaea8f578c821e3c4b146f83fb84b78e885	e042205a1af6efb61d0bbeae111681025319767b46e76b9732065be0c088ad16	RUTA_LOCAL+SHA256+ACTIVO+TAREA+CONTRATO+REPORTE
LED-T0-e5c4cd968ec889062d0e2261	RUN-377a255de24ca946	377a255de24ca9465f073b024699b680655672bfc37ffd19f3bbb24a76790d62	TOBS-7298bdeae6e949146ee42da0	TOBS-46abf6949c92587597ad8bd6	ACT-386d3d9c7f29585377fa1951	OBJ-fa1dd951547491354c030e7e	cuest_modulo_envipe2019.pdf	95f78fc6f788dfe01abc34d7af7ff06446dd00e5a6c0fd62c63d0c942cf3fb42	REUTILIZADA_PRE_T0_CORREGIDO	data/curacion-universo/reportes-inspeccion.tsv#reporte_id=RINS-38331d3421ba919122d6c5b7	f2c4af275bf539442e9080613dc83dba5cddc031d5d0b00c0c5b1baea810eb54	data/curacion-universo/contratos-inspeccion.jsonl#tarea_observacion_id=TOBS-46abf6949c92587597ad8bd6	c20396b78becd2dcf4a00952887a4f78055e3494a3970a731d1e95d94429cec1	9c149a73ef7510bd666b8ecabca33d8e73a66afa212685e8db7a39bef5cf4668	RUTA_LOCAL+SHA256+ACTIVO+TAREA+CONTRATO+REPORTE
LED-T0-e62ddf791fbc9c3f5b411f39	RUN-377a255de24ca946	377a255de24ca9465f073b024699b680655672bfc37ffd19f3bbb24a76790d62	TOBS-b35e25d038ffb9fbbbb5ca5d	TOBS-930356705ccec2d02326de3d	ACT-bc20ccb653c5826a395992eb	OBJ-56ee55b226198430c42a8541	envipe2022_csv.zip	3a6e0f3a05dd4120efe8072de519402a39f4ed1690593433a68bb2ee137e77bb	REUTILIZADA_PRE_T0_CORREGIDO	data/curacion-universo/reportes-inspeccion.tsv#reporte_id=RINS-dc70185175edc20334b041a4	6657c1c4c4aed5746185f4ce31d05b398ae8a486387653c2afb10356b81c02de	data/curacion-universo/contratos-inspeccion.jsonl#tarea_observacion_id=TOBS-930356705ccec2d02326de3d	0aac61f43dcc3e13e2ac7e7db4b128f70a9ac9da16c82046469a1303ea67e624	4af4e9a52f85a03c80ad245ef9fd15ed66b103db01895331a646945c1779dde5	RUTA_LOCAL+SHA256+ACTIVO+TAREA+CONTRATO+REPORTE
LED-T0-e67b55fef24bd5d09215078c	RUN-377a255de24ca946	377a255de24ca9465f073b024699b680655672bfc37ffd19f3bbb24a76790d62	TOBS-d09682370014ddae470ecc32	TOBS-ed2d5c5c99460fa57580c3ce	ACT-5d8cbdbd403a070f469480ee	OBJ-15638b81d55825cbd910177f	endireh2021/endireh2021_fd.pdf	5c30a3f7f88123ca672f1042ec3b5c37cc1d7989f07fd23ecbf088cca6dda180	REUTILIZADA_PRE_T0_CORREGIDO	data/curacion-universo/reportes-inspeccion.tsv#reporte_id=RINS-102e709822b1694ffbd91384	98c14b7be6c481aa9f2c5ef60ee39950328794a97bc1e69fb1f11cc6e2643bc5	data/curacion-universo/contratos-inspeccion.jsonl#tarea_observacion_id=TOBS-ed2d5c5c99460fa57580c3ce	ed5877e17a61a11ae5a9f429ce459594c74c358812a2a7a41fe0f2857586c9fe	842a05674a9e18e81961afb47f90d50a558bdcc5e9395b573d5786d6311a9704	RUTA_LOCAL+SHA256+ACTIVO+TAREA+CONTRATO+REPORTE
LED-T0-ea0e6d5d121bad0ee531c195	RUN-377a255de24ca946	377a255de24ca9465f073b024699b680655672bfc37ffd19f3bbb24a76790d62	TOBS-12db514c2e1ed0c68d669af4	TOBS-8bdd3886d26537795b64b147	ACT-7803389e999dd82abd3512cf	OBJ-443f22f2679e7d8de8542717	encup_2012_cuestionario_pdf.pdf	33be2b2192530dee6d916cb7dc517483d608e47b73f097ffe68899dcdd96e7c6	REUTILIZADA_PRE_T0_CORREGIDO	data/curacion-universo/reportes-inspeccion.tsv#reporte_id=RINS-be72669e6d48ac4243cbd84f	aafc066faa545e7b59f219b2efaa7370fb890c21a439ef290380a1038c085fba	data/curacion-universo/contratos-inspeccion.jsonl#tarea_observacion_id=TOBS-8bdd3886d26537795b64b147	50ad29cee78303ec1b4d8306eae09dc0fa256ae5c42ee170b71ec97d876a18c1	58d551398a4cd51a9a5d217e2904e164ade5c4d6e778ff2fc1378467a2032e9c	RUTA_LOCAL+SHA256+ACTIVO+TAREA+CONTRATO+REPORTE
LED-T0-ea631e5dc4e97a4404b051be	RUN-377a255de24ca946	377a255de24ca9465f073b024699b680655672bfc37ffd19f3bbb24a76790d62	TOBS-1e4440fd380994784d1f71f0	TOBS-5b8779d68226b504360541d7	ACT-d158c8cf52428dd3834ec41b	OBJ-45a227f6e7b99a938cb40488	endireh2003/bd_endireh_2003_sav.zip	1d412c7f42d00461bbf0c24ee4a54ab500a1da6983f2a8e88a6b556b03685a1d	REUTILIZADA_PRE_T0_CORREGIDO	data/curacion-universo/reportes-inspeccion.tsv#reporte_id=RINS-62c5043bb69d40efbd369962	f529e69656512ba20e922673f3c8e83fa1a3595a5f2bb874b9ba03b14893bea1	data/curacion-universo/contratos-inspeccion.jsonl#tarea_observacion_id=TOBS-5b8779d68226b504360541d7	87374a5303ead94b57f7edb171d88c50a408ba8b1d276adfcd367e8dca1404db	ddf91325a49524fd9efe795caf3069c704b7e3b436e21c6f0e5326d69f4b3f67	RUTA_LOCAL+SHA256+ACTIVO+TAREA+CONTRATO+REPORTE
LED-T0-ea9bf824e3f7a5ef695e6df4	RUN-377a255de24ca946	377a255de24ca9465f073b024699b680655672bfc37ffd19f3bbb24a76790d62	TOBS-b3929860c966dee5edc13753	TOBS-c90d184850f25f9f493de9ef	ACT-6e8185d96829a5e64b68f891	OBJ-7a5026206de4b94223b3aad1	enif_2024_cuestionario.pdf	32e37cc13da38691dee20fbffcef3637aeb87b8dac194e64f83bebed8b57ef8b	REUTILIZADA_PRE_T0_CORREGIDO	data/curacion-universo/reportes-inspeccion.tsv#reporte_id=RINS-d9522a6e09602cffed757d1a	991ea22ea5b953f2758586ef31d9ea56198fcefc499221ed010093b401f0c17d	data/curacion-universo/contratos-inspeccion.jsonl#tarea_observacion_id=TOBS-c90d184850f25f9f493de9ef	185e34285799a9978c0f03d84264467633dcb4a05a95b4b2b9b79b01716dcd5b	7e7cd6c6e9077c306cfc6cfb47d917f55604e7734b81bc5f74f112cf116a48c6	RUTA_LOCAL+SHA256+ACTIVO+TAREA+CONTRATO+REPORTE
LED-T0-eab939b2b0713890d8dbb0f5	RUN-377a255de24ca946	377a255de24ca9465f073b024699b680655672bfc37ffd19f3bbb24a76790d62	TOBS-5e038731a867745081d6115d	TOBS-5aeb38acc92675d1b9e05be7	ACT-d6512dd9258cd61e41ea3f71	OBJ-421dffcc3beedc94aa8f4b80	envipe2021/bd_envipe_2021_RData.zip	167df80f9b18086cfeb4f64605fce04fcb5dc6255e32dda1ec5f2fe874c5a868	REUTILIZADA_PRE_T0_CORREGIDO	data/curacion-universo/reportes-inspeccion.tsv#reporte_id=RINS-63160e2924ace6a9d65d8fb5	cbbbc50987a5fcc04ecc266ac27f288633c041b79d62f2fc8fc2f553cb8d2baf	data/curacion-universo/contratos-inspeccion.jsonl#tarea_observacion_id=TOBS-5aeb38acc92675d1b9e05be7	491534dde12620ba7be81ce0191c0f342a1342a9ec026f797e9e9412124a5baf	1db2dcb6bd5369befb2604bc5c4f5f7d5f58e558cd5136598678e7b25cd87652	RUTA_LOCAL+SHA256+ACTIVO+TAREA+CONTRATO+REPORTE
LED-T0-eacd2b3ad5205d0759eb80f2	RUN-377a255de24ca946	377a255de24ca9465f073b024699b680655672bfc37ffd19f3bbb24a76790d62	TOBS-db6eb78d22fa6643939033b7	TOBS-de14293d449b8eaa63bc7496	ACT-bd0ac995f129a33796a71771	OBJ-1b38efe66fbf51aeb00ac299	envipe2022/bd_envipe_2022_RData.zip	46ee6cd1f5986be658dba72f2b23897d02fe4d5961802570e0dcab47e6684d65	REUTILIZADA_PRE_T0_CORREGIDO	data/curacion-universo/reportes-inspeccion.tsv#reporte_id=RINS-c4cd9a34b669038428665111	b6e6118096d39372bd70595ed92c990c83a1272179b7cb533c7345f264f2d7ca	data/curacion-universo/contratos-inspeccion.jsonl#tarea_observacion_id=TOBS-de14293d449b8eaa63bc7496	c279617d66aed46b90bb7e4f276ea4b4ec2d49b4d0da9f916a7d7e65d214b808	b98681c7a88c7995ed3465d8d238b9843aeec997bcd7cc3795c623f2ee86899c	RUTA_LOCAL+SHA256+ACTIVO+TAREA+CONTRATO+REPORTE
LED-T0-eb8b00ecfce2287feebcf5de	RUN-377a255de24ca946	377a255de24ca9465f073b024699b680655672bfc37ffd19f3bbb24a76790d62	TOBS-6890e966af31927a8bb15cd6	TOBS-e515f9c5b551c2f5d73e46c6	ACT-65f5c9675ba7cd6d29c5c0a1	OBJ-250d5d3682d3c9b96d3a913b	envipe2018_csv.zip	aa279993bfeaaa0bf0d821e964887140ef444f6e695e4e1767f6512e4d2c4723	REUTILIZADA_PRE_T0_CORREGIDO	data/curacion-universo/reportes-inspeccion.tsv#reporte_id=RINS-eaba4d584ab21b033ce54c56	03e17750cf0ba85e801d0d794bc05395b9da79208326e3b44c236f704afb5f76	data/curacion-universo/contratos-inspeccion.jsonl#tarea_observacion_id=TOBS-e515f9c5b551c2f5d73e46c6	66a20632933ef8b558557d9ce91b6a2fbd479e67b55f47cf259e319254504875	ac6a10ff94d91c576aa8b1d0277cbefaa865589ab8872cc86d7f9537e046023e	RUTA_LOCAL+SHA256+ACTIVO+TAREA+CONTRATO+REPORTE
LED-T0-ebaecb76dbce385df25134e5	RUN-377a255de24ca946	377a255de24ca9465f073b024699b680655672bfc37ffd19f3bbb24a76790d62	TOBS-ce99c66d1e50c6d289bb562f	TOBS-553486ac1c4b554515b2faa0	ACT-a59b4ac45993be00568302bf	OBJ-f31ee8dc163d8cd7513ac941	enigh2020_nc_csv.zip	47417cac13da7dce3a710d86c5767564101086a51666ec674acf27740e0701d4	REUTILIZADA_PRE_T0_CORREGIDO	data/curacion-universo/reportes-inspeccion.tsv#reporte_id=RINS-06e72f9c0c29fbc5573e7e30	4c2b36ff06e999b9a02cb7aff4ec91eb91edd60a7de4dbcf3f8a80754f57617b	data/curacion-universo/contratos-inspeccion.jsonl#tarea_observacion_id=TOBS-553486ac1c4b554515b2faa0	429f3b0fa6fb3774f457ff0afc19a8aa6a2e0c382443cd0ee6dffdc0a033ac4c	cff5ab0bead1f259b9a3e528d90935eebead994619b505cf142f2250762aee04	RUTA_LOCAL+SHA256+ACTIVO+TAREA+CONTRATO+REPORTE
LED-T0-ec11201b7bf69dbebb567f26	RUN-377a255de24ca946	377a255de24ca9465f073b024699b680655672bfc37ffd19f3bbb24a76790d62	TOBS-766f0cb26f05fefc7c3f9551	TOBS-53cda94758b91336fe9b970d	ACT-ac58b9471f61bf2fd35512bf	OBJ-cdc15404338812f958c6015b	mociba2023/mociba2023_bd_sav.zip	9e2c11e4d4d4f7cc7c2b4bddb0561d1a82250d74b5840941950b41cbad9f941a	REUTILIZADA_PRE_T0_CORREGIDO	data/curacion-universo/reportes-inspeccion.tsv#reporte_id=RINS-d6f500ce28927ad2dccfddc3	b7dc3ab1cd984b3f0957fad521e6c7bcdc9a914198bbfca610b35b873611d473	data/curacion-universo/contratos-inspeccion.jsonl#tarea_observacion_id=TOBS-53cda94758b91336fe9b970d	bcee90ea6f85394c54d112f286a907a0e6c6a89fb32846b675f97faac2c3174b	3fe23183283562a5dbaa18aa27272e045c4352ed29176d5a35875e7952be0510	RUTA_LOCAL+SHA256+ACTIVO+TAREA+CONTRATO+REPORTE
LED-T0-ec774fd6738fd00ae2cd3dd2	RUN-377a255de24ca946	377a255de24ca9465f073b024699b680655672bfc37ffd19f3bbb24a76790d62	TOBS-eda953518cfabec9d4a94f65	TOBS-f5c04817bad3308ef0ccf0cb	ACT-e2585d3359de484e9bc61478	OBJ-e9d4ea4eb56e7173e68767fe	ennvih/eloc02q_all.zip	e8a28cdd05def8e0a9b89c86b6ba5574e8cd819de7ab86780a22c9f473d46d97	REUTILIZADA_PRE_T0_CORREGIDO	data/curacion-universo/reportes-inspeccion.tsv#reporte_id=RINS-e669d6b662acb2d871d97264	a63ea875fa70273ce803a5c7fac6e52ea465e00e24130c97ed6ca526ef5624d7	data/curacion-universo/contratos-inspeccion.jsonl#tarea_observacion_id=TOBS-f5c04817bad3308ef0ccf0cb	cddc0a56e6f5e480a6f32e115f6bf70b7acc8908a5fccd9c92817c1b068e19f8	ec5b1f140e0de106a9e6d0d2563ecd34a516d8135fd31ace54373755785d7bb5	RUTA_LOCAL+SHA256+ACTIVO+TAREA+CONTRATO+REPORTE
LED-T0-ed0c88559fc6b3d066797a43	RUN-377a255de24ca946	377a255de24ca9465f073b024699b680655672bfc37ffd19f3bbb24a76790d62	TOBS-07d685acd011fb32ffadf569	TOBS-0df8be59b72c33879c362bac	ACT-8a91a76242ffd25aa4a74feb	OBJ-5bb99e9d92a6b6711e230cb3	ennvih/eloc09dta_all.zip	da3d4d6f80943d85d481f021b50771956bedaec3a8c257753d46e31b65000406	REUTILIZADA_PRE_T0_CORREGIDO	data/curacion-universo/reportes-inspeccion.tsv#reporte_id=RINS-34aee4bf9ebefd7a581dd7e7	4b2abe56f1d2b189c5cc60b26565698275e7d7aee30124a944b88e5fab433543	data/curacion-universo/contratos-inspeccion.jsonl#tarea_observacion_id=TOBS-0df8be59b72c33879c362bac	752c8a7f5a06a46aa8f486ce5dbdee201945e32f4bc86385b87393cc56eab841	8631c35d8830a98a489c32e5c80d23e5e5744413d48c13fd8bbed2b052afac0a	RUTA_LOCAL+SHA256+ACTIVO+TAREA+CONTRATO+REPORTE
LED-T0-ed41a9f4608294697d2e63e4	RUN-89f4c3a49c00c0e1	89f4c3a49c00c0e1ba1f07013e0af10bbc3289fdddc48dde816c37d3da1a742b	TOBS-8211f6e559484e686782d467	TOBS-8211f6e559484e686782d467	ACT-4b01ccd7765dd7347c86596b	OBJ-6d996d662d3ce729e73211a0	engasto2013/gasto_sav.zip	985328b065ee811f224802ad88bf19cc06993bcfcf600d66667f1e3813dc788b	INSPECCIONADA_POR_PRIMERA_VEZ_EN_CORRECCION	data/curacion-universo/reportes-inspeccion.tsv#reporte_id=RINS-14818a2e9085ad7aa04b36a5	8b2e4a188c22f066e6cdb74790a815d61f4bac231e5b53154a0ebcfc7e7ccf75	data/curacion-universo/contratos-inspeccion.jsonl#tarea_observacion_id=TOBS-8211f6e559484e686782d467	6d5b3ee03fad001cea80ea046f8520a60236c5d9cef9f42d3d29618b405864de	d2cc2edf58998664ca8fc1e18452ef15eead6d6dc94ab8e082599d2af85ab40c	RUTA_LOCAL+SHA256+ACTIVO+TAREA+CONTRATO+REPORTE
LED-T0-ed55f3268d5774985cc85b6a	RUN-377a255de24ca946	377a255de24ca9465f073b024699b680655672bfc37ffd19f3bbb24a76790d62	TOBS-91f5b93c3b74c4cbe93894df	TOBS-9b624548e247967950464e15	ACT-04eefd37b57d8f94e7f02b0e	OBJ-b397d123095d923d51b56470	ennvih/doc/eloc02q_bcc.pdf	5d865102d7d1a1098d466e0d27df2333f5f0f59cf4a325aba65111f15352accf	REUTILIZADA_PRE_T0_CORREGIDO	data/curacion-universo/reportes-inspeccion.tsv#reporte_id=RINS-853f4058bae900f1624f222d	14754e46047f741e2a0e8c5c15c5a855ca46dc27a6cae4cad3ba606dad9606b2	data/curacion-universo/contratos-inspeccion.jsonl#tarea_observacion_id=TOBS-9b624548e247967950464e15	bdbe9e6de6522073285e2ffbd56ed1aedf4d9f3e4c25d4e400751124fdc560b7	28b1e4f6267f3dcccc4b6b6d09b5b13bc910cae28dbc6c398c427d2cc72587db	RUTA_LOCAL+SHA256+ACTIVO+TAREA+CONTRATO+REPORTE
LED-T0-ed5f229ce0922b8a80cd3bd3	RUN-377a255de24ca946	377a255de24ca9465f073b024699b680655672bfc37ffd19f3bbb24a76790d62	TOBS-de2cc0f4561d444acbbf9af4	TOBS-bcd6e76b7d3652065656a9ea	ACT-09f5b59bc5174961be15737b	OBJ-8e62050a9d72b44d630f377b	ennvih/doc/eloc05q_bcc.pdf	9051fc3964d80077ba947b69d86800412ac27c74e3418de23552229e2383d9b0	REUTILIZADA_PRE_T0_CORREGIDO	data/curacion-universo/reportes-inspeccion.tsv#reporte_id=RINS-3d61fbb8987cc01dd9d4dc3c	0c2a190df1e32f95557a4b15c1ac92b252182e00bbcb5afa40e793b9ef100425	data/curacion-universo/contratos-inspeccion.jsonl#tarea_observacion_id=TOBS-bcd6e76b7d3652065656a9ea	7c6e07ee57622f49beea98689351e0cf4d4af8e5cd6fe060c9ddb2134b897ae5	2abc3b3d978b64c263c435d4ae97eeeca4162d84a312a8bc775a4c976474e261	RUTA_LOCAL+SHA256+ACTIVO+TAREA+CONTRATO+REPORTE
LED-T0-eda7a6fcadffab1bfed65bb5	RUN-377a255de24ca946	377a255de24ca9465f073b024699b680655672bfc37ffd19f3bbb24a76790d62	TOBS-0c48bba21fa2f4c19356956d	TOBS-51eab7b8f04177f6da226e79	ACT-4769d9945fc5411cb4542439	OBJ-fed736f03e12420f3875f224	encig2015/encig15_base_datos_dbf.zip	3f588cb196663ebae9feb174fee870f0e2117aaad4936f34d714e1bf148baba4	REUTILIZADA_PRE_T0_CORREGIDO	data/curacion-universo/reportes-inspeccion.tsv#reporte_id=RINS-2e7119c8e41c1873e95c093d	c9533705bedef1c0a5134baf166c5ec6b18cb214cc39dd72ebb93ce4556c6d91	data/curacion-universo/contratos-inspeccion.jsonl#tarea_observacion_id=TOBS-51eab7b8f04177f6da226e79	ee6ace3c87130073a139b5f6711d0edfd26b381311a0b5f3d9d162cc4eae6810	2b78d4de271dfbabee5eaf3397565349e47bee6ee8770a792144ade0da652e68	RUTA_LOCAL+SHA256+ACTIVO+TAREA+CONTRATO+REPORTE
LED-T0-ee377440f4370fb479b787f0	RUN-377a255de24ca946	377a255de24ca9465f073b024699b680655672bfc37ffd19f3bbb24a76790d62	TOBS-e45bff4adda06fb4995f9ca7	TOBS-c01a48db9b4d1712bcafb331	ACT-76a03a16f64ff084fc1a6f04	OBJ-d09404799f34067204b25262	ennvih/doc/ehh05q_b2.pdf	bd277259638483d43120ef828f27ca7481b884b15f1752d8fdc19ae4a4d926ed	REUTILIZADA_PRE_T0_CORREGIDO	data/curacion-universo/reportes-inspeccion.tsv#reporte_id=RINS-eca756c4d6503c99269d81f3	284f0ff876f8d7990521c0f1fa9b6fc2bc7d473d5a03fde83d38d4f2fc207735	data/curacion-universo/contratos-inspeccion.jsonl#tarea_observacion_id=TOBS-c01a48db9b4d1712bcafb331	bc9da99f29f03c589f8ad8704058bd31a49972316b111cab12e396c90d490880	e36323212fed5286d65230549aff665af8ccc4cbf99ba947c846b20b0513ad72	RUTA_LOCAL+SHA256+ACTIVO+TAREA+CONTRATO+REPORTE
LED-T0-ee6b0d1880bd00ea5a436d98	RUN-377a255de24ca946	377a255de24ca9465f073b024699b680655672bfc37ffd19f3bbb24a76790d62	TOBS-910ee3dc1740dd0d6d083e38	TOBS-c6a9afde83a990094fd1c11a	ACT-edfb7e3de366dcdb86bb5cb8	OBJ-e71651ba43e5b54550a28e14	envipe2022/bd_envipe_2022_dta.zip	bca872005497181918b2ad3c76650a9bca22c04390b76092f699b52cb36db5b9	REUTILIZADA_PRE_T0_CORREGIDO	data/curacion-universo/reportes-inspeccion.tsv#reporte_id=RINS-399903fbcba8c66461f8699e	5365abfc4585263ead92f53ca07660c6db47814c74787a36a6280ba7b5e15780	data/curacion-universo/contratos-inspeccion.jsonl#tarea_observacion_id=TOBS-c6a9afde83a990094fd1c11a	d73d4f07583ca452836c85d6063b4c723c0ee2e1d2556d152407d1a16adfdc48	ff64e126a5e77d5c5cfc0488f08d14bf955b138eb519cf864f9a8475d2a92eb3	RUTA_LOCAL+SHA256+ACTIVO+TAREA+CONTRATO+REPORTE
LED-T0-ee7b5519ea6a5d1ff6341915	RUN-377a255de24ca946	377a255de24ca9465f073b024699b680655672bfc37ffd19f3bbb24a76790d62	TOBS-7bd104ba14297f5f665bb158	TOBS-71be23648e2b46da0fecb9d4	ACT-e7627755fa0392fa612384d8	OBJ-21bf847c1d569492d79bae10	encig2021/encig21_base_datos_sav.zip	034e988984b77ec030f0ea589232a654549c60ab844960ae20a129191ae2e193	REUTILIZADA_PRE_T0_CORREGIDO	data/curacion-universo/reportes-inspeccion.tsv#reporte_id=RINS-64e18bae4153227f7fac0d21	24144cab12778275dcd5a87e0c97d7a11a1a4425c0fc8d3301523c1242eb65db	data/curacion-universo/contratos-inspeccion.jsonl#tarea_observacion_id=TOBS-71be23648e2b46da0fecb9d4	3336f3aa40c2dd58a8d0b9aff876af3f0339468748b0908d5553e9401e05bbe7	3057885a8d0b90ca32d74984ee15589538602290499c62dbc09227c99932368e	RUTA_LOCAL+SHA256+ACTIVO+TAREA+CONTRATO+REPORTE
LED-T0-ee7cb86adf9241d321c1e5e4	RUN-377a255de24ca946	377a255de24ca9465f073b024699b680655672bfc37ffd19f3bbb24a76790d62	TOBS-c598e5ab2791b22594f7eb47	TOBS-6b345b8678eba7a2845cdc61	ACT-2ad02412168931fc1f245d14	OBJ-0a54b555cb5bfc616416f49b	eder2017/eder2017_fd.pdf	dd4d93114a38e80192bbc29a4a4ab7fba6e4bce0067ecfcdbb4540ada5890541	REUTILIZADA_PRE_T0_CORREGIDO	data/curacion-universo/reportes-inspeccion.tsv#reporte_id=RINS-daf08f88b7d7bd5dfee55f37	d15bb3c5bb19746367584650ff96efa21ffa33224fd7813794edd16e3676fe6b	data/curacion-universo/contratos-inspeccion.jsonl#tarea_observacion_id=TOBS-6b345b8678eba7a2845cdc61	7197a13efcf2954d64521123669c60897d0ea01372f5665a840fbf9804cf9a0f	1237f3ac53298ff4788d4b541af536e3fa7dd5d94d26b047b49e027540fb6d9d	RUTA_LOCAL+SHA256+ACTIVO+TAREA+CONTRATO+REPORTE
LED-T0-eef3180d50bbd5ce0d1364f4	RUN-377a255de24ca946	377a255de24ca9465f073b024699b680655672bfc37ffd19f3bbb24a76790d62	TOBS-e31bf0d54bf059c1110e6884	TOBS-55f343ac948413c752b9ff04	ACT-4e3fa580f2f004f8aa7c0a93	OBJ-9faae6c50e13d3482a7ada4b	envipe2011/base_de_datos_envipe_2011_dbf.zip	d6c660f00ca2179dcabf59a9af166d7605793eed48c6eb84bcd8d24f39bd2ce4	REUTILIZADA_PRE_T0_CORREGIDO	data/curacion-universo/reportes-inspeccion.tsv#reporte_id=RINS-45ff9d2b272158da91a09c52	81654208bdbb1f7e25e01c2ef40db58825c9fa7337c51b278a3af0fde8785cde	data/curacion-universo/contratos-inspeccion.jsonl#tarea_observacion_id=TOBS-55f343ac948413c752b9ff04	2b980e82f5254ebd42377484e6cb570c31c750e78771072fc69ee07f69fdcdff	0d7fc66ef9a006cffda33e50bbffa2c32651ba8b592d73ced1045fb493d7cc34	RUTA_LOCAL+SHA256+ACTIVO+TAREA+CONTRATO+REPORTE
LED-T0-ef06423b0bc33780e4d756ba	RUN-377a255de24ca946	377a255de24ca9465f073b024699b680655672bfc37ffd19f3bbb24a76790d62	TOBS-0413d83cf4b92afa8128560a	TOBS-9865d1a4621ad21a245e8107	ACT-1e6e2ea88d666a906e769ab5	OBJ-cae5c8562cb624bf4af27d4a	envipe2021/bd_envipe_2021_csv.zip	4e81832dbb8f0a94488edf63c6212fa9fe383c799d15f797618cc79c913fed27	REUTILIZADA_PRE_T0_CORREGIDO	data/curacion-universo/reportes-inspeccion.tsv#reporte_id=RINS-5b7298d29cd5606730cc3c3f	682828e2fb9140a6ffd359c74055b5174cb25b9171eaca82c9d4f69a7915eacf	data/curacion-universo/contratos-inspeccion.jsonl#tarea_observacion_id=TOBS-9865d1a4621ad21a245e8107	58aa8abab753f1e37677c1132cdcd6632b6a741192aad5a1d8e6b892ce580e58	d5a073479cd50321bcf0bcbebc1dee8b6866a68aa924bd8ac7bc475818432529	RUTA_LOCAL+SHA256+ACTIVO+TAREA+CONTRATO+REPORTE
LED-T0-ef9b5656b05f6d74bec67694	RUN-377a255de24ca946	377a255de24ca9465f073b024699b680655672bfc37ffd19f3bbb24a76790d62	TOBS-335c940c95c62cf2feb0e881	TOBS-5ca8fe0ef6ecdbcb2af1f1a5	ACT-a308390defcf924feeff78b2	OBJ-0e211806d8193b335d518feb	enasic2022/889463927082.pdf	2f51b5aaddf37c1c537141e46185ee3cec11b0aefc896d1fde3505aacabc41e9	REUTILIZADA_PRE_T0_CORREGIDO	data/curacion-universo/reportes-inspeccion.tsv#reporte_id=RINS-c8297b1cdb5d6c6b1e4bed3e	01f7b865bbf636415f679b9393b71341fa8333603868487d6e4a5ff82f2e15a8	data/curacion-universo/contratos-inspeccion.jsonl#tarea_observacion_id=TOBS-5ca8fe0ef6ecdbcb2af1f1a5	d08eaa4aeabd8c3008828f8eff4edba129cbbc2bf919c60e0f8631e6c0824d3e	12c4b549f5aea5ffffb5a2aa92a6e159375af8da0d8ea2ac7ae04ac83f87f9f1	RUTA_LOCAL+SHA256+ACTIVO+TAREA+CONTRATO+REPORTE
LED-T0-efd0ea95a1c5669b67fdde20	RUN-377a255de24ca946	377a255de24ca9465f073b024699b680655672bfc37ffd19f3bbb24a76790d62	TOBS-2839126eaf078d810cad1447	TOBS-808264a9e4173543cc657b55	ACT-b7c7aaee50c9ab082ae181cb	OBJ-6acb212785d010b9512c0ba0	conjunto_de_datos_enoen_2021_4t_csv.zip	74c6173ee16c14b5d23e0546041642e4eb766417921d844f84b26977a4e5859e	REUTILIZADA_PRE_T0_CORREGIDO	data/curacion-universo/reportes-inspeccion.tsv#reporte_id=RINS-196a55a7efdbd1df7671b15c	9aff36d00c0c7de2b6dc8e7617eaf7a95657b1576b472178aef9dede2a050b4b	data/curacion-universo/contratos-inspeccion.jsonl#tarea_observacion_id=TOBS-808264a9e4173543cc657b55	81ef4033b65d778a5bb4bf2fa42bb8fd475a569a923b164f5f3b9140cda1b969	4ee2eb500ddedc2b31b7f0dc473043e810516f18cd6febf2592ea3c4adfed4be	RUTA_LOCAL+SHA256+ACTIVO+TAREA+CONTRATO+REPORTE
LED-T0-f042b1a99b85eaaead6e0ffd	RUN-377a255de24ca946	377a255de24ca9465f073b024699b680655672bfc37ffd19f3bbb24a76790d62	TOBS-53b3a491f2b0c1ce41406409	TOBS-ad7d1fbe5999218343c0c5b3	ACT-cab4fa4f6f337cc745092f63	OBJ-945e1ba50ea3e01895d23514	endireh2016/bd_mujeres_endireh2016_sitioinegi_RData.zip	8173a019b5c9df676b36b048a7290959c418eff710e58cd2b3d02f2c4d0b6f01	REUTILIZADA_PRE_T0_CORREGIDO	data/curacion-universo/reportes-inspeccion.tsv#reporte_id=RINS-1a3a12604d7e6e898b9681d7	3d83b2eb24ea18ec6fdd469f4244a867330025367b2b802e60d11a1048535a47	data/curacion-universo/contratos-inspeccion.jsonl#tarea_observacion_id=TOBS-ad7d1fbe5999218343c0c5b3	6d17ce128eea638a7ab3acb124920b02c0108319abdcec8f9c63d3da9d349302	99bb5cea3a2bb6e3cdb95baeb760ccaf2499ba116c190b78864a8d5ff19c5c24	RUTA_LOCAL+SHA256+ACTIVO+TAREA+CONTRATO+REPORTE
LED-T0-f0e2be27d35732996ba4beca	RUN-377a255de24ca946	377a255de24ca9465f073b024699b680655672bfc37ffd19f3bbb24a76790d62	TOBS-1a05504c68609f4abc264f43	TOBS-03c2a2a62bf902eeee8a2d9c	ACT-0a91501d9c48e551402e2add	OBJ-e0f2736e1fc6b1d1b2c8d6e1	ejemplobd_enestyc_1999_dbf.zip	8fc3ee404b7ba361367aef72a75701466235724344021f431b7b7e6375a1c57e	REUTILIZADA_PRE_T0_CORREGIDO	data/curacion-universo/reportes-inspeccion.tsv#reporte_id=RINS-a22a1a28190cdc9fdd2d9a49	a2175db87e33d5eab9cfc2aac9bfe08154de556e7f3f4e3c56c44964ce8b437b	data/curacion-universo/contratos-inspeccion.jsonl#tarea_observacion_id=TOBS-03c2a2a62bf902eeee8a2d9c	abdea5e2c2a4409db9bcbbe3a209f01ba56caaa4fc1705025ee0d591def03aa7	c8393ff08820b8a42f0029f0092ff4240291d67a3f51cccac01c04bcd2ac0d1b	RUTA_LOCAL+SHA256+ACTIVO+TAREA+CONTRATO+REPORTE
LED-T0-f13f3f13911a7017a3c5f9ff	RUN-377a255de24ca946	377a255de24ca9465f073b024699b680655672bfc37ffd19f3bbb24a76790d62	TOBS-e1cbaae912d649e6d11880cd	TOBS-b68add42c9d19c5218226b3e	ACT-304e85e615c760690003b75a	OBJ-5572a91e5b735a8a29037f3c	endireh2011/bd_endireh_2011_sav.zip	19bbb1d6bb926738d11e99e674bd8a776d852a9bc8d1e1f558fb7905fdf75084	REUTILIZADA_PRE_T0_CORREGIDO	data/curacion-universo/reportes-inspeccion.tsv#reporte_id=RINS-dd8b2e1265ff586897031990	0c552ddb605258e1cd0e577f363235c76fec5c37be14bc9c5b3c646721b7926d	data/curacion-universo/contratos-inspeccion.jsonl#tarea_observacion_id=TOBS-b68add42c9d19c5218226b3e	2650a3d95dcc75d55c6e7b720787cfce05bca55403b5aea6782d5f81822bb600	32758481561c74e5a08f12117ba0ac1c73e5fb80a7d0ce237c9d70a19bd982ae	RUTA_LOCAL+SHA256+ACTIVO+TAREA+CONTRATO+REPORTE
LED-T0-f18a79242c75d36fe1b0d32c	RUN-377a255de24ca946	377a255de24ca9465f073b024699b680655672bfc37ffd19f3bbb24a76790d62	TOBS-b99fc19726eb7286236a56a2	TOBS-b4ec8145e09728e16e134cbf	ACT-d4700a275ad804ad958481f7	OBJ-b6e1fe8f4c9fa3ca997982b4	engasto2012/gasto_sav.zip	c9dfb0fe65aa98dfa35d26ca29f8f192306d9844bbab2adf75ea801227f3cc98	REUTILIZADA_PRE_T0_CORREGIDO	data/curacion-universo/reportes-inspeccion.tsv#reporte_id=RINS-87125cd23252fd25e25beae6	3e48b3202462660cdcfb4c16a1091e6f0e09b8fd0baac293be9b9ea15d9bdb24	data/curacion-universo/contratos-inspeccion.jsonl#tarea_observacion_id=TOBS-b4ec8145e09728e16e134cbf	c46a43cb1f82f5c6169a79412eabd28faf0fbab2ecb3ce26a9421213909b91da	780062fed465b8d5ae56bcb1fce2b0d71e3b367b2affd981f6532e54d9652cff	RUTA_LOCAL+SHA256+ACTIVO+TAREA+CONTRATO+REPORTE
LED-T0-f23b70fec8e8d7415058ee84	RUN-377a255de24ca946	377a255de24ca9465f073b024699b680655672bfc37ffd19f3bbb24a76790d62	TOBS-866e036d17dbc42cc8a7aa54	TOBS-9653414b8659e475f0329670	ACT-bcdfc67f202fd39cbd3a8bb7	OBJ-0d627a1eb712533d69a71dab	mociba2021/mociba2021_bd_sav.zip	f525136631b36507b63644bca38d671b5df70487dfb1b5ce51d31c255386faae	REUTILIZADA_PRE_T0_CORREGIDO	data/curacion-universo/reportes-inspeccion.tsv#reporte_id=RINS-302fb1f29b7892104356d315	63ccce6f208fd164647fccc0e7ed61f3439b52cd054486323a25a3e6df685bb3	data/curacion-universo/contratos-inspeccion.jsonl#tarea_observacion_id=TOBS-9653414b8659e475f0329670	9515716e649fce5e42a0a383bcb24a1a748d1c10658e681f4377a13383c1d9ee	c2f88701f814447cd0af3e64c4be3e8c6217d6d8717ae85b2c7a5af0de5df095	RUTA_LOCAL+SHA256+ACTIVO+TAREA+CONTRATO+REPORTE
LED-T0-f2f1029f6f064daeac75c26b	RUN-377a255de24ca946	377a255de24ca9465f073b024699b680655672bfc37ffd19f3bbb24a76790d62	TOBS-7f55505b942152141b455b47	TOBS-36aad77116246c95dd788c97	ACT-c2a83c6c7bd2ac5b4d0d37a2	OBJ-7d868cc7287c0336703bab8e	enut2002_bd_dbf.zip	61c2de5a9296758a30a2066a21fe58f361a854a38a82f4370d6065cac46c1fad	REUTILIZADA_PRE_T0_CORREGIDO	data/curacion-universo/reportes-inspeccion.tsv#reporte_id=RINS-1b4d16d4a1974399793cbdc2	6d967f0ee0abc179f48fb387fddebed985461595959bdaa67c649ce29cbe3143	data/curacion-universo/contratos-inspeccion.jsonl#tarea_observacion_id=TOBS-36aad77116246c95dd788c97	a8c1b271a3573e578eab5312b99d50f59cfc4941331e43cdb88ebf6aba0bd25a	0017f62f096dc23b191a363dadce7015fe559b01c9ffc2ccbf6950fcce6df083	RUTA_LOCAL+SHA256+ACTIVO+TAREA+CONTRATO+REPORTE
LED-T0-f30a91e0fe524a6245617a9d	RUN-377a255de24ca946	377a255de24ca9465f073b024699b680655672bfc37ffd19f3bbb24a76790d62	TOBS-daec18ab33a2f2b4eae216e8	TOBS-7ab2f6db182f380fe55e3317	ACT-149267a6afcb0c2de146a495	OBJ-1e101747c325779b22ba827d	enaproce2015/ejem_base_micro_ciega_dbf.zip	a0bd6dc8a23cae32479fbd0dd8f986f79aec75799e1d8e82d548f362a007a710	REUTILIZADA_PRE_T0_CORREGIDO	data/curacion-universo/reportes-inspeccion.tsv#reporte_id=RINS-5e202030e925eaf67f154fdc	a9c93c677d759cd55aff33ff08484b4fae7d4be09a82803f1fcf69e27bd82d30	data/curacion-universo/contratos-inspeccion.jsonl#tarea_observacion_id=TOBS-7ab2f6db182f380fe55e3317	dced28ca4331482d950242bafa3f6aa7d92da56c2cd5db2098f0f3cdf6239733	fa8806a1f44dea424965cccec6b8242fa2e4b65e1593e4955cb280b32071df37	RUTA_LOCAL+SHA256+ACTIVO+TAREA+CONTRATO+REPORTE
LED-T0-f43d48a90c4a72e1970e7b25	RUN-377a255de24ca946	377a255de24ca9465f073b024699b680655672bfc37ffd19f3bbb24a76790d62	TOBS-6d5b40a531212d48bdbd394e	TOBS-c6c2fb0c80eade7d85c214f4	ACT-0267283f24afaedf6cdf6d60	OBJ-e50a102bb2e197cf597ec59b	endireh2016/bd_mujeres_endireh2016_sitioinegi_spss.zip	d198b9022d5727d24cddccdfd019c749ca42acc5d3f3e86a5d67e40ebe6eff3a	REUTILIZADA_PRE_T0_CORREGIDO	data/curacion-universo/reportes-inspeccion.tsv#reporte_id=RINS-fcd708199cd00f04fdc00ca9	cbd3929598a9cfdb98a9194aad3e5473270ea94562c45bd5577e73e38f371168	data/curacion-universo/contratos-inspeccion.jsonl#tarea_observacion_id=TOBS-c6c2fb0c80eade7d85c214f4	03c8ba43f2bf6cae7150ee0acef769f28ad2e18536fec56a0063629fd0ca25fb	96669abca114a1dc4997f2425f8fe88d6642349932c34446168448dfbc83e462	RUTA_LOCAL+SHA256+ACTIVO+TAREA+CONTRATO+REPORTE
LED-T0-f489ad8a20dcc119a47bb31e	RUN-377a255de24ca946	377a255de24ca9465f073b024699b680655672bfc37ffd19f3bbb24a76790d62	TOBS-d2aa8e025482e1361dae0f24	TOBS-0f4ad3895453078fa0f879c3	ACT-a9a5d97a54f08a774dac0eec	OBJ-61ce985c648b5adfccb12cb5	ennvih/ehh09dta_all.zip	00a7649a1839a3523be22612c2fa3555d5e743cf5329d6bcdc432b901e98bd15	REUTILIZADA_PRE_T0_CORREGIDO	data/curacion-universo/reportes-inspeccion.tsv#reporte_id=RINS-c5c084600b558e817c028980	79ff2b35fd75920343aaf41d3354d309819b1139915033572d55f8ca02c9db6d	data/curacion-universo/contratos-inspeccion.jsonl#tarea_observacion_id=TOBS-0f4ad3895453078fa0f879c3	d839082e97cdbb7d7b33ed3c5047765f977bfe9e8be4ed49dacf9d284fef8028	a7b94734e50fbb3951f70a929dfeb4a5ea27dc65e8a01e94ae77f6ca23a7acbb	RUTA_LOCAL+SHA256+ACTIVO+TAREA+CONTRATO+REPORTE
LED-T0-f4cefd5c3137d940204acdb8	RUN-377a255de24ca946	377a255de24ca9465f073b024699b680655672bfc37ffd19f3bbb24a76790d62	TOBS-1a1862e0d2fb19835b26d694	TOBS-dbb4770d405f1e5446c1d823	ACT-90885c48ccd11ad67feb02d9	OBJ-432bbc26fe73b47696f24f04	envipe2013/bd_envipe13_dbf.zip	b0b9fd1d1dafc12c22162bf695aa3c95ad4c8e86bf00171f082f69e79b54f890	REUTILIZADA_PRE_T0_CORREGIDO	data/curacion-universo/reportes-inspeccion.tsv#reporte_id=RINS-68c4da74eea4ef67d47c6ff1	b4b30e8effb41704d033975696085cfa74056a7388b27791992a17c0ac7bcdcb	data/curacion-universo/contratos-inspeccion.jsonl#tarea_observacion_id=TOBS-dbb4770d405f1e5446c1d823	74a4b022ca56bbb9f67ad0794dc42fd3207149356f3473f9f5995f6c81d9d05f	0192a2bd872720cc3b43c6a753de6cb4ed0bf2494a819c12335dd711c2022880	RUTA_LOCAL+SHA256+ACTIVO+TAREA+CONTRATO+REPORTE
LED-T0-f52c7f89d423a4b5c2a691a9	RUN-377a255de24ca946	377a255de24ca9465f073b024699b680655672bfc37ffd19f3bbb24a76790d62	TOBS-bb997f4b2bacfd73d7f02580	TOBS-b8ab2788c509768c0d5cd269	ACT-f296559ba34123b35539d9f3	OBJ-d3a202ed251713636e7dd3f9	engasto2013/viviendas_sav.zip	be6d7c6cfc6b35817c8f522be21030b96ed0bd8a28097a1ea1adf3d41fe933ce	REUTILIZADA_PRE_T0_CORREGIDO	data/curacion-universo/reportes-inspeccion.tsv#reporte_id=RINS-cc3ad8506a012706690bebec	f0e55df7931ab9bc77c1f656bc178c3339f68f34d09661f3d0c60d2d2497b14c	data/curacion-universo/contratos-inspeccion.jsonl#tarea_observacion_id=TOBS-b8ab2788c509768c0d5cd269	86df11061ddf6a39e2e650f0915ebbeec4495092a8c5e07acafeef385672b0a6	91607c1401e59c7b0baf453f9223d8f04f8087c3891600d8dfc623d1346717d4	RUTA_LOCAL+SHA256+ACTIVO+TAREA+CONTRATO+REPORTE
LED-T0-f55ff27b48bad016ce3d071b	RUN-377a255de24ca946	377a255de24ca9465f073b024699b680655672bfc37ffd19f3bbb24a76790d62	TOBS-16ef68e6ba88382b2e67c205	TOBS-37c6f91e4b01507725269f0d	ACT-06e83a557175bd8a1036700e	OBJ-f18ba062be1794dd96189c96	encig2015_csv.zip	656b258288ab67a378af3ea358bb2b8325251247e30cf82123d851c726203a0e	REUTILIZADA_PRE_T0_CORREGIDO	data/curacion-universo/reportes-inspeccion.tsv#reporte_id=RINS-fa40d41fccd0fd02ce22f15b	be60614aab000bc8f8b759f06da89c71aba0651271d95df2a8f6f64f0f00d42f	data/curacion-universo/contratos-inspeccion.jsonl#tarea_observacion_id=TOBS-37c6f91e4b01507725269f0d	a26d85235606311dba0f1b8ea9ff7480b94cc9a884fa84466ab50e835ad04ab3	7f2f2a13fd0802f1691892d171ee081f8572d91d69e8b5a756f9e4ca77d96b41	RUTA_LOCAL+SHA256+ACTIVO+TAREA+CONTRATO+REPORTE
LED-T0-f7228a48bd7deca28994f615	RUN-377a255de24ca946	377a255de24ca9465f073b024699b680655672bfc37ffd19f3bbb24a76790d62	TOBS-c2212e875ec47399110b2ea8	TOBS-a648445360f4edca81a01d53	ACT-f9eb7f6787402ad9a20dd36a	OBJ-8282adc5dade81679b567c90	envipe2024/bd_envipe_2024_dta.zip	e2f5c57cd9103524dacf27c9d13b2c33c7dc0476daa8fc028aae5efb913a8b18	REUTILIZADA_PRE_T0_CORREGIDO	data/curacion-universo/reportes-inspeccion.tsv#reporte_id=RINS-aad804d352d44eabbe9639ba	3940e5738b6429d5688259b661327ca669fc09ea9da4c06e460dd61dae378108	data/curacion-universo/contratos-inspeccion.jsonl#tarea_observacion_id=TOBS-a648445360f4edca81a01d53	9a92d5615a6d73b67e83a03831dec2d0f58d131632b4c47fa81e421ca7a60c20	443ee18176ac446563ad3d6ddd73f0930bd979bb4ec676b73fc724e7accf7f3f	RUTA_LOCAL+SHA256+ACTIVO+TAREA+CONTRATO+REPORTE
LED-T0-f761b4fad87ffbb253919b8e	RUN-377a255de24ca946	377a255de24ca9465f073b024699b680655672bfc37ffd19f3bbb24a76790d62	TOBS-f47ad62e6331c8abe65246fe	TOBS-95e5d72653bac9289d070b30	ACT-87be59ee247414d084cd0207	OBJ-4ea63b58abbc07c73eb1e370	mujer_enadid23.pdf	005a9e83fff28a570a283429bcbb03f60a0b1aed7264631af237c5d9fa7226a2	REUTILIZADA_PRE_T0_CORREGIDO	data/curacion-universo/reportes-inspeccion.tsv#reporte_id=RINS-66e65ba2d6aafc82c8c80f6b	aee0b2295e7413a904a0d67653b3860af9ce3039f7b7de4a20561e69d1998ad6	data/curacion-universo/contratos-inspeccion.jsonl#tarea_observacion_id=TOBS-95e5d72653bac9289d070b30	fc7444f0bd46920eb2c67b43e3739ddcd55ec2de3fb23c1abf23d9cd4dd5c86d	1005941b2c72cce13c0c397c19e41dd7f9785c1e722e5524dd732ed51b2596ae	RUTA_LOCAL+SHA256+ACTIVO+TAREA+CONTRATO+REPORTE
LED-T0-f78a1fc015b91a44206a2a44	RUN-377a255de24ca946	377a255de24ca9465f073b024699b680655672bfc37ffd19f3bbb24a76790d62	TOBS-c62c4e5ad3415b24a21ead14	TOBS-7c3c2ef769550ba7aff9a47b	ACT-3bd227067892dea1bf9bf309	OBJ-13b64db2d4315ce268c19201	R3.4_Banxico_CoDi_SPEI/codi_org_mx_estadisticas_landing.html	43119a1bbf066c426c0b40bb9c8f0fa851caed5a4df163cba99f8ea5b9ea5983	REUTILIZADA_PRE_T0_CORREGIDO	data/curacion-universo/reportes-inspeccion.tsv#reporte_id=RINS-817deb9ba4d515a781bc0499	d477923d122c4e9eddf62758e18c465d499bb0be953092a7c983e5b4adc73535	data/curacion-universo/contratos-inspeccion.jsonl#tarea_observacion_id=TOBS-7c3c2ef769550ba7aff9a47b	a5f8c0f7aa9a420bd34be4011850f3d31be59c5b0560274bb5b29256ca77d1c2	9a6863200c2baa433f6c443747fb5f463466c2b172f4350866396cf7ca8306ba	RUTA_LOCAL+SHA256+ACTIVO+TAREA+CONTRATO+REPORTE
LED-T0-f7be3017d1c7c5580338f805	RUN-377a255de24ca946	377a255de24ca9465f073b024699b680655672bfc37ffd19f3bbb24a76790d62	TOBS-b0f821030205f5049a00ec29	TOBS-1142db8d86d9bab066807a0c	ACT-465d265a3e72cc757951b8dc	OBJ-1e9d1fcf18bd21aaddb024d8	enaproce2018/ejem_base_pyme_ciega_dta.zip	5530460e27b194817fa49c12bcb4129bbf78539f3d959ab740b575421ed56a9d	REUTILIZADA_PRE_T0_CORREGIDO	data/curacion-universo/reportes-inspeccion.tsv#reporte_id=RINS-cf3e737876d4b8c2969fd7cf	c65f22907207e5c6845b46695992e4a57df8d547e6cbbe42c1df2ba6857ab0e7	data/curacion-universo/contratos-inspeccion.jsonl#tarea_observacion_id=TOBS-1142db8d86d9bab066807a0c	9483a579614302c61562df3d0518eaacf905b5e23f99b0a34e426e63df7d3443	41ccad2406bcf9ee58736b126df5ce8e691bea6f5b9796445c0b6c17a5cb10eb	RUTA_LOCAL+SHA256+ACTIVO+TAREA+CONTRATO+REPORTE
LED-T0-f7d4a3fb3bc4ac90d76b9648	RUN-377a255de24ca946	377a255de24ca9465f073b024699b680655672bfc37ffd19f3bbb24a76790d62	TOBS-f690934b6a686e8229e4af2b	TOBS-df6c7aecb8d1b33f34644489	ACT-422b1e380655f64cd75fd94e	OBJ-2e239a6dd50ece4f70bb117d	conjunto_de_datos_enoe_2025_2t_csv.zip	9530a017e3defb0658418b73a47a6039eeb54abf11342fa10693374736515127	REUTILIZADA_PRE_T0_CORREGIDO	data/curacion-universo/reportes-inspeccion.tsv#reporte_id=RINS-2449e8dc056982809e99493e	5f2ec174d8f72876afaee111412f7f6754a8b59bbae68d6b24e98bcf25d14074	data/curacion-universo/contratos-inspeccion.jsonl#tarea_observacion_id=TOBS-df6c7aecb8d1b33f34644489	4db4816a5ea659a3e628c17f8c22e544b63b81661832cd0eade2df3b9c890494	d114b1ba0508b73cc3c9abe0033128b9a3002c06ce9b3ca4dbfc096d2b6466ce	RUTA_LOCAL+SHA256+ACTIVO+TAREA+CONTRATO+REPORTE
LED-T0-f7dfc6b1e895a6a6913a4336	RUN-377a255de24ca946	377a255de24ca9465f073b024699b680655672bfc37ffd19f3bbb24a76790d62	TOBS-1c2b605ec03008788b905935	TOBS-df6f5f8e0257c6535ce56502	ACT-982b0f8a33f57d4fd8b8d05d	OBJ-c3124cb36a23ebba6f3ad44f	encig2023/encig23_base_datos_sav.zip	b4e01a08e1f1f71333df5978210ddeada744ef80bb56c2b380a43c962b173e89	REUTILIZADA_PRE_T0_CORREGIDO	data/curacion-universo/reportes-inspeccion.tsv#reporte_id=RINS-db75884e32204bf934506dc8	3d905430d643b7badf55922922197157da1ffe88f050087591af05940f1b95ce	data/curacion-universo/contratos-inspeccion.jsonl#tarea_observacion_id=TOBS-df6f5f8e0257c6535ce56502	15d102bfc3e7997d0df1b8fb5bd283408526586e081394ca44156ebd550dcd74	4e8e022511a495d52dae00c431a11afe9ee482f36048d2734698563206d45ff4	RUTA_LOCAL+SHA256+ACTIVO+TAREA+CONTRATO+REPORTE
LED-T0-f7eb111dc3c19aabc261de66	RUN-377a255de24ca946	377a255de24ca9465f073b024699b680655672bfc37ffd19f3bbb24a76790d62	TOBS-e071619a2ab0176589b94362	TOBS-64f6ff10858ee402cef5b824	ACT-ee376ae487db8a0c918fe851	OBJ-3101d17804f9592fd81e5b4c	hogar_enadid23.pdf	8b046a68dc19e292522557e05d81952e8fb04c2d3a1375c93fa7192e857e3270	REUTILIZADA_PRE_T0_CORREGIDO	data/curacion-universo/reportes-inspeccion.tsv#reporte_id=RINS-3e0f7fce732a7e67764be203	f3d64a43d22eebe2b32e5de7844a6ca61be98ad2ef9b491f4ff370231a11afdc	data/curacion-universo/contratos-inspeccion.jsonl#tarea_observacion_id=TOBS-64f6ff10858ee402cef5b824	d417d5adf7f73690714e379f2ee0cfd0e7df079acb9b0e71c88147f33c706ace	b5739312c2890d7cbcf98c9ffad7870226aa3a7092f99158bb4a05d0d92ea024	RUTA_LOCAL+SHA256+ACTIVO+TAREA+CONTRATO+REPORTE
LED-T0-f84182f119ff782d128a5d5b	RUN-377a255de24ca946	377a255de24ca9465f073b024699b680655672bfc37ffd19f3bbb24a76790d62	TOBS-15f3a415cf50d8fd59bf7e16	TOBS-b906256abd4dc3c1e39ba36c	ACT-ce4b80208ea49f528cf5dd50	OBJ-15e7d9348c3542b09c283933	encig17_cuestionario.pdf	7a3e907097323dc3fe2850be0a7bea8aba836df0ab68deb78bffd56d2c2aae32	REUTILIZADA_PRE_T0_CORREGIDO	data/curacion-universo/reportes-inspeccion.tsv#reporte_id=RINS-0a962af264c659896f40c0d6	117d167172631f2ecc5c4494b4ebaa3f8a01a04bbcfefd5bf0e08fa50670e483	data/curacion-universo/contratos-inspeccion.jsonl#tarea_observacion_id=TOBS-b906256abd4dc3c1e39ba36c	3a2a2d9c33fbf9a1174cf9a95f7be4442d446558231815868427258da737084a	8134e65975a89ebab8f38b0195efb8abc6dbdeab8cfefb489013032428559854	RUTA_LOCAL+SHA256+ACTIVO+TAREA+CONTRATO+REPORTE
LED-T0-f97a41c7b96c1279012ecd34	RUN-377a255de24ca946	377a255de24ca9465f073b024699b680655672bfc37ffd19f3bbb24a76790d62	TOBS-b6bb370a56e574bfe819d43c	TOBS-7c6ba0c4010c7b066387f52c	ACT-f847c46ac251224b8c17401b	OBJ-81816e881f1e2c18577597d7	encig2019_csv.zip	61f49f6149729a7f22c4a64310dd894ec645ebe8b40110cac3fb32125a6ed979	REUTILIZADA_PRE_T0_CORREGIDO	data/curacion-universo/reportes-inspeccion.tsv#reporte_id=RINS-c08996e0066ae44f55c20cd7	06651e418c6153cb21e339b1d1897e50edb147c1dfc343bed1fbda0388a1af5b	data/curacion-universo/contratos-inspeccion.jsonl#tarea_observacion_id=TOBS-7c6ba0c4010c7b066387f52c	578ed7b148c285637fce6effd996fe2175678942c4616b5bf534eaeeffff4bf2	cfda57e3a4596125f9fc6b806366c6fe8078f50703dc0acead2cf8d3b65b77c2	RUTA_LOCAL+SHA256+ACTIVO+TAREA+CONTRATO+REPORTE
LED-T0-f9ab8648bdfcdf3c3ae74101	RUN-377a255de24ca946	377a255de24ca9465f073b024699b680655672bfc37ffd19f3bbb24a76790d62	TOBS-f3f11c8d2685e1cc7c91d4cc	TOBS-12e85606cfa3aa23e4b7edfd	ACT-45eacdccdedc6ec10b2b59ed	OBJ-1e3792ae719a9504fcf23ab7	ennvih/doc/ehh05cb_b2.pdf	729494859ce9e166f73f3d1d800ccc05f7d89bea1077d625d1670a64d1bdc272	REUTILIZADA_PRE_T0_CORREGIDO	data/curacion-universo/reportes-inspeccion.tsv#reporte_id=RINS-fab8d355ec0603ad5f5e9738	eb75442f4ae53581104ba8e660f5b8b54eab49c5547e8ebf22660072de12a178	data/curacion-universo/contratos-inspeccion.jsonl#tarea_observacion_id=TOBS-12e85606cfa3aa23e4b7edfd	ccc08d4f9e1ed3c4c760f1ab79beaa43579b43a6f946921df16a117210e6bc20	e1d7d1fb3fcfa95221c28b91dd402b9c57d387d396f001413f9ea47f98ebbf9d	RUTA_LOCAL+SHA256+ACTIVO+TAREA+CONTRATO+REPORTE
LED-T0-fafdb81d6073419daf6c6143	RUN-377a255de24ca946	377a255de24ca9465f073b024699b680655672bfc37ffd19f3bbb24a76790d62	TOBS-5ae0b7f3bbff108a6ebf656a	TOBS-1213c9b4c771d30844bb8d2b	ACT-93e5aeae5f8afea492eec60b	OBJ-b3502bccead813a10cefbb4c	Censo2020_cuest_ampliado.pdf	4a88b9b7a3e8c7dfae2804008ddb5082522a8f9e2bd63880fc34fdde1b972272	REUTILIZADA_PRE_T0_CORREGIDO	data/curacion-universo/reportes-inspeccion.tsv#reporte_id=RINS-08161b91faefbee3ff291f3e	f00e2ff87168f7dfb8c21628cfc737766eede37277a5c249048aed9395c2ef0a	data/curacion-universo/contratos-inspeccion.jsonl#tarea_observacion_id=TOBS-1213c9b4c771d30844bb8d2b	9c05f05b84402a6204f6eafa0705b7b63c63424f926b58b4c30398d9a247763e	776b7a80edddbaccafe1efeae85230f9d6f7568e79e6ffad39feb89e10d39f0f	RUTA_LOCAL+SHA256+ACTIVO+TAREA+CONTRATO+REPORTE
LED-T0-fb81fd1851130daa78f73d9c	RUN-377a255de24ca946	377a255de24ca9465f073b024699b680655672bfc37ffd19f3bbb24a76790d62	TOBS-73addf854f2ba20ec2e2341a	TOBS-f07750e0a17869c8a0bc5406	ACT-611faf950fe25dcf0fb6b8a6	OBJ-f961d9221b158495d46d11aa	encup_2008_cuestionario_pdf.pdf	df4337c8e95a3764b8c0c03a0c7dd6b91d97c30910a1042ec23a01749d3a5cbd	REUTILIZADA_PRE_T0_CORREGIDO	data/curacion-universo/reportes-inspeccion.tsv#reporte_id=RINS-d6460f59be2d141a4ceba3e5	02323903e31acef27284cc7341070148b662dc98aa009548c76bf0a6fcee63a4	data/curacion-universo/contratos-inspeccion.jsonl#tarea_observacion_id=TOBS-f07750e0a17869c8a0bc5406	710df7e67d3ab9fd830d5818612ce190d6ac841b1f9c3d9a7f9c51a8cfb6f52a	3f2269bd26aba8bfff298ed0e20f9e374503a823ed2db5eed1d6b5f0b35c4976	RUTA_LOCAL+SHA256+ACTIVO+TAREA+CONTRATO+REPORTE
LED-T0-fc418bf20dd6e15fb6329e1d	RUN-377a255de24ca946	377a255de24ca9465f073b024699b680655672bfc37ffd19f3bbb24a76790d62	TOBS-47c9fbf93df7bef24c80c77e	TOBS-a106a85e2e190afa59ec745a	ACT-e5ab7499bf68aaf7e1188421	OBJ-7277604e54647c1462f66fef	endireh2016/bd_mujeres_endireh2016_sitioinegi_csv.zip	02c06ab73a53942ddb575e3e35d8c1dd775406277b74e0605735e3eced4e6f10	REUTILIZADA_PRE_T0_CORREGIDO	data/curacion-universo/reportes-inspeccion.tsv#reporte_id=RINS-bffcb21132a5eb4f46e144f2	63f70ecf7e78f39d786ad7da6bb83a52734fdb02d033886a39dc3702f8ff0f4d	data/curacion-universo/contratos-inspeccion.jsonl#tarea_observacion_id=TOBS-a106a85e2e190afa59ec745a	7f0e4e6a3c359654b76fb60a94fcac6a2561f5fc2af3defad31c8b40d0e9ced4	5fd855788fcb1382d0b9ea9beeefeaf4cd983c7435e88c5c3d8c1fbf733692bf	RUTA_LOCAL+SHA256+ACTIVO+TAREA+CONTRATO+REPORTE
LED-T0-fe96add797e2cfb22b94c0b5	RUN-377a255de24ca946	377a255de24ca9465f073b024699b680655672bfc37ffd19f3bbb24a76790d62	TOBS-169aa1e7b0d7be9206ac841a	TOBS-b4ba19aa83f895a69c33078a	ACT-efe5fa386da3c45324ff07ee	OBJ-fbf7a67a977ec5aa392350da	endireh2016/bd_sd_endireh2016_sitioinegi_RData.zip	c01d8ba9c56a796d89ddc2950b6dae459bfc76f3a73da409cd73c2f90582e5d0	REUTILIZADA_PRE_T0_CORREGIDO	data/curacion-universo/reportes-inspeccion.tsv#reporte_id=RINS-f19a021b7b960ccb7b9fddaf	770a20ec250e09a9d7765bd362f10d1a03cc3adecbd1a8c3104683d4b2d06528	data/curacion-universo/contratos-inspeccion.jsonl#tarea_observacion_id=TOBS-b4ba19aa83f895a69c33078a	a6ddb16bb4319141a10e06842207c5311c7d5360b50c5abc9db63cd2bdb37953	42d671eaaa1910e0a80a0742d67b59661f5684bb91fef25ebbf28700cf23e7be	RUTA_LOCAL+SHA256+ACTIVO+TAREA+CONTRATO+REPORTE
LED-T0-ffe0a8b14e64d102604944d1	RUN-377a255de24ca946	377a255de24ca9465f073b024699b680655672bfc37ffd19f3bbb24a76790d62	TOBS-d3dbf5ee6062495a17a15659	TOBS-fc40f643fdd0abbb14bb0ca9	ACT-c0a15566540fa85e3f777599	OBJ-8cf330836cf5f10e3620b139	engasto2012/gasto_de_consumo_ajustado_constante_dta.zip	ce0e07931f965a48c42cd9f1ca9dd0a2d27fbfc7b8769c0f399156e95abc8b7c	REUTILIZADA_PRE_T0_CORREGIDO	data/curacion-universo/reportes-inspeccion.tsv#reporte_id=RINS-b157e18288cc357826e49d4c	05326f4f3ef6f5d1e3e0c73c6572be5e02091a3b2cb813e9778ef26da6f3cefa	data/curacion-universo/contratos-inspeccion.jsonl#tarea_observacion_id=TOBS-fc40f643fdd0abbb14bb0ca9	78ff02f67da81c48b2c55c983e724392d10942219102fa5bd428a4ee615fa331	03dfa47c62c3a22a65368c6b59c5b12a00a8e67b56e224082c3562a64b99db88	RUTA_LOCAL+SHA256+ACTIVO+TAREA+CONTRATO+REPORTE
